session_code,participant_id_in_session,participant_code,page_index,app_name,page_name,epoch_time_completed,round_number,timeout_happened,is_wait_page
h5lwkmcn,2,38jpfbvv,297,trader_bridge_app,TradePage,1778598471,33,1,0
h5lwkmcn,3,2i9y9i6a,297,trader_bridge_app,TradePage,1778598471,33,1,0
h5lwkmcn,4,al43ibns,297,trader_bridge_app,TradePage,1778598471,33,1,0
h5lwkmcn,6,mhzocirr,297,trader_bridge_app,TradePage,1778598472,33,1,0
h5lwkmcn,1,zt440sjs,299,trader_bridge_app,FinalizeTradingSession,1778598472,33,0,1
h5lwkmcn,2,38jpfbvv,299,trader_bridge_app,FinalizeTradingSession,1778598472,33,0,1
h5lwkmcn,3,2i9y9i6a,299,trader_bridge_app,FinalizeTradingSession,1778598472,33,0,1
h5lwkmcn,4,al43ibns,299,trader_bridge_app,FinalizeTradingSession,1778598472,33,0,1
h5lwkmcn,5,mctjutwf,299,trader_bridge_app,FinalizeTradingSession,1778598472,33,0,1
h5lwkmcn,6,mhzocirr,299,trader_bridge_app,FinalizeTradingSession,1778598472,33,0,1
h5lwkmcn,6,mhzocirr,300,trader_bridge_app,DayBreak,1778598499,33,1,0
h5lwkmcn,1,zt440sjs,300,trader_bridge_app,DayBreak,1778598511,33,1,0
h5lwkmcn,2,38jpfbvv,300,trader_bridge_app,DayBreak,1778598511,33,1,0
h5lwkmcn,3,2i9y9i6a,300,trader_bridge_app,DayBreak,1778598511,33,1,0
h5lwkmcn,4,al43ibns,300,trader_bridge_app,DayBreak,1778598511,33,1,0
h5lwkmcn,5,mctjutwf,300,trader_bridge_app,DayBreak,1778598511,33,1,0
ffe5xhmq,1,viseix7p,0,,InitializeParticipant,1778602748,1,0,0
ffe5xhmq,2,qhz5zte3,0,,InitializeParticipant,1778602748,1,0,0
ffe5xhmq,3,kmcc2p31,0,,InitializeParticipant,1778602748,1,0,0
ffe5xhmq,4,snooaw5j,0,,InitializeParticipant,1778602748,1,0,0
ffe5xhmq,5,twrkr7hz,0,,InitializeParticipant,1778602748,1,0,0
ffe5xhmq,6,hk3teh8u,0,,InitializeParticipant,1778602748,1,0,0
ffe5xhmq,7,6kvq85km,0,,InitializeParticipant,1778602748,1,0,0
ffe5xhmq,8,7dpcven3,0,,InitializeParticipant,1778602748,1,0,0
ffe5xhmq,9,2mz5up3e,0,,InitializeParticipant,1778602748,1,0,0
ffe5xhmq,10,keffe6of,0,,InitializeParticipant,1778602748,1,0,0
ffe5xhmq,11,quvmw080,0,,InitializeParticipant,1778602748,1,0,0
ffe5xhmq,12,zmzx9bpp,0,,InitializeParticipant,1778602748,1,0,0
ffe5xhmq,13,er9d8a5v,0,,InitializeParticipant,1778602748,1,0,0
ffe5xhmq,14,r2eorolq,0,,InitializeParticipant,1778602748,1,0,0
ffe5xhmq,1,viseix7p,1,intro,Consent,1778602758,1,0,0
ffe5xhmq,13,er9d8a5v,1,intro,Consent,1778602759,1,0,0
ffe5xhmq,2,qhz5zte3,1,intro,Consent,1778602759,1,0,0
ffe5xhmq,10,keffe6of,1,intro,Consent,1778602760,1,0,0
ffe5xhmq,7,6kvq85km,1,intro,Consent,1778602762,1,0,0
ffe5xhmq,13,er9d8a5v,2,intro,Instructions,1778602764,1,0,0
ffe5xhmq,4,snooaw5j,1,intro,Consent,1778602765,1,0,0
ffe5xhmq,7,6kvq85km,2,intro,Instructions,1778602766,1,0,0
ffe5xhmq,13,er9d8a5v,3,intro,InstructionsVideo,1778602767,1,0,0
ffe5xhmq,12,zmzx9bpp,1,intro,Consent,1778602767,1,0,0
ffe5xhmq,7,6kvq85km,3,intro,InstructionsVideo,1778602769,1,0,0
ffe5xhmq,12,zmzx9bpp,2,intro,Instructions,1778602770,1,0,0
ffe5xhmq,12,zmzx9bpp,3,intro,InstructionsVideo,1778602773,1,0,0
ffe5xhmq,10,keffe6of,2,intro,Instructions,1778602774,1,0,0
ffe5xhmq,4,snooaw5j,2,intro,Instructions,1778602775,1,0,0
ffe5xhmq,8,7dpcven3,1,intro,Consent,1778602777,1,0,0
ffe5xhmq,5,twrkr7hz,1,intro,Consent,1778602778,1,0,0
ffe5xhmq,4,snooaw5j,3,intro,InstructionsVideo,1778602778,1,0,0
ffe5xhmq,11,quvmw080,1,intro,Consent,1778602783,1,0,0
ffe5xhmq,14,r2eorolq,1,intro,Consent,1778602783,1,0,0
ffe5xhmq,3,kmcc2p31,1,intro,Consent,1778602786,1,0,0
ffe5xhmq,9,2mz5up3e,1,intro,Consent,1778602787,1,0,0
ffe5xhmq,11,quvmw080,2,intro,Instructions,1778602788,1,0,0
ffe5xhmq,11,quvmw080,3,intro,InstructionsVideo,1778602791,1,0,0
ffe5xhmq,14,r2eorolq,2,intro,Instructions,1778602792,1,0,0
ffe5xhmq,6,hk3teh8u,1,intro,Consent,1778602803,1,0,0
ffe5xhmq,14,r2eorolq,3,intro,InstructionsVideo,1778602804,1,0,0
ffe5xhmq,5,twrkr7hz,2,intro,Instructions,1778602811,1,0,0
ffe5xhmq,10,keffe6of,3,intro,InstructionsVideo,1778602811,1,0,0
ffe5xhmq,5,twrkr7hz,3,intro,InstructionsVideo,1778602813,1,0,0
ffe5xhmq,2,qhz5zte3,2,intro,Instructions,1778602817,1,0,0
ffe5xhmq,2,qhz5zte3,3,intro,InstructionsVideo,1778602819,1,0,0
ffe5xhmq,1,viseix7p,2,intro,Instructions,1778602820,1,0,0
ffe5xhmq,1,viseix7p,3,intro,InstructionsVideo,1778602822,1,0,0
ffe5xhmq,7,6kvq85km,4,intro,comprehensionQuestions,1778602832,1,0,0
ffe5xhmq,7,6kvq85km,5,intro,selfAssessment,1778602844,1,0,0
ffe5xhmq,13,er9d8a5v,4,intro,comprehensionQuestions,1778602847,1,0,0
ffe5xhmq,3,kmcc2p31,2,intro,Instructions,1778602848,1,0,0
ffe5xhmq,3,kmcc2p31,3,intro,InstructionsVideo,1778602854,1,0,0
ffe5xhmq,13,er9d8a5v,5,intro,selfAssessment,1778602857,1,0,0
ffe5xhmq,14,r2eorolq,4,intro,comprehensionQuestions,1778602870,1,0,0
ffe5xhmq,4,snooaw5j,4,intro,comprehensionQuestions,1778602877,1,0,0
ffe5xhmq,14,r2eorolq,5,intro,selfAssessment,1778602882,1,0,0
ffe5xhmq,13,er9d8a5v,6,trader_bridge_app,SyncTradingSession,1778602882,1,0,1
ffe5xhmq,14,r2eorolq,6,trader_bridge_app,SyncTradingSession,1778602882,1,0,1
ffe5xhmq,13,er9d8a5v,7,trader_bridge_app,ResumeTradingSession,1778602883,1,0,1
ffe5xhmq,14,r2eorolq,7,trader_bridge_app,ResumeTradingSession,1778602883,1,0,1
ffe5xhmq,9,2mz5up3e,2,intro,Instructions,1778602886,1,0,0
ffe5xhmq,4,snooaw5j,5,intro,selfAssessment,1778602888,1,0,0
ffe5xhmq,6,hk3teh8u,2,intro,Instructions,1778602888,1,0,0
ffe5xhmq,6,hk3teh8u,3,intro,InstructionsVideo,1778602896,1,0,0
ffe5xhmq,12,zmzx9bpp,4,intro,comprehensionQuestions,1778602897,1,0,0
ffe5xhmq,9,2mz5up3e,3,intro,InstructionsVideo,1778602903,1,0,0
ffe5xhmq,8,7dpcven3,2,intro,Instructions,1778602910,1,0,0
ffe5xhmq,12,zmzx9bpp,5,intro,selfAssessment,1778602911,1,0,0
ffe5xhmq,8,7dpcven3,3,intro,InstructionsVideo,1778602913,1,0,0
ffe5xhmq,14,r2eorolq,9,trader_bridge_app,TradePage,1778602944,1,0,0
ffe5xhmq,13,er9d8a5v,9,trader_bridge_app,TradePage,1778602944,1,0,0
ffe5xhmq,14,r2eorolq,10,trader_bridge_app,PauseTradingSession,1778602944,1,0,1
ffe5xhmq,13,er9d8a5v,10,trader_bridge_app,PauseTradingSession,1778602944,1,0,1
ffe5xhmq,1,viseix7p,4,intro,comprehensionQuestions,1778602950,1,0,0
ffe5xhmq,13,er9d8a5v,12,trader_bridge_app,DayBreak,1778602954,1,0,0
ffe5xhmq,10,keffe6of,4,intro,comprehensionQuestions,1778602955,1,0,0
ffe5xhmq,5,twrkr7hz,4,intro,comprehensionQuestions,1778602955,1,0,0
ffe5xhmq,14,r2eorolq,12,trader_bridge_app,DayBreak,1778602958,1,0,0
ffe5xhmq,13,er9d8a5v,16,trader_bridge_app,ResumeTradingSession,1778602958,2,0,1
ffe5xhmq,14,r2eorolq,16,trader_bridge_app,ResumeTradingSession,1778602958,2,0,1
ffe5xhmq,2,qhz5zte3,4,intro,comprehensionQuestions,1778602964,1,0,0
ffe5xhmq,11,quvmw080,4,intro,comprehensionQuestions,1778602973,1,0,0
ffe5xhmq,1,viseix7p,5,intro,selfAssessment,1778602974,1,0,0
ffe5xhmq,5,twrkr7hz,5,intro,selfAssessment,1778602975,1,0,0
ffe5xhmq,11,quvmw080,5,intro,selfAssessment,1778602980,1,0,0
ffe5xhmq,10,keffe6of,5,intro,selfAssessment,1778602980,1,0,0
ffe5xhmq,2,qhz5zte3,5,intro,selfAssessment,1778602982,1,0,0
ffe5xhmq,3,kmcc2p31,4,intro,comprehensionQuestions,1778602991,1,0,0
ffe5xhmq,3,kmcc2p31,5,intro,selfAssessment,1778603007,1,0,0
ffe5xhmq,14,r2eorolq,18,trader_bridge_app,TradePage,1778603019,2,0,0
ffe5xhmq,13,er9d8a5v,18,trader_bridge_app,TradePage,1778603019,2,0,0
ffe5xhmq,13,er9d8a5v,19,trader_bridge_app,PauseTradingSession,1778603019,2,0,1
ffe5xhmq,14,r2eorolq,19,trader_bridge_app,PauseTradingSession,1778603019,2,0,1
ffe5xhmq,14,r2eorolq,21,trader_bridge_app,DayBreak,1778603022,2,0,0
ffe5xhmq,13,er9d8a5v,21,trader_bridge_app,DayBreak,1778603027,2,0,0
ffe5xhmq,14,r2eorolq,25,trader_bridge_app,ResumeTradingSession,1778603027,3,0,1
ffe5xhmq,13,er9d8a5v,25,trader_bridge_app,ResumeTradingSession,1778603027,3,0,1
ffe5xhmq,6,hk3teh8u,4,intro,comprehensionQuestions,1778603039,1,0,0
ffe5xhmq,6,hk3teh8u,5,intro,selfAssessment,1778603045,1,0,0
ffe5xhmq,1,viseix7p,6,trader_bridge_app,SyncTradingSession,1778603045,1,0,1
ffe5xhmq,2,qhz5zte3,6,trader_bridge_app,SyncTradingSession,1778603045,1,0,1
ffe5xhmq,3,kmcc2p31,6,trader_bridge_app,SyncTradingSession,1778603045,1,0,1
ffe5xhmq,4,snooaw5j,6,trader_bridge_app,SyncTradingSession,1778603045,1,0,1
ffe5xhmq,5,twrkr7hz,6,trader_bridge_app,SyncTradingSession,1778603045,1,0,1
ffe5xhmq,6,hk3teh8u,6,trader_bridge_app,SyncTradingSession,1778603045,1,0,1
ffe5xhmq,1,viseix7p,7,trader_bridge_app,ResumeTradingSession,1778603045,1,0,1
ffe5xhmq,2,qhz5zte3,7,trader_bridge_app,ResumeTradingSession,1778603045,1,0,1
ffe5xhmq,3,kmcc2p31,7,trader_bridge_app,ResumeTradingSession,1778603045,1,0,1
ffe5xhmq,4,snooaw5j,7,trader_bridge_app,ResumeTradingSession,1778603045,1,0,1
ffe5xhmq,5,twrkr7hz,7,trader_bridge_app,ResumeTradingSession,1778603045,1,0,1
ffe5xhmq,6,hk3teh8u,7,trader_bridge_app,ResumeTradingSession,1778603045,1,0,1
ffe5xhmq,13,er9d8a5v,27,trader_bridge_app,TradePage,1778603088,3,0,0
ffe5xhmq,14,r2eorolq,27,trader_bridge_app,TradePage,1778603088,3,0,0
ffe5xhmq,13,er9d8a5v,29,trader_bridge_app,FinalizeTradingSession,1778603088,3,0,1
ffe5xhmq,14,r2eorolq,29,trader_bridge_app,FinalizeTradingSession,1778603088,3,0,1
ffe5xhmq,9,2mz5up3e,4,intro,comprehensionQuestions,1778603088,1,0,0
ffe5xhmq,13,er9d8a5v,30,trader_bridge_app,DayBreak,1778603093,3,0,0
ffe5xhmq,14,r2eorolq,30,trader_bridge_app,DayBreak,1778603094,3,0,0
ffe5xhmq,14,r2eorolq,32,trader_bridge_app,MarketTransition,1778603102,3,0,0
ffe5xhmq,2,qhz5zte3,9,trader_bridge_app,TradePage,1778603106,1,0,0
ffe5xhmq,1,viseix7p,9,trader_bridge_app,TradePage,1778603107,1,0,0
ffe5xhmq,5,twrkr7hz,9,trader_bridge_app,TradePage,1778603107,1,0,0
ffe5xhmq,4,snooaw5j,9,trader_bridge_app,TradePage,1778603107,1,0,0
ffe5xhmq,6,hk3teh8u,9,trader_bridge_app,TradePage,1778603107,1,0,0
ffe5xhmq,3,kmcc2p31,9,trader_bridge_app,TradePage,1778603107,1,0,0
ffe5xhmq,2,qhz5zte3,10,trader_bridge_app,PauseTradingSession,1778603107,1,0,1
ffe5xhmq,3,kmcc2p31,10,trader_bridge_app,PauseTradingSession,1778603107,1,0,1
ffe5xhmq,1,viseix7p,10,trader_bridge_app,PauseTradingSession,1778603107,1,0,1
ffe5xhmq,4,snooaw5j,10,trader_bridge_app,PauseTradingSession,1778603107,1,0,1
ffe5xhmq,5,twrkr7hz,10,trader_bridge_app,PauseTradingSession,1778603107,1,0,1
ffe5xhmq,6,hk3teh8u,10,trader_bridge_app,PauseTradingSession,1778603107,1,0,1
ffe5xhmq,13,er9d8a5v,32,trader_bridge_app,MarketTransition,1778603108,3,0,0
ffe5xhmq,13,er9d8a5v,33,trader_bridge_app,SyncTradingSession,1778603108,4,0,1
ffe5xhmq,14,r2eorolq,33,trader_bridge_app,SyncTradingSession,1778603108,4,0,1
ffe5xhmq,13,er9d8a5v,34,trader_bridge_app,ResumeTradingSession,1778603108,4,0,1
ffe5xhmq,14,r2eorolq,34,trader_bridge_app,ResumeTradingSession,1778603108,4,0,1
ffe5xhmq,2,qhz5zte3,12,trader_bridge_app,DayBreak,1778603116,1,0,0
ffe5xhmq,1,viseix7p,12,trader_bridge_app,DayBreak,1778603118,1,0,0
ffe5xhmq,5,twrkr7hz,12,trader_bridge_app,DayBreak,1778603121,1,0,0
ffe5xhmq,9,2mz5up3e,5,intro,selfAssessment,1778603124,1,0,0
ffe5xhmq,3,kmcc2p31,12,trader_bridge_app,DayBreak,1778603128,1,1,0
ffe5xhmq,4,snooaw5j,12,trader_bridge_app,DayBreak,1778603128,1,1,0
ffe5xhmq,6,hk3teh8u,12,trader_bridge_app,DayBreak,1778603128,1,1,0
ffe5xhmq,1,viseix7p,16,trader_bridge_app,ResumeTradingSession,1778603128,2,0,1
ffe5xhmq,2,qhz5zte3,16,trader_bridge_app,ResumeTradingSession,1778603128,2,0,1
ffe5xhmq,3,kmcc2p31,16,trader_bridge_app,ResumeTradingSession,1778603128,2,0,1
ffe5xhmq,4,snooaw5j,16,trader_bridge_app,ResumeTradingSession,1778603128,2,0,1
ffe5xhmq,5,twrkr7hz,16,trader_bridge_app,ResumeTradingSession,1778603128,2,0,1
ffe5xhmq,6,hk3teh8u,16,trader_bridge_app,ResumeTradingSession,1778603128,2,0,1
ffe5xhmq,8,7dpcven3,4,intro,comprehensionQuestions,1778603139,1,0,0
ffe5xhmq,8,7dpcven3,5,intro,selfAssessment,1778603154,1,0,0
ffe5xhmq,7,6kvq85km,6,trader_bridge_app,SyncTradingSession,1778603155,1,0,1
ffe5xhmq,8,7dpcven3,6,trader_bridge_app,SyncTradingSession,1778603155,1,0,1
ffe5xhmq,9,2mz5up3e,6,trader_bridge_app,SyncTradingSession,1778603155,1,0,1
ffe5xhmq,10,keffe6of,6,trader_bridge_app,SyncTradingSession,1778603155,1,0,1
ffe5xhmq,11,quvmw080,6,trader_bridge_app,SyncTradingSession,1778603155,1,0,1
ffe5xhmq,12,zmzx9bpp,6,trader_bridge_app,SyncTradingSession,1778603155,1,0,1
ffe5xhmq,7,6kvq85km,7,trader_bridge_app,ResumeTradingSession,1778603155,1,0,1
ffe5xhmq,8,7dpcven3,7,trader_bridge_app,ResumeTradingSession,1778603155,1,0,1
ffe5xhmq,9,2mz5up3e,7,trader_bridge_app,ResumeTradingSession,1778603155,1,0,1
ffe5xhmq,10,keffe6of,7,trader_bridge_app,ResumeTradingSession,1778603155,1,0,1
ffe5xhmq,11,quvmw080,7,trader_bridge_app,ResumeTradingSession,1778603155,1,0,1
ffe5xhmq,12,zmzx9bpp,7,trader_bridge_app,ResumeTradingSession,1778603155,1,0,1
ffe5xhmq,14,r2eorolq,36,trader_bridge_app,TradePage,1778603169,4,0,0
ffe5xhmq,13,er9d8a5v,36,trader_bridge_app,TradePage,1778603169,4,0,0
ffe5xhmq,13,er9d8a5v,37,trader_bridge_app,PauseTradingSession,1778603169,4,0,1
ffe5xhmq,14,r2eorolq,37,trader_bridge_app,PauseTradingSession,1778603169,4,0,1
ffe5xhmq,14,r2eorolq,39,trader_bridge_app,DayBreak,1778603173,4,0,0
ffe5xhmq,13,er9d8a5v,39,trader_bridge_app,DayBreak,1778603174,4,0,0
ffe5xhmq,13,er9d8a5v,43,trader_bridge_app,ResumeTradingSession,1778603174,5,0,1
ffe5xhmq,14,r2eorolq,43,trader_bridge_app,ResumeTradingSession,1778603174,5,0,1
ffe5xhmq,4,snooaw5j,18,trader_bridge_app,TradePage,1778603189,2,0,0
ffe5xhmq,6,hk3teh8u,18,trader_bridge_app,TradePage,1778603189,2,0,0
ffe5xhmq,1,viseix7p,18,trader_bridge_app,TradePage,1778603189,2,0,0
ffe5xhmq,5,twrkr7hz,18,trader_bridge_app,TradePage,1778603189,2,0,0
ffe5xhmq,2,qhz5zte3,18,trader_bridge_app,TradePage,1778603189,2,0,0
ffe5xhmq,3,kmcc2p31,18,trader_bridge_app,TradePage,1778603189,2,0,0
ffe5xhmq,5,twrkr7hz,19,trader_bridge_app,PauseTradingSession,1778603189,2,0,1
ffe5xhmq,6,hk3teh8u,19,trader_bridge_app,PauseTradingSession,1778603189,2,0,1
ffe5xhmq,1,viseix7p,19,trader_bridge_app,PauseTradingSession,1778603189,2,0,1
ffe5xhmq,2,qhz5zte3,19,trader_bridge_app,PauseTradingSession,1778603189,2,0,1
ffe5xhmq,3,kmcc2p31,19,trader_bridge_app,PauseTradingSession,1778603189,2,0,1
ffe5xhmq,4,snooaw5j,19,trader_bridge_app,PauseTradingSession,1778603189,2,0,1
ffe5xhmq,2,qhz5zte3,21,trader_bridge_app,DayBreak,1778603196,2,0,0
ffe5xhmq,1,viseix7p,21,trader_bridge_app,DayBreak,1778603197,2,0,0
ffe5xhmq,3,kmcc2p31,21,trader_bridge_app,DayBreak,1778603198,2,0,0
ffe5xhmq,6,hk3teh8u,21,trader_bridge_app,DayBreak,1778603203,2,0,0
ffe5xhmq,4,snooaw5j,21,trader_bridge_app,DayBreak,1778603203,2,0,0
ffe5xhmq,5,twrkr7hz,21,trader_bridge_app,DayBreak,1778603210,2,1,0
ffe5xhmq,1,viseix7p,25,trader_bridge_app,ResumeTradingSession,1778603210,3,0,1
ffe5xhmq,2,qhz5zte3,25,trader_bridge_app,ResumeTradingSession,1778603210,3,0,1
ffe5xhmq,3,kmcc2p31,25,trader_bridge_app,ResumeTradingSession,1778603210,3,0,1
ffe5xhmq,4,snooaw5j,25,trader_bridge_app,ResumeTradingSession,1778603210,3,0,1
ffe5xhmq,5,twrkr7hz,25,trader_bridge_app,ResumeTradingSession,1778603210,3,0,1
ffe5xhmq,6,hk3teh8u,25,trader_bridge_app,ResumeTradingSession,1778603210,3,0,1
ffe5xhmq,11,quvmw080,9,trader_bridge_app,TradePage,1778603216,1,0,0
ffe5xhmq,12,zmzx9bpp,9,trader_bridge_app,TradePage,1778603216,1,0,0
ffe5xhmq,10,keffe6of,9,trader_bridge_app,TradePage,1778603216,1,0,0
ffe5xhmq,7,6kvq85km,9,trader_bridge_app,TradePage,1778603216,1,0,0
ffe5xhmq,8,7dpcven3,9,trader_bridge_app,TradePage,1778603216,1,0,0
ffe5xhmq,9,2mz5up3e,9,trader_bridge_app,TradePage,1778603217,1,0,0
ffe5xhmq,11,quvmw080,10,trader_bridge_app,PauseTradingSession,1778603217,1,0,1
ffe5xhmq,12,zmzx9bpp,10,trader_bridge_app,PauseTradingSession,1778603217,1,0,1
ffe5xhmq,7,6kvq85km,10,trader_bridge_app,PauseTradingSession,1778603217,1,0,1
ffe5xhmq,8,7dpcven3,10,trader_bridge_app,PauseTradingSession,1778603217,1,0,1
ffe5xhmq,9,2mz5up3e,10,trader_bridge_app,PauseTradingSession,1778603217,1,0,1
ffe5xhmq,10,keffe6of,10,trader_bridge_app,PauseTradingSession,1778603217,1,0,1
ffe5xhmq,11,quvmw080,12,trader_bridge_app,DayBreak,1778603227,1,0,0
ffe5xhmq,10,keffe6of,12,trader_bridge_app,DayBreak,1778603228,1,0,0
ffe5xhmq,13,er9d8a5v,45,trader_bridge_app,TradePage,1778603235,5,0,0
ffe5xhmq,14,r2eorolq,45,trader_bridge_app,TradePage,1778603235,5,0,0
ffe5xhmq,13,er9d8a5v,46,trader_bridge_app,PauseTradingSession,1778603235,5,0,1
ffe5xhmq,14,r2eorolq,46,trader_bridge_app,PauseTradingSession,1778603235,5,0,1
ffe5xhmq,7,6kvq85km,12,trader_bridge_app,DayBreak,1778603237,1,0,0
ffe5xhmq,8,7dpcven3,12,trader_bridge_app,DayBreak,1778603237,1,1,0
ffe5xhmq,9,2mz5up3e,12,trader_bridge_app,DayBreak,1778603237,1,1,0
ffe5xhmq,13,er9d8a5v,48,trader_bridge_app,DayBreak,1778603237,5,0,0
ffe5xhmq,12,zmzx9bpp,12,trader_bridge_app,DayBreak,1778603237,1,1,0
ffe5xhmq,12,zmzx9bpp,16,trader_bridge_app,ResumeTradingSession,1778603238,2,0,1
ffe5xhmq,5,twrkr7hz,27,trader_bridge_app,TradePage,1778603271,3,0,0
ffe5xhmq,7,6kvq85km,16,trader_bridge_app,ResumeTradingSession,1778603238,2,0,1
ffe5xhmq,8,7dpcven3,16,trader_bridge_app,ResumeTradingSession,1778603238,2,0,1
ffe5xhmq,9,2mz5up3e,16,trader_bridge_app,ResumeTradingSession,1778603238,2,0,1
ffe5xhmq,10,keffe6of,16,trader_bridge_app,ResumeTradingSession,1778603238,2,0,1
ffe5xhmq,11,quvmw080,16,trader_bridge_app,ResumeTradingSession,1778603238,2,0,1
ffe5xhmq,14,r2eorolq,48,trader_bridge_app,DayBreak,1778603248,5,0,0
ffe5xhmq,14,r2eorolq,52,trader_bridge_app,ResumeTradingSession,1778603248,6,0,1
ffe5xhmq,13,er9d8a5v,52,trader_bridge_app,ResumeTradingSession,1778603248,6,0,1
ffe5xhmq,2,qhz5zte3,27,trader_bridge_app,TradePage,1778603271,3,0,0
ffe5xhmq,3,kmcc2p31,27,trader_bridge_app,TradePage,1778603271,3,0,0
ffe5xhmq,1,viseix7p,29,trader_bridge_app,FinalizeTradingSession,1778603271,3,0,1
ffe5xhmq,2,qhz5zte3,29,trader_bridge_app,FinalizeTradingSession,1778603271,3,0,1
ffe5xhmq,3,kmcc2p31,29,trader_bridge_app,FinalizeTradingSession,1778603271,3,0,1
ffe5xhmq,4,snooaw5j,29,trader_bridge_app,FinalizeTradingSession,1778603271,3,0,1
ffe5xhmq,5,twrkr7hz,29,trader_bridge_app,FinalizeTradingSession,1778603271,3,0,1
ffe5xhmq,6,hk3teh8u,29,trader_bridge_app,FinalizeTradingSession,1778603271,3,0,1
ffe5xhmq,1,viseix7p,30,trader_bridge_app,DayBreak,1778603278,3,0,0
ffe5xhmq,10,keffe6of,18,trader_bridge_app,TradePage,1778603298,2,0,0
ffe5xhmq,12,zmzx9bpp,18,trader_bridge_app,TradePage,1778603298,2,0,0
ffe5xhmq,7,6kvq85km,18,trader_bridge_app,TradePage,1778603298,2,0,0
ffe5xhmq,3,kmcc2p31,32,trader_bridge_app,MarketTransition,1778603299,3,0,0
ffe5xhmq,13,er9d8a5v,55,trader_bridge_app,PauseTradingSession,1778603309,6,0,1
ffe5xhmq,14,r2eorolq,55,trader_bridge_app,PauseTradingSession,1778603309,6,0,1
ffe5xhmq,12,zmzx9bpp,21,trader_bridge_app,DayBreak,1778603310,2,0,0
ffe5xhmq,6,hk3teh8u,34,trader_bridge_app,ResumeTradingSession,1778603322,4,0,1
ffe5xhmq,1,viseix7p,34,trader_bridge_app,ResumeTradingSession,1778603322,4,0,1
ffe5xhmq,2,qhz5zte3,34,trader_bridge_app,ResumeTradingSession,1778603322,4,0,1
ffe5xhmq,3,kmcc2p31,34,trader_bridge_app,ResumeTradingSession,1778603322,4,0,1
ffe5xhmq,4,snooaw5j,34,trader_bridge_app,ResumeTradingSession,1778603322,4,0,1
ffe5xhmq,5,twrkr7hz,34,trader_bridge_app,ResumeTradingSession,1778603322,4,0,1
ffe5xhmq,14,r2eorolq,57,trader_bridge_app,DayBreak,1778603329,6,1,0
ffe5xhmq,6,hk3teh8u,36,trader_bridge_app,TradePage,1778603383,4,0,0
ffe5xhmq,4,snooaw5j,27,trader_bridge_app,TradePage,1778603271,3,0,0
ffe5xhmq,6,hk3teh8u,27,trader_bridge_app,TradePage,1778603271,3,0,0
ffe5xhmq,1,viseix7p,27,trader_bridge_app,TradePage,1778603271,3,0,0
ffe5xhmq,5,twrkr7hz,29,trader_bridge_app,FinalizeTradingSession,1778603271,3,0,1
ffe5xhmq,1,viseix7p,29,trader_bridge_app,FinalizeTradingSession,1778603271,3,0,1
ffe5xhmq,2,qhz5zte3,29,trader_bridge_app,FinalizeTradingSession,1778603271,3,0,1
ffe5xhmq,3,kmcc2p31,29,trader_bridge_app,FinalizeTradingSession,1778603271,3,0,1
ffe5xhmq,4,snooaw5j,29,trader_bridge_app,FinalizeTradingSession,1778603271,3,0,1
ffe5xhmq,6,hk3teh8u,29,trader_bridge_app,FinalizeTradingSession,1778603271,3,0,1
ffe5xhmq,2,qhz5zte3,30,trader_bridge_app,DayBreak,1778603279,3,0,0
ffe5xhmq,6,hk3teh8u,30,trader_bridge_app,DayBreak,1778603283,3,0,0
ffe5xhmq,1,viseix7p,32,trader_bridge_app,MarketTransition,1778603286,3,0,0
ffe5xhmq,4,snooaw5j,30,trader_bridge_app,DayBreak,1778603289,3,0,0
ffe5xhmq,2,qhz5zte3,32,trader_bridge_app,MarketTransition,1778603289,3,0,0
ffe5xhmq,3,kmcc2p31,30,trader_bridge_app,DayBreak,1778603291,3,1,0
ffe5xhmq,5,twrkr7hz,30,trader_bridge_app,DayBreak,1778603292,3,1,0
ffe5xhmq,6,hk3teh8u,32,trader_bridge_app,MarketTransition,1778603294,3,0,0
ffe5xhmq,9,2mz5up3e,18,trader_bridge_app,TradePage,1778603298,2,0,0
ffe5xhmq,11,quvmw080,18,trader_bridge_app,TradePage,1778603298,2,0,0
ffe5xhmq,8,7dpcven3,18,trader_bridge_app,TradePage,1778603299,2,0,0
ffe5xhmq,7,6kvq85km,19,trader_bridge_app,PauseTradingSession,1778603299,2,0,1
ffe5xhmq,8,7dpcven3,19,trader_bridge_app,PauseTradingSession,1778603299,2,0,1
ffe5xhmq,9,2mz5up3e,19,trader_bridge_app,PauseTradingSession,1778603299,2,0,1
ffe5xhmq,10,keffe6of,19,trader_bridge_app,PauseTradingSession,1778603299,2,0,1
ffe5xhmq,11,quvmw080,19,trader_bridge_app,PauseTradingSession,1778603299,2,0,1
ffe5xhmq,12,zmzx9bpp,19,trader_bridge_app,PauseTradingSession,1778603299,2,0,1
ffe5xhmq,5,twrkr7hz,32,trader_bridge_app,MarketTransition,1778603300,3,0,0
ffe5xhmq,11,quvmw080,21,trader_bridge_app,DayBreak,1778603307,2,0,0
ffe5xhmq,14,r2eorolq,54,trader_bridge_app,TradePage,1778603309,6,0,0
ffe5xhmq,13,er9d8a5v,54,trader_bridge_app,TradePage,1778603309,6,0,0
ffe5xhmq,4,snooaw5j,32,trader_bridge_app,MarketTransition,1778603311,3,0,0
ffe5xhmq,6,hk3teh8u,33,trader_bridge_app,SyncTradingSession,1778603311,4,0,1
ffe5xhmq,1,viseix7p,33,trader_bridge_app,SyncTradingSession,1778603311,4,0,1
ffe5xhmq,2,qhz5zte3,33,trader_bridge_app,SyncTradingSession,1778603311,4,0,1
ffe5xhmq,3,kmcc2p31,33,trader_bridge_app,SyncTradingSession,1778603311,4,0,1
ffe5xhmq,4,snooaw5j,33,trader_bridge_app,SyncTradingSession,1778603311,4,0,1
ffe5xhmq,5,twrkr7hz,33,trader_bridge_app,SyncTradingSession,1778603311,4,0,1
ffe5xhmq,7,6kvq85km,21,trader_bridge_app,DayBreak,1778603312,2,0,0
ffe5xhmq,10,keffe6of,21,trader_bridge_app,DayBreak,1778603313,2,0,0
ffe5xhmq,8,7dpcven3,21,trader_bridge_app,DayBreak,1778603319,2,1,0
ffe5xhmq,13,er9d8a5v,57,trader_bridge_app,DayBreak,1778603321,6,0,0
ffe5xhmq,13,er9d8a5v,61,trader_bridge_app,ResumeTradingSession,1778603330,7,0,1
ffe5xhmq,14,r2eorolq,61,trader_bridge_app,ResumeTradingSession,1778603330,7,0,1
ffe5xhmq,9,2mz5up3e,21,trader_bridge_app,DayBreak,1778603337,2,1,0
ffe5xhmq,7,6kvq85km,25,trader_bridge_app,ResumeTradingSession,1778603337,3,0,1
ffe5xhmq,8,7dpcven3,25,trader_bridge_app,ResumeTradingSession,1778603337,3,0,1
ffe5xhmq,9,2mz5up3e,25,trader_bridge_app,ResumeTradingSession,1778603337,3,0,1
ffe5xhmq,10,keffe6of,25,trader_bridge_app,ResumeTradingSession,1778603337,3,0,1
ffe5xhmq,11,quvmw080,25,trader_bridge_app,ResumeTradingSession,1778603337,3,0,1
ffe5xhmq,12,zmzx9bpp,25,trader_bridge_app,ResumeTradingSession,1778603337,3,0,1
ffe5xhmq,13,er9d8a5v,64,trader_bridge_app,PauseTradingSession,1778603390,7,0,1
ffe5xhmq,14,r2eorolq,64,trader_bridge_app,PauseTradingSession,1778603390,7,0,1
ffe5xhmq,5,twrkr7hz,36,trader_bridge_app,TradePage,1778603394,4,0,0
ffe5xhmq,1,viseix7p,37,trader_bridge_app,PauseTradingSession,1778603394,4,0,1
ffe5xhmq,2,qhz5zte3,37,trader_bridge_app,PauseTradingSession,1778603394,4,0,1
ffe5xhmq,3,kmcc2p31,37,trader_bridge_app,PauseTradingSession,1778603394,4,0,1
ffe5xhmq,5,twrkr7hz,37,trader_bridge_app,PauseTradingSession,1778603394,4,0,1
ffe5xhmq,6,hk3teh8u,37,trader_bridge_app,PauseTradingSession,1778603394,4,0,1
ffe5xhmq,4,snooaw5j,37,trader_bridge_app,PauseTradingSession,1778603394,4,0,1
ffe5xhmq,13,er9d8a5v,66,trader_bridge_app,DayBreak,1778603394,7,0,0
ffe5xhmq,8,7dpcven3,27,trader_bridge_app,TradePage,1778603398,3,0,0
ffe5xhmq,11,quvmw080,27,trader_bridge_app,TradePage,1778603398,3,0,0
ffe5xhmq,5,twrkr7hz,39,trader_bridge_app,DayBreak,1778603401,4,0,0
ffe5xhmq,13,er9d8a5v,70,trader_bridge_app,ResumeTradingSession,1778603405,8,0,1
ffe5xhmq,14,r2eorolq,70,trader_bridge_app,ResumeTradingSession,1778603405,8,0,1
ffe5xhmq,10,keffe6of,27,trader_bridge_app,TradePage,1778603409,3,0,0
ffe5xhmq,8,7dpcven3,29,trader_bridge_app,FinalizeTradingSession,1778603410,3,0,1
ffe5xhmq,9,2mz5up3e,29,trader_bridge_app,FinalizeTradingSession,1778603410,3,0,1
ffe5xhmq,10,keffe6of,29,trader_bridge_app,FinalizeTradingSession,1778603410,3,0,1
ffe5xhmq,11,quvmw080,29,trader_bridge_app,FinalizeTradingSession,1778603410,3,0,1
ffe5xhmq,12,zmzx9bpp,29,trader_bridge_app,FinalizeTradingSession,1778603410,3,0,1
ffe5xhmq,7,6kvq85km,29,trader_bridge_app,FinalizeTradingSession,1778603410,3,0,1
ffe5xhmq,10,keffe6of,30,trader_bridge_app,DayBreak,1778603413,3,0,0
ffe5xhmq,6,hk3teh8u,39,trader_bridge_app,DayBreak,1778603417,4,0,0
ffe5xhmq,2,qhz5zte3,43,trader_bridge_app,ResumeTradingSession,1778603417,5,0,1
ffe5xhmq,1,viseix7p,43,trader_bridge_app,ResumeTradingSession,1778603417,5,0,1
ffe5xhmq,3,kmcc2p31,43,trader_bridge_app,ResumeTradingSession,1778603417,5,0,1
ffe5xhmq,4,snooaw5j,43,trader_bridge_app,ResumeTradingSession,1778603417,5,0,1
ffe5xhmq,5,twrkr7hz,43,trader_bridge_app,ResumeTradingSession,1778603417,5,0,1
ffe5xhmq,6,hk3teh8u,43,trader_bridge_app,ResumeTradingSession,1778603417,5,0,1
ffe5xhmq,10,keffe6of,32,trader_bridge_app,MarketTransition,1778603419,3,0,0
ffe5xhmq,9,2mz5up3e,30,trader_bridge_app,DayBreak,1778603422,3,0,0
ffe5xhmq,11,quvmw080,30,trader_bridge_app,DayBreak,1778603423,3,0,0
ffe5xhmq,9,2mz5up3e,32,trader_bridge_app,MarketTransition,1778603428,3,0,0
ffe5xhmq,11,quvmw080,32,trader_bridge_app,MarketTransition,1778603431,3,0,0
ffe5xhmq,12,zmzx9bpp,32,trader_bridge_app,MarketTransition,1778603434,3,0,0
ffe5xhmq,8,7dpcven3,32,trader_bridge_app,MarketTransition,1778603449,3,0,0
ffe5xhmq,7,6kvq85km,34,trader_bridge_app,ResumeTradingSession,1778603461,4,0,1
ffe5xhmq,8,7dpcven3,34,trader_bridge_app,ResumeTradingSession,1778603461,4,0,1
ffe5xhmq,9,2mz5up3e,34,trader_bridge_app,ResumeTradingSession,1778603461,4,0,1
ffe5xhmq,10,keffe6of,34,trader_bridge_app,ResumeTradingSession,1778603461,4,0,1
ffe5xhmq,11,quvmw080,34,trader_bridge_app,ResumeTradingSession,1778603461,4,0,1
ffe5xhmq,12,zmzx9bpp,34,trader_bridge_app,ResumeTradingSession,1778603461,4,0,1
ffe5xhmq,6,hk3teh8u,45,trader_bridge_app,TradePage,1778603477,5,0,0
ffe5xhmq,5,twrkr7hz,45,trader_bridge_app,TradePage,1778603477,5,0,0
ffe5xhmq,13,er9d8a5v,72,trader_bridge_app,TradePage,1778603485,8,1,0
ffe5xhmq,13,er9d8a5v,73,trader_bridge_app,PauseTradingSession,1778603485,8,0,1
ffe5xhmq,14,r2eorolq,73,trader_bridge_app,PauseTradingSession,1778603485,8,0,1
ffe5xhmq,4,snooaw5j,45,trader_bridge_app,TradePage,1778603488,5,0,0
ffe5xhmq,2,qhz5zte3,45,trader_bridge_app,TradePage,1778603488,5,0,0
ffe5xhmq,1,viseix7p,46,trader_bridge_app,PauseTradingSession,1778603488,5,0,1
ffe5xhmq,2,qhz5zte3,46,trader_bridge_app,PauseTradingSession,1778603488,5,0,1
ffe5xhmq,1,viseix7p,36,trader_bridge_app,TradePage,1778603383,4,0,0
ffe5xhmq,3,kmcc2p31,36,trader_bridge_app,TradePage,1778603383,4,0,0
ffe5xhmq,14,r2eorolq,63,trader_bridge_app,TradePage,1778603390,7,0,0
ffe5xhmq,13,er9d8a5v,63,trader_bridge_app,TradePage,1778603390,7,0,0
ffe5xhmq,13,er9d8a5v,64,trader_bridge_app,PauseTradingSession,1778603391,7,0,1
ffe5xhmq,14,r2eorolq,64,trader_bridge_app,PauseTradingSession,1778603391,7,0,1
ffe5xhmq,4,snooaw5j,36,trader_bridge_app,TradePage,1778603394,4,0,0
ffe5xhmq,2,qhz5zte3,36,trader_bridge_app,TradePage,1778603394,4,0,0
ffe5xhmq,1,viseix7p,37,trader_bridge_app,PauseTradingSession,1778603394,4,0,1
ffe5xhmq,2,qhz5zte3,37,trader_bridge_app,PauseTradingSession,1778603394,4,0,1
ffe5xhmq,3,kmcc2p31,37,trader_bridge_app,PauseTradingSession,1778603394,4,0,1
ffe5xhmq,4,snooaw5j,37,trader_bridge_app,PauseTradingSession,1778603394,4,0,1
ffe5xhmq,5,twrkr7hz,37,trader_bridge_app,PauseTradingSession,1778603394,4,0,1
ffe5xhmq,6,hk3teh8u,37,trader_bridge_app,PauseTradingSession,1778603394,4,0,1
ffe5xhmq,9,2mz5up3e,27,trader_bridge_app,TradePage,1778603397,3,0,0
ffe5xhmq,7,6kvq85km,27,trader_bridge_app,TradePage,1778603398,3,0,0
ffe5xhmq,2,qhz5zte3,39,trader_bridge_app,DayBreak,1778603399,4,0,0
ffe5xhmq,1,viseix7p,39,trader_bridge_app,DayBreak,1778603400,4,0,0
ffe5xhmq,14,r2eorolq,66,trader_bridge_app,DayBreak,1778603405,7,0,0
ffe5xhmq,3,kmcc2p31,39,trader_bridge_app,DayBreak,1778603406,4,0,0
ffe5xhmq,4,snooaw5j,39,trader_bridge_app,DayBreak,1778603406,4,0,0
ffe5xhmq,12,zmzx9bpp,27,trader_bridge_app,TradePage,1778603409,3,0,0
ffe5xhmq,8,7dpcven3,29,trader_bridge_app,FinalizeTradingSession,1778603409,3,0,1
ffe5xhmq,9,2mz5up3e,29,trader_bridge_app,FinalizeTradingSession,1778603409,3,0,1
ffe5xhmq,10,keffe6of,29,trader_bridge_app,FinalizeTradingSession,1778603409,3,0,1
ffe5xhmq,11,quvmw080,29,trader_bridge_app,FinalizeTradingSession,1778603409,3,0,1
ffe5xhmq,12,zmzx9bpp,29,trader_bridge_app,FinalizeTradingSession,1778603409,3,0,1
ffe5xhmq,7,6kvq85km,29,trader_bridge_app,FinalizeTradingSession,1778603409,3,0,1
ffe5xhmq,12,zmzx9bpp,30,trader_bridge_app,DayBreak,1778603427,3,0,0
ffe5xhmq,8,7dpcven3,30,trader_bridge_app,DayBreak,1778603430,3,1,0
ffe5xhmq,7,6kvq85km,30,trader_bridge_app,DayBreak,1778603430,3,1,0
ffe5xhmq,7,6kvq85km,32,trader_bridge_app,MarketTransition,1778603442,3,0,0
ffe5xhmq,7,6kvq85km,33,trader_bridge_app,SyncTradingSession,1778603450,4,0,1
ffe5xhmq,8,7dpcven3,33,trader_bridge_app,SyncTradingSession,1778603450,4,0,1
ffe5xhmq,9,2mz5up3e,33,trader_bridge_app,SyncTradingSession,1778603450,4,0,1
ffe5xhmq,10,keffe6of,33,trader_bridge_app,SyncTradingSession,1778603450,4,0,1
ffe5xhmq,11,quvmw080,33,trader_bridge_app,SyncTradingSession,1778603450,4,0,1
ffe5xhmq,12,zmzx9bpp,33,trader_bridge_app,SyncTradingSession,1778603450,4,0,1
ffe5xhmq,7,6kvq85km,34,trader_bridge_app,ResumeTradingSession,1778603460,4,0,1
ffe5xhmq,8,7dpcven3,34,trader_bridge_app,ResumeTradingSession,1778603460,4,0,1
ffe5xhmq,9,2mz5up3e,34,trader_bridge_app,ResumeTradingSession,1778603460,4,0,1
ffe5xhmq,10,keffe6of,34,trader_bridge_app,ResumeTradingSession,1778603460,4,0,1
ffe5xhmq,11,quvmw080,34,trader_bridge_app,ResumeTradingSession,1778603460,4,0,1
ffe5xhmq,12,zmzx9bpp,34,trader_bridge_app,ResumeTradingSession,1778603460,4,0,1
ffe5xhmq,14,r2eorolq,72,trader_bridge_app,TradePage,1778603466,8,0,0
ffe5xhmq,1,viseix7p,45,trader_bridge_app,TradePage,1778603478,5,0,0
ffe5xhmq,3,kmcc2p31,45,trader_bridge_app,TradePage,1778603488,5,0,0
ffe5xhmq,1,viseix7p,48,trader_bridge_app,DayBreak,1778603492,5,0,0
ffe5xhmq,3,kmcc2p31,48,trader_bridge_app,DayBreak,1778603495,5,0,0
ffe5xhmq,6,hk3teh8u,48,trader_bridge_app,DayBreak,1778603500,5,0,0
ffe5xhmq,13,er9d8a5v,75,trader_bridge_app,DayBreak,1778603502,8,0,0
ffe5xhmq,14,r2eorolq,75,trader_bridge_app,DayBreak,1778603506,8,0,0
ffe5xhmq,7,6kvq85km,36,trader_bridge_app,TradePage,1778603521,4,0,0
ffe5xhmq,12,zmzx9bpp,36,trader_bridge_app,TradePage,1778603521,4,0,0
ffe5xhmq,11,quvmw080,36,trader_bridge_app,TradePage,1778603533,4,0,0
ffe5xhmq,11,quvmw080,37,trader_bridge_app,PauseTradingSession,1778603533,4,0,1
ffe5xhmq,12,zmzx9bpp,37,trader_bridge_app,PauseTradingSession,1778603533,4,0,1
ffe5xhmq,7,6kvq85km,37,trader_bridge_app,PauseTradingSession,1778603533,4,0,1
ffe5xhmq,8,7dpcven3,37,trader_bridge_app,PauseTradingSession,1778603533,4,0,1
ffe5xhmq,9,2mz5up3e,37,trader_bridge_app,PauseTradingSession,1778603533,4,0,1
ffe5xhmq,10,keffe6of,37,trader_bridge_app,PauseTradingSession,1778603533,4,0,1
ffe5xhmq,11,quvmw080,39,trader_bridge_app,DayBreak,1778603537,4,0,0
ffe5xhmq,12,zmzx9bpp,39,trader_bridge_app,DayBreak,1778603541,4,0,0
ffe5xhmq,9,2mz5up3e,39,trader_bridge_app,DayBreak,1778603546,4,0,0
ffe5xhmq,14,r2eorolq,81,trader_bridge_app,TradePage,1778603567,9,0,0
ffe5xhmq,13,er9d8a5v,81,trader_bridge_app,TradePage,1778603569,9,0,0
ffe5xhmq,13,er9d8a5v,82,trader_bridge_app,PauseTradingSession,1778603569,9,0,1
ffe5xhmq,14,r2eorolq,82,trader_bridge_app,PauseTradingSession,1778603569,9,0,1
ffe5xhmq,4,snooaw5j,54,trader_bridge_app,TradePage,1778603569,6,0,0
ffe5xhmq,2,qhz5zte3,54,trader_bridge_app,TradePage,1778603570,6,0,0
ffe5xhmq,7,6kvq85km,39,trader_bridge_app,DayBreak,1778603572,4,1,0
ffe5xhmq,8,7dpcven3,39,trader_bridge_app,DayBreak,1778603572,4,1,0
ffe5xhmq,10,keffe6of,39,trader_bridge_app,DayBreak,1778603572,4,1,0
ffe5xhmq,11,quvmw080,43,trader_bridge_app,ResumeTradingSession,1778603572,5,0,1
ffe5xhmq,12,zmzx9bpp,43,trader_bridge_app,ResumeTradingSession,1778603572,5,0,1
ffe5xhmq,7,6kvq85km,43,trader_bridge_app,ResumeTradingSession,1778603572,5,0,1
ffe5xhmq,8,7dpcven3,43,trader_bridge_app,ResumeTradingSession,1778603572,5,0,1
ffe5xhmq,9,2mz5up3e,43,trader_bridge_app,ResumeTradingSession,1778603572,5,0,1
ffe5xhmq,10,keffe6of,43,trader_bridge_app,ResumeTradingSession,1778603572,5,0,1
ffe5xhmq,1,viseix7p,54,trader_bridge_app,TradePage,1778603574,6,0,0
ffe5xhmq,4,snooaw5j,57,trader_bridge_app,DayBreak,1778603595,6,1,0
ffe5xhmq,1,viseix7p,57,trader_bridge_app,DayBreak,1778603595,6,1,0
ffe5xhmq,5,twrkr7hz,57,trader_bridge_app,DayBreak,1778603595,6,1,0
ffe5xhmq,2,qhz5zte3,57,trader_bridge_app,DayBreak,1778603595,6,1,0
ffe5xhmq,6,hk3teh8u,57,trader_bridge_app,DayBreak,1778603597,6,1,0
ffe5xhmq,3,kmcc2p31,57,trader_bridge_app,DayBreak,1778603605,6,1,0
ffe5xhmq,1,viseix7p,61,trader_bridge_app,ResumeTradingSession,1778603605,7,0,1
ffe5xhmq,2,qhz5zte3,61,trader_bridge_app,ResumeTradingSession,1778603605,7,0,1
ffe5xhmq,3,kmcc2p31,61,trader_bridge_app,ResumeTradingSession,1778603605,7,0,1
ffe5xhmq,4,snooaw5j,61,trader_bridge_app,ResumeTradingSession,1778603605,7,0,1
ffe5xhmq,5,twrkr7hz,61,trader_bridge_app,ResumeTradingSession,1778603605,7,0,1
ffe5xhmq,6,hk3teh8u,61,trader_bridge_app,ResumeTradingSession,1778603605,7,0,1
ffe5xhmq,10,keffe6of,45,trader_bridge_app,TradePage,1778603633,5,0,0
ffe5xhmq,12,zmzx9bpp,45,trader_bridge_app,TradePage,1778603633,5,0,0
ffe5xhmq,11,quvmw080,45,trader_bridge_app,TradePage,1778603633,5,0,0
ffe5xhmq,14,r2eorolq,90,trader_bridge_app,TradePage,1778603645,10,0,0
ffe5xhmq,9,2mz5up3e,45,trader_bridge_app,TradePage,1778603645,5,0,0
ffe5xhmq,13,er9d8a5v,90,trader_bridge_app,TradePage,1778603645,10,0,0
ffe5xhmq,14,r2eorolq,91,trader_bridge_app,PauseTradingSession,1778603645,10,0,1
ffe5xhmq,13,er9d8a5v,91,trader_bridge_app,PauseTradingSession,1778603645,10,0,1
ffe5xhmq,8,7dpcven3,45,trader_bridge_app,TradePage,1778603645,5,0,0
ffe5xhmq,7,6kvq85km,45,trader_bridge_app,TradePage,1778603645,5,0,0
ffe5xhmq,11,quvmw080,46,trader_bridge_app,PauseTradingSession,1778603645,5,0,1
ffe5xhmq,12,zmzx9bpp,46,trader_bridge_app,PauseTradingSession,1778603645,5,0,1
ffe5xhmq,7,6kvq85km,46,trader_bridge_app,PauseTradingSession,1778603645,5,0,1
ffe5xhmq,8,7dpcven3,46,trader_bridge_app,PauseTradingSession,1778603645,5,0,1
ffe5xhmq,9,2mz5up3e,46,trader_bridge_app,PauseTradingSession,1778603645,5,0,1
ffe5xhmq,10,keffe6of,46,trader_bridge_app,PauseTradingSession,1778603645,5,0,1
ffe5xhmq,13,er9d8a5v,93,trader_bridge_app,DayBreak,1778603648,10,0,0
ffe5xhmq,11,quvmw080,48,trader_bridge_app,DayBreak,1778603650,5,0,0
ffe5xhmq,8,7dpcven3,48,trader_bridge_app,DayBreak,1778603650,5,0,0
ffe5xhmq,14,r2eorolq,93,trader_bridge_app,DayBreak,1778603653,10,0,0
ffe5xhmq,13,er9d8a5v,97,trader_bridge_app,ResumeTradingSession,1778603653,11,0,1
ffe5xhmq,14,r2eorolq,97,trader_bridge_app,ResumeTradingSession,1778603653,11,0,1
ffe5xhmq,9,2mz5up3e,48,trader_bridge_app,DayBreak,1778603654,5,0,0
ffe5xhmq,12,zmzx9bpp,48,trader_bridge_app,DayBreak,1778603654,5,0,0
ffe5xhmq,7,6kvq85km,48,trader_bridge_app,DayBreak,1778603659,5,0,0
ffe5xhmq,10,keffe6of,48,trader_bridge_app,DayBreak,1778603659,5,0,0
ffe5xhmq,8,7dpcven3,52,trader_bridge_app,ResumeTradingSession,1778603659,6,0,1
ffe5xhmq,9,2mz5up3e,52,trader_bridge_app,ResumeTradingSession,1778603659,6,0,1
ffe5xhmq,7,6kvq85km,52,trader_bridge_app,ResumeTradingSession,1778603659,6,0,1
ffe5xhmq,10,keffe6of,52,trader_bridge_app,ResumeTradingSession,1778603659,6,0,1
ffe5xhmq,11,quvmw080,52,trader_bridge_app,ResumeTradingSession,1778603659,6,0,1
ffe5xhmq,12,zmzx9bpp,52,trader_bridge_app,ResumeTradingSession,1778603659,6,0,1
ffe5xhmq,6,hk3teh8u,63,trader_bridge_app,TradePage,1778603666,7,0,0
ffe5xhmq,3,kmcc2p31,63,trader_bridge_app,TradePage,1778603666,7,0,0
ffe5xhmq,5,twrkr7hz,63,trader_bridge_app,TradePage,1778603666,7,0,0
ffe5xhmq,1,viseix7p,63,trader_bridge_app,TradePage,1778603666,7,0,0
ffe5xhmq,4,snooaw5j,63,trader_bridge_app,TradePage,1778603666,7,0,0
ffe5xhmq,2,qhz5zte3,63,trader_bridge_app,TradePage,1778603666,7,0,0
ffe5xhmq,1,viseix7p,64,trader_bridge_app,PauseTradingSession,1778603666,7,0,1
ffe5xhmq,2,qhz5zte3,64,trader_bridge_app,PauseTradingSession,1778603666,7,0,1
ffe5xhmq,3,kmcc2p31,64,trader_bridge_app,PauseTradingSession,1778603666,7,0,1
ffe5xhmq,4,snooaw5j,64,trader_bridge_app,PauseTradingSession,1778603666,7,0,1
ffe5xhmq,5,twrkr7hz,64,trader_bridge_app,PauseTradingSession,1778603666,7,0,1
ffe5xhmq,6,hk3teh8u,64,trader_bridge_app,PauseTradingSession,1778603666,7,0,1
ffe5xhmq,3,kmcc2p31,66,trader_bridge_app,DayBreak,1778603669,7,0,0
ffe5xhmq,2,qhz5zte3,66,trader_bridge_app,DayBreak,1778603670,7,0,0
ffe5xhmq,1,viseix7p,66,trader_bridge_app,DayBreak,1778603674,7,0,0
ffe5xhmq,6,hk3teh8u,66,trader_bridge_app,DayBreak,1778603679,7,0,0
ffe5xhmq,4,snooaw5j,66,trader_bridge_app,DayBreak,1778603680,7,0,0
ffe5xhmq,5,twrkr7hz,66,trader_bridge_app,DayBreak,1778603686,7,0,0
ffe5xhmq,1,viseix7p,70,trader_bridge_app,ResumeTradingSession,1778603686,8,0,1
ffe5xhmq,2,qhz5zte3,70,trader_bridge_app,ResumeTradingSession,1778603686,8,0,1
ffe5xhmq,3,kmcc2p31,70,trader_bridge_app,ResumeTradingSession,1778603686,8,0,1
ffe5xhmq,4,snooaw5j,70,trader_bridge_app,ResumeTradingSession,1778603686,8,0,1
ffe5xhmq,5,twrkr7hz,70,trader_bridge_app,ResumeTradingSession,1778603686,8,0,1
ffe5xhmq,6,hk3teh8u,70,trader_bridge_app,ResumeTradingSession,1778603686,8,0,1
ffe5xhmq,14,r2eorolq,99,trader_bridge_app,TradePage,1778603714,11,0,0
ffe5xhmq,13,er9d8a5v,99,trader_bridge_app,TradePage,1778603714,11,0,0
ffe5xhmq,13,er9d8a5v,100,trader_bridge_app,PauseTradingSession,1778603714,11,0,1
ffe5xhmq,14,r2eorolq,100,trader_bridge_app,PauseTradingSession,1778603714,11,0,1
ffe5xhmq,13,er9d8a5v,102,trader_bridge_app,DayBreak,1778603716,11,0,0
ffe5xhmq,10,keffe6of,54,trader_bridge_app,TradePage,1778603720,6,0,0
ffe5xhmq,8,7dpcven3,54,trader_bridge_app,TradePage,1778603720,6,0,0
ffe5xhmq,7,6kvq85km,54,trader_bridge_app,TradePage,1778603720,6,0,0
ffe5xhmq,12,zmzx9bpp,54,trader_bridge_app,TradePage,1778603720,6,0,0
ffe5xhmq,9,2mz5up3e,54,trader_bridge_app,TradePage,1778603720,6,0,0
ffe5xhmq,11,quvmw080,54,trader_bridge_app,TradePage,1778603720,6,0,0
ffe5xhmq,8,7dpcven3,55,trader_bridge_app,PauseTradingSession,1778603720,6,0,1
ffe5xhmq,9,2mz5up3e,55,trader_bridge_app,PauseTradingSession,1778603720,6,0,1
ffe5xhmq,10,keffe6of,55,trader_bridge_app,PauseTradingSession,1778603720,6,0,1
ffe5xhmq,11,quvmw080,55,trader_bridge_app,PauseTradingSession,1778603720,6,0,1
ffe5xhmq,12,zmzx9bpp,55,trader_bridge_app,PauseTradingSession,1778603720,6,0,1
ffe5xhmq,7,6kvq85km,55,trader_bridge_app,PauseTradingSession,1778603720,6,0,1
ffe5xhmq,14,r2eorolq,102,trader_bridge_app,DayBreak,1778603722,11,0,0
ffe5xhmq,13,er9d8a5v,106,trader_bridge_app,ResumeTradingSession,1778603722,12,0,1
ffe5xhmq,14,r2eorolq,106,trader_bridge_app,ResumeTradingSession,1778603722,12,0,1
ffe5xhmq,8,7dpcven3,57,trader_bridge_app,DayBreak,1778603738,6,0,0
ffe5xhmq,12,zmzx9bpp,57,trader_bridge_app,DayBreak,1778603741,6,1,0
ffe5xhmq,7,6kvq85km,57,trader_bridge_app,DayBreak,1778603741,6,1,0
ffe5xhmq,11,quvmw080,57,trader_bridge_app,DayBreak,1778603741,6,1,0
ffe5xhmq,9,2mz5up3e,57,trader_bridge_app,DayBreak,1778603741,6,1,0
ffe5xhmq,10,keffe6of,57,trader_bridge_app,DayBreak,1778603741,6,1,0
ffe5xhmq,7,6kvq85km,61,trader_bridge_app,ResumeTradingSession,1778603741,7,0,1
ffe5xhmq,8,7dpcven3,61,trader_bridge_app,ResumeTradingSession,1778603741,7,0,1
ffe5xhmq,12,zmzx9bpp,61,trader_bridge_app,ResumeTradingSession,1778603741,7,0,1
ffe5xhmq,9,2mz5up3e,61,trader_bridge_app,ResumeTradingSession,1778603741,7,0,1
ffe5xhmq,10,keffe6of,61,trader_bridge_app,ResumeTradingSession,1778603741,7,0,1
ffe5xhmq,11,quvmw080,61,trader_bridge_app,ResumeTradingSession,1778603741,7,0,1
ffe5xhmq,2,qhz5zte3,72,trader_bridge_app,TradePage,1778603747,8,0,0
ffe5xhmq,5,twrkr7hz,72,trader_bridge_app,TradePage,1778603747,8,0,0
ffe5xhmq,6,hk3teh8u,72,trader_bridge_app,TradePage,1778603747,8,0,0
ffe5xhmq,3,kmcc2p31,72,trader_bridge_app,TradePage,1778603747,8,0,0
ffe5xhmq,1,viseix7p,72,trader_bridge_app,TradePage,1778603747,8,0,0
ffe5xhmq,4,snooaw5j,72,trader_bridge_app,TradePage,1778603747,8,0,0
ffe5xhmq,1,viseix7p,73,trader_bridge_app,PauseTradingSession,1778603747,8,0,1
ffe5xhmq,2,qhz5zte3,73,trader_bridge_app,PauseTradingSession,1778603747,8,0,1
ffe5xhmq,3,kmcc2p31,73,trader_bridge_app,PauseTradingSession,1778603747,8,0,1
ffe5xhmq,4,snooaw5j,73,trader_bridge_app,PauseTradingSession,1778603747,8,0,1
ffe5xhmq,5,twrkr7hz,73,trader_bridge_app,PauseTradingSession,1778603747,8,0,1
ffe5xhmq,6,hk3teh8u,73,trader_bridge_app,PauseTradingSession,1778603747,8,0,1
ffe5xhmq,3,kmcc2p31,75,trader_bridge_app,DayBreak,1778603749,8,0,0
ffe5xhmq,1,viseix7p,75,trader_bridge_app,DayBreak,1778603753,8,0,0
ffe5xhmq,2,qhz5zte3,75,trader_bridge_app,DayBreak,1778603753,8,0,0
ffe5xhmq,4,snooaw5j,75,trader_bridge_app,DayBreak,1778603760,8,0,0
ffe5xhmq,6,hk3teh8u,75,trader_bridge_app,DayBreak,1778603768,8,1,0
ffe5xhmq,5,twrkr7hz,75,trader_bridge_app,DayBreak,1778603768,8,1,0
ffe5xhmq,1,viseix7p,79,trader_bridge_app,ResumeTradingSession,1778603768,9,0,1
ffe5xhmq,2,qhz5zte3,79,trader_bridge_app,ResumeTradingSession,1778603768,9,0,1
ffe5xhmq,3,kmcc2p31,79,trader_bridge_app,ResumeTradingSession,1778603768,9,0,1
ffe5xhmq,4,snooaw5j,79,trader_bridge_app,ResumeTradingSession,1778603768,9,0,1
ffe5xhmq,5,twrkr7hz,79,trader_bridge_app,ResumeTradingSession,1778603768,9,0,1
ffe5xhmq,6,hk3teh8u,79,trader_bridge_app,ResumeTradingSession,1778603768,9,0,1
ffe5xhmq,13,er9d8a5v,108,trader_bridge_app,TradePage,1778603788,12,0,0
ffe5xhmq,14,r2eorolq,108,trader_bridge_app,TradePage,1778603788,12,0,0
ffe5xhmq,13,er9d8a5v,109,trader_bridge_app,PauseTradingSession,1778603788,12,0,1
ffe5xhmq,14,r2eorolq,109,trader_bridge_app,PauseTradingSession,1778603788,12,0,1
ffe5xhmq,13,er9d8a5v,111,trader_bridge_app,DayBreak,1778603797,12,0,0
ffe5xhmq,14,r2eorolq,111,trader_bridge_app,DayBreak,1778603800,12,0,0
ffe5xhmq,13,er9d8a5v,115,trader_bridge_app,ResumeTradingSession,1778603800,13,0,1
ffe5xhmq,14,r2eorolq,115,trader_bridge_app,ResumeTradingSession,1778603800,13,0,1
ffe5xhmq,10,keffe6of,63,trader_bridge_app,TradePage,1778603802,7,0,0
ffe5xhmq,12,zmzx9bpp,63,trader_bridge_app,TradePage,1778603802,7,0,0
ffe5xhmq,8,7dpcven3,63,trader_bridge_app,TradePage,1778603802,7,0,0
ffe5xhmq,11,quvmw080,63,trader_bridge_app,TradePage,1778603802,7,0,0
ffe5xhmq,9,2mz5up3e,63,trader_bridge_app,TradePage,1778603802,7,0,0
ffe5xhmq,7,6kvq85km,63,trader_bridge_app,TradePage,1778603802,7,0,0
ffe5xhmq,7,6kvq85km,64,trader_bridge_app,PauseTradingSession,1778603803,7,0,1
ffe5xhmq,8,7dpcven3,64,trader_bridge_app,PauseTradingSession,1778603803,7,0,1
ffe5xhmq,11,quvmw080,64,trader_bridge_app,PauseTradingSession,1778603803,7,0,1
ffe5xhmq,12,zmzx9bpp,64,trader_bridge_app,PauseTradingSession,1778603803,7,0,1
ffe5xhmq,9,2mz5up3e,64,trader_bridge_app,PauseTradingSession,1778603803,7,0,1
ffe5xhmq,10,keffe6of,64,trader_bridge_app,PauseTradingSession,1778603803,7,0,1
ffe5xhmq,8,7dpcven3,66,trader_bridge_app,DayBreak,1778603806,7,0,0
ffe5xhmq,10,keffe6of,66,trader_bridge_app,DayBreak,1778603808,7,0,0
ffe5xhmq,9,2mz5up3e,66,trader_bridge_app,DayBreak,1778603810,7,0,0
ffe5xhmq,12,zmzx9bpp,66,trader_bridge_app,DayBreak,1778603812,7,0,0
ffe5xhmq,7,6kvq85km,66,trader_bridge_app,DayBreak,1778603812,7,0,0
ffe5xhmq,11,quvmw080,66,trader_bridge_app,DayBreak,1778603814,7,0,0
ffe5xhmq,7,6kvq85km,70,trader_bridge_app,ResumeTradingSession,1778603814,8,0,1
ffe5xhmq,8,7dpcven3,70,trader_bridge_app,ResumeTradingSession,1778603814,8,0,1
ffe5xhmq,9,2mz5up3e,70,trader_bridge_app,ResumeTradingSession,1778603814,8,0,1
ffe5xhmq,10,keffe6of,70,trader_bridge_app,ResumeTradingSession,1778603814,8,0,1
ffe5xhmq,11,quvmw080,70,trader_bridge_app,ResumeTradingSession,1778603814,8,0,1
ffe5xhmq,12,zmzx9bpp,70,trader_bridge_app,ResumeTradingSession,1778603814,8,0,1
ffe5xhmq,6,hk3teh8u,81,trader_bridge_app,TradePage,1778603828,9,0,0
ffe5xhmq,5,twrkr7hz,81,trader_bridge_app,TradePage,1778603828,9,0,0
ffe5xhmq,2,qhz5zte3,81,trader_bridge_app,TradePage,1778603828,9,0,0
ffe5xhmq,1,viseix7p,81,trader_bridge_app,TradePage,1778603829,9,0,0
ffe5xhmq,3,kmcc2p31,81,trader_bridge_app,TradePage,1778603829,9,0,0
ffe5xhmq,4,snooaw5j,81,trader_bridge_app,TradePage,1778603829,9,0,0
ffe5xhmq,1,viseix7p,82,trader_bridge_app,PauseTradingSession,1778603829,9,0,1
ffe5xhmq,2,qhz5zte3,82,trader_bridge_app,PauseTradingSession,1778603829,9,0,1
ffe5xhmq,3,kmcc2p31,82,trader_bridge_app,PauseTradingSession,1778603829,9,0,1
ffe5xhmq,4,snooaw5j,82,trader_bridge_app,PauseTradingSession,1778603829,9,0,1
ffe5xhmq,5,twrkr7hz,82,trader_bridge_app,PauseTradingSession,1778603829,9,0,1
ffe5xhmq,6,hk3teh8u,82,trader_bridge_app,PauseTradingSession,1778603829,9,0,1
ffe5xhmq,6,hk3teh8u,84,trader_bridge_app,DayBreak,1778603840,9,0,0
ffe5xhmq,4,snooaw5j,84,trader_bridge_app,DayBreak,1778603844,9,0,0
ffe5xhmq,3,kmcc2p31,84,trader_bridge_app,DayBreak,1778603845,9,0,0
ffe5xhmq,5,twrkr7hz,84,trader_bridge_app,DayBreak,1778603846,9,0,0
ffe5xhmq,1,viseix7p,84,trader_bridge_app,DayBreak,1778603846,9,0,0
ffe5xhmq,2,qhz5zte3,84,trader_bridge_app,DayBreak,1778603849,9,1,0
ffe5xhmq,3,kmcc2p31,88,trader_bridge_app,ResumeTradingSession,1778603850,10,0,1
ffe5xhmq,4,snooaw5j,88,trader_bridge_app,ResumeTradingSession,1778603850,10,0,1
ffe5xhmq,5,twrkr7hz,88,trader_bridge_app,ResumeTradingSession,1778603850,10,0,1
ffe5xhmq,6,hk3teh8u,88,trader_bridge_app,ResumeTradingSession,1778603850,10,0,1
ffe5xhmq,1,viseix7p,88,trader_bridge_app,ResumeTradingSession,1778603850,10,0,1
ffe5xhmq,2,qhz5zte3,88,trader_bridge_app,ResumeTradingSession,1778603850,10,0,1
ffe5xhmq,14,r2eorolq,117,trader_bridge_app,TradePage,1778603860,13,0,0
ffe5xhmq,13,er9d8a5v,117,trader_bridge_app,TradePage,1778603861,13,0,0
ffe5xhmq,13,er9d8a5v,118,trader_bridge_app,PauseTradingSession,1778603861,13,0,1
ffe5xhmq,14,r2eorolq,118,trader_bridge_app,PauseTradingSession,1778603861,13,0,1
ffe5xhmq,13,er9d8a5v,120,trader_bridge_app,DayBreak,1778603863,13,0,0
ffe5xhmq,14,r2eorolq,120,trader_bridge_app,DayBreak,1778603865,13,0,0
ffe5xhmq,13,er9d8a5v,124,trader_bridge_app,ResumeTradingSession,1778603865,14,0,1
ffe5xhmq,14,r2eorolq,124,trader_bridge_app,ResumeTradingSession,1778603865,14,0,1
ffe5xhmq,12,zmzx9bpp,72,trader_bridge_app,TradePage,1778603875,8,0,0
ffe5xhmq,11,quvmw080,72,trader_bridge_app,TradePage,1778603875,8,0,0
ffe5xhmq,9,2mz5up3e,72,trader_bridge_app,TradePage,1778603875,8,0,0
ffe5xhmq,7,6kvq85km,72,trader_bridge_app,TradePage,1778603875,8,0,0
ffe5xhmq,10,keffe6of,72,trader_bridge_app,TradePage,1778603875,8,0,0
ffe5xhmq,8,7dpcven3,72,trader_bridge_app,TradePage,1778603875,8,0,0
ffe5xhmq,7,6kvq85km,73,trader_bridge_app,PauseTradingSession,1778603875,8,0,1
ffe5xhmq,8,7dpcven3,73,trader_bridge_app,PauseTradingSession,1778603875,8,0,1
ffe5xhmq,9,2mz5up3e,73,trader_bridge_app,PauseTradingSession,1778603875,8,0,1
ffe5xhmq,10,keffe6of,73,trader_bridge_app,PauseTradingSession,1778603875,8,0,1
ffe5xhmq,11,quvmw080,73,trader_bridge_app,PauseTradingSession,1778603875,8,0,1
ffe5xhmq,12,zmzx9bpp,73,trader_bridge_app,PauseTradingSession,1778603875,8,0,1
ffe5xhmq,11,quvmw080,75,trader_bridge_app,DayBreak,1778603879,8,0,0
ffe5xhmq,9,2mz5up3e,75,trader_bridge_app,DayBreak,1778603883,8,0,0
ffe5xhmq,12,zmzx9bpp,75,trader_bridge_app,DayBreak,1778603886,8,0,0
ffe5xhmq,8,7dpcven3,75,trader_bridge_app,DayBreak,1778603886,8,0,0
ffe5xhmq,7,6kvq85km,75,trader_bridge_app,DayBreak,1778603887,8,0,0
ffe5xhmq,10,keffe6of,75,trader_bridge_app,DayBreak,1778603887,8,0,0
ffe5xhmq,11,quvmw080,79,trader_bridge_app,ResumeTradingSession,1778603887,9,0,1
ffe5xhmq,12,zmzx9bpp,79,trader_bridge_app,ResumeTradingSession,1778603887,9,0,1
ffe5xhmq,7,6kvq85km,79,trader_bridge_app,ResumeTradingSession,1778603887,9,0,1
ffe5xhmq,8,7dpcven3,79,trader_bridge_app,ResumeTradingSession,1778603887,9,0,1
ffe5xhmq,9,2mz5up3e,79,trader_bridge_app,ResumeTradingSession,1778603887,9,0,1
ffe5xhmq,10,keffe6of,79,trader_bridge_app,ResumeTradingSession,1778603887,9,0,1
ffe5xhmq,2,qhz5zte3,90,trader_bridge_app,TradePage,1778603911,10,0,0
ffe5xhmq,6,hk3teh8u,90,trader_bridge_app,TradePage,1778603911,10,0,0
ffe5xhmq,3,kmcc2p31,90,trader_bridge_app,TradePage,1778603911,10,0,0
ffe5xhmq,5,twrkr7hz,90,trader_bridge_app,TradePage,1778603911,10,0,0
ffe5xhmq,1,viseix7p,90,trader_bridge_app,TradePage,1778603911,10,0,0
ffe5xhmq,4,snooaw5j,90,trader_bridge_app,TradePage,1778603911,10,0,0
ffe5xhmq,3,kmcc2p31,91,trader_bridge_app,PauseTradingSession,1778603911,10,0,1
ffe5xhmq,4,snooaw5j,91,trader_bridge_app,PauseTradingSession,1778603911,10,0,1
ffe5xhmq,5,twrkr7hz,91,trader_bridge_app,PauseTradingSession,1778603911,10,0,1
ffe5xhmq,6,hk3teh8u,91,trader_bridge_app,PauseTradingSession,1778603911,10,0,1
ffe5xhmq,1,viseix7p,91,trader_bridge_app,PauseTradingSession,1778603911,10,0,1
ffe5xhmq,2,qhz5zte3,91,trader_bridge_app,PauseTradingSession,1778603911,10,0,1
ffe5xhmq,1,viseix7p,93,trader_bridge_app,DayBreak,1778603916,10,0,0
ffe5xhmq,2,qhz5zte3,93,trader_bridge_app,DayBreak,1778603919,10,0,0
ffe5xhmq,5,twrkr7hz,93,trader_bridge_app,DayBreak,1778603920,10,0,0
ffe5xhmq,6,hk3teh8u,93,trader_bridge_app,DayBreak,1778603925,10,0,0
ffe5xhmq,14,r2eorolq,126,trader_bridge_app,TradePage,1778603926,14,0,0
ffe5xhmq,13,er9d8a5v,126,trader_bridge_app,TradePage,1778603926,14,0,0
ffe5xhmq,14,r2eorolq,127,trader_bridge_app,PauseTradingSession,1778603926,14,0,1
ffe5xhmq,13,er9d8a5v,127,trader_bridge_app,PauseTradingSession,1778603926,14,0,1
ffe5xhmq,13,er9d8a5v,129,trader_bridge_app,DayBreak,1778603928,14,0,0
ffe5xhmq,4,snooaw5j,93,trader_bridge_app,DayBreak,1778603928,10,0,0
ffe5xhmq,14,r2eorolq,129,trader_bridge_app,DayBreak,1778603930,14,0,0
ffe5xhmq,13,er9d8a5v,133,trader_bridge_app,ResumeTradingSession,1778603930,15,0,1
ffe5xhmq,14,r2eorolq,133,trader_bridge_app,ResumeTradingSession,1778603930,15,0,1
ffe5xhmq,3,kmcc2p31,93,trader_bridge_app,DayBreak,1778603932,10,1,0
ffe5xhmq,1,viseix7p,97,trader_bridge_app,ResumeTradingSession,1778603932,11,0,1
ffe5xhmq,2,qhz5zte3,97,trader_bridge_app,ResumeTradingSession,1778603932,11,0,1
ffe5xhmq,3,kmcc2p31,97,trader_bridge_app,ResumeTradingSession,1778603932,11,0,1
ffe5xhmq,4,snooaw5j,97,trader_bridge_app,ResumeTradingSession,1778603932,11,0,1
ffe5xhmq,5,twrkr7hz,97,trader_bridge_app,ResumeTradingSession,1778603932,11,0,1
ffe5xhmq,6,hk3teh8u,97,trader_bridge_app,ResumeTradingSession,1778603932,11,0,1
ffe5xhmq,10,keffe6of,81,trader_bridge_app,TradePage,1778603948,9,0,0
ffe5xhmq,7,6kvq85km,81,trader_bridge_app,TradePage,1778603948,9,0,0
ffe5xhmq,9,2mz5up3e,81,trader_bridge_app,TradePage,1778603948,9,0,0
ffe5xhmq,8,7dpcven3,81,trader_bridge_app,TradePage,1778603948,9,0,0
ffe5xhmq,11,quvmw080,81,trader_bridge_app,TradePage,1778603948,9,0,0
ffe5xhmq,12,zmzx9bpp,81,trader_bridge_app,TradePage,1778603948,9,0,0
ffe5xhmq,11,quvmw080,82,trader_bridge_app,PauseTradingSession,1778603949,9,0,1
ffe5xhmq,12,zmzx9bpp,82,trader_bridge_app,PauseTradingSession,1778603949,9,0,1
ffe5xhmq,7,6kvq85km,82,trader_bridge_app,PauseTradingSession,1778603949,9,0,1
ffe5xhmq,8,7dpcven3,82,trader_bridge_app,PauseTradingSession,1778603949,9,0,1
ffe5xhmq,9,2mz5up3e,82,trader_bridge_app,PauseTradingSession,1778603949,9,0,1
ffe5xhmq,10,keffe6of,82,trader_bridge_app,PauseTradingSession,1778603949,9,0,1
ffe5xhmq,9,2mz5up3e,84,trader_bridge_app,DayBreak,1778603960,9,0,0
ffe5xhmq,8,7dpcven3,84,trader_bridge_app,DayBreak,1778603963,9,0,0
ffe5xhmq,11,quvmw080,84,trader_bridge_app,DayBreak,1778603964,9,0,0
ffe5xhmq,12,zmzx9bpp,84,trader_bridge_app,DayBreak,1778603964,9,0,0
ffe5xhmq,7,6kvq85km,84,trader_bridge_app,DayBreak,1778603967,9,0,0
ffe5xhmq,10,keffe6of,84,trader_bridge_app,DayBreak,1778603969,9,1,0
ffe5xhmq,7,6kvq85km,88,trader_bridge_app,ResumeTradingSession,1778603969,10,0,1
ffe5xhmq,8,7dpcven3,88,trader_bridge_app,ResumeTradingSession,1778603969,10,0,1
ffe5xhmq,9,2mz5up3e,88,trader_bridge_app,ResumeTradingSession,1778603969,10,0,1
ffe5xhmq,10,keffe6of,88,trader_bridge_app,ResumeTradingSession,1778603969,10,0,1
ffe5xhmq,11,quvmw080,88,trader_bridge_app,ResumeTradingSession,1778603969,10,0,1
ffe5xhmq,12,zmzx9bpp,88,trader_bridge_app,ResumeTradingSession,1778603969,10,0,1
ffe5xhmq,14,r2eorolq,135,trader_bridge_app,TradePage,1778603991,15,0,0
ffe5xhmq,13,er9d8a5v,135,trader_bridge_app,TradePage,1778603991,15,0,0
ffe5xhmq,13,er9d8a5v,136,trader_bridge_app,PauseTradingSession,1778603991,15,0,1
ffe5xhmq,14,r2eorolq,136,trader_bridge_app,PauseTradingSession,1778603991,15,0,1
ffe5xhmq,3,kmcc2p31,99,trader_bridge_app,TradePage,1778603992,11,0,0
ffe5xhmq,1,viseix7p,99,trader_bridge_app,TradePage,1778603992,11,0,0
ffe5xhmq,2,qhz5zte3,99,trader_bridge_app,TradePage,1778603993,11,0,0
ffe5xhmq,4,snooaw5j,99,trader_bridge_app,TradePage,1778603993,11,0,0
ffe5xhmq,6,hk3teh8u,99,trader_bridge_app,TradePage,1778603993,11,0,0
ffe5xhmq,5,twrkr7hz,99,trader_bridge_app,TradePage,1778603993,11,0,0
ffe5xhmq,2,qhz5zte3,100,trader_bridge_app,PauseTradingSession,1778603993,11,0,1
ffe5xhmq,3,kmcc2p31,100,trader_bridge_app,PauseTradingSession,1778603993,11,0,1
ffe5xhmq,1,viseix7p,100,trader_bridge_app,PauseTradingSession,1778603993,11,0,1
ffe5xhmq,4,snooaw5j,100,trader_bridge_app,PauseTradingSession,1778603993,11,0,1
ffe5xhmq,5,twrkr7hz,100,trader_bridge_app,PauseTradingSession,1778603993,11,0,1
ffe5xhmq,6,hk3teh8u,100,trader_bridge_app,PauseTradingSession,1778603993,11,0,1
ffe5xhmq,2,qhz5zte3,102,trader_bridge_app,DayBreak,1778603996,11,0,0
ffe5xhmq,3,kmcc2p31,102,trader_bridge_app,DayBreak,1778603996,11,0,0
ffe5xhmq,1,viseix7p,102,trader_bridge_app,DayBreak,1778603997,11,0,0
ffe5xhmq,13,er9d8a5v,138,trader_bridge_app,DayBreak,1778603998,15,0,0
ffe5xhmq,6,hk3teh8u,102,trader_bridge_app,DayBreak,1778603998,11,0,0
ffe5xhmq,4,snooaw5j,102,trader_bridge_app,DayBreak,1778604001,11,0,0
ffe5xhmq,14,r2eorolq,138,trader_bridge_app,DayBreak,1778604001,15,0,0
ffe5xhmq,13,er9d8a5v,142,trader_bridge_app,ResumeTradingSession,1778604001,16,0,1
ffe5xhmq,14,r2eorolq,142,trader_bridge_app,ResumeTradingSession,1778604001,16,0,1
ffe5xhmq,5,twrkr7hz,102,trader_bridge_app,DayBreak,1778604013,11,1,0
ffe5xhmq,6,hk3teh8u,106,trader_bridge_app,ResumeTradingSession,1778604013,12,0,1
ffe5xhmq,1,viseix7p,106,trader_bridge_app,ResumeTradingSession,1778604013,12,0,1
ffe5xhmq,2,qhz5zte3,106,trader_bridge_app,ResumeTradingSession,1778604013,12,0,1
ffe5xhmq,3,kmcc2p31,106,trader_bridge_app,ResumeTradingSession,1778604013,12,0,1
ffe5xhmq,4,snooaw5j,106,trader_bridge_app,ResumeTradingSession,1778604013,12,0,1
ffe5xhmq,5,twrkr7hz,106,trader_bridge_app,ResumeTradingSession,1778604013,12,0,1
ffe5xhmq,10,keffe6of,90,trader_bridge_app,TradePage,1778604030,10,0,0
ffe5xhmq,9,2mz5up3e,90,trader_bridge_app,TradePage,1778604030,10,0,0
ffe5xhmq,7,6kvq85km,90,trader_bridge_app,TradePage,1778604030,10,0,0
ffe5xhmq,12,zmzx9bpp,90,trader_bridge_app,TradePage,1778604030,10,0,0
ffe5xhmq,11,quvmw080,90,trader_bridge_app,TradePage,1778604030,10,0,0
ffe5xhmq,8,7dpcven3,90,trader_bridge_app,TradePage,1778604030,10,0,0
ffe5xhmq,7,6kvq85km,91,trader_bridge_app,PauseTradingSession,1778604030,10,0,1
ffe5xhmq,8,7dpcven3,91,trader_bridge_app,PauseTradingSession,1778604030,10,0,1
ffe5xhmq,9,2mz5up3e,91,trader_bridge_app,PauseTradingSession,1778604030,10,0,1
ffe5xhmq,10,keffe6of,91,trader_bridge_app,PauseTradingSession,1778604030,10,0,1
ffe5xhmq,11,quvmw080,91,trader_bridge_app,PauseTradingSession,1778604030,10,0,1
ffe5xhmq,12,zmzx9bpp,91,trader_bridge_app,PauseTradingSession,1778604030,10,0,1
ffe5xhmq,11,quvmw080,93,trader_bridge_app,DayBreak,1778604034,10,0,0
ffe5xhmq,9,2mz5up3e,93,trader_bridge_app,DayBreak,1778604039,10,0,0
ffe5xhmq,8,7dpcven3,93,trader_bridge_app,DayBreak,1778604041,10,0,0
ffe5xhmq,12,zmzx9bpp,93,trader_bridge_app,DayBreak,1778604042,10,0,0
ffe5xhmq,10,keffe6of,93,trader_bridge_app,DayBreak,1778604043,10,0,0
ffe5xhmq,7,6kvq85km,93,trader_bridge_app,DayBreak,1778604044,10,0,0
ffe5xhmq,7,6kvq85km,97,trader_bridge_app,ResumeTradingSession,1778604044,11,0,1
ffe5xhmq,8,7dpcven3,97,trader_bridge_app,ResumeTradingSession,1778604044,11,0,1
ffe5xhmq,9,2mz5up3e,97,trader_bridge_app,ResumeTradingSession,1778604044,11,0,1
ffe5xhmq,10,keffe6of,97,trader_bridge_app,ResumeTradingSession,1778604044,11,0,1
ffe5xhmq,11,quvmw080,97,trader_bridge_app,ResumeTradingSession,1778604044,11,0,1
ffe5xhmq,12,zmzx9bpp,97,trader_bridge_app,ResumeTradingSession,1778604044,11,0,1
ffe5xhmq,14,r2eorolq,144,trader_bridge_app,TradePage,1778604062,16,0,0
ffe5xhmq,13,er9d8a5v,144,trader_bridge_app,TradePage,1778604062,16,0,0
ffe5xhmq,13,er9d8a5v,145,trader_bridge_app,PauseTradingSession,1778604062,16,0,1
ffe5xhmq,14,r2eorolq,145,trader_bridge_app,PauseTradingSession,1778604062,16,0,1
ffe5xhmq,13,er9d8a5v,147,trader_bridge_app,DayBreak,1778604064,16,0,0
ffe5xhmq,14,r2eorolq,147,trader_bridge_app,DayBreak,1778604068,16,0,0
ffe5xhmq,13,er9d8a5v,151,trader_bridge_app,ResumeTradingSession,1778604068,17,0,1
ffe5xhmq,14,r2eorolq,151,trader_bridge_app,ResumeTradingSession,1778604068,17,0,1
ffe5xhmq,4,snooaw5j,108,trader_bridge_app,TradePage,1778604074,12,0,0
ffe5xhmq,5,twrkr7hz,108,trader_bridge_app,TradePage,1778604074,12,0,0
ffe5xhmq,3,kmcc2p31,108,trader_bridge_app,TradePage,1778604074,12,0,0
ffe5xhmq,6,hk3teh8u,108,trader_bridge_app,TradePage,1778604074,12,0,0
ffe5xhmq,1,viseix7p,108,trader_bridge_app,TradePage,1778604074,12,0,0
ffe5xhmq,2,qhz5zte3,108,trader_bridge_app,TradePage,1778604074,12,0,0
ffe5xhmq,1,viseix7p,109,trader_bridge_app,PauseTradingSession,1778604075,12,0,1
ffe5xhmq,2,qhz5zte3,109,trader_bridge_app,PauseTradingSession,1778604075,12,0,1
ffe5xhmq,3,kmcc2p31,109,trader_bridge_app,PauseTradingSession,1778604075,12,0,1
ffe5xhmq,4,snooaw5j,109,trader_bridge_app,PauseTradingSession,1778604075,12,0,1
ffe5xhmq,5,twrkr7hz,109,trader_bridge_app,PauseTradingSession,1778604075,12,0,1
ffe5xhmq,6,hk3teh8u,109,trader_bridge_app,PauseTradingSession,1778604075,12,0,1
ffe5xhmq,2,qhz5zte3,111,trader_bridge_app,DayBreak,1778604085,12,0,0
ffe5xhmq,6,hk3teh8u,111,trader_bridge_app,DayBreak,1778604086,12,0,0
ffe5xhmq,3,kmcc2p31,111,trader_bridge_app,DayBreak,1778604090,12,0,0
ffe5xhmq,4,snooaw5j,111,trader_bridge_app,DayBreak,1778604090,12,0,0
ffe5xhmq,1,viseix7p,111,trader_bridge_app,DayBreak,1778604090,12,0,0
ffe5xhmq,5,twrkr7hz,111,trader_bridge_app,DayBreak,1778604094,12,0,0
ffe5xhmq,1,viseix7p,115,trader_bridge_app,ResumeTradingSession,1778604094,13,0,1
ffe5xhmq,2,qhz5zte3,115,trader_bridge_app,ResumeTradingSession,1778604094,13,0,1
ffe5xhmq,3,kmcc2p31,115,trader_bridge_app,ResumeTradingSession,1778604094,13,0,1
ffe5xhmq,4,snooaw5j,115,trader_bridge_app,ResumeTradingSession,1778604094,13,0,1
ffe5xhmq,5,twrkr7hz,115,trader_bridge_app,ResumeTradingSession,1778604094,13,0,1
ffe5xhmq,6,hk3teh8u,115,trader_bridge_app,ResumeTradingSession,1778604094,13,0,1
ffe5xhmq,10,keffe6of,99,trader_bridge_app,TradePage,1778604104,11,0,0
ffe5xhmq,12,zmzx9bpp,99,trader_bridge_app,TradePage,1778604104,11,0,0
ffe5xhmq,7,6kvq85km,99,trader_bridge_app,TradePage,1778604104,11,0,0
ffe5xhmq,8,7dpcven3,99,trader_bridge_app,TradePage,1778604105,11,0,0
ffe5xhmq,11,quvmw080,99,trader_bridge_app,TradePage,1778604105,11,0,0
ffe5xhmq,9,2mz5up3e,99,trader_bridge_app,TradePage,1778604105,11,0,0
ffe5xhmq,7,6kvq85km,100,trader_bridge_app,PauseTradingSession,1778604105,11,0,1
ffe5xhmq,8,7dpcven3,100,trader_bridge_app,PauseTradingSession,1778604105,11,0,1
ffe5xhmq,9,2mz5up3e,100,trader_bridge_app,PauseTradingSession,1778604105,11,0,1
ffe5xhmq,10,keffe6of,100,trader_bridge_app,PauseTradingSession,1778604105,11,0,1
ffe5xhmq,11,quvmw080,100,trader_bridge_app,PauseTradingSession,1778604105,11,0,1
ffe5xhmq,12,zmzx9bpp,100,trader_bridge_app,PauseTradingSession,1778604105,11,0,1
ffe5xhmq,11,quvmw080,102,trader_bridge_app,DayBreak,1778604108,11,0,0
ffe5xhmq,9,2mz5up3e,102,trader_bridge_app,DayBreak,1778604113,11,0,0
ffe5xhmq,10,keffe6of,102,trader_bridge_app,DayBreak,1778604113,11,0,0
ffe5xhmq,7,6kvq85km,102,trader_bridge_app,DayBreak,1778604115,11,0,0
ffe5xhmq,12,zmzx9bpp,102,trader_bridge_app,DayBreak,1778604115,11,0,0
ffe5xhmq,8,7dpcven3,102,trader_bridge_app,DayBreak,1778604125,11,1,0
ffe5xhmq,7,6kvq85km,106,trader_bridge_app,ResumeTradingSession,1778604126,12,0,1
ffe5xhmq,8,7dpcven3,106,trader_bridge_app,ResumeTradingSession,1778604126,12,0,1
ffe5xhmq,9,2mz5up3e,106,trader_bridge_app,ResumeTradingSession,1778604126,12,0,1
ffe5xhmq,10,keffe6of,106,trader_bridge_app,ResumeTradingSession,1778604126,12,0,1
ffe5xhmq,11,quvmw080,106,trader_bridge_app,ResumeTradingSession,1778604126,12,0,1
ffe5xhmq,12,zmzx9bpp,106,trader_bridge_app,ResumeTradingSession,1778604126,12,0,1
ffe5xhmq,14,r2eorolq,153,trader_bridge_app,TradePage,1778604129,17,0,0
ffe5xhmq,13,er9d8a5v,153,trader_bridge_app,TradePage,1778604129,17,0,0
ffe5xhmq,13,er9d8a5v,154,trader_bridge_app,PauseTradingSession,1778604129,17,0,1
ffe5xhmq,14,r2eorolq,154,trader_bridge_app,PauseTradingSession,1778604129,17,0,1
ffe5xhmq,13,er9d8a5v,156,trader_bridge_app,DayBreak,1778604131,17,0,0
ffe5xhmq,14,r2eorolq,156,trader_bridge_app,DayBreak,1778604132,17,0,0
ffe5xhmq,13,er9d8a5v,160,trader_bridge_app,ResumeTradingSession,1778604132,18,0,1
ffe5xhmq,14,r2eorolq,160,trader_bridge_app,ResumeTradingSession,1778604132,18,0,1
ffe5xhmq,6,hk3teh8u,117,trader_bridge_app,TradePage,1778604155,13,0,0
ffe5xhmq,5,twrkr7hz,117,trader_bridge_app,TradePage,1778604155,13,0,0
ffe5xhmq,1,viseix7p,117,trader_bridge_app,TradePage,1778604155,13,0,0
ffe5xhmq,3,kmcc2p31,117,trader_bridge_app,TradePage,1778604155,13,0,0
ffe5xhmq,4,snooaw5j,117,trader_bridge_app,TradePage,1778604155,13,0,0
ffe5xhmq,2,qhz5zte3,117,trader_bridge_app,TradePage,1778604155,13,0,0
ffe5xhmq,1,viseix7p,118,trader_bridge_app,PauseTradingSession,1778604155,13,0,1
ffe5xhmq,2,qhz5zte3,118,trader_bridge_app,PauseTradingSession,1778604155,13,0,1
ffe5xhmq,3,kmcc2p31,118,trader_bridge_app,PauseTradingSession,1778604155,13,0,1
ffe5xhmq,4,snooaw5j,118,trader_bridge_app,PauseTradingSession,1778604155,13,0,1
ffe5xhmq,5,twrkr7hz,118,trader_bridge_app,PauseTradingSession,1778604155,13,0,1
ffe5xhmq,6,hk3teh8u,118,trader_bridge_app,PauseTradingSession,1778604155,13,0,1
ffe5xhmq,4,snooaw5j,120,trader_bridge_app,DayBreak,1778604160,13,0,0
ffe5xhmq,2,qhz5zte3,120,trader_bridge_app,DayBreak,1778604162,13,0,0
ffe5xhmq,1,viseix7p,120,trader_bridge_app,DayBreak,1778604163,13,0,0
ffe5xhmq,3,kmcc2p31,120,trader_bridge_app,DayBreak,1778604164,13,0,0
ffe5xhmq,5,twrkr7hz,120,trader_bridge_app,DayBreak,1778604174,13,0,0
ffe5xhmq,6,hk3teh8u,120,trader_bridge_app,DayBreak,1778604176,13,1,0
ffe5xhmq,1,viseix7p,124,trader_bridge_app,ResumeTradingSession,1778604176,14,0,1
ffe5xhmq,2,qhz5zte3,124,trader_bridge_app,ResumeTradingSession,1778604176,14,0,1
ffe5xhmq,5,twrkr7hz,124,trader_bridge_app,ResumeTradingSession,1778604176,14,0,1
ffe5xhmq,6,hk3teh8u,124,trader_bridge_app,ResumeTradingSession,1778604176,14,0,1
ffe5xhmq,3,kmcc2p31,124,trader_bridge_app,ResumeTradingSession,1778604176,14,0,1
ffe5xhmq,4,snooaw5j,124,trader_bridge_app,ResumeTradingSession,1778604176,14,0,1
ffe5xhmq,8,7dpcven3,108,trader_bridge_app,TradePage,1778604187,12,0,0
ffe5xhmq,11,quvmw080,108,trader_bridge_app,TradePage,1778604187,12,0,0
ffe5xhmq,7,6kvq85km,108,trader_bridge_app,TradePage,1778604187,12,0,0
ffe5xhmq,9,2mz5up3e,108,trader_bridge_app,TradePage,1778604187,12,0,0
ffe5xhmq,10,keffe6of,108,trader_bridge_app,TradePage,1778604187,12,0,0
ffe5xhmq,12,zmzx9bpp,108,trader_bridge_app,TradePage,1778604187,12,0,0
ffe5xhmq,7,6kvq85km,109,trader_bridge_app,PauseTradingSession,1778604187,12,0,1
ffe5xhmq,8,7dpcven3,109,trader_bridge_app,PauseTradingSession,1778604187,12,0,1
ffe5xhmq,9,2mz5up3e,109,trader_bridge_app,PauseTradingSession,1778604187,12,0,1
ffe5xhmq,10,keffe6of,109,trader_bridge_app,PauseTradingSession,1778604187,12,0,1
ffe5xhmq,11,quvmw080,109,trader_bridge_app,PauseTradingSession,1778604187,12,0,1
ffe5xhmq,12,zmzx9bpp,109,trader_bridge_app,PauseTradingSession,1778604187,12,0,1
ffe5xhmq,14,r2eorolq,162,trader_bridge_app,TradePage,1778604193,18,0,0
ffe5xhmq,13,er9d8a5v,162,trader_bridge_app,TradePage,1778604193,18,0,0
ffe5xhmq,13,er9d8a5v,164,trader_bridge_app,FinalizeTradingSession,1778604193,18,0,1
ffe5xhmq,14,r2eorolq,164,trader_bridge_app,FinalizeTradingSession,1778604193,18,0,1
ffe5xhmq,10,keffe6of,111,trader_bridge_app,DayBreak,1778604195,12,0,0
ffe5xhmq,8,7dpcven3,111,trader_bridge_app,DayBreak,1778604198,12,0,0
ffe5xhmq,14,r2eorolq,165,trader_bridge_app,DayBreak,1778604200,18,0,0
ffe5xhmq,11,quvmw080,111,trader_bridge_app,DayBreak,1778604201,12,0,0
ffe5xhmq,13,er9d8a5v,165,trader_bridge_app,DayBreak,1778604201,18,0,0
ffe5xhmq,13,er9d8a5v,168,trader_bridge_app,SyncTradingSession,1778604201,19,0,1
ffe5xhmq,14,r2eorolq,168,trader_bridge_app,SyncTradingSession,1778604201,19,0,1
ffe5xhmq,13,er9d8a5v,169,trader_bridge_app,ResumeTradingSession,1778604201,19,0,1
ffe5xhmq,14,r2eorolq,169,trader_bridge_app,ResumeTradingSession,1778604201,19,0,1
ffe5xhmq,9,2mz5up3e,111,trader_bridge_app,DayBreak,1778604202,12,0,0
ffe5xhmq,7,6kvq85km,111,trader_bridge_app,DayBreak,1778604204,12,0,0
ffe5xhmq,12,zmzx9bpp,111,trader_bridge_app,DayBreak,1778604207,12,0,0
ffe5xhmq,11,quvmw080,115,trader_bridge_app,ResumeTradingSession,1778604207,13,0,1
ffe5xhmq,12,zmzx9bpp,115,trader_bridge_app,ResumeTradingSession,1778604207,13,0,1
ffe5xhmq,7,6kvq85km,115,trader_bridge_app,ResumeTradingSession,1778604207,13,0,1
ffe5xhmq,8,7dpcven3,115,trader_bridge_app,ResumeTradingSession,1778604207,13,0,1
ffe5xhmq,9,2mz5up3e,115,trader_bridge_app,ResumeTradingSession,1778604207,13,0,1
ffe5xhmq,10,keffe6of,115,trader_bridge_app,ResumeTradingSession,1778604207,13,0,1
ffe5xhmq,6,hk3teh8u,126,trader_bridge_app,TradePage,1778604237,14,0,0
ffe5xhmq,2,qhz5zte3,126,trader_bridge_app,TradePage,1778604237,14,0,0
ffe5xhmq,1,viseix7p,126,trader_bridge_app,TradePage,1778604237,14,0,0
ffe5xhmq,5,twrkr7hz,126,trader_bridge_app,TradePage,1778604237,14,0,0
ffe5xhmq,4,snooaw5j,126,trader_bridge_app,TradePage,1778604237,14,0,0
ffe5xhmq,3,kmcc2p31,126,trader_bridge_app,TradePage,1778604237,14,0,0
ffe5xhmq,1,viseix7p,127,trader_bridge_app,PauseTradingSession,1778604237,14,0,1
ffe5xhmq,2,qhz5zte3,127,trader_bridge_app,PauseTradingSession,1778604237,14,0,1
ffe5xhmq,3,kmcc2p31,127,trader_bridge_app,PauseTradingSession,1778604237,14,0,1
ffe5xhmq,4,snooaw5j,127,trader_bridge_app,PauseTradingSession,1778604237,14,0,1
ffe5xhmq,5,twrkr7hz,127,trader_bridge_app,PauseTradingSession,1778604237,14,0,1
ffe5xhmq,6,hk3teh8u,127,trader_bridge_app,PauseTradingSession,1778604237,14,0,1
ffe5xhmq,2,qhz5zte3,129,trader_bridge_app,DayBreak,1778604241,14,0,0
ffe5xhmq,1,viseix7p,129,trader_bridge_app,DayBreak,1778604243,14,0,0
ffe5xhmq,3,kmcc2p31,129,trader_bridge_app,DayBreak,1778604244,14,0,0
ffe5xhmq,6,hk3teh8u,129,trader_bridge_app,DayBreak,1778604245,14,0,0
ffe5xhmq,4,snooaw5j,129,trader_bridge_app,DayBreak,1778604248,14,0,0
ffe5xhmq,5,twrkr7hz,129,trader_bridge_app,DayBreak,1778604257,14,1,0
ffe5xhmq,1,viseix7p,133,trader_bridge_app,ResumeTradingSession,1778604257,15,0,1
ffe5xhmq,2,qhz5zte3,133,trader_bridge_app,ResumeTradingSession,1778604257,15,0,1
ffe5xhmq,3,kmcc2p31,133,trader_bridge_app,ResumeTradingSession,1778604257,15,0,1
ffe5xhmq,4,snooaw5j,133,trader_bridge_app,ResumeTradingSession,1778604257,15,0,1
ffe5xhmq,5,twrkr7hz,133,trader_bridge_app,ResumeTradingSession,1778604257,15,0,1
ffe5xhmq,6,hk3teh8u,133,trader_bridge_app,ResumeTradingSession,1778604257,15,0,1
ffe5xhmq,14,r2eorolq,171,trader_bridge_app,TradePage,1778604262,19,0,0
ffe5xhmq,13,er9d8a5v,171,trader_bridge_app,TradePage,1778604262,19,0,0
ffe5xhmq,13,er9d8a5v,172,trader_bridge_app,PauseTradingSession,1778604262,19,0,1
ffe5xhmq,14,r2eorolq,172,trader_bridge_app,PauseTradingSession,1778604262,19,0,1
ffe5xhmq,13,er9d8a5v,174,trader_bridge_app,DayBreak,1778604264,19,0,0
ffe5xhmq,14,r2eorolq,174,trader_bridge_app,DayBreak,1778604265,19,0,0
ffe5xhmq,13,er9d8a5v,178,trader_bridge_app,ResumeTradingSession,1778604266,20,0,1
ffe5xhmq,14,r2eorolq,178,trader_bridge_app,ResumeTradingSession,1778604266,20,0,1
ffe5xhmq,10,keffe6of,117,trader_bridge_app,TradePage,1778604268,13,0,0
ffe5xhmq,12,zmzx9bpp,117,trader_bridge_app,TradePage,1778604268,13,0,0
ffe5xhmq,11,quvmw080,117,trader_bridge_app,TradePage,1778604268,13,0,0
ffe5xhmq,7,6kvq85km,117,trader_bridge_app,TradePage,1778604268,13,0,0
ffe5xhmq,9,2mz5up3e,117,trader_bridge_app,TradePage,1778604268,13,0,0
ffe5xhmq,8,7dpcven3,117,trader_bridge_app,TradePage,1778604268,13,0,0
ffe5xhmq,7,6kvq85km,118,trader_bridge_app,PauseTradingSession,1778604268,13,0,1
ffe5xhmq,8,7dpcven3,118,trader_bridge_app,PauseTradingSession,1778604268,13,0,1
ffe5xhmq,9,2mz5up3e,118,trader_bridge_app,PauseTradingSession,1778604268,13,0,1
ffe5xhmq,10,keffe6of,118,trader_bridge_app,PauseTradingSession,1778604268,13,0,1
ffe5xhmq,11,quvmw080,118,trader_bridge_app,PauseTradingSession,1778604268,13,0,1
ffe5xhmq,12,zmzx9bpp,118,trader_bridge_app,PauseTradingSession,1778604268,13,0,1
ffe5xhmq,11,quvmw080,120,trader_bridge_app,DayBreak,1778604271,13,0,0
ffe5xhmq,10,keffe6of,120,trader_bridge_app,DayBreak,1778604273,13,0,0
ffe5xhmq,9,2mz5up3e,120,trader_bridge_app,DayBreak,1778604275,13,0,0
ffe5xhmq,12,zmzx9bpp,120,trader_bridge_app,DayBreak,1778604277,13,0,0
ffe5xhmq,8,7dpcven3,120,trader_bridge_app,DayBreak,1778604278,13,0,0
ffe5xhmq,7,6kvq85km,120,trader_bridge_app,DayBreak,1778604288,13,0,0
ffe5xhmq,7,6kvq85km,124,trader_bridge_app,ResumeTradingSession,1778604288,14,0,1
ffe5xhmq,8,7dpcven3,124,trader_bridge_app,ResumeTradingSession,1778604288,14,0,1
ffe5xhmq,9,2mz5up3e,124,trader_bridge_app,ResumeTradingSession,1778604288,14,0,1
ffe5xhmq,10,keffe6of,124,trader_bridge_app,ResumeTradingSession,1778604288,14,0,1
ffe5xhmq,11,quvmw080,124,trader_bridge_app,ResumeTradingSession,1778604288,14,0,1
ffe5xhmq,12,zmzx9bpp,124,trader_bridge_app,ResumeTradingSession,1778604288,14,0,1
ffe5xhmq,2,qhz5zte3,135,trader_bridge_app,TradePage,1778604318,15,0,0
ffe5xhmq,5,twrkr7hz,135,trader_bridge_app,TradePage,1778604318,15,0,0
ffe5xhmq,4,snooaw5j,135,trader_bridge_app,TradePage,1778604318,15,0,0
ffe5xhmq,1,viseix7p,135,trader_bridge_app,TradePage,1778604318,15,0,0
ffe5xhmq,3,kmcc2p31,135,trader_bridge_app,TradePage,1778604318,15,0,0
ffe5xhmq,6,hk3teh8u,135,trader_bridge_app,TradePage,1778604320,15,0,0
ffe5xhmq,1,viseix7p,136,trader_bridge_app,PauseTradingSession,1778604321,15,0,1
ffe5xhmq,2,qhz5zte3,136,trader_bridge_app,PauseTradingSession,1778604321,15,0,1
ffe5xhmq,3,kmcc2p31,136,trader_bridge_app,PauseTradingSession,1778604321,15,0,1
ffe5xhmq,4,snooaw5j,136,trader_bridge_app,PauseTradingSession,1778604321,15,0,1
ffe5xhmq,5,twrkr7hz,136,trader_bridge_app,PauseTradingSession,1778604321,15,0,1
ffe5xhmq,6,hk3teh8u,136,trader_bridge_app,PauseTradingSession,1778604321,15,0,1
ffe5xhmq,14,r2eorolq,180,trader_bridge_app,TradePage,1778604326,20,0,0
ffe5xhmq,13,er9d8a5v,180,trader_bridge_app,TradePage,1778604326,20,0,0
ffe5xhmq,14,r2eorolq,181,trader_bridge_app,PauseTradingSession,1778604327,20,0,1
ffe5xhmq,13,er9d8a5v,181,trader_bridge_app,PauseTradingSession,1778604327,20,0,1
ffe5xhmq,13,er9d8a5v,183,trader_bridge_app,DayBreak,1778604329,20,0,0
ffe5xhmq,14,r2eorolq,183,trader_bridge_app,DayBreak,1778604329,20,0,0
ffe5xhmq,13,er9d8a5v,187,trader_bridge_app,ResumeTradingSession,1778604329,21,0,1
ffe5xhmq,14,r2eorolq,187,trader_bridge_app,ResumeTradingSession,1778604329,21,0,1
ffe5xhmq,1,viseix7p,138,trader_bridge_app,DayBreak,1778604332,15,0,0
ffe5xhmq,5,twrkr7hz,138,trader_bridge_app,DayBreak,1778604335,15,0,0
ffe5xhmq,6,hk3teh8u,138,trader_bridge_app,DayBreak,1778604335,15,0,0
ffe5xhmq,2,qhz5zte3,138,trader_bridge_app,DayBreak,1778604336,15,0,0
ffe5xhmq,3,kmcc2p31,138,trader_bridge_app,DayBreak,1778604337,15,0,0
ffe5xhmq,4,snooaw5j,138,trader_bridge_app,DayBreak,1778604337,15,0,0
ffe5xhmq,1,viseix7p,142,trader_bridge_app,ResumeTradingSession,1778604337,16,0,1
ffe5xhmq,2,qhz5zte3,142,trader_bridge_app,ResumeTradingSession,1778604337,16,0,1
ffe5xhmq,3,kmcc2p31,142,trader_bridge_app,ResumeTradingSession,1778604337,16,0,1
ffe5xhmq,4,snooaw5j,142,trader_bridge_app,ResumeTradingSession,1778604337,16,0,1
ffe5xhmq,5,twrkr7hz,142,trader_bridge_app,ResumeTradingSession,1778604337,16,0,1
ffe5xhmq,6,hk3teh8u,142,trader_bridge_app,ResumeTradingSession,1778604337,16,0,1
ffe5xhmq,7,6kvq85km,126,trader_bridge_app,TradePage,1778604349,14,0,0
ffe5xhmq,9,2mz5up3e,126,trader_bridge_app,TradePage,1778604349,14,0,0
ffe5xhmq,11,quvmw080,126,trader_bridge_app,TradePage,1778604349,14,0,0
ffe5xhmq,8,7dpcven3,126,trader_bridge_app,TradePage,1778604349,14,0,0
ffe5xhmq,10,keffe6of,126,trader_bridge_app,TradePage,1778604349,14,0,0
ffe5xhmq,12,zmzx9bpp,126,trader_bridge_app,TradePage,1778604349,14,0,0
ffe5xhmq,7,6kvq85km,127,trader_bridge_app,PauseTradingSession,1778604350,14,0,1
ffe5xhmq,8,7dpcven3,127,trader_bridge_app,PauseTradingSession,1778604350,14,0,1
ffe5xhmq,9,2mz5up3e,127,trader_bridge_app,PauseTradingSession,1778604350,14,0,1
ffe5xhmq,10,keffe6of,127,trader_bridge_app,PauseTradingSession,1778604350,14,0,1
ffe5xhmq,11,quvmw080,127,trader_bridge_app,PauseTradingSession,1778604350,14,0,1
ffe5xhmq,12,zmzx9bpp,127,trader_bridge_app,PauseTradingSession,1778604350,14,0,1
ffe5xhmq,9,2mz5up3e,129,trader_bridge_app,DayBreak,1778604352,14,0,0
ffe5xhmq,10,keffe6of,129,trader_bridge_app,DayBreak,1778604354,14,0,0
ffe5xhmq,8,7dpcven3,129,trader_bridge_app,DayBreak,1778604354,14,0,0
ffe5xhmq,11,quvmw080,129,trader_bridge_app,DayBreak,1778604355,14,0,0
ffe5xhmq,12,zmzx9bpp,129,trader_bridge_app,DayBreak,1778604356,14,0,0
ffe5xhmq,7,6kvq85km,129,trader_bridge_app,DayBreak,1778604369,14,0,0
ffe5xhmq,7,6kvq85km,133,trader_bridge_app,ResumeTradingSession,1778604369,15,0,1
ffe5xhmq,8,7dpcven3,133,trader_bridge_app,ResumeTradingSession,1778604369,15,0,1
ffe5xhmq,9,2mz5up3e,133,trader_bridge_app,ResumeTradingSession,1778604369,15,0,1
ffe5xhmq,10,keffe6of,133,trader_bridge_app,ResumeTradingSession,1778604369,15,0,1
ffe5xhmq,11,quvmw080,133,trader_bridge_app,ResumeTradingSession,1778604369,15,0,1
ffe5xhmq,12,zmzx9bpp,133,trader_bridge_app,ResumeTradingSession,1778604369,15,0,1
ffe5xhmq,14,r2eorolq,189,trader_bridge_app,TradePage,1778604390,21,0,0
ffe5xhmq,13,er9d8a5v,189,trader_bridge_app,TradePage,1778604390,21,0,0
ffe5xhmq,13,er9d8a5v,190,trader_bridge_app,PauseTradingSession,1778604390,21,0,1
ffe5xhmq,14,r2eorolq,190,trader_bridge_app,PauseTradingSession,1778604390,21,0,1
ffe5xhmq,13,er9d8a5v,192,trader_bridge_app,DayBreak,1778604397,21,0,0
ffe5xhmq,4,snooaw5j,144,trader_bridge_app,TradePage,1778604398,16,0,0
ffe5xhmq,6,hk3teh8u,144,trader_bridge_app,TradePage,1778604398,16,0,0
ffe5xhmq,2,qhz5zte3,144,trader_bridge_app,TradePage,1778604398,16,0,0
ffe5xhmq,3,kmcc2p31,144,trader_bridge_app,TradePage,1778604398,16,0,0
ffe5xhmq,5,twrkr7hz,144,trader_bridge_app,TradePage,1778604398,16,0,0
ffe5xhmq,1,viseix7p,144,trader_bridge_app,TradePage,1778604398,16,0,0
ffe5xhmq,2,qhz5zte3,145,trader_bridge_app,PauseTradingSession,1778604398,16,0,1
ffe5xhmq,3,kmcc2p31,145,trader_bridge_app,PauseTradingSession,1778604398,16,0,1
ffe5xhmq,4,snooaw5j,145,trader_bridge_app,PauseTradingSession,1778604398,16,0,1
ffe5xhmq,5,twrkr7hz,145,trader_bridge_app,PauseTradingSession,1778604398,16,0,1
ffe5xhmq,6,hk3teh8u,145,trader_bridge_app,PauseTradingSession,1778604398,16,0,1
ffe5xhmq,1,viseix7p,145,trader_bridge_app,PauseTradingSession,1778604398,16,0,1
ffe5xhmq,14,r2eorolq,192,trader_bridge_app,DayBreak,1778604400,21,0,0
ffe5xhmq,13,er9d8a5v,196,trader_bridge_app,ResumeTradingSession,1778604401,22,0,1
ffe5xhmq,14,r2eorolq,196,trader_bridge_app,ResumeTradingSession,1778604401,22,0,1
ffe5xhmq,2,qhz5zte3,147,trader_bridge_app,DayBreak,1778604404,16,0,0
ffe5xhmq,4,snooaw5j,147,trader_bridge_app,DayBreak,1778604404,16,0,0
ffe5xhmq,1,viseix7p,147,trader_bridge_app,DayBreak,1778604406,16,0,0
ffe5xhmq,6,hk3teh8u,147,trader_bridge_app,DayBreak,1778604410,16,0,0
ffe5xhmq,3,kmcc2p31,147,trader_bridge_app,DayBreak,1778604412,16,0,0
ffe5xhmq,5,twrkr7hz,147,trader_bridge_app,DayBreak,1778604419,16,1,0
ffe5xhmq,1,viseix7p,151,trader_bridge_app,ResumeTradingSession,1778604419,17,0,1
ffe5xhmq,2,qhz5zte3,151,trader_bridge_app,ResumeTradingSession,1778604419,17,0,1
ffe5xhmq,3,kmcc2p31,151,trader_bridge_app,ResumeTradingSession,1778604419,17,0,1
ffe5xhmq,4,snooaw5j,151,trader_bridge_app,ResumeTradingSession,1778604419,17,0,1
ffe5xhmq,5,twrkr7hz,151,trader_bridge_app,ResumeTradingSession,1778604419,17,0,1
ffe5xhmq,6,hk3teh8u,151,trader_bridge_app,ResumeTradingSession,1778604419,17,0,1
ffe5xhmq,7,6kvq85km,135,trader_bridge_app,TradePage,1778604430,15,0,0
ffe5xhmq,10,keffe6of,135,trader_bridge_app,TradePage,1778604430,15,0,0
ffe5xhmq,11,quvmw080,135,trader_bridge_app,TradePage,1778604430,15,0,0
ffe5xhmq,8,7dpcven3,135,trader_bridge_app,TradePage,1778604430,15,0,0
ffe5xhmq,9,2mz5up3e,135,trader_bridge_app,TradePage,1778604430,15,0,0
ffe5xhmq,12,zmzx9bpp,135,trader_bridge_app,TradePage,1778604430,15,0,0
ffe5xhmq,7,6kvq85km,136,trader_bridge_app,PauseTradingSession,1778604431,15,0,1
ffe5xhmq,8,7dpcven3,136,trader_bridge_app,PauseTradingSession,1778604431,15,0,1
ffe5xhmq,9,2mz5up3e,136,trader_bridge_app,PauseTradingSession,1778604431,15,0,1
ffe5xhmq,10,keffe6of,136,trader_bridge_app,PauseTradingSession,1778604431,15,0,1
ffe5xhmq,11,quvmw080,136,trader_bridge_app,PauseTradingSession,1778604431,15,0,1
ffe5xhmq,12,zmzx9bpp,136,trader_bridge_app,PauseTradingSession,1778604431,15,0,1
ffe5xhmq,10,keffe6of,138,trader_bridge_app,DayBreak,1778604438,15,0,0
ffe5xhmq,11,quvmw080,138,trader_bridge_app,DayBreak,1778604440,15,0,0
ffe5xhmq,8,7dpcven3,138,trader_bridge_app,DayBreak,1778604442,15,0,0
ffe5xhmq,12,zmzx9bpp,138,trader_bridge_app,DayBreak,1778604450,15,0,0
ffe5xhmq,7,6kvq85km,138,trader_bridge_app,DayBreak,1778604451,15,0,0
ffe5xhmq,9,2mz5up3e,138,trader_bridge_app,DayBreak,1778604451,15,1,0
ffe5xhmq,7,6kvq85km,142,trader_bridge_app,ResumeTradingSession,1778604451,16,0,1
ffe5xhmq,8,7dpcven3,142,trader_bridge_app,ResumeTradingSession,1778604451,16,0,1
ffe5xhmq,9,2mz5up3e,142,trader_bridge_app,ResumeTradingSession,1778604451,16,0,1
ffe5xhmq,10,keffe6of,142,trader_bridge_app,ResumeTradingSession,1778604451,16,0,1
ffe5xhmq,11,quvmw080,142,trader_bridge_app,ResumeTradingSession,1778604451,16,0,1
ffe5xhmq,12,zmzx9bpp,142,trader_bridge_app,ResumeTradingSession,1778604451,16,0,1
ffe5xhmq,14,r2eorolq,198,trader_bridge_app,TradePage,1778604461,22,0,0
ffe5xhmq,13,er9d8a5v,198,trader_bridge_app,TradePage,1778604461,22,0,0
ffe5xhmq,13,er9d8a5v,199,trader_bridge_app,PauseTradingSession,1778604462,22,0,1
ffe5xhmq,14,r2eorolq,199,trader_bridge_app,PauseTradingSession,1778604462,22,0,1
ffe5xhmq,13,er9d8a5v,201,trader_bridge_app,DayBreak,1778604463,22,0,0
ffe5xhmq,14,r2eorolq,201,trader_bridge_app,DayBreak,1778604464,22,0,0
ffe5xhmq,13,er9d8a5v,205,trader_bridge_app,ResumeTradingSession,1778604464,23,0,1
ffe5xhmq,14,r2eorolq,205,trader_bridge_app,ResumeTradingSession,1778604464,23,0,1
ffe5xhmq,6,hk3teh8u,153,trader_bridge_app,TradePage,1778604480,17,0,0
ffe5xhmq,5,twrkr7hz,153,trader_bridge_app,TradePage,1778604480,17,0,0
ffe5xhmq,4,snooaw5j,153,trader_bridge_app,TradePage,1778604480,17,0,0
ffe5xhmq,2,qhz5zte3,153,trader_bridge_app,TradePage,1778604480,17,0,0
ffe5xhmq,3,kmcc2p31,153,trader_bridge_app,TradePage,1778604480,17,0,0
ffe5xhmq,1,viseix7p,153,trader_bridge_app,TradePage,1778604480,17,0,0
ffe5xhmq,1,viseix7p,154,trader_bridge_app,PauseTradingSession,1778604480,17,0,1
ffe5xhmq,2,qhz5zte3,154,trader_bridge_app,PauseTradingSession,1778604480,17,0,1
ffe5xhmq,3,kmcc2p31,154,trader_bridge_app,PauseTradingSession,1778604480,17,0,1
ffe5xhmq,4,snooaw5j,154,trader_bridge_app,PauseTradingSession,1778604480,17,0,1
ffe5xhmq,5,twrkr7hz,154,trader_bridge_app,PauseTradingSession,1778604480,17,0,1
ffe5xhmq,6,hk3teh8u,154,trader_bridge_app,PauseTradingSession,1778604480,17,0,1
ffe5xhmq,6,hk3teh8u,156,trader_bridge_app,DayBreak,1778604485,17,0,0
ffe5xhmq,3,kmcc2p31,156,trader_bridge_app,DayBreak,1778604485,17,0,0
ffe5xhmq,2,qhz5zte3,156,trader_bridge_app,DayBreak,1778604487,17,0,0
ffe5xhmq,1,viseix7p,156,trader_bridge_app,DayBreak,1778604490,17,0,0
ffe5xhmq,4,snooaw5j,156,trader_bridge_app,DayBreak,1778604492,17,0,0
ffe5xhmq,5,twrkr7hz,156,trader_bridge_app,DayBreak,1778604501,17,1,0
ffe5xhmq,1,viseix7p,160,trader_bridge_app,ResumeTradingSession,1778604501,18,0,1
ffe5xhmq,2,qhz5zte3,160,trader_bridge_app,ResumeTradingSession,1778604501,18,0,1
ffe5xhmq,3,kmcc2p31,160,trader_bridge_app,ResumeTradingSession,1778604501,18,0,1
ffe5xhmq,4,snooaw5j,160,trader_bridge_app,ResumeTradingSession,1778604501,18,0,1
ffe5xhmq,5,twrkr7hz,160,trader_bridge_app,ResumeTradingSession,1778604501,18,0,1
ffe5xhmq,6,hk3teh8u,160,trader_bridge_app,ResumeTradingSession,1778604501,18,0,1
ffe5xhmq,9,2mz5up3e,144,trader_bridge_app,TradePage,1778604512,16,0,0
ffe5xhmq,7,6kvq85km,144,trader_bridge_app,TradePage,1778604512,16,0,0
ffe5xhmq,12,zmzx9bpp,144,trader_bridge_app,TradePage,1778604512,16,0,0
ffe5xhmq,11,quvmw080,144,trader_bridge_app,TradePage,1778604512,16,0,0
ffe5xhmq,10,keffe6of,144,trader_bridge_app,TradePage,1778604512,16,0,0
ffe5xhmq,8,7dpcven3,144,trader_bridge_app,TradePage,1778604512,16,0,0
ffe5xhmq,7,6kvq85km,145,trader_bridge_app,PauseTradingSession,1778604512,16,0,1
ffe5xhmq,8,7dpcven3,145,trader_bridge_app,PauseTradingSession,1778604512,16,0,1
ffe5xhmq,9,2mz5up3e,145,trader_bridge_app,PauseTradingSession,1778604512,16,0,1
ffe5xhmq,10,keffe6of,145,trader_bridge_app,PauseTradingSession,1778604512,16,0,1
ffe5xhmq,11,quvmw080,145,trader_bridge_app,PauseTradingSession,1778604512,16,0,1
ffe5xhmq,12,zmzx9bpp,145,trader_bridge_app,PauseTradingSession,1778604512,16,0,1
ffe5xhmq,10,keffe6of,147,trader_bridge_app,DayBreak,1778604515,16,0,0
ffe5xhmq,11,quvmw080,147,trader_bridge_app,DayBreak,1778604516,16,0,0
ffe5xhmq,8,7dpcven3,147,trader_bridge_app,DayBreak,1778604517,16,0,0
ffe5xhmq,9,2mz5up3e,147,trader_bridge_app,DayBreak,1778604518,16,0,0
ffe5xhmq,12,zmzx9bpp,147,trader_bridge_app,DayBreak,1778604520,16,0,0
ffe5xhmq,14,r2eorolq,207,trader_bridge_app,TradePage,1778604525,23,0,0
ffe5xhmq,13,er9d8a5v,207,trader_bridge_app,TradePage,1778604525,23,0,0
ffe5xhmq,13,er9d8a5v,208,trader_bridge_app,PauseTradingSession,1778604525,23,0,1
ffe5xhmq,14,r2eorolq,208,trader_bridge_app,PauseTradingSession,1778604525,23,0,1
ffe5xhmq,13,er9d8a5v,210,trader_bridge_app,DayBreak,1778604527,23,0,0
ffe5xhmq,14,r2eorolq,210,trader_bridge_app,DayBreak,1778604527,23,0,0
ffe5xhmq,13,er9d8a5v,214,trader_bridge_app,ResumeTradingSession,1778604527,24,0,1
ffe5xhmq,14,r2eorolq,214,trader_bridge_app,ResumeTradingSession,1778604527,24,0,1
ffe5xhmq,7,6kvq85km,147,trader_bridge_app,DayBreak,1778604529,16,0,0
ffe5xhmq,7,6kvq85km,151,trader_bridge_app,ResumeTradingSession,1778604529,17,0,1
ffe5xhmq,8,7dpcven3,151,trader_bridge_app,ResumeTradingSession,1778604529,17,0,1
ffe5xhmq,10,keffe6of,151,trader_bridge_app,ResumeTradingSession,1778604529,17,0,1
ffe5xhmq,11,quvmw080,151,trader_bridge_app,ResumeTradingSession,1778604529,17,0,1
ffe5xhmq,12,zmzx9bpp,151,trader_bridge_app,ResumeTradingSession,1778604529,17,0,1
ffe5xhmq,9,2mz5up3e,151,trader_bridge_app,ResumeTradingSession,1778604529,17,0,1
ffe5xhmq,6,hk3teh8u,162,trader_bridge_app,TradePage,1778604562,18,0,0
ffe5xhmq,5,twrkr7hz,162,trader_bridge_app,TradePage,1778604562,18,0,0
ffe5xhmq,1,viseix7p,162,trader_bridge_app,TradePage,1778604562,18,0,0
ffe5xhmq,4,snooaw5j,162,trader_bridge_app,TradePage,1778604562,18,0,0
ffe5xhmq,2,qhz5zte3,162,trader_bridge_app,TradePage,1778604562,18,0,0
ffe5xhmq,3,kmcc2p31,162,trader_bridge_app,TradePage,1778604562,18,0,0
ffe5xhmq,1,viseix7p,164,trader_bridge_app,FinalizeTradingSession,1778604562,18,0,1
ffe5xhmq,2,qhz5zte3,164,trader_bridge_app,FinalizeTradingSession,1778604562,18,0,1
ffe5xhmq,3,kmcc2p31,164,trader_bridge_app,FinalizeTradingSession,1778604562,18,0,1
ffe5xhmq,4,snooaw5j,164,trader_bridge_app,FinalizeTradingSession,1778604562,18,0,1
ffe5xhmq,5,twrkr7hz,164,trader_bridge_app,FinalizeTradingSession,1778604562,18,0,1
ffe5xhmq,6,hk3teh8u,164,trader_bridge_app,FinalizeTradingSession,1778604562,18,0,1
ffe5xhmq,6,hk3teh8u,165,trader_bridge_app,DayBreak,1778604570,18,0,0
ffe5xhmq,2,qhz5zte3,165,trader_bridge_app,DayBreak,1778604572,18,0,0
ffe5xhmq,1,viseix7p,165,trader_bridge_app,DayBreak,1778604572,18,0,0
ffe5xhmq,3,kmcc2p31,165,trader_bridge_app,DayBreak,1778604578,18,0,0
ffe5xhmq,4,snooaw5j,165,trader_bridge_app,DayBreak,1778604578,18,0,0
ffe5xhmq,5,twrkr7hz,165,trader_bridge_app,DayBreak,1778604583,18,1,0
ffe5xhmq,1,viseix7p,168,trader_bridge_app,SyncTradingSession,1778604583,19,0,1
ffe5xhmq,2,qhz5zte3,168,trader_bridge_app,SyncTradingSession,1778604583,19,0,1
ffe5xhmq,3,kmcc2p31,168,trader_bridge_app,SyncTradingSession,1778604583,19,0,1
ffe5xhmq,4,snooaw5j,168,trader_bridge_app,SyncTradingSession,1778604583,19,0,1
ffe5xhmq,5,twrkr7hz,168,trader_bridge_app,SyncTradingSession,1778604583,19,0,1
ffe5xhmq,6,hk3teh8u,168,trader_bridge_app,SyncTradingSession,1778604583,19,0,1
ffe5xhmq,1,viseix7p,169,trader_bridge_app,ResumeTradingSession,1778604583,19,0,1
ffe5xhmq,2,qhz5zte3,169,trader_bridge_app,ResumeTradingSession,1778604583,19,0,1
ffe5xhmq,3,kmcc2p31,169,trader_bridge_app,ResumeTradingSession,1778604583,19,0,1
ffe5xhmq,4,snooaw5j,169,trader_bridge_app,ResumeTradingSession,1778604583,19,0,1
ffe5xhmq,5,twrkr7hz,169,trader_bridge_app,ResumeTradingSession,1778604583,19,0,1
ffe5xhmq,6,hk3teh8u,169,trader_bridge_app,ResumeTradingSession,1778604583,19,0,1
ffe5xhmq,14,r2eorolq,216,trader_bridge_app,TradePage,1778604588,24,0,0
ffe5xhmq,13,er9d8a5v,216,trader_bridge_app,TradePage,1778604588,24,0,0
ffe5xhmq,13,er9d8a5v,217,trader_bridge_app,PauseTradingSession,1778604588,24,0,1
ffe5xhmq,14,r2eorolq,217,trader_bridge_app,PauseTradingSession,1778604588,24,0,1
ffe5xhmq,7,6kvq85km,153,trader_bridge_app,TradePage,1778604590,17,0,0
ffe5xhmq,8,7dpcven3,153,trader_bridge_app,TradePage,1778604590,17,0,0
ffe5xhmq,10,keffe6of,153,trader_bridge_app,TradePage,1778604590,17,0,0
ffe5xhmq,9,2mz5up3e,153,trader_bridge_app,TradePage,1778604590,17,0,0
ffe5xhmq,12,zmzx9bpp,153,trader_bridge_app,TradePage,1778604590,17,0,0
ffe5xhmq,11,quvmw080,153,trader_bridge_app,TradePage,1778604593,17,0,0
ffe5xhmq,7,6kvq85km,154,trader_bridge_app,PauseTradingSession,1778604593,17,0,1
ffe5xhmq,8,7dpcven3,154,trader_bridge_app,PauseTradingSession,1778604593,17,0,1
ffe5xhmq,9,2mz5up3e,154,trader_bridge_app,PauseTradingSession,1778604593,17,0,1
ffe5xhmq,10,keffe6of,154,trader_bridge_app,PauseTradingSession,1778604593,17,0,1
ffe5xhmq,11,quvmw080,154,trader_bridge_app,PauseTradingSession,1778604593,17,0,1
ffe5xhmq,12,zmzx9bpp,154,trader_bridge_app,PauseTradingSession,1778604593,17,0,1
ffe5xhmq,13,er9d8a5v,219,trader_bridge_app,DayBreak,1778604594,24,0,0
ffe5xhmq,10,keffe6of,156,trader_bridge_app,DayBreak,1778604596,17,0,0
ffe5xhmq,11,quvmw080,156,trader_bridge_app,DayBreak,1778604596,17,0,0
ffe5xhmq,8,7dpcven3,156,trader_bridge_app,DayBreak,1778604600,17,0,0
ffe5xhmq,9,2mz5up3e,156,trader_bridge_app,DayBreak,1778604601,17,0,0
ffe5xhmq,14,r2eorolq,219,trader_bridge_app,DayBreak,1778604601,24,0,0
ffe5xhmq,13,er9d8a5v,223,trader_bridge_app,ResumeTradingSession,1778604601,25,0,1
ffe5xhmq,14,r2eorolq,223,trader_bridge_app,ResumeTradingSession,1778604601,25,0,1
ffe5xhmq,12,zmzx9bpp,156,trader_bridge_app,DayBreak,1778604605,17,0,0
ffe5xhmq,7,6kvq85km,156,trader_bridge_app,DayBreak,1778604609,17,0,0
ffe5xhmq,7,6kvq85km,160,trader_bridge_app,ResumeTradingSession,1778604609,18,0,1
ffe5xhmq,8,7dpcven3,160,trader_bridge_app,ResumeTradingSession,1778604609,18,0,1
ffe5xhmq,9,2mz5up3e,160,trader_bridge_app,ResumeTradingSession,1778604609,18,0,1
ffe5xhmq,10,keffe6of,160,trader_bridge_app,ResumeTradingSession,1778604609,18,0,1
ffe5xhmq,11,quvmw080,160,trader_bridge_app,ResumeTradingSession,1778604609,18,0,1
ffe5xhmq,12,zmzx9bpp,160,trader_bridge_app,ResumeTradingSession,1778604609,18,0,1
ffe5xhmq,1,viseix7p,171,trader_bridge_app,TradePage,1778604644,19,0,0
ffe5xhmq,4,snooaw5j,171,trader_bridge_app,TradePage,1778604644,19,0,0
ffe5xhmq,6,hk3teh8u,171,trader_bridge_app,TradePage,1778604644,19,0,0
ffe5xhmq,3,kmcc2p31,171,trader_bridge_app,TradePage,1778604644,19,0,0
ffe5xhmq,2,qhz5zte3,171,trader_bridge_app,TradePage,1778604644,19,0,0
ffe5xhmq,5,twrkr7hz,171,trader_bridge_app,TradePage,1778604644,19,0,0
ffe5xhmq,1,viseix7p,172,trader_bridge_app,PauseTradingSession,1778604644,19,0,1
ffe5xhmq,2,qhz5zte3,172,trader_bridge_app,PauseTradingSession,1778604644,19,0,1
ffe5xhmq,3,kmcc2p31,172,trader_bridge_app,PauseTradingSession,1778604644,19,0,1
ffe5xhmq,4,snooaw5j,172,trader_bridge_app,PauseTradingSession,1778604644,19,0,1
ffe5xhmq,5,twrkr7hz,172,trader_bridge_app,PauseTradingSession,1778604644,19,0,1
ffe5xhmq,6,hk3teh8u,172,trader_bridge_app,PauseTradingSession,1778604644,19,0,1
ffe5xhmq,2,qhz5zte3,174,trader_bridge_app,DayBreak,1778604648,19,0,0
ffe5xhmq,3,kmcc2p31,174,trader_bridge_app,DayBreak,1778604648,19,0,0
ffe5xhmq,1,viseix7p,174,trader_bridge_app,DayBreak,1778604652,19,0,0
ffe5xhmq,6,hk3teh8u,174,trader_bridge_app,DayBreak,1778604657,19,0,0
ffe5xhmq,4,snooaw5j,174,trader_bridge_app,DayBreak,1778604658,19,0,0
ffe5xhmq,14,r2eorolq,225,trader_bridge_app,TradePage,1778604662,25,0,0
ffe5xhmq,13,er9d8a5v,225,trader_bridge_app,TradePage,1778604662,25,0,0
ffe5xhmq,13,er9d8a5v,226,trader_bridge_app,PauseTradingSession,1778604662,25,0,1
ffe5xhmq,14,r2eorolq,226,trader_bridge_app,PauseTradingSession,1778604662,25,0,1
ffe5xhmq,13,er9d8a5v,228,trader_bridge_app,DayBreak,1778604664,25,0,0
ffe5xhmq,14,r2eorolq,228,trader_bridge_app,DayBreak,1778604665,25,0,0
ffe5xhmq,13,er9d8a5v,232,trader_bridge_app,ResumeTradingSession,1778604665,26,0,1
ffe5xhmq,14,r2eorolq,232,trader_bridge_app,ResumeTradingSession,1778604665,26,0,1
ffe5xhmq,5,twrkr7hz,174,trader_bridge_app,DayBreak,1778604665,19,1,0
ffe5xhmq,1,viseix7p,178,trader_bridge_app,ResumeTradingSession,1778604665,20,0,1
ffe5xhmq,2,qhz5zte3,178,trader_bridge_app,ResumeTradingSession,1778604665,20,0,1
ffe5xhmq,3,kmcc2p31,178,trader_bridge_app,ResumeTradingSession,1778604665,20,0,1
ffe5xhmq,4,snooaw5j,178,trader_bridge_app,ResumeTradingSession,1778604665,20,0,1
ffe5xhmq,5,twrkr7hz,178,trader_bridge_app,ResumeTradingSession,1778604665,20,0,1
ffe5xhmq,6,hk3teh8u,178,trader_bridge_app,ResumeTradingSession,1778604665,20,0,1
ffe5xhmq,7,6kvq85km,162,trader_bridge_app,TradePage,1778604670,18,0,0
ffe5xhmq,9,2mz5up3e,162,trader_bridge_app,TradePage,1778604670,18,0,0
ffe5xhmq,12,zmzx9bpp,162,trader_bridge_app,TradePage,1778604670,18,0,0
ffe5xhmq,11,quvmw080,162,trader_bridge_app,TradePage,1778604670,18,0,0
ffe5xhmq,8,7dpcven3,162,trader_bridge_app,TradePage,1778604670,18,0,0
ffe5xhmq,10,keffe6of,162,trader_bridge_app,TradePage,1778604670,18,0,0
ffe5xhmq,7,6kvq85km,164,trader_bridge_app,FinalizeTradingSession,1778604670,18,0,1
ffe5xhmq,8,7dpcven3,164,trader_bridge_app,FinalizeTradingSession,1778604670,18,0,1
ffe5xhmq,9,2mz5up3e,164,trader_bridge_app,FinalizeTradingSession,1778604670,18,0,1
ffe5xhmq,10,keffe6of,164,trader_bridge_app,FinalizeTradingSession,1778604670,18,0,1
ffe5xhmq,11,quvmw080,164,trader_bridge_app,FinalizeTradingSession,1778604670,18,0,1
ffe5xhmq,12,zmzx9bpp,164,trader_bridge_app,FinalizeTradingSession,1778604670,18,0,1
ffe5xhmq,10,keffe6of,165,trader_bridge_app,DayBreak,1778604673,18,0,0
ffe5xhmq,11,quvmw080,165,trader_bridge_app,DayBreak,1778604674,18,0,0
ffe5xhmq,8,7dpcven3,165,trader_bridge_app,DayBreak,1778604678,18,0,0
ffe5xhmq,7,6kvq85km,165,trader_bridge_app,DayBreak,1778604682,18,0,0
ffe5xhmq,9,2mz5up3e,165,trader_bridge_app,DayBreak,1778604684,18,0,0
ffe5xhmq,12,zmzx9bpp,165,trader_bridge_app,DayBreak,1778604691,18,1,0
ffe5xhmq,7,6kvq85km,168,trader_bridge_app,SyncTradingSession,1778604691,19,0,1
ffe5xhmq,8,7dpcven3,168,trader_bridge_app,SyncTradingSession,1778604691,19,0,1
ffe5xhmq,9,2mz5up3e,168,trader_bridge_app,SyncTradingSession,1778604691,19,0,1
ffe5xhmq,10,keffe6of,168,trader_bridge_app,SyncTradingSession,1778604691,19,0,1
ffe5xhmq,11,quvmw080,168,trader_bridge_app,SyncTradingSession,1778604691,19,0,1
ffe5xhmq,12,zmzx9bpp,168,trader_bridge_app,SyncTradingSession,1778604691,19,0,1
ffe5xhmq,7,6kvq85km,169,trader_bridge_app,ResumeTradingSession,1778604691,19,0,1
ffe5xhmq,8,7dpcven3,169,trader_bridge_app,ResumeTradingSession,1778604691,19,0,1
ffe5xhmq,9,2mz5up3e,169,trader_bridge_app,ResumeTradingSession,1778604691,19,0,1
ffe5xhmq,10,keffe6of,169,trader_bridge_app,ResumeTradingSession,1778604691,19,0,1
ffe5xhmq,11,quvmw080,169,trader_bridge_app,ResumeTradingSession,1778604691,19,0,1
ffe5xhmq,12,zmzx9bpp,169,trader_bridge_app,ResumeTradingSession,1778604691,19,0,1
ffe5xhmq,14,r2eorolq,234,trader_bridge_app,TradePage,1778604726,26,0,0
ffe5xhmq,13,er9d8a5v,234,trader_bridge_app,TradePage,1778604726,26,0,0
ffe5xhmq,5,twrkr7hz,180,trader_bridge_app,TradePage,1778604726,20,0,0
ffe5xhmq,13,er9d8a5v,235,trader_bridge_app,PauseTradingSession,1778604726,26,0,1
ffe5xhmq,14,r2eorolq,235,trader_bridge_app,PauseTradingSession,1778604726,26,0,1
ffe5xhmq,2,qhz5zte3,180,trader_bridge_app,TradePage,1778604726,20,0,0
ffe5xhmq,6,hk3teh8u,180,trader_bridge_app,TradePage,1778604726,20,0,0
ffe5xhmq,4,snooaw5j,180,trader_bridge_app,TradePage,1778604726,20,0,0
ffe5xhmq,1,viseix7p,180,trader_bridge_app,TradePage,1778604726,20,0,0
ffe5xhmq,3,kmcc2p31,180,trader_bridge_app,TradePage,1778604726,20,0,0
ffe5xhmq,6,hk3teh8u,181,trader_bridge_app,PauseTradingSession,1778604726,20,0,1
ffe5xhmq,1,viseix7p,181,trader_bridge_app,PauseTradingSession,1778604726,20,0,1
ffe5xhmq,2,qhz5zte3,181,trader_bridge_app,PauseTradingSession,1778604726,20,0,1
ffe5xhmq,3,kmcc2p31,181,trader_bridge_app,PauseTradingSession,1778604726,20,0,1
ffe5xhmq,4,snooaw5j,181,trader_bridge_app,PauseTradingSession,1778604726,20,0,1
ffe5xhmq,5,twrkr7hz,181,trader_bridge_app,PauseTradingSession,1778604726,20,0,1
ffe5xhmq,3,kmcc2p31,183,trader_bridge_app,DayBreak,1778604728,20,0,0
ffe5xhmq,13,er9d8a5v,237,trader_bridge_app,DayBreak,1778604729,26,0,0
ffe5xhmq,14,r2eorolq,237,trader_bridge_app,DayBreak,1778604729,26,0,0
ffe5xhmq,13,er9d8a5v,241,trader_bridge_app,ResumeTradingSession,1778604729,27,0,1
ffe5xhmq,14,r2eorolq,241,trader_bridge_app,ResumeTradingSession,1778604729,27,0,1
ffe5xhmq,4,snooaw5j,183,trader_bridge_app,DayBreak,1778604731,20,0,0
ffe5xhmq,6,hk3teh8u,183,trader_bridge_app,DayBreak,1778604733,20,0,0
ffe5xhmq,1,viseix7p,183,trader_bridge_app,DayBreak,1778604733,20,0,0
ffe5xhmq,2,qhz5zte3,183,trader_bridge_app,DayBreak,1778604735,20,0,0
ffe5xhmq,5,twrkr7hz,183,trader_bridge_app,DayBreak,1778604747,20,1,0
ffe5xhmq,1,viseix7p,187,trader_bridge_app,ResumeTradingSession,1778604747,21,0,1
ffe5xhmq,2,qhz5zte3,187,trader_bridge_app,ResumeTradingSession,1778604747,21,0,1
ffe5xhmq,3,kmcc2p31,187,trader_bridge_app,ResumeTradingSession,1778604747,21,0,1
ffe5xhmq,4,snooaw5j,187,trader_bridge_app,ResumeTradingSession,1778604747,21,0,1
ffe5xhmq,5,twrkr7hz,187,trader_bridge_app,ResumeTradingSession,1778604747,21,0,1
ffe5xhmq,6,hk3teh8u,187,trader_bridge_app,ResumeTradingSession,1778604747,21,0,1
ffe5xhmq,11,quvmw080,171,trader_bridge_app,TradePage,1778604752,19,0,0
ffe5xhmq,9,2mz5up3e,171,trader_bridge_app,TradePage,1778604752,19,0,0
ffe5xhmq,8,7dpcven3,171,trader_bridge_app,TradePage,1778604752,19,0,0
ffe5xhmq,10,keffe6of,171,trader_bridge_app,TradePage,1778604752,19,0,0
ffe5xhmq,7,6kvq85km,171,trader_bridge_app,TradePage,1778604752,19,0,0
ffe5xhmq,12,zmzx9bpp,171,trader_bridge_app,TradePage,1778604752,19,0,0
ffe5xhmq,7,6kvq85km,172,trader_bridge_app,PauseTradingSession,1778604752,19,0,1
ffe5xhmq,8,7dpcven3,172,trader_bridge_app,PauseTradingSession,1778604752,19,0,1
ffe5xhmq,9,2mz5up3e,172,trader_bridge_app,PauseTradingSession,1778604752,19,0,1
ffe5xhmq,10,keffe6of,172,trader_bridge_app,PauseTradingSession,1778604752,19,0,1
ffe5xhmq,11,quvmw080,172,trader_bridge_app,PauseTradingSession,1778604752,19,0,1
ffe5xhmq,12,zmzx9bpp,172,trader_bridge_app,PauseTradingSession,1778604752,19,0,1
ffe5xhmq,11,quvmw080,174,trader_bridge_app,DayBreak,1778604755,19,0,0
ffe5xhmq,10,keffe6of,174,trader_bridge_app,DayBreak,1778604756,19,0,0
ffe5xhmq,12,zmzx9bpp,174,trader_bridge_app,DayBreak,1778604757,19,0,0
ffe5xhmq,8,7dpcven3,174,trader_bridge_app,DayBreak,1778604758,19,0,0
ffe5xhmq,9,2mz5up3e,174,trader_bridge_app,DayBreak,1778604758,19,0,0
ffe5xhmq,7,6kvq85km,174,trader_bridge_app,DayBreak,1778604772,19,0,0
ffe5xhmq,7,6kvq85km,178,trader_bridge_app,ResumeTradingSession,1778604772,20,0,1
ffe5xhmq,8,7dpcven3,178,trader_bridge_app,ResumeTradingSession,1778604772,20,0,1
ffe5xhmq,9,2mz5up3e,178,trader_bridge_app,ResumeTradingSession,1778604772,20,0,1
ffe5xhmq,10,keffe6of,178,trader_bridge_app,ResumeTradingSession,1778604772,20,0,1
ffe5xhmq,11,quvmw080,178,trader_bridge_app,ResumeTradingSession,1778604772,20,0,1
ffe5xhmq,12,zmzx9bpp,178,trader_bridge_app,ResumeTradingSession,1778604772,20,0,1
ffe5xhmq,14,r2eorolq,243,trader_bridge_app,TradePage,1778604790,27,0,0
ffe5xhmq,13,er9d8a5v,243,trader_bridge_app,TradePage,1778604790,27,0,0
ffe5xhmq,13,er9d8a5v,244,trader_bridge_app,PauseTradingSession,1778604790,27,0,1
ffe5xhmq,14,r2eorolq,244,trader_bridge_app,PauseTradingSession,1778604790,27,0,1
ffe5xhmq,14,r2eorolq,246,trader_bridge_app,DayBreak,1778604799,27,0,0
ffe5xhmq,13,er9d8a5v,246,trader_bridge_app,DayBreak,1778604799,27,0,0
ffe5xhmq,13,er9d8a5v,250,trader_bridge_app,ResumeTradingSession,1778604799,28,0,1
ffe5xhmq,14,r2eorolq,250,trader_bridge_app,ResumeTradingSession,1778604799,28,0,1
ffe5xhmq,6,hk3teh8u,189,trader_bridge_app,TradePage,1778604808,21,0,0
ffe5xhmq,5,twrkr7hz,189,trader_bridge_app,TradePage,1778604808,21,0,0
ffe5xhmq,1,viseix7p,189,trader_bridge_app,TradePage,1778604808,21,0,0
ffe5xhmq,3,kmcc2p31,189,trader_bridge_app,TradePage,1778604808,21,0,0
ffe5xhmq,4,snooaw5j,189,trader_bridge_app,TradePage,1778604808,21,0,0
ffe5xhmq,2,qhz5zte3,189,trader_bridge_app,TradePage,1778604808,21,0,0
ffe5xhmq,1,viseix7p,190,trader_bridge_app,PauseTradingSession,1778604808,21,0,1
ffe5xhmq,2,qhz5zte3,190,trader_bridge_app,PauseTradingSession,1778604808,21,0,1
ffe5xhmq,3,kmcc2p31,190,trader_bridge_app,PauseTradingSession,1778604808,21,0,1
ffe5xhmq,4,snooaw5j,190,trader_bridge_app,PauseTradingSession,1778604808,21,0,1
ffe5xhmq,5,twrkr7hz,190,trader_bridge_app,PauseTradingSession,1778604808,21,0,1
ffe5xhmq,6,hk3teh8u,190,trader_bridge_app,PauseTradingSession,1778604808,21,0,1
ffe5xhmq,4,snooaw5j,192,trader_bridge_app,DayBreak,1778604816,21,0,0
ffe5xhmq,6,hk3teh8u,192,trader_bridge_app,DayBreak,1778604818,21,0,0
ffe5xhmq,5,twrkr7hz,192,trader_bridge_app,DayBreak,1778604822,21,0,0
ffe5xhmq,3,kmcc2p31,192,trader_bridge_app,DayBreak,1778604822,21,0,0
ffe5xhmq,1,viseix7p,192,trader_bridge_app,DayBreak,1778604829,21,0,0
ffe5xhmq,2,qhz5zte3,192,trader_bridge_app,DayBreak,1778604829,21,1,0
ffe5xhmq,6,hk3teh8u,196,trader_bridge_app,ResumeTradingSession,1778604829,22,0,1
ffe5xhmq,1,viseix7p,196,trader_bridge_app,ResumeTradingSession,1778604829,22,0,1
ffe5xhmq,2,qhz5zte3,196,trader_bridge_app,ResumeTradingSession,1778604829,22,0,1
ffe5xhmq,3,kmcc2p31,196,trader_bridge_app,ResumeTradingSession,1778604829,22,0,1
ffe5xhmq,4,snooaw5j,196,trader_bridge_app,ResumeTradingSession,1778604829,22,0,1
ffe5xhmq,5,twrkr7hz,196,trader_bridge_app,ResumeTradingSession,1778604829,22,0,1
ffe5xhmq,7,6kvq85km,180,trader_bridge_app,TradePage,1778604833,20,0,0
ffe5xhmq,11,quvmw080,180,trader_bridge_app,TradePage,1778604833,20,0,0
ffe5xhmq,9,2mz5up3e,180,trader_bridge_app,TradePage,1778604833,20,0,0
ffe5xhmq,12,zmzx9bpp,180,trader_bridge_app,TradePage,1778604833,20,0,0
ffe5xhmq,8,7dpcven3,180,trader_bridge_app,TradePage,1778604833,20,0,0
ffe5xhmq,10,keffe6of,180,trader_bridge_app,TradePage,1778604833,20,0,0
ffe5xhmq,12,zmzx9bpp,181,trader_bridge_app,PauseTradingSession,1778604833,20,0,1
ffe5xhmq,7,6kvq85km,181,trader_bridge_app,PauseTradingSession,1778604833,20,0,1
ffe5xhmq,8,7dpcven3,181,trader_bridge_app,PauseTradingSession,1778604833,20,0,1
ffe5xhmq,9,2mz5up3e,181,trader_bridge_app,PauseTradingSession,1778604833,20,0,1
ffe5xhmq,10,keffe6of,181,trader_bridge_app,PauseTradingSession,1778604833,20,0,1
ffe5xhmq,11,quvmw080,181,trader_bridge_app,PauseTradingSession,1778604833,20,0,1
ffe5xhmq,10,keffe6of,183,trader_bridge_app,DayBreak,1778604836,20,0,0
ffe5xhmq,11,quvmw080,183,trader_bridge_app,DayBreak,1778604836,20,0,0
ffe5xhmq,12,zmzx9bpp,183,trader_bridge_app,DayBreak,1778604838,20,0,0
ffe5xhmq,8,7dpcven3,183,trader_bridge_app,DayBreak,1778604839,20,0,0
ffe5xhmq,9,2mz5up3e,183,trader_bridge_app,DayBreak,1778604840,20,0,0
ffe5xhmq,7,6kvq85km,183,trader_bridge_app,DayBreak,1778604840,20,0,0
ffe5xhmq,7,6kvq85km,187,trader_bridge_app,ResumeTradingSession,1778604841,21,0,1
ffe5xhmq,8,7dpcven3,187,trader_bridge_app,ResumeTradingSession,1778604841,21,0,1
ffe5xhmq,9,2mz5up3e,187,trader_bridge_app,ResumeTradingSession,1778604841,21,0,1
ffe5xhmq,10,keffe6of,187,trader_bridge_app,ResumeTradingSession,1778604841,21,0,1
ffe5xhmq,11,quvmw080,187,trader_bridge_app,ResumeTradingSession,1778604841,21,0,1
ffe5xhmq,12,zmzx9bpp,187,trader_bridge_app,ResumeTradingSession,1778604841,21,0,1
ffe5xhmq,14,r2eorolq,252,trader_bridge_app,TradePage,1778604860,28,0,0
ffe5xhmq,13,er9d8a5v,252,trader_bridge_app,TradePage,1778604860,28,0,0
ffe5xhmq,13,er9d8a5v,253,trader_bridge_app,PauseTradingSession,1778604860,28,0,1
ffe5xhmq,14,r2eorolq,253,trader_bridge_app,PauseTradingSession,1778604860,28,0,1
ffe5xhmq,13,er9d8a5v,255,trader_bridge_app,DayBreak,1778604863,28,0,0
ffe5xhmq,14,r2eorolq,255,trader_bridge_app,DayBreak,1778604867,28,0,0
ffe5xhmq,13,er9d8a5v,259,trader_bridge_app,ResumeTradingSession,1778604867,29,0,1
ffe5xhmq,14,r2eorolq,259,trader_bridge_app,ResumeTradingSession,1778604867,29,0,1
ffe5xhmq,6,hk3teh8u,198,trader_bridge_app,TradePage,1778604890,22,0,0
ffe5xhmq,2,qhz5zte3,198,trader_bridge_app,TradePage,1778604890,22,0,0
ffe5xhmq,1,viseix7p,198,trader_bridge_app,TradePage,1778604890,22,0,0
ffe5xhmq,5,twrkr7hz,198,trader_bridge_app,TradePage,1778604890,22,0,0
ffe5xhmq,4,snooaw5j,198,trader_bridge_app,TradePage,1778604890,22,0,0
ffe5xhmq,3,kmcc2p31,198,trader_bridge_app,TradePage,1778604890,22,0,0
ffe5xhmq,6,hk3teh8u,199,trader_bridge_app,PauseTradingSession,1778604890,22,0,1
ffe5xhmq,1,viseix7p,199,trader_bridge_app,PauseTradingSession,1778604890,22,0,1
ffe5xhmq,2,qhz5zte3,199,trader_bridge_app,PauseTradingSession,1778604890,22,0,1
ffe5xhmq,3,kmcc2p31,199,trader_bridge_app,PauseTradingSession,1778604890,22,0,1
ffe5xhmq,4,snooaw5j,199,trader_bridge_app,PauseTradingSession,1778604890,22,0,1
ffe5xhmq,5,twrkr7hz,199,trader_bridge_app,PauseTradingSession,1778604890,22,0,1
ffe5xhmq,2,qhz5zte3,201,trader_bridge_app,DayBreak,1778604895,22,0,0
ffe5xhmq,6,hk3teh8u,201,trader_bridge_app,DayBreak,1778604895,22,0,0
ffe5xhmq,1,viseix7p,201,trader_bridge_app,DayBreak,1778604897,22,0,0
ffe5xhmq,4,snooaw5j,201,trader_bridge_app,DayBreak,1778604899,22,0,0
ffe5xhmq,7,6kvq85km,189,trader_bridge_app,TradePage,1778604902,21,0,0
ffe5xhmq,11,quvmw080,189,trader_bridge_app,TradePage,1778604902,21,0,0
ffe5xhmq,12,zmzx9bpp,189,trader_bridge_app,TradePage,1778604902,21,0,0
ffe5xhmq,8,7dpcven3,189,trader_bridge_app,TradePage,1778604902,21,0,0
ffe5xhmq,9,2mz5up3e,189,trader_bridge_app,TradePage,1778604902,21,0,0
ffe5xhmq,10,keffe6of,189,trader_bridge_app,TradePage,1778604902,21,0,0
ffe5xhmq,7,6kvq85km,190,trader_bridge_app,PauseTradingSession,1778604902,21,0,1
ffe5xhmq,8,7dpcven3,190,trader_bridge_app,PauseTradingSession,1778604902,21,0,1
ffe5xhmq,9,2mz5up3e,190,trader_bridge_app,PauseTradingSession,1778604902,21,0,1
ffe5xhmq,10,keffe6of,190,trader_bridge_app,PauseTradingSession,1778604902,21,0,1
ffe5xhmq,11,quvmw080,190,trader_bridge_app,PauseTradingSession,1778604902,21,0,1
ffe5xhmq,12,zmzx9bpp,190,trader_bridge_app,PauseTradingSession,1778604902,21,0,1
ffe5xhmq,3,kmcc2p31,201,trader_bridge_app,DayBreak,1778604906,22,0,0
ffe5xhmq,5,twrkr7hz,201,trader_bridge_app,DayBreak,1778604911,22,1,0
ffe5xhmq,1,viseix7p,205,trader_bridge_app,ResumeTradingSession,1778604911,23,0,1
ffe5xhmq,2,qhz5zte3,205,trader_bridge_app,ResumeTradingSession,1778604911,23,0,1
ffe5xhmq,3,kmcc2p31,205,trader_bridge_app,ResumeTradingSession,1778604911,23,0,1
ffe5xhmq,4,snooaw5j,205,trader_bridge_app,ResumeTradingSession,1778604911,23,0,1
ffe5xhmq,5,twrkr7hz,205,trader_bridge_app,ResumeTradingSession,1778604911,23,0,1
ffe5xhmq,6,hk3teh8u,205,trader_bridge_app,ResumeTradingSession,1778604911,23,0,1
ffe5xhmq,10,keffe6of,192,trader_bridge_app,DayBreak,1778604912,21,0,0
ffe5xhmq,12,zmzx9bpp,192,trader_bridge_app,DayBreak,1778604917,21,0,0
ffe5xhmq,9,2mz5up3e,192,trader_bridge_app,DayBreak,1778604918,21,0,0
ffe5xhmq,11,quvmw080,192,trader_bridge_app,DayBreak,1778604918,21,0,0
ffe5xhmq,7,6kvq85km,192,trader_bridge_app,DayBreak,1778604918,21,0,0
ffe5xhmq,8,7dpcven3,192,trader_bridge_app,DayBreak,1778604922,21,0,0
ffe5xhmq,11,quvmw080,196,trader_bridge_app,ResumeTradingSession,1778604922,22,0,1
ffe5xhmq,12,zmzx9bpp,196,trader_bridge_app,ResumeTradingSession,1778604922,22,0,1
ffe5xhmq,7,6kvq85km,196,trader_bridge_app,ResumeTradingSession,1778604922,22,0,1
ffe5xhmq,8,7dpcven3,196,trader_bridge_app,ResumeTradingSession,1778604922,22,0,1
ffe5xhmq,9,2mz5up3e,196,trader_bridge_app,ResumeTradingSession,1778604922,22,0,1
ffe5xhmq,10,keffe6of,196,trader_bridge_app,ResumeTradingSession,1778604922,22,0,1
ffe5xhmq,14,r2eorolq,261,trader_bridge_app,TradePage,1778604928,29,0,0
ffe5xhmq,13,er9d8a5v,261,trader_bridge_app,TradePage,1778604928,29,0,0
ffe5xhmq,13,er9d8a5v,262,trader_bridge_app,PauseTradingSession,1778604928,29,0,1
ffe5xhmq,14,r2eorolq,262,trader_bridge_app,PauseTradingSession,1778604928,29,0,1
ffe5xhmq,13,er9d8a5v,264,trader_bridge_app,DayBreak,1778604931,29,0,0
ffe5xhmq,14,r2eorolq,264,trader_bridge_app,DayBreak,1778604942,29,0,0
ffe5xhmq,13,er9d8a5v,268,trader_bridge_app,ResumeTradingSession,1778604943,30,0,1
ffe5xhmq,14,r2eorolq,268,trader_bridge_app,ResumeTradingSession,1778604943,30,0,1
ffe5xhmq,6,hk3teh8u,207,trader_bridge_app,TradePage,1778604972,23,0,0
ffe5xhmq,1,viseix7p,207,trader_bridge_app,TradePage,1778604972,23,0,0
ffe5xhmq,3,kmcc2p31,207,trader_bridge_app,TradePage,1778604972,23,0,0
ffe5xhmq,2,qhz5zte3,207,trader_bridge_app,TradePage,1778604972,23,0,0
ffe5xhmq,4,snooaw5j,207,trader_bridge_app,TradePage,1778604972,23,0,0
ffe5xhmq,5,twrkr7hz,207,trader_bridge_app,TradePage,1778604972,23,0,0
ffe5xhmq,2,qhz5zte3,208,trader_bridge_app,PauseTradingSession,1778604972,23,0,1
ffe5xhmq,3,kmcc2p31,208,trader_bridge_app,PauseTradingSession,1778604972,23,0,1
ffe5xhmq,4,snooaw5j,208,trader_bridge_app,PauseTradingSession,1778604972,23,0,1
ffe5xhmq,1,viseix7p,208,trader_bridge_app,PauseTradingSession,1778604972,23,0,1
ffe5xhmq,5,twrkr7hz,208,trader_bridge_app,PauseTradingSession,1778604972,23,0,1
ffe5xhmq,6,hk3teh8u,208,trader_bridge_app,PauseTradingSession,1778604972,23,0,1
ffe5xhmq,3,kmcc2p31,210,trader_bridge_app,DayBreak,1778604976,23,0,0
ffe5xhmq,6,hk3teh8u,210,trader_bridge_app,DayBreak,1778604978,23,0,0
ffe5xhmq,4,snooaw5j,210,trader_bridge_app,DayBreak,1778604979,23,0,0
ffe5xhmq,1,viseix7p,210,trader_bridge_app,DayBreak,1778604981,23,0,0
ffe5xhmq,2,qhz5zte3,210,trader_bridge_app,DayBreak,1778604982,23,0,0
ffe5xhmq,10,keffe6of,198,trader_bridge_app,TradePage,1778604983,22,0,0
ffe5xhmq,8,7dpcven3,198,trader_bridge_app,TradePage,1778604983,22,0,0
ffe5xhmq,7,6kvq85km,198,trader_bridge_app,TradePage,1778604983,22,0,0
ffe5xhmq,9,2mz5up3e,198,trader_bridge_app,TradePage,1778604983,22,0,0
ffe5xhmq,11,quvmw080,198,trader_bridge_app,TradePage,1778604983,22,0,0
ffe5xhmq,12,zmzx9bpp,198,trader_bridge_app,TradePage,1778604983,22,0,0
ffe5xhmq,8,7dpcven3,199,trader_bridge_app,PauseTradingSession,1778604983,22,0,1
ffe5xhmq,9,2mz5up3e,199,trader_bridge_app,PauseTradingSession,1778604983,22,0,1
ffe5xhmq,10,keffe6of,199,trader_bridge_app,PauseTradingSession,1778604983,22,0,1
ffe5xhmq,11,quvmw080,199,trader_bridge_app,PauseTradingSession,1778604983,22,0,1
ffe5xhmq,12,zmzx9bpp,199,trader_bridge_app,PauseTradingSession,1778604983,22,0,1
ffe5xhmq,7,6kvq85km,199,trader_bridge_app,PauseTradingSession,1778604983,22,0,1
ffe5xhmq,11,quvmw080,201,trader_bridge_app,DayBreak,1778604987,22,0,0
ffe5xhmq,8,7dpcven3,201,trader_bridge_app,DayBreak,1778604987,22,0,0
ffe5xhmq,12,zmzx9bpp,201,trader_bridge_app,DayBreak,1778604988,22,0,0
ffe5xhmq,10,keffe6of,201,trader_bridge_app,DayBreak,1778604989,22,0,0
ffe5xhmq,7,6kvq85km,201,trader_bridge_app,DayBreak,1778604990,22,0,0
ffe5xhmq,9,2mz5up3e,201,trader_bridge_app,DayBreak,1778604992,22,0,0
ffe5xhmq,7,6kvq85km,205,trader_bridge_app,ResumeTradingSession,1778604992,23,0,1
ffe5xhmq,8,7dpcven3,205,trader_bridge_app,ResumeTradingSession,1778604992,23,0,1
ffe5xhmq,9,2mz5up3e,205,trader_bridge_app,ResumeTradingSession,1778604992,23,0,1
ffe5xhmq,10,keffe6of,205,trader_bridge_app,ResumeTradingSession,1778604992,23,0,1
ffe5xhmq,11,quvmw080,205,trader_bridge_app,ResumeTradingSession,1778604992,23,0,1
ffe5xhmq,12,zmzx9bpp,205,trader_bridge_app,ResumeTradingSession,1778604992,23,0,1
ffe5xhmq,5,twrkr7hz,210,trader_bridge_app,DayBreak,1778604993,23,1,0
ffe5xhmq,1,viseix7p,214,trader_bridge_app,ResumeTradingSession,1778604993,24,0,1
ffe5xhmq,2,qhz5zte3,214,trader_bridge_app,ResumeTradingSession,1778604993,24,0,1
ffe5xhmq,3,kmcc2p31,214,trader_bridge_app,ResumeTradingSession,1778604993,24,0,1
ffe5xhmq,4,snooaw5j,214,trader_bridge_app,ResumeTradingSession,1778604993,24,0,1
ffe5xhmq,5,twrkr7hz,214,trader_bridge_app,ResumeTradingSession,1778604993,24,0,1
ffe5xhmq,6,hk3teh8u,214,trader_bridge_app,ResumeTradingSession,1778604993,24,0,1
ffe5xhmq,14,r2eorolq,270,trader_bridge_app,TradePage,1778605003,30,0,0
ffe5xhmq,13,er9d8a5v,270,trader_bridge_app,TradePage,1778605003,30,0,0
ffe5xhmq,13,er9d8a5v,271,trader_bridge_app,PauseTradingSession,1778605004,30,0,1
ffe5xhmq,14,r2eorolq,271,trader_bridge_app,PauseTradingSession,1778605004,30,0,1
ffe5xhmq,13,er9d8a5v,273,trader_bridge_app,DayBreak,1778605009,30,0,0
ffe5xhmq,14,r2eorolq,273,trader_bridge_app,DayBreak,1778605014,30,0,0
ffe5xhmq,13,er9d8a5v,277,trader_bridge_app,ResumeTradingSession,1778605014,31,0,1
ffe5xhmq,14,r2eorolq,277,trader_bridge_app,ResumeTradingSession,1778605014,31,0,1
ffe5xhmq,9,2mz5up3e,207,trader_bridge_app,TradePage,1778605052,23,0,0
ffe5xhmq,12,zmzx9bpp,207,trader_bridge_app,TradePage,1778605053,23,0,0
ffe5xhmq,8,7dpcven3,207,trader_bridge_app,TradePage,1778605053,23,0,0
ffe5xhmq,7,6kvq85km,207,trader_bridge_app,TradePage,1778605053,23,0,0
ffe5xhmq,11,quvmw080,207,trader_bridge_app,TradePage,1778605053,23,0,0
ffe5xhmq,10,keffe6of,207,trader_bridge_app,TradePage,1778605053,23,0,0
ffe5xhmq,8,7dpcven3,208,trader_bridge_app,PauseTradingSession,1778605053,23,0,1
ffe5xhmq,9,2mz5up3e,208,trader_bridge_app,PauseTradingSession,1778605053,23,0,1
ffe5xhmq,10,keffe6of,208,trader_bridge_app,PauseTradingSession,1778605053,23,0,1
ffe5xhmq,11,quvmw080,208,trader_bridge_app,PauseTradingSession,1778605053,23,0,1
ffe5xhmq,7,6kvq85km,208,trader_bridge_app,PauseTradingSession,1778605053,23,0,1
ffe5xhmq,12,zmzx9bpp,208,trader_bridge_app,PauseTradingSession,1778605053,23,0,1
ffe5xhmq,6,hk3teh8u,216,trader_bridge_app,TradePage,1778605054,24,0,0
ffe5xhmq,5,twrkr7hz,216,trader_bridge_app,TradePage,1778605054,24,0,0
ffe5xhmq,1,viseix7p,216,trader_bridge_app,TradePage,1778605054,24,0,0
ffe5xhmq,3,kmcc2p31,216,trader_bridge_app,TradePage,1778605054,24,0,0
ffe5xhmq,4,snooaw5j,216,trader_bridge_app,TradePage,1778605054,24,0,0
ffe5xhmq,2,qhz5zte3,216,trader_bridge_app,TradePage,1778605054,24,0,0
ffe5xhmq,1,viseix7p,217,trader_bridge_app,PauseTradingSession,1778605054,24,0,1
ffe5xhmq,2,qhz5zte3,217,trader_bridge_app,PauseTradingSession,1778605054,24,0,1
ffe5xhmq,3,kmcc2p31,217,trader_bridge_app,PauseTradingSession,1778605054,24,0,1
ffe5xhmq,4,snooaw5j,217,trader_bridge_app,PauseTradingSession,1778605054,24,0,1
ffe5xhmq,5,twrkr7hz,217,trader_bridge_app,PauseTradingSession,1778605054,24,0,1
ffe5xhmq,6,hk3teh8u,217,trader_bridge_app,PauseTradingSession,1778605054,24,0,1
ffe5xhmq,8,7dpcven3,210,trader_bridge_app,DayBreak,1778605056,23,0,0
ffe5xhmq,11,quvmw080,210,trader_bridge_app,DayBreak,1778605057,23,0,0
ffe5xhmq,9,2mz5up3e,210,trader_bridge_app,DayBreak,1778605058,23,0,0
ffe5xhmq,10,keffe6of,210,trader_bridge_app,DayBreak,1778605059,23,0,0
ffe5xhmq,12,zmzx9bpp,210,trader_bridge_app,DayBreak,1778605059,23,0,0
ffe5xhmq,7,6kvq85km,210,trader_bridge_app,DayBreak,1778605064,23,0,0
ffe5xhmq,7,6kvq85km,214,trader_bridge_app,ResumeTradingSession,1778605064,24,0,1
ffe5xhmq,12,zmzx9bpp,214,trader_bridge_app,ResumeTradingSession,1778605064,24,0,1
ffe5xhmq,8,7dpcven3,214,trader_bridge_app,ResumeTradingSession,1778605064,24,0,1
ffe5xhmq,9,2mz5up3e,214,trader_bridge_app,ResumeTradingSession,1778605064,24,0,1
ffe5xhmq,10,keffe6of,214,trader_bridge_app,ResumeTradingSession,1778605064,24,0,1
ffe5xhmq,11,quvmw080,214,trader_bridge_app,ResumeTradingSession,1778605064,24,0,1
ffe5xhmq,1,viseix7p,219,trader_bridge_app,DayBreak,1778605065,24,0,0
ffe5xhmq,4,snooaw5j,219,trader_bridge_app,DayBreak,1778605065,24,0,0
ffe5xhmq,3,kmcc2p31,219,trader_bridge_app,DayBreak,1778605065,24,0,0
ffe5xhmq,6,hk3teh8u,219,trader_bridge_app,DayBreak,1778605066,24,0,0
ffe5xhmq,2,qhz5zte3,219,trader_bridge_app,DayBreak,1778605066,24,0,0
ffe5xhmq,14,r2eorolq,279,trader_bridge_app,TradePage,1778605075,31,0,0
ffe5xhmq,13,er9d8a5v,279,trader_bridge_app,TradePage,1778605075,31,0,0
ffe5xhmq,13,er9d8a5v,280,trader_bridge_app,PauseTradingSession,1778605075,31,0,1
ffe5xhmq,14,r2eorolq,280,trader_bridge_app,PauseTradingSession,1778605075,31,0,1
ffe5xhmq,5,twrkr7hz,219,trader_bridge_app,DayBreak,1778605075,24,1,0
ffe5xhmq,3,kmcc2p31,223,trader_bridge_app,ResumeTradingSession,1778605075,25,0,1
ffe5xhmq,4,snooaw5j,223,trader_bridge_app,ResumeTradingSession,1778605075,25,0,1
ffe5xhmq,5,twrkr7hz,223,trader_bridge_app,ResumeTradingSession,1778605075,25,0,1
ffe5xhmq,6,hk3teh8u,223,trader_bridge_app,ResumeTradingSession,1778605075,25,0,1
ffe5xhmq,1,viseix7p,223,trader_bridge_app,ResumeTradingSession,1778605075,25,0,1
ffe5xhmq,2,qhz5zte3,223,trader_bridge_app,ResumeTradingSession,1778605075,25,0,1
ffe5xhmq,13,er9d8a5v,282,trader_bridge_app,DayBreak,1778605078,31,0,0
ffe5xhmq,14,r2eorolq,282,trader_bridge_app,DayBreak,1778605078,31,0,0
ffe5xhmq,13,er9d8a5v,286,trader_bridge_app,ResumeTradingSession,1778605078,32,0,1
ffe5xhmq,14,r2eorolq,286,trader_bridge_app,ResumeTradingSession,1778605078,32,0,1
ffe5xhmq,7,6kvq85km,216,trader_bridge_app,TradePage,1778605125,24,0,0
ffe5xhmq,11,quvmw080,216,trader_bridge_app,TradePage,1778605125,24,0,0
ffe5xhmq,10,keffe6of,216,trader_bridge_app,TradePage,1778605125,24,0,0
ffe5xhmq,9,2mz5up3e,216,trader_bridge_app,TradePage,1778605125,24,0,0
ffe5xhmq,8,7dpcven3,216,trader_bridge_app,TradePage,1778605125,24,0,0
ffe5xhmq,12,zmzx9bpp,216,trader_bridge_app,TradePage,1778605125,24,0,0
ffe5xhmq,7,6kvq85km,217,trader_bridge_app,PauseTradingSession,1778605125,24,0,1
ffe5xhmq,11,quvmw080,217,trader_bridge_app,PauseTradingSession,1778605125,24,0,1
ffe5xhmq,12,zmzx9bpp,217,trader_bridge_app,PauseTradingSession,1778605125,24,0,1
ffe5xhmq,8,7dpcven3,217,trader_bridge_app,PauseTradingSession,1778605125,24,0,1
ffe5xhmq,9,2mz5up3e,217,trader_bridge_app,PauseTradingSession,1778605125,24,0,1
ffe5xhmq,10,keffe6of,217,trader_bridge_app,PauseTradingSession,1778605125,24,0,1
ffe5xhmq,10,keffe6of,219,trader_bridge_app,DayBreak,1778605134,24,0,0
ffe5xhmq,7,6kvq85km,219,trader_bridge_app,DayBreak,1778605135,24,0,0
ffe5xhmq,6,hk3teh8u,225,trader_bridge_app,TradePage,1778605137,25,0,0
ffe5xhmq,12,zmzx9bpp,219,trader_bridge_app,DayBreak,1778605137,24,0,0
ffe5xhmq,5,twrkr7hz,225,trader_bridge_app,TradePage,1778605137,25,0,0
ffe5xhmq,1,viseix7p,225,trader_bridge_app,TradePage,1778605137,25,0,0
ffe5xhmq,3,kmcc2p31,225,trader_bridge_app,TradePage,1778605137,25,0,0
ffe5xhmq,2,qhz5zte3,225,trader_bridge_app,TradePage,1778605137,25,0,0
ffe5xhmq,4,snooaw5j,225,trader_bridge_app,TradePage,1778605138,25,0,0
ffe5xhmq,1,viseix7p,226,trader_bridge_app,PauseTradingSession,1778605138,25,0,1
ffe5xhmq,2,qhz5zte3,226,trader_bridge_app,PauseTradingSession,1778605138,25,0,1
ffe5xhmq,3,kmcc2p31,226,trader_bridge_app,PauseTradingSession,1778605138,25,0,1
ffe5xhmq,4,snooaw5j,226,trader_bridge_app,PauseTradingSession,1778605138,25,0,1
ffe5xhmq,5,twrkr7hz,226,trader_bridge_app,PauseTradingSession,1778605138,25,0,1
ffe5xhmq,6,hk3teh8u,226,trader_bridge_app,PauseTradingSession,1778605138,25,0,1
ffe5xhmq,14,r2eorolq,288,trader_bridge_app,TradePage,1778605142,32,0,0
ffe5xhmq,9,2mz5up3e,219,trader_bridge_app,DayBreak,1778605142,24,0,0
ffe5xhmq,13,er9d8a5v,288,trader_bridge_app,TradePage,1778605142,32,0,0
ffe5xhmq,3,kmcc2p31,228,trader_bridge_app,DayBreak,1778605142,25,0,0
ffe5xhmq,13,er9d8a5v,289,trader_bridge_app,PauseTradingSession,1778605143,32,0,1
ffe5xhmq,14,r2eorolq,289,trader_bridge_app,PauseTradingSession,1778605143,32,0,1
ffe5xhmq,6,hk3teh8u,228,trader_bridge_app,DayBreak,1778605143,25,0,0
ffe5xhmq,8,7dpcven3,219,trader_bridge_app,DayBreak,1778605143,24,0,0
ffe5xhmq,2,qhz5zte3,228,trader_bridge_app,DayBreak,1778605143,25,0,0
ffe5xhmq,13,er9d8a5v,291,trader_bridge_app,DayBreak,1778605145,32,0,0
ffe5xhmq,11,quvmw080,219,trader_bridge_app,DayBreak,1778605146,24,1,0
ffe5xhmq,1,viseix7p,228,trader_bridge_app,DayBreak,1778605146,25,0,0
ffe5xhmq,8,7dpcven3,223,trader_bridge_app,ResumeTradingSession,1778605146,25,0,1
ffe5xhmq,9,2mz5up3e,223,trader_bridge_app,ResumeTradingSession,1778605146,25,0,1
ffe5xhmq,10,keffe6of,223,trader_bridge_app,ResumeTradingSession,1778605146,25,0,1
ffe5xhmq,11,quvmw080,223,trader_bridge_app,ResumeTradingSession,1778605146,25,0,1
ffe5xhmq,7,6kvq85km,223,trader_bridge_app,ResumeTradingSession,1778605146,25,0,1
ffe5xhmq,12,zmzx9bpp,223,trader_bridge_app,ResumeTradingSession,1778605146,25,0,1
ffe5xhmq,4,snooaw5j,228,trader_bridge_app,DayBreak,1778605149,25,0,0
ffe5xhmq,14,r2eorolq,291,trader_bridge_app,DayBreak,1778605151,32,0,0
ffe5xhmq,13,er9d8a5v,295,trader_bridge_app,ResumeTradingSession,1778605151,33,0,1
ffe5xhmq,14,r2eorolq,295,trader_bridge_app,ResumeTradingSession,1778605151,33,0,1
ffe5xhmq,5,twrkr7hz,228,trader_bridge_app,DayBreak,1778605161,25,0,0
ffe5xhmq,4,snooaw5j,232,trader_bridge_app,ResumeTradingSession,1778605161,26,0,1
ffe5xhmq,5,twrkr7hz,232,trader_bridge_app,ResumeTradingSession,1778605161,26,0,1
ffe5xhmq,6,hk3teh8u,232,trader_bridge_app,ResumeTradingSession,1778605161,26,0,1
ffe5xhmq,1,viseix7p,232,trader_bridge_app,ResumeTradingSession,1778605161,26,0,1
ffe5xhmq,2,qhz5zte3,232,trader_bridge_app,ResumeTradingSession,1778605161,26,0,1
ffe5xhmq,3,kmcc2p31,232,trader_bridge_app,ResumeTradingSession,1778605161,26,0,1
ffe5xhmq,11,quvmw080,225,trader_bridge_app,TradePage,1778605207,25,0,0
ffe5xhmq,10,keffe6of,225,trader_bridge_app,TradePage,1778605207,25,0,0
ffe5xhmq,12,zmzx9bpp,225,trader_bridge_app,TradePage,1778605207,25,0,0
ffe5xhmq,7,6kvq85km,225,trader_bridge_app,TradePage,1778605207,25,0,0
ffe5xhmq,14,r2eorolq,297,trader_bridge_app,TradePage,1778605212,33,0,0
ffe5xhmq,8,7dpcven3,225,trader_bridge_app,TradePage,1778605218,25,0,0
ffe5xhmq,9,2mz5up3e,225,trader_bridge_app,TradePage,1778605218,25,0,0
ffe5xhmq,7,6kvq85km,226,trader_bridge_app,PauseTradingSession,1778605218,25,0,1
ffe5xhmq,8,7dpcven3,226,trader_bridge_app,PauseTradingSession,1778605218,25,0,1
ffe5xhmq,9,2mz5up3e,226,trader_bridge_app,PauseTradingSession,1778605218,25,0,1
ffe5xhmq,10,keffe6of,226,trader_bridge_app,PauseTradingSession,1778605218,25,0,1
ffe5xhmq,11,quvmw080,226,trader_bridge_app,PauseTradingSession,1778605218,25,0,1
ffe5xhmq,12,zmzx9bpp,226,trader_bridge_app,PauseTradingSession,1778605218,25,0,1
ffe5xhmq,13,er9d8a5v,297,trader_bridge_app,TradePage,1778605219,33,0,0
ffe5xhmq,13,er9d8a5v,299,trader_bridge_app,FinalizeTradingSession,1778605220,33,0,1
ffe5xhmq,14,r2eorolq,299,trader_bridge_app,FinalizeTradingSession,1778605220,33,0,1
ffe5xhmq,5,twrkr7hz,234,trader_bridge_app,TradePage,1778605222,26,0,0
ffe5xhmq,9,2mz5up3e,228,trader_bridge_app,DayBreak,1778605222,25,0,0
ffe5xhmq,10,keffe6of,228,trader_bridge_app,DayBreak,1778605222,25,0,0
ffe5xhmq,13,er9d8a5v,300,trader_bridge_app,DayBreak,1778605223,33,0,0
ffe5xhmq,6,hk3teh8u,234,trader_bridge_app,TradePage,1778605223,26,0,0
ffe5xhmq,8,7dpcven3,228,trader_bridge_app,DayBreak,1778605223,25,0,0
ffe5xhmq,11,quvmw080,228,trader_bridge_app,DayBreak,1778605224,25,0,0
ffe5xhmq,3,kmcc2p31,234,trader_bridge_app,TradePage,1778605225,26,0,0
ffe5xhmq,12,zmzx9bpp,228,trader_bridge_app,DayBreak,1778605226,25,0,0
ffe5xhmq,7,6kvq85km,228,trader_bridge_app,DayBreak,1778605226,25,0,0
ffe5xhmq,12,zmzx9bpp,232,trader_bridge_app,ResumeTradingSession,1778605226,26,0,1
ffe5xhmq,7,6kvq85km,232,trader_bridge_app,ResumeTradingSession,1778605226,26,0,1
ffe5xhmq,8,7dpcven3,232,trader_bridge_app,ResumeTradingSession,1778605226,26,0,1
ffe5xhmq,9,2mz5up3e,232,trader_bridge_app,ResumeTradingSession,1778605226,26,0,1
ffe5xhmq,10,keffe6of,232,trader_bridge_app,ResumeTradingSession,1778605226,26,0,1
ffe5xhmq,11,quvmw080,232,trader_bridge_app,ResumeTradingSession,1778605226,26,0,1
ffe5xhmq,1,viseix7p,234,trader_bridge_app,TradePage,1778605228,26,0,0
ffe5xhmq,14,r2eorolq,300,trader_bridge_app,DayBreak,1778605230,33,0,0
ffe5xhmq,2,qhz5zte3,234,trader_bridge_app,TradePage,1778605230,26,0,0
ffe5xhmq,4,snooaw5j,234,trader_bridge_app,TradePage,1778605231,26,0,0
ffe5xhmq,4,snooaw5j,235,trader_bridge_app,PauseTradingSession,1778605232,26,0,1
ffe5xhmq,5,twrkr7hz,235,trader_bridge_app,PauseTradingSession,1778605232,26,0,1
ffe5xhmq,6,hk3teh8u,235,trader_bridge_app,PauseTradingSession,1778605232,26,0,1
ffe5xhmq,1,viseix7p,235,trader_bridge_app,PauseTradingSession,1778605232,26,0,1
ffe5xhmq,2,qhz5zte3,235,trader_bridge_app,PauseTradingSession,1778605232,26,0,1
ffe5xhmq,3,kmcc2p31,235,trader_bridge_app,PauseTradingSession,1778605232,26,0,1
ffe5xhmq,2,qhz5zte3,237,trader_bridge_app,DayBreak,1778605235,26,0,0
ffe5xhmq,6,hk3teh8u,237,trader_bridge_app,DayBreak,1778605235,26,0,0
ffe5xhmq,4,snooaw5j,237,trader_bridge_app,DayBreak,1778605240,26,0,0
ffe5xhmq,1,viseix7p,237,trader_bridge_app,DayBreak,1778605240,26,0,0
ffe5xhmq,3,kmcc2p31,237,trader_bridge_app,DayBreak,1778605249,26,0,0
ffe5xhmq,5,twrkr7hz,237,trader_bridge_app,DayBreak,1778605252,26,1,0
ffe5xhmq,1,viseix7p,241,trader_bridge_app,ResumeTradingSession,1778605252,27,0,1
ffe5xhmq,2,qhz5zte3,241,trader_bridge_app,ResumeTradingSession,1778605252,27,0,1
ffe5xhmq,3,kmcc2p31,241,trader_bridge_app,ResumeTradingSession,1778605252,27,0,1
ffe5xhmq,4,snooaw5j,241,trader_bridge_app,ResumeTradingSession,1778605252,27,0,1
ffe5xhmq,5,twrkr7hz,241,trader_bridge_app,ResumeTradingSession,1778605252,27,0,1
ffe5xhmq,6,hk3teh8u,241,trader_bridge_app,ResumeTradingSession,1778605252,27,0,1
ffe5xhmq,7,6kvq85km,234,trader_bridge_app,TradePage,1778605287,26,0,0
ffe5xhmq,8,7dpcven3,234,trader_bridge_app,TradePage,1778605287,26,0,0
ffe5xhmq,10,keffe6of,234,trader_bridge_app,TradePage,1778605287,26,0,0
ffe5xhmq,9,2mz5up3e,234,trader_bridge_app,TradePage,1778605287,26,0,0
ffe5xhmq,11,quvmw080,234,trader_bridge_app,TradePage,1778605287,26,0,0
ffe5xhmq,12,zmzx9bpp,234,trader_bridge_app,TradePage,1778605287,26,0,0
ffe5xhmq,12,zmzx9bpp,235,trader_bridge_app,PauseTradingSession,1778605288,26,0,1
ffe5xhmq,10,keffe6of,235,trader_bridge_app,PauseTradingSession,1778605288,26,0,1
ffe5xhmq,11,quvmw080,235,trader_bridge_app,PauseTradingSession,1778605288,26,0,1
ffe5xhmq,7,6kvq85km,235,trader_bridge_app,PauseTradingSession,1778605288,26,0,1
ffe5xhmq,8,7dpcven3,235,trader_bridge_app,PauseTradingSession,1778605288,26,0,1
ffe5xhmq,9,2mz5up3e,235,trader_bridge_app,PauseTradingSession,1778605288,26,0,1
ffe5xhmq,10,keffe6of,237,trader_bridge_app,DayBreak,1778605291,26,0,0
ffe5xhmq,8,7dpcven3,237,trader_bridge_app,DayBreak,1778605291,26,0,0
ffe5xhmq,11,quvmw080,237,trader_bridge_app,DayBreak,1778605292,26,0,0
ffe5xhmq,9,2mz5up3e,237,trader_bridge_app,DayBreak,1778605295,26,0,0
ffe5xhmq,12,zmzx9bpp,237,trader_bridge_app,DayBreak,1778605298,26,0,0
ffe5xhmq,7,6kvq85km,237,trader_bridge_app,DayBreak,1778605299,26,0,0
ffe5xhmq,8,7dpcven3,241,trader_bridge_app,ResumeTradingSession,1778605299,27,0,1
ffe5xhmq,9,2mz5up3e,241,trader_bridge_app,ResumeTradingSession,1778605299,27,0,1
ffe5xhmq,7,6kvq85km,241,trader_bridge_app,ResumeTradingSession,1778605299,27,0,1
ffe5xhmq,10,keffe6of,241,trader_bridge_app,ResumeTradingSession,1778605299,27,0,1
ffe5xhmq,11,quvmw080,241,trader_bridge_app,ResumeTradingSession,1778605299,27,0,1
ffe5xhmq,12,zmzx9bpp,241,trader_bridge_app,ResumeTradingSession,1778605299,27,0,1
ffe5xhmq,6,hk3teh8u,243,trader_bridge_app,TradePage,1778605313,27,0,0
ffe5xhmq,2,qhz5zte3,243,trader_bridge_app,TradePage,1778605313,27,0,0
ffe5xhmq,5,twrkr7hz,243,trader_bridge_app,TradePage,1778605313,27,0,0
ffe5xhmq,3,kmcc2p31,243,trader_bridge_app,TradePage,1778605313,27,0,0
ffe5xhmq,1,viseix7p,243,trader_bridge_app,TradePage,1778605313,27,0,0
ffe5xhmq,4,snooaw5j,243,trader_bridge_app,TradePage,1778605313,27,0,0
ffe5xhmq,1,viseix7p,244,trader_bridge_app,PauseTradingSession,1778605314,27,0,1
ffe5xhmq,2,qhz5zte3,244,trader_bridge_app,PauseTradingSession,1778605314,27,0,1
ffe5xhmq,3,kmcc2p31,244,trader_bridge_app,PauseTradingSession,1778605314,27,0,1
ffe5xhmq,4,snooaw5j,244,trader_bridge_app,PauseTradingSession,1778605314,27,0,1
ffe5xhmq,5,twrkr7hz,244,trader_bridge_app,PauseTradingSession,1778605314,27,0,1
ffe5xhmq,6,hk3teh8u,244,trader_bridge_app,PauseTradingSession,1778605314,27,0,1
ffe5xhmq,6,hk3teh8u,246,trader_bridge_app,DayBreak,1778605320,27,0,0
ffe5xhmq,2,qhz5zte3,246,trader_bridge_app,DayBreak,1778605326,27,0,0
ffe5xhmq,3,kmcc2p31,246,trader_bridge_app,DayBreak,1778605329,27,0,0
ffe5xhmq,4,snooaw5j,246,trader_bridge_app,DayBreak,1778605331,27,0,0
ffe5xhmq,5,twrkr7hz,246,trader_bridge_app,DayBreak,1778605332,27,0,0
ffe5xhmq,1,viseix7p,246,trader_bridge_app,DayBreak,1778605332,27,0,0
ffe5xhmq,5,twrkr7hz,250,trader_bridge_app,ResumeTradingSession,1778605333,28,0,1
ffe5xhmq,6,hk3teh8u,250,trader_bridge_app,ResumeTradingSession,1778605333,28,0,1
ffe5xhmq,1,viseix7p,250,trader_bridge_app,ResumeTradingSession,1778605333,28,0,1
ffe5xhmq,2,qhz5zte3,250,trader_bridge_app,ResumeTradingSession,1778605333,28,0,1
ffe5xhmq,3,kmcc2p31,250,trader_bridge_app,ResumeTradingSession,1778605333,28,0,1
ffe5xhmq,4,snooaw5j,250,trader_bridge_app,ResumeTradingSession,1778605333,28,0,1
ffe5xhmq,7,6kvq85km,243,trader_bridge_app,TradePage,1778605360,27,0,0
ffe5xhmq,12,zmzx9bpp,243,trader_bridge_app,TradePage,1778605360,27,0,0
ffe5xhmq,10,keffe6of,243,trader_bridge_app,TradePage,1778605360,27,0,0
ffe5xhmq,11,quvmw080,243,trader_bridge_app,TradePage,1778605360,27,0,0
ffe5xhmq,9,2mz5up3e,243,trader_bridge_app,TradePage,1778605360,27,0,0
ffe5xhmq,8,7dpcven3,243,trader_bridge_app,TradePage,1778605360,27,0,0
ffe5xhmq,7,6kvq85km,244,trader_bridge_app,PauseTradingSession,1778605360,27,0,1
ffe5xhmq,8,7dpcven3,244,trader_bridge_app,PauseTradingSession,1778605360,27,0,1
ffe5xhmq,10,keffe6of,244,trader_bridge_app,PauseTradingSession,1778605360,27,0,1
ffe5xhmq,9,2mz5up3e,244,trader_bridge_app,PauseTradingSession,1778605360,27,0,1
ffe5xhmq,11,quvmw080,244,trader_bridge_app,PauseTradingSession,1778605360,27,0,1
ffe5xhmq,12,zmzx9bpp,244,trader_bridge_app,PauseTradingSession,1778605360,27,0,1
ffe5xhmq,10,keffe6of,246,trader_bridge_app,DayBreak,1778605367,27,0,0
ffe5xhmq,8,7dpcven3,246,trader_bridge_app,DayBreak,1778605372,27,0,0
ffe5xhmq,11,quvmw080,246,trader_bridge_app,DayBreak,1778605374,27,0,0
ffe5xhmq,7,6kvq85km,246,trader_bridge_app,DayBreak,1778605375,27,0,0
ffe5xhmq,12,zmzx9bpp,246,trader_bridge_app,DayBreak,1778605375,27,0,0
ffe5xhmq,9,2mz5up3e,246,trader_bridge_app,DayBreak,1778605381,27,1,0
ffe5xhmq,7,6kvq85km,250,trader_bridge_app,ResumeTradingSession,1778605381,28,0,1
ffe5xhmq,8,7dpcven3,250,trader_bridge_app,ResumeTradingSession,1778605381,28,0,1
ffe5xhmq,9,2mz5up3e,250,trader_bridge_app,ResumeTradingSession,1778605381,28,0,1
ffe5xhmq,10,keffe6of,250,trader_bridge_app,ResumeTradingSession,1778605381,28,0,1
ffe5xhmq,11,quvmw080,250,trader_bridge_app,ResumeTradingSession,1778605381,28,0,1
ffe5xhmq,12,zmzx9bpp,250,trader_bridge_app,ResumeTradingSession,1778605381,28,0,1
ffe5xhmq,6,hk3teh8u,252,trader_bridge_app,TradePage,1778605393,28,0,0
ffe5xhmq,1,viseix7p,252,trader_bridge_app,TradePage,1778605393,28,0,0
ffe5xhmq,2,qhz5zte3,252,trader_bridge_app,TradePage,1778605393,28,0,0
ffe5xhmq,3,kmcc2p31,252,trader_bridge_app,TradePage,1778605394,28,0,0
ffe5xhmq,4,snooaw5j,252,trader_bridge_app,TradePage,1778605394,28,0,0
ffe5xhmq,5,twrkr7hz,252,trader_bridge_app,TradePage,1778605394,28,0,0
ffe5xhmq,2,qhz5zte3,253,trader_bridge_app,PauseTradingSession,1778605394,28,0,1
ffe5xhmq,3,kmcc2p31,253,trader_bridge_app,PauseTradingSession,1778605394,28,0,1
ffe5xhmq,4,snooaw5j,253,trader_bridge_app,PauseTradingSession,1778605394,28,0,1
ffe5xhmq,5,twrkr7hz,253,trader_bridge_app,PauseTradingSession,1778605394,28,0,1
ffe5xhmq,6,hk3teh8u,253,trader_bridge_app,PauseTradingSession,1778605394,28,0,1
ffe5xhmq,1,viseix7p,253,trader_bridge_app,PauseTradingSession,1778605394,28,0,1
ffe5xhmq,2,qhz5zte3,255,trader_bridge_app,DayBreak,1778605399,28,0,0
ffe5xhmq,1,viseix7p,255,trader_bridge_app,DayBreak,1778605400,28,0,0
ffe5xhmq,6,hk3teh8u,255,trader_bridge_app,DayBreak,1778605401,28,0,0
ffe5xhmq,4,snooaw5j,255,trader_bridge_app,DayBreak,1778605404,28,0,0
ffe5xhmq,3,kmcc2p31,255,trader_bridge_app,DayBreak,1778605406,28,0,0
ffe5xhmq,5,twrkr7hz,255,trader_bridge_app,DayBreak,1778605414,28,1,0
ffe5xhmq,1,viseix7p,259,trader_bridge_app,ResumeTradingSession,1778605415,29,0,1
ffe5xhmq,2,qhz5zte3,259,trader_bridge_app,ResumeTradingSession,1778605415,29,0,1
ffe5xhmq,3,kmcc2p31,259,trader_bridge_app,ResumeTradingSession,1778605415,29,0,1
ffe5xhmq,4,snooaw5j,259,trader_bridge_app,ResumeTradingSession,1778605415,29,0,1
ffe5xhmq,5,twrkr7hz,259,trader_bridge_app,ResumeTradingSession,1778605415,29,0,1
ffe5xhmq,6,hk3teh8u,259,trader_bridge_app,ResumeTradingSession,1778605415,29,0,1
ffe5xhmq,9,2mz5up3e,252,trader_bridge_app,TradePage,1778605441,28,0,0
ffe5xhmq,7,6kvq85km,252,trader_bridge_app,TradePage,1778605442,28,0,0
ffe5xhmq,10,keffe6of,252,trader_bridge_app,TradePage,1778605442,28,0,0
ffe5xhmq,12,zmzx9bpp,252,trader_bridge_app,TradePage,1778605442,28,0,0
ffe5xhmq,11,quvmw080,252,trader_bridge_app,TradePage,1778605442,28,0,0
ffe5xhmq,8,7dpcven3,252,trader_bridge_app,TradePage,1778605442,28,0,0
ffe5xhmq,7,6kvq85km,253,trader_bridge_app,PauseTradingSession,1778605442,28,0,1
ffe5xhmq,8,7dpcven3,253,trader_bridge_app,PauseTradingSession,1778605442,28,0,1
ffe5xhmq,9,2mz5up3e,253,trader_bridge_app,PauseTradingSession,1778605442,28,0,1
ffe5xhmq,10,keffe6of,253,trader_bridge_app,PauseTradingSession,1778605442,28,0,1
ffe5xhmq,11,quvmw080,253,trader_bridge_app,PauseTradingSession,1778605442,28,0,1
ffe5xhmq,12,zmzx9bpp,253,trader_bridge_app,PauseTradingSession,1778605442,28,0,1
ffe5xhmq,11,quvmw080,255,trader_bridge_app,DayBreak,1778605445,28,0,0
ffe5xhmq,10,keffe6of,255,trader_bridge_app,DayBreak,1778605445,28,0,0
ffe5xhmq,8,7dpcven3,255,trader_bridge_app,DayBreak,1778605447,28,0,0
ffe5xhmq,7,6kvq85km,255,trader_bridge_app,DayBreak,1778605449,28,0,0
ffe5xhmq,9,2mz5up3e,255,trader_bridge_app,DayBreak,1778605451,28,0,0
ffe5xhmq,13,er9d8a5v,303,post_exp,literacyQuiz,1778605453,1,0,0
ffe5xhmq,12,zmzx9bpp,255,trader_bridge_app,DayBreak,1778605454,28,0,0
ffe5xhmq,7,6kvq85km,259,trader_bridge_app,ResumeTradingSession,1778605454,29,0,1
ffe5xhmq,8,7dpcven3,259,trader_bridge_app,ResumeTradingSession,1778605454,29,0,1
ffe5xhmq,9,2mz5up3e,259,trader_bridge_app,ResumeTradingSession,1778605454,29,0,1
ffe5xhmq,10,keffe6of,259,trader_bridge_app,ResumeTradingSession,1778605454,29,0,1
ffe5xhmq,11,quvmw080,259,trader_bridge_app,ResumeTradingSession,1778605454,29,0,1
ffe5xhmq,12,zmzx9bpp,259,trader_bridge_app,ResumeTradingSession,1778605454,29,0,1
ffe5xhmq,6,hk3teh8u,261,trader_bridge_app,TradePage,1778605475,29,0,0
ffe5xhmq,5,twrkr7hz,261,trader_bridge_app,TradePage,1778605476,29,0,0
ffe5xhmq,2,qhz5zte3,261,trader_bridge_app,TradePage,1778605476,29,0,0
ffe5xhmq,3,kmcc2p31,261,trader_bridge_app,TradePage,1778605476,29,0,0
ffe5xhmq,4,snooaw5j,261,trader_bridge_app,TradePage,1778605476,29,0,0
ffe5xhmq,1,viseix7p,261,trader_bridge_app,TradePage,1778605476,29,0,0
ffe5xhmq,1,viseix7p,262,trader_bridge_app,PauseTradingSession,1778605476,29,0,1
ffe5xhmq,2,qhz5zte3,262,trader_bridge_app,PauseTradingSession,1778605476,29,0,1
ffe5xhmq,3,kmcc2p31,262,trader_bridge_app,PauseTradingSession,1778605476,29,0,1
ffe5xhmq,4,snooaw5j,262,trader_bridge_app,PauseTradingSession,1778605476,29,0,1
ffe5xhmq,5,twrkr7hz,262,trader_bridge_app,PauseTradingSession,1778605476,29,0,1
ffe5xhmq,6,hk3teh8u,262,trader_bridge_app,PauseTradingSession,1778605476,29,0,1
ffe5xhmq,2,qhz5zte3,264,trader_bridge_app,DayBreak,1778605480,29,0,0
ffe5xhmq,6,hk3teh8u,264,trader_bridge_app,DayBreak,1778605480,29,0,0
ffe5xhmq,13,er9d8a5v,304,post_exp,LabContact,1778605481,1,0,0
ffe5xhmq,1,viseix7p,264,trader_bridge_app,DayBreak,1778605483,29,0,0
ffe5xhmq,4,snooaw5j,264,trader_bridge_app,DayBreak,1778605484,29,0,0
ffe5xhmq,3,kmcc2p31,264,trader_bridge_app,DayBreak,1778605486,29,0,0
ffe5xhmq,5,twrkr7hz,264,trader_bridge_app,DayBreak,1778605497,29,1,0
ffe5xhmq,3,kmcc2p31,268,trader_bridge_app,ResumeTradingSession,1778605497,30,0,1
ffe5xhmq,4,snooaw5j,268,trader_bridge_app,ResumeTradingSession,1778605497,30,0,1
ffe5xhmq,5,twrkr7hz,268,trader_bridge_app,ResumeTradingSession,1778605497,30,0,1
ffe5xhmq,6,hk3teh8u,268,trader_bridge_app,ResumeTradingSession,1778605497,30,0,1
ffe5xhmq,1,viseix7p,268,trader_bridge_app,ResumeTradingSession,1778605497,30,0,1
ffe5xhmq,2,qhz5zte3,268,trader_bridge_app,ResumeTradingSession,1778605497,30,0,1
ffe5xhmq,14,r2eorolq,303,post_exp,literacyQuiz,1778605511,1,0,0
ffe5xhmq,11,quvmw080,261,trader_bridge_app,TradePage,1778605515,29,0,0
ffe5xhmq,12,zmzx9bpp,261,trader_bridge_app,TradePage,1778605515,29,0,0
ffe5xhmq,10,keffe6of,261,trader_bridge_app,TradePage,1778605515,29,0,0
ffe5xhmq,9,2mz5up3e,261,trader_bridge_app,TradePage,1778605515,29,0,0
ffe5xhmq,7,6kvq85km,261,trader_bridge_app,TradePage,1778605515,29,0,0
ffe5xhmq,8,7dpcven3,261,trader_bridge_app,TradePage,1778605515,29,0,0
ffe5xhmq,10,keffe6of,262,trader_bridge_app,PauseTradingSession,1778605516,29,0,1
ffe5xhmq,11,quvmw080,262,trader_bridge_app,PauseTradingSession,1778605516,29,0,1
ffe5xhmq,12,zmzx9bpp,262,trader_bridge_app,PauseTradingSession,1778605516,29,0,1
ffe5xhmq,7,6kvq85km,262,trader_bridge_app,PauseTradingSession,1778605516,29,0,1
ffe5xhmq,8,7dpcven3,262,trader_bridge_app,PauseTradingSession,1778605516,29,0,1
ffe5xhmq,9,2mz5up3e,262,trader_bridge_app,PauseTradingSession,1778605516,29,0,1
ffe5xhmq,10,keffe6of,264,trader_bridge_app,DayBreak,1778605518,29,0,0
ffe5xhmq,11,quvmw080,264,trader_bridge_app,DayBreak,1778605518,29,0,0
ffe5xhmq,8,7dpcven3,264,trader_bridge_app,DayBreak,1778605521,29,0,0
ffe5xhmq,9,2mz5up3e,264,trader_bridge_app,DayBreak,1778605521,29,0,0
ffe5xhmq,7,6kvq85km,264,trader_bridge_app,DayBreak,1778605523,29,0,0
ffe5xhmq,12,zmzx9bpp,264,trader_bridge_app,DayBreak,1778605527,29,0,0
ffe5xhmq,7,6kvq85km,268,trader_bridge_app,ResumeTradingSession,1778605527,30,0,1
ffe5xhmq,8,7dpcven3,268,trader_bridge_app,ResumeTradingSession,1778605527,30,0,1
ffe5xhmq,9,2mz5up3e,268,trader_bridge_app,ResumeTradingSession,1778605527,30,0,1
ffe5xhmq,10,keffe6of,268,trader_bridge_app,ResumeTradingSession,1778605527,30,0,1
ffe5xhmq,11,quvmw080,268,trader_bridge_app,ResumeTradingSession,1778605527,30,0,1
ffe5xhmq,12,zmzx9bpp,268,trader_bridge_app,ResumeTradingSession,1778605527,30,0,1
ffe5xhmq,14,r2eorolq,304,post_exp,LabContact,1778605546,1,0,0
ffe5xhmq,5,twrkr7hz,270,trader_bridge_app,TradePage,1778605558,30,0,0
ffe5xhmq,3,kmcc2p31,270,trader_bridge_app,TradePage,1778605558,30,0,0
ffe5xhmq,4,snooaw5j,270,trader_bridge_app,TradePage,1778605558,30,0,0
ffe5xhmq,1,viseix7p,270,trader_bridge_app,TradePage,1778605558,30,0,0
ffe5xhmq,2,qhz5zte3,270,trader_bridge_app,TradePage,1778605558,30,0,0
ffe5xhmq,6,hk3teh8u,270,trader_bridge_app,TradePage,1778605561,30,0,0
ffe5xhmq,3,kmcc2p31,271,trader_bridge_app,PauseTradingSession,1778605562,30,0,1
ffe5xhmq,4,snooaw5j,271,trader_bridge_app,PauseTradingSession,1778605562,30,0,1
ffe5xhmq,5,twrkr7hz,271,trader_bridge_app,PauseTradingSession,1778605562,30,0,1
ffe5xhmq,6,hk3teh8u,271,trader_bridge_app,PauseTradingSession,1778605562,30,0,1
ffe5xhmq,1,viseix7p,271,trader_bridge_app,PauseTradingSession,1778605562,30,0,1
ffe5xhmq,2,qhz5zte3,271,trader_bridge_app,PauseTradingSession,1778605562,30,0,1
ffe5xhmq,2,qhz5zte3,273,trader_bridge_app,DayBreak,1778605570,30,0,0
ffe5xhmq,4,snooaw5j,273,trader_bridge_app,DayBreak,1778605571,30,0,0
ffe5xhmq,6,hk3teh8u,273,trader_bridge_app,DayBreak,1778605575,30,0,0
ffe5xhmq,3,kmcc2p31,273,trader_bridge_app,DayBreak,1778605576,30,0,0
ffe5xhmq,5,twrkr7hz,273,trader_bridge_app,DayBreak,1778605580,30,0,0
ffe5xhmq,1,viseix7p,273,trader_bridge_app,DayBreak,1778605580,30,0,0
ffe5xhmq,2,qhz5zte3,277,trader_bridge_app,ResumeTradingSession,1778605580,31,0,1
ffe5xhmq,1,viseix7p,277,trader_bridge_app,ResumeTradingSession,1778605580,31,0,1
ffe5xhmq,6,hk3teh8u,277,trader_bridge_app,ResumeTradingSession,1778605580,31,0,1
ffe5xhmq,3,kmcc2p31,277,trader_bridge_app,ResumeTradingSession,1778605580,31,0,1
ffe5xhmq,4,snooaw5j,277,trader_bridge_app,ResumeTradingSession,1778605580,31,0,1
ffe5xhmq,5,twrkr7hz,277,trader_bridge_app,ResumeTradingSession,1778605580,31,0,1
ffe5xhmq,13,er9d8a5v,305,post_exp,Demographics,1778605583,1,0,0
ffe5xhmq,12,zmzx9bpp,270,trader_bridge_app,TradePage,1778605588,30,0,0
ffe5xhmq,9,2mz5up3e,270,trader_bridge_app,TradePage,1778605588,30,0,0
ffe5xhmq,10,keffe6of,270,trader_bridge_app,TradePage,1778605588,30,0,0
ffe5xhmq,8,7dpcven3,270,trader_bridge_app,TradePage,1778605588,30,0,0
ffe5xhmq,7,6kvq85km,270,trader_bridge_app,TradePage,1778605588,30,0,0
ffe5xhmq,11,quvmw080,270,trader_bridge_app,TradePage,1778605588,30,0,0
ffe5xhmq,7,6kvq85km,271,trader_bridge_app,PauseTradingSession,1778605589,30,0,1
ffe5xhmq,8,7dpcven3,271,trader_bridge_app,PauseTradingSession,1778605589,30,0,1
ffe5xhmq,9,2mz5up3e,271,trader_bridge_app,PauseTradingSession,1778605589,30,0,1
ffe5xhmq,10,keffe6of,271,trader_bridge_app,PauseTradingSession,1778605589,30,0,1
ffe5xhmq,11,quvmw080,271,trader_bridge_app,PauseTradingSession,1778605589,30,0,1
ffe5xhmq,12,zmzx9bpp,271,trader_bridge_app,PauseTradingSession,1778605589,30,0,1
ffe5xhmq,10,keffe6of,273,trader_bridge_app,DayBreak,1778605595,30,0,0
ffe5xhmq,11,quvmw080,273,trader_bridge_app,DayBreak,1778605602,30,0,0
ffe5xhmq,7,6kvq85km,273,trader_bridge_app,DayBreak,1778605603,30,0,0
ffe5xhmq,12,zmzx9bpp,273,trader_bridge_app,DayBreak,1778605604,30,0,0
ffe5xhmq,9,2mz5up3e,273,trader_bridge_app,DayBreak,1778605609,30,1,0
ffe5xhmq,8,7dpcven3,273,trader_bridge_app,DayBreak,1778605609,30,1,0
ffe5xhmq,7,6kvq85km,277,trader_bridge_app,ResumeTradingSession,1778605610,31,0,1
ffe5xhmq,8,7dpcven3,277,trader_bridge_app,ResumeTradingSession,1778605610,31,0,1
ffe5xhmq,9,2mz5up3e,277,trader_bridge_app,ResumeTradingSession,1778605610,31,0,1
ffe5xhmq,10,keffe6of,277,trader_bridge_app,ResumeTradingSession,1778605610,31,0,1
ffe5xhmq,11,quvmw080,277,trader_bridge_app,ResumeTradingSession,1778605610,31,0,1
ffe5xhmq,12,zmzx9bpp,277,trader_bridge_app,ResumeTradingSession,1778605610,31,0,1
ffe5xhmq,13,er9d8a5v,306,post_exp,Payoff,1778605618,1,0,0
ffe5xhmq,14,r2eorolq,305,post_exp,Demographics,1778605627,1,0,0
ffe5xhmq,6,hk3teh8u,279,trader_bridge_app,TradePage,1778605641,31,0,0
ffe5xhmq,1,viseix7p,279,trader_bridge_app,TradePage,1778605641,31,0,0
ffe5xhmq,2,qhz5zte3,279,trader_bridge_app,TradePage,1778605641,31,0,0
ffe5xhmq,3,kmcc2p31,279,trader_bridge_app,TradePage,1778605641,31,0,0
ffe5xhmq,5,twrkr7hz,279,trader_bridge_app,TradePage,1778605641,31,0,0
ffe5xhmq,4,snooaw5j,279,trader_bridge_app,TradePage,1778605641,31,0,0
ffe5xhmq,1,viseix7p,280,trader_bridge_app,PauseTradingSession,1778605642,31,0,1
ffe5xhmq,2,qhz5zte3,280,trader_bridge_app,PauseTradingSession,1778605642,31,0,1
ffe5xhmq,3,kmcc2p31,280,trader_bridge_app,PauseTradingSession,1778605642,31,0,1
ffe5xhmq,4,snooaw5j,280,trader_bridge_app,PauseTradingSession,1778605642,31,0,1
ffe5xhmq,5,twrkr7hz,280,trader_bridge_app,PauseTradingSession,1778605642,31,0,1
ffe5xhmq,6,hk3teh8u,280,trader_bridge_app,PauseTradingSession,1778605642,31,0,1
ffe5xhmq,3,kmcc2p31,282,trader_bridge_app,DayBreak,1778605644,31,0,0
ffe5xhmq,6,hk3teh8u,282,trader_bridge_app,DayBreak,1778605645,31,0,0
ffe5xhmq,1,viseix7p,282,trader_bridge_app,DayBreak,1778605649,31,0,0
ffe5xhmq,4,snooaw5j,282,trader_bridge_app,DayBreak,1778605649,31,0,0
ffe5xhmq,2,qhz5zte3,282,trader_bridge_app,DayBreak,1778605649,31,0,0
ffe5xhmq,14,r2eorolq,306,post_exp,Payoff,1778605652,1,0,0
ffe5xhmq,5,twrkr7hz,282,trader_bridge_app,DayBreak,1778605662,31,1,0
ffe5xhmq,2,qhz5zte3,286,trader_bridge_app,ResumeTradingSession,1778605662,32,0,1
ffe5xhmq,3,kmcc2p31,286,trader_bridge_app,ResumeTradingSession,1778605662,32,0,1
ffe5xhmq,4,snooaw5j,286,trader_bridge_app,ResumeTradingSession,1778605662,32,0,1
ffe5xhmq,5,twrkr7hz,286,trader_bridge_app,ResumeTradingSession,1778605662,32,0,1
ffe5xhmq,6,hk3teh8u,286,trader_bridge_app,ResumeTradingSession,1778605662,32,0,1
ffe5xhmq,1,viseix7p,286,trader_bridge_app,ResumeTradingSession,1778605662,32,0,1
ffe5xhmq,11,quvmw080,279,trader_bridge_app,TradePage,1778605671,31,0,0
ffe5xhmq,8,7dpcven3,279,trader_bridge_app,TradePage,1778605671,31,0,0
ffe5xhmq,9,2mz5up3e,279,trader_bridge_app,TradePage,1778605671,31,0,0
ffe5xhmq,12,zmzx9bpp,279,trader_bridge_app,TradePage,1778605671,31,0,0
ffe5xhmq,7,6kvq85km,279,trader_bridge_app,TradePage,1778605671,31,0,0
ffe5xhmq,10,keffe6of,279,trader_bridge_app,TradePage,1778605671,31,0,0
ffe5xhmq,11,quvmw080,280,trader_bridge_app,PauseTradingSession,1778605671,31,0,1
ffe5xhmq,12,zmzx9bpp,280,trader_bridge_app,PauseTradingSession,1778605671,31,0,1
ffe5xhmq,7,6kvq85km,280,trader_bridge_app,PauseTradingSession,1778605671,31,0,1
ffe5xhmq,8,7dpcven3,280,trader_bridge_app,PauseTradingSession,1778605671,31,0,1
ffe5xhmq,9,2mz5up3e,280,trader_bridge_app,PauseTradingSession,1778605671,31,0,1
ffe5xhmq,10,keffe6of,280,trader_bridge_app,PauseTradingSession,1778605671,31,0,1
ffe5xhmq,8,7dpcven3,282,trader_bridge_app,DayBreak,1778605674,31,0,0
ffe5xhmq,10,keffe6of,282,trader_bridge_app,DayBreak,1778605674,31,0,0
ffe5xhmq,9,2mz5up3e,282,trader_bridge_app,DayBreak,1778605675,31,0,0
ffe5xhmq,11,quvmw080,282,trader_bridge_app,DayBreak,1778605675,31,0,0
ffe5xhmq,12,zmzx9bpp,282,trader_bridge_app,DayBreak,1778605675,31,0,0
ffe5xhmq,7,6kvq85km,282,trader_bridge_app,DayBreak,1778605681,31,0,0
ffe5xhmq,7,6kvq85km,286,trader_bridge_app,ResumeTradingSession,1778605681,32,0,1
ffe5xhmq,8,7dpcven3,286,trader_bridge_app,ResumeTradingSession,1778605681,32,0,1
ffe5xhmq,9,2mz5up3e,286,trader_bridge_app,ResumeTradingSession,1778605681,32,0,1
ffe5xhmq,10,keffe6of,286,trader_bridge_app,ResumeTradingSession,1778605681,32,0,1
ffe5xhmq,11,quvmw080,286,trader_bridge_app,ResumeTradingSession,1778605681,32,0,1
ffe5xhmq,12,zmzx9bpp,286,trader_bridge_app,ResumeTradingSession,1778605681,32,0,1
ffe5xhmq,5,twrkr7hz,288,trader_bridge_app,TradePage,1778605723,32,0,0
ffe5xhmq,3,kmcc2p31,288,trader_bridge_app,TradePage,1778605723,32,0,0
ffe5xhmq,6,hk3teh8u,288,trader_bridge_app,TradePage,1778605723,32,0,0
ffe5xhmq,1,viseix7p,288,trader_bridge_app,TradePage,1778605723,32,0,0
ffe5xhmq,4,snooaw5j,288,trader_bridge_app,TradePage,1778605723,32,0,0
ffe5xhmq,2,qhz5zte3,288,trader_bridge_app,TradePage,1778605727,32,0,0
ffe5xhmq,4,snooaw5j,289,trader_bridge_app,PauseTradingSession,1778605727,32,0,1
ffe5xhmq,5,twrkr7hz,289,trader_bridge_app,PauseTradingSession,1778605727,32,0,1
ffe5xhmq,6,hk3teh8u,289,trader_bridge_app,PauseTradingSession,1778605727,32,0,1
ffe5xhmq,1,viseix7p,289,trader_bridge_app,PauseTradingSession,1778605727,32,0,1
ffe5xhmq,2,qhz5zte3,289,trader_bridge_app,PauseTradingSession,1778605727,32,0,1
ffe5xhmq,3,kmcc2p31,289,trader_bridge_app,PauseTradingSession,1778605727,32,0,1
ffe5xhmq,3,kmcc2p31,291,trader_bridge_app,DayBreak,1778605731,32,0,0
ffe5xhmq,4,snooaw5j,291,trader_bridge_app,DayBreak,1778605733,32,0,0
ffe5xhmq,2,qhz5zte3,291,trader_bridge_app,DayBreak,1778605734,32,0,0
ffe5xhmq,6,hk3teh8u,291,trader_bridge_app,DayBreak,1778605735,32,0,0
ffe5xhmq,1,viseix7p,291,trader_bridge_app,DayBreak,1778605736,32,0,0
ffe5xhmq,7,6kvq85km,288,trader_bridge_app,TradePage,1778605742,32,0,0
ffe5xhmq,11,quvmw080,288,trader_bridge_app,TradePage,1778605742,32,0,0
ffe5xhmq,8,7dpcven3,288,trader_bridge_app,TradePage,1778605742,32,0,0
ffe5xhmq,12,zmzx9bpp,288,trader_bridge_app,TradePage,1778605742,32,0,0
ffe5xhmq,9,2mz5up3e,288,trader_bridge_app,TradePage,1778605742,32,0,0
ffe5xhmq,10,keffe6of,288,trader_bridge_app,TradePage,1778605742,32,0,0
ffe5xhmq,7,6kvq85km,289,trader_bridge_app,PauseTradingSession,1778605743,32,0,1
ffe5xhmq,8,7dpcven3,289,trader_bridge_app,PauseTradingSession,1778605743,32,0,1
ffe5xhmq,9,2mz5up3e,289,trader_bridge_app,PauseTradingSession,1778605743,32,0,1
ffe5xhmq,10,keffe6of,289,trader_bridge_app,PauseTradingSession,1778605743,32,0,1
ffe5xhmq,11,quvmw080,289,trader_bridge_app,PauseTradingSession,1778605743,32,0,1
ffe5xhmq,12,zmzx9bpp,289,trader_bridge_app,PauseTradingSession,1778605743,32,0,1
ffe5xhmq,8,7dpcven3,291,trader_bridge_app,DayBreak,1778605745,32,0,0
ffe5xhmq,10,keffe6of,291,trader_bridge_app,DayBreak,1778605745,32,0,0
ffe5xhmq,12,zmzx9bpp,291,trader_bridge_app,DayBreak,1778605747,32,0,0
ffe5xhmq,11,quvmw080,291,trader_bridge_app,DayBreak,1778605747,32,0,0
ffe5xhmq,5,twrkr7hz,291,trader_bridge_app,DayBreak,1778605748,32,1,0
ffe5xhmq,2,qhz5zte3,295,trader_bridge_app,ResumeTradingSession,1778605748,33,0,1
ffe5xhmq,3,kmcc2p31,295,trader_bridge_app,ResumeTradingSession,1778605748,33,0,1
ffe5xhmq,4,snooaw5j,295,trader_bridge_app,ResumeTradingSession,1778605748,33,0,1
ffe5xhmq,5,twrkr7hz,295,trader_bridge_app,ResumeTradingSession,1778605748,33,0,1
ffe5xhmq,1,viseix7p,295,trader_bridge_app,ResumeTradingSession,1778605748,33,0,1
ffe5xhmq,6,hk3teh8u,295,trader_bridge_app,ResumeTradingSession,1778605748,33,0,1
ffe5xhmq,9,2mz5up3e,291,trader_bridge_app,DayBreak,1778605750,32,0,0
ffe5xhmq,7,6kvq85km,291,trader_bridge_app,DayBreak,1778605752,32,0,0
ffe5xhmq,7,6kvq85km,295,trader_bridge_app,ResumeTradingSession,1778605752,33,0,1
ffe5xhmq,8,7dpcven3,295,trader_bridge_app,ResumeTradingSession,1778605752,33,0,1
ffe5xhmq,9,2mz5up3e,295,trader_bridge_app,ResumeTradingSession,1778605752,33,0,1
ffe5xhmq,10,keffe6of,295,trader_bridge_app,ResumeTradingSession,1778605752,33,0,1
ffe5xhmq,11,quvmw080,295,trader_bridge_app,ResumeTradingSession,1778605752,33,0,1
ffe5xhmq,12,zmzx9bpp,295,trader_bridge_app,ResumeTradingSession,1778605752,33,0,1
ffe5xhmq,2,qhz5zte3,297,trader_bridge_app,TradePage,1778605809,33,0,0
ffe5xhmq,5,twrkr7hz,297,trader_bridge_app,TradePage,1778605809,33,0,0
ffe5xhmq,1,viseix7p,297,trader_bridge_app,TradePage,1778605809,33,0,0
ffe5xhmq,3,kmcc2p31,297,trader_bridge_app,TradePage,1778605809,33,0,0
ffe5xhmq,4,snooaw5j,297,trader_bridge_app,TradePage,1778605809,33,0,0
ffe5xhmq,7,6kvq85km,297,trader_bridge_app,TradePage,1778605813,33,0,0
ffe5xhmq,12,zmzx9bpp,297,trader_bridge_app,TradePage,1778605813,33,0,0
ffe5xhmq,9,2mz5up3e,297,trader_bridge_app,TradePage,1778605813,33,0,0
ffe5xhmq,11,quvmw080,297,trader_bridge_app,TradePage,1778605813,33,0,0
ffe5xhmq,10,keffe6of,297,trader_bridge_app,TradePage,1778605814,33,0,0
ffe5xhmq,8,7dpcven3,297,trader_bridge_app,TradePage,1778605814,33,0,0
ffe5xhmq,7,6kvq85km,299,trader_bridge_app,FinalizeTradingSession,1778605814,33,0,1
ffe5xhmq,8,7dpcven3,299,trader_bridge_app,FinalizeTradingSession,1778605814,33,0,1
ffe5xhmq,9,2mz5up3e,299,trader_bridge_app,FinalizeTradingSession,1778605814,33,0,1
ffe5xhmq,10,keffe6of,299,trader_bridge_app,FinalizeTradingSession,1778605814,33,0,1
ffe5xhmq,11,quvmw080,299,trader_bridge_app,FinalizeTradingSession,1778605814,33,0,1
ffe5xhmq,12,zmzx9bpp,299,trader_bridge_app,FinalizeTradingSession,1778605814,33,0,1
ffe5xhmq,6,hk3teh8u,297,trader_bridge_app,TradePage,1778605816,33,1,0
ffe5xhmq,1,viseix7p,299,trader_bridge_app,FinalizeTradingSession,1778605816,33,0,1
ffe5xhmq,2,qhz5zte3,299,trader_bridge_app,FinalizeTradingSession,1778605816,33,0,1
ffe5xhmq,3,kmcc2p31,299,trader_bridge_app,FinalizeTradingSession,1778605816,33,0,1
ffe5xhmq,4,snooaw5j,299,trader_bridge_app,FinalizeTradingSession,1778605816,33,0,1
ffe5xhmq,5,twrkr7hz,299,trader_bridge_app,FinalizeTradingSession,1778605816,33,0,1
ffe5xhmq,6,hk3teh8u,299,trader_bridge_app,FinalizeTradingSession,1778605816,33,0,1
ffe5xhmq,11,quvmw080,300,trader_bridge_app,DayBreak,1778605817,33,0,0
ffe5xhmq,8,7dpcven3,300,trader_bridge_app,DayBreak,1778605818,33,0,0
ffe5xhmq,12,zmzx9bpp,300,trader_bridge_app,DayBreak,1778605819,33,0,0
ffe5xhmq,4,snooaw5j,300,trader_bridge_app,DayBreak,1778605821,33,0,0
ffe5xhmq,1,viseix7p,300,trader_bridge_app,DayBreak,1778605823,33,0,0
ffe5xhmq,10,keffe6of,300,trader_bridge_app,DayBreak,1778605824,33,0,0
ffe5xhmq,3,kmcc2p31,300,trader_bridge_app,DayBreak,1778605824,33,0,0
ffe5xhmq,6,hk3teh8u,300,trader_bridge_app,DayBreak,1778605827,33,0,0
ffe5xhmq,7,6kvq85km,300,trader_bridge_app,DayBreak,1778605830,33,0,0
ffe5xhmq,9,2mz5up3e,300,trader_bridge_app,DayBreak,1778605831,33,0,0
ffe5xhmq,2,qhz5zte3,300,trader_bridge_app,DayBreak,1778605831,33,0,0
ffe5xhmq,5,twrkr7hz,300,trader_bridge_app,DayBreak,1778605836,33,1,0
ffe5xhmq,7,6kvq85km,303,post_exp,literacyQuiz,1778606027,1,0,0
ffe5xhmq,12,zmzx9bpp,303,post_exp,literacyQuiz,1778606029,1,0,0
ffe5xhmq,12,zmzx9bpp,304,post_exp,LabContact,1778606053,1,0,0
ffe5xhmq,2,qhz5zte3,303,post_exp,literacyQuiz,1778606059,1,0,0
ffe5xhmq,3,kmcc2p31,303,post_exp,literacyQuiz,1778606064,1,0,0
ffe5xhmq,2,qhz5zte3,304,post_exp,LabContact,1778606079,1,0,0
ffe5xhmq,1,viseix7p,303,post_exp,literacyQuiz,1778606079,1,0,0
ffe5xhmq,6,hk3teh8u,303,post_exp,literacyQuiz,1778606086,1,0,0
ffe5xhmq,3,kmcc2p31,304,post_exp,LabContact,1778606088,1,0,0
ffe5xhmq,7,6kvq85km,304,post_exp,LabContact,1778606102,1,0,0
ffe5xhmq,1,viseix7p,304,post_exp,LabContact,1778606102,1,0,0
ffe5xhmq,6,hk3teh8u,304,post_exp,LabContact,1778606121,1,0,0
ffe5xhmq,2,qhz5zte3,305,post_exp,Demographics,1778606125,1,0,0
ffe5xhmq,11,quvmw080,303,post_exp,literacyQuiz,1778606136,1,0,0
ffe5xhmq,12,zmzx9bpp,305,post_exp,Demographics,1778606144,1,0,0
ffe5xhmq,4,snooaw5j,303,post_exp,literacyQuiz,1778606145,1,0,0
ffe5xhmq,2,qhz5zte3,306,post_exp,Payoff,1778606147,1,0,0
ffe5xhmq,11,quvmw080,304,post_exp,LabContact,1778606156,1,0,0
ffe5xhmq,4,snooaw5j,304,post_exp,LabContact,1778606167,1,0,0
ffe5xhmq,6,hk3teh8u,305,post_exp,Demographics,1778606191,1,0,0
ffe5xhmq,10,keffe6of,303,post_exp,literacyQuiz,1778606196,1,0,0
ffe5xhmq,12,zmzx9bpp,306,post_exp,Payoff,1778606197,1,0,0
ffe5xhmq,6,hk3teh8u,306,post_exp,Payoff,1778606221,1,0,0
ffe5xhmq,3,kmcc2p31,305,post_exp,Demographics,1778606224,1,0,0
ffe5xhmq,10,keffe6of,304,post_exp,LabContact,1778606227,1,0,0
ffe5xhmq,1,viseix7p,305,post_exp,Demographics,1778606230,1,0,0
ffe5xhmq,1,viseix7p,306,post_exp,Payoff,1778606242,1,0,0
ffe5xhmq,3,kmcc2p31,306,post_exp,Payoff,1778606250,1,0,0
ffe5xhmq,11,quvmw080,305,post_exp,Demographics,1778606279,1,0,0
ffe5xhmq,7,6kvq85km,305,post_exp,Demographics,1778606286,1,0,0
ffe5xhmq,11,quvmw080,306,post_exp,Payoff,1778606296,1,0,0
ffe5xhmq,7,6kvq85km,306,post_exp,Payoff,1778606312,1,0,0
ffe5xhmq,4,snooaw5j,305,post_exp,Demographics,1778606315,1,0,0
ffe5xhmq,8,7dpcven3,303,post_exp,literacyQuiz,1778606321,1,0,0
ffe5xhmq,9,2mz5up3e,303,post_exp,literacyQuiz,1778606330,1,0,0
ffe5xhmq,4,snooaw5j,306,post_exp,Payoff,1778606341,1,0,0
ffe5xhmq,8,7dpcven3,304,post_exp,LabContact,1778606350,1,0,0
ffe5xhmq,5,twrkr7hz,303,post_exp,literacyQuiz,1778606352,1,0,0
ffe5xhmq,9,2mz5up3e,304,post_exp,LabContact,1778606359,1,0,0
ffe5xhmq,5,twrkr7hz,304,post_exp,LabContact,1778606369,1,0,0
ffe5xhmq,10,keffe6of,305,post_exp,Demographics,1778606418,1,0,0
ffe5xhmq,8,7dpcven3,305,post_exp,Demographics,1778606442,1,0,0
ffe5xhmq,10,keffe6of,306,post_exp,Payoff,1778606456,1,0,0
ffe5xhmq,8,7dpcven3,306,post_exp,Payoff,1778606464,1,0,0
ffe5xhmq,9,2mz5up3e,305,post_exp,Demographics,1778606466,1,0,0
ffe5xhmq,9,2mz5up3e,306,post_exp,Payoff,1778606498,1,0,0
ffe5xhmq,5,twrkr7hz,305,post_exp,Demographics,1778606537,1,0,0
ffe5xhmq,5,twrkr7hz,306,post_exp,Payoff,1778625757,1,1,0
mn8370qr,1,e4rzuiqc,0,,InitializeParticipant,1779305141,1,0,0
mn8370qr,2,j6o1gu35,0,,InitializeParticipant,1779305141,1,0,0
mn8370qr,3,z9n52ebr,0,,InitializeParticipant,1779305141,1,0,0
mn8370qr,4,lh92b709,0,,InitializeParticipant,1779305141,1,0,0
mn8370qr,5,729v3r7i,0,,InitializeParticipant,1779305141,1,0,0
mn8370qr,6,aac2mc3k,0,,InitializeParticipant,1779305141,1,0,0
mn8370qr,7,bs9r1rdm,0,,InitializeParticipant,1779305141,1,0,0
mn8370qr,8,9uh6p1vm,0,,InitializeParticipant,1779305141,1,0,0
mn8370qr,9,kb2z64e8,0,,InitializeParticipant,1779305141,1,0,0
mn8370qr,10,ai0il249,0,,InitializeParticipant,1779305141,1,0,0
mn8370qr,11,pqnknbrr,0,,InitializeParticipant,1779305141,1,0,0
mn8370qr,12,whc9aveo,0,,InitializeParticipant,1779305141,1,0,0
mn8370qr,13,51q1wtqi,0,,InitializeParticipant,1779305141,1,0,0
mn8370qr,14,q9v4q54j,0,,InitializeParticipant,1779305141,1,0,0
mn8370qr,15,5g1om6y0,0,,InitializeParticipant,1779305141,1,0,0
mn8370qr,16,ry1l466x,0,,InitializeParticipant,1779305141,1,0,0
mn8370qr,8,9uh6p1vm,1,intro,Consent,1779305151,1,0,0
mn8370qr,9,kb2z64e8,1,intro,Consent,1779305153,1,0,0
mn8370qr,8,9uh6p1vm,2,intro,Instructions,1779305154,1,0,0
mn8370qr,9,kb2z64e8,2,intro,Instructions,1779305156,1,0,0
mn8370qr,8,9uh6p1vm,3,intro,InstructionsVideo,1779305156,1,0,0
mn8370qr,9,kb2z64e8,3,intro,InstructionsVideo,1779305158,1,0,0
mn8370qr,7,bs9r1rdm,1,intro,Consent,1779305160,1,0,0
mn8370qr,3,z9n52ebr,1,intro,Consent,1779305163,1,0,0
mn8370qr,11,pqnknbrr,1,intro,Consent,1779305165,1,0,0
mn8370qr,11,pqnknbrr,2,intro,Instructions,1779305169,1,0,0
mn8370qr,5,729v3r7i,1,intro,Consent,1779305170,1,0,0
mn8370qr,11,pqnknbrr,3,intro,InstructionsVideo,1779305174,1,0,0
mn8370qr,13,51q1wtqi,1,intro,Consent,1779305174,1,0,0
mn8370qr,5,729v3r7i,2,intro,Instructions,1779305179,1,0,0
mn8370qr,16,ry1l466x,1,intro,Consent,1779305181,1,0,0
mn8370qr,15,5g1om6y0,1,intro,Consent,1779305181,1,0,0
mn8370qr,13,51q1wtqi,2,intro,Instructions,1779305182,1,0,0
mn8370qr,5,729v3r7i,3,intro,InstructionsVideo,1779305184,1,0,0
mn8370qr,16,ry1l466x,2,intro,Instructions,1779305188,1,0,0
mn8370qr,1,e4rzuiqc,1,intro,Consent,1779305188,1,0,0
mn8370qr,12,whc9aveo,1,intro,Consent,1779305188,1,0,0
mn8370qr,2,j6o1gu35,1,intro,Consent,1779305190,1,0,0
mn8370qr,4,lh92b709,1,intro,Consent,1779305192,1,0,0
mn8370qr,16,ry1l466x,3,intro,InstructionsVideo,1779305194,1,0,0
mn8370qr,14,q9v4q54j,1,intro,Consent,1779305196,1,0,0
mn8370qr,3,z9n52ebr,2,intro,Instructions,1779305201,1,0,0
mn8370qr,10,ai0il249,1,intro,Consent,1779305203,1,0,0
mn8370qr,2,j6o1gu35,2,intro,Instructions,1779305203,1,0,0
mn8370qr,2,j6o1gu35,3,intro,InstructionsVideo,1779305206,1,0,0
mn8370qr,6,aac2mc3k,1,intro,Consent,1779305207,1,0,0
mn8370qr,3,z9n52ebr,3,intro,InstructionsVideo,1779305221,1,0,0
mn8370qr,4,lh92b709,2,intro,Instructions,1779305227,1,0,0
mn8370qr,15,5g1om6y0,2,intro,Instructions,1779305229,1,0,0
mn8370qr,10,ai0il249,2,intro,Instructions,1779305231,1,0,0
mn8370qr,15,5g1om6y0,3,intro,InstructionsVideo,1779305233,1,0,0
mn8370qr,6,aac2mc3k,2,intro,Instructions,1779305237,1,0,0
mn8370qr,7,bs9r1rdm,2,intro,Instructions,1779305240,1,0,0
mn8370qr,4,lh92b709,3,intro,InstructionsVideo,1779305240,1,0,0
mn8370qr,13,51q1wtqi,3,intro,InstructionsVideo,1779305241,1,0,0
mn8370qr,8,9uh6p1vm,4,intro,comprehensionQuestions,1779305245,1,0,0
mn8370qr,7,bs9r1rdm,3,intro,InstructionsVideo,1779305245,1,0,0
mn8370qr,10,ai0il249,3,intro,InstructionsVideo,1779305248,1,0,0
mn8370qr,1,e4rzuiqc,2,intro,Instructions,1779305252,1,0,0
mn8370qr,1,e4rzuiqc,3,intro,InstructionsVideo,1779305255,1,0,0
mn8370qr,8,9uh6p1vm,5,intro,selfAssessment,1779305260,1,0,0
mn8370qr,14,q9v4q54j,2,intro,Instructions,1779305264,1,0,0
mn8370qr,6,aac2mc3k,3,intro,InstructionsVideo,1779305265,1,0,0
mn8370qr,14,q9v4q54j,3,intro,InstructionsVideo,1779305270,1,0,0
mn8370qr,9,kb2z64e8,4,intro,comprehensionQuestions,1779305295,1,0,0
mn8370qr,9,kb2z64e8,5,intro,selfAssessment,1779305306,1,0,0
mn8370qr,12,whc9aveo,2,intro,Instructions,1779305306,1,0,0
mn8370qr,11,pqnknbrr,4,intro,comprehensionQuestions,1779305306,1,0,0
mn8370qr,5,729v3r7i,4,intro,comprehensionQuestions,1779305312,1,0,0
mn8370qr,13,51q1wtqi,4,intro,comprehensionQuestions,1779305314,1,0,0
mn8370qr,11,pqnknbrr,5,intro,selfAssessment,1779305315,1,0,0
mn8370qr,12,whc9aveo,3,intro,InstructionsVideo,1779305320,1,0,0
mn8370qr,5,729v3r7i,5,intro,selfAssessment,1779305321,1,0,0
mn8370qr,4,lh92b709,4,intro,comprehensionQuestions,1779305321,1,0,0
mn8370qr,10,ai0il249,4,intro,comprehensionQuestions,1779305323,1,0,0
mn8370qr,13,51q1wtqi,5,intro,selfAssessment,1779305326,1,0,0
mn8370qr,15,5g1om6y0,4,intro,comprehensionQuestions,1779305332,1,0,0
mn8370qr,1,e4rzuiqc,4,intro,comprehensionQuestions,1779305335,1,0,0
mn8370qr,10,ai0il249,5,intro,selfAssessment,1779305340,1,0,0
mn8370qr,15,5g1om6y0,5,intro,selfAssessment,1779305340,1,0,0
mn8370qr,1,e4rzuiqc,5,intro,selfAssessment,1779305345,1,0,0
mn8370qr,4,lh92b709,5,intro,selfAssessment,1779305345,1,0,0
mn8370qr,16,ry1l466x,4,intro,comprehensionQuestions,1779305348,1,0,0
mn8370qr,16,ry1l466x,5,intro,selfAssessment,1779305354,1,0,0
mn8370qr,2,j6o1gu35,4,intro,comprehensionQuestions,1779305366,1,0,0
mn8370qr,6,aac2mc3k,4,intro,comprehensionQuestions,1779305375,1,0,0
mn8370qr,2,j6o1gu35,5,intro,selfAssessment,1779305380,1,0,0
mn8370qr,14,q9v4q54j,4,intro,comprehensionQuestions,1779305380,1,0,0
mn8370qr,6,aac2mc3k,5,intro,selfAssessment,1779305389,1,0,0
mn8370qr,12,whc9aveo,4,intro,comprehensionQuestions,1779305390,1,0,0
mn8370qr,14,q9v4q54j,5,intro,selfAssessment,1779305394,1,0,0
mn8370qr,13,51q1wtqi,6,trader_bridge_app,SyncTradingSession,1779305394,1,0,1
mn8370qr,14,q9v4q54j,6,trader_bridge_app,SyncTradingSession,1779305394,1,0,1
mn8370qr,15,5g1om6y0,6,trader_bridge_app,SyncTradingSession,1779305394,1,0,1
mn8370qr,16,ry1l466x,6,trader_bridge_app,SyncTradingSession,1779305394,1,0,1
mn8370qr,13,51q1wtqi,7,trader_bridge_app,ResumeTradingSession,1779305395,1,0,1
mn8370qr,14,q9v4q54j,7,trader_bridge_app,ResumeTradingSession,1779305395,1,0,1
mn8370qr,15,5g1om6y0,7,trader_bridge_app,ResumeTradingSession,1779305395,1,0,1
mn8370qr,16,ry1l466x,7,trader_bridge_app,ResumeTradingSession,1779305395,1,0,1
mn8370qr,12,whc9aveo,5,intro,selfAssessment,1779305402,1,0,0
mn8370qr,7,bs9r1rdm,4,intro,comprehensionQuestions,1779305415,1,0,0
mn8370qr,7,bs9r1rdm,5,intro,selfAssessment,1779305426,1,0,0
mn8370qr,7,bs9r1rdm,6,trader_bridge_app,SyncTradingSession,1779305426,1,0,1
mn8370qr,8,9uh6p1vm,6,trader_bridge_app,SyncTradingSession,1779305426,1,0,1
mn8370qr,9,kb2z64e8,6,trader_bridge_app,SyncTradingSession,1779305426,1,0,1
mn8370qr,10,ai0il249,6,trader_bridge_app,SyncTradingSession,1779305426,1,0,1
mn8370qr,11,pqnknbrr,6,trader_bridge_app,SyncTradingSession,1779305426,1,0,1
mn8370qr,12,whc9aveo,6,trader_bridge_app,SyncTradingSession,1779305426,1,0,1
mn8370qr,7,bs9r1rdm,7,trader_bridge_app,ResumeTradingSession,1779305431,1,0,1
mn8370qr,8,9uh6p1vm,7,trader_bridge_app,ResumeTradingSession,1779305431,1,0,1
mn8370qr,9,kb2z64e8,7,trader_bridge_app,ResumeTradingSession,1779305431,1,0,1
mn8370qr,10,ai0il249,7,trader_bridge_app,ResumeTradingSession,1779305431,1,0,1
mn8370qr,11,pqnknbrr,7,trader_bridge_app,ResumeTradingSession,1779305431,1,0,1
mn8370qr,12,whc9aveo,7,trader_bridge_app,ResumeTradingSession,1779305431,1,0,1
mn8370qr,3,z9n52ebr,4,intro,comprehensionQuestions,1779305447,1,0,0
mn8370qr,13,51q1wtqi,9,trader_bridge_app,TradePage,1779305461,1,1,0
mn8370qr,14,q9v4q54j,9,trader_bridge_app,TradePage,1779305461,1,1,0
mn8370qr,16,ry1l466x,9,trader_bridge_app,TradePage,1779305461,1,1,0
mn8370qr,15,5g1om6y0,9,trader_bridge_app,TradePage,1779305461,1,0,0
mn8370qr,16,ry1l466x,10,trader_bridge_app,PauseTradingSession,1779305462,1,0,1
mn8370qr,13,51q1wtqi,10,trader_bridge_app,PauseTradingSession,1779305462,1,0,1
mn8370qr,14,q9v4q54j,10,trader_bridge_app,PauseTradingSession,1779305462,1,0,1
mn8370qr,15,5g1om6y0,10,trader_bridge_app,PauseTradingSession,1779305462,1,0,1
mn8370qr,3,z9n52ebr,5,intro,selfAssessment,1779305463,1,0,0
mn8370qr,1,e4rzuiqc,6,trader_bridge_app,SyncTradingSession,1779305463,1,0,1
mn8370qr,2,j6o1gu35,6,trader_bridge_app,SyncTradingSession,1779305463,1,0,1
mn8370qr,3,z9n52ebr,6,trader_bridge_app,SyncTradingSession,1779305463,1,0,1
mn8370qr,4,lh92b709,6,trader_bridge_app,SyncTradingSession,1779305463,1,0,1
mn8370qr,5,729v3r7i,6,trader_bridge_app,SyncTradingSession,1779305463,1,0,1
mn8370qr,6,aac2mc3k,6,trader_bridge_app,SyncTradingSession,1779305463,1,0,1
mn8370qr,1,e4rzuiqc,7,trader_bridge_app,ResumeTradingSession,1779305464,1,0,1
mn8370qr,2,j6o1gu35,7,trader_bridge_app,ResumeTradingSession,1779305464,1,0,1
mn8370qr,3,z9n52ebr,7,trader_bridge_app,ResumeTradingSession,1779305464,1,0,1
mn8370qr,4,lh92b709,7,trader_bridge_app,ResumeTradingSession,1779305464,1,0,1
mn8370qr,5,729v3r7i,7,trader_bridge_app,ResumeTradingSession,1779305464,1,0,1
mn8370qr,6,aac2mc3k,7,trader_bridge_app,ResumeTradingSession,1779305464,1,0,1
mn8370qr,1,e4rzuiqc,12,trader_bridge_app,DayBreak,1779305542,1,0,0
mn8370qr,15,5g1om6y0,12,trader_bridge_app,DayBreak,1779305469,1,0,0
mn8370qr,13,51q1wtqi,12,trader_bridge_app,DayBreak,1779305472,1,0,0
mn8370qr,16,ry1l466x,12,trader_bridge_app,DayBreak,1779305474,1,0,0
mn8370qr,14,q9v4q54j,12,trader_bridge_app,DayBreak,1779305483,1,1,0
mn8370qr,13,51q1wtqi,16,trader_bridge_app,ResumeTradingSession,1779305483,2,0,1
mn8370qr,14,q9v4q54j,16,trader_bridge_app,ResumeTradingSession,1779305483,2,0,1
mn8370qr,15,5g1om6y0,16,trader_bridge_app,ResumeTradingSession,1779305483,2,0,1
mn8370qr,16,ry1l466x,16,trader_bridge_app,ResumeTradingSession,1779305483,2,0,1
mn8370qr,9,kb2z64e8,9,trader_bridge_app,TradePage,1779305493,1,0,0
mn8370qr,8,9uh6p1vm,9,trader_bridge_app,TradePage,1779305493,1,0,0
mn8370qr,7,bs9r1rdm,9,trader_bridge_app,TradePage,1779305498,1,0,0
mn8370qr,10,ai0il249,9,trader_bridge_app,TradePage,1779305498,1,0,0
mn8370qr,12,whc9aveo,9,trader_bridge_app,TradePage,1779305498,1,0,0
mn8370qr,11,pqnknbrr,9,trader_bridge_app,TradePage,1779305498,1,0,0
mn8370qr,7,bs9r1rdm,10,trader_bridge_app,PauseTradingSession,1779305498,1,0,1
mn8370qr,8,9uh6p1vm,10,trader_bridge_app,PauseTradingSession,1779305498,1,0,1
mn8370qr,9,kb2z64e8,10,trader_bridge_app,PauseTradingSession,1779305498,1,0,1
mn8370qr,10,ai0il249,10,trader_bridge_app,PauseTradingSession,1779305498,1,0,1
mn8370qr,11,pqnknbrr,10,trader_bridge_app,PauseTradingSession,1779305498,1,0,1
mn8370qr,12,whc9aveo,10,trader_bridge_app,PauseTradingSession,1779305498,1,0,1
mn8370qr,11,pqnknbrr,12,trader_bridge_app,DayBreak,1779305504,1,0,0
mn8370qr,9,kb2z64e8,12,trader_bridge_app,DayBreak,1779305505,1,0,0
mn8370qr,7,bs9r1rdm,12,trader_bridge_app,DayBreak,1779305507,1,0,0
mn8370qr,10,ai0il249,12,trader_bridge_app,DayBreak,1779305513,1,0,0
mn8370qr,12,whc9aveo,12,trader_bridge_app,DayBreak,1779305514,1,0,0
mn8370qr,8,9uh6p1vm,12,trader_bridge_app,DayBreak,1779305516,1,0,0
mn8370qr,7,bs9r1rdm,16,trader_bridge_app,ResumeTradingSession,1779305516,2,0,1
mn8370qr,8,9uh6p1vm,16,trader_bridge_app,ResumeTradingSession,1779305516,2,0,1
mn8370qr,9,kb2z64e8,16,trader_bridge_app,ResumeTradingSession,1779305516,2,0,1
mn8370qr,10,ai0il249,16,trader_bridge_app,ResumeTradingSession,1779305516,2,0,1
mn8370qr,11,pqnknbrr,16,trader_bridge_app,ResumeTradingSession,1779305516,2,0,1
mn8370qr,12,whc9aveo,16,trader_bridge_app,ResumeTradingSession,1779305516,2,0,1
mn8370qr,4,lh92b709,9,trader_bridge_app,TradePage,1779305525,1,0,0
mn8370qr,6,aac2mc3k,9,trader_bridge_app,TradePage,1779305525,1,0,0
mn8370qr,2,j6o1gu35,9,trader_bridge_app,TradePage,1779305525,1,0,0
mn8370qr,5,729v3r7i,9,trader_bridge_app,TradePage,1779305525,1,0,0
mn8370qr,1,e4rzuiqc,9,trader_bridge_app,TradePage,1779305525,1,0,0
mn8370qr,3,z9n52ebr,9,trader_bridge_app,TradePage,1779305525,1,0,0
mn8370qr,1,e4rzuiqc,10,trader_bridge_app,PauseTradingSession,1779305525,1,0,1
mn8370qr,2,j6o1gu35,10,trader_bridge_app,PauseTradingSession,1779305525,1,0,1
mn8370qr,3,z9n52ebr,10,trader_bridge_app,PauseTradingSession,1779305525,1,0,1
mn8370qr,4,lh92b709,10,trader_bridge_app,PauseTradingSession,1779305525,1,0,1
mn8370qr,5,729v3r7i,10,trader_bridge_app,PauseTradingSession,1779305525,1,0,1
mn8370qr,6,aac2mc3k,10,trader_bridge_app,PauseTradingSession,1779305525,1,0,1
mn8370qr,2,j6o1gu35,12,trader_bridge_app,DayBreak,1779305530,1,0,0
mn8370qr,3,z9n52ebr,12,trader_bridge_app,DayBreak,1779305536,1,0,0
mn8370qr,4,lh92b709,12,trader_bridge_app,DayBreak,1779305539,1,0,0
mn8370qr,6,aac2mc3k,12,trader_bridge_app,DayBreak,1779305543,1,0,0
mn8370qr,14,q9v4q54j,18,trader_bridge_app,TradePage,1779305544,2,0,0
mn8370qr,13,51q1wtqi,19,trader_bridge_app,PauseTradingSession,1779305544,2,0,1
mn8370qr,16,ry1l466x,19,trader_bridge_app,PauseTradingSession,1779305544,2,0,1
mn8370qr,15,5g1om6y0,18,trader_bridge_app,TradePage,1779305544,2,0,0
mn8370qr,13,51q1wtqi,18,trader_bridge_app,TradePage,1779305544,2,0,0
mn8370qr,16,ry1l466x,18,trader_bridge_app,TradePage,1779305544,2,0,0
mn8370qr,13,51q1wtqi,19,trader_bridge_app,PauseTradingSession,1779305544,2,0,1
mn8370qr,16,ry1l466x,19,trader_bridge_app,PauseTradingSession,1779305544,2,0,1
mn8370qr,14,q9v4q54j,19,trader_bridge_app,PauseTradingSession,1779305544,2,0,1
mn8370qr,15,5g1om6y0,19,trader_bridge_app,PauseTradingSession,1779305544,2,0,1
mn8370qr,5,729v3r7i,16,trader_bridge_app,ResumeTradingSession,1779305544,2,0,1
mn8370qr,6,aac2mc3k,16,trader_bridge_app,ResumeTradingSession,1779305544,2,0,1
mn8370qr,1,e4rzuiqc,16,trader_bridge_app,ResumeTradingSession,1779305544,2,0,1
mn8370qr,2,j6o1gu35,16,trader_bridge_app,ResumeTradingSession,1779305544,2,0,1
mn8370qr,3,z9n52ebr,16,trader_bridge_app,ResumeTradingSession,1779305544,2,0,1
mn8370qr,4,lh92b709,16,trader_bridge_app,ResumeTradingSession,1779305544,2,0,1
mn8370qr,16,ry1l466x,21,trader_bridge_app,DayBreak,1779305551,2,0,0
mn8370qr,14,q9v4q54j,21,trader_bridge_app,DayBreak,1779305552,2,0,0
mn8370qr,15,5g1om6y0,21,trader_bridge_app,DayBreak,1779305555,2,0,0
mn8370qr,13,51q1wtqi,25,trader_bridge_app,ResumeTradingSession,1779305555,3,0,1
mn8370qr,14,q9v4q54j,25,trader_bridge_app,ResumeTradingSession,1779305555,3,0,1
mn8370qr,15,5g1om6y0,25,trader_bridge_app,ResumeTradingSession,1779305555,3,0,1
mn8370qr,16,ry1l466x,25,trader_bridge_app,ResumeTradingSession,1779305555,3,0,1
mn8370qr,8,9uh6p1vm,18,trader_bridge_app,TradePage,1779305577,2,0,0
mn8370qr,9,kb2z64e8,18,trader_bridge_app,TradePage,1779305577,2,0,0
mn8370qr,11,pqnknbrr,18,trader_bridge_app,TradePage,1779305577,2,0,0
mn8370qr,7,bs9r1rdm,18,trader_bridge_app,TradePage,1779305577,2,0,0
mn8370qr,7,bs9r1rdm,19,trader_bridge_app,PauseTradingSession,1779305577,2,0,1
mn8370qr,8,9uh6p1vm,19,trader_bridge_app,PauseTradingSession,1779305577,2,0,1
mn8370qr,10,ai0il249,19,trader_bridge_app,PauseTradingSession,1779305577,2,0,1
mn8370qr,11,pqnknbrr,19,trader_bridge_app,PauseTradingSession,1779305577,2,0,1
mn8370qr,12,whc9aveo,19,trader_bridge_app,PauseTradingSession,1779305577,2,0,1
mn8370qr,9,kb2z64e8,19,trader_bridge_app,PauseTradingSession,1779305577,2,0,1
mn8370qr,7,bs9r1rdm,21,trader_bridge_app,DayBreak,1779305584,2,0,0
mn8370qr,12,whc9aveo,21,trader_bridge_app,DayBreak,1779305588,2,0,0
mn8370qr,7,bs9r1rdm,25,trader_bridge_app,ResumeTradingSession,1779305598,3,0,1
mn8370qr,8,9uh6p1vm,25,trader_bridge_app,ResumeTradingSession,1779305598,3,0,1
mn8370qr,9,kb2z64e8,25,trader_bridge_app,ResumeTradingSession,1779305598,3,0,1
mn8370qr,10,ai0il249,25,trader_bridge_app,ResumeTradingSession,1779305598,3,0,1
mn8370qr,11,pqnknbrr,25,trader_bridge_app,ResumeTradingSession,1779305598,3,0,1
mn8370qr,12,whc9aveo,25,trader_bridge_app,ResumeTradingSession,1779305598,3,0,1
mn8370qr,14,q9v4q54j,27,trader_bridge_app,TradePage,1779305616,3,0,0
mn8370qr,2,j6o1gu35,18,trader_bridge_app,TradePage,1779305623,2,1,0
mn8370qr,3,z9n52ebr,18,trader_bridge_app,TradePage,1779305623,2,1,0
mn8370qr,4,lh92b709,18,trader_bridge_app,TradePage,1779305623,2,1,0
mn8370qr,1,e4rzuiqc,18,trader_bridge_app,TradePage,1779305623,2,1,0
mn8370qr,6,aac2mc3k,18,trader_bridge_app,TradePage,1779305623,2,1,0
mn8370qr,5,729v3r7i,19,trader_bridge_app,PauseTradingSession,1779305624,2,0,1
mn8370qr,6,aac2mc3k,19,trader_bridge_app,PauseTradingSession,1779305624,2,0,1
mn8370qr,1,e4rzuiqc,19,trader_bridge_app,PauseTradingSession,1779305624,2,0,1
mn8370qr,2,j6o1gu35,19,trader_bridge_app,PauseTradingSession,1779305624,2,0,1
mn8370qr,3,z9n52ebr,19,trader_bridge_app,PauseTradingSession,1779305624,2,0,1
mn8370qr,4,lh92b709,19,trader_bridge_app,PauseTradingSession,1779305624,2,0,1
mn8370qr,16,ry1l466x,27,trader_bridge_app,TradePage,1779305633,3,1,0
mn8370qr,14,q9v4q54j,19,trader_bridge_app,PauseTradingSession,1779305544,2,0,1
mn8370qr,15,5g1om6y0,19,trader_bridge_app,PauseTradingSession,1779305544,2,0,1
mn8370qr,5,729v3r7i,12,trader_bridge_app,DayBreak,1779305544,1,0,0
mn8370qr,13,51q1wtqi,21,trader_bridge_app,DayBreak,1779305552,2,0,0
mn8370qr,10,ai0il249,18,trader_bridge_app,TradePage,1779305577,2,0,0
mn8370qr,12,whc9aveo,18,trader_bridge_app,TradePage,1779305577,2,0,0
mn8370qr,8,9uh6p1vm,19,trader_bridge_app,PauseTradingSession,1779305577,2,0,1
mn8370qr,7,bs9r1rdm,19,trader_bridge_app,PauseTradingSession,1779305577,2,0,1
mn8370qr,10,ai0il249,19,trader_bridge_app,PauseTradingSession,1779305577,2,0,1
mn8370qr,11,pqnknbrr,19,trader_bridge_app,PauseTradingSession,1779305577,2,0,1
mn8370qr,12,whc9aveo,19,trader_bridge_app,PauseTradingSession,1779305577,2,0,1
mn8370qr,9,kb2z64e8,19,trader_bridge_app,PauseTradingSession,1779305577,2,0,1
mn8370qr,9,kb2z64e8,21,trader_bridge_app,DayBreak,1779305581,2,0,0
mn8370qr,10,ai0il249,21,trader_bridge_app,DayBreak,1779305584,2,0,0
mn8370qr,8,9uh6p1vm,21,trader_bridge_app,DayBreak,1779305586,2,0,0
mn8370qr,11,pqnknbrr,21,trader_bridge_app,DayBreak,1779305598,2,1,0
mn8370qr,5,729v3r7i,18,trader_bridge_app,TradePage,1779305605,2,0,0
mn8370qr,15,5g1om6y0,27,trader_bridge_app,TradePage,1779305616,3,0,0
mn8370qr,13,51q1wtqi,27,trader_bridge_app,TradePage,1779305616,3,0,0
mn8370qr,16,ry1l466x,30,trader_bridge_app,DayBreak,1779305653,3,1,0
mn8370qr,14,q9v4q54j,30,trader_bridge_app,DayBreak,1779305653,3,1,0
mn8370qr,1,e4rzuiqc,21,trader_bridge_app,DayBreak,1779305656,2,1,0
mn8370qr,5,729v3r7i,21,trader_bridge_app,DayBreak,1779305656,2,1,0
mn8370qr,3,z9n52ebr,21,trader_bridge_app,DayBreak,1779305657,2,1,0
mn8370qr,10,ai0il249,27,trader_bridge_app,TradePage,1779305659,3,0,0
mn8370qr,13,51q1wtqi,32,trader_bridge_app,MarketTransition,1779305659,3,0,0
mn8370qr,15,5g1om6y0,30,trader_bridge_app,DayBreak,1779305665,3,1,0
mn8370qr,16,ry1l466x,29,trader_bridge_app,FinalizeTradingSession,1779305633,3,0,1
mn8370qr,13,51q1wtqi,29,trader_bridge_app,FinalizeTradingSession,1779305633,3,0,1
mn8370qr,14,q9v4q54j,29,trader_bridge_app,FinalizeTradingSession,1779305633,3,0,1
mn8370qr,15,5g1om6y0,29,trader_bridge_app,FinalizeTradingSession,1779305633,3,0,1
mn8370qr,6,aac2mc3k,21,trader_bridge_app,DayBreak,1779305651,2,1,0
mn8370qr,16,ry1l466x,32,trader_bridge_app,MarketTransition,1779305655,3,0,0
mn8370qr,13,51q1wtqi,30,trader_bridge_app,DayBreak,1779305658,3,0,0
mn8370qr,11,pqnknbrr,27,trader_bridge_app,TradePage,1779305658,3,0,0
mn8370qr,8,9uh6p1vm,27,trader_bridge_app,TradePage,1779305659,3,0,0
mn8370qr,9,kb2z64e8,27,trader_bridge_app,TradePage,1779305659,3,0,0
mn8370qr,2,j6o1gu35,21,trader_bridge_app,DayBreak,1779305663,2,1,0
mn8370qr,4,lh92b709,21,trader_bridge_app,DayBreak,1779305663,2,1,0
mn8370qr,4,lh92b709,25,trader_bridge_app,ResumeTradingSession,1779305663,3,0,1
mn8370qr,5,729v3r7i,25,trader_bridge_app,ResumeTradingSession,1779305663,3,0,1
mn8370qr,6,aac2mc3k,25,trader_bridge_app,ResumeTradingSession,1779305663,3,0,1
mn8370qr,1,e4rzuiqc,25,trader_bridge_app,ResumeTradingSession,1779305663,3,0,1
mn8370qr,2,j6o1gu35,25,trader_bridge_app,ResumeTradingSession,1779305663,3,0,1
mn8370qr,3,z9n52ebr,25,trader_bridge_app,ResumeTradingSession,1779305663,3,0,1
mn8370qr,7,bs9r1rdm,27,trader_bridge_app,TradePage,1779305669,3,0,0
mn8370qr,12,whc9aveo,27,trader_bridge_app,TradePage,1779305669,3,0,0
mn8370qr,7,bs9r1rdm,29,trader_bridge_app,FinalizeTradingSession,1779305669,3,0,1
mn8370qr,8,9uh6p1vm,29,trader_bridge_app,FinalizeTradingSession,1779305669,3,0,1
mn8370qr,9,kb2z64e8,29,trader_bridge_app,FinalizeTradingSession,1779305669,3,0,1
mn8370qr,10,ai0il249,29,trader_bridge_app,FinalizeTradingSession,1779305669,3,0,1
mn8370qr,11,pqnknbrr,29,trader_bridge_app,FinalizeTradingSession,1779305669,3,0,1
mn8370qr,12,whc9aveo,29,trader_bridge_app,FinalizeTradingSession,1779305669,3,0,1
mn8370qr,7,bs9r1rdm,30,trader_bridge_app,DayBreak,1779305673,3,0,0
mn8370qr,7,bs9r1rdm,32,trader_bridge_app,MarketTransition,1779305677,3,0,0
mn8370qr,10,ai0il249,30,trader_bridge_app,DayBreak,1779305682,3,0,0
mn8370qr,8,9uh6p1vm,32,trader_bridge_app,MarketTransition,1779305684,3,0,0
mn8370qr,12,whc9aveo,32,trader_bridge_app,MarketTransition,1779305689,3,0,0
mn8370qr,11,pqnknbrr,30,trader_bridge_app,DayBreak,1779305689,3,1,0
mn8370qr,4,lh92b709,27,trader_bridge_app,TradePage,1779305724,3,0,0
mn8370qr,3,z9n52ebr,27,trader_bridge_app,TradePage,1779305725,3,0,0
mn8370qr,2,j6o1gu35,29,trader_bridge_app,FinalizeTradingSession,1779305736,3,0,1
mn8370qr,3,z9n52ebr,29,trader_bridge_app,FinalizeTradingSession,1779305736,3,0,1
mn8370qr,4,lh92b709,29,trader_bridge_app,FinalizeTradingSession,1779305736,3,0,1
mn8370qr,5,729v3r7i,29,trader_bridge_app,FinalizeTradingSession,1779305736,3,0,1
mn8370qr,6,aac2mc3k,29,trader_bridge_app,FinalizeTradingSession,1779305736,3,0,1
mn8370qr,1,e4rzuiqc,29,trader_bridge_app,FinalizeTradingSession,1779305736,3,0,1
mn8370qr,11,pqnknbrr,32,trader_bridge_app,MarketTransition,1779305746,3,0,0
mn8370qr,7,bs9r1rdm,33,trader_bridge_app,SyncTradingSession,1779305746,4,0,1
mn8370qr,8,9uh6p1vm,33,trader_bridge_app,SyncTradingSession,1779305746,4,0,1
mn8370qr,9,kb2z64e8,33,trader_bridge_app,SyncTradingSession,1779305746,4,0,1
mn8370qr,10,ai0il249,33,trader_bridge_app,SyncTradingSession,1779305746,4,0,1
mn8370qr,11,pqnknbrr,33,trader_bridge_app,SyncTradingSession,1779305746,4,0,1
mn8370qr,12,whc9aveo,33,trader_bridge_app,SyncTradingSession,1779305746,4,0,1
mn8370qr,13,51q1wtqi,33,trader_bridge_app,SyncTradingSession,1779305756,4,0,1
mn8370qr,7,bs9r1rdm,29,trader_bridge_app,FinalizeTradingSession,1779305669,3,0,1
mn8370qr,8,9uh6p1vm,29,trader_bridge_app,FinalizeTradingSession,1779305669,3,0,1
mn8370qr,9,kb2z64e8,29,trader_bridge_app,FinalizeTradingSession,1779305669,3,0,1
mn8370qr,10,ai0il249,29,trader_bridge_app,FinalizeTradingSession,1779305669,3,0,1
mn8370qr,11,pqnknbrr,29,trader_bridge_app,FinalizeTradingSession,1779305669,3,0,1
mn8370qr,12,whc9aveo,29,trader_bridge_app,FinalizeTradingSession,1779305669,3,0,1
mn8370qr,15,5g1om6y0,32,trader_bridge_app,MarketTransition,1779305669,3,0,0
mn8370qr,9,kb2z64e8,30,trader_bridge_app,DayBreak,1779305673,3,0,0
mn8370qr,12,whc9aveo,30,trader_bridge_app,DayBreak,1779305675,3,0,0
mn8370qr,8,9uh6p1vm,30,trader_bridge_app,DayBreak,1779305680,3,0,0
mn8370qr,9,kb2z64e8,32,trader_bridge_app,MarketTransition,1779305688,3,0,0
mn8370qr,10,ai0il249,32,trader_bridge_app,MarketTransition,1779305696,3,0,0
mn8370qr,5,729v3r7i,27,trader_bridge_app,TradePage,1779305724,3,0,0
mn8370qr,2,j6o1gu35,27,trader_bridge_app,TradePage,1779305727,3,0,0
mn8370qr,1,e4rzuiqc,27,trader_bridge_app,TradePage,1779305727,3,0,0
mn8370qr,6,aac2mc3k,27,trader_bridge_app,TradePage,1779305736,3,0,0
mn8370qr,2,j6o1gu35,30,trader_bridge_app,DayBreak,1779305743,3,0,0
mn8370qr,2,j6o1gu35,32,trader_bridge_app,MarketTransition,1779305746,3,0,0
mn8370qr,5,729v3r7i,30,trader_bridge_app,DayBreak,1779305746,3,0,0
mn8370qr,5,729v3r7i,32,trader_bridge_app,MarketTransition,1779305749,3,0,0
mn8370qr,14,q9v4q54j,32,trader_bridge_app,MarketTransition,1779305756,3,0,0
mn8370qr,7,bs9r1rdm,34,trader_bridge_app,ResumeTradingSession,1779305757,4,0,1
mn8370qr,8,9uh6p1vm,34,trader_bridge_app,ResumeTradingSession,1779305757,4,0,1
mn8370qr,9,kb2z64e8,34,trader_bridge_app,ResumeTradingSession,1779305757,4,0,1
mn8370qr,10,ai0il249,34,trader_bridge_app,ResumeTradingSession,1779305757,4,0,1
mn8370qr,11,pqnknbrr,34,trader_bridge_app,ResumeTradingSession,1779305757,4,0,1
mn8370qr,12,whc9aveo,34,trader_bridge_app,ResumeTradingSession,1779305757,4,0,1
mn8370qr,4,lh92b709,30,trader_bridge_app,DayBreak,1779305763,3,0,0
mn8370qr,4,lh92b709,32,trader_bridge_app,MarketTransition,1779305767,3,0,0
mn8370qr,1,e4rzuiqc,32,trader_bridge_app,MarketTransition,1779305770,3,0,0
mn8370qr,3,z9n52ebr,33,trader_bridge_app,SyncTradingSession,1779305771,4,0,1
mn8370qr,4,lh92b709,33,trader_bridge_app,SyncTradingSession,1779305771,4,0,1
mn8370qr,5,729v3r7i,33,trader_bridge_app,SyncTradingSession,1779305771,4,0,1
mn8370qr,6,aac2mc3k,33,trader_bridge_app,SyncTradingSession,1779305771,4,0,1
mn8370qr,1,e4rzuiqc,33,trader_bridge_app,SyncTradingSession,1779305771,4,0,1
mn8370qr,2,j6o1gu35,33,trader_bridge_app,SyncTradingSession,1779305771,4,0,1
mn8370qr,3,z9n52ebr,34,trader_bridge_app,ResumeTradingSession,1779305781,4,0,1
mn8370qr,4,lh92b709,34,trader_bridge_app,ResumeTradingSession,1779305781,4,0,1
mn8370qr,5,729v3r7i,34,trader_bridge_app,ResumeTradingSession,1779305781,4,0,1
mn8370qr,6,aac2mc3k,34,trader_bridge_app,ResumeTradingSession,1779305781,4,0,1
mn8370qr,1,e4rzuiqc,34,trader_bridge_app,ResumeTradingSession,1779305781,4,0,1
mn8370qr,2,j6o1gu35,34,trader_bridge_app,ResumeTradingSession,1779305781,4,0,1
mn8370qr,7,bs9r1rdm,36,trader_bridge_app,TradePage,1779305817,4,0,0
mn8370qr,15,5g1om6y0,36,trader_bridge_app,TradePage,1779305818,4,0,0
mn8370qr,13,51q1wtqi,36,trader_bridge_app,TradePage,1779305818,4,0,0
mn8370qr,9,kb2z64e8,36,trader_bridge_app,TradePage,1779305818,4,0,0
mn8370qr,11,pqnknbrr,36,trader_bridge_app,TradePage,1779305818,4,0,0
mn8370qr,14,q9v4q54j,36,trader_bridge_app,TradePage,1779305830,4,0,0
mn8370qr,10,ai0il249,36,trader_bridge_app,TradePage,1779305830,4,0,0
mn8370qr,13,51q1wtqi,37,trader_bridge_app,PauseTradingSession,1779305830,4,0,1
mn8370qr,14,q9v4q54j,37,trader_bridge_app,PauseTradingSession,1779305830,4,0,1
mn8370qr,15,5g1om6y0,37,trader_bridge_app,PauseTradingSession,1779305830,4,0,1
mn8370qr,16,ry1l466x,37,trader_bridge_app,PauseTradingSession,1779305830,4,0,1
mn8370qr,10,ai0il249,39,trader_bridge_app,DayBreak,1779305835,4,0,0
mn8370qr,9,kb2z64e8,39,trader_bridge_app,DayBreak,1779305836,4,0,0
mn8370qr,16,ry1l466x,39,trader_bridge_app,DayBreak,1779305836,4,0,0
mn8370qr,15,5g1om6y0,39,trader_bridge_app,DayBreak,1779305837,4,0,0
mn8370qr,12,whc9aveo,39,trader_bridge_app,DayBreak,1779305837,4,0,0
mn8370qr,11,pqnknbrr,39,trader_bridge_app,DayBreak,1779305841,4,0,0
mn8370qr,4,lh92b709,36,trader_bridge_app,TradePage,1779305842,4,0,0
mn8370qr,6,aac2mc3k,36,trader_bridge_app,TradePage,1779305842,4,0,0
mn8370qr,1,e4rzuiqc,36,trader_bridge_app,TradePage,1779305842,4,0,0
mn8370qr,5,729v3r7i,36,trader_bridge_app,TradePage,1779305842,4,0,0
mn8370qr,2,j6o1gu35,36,trader_bridge_app,TradePage,1779305842,4,0,0
mn8370qr,3,z9n52ebr,36,trader_bridge_app,TradePage,1779305842,4,0,0
mn8370qr,1,e4rzuiqc,37,trader_bridge_app,PauseTradingSession,1779305843,4,0,1
mn8370qr,2,j6o1gu35,37,trader_bridge_app,PauseTradingSession,1779305843,4,0,1
mn8370qr,3,z9n52ebr,37,trader_bridge_app,PauseTradingSession,1779305843,4,0,1
mn8370qr,4,lh92b709,37,trader_bridge_app,PauseTradingSession,1779305843,4,0,1
mn8370qr,5,729v3r7i,37,trader_bridge_app,PauseTradingSession,1779305843,4,0,1
mn8370qr,6,aac2mc3k,37,trader_bridge_app,PauseTradingSession,1779305843,4,0,1
mn8370qr,7,bs9r1rdm,39,trader_bridge_app,DayBreak,1779305843,4,0,0
mn8370qr,13,51q1wtqi,39,trader_bridge_app,DayBreak,1779305843,4,0,0
mn8370qr,6,aac2mc3k,39,trader_bridge_app,DayBreak,1779305846,4,0,0
mn8370qr,3,z9n52ebr,39,trader_bridge_app,DayBreak,1779305846,4,0,0
mn8370qr,8,9uh6p1vm,39,trader_bridge_app,DayBreak,1779305848,4,0,0
mn8370qr,8,9uh6p1vm,43,trader_bridge_app,ResumeTradingSession,1779305848,5,0,1
mn8370qr,9,kb2z64e8,43,trader_bridge_app,ResumeTradingSession,1779305848,5,0,1
mn8370qr,10,ai0il249,43,trader_bridge_app,ResumeTradingSession,1779305848,5,0,1
mn8370qr,11,pqnknbrr,43,trader_bridge_app,ResumeTradingSession,1779305848,5,0,1
mn8370qr,12,whc9aveo,43,trader_bridge_app,ResumeTradingSession,1779305848,5,0,1
mn8370qr,7,bs9r1rdm,43,trader_bridge_app,ResumeTradingSession,1779305848,5,0,1
mn8370qr,4,lh92b709,39,trader_bridge_app,DayBreak,1779305849,4,0,0
mn8370qr,2,j6o1gu35,39,trader_bridge_app,DayBreak,1779305850,4,0,0
mn8370qr,14,q9v4q54j,39,trader_bridge_app,DayBreak,1779305850,4,1,0
mn8370qr,13,51q1wtqi,43,trader_bridge_app,ResumeTradingSession,1779305850,5,0,1
mn8370qr,16,ry1l466x,43,trader_bridge_app,ResumeTradingSession,1779305850,5,0,1
mn8370qr,14,q9v4q54j,43,trader_bridge_app,ResumeTradingSession,1779305850,5,0,1
mn8370qr,15,5g1om6y0,43,trader_bridge_app,ResumeTradingSession,1779305850,5,0,1
mn8370qr,1,e4rzuiqc,39,trader_bridge_app,DayBreak,1779305855,4,0,0
mn8370qr,5,729v3r7i,39,trader_bridge_app,DayBreak,1779305858,4,0,0
mn8370qr,1,e4rzuiqc,43,trader_bridge_app,ResumeTradingSession,1779305858,5,0,1
mn8370qr,2,j6o1gu35,43,trader_bridge_app,ResumeTradingSession,1779305858,5,0,1
mn8370qr,3,z9n52ebr,43,trader_bridge_app,ResumeTradingSession,1779305858,5,0,1
mn8370qr,4,lh92b709,43,trader_bridge_app,ResumeTradingSession,1779305858,5,0,1
mn8370qr,5,729v3r7i,43,trader_bridge_app,ResumeTradingSession,1779305858,5,0,1
mn8370qr,6,aac2mc3k,43,trader_bridge_app,ResumeTradingSession,1779305858,5,0,1
mn8370qr,12,whc9aveo,45,trader_bridge_app,TradePage,1779305909,5,0,0
mn8370qr,8,9uh6p1vm,45,trader_bridge_app,TradePage,1779305909,5,0,0
mn8370qr,9,kb2z64e8,45,trader_bridge_app,TradePage,1779305909,5,0,0
mn8370qr,7,bs9r1rdm,45,trader_bridge_app,TradePage,1779305909,5,0,0
mn8370qr,10,ai0il249,45,trader_bridge_app,TradePage,1779305909,5,0,0
mn8370qr,11,pqnknbrr,45,trader_bridge_app,TradePage,1779305909,5,0,0
mn8370qr,7,bs9r1rdm,46,trader_bridge_app,PauseTradingSession,1779305909,5,0,1
mn8370qr,8,9uh6p1vm,46,trader_bridge_app,PauseTradingSession,1779305909,5,0,1
mn8370qr,9,kb2z64e8,46,trader_bridge_app,PauseTradingSession,1779305909,5,0,1
mn8370qr,10,ai0il249,46,trader_bridge_app,PauseTradingSession,1779305909,5,0,1
mn8370qr,11,pqnknbrr,46,trader_bridge_app,PauseTradingSession,1779305909,5,0,1
mn8370qr,12,whc9aveo,46,trader_bridge_app,PauseTradingSession,1779305909,5,0,1
mn8370qr,14,q9v4q54j,45,trader_bridge_app,TradePage,1779305911,5,0,0
mn8370qr,13,51q1wtqi,45,trader_bridge_app,TradePage,1779305911,5,0,0
mn8370qr,16,ry1l466x,45,trader_bridge_app,TradePage,1779305911,5,0,0
mn8370qr,15,5g1om6y0,45,trader_bridge_app,TradePage,1779305911,5,0,0
mn8370qr,13,51q1wtqi,46,trader_bridge_app,PauseTradingSession,1779305912,5,0,1
mn8370qr,14,q9v4q54j,46,trader_bridge_app,PauseTradingSession,1779305912,5,0,1
mn8370qr,15,5g1om6y0,46,trader_bridge_app,PauseTradingSession,1779305912,5,0,1
mn8370qr,16,ry1l466x,46,trader_bridge_app,PauseTradingSession,1779305912,5,0,1
mn8370qr,10,ai0il249,48,trader_bridge_app,DayBreak,1779305913,5,0,0
mn8370qr,9,kb2z64e8,48,trader_bridge_app,DayBreak,1779305913,5,0,0
mn8370qr,11,pqnknbrr,48,trader_bridge_app,DayBreak,1779305914,5,0,0
mn8370qr,15,5g1om6y0,48,trader_bridge_app,DayBreak,1779305915,5,0,0
mn8370qr,14,q9v4q54j,48,trader_bridge_app,DayBreak,1779305916,5,0,0
mn8370qr,7,bs9r1rdm,48,trader_bridge_app,DayBreak,1779305916,5,0,0
mn8370qr,12,whc9aveo,48,trader_bridge_app,DayBreak,1779305917,5,0,0
mn8370qr,16,ry1l466x,48,trader_bridge_app,DayBreak,1779305918,5,0,0
mn8370qr,5,729v3r7i,45,trader_bridge_app,TradePage,1779305919,5,0,0
mn8370qr,3,z9n52ebr,45,trader_bridge_app,TradePage,1779305919,5,0,0
mn8370qr,6,aac2mc3k,45,trader_bridge_app,TradePage,1779305919,5,0,0
mn8370qr,2,j6o1gu35,45,trader_bridge_app,TradePage,1779305919,5,0,0
mn8370qr,4,lh92b709,45,trader_bridge_app,TradePage,1779305919,5,0,0
mn8370qr,1,e4rzuiqc,45,trader_bridge_app,TradePage,1779305919,5,0,0
mn8370qr,1,e4rzuiqc,46,trader_bridge_app,PauseTradingSession,1779305919,5,0,1
mn8370qr,2,j6o1gu35,46,trader_bridge_app,PauseTradingSession,1779305919,5,0,1
mn8370qr,3,z9n52ebr,46,trader_bridge_app,PauseTradingSession,1779305919,5,0,1
mn8370qr,4,lh92b709,46,trader_bridge_app,PauseTradingSession,1779305919,5,0,1
mn8370qr,5,729v3r7i,46,trader_bridge_app,PauseTradingSession,1779305919,5,0,1
mn8370qr,6,aac2mc3k,46,trader_bridge_app,PauseTradingSession,1779305919,5,0,1
mn8370qr,6,aac2mc3k,48,trader_bridge_app,DayBreak,1779305922,5,0,0
mn8370qr,8,9uh6p1vm,48,trader_bridge_app,DayBreak,1779305922,5,0,0
mn8370qr,8,9uh6p1vm,52,trader_bridge_app,ResumeTradingSession,1779305922,6,0,1
mn8370qr,7,bs9r1rdm,52,trader_bridge_app,ResumeTradingSession,1779305922,6,0,1
mn8370qr,9,kb2z64e8,52,trader_bridge_app,ResumeTradingSession,1779305922,6,0,1
mn8370qr,10,ai0il249,52,trader_bridge_app,ResumeTradingSession,1779305922,6,0,1
mn8370qr,11,pqnknbrr,52,trader_bridge_app,ResumeTradingSession,1779305922,6,0,1
mn8370qr,12,whc9aveo,52,trader_bridge_app,ResumeTradingSession,1779305922,6,0,1
mn8370qr,3,z9n52ebr,48,trader_bridge_app,DayBreak,1779305922,5,0,0
mn8370qr,5,729v3r7i,48,trader_bridge_app,DayBreak,1779305923,5,0,0
mn8370qr,13,51q1wtqi,48,trader_bridge_app,DayBreak,1779305925,5,0,0
mn8370qr,2,j6o1gu35,48,trader_bridge_app,DayBreak,1779305925,5,0,0
mn8370qr,13,51q1wtqi,52,trader_bridge_app,ResumeTradingSession,1779305925,6,0,1
mn8370qr,14,q9v4q54j,52,trader_bridge_app,ResumeTradingSession,1779305925,6,0,1
mn8370qr,15,5g1om6y0,52,trader_bridge_app,ResumeTradingSession,1779305925,6,0,1
mn8370qr,16,ry1l466x,52,trader_bridge_app,ResumeTradingSession,1779305925,6,0,1
mn8370qr,4,lh92b709,48,trader_bridge_app,DayBreak,1779305926,5,0,0
mn8370qr,1,e4rzuiqc,48,trader_bridge_app,DayBreak,1779305934,5,0,0
mn8370qr,6,aac2mc3k,52,trader_bridge_app,ResumeTradingSession,1779305934,6,0,1
mn8370qr,1,e4rzuiqc,52,trader_bridge_app,ResumeTradingSession,1779305934,6,0,1
mn8370qr,2,j6o1gu35,52,trader_bridge_app,ResumeTradingSession,1779305934,6,0,1
mn8370qr,3,z9n52ebr,52,trader_bridge_app,ResumeTradingSession,1779305934,6,0,1
mn8370qr,4,lh92b709,52,trader_bridge_app,ResumeTradingSession,1779305934,6,0,1
mn8370qr,5,729v3r7i,52,trader_bridge_app,ResumeTradingSession,1779305934,6,0,1
mn8370qr,7,bs9r1rdm,54,trader_bridge_app,TradePage,1779305983,6,0,0
mn8370qr,8,9uh6p1vm,54,trader_bridge_app,TradePage,1779305983,6,0,0
mn8370qr,10,ai0il249,54,trader_bridge_app,TradePage,1779305983,6,0,0
mn8370qr,9,kb2z64e8,54,trader_bridge_app,TradePage,1779305983,6,0,0
mn8370qr,11,pqnknbrr,54,trader_bridge_app,TradePage,1779305983,6,0,0
mn8370qr,12,whc9aveo,54,trader_bridge_app,TradePage,1779305983,6,0,0
mn8370qr,12,whc9aveo,55,trader_bridge_app,PauseTradingSession,1779305983,6,0,1
mn8370qr,7,bs9r1rdm,55,trader_bridge_app,PauseTradingSession,1779305983,6,0,1
mn8370qr,8,9uh6p1vm,55,trader_bridge_app,PauseTradingSession,1779305983,6,0,1
mn8370qr,9,kb2z64e8,55,trader_bridge_app,PauseTradingSession,1779305983,6,0,1
mn8370qr,10,ai0il249,55,trader_bridge_app,PauseTradingSession,1779305983,6,0,1
mn8370qr,11,pqnknbrr,55,trader_bridge_app,PauseTradingSession,1779305983,6,0,1
mn8370qr,13,51q1wtqi,54,trader_bridge_app,TradePage,1779305986,6,0,0
mn8370qr,15,5g1om6y0,54,trader_bridge_app,TradePage,1779305986,6,0,0
mn8370qr,14,q9v4q54j,54,trader_bridge_app,TradePage,1779305986,6,0,0
mn8370qr,16,ry1l466x,54,trader_bridge_app,TradePage,1779305986,6,0,0
mn8370qr,13,51q1wtqi,55,trader_bridge_app,PauseTradingSession,1779305986,6,0,1
mn8370qr,14,q9v4q54j,55,trader_bridge_app,PauseTradingSession,1779305986,6,0,1
mn8370qr,15,5g1om6y0,55,trader_bridge_app,PauseTradingSession,1779305986,6,0,1
mn8370qr,16,ry1l466x,55,trader_bridge_app,PauseTradingSession,1779305986,6,0,1
mn8370qr,6,aac2mc3k,54,trader_bridge_app,TradePage,1779305995,6,0,0
mn8370qr,4,lh92b709,54,trader_bridge_app,TradePage,1779305995,6,0,0
mn8370qr,1,e4rzuiqc,54,trader_bridge_app,TradePage,1779305995,6,0,0
mn8370qr,5,729v3r7i,54,trader_bridge_app,TradePage,1779305995,6,0,0
mn8370qr,2,j6o1gu35,54,trader_bridge_app,TradePage,1779305995,6,0,0
mn8370qr,10,ai0il249,57,trader_bridge_app,DayBreak,1779305995,6,0,0
mn8370qr,3,z9n52ebr,54,trader_bridge_app,TradePage,1779305996,6,0,0
mn8370qr,12,whc9aveo,57,trader_bridge_app,DayBreak,1779305996,6,0,0
mn8370qr,6,aac2mc3k,55,trader_bridge_app,PauseTradingSession,1779305996,6,0,1
mn8370qr,1,e4rzuiqc,55,trader_bridge_app,PauseTradingSession,1779305996,6,0,1
mn8370qr,2,j6o1gu35,55,trader_bridge_app,PauseTradingSession,1779305996,6,0,1
mn8370qr,3,z9n52ebr,55,trader_bridge_app,PauseTradingSession,1779305996,6,0,1
mn8370qr,4,lh92b709,55,trader_bridge_app,PauseTradingSession,1779305996,6,0,1
mn8370qr,5,729v3r7i,55,trader_bridge_app,PauseTradingSession,1779305996,6,0,1
mn8370qr,11,pqnknbrr,57,trader_bridge_app,DayBreak,1779306000,6,0,0
mn8370qr,9,kb2z64e8,57,trader_bridge_app,DayBreak,1779306004,6,1,0
mn8370qr,8,9uh6p1vm,57,trader_bridge_app,DayBreak,1779306004,6,1,0
mn8370qr,7,bs9r1rdm,57,trader_bridge_app,DayBreak,1779306004,6,1,0
mn8370qr,7,bs9r1rdm,61,trader_bridge_app,ResumeTradingSession,1779306004,7,0,1
mn8370qr,8,9uh6p1vm,61,trader_bridge_app,ResumeTradingSession,1779306004,7,0,1
mn8370qr,9,kb2z64e8,61,trader_bridge_app,ResumeTradingSession,1779306004,7,0,1
mn8370qr,10,ai0il249,61,trader_bridge_app,ResumeTradingSession,1779306004,7,0,1
mn8370qr,11,pqnknbrr,61,trader_bridge_app,ResumeTradingSession,1779306004,7,0,1
mn8370qr,12,whc9aveo,61,trader_bridge_app,ResumeTradingSession,1779306004,7,0,1
mn8370qr,15,5g1om6y0,57,trader_bridge_app,DayBreak,1779306005,6,0,0
mn8370qr,16,ry1l466x,57,trader_bridge_app,DayBreak,1779306006,6,1,0
mn8370qr,14,q9v4q54j,57,trader_bridge_app,DayBreak,1779306006,6,1,0
mn8370qr,13,51q1wtqi,57,trader_bridge_app,DayBreak,1779306007,6,1,0
mn8370qr,13,51q1wtqi,61,trader_bridge_app,ResumeTradingSession,1779306007,7,0,1
mn8370qr,14,q9v4q54j,61,trader_bridge_app,ResumeTradingSession,1779306007,7,0,1
mn8370qr,15,5g1om6y0,61,trader_bridge_app,ResumeTradingSession,1779306007,7,0,1
mn8370qr,16,ry1l466x,61,trader_bridge_app,ResumeTradingSession,1779306007,7,0,1
mn8370qr,5,729v3r7i,57,trader_bridge_app,DayBreak,1779306016,6,0,0
mn8370qr,1,e4rzuiqc,57,trader_bridge_app,DayBreak,1779306016,6,1,0
mn8370qr,3,z9n52ebr,57,trader_bridge_app,DayBreak,1779306017,6,1,0
mn8370qr,6,aac2mc3k,57,trader_bridge_app,DayBreak,1779306017,6,1,0
mn8370qr,4,lh92b709,57,trader_bridge_app,DayBreak,1779306017,6,1,0
mn8370qr,2,j6o1gu35,57,trader_bridge_app,DayBreak,1779306017,6,1,0
mn8370qr,6,aac2mc3k,61,trader_bridge_app,ResumeTradingSession,1779306017,7,0,1
mn8370qr,1,e4rzuiqc,61,trader_bridge_app,ResumeTradingSession,1779306017,7,0,1
mn8370qr,2,j6o1gu35,61,trader_bridge_app,ResumeTradingSession,1779306017,7,0,1
mn8370qr,3,z9n52ebr,61,trader_bridge_app,ResumeTradingSession,1779306017,7,0,1
mn8370qr,4,lh92b709,61,trader_bridge_app,ResumeTradingSession,1779306017,7,0,1
mn8370qr,5,729v3r7i,61,trader_bridge_app,ResumeTradingSession,1779306017,7,0,1
mn8370qr,7,bs9r1rdm,63,trader_bridge_app,TradePage,1779306065,7,0,0
mn8370qr,10,ai0il249,63,trader_bridge_app,TradePage,1779306065,7,0,0
mn8370qr,11,pqnknbrr,63,trader_bridge_app,TradePage,1779306065,7,0,0
mn8370qr,12,whc9aveo,63,trader_bridge_app,TradePage,1779306065,7,0,0
mn8370qr,9,kb2z64e8,63,trader_bridge_app,TradePage,1779306065,7,0,0
mn8370qr,8,9uh6p1vm,63,trader_bridge_app,TradePage,1779306065,7,0,0
mn8370qr,7,bs9r1rdm,64,trader_bridge_app,PauseTradingSession,1779306066,7,0,1
mn8370qr,8,9uh6p1vm,64,trader_bridge_app,PauseTradingSession,1779306066,7,0,1
mn8370qr,9,kb2z64e8,64,trader_bridge_app,PauseTradingSession,1779306066,7,0,1
mn8370qr,10,ai0il249,64,trader_bridge_app,PauseTradingSession,1779306066,7,0,1
mn8370qr,11,pqnknbrr,64,trader_bridge_app,PauseTradingSession,1779306066,7,0,1
mn8370qr,12,whc9aveo,64,trader_bridge_app,PauseTradingSession,1779306066,7,0,1
mn8370qr,9,kb2z64e8,66,trader_bridge_app,DayBreak,1779306067,7,0,0
mn8370qr,13,51q1wtqi,63,trader_bridge_app,TradePage,1779306068,7,0,0
mn8370qr,15,5g1om6y0,63,trader_bridge_app,TradePage,1779306068,7,0,0
mn8370qr,16,ry1l466x,63,trader_bridge_app,TradePage,1779306068,7,0,0
mn8370qr,14,q9v4q54j,63,trader_bridge_app,TradePage,1779306068,7,0,0
mn8370qr,13,51q1wtqi,64,trader_bridge_app,PauseTradingSession,1779306068,7,0,1
mn8370qr,14,q9v4q54j,64,trader_bridge_app,PauseTradingSession,1779306068,7,0,1
mn8370qr,15,5g1om6y0,64,trader_bridge_app,PauseTradingSession,1779306068,7,0,1
mn8370qr,16,ry1l466x,64,trader_bridge_app,PauseTradingSession,1779306068,7,0,1
mn8370qr,11,pqnknbrr,66,trader_bridge_app,DayBreak,1779306070,7,0,0
mn8370qr,7,bs9r1rdm,66,trader_bridge_app,DayBreak,1779306070,7,0,0
mn8370qr,12,whc9aveo,66,trader_bridge_app,DayBreak,1779306071,7,0,0
mn8370qr,10,ai0il249,66,trader_bridge_app,DayBreak,1779306072,7,0,0
mn8370qr,14,q9v4q54j,66,trader_bridge_app,DayBreak,1779306072,7,0,0
mn8370qr,16,ry1l466x,66,trader_bridge_app,DayBreak,1779306072,7,0,0
mn8370qr,13,51q1wtqi,66,trader_bridge_app,DayBreak,1779306077,7,0,0
mn8370qr,3,z9n52ebr,63,trader_bridge_app,TradePage,1779306078,7,0,0
mn8370qr,6,aac2mc3k,63,trader_bridge_app,TradePage,1779306078,7,0,0
mn8370qr,2,j6o1gu35,63,trader_bridge_app,TradePage,1779306078,7,0,0
mn8370qr,4,lh92b709,63,trader_bridge_app,TradePage,1779306078,7,0,0
mn8370qr,5,729v3r7i,63,trader_bridge_app,TradePage,1779306078,7,0,0
mn8370qr,1,e4rzuiqc,63,trader_bridge_app,TradePage,1779306078,7,0,0
mn8370qr,6,aac2mc3k,64,trader_bridge_app,PauseTradingSession,1779306078,7,0,1
mn8370qr,1,e4rzuiqc,64,trader_bridge_app,PauseTradingSession,1779306078,7,0,1
mn8370qr,2,j6o1gu35,64,trader_bridge_app,PauseTradingSession,1779306078,7,0,1
mn8370qr,3,z9n52ebr,64,trader_bridge_app,PauseTradingSession,1779306078,7,0,1
mn8370qr,4,lh92b709,64,trader_bridge_app,PauseTradingSession,1779306078,7,0,1
mn8370qr,5,729v3r7i,64,trader_bridge_app,PauseTradingSession,1779306078,7,0,1
mn8370qr,15,5g1om6y0,66,trader_bridge_app,DayBreak,1779306082,7,0,0
mn8370qr,13,51q1wtqi,70,trader_bridge_app,ResumeTradingSession,1779306082,8,0,1
mn8370qr,14,q9v4q54j,70,trader_bridge_app,ResumeTradingSession,1779306082,8,0,1
mn8370qr,15,5g1om6y0,70,trader_bridge_app,ResumeTradingSession,1779306082,8,0,1
mn8370qr,16,ry1l466x,70,trader_bridge_app,ResumeTradingSession,1779306082,8,0,1
mn8370qr,1,e4rzuiqc,66,trader_bridge_app,DayBreak,1779306082,7,0,0
mn8370qr,4,lh92b709,66,trader_bridge_app,DayBreak,1779306082,7,0,0
mn8370qr,5,729v3r7i,66,trader_bridge_app,DayBreak,1779306082,7,0,0
mn8370qr,6,aac2mc3k,66,trader_bridge_app,DayBreak,1779306083,7,0,0
mn8370qr,8,9uh6p1vm,66,trader_bridge_app,DayBreak,1779306084,7,0,0
mn8370qr,7,bs9r1rdm,70,trader_bridge_app,ResumeTradingSession,1779306084,8,0,1
mn8370qr,8,9uh6p1vm,70,trader_bridge_app,ResumeTradingSession,1779306084,8,0,1
mn8370qr,9,kb2z64e8,70,trader_bridge_app,ResumeTradingSession,1779306084,8,0,1
mn8370qr,10,ai0il249,70,trader_bridge_app,ResumeTradingSession,1779306084,8,0,1
mn8370qr,11,pqnknbrr,70,trader_bridge_app,ResumeTradingSession,1779306084,8,0,1
mn8370qr,12,whc9aveo,70,trader_bridge_app,ResumeTradingSession,1779306084,8,0,1
mn8370qr,3,z9n52ebr,66,trader_bridge_app,DayBreak,1779306085,7,0,0
mn8370qr,2,j6o1gu35,66,trader_bridge_app,DayBreak,1779306086,7,0,0
mn8370qr,4,lh92b709,70,trader_bridge_app,ResumeTradingSession,1779306086,8,0,1
mn8370qr,5,729v3r7i,70,trader_bridge_app,ResumeTradingSession,1779306086,8,0,1
mn8370qr,6,aac2mc3k,70,trader_bridge_app,ResumeTradingSession,1779306086,8,0,1
mn8370qr,1,e4rzuiqc,70,trader_bridge_app,ResumeTradingSession,1779306086,8,0,1
mn8370qr,2,j6o1gu35,70,trader_bridge_app,ResumeTradingSession,1779306086,8,0,1
mn8370qr,3,z9n52ebr,70,trader_bridge_app,ResumeTradingSession,1779306086,8,0,1
mn8370qr,15,5g1om6y0,72,trader_bridge_app,TradePage,1779306142,8,0,0
mn8370qr,13,51q1wtqi,72,trader_bridge_app,TradePage,1779306142,8,0,0
mn8370qr,16,ry1l466x,72,trader_bridge_app,TradePage,1779306143,8,0,0
mn8370qr,14,q9v4q54j,72,trader_bridge_app,TradePage,1779306143,8,0,0
mn8370qr,13,51q1wtqi,73,trader_bridge_app,PauseTradingSession,1779306143,8,0,1
mn8370qr,14,q9v4q54j,73,trader_bridge_app,PauseTradingSession,1779306143,8,0,1
mn8370qr,15,5g1om6y0,73,trader_bridge_app,PauseTradingSession,1779306143,8,0,1
mn8370qr,16,ry1l466x,73,trader_bridge_app,PauseTradingSession,1779306143,8,0,1
mn8370qr,8,9uh6p1vm,72,trader_bridge_app,TradePage,1779306145,8,0,0
mn8370qr,9,kb2z64e8,72,trader_bridge_app,TradePage,1779306145,8,0,0
mn8370qr,7,bs9r1rdm,72,trader_bridge_app,TradePage,1779306145,8,0,0
mn8370qr,12,whc9aveo,72,trader_bridge_app,TradePage,1779306145,8,0,0
mn8370qr,11,pqnknbrr,72,trader_bridge_app,TradePage,1779306145,8,0,0
mn8370qr,10,ai0il249,72,trader_bridge_app,TradePage,1779306145,8,0,0
mn8370qr,7,bs9r1rdm,73,trader_bridge_app,PauseTradingSession,1779306145,8,0,1
mn8370qr,8,9uh6p1vm,73,trader_bridge_app,PauseTradingSession,1779306145,8,0,1
mn8370qr,9,kb2z64e8,73,trader_bridge_app,PauseTradingSession,1779306145,8,0,1
mn8370qr,10,ai0il249,73,trader_bridge_app,PauseTradingSession,1779306145,8,0,1
mn8370qr,11,pqnknbrr,73,trader_bridge_app,PauseTradingSession,1779306145,8,0,1
mn8370qr,12,whc9aveo,73,trader_bridge_app,PauseTradingSession,1779306145,8,0,1
mn8370qr,2,j6o1gu35,72,trader_bridge_app,TradePage,1779306147,8,0,0
mn8370qr,6,aac2mc3k,72,trader_bridge_app,TradePage,1779306147,8,0,0
mn8370qr,3,z9n52ebr,72,trader_bridge_app,TradePage,1779306147,8,0,0
mn8370qr,4,lh92b709,72,trader_bridge_app,TradePage,1779306147,8,0,0
mn8370qr,1,e4rzuiqc,72,trader_bridge_app,TradePage,1779306147,8,0,0
mn8370qr,5,729v3r7i,72,trader_bridge_app,TradePage,1779306147,8,0,0
mn8370qr,4,lh92b709,73,trader_bridge_app,PauseTradingSession,1779306147,8,0,1
mn8370qr,5,729v3r7i,73,trader_bridge_app,PauseTradingSession,1779306147,8,0,1
mn8370qr,6,aac2mc3k,73,trader_bridge_app,PauseTradingSession,1779306147,8,0,1
mn8370qr,1,e4rzuiqc,73,trader_bridge_app,PauseTradingSession,1779306147,8,0,1
mn8370qr,2,j6o1gu35,73,trader_bridge_app,PauseTradingSession,1779306147,8,0,1
mn8370qr,3,z9n52ebr,73,trader_bridge_app,PauseTradingSession,1779306147,8,0,1
mn8370qr,16,ry1l466x,75,trader_bridge_app,DayBreak,1779306147,8,0,0
mn8370qr,9,kb2z64e8,75,trader_bridge_app,DayBreak,1779306148,8,0,0
mn8370qr,11,pqnknbrr,75,trader_bridge_app,DayBreak,1779306150,8,0,0
mn8370qr,14,q9v4q54j,75,trader_bridge_app,DayBreak,1779306150,8,0,0
mn8370qr,12,whc9aveo,75,trader_bridge_app,DayBreak,1779306150,8,0,0
mn8370qr,10,ai0il249,75,trader_bridge_app,DayBreak,1779306150,8,0,0
mn8370qr,4,lh92b709,75,trader_bridge_app,DayBreak,1779306151,8,0,0
mn8370qr,6,aac2mc3k,75,trader_bridge_app,DayBreak,1779306152,8,0,0
mn8370qr,13,51q1wtqi,75,trader_bridge_app,DayBreak,1779306152,8,0,0
mn8370qr,3,z9n52ebr,75,trader_bridge_app,DayBreak,1779306152,8,0,0
mn8370qr,8,9uh6p1vm,75,trader_bridge_app,DayBreak,1779306153,8,0,0
mn8370qr,2,j6o1gu35,75,trader_bridge_app,DayBreak,1779306153,8,0,0
mn8370qr,15,5g1om6y0,75,trader_bridge_app,DayBreak,1779306154,8,0,0
mn8370qr,13,51q1wtqi,79,trader_bridge_app,ResumeTradingSession,1779306154,9,0,1
mn8370qr,14,q9v4q54j,79,trader_bridge_app,ResumeTradingSession,1779306154,9,0,1
mn8370qr,15,5g1om6y0,79,trader_bridge_app,ResumeTradingSession,1779306154,9,0,1
mn8370qr,16,ry1l466x,79,trader_bridge_app,ResumeTradingSession,1779306154,9,0,1
mn8370qr,5,729v3r7i,75,trader_bridge_app,DayBreak,1779306154,8,0,0
mn8370qr,7,bs9r1rdm,75,trader_bridge_app,DayBreak,1779306155,8,0,0
mn8370qr,7,bs9r1rdm,79,trader_bridge_app,ResumeTradingSession,1779306156,9,0,1
mn8370qr,8,9uh6p1vm,79,trader_bridge_app,ResumeTradingSession,1779306156,9,0,1
mn8370qr,9,kb2z64e8,79,trader_bridge_app,ResumeTradingSession,1779306156,9,0,1
mn8370qr,10,ai0il249,79,trader_bridge_app,ResumeTradingSession,1779306156,9,0,1
mn8370qr,11,pqnknbrr,79,trader_bridge_app,ResumeTradingSession,1779306156,9,0,1
mn8370qr,12,whc9aveo,79,trader_bridge_app,ResumeTradingSession,1779306156,9,0,1
mn8370qr,1,e4rzuiqc,75,trader_bridge_app,DayBreak,1779306156,8,0,0
mn8370qr,1,e4rzuiqc,79,trader_bridge_app,ResumeTradingSession,1779306156,9,0,1
mn8370qr,2,j6o1gu35,79,trader_bridge_app,ResumeTradingSession,1779306156,9,0,1
mn8370qr,3,z9n52ebr,79,trader_bridge_app,ResumeTradingSession,1779306156,9,0,1
mn8370qr,4,lh92b709,79,trader_bridge_app,ResumeTradingSession,1779306156,9,0,1
mn8370qr,5,729v3r7i,79,trader_bridge_app,ResumeTradingSession,1779306156,9,0,1
mn8370qr,6,aac2mc3k,79,trader_bridge_app,ResumeTradingSession,1779306156,9,0,1
mn8370qr,15,5g1om6y0,81,trader_bridge_app,TradePage,1779306215,9,0,0
mn8370qr,14,q9v4q54j,81,trader_bridge_app,TradePage,1779306215,9,0,0
mn8370qr,13,51q1wtqi,81,trader_bridge_app,TradePage,1779306215,9,0,0
mn8370qr,16,ry1l466x,81,trader_bridge_app,TradePage,1779306216,9,0,0
mn8370qr,16,ry1l466x,82,trader_bridge_app,PauseTradingSession,1779306216,9,0,1
mn8370qr,13,51q1wtqi,82,trader_bridge_app,PauseTradingSession,1779306216,9,0,1
mn8370qr,14,q9v4q54j,82,trader_bridge_app,PauseTradingSession,1779306216,9,0,1
mn8370qr,15,5g1om6y0,82,trader_bridge_app,PauseTradingSession,1779306216,9,0,1
mn8370qr,7,bs9r1rdm,81,trader_bridge_app,TradePage,1779306216,9,0,0
mn8370qr,9,kb2z64e8,81,trader_bridge_app,TradePage,1779306217,9,0,0
mn8370qr,12,whc9aveo,81,trader_bridge_app,TradePage,1779306217,9,0,0
mn8370qr,8,9uh6p1vm,81,trader_bridge_app,TradePage,1779306217,9,0,0
mn8370qr,10,ai0il249,81,trader_bridge_app,TradePage,1779306217,9,0,0
mn8370qr,11,pqnknbrr,81,trader_bridge_app,TradePage,1779306217,9,0,0
mn8370qr,12,whc9aveo,82,trader_bridge_app,PauseTradingSession,1779306217,9,0,1
mn8370qr,7,bs9r1rdm,82,trader_bridge_app,PauseTradingSession,1779306217,9,0,1
mn8370qr,8,9uh6p1vm,82,trader_bridge_app,PauseTradingSession,1779306217,9,0,1
mn8370qr,9,kb2z64e8,82,trader_bridge_app,PauseTradingSession,1779306217,9,0,1
mn8370qr,10,ai0il249,82,trader_bridge_app,PauseTradingSession,1779306217,9,0,1
mn8370qr,11,pqnknbrr,82,trader_bridge_app,PauseTradingSession,1779306217,9,0,1
mn8370qr,1,e4rzuiqc,81,trader_bridge_app,TradePage,1779306217,9,0,0
mn8370qr,5,729v3r7i,81,trader_bridge_app,TradePage,1779306217,9,0,0
mn8370qr,4,lh92b709,81,trader_bridge_app,TradePage,1779306217,9,0,0
mn8370qr,2,j6o1gu35,81,trader_bridge_app,TradePage,1779306217,9,0,0
mn8370qr,6,aac2mc3k,81,trader_bridge_app,TradePage,1779306217,9,0,0
mn8370qr,3,z9n52ebr,81,trader_bridge_app,TradePage,1779306217,9,0,0
mn8370qr,1,e4rzuiqc,82,trader_bridge_app,PauseTradingSession,1779306218,9,0,1
mn8370qr,2,j6o1gu35,82,trader_bridge_app,PauseTradingSession,1779306218,9,0,1
mn8370qr,3,z9n52ebr,82,trader_bridge_app,PauseTradingSession,1779306218,9,0,1
mn8370qr,4,lh92b709,82,trader_bridge_app,PauseTradingSession,1779306218,9,0,1
mn8370qr,5,729v3r7i,82,trader_bridge_app,PauseTradingSession,1779306218,9,0,1
mn8370qr,6,aac2mc3k,82,trader_bridge_app,PauseTradingSession,1779306218,9,0,1
mn8370qr,12,whc9aveo,84,trader_bridge_app,DayBreak,1779306227,9,0,0
mn8370qr,3,z9n52ebr,84,trader_bridge_app,DayBreak,1779306228,9,0,0
mn8370qr,13,51q1wtqi,84,trader_bridge_app,DayBreak,1779306228,9,0,0
mn8370qr,1,e4rzuiqc,84,trader_bridge_app,DayBreak,1779306228,9,0,0
mn8370qr,10,ai0il249,84,trader_bridge_app,DayBreak,1779306228,9,0,0
mn8370qr,16,ry1l466x,84,trader_bridge_app,DayBreak,1779306229,9,0,0
mn8370qr,2,j6o1gu35,84,trader_bridge_app,DayBreak,1779306230,9,0,0
mn8370qr,14,q9v4q54j,84,trader_bridge_app,DayBreak,1779306233,9,0,0
mn8370qr,7,bs9r1rdm,84,trader_bridge_app,DayBreak,1779306234,9,0,0
mn8370qr,6,aac2mc3k,84,trader_bridge_app,DayBreak,1779306235,9,0,0
mn8370qr,11,pqnknbrr,84,trader_bridge_app,DayBreak,1779306235,9,0,0
mn8370qr,4,lh92b709,84,trader_bridge_app,DayBreak,1779306235,9,0,0
mn8370qr,15,5g1om6y0,84,trader_bridge_app,DayBreak,1779306237,9,1,0
mn8370qr,13,51q1wtqi,88,trader_bridge_app,ResumeTradingSession,1779306237,10,0,1
mn8370qr,14,q9v4q54j,88,trader_bridge_app,ResumeTradingSession,1779306237,10,0,1
mn8370qr,15,5g1om6y0,88,trader_bridge_app,ResumeTradingSession,1779306237,10,0,1
mn8370qr,16,ry1l466x,88,trader_bridge_app,ResumeTradingSession,1779306237,10,0,1
mn8370qr,9,kb2z64e8,84,trader_bridge_app,DayBreak,1779306238,9,1,0
mn8370qr,8,9uh6p1vm,84,trader_bridge_app,DayBreak,1779306238,9,1,0
mn8370qr,11,pqnknbrr,88,trader_bridge_app,ResumeTradingSession,1779306238,10,0,1
mn8370qr,12,whc9aveo,88,trader_bridge_app,ResumeTradingSession,1779306238,10,0,1
mn8370qr,7,bs9r1rdm,88,trader_bridge_app,ResumeTradingSession,1779306238,10,0,1
mn8370qr,8,9uh6p1vm,88,trader_bridge_app,ResumeTradingSession,1779306238,10,0,1
mn8370qr,9,kb2z64e8,88,trader_bridge_app,ResumeTradingSession,1779306238,10,0,1
mn8370qr,10,ai0il249,88,trader_bridge_app,ResumeTradingSession,1779306238,10,0,1
mn8370qr,5,729v3r7i,84,trader_bridge_app,DayBreak,1779306238,9,1,0
mn8370qr,4,lh92b709,88,trader_bridge_app,ResumeTradingSession,1779306239,10,0,1
mn8370qr,5,729v3r7i,88,trader_bridge_app,ResumeTradingSession,1779306239,10,0,1
mn8370qr,6,aac2mc3k,88,trader_bridge_app,ResumeTradingSession,1779306239,10,0,1
mn8370qr,1,e4rzuiqc,88,trader_bridge_app,ResumeTradingSession,1779306239,10,0,1
mn8370qr,2,j6o1gu35,88,trader_bridge_app,ResumeTradingSession,1779306239,10,0,1
mn8370qr,3,z9n52ebr,88,trader_bridge_app,ResumeTradingSession,1779306239,10,0,1
mn8370qr,15,5g1om6y0,90,trader_bridge_app,TradePage,1779306298,10,0,0
mn8370qr,14,q9v4q54j,90,trader_bridge_app,TradePage,1779306298,10,0,0
mn8370qr,13,51q1wtqi,90,trader_bridge_app,TradePage,1779306298,10,0,0
mn8370qr,16,ry1l466x,90,trader_bridge_app,TradePage,1779306298,10,0,0
mn8370qr,14,q9v4q54j,91,trader_bridge_app,PauseTradingSession,1779306298,10,0,1
mn8370qr,15,5g1om6y0,91,trader_bridge_app,PauseTradingSession,1779306298,10,0,1
mn8370qr,13,51q1wtqi,91,trader_bridge_app,PauseTradingSession,1779306298,10,0,1
mn8370qr,16,ry1l466x,91,trader_bridge_app,PauseTradingSession,1779306298,10,0,1
mn8370qr,8,9uh6p1vm,90,trader_bridge_app,TradePage,1779306299,10,0,0
mn8370qr,9,kb2z64e8,90,trader_bridge_app,TradePage,1779306299,10,0,0
mn8370qr,7,bs9r1rdm,90,trader_bridge_app,TradePage,1779306299,10,0,0
mn8370qr,12,whc9aveo,90,trader_bridge_app,TradePage,1779306299,10,0,0
mn8370qr,11,pqnknbrr,90,trader_bridge_app,TradePage,1779306299,10,0,0
mn8370qr,10,ai0il249,90,trader_bridge_app,TradePage,1779306299,10,0,0
mn8370qr,11,pqnknbrr,91,trader_bridge_app,PauseTradingSession,1779306299,10,0,1
mn8370qr,12,whc9aveo,91,trader_bridge_app,PauseTradingSession,1779306299,10,0,1
mn8370qr,7,bs9r1rdm,91,trader_bridge_app,PauseTradingSession,1779306299,10,0,1
mn8370qr,8,9uh6p1vm,91,trader_bridge_app,PauseTradingSession,1779306299,10,0,1
mn8370qr,9,kb2z64e8,91,trader_bridge_app,PauseTradingSession,1779306299,10,0,1
mn8370qr,10,ai0il249,91,trader_bridge_app,PauseTradingSession,1779306299,10,0,1
mn8370qr,5,729v3r7i,90,trader_bridge_app,TradePage,1779306300,10,0,0
mn8370qr,6,aac2mc3k,90,trader_bridge_app,TradePage,1779306300,10,0,0
mn8370qr,4,lh92b709,90,trader_bridge_app,TradePage,1779306300,10,0,0
mn8370qr,3,z9n52ebr,90,trader_bridge_app,TradePage,1779306300,10,0,0
mn8370qr,2,j6o1gu35,90,trader_bridge_app,TradePage,1779306300,10,0,0
mn8370qr,1,e4rzuiqc,90,trader_bridge_app,TradePage,1779306300,10,0,0
mn8370qr,4,lh92b709,91,trader_bridge_app,PauseTradingSession,1779306300,10,0,1
mn8370qr,5,729v3r7i,91,trader_bridge_app,PauseTradingSession,1779306300,10,0,1
mn8370qr,6,aac2mc3k,91,trader_bridge_app,PauseTradingSession,1779306300,10,0,1
mn8370qr,1,e4rzuiqc,91,trader_bridge_app,PauseTradingSession,1779306300,10,0,1
mn8370qr,2,j6o1gu35,91,trader_bridge_app,PauseTradingSession,1779306300,10,0,1
mn8370qr,3,z9n52ebr,91,trader_bridge_app,PauseTradingSession,1779306300,10,0,1
mn8370qr,16,ry1l466x,93,trader_bridge_app,DayBreak,1779306302,10,0,0
mn8370qr,14,q9v4q54j,93,trader_bridge_app,DayBreak,1779306303,10,0,0
mn8370qr,9,kb2z64e8,93,trader_bridge_app,DayBreak,1779306303,10,0,0
mn8370qr,3,z9n52ebr,93,trader_bridge_app,DayBreak,1779306303,10,0,0
mn8370qr,8,9uh6p1vm,93,trader_bridge_app,DayBreak,1779306304,10,0,0
mn8370qr,11,pqnknbrr,93,trader_bridge_app,DayBreak,1779306304,10,0,0
mn8370qr,7,bs9r1rdm,93,trader_bridge_app,DayBreak,1779306305,10,0,0
mn8370qr,13,51q1wtqi,93,trader_bridge_app,DayBreak,1779306305,10,0,0
mn8370qr,2,j6o1gu35,93,trader_bridge_app,DayBreak,1779306305,10,0,0
mn8370qr,15,5g1om6y0,93,trader_bridge_app,DayBreak,1779306306,10,0,0
mn8370qr,13,51q1wtqi,97,trader_bridge_app,ResumeTradingSession,1779306306,11,0,1
mn8370qr,14,q9v4q54j,97,trader_bridge_app,ResumeTradingSession,1779306306,11,0,1
mn8370qr,15,5g1om6y0,97,trader_bridge_app,ResumeTradingSession,1779306306,11,0,1
mn8370qr,16,ry1l466x,97,trader_bridge_app,ResumeTradingSession,1779306306,11,0,1
mn8370qr,4,lh92b709,93,trader_bridge_app,DayBreak,1779306306,10,0,0
mn8370qr,12,whc9aveo,93,trader_bridge_app,DayBreak,1779306306,10,0,0
mn8370qr,5,729v3r7i,93,trader_bridge_app,DayBreak,1779306307,10,0,0
mn8370qr,6,aac2mc3k,93,trader_bridge_app,DayBreak,1779306309,10,0,0
mn8370qr,10,ai0il249,93,trader_bridge_app,DayBreak,1779306312,10,0,0
mn8370qr,7,bs9r1rdm,97,trader_bridge_app,ResumeTradingSession,1779306312,11,0,1
mn8370qr,8,9uh6p1vm,97,trader_bridge_app,ResumeTradingSession,1779306312,11,0,1
mn8370qr,9,kb2z64e8,97,trader_bridge_app,ResumeTradingSession,1779306312,11,0,1
mn8370qr,10,ai0il249,97,trader_bridge_app,ResumeTradingSession,1779306312,11,0,1
mn8370qr,11,pqnknbrr,97,trader_bridge_app,ResumeTradingSession,1779306312,11,0,1
mn8370qr,12,whc9aveo,97,trader_bridge_app,ResumeTradingSession,1779306312,11,0,1
mn8370qr,1,e4rzuiqc,93,trader_bridge_app,DayBreak,1779306315,10,0,0
mn8370qr,1,e4rzuiqc,97,trader_bridge_app,ResumeTradingSession,1779306315,11,0,1
mn8370qr,2,j6o1gu35,97,trader_bridge_app,ResumeTradingSession,1779306315,11,0,1
mn8370qr,3,z9n52ebr,97,trader_bridge_app,ResumeTradingSession,1779306315,11,0,1
mn8370qr,4,lh92b709,97,trader_bridge_app,ResumeTradingSession,1779306315,11,0,1
mn8370qr,5,729v3r7i,97,trader_bridge_app,ResumeTradingSession,1779306315,11,0,1
mn8370qr,6,aac2mc3k,97,trader_bridge_app,ResumeTradingSession,1779306315,11,0,1
mn8370qr,15,5g1om6y0,99,trader_bridge_app,TradePage,1779306367,11,0,0
mn8370qr,14,q9v4q54j,99,trader_bridge_app,TradePage,1779306367,11,0,0
mn8370qr,13,51q1wtqi,99,trader_bridge_app,TradePage,1779306367,11,0,0
mn8370qr,16,ry1l466x,99,trader_bridge_app,TradePage,1779306367,11,0,0
mn8370qr,16,ry1l466x,100,trader_bridge_app,PauseTradingSession,1779306367,11,0,1
mn8370qr,13,51q1wtqi,100,trader_bridge_app,PauseTradingSession,1779306367,11,0,1
mn8370qr,14,q9v4q54j,100,trader_bridge_app,PauseTradingSession,1779306367,11,0,1
mn8370qr,15,5g1om6y0,100,trader_bridge_app,PauseTradingSession,1779306367,11,0,1
mn8370qr,16,ry1l466x,102,trader_bridge_app,DayBreak,1779306371,11,0,0
mn8370qr,15,5g1om6y0,102,trader_bridge_app,DayBreak,1779306373,11,0,0
mn8370qr,14,q9v4q54j,102,trader_bridge_app,DayBreak,1779306373,11,0,0
mn8370qr,13,51q1wtqi,102,trader_bridge_app,DayBreak,1779306373,11,0,0
mn8370qr,10,ai0il249,99,trader_bridge_app,TradePage,1779306373,11,0,0
mn8370qr,9,kb2z64e8,99,trader_bridge_app,TradePage,1779306373,11,0,0
mn8370qr,7,bs9r1rdm,99,trader_bridge_app,TradePage,1779306373,11,0,0
mn8370qr,13,51q1wtqi,106,trader_bridge_app,ResumeTradingSession,1779306373,12,0,1
mn8370qr,16,ry1l466x,106,trader_bridge_app,ResumeTradingSession,1779306373,12,0,1
mn8370qr,14,q9v4q54j,106,trader_bridge_app,ResumeTradingSession,1779306373,12,0,1
mn8370qr,15,5g1om6y0,106,trader_bridge_app,ResumeTradingSession,1779306373,12,0,1
mn8370qr,8,9uh6p1vm,99,trader_bridge_app,TradePage,1779306373,11,0,0
mn8370qr,12,whc9aveo,99,trader_bridge_app,TradePage,1779306373,11,0,0
mn8370qr,11,pqnknbrr,99,trader_bridge_app,TradePage,1779306374,11,0,0
mn8370qr,7,bs9r1rdm,100,trader_bridge_app,PauseTradingSession,1779306374,11,0,1
mn8370qr,8,9uh6p1vm,100,trader_bridge_app,PauseTradingSession,1779306374,11,0,1
mn8370qr,9,kb2z64e8,100,trader_bridge_app,PauseTradingSession,1779306374,11,0,1
mn8370qr,10,ai0il249,100,trader_bridge_app,PauseTradingSession,1779306374,11,0,1
mn8370qr,11,pqnknbrr,100,trader_bridge_app,PauseTradingSession,1779306374,11,0,1
mn8370qr,12,whc9aveo,100,trader_bridge_app,PauseTradingSession,1779306374,11,0,1
mn8370qr,3,z9n52ebr,99,trader_bridge_app,TradePage,1779306376,11,0,0
mn8370qr,1,e4rzuiqc,99,trader_bridge_app,TradePage,1779306376,11,0,0
mn8370qr,4,lh92b709,99,trader_bridge_app,TradePage,1779306376,11,0,0
mn8370qr,2,j6o1gu35,99,trader_bridge_app,TradePage,1779306376,11,0,0
mn8370qr,6,aac2mc3k,99,trader_bridge_app,TradePage,1779306376,11,0,0
mn8370qr,5,729v3r7i,99,trader_bridge_app,TradePage,1779306376,11,0,0
mn8370qr,1,e4rzuiqc,100,trader_bridge_app,PauseTradingSession,1779306376,11,0,1
mn8370qr,2,j6o1gu35,100,trader_bridge_app,PauseTradingSession,1779306376,11,0,1
mn8370qr,3,z9n52ebr,100,trader_bridge_app,PauseTradingSession,1779306376,11,0,1
mn8370qr,4,lh92b709,100,trader_bridge_app,PauseTradingSession,1779306376,11,0,1
mn8370qr,5,729v3r7i,100,trader_bridge_app,PauseTradingSession,1779306376,11,0,1
mn8370qr,6,aac2mc3k,100,trader_bridge_app,PauseTradingSession,1779306376,11,0,1
mn8370qr,7,bs9r1rdm,102,trader_bridge_app,DayBreak,1779306376,11,0,0
mn8370qr,9,kb2z64e8,102,trader_bridge_app,DayBreak,1779306378,11,0,0
mn8370qr,3,z9n52ebr,102,trader_bridge_app,DayBreak,1779306379,11,0,0
mn8370qr,12,whc9aveo,102,trader_bridge_app,DayBreak,1779306380,11,0,0
mn8370qr,2,j6o1gu35,102,trader_bridge_app,DayBreak,1779306380,11,0,0
mn8370qr,11,pqnknbrr,102,trader_bridge_app,DayBreak,1779306380,11,0,0
mn8370qr,5,729v3r7i,102,trader_bridge_app,DayBreak,1779306381,11,0,0
mn8370qr,6,aac2mc3k,102,trader_bridge_app,DayBreak,1779306382,11,0,0
mn8370qr,4,lh92b709,102,trader_bridge_app,DayBreak,1779306384,11,0,0
mn8370qr,10,ai0il249,102,trader_bridge_app,DayBreak,1779306384,11,0,0
mn8370qr,8,9uh6p1vm,102,trader_bridge_app,DayBreak,1779306385,11,0,0
mn8370qr,9,kb2z64e8,106,trader_bridge_app,ResumeTradingSession,1779306385,12,0,1
mn8370qr,10,ai0il249,106,trader_bridge_app,ResumeTradingSession,1779306385,12,0,1
mn8370qr,11,pqnknbrr,106,trader_bridge_app,ResumeTradingSession,1779306385,12,0,1
mn8370qr,12,whc9aveo,106,trader_bridge_app,ResumeTradingSession,1779306385,12,0,1
mn8370qr,7,bs9r1rdm,106,trader_bridge_app,ResumeTradingSession,1779306385,12,0,1
mn8370qr,8,9uh6p1vm,106,trader_bridge_app,ResumeTradingSession,1779306385,12,0,1
mn8370qr,1,e4rzuiqc,102,trader_bridge_app,DayBreak,1779306390,11,0,0
mn8370qr,2,j6o1gu35,106,trader_bridge_app,ResumeTradingSession,1779306390,12,0,1
mn8370qr,1,e4rzuiqc,106,trader_bridge_app,ResumeTradingSession,1779306390,12,0,1
mn8370qr,3,z9n52ebr,106,trader_bridge_app,ResumeTradingSession,1779306390,12,0,1
mn8370qr,4,lh92b709,106,trader_bridge_app,ResumeTradingSession,1779306390,12,0,1
mn8370qr,5,729v3r7i,106,trader_bridge_app,ResumeTradingSession,1779306390,12,0,1
mn8370qr,6,aac2mc3k,106,trader_bridge_app,ResumeTradingSession,1779306390,12,0,1
mn8370qr,13,51q1wtqi,108,trader_bridge_app,TradePage,1779306434,12,0,0
mn8370qr,15,5g1om6y0,108,trader_bridge_app,TradePage,1779306434,12,0,0
mn8370qr,16,ry1l466x,108,trader_bridge_app,TradePage,1779306434,12,0,0
mn8370qr,14,q9v4q54j,108,trader_bridge_app,TradePage,1779306435,12,0,0
mn8370qr,13,51q1wtqi,109,trader_bridge_app,PauseTradingSession,1779306435,12,0,1
mn8370qr,14,q9v4q54j,109,trader_bridge_app,PauseTradingSession,1779306435,12,0,1
mn8370qr,15,5g1om6y0,109,trader_bridge_app,PauseTradingSession,1779306435,12,0,1
mn8370qr,16,ry1l466x,109,trader_bridge_app,PauseTradingSession,1779306435,12,0,1
mn8370qr,13,51q1wtqi,111,trader_bridge_app,DayBreak,1779306445,12,0,0
mn8370qr,14,q9v4q54j,111,trader_bridge_app,DayBreak,1779306446,12,0,0
mn8370qr,8,9uh6p1vm,108,trader_bridge_app,TradePage,1779306446,12,0,0
mn8370qr,12,whc9aveo,108,trader_bridge_app,TradePage,1779306446,12,0,0
mn8370qr,10,ai0il249,108,trader_bridge_app,TradePage,1779306446,12,0,0
mn8370qr,9,kb2z64e8,108,trader_bridge_app,TradePage,1779306446,12,0,0
mn8370qr,11,pqnknbrr,108,trader_bridge_app,TradePage,1779306446,12,0,0
mn8370qr,7,bs9r1rdm,108,trader_bridge_app,TradePage,1779306446,12,0,0
mn8370qr,7,bs9r1rdm,109,trader_bridge_app,PauseTradingSession,1779306447,12,0,1
mn8370qr,8,9uh6p1vm,109,trader_bridge_app,PauseTradingSession,1779306447,12,0,1
mn8370qr,9,kb2z64e8,109,trader_bridge_app,PauseTradingSession,1779306447,12,0,1
mn8370qr,10,ai0il249,109,trader_bridge_app,PauseTradingSession,1779306447,12,0,1
mn8370qr,11,pqnknbrr,109,trader_bridge_app,PauseTradingSession,1779306447,12,0,1
mn8370qr,12,whc9aveo,109,trader_bridge_app,PauseTradingSession,1779306447,12,0,1
mn8370qr,15,5g1om6y0,111,trader_bridge_app,DayBreak,1779306447,12,0,0
mn8370qr,2,j6o1gu35,108,trader_bridge_app,TradePage,1779306451,12,0,0
mn8370qr,3,z9n52ebr,108,trader_bridge_app,TradePage,1779306451,12,0,0
mn8370qr,1,e4rzuiqc,108,trader_bridge_app,TradePage,1779306451,12,0,0
mn8370qr,6,aac2mc3k,108,trader_bridge_app,TradePage,1779306451,12,0,0
mn8370qr,5,729v3r7i,108,trader_bridge_app,TradePage,1779306451,12,0,0
mn8370qr,4,lh92b709,108,trader_bridge_app,TradePage,1779306451,12,0,0
mn8370qr,5,729v3r7i,109,trader_bridge_app,PauseTradingSession,1779306452,12,0,1
mn8370qr,6,aac2mc3k,109,trader_bridge_app,PauseTradingSession,1779306452,12,0,1
mn8370qr,1,e4rzuiqc,109,trader_bridge_app,PauseTradingSession,1779306452,12,0,1
mn8370qr,2,j6o1gu35,109,trader_bridge_app,PauseTradingSession,1779306452,12,0,1
mn8370qr,3,z9n52ebr,109,trader_bridge_app,PauseTradingSession,1779306452,12,0,1
mn8370qr,4,lh92b709,109,trader_bridge_app,PauseTradingSession,1779306452,12,0,1
mn8370qr,16,ry1l466x,111,trader_bridge_app,DayBreak,1779306453,12,0,0
mn8370qr,14,q9v4q54j,115,trader_bridge_app,ResumeTradingSession,1779306453,13,0,1
mn8370qr,13,51q1wtqi,115,trader_bridge_app,ResumeTradingSession,1779306453,13,0,1
mn8370qr,15,5g1om6y0,115,trader_bridge_app,ResumeTradingSession,1779306453,13,0,1
mn8370qr,16,ry1l466x,115,trader_bridge_app,ResumeTradingSession,1779306453,13,0,1
mn8370qr,12,whc9aveo,111,trader_bridge_app,DayBreak,1779306454,12,0,0
mn8370qr,10,ai0il249,111,trader_bridge_app,DayBreak,1779306457,12,0,0
mn8370qr,3,z9n52ebr,111,trader_bridge_app,DayBreak,1779306458,12,0,0
mn8370qr,9,kb2z64e8,111,trader_bridge_app,DayBreak,1779306459,12,0,0
mn8370qr,1,e4rzuiqc,111,trader_bridge_app,DayBreak,1779306459,12,0,0
mn8370qr,11,pqnknbrr,111,trader_bridge_app,DayBreak,1779306460,12,0,0
mn8370qr,2,j6o1gu35,111,trader_bridge_app,DayBreak,1779306462,12,0,0
mn8370qr,8,9uh6p1vm,111,trader_bridge_app,DayBreak,1779306462,12,0,0
mn8370qr,5,729v3r7i,111,trader_bridge_app,DayBreak,1779306463,12,0,0
mn8370qr,4,lh92b709,111,trader_bridge_app,DayBreak,1779306466,12,0,0
mn8370qr,7,bs9r1rdm,111,trader_bridge_app,DayBreak,1779306466,12,0,0
mn8370qr,10,ai0il249,115,trader_bridge_app,ResumeTradingSession,1779306467,13,0,1
mn8370qr,11,pqnknbrr,115,trader_bridge_app,ResumeTradingSession,1779306467,13,0,1
mn8370qr,12,whc9aveo,115,trader_bridge_app,ResumeTradingSession,1779306467,13,0,1
mn8370qr,7,bs9r1rdm,115,trader_bridge_app,ResumeTradingSession,1779306467,13,0,1
mn8370qr,8,9uh6p1vm,115,trader_bridge_app,ResumeTradingSession,1779306467,13,0,1
mn8370qr,9,kb2z64e8,115,trader_bridge_app,ResumeTradingSession,1779306467,13,0,1
mn8370qr,6,aac2mc3k,111,trader_bridge_app,DayBreak,1779306470,12,0,0
mn8370qr,1,e4rzuiqc,115,trader_bridge_app,ResumeTradingSession,1779306470,13,0,1
mn8370qr,2,j6o1gu35,115,trader_bridge_app,ResumeTradingSession,1779306470,13,0,1
mn8370qr,3,z9n52ebr,115,trader_bridge_app,ResumeTradingSession,1779306470,13,0,1
mn8370qr,4,lh92b709,115,trader_bridge_app,ResumeTradingSession,1779306470,13,0,1
mn8370qr,5,729v3r7i,115,trader_bridge_app,ResumeTradingSession,1779306470,13,0,1
mn8370qr,6,aac2mc3k,115,trader_bridge_app,ResumeTradingSession,1779306470,13,0,1
mn8370qr,16,ry1l466x,117,trader_bridge_app,TradePage,1779306513,13,0,0
mn8370qr,14,q9v4q54j,117,trader_bridge_app,TradePage,1779306514,13,0,0
mn8370qr,13,51q1wtqi,117,trader_bridge_app,TradePage,1779306514,13,0,0
mn8370qr,15,5g1om6y0,117,trader_bridge_app,TradePage,1779306514,13,0,0
mn8370qr,13,51q1wtqi,118,trader_bridge_app,PauseTradingSession,1779306514,13,0,1
mn8370qr,14,q9v4q54j,118,trader_bridge_app,PauseTradingSession,1779306514,13,0,1
mn8370qr,15,5g1om6y0,118,trader_bridge_app,PauseTradingSession,1779306514,13,0,1
mn8370qr,16,ry1l466x,118,trader_bridge_app,PauseTradingSession,1779306514,13,0,1
mn8370qr,14,q9v4q54j,120,trader_bridge_app,DayBreak,1779306517,13,0,0
mn8370qr,13,51q1wtqi,120,trader_bridge_app,DayBreak,1779306519,13,0,0
mn8370qr,16,ry1l466x,120,trader_bridge_app,DayBreak,1779306520,13,0,0
mn8370qr,15,5g1om6y0,120,trader_bridge_app,DayBreak,1779306527,13,0,0
mn8370qr,13,51q1wtqi,124,trader_bridge_app,ResumeTradingSession,1779306527,14,0,1
mn8370qr,14,q9v4q54j,124,trader_bridge_app,ResumeTradingSession,1779306527,14,0,1
mn8370qr,15,5g1om6y0,124,trader_bridge_app,ResumeTradingSession,1779306527,14,0,1
mn8370qr,16,ry1l466x,124,trader_bridge_app,ResumeTradingSession,1779306527,14,0,1
mn8370qr,7,bs9r1rdm,117,trader_bridge_app,TradePage,1779306527,13,0,0
mn8370qr,10,ai0il249,117,trader_bridge_app,TradePage,1779306528,13,0,0
mn8370qr,9,kb2z64e8,117,trader_bridge_app,TradePage,1779306528,13,0,0
mn8370qr,8,9uh6p1vm,117,trader_bridge_app,TradePage,1779306528,13,0,0
mn8370qr,11,pqnknbrr,117,trader_bridge_app,TradePage,1779306528,13,0,0
mn8370qr,12,whc9aveo,117,trader_bridge_app,TradePage,1779306528,13,0,0
mn8370qr,10,ai0il249,118,trader_bridge_app,PauseTradingSession,1779306528,13,0,1
mn8370qr,11,pqnknbrr,118,trader_bridge_app,PauseTradingSession,1779306528,13,0,1
mn8370qr,12,whc9aveo,118,trader_bridge_app,PauseTradingSession,1779306528,13,0,1
mn8370qr,7,bs9r1rdm,118,trader_bridge_app,PauseTradingSession,1779306528,13,0,1
mn8370qr,8,9uh6p1vm,118,trader_bridge_app,PauseTradingSession,1779306528,13,0,1
mn8370qr,9,kb2z64e8,118,trader_bridge_app,PauseTradingSession,1779306528,13,0,1
mn8370qr,9,kb2z64e8,120,trader_bridge_app,DayBreak,1779306530,13,0,0
mn8370qr,3,z9n52ebr,117,trader_bridge_app,TradePage,1779306531,13,0,0
mn8370qr,6,aac2mc3k,117,trader_bridge_app,TradePage,1779306531,13,0,0
mn8370qr,1,e4rzuiqc,117,trader_bridge_app,TradePage,1779306531,13,0,0
mn8370qr,4,lh92b709,117,trader_bridge_app,TradePage,1779306531,13,0,0
mn8370qr,2,j6o1gu35,117,trader_bridge_app,TradePage,1779306531,13,0,0
mn8370qr,5,729v3r7i,117,trader_bridge_app,TradePage,1779306531,13,0,0
mn8370qr,4,lh92b709,118,trader_bridge_app,PauseTradingSession,1779306532,13,0,1
mn8370qr,5,729v3r7i,118,trader_bridge_app,PauseTradingSession,1779306532,13,0,1
mn8370qr,6,aac2mc3k,118,trader_bridge_app,PauseTradingSession,1779306532,13,0,1
mn8370qr,1,e4rzuiqc,118,trader_bridge_app,PauseTradingSession,1779306532,13,0,1
mn8370qr,2,j6o1gu35,118,trader_bridge_app,PauseTradingSession,1779306532,13,0,1
mn8370qr,3,z9n52ebr,118,trader_bridge_app,PauseTradingSession,1779306532,13,0,1
mn8370qr,11,pqnknbrr,120,trader_bridge_app,DayBreak,1779306532,13,0,0
mn8370qr,7,bs9r1rdm,120,trader_bridge_app,DayBreak,1779306533,13,0,0
mn8370qr,8,9uh6p1vm,120,trader_bridge_app,DayBreak,1779306533,13,0,0
mn8370qr,10,ai0il249,120,trader_bridge_app,DayBreak,1779306534,13,0,0
mn8370qr,3,z9n52ebr,120,trader_bridge_app,DayBreak,1779306534,13,0,0
mn8370qr,12,whc9aveo,120,trader_bridge_app,DayBreak,1779306535,13,0,0
mn8370qr,7,bs9r1rdm,124,trader_bridge_app,ResumeTradingSession,1779306535,14,0,1
mn8370qr,8,9uh6p1vm,124,trader_bridge_app,ResumeTradingSession,1779306535,14,0,1
mn8370qr,9,kb2z64e8,124,trader_bridge_app,ResumeTradingSession,1779306535,14,0,1
mn8370qr,10,ai0il249,124,trader_bridge_app,ResumeTradingSession,1779306535,14,0,1
mn8370qr,11,pqnknbrr,124,trader_bridge_app,ResumeTradingSession,1779306535,14,0,1
mn8370qr,12,whc9aveo,124,trader_bridge_app,ResumeTradingSession,1779306535,14,0,1
mn8370qr,6,aac2mc3k,120,trader_bridge_app,DayBreak,1779306536,13,0,0
mn8370qr,5,729v3r7i,120,trader_bridge_app,DayBreak,1779306536,13,0,0
mn8370qr,2,j6o1gu35,120,trader_bridge_app,DayBreak,1779306537,13,0,0
mn8370qr,4,lh92b709,120,trader_bridge_app,DayBreak,1779306537,13,0,0
mn8370qr,1,e4rzuiqc,120,trader_bridge_app,DayBreak,1779306548,13,0,0
mn8370qr,1,e4rzuiqc,124,trader_bridge_app,ResumeTradingSession,1779306548,14,0,1
mn8370qr,2,j6o1gu35,124,trader_bridge_app,ResumeTradingSession,1779306548,14,0,1
mn8370qr,3,z9n52ebr,124,trader_bridge_app,ResumeTradingSession,1779306548,14,0,1
mn8370qr,4,lh92b709,124,trader_bridge_app,ResumeTradingSession,1779306548,14,0,1
mn8370qr,5,729v3r7i,124,trader_bridge_app,ResumeTradingSession,1779306548,14,0,1
mn8370qr,6,aac2mc3k,124,trader_bridge_app,ResumeTradingSession,1779306548,14,0,1
mn8370qr,15,5g1om6y0,126,trader_bridge_app,TradePage,1779306588,14,0,0
mn8370qr,14,q9v4q54j,126,trader_bridge_app,TradePage,1779306588,14,0,0
mn8370qr,13,51q1wtqi,126,trader_bridge_app,TradePage,1779306588,14,0,0
mn8370qr,16,ry1l466x,126,trader_bridge_app,TradePage,1779306588,14,0,0
mn8370qr,13,51q1wtqi,127,trader_bridge_app,PauseTradingSession,1779306589,14,0,1
mn8370qr,14,q9v4q54j,127,trader_bridge_app,PauseTradingSession,1779306589,14,0,1
mn8370qr,15,5g1om6y0,127,trader_bridge_app,PauseTradingSession,1779306589,14,0,1
mn8370qr,16,ry1l466x,127,trader_bridge_app,PauseTradingSession,1779306589,14,0,1
mn8370qr,14,q9v4q54j,129,trader_bridge_app,DayBreak,1779306591,14,0,0
mn8370qr,15,5g1om6y0,129,trader_bridge_app,DayBreak,1779306593,14,0,0
mn8370qr,16,ry1l466x,129,trader_bridge_app,DayBreak,1779306595,14,0,0
mn8370qr,12,whc9aveo,126,trader_bridge_app,TradePage,1779306596,14,0,0
mn8370qr,9,kb2z64e8,126,trader_bridge_app,TradePage,1779306596,14,0,0
mn8370qr,7,bs9r1rdm,126,trader_bridge_app,TradePage,1779306596,14,0,0
mn8370qr,10,ai0il249,126,trader_bridge_app,TradePage,1779306596,14,0,0
mn8370qr,11,pqnknbrr,126,trader_bridge_app,TradePage,1779306596,14,0,0
mn8370qr,8,9uh6p1vm,126,trader_bridge_app,TradePage,1779306596,14,0,0
mn8370qr,7,bs9r1rdm,127,trader_bridge_app,PauseTradingSession,1779306596,14,0,1
mn8370qr,8,9uh6p1vm,127,trader_bridge_app,PauseTradingSession,1779306596,14,0,1
mn8370qr,9,kb2z64e8,127,trader_bridge_app,PauseTradingSession,1779306596,14,0,1
mn8370qr,10,ai0il249,127,trader_bridge_app,PauseTradingSession,1779306596,14,0,1
mn8370qr,11,pqnknbrr,127,trader_bridge_app,PauseTradingSession,1779306596,14,0,1
mn8370qr,12,whc9aveo,127,trader_bridge_app,PauseTradingSession,1779306596,14,0,1
mn8370qr,13,51q1wtqi,129,trader_bridge_app,DayBreak,1779306598,14,0,0
mn8370qr,16,ry1l466x,133,trader_bridge_app,ResumeTradingSession,1779306598,15,0,1
mn8370qr,13,51q1wtqi,133,trader_bridge_app,ResumeTradingSession,1779306598,15,0,1
mn8370qr,14,q9v4q54j,133,trader_bridge_app,ResumeTradingSession,1779306598,15,0,1
mn8370qr,15,5g1om6y0,133,trader_bridge_app,ResumeTradingSession,1779306598,15,0,1
mn8370qr,9,kb2z64e8,129,trader_bridge_app,DayBreak,1779306599,14,0,0
mn8370qr,12,whc9aveo,129,trader_bridge_app,DayBreak,1779306600,14,0,0
mn8370qr,8,9uh6p1vm,129,trader_bridge_app,DayBreak,1779306600,14,0,0
mn8370qr,7,bs9r1rdm,129,trader_bridge_app,DayBreak,1779306601,14,0,0
mn8370qr,11,pqnknbrr,129,trader_bridge_app,DayBreak,1779306602,14,0,0
mn8370qr,10,ai0il249,129,trader_bridge_app,DayBreak,1779306603,14,0,0
mn8370qr,7,bs9r1rdm,133,trader_bridge_app,ResumeTradingSession,1779306603,15,0,1
mn8370qr,8,9uh6p1vm,133,trader_bridge_app,ResumeTradingSession,1779306603,15,0,1
mn8370qr,9,kb2z64e8,133,trader_bridge_app,ResumeTradingSession,1779306603,15,0,1
mn8370qr,10,ai0il249,133,trader_bridge_app,ResumeTradingSession,1779306603,15,0,1
mn8370qr,11,pqnknbrr,133,trader_bridge_app,ResumeTradingSession,1779306603,15,0,1
mn8370qr,12,whc9aveo,133,trader_bridge_app,ResumeTradingSession,1779306603,15,0,1
mn8370qr,1,e4rzuiqc,126,trader_bridge_app,TradePage,1779306609,14,0,0
mn8370qr,6,aac2mc3k,126,trader_bridge_app,TradePage,1779306609,14,0,0
mn8370qr,2,j6o1gu35,126,trader_bridge_app,TradePage,1779306609,14,0,0
mn8370qr,4,lh92b709,126,trader_bridge_app,TradePage,1779306609,14,0,0
mn8370qr,5,729v3r7i,126,trader_bridge_app,TradePage,1779306609,14,0,0
mn8370qr,3,z9n52ebr,126,trader_bridge_app,TradePage,1779306610,14,0,0
mn8370qr,1,e4rzuiqc,127,trader_bridge_app,PauseTradingSession,1779306610,14,0,1
mn8370qr,2,j6o1gu35,127,trader_bridge_app,PauseTradingSession,1779306610,14,0,1
mn8370qr,3,z9n52ebr,127,trader_bridge_app,PauseTradingSession,1779306610,14,0,1
mn8370qr,4,lh92b709,127,trader_bridge_app,PauseTradingSession,1779306610,14,0,1
mn8370qr,5,729v3r7i,127,trader_bridge_app,PauseTradingSession,1779306610,14,0,1
mn8370qr,6,aac2mc3k,127,trader_bridge_app,PauseTradingSession,1779306610,14,0,1
mn8370qr,6,aac2mc3k,129,trader_bridge_app,DayBreak,1779306613,14,0,0
mn8370qr,3,z9n52ebr,129,trader_bridge_app,DayBreak,1779306614,14,0,0
mn8370qr,2,j6o1gu35,129,trader_bridge_app,DayBreak,1779306614,14,0,0
mn8370qr,5,729v3r7i,129,trader_bridge_app,DayBreak,1779306614,14,0,0
mn8370qr,4,lh92b709,129,trader_bridge_app,DayBreak,1779306617,14,0,0
mn8370qr,1,e4rzuiqc,129,trader_bridge_app,DayBreak,1779306624,14,0,0
mn8370qr,5,729v3r7i,133,trader_bridge_app,ResumeTradingSession,1779306624,15,0,1
mn8370qr,6,aac2mc3k,133,trader_bridge_app,ResumeTradingSession,1779306624,15,0,1
mn8370qr,1,e4rzuiqc,133,trader_bridge_app,ResumeTradingSession,1779306624,15,0,1
mn8370qr,2,j6o1gu35,133,trader_bridge_app,ResumeTradingSession,1779306624,15,0,1
mn8370qr,3,z9n52ebr,133,trader_bridge_app,ResumeTradingSession,1779306624,15,0,1
mn8370qr,4,lh92b709,133,trader_bridge_app,ResumeTradingSession,1779306624,15,0,1
mn8370qr,15,5g1om6y0,135,trader_bridge_app,TradePage,1779306659,15,0,0
mn8370qr,13,51q1wtqi,135,trader_bridge_app,TradePage,1779306659,15,0,0
mn8370qr,14,q9v4q54j,135,trader_bridge_app,TradePage,1779306659,15,0,0
mn8370qr,16,ry1l466x,135,trader_bridge_app,TradePage,1779306659,15,0,0
mn8370qr,13,51q1wtqi,136,trader_bridge_app,PauseTradingSession,1779306659,15,0,1
mn8370qr,14,q9v4q54j,136,trader_bridge_app,PauseTradingSession,1779306659,15,0,1
mn8370qr,15,5g1om6y0,136,trader_bridge_app,PauseTradingSession,1779306659,15,0,1
mn8370qr,16,ry1l466x,136,trader_bridge_app,PauseTradingSession,1779306659,15,0,1
mn8370qr,10,ai0il249,135,trader_bridge_app,TradePage,1779306664,15,0,0
mn8370qr,7,bs9r1rdm,135,trader_bridge_app,TradePage,1779306664,15,0,0
mn8370qr,12,whc9aveo,135,trader_bridge_app,TradePage,1779306664,15,0,0
mn8370qr,11,pqnknbrr,135,trader_bridge_app,TradePage,1779306664,15,0,0
mn8370qr,9,kb2z64e8,135,trader_bridge_app,TradePage,1779306664,15,0,0
mn8370qr,8,9uh6p1vm,135,trader_bridge_app,TradePage,1779306664,15,0,0
mn8370qr,7,bs9r1rdm,136,trader_bridge_app,PauseTradingSession,1779306665,15,0,1
mn8370qr,8,9uh6p1vm,136,trader_bridge_app,PauseTradingSession,1779306665,15,0,1
mn8370qr,9,kb2z64e8,136,trader_bridge_app,PauseTradingSession,1779306665,15,0,1
mn8370qr,10,ai0il249,136,trader_bridge_app,PauseTradingSession,1779306665,15,0,1
mn8370qr,11,pqnknbrr,136,trader_bridge_app,PauseTradingSession,1779306665,15,0,1
mn8370qr,12,whc9aveo,136,trader_bridge_app,PauseTradingSession,1779306665,15,0,1
mn8370qr,15,5g1om6y0,138,trader_bridge_app,DayBreak,1779306668,15,0,0
mn8370qr,14,q9v4q54j,138,trader_bridge_app,DayBreak,1779306671,15,0,0
mn8370qr,9,kb2z64e8,138,trader_bridge_app,DayBreak,1779306672,15,0,0
mn8370qr,12,whc9aveo,138,trader_bridge_app,DayBreak,1779306672,15,0,0
mn8370qr,13,51q1wtqi,138,trader_bridge_app,DayBreak,1779306673,15,0,0
mn8370qr,11,pqnknbrr,138,trader_bridge_app,DayBreak,1779306673,15,0,0
mn8370qr,10,ai0il249,138,trader_bridge_app,DayBreak,1779306677,15,0,0
mn8370qr,7,bs9r1rdm,138,trader_bridge_app,DayBreak,1779306677,15,0,0
mn8370qr,8,9uh6p1vm,138,trader_bridge_app,DayBreak,1779306678,15,0,0
mn8370qr,7,bs9r1rdm,142,trader_bridge_app,ResumeTradingSession,1779306678,16,0,1
mn8370qr,8,9uh6p1vm,142,trader_bridge_app,ResumeTradingSession,1779306678,16,0,1
mn8370qr,9,kb2z64e8,142,trader_bridge_app,ResumeTradingSession,1779306678,16,0,1
mn8370qr,10,ai0il249,142,trader_bridge_app,ResumeTradingSession,1779306678,16,0,1
mn8370qr,11,pqnknbrr,142,trader_bridge_app,ResumeTradingSession,1779306678,16,0,1
mn8370qr,12,whc9aveo,142,trader_bridge_app,ResumeTradingSession,1779306678,16,0,1
mn8370qr,16,ry1l466x,138,trader_bridge_app,DayBreak,1779306680,15,1,0
mn8370qr,15,5g1om6y0,142,trader_bridge_app,ResumeTradingSession,1779306680,16,0,1
mn8370qr,16,ry1l466x,142,trader_bridge_app,ResumeTradingSession,1779306680,16,0,1
mn8370qr,13,51q1wtqi,142,trader_bridge_app,ResumeTradingSession,1779306680,16,0,1
mn8370qr,14,q9v4q54j,142,trader_bridge_app,ResumeTradingSession,1779306680,16,0,1
mn8370qr,3,z9n52ebr,135,trader_bridge_app,TradePage,1779306685,15,0,0
mn8370qr,1,e4rzuiqc,135,trader_bridge_app,TradePage,1779306685,15,0,0
mn8370qr,5,729v3r7i,135,trader_bridge_app,TradePage,1779306685,15,0,0
mn8370qr,6,aac2mc3k,135,trader_bridge_app,TradePage,1779306685,15,0,0
mn8370qr,4,lh92b709,135,trader_bridge_app,TradePage,1779306685,15,0,0
mn8370qr,2,j6o1gu35,135,trader_bridge_app,TradePage,1779306685,15,0,0
mn8370qr,1,e4rzuiqc,136,trader_bridge_app,PauseTradingSession,1779306685,15,0,1
mn8370qr,2,j6o1gu35,136,trader_bridge_app,PauseTradingSession,1779306685,15,0,1
mn8370qr,3,z9n52ebr,136,trader_bridge_app,PauseTradingSession,1779306685,15,0,1
mn8370qr,4,lh92b709,136,trader_bridge_app,PauseTradingSession,1779306685,15,0,1
mn8370qr,5,729v3r7i,136,trader_bridge_app,PauseTradingSession,1779306685,15,0,1
mn8370qr,6,aac2mc3k,136,trader_bridge_app,PauseTradingSession,1779306685,15,0,1
mn8370qr,6,aac2mc3k,138,trader_bridge_app,DayBreak,1779306694,15,0,0
mn8370qr,3,z9n52ebr,138,trader_bridge_app,DayBreak,1779306697,15,0,0
mn8370qr,4,lh92b709,138,trader_bridge_app,DayBreak,1779306698,15,0,0
mn8370qr,5,729v3r7i,138,trader_bridge_app,DayBreak,1779306699,15,0,0
mn8370qr,2,j6o1gu35,138,trader_bridge_app,DayBreak,1779306700,15,0,0
mn8370qr,1,e4rzuiqc,138,trader_bridge_app,DayBreak,1779306706,15,1,0
mn8370qr,3,z9n52ebr,142,trader_bridge_app,ResumeTradingSession,1779306706,16,0,1
mn8370qr,4,lh92b709,142,trader_bridge_app,ResumeTradingSession,1779306706,16,0,1
mn8370qr,5,729v3r7i,142,trader_bridge_app,ResumeTradingSession,1779306706,16,0,1
mn8370qr,6,aac2mc3k,142,trader_bridge_app,ResumeTradingSession,1779306706,16,0,1
mn8370qr,1,e4rzuiqc,142,trader_bridge_app,ResumeTradingSession,1779306706,16,0,1
mn8370qr,2,j6o1gu35,142,trader_bridge_app,ResumeTradingSession,1779306706,16,0,1
mn8370qr,8,9uh6p1vm,144,trader_bridge_app,TradePage,1779306739,16,0,0
mn8370qr,12,whc9aveo,144,trader_bridge_app,TradePage,1779306739,16,0,0
mn8370qr,10,ai0il249,144,trader_bridge_app,TradePage,1779306739,16,0,0
mn8370qr,7,bs9r1rdm,144,trader_bridge_app,TradePage,1779306739,16,0,0
mn8370qr,9,kb2z64e8,144,trader_bridge_app,TradePage,1779306739,16,0,0
mn8370qr,11,pqnknbrr,144,trader_bridge_app,TradePage,1779306739,16,0,0
mn8370qr,7,bs9r1rdm,145,trader_bridge_app,PauseTradingSession,1779306740,16,0,1
mn8370qr,8,9uh6p1vm,145,trader_bridge_app,PauseTradingSession,1779306740,16,0,1
mn8370qr,9,kb2z64e8,145,trader_bridge_app,PauseTradingSession,1779306740,16,0,1
mn8370qr,10,ai0il249,145,trader_bridge_app,PauseTradingSession,1779306740,16,0,1
mn8370qr,11,pqnknbrr,145,trader_bridge_app,PauseTradingSession,1779306740,16,0,1
mn8370qr,12,whc9aveo,145,trader_bridge_app,PauseTradingSession,1779306740,16,0,1
mn8370qr,16,ry1l466x,144,trader_bridge_app,TradePage,1779306741,16,0,0
mn8370qr,14,q9v4q54j,144,trader_bridge_app,TradePage,1779306741,16,0,0
mn8370qr,15,5g1om6y0,144,trader_bridge_app,TradePage,1779306741,16,0,0
mn8370qr,13,51q1wtqi,144,trader_bridge_app,TradePage,1779306741,16,0,0
mn8370qr,15,5g1om6y0,145,trader_bridge_app,PauseTradingSession,1779306741,16,0,1
mn8370qr,16,ry1l466x,145,trader_bridge_app,PauseTradingSession,1779306741,16,0,1
mn8370qr,13,51q1wtqi,145,trader_bridge_app,PauseTradingSession,1779306741,16,0,1
mn8370qr,14,q9v4q54j,145,trader_bridge_app,PauseTradingSession,1779306741,16,0,1
mn8370qr,7,bs9r1rdm,147,trader_bridge_app,DayBreak,1779306742,16,0,0
mn8370qr,12,whc9aveo,147,trader_bridge_app,DayBreak,1779306743,16,0,0
mn8370qr,10,ai0il249,147,trader_bridge_app,DayBreak,1779306743,16,0,0
mn8370qr,16,ry1l466x,147,trader_bridge_app,DayBreak,1779306745,16,0,0
mn8370qr,14,q9v4q54j,147,trader_bridge_app,DayBreak,1779306745,16,0,0
mn8370qr,15,5g1om6y0,147,trader_bridge_app,DayBreak,1779306745,16,0,0
mn8370qr,11,pqnknbrr,147,trader_bridge_app,DayBreak,1779306746,16,0,0
mn8370qr,13,51q1wtqi,147,trader_bridge_app,DayBreak,1779306749,16,0,0
mn8370qr,13,51q1wtqi,151,trader_bridge_app,ResumeTradingSession,1779306749,17,0,1
mn8370qr,14,q9v4q54j,151,trader_bridge_app,ResumeTradingSession,1779306749,17,0,1
mn8370qr,15,5g1om6y0,151,trader_bridge_app,ResumeTradingSession,1779306749,17,0,1
mn8370qr,16,ry1l466x,151,trader_bridge_app,ResumeTradingSession,1779306749,17,0,1
mn8370qr,8,9uh6p1vm,147,trader_bridge_app,DayBreak,1779306750,16,0,0
mn8370qr,9,kb2z64e8,147,trader_bridge_app,DayBreak,1779306757,16,0,0
mn8370qr,7,bs9r1rdm,151,trader_bridge_app,ResumeTradingSession,1779306757,17,0,1
mn8370qr,8,9uh6p1vm,151,trader_bridge_app,ResumeTradingSession,1779306757,17,0,1
mn8370qr,9,kb2z64e8,151,trader_bridge_app,ResumeTradingSession,1779306757,17,0,1
mn8370qr,11,pqnknbrr,151,trader_bridge_app,ResumeTradingSession,1779306757,17,0,1
mn8370qr,12,whc9aveo,151,trader_bridge_app,ResumeTradingSession,1779306757,17,0,1
mn8370qr,10,ai0il249,151,trader_bridge_app,ResumeTradingSession,1779306757,17,0,1
mn8370qr,1,e4rzuiqc,144,trader_bridge_app,TradePage,1779306767,16,0,0
mn8370qr,2,j6o1gu35,144,trader_bridge_app,TradePage,1779306767,16,0,0
mn8370qr,6,aac2mc3k,144,trader_bridge_app,TradePage,1779306767,16,0,0
mn8370qr,3,z9n52ebr,144,trader_bridge_app,TradePage,1779306767,16,0,0
mn8370qr,4,lh92b709,144,trader_bridge_app,TradePage,1779306767,16,0,0
mn8370qr,5,729v3r7i,144,trader_bridge_app,TradePage,1779306767,16,0,0
mn8370qr,1,e4rzuiqc,145,trader_bridge_app,PauseTradingSession,1779306767,16,0,1
mn8370qr,2,j6o1gu35,145,trader_bridge_app,PauseTradingSession,1779306767,16,0,1
mn8370qr,3,z9n52ebr,145,trader_bridge_app,PauseTradingSession,1779306767,16,0,1
mn8370qr,4,lh92b709,145,trader_bridge_app,PauseTradingSession,1779306767,16,0,1
mn8370qr,5,729v3r7i,145,trader_bridge_app,PauseTradingSession,1779306767,16,0,1
mn8370qr,6,aac2mc3k,145,trader_bridge_app,PauseTradingSession,1779306767,16,0,1
mn8370qr,6,aac2mc3k,147,trader_bridge_app,DayBreak,1779306769,16,0,0
mn8370qr,3,z9n52ebr,147,trader_bridge_app,DayBreak,1779306769,16,0,0
mn8370qr,2,j6o1gu35,147,trader_bridge_app,DayBreak,1779306773,16,0,0
mn8370qr,4,lh92b709,147,trader_bridge_app,DayBreak,1779306773,16,0,0
mn8370qr,1,e4rzuiqc,147,trader_bridge_app,DayBreak,1779306775,16,0,0
mn8370qr,5,729v3r7i,147,trader_bridge_app,DayBreak,1779306787,16,0,0
mn8370qr,5,729v3r7i,151,trader_bridge_app,ResumeTradingSession,1779306788,17,0,1
mn8370qr,6,aac2mc3k,151,trader_bridge_app,ResumeTradingSession,1779306788,17,0,1
mn8370qr,2,j6o1gu35,151,trader_bridge_app,ResumeTradingSession,1779306788,17,0,1
mn8370qr,3,z9n52ebr,151,trader_bridge_app,ResumeTradingSession,1779306788,17,0,1
mn8370qr,4,lh92b709,151,trader_bridge_app,ResumeTradingSession,1779306788,17,0,1
mn8370qr,1,e4rzuiqc,151,trader_bridge_app,ResumeTradingSession,1779306788,17,0,1
mn8370qr,13,51q1wtqi,153,trader_bridge_app,TradePage,1779306810,17,0,0
mn8370qr,14,q9v4q54j,153,trader_bridge_app,TradePage,1779306810,17,0,0
mn8370qr,16,ry1l466x,153,trader_bridge_app,TradePage,1779306810,17,0,0
mn8370qr,15,5g1om6y0,153,trader_bridge_app,TradePage,1779306810,17,0,0
mn8370qr,13,51q1wtqi,154,trader_bridge_app,PauseTradingSession,1779306810,17,0,1
mn8370qr,14,q9v4q54j,154,trader_bridge_app,PauseTradingSession,1779306810,17,0,1
mn8370qr,15,5g1om6y0,154,trader_bridge_app,PauseTradingSession,1779306810,17,0,1
mn8370qr,16,ry1l466x,154,trader_bridge_app,PauseTradingSession,1779306810,17,0,1
mn8370qr,14,q9v4q54j,156,trader_bridge_app,DayBreak,1779306813,17,0,0
mn8370qr,16,ry1l466x,156,trader_bridge_app,DayBreak,1779306814,17,0,0
mn8370qr,15,5g1om6y0,156,trader_bridge_app,DayBreak,1779306815,17,0,0
mn8370qr,9,kb2z64e8,153,trader_bridge_app,TradePage,1779306818,17,0,0
mn8370qr,12,whc9aveo,153,trader_bridge_app,TradePage,1779306818,17,0,0
mn8370qr,7,bs9r1rdm,153,trader_bridge_app,TradePage,1779306818,17,0,0
mn8370qr,11,pqnknbrr,153,trader_bridge_app,TradePage,1779306818,17,0,0
mn8370qr,10,ai0il249,153,trader_bridge_app,TradePage,1779306818,17,0,0
mn8370qr,8,9uh6p1vm,153,trader_bridge_app,TradePage,1779306818,17,0,0
mn8370qr,7,bs9r1rdm,154,trader_bridge_app,PauseTradingSession,1779306818,17,0,1
mn8370qr,8,9uh6p1vm,154,trader_bridge_app,PauseTradingSession,1779306818,17,0,1
mn8370qr,9,kb2z64e8,154,trader_bridge_app,PauseTradingSession,1779306818,17,0,1
mn8370qr,10,ai0il249,154,trader_bridge_app,PauseTradingSession,1779306818,17,0,1
mn8370qr,11,pqnknbrr,154,trader_bridge_app,PauseTradingSession,1779306818,17,0,1
mn8370qr,12,whc9aveo,154,trader_bridge_app,PauseTradingSession,1779306818,17,0,1
mn8370qr,13,51q1wtqi,156,trader_bridge_app,DayBreak,1779306819,17,0,0
mn8370qr,13,51q1wtqi,160,trader_bridge_app,ResumeTradingSession,1779306819,18,0,1
mn8370qr,14,q9v4q54j,160,trader_bridge_app,ResumeTradingSession,1779306819,18,0,1
mn8370qr,15,5g1om6y0,160,trader_bridge_app,ResumeTradingSession,1779306819,18,0,1
mn8370qr,16,ry1l466x,160,trader_bridge_app,ResumeTradingSession,1779306819,18,0,1
mn8370qr,7,bs9r1rdm,156,trader_bridge_app,DayBreak,1779306821,17,0,0
mn8370qr,12,whc9aveo,156,trader_bridge_app,DayBreak,1779306822,17,0,0
mn8370qr,11,pqnknbrr,156,trader_bridge_app,DayBreak,1779306823,17,0,0
mn8370qr,8,9uh6p1vm,156,trader_bridge_app,DayBreak,1779306823,17,0,0
mn8370qr,10,ai0il249,156,trader_bridge_app,DayBreak,1779306826,17,0,0
mn8370qr,9,kb2z64e8,156,trader_bridge_app,DayBreak,1779306829,17,0,0
mn8370qr,7,bs9r1rdm,160,trader_bridge_app,ResumeTradingSession,1779306829,18,0,1
mn8370qr,8,9uh6p1vm,160,trader_bridge_app,ResumeTradingSession,1779306829,18,0,1
mn8370qr,9,kb2z64e8,160,trader_bridge_app,ResumeTradingSession,1779306829,18,0,1
mn8370qr,10,ai0il249,160,trader_bridge_app,ResumeTradingSession,1779306829,18,0,1
mn8370qr,11,pqnknbrr,160,trader_bridge_app,ResumeTradingSession,1779306829,18,0,1
mn8370qr,12,whc9aveo,160,trader_bridge_app,ResumeTradingSession,1779306829,18,0,1
mn8370qr,5,729v3r7i,153,trader_bridge_app,TradePage,1779306848,17,0,0
mn8370qr,2,j6o1gu35,153,trader_bridge_app,TradePage,1779306849,17,0,0
mn8370qr,6,aac2mc3k,153,trader_bridge_app,TradePage,1779306849,17,0,0
mn8370qr,3,z9n52ebr,153,trader_bridge_app,TradePage,1779306849,17,0,0
mn8370qr,1,e4rzuiqc,153,trader_bridge_app,TradePage,1779306849,17,0,0
mn8370qr,4,lh92b709,153,trader_bridge_app,TradePage,1779306849,17,0,0
mn8370qr,5,729v3r7i,154,trader_bridge_app,PauseTradingSession,1779306849,17,0,1
mn8370qr,6,aac2mc3k,154,trader_bridge_app,PauseTradingSession,1779306849,17,0,1
mn8370qr,1,e4rzuiqc,154,trader_bridge_app,PauseTradingSession,1779306849,17,0,1
mn8370qr,2,j6o1gu35,154,trader_bridge_app,PauseTradingSession,1779306849,17,0,1
mn8370qr,3,z9n52ebr,154,trader_bridge_app,PauseTradingSession,1779306849,17,0,1
mn8370qr,4,lh92b709,154,trader_bridge_app,PauseTradingSession,1779306849,17,0,1
mn8370qr,6,aac2mc3k,156,trader_bridge_app,DayBreak,1779306852,17,0,0
mn8370qr,3,z9n52ebr,156,trader_bridge_app,DayBreak,1779306852,17,0,0
mn8370qr,2,j6o1gu35,156,trader_bridge_app,DayBreak,1779306853,17,0,0
mn8370qr,4,lh92b709,156,trader_bridge_app,DayBreak,1779306853,17,0,0
mn8370qr,1,e4rzuiqc,156,trader_bridge_app,DayBreak,1779306853,17,0,0
mn8370qr,5,729v3r7i,156,trader_bridge_app,DayBreak,1779306854,17,0,0
mn8370qr,1,e4rzuiqc,160,trader_bridge_app,ResumeTradingSession,1779306854,18,0,1
mn8370qr,2,j6o1gu35,160,trader_bridge_app,ResumeTradingSession,1779306854,18,0,1
mn8370qr,3,z9n52ebr,160,trader_bridge_app,ResumeTradingSession,1779306854,18,0,1
mn8370qr,4,lh92b709,160,trader_bridge_app,ResumeTradingSession,1779306854,18,0,1
mn8370qr,5,729v3r7i,160,trader_bridge_app,ResumeTradingSession,1779306854,18,0,1
mn8370qr,6,aac2mc3k,160,trader_bridge_app,ResumeTradingSession,1779306854,18,0,1
mn8370qr,13,51q1wtqi,162,trader_bridge_app,TradePage,1779306880,18,0,0
mn8370qr,15,5g1om6y0,162,trader_bridge_app,TradePage,1779306880,18,0,0
mn8370qr,14,q9v4q54j,162,trader_bridge_app,TradePage,1779306880,18,0,0
mn8370qr,16,ry1l466x,162,trader_bridge_app,TradePage,1779306880,18,0,0
mn8370qr,13,51q1wtqi,164,trader_bridge_app,FinalizeTradingSession,1779306880,18,0,1
mn8370qr,14,q9v4q54j,164,trader_bridge_app,FinalizeTradingSession,1779306880,18,0,1
mn8370qr,15,5g1om6y0,164,trader_bridge_app,FinalizeTradingSession,1779306880,18,0,1
mn8370qr,16,ry1l466x,164,trader_bridge_app,FinalizeTradingSession,1779306880,18,0,1
mn8370qr,14,q9v4q54j,165,trader_bridge_app,DayBreak,1779306885,18,0,0
mn8370qr,16,ry1l466x,165,trader_bridge_app,DayBreak,1779306889,18,0,0
mn8370qr,9,kb2z64e8,162,trader_bridge_app,TradePage,1779306890,18,0,0
mn8370qr,11,pqnknbrr,162,trader_bridge_app,TradePage,1779306890,18,0,0
mn8370qr,7,bs9r1rdm,162,trader_bridge_app,TradePage,1779306890,18,0,0
mn8370qr,10,ai0il249,162,trader_bridge_app,TradePage,1779306890,18,0,0
mn8370qr,12,whc9aveo,162,trader_bridge_app,TradePage,1779306890,18,0,0
mn8370qr,8,9uh6p1vm,162,trader_bridge_app,TradePage,1779306890,18,0,0
mn8370qr,7,bs9r1rdm,164,trader_bridge_app,FinalizeTradingSession,1779306891,18,0,1
mn8370qr,8,9uh6p1vm,164,trader_bridge_app,FinalizeTradingSession,1779306891,18,0,1
mn8370qr,9,kb2z64e8,164,trader_bridge_app,FinalizeTradingSession,1779306891,18,0,1
mn8370qr,10,ai0il249,164,trader_bridge_app,FinalizeTradingSession,1779306891,18,0,1
mn8370qr,11,pqnknbrr,164,trader_bridge_app,FinalizeTradingSession,1779306891,18,0,1
mn8370qr,12,whc9aveo,164,trader_bridge_app,FinalizeTradingSession,1779306891,18,0,1
mn8370qr,13,51q1wtqi,165,trader_bridge_app,DayBreak,1779306891,18,0,0
mn8370qr,11,pqnknbrr,165,trader_bridge_app,DayBreak,1779306893,18,0,0
mn8370qr,9,kb2z64e8,165,trader_bridge_app,DayBreak,1779306896,18,0,0
mn8370qr,15,5g1om6y0,165,trader_bridge_app,DayBreak,1779306896,18,0,0
mn8370qr,13,51q1wtqi,168,trader_bridge_app,SyncTradingSession,1779306896,19,0,1
mn8370qr,14,q9v4q54j,168,trader_bridge_app,SyncTradingSession,1779306896,19,0,1
mn8370qr,15,5g1om6y0,168,trader_bridge_app,SyncTradingSession,1779306896,19,0,1
mn8370qr,16,ry1l466x,168,trader_bridge_app,SyncTradingSession,1779306896,19,0,1
mn8370qr,13,51q1wtqi,169,trader_bridge_app,ResumeTradingSession,1779306897,19,0,1
mn8370qr,14,q9v4q54j,169,trader_bridge_app,ResumeTradingSession,1779306897,19,0,1
mn8370qr,15,5g1om6y0,169,trader_bridge_app,ResumeTradingSession,1779306897,19,0,1
mn8370qr,16,ry1l466x,169,trader_bridge_app,ResumeTradingSession,1779306897,19,0,1
mn8370qr,8,9uh6p1vm,165,trader_bridge_app,DayBreak,1779306897,18,0,0
mn8370qr,7,bs9r1rdm,165,trader_bridge_app,DayBreak,1779306898,18,0,0
mn8370qr,10,ai0il249,165,trader_bridge_app,DayBreak,1779306903,18,0,0
mn8370qr,12,whc9aveo,165,trader_bridge_app,DayBreak,1779306911,18,1,0
mn8370qr,12,whc9aveo,168,trader_bridge_app,SyncTradingSession,1779306911,19,0,1
mn8370qr,7,bs9r1rdm,168,trader_bridge_app,SyncTradingSession,1779306911,19,0,1
mn8370qr,8,9uh6p1vm,168,trader_bridge_app,SyncTradingSession,1779306911,19,0,1
mn8370qr,9,kb2z64e8,168,trader_bridge_app,SyncTradingSession,1779306911,19,0,1
mn8370qr,10,ai0il249,168,trader_bridge_app,SyncTradingSession,1779306911,19,0,1
mn8370qr,11,pqnknbrr,168,trader_bridge_app,SyncTradingSession,1779306911,19,0,1
mn8370qr,12,whc9aveo,169,trader_bridge_app,ResumeTradingSession,1779306912,19,0,1
mn8370qr,7,bs9r1rdm,169,trader_bridge_app,ResumeTradingSession,1779306912,19,0,1
mn8370qr,8,9uh6p1vm,169,trader_bridge_app,ResumeTradingSession,1779306912,19,0,1
mn8370qr,9,kb2z64e8,169,trader_bridge_app,ResumeTradingSession,1779306912,19,0,1
mn8370qr,10,ai0il249,169,trader_bridge_app,ResumeTradingSession,1779306912,19,0,1
mn8370qr,11,pqnknbrr,169,trader_bridge_app,ResumeTradingSession,1779306912,19,0,1
mn8370qr,4,lh92b709,162,trader_bridge_app,TradePage,1779306915,18,0,0
mn8370qr,5,729v3r7i,162,trader_bridge_app,TradePage,1779306915,18,0,0
mn8370qr,3,z9n52ebr,162,trader_bridge_app,TradePage,1779306915,18,0,0
mn8370qr,2,j6o1gu35,162,trader_bridge_app,TradePage,1779306915,18,0,0
mn8370qr,6,aac2mc3k,162,trader_bridge_app,TradePage,1779306915,18,0,0
mn8370qr,1,e4rzuiqc,162,trader_bridge_app,TradePage,1779306915,18,0,0
mn8370qr,1,e4rzuiqc,164,trader_bridge_app,FinalizeTradingSession,1779306915,18,0,1
mn8370qr,2,j6o1gu35,164,trader_bridge_app,FinalizeTradingSession,1779306915,18,0,1
mn8370qr,3,z9n52ebr,164,trader_bridge_app,FinalizeTradingSession,1779306915,18,0,1
mn8370qr,4,lh92b709,164,trader_bridge_app,FinalizeTradingSession,1779306915,18,0,1
mn8370qr,5,729v3r7i,164,trader_bridge_app,FinalizeTradingSession,1779306915,18,0,1
mn8370qr,6,aac2mc3k,164,trader_bridge_app,FinalizeTradingSession,1779306915,18,0,1
mn8370qr,6,aac2mc3k,165,trader_bridge_app,DayBreak,1779306921,18,0,0
mn8370qr,3,z9n52ebr,165,trader_bridge_app,DayBreak,1779306921,18,0,0
mn8370qr,2,j6o1gu35,165,trader_bridge_app,DayBreak,1779306922,18,0,0
mn8370qr,4,lh92b709,165,trader_bridge_app,DayBreak,1779306924,18,0,0
mn8370qr,1,e4rzuiqc,165,trader_bridge_app,DayBreak,1779306924,18,0,0
mn8370qr,5,729v3r7i,165,trader_bridge_app,DayBreak,1779306928,18,0,0
mn8370qr,5,729v3r7i,168,trader_bridge_app,SyncTradingSession,1779306928,19,0,1
mn8370qr,6,aac2mc3k,168,trader_bridge_app,SyncTradingSession,1779306928,19,0,1
mn8370qr,1,e4rzuiqc,168,trader_bridge_app,SyncTradingSession,1779306928,19,0,1
mn8370qr,2,j6o1gu35,168,trader_bridge_app,SyncTradingSession,1779306928,19,0,1
mn8370qr,3,z9n52ebr,168,trader_bridge_app,SyncTradingSession,1779306928,19,0,1
mn8370qr,4,lh92b709,168,trader_bridge_app,SyncTradingSession,1779306928,19,0,1
mn8370qr,5,729v3r7i,169,trader_bridge_app,ResumeTradingSession,1779306929,19,0,1
mn8370qr,6,aac2mc3k,169,trader_bridge_app,ResumeTradingSession,1779306929,19,0,1
mn8370qr,1,e4rzuiqc,169,trader_bridge_app,ResumeTradingSession,1779306929,19,0,1
mn8370qr,2,j6o1gu35,169,trader_bridge_app,ResumeTradingSession,1779306929,19,0,1
mn8370qr,3,z9n52ebr,169,trader_bridge_app,ResumeTradingSession,1779306929,19,0,1
mn8370qr,4,lh92b709,169,trader_bridge_app,ResumeTradingSession,1779306929,19,0,1
mn8370qr,13,51q1wtqi,171,trader_bridge_app,TradePage,1779306957,19,0,0
mn8370qr,14,q9v4q54j,171,trader_bridge_app,TradePage,1779306957,19,0,0
mn8370qr,16,ry1l466x,171,trader_bridge_app,TradePage,1779306957,19,0,0
mn8370qr,15,5g1om6y0,171,trader_bridge_app,TradePage,1779306958,19,0,0
mn8370qr,13,51q1wtqi,172,trader_bridge_app,PauseTradingSession,1779306958,19,0,1
mn8370qr,14,q9v4q54j,172,trader_bridge_app,PauseTradingSession,1779306958,19,0,1
mn8370qr,15,5g1om6y0,172,trader_bridge_app,PauseTradingSession,1779306958,19,0,1
mn8370qr,16,ry1l466x,172,trader_bridge_app,PauseTradingSession,1779306958,19,0,1
mn8370qr,16,ry1l466x,174,trader_bridge_app,DayBreak,1779306961,19,0,0
mn8370qr,15,5g1om6y0,174,trader_bridge_app,DayBreak,1779306961,19,0,0
mn8370qr,14,q9v4q54j,174,trader_bridge_app,DayBreak,1779306961,19,0,0
mn8370qr,13,51q1wtqi,174,trader_bridge_app,DayBreak,1779306967,19,0,0
mn8370qr,13,51q1wtqi,178,trader_bridge_app,ResumeTradingSession,1779306967,20,0,1
mn8370qr,14,q9v4q54j,178,trader_bridge_app,ResumeTradingSession,1779306967,20,0,1
mn8370qr,15,5g1om6y0,178,trader_bridge_app,ResumeTradingSession,1779306967,20,0,1
mn8370qr,16,ry1l466x,178,trader_bridge_app,ResumeTradingSession,1779306967,20,0,1
mn8370qr,7,bs9r1rdm,171,trader_bridge_app,TradePage,1779306973,19,0,0
mn8370qr,11,pqnknbrr,171,trader_bridge_app,TradePage,1779306973,19,0,0
mn8370qr,9,kb2z64e8,171,trader_bridge_app,TradePage,1779306973,19,0,0
mn8370qr,8,9uh6p1vm,171,trader_bridge_app,TradePage,1779306973,19,0,0
mn8370qr,10,ai0il249,171,trader_bridge_app,TradePage,1779306973,19,0,0
mn8370qr,12,whc9aveo,171,trader_bridge_app,TradePage,1779306973,19,0,0
mn8370qr,12,whc9aveo,172,trader_bridge_app,PauseTradingSession,1779306973,19,0,1
mn8370qr,7,bs9r1rdm,172,trader_bridge_app,PauseTradingSession,1779306973,19,0,1
mn8370qr,8,9uh6p1vm,172,trader_bridge_app,PauseTradingSession,1779306973,19,0,1
mn8370qr,9,kb2z64e8,172,trader_bridge_app,PauseTradingSession,1779306973,19,0,1
mn8370qr,10,ai0il249,172,trader_bridge_app,PauseTradingSession,1779306973,19,0,1
mn8370qr,11,pqnknbrr,172,trader_bridge_app,PauseTradingSession,1779306973,19,0,1
mn8370qr,9,kb2z64e8,174,trader_bridge_app,DayBreak,1779306976,19,0,0
mn8370qr,12,whc9aveo,174,trader_bridge_app,DayBreak,1779306976,19,0,0
mn8370qr,7,bs9r1rdm,174,trader_bridge_app,DayBreak,1779306976,19,0,0
mn8370qr,10,ai0il249,174,trader_bridge_app,DayBreak,1779306978,19,0,0
mn8370qr,11,pqnknbrr,174,trader_bridge_app,DayBreak,1779306978,19,0,0
mn8370qr,8,9uh6p1vm,174,trader_bridge_app,DayBreak,1779306984,19,0,0
mn8370qr,11,pqnknbrr,178,trader_bridge_app,ResumeTradingSession,1779306984,20,0,1
mn8370qr,12,whc9aveo,178,trader_bridge_app,ResumeTradingSession,1779306984,20,0,1
mn8370qr,7,bs9r1rdm,178,trader_bridge_app,ResumeTradingSession,1779306984,20,0,1
mn8370qr,8,9uh6p1vm,178,trader_bridge_app,ResumeTradingSession,1779306984,20,0,1
mn8370qr,9,kb2z64e8,178,trader_bridge_app,ResumeTradingSession,1779306984,20,0,1
mn8370qr,10,ai0il249,178,trader_bridge_app,ResumeTradingSession,1779306984,20,0,1
mn8370qr,6,aac2mc3k,171,trader_bridge_app,TradePage,1779306989,19,0,0
mn8370qr,1,e4rzuiqc,171,trader_bridge_app,TradePage,1779306989,19,0,0
mn8370qr,4,lh92b709,171,trader_bridge_app,TradePage,1779306989,19,0,0
mn8370qr,2,j6o1gu35,171,trader_bridge_app,TradePage,1779306989,19,0,0
mn8370qr,5,729v3r7i,171,trader_bridge_app,TradePage,1779306990,19,0,0
mn8370qr,3,z9n52ebr,171,trader_bridge_app,TradePage,1779306990,19,0,0
mn8370qr,5,729v3r7i,172,trader_bridge_app,PauseTradingSession,1779306990,19,0,1
mn8370qr,6,aac2mc3k,172,trader_bridge_app,PauseTradingSession,1779306990,19,0,1
mn8370qr,1,e4rzuiqc,172,trader_bridge_app,PauseTradingSession,1779306990,19,0,1
mn8370qr,2,j6o1gu35,172,trader_bridge_app,PauseTradingSession,1779306990,19,0,1
mn8370qr,3,z9n52ebr,172,trader_bridge_app,PauseTradingSession,1779306990,19,0,1
mn8370qr,4,lh92b709,172,trader_bridge_app,PauseTradingSession,1779306990,19,0,1
mn8370qr,1,e4rzuiqc,174,trader_bridge_app,DayBreak,1779306993,19,0,0
mn8370qr,3,z9n52ebr,174,trader_bridge_app,DayBreak,1779306994,19,0,0
mn8370qr,2,j6o1gu35,174,trader_bridge_app,DayBreak,1779306994,19,0,0
mn8370qr,4,lh92b709,174,trader_bridge_app,DayBreak,1779306994,19,0,0
mn8370qr,6,aac2mc3k,174,trader_bridge_app,DayBreak,1779306994,19,0,0
mn8370qr,5,729v3r7i,174,trader_bridge_app,DayBreak,1779306997,19,0,0
mn8370qr,1,e4rzuiqc,178,trader_bridge_app,ResumeTradingSession,1779306997,20,0,1
mn8370qr,2,j6o1gu35,178,trader_bridge_app,ResumeTradingSession,1779306997,20,0,1
mn8370qr,3,z9n52ebr,178,trader_bridge_app,ResumeTradingSession,1779306997,20,0,1
mn8370qr,4,lh92b709,178,trader_bridge_app,ResumeTradingSession,1779306997,20,0,1
mn8370qr,5,729v3r7i,178,trader_bridge_app,ResumeTradingSession,1779306997,20,0,1
mn8370qr,6,aac2mc3k,178,trader_bridge_app,ResumeTradingSession,1779306997,20,0,1
mn8370qr,13,51q1wtqi,180,trader_bridge_app,TradePage,1779307028,20,0,0
mn8370qr,14,q9v4q54j,180,trader_bridge_app,TradePage,1779307028,20,0,0
mn8370qr,15,5g1om6y0,180,trader_bridge_app,TradePage,1779307028,20,0,0
mn8370qr,16,ry1l466x,180,trader_bridge_app,TradePage,1779307028,20,0,0
mn8370qr,13,51q1wtqi,181,trader_bridge_app,PauseTradingSession,1779307028,20,0,1
mn8370qr,14,q9v4q54j,181,trader_bridge_app,PauseTradingSession,1779307028,20,0,1
mn8370qr,15,5g1om6y0,181,trader_bridge_app,PauseTradingSession,1779307028,20,0,1
mn8370qr,16,ry1l466x,181,trader_bridge_app,PauseTradingSession,1779307028,20,0,1
mn8370qr,14,q9v4q54j,183,trader_bridge_app,DayBreak,1779307031,20,0,0
mn8370qr,15,5g1om6y0,183,trader_bridge_app,DayBreak,1779307032,20,0,0
mn8370qr,16,ry1l466x,183,trader_bridge_app,DayBreak,1779307032,20,0,0
mn8370qr,13,51q1wtqi,183,trader_bridge_app,DayBreak,1779307038,20,0,0
mn8370qr,13,51q1wtqi,187,trader_bridge_app,ResumeTradingSession,1779307038,21,0,1
mn8370qr,14,q9v4q54j,187,trader_bridge_app,ResumeTradingSession,1779307038,21,0,1
mn8370qr,15,5g1om6y0,187,trader_bridge_app,ResumeTradingSession,1779307038,21,0,1
mn8370qr,16,ry1l466x,187,trader_bridge_app,ResumeTradingSession,1779307038,21,0,1
mn8370qr,8,9uh6p1vm,180,trader_bridge_app,TradePage,1779307045,20,0,0
mn8370qr,7,bs9r1rdm,180,trader_bridge_app,TradePage,1779307045,20,0,0
mn8370qr,11,pqnknbrr,180,trader_bridge_app,TradePage,1779307045,20,0,0
mn8370qr,12,whc9aveo,180,trader_bridge_app,TradePage,1779307045,20,0,0
mn8370qr,9,kb2z64e8,180,trader_bridge_app,TradePage,1779307045,20,0,0
mn8370qr,10,ai0il249,180,trader_bridge_app,TradePage,1779307045,20,0,0
mn8370qr,11,pqnknbrr,181,trader_bridge_app,PauseTradingSession,1779307045,20,0,1
mn8370qr,12,whc9aveo,181,trader_bridge_app,PauseTradingSession,1779307045,20,0,1
mn8370qr,7,bs9r1rdm,181,trader_bridge_app,PauseTradingSession,1779307045,20,0,1
mn8370qr,8,9uh6p1vm,181,trader_bridge_app,PauseTradingSession,1779307045,20,0,1
mn8370qr,9,kb2z64e8,181,trader_bridge_app,PauseTradingSession,1779307045,20,0,1
mn8370qr,10,ai0il249,181,trader_bridge_app,PauseTradingSession,1779307045,20,0,1
mn8370qr,9,kb2z64e8,183,trader_bridge_app,DayBreak,1779307048,20,0,0
mn8370qr,10,ai0il249,183,trader_bridge_app,DayBreak,1779307049,20,0,0
mn8370qr,7,bs9r1rdm,183,trader_bridge_app,DayBreak,1779307050,20,0,0
mn8370qr,12,whc9aveo,183,trader_bridge_app,DayBreak,1779307050,20,0,0
mn8370qr,11,pqnknbrr,183,trader_bridge_app,DayBreak,1779307053,20,0,0
mn8370qr,8,9uh6p1vm,183,trader_bridge_app,DayBreak,1779307057,20,0,0
mn8370qr,7,bs9r1rdm,187,trader_bridge_app,ResumeTradingSession,1779307057,21,0,1
mn8370qr,8,9uh6p1vm,187,trader_bridge_app,ResumeTradingSession,1779307057,21,0,1
mn8370qr,9,kb2z64e8,187,trader_bridge_app,ResumeTradingSession,1779307057,21,0,1
mn8370qr,10,ai0il249,187,trader_bridge_app,ResumeTradingSession,1779307057,21,0,1
mn8370qr,11,pqnknbrr,187,trader_bridge_app,ResumeTradingSession,1779307057,21,0,1
mn8370qr,12,whc9aveo,187,trader_bridge_app,ResumeTradingSession,1779307057,21,0,1
mn8370qr,6,aac2mc3k,180,trader_bridge_app,TradePage,1779307058,20,0,0
mn8370qr,5,729v3r7i,180,trader_bridge_app,TradePage,1779307058,20,0,0
mn8370qr,1,e4rzuiqc,180,trader_bridge_app,TradePage,1779307058,20,0,0
mn8370qr,4,lh92b709,180,trader_bridge_app,TradePage,1779307058,20,0,0
mn8370qr,3,z9n52ebr,180,trader_bridge_app,TradePage,1779307058,20,0,0
mn8370qr,2,j6o1gu35,180,trader_bridge_app,TradePage,1779307058,20,0,0
mn8370qr,4,lh92b709,181,trader_bridge_app,PauseTradingSession,1779307059,20,0,1
mn8370qr,5,729v3r7i,181,trader_bridge_app,PauseTradingSession,1779307059,20,0,1
mn8370qr,6,aac2mc3k,181,trader_bridge_app,PauseTradingSession,1779307059,20,0,1
mn8370qr,1,e4rzuiqc,181,trader_bridge_app,PauseTradingSession,1779307059,20,0,1
mn8370qr,2,j6o1gu35,181,trader_bridge_app,PauseTradingSession,1779307059,20,0,1
mn8370qr,3,z9n52ebr,181,trader_bridge_app,PauseTradingSession,1779307059,20,0,1
mn8370qr,6,aac2mc3k,183,trader_bridge_app,DayBreak,1779307061,20,0,0
mn8370qr,3,z9n52ebr,183,trader_bridge_app,DayBreak,1779307061,20,0,0
mn8370qr,2,j6o1gu35,183,trader_bridge_app,DayBreak,1779307063,20,0,0
mn8370qr,4,lh92b709,183,trader_bridge_app,DayBreak,1779307066,20,0,0
mn8370qr,5,729v3r7i,183,trader_bridge_app,DayBreak,1779307067,20,0,0
mn8370qr,1,e4rzuiqc,183,trader_bridge_app,DayBreak,1779307073,20,0,0
mn8370qr,1,e4rzuiqc,187,trader_bridge_app,ResumeTradingSession,1779307073,21,0,1
mn8370qr,2,j6o1gu35,187,trader_bridge_app,ResumeTradingSession,1779307073,21,0,1
mn8370qr,3,z9n52ebr,187,trader_bridge_app,ResumeTradingSession,1779307073,21,0,1
mn8370qr,4,lh92b709,187,trader_bridge_app,ResumeTradingSession,1779307073,21,0,1
mn8370qr,5,729v3r7i,187,trader_bridge_app,ResumeTradingSession,1779307073,21,0,1
mn8370qr,6,aac2mc3k,187,trader_bridge_app,ResumeTradingSession,1779307073,21,0,1
mn8370qr,14,q9v4q54j,189,trader_bridge_app,TradePage,1779307099,21,0,0
mn8370qr,13,51q1wtqi,189,trader_bridge_app,TradePage,1779307099,21,0,0
mn8370qr,15,5g1om6y0,189,trader_bridge_app,TradePage,1779307099,21,0,0
mn8370qr,16,ry1l466x,189,trader_bridge_app,TradePage,1779307099,21,0,0
mn8370qr,13,51q1wtqi,190,trader_bridge_app,PauseTradingSession,1779307099,21,0,1
mn8370qr,14,q9v4q54j,190,trader_bridge_app,PauseTradingSession,1779307099,21,0,1
mn8370qr,15,5g1om6y0,190,trader_bridge_app,PauseTradingSession,1779307099,21,0,1
mn8370qr,16,ry1l466x,190,trader_bridge_app,PauseTradingSession,1779307099,21,0,1
mn8370qr,13,51q1wtqi,192,trader_bridge_app,DayBreak,1779307107,21,0,0
mn8370qr,15,5g1om6y0,192,trader_bridge_app,DayBreak,1779307108,21,0,0
mn8370qr,14,q9v4q54j,192,trader_bridge_app,DayBreak,1779307108,21,0,0
mn8370qr,16,ry1l466x,192,trader_bridge_app,DayBreak,1779307113,21,0,0
mn8370qr,13,51q1wtqi,196,trader_bridge_app,ResumeTradingSession,1779307113,22,0,1
mn8370qr,14,q9v4q54j,196,trader_bridge_app,ResumeTradingSession,1779307113,22,0,1
mn8370qr,15,5g1om6y0,196,trader_bridge_app,ResumeTradingSession,1779307113,22,0,1
mn8370qr,16,ry1l466x,196,trader_bridge_app,ResumeTradingSession,1779307113,22,0,1
mn8370qr,7,bs9r1rdm,189,trader_bridge_app,TradePage,1779307118,21,0,0
mn8370qr,8,9uh6p1vm,189,trader_bridge_app,TradePage,1779307118,21,0,0
mn8370qr,11,pqnknbrr,189,trader_bridge_app,TradePage,1779307118,21,0,0
mn8370qr,10,ai0il249,189,trader_bridge_app,TradePage,1779307118,21,0,0
mn8370qr,9,kb2z64e8,189,trader_bridge_app,TradePage,1779307118,21,0,0
mn8370qr,12,whc9aveo,189,trader_bridge_app,TradePage,1779307118,21,0,0
mn8370qr,12,whc9aveo,190,trader_bridge_app,PauseTradingSession,1779307118,21,0,1
mn8370qr,7,bs9r1rdm,190,trader_bridge_app,PauseTradingSession,1779307118,21,0,1
mn8370qr,8,9uh6p1vm,190,trader_bridge_app,PauseTradingSession,1779307118,21,0,1
mn8370qr,9,kb2z64e8,190,trader_bridge_app,PauseTradingSession,1779307118,21,0,1
mn8370qr,10,ai0il249,190,trader_bridge_app,PauseTradingSession,1779307118,21,0,1
mn8370qr,11,pqnknbrr,190,trader_bridge_app,PauseTradingSession,1779307118,21,0,1
mn8370qr,12,whc9aveo,192,trader_bridge_app,DayBreak,1779307124,21,0,0
mn8370qr,9,kb2z64e8,192,trader_bridge_app,DayBreak,1779307127,21,0,0
mn8370qr,10,ai0il249,192,trader_bridge_app,DayBreak,1779307127,21,0,0
mn8370qr,7,bs9r1rdm,192,trader_bridge_app,DayBreak,1779307127,21,0,0
mn8370qr,11,pqnknbrr,192,trader_bridge_app,DayBreak,1779307130,21,0,0
mn8370qr,2,j6o1gu35,189,trader_bridge_app,TradePage,1779307134,21,0,0
mn8370qr,3,z9n52ebr,189,trader_bridge_app,TradePage,1779307134,21,0,0
mn8370qr,1,e4rzuiqc,189,trader_bridge_app,TradePage,1779307134,21,0,0
mn8370qr,5,729v3r7i,189,trader_bridge_app,TradePage,1779307134,21,0,0
mn8370qr,6,aac2mc3k,189,trader_bridge_app,TradePage,1779307134,21,0,0
mn8370qr,4,lh92b709,189,trader_bridge_app,TradePage,1779307134,21,0,0
mn8370qr,3,z9n52ebr,190,trader_bridge_app,PauseTradingSession,1779307134,21,0,1
mn8370qr,4,lh92b709,190,trader_bridge_app,PauseTradingSession,1779307134,21,0,1
mn8370qr,1,e4rzuiqc,190,trader_bridge_app,PauseTradingSession,1779307134,21,0,1
mn8370qr,2,j6o1gu35,190,trader_bridge_app,PauseTradingSession,1779307134,21,0,1
mn8370qr,6,aac2mc3k,190,trader_bridge_app,PauseTradingSession,1779307134,21,0,1
mn8370qr,5,729v3r7i,190,trader_bridge_app,PauseTradingSession,1779307134,21,0,1
mn8370qr,8,9uh6p1vm,192,trader_bridge_app,DayBreak,1779307135,21,0,0
mn8370qr,7,bs9r1rdm,196,trader_bridge_app,ResumeTradingSession,1779307136,22,0,1
mn8370qr,8,9uh6p1vm,196,trader_bridge_app,ResumeTradingSession,1779307136,22,0,1
mn8370qr,9,kb2z64e8,196,trader_bridge_app,ResumeTradingSession,1779307136,22,0,1
mn8370qr,10,ai0il249,196,trader_bridge_app,ResumeTradingSession,1779307136,22,0,1
mn8370qr,11,pqnknbrr,196,trader_bridge_app,ResumeTradingSession,1779307136,22,0,1
mn8370qr,12,whc9aveo,196,trader_bridge_app,ResumeTradingSession,1779307136,22,0,1
mn8370qr,3,z9n52ebr,192,trader_bridge_app,DayBreak,1779307144,21,0,0
mn8370qr,4,lh92b709,192,trader_bridge_app,DayBreak,1779307145,21,0,0
mn8370qr,6,aac2mc3k,192,trader_bridge_app,DayBreak,1779307147,21,0,0
mn8370qr,1,e4rzuiqc,192,trader_bridge_app,DayBreak,1779307148,21,0,0
mn8370qr,2,j6o1gu35,192,trader_bridge_app,DayBreak,1779307148,21,0,0
mn8370qr,5,729v3r7i,192,trader_bridge_app,DayBreak,1779307155,21,1,0
mn8370qr,2,j6o1gu35,196,trader_bridge_app,ResumeTradingSession,1779307155,22,0,1
mn8370qr,3,z9n52ebr,196,trader_bridge_app,ResumeTradingSession,1779307155,22,0,1
mn8370qr,4,lh92b709,196,trader_bridge_app,ResumeTradingSession,1779307155,22,0,1
mn8370qr,1,e4rzuiqc,196,trader_bridge_app,ResumeTradingSession,1779307155,22,0,1
mn8370qr,5,729v3r7i,196,trader_bridge_app,ResumeTradingSession,1779307155,22,0,1
mn8370qr,6,aac2mc3k,196,trader_bridge_app,ResumeTradingSession,1779307155,22,0,1
mn8370qr,16,ry1l466x,198,trader_bridge_app,TradePage,1779307174,22,0,0
mn8370qr,14,q9v4q54j,198,trader_bridge_app,TradePage,1779307174,22,0,0
mn8370qr,13,51q1wtqi,198,trader_bridge_app,TradePage,1779307174,22,0,0
mn8370qr,15,5g1om6y0,198,trader_bridge_app,TradePage,1779307174,22,0,0
mn8370qr,13,51q1wtqi,199,trader_bridge_app,PauseTradingSession,1779307174,22,0,1
mn8370qr,14,q9v4q54j,199,trader_bridge_app,PauseTradingSession,1779307174,22,0,1
mn8370qr,15,5g1om6y0,199,trader_bridge_app,PauseTradingSession,1779307174,22,0,1
mn8370qr,16,ry1l466x,199,trader_bridge_app,PauseTradingSession,1779307174,22,0,1
mn8370qr,13,51q1wtqi,201,trader_bridge_app,DayBreak,1779307178,22,0,0
mn8370qr,16,ry1l466x,201,trader_bridge_app,DayBreak,1779307179,22,0,0
mn8370qr,15,5g1om6y0,201,trader_bridge_app,DayBreak,1779307182,22,0,0
mn8370qr,14,q9v4q54j,201,trader_bridge_app,DayBreak,1779307182,22,0,0
mn8370qr,13,51q1wtqi,205,trader_bridge_app,ResumeTradingSession,1779307182,23,0,1
mn8370qr,14,q9v4q54j,205,trader_bridge_app,ResumeTradingSession,1779307182,23,0,1
mn8370qr,15,5g1om6y0,205,trader_bridge_app,ResumeTradingSession,1779307182,23,0,1
mn8370qr,16,ry1l466x,205,trader_bridge_app,ResumeTradingSession,1779307182,23,0,1
mn8370qr,8,9uh6p1vm,198,trader_bridge_app,TradePage,1779307196,22,0,0
mn8370qr,7,bs9r1rdm,198,trader_bridge_app,TradePage,1779307196,22,0,0
mn8370qr,11,pqnknbrr,198,trader_bridge_app,TradePage,1779307197,22,0,0
mn8370qr,9,kb2z64e8,198,trader_bridge_app,TradePage,1779307197,22,0,0
mn8370qr,10,ai0il249,198,trader_bridge_app,TradePage,1779307197,22,0,0
mn8370qr,12,whc9aveo,198,trader_bridge_app,TradePage,1779307197,22,0,0
mn8370qr,12,whc9aveo,199,trader_bridge_app,PauseTradingSession,1779307197,22,0,1
mn8370qr,7,bs9r1rdm,199,trader_bridge_app,PauseTradingSession,1779307197,22,0,1
mn8370qr,8,9uh6p1vm,199,trader_bridge_app,PauseTradingSession,1779307197,22,0,1
mn8370qr,9,kb2z64e8,199,trader_bridge_app,PauseTradingSession,1779307197,22,0,1
mn8370qr,10,ai0il249,199,trader_bridge_app,PauseTradingSession,1779307197,22,0,1
mn8370qr,11,pqnknbrr,199,trader_bridge_app,PauseTradingSession,1779307197,22,0,1
mn8370qr,7,bs9r1rdm,201,trader_bridge_app,DayBreak,1779307200,22,0,0
mn8370qr,9,kb2z64e8,201,trader_bridge_app,DayBreak,1779307201,22,0,0
mn8370qr,11,pqnknbrr,201,trader_bridge_app,DayBreak,1779307201,22,0,0
mn8370qr,12,whc9aveo,201,trader_bridge_app,DayBreak,1779307202,22,0,0
mn8370qr,8,9uh6p1vm,201,trader_bridge_app,DayBreak,1779307203,22,0,0
mn8370qr,10,ai0il249,201,trader_bridge_app,DayBreak,1779307205,22,0,0
mn8370qr,7,bs9r1rdm,205,trader_bridge_app,ResumeTradingSession,1779307206,23,0,1
mn8370qr,12,whc9aveo,205,trader_bridge_app,ResumeTradingSession,1779307206,23,0,1
mn8370qr,8,9uh6p1vm,205,trader_bridge_app,ResumeTradingSession,1779307206,23,0,1
mn8370qr,9,kb2z64e8,205,trader_bridge_app,ResumeTradingSession,1779307206,23,0,1
mn8370qr,10,ai0il249,205,trader_bridge_app,ResumeTradingSession,1779307206,23,0,1
mn8370qr,11,pqnknbrr,205,trader_bridge_app,ResumeTradingSession,1779307206,23,0,1
mn8370qr,3,z9n52ebr,198,trader_bridge_app,TradePage,1779307216,22,0,0
mn8370qr,5,729v3r7i,198,trader_bridge_app,TradePage,1779307216,22,0,0
mn8370qr,6,aac2mc3k,198,trader_bridge_app,TradePage,1779307216,22,0,0
mn8370qr,1,e4rzuiqc,198,trader_bridge_app,TradePage,1779307216,22,0,0
mn8370qr,4,lh92b709,198,trader_bridge_app,TradePage,1779307216,22,0,0
mn8370qr,2,j6o1gu35,198,trader_bridge_app,TradePage,1779307216,22,0,0
mn8370qr,1,e4rzuiqc,199,trader_bridge_app,PauseTradingSession,1779307216,22,0,1
mn8370qr,2,j6o1gu35,199,trader_bridge_app,PauseTradingSession,1779307216,22,0,1
mn8370qr,3,z9n52ebr,199,trader_bridge_app,PauseTradingSession,1779307216,22,0,1
mn8370qr,4,lh92b709,199,trader_bridge_app,PauseTradingSession,1779307216,22,0,1
mn8370qr,5,729v3r7i,199,trader_bridge_app,PauseTradingSession,1779307216,22,0,1
mn8370qr,6,aac2mc3k,199,trader_bridge_app,PauseTradingSession,1779307216,22,0,1
mn8370qr,5,729v3r7i,201,trader_bridge_app,DayBreak,1779307219,22,0,0
mn8370qr,3,z9n52ebr,201,trader_bridge_app,DayBreak,1779307220,22,0,0
mn8370qr,1,e4rzuiqc,201,trader_bridge_app,DayBreak,1779307220,22,0,0
mn8370qr,4,lh92b709,201,trader_bridge_app,DayBreak,1779307220,22,0,0
mn8370qr,6,aac2mc3k,201,trader_bridge_app,DayBreak,1779307221,22,0,0
mn8370qr,2,j6o1gu35,201,trader_bridge_app,DayBreak,1779307222,22,0,0
mn8370qr,6,aac2mc3k,205,trader_bridge_app,ResumeTradingSession,1779307222,23,0,1
mn8370qr,1,e4rzuiqc,205,trader_bridge_app,ResumeTradingSession,1779307222,23,0,1
mn8370qr,2,j6o1gu35,205,trader_bridge_app,ResumeTradingSession,1779307222,23,0,1
mn8370qr,3,z9n52ebr,205,trader_bridge_app,ResumeTradingSession,1779307222,23,0,1
mn8370qr,4,lh92b709,205,trader_bridge_app,ResumeTradingSession,1779307222,23,0,1
mn8370qr,5,729v3r7i,205,trader_bridge_app,ResumeTradingSession,1779307222,23,0,1
mn8370qr,15,5g1om6y0,207,trader_bridge_app,TradePage,1779307243,23,0,0
mn8370qr,14,q9v4q54j,207,trader_bridge_app,TradePage,1779307243,23,0,0
mn8370qr,13,51q1wtqi,207,trader_bridge_app,TradePage,1779307243,23,0,0
mn8370qr,16,ry1l466x,207,trader_bridge_app,TradePage,1779307243,23,0,0
mn8370qr,13,51q1wtqi,208,trader_bridge_app,PauseTradingSession,1779307243,23,0,1
mn8370qr,14,q9v4q54j,208,trader_bridge_app,PauseTradingSession,1779307243,23,0,1
mn8370qr,15,5g1om6y0,208,trader_bridge_app,PauseTradingSession,1779307243,23,0,1
mn8370qr,16,ry1l466x,208,trader_bridge_app,PauseTradingSession,1779307243,23,0,1
mn8370qr,15,5g1om6y0,210,trader_bridge_app,DayBreak,1779307247,23,0,0
mn8370qr,14,q9v4q54j,210,trader_bridge_app,DayBreak,1779307247,23,0,0
mn8370qr,13,51q1wtqi,210,trader_bridge_app,DayBreak,1779307248,23,0,0
mn8370qr,16,ry1l466x,210,trader_bridge_app,DayBreak,1779307248,23,0,0
mn8370qr,13,51q1wtqi,214,trader_bridge_app,ResumeTradingSession,1779307248,24,0,1
mn8370qr,14,q9v4q54j,214,trader_bridge_app,ResumeTradingSession,1779307248,24,0,1
mn8370qr,15,5g1om6y0,214,trader_bridge_app,ResumeTradingSession,1779307248,24,0,1
mn8370qr,16,ry1l466x,214,trader_bridge_app,ResumeTradingSession,1779307248,24,0,1
mn8370qr,10,ai0il249,207,trader_bridge_app,TradePage,1779307267,23,0,0
mn8370qr,7,bs9r1rdm,207,trader_bridge_app,TradePage,1779307267,23,0,0
mn8370qr,8,9uh6p1vm,207,trader_bridge_app,TradePage,1779307267,23,0,0
mn8370qr,9,kb2z64e8,207,trader_bridge_app,TradePage,1779307267,23,0,0
mn8370qr,12,whc9aveo,207,trader_bridge_app,TradePage,1779307267,23,0,0
mn8370qr,11,pqnknbrr,207,trader_bridge_app,TradePage,1779307267,23,0,0
mn8370qr,7,bs9r1rdm,208,trader_bridge_app,PauseTradingSession,1779307267,23,0,1
mn8370qr,8,9uh6p1vm,208,trader_bridge_app,PauseTradingSession,1779307267,23,0,1
mn8370qr,9,kb2z64e8,208,trader_bridge_app,PauseTradingSession,1779307267,23,0,1
mn8370qr,10,ai0il249,208,trader_bridge_app,PauseTradingSession,1779307267,23,0,1
mn8370qr,11,pqnknbrr,208,trader_bridge_app,PauseTradingSession,1779307267,23,0,1
mn8370qr,12,whc9aveo,208,trader_bridge_app,PauseTradingSession,1779307267,23,0,1
mn8370qr,7,bs9r1rdm,210,trader_bridge_app,DayBreak,1779307270,23,0,0
mn8370qr,9,kb2z64e8,210,trader_bridge_app,DayBreak,1779307270,23,0,0
mn8370qr,11,pqnknbrr,210,trader_bridge_app,DayBreak,1779307270,23,0,0
mn8370qr,12,whc9aveo,210,trader_bridge_app,DayBreak,1779307270,23,0,0
mn8370qr,10,ai0il249,210,trader_bridge_app,DayBreak,1779307275,23,0,0
mn8370qr,8,9uh6p1vm,210,trader_bridge_app,DayBreak,1779307277,23,0,0
mn8370qr,11,pqnknbrr,214,trader_bridge_app,ResumeTradingSession,1779307277,24,0,1
mn8370qr,12,whc9aveo,214,trader_bridge_app,ResumeTradingSession,1779307277,24,0,1
mn8370qr,7,bs9r1rdm,214,trader_bridge_app,ResumeTradingSession,1779307277,24,0,1
mn8370qr,8,9uh6p1vm,214,trader_bridge_app,ResumeTradingSession,1779307277,24,0,1
mn8370qr,9,kb2z64e8,214,trader_bridge_app,ResumeTradingSession,1779307277,24,0,1
mn8370qr,10,ai0il249,214,trader_bridge_app,ResumeTradingSession,1779307277,24,0,1
mn8370qr,3,z9n52ebr,207,trader_bridge_app,TradePage,1779307283,23,0,0
mn8370qr,2,j6o1gu35,207,trader_bridge_app,TradePage,1779307283,23,0,0
mn8370qr,4,lh92b709,207,trader_bridge_app,TradePage,1779307283,23,0,0
mn8370qr,6,aac2mc3k,207,trader_bridge_app,TradePage,1779307283,23,0,0
mn8370qr,5,729v3r7i,207,trader_bridge_app,TradePage,1779307283,23,0,0
mn8370qr,1,e4rzuiqc,207,trader_bridge_app,TradePage,1779307283,23,0,0
mn8370qr,5,729v3r7i,208,trader_bridge_app,PauseTradingSession,1779307283,23,0,1
mn8370qr,6,aac2mc3k,208,trader_bridge_app,PauseTradingSession,1779307283,23,0,1
mn8370qr,1,e4rzuiqc,208,trader_bridge_app,PauseTradingSession,1779307283,23,0,1
mn8370qr,2,j6o1gu35,208,trader_bridge_app,PauseTradingSession,1779307283,23,0,1
mn8370qr,3,z9n52ebr,208,trader_bridge_app,PauseTradingSession,1779307283,23,0,1
mn8370qr,4,lh92b709,208,trader_bridge_app,PauseTradingSession,1779307283,23,0,1
mn8370qr,3,z9n52ebr,210,trader_bridge_app,DayBreak,1779307286,23,0,0
mn8370qr,6,aac2mc3k,210,trader_bridge_app,DayBreak,1779307287,23,0,0
mn8370qr,5,729v3r7i,210,trader_bridge_app,DayBreak,1779307287,23,0,0
mn8370qr,2,j6o1gu35,210,trader_bridge_app,DayBreak,1779307287,23,0,0
mn8370qr,4,lh92b709,210,trader_bridge_app,DayBreak,1779307288,23,0,0
mn8370qr,1,e4rzuiqc,210,trader_bridge_app,DayBreak,1779307304,23,1,0
mn8370qr,6,aac2mc3k,214,trader_bridge_app,ResumeTradingSession,1779307304,24,0,1
mn8370qr,1,e4rzuiqc,214,trader_bridge_app,ResumeTradingSession,1779307304,24,0,1
mn8370qr,2,j6o1gu35,214,trader_bridge_app,ResumeTradingSession,1779307304,24,0,1
mn8370qr,3,z9n52ebr,214,trader_bridge_app,ResumeTradingSession,1779307304,24,0,1
mn8370qr,4,lh92b709,214,trader_bridge_app,ResumeTradingSession,1779307304,24,0,1
mn8370qr,5,729v3r7i,214,trader_bridge_app,ResumeTradingSession,1779307304,24,0,1
mn8370qr,14,q9v4q54j,216,trader_bridge_app,TradePage,1779307309,24,0,0
mn8370qr,16,ry1l466x,216,trader_bridge_app,TradePage,1779307309,24,0,0
mn8370qr,13,51q1wtqi,216,trader_bridge_app,TradePage,1779307309,24,0,0
mn8370qr,15,5g1om6y0,216,trader_bridge_app,TradePage,1779307309,24,0,0
mn8370qr,13,51q1wtqi,217,trader_bridge_app,PauseTradingSession,1779307310,24,0,1
mn8370qr,14,q9v4q54j,217,trader_bridge_app,PauseTradingSession,1779307310,24,0,1
mn8370qr,15,5g1om6y0,217,trader_bridge_app,PauseTradingSession,1779307310,24,0,1
mn8370qr,16,ry1l466x,217,trader_bridge_app,PauseTradingSession,1779307310,24,0,1
mn8370qr,14,q9v4q54j,219,trader_bridge_app,DayBreak,1779307319,24,0,0
mn8370qr,15,5g1om6y0,219,trader_bridge_app,DayBreak,1779307321,24,0,0
mn8370qr,16,ry1l466x,219,trader_bridge_app,DayBreak,1779307324,24,0,0
mn8370qr,13,51q1wtqi,219,trader_bridge_app,DayBreak,1779307330,24,1,0
mn8370qr,13,51q1wtqi,223,trader_bridge_app,ResumeTradingSession,1779307330,25,0,1
mn8370qr,14,q9v4q54j,223,trader_bridge_app,ResumeTradingSession,1779307330,25,0,1
mn8370qr,15,5g1om6y0,223,trader_bridge_app,ResumeTradingSession,1779307330,25,0,1
mn8370qr,16,ry1l466x,223,trader_bridge_app,ResumeTradingSession,1779307330,25,0,1
mn8370qr,10,ai0il249,216,trader_bridge_app,TradePage,1779307338,24,0,0
mn8370qr,8,9uh6p1vm,216,trader_bridge_app,TradePage,1779307338,24,0,0
mn8370qr,12,whc9aveo,216,trader_bridge_app,TradePage,1779307338,24,0,0
mn8370qr,9,kb2z64e8,216,trader_bridge_app,TradePage,1779307338,24,0,0
mn8370qr,11,pqnknbrr,216,trader_bridge_app,TradePage,1779307338,24,0,0
mn8370qr,7,bs9r1rdm,216,trader_bridge_app,TradePage,1779307344,24,0,0
mn8370qr,11,pqnknbrr,217,trader_bridge_app,PauseTradingSession,1779307344,24,0,1
mn8370qr,12,whc9aveo,217,trader_bridge_app,PauseTradingSession,1779307344,24,0,1
mn8370qr,7,bs9r1rdm,217,trader_bridge_app,PauseTradingSession,1779307344,24,0,1
mn8370qr,8,9uh6p1vm,217,trader_bridge_app,PauseTradingSession,1779307344,24,0,1
mn8370qr,9,kb2z64e8,217,trader_bridge_app,PauseTradingSession,1779307344,24,0,1
mn8370qr,10,ai0il249,217,trader_bridge_app,PauseTradingSession,1779307344,24,0,1
mn8370qr,12,whc9aveo,219,trader_bridge_app,DayBreak,1779307350,24,0,0
mn8370qr,11,pqnknbrr,219,trader_bridge_app,DayBreak,1779307353,24,0,0
mn8370qr,10,ai0il249,219,trader_bridge_app,DayBreak,1779307355,24,0,0
mn8370qr,7,bs9r1rdm,219,trader_bridge_app,DayBreak,1779307357,24,0,0
mn8370qr,8,9uh6p1vm,219,trader_bridge_app,DayBreak,1779307362,24,0,0
mn8370qr,1,e4rzuiqc,216,trader_bridge_app,TradePage,1779307364,24,0,0
mn8370qr,3,z9n52ebr,216,trader_bridge_app,TradePage,1779307364,24,0,0
mn8370qr,6,aac2mc3k,216,trader_bridge_app,TradePage,1779307365,24,0,0
mn8370qr,2,j6o1gu35,216,trader_bridge_app,TradePage,1779307365,24,0,0
mn8370qr,4,lh92b709,216,trader_bridge_app,TradePage,1779307365,24,0,0
mn8370qr,5,729v3r7i,216,trader_bridge_app,TradePage,1779307365,24,0,0
mn8370qr,6,aac2mc3k,217,trader_bridge_app,PauseTradingSession,1779307365,24,0,1
mn8370qr,3,z9n52ebr,217,trader_bridge_app,PauseTradingSession,1779307365,24,0,1
mn8370qr,4,lh92b709,217,trader_bridge_app,PauseTradingSession,1779307365,24,0,1
mn8370qr,5,729v3r7i,217,trader_bridge_app,PauseTradingSession,1779307365,24,0,1
mn8370qr,1,e4rzuiqc,217,trader_bridge_app,PauseTradingSession,1779307365,24,0,1
mn8370qr,2,j6o1gu35,217,trader_bridge_app,PauseTradingSession,1779307365,24,0,1
mn8370qr,9,kb2z64e8,219,trader_bridge_app,DayBreak,1779307365,24,1,0
mn8370qr,7,bs9r1rdm,223,trader_bridge_app,ResumeTradingSession,1779307365,25,0,1
mn8370qr,8,9uh6p1vm,223,trader_bridge_app,ResumeTradingSession,1779307365,25,0,1
mn8370qr,9,kb2z64e8,223,trader_bridge_app,ResumeTradingSession,1779307365,25,0,1
mn8370qr,10,ai0il249,223,trader_bridge_app,ResumeTradingSession,1779307365,25,0,1
mn8370qr,11,pqnknbrr,223,trader_bridge_app,ResumeTradingSession,1779307365,25,0,1
mn8370qr,12,whc9aveo,223,trader_bridge_app,ResumeTradingSession,1779307365,25,0,1
mn8370qr,4,lh92b709,219,trader_bridge_app,DayBreak,1779307373,24,0,0
mn8370qr,5,729v3r7i,219,trader_bridge_app,DayBreak,1779307373,24,0,0
mn8370qr,6,aac2mc3k,219,trader_bridge_app,DayBreak,1779307374,24,0,0
mn8370qr,2,j6o1gu35,219,trader_bridge_app,DayBreak,1779307377,24,0,0
mn8370qr,3,z9n52ebr,219,trader_bridge_app,DayBreak,1779307377,24,0,0
mn8370qr,1,e4rzuiqc,219,trader_bridge_app,DayBreak,1779307378,24,0,0
mn8370qr,5,729v3r7i,223,trader_bridge_app,ResumeTradingSession,1779307378,25,0,1
mn8370qr,6,aac2mc3k,223,trader_bridge_app,ResumeTradingSession,1779307378,25,0,1
mn8370qr,1,e4rzuiqc,223,trader_bridge_app,ResumeTradingSession,1779307378,25,0,1
mn8370qr,2,j6o1gu35,223,trader_bridge_app,ResumeTradingSession,1779307378,25,0,1
mn8370qr,3,z9n52ebr,223,trader_bridge_app,ResumeTradingSession,1779307378,25,0,1
mn8370qr,4,lh92b709,223,trader_bridge_app,ResumeTradingSession,1779307378,25,0,1
mn8370qr,13,51q1wtqi,225,trader_bridge_app,TradePage,1779307391,25,0,0
mn8370qr,15,5g1om6y0,225,trader_bridge_app,TradePage,1779307391,25,0,0
mn8370qr,14,q9v4q54j,225,trader_bridge_app,TradePage,1779307391,25,0,0
mn8370qr,16,ry1l466x,225,trader_bridge_app,TradePage,1779307391,25,0,0
mn8370qr,13,51q1wtqi,226,trader_bridge_app,PauseTradingSession,1779307391,25,0,1
mn8370qr,14,q9v4q54j,226,trader_bridge_app,PauseTradingSession,1779307391,25,0,1
mn8370qr,15,5g1om6y0,226,trader_bridge_app,PauseTradingSession,1779307391,25,0,1
mn8370qr,16,ry1l466x,226,trader_bridge_app,PauseTradingSession,1779307391,25,0,1
mn8370qr,16,ry1l466x,228,trader_bridge_app,DayBreak,1779307394,25,0,0
mn8370qr,14,q9v4q54j,228,trader_bridge_app,DayBreak,1779307396,25,0,0
mn8370qr,13,51q1wtqi,228,trader_bridge_app,DayBreak,1779307396,25,0,0
mn8370qr,15,5g1om6y0,228,trader_bridge_app,DayBreak,1779307401,25,0,0
mn8370qr,13,51q1wtqi,232,trader_bridge_app,ResumeTradingSession,1779307401,26,0,1
mn8370qr,14,q9v4q54j,232,trader_bridge_app,ResumeTradingSession,1779307401,26,0,1
mn8370qr,15,5g1om6y0,232,trader_bridge_app,ResumeTradingSession,1779307401,26,0,1
mn8370qr,16,ry1l466x,232,trader_bridge_app,ResumeTradingSession,1779307401,26,0,1
mn8370qr,9,kb2z64e8,225,trader_bridge_app,TradePage,1779307426,25,0,0
mn8370qr,11,pqnknbrr,225,trader_bridge_app,TradePage,1779307426,25,0,0
mn8370qr,8,9uh6p1vm,225,trader_bridge_app,TradePage,1779307426,25,0,0
mn8370qr,10,ai0il249,225,trader_bridge_app,TradePage,1779307426,25,0,0
mn8370qr,7,bs9r1rdm,225,trader_bridge_app,TradePage,1779307426,25,0,0
mn8370qr,12,whc9aveo,225,trader_bridge_app,TradePage,1779307426,25,0,0
mn8370qr,7,bs9r1rdm,226,trader_bridge_app,PauseTradingSession,1779307427,25,0,1
mn8370qr,8,9uh6p1vm,226,trader_bridge_app,PauseTradingSession,1779307427,25,0,1
mn8370qr,9,kb2z64e8,226,trader_bridge_app,PauseTradingSession,1779307427,25,0,1
mn8370qr,10,ai0il249,226,trader_bridge_app,PauseTradingSession,1779307427,25,0,1
mn8370qr,11,pqnknbrr,226,trader_bridge_app,PauseTradingSession,1779307427,25,0,1
mn8370qr,12,whc9aveo,226,trader_bridge_app,PauseTradingSession,1779307427,25,0,1
mn8370qr,9,kb2z64e8,228,trader_bridge_app,DayBreak,1779307429,25,0,0
mn8370qr,7,bs9r1rdm,228,trader_bridge_app,DayBreak,1779307430,25,0,0
mn8370qr,11,pqnknbrr,228,trader_bridge_app,DayBreak,1779307430,25,0,0
mn8370qr,12,whc9aveo,228,trader_bridge_app,DayBreak,1779307430,25,0,0
mn8370qr,10,ai0il249,228,trader_bridge_app,DayBreak,1779307434,25,0,0
mn8370qr,8,9uh6p1vm,228,trader_bridge_app,DayBreak,1779307438,25,0,0
mn8370qr,7,bs9r1rdm,232,trader_bridge_app,ResumeTradingSession,1779307438,26,0,1
mn8370qr,8,9uh6p1vm,232,trader_bridge_app,ResumeTradingSession,1779307438,26,0,1
mn8370qr,9,kb2z64e8,232,trader_bridge_app,ResumeTradingSession,1779307438,26,0,1
mn8370qr,10,ai0il249,232,trader_bridge_app,ResumeTradingSession,1779307438,26,0,1
mn8370qr,11,pqnknbrr,232,trader_bridge_app,ResumeTradingSession,1779307438,26,0,1
mn8370qr,12,whc9aveo,232,trader_bridge_app,ResumeTradingSession,1779307438,26,0,1
mn8370qr,5,729v3r7i,225,trader_bridge_app,TradePage,1779307439,25,0,0
mn8370qr,1,e4rzuiqc,225,trader_bridge_app,TradePage,1779307439,25,0,0
mn8370qr,6,aac2mc3k,225,trader_bridge_app,TradePage,1779307439,25,0,0
mn8370qr,2,j6o1gu35,225,trader_bridge_app,TradePage,1779307439,25,0,0
mn8370qr,3,z9n52ebr,225,trader_bridge_app,TradePage,1779307439,25,0,0
mn8370qr,4,lh92b709,225,trader_bridge_app,TradePage,1779307439,25,0,0
mn8370qr,3,z9n52ebr,226,trader_bridge_app,PauseTradingSession,1779307440,25,0,1
mn8370qr,4,lh92b709,226,trader_bridge_app,PauseTradingSession,1779307440,25,0,1
mn8370qr,5,729v3r7i,226,trader_bridge_app,PauseTradingSession,1779307440,25,0,1
mn8370qr,6,aac2mc3k,226,trader_bridge_app,PauseTradingSession,1779307440,25,0,1
mn8370qr,1,e4rzuiqc,226,trader_bridge_app,PauseTradingSession,1779307440,25,0,1
mn8370qr,2,j6o1gu35,226,trader_bridge_app,PauseTradingSession,1779307440,25,0,1
mn8370qr,3,z9n52ebr,228,trader_bridge_app,DayBreak,1779307442,25,0,0
mn8370qr,5,729v3r7i,228,trader_bridge_app,DayBreak,1779307443,25,0,0
mn8370qr,2,j6o1gu35,228,trader_bridge_app,DayBreak,1779307443,25,0,0
mn8370qr,6,aac2mc3k,228,trader_bridge_app,DayBreak,1779307444,25,0,0
mn8370qr,4,lh92b709,228,trader_bridge_app,DayBreak,1779307445,25,0,0
mn8370qr,1,e4rzuiqc,228,trader_bridge_app,DayBreak,1779307445,25,0,0
mn8370qr,1,e4rzuiqc,232,trader_bridge_app,ResumeTradingSession,1779307445,26,0,1
mn8370qr,2,j6o1gu35,232,trader_bridge_app,ResumeTradingSession,1779307445,26,0,1
mn8370qr,3,z9n52ebr,232,trader_bridge_app,ResumeTradingSession,1779307445,26,0,1
mn8370qr,4,lh92b709,232,trader_bridge_app,ResumeTradingSession,1779307445,26,0,1
mn8370qr,5,729v3r7i,232,trader_bridge_app,ResumeTradingSession,1779307445,26,0,1
mn8370qr,6,aac2mc3k,232,trader_bridge_app,ResumeTradingSession,1779307445,26,0,1
mn8370qr,15,5g1om6y0,234,trader_bridge_app,TradePage,1779307462,26,0,0
mn8370qr,14,q9v4q54j,234,trader_bridge_app,TradePage,1779307462,26,0,0
mn8370qr,13,51q1wtqi,234,trader_bridge_app,TradePage,1779307462,26,0,0
mn8370qr,16,ry1l466x,234,trader_bridge_app,TradePage,1779307462,26,0,0
mn8370qr,13,51q1wtqi,235,trader_bridge_app,PauseTradingSession,1779307462,26,0,1
mn8370qr,14,q9v4q54j,235,trader_bridge_app,PauseTradingSession,1779307462,26,0,1
mn8370qr,15,5g1om6y0,235,trader_bridge_app,PauseTradingSession,1779307462,26,0,1
mn8370qr,16,ry1l466x,235,trader_bridge_app,PauseTradingSession,1779307462,26,0,1
mn8370qr,15,5g1om6y0,237,trader_bridge_app,DayBreak,1779307465,26,0,0
mn8370qr,16,ry1l466x,237,trader_bridge_app,DayBreak,1779307466,26,0,0
mn8370qr,13,51q1wtqi,237,trader_bridge_app,DayBreak,1779307467,26,0,0
mn8370qr,14,q9v4q54j,237,trader_bridge_app,DayBreak,1779307468,26,0,0
mn8370qr,13,51q1wtqi,241,trader_bridge_app,ResumeTradingSession,1779307468,27,0,1
mn8370qr,14,q9v4q54j,241,trader_bridge_app,ResumeTradingSession,1779307468,27,0,1
mn8370qr,15,5g1om6y0,241,trader_bridge_app,ResumeTradingSession,1779307468,27,0,1
mn8370qr,16,ry1l466x,241,trader_bridge_app,ResumeTradingSession,1779307468,27,0,1
mn8370qr,8,9uh6p1vm,234,trader_bridge_app,TradePage,1779307499,26,0,0
mn8370qr,7,bs9r1rdm,234,trader_bridge_app,TradePage,1779307499,26,0,0
mn8370qr,12,whc9aveo,234,trader_bridge_app,TradePage,1779307499,26,0,0
mn8370qr,10,ai0il249,234,trader_bridge_app,TradePage,1779307499,26,0,0
mn8370qr,11,pqnknbrr,234,trader_bridge_app,TradePage,1779307499,26,0,0
mn8370qr,9,kb2z64e8,234,trader_bridge_app,TradePage,1779307499,26,0,0
mn8370qr,7,bs9r1rdm,235,trader_bridge_app,PauseTradingSession,1779307499,26,0,1
mn8370qr,8,9uh6p1vm,235,trader_bridge_app,PauseTradingSession,1779307499,26,0,1
mn8370qr,9,kb2z64e8,235,trader_bridge_app,PauseTradingSession,1779307499,26,0,1
mn8370qr,10,ai0il249,235,trader_bridge_app,PauseTradingSession,1779307499,26,0,1
mn8370qr,11,pqnknbrr,235,trader_bridge_app,PauseTradingSession,1779307499,26,0,1
mn8370qr,12,whc9aveo,235,trader_bridge_app,PauseTradingSession,1779307499,26,0,1
mn8370qr,7,bs9r1rdm,237,trader_bridge_app,DayBreak,1779307502,26,0,0
mn8370qr,9,kb2z64e8,237,trader_bridge_app,DayBreak,1779307502,26,0,0
mn8370qr,11,pqnknbrr,237,trader_bridge_app,DayBreak,1779307502,26,0,0
mn8370qr,8,9uh6p1vm,237,trader_bridge_app,DayBreak,1779307503,26,0,0
mn8370qr,12,whc9aveo,237,trader_bridge_app,DayBreak,1779307503,26,0,0
mn8370qr,10,ai0il249,237,trader_bridge_app,DayBreak,1779307505,26,0,0
mn8370qr,7,bs9r1rdm,241,trader_bridge_app,ResumeTradingSession,1779307505,27,0,1
mn8370qr,8,9uh6p1vm,241,trader_bridge_app,ResumeTradingSession,1779307505,27,0,1
mn8370qr,9,kb2z64e8,241,trader_bridge_app,ResumeTradingSession,1779307505,27,0,1
mn8370qr,10,ai0il249,241,trader_bridge_app,ResumeTradingSession,1779307505,27,0,1
mn8370qr,11,pqnknbrr,241,trader_bridge_app,ResumeTradingSession,1779307505,27,0,1
mn8370qr,12,whc9aveo,241,trader_bridge_app,ResumeTradingSession,1779307505,27,0,1
mn8370qr,1,e4rzuiqc,234,trader_bridge_app,TradePage,1779307506,26,0,0
mn8370qr,3,z9n52ebr,234,trader_bridge_app,TradePage,1779307506,26,0,0
mn8370qr,2,j6o1gu35,234,trader_bridge_app,TradePage,1779307506,26,0,0
mn8370qr,5,729v3r7i,234,trader_bridge_app,TradePage,1779307506,26,0,0
mn8370qr,6,aac2mc3k,234,trader_bridge_app,TradePage,1779307506,26,0,0
mn8370qr,4,lh92b709,234,trader_bridge_app,TradePage,1779307506,26,0,0
mn8370qr,1,e4rzuiqc,235,trader_bridge_app,PauseTradingSession,1779307507,26,0,1
mn8370qr,2,j6o1gu35,235,trader_bridge_app,PauseTradingSession,1779307507,26,0,1
mn8370qr,3,z9n52ebr,235,trader_bridge_app,PauseTradingSession,1779307507,26,0,1
mn8370qr,4,lh92b709,235,trader_bridge_app,PauseTradingSession,1779307507,26,0,1
mn8370qr,5,729v3r7i,235,trader_bridge_app,PauseTradingSession,1779307507,26,0,1
mn8370qr,6,aac2mc3k,235,trader_bridge_app,PauseTradingSession,1779307507,26,0,1
mn8370qr,3,z9n52ebr,237,trader_bridge_app,DayBreak,1779307509,26,0,0
mn8370qr,1,e4rzuiqc,237,trader_bridge_app,DayBreak,1779307509,26,0,0
mn8370qr,2,j6o1gu35,237,trader_bridge_app,DayBreak,1779307510,26,0,0
mn8370qr,6,aac2mc3k,237,trader_bridge_app,DayBreak,1779307510,26,0,0
mn8370qr,4,lh92b709,237,trader_bridge_app,DayBreak,1779307511,26,0,0
mn8370qr,5,729v3r7i,237,trader_bridge_app,DayBreak,1779307512,26,0,0
mn8370qr,1,e4rzuiqc,241,trader_bridge_app,ResumeTradingSession,1779307512,27,0,1
mn8370qr,2,j6o1gu35,241,trader_bridge_app,ResumeTradingSession,1779307512,27,0,1
mn8370qr,3,z9n52ebr,241,trader_bridge_app,ResumeTradingSession,1779307512,27,0,1
mn8370qr,4,lh92b709,241,trader_bridge_app,ResumeTradingSession,1779307512,27,0,1
mn8370qr,5,729v3r7i,241,trader_bridge_app,ResumeTradingSession,1779307512,27,0,1
mn8370qr,6,aac2mc3k,241,trader_bridge_app,ResumeTradingSession,1779307512,27,0,1
mn8370qr,14,q9v4q54j,243,trader_bridge_app,TradePage,1779307529,27,0,0
mn8370qr,13,51q1wtqi,243,trader_bridge_app,TradePage,1779307529,27,0,0
mn8370qr,15,5g1om6y0,243,trader_bridge_app,TradePage,1779307529,27,0,0
mn8370qr,16,ry1l466x,243,trader_bridge_app,TradePage,1779307529,27,0,0
mn8370qr,15,5g1om6y0,244,trader_bridge_app,PauseTradingSession,1779307529,27,0,1
mn8370qr,16,ry1l466x,244,trader_bridge_app,PauseTradingSession,1779307529,27,0,1
mn8370qr,13,51q1wtqi,244,trader_bridge_app,PauseTradingSession,1779307529,27,0,1
mn8370qr,14,q9v4q54j,244,trader_bridge_app,PauseTradingSession,1779307529,27,0,1
mn8370qr,14,q9v4q54j,246,trader_bridge_app,DayBreak,1779307535,27,0,0
mn8370qr,16,ry1l466x,246,trader_bridge_app,DayBreak,1779307542,27,0,0
mn8370qr,13,51q1wtqi,246,trader_bridge_app,DayBreak,1779307547,27,0,0
mn8370qr,15,5g1om6y0,246,trader_bridge_app,DayBreak,1779307550,27,1,0
mn8370qr,15,5g1om6y0,250,trader_bridge_app,ResumeTradingSession,1779307550,28,0,1
mn8370qr,16,ry1l466x,250,trader_bridge_app,ResumeTradingSession,1779307550,28,0,1
mn8370qr,13,51q1wtqi,250,trader_bridge_app,ResumeTradingSession,1779307550,28,0,1
mn8370qr,14,q9v4q54j,250,trader_bridge_app,ResumeTradingSession,1779307550,28,0,1
mn8370qr,10,ai0il249,243,trader_bridge_app,TradePage,1779307566,27,0,0
mn8370qr,8,9uh6p1vm,243,trader_bridge_app,TradePage,1779307566,27,0,0
mn8370qr,7,bs9r1rdm,243,trader_bridge_app,TradePage,1779307566,27,0,0
mn8370qr,9,kb2z64e8,243,trader_bridge_app,TradePage,1779307566,27,0,0
mn8370qr,11,pqnknbrr,243,trader_bridge_app,TradePage,1779307566,27,0,0
mn8370qr,12,whc9aveo,243,trader_bridge_app,TradePage,1779307566,27,0,0
mn8370qr,8,9uh6p1vm,244,trader_bridge_app,PauseTradingSession,1779307566,27,0,1
mn8370qr,9,kb2z64e8,244,trader_bridge_app,PauseTradingSession,1779307566,27,0,1
mn8370qr,10,ai0il249,244,trader_bridge_app,PauseTradingSession,1779307566,27,0,1
mn8370qr,7,bs9r1rdm,244,trader_bridge_app,PauseTradingSession,1779307566,27,0,1
mn8370qr,11,pqnknbrr,244,trader_bridge_app,PauseTradingSession,1779307566,27,0,1
mn8370qr,12,whc9aveo,244,trader_bridge_app,PauseTradingSession,1779307566,27,0,1
mn8370qr,5,729v3r7i,243,trader_bridge_app,TradePage,1779307573,27,0,0
mn8370qr,6,aac2mc3k,243,trader_bridge_app,TradePage,1779307573,27,0,0
mn8370qr,2,j6o1gu35,243,trader_bridge_app,TradePage,1779307573,27,0,0
mn8370qr,1,e4rzuiqc,243,trader_bridge_app,TradePage,1779307573,27,0,0
mn8370qr,3,z9n52ebr,243,trader_bridge_app,TradePage,1779307573,27,0,0
mn8370qr,4,lh92b709,243,trader_bridge_app,TradePage,1779307573,27,0,0
mn8370qr,1,e4rzuiqc,244,trader_bridge_app,PauseTradingSession,1779307573,27,0,1
mn8370qr,2,j6o1gu35,244,trader_bridge_app,PauseTradingSession,1779307573,27,0,1
mn8370qr,3,z9n52ebr,244,trader_bridge_app,PauseTradingSession,1779307573,27,0,1
mn8370qr,4,lh92b709,244,trader_bridge_app,PauseTradingSession,1779307573,27,0,1
mn8370qr,5,729v3r7i,244,trader_bridge_app,PauseTradingSession,1779307573,27,0,1
mn8370qr,6,aac2mc3k,244,trader_bridge_app,PauseTradingSession,1779307573,27,0,1
mn8370qr,9,kb2z64e8,246,trader_bridge_app,DayBreak,1779307573,27,0,0
mn8370qr,12,whc9aveo,246,trader_bridge_app,DayBreak,1779307575,27,0,0
mn8370qr,7,bs9r1rdm,246,trader_bridge_app,DayBreak,1779307576,27,0,0
mn8370qr,6,aac2mc3k,246,trader_bridge_app,DayBreak,1779307580,27,0,0
mn8370qr,8,9uh6p1vm,246,trader_bridge_app,DayBreak,1779307583,27,0,0
mn8370qr,5,729v3r7i,246,trader_bridge_app,DayBreak,1779307583,27,0,0
mn8370qr,10,ai0il249,246,trader_bridge_app,DayBreak,1779307584,27,0,0
mn8370qr,11,pqnknbrr,246,trader_bridge_app,DayBreak,1779307585,27,0,0
mn8370qr,7,bs9r1rdm,250,trader_bridge_app,ResumeTradingSession,1779307585,28,0,1
mn8370qr,8,9uh6p1vm,250,trader_bridge_app,ResumeTradingSession,1779307585,28,0,1
mn8370qr,10,ai0il249,250,trader_bridge_app,ResumeTradingSession,1779307585,28,0,1
mn8370qr,9,kb2z64e8,250,trader_bridge_app,ResumeTradingSession,1779307585,28,0,1
mn8370qr,11,pqnknbrr,250,trader_bridge_app,ResumeTradingSession,1779307585,28,0,1
mn8370qr,12,whc9aveo,250,trader_bridge_app,ResumeTradingSession,1779307585,28,0,1
mn8370qr,3,z9n52ebr,246,trader_bridge_app,DayBreak,1779307590,27,0,0
mn8370qr,4,lh92b709,246,trader_bridge_app,DayBreak,1779307590,27,0,0
mn8370qr,1,e4rzuiqc,246,trader_bridge_app,DayBreak,1779307594,27,1,0
mn8370qr,2,j6o1gu35,246,trader_bridge_app,DayBreak,1779307594,27,1,0
mn8370qr,1,e4rzuiqc,250,trader_bridge_app,ResumeTradingSession,1779307594,28,0,1
mn8370qr,2,j6o1gu35,250,trader_bridge_app,ResumeTradingSession,1779307594,28,0,1
mn8370qr,3,z9n52ebr,250,trader_bridge_app,ResumeTradingSession,1779307594,28,0,1
mn8370qr,4,lh92b709,250,trader_bridge_app,ResumeTradingSession,1779307594,28,0,1
mn8370qr,5,729v3r7i,250,trader_bridge_app,ResumeTradingSession,1779307594,28,0,1
mn8370qr,6,aac2mc3k,250,trader_bridge_app,ResumeTradingSession,1779307594,28,0,1
mn8370qr,15,5g1om6y0,252,trader_bridge_app,TradePage,1779307611,28,0,0
mn8370qr,14,q9v4q54j,252,trader_bridge_app,TradePage,1779307611,28,0,0
mn8370qr,13,51q1wtqi,252,trader_bridge_app,TradePage,1779307611,28,0,0
mn8370qr,16,ry1l466x,252,trader_bridge_app,TradePage,1779307611,28,0,0
mn8370qr,14,q9v4q54j,253,trader_bridge_app,PauseTradingSession,1779307611,28,0,1
mn8370qr,15,5g1om6y0,253,trader_bridge_app,PauseTradingSession,1779307611,28,0,1
mn8370qr,16,ry1l466x,253,trader_bridge_app,PauseTradingSession,1779307611,28,0,1
mn8370qr,13,51q1wtqi,253,trader_bridge_app,PauseTradingSession,1779307611,28,0,1
mn8370qr,16,ry1l466x,255,trader_bridge_app,DayBreak,1779307614,28,0,0
mn8370qr,15,5g1om6y0,255,trader_bridge_app,DayBreak,1779307614,28,0,0
mn8370qr,14,q9v4q54j,255,trader_bridge_app,DayBreak,1779307616,28,0,0
mn8370qr,13,51q1wtqi,255,trader_bridge_app,DayBreak,1779307620,28,0,0
mn8370qr,13,51q1wtqi,259,trader_bridge_app,ResumeTradingSession,1779307620,29,0,1
mn8370qr,14,q9v4q54j,259,trader_bridge_app,ResumeTradingSession,1779307620,29,0,1
mn8370qr,15,5g1om6y0,259,trader_bridge_app,ResumeTradingSession,1779307620,29,0,1
mn8370qr,16,ry1l466x,259,trader_bridge_app,ResumeTradingSession,1779307620,29,0,1
mn8370qr,11,pqnknbrr,252,trader_bridge_app,TradePage,1779307646,28,0,0
mn8370qr,10,ai0il249,252,trader_bridge_app,TradePage,1779307646,28,0,0
mn8370qr,7,bs9r1rdm,252,trader_bridge_app,TradePage,1779307646,28,0,0
mn8370qr,8,9uh6p1vm,252,trader_bridge_app,TradePage,1779307646,28,0,0
mn8370qr,12,whc9aveo,252,trader_bridge_app,TradePage,1779307646,28,0,0
mn8370qr,9,kb2z64e8,252,trader_bridge_app,TradePage,1779307646,28,0,0
mn8370qr,7,bs9r1rdm,253,trader_bridge_app,PauseTradingSession,1779307646,28,0,1
mn8370qr,8,9uh6p1vm,253,trader_bridge_app,PauseTradingSession,1779307646,28,0,1
mn8370qr,9,kb2z64e8,253,trader_bridge_app,PauseTradingSession,1779307646,28,0,1
mn8370qr,10,ai0il249,253,trader_bridge_app,PauseTradingSession,1779307646,28,0,1
mn8370qr,11,pqnknbrr,253,trader_bridge_app,PauseTradingSession,1779307646,28,0,1
mn8370qr,12,whc9aveo,253,trader_bridge_app,PauseTradingSession,1779307646,28,0,1
mn8370qr,9,kb2z64e8,255,trader_bridge_app,DayBreak,1779307649,28,0,0
mn8370qr,11,pqnknbrr,255,trader_bridge_app,DayBreak,1779307650,28,0,0
mn8370qr,7,bs9r1rdm,255,trader_bridge_app,DayBreak,1779307650,28,0,0
mn8370qr,12,whc9aveo,255,trader_bridge_app,DayBreak,1779307652,28,0,0
mn8370qr,10,ai0il249,255,trader_bridge_app,DayBreak,1779307652,28,0,0
mn8370qr,1,e4rzuiqc,252,trader_bridge_app,TradePage,1779307655,28,0,0
mn8370qr,2,j6o1gu35,252,trader_bridge_app,TradePage,1779307655,28,0,0
mn8370qr,5,729v3r7i,252,trader_bridge_app,TradePage,1779307655,28,0,0
mn8370qr,3,z9n52ebr,252,trader_bridge_app,TradePage,1779307655,28,0,0
mn8370qr,4,lh92b709,252,trader_bridge_app,TradePage,1779307655,28,0,0
mn8370qr,6,aac2mc3k,252,trader_bridge_app,TradePage,1779307655,28,0,0
mn8370qr,1,e4rzuiqc,253,trader_bridge_app,PauseTradingSession,1779307656,28,0,1
mn8370qr,2,j6o1gu35,253,trader_bridge_app,PauseTradingSession,1779307656,28,0,1
mn8370qr,3,z9n52ebr,253,trader_bridge_app,PauseTradingSession,1779307656,28,0,1
mn8370qr,4,lh92b709,253,trader_bridge_app,PauseTradingSession,1779307656,28,0,1
mn8370qr,5,729v3r7i,253,trader_bridge_app,PauseTradingSession,1779307656,28,0,1
mn8370qr,6,aac2mc3k,253,trader_bridge_app,PauseTradingSession,1779307656,28,0,1
mn8370qr,8,9uh6p1vm,255,trader_bridge_app,DayBreak,1779307657,28,0,0
mn8370qr,7,bs9r1rdm,259,trader_bridge_app,ResumeTradingSession,1779307657,29,0,1
mn8370qr,8,9uh6p1vm,259,trader_bridge_app,ResumeTradingSession,1779307657,29,0,1
mn8370qr,9,kb2z64e8,259,trader_bridge_app,ResumeTradingSession,1779307657,29,0,1
mn8370qr,10,ai0il249,259,trader_bridge_app,ResumeTradingSession,1779307657,29,0,1
mn8370qr,11,pqnknbrr,259,trader_bridge_app,ResumeTradingSession,1779307657,29,0,1
mn8370qr,12,whc9aveo,259,trader_bridge_app,ResumeTradingSession,1779307657,29,0,1
mn8370qr,2,j6o1gu35,255,trader_bridge_app,DayBreak,1779307658,28,0,0
mn8370qr,3,z9n52ebr,255,trader_bridge_app,DayBreak,1779307659,28,0,0
mn8370qr,4,lh92b709,255,trader_bridge_app,DayBreak,1779307660,28,0,0
mn8370qr,5,729v3r7i,255,trader_bridge_app,DayBreak,1779307660,28,0,0
mn8370qr,6,aac2mc3k,255,trader_bridge_app,DayBreak,1779307660,28,0,0
mn8370qr,1,e4rzuiqc,255,trader_bridge_app,DayBreak,1779307663,28,0,0
mn8370qr,1,e4rzuiqc,259,trader_bridge_app,ResumeTradingSession,1779307663,29,0,1
mn8370qr,2,j6o1gu35,259,trader_bridge_app,ResumeTradingSession,1779307663,29,0,1
mn8370qr,3,z9n52ebr,259,trader_bridge_app,ResumeTradingSession,1779307663,29,0,1
mn8370qr,4,lh92b709,259,trader_bridge_app,ResumeTradingSession,1779307663,29,0,1
mn8370qr,5,729v3r7i,259,trader_bridge_app,ResumeTradingSession,1779307663,29,0,1
mn8370qr,6,aac2mc3k,259,trader_bridge_app,ResumeTradingSession,1779307663,29,0,1
mn8370qr,13,51q1wtqi,261,trader_bridge_app,TradePage,1779307681,29,0,0
mn8370qr,14,q9v4q54j,261,trader_bridge_app,TradePage,1779307681,29,0,0
mn8370qr,15,5g1om6y0,261,trader_bridge_app,TradePage,1779307681,29,0,0
mn8370qr,16,ry1l466x,261,trader_bridge_app,TradePage,1779307681,29,0,0
mn8370qr,13,51q1wtqi,262,trader_bridge_app,PauseTradingSession,1779307681,29,0,1
mn8370qr,14,q9v4q54j,262,trader_bridge_app,PauseTradingSession,1779307681,29,0,1
mn8370qr,15,5g1om6y0,262,trader_bridge_app,PauseTradingSession,1779307681,29,0,1
mn8370qr,16,ry1l466x,262,trader_bridge_app,PauseTradingSession,1779307681,29,0,1
mn8370qr,16,ry1l466x,264,trader_bridge_app,DayBreak,1779307684,29,0,0
mn8370qr,14,q9v4q54j,264,trader_bridge_app,DayBreak,1779307685,29,0,0
mn8370qr,15,5g1om6y0,264,trader_bridge_app,DayBreak,1779307686,29,0,0
mn8370qr,13,51q1wtqi,264,trader_bridge_app,DayBreak,1779307686,29,0,0
mn8370qr,13,51q1wtqi,268,trader_bridge_app,ResumeTradingSession,1779307686,30,0,1
mn8370qr,14,q9v4q54j,268,trader_bridge_app,ResumeTradingSession,1779307686,30,0,1
mn8370qr,15,5g1om6y0,268,trader_bridge_app,ResumeTradingSession,1779307686,30,0,1
mn8370qr,16,ry1l466x,268,trader_bridge_app,ResumeTradingSession,1779307686,30,0,1
mn8370qr,8,9uh6p1vm,261,trader_bridge_app,TradePage,1779307718,29,0,0
mn8370qr,10,ai0il249,261,trader_bridge_app,TradePage,1779307718,29,0,0
mn8370qr,11,pqnknbrr,261,trader_bridge_app,TradePage,1779307718,29,0,0
mn8370qr,7,bs9r1rdm,261,trader_bridge_app,TradePage,1779307718,29,0,0
mn8370qr,12,whc9aveo,261,trader_bridge_app,TradePage,1779307718,29,0,0
mn8370qr,9,kb2z64e8,261,trader_bridge_app,TradePage,1779307719,29,0,0
mn8370qr,12,whc9aveo,262,trader_bridge_app,PauseTradingSession,1779307719,29,0,1
mn8370qr,7,bs9r1rdm,262,trader_bridge_app,PauseTradingSession,1779307719,29,0,1
mn8370qr,8,9uh6p1vm,262,trader_bridge_app,PauseTradingSession,1779307719,29,0,1
mn8370qr,9,kb2z64e8,262,trader_bridge_app,PauseTradingSession,1779307719,29,0,1
mn8370qr,10,ai0il249,262,trader_bridge_app,PauseTradingSession,1779307719,29,0,1
mn8370qr,11,pqnknbrr,262,trader_bridge_app,PauseTradingSession,1779307719,29,0,1
mn8370qr,9,kb2z64e8,264,trader_bridge_app,DayBreak,1779307721,29,0,0
mn8370qr,11,pqnknbrr,264,trader_bridge_app,DayBreak,1779307722,29,0,0
mn8370qr,12,whc9aveo,264,trader_bridge_app,DayBreak,1779307723,29,0,0
mn8370qr,7,bs9r1rdm,264,trader_bridge_app,DayBreak,1779307724,29,0,0
mn8370qr,10,ai0il249,264,trader_bridge_app,DayBreak,1779307724,29,0,0
mn8370qr,1,e4rzuiqc,261,trader_bridge_app,TradePage,1779307724,29,0,0
mn8370qr,6,aac2mc3k,261,trader_bridge_app,TradePage,1779307724,29,0,0
mn8370qr,5,729v3r7i,261,trader_bridge_app,TradePage,1779307724,29,0,0
mn8370qr,4,lh92b709,261,trader_bridge_app,TradePage,1779307724,29,0,0
mn8370qr,2,j6o1gu35,261,trader_bridge_app,TradePage,1779307724,29,0,0
mn8370qr,3,z9n52ebr,261,trader_bridge_app,TradePage,1779307724,29,0,0
mn8370qr,1,e4rzuiqc,262,trader_bridge_app,PauseTradingSession,1779307725,29,0,1
mn8370qr,2,j6o1gu35,262,trader_bridge_app,PauseTradingSession,1779307725,29,0,1
mn8370qr,3,z9n52ebr,262,trader_bridge_app,PauseTradingSession,1779307725,29,0,1
mn8370qr,4,lh92b709,262,trader_bridge_app,PauseTradingSession,1779307725,29,0,1
mn8370qr,5,729v3r7i,262,trader_bridge_app,PauseTradingSession,1779307725,29,0,1
mn8370qr,6,aac2mc3k,262,trader_bridge_app,PauseTradingSession,1779307725,29,0,1
mn8370qr,2,j6o1gu35,264,trader_bridge_app,DayBreak,1779307727,29,0,0
mn8370qr,1,e4rzuiqc,264,trader_bridge_app,DayBreak,1779307728,29,0,0
mn8370qr,4,lh92b709,264,trader_bridge_app,DayBreak,1779307728,29,0,0
mn8370qr,5,729v3r7i,264,trader_bridge_app,DayBreak,1779307728,29,0,0
mn8370qr,3,z9n52ebr,264,trader_bridge_app,DayBreak,1779307730,29,0,0
mn8370qr,8,9uh6p1vm,264,trader_bridge_app,DayBreak,1779307730,29,0,0
mn8370qr,7,bs9r1rdm,268,trader_bridge_app,ResumeTradingSession,1779307730,30,0,1
mn8370qr,8,9uh6p1vm,268,trader_bridge_app,ResumeTradingSession,1779307730,30,0,1
mn8370qr,9,kb2z64e8,268,trader_bridge_app,ResumeTradingSession,1779307730,30,0,1
mn8370qr,10,ai0il249,268,trader_bridge_app,ResumeTradingSession,1779307730,30,0,1
mn8370qr,11,pqnknbrr,268,trader_bridge_app,ResumeTradingSession,1779307730,30,0,1
mn8370qr,12,whc9aveo,268,trader_bridge_app,ResumeTradingSession,1779307730,30,0,1
mn8370qr,6,aac2mc3k,264,trader_bridge_app,DayBreak,1779307731,29,0,0
mn8370qr,1,e4rzuiqc,268,trader_bridge_app,ResumeTradingSession,1779307731,30,0,1
mn8370qr,2,j6o1gu35,268,trader_bridge_app,ResumeTradingSession,1779307731,30,0,1
mn8370qr,3,z9n52ebr,268,trader_bridge_app,ResumeTradingSession,1779307731,30,0,1
mn8370qr,4,lh92b709,268,trader_bridge_app,ResumeTradingSession,1779307731,30,0,1
mn8370qr,5,729v3r7i,268,trader_bridge_app,ResumeTradingSession,1779307731,30,0,1
mn8370qr,6,aac2mc3k,268,trader_bridge_app,ResumeTradingSession,1779307731,30,0,1
mn8370qr,14,q9v4q54j,270,trader_bridge_app,TradePage,1779307747,30,0,0
mn8370qr,13,51q1wtqi,270,trader_bridge_app,TradePage,1779307747,30,0,0
mn8370qr,15,5g1om6y0,270,trader_bridge_app,TradePage,1779307747,30,0,0
mn8370qr,16,ry1l466x,270,trader_bridge_app,TradePage,1779307747,30,0,0
mn8370qr,13,51q1wtqi,271,trader_bridge_app,PauseTradingSession,1779307748,30,0,1
mn8370qr,14,q9v4q54j,271,trader_bridge_app,PauseTradingSession,1779307748,30,0,1
mn8370qr,15,5g1om6y0,271,trader_bridge_app,PauseTradingSession,1779307748,30,0,1
mn8370qr,16,ry1l466x,271,trader_bridge_app,PauseTradingSession,1779307748,30,0,1
mn8370qr,16,ry1l466x,273,trader_bridge_app,DayBreak,1779307755,30,0,0
mn8370qr,14,q9v4q54j,273,trader_bridge_app,DayBreak,1779307758,30,0,0
mn8370qr,15,5g1om6y0,273,trader_bridge_app,DayBreak,1779307759,30,0,0
mn8370qr,13,51q1wtqi,273,trader_bridge_app,DayBreak,1779307760,30,0,0
mn8370qr,13,51q1wtqi,277,trader_bridge_app,ResumeTradingSession,1779307760,31,0,1
mn8370qr,14,q9v4q54j,277,trader_bridge_app,ResumeTradingSession,1779307760,31,0,1
mn8370qr,15,5g1om6y0,277,trader_bridge_app,ResumeTradingSession,1779307760,31,0,1
mn8370qr,16,ry1l466x,277,trader_bridge_app,ResumeTradingSession,1779307760,31,0,1
mn8370qr,8,9uh6p1vm,270,trader_bridge_app,TradePage,1779307791,30,0,0
mn8370qr,11,pqnknbrr,270,trader_bridge_app,TradePage,1779307791,30,0,0
mn8370qr,12,whc9aveo,270,trader_bridge_app,TradePage,1779307791,30,0,0
mn8370qr,10,ai0il249,270,trader_bridge_app,TradePage,1779307791,30,0,0
mn8370qr,9,kb2z64e8,270,trader_bridge_app,TradePage,1779307791,30,0,0
mn8370qr,7,bs9r1rdm,270,trader_bridge_app,TradePage,1779307791,30,0,0
mn8370qr,10,ai0il249,271,trader_bridge_app,PauseTradingSession,1779307791,30,0,1
mn8370qr,11,pqnknbrr,271,trader_bridge_app,PauseTradingSession,1779307791,30,0,1
mn8370qr,12,whc9aveo,271,trader_bridge_app,PauseTradingSession,1779307791,30,0,1
mn8370qr,7,bs9r1rdm,271,trader_bridge_app,PauseTradingSession,1779307791,30,0,1
mn8370qr,8,9uh6p1vm,271,trader_bridge_app,PauseTradingSession,1779307791,30,0,1
mn8370qr,9,kb2z64e8,271,trader_bridge_app,PauseTradingSession,1779307791,30,0,1
mn8370qr,6,aac2mc3k,270,trader_bridge_app,TradePage,1779307792,30,0,0
mn8370qr,3,z9n52ebr,270,trader_bridge_app,TradePage,1779307792,30,0,0
mn8370qr,1,e4rzuiqc,270,trader_bridge_app,TradePage,1779307792,30,0,0
mn8370qr,5,729v3r7i,270,trader_bridge_app,TradePage,1779307792,30,0,0
mn8370qr,2,j6o1gu35,270,trader_bridge_app,TradePage,1779307792,30,0,0
mn8370qr,4,lh92b709,270,trader_bridge_app,TradePage,1779307792,30,0,0
mn8370qr,1,e4rzuiqc,271,trader_bridge_app,PauseTradingSession,1779307792,30,0,1
mn8370qr,2,j6o1gu35,271,trader_bridge_app,PauseTradingSession,1779307792,30,0,1
mn8370qr,3,z9n52ebr,271,trader_bridge_app,PauseTradingSession,1779307792,30,0,1
mn8370qr,4,lh92b709,271,trader_bridge_app,PauseTradingSession,1779307792,30,0,1
mn8370qr,5,729v3r7i,271,trader_bridge_app,PauseTradingSession,1779307792,30,0,1
mn8370qr,6,aac2mc3k,271,trader_bridge_app,PauseTradingSession,1779307792,30,0,1
mn8370qr,9,kb2z64e8,273,trader_bridge_app,DayBreak,1779307798,30,0,0
mn8370qr,12,whc9aveo,273,trader_bridge_app,DayBreak,1779307800,30,0,0
mn8370qr,3,z9n52ebr,273,trader_bridge_app,DayBreak,1779307800,30,0,0
mn8370qr,4,lh92b709,273,trader_bridge_app,DayBreak,1779307800,30,0,0
mn8370qr,6,aac2mc3k,273,trader_bridge_app,DayBreak,1779307801,30,0,0
mn8370qr,10,ai0il249,273,trader_bridge_app,DayBreak,1779307802,30,0,0
mn8370qr,2,j6o1gu35,273,trader_bridge_app,DayBreak,1779307803,30,0,0
mn8370qr,11,pqnknbrr,273,trader_bridge_app,DayBreak,1779307804,30,0,0
mn8370qr,7,bs9r1rdm,273,trader_bridge_app,DayBreak,1779307805,30,0,0
mn8370qr,8,9uh6p1vm,273,trader_bridge_app,DayBreak,1779307806,30,0,0
mn8370qr,5,729v3r7i,273,trader_bridge_app,DayBreak,1779307806,30,0,0
mn8370qr,8,9uh6p1vm,277,trader_bridge_app,ResumeTradingSession,1779307806,31,0,1
mn8370qr,9,kb2z64e8,277,trader_bridge_app,ResumeTradingSession,1779307806,31,0,1
mn8370qr,10,ai0il249,277,trader_bridge_app,ResumeTradingSession,1779307806,31,0,1
mn8370qr,11,pqnknbrr,277,trader_bridge_app,ResumeTradingSession,1779307806,31,0,1
mn8370qr,7,bs9r1rdm,277,trader_bridge_app,ResumeTradingSession,1779307806,31,0,1
mn8370qr,12,whc9aveo,277,trader_bridge_app,ResumeTradingSession,1779307806,31,0,1
mn8370qr,1,e4rzuiqc,273,trader_bridge_app,DayBreak,1779307813,30,1,0
mn8370qr,1,e4rzuiqc,277,trader_bridge_app,ResumeTradingSession,1779307813,31,0,1
mn8370qr,2,j6o1gu35,277,trader_bridge_app,ResumeTradingSession,1779307813,31,0,1
mn8370qr,3,z9n52ebr,277,trader_bridge_app,ResumeTradingSession,1779307813,31,0,1
mn8370qr,4,lh92b709,277,trader_bridge_app,ResumeTradingSession,1779307813,31,0,1
mn8370qr,5,729v3r7i,277,trader_bridge_app,ResumeTradingSession,1779307813,31,0,1
mn8370qr,6,aac2mc3k,277,trader_bridge_app,ResumeTradingSession,1779307813,31,0,1
mn8370qr,13,51q1wtqi,279,trader_bridge_app,TradePage,1779307821,31,0,0
mn8370qr,15,5g1om6y0,279,trader_bridge_app,TradePage,1779307821,31,0,0
mn8370qr,14,q9v4q54j,279,trader_bridge_app,TradePage,1779307821,31,0,0
mn8370qr,16,ry1l466x,279,trader_bridge_app,TradePage,1779307821,31,0,0
mn8370qr,13,51q1wtqi,280,trader_bridge_app,PauseTradingSession,1779307821,31,0,1
mn8370qr,14,q9v4q54j,280,trader_bridge_app,PauseTradingSession,1779307821,31,0,1
mn8370qr,15,5g1om6y0,280,trader_bridge_app,PauseTradingSession,1779307821,31,0,1
mn8370qr,16,ry1l466x,280,trader_bridge_app,PauseTradingSession,1779307821,31,0,1
mn8370qr,13,51q1wtqi,282,trader_bridge_app,DayBreak,1779307825,31,0,0
mn8370qr,14,q9v4q54j,282,trader_bridge_app,DayBreak,1779307825,31,0,0
mn8370qr,16,ry1l466x,282,trader_bridge_app,DayBreak,1779307825,31,0,0
mn8370qr,15,5g1om6y0,282,trader_bridge_app,DayBreak,1779307829,31,0,0
mn8370qr,13,51q1wtqi,286,trader_bridge_app,ResumeTradingSession,1779307829,32,0,1
mn8370qr,14,q9v4q54j,286,trader_bridge_app,ResumeTradingSession,1779307829,32,0,1
mn8370qr,15,5g1om6y0,286,trader_bridge_app,ResumeTradingSession,1779307829,32,0,1
mn8370qr,16,ry1l466x,286,trader_bridge_app,ResumeTradingSession,1779307829,32,0,1
mn8370qr,8,9uh6p1vm,279,trader_bridge_app,TradePage,1779307867,31,0,0
mn8370qr,12,whc9aveo,279,trader_bridge_app,TradePage,1779307867,31,0,0
mn8370qr,10,ai0il249,279,trader_bridge_app,TradePage,1779307867,31,0,0
mn8370qr,7,bs9r1rdm,279,trader_bridge_app,TradePage,1779307867,31,0,0
mn8370qr,9,kb2z64e8,279,trader_bridge_app,TradePage,1779307867,31,0,0
mn8370qr,11,pqnknbrr,279,trader_bridge_app,TradePage,1779307867,31,0,0
mn8370qr,7,bs9r1rdm,280,trader_bridge_app,PauseTradingSession,1779307867,31,0,1
mn8370qr,8,9uh6p1vm,280,trader_bridge_app,PauseTradingSession,1779307867,31,0,1
mn8370qr,9,kb2z64e8,280,trader_bridge_app,PauseTradingSession,1779307867,31,0,1
mn8370qr,10,ai0il249,280,trader_bridge_app,PauseTradingSession,1779307867,31,0,1
mn8370qr,11,pqnknbrr,280,trader_bridge_app,PauseTradingSession,1779307867,31,0,1
mn8370qr,12,whc9aveo,280,trader_bridge_app,PauseTradingSession,1779307867,31,0,1
mn8370qr,11,pqnknbrr,282,trader_bridge_app,DayBreak,1779307870,31,0,0
mn8370qr,9,kb2z64e8,282,trader_bridge_app,DayBreak,1779307870,31,0,0
mn8370qr,12,whc9aveo,282,trader_bridge_app,DayBreak,1779307872,31,0,0
mn8370qr,7,bs9r1rdm,282,trader_bridge_app,DayBreak,1779307873,31,0,0
mn8370qr,10,ai0il249,282,trader_bridge_app,DayBreak,1779307874,31,0,0
mn8370qr,2,j6o1gu35,279,trader_bridge_app,TradePage,1779307874,31,0,0
mn8370qr,1,e4rzuiqc,279,trader_bridge_app,TradePage,1779307874,31,0,0
mn8370qr,6,aac2mc3k,279,trader_bridge_app,TradePage,1779307874,31,0,0
mn8370qr,3,z9n52ebr,279,trader_bridge_app,TradePage,1779307874,31,0,0
mn8370qr,5,729v3r7i,279,trader_bridge_app,TradePage,1779307874,31,0,0
mn8370qr,4,lh92b709,279,trader_bridge_app,TradePage,1779307874,31,0,0
mn8370qr,1,e4rzuiqc,280,trader_bridge_app,PauseTradingSession,1779307875,31,0,1
mn8370qr,2,j6o1gu35,280,trader_bridge_app,PauseTradingSession,1779307875,31,0,1
mn8370qr,3,z9n52ebr,280,trader_bridge_app,PauseTradingSession,1779307875,31,0,1
mn8370qr,4,lh92b709,280,trader_bridge_app,PauseTradingSession,1779307875,31,0,1
mn8370qr,5,729v3r7i,280,trader_bridge_app,PauseTradingSession,1779307875,31,0,1
mn8370qr,6,aac2mc3k,280,trader_bridge_app,PauseTradingSession,1779307875,31,0,1
mn8370qr,8,9uh6p1vm,282,trader_bridge_app,DayBreak,1779307876,31,0,0
mn8370qr,7,bs9r1rdm,286,trader_bridge_app,ResumeTradingSession,1779307877,32,0,1
mn8370qr,8,9uh6p1vm,286,trader_bridge_app,ResumeTradingSession,1779307877,32,0,1
mn8370qr,9,kb2z64e8,286,trader_bridge_app,ResumeTradingSession,1779307877,32,0,1
mn8370qr,10,ai0il249,286,trader_bridge_app,ResumeTradingSession,1779307877,32,0,1
mn8370qr,11,pqnknbrr,286,trader_bridge_app,ResumeTradingSession,1779307877,32,0,1
mn8370qr,12,whc9aveo,286,trader_bridge_app,ResumeTradingSession,1779307877,32,0,1
mn8370qr,3,z9n52ebr,282,trader_bridge_app,DayBreak,1779307877,31,0,0
mn8370qr,5,729v3r7i,282,trader_bridge_app,DayBreak,1779307878,31,0,0
mn8370qr,2,j6o1gu35,282,trader_bridge_app,DayBreak,1779307878,31,0,0
mn8370qr,1,e4rzuiqc,282,trader_bridge_app,DayBreak,1779307879,31,0,0
mn8370qr,4,lh92b709,282,trader_bridge_app,DayBreak,1779307880,31,0,0
mn8370qr,6,aac2mc3k,282,trader_bridge_app,DayBreak,1779307880,31,0,0
mn8370qr,1,e4rzuiqc,286,trader_bridge_app,ResumeTradingSession,1779307880,32,0,1
mn8370qr,2,j6o1gu35,286,trader_bridge_app,ResumeTradingSession,1779307880,32,0,1
mn8370qr,3,z9n52ebr,286,trader_bridge_app,ResumeTradingSession,1779307880,32,0,1
mn8370qr,4,lh92b709,286,trader_bridge_app,ResumeTradingSession,1779307880,32,0,1
mn8370qr,5,729v3r7i,286,trader_bridge_app,ResumeTradingSession,1779307880,32,0,1
mn8370qr,6,aac2mc3k,286,trader_bridge_app,ResumeTradingSession,1779307880,32,0,1
mn8370qr,15,5g1om6y0,288,trader_bridge_app,TradePage,1779307890,32,0,0
mn8370qr,13,51q1wtqi,288,trader_bridge_app,TradePage,1779307890,32,0,0
mn8370qr,14,q9v4q54j,288,trader_bridge_app,TradePage,1779307890,32,0,0
mn8370qr,16,ry1l466x,288,trader_bridge_app,TradePage,1779307890,32,0,0
mn8370qr,15,5g1om6y0,289,trader_bridge_app,PauseTradingSession,1779307890,32,0,1
mn8370qr,16,ry1l466x,289,trader_bridge_app,PauseTradingSession,1779307890,32,0,1
mn8370qr,13,51q1wtqi,289,trader_bridge_app,PauseTradingSession,1779307890,32,0,1
mn8370qr,14,q9v4q54j,289,trader_bridge_app,PauseTradingSession,1779307890,32,0,1
mn8370qr,16,ry1l466x,291,trader_bridge_app,DayBreak,1779307892,32,0,0
mn8370qr,15,5g1om6y0,291,trader_bridge_app,DayBreak,1779307893,32,0,0
mn8370qr,14,q9v4q54j,291,trader_bridge_app,DayBreak,1779307894,32,0,0
mn8370qr,13,51q1wtqi,291,trader_bridge_app,DayBreak,1779307895,32,0,0
mn8370qr,14,q9v4q54j,295,trader_bridge_app,ResumeTradingSession,1779307895,33,0,1
mn8370qr,15,5g1om6y0,295,trader_bridge_app,ResumeTradingSession,1779307895,33,0,1
mn8370qr,16,ry1l466x,295,trader_bridge_app,ResumeTradingSession,1779307895,33,0,1
mn8370qr,13,51q1wtqi,295,trader_bridge_app,ResumeTradingSession,1779307895,33,0,1
mn8370qr,7,bs9r1rdm,288,trader_bridge_app,TradePage,1779307938,32,0,0
mn8370qr,8,9uh6p1vm,288,trader_bridge_app,TradePage,1779307938,32,0,0
mn8370qr,11,pqnknbrr,288,trader_bridge_app,TradePage,1779307938,32,0,0
mn8370qr,10,ai0il249,288,trader_bridge_app,TradePage,1779307938,32,0,0
mn8370qr,12,whc9aveo,288,trader_bridge_app,TradePage,1779307938,32,0,0
mn8370qr,9,kb2z64e8,288,trader_bridge_app,TradePage,1779307938,32,0,0
mn8370qr,7,bs9r1rdm,289,trader_bridge_app,PauseTradingSession,1779307938,32,0,1
mn8370qr,8,9uh6p1vm,289,trader_bridge_app,PauseTradingSession,1779307938,32,0,1
mn8370qr,9,kb2z64e8,289,trader_bridge_app,PauseTradingSession,1779307938,32,0,1
mn8370qr,10,ai0il249,289,trader_bridge_app,PauseTradingSession,1779307938,32,0,1
mn8370qr,11,pqnknbrr,289,trader_bridge_app,PauseTradingSession,1779307938,32,0,1
mn8370qr,12,whc9aveo,289,trader_bridge_app,PauseTradingSession,1779307938,32,0,1
mn8370qr,3,z9n52ebr,288,trader_bridge_app,TradePage,1779307941,32,0,0
mn8370qr,6,aac2mc3k,288,trader_bridge_app,TradePage,1779307941,32,0,0
mn8370qr,5,729v3r7i,288,trader_bridge_app,TradePage,1779307941,32,0,0
mn8370qr,1,e4rzuiqc,288,trader_bridge_app,TradePage,1779307941,32,0,0
mn8370qr,2,j6o1gu35,288,trader_bridge_app,TradePage,1779307941,32,0,0
mn8370qr,4,lh92b709,288,trader_bridge_app,TradePage,1779307941,32,0,0
mn8370qr,1,e4rzuiqc,289,trader_bridge_app,PauseTradingSession,1779307941,32,0,1
mn8370qr,2,j6o1gu35,289,trader_bridge_app,PauseTradingSession,1779307941,32,0,1
mn8370qr,3,z9n52ebr,289,trader_bridge_app,PauseTradingSession,1779307941,32,0,1
mn8370qr,4,lh92b709,289,trader_bridge_app,PauseTradingSession,1779307941,32,0,1
mn8370qr,5,729v3r7i,289,trader_bridge_app,PauseTradingSession,1779307941,32,0,1
mn8370qr,6,aac2mc3k,289,trader_bridge_app,PauseTradingSession,1779307941,32,0,1
mn8370qr,9,kb2z64e8,291,trader_bridge_app,DayBreak,1779307942,32,0,0
mn8370qr,7,bs9r1rdm,291,trader_bridge_app,DayBreak,1779307943,32,0,0
mn8370qr,1,e4rzuiqc,291,trader_bridge_app,DayBreak,1779307944,32,0,0
mn8370qr,12,whc9aveo,291,trader_bridge_app,DayBreak,1779307944,32,0,0
mn8370qr,3,z9n52ebr,291,trader_bridge_app,DayBreak,1779307944,32,0,0
mn8370qr,10,ai0il249,291,trader_bridge_app,DayBreak,1779307944,32,0,0
mn8370qr,2,j6o1gu35,291,trader_bridge_app,DayBreak,1779307944,32,0,0
mn8370qr,6,aac2mc3k,291,trader_bridge_app,DayBreak,1779307946,32,0,0
mn8370qr,4,lh92b709,291,trader_bridge_app,DayBreak,1779307946,32,0,0
mn8370qr,11,pqnknbrr,291,trader_bridge_app,DayBreak,1779307946,32,0,0
mn8370qr,8,9uh6p1vm,291,trader_bridge_app,DayBreak,1779307949,32,0,0
mn8370qr,7,bs9r1rdm,295,trader_bridge_app,ResumeTradingSession,1779307949,33,0,1
mn8370qr,8,9uh6p1vm,295,trader_bridge_app,ResumeTradingSession,1779307949,33,0,1
mn8370qr,9,kb2z64e8,295,trader_bridge_app,ResumeTradingSession,1779307949,33,0,1
mn8370qr,10,ai0il249,295,trader_bridge_app,ResumeTradingSession,1779307949,33,0,1
mn8370qr,11,pqnknbrr,295,trader_bridge_app,ResumeTradingSession,1779307949,33,0,1
mn8370qr,12,whc9aveo,295,trader_bridge_app,ResumeTradingSession,1779307949,33,0,1
mn8370qr,5,729v3r7i,291,trader_bridge_app,DayBreak,1779307950,32,0,0
mn8370qr,1,e4rzuiqc,295,trader_bridge_app,ResumeTradingSession,1779307950,33,0,1
mn8370qr,2,j6o1gu35,295,trader_bridge_app,ResumeTradingSession,1779307950,33,0,1
mn8370qr,3,z9n52ebr,295,trader_bridge_app,ResumeTradingSession,1779307950,33,0,1
mn8370qr,4,lh92b709,295,trader_bridge_app,ResumeTradingSession,1779307950,33,0,1
mn8370qr,5,729v3r7i,295,trader_bridge_app,ResumeTradingSession,1779307950,33,0,1
mn8370qr,6,aac2mc3k,295,trader_bridge_app,ResumeTradingSession,1779307950,33,0,1
mn8370qr,14,q9v4q54j,297,trader_bridge_app,TradePage,1779307956,33,0,0
mn8370qr,13,51q1wtqi,297,trader_bridge_app,TradePage,1779307956,33,0,0
mn8370qr,15,5g1om6y0,297,trader_bridge_app,TradePage,1779307956,33,0,0
mn8370qr,16,ry1l466x,297,trader_bridge_app,TradePage,1779307956,33,0,0
mn8370qr,13,51q1wtqi,299,trader_bridge_app,FinalizeTradingSession,1779307956,33,0,1
mn8370qr,14,q9v4q54j,299,trader_bridge_app,FinalizeTradingSession,1779307956,33,0,1
mn8370qr,15,5g1om6y0,299,trader_bridge_app,FinalizeTradingSession,1779307956,33,0,1
mn8370qr,16,ry1l466x,299,trader_bridge_app,FinalizeTradingSession,1779307956,33,0,1
mn8370qr,14,q9v4q54j,300,trader_bridge_app,DayBreak,1779307963,33,0,0
mn8370qr,16,ry1l466x,300,trader_bridge_app,DayBreak,1779307964,33,0,0
mn8370qr,15,5g1om6y0,300,trader_bridge_app,DayBreak,1779307966,33,0,0
mn8370qr,13,51q1wtqi,300,trader_bridge_app,DayBreak,1779307967,33,0,0
mn8370qr,8,9uh6p1vm,297,trader_bridge_app,TradePage,1779308010,33,0,0
mn8370qr,11,pqnknbrr,297,trader_bridge_app,TradePage,1779308010,33,0,0
mn8370qr,10,ai0il249,297,trader_bridge_app,TradePage,1779308010,33,0,0
mn8370qr,9,kb2z64e8,297,trader_bridge_app,TradePage,1779308010,33,0,0
mn8370qr,7,bs9r1rdm,297,trader_bridge_app,TradePage,1779308010,33,0,0
mn8370qr,12,whc9aveo,297,trader_bridge_app,TradePage,1779308010,33,0,0
mn8370qr,8,9uh6p1vm,299,trader_bridge_app,FinalizeTradingSession,1779308010,33,0,1
mn8370qr,9,kb2z64e8,299,trader_bridge_app,FinalizeTradingSession,1779308010,33,0,1
mn8370qr,10,ai0il249,299,trader_bridge_app,FinalizeTradingSession,1779308010,33,0,1
mn8370qr,11,pqnknbrr,299,trader_bridge_app,FinalizeTradingSession,1779308010,33,0,1
mn8370qr,7,bs9r1rdm,299,trader_bridge_app,FinalizeTradingSession,1779308010,33,0,1
mn8370qr,12,whc9aveo,299,trader_bridge_app,FinalizeTradingSession,1779308010,33,0,1
mn8370qr,5,729v3r7i,297,trader_bridge_app,TradePage,1779308011,33,0,0
mn8370qr,2,j6o1gu35,297,trader_bridge_app,TradePage,1779308011,33,0,0
mn8370qr,4,lh92b709,297,trader_bridge_app,TradePage,1779308011,33,0,0
mn8370qr,1,e4rzuiqc,297,trader_bridge_app,TradePage,1779308012,33,0,0
mn8370qr,3,z9n52ebr,297,trader_bridge_app,TradePage,1779308012,33,0,0
mn8370qr,6,aac2mc3k,297,trader_bridge_app,TradePage,1779308012,33,0,0
mn8370qr,4,lh92b709,299,trader_bridge_app,FinalizeTradingSession,1779308012,33,0,1
mn8370qr,5,729v3r7i,299,trader_bridge_app,FinalizeTradingSession,1779308012,33,0,1
mn8370qr,6,aac2mc3k,299,trader_bridge_app,FinalizeTradingSession,1779308012,33,0,1
mn8370qr,1,e4rzuiqc,299,trader_bridge_app,FinalizeTradingSession,1779308012,33,0,1
mn8370qr,2,j6o1gu35,299,trader_bridge_app,FinalizeTradingSession,1779308012,33,0,1
mn8370qr,3,z9n52ebr,299,trader_bridge_app,FinalizeTradingSession,1779308012,33,0,1
mn8370qr,9,kb2z64e8,300,trader_bridge_app,DayBreak,1779308014,33,0,0
mn8370qr,1,e4rzuiqc,300,trader_bridge_app,DayBreak,1779308014,33,0,0
mn8370qr,4,lh92b709,300,trader_bridge_app,DayBreak,1779308015,33,0,0
mn8370qr,11,pqnknbrr,300,trader_bridge_app,DayBreak,1779308015,33,0,0
mn8370qr,2,j6o1gu35,300,trader_bridge_app,DayBreak,1779308015,33,0,0
mn8370qr,3,z9n52ebr,300,trader_bridge_app,DayBreak,1779308015,33,0,0
mn8370qr,6,aac2mc3k,300,trader_bridge_app,DayBreak,1779308016,33,0,0
mn8370qr,7,bs9r1rdm,300,trader_bridge_app,DayBreak,1779308018,33,0,0
mn8370qr,5,729v3r7i,300,trader_bridge_app,DayBreak,1779308020,33,0,0
mn8370qr,10,ai0il249,300,trader_bridge_app,DayBreak,1779308020,33,0,0
mn8370qr,12,whc9aveo,300,trader_bridge_app,DayBreak,1779308023,33,0,0
mn8370qr,8,9uh6p1vm,300,trader_bridge_app,DayBreak,1779308030,33,0,0
mn8370qr,15,5g1om6y0,303,post_exp,literacyQuiz,1779308133,1,0,0
mn8370qr,13,51q1wtqi,303,post_exp,literacyQuiz,1779308137,1,0,0
mn8370qr,15,5g1om6y0,304,post_exp,LabContact,1779308152,1,0,0
mn8370qr,13,51q1wtqi,304,post_exp,LabContact,1779308157,1,0,0
mn8370qr,9,kb2z64e8,303,post_exp,literacyQuiz,1779308167,1,0,0
mn8370qr,10,ai0il249,303,post_exp,literacyQuiz,1779308169,1,0,0
mn8370qr,2,j6o1gu35,303,post_exp,literacyQuiz,1779308181,1,0,0
mn8370qr,9,kb2z64e8,304,post_exp,LabContact,1779308182,1,0,0
mn8370qr,2,j6o1gu35,304,post_exp,LabContact,1779308202,1,0,0
mn8370qr,14,q9v4q54j,303,post_exp,literacyQuiz,1779308218,1,0,0
mn8370qr,4,lh92b709,303,post_exp,literacyQuiz,1779308222,1,0,0
mn8370qr,11,pqnknbrr,303,post_exp,literacyQuiz,1779308230,1,0,0
mn8370qr,4,lh92b709,304,post_exp,LabContact,1779308241,1,0,0
mn8370qr,12,whc9aveo,303,post_exp,literacyQuiz,1779308242,1,0,0
mn8370qr,3,z9n52ebr,303,post_exp,literacyQuiz,1779308244,1,0,0
mn8370qr,10,ai0il249,304,post_exp,LabContact,1779308244,1,0,0
mn8370qr,11,pqnknbrr,304,post_exp,LabContact,1779308246,1,0,0
mn8370qr,14,q9v4q54j,304,post_exp,LabContact,1779308247,1,0,0
mn8370qr,15,5g1om6y0,305,post_exp,Demographics,1779308250,1,0,0
mn8370qr,9,kb2z64e8,305,post_exp,Demographics,1779308251,1,0,0
mn8370qr,12,whc9aveo,304,post_exp,LabContact,1779308265,1,0,0
mn8370qr,9,kb2z64e8,306,post_exp,Payoff,1779308269,1,0,0
mn8370qr,3,z9n52ebr,304,post_exp,LabContact,1779308273,1,0,0
mn8370qr,8,9uh6p1vm,303,post_exp,literacyQuiz,1779308291,1,0,0
mn8370qr,15,5g1om6y0,306,post_exp,Payoff,1779308309,1,0,0
mn8370qr,1,e4rzuiqc,303,post_exp,literacyQuiz,1779308310,1,0,0
mn8370qr,5,729v3r7i,303,post_exp,literacyQuiz,1779308311,1,0,0
mn8370qr,11,pqnknbrr,305,post_exp,Demographics,1779308311,1,0,0
mn8370qr,8,9uh6p1vm,304,post_exp,LabContact,1779308322,1,0,0
mn8370qr,16,ry1l466x,303,post_exp,literacyQuiz,1779308325,1,0,0
mn8370qr,1,e4rzuiqc,304,post_exp,LabContact,1779308329,1,0,0
mn8370qr,14,q9v4q54j,305,post_exp,Demographics,1779308341,1,0,0
mn8370qr,2,j6o1gu35,305,post_exp,Demographics,1779308345,1,0,0
mn8370qr,12,whc9aveo,305,post_exp,Demographics,1779308347,1,0,0
mn8370qr,4,lh92b709,305,post_exp,Demographics,1779308353,1,0,0
mn8370qr,16,ry1l466x,304,post_exp,LabContact,1779308356,1,0,0
mn8370qr,4,lh92b709,306,post_exp,Payoff,1779308363,1,0,0
mn8370qr,2,j6o1gu35,306,post_exp,Payoff,1779308365,1,0,0
mn8370qr,14,q9v4q54j,306,post_exp,Payoff,1779308373,1,0,0
mn8370qr,5,729v3r7i,304,post_exp,LabContact,1779308387,1,0,0
mn8370qr,3,z9n52ebr,305,post_exp,Demographics,1779308393,1,0,0
mn8370qr,12,whc9aveo,306,post_exp,Payoff,1779308396,1,0,0
mn8370qr,3,z9n52ebr,306,post_exp,Payoff,1779308397,1,0,0
mn8370qr,1,e4rzuiqc,305,post_exp,Demographics,1779308399,1,0,0
mn8370qr,11,pqnknbrr,306,post_exp,Payoff,1779308404,1,0,0
mn8370qr,7,bs9r1rdm,303,post_exp,literacyQuiz,1779308409,1,0,0
mn8370qr,10,ai0il249,305,post_exp,Demographics,1779308414,1,0,0
mn8370qr,16,ry1l466x,305,post_exp,Demographics,1779308422,1,0,0
mn8370qr,6,aac2mc3k,303,post_exp,literacyQuiz,1779308423,1,0,0
mn8370qr,7,bs9r1rdm,304,post_exp,LabContact,1779308436,1,0,0
mn8370qr,6,aac2mc3k,304,post_exp,LabContact,1779308438,1,0,0
mn8370qr,5,729v3r7i,305,post_exp,Demographics,1779308442,1,0,0
mn8370qr,16,ry1l466x,306,post_exp,Payoff,1779308446,1,0,0
mn8370qr,8,9uh6p1vm,305,post_exp,Demographics,1779308446,1,0,0
mn8370qr,10,ai0il249,306,post_exp,Payoff,1779308447,1,0,0
mn8370qr,8,9uh6p1vm,306,post_exp,Payoff,1779308480,1,0,0
mn8370qr,5,729v3r7i,306,post_exp,Payoff,1779308482,1,0,0
mn8370qr,1,e4rzuiqc,306,post_exp,Payoff,1779308483,1,0,0
mn8370qr,7,bs9r1rdm,305,post_exp,Demographics,1779308507,1,0,0
mn8370qr,13,51q1wtqi,305,post_exp,Demographics,1779308512,1,0,0
mn8370qr,6,aac2mc3k,305,post_exp,Demographics,1779308520,1,0,0
mn8370qr,7,bs9r1rdm,306,post_exp,Payoff,1779308535,1,0,0
mn8370qr,6,aac2mc3k,306,post_exp,Payoff,1779308544,1,0,0
mn8370qr,13,51q1wtqi,306,post_exp,Payoff,1779308552,1,0,0
