participant.id_in_session,participant.code,participant.label,participant._is_bot,participant._index_in_pages,participant._max_page_index,participant._current_app_name,participant._current_page_name,participant.time_started_utc,participant.visited,participant.mturk_worker_id,participant.mturk_assignment_id,participant.payoff,player.id_in_group,player.role,player.payoff,player.trader_uuid,player.current_cash,player.num_shares,player.dividend_per_share,player.dividend_cash,player.cash_after_dividend,player.daybreak_snapshot_error,player.assigned_initial_cash,player.assigned_initial_shares,player.forecast_price_next_day,player.forecast_confidence_next_day,player.forecast_survey_json,player.realized_next_day_closing_price,player.forecast_bonus_earned,player.forecast_bonus_scored,player.algo_belief_present,player.algo_belief_confidence,group.id_in_subsession,group.trading_session_uuid,group.trading_api_base,group.trading_ws_base,group.trading_init_error,group.trading_day_duration_minutes,group.realized_group_size,group.treatment,group.market_design,group.group_composition,group.noise_trader_draw,group.noise_trader_present,group.num_days,group.dividends_csv,group.observed_last_transaction_price,group.closing_price,subsession.round_number,session.code,session.label,session.mturk_HITId,session.mturk_HITGroupId,session.comment,session.is_demo
1,viseix7p,,0,308,307,post_exp,FinalForProlific,2026-05-12 16:19:08.162574,1,,,4068.0,1,,0.0,8dc193cd-d77b-4b22-a21f-81d9b1fc5ceb,2480.0,22.0,8.0,176.0,2656.0,,2600.0,20.0,,,,,0.0,0,,,1,c4bbf60f-3400-469a-a64e-69a7fab7abf2,https://london-trader-6b45bffdcd02.herokuapp.com,wss://london-trader-6b45bffdcd02.herokuapp.com,,1,6,ghp,gamified,human_only,0.0,0,3,"[8.0, 4.0, 20.0, 8.0, 8.0, 20.0, 20.0, 4.0, 20.0, 4.0, 20.0, 0.0, 8.0, 8.0, 8.0, 8.0, 8.0, 4.0, 4.0, 20.0, 0.0, 0.0, 8.0, 4.0, 4.0, 4.0, 20.0, 8.0, 8.0, 0.0, 8.0, 4.0, 4.0]",120.0,120.0,1,ffe5xhmq,,,,,0
2,qhz5zte3,,0,308,307,post_exp,FinalForProlific,2026-05-12 16:19:08.174764,1,,,5491.0,2,,0.0,4f1868a5-b5a5-4d43-bf0a-ca07af406e2b,3700.0,13.0,8.0,104.0,3804.0,,3800.0,10.0,,,,,0.0,0,,,1,c4bbf60f-3400-469a-a64e-69a7fab7abf2,https://london-trader-6b45bffdcd02.herokuapp.com,wss://london-trader-6b45bffdcd02.herokuapp.com,,1,6,ghp,gamified,human_only,0.0,0,3,"[8.0, 4.0, 20.0, 8.0, 8.0, 20.0, 20.0, 4.0, 20.0, 4.0, 20.0, 0.0, 8.0, 8.0, 8.0, 8.0, 8.0, 4.0, 4.0, 20.0, 0.0, 0.0, 8.0, 4.0, 4.0, 4.0, 20.0, 8.0, 8.0, 0.0, 8.0, 4.0, 4.0]",120.0,120.0,1,ffe5xhmq,,,,,0
3,kmcc2p31,,0,308,307,post_exp,FinalForProlific,2026-05-12 16:19:08.179802,1,,,6177.0,3,,0.0,57f0c377-44e2-470c-bb8a-359b3427e764,2600.0,21.0,8.0,168.0,2768.0,,2600.0,20.0,,,,,0.0,0,,,1,c4bbf60f-3400-469a-a64e-69a7fab7abf2,https://london-trader-6b45bffdcd02.herokuapp.com,wss://london-trader-6b45bffdcd02.herokuapp.com,,1,6,ghp,gamified,human_only,0.0,0,3,"[8.0, 4.0, 20.0, 8.0, 8.0, 20.0, 20.0, 4.0, 20.0, 4.0, 20.0, 0.0, 8.0, 8.0, 8.0, 8.0, 8.0, 4.0, 4.0, 20.0, 0.0, 0.0, 8.0, 4.0, 4.0, 4.0, 20.0, 8.0, 8.0, 0.0, 8.0, 4.0, 4.0]",120.0,120.0,1,ffe5xhmq,,,,,0
4,snooaw5j,,0,308,307,post_exp,FinalForProlific,2026-05-12 16:19:08.185093,1,,,5310.0,4,,0.0,c59a8903-22ac-472f-88b2-ecd6c313567a,3800.0,12.0,8.0,96.0,3896.0,,3800.0,10.0,,,,,0.0,0,,,1,c4bbf60f-3400-469a-a64e-69a7fab7abf2,https://london-trader-6b45bffdcd02.herokuapp.com,wss://london-trader-6b45bffdcd02.herokuapp.com,,1,6,ghp,gamified,human_only,0.0,0,3,"[8.0, 4.0, 20.0, 8.0, 8.0, 20.0, 20.0, 4.0, 20.0, 4.0, 20.0, 0.0, 8.0, 8.0, 8.0, 8.0, 8.0, 4.0, 4.0, 20.0, 0.0, 0.0, 8.0, 4.0, 4.0, 4.0, 20.0, 8.0, 8.0, 0.0, 8.0, 4.0, 4.0]",120.0,120.0,1,ffe5xhmq,,,,,0
5,twrkr7hz,,0,308,307,post_exp,FinalForProlific,2026-05-12 16:19:08.193724,1,,,5777.0,5,,0.0,5c3dd256-d674-4fc5-8ff1-d95741d286fa,2720.0,19.0,8.0,152.0,2872.0,,2600.0,20.0,,,,,0.0,0,,,1,c4bbf60f-3400-469a-a64e-69a7fab7abf2,https://london-trader-6b45bffdcd02.herokuapp.com,wss://london-trader-6b45bffdcd02.herokuapp.com,,1,6,ghp,gamified,human_only,0.0,0,3,"[8.0, 4.0, 20.0, 8.0, 8.0, 20.0, 20.0, 4.0, 20.0, 4.0, 20.0, 0.0, 8.0, 8.0, 8.0, 8.0, 8.0, 4.0, 4.0, 20.0, 0.0, 0.0, 8.0, 4.0, 4.0, 4.0, 20.0, 8.0, 8.0, 0.0, 8.0, 4.0, 4.0]",120.0,120.0,1,ffe5xhmq,,,,,0
6,hk3teh8u,,0,308,307,post_exp,FinalForProlific,2026-05-12 16:19:08.431171,1,,,5073.0,6,,0.0,03eefb58-8798-4de9-b0fb-a0f645078983,3900.0,9.0,8.0,72.0,3972.0,,3800.0,10.0,,,,,0.0,0,,,1,c4bbf60f-3400-469a-a64e-69a7fab7abf2,https://london-trader-6b45bffdcd02.herokuapp.com,wss://london-trader-6b45bffdcd02.herokuapp.com,,1,6,ghp,gamified,human_only,0.0,0,3,"[8.0, 4.0, 20.0, 8.0, 8.0, 20.0, 20.0, 4.0, 20.0, 4.0, 20.0, 0.0, 8.0, 8.0, 8.0, 8.0, 8.0, 4.0, 4.0, 20.0, 0.0, 0.0, 8.0, 4.0, 4.0, 4.0, 20.0, 8.0, 8.0, 0.0, 8.0, 4.0, 4.0]",120.0,120.0,1,ffe5xhmq,,,,,0
7,6kvq85km,,0,308,307,post_exp,FinalForProlific,2026-05-12 16:19:08.454950,1,,,5884.0,1,,0.0,cc762b7e-c13a-451a-9c04-2147e49c2040,2600.0,20.0,8.0,160.0,2760.0,,2600.0,20.0,,,,,0.0,0,,,2,4036b89b-c1d0-4730-ba52-04bf7958d7d7,https://london-trader-6b45bffdcd02.herokuapp.com,wss://london-trader-6b45bffdcd02.herokuapp.com,,1,6,ng,non_gamified,human_only,0.0,0,3,"[8.0, 4.0, 20.0, 8.0, 8.0, 20.0, 20.0, 4.0, 20.0, 4.0, 20.0, 0.0, 8.0, 8.0, 8.0, 8.0, 8.0, 4.0, 4.0, 20.0, 0.0, 0.0, 8.0, 4.0, 4.0, 4.0, 20.0, 8.0, 8.0, 0.0, 8.0, 4.0, 4.0]",,,1,ffe5xhmq,,,,,0
8,7dpcven3,,0,308,307,post_exp,FinalForProlific,2026-05-12 16:19:08.479580,1,,,5168.0,2,,0.0,3eaf4cb1-dcd5-4541-9b9e-fef2b865693f,3800.0,10.0,8.0,80.0,3880.0,,3800.0,10.0,,,,,0.0,0,,,2,4036b89b-c1d0-4730-ba52-04bf7958d7d7,https://london-trader-6b45bffdcd02.herokuapp.com,wss://london-trader-6b45bffdcd02.herokuapp.com,,1,6,ng,non_gamified,human_only,0.0,0,3,"[8.0, 4.0, 20.0, 8.0, 8.0, 20.0, 20.0, 4.0, 20.0, 4.0, 20.0, 0.0, 8.0, 8.0, 8.0, 8.0, 8.0, 4.0, 4.0, 20.0, 0.0, 0.0, 8.0, 4.0, 4.0, 4.0, 20.0, 8.0, 8.0, 0.0, 8.0, 4.0, 4.0]",,,1,ffe5xhmq,,,,,0
9,2mz5up3e,,0,308,307,post_exp,FinalForProlific,2026-05-12 16:19:08.496584,1,,,5955.0,3,,0.0,7a5d2e62-8e5f-475d-8ec0-68cde2a3650b,2600.0,20.0,8.0,160.0,2760.0,,2600.0,20.0,,,,,0.0,0,,,2,4036b89b-c1d0-4730-ba52-04bf7958d7d7,https://london-trader-6b45bffdcd02.herokuapp.com,wss://london-trader-6b45bffdcd02.herokuapp.com,,1,6,ng,non_gamified,human_only,0.0,0,3,"[8.0, 4.0, 20.0, 8.0, 8.0, 20.0, 20.0, 4.0, 20.0, 4.0, 20.0, 0.0, 8.0, 8.0, 8.0, 8.0, 8.0, 4.0, 4.0, 20.0, 0.0, 0.0, 8.0, 4.0, 4.0, 4.0, 20.0, 8.0, 8.0, 0.0, 8.0, 4.0, 4.0]",,,1,ffe5xhmq,,,,,0
10,keffe6of,,0,308,307,post_exp,FinalForProlific,2026-05-12 16:19:08.505946,1,,,4719.0,4,,0.0,1af72ba3-553a-45d5-b4ff-46f9bb8358a3,3800.0,10.0,8.0,80.0,3880.0,,3800.0,10.0,,,,,0.0,0,,,2,4036b89b-c1d0-4730-ba52-04bf7958d7d7,https://london-trader-6b45bffdcd02.herokuapp.com,wss://london-trader-6b45bffdcd02.herokuapp.com,,1,6,ng,non_gamified,human_only,0.0,0,3,"[8.0, 4.0, 20.0, 8.0, 8.0, 20.0, 20.0, 4.0, 20.0, 4.0, 20.0, 0.0, 8.0, 8.0, 8.0, 8.0, 8.0, 4.0, 4.0, 20.0, 0.0, 0.0, 8.0, 4.0, 4.0, 4.0, 20.0, 8.0, 8.0, 0.0, 8.0, 4.0, 4.0]",,,1,ffe5xhmq,,,,,0
11,quvmw080,,0,308,307,post_exp,FinalForProlific,2026-05-12 16:19:08.538071,1,,,5573.0,5,,0.0,8267bdf6-c115-4b98-9208-4f95fafed75f,2600.0,20.0,8.0,160.0,2760.0,,2600.0,20.0,,,,,0.0,0,,,2,4036b89b-c1d0-4730-ba52-04bf7958d7d7,https://london-trader-6b45bffdcd02.herokuapp.com,wss://london-trader-6b45bffdcd02.herokuapp.com,,1,6,ng,non_gamified,human_only,0.0,0,3,"[8.0, 4.0, 20.0, 8.0, 8.0, 20.0, 20.0, 4.0, 20.0, 4.0, 20.0, 0.0, 8.0, 8.0, 8.0, 8.0, 8.0, 4.0, 4.0, 20.0, 0.0, 0.0, 8.0, 4.0, 4.0, 4.0, 20.0, 8.0, 8.0, 0.0, 8.0, 4.0, 4.0]",,,1,ffe5xhmq,,,,,0
12,zmzx9bpp,,0,308,307,post_exp,FinalForProlific,2026-05-12 16:19:08.548095,1,,,5011.0,6,,0.0,def5d719-8641-4561-84c6-9818a6f51175,3800.0,10.0,8.0,80.0,3880.0,,3800.0,10.0,,,,,0.0,0,,,2,4036b89b-c1d0-4730-ba52-04bf7958d7d7,https://london-trader-6b45bffdcd02.herokuapp.com,wss://london-trader-6b45bffdcd02.herokuapp.com,,1,6,ng,non_gamified,human_only,0.0,0,3,"[8.0, 4.0, 20.0, 8.0, 8.0, 20.0, 20.0, 4.0, 20.0, 4.0, 20.0, 0.0, 8.0, 8.0, 8.0, 8.0, 8.0, 4.0, 4.0, 20.0, 0.0, 0.0, 8.0, 4.0, 4.0, 4.0, 20.0, 8.0, 8.0, 0.0, 8.0, 4.0, 4.0]",,,1,ffe5xhmq,,,,,0
13,er9d8a5v,,0,308,307,post_exp,FinalForProlific,2026-05-12 16:19:08.558728,1,,,6590.0,1,,0.0,26cfb4b9-7bba-474b-9d85-c8907087b115,2600.0,21.0,8.0,168.0,2768.0,,2600.0,20.0,,,,,0.0,0,,,3,23dbc4b1-5283-4eba-9c49-91b11fb74954,https://london-trader-6b45bffdcd02.herokuapp.com,wss://london-trader-6b45bffdcd02.herokuapp.com,,1,2,ghp,gamified,human_only,0.0,1,3,"[8.0, 4.0, 20.0, 8.0, 8.0, 20.0, 20.0, 4.0, 20.0, 4.0, 20.0, 0.0, 8.0, 8.0, 8.0, 8.0, 8.0, 4.0, 4.0, 20.0, 0.0, 0.0, 8.0, 4.0, 4.0, 4.0, 20.0, 8.0, 8.0, 0.0, 8.0, 4.0, 4.0]",115.0,115.0,1,ffe5xhmq,,,,,0
14,r2eorolq,,0,308,307,post_exp,FinalForProlific,2026-05-12 16:19:08.574796,1,,,4974.0,2,,0.0,a39c718d-7713-4add-9b1f-36ba3ea2529f,3915.0,9.0,8.0,72.0,3987.0,,3800.0,10.0,,,,,0.0,0,,,3,23dbc4b1-5283-4eba-9c49-91b11fb74954,https://london-trader-6b45bffdcd02.herokuapp.com,wss://london-trader-6b45bffdcd02.herokuapp.com,,1,2,ghp,gamified,human_only,0.0,1,3,"[8.0, 4.0, 20.0, 8.0, 8.0, 20.0, 20.0, 4.0, 20.0, 4.0, 20.0, 0.0, 8.0, 8.0, 8.0, 8.0, 8.0, 4.0, 4.0, 20.0, 0.0, 0.0, 8.0, 4.0, 4.0, 4.0, 20.0, 8.0, 8.0, 0.0, 8.0, 4.0, 4.0]",115.0,115.0,1,ffe5xhmq,,,,,0
1,viseix7p,,0,308,307,post_exp,FinalForProlific,2026-05-12 16:19:08.162574,1,,,4068.0,1,,0.0,8dc193cd-d77b-4b22-a21f-81d9b1fc5ceb,2586.0,23.0,4.0,92.0,2678.0,,2600.0,20.0,,,,,0.0,0,,,1,c4bbf60f-3400-469a-a64e-69a7fab7abf2,https://london-trader-6b45bffdcd02.herokuapp.com,wss://london-trader-6b45bffdcd02.herokuapp.com,,1,6,ghp,gamified,human_only,0.0,0,3,"[8.0, 4.0, 20.0, 8.0, 8.0, 20.0, 20.0, 4.0, 20.0, 4.0, 20.0, 0.0, 8.0, 8.0, 8.0, 8.0, 8.0, 4.0, 4.0, 20.0, 0.0, 0.0, 8.0, 4.0, 4.0, 4.0, 20.0, 8.0, 8.0, 0.0, 8.0, 4.0, 4.0]",80.0,80.0,2,ffe5xhmq,,,,,0
2,qhz5zte3,,0,308,307,post_exp,FinalForProlific,2026-05-12 16:19:08.174764,1,,,5491.0,2,,0.0,4f1868a5-b5a5-4d43-bf0a-ca07af406e2b,3534.0,13.0,4.0,52.0,3586.0,,3800.0,10.0,,,,,0.0,0,,,1,c4bbf60f-3400-469a-a64e-69a7fab7abf2,https://london-trader-6b45bffdcd02.herokuapp.com,wss://london-trader-6b45bffdcd02.herokuapp.com,,1,6,ghp,gamified,human_only,0.0,0,3,"[8.0, 4.0, 20.0, 8.0, 8.0, 20.0, 20.0, 4.0, 20.0, 4.0, 20.0, 0.0, 8.0, 8.0, 8.0, 8.0, 8.0, 4.0, 4.0, 20.0, 0.0, 0.0, 8.0, 4.0, 4.0, 4.0, 20.0, 8.0, 8.0, 0.0, 8.0, 4.0, 4.0]",80.0,80.0,2,ffe5xhmq,,,,,0
3,kmcc2p31,,0,308,307,post_exp,FinalForProlific,2026-05-12 16:19:08.179802,1,,,6177.0,3,,0.0,57f0c377-44e2-470c-bb8a-359b3427e764,2893.0,21.0,4.0,84.0,2977.0,,2600.0,20.0,,,,,0.0,0,,,1,c4bbf60f-3400-469a-a64e-69a7fab7abf2,https://london-trader-6b45bffdcd02.herokuapp.com,wss://london-trader-6b45bffdcd02.herokuapp.com,,1,6,ghp,gamified,human_only,0.0,0,3,"[8.0, 4.0, 20.0, 8.0, 8.0, 20.0, 20.0, 4.0, 20.0, 4.0, 20.0, 0.0, 8.0, 8.0, 8.0, 8.0, 8.0, 4.0, 4.0, 20.0, 0.0, 0.0, 8.0, 4.0, 4.0, 4.0, 20.0, 8.0, 8.0, 0.0, 8.0, 4.0, 4.0]",80.0,80.0,2,ffe5xhmq,,,,,0
4,snooaw5j,,0,308,307,post_exp,FinalForProlific,2026-05-12 16:19:08.185093,1,,,5310.0,4,,0.0,c59a8903-22ac-472f-88b2-ecd6c313567a,3966.0,9.0,4.0,36.0,4002.0,,3800.0,10.0,,,,,0.0,0,,,1,c4bbf60f-3400-469a-a64e-69a7fab7abf2,https://london-trader-6b45bffdcd02.herokuapp.com,wss://london-trader-6b45bffdcd02.herokuapp.com,,1,6,ghp,gamified,human_only,0.0,0,3,"[8.0, 4.0, 20.0, 8.0, 8.0, 20.0, 20.0, 4.0, 20.0, 4.0, 20.0, 0.0, 8.0, 8.0, 8.0, 8.0, 8.0, 4.0, 4.0, 20.0, 0.0, 0.0, 8.0, 4.0, 4.0, 4.0, 20.0, 8.0, 8.0, 0.0, 8.0, 4.0, 4.0]",80.0,80.0,2,ffe5xhmq,,,,,0
5,twrkr7hz,,0,308,307,post_exp,FinalForProlific,2026-05-12 16:19:08.193724,1,,,5777.0,5,,0.0,5c3dd256-d674-4fc5-8ff1-d95741d286fa,2992.0,18.0,4.0,72.0,3064.0,,2600.0,20.0,,,,,0.0,0,,,1,c4bbf60f-3400-469a-a64e-69a7fab7abf2,https://london-trader-6b45bffdcd02.herokuapp.com,wss://london-trader-6b45bffdcd02.herokuapp.com,,1,6,ghp,gamified,human_only,0.0,0,3,"[8.0, 4.0, 20.0, 8.0, 8.0, 20.0, 20.0, 4.0, 20.0, 4.0, 20.0, 0.0, 8.0, 8.0, 8.0, 8.0, 8.0, 4.0, 4.0, 20.0, 0.0, 0.0, 8.0, 4.0, 4.0, 4.0, 20.0, 8.0, 8.0, 0.0, 8.0, 4.0, 4.0]",80.0,80.0,2,ffe5xhmq,,,,,0
6,hk3teh8u,,0,308,307,post_exp,FinalForProlific,2026-05-12 16:19:08.431171,1,,,5073.0,6,,0.0,03eefb58-8798-4de9-b0fb-a0f645078983,3997.0,9.0,4.0,36.0,4033.0,,3800.0,10.0,,,,,0.0,0,,,1,c4bbf60f-3400-469a-a64e-69a7fab7abf2,https://london-trader-6b45bffdcd02.herokuapp.com,wss://london-trader-6b45bffdcd02.herokuapp.com,,1,6,ghp,gamified,human_only,0.0,0,3,"[8.0, 4.0, 20.0, 8.0, 8.0, 20.0, 20.0, 4.0, 20.0, 4.0, 20.0, 0.0, 8.0, 8.0, 8.0, 8.0, 8.0, 4.0, 4.0, 20.0, 0.0, 0.0, 8.0, 4.0, 4.0, 4.0, 20.0, 8.0, 8.0, 0.0, 8.0, 4.0, 4.0]",80.0,80.0,2,ffe5xhmq,,,,,0
7,6kvq85km,,0,308,307,post_exp,FinalForProlific,2026-05-12 16:19:08.454950,1,,,5884.0,1,,0.0,cc762b7e-c13a-451a-9c04-2147e49c2040,2871.0,20.0,4.0,80.0,2951.0,,2600.0,20.0,,,,,0.0,0,,,2,4036b89b-c1d0-4730-ba52-04bf7958d7d7,https://london-trader-6b45bffdcd02.herokuapp.com,wss://london-trader-6b45bffdcd02.herokuapp.com,,1,6,ng,non_gamified,human_only,0.0,0,3,"[8.0, 4.0, 20.0, 8.0, 8.0, 20.0, 20.0, 4.0, 20.0, 4.0, 20.0, 0.0, 8.0, 8.0, 8.0, 8.0, 8.0, 4.0, 4.0, 20.0, 0.0, 0.0, 8.0, 4.0, 4.0, 4.0, 20.0, 8.0, 8.0, 0.0, 8.0, 4.0, 4.0]",100.0,100.0,2,ffe5xhmq,,,,,0
8,7dpcven3,,0,308,307,post_exp,FinalForProlific,2026-05-12 16:19:08.479580,1,,,5168.0,2,,0.0,3eaf4cb1-dcd5-4541-9b9e-fef2b865693f,3780.0,11.0,4.0,44.0,3824.0,,3800.0,10.0,,,,,0.0,0,,,2,4036b89b-c1d0-4730-ba52-04bf7958d7d7,https://london-trader-6b45bffdcd02.herokuapp.com,wss://london-trader-6b45bffdcd02.herokuapp.com,,1,6,ng,non_gamified,human_only,0.0,0,3,"[8.0, 4.0, 20.0, 8.0, 8.0, 20.0, 20.0, 4.0, 20.0, 4.0, 20.0, 0.0, 8.0, 8.0, 8.0, 8.0, 8.0, 4.0, 4.0, 20.0, 0.0, 0.0, 8.0, 4.0, 4.0, 4.0, 20.0, 8.0, 8.0, 0.0, 8.0, 4.0, 4.0]",100.0,100.0,2,ffe5xhmq,,,,,0
9,2mz5up3e,,0,308,307,post_exp,FinalForProlific,2026-05-12 16:19:08.496584,1,,,5955.0,3,,0.0,7a5d2e62-8e5f-475d-8ec0-68cde2a3650b,2872.0,19.0,4.0,76.0,2948.0,,2600.0,20.0,,,,,0.0,0,,,2,4036b89b-c1d0-4730-ba52-04bf7958d7d7,https://london-trader-6b45bffdcd02.herokuapp.com,wss://london-trader-6b45bffdcd02.herokuapp.com,,1,6,ng,non_gamified,human_only,0.0,0,3,"[8.0, 4.0, 20.0, 8.0, 8.0, 20.0, 20.0, 4.0, 20.0, 4.0, 20.0, 0.0, 8.0, 8.0, 8.0, 8.0, 8.0, 4.0, 4.0, 20.0, 0.0, 0.0, 8.0, 4.0, 4.0, 4.0, 20.0, 8.0, 8.0, 0.0, 8.0, 4.0, 4.0]",100.0,100.0,2,ffe5xhmq,,,,,0
10,keffe6of,,0,308,307,post_exp,FinalForProlific,2026-05-12 16:19:08.505946,1,,,4719.0,4,,0.0,1af72ba3-553a-45d5-b4ff-46f9bb8358a3,3880.0,10.0,4.0,40.0,3920.0,,3800.0,10.0,,,,,0.0,0,,,2,4036b89b-c1d0-4730-ba52-04bf7958d7d7,https://london-trader-6b45bffdcd02.herokuapp.com,wss://london-trader-6b45bffdcd02.herokuapp.com,,1,6,ng,non_gamified,human_only,0.0,0,3,"[8.0, 4.0, 20.0, 8.0, 8.0, 20.0, 20.0, 4.0, 20.0, 4.0, 20.0, 0.0, 8.0, 8.0, 8.0, 8.0, 8.0, 4.0, 4.0, 20.0, 0.0, 0.0, 8.0, 4.0, 4.0, 4.0, 20.0, 8.0, 8.0, 0.0, 8.0, 4.0, 4.0]",100.0,100.0,2,ffe5xhmq,,,,,0
11,quvmw080,,0,308,307,post_exp,FinalForProlific,2026-05-12 16:19:08.538071,1,,,5573.0,5,,0.0,8267bdf6-c115-4b98-9208-4f95fafed75f,2760.0,21.0,4.0,84.0,2844.0,,2600.0,20.0,,,,,0.0,0,,,2,4036b89b-c1d0-4730-ba52-04bf7958d7d7,https://london-trader-6b45bffdcd02.herokuapp.com,wss://london-trader-6b45bffdcd02.herokuapp.com,,1,6,ng,non_gamified,human_only,0.0,0,3,"[8.0, 4.0, 20.0, 8.0, 8.0, 20.0, 20.0, 4.0, 20.0, 4.0, 20.0, 0.0, 8.0, 8.0, 8.0, 8.0, 8.0, 4.0, 4.0, 20.0, 0.0, 0.0, 8.0, 4.0, 4.0, 4.0, 20.0, 8.0, 8.0, 0.0, 8.0, 4.0, 4.0]",100.0,100.0,2,ffe5xhmq,,,,,0
12,zmzx9bpp,,0,308,307,post_exp,FinalForProlific,2026-05-12 16:19:08.548095,1,,,5011.0,6,,0.0,def5d719-8641-4561-84c6-9818a6f51175,3757.0,14.0,4.0,56.0,3813.0,,3800.0,10.0,,,,,0.0,0,,,2,4036b89b-c1d0-4730-ba52-04bf7958d7d7,https://london-trader-6b45bffdcd02.herokuapp.com,wss://london-trader-6b45bffdcd02.herokuapp.com,,1,6,ng,non_gamified,human_only,0.0,0,3,"[8.0, 4.0, 20.0, 8.0, 8.0, 20.0, 20.0, 4.0, 20.0, 4.0, 20.0, 0.0, 8.0, 8.0, 8.0, 8.0, 8.0, 4.0, 4.0, 20.0, 0.0, 0.0, 8.0, 4.0, 4.0, 4.0, 20.0, 8.0, 8.0, 0.0, 8.0, 4.0, 4.0]",100.0,100.0,2,ffe5xhmq,,,,,0
13,er9d8a5v,,0,308,307,post_exp,FinalForProlific,2026-05-12 16:19:08.558728,1,,,6590.0,1,,0.0,26cfb4b9-7bba-474b-9d85-c8907087b115,2903.0,20.0,4.0,80.0,2983.0,,2600.0,20.0,,,,,0.0,0,,,3,23dbc4b1-5283-4eba-9c49-91b11fb74954,https://london-trader-6b45bffdcd02.herokuapp.com,wss://london-trader-6b45bffdcd02.herokuapp.com,,1,2,ghp,gamified,human_only,0.0,1,3,"[8.0, 4.0, 20.0, 8.0, 8.0, 20.0, 20.0, 4.0, 20.0, 4.0, 20.0, 0.0, 8.0, 8.0, 8.0, 8.0, 8.0, 4.0, 4.0, 20.0, 0.0, 0.0, 8.0, 4.0, 4.0, 4.0, 20.0, 8.0, 8.0, 0.0, 8.0, 4.0, 4.0]",135.0,135.0,2,ffe5xhmq,,,,,0
14,r2eorolq,,0,308,307,post_exp,FinalForProlific,2026-05-12 16:19:08.574796,1,,,4974.0,2,,0.0,a39c718d-7713-4add-9b1f-36ba3ea2529f,3987.0,9.0,4.0,36.0,4023.0,,3800.0,10.0,,,,,0.0,0,,,3,23dbc4b1-5283-4eba-9c49-91b11fb74954,https://london-trader-6b45bffdcd02.herokuapp.com,wss://london-trader-6b45bffdcd02.herokuapp.com,,1,2,ghp,gamified,human_only,0.0,1,3,"[8.0, 4.0, 20.0, 8.0, 8.0, 20.0, 20.0, 4.0, 20.0, 4.0, 20.0, 0.0, 8.0, 8.0, 8.0, 8.0, 8.0, 4.0, 4.0, 20.0, 0.0, 0.0, 8.0, 4.0, 4.0, 4.0, 20.0, 8.0, 8.0, 0.0, 8.0, 4.0, 4.0]",135.0,135.0,2,ffe5xhmq,,,,,0
1,viseix7p,,0,308,307,post_exp,FinalForProlific,2026-05-12 16:19:08.162574,1,,,4068.0,1,,0.0,8dc193cd-d77b-4b22-a21f-81d9b1fc5ceb,2542.5,24.0,20.0,480.0,3022.5,,2600.0,20.0,,,,,0.0,0,,,1,c4bbf60f-3400-469a-a64e-69a7fab7abf2,https://london-trader-6b45bffdcd02.herokuapp.com,wss://london-trader-6b45bffdcd02.herokuapp.com,,1,6,ghp,gamified,human_only,0.0,0,3,"[8.0, 4.0, 20.0, 8.0, 8.0, 20.0, 20.0, 4.0, 20.0, 4.0, 20.0, 0.0, 8.0, 8.0, 8.0, 8.0, 8.0, 4.0, 4.0, 20.0, 0.0, 0.0, 8.0, 4.0, 4.0, 4.0, 20.0, 8.0, 8.0, 0.0, 8.0, 4.0, 4.0]",110.5,110.5,3,ffe5xhmq,,,,,0
2,qhz5zte3,,0,308,307,post_exp,FinalForProlific,2026-05-12 16:19:08.174764,1,,,5491.0,2,,0.0,4f1868a5-b5a5-4d43-bf0a-ca07af406e2b,3481.0,16.0,20.0,320.0,3801.0,,3800.0,10.0,,,,,0.0,0,,,1,c4bbf60f-3400-469a-a64e-69a7fab7abf2,https://london-trader-6b45bffdcd02.herokuapp.com,wss://london-trader-6b45bffdcd02.herokuapp.com,,1,6,ghp,gamified,human_only,0.0,0,3,"[8.0, 4.0, 20.0, 8.0, 8.0, 20.0, 20.0, 4.0, 20.0, 4.0, 20.0, 0.0, 8.0, 8.0, 8.0, 8.0, 8.0, 4.0, 4.0, 20.0, 0.0, 0.0, 8.0, 4.0, 4.0, 4.0, 20.0, 8.0, 8.0, 0.0, 8.0, 4.0, 4.0]",110.5,110.5,3,ffe5xhmq,,,,,0
3,kmcc2p31,,0,308,307,post_exp,FinalForProlific,2026-05-12 16:19:08.179802,1,,,6177.0,3,,0.0,57f0c377-44e2-470c-bb8a-359b3427e764,3107.0,19.0,20.0,380.0,3487.0,,2600.0,20.0,,,,,0.0,0,,,1,c4bbf60f-3400-469a-a64e-69a7fab7abf2,https://london-trader-6b45bffdcd02.herokuapp.com,wss://london-trader-6b45bffdcd02.herokuapp.com,,1,6,ghp,gamified,human_only,0.0,0,3,"[8.0, 4.0, 20.0, 8.0, 8.0, 20.0, 20.0, 4.0, 20.0, 4.0, 20.0, 0.0, 8.0, 8.0, 8.0, 8.0, 8.0, 4.0, 4.0, 20.0, 0.0, 0.0, 8.0, 4.0, 4.0, 4.0, 20.0, 8.0, 8.0, 0.0, 8.0, 4.0, 4.0]",110.5,110.5,3,ffe5xhmq,,,,,0
4,snooaw5j,,0,308,307,post_exp,FinalForProlific,2026-05-12 16:19:08.185093,1,,,5310.0,4,,0.0,c59a8903-22ac-472f-88b2-ecd6c313567a,4002.0,9.0,20.0,180.0,4182.0,,3800.0,10.0,,,,,0.0,0,,,1,c4bbf60f-3400-469a-a64e-69a7fab7abf2,https://london-trader-6b45bffdcd02.herokuapp.com,wss://london-trader-6b45bffdcd02.herokuapp.com,,1,6,ghp,gamified,human_only,0.0,0,3,"[8.0, 4.0, 20.0, 8.0, 8.0, 20.0, 20.0, 4.0, 20.0, 4.0, 20.0, 0.0, 8.0, 8.0, 8.0, 8.0, 8.0, 4.0, 4.0, 20.0, 0.0, 0.0, 8.0, 4.0, 4.0, 4.0, 20.0, 8.0, 8.0, 0.0, 8.0, 4.0, 4.0]",110.5,110.5,3,ffe5xhmq,,,,,0
5,twrkr7hz,,0,308,307,post_exp,FinalForProlific,2026-05-12 16:19:08.193724,1,,,5777.0,5,,0.0,5c3dd256-d674-4fc5-8ff1-d95741d286fa,3064.0,19.0,20.0,380.0,3444.0,,2600.0,20.0,,,,,0.0,0,,,1,c4bbf60f-3400-469a-a64e-69a7fab7abf2,https://london-trader-6b45bffdcd02.herokuapp.com,wss://london-trader-6b45bffdcd02.herokuapp.com,,1,6,ghp,gamified,human_only,0.0,0,3,"[8.0, 4.0, 20.0, 8.0, 8.0, 20.0, 20.0, 4.0, 20.0, 4.0, 20.0, 0.0, 8.0, 8.0, 8.0, 8.0, 8.0, 4.0, 4.0, 20.0, 0.0, 0.0, 8.0, 4.0, 4.0, 4.0, 20.0, 8.0, 8.0, 0.0, 8.0, 4.0, 4.0]",110.5,110.5,3,ffe5xhmq,,,,,0
6,hk3teh8u,,0,308,307,post_exp,FinalForProlific,2026-05-12 16:19:08.431171,1,,,5073.0,6,,0.0,03eefb58-8798-4de9-b0fb-a0f645078983,4143.5,8.0,20.0,160.0,4303.5,,3800.0,10.0,,,,,0.0,0,,,1,c4bbf60f-3400-469a-a64e-69a7fab7abf2,https://london-trader-6b45bffdcd02.herokuapp.com,wss://london-trader-6b45bffdcd02.herokuapp.com,,1,6,ghp,gamified,human_only,0.0,0,3,"[8.0, 4.0, 20.0, 8.0, 8.0, 20.0, 20.0, 4.0, 20.0, 4.0, 20.0, 0.0, 8.0, 8.0, 8.0, 8.0, 8.0, 4.0, 4.0, 20.0, 0.0, 0.0, 8.0, 4.0, 4.0, 4.0, 20.0, 8.0, 8.0, 0.0, 8.0, 4.0, 4.0]",110.5,110.5,3,ffe5xhmq,,,,,0
7,6kvq85km,,0,308,307,post_exp,FinalForProlific,2026-05-12 16:19:08.454950,1,,,5884.0,1,,0.0,cc762b7e-c13a-451a-9c04-2147e49c2040,2975.0,18.0,20.0,360.0,3335.0,,2600.0,20.0,,,,,0.0,0,,,2,4036b89b-c1d0-4730-ba52-04bf7958d7d7,https://london-trader-6b45bffdcd02.herokuapp.com,wss://london-trader-6b45bffdcd02.herokuapp.com,,1,6,ng,non_gamified,human_only,0.0,0,3,"[8.0, 4.0, 20.0, 8.0, 8.0, 20.0, 20.0, 4.0, 20.0, 4.0, 20.0, 0.0, 8.0, 8.0, 8.0, 8.0, 8.0, 4.0, 4.0, 20.0, 0.0, 0.0, 8.0, 4.0, 4.0, 4.0, 20.0, 8.0, 8.0, 0.0, 8.0, 4.0, 4.0]",24.0,24.0,3,ffe5xhmq,,,,,0
8,7dpcven3,,0,308,307,post_exp,FinalForProlific,2026-05-12 16:19:08.479580,1,,,5168.0,2,,0.0,3eaf4cb1-dcd5-4541-9b9e-fef2b865693f,3824.0,11.0,20.0,220.0,4044.0,,3800.0,10.0,,,,,0.0,0,,,2,4036b89b-c1d0-4730-ba52-04bf7958d7d7,https://london-trader-6b45bffdcd02.herokuapp.com,wss://london-trader-6b45bffdcd02.herokuapp.com,,1,6,ng,non_gamified,human_only,0.0,0,3,"[8.0, 4.0, 20.0, 8.0, 8.0, 20.0, 20.0, 4.0, 20.0, 4.0, 20.0, 0.0, 8.0, 8.0, 8.0, 8.0, 8.0, 4.0, 4.0, 20.0, 0.0, 0.0, 8.0, 4.0, 4.0, 4.0, 20.0, 8.0, 8.0, 0.0, 8.0, 4.0, 4.0]",24.0,24.0,3,ffe5xhmq,,,,,0
9,2mz5up3e,,0,308,307,post_exp,FinalForProlific,2026-05-12 16:19:08.496584,1,,,5955.0,3,,0.0,7a5d2e62-8e5f-475d-8ec0-68cde2a3650b,2899.0,21.0,20.0,420.0,3319.0,,2600.0,20.0,,,,,0.0,0,,,2,4036b89b-c1d0-4730-ba52-04bf7958d7d7,https://london-trader-6b45bffdcd02.herokuapp.com,wss://london-trader-6b45bffdcd02.herokuapp.com,,1,6,ng,non_gamified,human_only,0.0,0,3,"[8.0, 4.0, 20.0, 8.0, 8.0, 20.0, 20.0, 4.0, 20.0, 4.0, 20.0, 0.0, 8.0, 8.0, 8.0, 8.0, 8.0, 4.0, 4.0, 20.0, 0.0, 0.0, 8.0, 4.0, 4.0, 4.0, 20.0, 8.0, 8.0, 0.0, 8.0, 4.0, 4.0]",24.0,24.0,3,ffe5xhmq,,,,,0
10,keffe6of,,0,308,307,post_exp,FinalForProlific,2026-05-12 16:19:08.505946,1,,,4719.0,4,,0.0,1af72ba3-553a-45d5-b4ff-46f9bb8358a3,3920.0,11.0,20.0,220.0,4140.0,,3800.0,10.0,,,,,0.0,0,,,2,4036b89b-c1d0-4730-ba52-04bf7958d7d7,https://london-trader-6b45bffdcd02.herokuapp.com,wss://london-trader-6b45bffdcd02.herokuapp.com,,1,6,ng,non_gamified,human_only,0.0,0,3,"[8.0, 4.0, 20.0, 8.0, 8.0, 20.0, 20.0, 4.0, 20.0, 4.0, 20.0, 0.0, 8.0, 8.0, 8.0, 8.0, 8.0, 4.0, 4.0, 20.0, 0.0, 0.0, 8.0, 4.0, 4.0, 4.0, 20.0, 8.0, 8.0, 0.0, 8.0, 4.0, 4.0]",24.0,24.0,3,ffe5xhmq,,,,,0
11,quvmw080,,0,308,307,post_exp,FinalForProlific,2026-05-12 16:19:08.538071,1,,,5573.0,5,,0.0,8267bdf6-c115-4b98-9208-4f95fafed75f,2820.0,21.0,20.0,420.0,3240.0,,2600.0,20.0,,,,,0.0,0,,,2,4036b89b-c1d0-4730-ba52-04bf7958d7d7,https://london-trader-6b45bffdcd02.herokuapp.com,wss://london-trader-6b45bffdcd02.herokuapp.com,,1,6,ng,non_gamified,human_only,0.0,0,3,"[8.0, 4.0, 20.0, 8.0, 8.0, 20.0, 20.0, 4.0, 20.0, 4.0, 20.0, 0.0, 8.0, 8.0, 8.0, 8.0, 8.0, 4.0, 4.0, 20.0, 0.0, 0.0, 8.0, 4.0, 4.0, 4.0, 20.0, 8.0, 8.0, 0.0, 8.0, 4.0, 4.0]",24.0,24.0,3,ffe5xhmq,,,,,0
12,zmzx9bpp,,0,308,307,post_exp,FinalForProlific,2026-05-12 16:19:08.548095,1,,,5011.0,6,,0.0,def5d719-8641-4561-84c6-9818a6f51175,3862.0,10.0,20.0,200.0,4062.0,,3800.0,10.0,,,,,0.0,0,,,2,4036b89b-c1d0-4730-ba52-04bf7958d7d7,https://london-trader-6b45bffdcd02.herokuapp.com,wss://london-trader-6b45bffdcd02.herokuapp.com,,1,6,ng,non_gamified,human_only,0.0,0,3,"[8.0, 4.0, 20.0, 8.0, 8.0, 20.0, 20.0, 4.0, 20.0, 4.0, 20.0, 0.0, 8.0, 8.0, 8.0, 8.0, 8.0, 4.0, 4.0, 20.0, 0.0, 0.0, 8.0, 4.0, 4.0, 4.0, 20.0, 8.0, 8.0, 0.0, 8.0, 4.0, 4.0]",24.0,24.0,3,ffe5xhmq,,,,,0
13,er9d8a5v,,0,308,307,post_exp,FinalForProlific,2026-05-12 16:19:08.558728,1,,,6590.0,1,,0.0,26cfb4b9-7bba-474b-9d85-c8907087b115,3118.0,19.0,20.0,380.0,3498.0,,2600.0,20.0,,,,,0.0,0,,,3,23dbc4b1-5283-4eba-9c49-91b11fb74954,https://london-trader-6b45bffdcd02.herokuapp.com,wss://london-trader-6b45bffdcd02.herokuapp.com,,1,2,ghp,gamified,human_only,0.0,1,3,"[8.0, 4.0, 20.0, 8.0, 8.0, 20.0, 20.0, 4.0, 20.0, 4.0, 20.0, 0.0, 8.0, 8.0, 8.0, 8.0, 8.0, 4.0, 4.0, 20.0, 0.0, 0.0, 8.0, 4.0, 4.0, 4.0, 20.0, 8.0, 8.0, 0.0, 8.0, 4.0, 4.0]",121.0,121.0,3,ffe5xhmq,,,,,0
14,r2eorolq,,0,308,307,post_exp,FinalForProlific,2026-05-12 16:19:08.574796,1,,,4974.0,2,,0.0,a39c718d-7713-4add-9b1f-36ba3ea2529f,4144.0,8.0,20.0,160.0,4304.0,,3800.0,10.0,,,,,0.0,0,,,3,23dbc4b1-5283-4eba-9c49-91b11fb74954,https://london-trader-6b45bffdcd02.herokuapp.com,wss://london-trader-6b45bffdcd02.herokuapp.com,,1,2,ghp,gamified,human_only,0.0,1,3,"[8.0, 4.0, 20.0, 8.0, 8.0, 20.0, 20.0, 4.0, 20.0, 4.0, 20.0, 0.0, 8.0, 8.0, 8.0, 8.0, 8.0, 4.0, 4.0, 20.0, 0.0, 0.0, 8.0, 4.0, 4.0, 4.0, 20.0, 8.0, 8.0, 0.0, 8.0, 4.0, 4.0]",121.0,121.0,3,ffe5xhmq,,,,,0
1,viseix7p,,0,308,307,post_exp,FinalForProlific,2026-05-12 16:19:08.162574,1,,,4068.0,1,,0.0,3f3f926c-76bd-44db-b2dc-3e8e8ddbccb6,2600.0,20.0,8.0,160.0,2760.0,,2600.0,20.0,,,,,0.0,0,,,1,a5f35780-eeec-48f3-bd11-2a02633bc450,https://london-trader-6b45bffdcd02.herokuapp.com,wss://london-trader-6b45bffdcd02.herokuapp.com,,1,6,ghp,gamified,human_only,0.0,0,15,"[8.0, 4.0, 20.0, 8.0, 8.0, 20.0, 20.0, 4.0, 20.0, 4.0, 20.0, 0.0, 8.0, 8.0, 8.0, 8.0, 8.0, 4.0, 4.0, 20.0, 0.0, 0.0, 8.0, 4.0, 4.0, 4.0, 20.0, 8.0, 8.0, 0.0, 8.0, 4.0, 4.0]",86.0,86.0,4,ffe5xhmq,,,,,0
2,qhz5zte3,,0,308,307,post_exp,FinalForProlific,2026-05-12 16:19:08.174764,1,,,5491.0,2,,0.0,7263bda7-ce07-4527-829d-593539f9496a,3714.0,12.0,8.0,96.0,3810.0,,3800.0,10.0,,,,,0.0,0,,,1,a5f35780-eeec-48f3-bd11-2a02633bc450,https://london-trader-6b45bffdcd02.herokuapp.com,wss://london-trader-6b45bffdcd02.herokuapp.com,,1,6,ghp,gamified,human_only,0.0,0,15,"[8.0, 4.0, 20.0, 8.0, 8.0, 20.0, 20.0, 4.0, 20.0, 4.0, 20.0, 0.0, 8.0, 8.0, 8.0, 8.0, 8.0, 4.0, 4.0, 20.0, 0.0, 0.0, 8.0, 4.0, 4.0, 4.0, 20.0, 8.0, 8.0, 0.0, 8.0, 4.0, 4.0]",86.0,86.0,4,ffe5xhmq,,,,,0
3,kmcc2p31,,0,308,307,post_exp,FinalForProlific,2026-05-12 16:19:08.179802,1,,,6177.0,3,,0.0,d896d1d1-903a-4faf-af2e-bda1e25a47cc,2600.0,21.0,8.0,168.0,2768.0,,2600.0,20.0,,,,,0.0,0,,,1,a5f35780-eeec-48f3-bd11-2a02633bc450,https://london-trader-6b45bffdcd02.herokuapp.com,wss://london-trader-6b45bffdcd02.herokuapp.com,,1,6,ghp,gamified,human_only,0.0,0,15,"[8.0, 4.0, 20.0, 8.0, 8.0, 20.0, 20.0, 4.0, 20.0, 4.0, 20.0, 0.0, 8.0, 8.0, 8.0, 8.0, 8.0, 4.0, 4.0, 20.0, 0.0, 0.0, 8.0, 4.0, 4.0, 4.0, 20.0, 8.0, 8.0, 0.0, 8.0, 4.0, 4.0]",86.0,86.0,4,ffe5xhmq,,,,,0
4,snooaw5j,,0,308,307,post_exp,FinalForProlific,2026-05-12 16:19:08.185093,1,,,5310.0,4,,0.0,b051dea2-10fd-492e-a16a-123e7f6bc6ac,3886.0,9.0,8.0,72.0,3958.0,,3800.0,10.0,,,,,0.0,0,,,1,a5f35780-eeec-48f3-bd11-2a02633bc450,https://london-trader-6b45bffdcd02.herokuapp.com,wss://london-trader-6b45bffdcd02.herokuapp.com,,1,6,ghp,gamified,human_only,0.0,0,15,"[8.0, 4.0, 20.0, 8.0, 8.0, 20.0, 20.0, 4.0, 20.0, 4.0, 20.0, 0.0, 8.0, 8.0, 8.0, 8.0, 8.0, 4.0, 4.0, 20.0, 0.0, 0.0, 8.0, 4.0, 4.0, 4.0, 20.0, 8.0, 8.0, 0.0, 8.0, 4.0, 4.0]",86.0,86.0,4,ffe5xhmq,,,,,0
5,twrkr7hz,,0,308,307,post_exp,FinalForProlific,2026-05-12 16:19:08.193724,1,,,5777.0,5,,0.0,14a8161a-9d15-4590-8e4a-d60fa690d14e,2600.0,21.0,8.0,168.0,2768.0,,2600.0,20.0,,,,,0.0,0,,,1,a5f35780-eeec-48f3-bd11-2a02633bc450,https://london-trader-6b45bffdcd02.herokuapp.com,wss://london-trader-6b45bffdcd02.herokuapp.com,,1,6,ghp,gamified,human_only,0.0,0,15,"[8.0, 4.0, 20.0, 8.0, 8.0, 20.0, 20.0, 4.0, 20.0, 4.0, 20.0, 0.0, 8.0, 8.0, 8.0, 8.0, 8.0, 4.0, 4.0, 20.0, 0.0, 0.0, 8.0, 4.0, 4.0, 4.0, 20.0, 8.0, 8.0, 0.0, 8.0, 4.0, 4.0]",86.0,86.0,4,ffe5xhmq,,,,,0
6,hk3teh8u,,0,308,307,post_exp,FinalForProlific,2026-05-12 16:19:08.431171,1,,,5073.0,6,,0.0,6a27507f-b151-4a9f-b11f-d433b22aeb62,3800.0,10.0,8.0,80.0,3880.0,,3800.0,10.0,,,,,0.0,0,,,1,a5f35780-eeec-48f3-bd11-2a02633bc450,https://london-trader-6b45bffdcd02.herokuapp.com,wss://london-trader-6b45bffdcd02.herokuapp.com,,1,6,ghp,gamified,human_only,0.0,0,15,"[8.0, 4.0, 20.0, 8.0, 8.0, 20.0, 20.0, 4.0, 20.0, 4.0, 20.0, 0.0, 8.0, 8.0, 8.0, 8.0, 8.0, 4.0, 4.0, 20.0, 0.0, 0.0, 8.0, 4.0, 4.0, 4.0, 20.0, 8.0, 8.0, 0.0, 8.0, 4.0, 4.0]",86.0,86.0,4,ffe5xhmq,,,,,0
7,6kvq85km,,0,308,307,post_exp,FinalForProlific,2026-05-12 16:19:08.454950,1,,,5884.0,1,,0.0,c5382ee4-bd5b-45e4-8232-55a805c489d8,2600.0,20.0,8.0,160.0,2760.0,,2600.0,20.0,,,,,0.0,0,,,2,17f3bde5-9e00-47d0-8909-b138b266b325,https://london-trader-6b45bffdcd02.herokuapp.com,wss://london-trader-6b45bffdcd02.herokuapp.com,,1,6,ng,non_gamified,human_only,0.0,0,15,"[8.0, 4.0, 20.0, 8.0, 8.0, 20.0, 20.0, 4.0, 20.0, 4.0, 20.0, 0.0, 8.0, 8.0, 8.0, 8.0, 8.0, 4.0, 4.0, 20.0, 0.0, 0.0, 8.0, 4.0, 4.0, 4.0, 20.0, 8.0, 8.0, 0.0, 8.0, 4.0, 4.0]",112.0,112.0,4,ffe5xhmq,,,,,0
8,7dpcven3,,0,308,307,post_exp,FinalForProlific,2026-05-12 16:19:08.479580,1,,,5168.0,2,,0.0,8097813e-2f6f-40a4-be05-70c6d8d3bca7,3800.0,10.0,8.0,80.0,3880.0,,3800.0,10.0,,,,,0.0,0,,,2,17f3bde5-9e00-47d0-8909-b138b266b325,https://london-trader-6b45bffdcd02.herokuapp.com,wss://london-trader-6b45bffdcd02.herokuapp.com,,1,6,ng,non_gamified,human_only,0.0,0,15,"[8.0, 4.0, 20.0, 8.0, 8.0, 20.0, 20.0, 4.0, 20.0, 4.0, 20.0, 0.0, 8.0, 8.0, 8.0, 8.0, 8.0, 4.0, 4.0, 20.0, 0.0, 0.0, 8.0, 4.0, 4.0, 4.0, 20.0, 8.0, 8.0, 0.0, 8.0, 4.0, 4.0]",112.0,112.0,4,ffe5xhmq,,,,,0
9,2mz5up3e,,0,308,307,post_exp,FinalForProlific,2026-05-12 16:19:08.496584,1,,,5955.0,3,,0.0,121ddd6b-3999-4e05-a2b3-d80bdfc8efba,2389.0,23.0,8.0,184.0,2573.0,,2600.0,20.0,,,,,0.0,0,,,2,17f3bde5-9e00-47d0-8909-b138b266b325,https://london-trader-6b45bffdcd02.herokuapp.com,wss://london-trader-6b45bffdcd02.herokuapp.com,,1,6,ng,non_gamified,human_only,0.0,0,15,"[8.0, 4.0, 20.0, 8.0, 8.0, 20.0, 20.0, 4.0, 20.0, 4.0, 20.0, 0.0, 8.0, 8.0, 8.0, 8.0, 8.0, 4.0, 4.0, 20.0, 0.0, 0.0, 8.0, 4.0, 4.0, 4.0, 20.0, 8.0, 8.0, 0.0, 8.0, 4.0, 4.0]",112.0,112.0,4,ffe5xhmq,,,,,0
10,keffe6of,,0,308,307,post_exp,FinalForProlific,2026-05-12 16:19:08.505946,1,,,4719.0,4,,0.0,6eb3648e-8876-4d12-96eb-7269067415d5,3899.0,9.0,8.0,72.0,3971.0,,3800.0,10.0,,,,,0.0,0,,,2,17f3bde5-9e00-47d0-8909-b138b266b325,https://london-trader-6b45bffdcd02.herokuapp.com,wss://london-trader-6b45bffdcd02.herokuapp.com,,1,6,ng,non_gamified,human_only,0.0,0,15,"[8.0, 4.0, 20.0, 8.0, 8.0, 20.0, 20.0, 4.0, 20.0, 4.0, 20.0, 0.0, 8.0, 8.0, 8.0, 8.0, 8.0, 4.0, 4.0, 20.0, 0.0, 0.0, 8.0, 4.0, 4.0, 4.0, 20.0, 8.0, 8.0, 0.0, 8.0, 4.0, 4.0]",112.0,112.0,4,ffe5xhmq,,,,,0
11,quvmw080,,0,308,307,post_exp,FinalForProlific,2026-05-12 16:19:08.538071,1,,,5573.0,5,,0.0,1fee9bd8-a0b5-414d-b996-84be8a4a131f,2600.0,21.0,8.0,168.0,2768.0,,2600.0,20.0,,,,,0.0,0,,,2,17f3bde5-9e00-47d0-8909-b138b266b325,https://london-trader-6b45bffdcd02.herokuapp.com,wss://london-trader-6b45bffdcd02.herokuapp.com,,1,6,ng,non_gamified,human_only,0.0,0,15,"[8.0, 4.0, 20.0, 8.0, 8.0, 20.0, 20.0, 4.0, 20.0, 4.0, 20.0, 0.0, 8.0, 8.0, 8.0, 8.0, 8.0, 4.0, 4.0, 20.0, 0.0, 0.0, 8.0, 4.0, 4.0, 4.0, 20.0, 8.0, 8.0, 0.0, 8.0, 4.0, 4.0]",112.0,112.0,4,ffe5xhmq,,,,,0
12,zmzx9bpp,,0,308,307,post_exp,FinalForProlific,2026-05-12 16:19:08.548095,1,,,5011.0,6,,0.0,e4da5453-0e94-4ba4-b1bb-3b711e2a2c8d,3912.0,12.0,8.0,96.0,4008.0,,3800.0,10.0,,,,,0.0,0,,,2,17f3bde5-9e00-47d0-8909-b138b266b325,https://london-trader-6b45bffdcd02.herokuapp.com,wss://london-trader-6b45bffdcd02.herokuapp.com,,1,6,ng,non_gamified,human_only,0.0,0,15,"[8.0, 4.0, 20.0, 8.0, 8.0, 20.0, 20.0, 4.0, 20.0, 4.0, 20.0, 0.0, 8.0, 8.0, 8.0, 8.0, 8.0, 4.0, 4.0, 20.0, 0.0, 0.0, 8.0, 4.0, 4.0, 4.0, 20.0, 8.0, 8.0, 0.0, 8.0, 4.0, 4.0]",112.0,112.0,4,ffe5xhmq,,,,,0
13,er9d8a5v,,0,308,307,post_exp,FinalForProlific,2026-05-12 16:19:08.558728,1,,,6590.0,1,,0.0,8199026d-b134-4c9c-8eb9-35b39d3ff423,2600.0,22.0,8.0,176.0,2776.0,,2600.0,20.0,,,,,0.0,0,,,3,9af49dc6-a1bd-40fe-b627-4a8dbdf93e45,https://london-trader-6b45bffdcd02.herokuapp.com,wss://london-trader-6b45bffdcd02.herokuapp.com,,1,2,ghp,gamified,human_only,0.0,1,15,"[8.0, 4.0, 20.0, 8.0, 8.0, 20.0, 20.0, 4.0, 20.0, 4.0, 20.0, 0.0, 8.0, 8.0, 8.0, 8.0, 8.0, 4.0, 4.0, 20.0, 0.0, 0.0, 8.0, 4.0, 4.0, 4.0, 20.0, 8.0, 8.0, 0.0, 8.0, 4.0, 4.0]",115.0,115.0,4,ffe5xhmq,,,,,0
14,r2eorolq,,0,308,307,post_exp,FinalForProlific,2026-05-12 16:19:08.574796,1,,,4974.0,2,,0.0,65041421-bea3-4034-ae77-04f68c6e46fc,3685.0,12.0,8.0,96.0,3781.0,,3800.0,10.0,,,,,0.0,0,,,3,9af49dc6-a1bd-40fe-b627-4a8dbdf93e45,https://london-trader-6b45bffdcd02.herokuapp.com,wss://london-trader-6b45bffdcd02.herokuapp.com,,1,2,ghp,gamified,human_only,0.0,1,15,"[8.0, 4.0, 20.0, 8.0, 8.0, 20.0, 20.0, 4.0, 20.0, 4.0, 20.0, 0.0, 8.0, 8.0, 8.0, 8.0, 8.0, 4.0, 4.0, 20.0, 0.0, 0.0, 8.0, 4.0, 4.0, 4.0, 20.0, 8.0, 8.0, 0.0, 8.0, 4.0, 4.0]",115.0,115.0,4,ffe5xhmq,,,,,0
1,viseix7p,,0,308,307,post_exp,FinalForProlific,2026-05-12 16:19:08.162574,1,,,4068.0,1,,0.0,3f3f926c-76bd-44db-b2dc-3e8e8ddbccb6,2765.0,21.0,8.0,168.0,2933.0,,2600.0,20.0,,,,,0.0,0,,,1,a5f35780-eeec-48f3-bd11-2a02633bc450,https://london-trader-6b45bffdcd02.herokuapp.com,wss://london-trader-6b45bffdcd02.herokuapp.com,,1,6,ghp,gamified,human_only,0.0,0,15,"[8.0, 4.0, 20.0, 8.0, 8.0, 20.0, 20.0, 4.0, 20.0, 4.0, 20.0, 0.0, 8.0, 8.0, 8.0, 8.0, 8.0, 4.0, 4.0, 20.0, 0.0, 0.0, 8.0, 4.0, 4.0, 4.0, 20.0, 8.0, 8.0, 0.0, 8.0, 4.0, 4.0]",84.99,84.99,5,ffe5xhmq,,,,,0
2,qhz5zte3,,0,308,307,post_exp,FinalForProlific,2026-05-12 16:19:08.174764,1,,,5491.0,2,,0.0,7263bda7-ce07-4527-829d-593539f9496a,3898.0,11.0,8.0,88.0,3986.0,,3800.0,10.0,,,,,0.0,0,,,1,a5f35780-eeec-48f3-bd11-2a02633bc450,https://london-trader-6b45bffdcd02.herokuapp.com,wss://london-trader-6b45bffdcd02.herokuapp.com,,1,6,ghp,gamified,human_only,0.0,0,15,"[8.0, 4.0, 20.0, 8.0, 8.0, 20.0, 20.0, 4.0, 20.0, 4.0, 20.0, 0.0, 8.0, 8.0, 8.0, 8.0, 8.0, 4.0, 4.0, 20.0, 0.0, 0.0, 8.0, 4.0, 4.0, 4.0, 20.0, 8.0, 8.0, 0.0, 8.0, 4.0, 4.0]",84.99,84.99,5,ffe5xhmq,,,,,0
3,kmcc2p31,,0,308,307,post_exp,FinalForProlific,2026-05-12 16:19:08.179802,1,,,6177.0,3,,0.0,d896d1d1-903a-4faf-af2e-bda1e25a47cc,2768.0,20.0,8.0,160.0,2928.0,,2600.0,20.0,,,,,0.0,0,,,1,a5f35780-eeec-48f3-bd11-2a02633bc450,https://london-trader-6b45bffdcd02.herokuapp.com,wss://london-trader-6b45bffdcd02.herokuapp.com,,1,6,ghp,gamified,human_only,0.0,0,15,"[8.0, 4.0, 20.0, 8.0, 8.0, 20.0, 20.0, 4.0, 20.0, 4.0, 20.0, 0.0, 8.0, 8.0, 8.0, 8.0, 8.0, 4.0, 4.0, 20.0, 0.0, 0.0, 8.0, 4.0, 4.0, 4.0, 20.0, 8.0, 8.0, 0.0, 8.0, 4.0, 4.0]",84.99,84.99,5,ffe5xhmq,,,,,0
4,snooaw5j,,0,308,307,post_exp,FinalForProlific,2026-05-12 16:19:08.185093,1,,,5310.0,4,,0.0,b051dea2-10fd-492e-a16a-123e7f6bc6ac,4042.99,8.0,8.0,64.0,4106.99,,3800.0,10.0,,,,,0.0,0,,,1,a5f35780-eeec-48f3-bd11-2a02633bc450,https://london-trader-6b45bffdcd02.herokuapp.com,wss://london-trader-6b45bffdcd02.herokuapp.com,,1,6,ghp,gamified,human_only,0.0,0,15,"[8.0, 4.0, 20.0, 8.0, 8.0, 20.0, 20.0, 4.0, 20.0, 4.0, 20.0, 0.0, 8.0, 8.0, 8.0, 8.0, 8.0, 4.0, 4.0, 20.0, 0.0, 0.0, 8.0, 4.0, 4.0, 4.0, 20.0, 8.0, 8.0, 0.0, 8.0, 4.0, 4.0]",84.99,84.99,5,ffe5xhmq,,,,,0
5,twrkr7hz,,0,308,307,post_exp,FinalForProlific,2026-05-12 16:19:08.193724,1,,,5777.0,5,,0.0,14a8161a-9d15-4590-8e4a-d60fa690d14e,2680.0,21.0,8.0,168.0,2848.0,,2600.0,20.0,,,,,0.0,0,,,1,a5f35780-eeec-48f3-bd11-2a02633bc450,https://london-trader-6b45bffdcd02.herokuapp.com,wss://london-trader-6b45bffdcd02.herokuapp.com,,1,6,ghp,gamified,human_only,0.0,0,15,"[8.0, 4.0, 20.0, 8.0, 8.0, 20.0, 20.0, 4.0, 20.0, 4.0, 20.0, 0.0, 8.0, 8.0, 8.0, 8.0, 8.0, 4.0, 4.0, 20.0, 0.0, 0.0, 8.0, 4.0, 4.0, 4.0, 20.0, 8.0, 8.0, 0.0, 8.0, 4.0, 4.0]",84.99,84.99,5,ffe5xhmq,,,,,0
6,hk3teh8u,,0,308,307,post_exp,FinalForProlific,2026-05-12 16:19:08.431171,1,,,5073.0,6,,0.0,6a27507f-b151-4a9f-b11f-d433b22aeb62,3790.01,12.0,8.0,96.0,3886.01,,3800.0,10.0,,,,,0.0,0,,,1,a5f35780-eeec-48f3-bd11-2a02633bc450,https://london-trader-6b45bffdcd02.herokuapp.com,wss://london-trader-6b45bffdcd02.herokuapp.com,,1,6,ghp,gamified,human_only,0.0,0,15,"[8.0, 4.0, 20.0, 8.0, 8.0, 20.0, 20.0, 4.0, 20.0, 4.0, 20.0, 0.0, 8.0, 8.0, 8.0, 8.0, 8.0, 4.0, 4.0, 20.0, 0.0, 0.0, 8.0, 4.0, 4.0, 4.0, 20.0, 8.0, 8.0, 0.0, 8.0, 4.0, 4.0]",84.99,84.99,5,ffe5xhmq,,,,,0
7,6kvq85km,,0,308,307,post_exp,FinalForProlific,2026-05-12 16:19:08.454950,1,,,5884.0,1,,0.0,c5382ee4-bd5b-45e4-8232-55a805c489d8,2760.0,20.0,8.0,160.0,2920.0,,2600.0,20.0,,,,,0.0,0,,,2,17f3bde5-9e00-47d0-8909-b138b266b325,https://london-trader-6b45bffdcd02.herokuapp.com,wss://london-trader-6b45bffdcd02.herokuapp.com,,1,6,ng,non_gamified,human_only,0.0,0,15,"[8.0, 4.0, 20.0, 8.0, 8.0, 20.0, 20.0, 4.0, 20.0, 4.0, 20.0, 0.0, 8.0, 8.0, 8.0, 8.0, 8.0, 4.0, 4.0, 20.0, 0.0, 0.0, 8.0, 4.0, 4.0, 4.0, 20.0, 8.0, 8.0, 0.0, 8.0, 4.0, 4.0]",112.0,112.0,5,ffe5xhmq,,,,,0
8,7dpcven3,,0,308,307,post_exp,FinalForProlific,2026-05-12 16:19:08.479580,1,,,5168.0,2,,0.0,8097813e-2f6f-40a4-be05-70c6d8d3bca7,3880.0,11.0,8.0,88.0,3968.0,,3800.0,10.0,,,,,0.0,0,,,2,17f3bde5-9e00-47d0-8909-b138b266b325,https://london-trader-6b45bffdcd02.herokuapp.com,wss://london-trader-6b45bffdcd02.herokuapp.com,,1,6,ng,non_gamified,human_only,0.0,0,15,"[8.0, 4.0, 20.0, 8.0, 8.0, 20.0, 20.0, 4.0, 20.0, 4.0, 20.0, 0.0, 8.0, 8.0, 8.0, 8.0, 8.0, 4.0, 4.0, 20.0, 0.0, 0.0, 8.0, 4.0, 4.0, 4.0, 20.0, 8.0, 8.0, 0.0, 8.0, 4.0, 4.0]",112.0,112.0,5,ffe5xhmq,,,,,0
9,2mz5up3e,,0,308,307,post_exp,FinalForProlific,2026-05-12 16:19:08.496584,1,,,5955.0,3,,0.0,121ddd6b-3999-4e05-a2b3-d80bdfc8efba,2573.0,23.0,8.0,184.0,2757.0,,2600.0,20.0,,,,,0.0,0,,,2,17f3bde5-9e00-47d0-8909-b138b266b325,https://london-trader-6b45bffdcd02.herokuapp.com,wss://london-trader-6b45bffdcd02.herokuapp.com,,1,6,ng,non_gamified,human_only,0.0,0,15,"[8.0, 4.0, 20.0, 8.0, 8.0, 20.0, 20.0, 4.0, 20.0, 4.0, 20.0, 0.0, 8.0, 8.0, 8.0, 8.0, 8.0, 4.0, 4.0, 20.0, 0.0, 0.0, 8.0, 4.0, 4.0, 4.0, 20.0, 8.0, 8.0, 0.0, 8.0, 4.0, 4.0]",112.0,112.0,5,ffe5xhmq,,,,,0
10,keffe6of,,0,308,307,post_exp,FinalForProlific,2026-05-12 16:19:08.505946,1,,,4719.0,4,,0.0,6eb3648e-8876-4d12-96eb-7269067415d5,3971.0,10.0,8.0,80.0,4051.0,,3800.0,10.0,,,,,0.0,0,,,2,17f3bde5-9e00-47d0-8909-b138b266b325,https://london-trader-6b45bffdcd02.herokuapp.com,wss://london-trader-6b45bffdcd02.herokuapp.com,,1,6,ng,non_gamified,human_only,0.0,0,15,"[8.0, 4.0, 20.0, 8.0, 8.0, 20.0, 20.0, 4.0, 20.0, 4.0, 20.0, 0.0, 8.0, 8.0, 8.0, 8.0, 8.0, 4.0, 4.0, 20.0, 0.0, 0.0, 8.0, 4.0, 4.0, 4.0, 20.0, 8.0, 8.0, 0.0, 8.0, 4.0, 4.0]",112.0,112.0,5,ffe5xhmq,,,,,0
11,quvmw080,,0,308,307,post_exp,FinalForProlific,2026-05-12 16:19:08.538071,1,,,5573.0,5,,0.0,1fee9bd8-a0b5-414d-b996-84be8a4a131f,2768.0,21.0,8.0,168.0,2936.0,,2600.0,20.0,,,,,0.0,0,,,2,17f3bde5-9e00-47d0-8909-b138b266b325,https://london-trader-6b45bffdcd02.herokuapp.com,wss://london-trader-6b45bffdcd02.herokuapp.com,,1,6,ng,non_gamified,human_only,0.0,0,15,"[8.0, 4.0, 20.0, 8.0, 8.0, 20.0, 20.0, 4.0, 20.0, 4.0, 20.0, 0.0, 8.0, 8.0, 8.0, 8.0, 8.0, 4.0, 4.0, 20.0, 0.0, 0.0, 8.0, 4.0, 4.0, 4.0, 20.0, 8.0, 8.0, 0.0, 8.0, 4.0, 4.0]",112.0,112.0,5,ffe5xhmq,,,,,0
12,zmzx9bpp,,0,308,307,post_exp,FinalForProlific,2026-05-12 16:19:08.548095,1,,,5011.0,6,,0.0,e4da5453-0e94-4ba4-b1bb-3b711e2a2c8d,4008.0,12.0,8.0,96.0,4104.0,,3800.0,10.0,,,,,0.0,0,,,2,17f3bde5-9e00-47d0-8909-b138b266b325,https://london-trader-6b45bffdcd02.herokuapp.com,wss://london-trader-6b45bffdcd02.herokuapp.com,,1,6,ng,non_gamified,human_only,0.0,0,15,"[8.0, 4.0, 20.0, 8.0, 8.0, 20.0, 20.0, 4.0, 20.0, 4.0, 20.0, 0.0, 8.0, 8.0, 8.0, 8.0, 8.0, 4.0, 4.0, 20.0, 0.0, 0.0, 8.0, 4.0, 4.0, 4.0, 20.0, 8.0, 8.0, 0.0, 8.0, 4.0, 4.0]",112.0,112.0,5,ffe5xhmq,,,,,0
13,er9d8a5v,,0,308,307,post_exp,FinalForProlific,2026-05-12 16:19:08.558728,1,,,6590.0,1,,0.0,8199026d-b134-4c9c-8eb9-35b39d3ff423,2548.0,23.0,8.0,184.0,2732.0,,2600.0,20.0,,,,,0.0,0,,,3,9af49dc6-a1bd-40fe-b627-4a8dbdf93e45,https://london-trader-6b45bffdcd02.herokuapp.com,wss://london-trader-6b45bffdcd02.herokuapp.com,,1,2,ghp,gamified,human_only,0.0,1,15,"[8.0, 4.0, 20.0, 8.0, 8.0, 20.0, 20.0, 4.0, 20.0, 4.0, 20.0, 0.0, 8.0, 8.0, 8.0, 8.0, 8.0, 4.0, 4.0, 20.0, 0.0, 0.0, 8.0, 4.0, 4.0, 4.0, 20.0, 8.0, 8.0, 0.0, 8.0, 4.0, 4.0]",115.0,115.0,5,ffe5xhmq,,,,,0
14,r2eorolq,,0,308,307,post_exp,FinalForProlific,2026-05-12 16:19:08.574796,1,,,4974.0,2,,0.0,65041421-bea3-4034-ae77-04f68c6e46fc,3670.0,12.0,8.0,96.0,3766.0,,3800.0,10.0,,,,,0.0,0,,,3,9af49dc6-a1bd-40fe-b627-4a8dbdf93e45,https://london-trader-6b45bffdcd02.herokuapp.com,wss://london-trader-6b45bffdcd02.herokuapp.com,,1,2,ghp,gamified,human_only,0.0,1,15,"[8.0, 4.0, 20.0, 8.0, 8.0, 20.0, 20.0, 4.0, 20.0, 4.0, 20.0, 0.0, 8.0, 8.0, 8.0, 8.0, 8.0, 4.0, 4.0, 20.0, 0.0, 0.0, 8.0, 4.0, 4.0, 4.0, 20.0, 8.0, 8.0, 0.0, 8.0, 4.0, 4.0]",115.0,115.0,5,ffe5xhmq,,,,,0
1,viseix7p,,0,308,307,post_exp,FinalForProlific,2026-05-12 16:19:08.162574,1,,,4068.0,1,,0.0,3f3f926c-76bd-44db-b2dc-3e8e8ddbccb6,2940.01,20.0,20.0,400.0,3340.01,,2600.0,20.0,0.0,0,,67.0,0.0,1,,,1,a5f35780-eeec-48f3-bd11-2a02633bc450,https://london-trader-6b45bffdcd02.herokuapp.com,wss://london-trader-6b45bffdcd02.herokuapp.com,,1,6,ghp,gamified,human_only,0.0,0,15,"[8.0, 4.0, 20.0, 8.0, 8.0, 20.0, 20.0, 4.0, 20.0, 4.0, 20.0, 0.0, 8.0, 8.0, 8.0, 8.0, 8.0, 4.0, 4.0, 20.0, 0.0, 0.0, 8.0, 4.0, 4.0, 4.0, 20.0, 8.0, 8.0, 0.0, 8.0, 4.0, 4.0]",72.0,72.0,6,ffe5xhmq,,,,,0
2,qhz5zte3,,0,308,307,post_exp,FinalForProlific,2026-05-12 16:19:08.174764,1,,,5491.0,2,,0.0,7263bda7-ce07-4527-829d-593539f9496a,3631.0,14.0,20.0,280.0,3911.0,,3800.0,10.0,0.0,0,,67.0,0.0,1,,,1,a5f35780-eeec-48f3-bd11-2a02633bc450,https://london-trader-6b45bffdcd02.herokuapp.com,wss://london-trader-6b45bffdcd02.herokuapp.com,,1,6,ghp,gamified,human_only,0.0,0,15,"[8.0, 4.0, 20.0, 8.0, 8.0, 20.0, 20.0, 4.0, 20.0, 4.0, 20.0, 0.0, 8.0, 8.0, 8.0, 8.0, 8.0, 4.0, 4.0, 20.0, 0.0, 0.0, 8.0, 4.0, 4.0, 4.0, 20.0, 8.0, 8.0, 0.0, 8.0, 4.0, 4.0]",72.0,72.0,6,ffe5xhmq,,,,,0
3,kmcc2p31,,0,308,307,post_exp,FinalForProlific,2026-05-12 16:19:08.179802,1,,,6177.0,3,,0.0,d896d1d1-903a-4faf-af2e-bda1e25a47cc,3186.99,18.0,20.0,360.0,3546.99,,2600.0,20.0,0.0,0,,67.0,0.0,1,,,1,a5f35780-eeec-48f3-bd11-2a02633bc450,https://london-trader-6b45bffdcd02.herokuapp.com,wss://london-trader-6b45bffdcd02.herokuapp.com,,1,6,ghp,gamified,human_only,0.0,0,15,"[8.0, 4.0, 20.0, 8.0, 8.0, 20.0, 20.0, 4.0, 20.0, 4.0, 20.0, 0.0, 8.0, 8.0, 8.0, 8.0, 8.0, 4.0, 4.0, 20.0, 0.0, 0.0, 8.0, 4.0, 4.0, 4.0, 20.0, 8.0, 8.0, 0.0, 8.0, 4.0, 4.0]",72.0,72.0,6,ffe5xhmq,,,,,0
4,snooaw5j,,0,308,307,post_exp,FinalForProlific,2026-05-12 16:19:08.185093,1,,,5310.0,4,,0.0,b051dea2-10fd-492e-a16a-123e7f6bc6ac,4106.99,8.0,20.0,160.0,4266.99,,3800.0,10.0,0.0,0,,67.0,0.0,1,,,1,a5f35780-eeec-48f3-bd11-2a02633bc450,https://london-trader-6b45bffdcd02.herokuapp.com,wss://london-trader-6b45bffdcd02.herokuapp.com,,1,6,ghp,gamified,human_only,0.0,0,15,"[8.0, 4.0, 20.0, 8.0, 8.0, 20.0, 20.0, 4.0, 20.0, 4.0, 20.0, 0.0, 8.0, 8.0, 8.0, 8.0, 8.0, 4.0, 4.0, 20.0, 0.0, 0.0, 8.0, 4.0, 4.0, 4.0, 20.0, 8.0, 8.0, 0.0, 8.0, 4.0, 4.0]",72.0,72.0,6,ffe5xhmq,,,,,0
5,twrkr7hz,,0,308,307,post_exp,FinalForProlific,2026-05-12 16:19:08.193724,1,,,5777.0,5,,0.0,14a8161a-9d15-4590-8e4a-d60fa690d14e,2920.0,20.0,20.0,400.0,3320.0,,2600.0,20.0,0.0,0,,67.0,0.0,1,,,1,a5f35780-eeec-48f3-bd11-2a02633bc450,https://london-trader-6b45bffdcd02.herokuapp.com,wss://london-trader-6b45bffdcd02.herokuapp.com,,1,6,ghp,gamified,human_only,0.0,0,15,"[8.0, 4.0, 20.0, 8.0, 8.0, 20.0, 20.0, 4.0, 20.0, 4.0, 20.0, 0.0, 8.0, 8.0, 8.0, 8.0, 8.0, 4.0, 4.0, 20.0, 0.0, 0.0, 8.0, 4.0, 4.0, 4.0, 20.0, 8.0, 8.0, 0.0, 8.0, 4.0, 4.0]",72.0,72.0,6,ffe5xhmq,,,,,0
6,hk3teh8u,,0,308,307,post_exp,FinalForProlific,2026-05-12 16:19:08.431171,1,,,5073.0,6,,0.0,6a27507f-b151-4a9f-b11f-d433b22aeb62,3903.01,11.0,20.0,220.0,4123.01,,3800.0,10.0,0.0,0,,67.0,0.0,1,,,1,a5f35780-eeec-48f3-bd11-2a02633bc450,https://london-trader-6b45bffdcd02.herokuapp.com,wss://london-trader-6b45bffdcd02.herokuapp.com,,1,6,ghp,gamified,human_only,0.0,0,15,"[8.0, 4.0, 20.0, 8.0, 8.0, 20.0, 20.0, 4.0, 20.0, 4.0, 20.0, 0.0, 8.0, 8.0, 8.0, 8.0, 8.0, 4.0, 4.0, 20.0, 0.0, 0.0, 8.0, 4.0, 4.0, 4.0, 20.0, 8.0, 8.0, 0.0, 8.0, 4.0, 4.0]",72.0,72.0,6,ffe5xhmq,,,,,0
7,6kvq85km,,0,308,307,post_exp,FinalForProlific,2026-05-12 16:19:08.454950,1,,,5884.0,1,,0.0,c5382ee4-bd5b-45e4-8232-55a805c489d8,2920.0,20.0,20.0,400.0,3320.0,,2600.0,20.0,0.0,0,,90.5,0.0,1,,,2,17f3bde5-9e00-47d0-8909-b138b266b325,https://london-trader-6b45bffdcd02.herokuapp.com,wss://london-trader-6b45bffdcd02.herokuapp.com,,1,6,ng,non_gamified,human_only,0.0,0,15,"[8.0, 4.0, 20.0, 8.0, 8.0, 20.0, 20.0, 4.0, 20.0, 4.0, 20.0, 0.0, 8.0, 8.0, 8.0, 8.0, 8.0, 4.0, 4.0, 20.0, 0.0, 0.0, 8.0, 4.0, 4.0, 4.0, 20.0, 8.0, 8.0, 0.0, 8.0, 4.0, 4.0]",95.0,95.0,6,ffe5xhmq,,,,,0
8,7dpcven3,,0,308,307,post_exp,FinalForProlific,2026-05-12 16:19:08.479580,1,,,5168.0,2,,0.0,8097813e-2f6f-40a4-be05-70c6d8d3bca7,3875.0,11.0,20.0,220.0,4095.0,,3800.0,10.0,90.0,3,"{""forecast_price_next_day"":90,""forecast_confidence_next_day"":3}",90.5,20.0,1,,,2,17f3bde5-9e00-47d0-8909-b138b266b325,https://london-trader-6b45bffdcd02.herokuapp.com,wss://london-trader-6b45bffdcd02.herokuapp.com,,1,6,ng,non_gamified,human_only,0.0,0,15,"[8.0, 4.0, 20.0, 8.0, 8.0, 20.0, 20.0, 4.0, 20.0, 4.0, 20.0, 0.0, 8.0, 8.0, 8.0, 8.0, 8.0, 4.0, 4.0, 20.0, 0.0, 0.0, 8.0, 4.0, 4.0, 4.0, 20.0, 8.0, 8.0, 0.0, 8.0, 4.0, 4.0]",95.0,95.0,6,ffe5xhmq,,,,,0
9,2mz5up3e,,0,308,307,post_exp,FinalForProlific,2026-05-12 16:19:08.496584,1,,,5955.0,3,,0.0,121ddd6b-3999-4e05-a2b3-d80bdfc8efba,2562.0,24.0,20.0,480.0,3042.0,,2600.0,20.0,0.0,0,,90.5,0.0,1,,,2,17f3bde5-9e00-47d0-8909-b138b266b325,https://london-trader-6b45bffdcd02.herokuapp.com,wss://london-trader-6b45bffdcd02.herokuapp.com,,1,6,ng,non_gamified,human_only,0.0,0,15,"[8.0, 4.0, 20.0, 8.0, 8.0, 20.0, 20.0, 4.0, 20.0, 4.0, 20.0, 0.0, 8.0, 8.0, 8.0, 8.0, 8.0, 4.0, 4.0, 20.0, 0.0, 0.0, 8.0, 4.0, 4.0, 4.0, 20.0, 8.0, 8.0, 0.0, 8.0, 4.0, 4.0]",95.0,95.0,6,ffe5xhmq,,,,,0
10,keffe6of,,0,308,307,post_exp,FinalForProlific,2026-05-12 16:19:08.505946,1,,,4719.0,4,,0.0,6eb3648e-8876-4d12-96eb-7269067415d5,4051.0,9.0,20.0,180.0,4231.0,,3800.0,10.0,0.0,0,,90.5,0.0,1,,,2,17f3bde5-9e00-47d0-8909-b138b266b325,https://london-trader-6b45bffdcd02.herokuapp.com,wss://london-trader-6b45bffdcd02.herokuapp.com,,1,6,ng,non_gamified,human_only,0.0,0,15,"[8.0, 4.0, 20.0, 8.0, 8.0, 20.0, 20.0, 4.0, 20.0, 4.0, 20.0, 0.0, 8.0, 8.0, 8.0, 8.0, 8.0, 4.0, 4.0, 20.0, 0.0, 0.0, 8.0, 4.0, 4.0, 4.0, 20.0, 8.0, 8.0, 0.0, 8.0, 4.0, 4.0]",95.0,95.0,6,ffe5xhmq,,,,,0
11,quvmw080,,0,308,307,post_exp,FinalForProlific,2026-05-12 16:19:08.538071,1,,,5573.0,5,,0.0,1fee9bd8-a0b5-414d-b996-84be8a4a131f,3029.0,20.0,20.0,400.0,3429.0,,2600.0,20.0,0.0,0,,90.5,0.0,1,,,2,17f3bde5-9e00-47d0-8909-b138b266b325,https://london-trader-6b45bffdcd02.herokuapp.com,wss://london-trader-6b45bffdcd02.herokuapp.com,,1,6,ng,non_gamified,human_only,0.0,0,15,"[8.0, 4.0, 20.0, 8.0, 8.0, 20.0, 20.0, 4.0, 20.0, 4.0, 20.0, 0.0, 8.0, 8.0, 8.0, 8.0, 8.0, 4.0, 4.0, 20.0, 0.0, 0.0, 8.0, 4.0, 4.0, 4.0, 20.0, 8.0, 8.0, 0.0, 8.0, 4.0, 4.0]",95.0,95.0,6,ffe5xhmq,,,,,0
12,zmzx9bpp,,0,308,307,post_exp,FinalForProlific,2026-05-12 16:19:08.548095,1,,,5011.0,6,,0.0,e4da5453-0e94-4ba4-b1bb-3b711e2a2c8d,4299.0,9.0,20.0,180.0,4479.0,,3800.0,10.0,0.0,0,,90.5,0.0,1,,,2,17f3bde5-9e00-47d0-8909-b138b266b325,https://london-trader-6b45bffdcd02.herokuapp.com,wss://london-trader-6b45bffdcd02.herokuapp.com,,1,6,ng,non_gamified,human_only,0.0,0,15,"[8.0, 4.0, 20.0, 8.0, 8.0, 20.0, 20.0, 4.0, 20.0, 4.0, 20.0, 0.0, 8.0, 8.0, 8.0, 8.0, 8.0, 4.0, 4.0, 20.0, 0.0, 0.0, 8.0, 4.0, 4.0, 4.0, 20.0, 8.0, 8.0, 0.0, 8.0, 4.0, 4.0]",95.0,95.0,6,ffe5xhmq,,,,,0
13,er9d8a5v,,0,308,307,post_exp,FinalForProlific,2026-05-12 16:19:08.558728,1,,,6590.0,1,,0.0,8199026d-b134-4c9c-8eb9-35b39d3ff423,2732.0,24.0,20.0,480.0,3212.0,,2600.0,20.0,110.0,2,"{""forecast_price_next_day"":110,""forecast_confidence_next_day"":2}",111.0,20.0,1,,,3,9af49dc6-a1bd-40fe-b627-4a8dbdf93e45,https://london-trader-6b45bffdcd02.herokuapp.com,wss://london-trader-6b45bffdcd02.herokuapp.com,,1,2,ghp,gamified,human_only,0.0,1,15,"[8.0, 4.0, 20.0, 8.0, 8.0, 20.0, 20.0, 4.0, 20.0, 4.0, 20.0, 0.0, 8.0, 8.0, 8.0, 8.0, 8.0, 4.0, 4.0, 20.0, 0.0, 0.0, 8.0, 4.0, 4.0, 4.0, 20.0, 8.0, 8.0, 0.0, 8.0, 4.0, 4.0]",115.0,115.0,6,ffe5xhmq,,,,,0
14,r2eorolq,,0,308,307,post_exp,FinalForProlific,2026-05-12 16:19:08.574796,1,,,4974.0,2,,0.0,65041421-bea3-4034-ae77-04f68c6e46fc,3766.0,12.0,20.0,240.0,4006.0,,3800.0,10.0,0.0,0,,111.0,0.0,1,,,3,9af49dc6-a1bd-40fe-b627-4a8dbdf93e45,https://london-trader-6b45bffdcd02.herokuapp.com,wss://london-trader-6b45bffdcd02.herokuapp.com,,1,2,ghp,gamified,human_only,0.0,1,15,"[8.0, 4.0, 20.0, 8.0, 8.0, 20.0, 20.0, 4.0, 20.0, 4.0, 20.0, 0.0, 8.0, 8.0, 8.0, 8.0, 8.0, 4.0, 4.0, 20.0, 0.0, 0.0, 8.0, 4.0, 4.0, 4.0, 20.0, 8.0, 8.0, 0.0, 8.0, 4.0, 4.0]",115.0,115.0,6,ffe5xhmq,,,,,0
1,viseix7p,,0,308,307,post_exp,FinalForProlific,2026-05-12 16:19:08.162574,1,,,4068.0,1,,0.0,3f3f926c-76bd-44db-b2dc-3e8e8ddbccb6,3486.01,20.0,20.0,400.0,3886.01,,2600.0,20.0,,,,,0.0,0,,,1,a5f35780-eeec-48f3-bd11-2a02633bc450,https://london-trader-6b45bffdcd02.herokuapp.com,wss://london-trader-6b45bffdcd02.herokuapp.com,,1,6,ghp,gamified,human_only,0.0,0,15,"[8.0, 4.0, 20.0, 8.0, 8.0, 20.0, 20.0, 4.0, 20.0, 4.0, 20.0, 0.0, 8.0, 8.0, 8.0, 8.0, 8.0, 4.0, 4.0, 20.0, 0.0, 0.0, 8.0, 4.0, 4.0, 4.0, 20.0, 8.0, 8.0, 0.0, 8.0, 4.0, 4.0]",67.0,67.0,7,ffe5xhmq,,,,,0
2,qhz5zte3,,0,308,307,post_exp,FinalForProlific,2026-05-12 16:19:08.174764,1,,,5491.0,2,,0.0,7263bda7-ce07-4527-829d-593539f9496a,3911.0,16.0,20.0,320.0,4231.0,,3800.0,10.0,,,,,0.0,0,,,1,a5f35780-eeec-48f3-bd11-2a02633bc450,https://london-trader-6b45bffdcd02.herokuapp.com,wss://london-trader-6b45bffdcd02.herokuapp.com,,1,6,ghp,gamified,human_only,0.0,0,15,"[8.0, 4.0, 20.0, 8.0, 8.0, 20.0, 20.0, 4.0, 20.0, 4.0, 20.0, 0.0, 8.0, 8.0, 8.0, 8.0, 8.0, 4.0, 4.0, 20.0, 0.0, 0.0, 8.0, 4.0, 4.0, 4.0, 20.0, 8.0, 8.0, 0.0, 8.0, 4.0, 4.0]",67.0,67.0,7,ffe5xhmq,,,,,0
3,kmcc2p31,,0,308,307,post_exp,FinalForProlific,2026-05-12 16:19:08.179802,1,,,6177.0,3,,0.0,d896d1d1-903a-4faf-af2e-bda1e25a47cc,3330.99,20.0,20.0,400.0,3730.99,,2600.0,20.0,,,,,0.0,0,,,1,a5f35780-eeec-48f3-bd11-2a02633bc450,https://london-trader-6b45bffdcd02.herokuapp.com,wss://london-trader-6b45bffdcd02.herokuapp.com,,1,6,ghp,gamified,human_only,0.0,0,15,"[8.0, 4.0, 20.0, 8.0, 8.0, 20.0, 20.0, 4.0, 20.0, 4.0, 20.0, 0.0, 8.0, 8.0, 8.0, 8.0, 8.0, 4.0, 4.0, 20.0, 0.0, 0.0, 8.0, 4.0, 4.0, 4.0, 20.0, 8.0, 8.0, 0.0, 8.0, 4.0, 4.0]",67.0,67.0,7,ffe5xhmq,,,,,0
4,snooaw5j,,0,308,307,post_exp,FinalForProlific,2026-05-12 16:19:08.185093,1,,,5310.0,4,,0.0,b051dea2-10fd-492e-a16a-123e7f6bc6ac,4336.99,7.0,20.0,140.0,4476.99,,3800.0,10.0,,,,,0.0,0,,,1,a5f35780-eeec-48f3-bd11-2a02633bc450,https://london-trader-6b45bffdcd02.herokuapp.com,wss://london-trader-6b45bffdcd02.herokuapp.com,,1,6,ghp,gamified,human_only,0.0,0,15,"[8.0, 4.0, 20.0, 8.0, 8.0, 20.0, 20.0, 4.0, 20.0, 4.0, 20.0, 0.0, 8.0, 8.0, 8.0, 8.0, 8.0, 4.0, 4.0, 20.0, 0.0, 0.0, 8.0, 4.0, 4.0, 4.0, 20.0, 8.0, 8.0, 0.0, 8.0, 4.0, 4.0]",67.0,67.0,7,ffe5xhmq,,,,,0
5,twrkr7hz,,0,308,307,post_exp,FinalForProlific,2026-05-12 16:19:08.193724,1,,,5777.0,5,,0.0,14a8161a-9d15-4590-8e4a-d60fa690d14e,3245.0,21.0,20.0,420.0,3665.0,,2600.0,20.0,,,,,0.0,0,,,1,a5f35780-eeec-48f3-bd11-2a02633bc450,https://london-trader-6b45bffdcd02.herokuapp.com,wss://london-trader-6b45bffdcd02.herokuapp.com,,1,6,ghp,gamified,human_only,0.0,0,15,"[8.0, 4.0, 20.0, 8.0, 8.0, 20.0, 20.0, 4.0, 20.0, 4.0, 20.0, 0.0, 8.0, 8.0, 8.0, 8.0, 8.0, 4.0, 4.0, 20.0, 0.0, 0.0, 8.0, 4.0, 4.0, 4.0, 20.0, 8.0, 8.0, 0.0, 8.0, 4.0, 4.0]",67.0,67.0,7,ffe5xhmq,,,,,0
6,hk3teh8u,,0,308,307,post_exp,FinalForProlific,2026-05-12 16:19:08.431171,1,,,5073.0,6,,0.0,6a27507f-b151-4a9f-b11f-d433b22aeb62,4198.01,10.0,20.0,200.0,4398.01,,3800.0,10.0,,,,,0.0,0,,,1,a5f35780-eeec-48f3-bd11-2a02633bc450,https://london-trader-6b45bffdcd02.herokuapp.com,wss://london-trader-6b45bffdcd02.herokuapp.com,,1,6,ghp,gamified,human_only,0.0,0,15,"[8.0, 4.0, 20.0, 8.0, 8.0, 20.0, 20.0, 4.0, 20.0, 4.0, 20.0, 0.0, 8.0, 8.0, 8.0, 8.0, 8.0, 4.0, 4.0, 20.0, 0.0, 0.0, 8.0, 4.0, 4.0, 4.0, 20.0, 8.0, 8.0, 0.0, 8.0, 4.0, 4.0]",67.0,67.0,7,ffe5xhmq,,,,,0
7,6kvq85km,,0,308,307,post_exp,FinalForProlific,2026-05-12 16:19:08.454950,1,,,5884.0,1,,0.0,c5382ee4-bd5b-45e4-8232-55a805c489d8,3229.5,21.0,20.0,420.0,3649.5,,2600.0,20.0,,,,,0.0,0,,,2,17f3bde5-9e00-47d0-8909-b138b266b325,https://london-trader-6b45bffdcd02.herokuapp.com,wss://london-trader-6b45bffdcd02.herokuapp.com,,1,6,ng,non_gamified,human_only,0.0,0,15,"[8.0, 4.0, 20.0, 8.0, 8.0, 20.0, 20.0, 4.0, 20.0, 4.0, 20.0, 0.0, 8.0, 8.0, 8.0, 8.0, 8.0, 4.0, 4.0, 20.0, 0.0, 0.0, 8.0, 4.0, 4.0, 4.0, 20.0, 8.0, 8.0, 0.0, 8.0, 4.0, 4.0]",90.5,90.5,7,ffe5xhmq,,,,,0
8,7dpcven3,,0,308,307,post_exp,FinalForProlific,2026-05-12 16:19:08.479580,1,,,5168.0,2,,0.0,8097813e-2f6f-40a4-be05-70c6d8d3bca7,4185.5,11.0,20.0,220.0,4405.5,,3800.0,10.0,,,,,0.0,0,,,2,17f3bde5-9e00-47d0-8909-b138b266b325,https://london-trader-6b45bffdcd02.herokuapp.com,wss://london-trader-6b45bffdcd02.herokuapp.com,,1,6,ng,non_gamified,human_only,0.0,0,15,"[8.0, 4.0, 20.0, 8.0, 8.0, 20.0, 20.0, 4.0, 20.0, 4.0, 20.0, 0.0, 8.0, 8.0, 8.0, 8.0, 8.0, 4.0, 4.0, 20.0, 0.0, 0.0, 8.0, 4.0, 4.0, 4.0, 20.0, 8.0, 8.0, 0.0, 8.0, 4.0, 4.0]",90.5,90.5,7,ffe5xhmq,,,,,0
9,2mz5up3e,,0,308,307,post_exp,FinalForProlific,2026-05-12 16:19:08.496584,1,,,5955.0,3,,0.0,121ddd6b-3999-4e05-a2b3-d80bdfc8efba,3042.0,24.0,20.0,480.0,3522.0,,2600.0,20.0,,,,,0.0,0,,,2,17f3bde5-9e00-47d0-8909-b138b266b325,https://london-trader-6b45bffdcd02.herokuapp.com,wss://london-trader-6b45bffdcd02.herokuapp.com,,1,6,ng,non_gamified,human_only,0.0,0,15,"[8.0, 4.0, 20.0, 8.0, 8.0, 20.0, 20.0, 4.0, 20.0, 4.0, 20.0, 0.0, 8.0, 8.0, 8.0, 8.0, 8.0, 4.0, 4.0, 20.0, 0.0, 0.0, 8.0, 4.0, 4.0, 4.0, 20.0, 8.0, 8.0, 0.0, 8.0, 4.0, 4.0]",90.5,90.5,7,ffe5xhmq,,,,,0
10,keffe6of,,0,308,307,post_exp,FinalForProlific,2026-05-12 16:19:08.505946,1,,,4719.0,4,,0.0,6eb3648e-8876-4d12-96eb-7269067415d5,4231.0,10.0,20.0,200.0,4431.0,,3800.0,10.0,,,,,0.0,0,,,2,17f3bde5-9e00-47d0-8909-b138b266b325,https://london-trader-6b45bffdcd02.herokuapp.com,wss://london-trader-6b45bffdcd02.herokuapp.com,,1,6,ng,non_gamified,human_only,0.0,0,15,"[8.0, 4.0, 20.0, 8.0, 8.0, 20.0, 20.0, 4.0, 20.0, 4.0, 20.0, 0.0, 8.0, 8.0, 8.0, 8.0, 8.0, 4.0, 4.0, 20.0, 0.0, 0.0, 8.0, 4.0, 4.0, 4.0, 20.0, 8.0, 8.0, 0.0, 8.0, 4.0, 4.0]",90.5,90.5,7,ffe5xhmq,,,,,0
11,quvmw080,,0,308,307,post_exp,FinalForProlific,2026-05-12 16:19:08.538071,1,,,5573.0,5,,0.0,1fee9bd8-a0b5-414d-b996-84be8a4a131f,3338.0,21.0,20.0,420.0,3758.0,,2600.0,20.0,,,,,0.0,0,,,2,17f3bde5-9e00-47d0-8909-b138b266b325,https://london-trader-6b45bffdcd02.herokuapp.com,wss://london-trader-6b45bffdcd02.herokuapp.com,,1,6,ng,non_gamified,human_only,0.0,0,15,"[8.0, 4.0, 20.0, 8.0, 8.0, 20.0, 20.0, 4.0, 20.0, 4.0, 20.0, 0.0, 8.0, 8.0, 8.0, 8.0, 8.0, 4.0, 4.0, 20.0, 0.0, 0.0, 8.0, 4.0, 4.0, 4.0, 20.0, 8.0, 8.0, 0.0, 8.0, 4.0, 4.0]",90.5,90.5,7,ffe5xhmq,,,,,0
12,zmzx9bpp,,0,308,307,post_exp,FinalForProlific,2026-05-12 16:19:08.548095,1,,,5011.0,6,,0.0,e4da5453-0e94-4ba4-b1bb-3b711e2a2c8d,4570.0,7.0,20.0,140.0,4710.0,,3800.0,10.0,,,,,0.0,0,,,2,17f3bde5-9e00-47d0-8909-b138b266b325,https://london-trader-6b45bffdcd02.herokuapp.com,wss://london-trader-6b45bffdcd02.herokuapp.com,,1,6,ng,non_gamified,human_only,0.0,0,15,"[8.0, 4.0, 20.0, 8.0, 8.0, 20.0, 20.0, 4.0, 20.0, 4.0, 20.0, 0.0, 8.0, 8.0, 8.0, 8.0, 8.0, 4.0, 4.0, 20.0, 0.0, 0.0, 8.0, 4.0, 4.0, 4.0, 20.0, 8.0, 8.0, 0.0, 8.0, 4.0, 4.0]",90.5,90.5,7,ffe5xhmq,,,,,0
13,er9d8a5v,,0,308,307,post_exp,FinalForProlific,2026-05-12 16:19:08.558728,1,,,6590.0,1,,0.0,8199026d-b134-4c9c-8eb9-35b39d3ff423,3215.75,23.0,20.0,460.0,3675.75,,2600.0,20.0,,,,,0.0,0,,,3,9af49dc6-a1bd-40fe-b627-4a8dbdf93e45,https://london-trader-6b45bffdcd02.herokuapp.com,wss://london-trader-6b45bffdcd02.herokuapp.com,,1,2,ghp,gamified,human_only,0.0,1,15,"[8.0, 4.0, 20.0, 8.0, 8.0, 20.0, 20.0, 4.0, 20.0, 4.0, 20.0, 0.0, 8.0, 8.0, 8.0, 8.0, 8.0, 4.0, 4.0, 20.0, 0.0, 0.0, 8.0, 4.0, 4.0, 4.0, 20.0, 8.0, 8.0, 0.0, 8.0, 4.0, 4.0]",111.0,111.0,7,ffe5xhmq,,,,,0
14,r2eorolq,,0,308,307,post_exp,FinalForProlific,2026-05-12 16:19:08.574796,1,,,4974.0,2,,0.0,65041421-bea3-4034-ae77-04f68c6e46fc,4117.0,11.0,20.0,220.0,4337.0,,3800.0,10.0,,,,,0.0,0,,,3,9af49dc6-a1bd-40fe-b627-4a8dbdf93e45,https://london-trader-6b45bffdcd02.herokuapp.com,wss://london-trader-6b45bffdcd02.herokuapp.com,,1,2,ghp,gamified,human_only,0.0,1,15,"[8.0, 4.0, 20.0, 8.0, 8.0, 20.0, 20.0, 4.0, 20.0, 4.0, 20.0, 0.0, 8.0, 8.0, 8.0, 8.0, 8.0, 4.0, 4.0, 20.0, 0.0, 0.0, 8.0, 4.0, 4.0, 4.0, 20.0, 8.0, 8.0, 0.0, 8.0, 4.0, 4.0]",111.0,111.0,7,ffe5xhmq,,,,,0
1,viseix7p,,0,308,307,post_exp,FinalForProlific,2026-05-12 16:19:08.162574,1,,,4068.0,1,,0.0,3f3f926c-76bd-44db-b2dc-3e8e8ddbccb6,3886.01,18.0,4.0,72.0,3958.01,,2600.0,20.0,,,,,0.0,0,,,1,a5f35780-eeec-48f3-bd11-2a02633bc450,https://london-trader-6b45bffdcd02.herokuapp.com,wss://london-trader-6b45bffdcd02.herokuapp.com,,1,6,ghp,gamified,human_only,0.0,0,15,"[8.0, 4.0, 20.0, 8.0, 8.0, 20.0, 20.0, 4.0, 20.0, 4.0, 20.0, 0.0, 8.0, 8.0, 8.0, 8.0, 8.0, 4.0, 4.0, 20.0, 0.0, 0.0, 8.0, 4.0, 4.0, 4.0, 20.0, 8.0, 8.0, 0.0, 8.0, 4.0, 4.0]",70.5,70.5,8,ffe5xhmq,,,,,0
2,qhz5zte3,,0,308,307,post_exp,FinalForProlific,2026-05-12 16:19:08.174764,1,,,5491.0,2,,0.0,7263bda7-ce07-4527-829d-593539f9496a,4371.5,15.0,4.0,60.0,4431.5,,3800.0,10.0,,,,,0.0,0,,,1,a5f35780-eeec-48f3-bd11-2a02633bc450,https://london-trader-6b45bffdcd02.herokuapp.com,wss://london-trader-6b45bffdcd02.herokuapp.com,,1,6,ghp,gamified,human_only,0.0,0,15,"[8.0, 4.0, 20.0, 8.0, 8.0, 20.0, 20.0, 4.0, 20.0, 4.0, 20.0, 0.0, 8.0, 8.0, 8.0, 8.0, 8.0, 4.0, 4.0, 20.0, 0.0, 0.0, 8.0, 4.0, 4.0, 4.0, 20.0, 8.0, 8.0, 0.0, 8.0, 4.0, 4.0]",70.5,70.5,8,ffe5xhmq,,,,,0
3,kmcc2p31,,0,308,307,post_exp,FinalForProlific,2026-05-12 16:19:08.179802,1,,,6177.0,3,,0.0,d896d1d1-903a-4faf-af2e-bda1e25a47cc,3455.99,24.0,4.0,96.0,3551.99,,2600.0,20.0,,,,,0.0,0,,,1,a5f35780-eeec-48f3-bd11-2a02633bc450,https://london-trader-6b45bffdcd02.herokuapp.com,wss://london-trader-6b45bffdcd02.herokuapp.com,,1,6,ghp,gamified,human_only,0.0,0,15,"[8.0, 4.0, 20.0, 8.0, 8.0, 20.0, 20.0, 4.0, 20.0, 4.0, 20.0, 0.0, 8.0, 8.0, 8.0, 8.0, 8.0, 4.0, 4.0, 20.0, 0.0, 0.0, 8.0, 4.0, 4.0, 4.0, 20.0, 8.0, 8.0, 0.0, 8.0, 4.0, 4.0]",70.5,70.5,8,ffe5xhmq,,,,,0
4,snooaw5j,,0,308,307,post_exp,FinalForProlific,2026-05-12 16:19:08.185093,1,,,5310.0,4,,0.0,b051dea2-10fd-492e-a16a-123e7f6bc6ac,4544.49,6.0,4.0,24.0,4568.49,,3800.0,10.0,,,,,0.0,0,,,1,a5f35780-eeec-48f3-bd11-2a02633bc450,https://london-trader-6b45bffdcd02.herokuapp.com,wss://london-trader-6b45bffdcd02.herokuapp.com,,1,6,ghp,gamified,human_only,0.0,0,15,"[8.0, 4.0, 20.0, 8.0, 8.0, 20.0, 20.0, 4.0, 20.0, 4.0, 20.0, 0.0, 8.0, 8.0, 8.0, 8.0, 8.0, 4.0, 4.0, 20.0, 0.0, 0.0, 8.0, 4.0, 4.0, 4.0, 20.0, 8.0, 8.0, 0.0, 8.0, 4.0, 4.0]",70.5,70.5,8,ffe5xhmq,,,,,0
5,twrkr7hz,,0,308,307,post_exp,FinalForProlific,2026-05-12 16:19:08.193724,1,,,5777.0,5,,0.0,14a8161a-9d15-4590-8e4a-d60fa690d14e,3595.0,22.0,4.0,88.0,3683.0,,2600.0,20.0,,,,,0.0,0,,,1,a5f35780-eeec-48f3-bd11-2a02633bc450,https://london-trader-6b45bffdcd02.herokuapp.com,wss://london-trader-6b45bffdcd02.herokuapp.com,,1,6,ghp,gamified,human_only,0.0,0,15,"[8.0, 4.0, 20.0, 8.0, 8.0, 20.0, 20.0, 4.0, 20.0, 4.0, 20.0, 0.0, 8.0, 8.0, 8.0, 8.0, 8.0, 4.0, 4.0, 20.0, 0.0, 0.0, 8.0, 4.0, 4.0, 4.0, 20.0, 8.0, 8.0, 0.0, 8.0, 4.0, 4.0]",70.5,70.5,8,ffe5xhmq,,,,,0
6,hk3teh8u,,0,308,307,post_exp,FinalForProlific,2026-05-12 16:19:08.431171,1,,,5073.0,6,,0.0,6a27507f-b151-4a9f-b11f-d433b22aeb62,4535.01,9.0,4.0,36.0,4571.01,,3800.0,10.0,,,,,0.0,0,,,1,a5f35780-eeec-48f3-bd11-2a02633bc450,https://london-trader-6b45bffdcd02.herokuapp.com,wss://london-trader-6b45bffdcd02.herokuapp.com,,1,6,ghp,gamified,human_only,0.0,0,15,"[8.0, 4.0, 20.0, 8.0, 8.0, 20.0, 20.0, 4.0, 20.0, 4.0, 20.0, 0.0, 8.0, 8.0, 8.0, 8.0, 8.0, 4.0, 4.0, 20.0, 0.0, 0.0, 8.0, 4.0, 4.0, 4.0, 20.0, 8.0, 8.0, 0.0, 8.0, 4.0, 4.0]",70.5,70.5,8,ffe5xhmq,,,,,0
7,6kvq85km,,0,308,307,post_exp,FinalForProlific,2026-05-12 16:19:08.454950,1,,,5884.0,1,,0.0,c5382ee4-bd5b-45e4-8232-55a805c489d8,3739.5,20.0,4.0,80.0,3819.5,,2600.0,20.0,,,,,0.0,0,,,2,17f3bde5-9e00-47d0-8909-b138b266b325,https://london-trader-6b45bffdcd02.herokuapp.com,wss://london-trader-6b45bffdcd02.herokuapp.com,,1,6,ng,non_gamified,human_only,0.0,0,15,"[8.0, 4.0, 20.0, 8.0, 8.0, 20.0, 20.0, 4.0, 20.0, 4.0, 20.0, 0.0, 8.0, 8.0, 8.0, 8.0, 8.0, 4.0, 4.0, 20.0, 0.0, 0.0, 8.0, 4.0, 4.0, 4.0, 20.0, 8.0, 8.0, 0.0, 8.0, 4.0, 4.0]",88.5,88.5,8,ffe5xhmq,,,,,0
8,7dpcven3,,0,308,307,post_exp,FinalForProlific,2026-05-12 16:19:08.479580,1,,,5168.0,2,,0.0,8097813e-2f6f-40a4-be05-70c6d8d3bca7,4317.0,12.0,4.0,48.0,4365.0,,3800.0,10.0,,,,,0.0,0,,,2,17f3bde5-9e00-47d0-8909-b138b266b325,https://london-trader-6b45bffdcd02.herokuapp.com,wss://london-trader-6b45bffdcd02.herokuapp.com,,1,6,ng,non_gamified,human_only,0.0,0,15,"[8.0, 4.0, 20.0, 8.0, 8.0, 20.0, 20.0, 4.0, 20.0, 4.0, 20.0, 0.0, 8.0, 8.0, 8.0, 8.0, 8.0, 4.0, 4.0, 20.0, 0.0, 0.0, 8.0, 4.0, 4.0, 4.0, 20.0, 8.0, 8.0, 0.0, 8.0, 4.0, 4.0]",88.5,88.5,8,ffe5xhmq,,,,,0
9,2mz5up3e,,0,308,307,post_exp,FinalForProlific,2026-05-12 16:19:08.496584,1,,,5955.0,3,,0.0,121ddd6b-3999-4e05-a2b3-d80bdfc8efba,3702.5,22.0,4.0,88.0,3790.5,,2600.0,20.0,,,,,0.0,0,,,2,17f3bde5-9e00-47d0-8909-b138b266b325,https://london-trader-6b45bffdcd02.herokuapp.com,wss://london-trader-6b45bffdcd02.herokuapp.com,,1,6,ng,non_gamified,human_only,0.0,0,15,"[8.0, 4.0, 20.0, 8.0, 8.0, 20.0, 20.0, 4.0, 20.0, 4.0, 20.0, 0.0, 8.0, 8.0, 8.0, 8.0, 8.0, 4.0, 4.0, 20.0, 0.0, 0.0, 8.0, 4.0, 4.0, 4.0, 20.0, 8.0, 8.0, 0.0, 8.0, 4.0, 4.0]",88.5,88.5,8,ffe5xhmq,,,,,0
10,keffe6of,,0,308,307,post_exp,FinalForProlific,2026-05-12 16:19:08.505946,1,,,4719.0,4,,0.0,6eb3648e-8876-4d12-96eb-7269067415d5,4252.0,11.0,4.0,44.0,4296.0,,3800.0,10.0,,,,,0.0,0,,,2,17f3bde5-9e00-47d0-8909-b138b266b325,https://london-trader-6b45bffdcd02.herokuapp.com,wss://london-trader-6b45bffdcd02.herokuapp.com,,1,6,ng,non_gamified,human_only,0.0,0,15,"[8.0, 4.0, 20.0, 8.0, 8.0, 20.0, 20.0, 4.0, 20.0, 4.0, 20.0, 0.0, 8.0, 8.0, 8.0, 8.0, 8.0, 4.0, 4.0, 20.0, 0.0, 0.0, 8.0, 4.0, 4.0, 4.0, 20.0, 8.0, 8.0, 0.0, 8.0, 4.0, 4.0]",88.5,88.5,8,ffe5xhmq,,,,,0
11,quvmw080,,0,308,307,post_exp,FinalForProlific,2026-05-12 16:19:08.538071,1,,,5573.0,5,,0.0,1fee9bd8-a0b5-414d-b996-84be8a4a131f,3577.5,23.0,4.0,92.0,3669.5,,2600.0,20.0,,,,,0.0,0,,,2,17f3bde5-9e00-47d0-8909-b138b266b325,https://london-trader-6b45bffdcd02.herokuapp.com,wss://london-trader-6b45bffdcd02.herokuapp.com,,1,6,ng,non_gamified,human_only,0.0,0,15,"[8.0, 4.0, 20.0, 8.0, 8.0, 20.0, 20.0, 4.0, 20.0, 4.0, 20.0, 0.0, 8.0, 8.0, 8.0, 8.0, 8.0, 4.0, 4.0, 20.0, 0.0, 0.0, 8.0, 4.0, 4.0, 4.0, 20.0, 8.0, 8.0, 0.0, 8.0, 4.0, 4.0]",88.5,88.5,8,ffe5xhmq,,,,,0
12,zmzx9bpp,,0,308,307,post_exp,FinalForProlific,2026-05-12 16:19:08.548095,1,,,5011.0,6,,0.0,e4da5453-0e94-4ba4-b1bb-3b711e2a2c8d,4887.5,5.0,4.0,20.0,4907.5,,3800.0,10.0,,,,,0.0,0,,,2,17f3bde5-9e00-47d0-8909-b138b266b325,https://london-trader-6b45bffdcd02.herokuapp.com,wss://london-trader-6b45bffdcd02.herokuapp.com,,1,6,ng,non_gamified,human_only,0.0,0,15,"[8.0, 4.0, 20.0, 8.0, 8.0, 20.0, 20.0, 4.0, 20.0, 4.0, 20.0, 0.0, 8.0, 8.0, 8.0, 8.0, 8.0, 4.0, 4.0, 20.0, 0.0, 0.0, 8.0, 4.0, 4.0, 4.0, 20.0, 8.0, 8.0, 0.0, 8.0, 4.0, 4.0]",88.5,88.5,8,ffe5xhmq,,,,,0
13,er9d8a5v,,0,308,307,post_exp,FinalForProlific,2026-05-12 16:19:08.558728,1,,,6590.0,1,,0.0,8199026d-b134-4c9c-8eb9-35b39d3ff423,3789.5,21.0,4.0,84.0,3873.5,,2600.0,20.0,,,,,0.0,0,,,3,9af49dc6-a1bd-40fe-b627-4a8dbdf93e45,https://london-trader-6b45bffdcd02.herokuapp.com,wss://london-trader-6b45bffdcd02.herokuapp.com,,1,2,ghp,gamified,human_only,0.0,1,15,"[8.0, 4.0, 20.0, 8.0, 8.0, 20.0, 20.0, 4.0, 20.0, 4.0, 20.0, 0.0, 8.0, 8.0, 8.0, 8.0, 8.0, 4.0, 4.0, 20.0, 0.0, 0.0, 8.0, 4.0, 4.0, 4.0, 20.0, 8.0, 8.0, 0.0, 8.0, 4.0, 4.0]",110.0,110.0,8,ffe5xhmq,,,,,0
14,r2eorolq,,0,308,307,post_exp,FinalForProlific,2026-05-12 16:19:08.574796,1,,,4974.0,2,,0.0,65041421-bea3-4034-ae77-04f68c6e46fc,4227.0,13.0,4.0,52.0,4279.0,,3800.0,10.0,,,,,0.0,0,,,3,9af49dc6-a1bd-40fe-b627-4a8dbdf93e45,https://london-trader-6b45bffdcd02.herokuapp.com,wss://london-trader-6b45bffdcd02.herokuapp.com,,1,2,ghp,gamified,human_only,0.0,1,15,"[8.0, 4.0, 20.0, 8.0, 8.0, 20.0, 20.0, 4.0, 20.0, 4.0, 20.0, 0.0, 8.0, 8.0, 8.0, 8.0, 8.0, 4.0, 4.0, 20.0, 0.0, 0.0, 8.0, 4.0, 4.0, 4.0, 20.0, 8.0, 8.0, 0.0, 8.0, 4.0, 4.0]",110.0,110.0,8,ffe5xhmq,,,,,0
1,viseix7p,,0,308,307,post_exp,FinalForProlific,2026-05-12 16:19:08.162574,1,,,4068.0,1,,0.0,3f3f926c-76bd-44db-b2dc-3e8e8ddbccb6,3893.01,19.0,20.0,380.0,4273.01,,2600.0,20.0,3950.0,3,"{""forecast_price_next_day"":3950,""forecast_confidence_next_day"":3}",61.0,0.0,1,,,1,a5f35780-eeec-48f3-bd11-2a02633bc450,https://london-trader-6b45bffdcd02.herokuapp.com,wss://london-trader-6b45bffdcd02.herokuapp.com,,1,6,ghp,gamified,human_only,0.0,0,15,"[8.0, 4.0, 20.0, 8.0, 8.0, 20.0, 20.0, 4.0, 20.0, 4.0, 20.0, 0.0, 8.0, 8.0, 8.0, 8.0, 8.0, 4.0, 4.0, 20.0, 0.0, 0.0, 8.0, 4.0, 4.0, 4.0, 20.0, 8.0, 8.0, 0.0, 8.0, 4.0, 4.0]",64.0,64.0,9,ffe5xhmq,,,,,0
2,qhz5zte3,,0,308,307,post_exp,FinalForProlific,2026-05-12 16:19:08.174764,1,,,5491.0,2,,0.0,7263bda7-ce07-4527-829d-593539f9496a,4625.37,9.0,20.0,180.0,4805.37,,3800.0,10.0,0.0,0,,61.0,0.0,1,,,1,a5f35780-eeec-48f3-bd11-2a02633bc450,https://london-trader-6b45bffdcd02.herokuapp.com,wss://london-trader-6b45bffdcd02.herokuapp.com,,1,6,ghp,gamified,human_only,0.0,0,15,"[8.0, 4.0, 20.0, 8.0, 8.0, 20.0, 20.0, 4.0, 20.0, 4.0, 20.0, 0.0, 8.0, 8.0, 8.0, 8.0, 8.0, 4.0, 4.0, 20.0, 0.0, 0.0, 8.0, 4.0, 4.0, 4.0, 20.0, 8.0, 8.0, 0.0, 8.0, 4.0, 4.0]",64.0,64.0,9,ffe5xhmq,,,,,0
3,kmcc2p31,,0,308,307,post_exp,FinalForProlific,2026-05-12 16:19:08.179802,1,,,6177.0,3,,0.0,d896d1d1-903a-4faf-af2e-bda1e25a47cc,3293.12,28.0,20.0,560.0,3853.12,,2600.0,20.0,60.0,5,"{""forecast_price_next_day"":60,""forecast_confidence_next_day"":5}",61.0,20.0,1,,,1,a5f35780-eeec-48f3-bd11-2a02633bc450,https://london-trader-6b45bffdcd02.herokuapp.com,wss://london-trader-6b45bffdcd02.herokuapp.com,,1,6,ghp,gamified,human_only,0.0,0,15,"[8.0, 4.0, 20.0, 8.0, 8.0, 20.0, 20.0, 4.0, 20.0, 4.0, 20.0, 0.0, 8.0, 8.0, 8.0, 8.0, 8.0, 4.0, 4.0, 20.0, 0.0, 0.0, 8.0, 4.0, 4.0, 4.0, 20.0, 8.0, 8.0, 0.0, 8.0, 4.0, 4.0]",64.0,64.0,9,ffe5xhmq,,,,,0
4,snooaw5j,,0,308,307,post_exp,FinalForProlific,2026-05-12 16:19:08.185093,1,,,5310.0,4,,0.0,b051dea2-10fd-492e-a16a-123e7f6bc6ac,4568.49,6.0,20.0,120.0,4688.49,,3800.0,10.0,62.0,4,"{""forecast_price_next_day"":62,""forecast_confidence_next_day"":4}",61.0,20.0,1,,,1,a5f35780-eeec-48f3-bd11-2a02633bc450,https://london-trader-6b45bffdcd02.herokuapp.com,wss://london-trader-6b45bffdcd02.herokuapp.com,,1,6,ghp,gamified,human_only,0.0,0,15,"[8.0, 4.0, 20.0, 8.0, 8.0, 20.0, 20.0, 4.0, 20.0, 4.0, 20.0, 0.0, 8.0, 8.0, 8.0, 8.0, 8.0, 4.0, 4.0, 20.0, 0.0, 0.0, 8.0, 4.0, 4.0, 4.0, 20.0, 8.0, 8.0, 0.0, 8.0, 4.0, 4.0]",64.0,64.0,9,ffe5xhmq,,,,,0
5,twrkr7hz,,0,308,307,post_exp,FinalForProlific,2026-05-12 16:19:08.193724,1,,,5777.0,5,,0.0,14a8161a-9d15-4590-8e4a-d60fa690d14e,3683.0,23.0,20.0,460.0,4143.0,,2600.0,20.0,69.0,1,"{""forecast_price_next_day"":69,""forecast_confidence_next_day"":1}",61.0,0.0,1,,,1,a5f35780-eeec-48f3-bd11-2a02633bc450,https://london-trader-6b45bffdcd02.herokuapp.com,wss://london-trader-6b45bffdcd02.herokuapp.com,,1,6,ghp,gamified,human_only,0.0,0,15,"[8.0, 4.0, 20.0, 8.0, 8.0, 20.0, 20.0, 4.0, 20.0, 4.0, 20.0, 0.0, 8.0, 8.0, 8.0, 8.0, 8.0, 4.0, 4.0, 20.0, 0.0, 0.0, 8.0, 4.0, 4.0, 4.0, 20.0, 8.0, 8.0, 0.0, 8.0, 4.0, 4.0]",64.0,64.0,9,ffe5xhmq,,,,,0
6,hk3teh8u,,0,308,307,post_exp,FinalForProlific,2026-05-12 16:19:08.431171,1,,,5073.0,6,,0.0,6a27507f-b151-4a9f-b11f-d433b22aeb62,4701.01,6.0,20.0,120.0,4821.01,,3800.0,10.0,61.0,4,"{""forecast_price_next_day"":61,""forecast_confidence_next_day"":4}",61.0,20.0,1,,,1,a5f35780-eeec-48f3-bd11-2a02633bc450,https://london-trader-6b45bffdcd02.herokuapp.com,wss://london-trader-6b45bffdcd02.herokuapp.com,,1,6,ghp,gamified,human_only,0.0,0,15,"[8.0, 4.0, 20.0, 8.0, 8.0, 20.0, 20.0, 4.0, 20.0, 4.0, 20.0, 0.0, 8.0, 8.0, 8.0, 8.0, 8.0, 4.0, 4.0, 20.0, 0.0, 0.0, 8.0, 4.0, 4.0, 4.0, 20.0, 8.0, 8.0, 0.0, 8.0, 4.0, 4.0]",64.0,64.0,9,ffe5xhmq,,,,,0
7,6kvq85km,,0,308,307,post_exp,FinalForProlific,2026-05-12 16:19:08.454950,1,,,5884.0,1,,0.0,c5382ee4-bd5b-45e4-8232-55a805c489d8,3826.5,20.0,20.0,400.0,4226.5,,2600.0,20.0,70.0,3,"{""forecast_price_next_day"":70,""forecast_confidence_next_day"":3}",79.0,0.0,1,,,2,17f3bde5-9e00-47d0-8909-b138b266b325,https://london-trader-6b45bffdcd02.herokuapp.com,wss://london-trader-6b45bffdcd02.herokuapp.com,,1,6,ng,non_gamified,human_only,0.0,0,15,"[8.0, 4.0, 20.0, 8.0, 8.0, 20.0, 20.0, 4.0, 20.0, 4.0, 20.0, 0.0, 8.0, 8.0, 8.0, 8.0, 8.0, 4.0, 4.0, 20.0, 0.0, 0.0, 8.0, 4.0, 4.0, 4.0, 20.0, 8.0, 8.0, 0.0, 8.0, 4.0, 4.0]",70.0,70.0,9,ffe5xhmq,,,,,0
8,7dpcven3,,0,308,307,post_exp,FinalForProlific,2026-05-12 16:19:08.479580,1,,,5168.0,2,,0.0,8097813e-2f6f-40a4-be05-70c6d8d3bca7,4450.0,11.0,20.0,220.0,4670.0,,3800.0,10.0,70.0,3,"{""forecast_price_next_day"":70,""forecast_confidence_next_day"":3}",79.0,0.0,1,,,2,17f3bde5-9e00-47d0-8909-b138b266b325,https://london-trader-6b45bffdcd02.herokuapp.com,wss://london-trader-6b45bffdcd02.herokuapp.com,,1,6,ng,non_gamified,human_only,0.0,0,15,"[8.0, 4.0, 20.0, 8.0, 8.0, 20.0, 20.0, 4.0, 20.0, 4.0, 20.0, 0.0, 8.0, 8.0, 8.0, 8.0, 8.0, 4.0, 4.0, 20.0, 0.0, 0.0, 8.0, 4.0, 4.0, 4.0, 20.0, 8.0, 8.0, 0.0, 8.0, 4.0, 4.0]",70.0,70.0,9,ffe5xhmq,,,,,0
9,2mz5up3e,,0,308,307,post_exp,FinalForProlific,2026-05-12 16:19:08.496584,1,,,5955.0,3,,0.0,121ddd6b-3999-4e05-a2b3-d80bdfc8efba,4028.5,19.0,20.0,380.0,4408.5,,2600.0,20.0,80.0,5,"{""forecast_price_next_day"":80,""forecast_confidence_next_day"":5}",79.0,20.0,1,,,2,17f3bde5-9e00-47d0-8909-b138b266b325,https://london-trader-6b45bffdcd02.herokuapp.com,wss://london-trader-6b45bffdcd02.herokuapp.com,,1,6,ng,non_gamified,human_only,0.0,0,15,"[8.0, 4.0, 20.0, 8.0, 8.0, 20.0, 20.0, 4.0, 20.0, 4.0, 20.0, 0.0, 8.0, 8.0, 8.0, 8.0, 8.0, 4.0, 4.0, 20.0, 0.0, 0.0, 8.0, 4.0, 4.0, 4.0, 20.0, 8.0, 8.0, 0.0, 8.0, 4.0, 4.0]",70.0,70.0,9,ffe5xhmq,,,,,0
10,keffe6of,,0,308,307,post_exp,FinalForProlific,2026-05-12 16:19:08.505946,1,,,4719.0,4,,0.0,6eb3648e-8876-4d12-96eb-7269067415d5,4053.0,14.0,20.0,280.0,4333.0,,3800.0,10.0,0.0,0,,79.0,0.0,1,,,2,17f3bde5-9e00-47d0-8909-b138b266b325,https://london-trader-6b45bffdcd02.herokuapp.com,wss://london-trader-6b45bffdcd02.herokuapp.com,,1,6,ng,non_gamified,human_only,0.0,0,15,"[8.0, 4.0, 20.0, 8.0, 8.0, 20.0, 20.0, 4.0, 20.0, 4.0, 20.0, 0.0, 8.0, 8.0, 8.0, 8.0, 8.0, 4.0, 4.0, 20.0, 0.0, 0.0, 8.0, 4.0, 4.0, 4.0, 20.0, 8.0, 8.0, 0.0, 8.0, 4.0, 4.0]",70.0,70.0,9,ffe5xhmq,,,,,0
11,quvmw080,,0,308,307,post_exp,FinalForProlific,2026-05-12 16:19:08.538071,1,,,5573.0,5,,0.0,1fee9bd8-a0b5-414d-b996-84be8a4a131f,3589.5,23.0,20.0,460.0,4049.5,,2600.0,20.0,4050.0,1,"{""forecast_confidence_next_day"":1,""forecast_price_next_day"":4050}",79.0,0.0,1,,,2,17f3bde5-9e00-47d0-8909-b138b266b325,https://london-trader-6b45bffdcd02.herokuapp.com,wss://london-trader-6b45bffdcd02.herokuapp.com,,1,6,ng,non_gamified,human_only,0.0,0,15,"[8.0, 4.0, 20.0, 8.0, 8.0, 20.0, 20.0, 4.0, 20.0, 4.0, 20.0, 0.0, 8.0, 8.0, 8.0, 8.0, 8.0, 4.0, 4.0, 20.0, 0.0, 0.0, 8.0, 4.0, 4.0, 4.0, 20.0, 8.0, 8.0, 0.0, 8.0, 4.0, 4.0]",70.0,70.0,9,ffe5xhmq,,,,,0
12,zmzx9bpp,,0,308,307,post_exp,FinalForProlific,2026-05-12 16:19:08.548095,1,,,5011.0,6,,0.0,e4da5453-0e94-4ba4-b1bb-3b711e2a2c8d,4900.5,8.0,20.0,160.0,5060.5,,3800.0,10.0,60.0,4,"{""forecast_price_next_day"":60,""forecast_confidence_next_day"":4}",79.0,0.0,1,,,2,17f3bde5-9e00-47d0-8909-b138b266b325,https://london-trader-6b45bffdcd02.herokuapp.com,wss://london-trader-6b45bffdcd02.herokuapp.com,,1,6,ng,non_gamified,human_only,0.0,0,15,"[8.0, 4.0, 20.0, 8.0, 8.0, 20.0, 20.0, 4.0, 20.0, 4.0, 20.0, 0.0, 8.0, 8.0, 8.0, 8.0, 8.0, 4.0, 4.0, 20.0, 0.0, 0.0, 8.0, 4.0, 4.0, 4.0, 20.0, 8.0, 8.0, 0.0, 8.0, 4.0, 4.0]",70.0,70.0,9,ffe5xhmq,,,,,0
13,er9d8a5v,,0,308,307,post_exp,FinalForProlific,2026-05-12 16:19:08.558728,1,,,6590.0,1,,0.0,8199026d-b134-4c9c-8eb9-35b39d3ff423,3761.5,23.0,20.0,460.0,4221.5,,2600.0,20.0,112.0,2,"{""forecast_price_next_day"":112,""forecast_confidence_next_day"":2}",113.0,20.0,1,,,3,9af49dc6-a1bd-40fe-b627-4a8dbdf93e45,https://london-trader-6b45bffdcd02.herokuapp.com,wss://london-trader-6b45bffdcd02.herokuapp.com,,1,2,ghp,gamified,human_only,0.0,1,15,"[8.0, 4.0, 20.0, 8.0, 8.0, 20.0, 20.0, 4.0, 20.0, 4.0, 20.0, 0.0, 8.0, 8.0, 8.0, 8.0, 8.0, 4.0, 4.0, 20.0, 0.0, 0.0, 8.0, 4.0, 4.0, 4.0, 20.0, 8.0, 8.0, 0.0, 8.0, 4.0, 4.0]",112.0,112.0,9,ffe5xhmq,,,,,0
14,r2eorolq,,0,308,307,post_exp,FinalForProlific,2026-05-12 16:19:08.574796,1,,,4974.0,2,,0.0,65041421-bea3-4034-ae77-04f68c6e46fc,4279.0,12.0,20.0,240.0,4519.0,,3800.0,10.0,112.0,1,"{""forecast_price_next_day"":112,""forecast_confidence_next_day"":1}",113.0,20.0,1,,,3,9af49dc6-a1bd-40fe-b627-4a8dbdf93e45,https://london-trader-6b45bffdcd02.herokuapp.com,wss://london-trader-6b45bffdcd02.herokuapp.com,,1,2,ghp,gamified,human_only,0.0,1,15,"[8.0, 4.0, 20.0, 8.0, 8.0, 20.0, 20.0, 4.0, 20.0, 4.0, 20.0, 0.0, 8.0, 8.0, 8.0, 8.0, 8.0, 4.0, 4.0, 20.0, 0.0, 0.0, 8.0, 4.0, 4.0, 4.0, 20.0, 8.0, 8.0, 0.0, 8.0, 4.0, 4.0]",112.0,112.0,9,ffe5xhmq,,,,,0
1,viseix7p,,0,308,307,post_exp,FinalForProlific,2026-05-12 16:19:08.162574,1,,,4068.0,1,,0.0,3f3f926c-76bd-44db-b2dc-3e8e8ddbccb6,4089.2,22.0,4.0,88.0,4177.2,,2600.0,20.0,,,,,0.0,0,,,1,a5f35780-eeec-48f3-bd11-2a02633bc450,https://london-trader-6b45bffdcd02.herokuapp.com,wss://london-trader-6b45bffdcd02.herokuapp.com,,1,6,ghp,gamified,human_only,0.0,0,15,"[8.0, 4.0, 20.0, 8.0, 8.0, 20.0, 20.0, 4.0, 20.0, 4.0, 20.0, 0.0, 8.0, 8.0, 8.0, 8.0, 8.0, 4.0, 4.0, 20.0, 0.0, 0.0, 8.0, 4.0, 4.0, 4.0, 20.0, 8.0, 8.0, 0.0, 8.0, 4.0, 4.0]",61.0,61.0,10,ffe5xhmq,,,,,0
2,qhz5zte3,,0,308,307,post_exp,FinalForProlific,2026-05-12 16:19:08.174764,1,,,5491.0,2,,0.0,7263bda7-ce07-4527-829d-593539f9496a,4866.84,9.0,4.0,36.0,4902.84,,3800.0,10.0,,,,,0.0,0,,,1,a5f35780-eeec-48f3-bd11-2a02633bc450,https://london-trader-6b45bffdcd02.herokuapp.com,wss://london-trader-6b45bffdcd02.herokuapp.com,,1,6,ghp,gamified,human_only,0.0,0,15,"[8.0, 4.0, 20.0, 8.0, 8.0, 20.0, 20.0, 4.0, 20.0, 4.0, 20.0, 0.0, 8.0, 8.0, 8.0, 8.0, 8.0, 4.0, 4.0, 20.0, 0.0, 0.0, 8.0, 4.0, 4.0, 4.0, 20.0, 8.0, 8.0, 0.0, 8.0, 4.0, 4.0]",61.0,61.0,10,ffe5xhmq,,,,,0
3,kmcc2p31,,0,308,307,post_exp,FinalForProlific,2026-05-12 16:19:08.179802,1,,,6177.0,3,,0.0,d896d1d1-903a-4faf-af2e-bda1e25a47cc,3914.12,27.0,4.0,108.0,4022.12,,2600.0,20.0,,,,,0.0,0,,,1,a5f35780-eeec-48f3-bd11-2a02633bc450,https://london-trader-6b45bffdcd02.herokuapp.com,wss://london-trader-6b45bffdcd02.herokuapp.com,,1,6,ghp,gamified,human_only,0.0,0,15,"[8.0, 4.0, 20.0, 8.0, 8.0, 20.0, 20.0, 4.0, 20.0, 4.0, 20.0, 0.0, 8.0, 8.0, 8.0, 8.0, 8.0, 4.0, 4.0, 20.0, 0.0, 0.0, 8.0, 4.0, 4.0, 4.0, 20.0, 8.0, 8.0, 0.0, 8.0, 4.0, 4.0]",61.0,61.0,10,ffe5xhmq,,,,,0
4,snooaw5j,,0,308,307,post_exp,FinalForProlific,2026-05-12 16:19:08.185093,1,,,5310.0,4,,0.0,b051dea2-10fd-492e-a16a-123e7f6bc6ac,4688.49,7.0,4.0,28.0,4716.49,,3800.0,10.0,,,,,0.0,0,,,1,a5f35780-eeec-48f3-bd11-2a02633bc450,https://london-trader-6b45bffdcd02.herokuapp.com,wss://london-trader-6b45bffdcd02.herokuapp.com,,1,6,ghp,gamified,human_only,0.0,0,15,"[8.0, 4.0, 20.0, 8.0, 8.0, 20.0, 20.0, 4.0, 20.0, 4.0, 20.0, 0.0, 8.0, 8.0, 8.0, 8.0, 8.0, 4.0, 4.0, 20.0, 0.0, 0.0, 8.0, 4.0, 4.0, 4.0, 20.0, 8.0, 8.0, 0.0, 8.0, 4.0, 4.0]",61.0,61.0,10,ffe5xhmq,,,,,0
5,twrkr7hz,,0,308,307,post_exp,FinalForProlific,2026-05-12 16:19:08.193724,1,,,5777.0,5,,0.0,14a8161a-9d15-4590-8e4a-d60fa690d14e,4079.1800000000003,23.0,4.0,92.0,4171.18,,2600.0,20.0,,,,,0.0,0,,,1,a5f35780-eeec-48f3-bd11-2a02633bc450,https://london-trader-6b45bffdcd02.herokuapp.com,wss://london-trader-6b45bffdcd02.herokuapp.com,,1,6,ghp,gamified,human_only,0.0,0,15,"[8.0, 4.0, 20.0, 8.0, 8.0, 20.0, 20.0, 4.0, 20.0, 4.0, 20.0, 0.0, 8.0, 8.0, 8.0, 8.0, 8.0, 4.0, 4.0, 20.0, 0.0, 0.0, 8.0, 4.0, 4.0, 4.0, 20.0, 8.0, 8.0, 0.0, 8.0, 4.0, 4.0]",61.0,61.0,10,ffe5xhmq,,,,,0
6,hk3teh8u,,0,308,307,post_exp,FinalForProlific,2026-05-12 16:19:08.431171,1,,,5073.0,6,,0.0,6a27507f-b151-4a9f-b11f-d433b22aeb62,4946.17,5.0,4.0,20.0,4966.17,,3800.0,10.0,,,,,0.0,0,,,1,a5f35780-eeec-48f3-bd11-2a02633bc450,https://london-trader-6b45bffdcd02.herokuapp.com,wss://london-trader-6b45bffdcd02.herokuapp.com,,1,6,ghp,gamified,human_only,0.0,0,15,"[8.0, 4.0, 20.0, 8.0, 8.0, 20.0, 20.0, 4.0, 20.0, 4.0, 20.0, 0.0, 8.0, 8.0, 8.0, 8.0, 8.0, 4.0, 4.0, 20.0, 0.0, 0.0, 8.0, 4.0, 4.0, 4.0, 20.0, 8.0, 8.0, 0.0, 8.0, 4.0, 4.0]",61.0,61.0,10,ffe5xhmq,,,,,0
7,6kvq85km,,0,308,307,post_exp,FinalForProlific,2026-05-12 16:19:08.454950,1,,,5884.0,1,,0.0,c5382ee4-bd5b-45e4-8232-55a805c489d8,4171.5,21.0,4.0,84.0,4255.5,,2600.0,20.0,,,,,0.0,0,,,2,17f3bde5-9e00-47d0-8909-b138b266b325,https://london-trader-6b45bffdcd02.herokuapp.com,wss://london-trader-6b45bffdcd02.herokuapp.com,,1,6,ng,non_gamified,human_only,0.0,0,15,"[8.0, 4.0, 20.0, 8.0, 8.0, 20.0, 20.0, 4.0, 20.0, 4.0, 20.0, 0.0, 8.0, 8.0, 8.0, 8.0, 8.0, 4.0, 4.0, 20.0, 0.0, 0.0, 8.0, 4.0, 4.0, 4.0, 20.0, 8.0, 8.0, 0.0, 8.0, 4.0, 4.0]",79.0,79.0,10,ffe5xhmq,,,,,0
8,7dpcven3,,0,308,307,post_exp,FinalForProlific,2026-05-12 16:19:08.479580,1,,,5168.0,2,,0.0,8097813e-2f6f-40a4-be05-70c6d8d3bca7,4749.0,11.0,4.0,44.0,4793.0,,3800.0,10.0,,,,,0.0,0,,,2,17f3bde5-9e00-47d0-8909-b138b266b325,https://london-trader-6b45bffdcd02.herokuapp.com,wss://london-trader-6b45bffdcd02.herokuapp.com,,1,6,ng,non_gamified,human_only,0.0,0,15,"[8.0, 4.0, 20.0, 8.0, 8.0, 20.0, 20.0, 4.0, 20.0, 4.0, 20.0, 0.0, 8.0, 8.0, 8.0, 8.0, 8.0, 4.0, 4.0, 20.0, 0.0, 0.0, 8.0, 4.0, 4.0, 4.0, 20.0, 8.0, 8.0, 0.0, 8.0, 4.0, 4.0]",79.0,79.0,10,ffe5xhmq,,,,,0
9,2mz5up3e,,0,308,307,post_exp,FinalForProlific,2026-05-12 16:19:08.496584,1,,,5955.0,3,,0.0,121ddd6b-3999-4e05-a2b3-d80bdfc8efba,4231.5,22.0,4.0,88.0,4319.5,,2600.0,20.0,,,,,0.0,0,,,2,17f3bde5-9e00-47d0-8909-b138b266b325,https://london-trader-6b45bffdcd02.herokuapp.com,wss://london-trader-6b45bffdcd02.herokuapp.com,,1,6,ng,non_gamified,human_only,0.0,0,15,"[8.0, 4.0, 20.0, 8.0, 8.0, 20.0, 20.0, 4.0, 20.0, 4.0, 20.0, 0.0, 8.0, 8.0, 8.0, 8.0, 8.0, 4.0, 4.0, 20.0, 0.0, 0.0, 8.0, 4.0, 4.0, 4.0, 20.0, 8.0, 8.0, 0.0, 8.0, 4.0, 4.0]",79.0,79.0,10,ffe5xhmq,,,,,0
10,keffe6of,,0,308,307,post_exp,FinalForProlific,2026-05-12 16:19:08.505946,1,,,4719.0,4,,0.0,6eb3648e-8876-4d12-96eb-7269067415d5,4333.0,15.0,4.0,60.0,4393.0,,3800.0,10.0,,,,,0.0,0,,,2,17f3bde5-9e00-47d0-8909-b138b266b325,https://london-trader-6b45bffdcd02.herokuapp.com,wss://london-trader-6b45bffdcd02.herokuapp.com,,1,6,ng,non_gamified,human_only,0.0,0,15,"[8.0, 4.0, 20.0, 8.0, 8.0, 20.0, 20.0, 4.0, 20.0, 4.0, 20.0, 0.0, 8.0, 8.0, 8.0, 8.0, 8.0, 4.0, 4.0, 20.0, 0.0, 0.0, 8.0, 4.0, 4.0, 4.0, 20.0, 8.0, 8.0, 0.0, 8.0, 4.0, 4.0]",79.0,79.0,10,ffe5xhmq,,,,,0
11,quvmw080,,0,308,307,post_exp,FinalForProlific,2026-05-12 16:19:08.538071,1,,,5573.0,5,,0.0,1fee9bd8-a0b5-414d-b996-84be8a4a131f,3827.5,26.0,4.0,104.0,3931.5,,2600.0,20.0,,,,,0.0,0,,,2,17f3bde5-9e00-47d0-8909-b138b266b325,https://london-trader-6b45bffdcd02.herokuapp.com,wss://london-trader-6b45bffdcd02.herokuapp.com,,1,6,ng,non_gamified,human_only,0.0,0,15,"[8.0, 4.0, 20.0, 8.0, 8.0, 20.0, 20.0, 4.0, 20.0, 4.0, 20.0, 0.0, 8.0, 8.0, 8.0, 8.0, 8.0, 4.0, 4.0, 20.0, 0.0, 0.0, 8.0, 4.0, 4.0, 4.0, 20.0, 8.0, 8.0, 0.0, 8.0, 4.0, 4.0]",79.0,79.0,10,ffe5xhmq,,,,,0
12,zmzx9bpp,,0,308,307,post_exp,FinalForProlific,2026-05-12 16:19:08.548095,1,,,5011.0,6,,0.0,e4da5453-0e94-4ba4-b1bb-3b711e2a2c8d,5435.5,0.0,4.0,0.0,5435.5,,3800.0,10.0,,,,,0.0,0,,,2,17f3bde5-9e00-47d0-8909-b138b266b325,https://london-trader-6b45bffdcd02.herokuapp.com,wss://london-trader-6b45bffdcd02.herokuapp.com,,1,6,ng,non_gamified,human_only,0.0,0,15,"[8.0, 4.0, 20.0, 8.0, 8.0, 20.0, 20.0, 4.0, 20.0, 4.0, 20.0, 0.0, 8.0, 8.0, 8.0, 8.0, 8.0, 4.0, 4.0, 20.0, 0.0, 0.0, 8.0, 4.0, 4.0, 4.0, 20.0, 8.0, 8.0, 0.0, 8.0, 4.0, 4.0]",79.0,79.0,10,ffe5xhmq,,,,,0
13,er9d8a5v,,0,308,307,post_exp,FinalForProlific,2026-05-12 16:19:08.558728,1,,,6590.0,1,,0.0,8199026d-b134-4c9c-8eb9-35b39d3ff423,4108.5,23.0,4.0,92.0,4200.5,,2600.0,20.0,,,,,0.0,0,,,3,9af49dc6-a1bd-40fe-b627-4a8dbdf93e45,https://london-trader-6b45bffdcd02.herokuapp.com,wss://london-trader-6b45bffdcd02.herokuapp.com,,1,2,ghp,gamified,human_only,0.0,1,15,"[8.0, 4.0, 20.0, 8.0, 8.0, 20.0, 20.0, 4.0, 20.0, 4.0, 20.0, 0.0, 8.0, 8.0, 8.0, 8.0, 8.0, 4.0, 4.0, 20.0, 0.0, 0.0, 8.0, 4.0, 4.0, 4.0, 20.0, 8.0, 8.0, 0.0, 8.0, 4.0, 4.0]",113.0,113.0,10,ffe5xhmq,,,,,0
14,r2eorolq,,0,308,307,post_exp,FinalForProlific,2026-05-12 16:19:08.574796,1,,,4974.0,2,,0.0,65041421-bea3-4034-ae77-04f68c6e46fc,4745.0,12.0,4.0,48.0,4793.0,,3800.0,10.0,,,,,0.0,0,,,3,9af49dc6-a1bd-40fe-b627-4a8dbdf93e45,https://london-trader-6b45bffdcd02.herokuapp.com,wss://london-trader-6b45bffdcd02.herokuapp.com,,1,2,ghp,gamified,human_only,0.0,1,15,"[8.0, 4.0, 20.0, 8.0, 8.0, 20.0, 20.0, 4.0, 20.0, 4.0, 20.0, 0.0, 8.0, 8.0, 8.0, 8.0, 8.0, 4.0, 4.0, 20.0, 0.0, 0.0, 8.0, 4.0, 4.0, 4.0, 20.0, 8.0, 8.0, 0.0, 8.0, 4.0, 4.0]",113.0,113.0,10,ffe5xhmq,,,,,0
1,viseix7p,,0,308,307,post_exp,FinalForProlific,2026-05-12 16:19:08.162574,1,,,4068.0,1,,0.0,3f3f926c-76bd-44db-b2dc-3e8e8ddbccb6,4066.21,24.0,20.0,480.0,4546.21,,2600.0,20.0,,,,,0.0,0,,,1,a5f35780-eeec-48f3-bd11-2a02633bc450,https://london-trader-6b45bffdcd02.herokuapp.com,wss://london-trader-6b45bffdcd02.herokuapp.com,,1,6,ghp,gamified,human_only,0.0,0,15,"[8.0, 4.0, 20.0, 8.0, 8.0, 20.0, 20.0, 4.0, 20.0, 4.0, 20.0, 0.0, 8.0, 8.0, 8.0, 8.0, 8.0, 4.0, 4.0, 20.0, 0.0, 0.0, 8.0, 4.0, 4.0, 4.0, 20.0, 8.0, 8.0, 0.0, 8.0, 4.0, 4.0]",53.0,53.0,11,ffe5xhmq,,,,,0
2,qhz5zte3,,0,308,307,post_exp,FinalForProlific,2026-05-12 16:19:08.174764,1,,,5491.0,2,,0.0,7263bda7-ce07-4527-829d-593539f9496a,4959.84,7.0,20.0,140.0,5099.84,,3800.0,10.0,,,,,0.0,0,,,1,a5f35780-eeec-48f3-bd11-2a02633bc450,https://london-trader-6b45bffdcd02.herokuapp.com,wss://london-trader-6b45bffdcd02.herokuapp.com,,1,6,ghp,gamified,human_only,0.0,0,15,"[8.0, 4.0, 20.0, 8.0, 8.0, 20.0, 20.0, 4.0, 20.0, 4.0, 20.0, 0.0, 8.0, 8.0, 8.0, 8.0, 8.0, 4.0, 4.0, 20.0, 0.0, 0.0, 8.0, 4.0, 4.0, 4.0, 20.0, 8.0, 8.0, 0.0, 8.0, 4.0, 4.0]",53.0,53.0,11,ffe5xhmq,,,,,0
3,kmcc2p31,,0,308,307,post_exp,FinalForProlific,2026-05-12 16:19:08.179802,1,,,6177.0,3,,0.0,d896d1d1-903a-4faf-af2e-bda1e25a47cc,4080.1099999999997,26.0,20.0,520.0,4600.11,,2600.0,20.0,,,,,0.0,0,,,1,a5f35780-eeec-48f3-bd11-2a02633bc450,https://london-trader-6b45bffdcd02.herokuapp.com,wss://london-trader-6b45bffdcd02.herokuapp.com,,1,6,ghp,gamified,human_only,0.0,0,15,"[8.0, 4.0, 20.0, 8.0, 8.0, 20.0, 20.0, 4.0, 20.0, 4.0, 20.0, 0.0, 8.0, 8.0, 8.0, 8.0, 8.0, 4.0, 4.0, 20.0, 0.0, 0.0, 8.0, 4.0, 4.0, 4.0, 20.0, 8.0, 8.0, 0.0, 8.0, 4.0, 4.0]",53.0,53.0,11,ffe5xhmq,,,,,0
4,snooaw5j,,0,308,307,post_exp,FinalForProlific,2026-05-12 16:19:08.185093,1,,,5310.0,4,,0.0,b051dea2-10fd-492e-a16a-123e7f6bc6ac,4769.49,5.0,20.0,100.0,4869.49,,3800.0,10.0,,,,,0.0,0,,,1,a5f35780-eeec-48f3-bd11-2a02633bc450,https://london-trader-6b45bffdcd02.herokuapp.com,wss://london-trader-6b45bffdcd02.herokuapp.com,,1,6,ghp,gamified,human_only,0.0,0,15,"[8.0, 4.0, 20.0, 8.0, 8.0, 20.0, 20.0, 4.0, 20.0, 4.0, 20.0, 0.0, 8.0, 8.0, 8.0, 8.0, 8.0, 4.0, 4.0, 20.0, 0.0, 0.0, 8.0, 4.0, 4.0, 4.0, 20.0, 8.0, 8.0, 0.0, 8.0, 4.0, 4.0]",53.0,53.0,11,ffe5xhmq,,,,,0
5,twrkr7hz,,0,308,307,post_exp,FinalForProlific,2026-05-12 16:19:08.193724,1,,,5777.0,5,,0.0,14a8161a-9d15-4590-8e4a-d60fa690d14e,4171.18,24.0,20.0,480.0,4651.18,,2600.0,20.0,,,,,0.0,0,,,1,a5f35780-eeec-48f3-bd11-2a02633bc450,https://london-trader-6b45bffdcd02.herokuapp.com,wss://london-trader-6b45bffdcd02.herokuapp.com,,1,6,ghp,gamified,human_only,0.0,0,15,"[8.0, 4.0, 20.0, 8.0, 8.0, 20.0, 20.0, 4.0, 20.0, 4.0, 20.0, 0.0, 8.0, 8.0, 8.0, 8.0, 8.0, 4.0, 4.0, 20.0, 0.0, 0.0, 8.0, 4.0, 4.0, 4.0, 20.0, 8.0, 8.0, 0.0, 8.0, 4.0, 4.0]",53.0,53.0,11,ffe5xhmq,,,,,0
6,hk3teh8u,,0,308,307,post_exp,FinalForProlific,2026-05-12 16:19:08.431171,1,,,5073.0,6,,0.0,6a27507f-b151-4a9f-b11f-d433b22aeb62,4909.17,6.0,20.0,120.0,5029.17,,3800.0,10.0,,,,,0.0,0,,,1,a5f35780-eeec-48f3-bd11-2a02633bc450,https://london-trader-6b45bffdcd02.herokuapp.com,wss://london-trader-6b45bffdcd02.herokuapp.com,,1,6,ghp,gamified,human_only,0.0,0,15,"[8.0, 4.0, 20.0, 8.0, 8.0, 20.0, 20.0, 4.0, 20.0, 4.0, 20.0, 0.0, 8.0, 8.0, 8.0, 8.0, 8.0, 4.0, 4.0, 20.0, 0.0, 0.0, 8.0, 4.0, 4.0, 4.0, 20.0, 8.0, 8.0, 0.0, 8.0, 4.0, 4.0]",53.0,53.0,11,ffe5xhmq,,,,,0
7,6kvq85km,,0,308,307,post_exp,FinalForProlific,2026-05-12 16:19:08.454950,1,,,5884.0,1,,0.0,c5382ee4-bd5b-45e4-8232-55a805c489d8,4376.5,19.0,20.0,380.0,4756.5,,2600.0,20.0,,,,,0.0,0,,,2,17f3bde5-9e00-47d0-8909-b138b266b325,https://london-trader-6b45bffdcd02.herokuapp.com,wss://london-trader-6b45bffdcd02.herokuapp.com,,1,6,ng,non_gamified,human_only,0.0,0,15,"[8.0, 4.0, 20.0, 8.0, 8.0, 20.0, 20.0, 4.0, 20.0, 4.0, 20.0, 0.0, 8.0, 8.0, 8.0, 8.0, 8.0, 4.0, 4.0, 20.0, 0.0, 0.0, 8.0, 4.0, 4.0, 4.0, 20.0, 8.0, 8.0, 0.0, 8.0, 4.0, 4.0]",60.0,60.0,11,ffe5xhmq,,,,,0
8,7dpcven3,,0,308,307,post_exp,FinalForProlific,2026-05-12 16:19:08.479580,1,,,5168.0,2,,0.0,8097813e-2f6f-40a4-be05-70c6d8d3bca7,4872.0,8.0,20.0,160.0,5032.0,,3800.0,10.0,,,,,0.0,0,,,2,17f3bde5-9e00-47d0-8909-b138b266b325,https://london-trader-6b45bffdcd02.herokuapp.com,wss://london-trader-6b45bffdcd02.herokuapp.com,,1,6,ng,non_gamified,human_only,0.0,0,15,"[8.0, 4.0, 20.0, 8.0, 8.0, 20.0, 20.0, 4.0, 20.0, 4.0, 20.0, 0.0, 8.0, 8.0, 8.0, 8.0, 8.0, 4.0, 4.0, 20.0, 0.0, 0.0, 8.0, 4.0, 4.0, 4.0, 20.0, 8.0, 8.0, 0.0, 8.0, 4.0, 4.0]",60.0,60.0,11,ffe5xhmq,,,,,0
9,2mz5up3e,,0,308,307,post_exp,FinalForProlific,2026-05-12 16:19:08.496584,1,,,5955.0,3,,0.0,121ddd6b-3999-4e05-a2b3-d80bdfc8efba,4319.5,24.0,20.0,480.0,4799.5,,2600.0,20.0,,,,,0.0,0,,,2,17f3bde5-9e00-47d0-8909-b138b266b325,https://london-trader-6b45bffdcd02.herokuapp.com,wss://london-trader-6b45bffdcd02.herokuapp.com,,1,6,ng,non_gamified,human_only,0.0,0,15,"[8.0, 4.0, 20.0, 8.0, 8.0, 20.0, 20.0, 4.0, 20.0, 4.0, 20.0, 0.0, 8.0, 8.0, 8.0, 8.0, 8.0, 4.0, 4.0, 20.0, 0.0, 0.0, 8.0, 4.0, 4.0, 4.0, 20.0, 8.0, 8.0, 0.0, 8.0, 4.0, 4.0]",60.0,60.0,11,ffe5xhmq,,,,,0
10,keffe6of,,0,308,307,post_exp,FinalForProlific,2026-05-12 16:19:08.505946,1,,,4719.0,4,,0.0,6eb3648e-8876-4d12-96eb-7269067415d5,4483.0,13.0,20.0,260.0,4743.0,,3800.0,10.0,,,,,0.0,0,,,2,17f3bde5-9e00-47d0-8909-b138b266b325,https://london-trader-6b45bffdcd02.herokuapp.com,wss://london-trader-6b45bffdcd02.herokuapp.com,,1,6,ng,non_gamified,human_only,0.0,0,15,"[8.0, 4.0, 20.0, 8.0, 8.0, 20.0, 20.0, 4.0, 20.0, 4.0, 20.0, 0.0, 8.0, 8.0, 8.0, 8.0, 8.0, 4.0, 4.0, 20.0, 0.0, 0.0, 8.0, 4.0, 4.0, 4.0, 20.0, 8.0, 8.0, 0.0, 8.0, 4.0, 4.0]",60.0,60.0,11,ffe5xhmq,,,,,0
11,quvmw080,,0,308,307,post_exp,FinalForProlific,2026-05-12 16:19:08.538071,1,,,5573.0,5,,0.0,1fee9bd8-a0b5-414d-b996-84be8a4a131f,3602.5,31.0,20.0,620.0,4222.5,,2600.0,20.0,,,,,0.0,0,,,2,17f3bde5-9e00-47d0-8909-b138b266b325,https://london-trader-6b45bffdcd02.herokuapp.com,wss://london-trader-6b45bffdcd02.herokuapp.com,,1,6,ng,non_gamified,human_only,0.0,0,15,"[8.0, 4.0, 20.0, 8.0, 8.0, 20.0, 20.0, 4.0, 20.0, 4.0, 20.0, 0.0, 8.0, 8.0, 8.0, 8.0, 8.0, 4.0, 4.0, 20.0, 0.0, 0.0, 8.0, 4.0, 4.0, 4.0, 20.0, 8.0, 8.0, 0.0, 8.0, 4.0, 4.0]",60.0,60.0,11,ffe5xhmq,,,,,0
12,zmzx9bpp,,0,308,307,post_exp,FinalForProlific,2026-05-12 16:19:08.548095,1,,,5011.0,6,,0.0,e4da5453-0e94-4ba4-b1bb-3b711e2a2c8d,5474.5,2.0,20.0,40.0,5514.5,,3800.0,10.0,,,,,0.0,0,,,2,17f3bde5-9e00-47d0-8909-b138b266b325,https://london-trader-6b45bffdcd02.herokuapp.com,wss://london-trader-6b45bffdcd02.herokuapp.com,,1,6,ng,non_gamified,human_only,0.0,0,15,"[8.0, 4.0, 20.0, 8.0, 8.0, 20.0, 20.0, 4.0, 20.0, 4.0, 20.0, 0.0, 8.0, 8.0, 8.0, 8.0, 8.0, 4.0, 4.0, 20.0, 0.0, 0.0, 8.0, 4.0, 4.0, 4.0, 20.0, 8.0, 8.0, 0.0, 8.0, 4.0, 4.0]",60.0,60.0,11,ffe5xhmq,,,,,0
13,er9d8a5v,,0,308,307,post_exp,FinalForProlific,2026-05-12 16:19:08.558728,1,,,6590.0,1,,0.0,8199026d-b134-4c9c-8eb9-35b39d3ff423,4314.0,23.0,20.0,460.0,4774.0,,2600.0,20.0,,,,,0.0,0,,,3,9af49dc6-a1bd-40fe-b627-4a8dbdf93e45,https://london-trader-6b45bffdcd02.herokuapp.com,wss://london-trader-6b45bffdcd02.herokuapp.com,,1,2,ghp,gamified,human_only,0.0,1,15,"[8.0, 4.0, 20.0, 8.0, 8.0, 20.0, 20.0, 4.0, 20.0, 4.0, 20.0, 0.0, 8.0, 8.0, 8.0, 8.0, 8.0, 4.0, 4.0, 20.0, 0.0, 0.0, 8.0, 4.0, 4.0, 4.0, 20.0, 8.0, 8.0, 0.0, 8.0, 4.0, 4.0]",112.0,112.0,11,ffe5xhmq,,,,,0
14,r2eorolq,,0,308,307,post_exp,FinalForProlific,2026-05-12 16:19:08.574796,1,,,4974.0,2,,0.0,65041421-bea3-4034-ae77-04f68c6e46fc,4794.5,10.0,20.0,200.0,4994.5,,3800.0,10.0,,,,,0.0,0,,,3,9af49dc6-a1bd-40fe-b627-4a8dbdf93e45,https://london-trader-6b45bffdcd02.herokuapp.com,wss://london-trader-6b45bffdcd02.herokuapp.com,,1,2,ghp,gamified,human_only,0.0,1,15,"[8.0, 4.0, 20.0, 8.0, 8.0, 20.0, 20.0, 4.0, 20.0, 4.0, 20.0, 0.0, 8.0, 8.0, 8.0, 8.0, 8.0, 4.0, 4.0, 20.0, 0.0, 0.0, 8.0, 4.0, 4.0, 4.0, 20.0, 8.0, 8.0, 0.0, 8.0, 4.0, 4.0]",112.0,112.0,11,ffe5xhmq,,,,,0
1,viseix7p,,0,308,307,post_exp,FinalForProlific,2026-05-12 16:19:08.162574,1,,,4068.0,1,,0.0,3f3f926c-76bd-44db-b2dc-3e8e8ddbccb6,4500.21,26.0,0.0,0.0,4500.21,,2600.0,20.0,20.0,3,"{""forecast_price_next_day"":20,""forecast_confidence_next_day"":3}",42.0,0.0,1,,,1,a5f35780-eeec-48f3-bd11-2a02633bc450,https://london-trader-6b45bffdcd02.herokuapp.com,wss://london-trader-6b45bffdcd02.herokuapp.com,,1,6,ghp,gamified,human_only,0.0,0,15,"[8.0, 4.0, 20.0, 8.0, 8.0, 20.0, 20.0, 4.0, 20.0, 4.0, 20.0, 0.0, 8.0, 8.0, 8.0, 8.0, 8.0, 4.0, 4.0, 20.0, 0.0, 0.0, 8.0, 4.0, 4.0, 4.0, 20.0, 8.0, 8.0, 0.0, 8.0, 4.0, 4.0]",47.0,47.0,12,ffe5xhmq,,,,,0
2,qhz5zte3,,0,308,307,post_exp,FinalForProlific,2026-05-12 16:19:08.174764,1,,,5491.0,2,,0.0,7263bda7-ce07-4527-829d-593539f9496a,5054.84,11.0,0.0,0.0,5054.84,,3800.0,10.0,45.0,3,"{""forecast_price_next_day"":45,""forecast_confidence_next_day"":3}",42.0,0.0,1,,,1,a5f35780-eeec-48f3-bd11-2a02633bc450,https://london-trader-6b45bffdcd02.herokuapp.com,wss://london-trader-6b45bffdcd02.herokuapp.com,,1,6,ghp,gamified,human_only,0.0,0,15,"[8.0, 4.0, 20.0, 8.0, 8.0, 20.0, 20.0, 4.0, 20.0, 4.0, 20.0, 0.0, 8.0, 8.0, 8.0, 8.0, 8.0, 4.0, 4.0, 20.0, 0.0, 0.0, 8.0, 4.0, 4.0, 4.0, 20.0, 8.0, 8.0, 0.0, 8.0, 4.0, 4.0]",47.0,47.0,12,ffe5xhmq,,,,,0
3,kmcc2p31,,0,308,307,post_exp,FinalForProlific,2026-05-12 16:19:08.179802,1,,,6177.0,3,,0.0,d896d1d1-903a-4faf-af2e-bda1e25a47cc,4417.11,31.0,0.0,0.0,4417.11,,2600.0,20.0,41.0,4,"{""forecast_price_next_day"":41,""forecast_confidence_next_day"":4}",42.0,20.0,1,,,1,a5f35780-eeec-48f3-bd11-2a02633bc450,https://london-trader-6b45bffdcd02.herokuapp.com,wss://london-trader-6b45bffdcd02.herokuapp.com,,1,6,ghp,gamified,human_only,0.0,0,15,"[8.0, 4.0, 20.0, 8.0, 8.0, 20.0, 20.0, 4.0, 20.0, 4.0, 20.0, 0.0, 8.0, 8.0, 8.0, 8.0, 8.0, 4.0, 4.0, 20.0, 0.0, 0.0, 8.0, 4.0, 4.0, 4.0, 20.0, 8.0, 8.0, 0.0, 8.0, 4.0, 4.0]",47.0,47.0,12,ffe5xhmq,,,,,0
4,snooaw5j,,0,308,307,post_exp,FinalForProlific,2026-05-12 16:19:08.185093,1,,,5310.0,4,,0.0,b051dea2-10fd-492e-a16a-123e7f6bc6ac,4914.49,4.0,0.0,0.0,4914.49,,3800.0,10.0,40.0,4,"{""forecast_price_next_day"":40,""forecast_confidence_next_day"":4}",42.0,20.0,1,,,1,a5f35780-eeec-48f3-bd11-2a02633bc450,https://london-trader-6b45bffdcd02.herokuapp.com,wss://london-trader-6b45bffdcd02.herokuapp.com,,1,6,ghp,gamified,human_only,0.0,0,15,"[8.0, 4.0, 20.0, 8.0, 8.0, 20.0, 20.0, 4.0, 20.0, 4.0, 20.0, 0.0, 8.0, 8.0, 8.0, 8.0, 8.0, 4.0, 4.0, 20.0, 0.0, 0.0, 8.0, 4.0, 4.0, 4.0, 20.0, 8.0, 8.0, 0.0, 8.0, 4.0, 4.0]",47.0,47.0,12,ffe5xhmq,,,,,0
5,twrkr7hz,,0,308,307,post_exp,FinalForProlific,2026-05-12 16:19:08.193724,1,,,5777.0,5,,0.0,14a8161a-9d15-4590-8e4a-d60fa690d14e,4697.18,24.0,0.0,0.0,4697.18,,2600.0,20.0,45.0,1,"{""forecast_price_next_day"":45,""forecast_confidence_next_day"":1}",42.0,0.0,1,,,1,a5f35780-eeec-48f3-bd11-2a02633bc450,https://london-trader-6b45bffdcd02.herokuapp.com,wss://london-trader-6b45bffdcd02.herokuapp.com,,1,6,ghp,gamified,human_only,0.0,0,15,"[8.0, 4.0, 20.0, 8.0, 8.0, 20.0, 20.0, 4.0, 20.0, 4.0, 20.0, 0.0, 8.0, 8.0, 8.0, 8.0, 8.0, 4.0, 4.0, 20.0, 0.0, 0.0, 8.0, 4.0, 4.0, 4.0, 20.0, 8.0, 8.0, 0.0, 8.0, 4.0, 4.0]",47.0,47.0,12,ffe5xhmq,,,,,0
6,hk3teh8u,,0,308,307,post_exp,FinalForProlific,2026-05-12 16:19:08.431171,1,,,5073.0,6,,0.0,6a27507f-b151-4a9f-b11f-d433b22aeb62,5212.17,1.0,0.0,0.0,5212.17,,3800.0,10.0,40.0,4,"{""forecast_price_next_day"":40,""forecast_confidence_next_day"":4}",42.0,20.0,1,,,1,a5f35780-eeec-48f3-bd11-2a02633bc450,https://london-trader-6b45bffdcd02.herokuapp.com,wss://london-trader-6b45bffdcd02.herokuapp.com,,1,6,ghp,gamified,human_only,0.0,0,15,"[8.0, 4.0, 20.0, 8.0, 8.0, 20.0, 20.0, 4.0, 20.0, 4.0, 20.0, 0.0, 8.0, 8.0, 8.0, 8.0, 8.0, 4.0, 4.0, 20.0, 0.0, 0.0, 8.0, 4.0, 4.0, 4.0, 20.0, 8.0, 8.0, 0.0, 8.0, 4.0, 4.0]",47.0,47.0,12,ffe5xhmq,,,,,0
7,6kvq85km,,0,308,307,post_exp,FinalForProlific,2026-05-12 16:19:08.454950,1,,,5884.0,1,,0.0,c5382ee4-bd5b-45e4-8232-55a805c489d8,4880.5,19.0,0.0,0.0,4880.5,,2600.0,20.0,48.0,3,"{""forecast_price_next_day"":48,""forecast_confidence_next_day"":3}",48.0,20.0,1,,,2,17f3bde5-9e00-47d0-8909-b138b266b325,https://london-trader-6b45bffdcd02.herokuapp.com,wss://london-trader-6b45bffdcd02.herokuapp.com,,1,6,ng,non_gamified,human_only,0.0,0,15,"[8.0, 4.0, 20.0, 8.0, 8.0, 20.0, 20.0, 4.0, 20.0, 4.0, 20.0, 0.0, 8.0, 8.0, 8.0, 8.0, 8.0, 4.0, 4.0, 20.0, 0.0, 0.0, 8.0, 4.0, 4.0, 4.0, 20.0, 8.0, 8.0, 0.0, 8.0, 4.0, 4.0]",60.0,60.0,12,ffe5xhmq,,,,,0
8,7dpcven3,,0,308,307,post_exp,FinalForProlific,2026-05-12 16:19:08.479580,1,,,5168.0,2,,0.0,8097813e-2f6f-40a4-be05-70c6d8d3bca7,5032.0,9.0,0.0,0.0,5032.0,,3800.0,10.0,70.0,3,"{""forecast_price_next_day"":70,""forecast_confidence_next_day"":3}",48.0,0.0,1,,,2,17f3bde5-9e00-47d0-8909-b138b266b325,https://london-trader-6b45bffdcd02.herokuapp.com,wss://london-trader-6b45bffdcd02.herokuapp.com,,1,6,ng,non_gamified,human_only,0.0,0,15,"[8.0, 4.0, 20.0, 8.0, 8.0, 20.0, 20.0, 4.0, 20.0, 4.0, 20.0, 0.0, 8.0, 8.0, 8.0, 8.0, 8.0, 4.0, 4.0, 20.0, 0.0, 0.0, 8.0, 4.0, 4.0, 4.0, 20.0, 8.0, 8.0, 0.0, 8.0, 4.0, 4.0]",60.0,60.0,12,ffe5xhmq,,,,,0
9,2mz5up3e,,0,308,307,post_exp,FinalForProlific,2026-05-12 16:19:08.496584,1,,,5955.0,3,,0.0,121ddd6b-3999-4e05-a2b3-d80bdfc8efba,4864.5,22.0,0.0,0.0,4864.5,,2600.0,20.0,60.0,4,"{""forecast_price_next_day"":60,""forecast_confidence_next_day"":4}",48.0,0.0,1,,,2,17f3bde5-9e00-47d0-8909-b138b266b325,https://london-trader-6b45bffdcd02.herokuapp.com,wss://london-trader-6b45bffdcd02.herokuapp.com,,1,6,ng,non_gamified,human_only,0.0,0,15,"[8.0, 4.0, 20.0, 8.0, 8.0, 20.0, 20.0, 4.0, 20.0, 4.0, 20.0, 0.0, 8.0, 8.0, 8.0, 8.0, 8.0, 4.0, 4.0, 20.0, 0.0, 0.0, 8.0, 4.0, 4.0, 4.0, 20.0, 8.0, 8.0, 0.0, 8.0, 4.0, 4.0]",60.0,60.0,12,ffe5xhmq,,,,,0
10,keffe6of,,0,308,307,post_exp,FinalForProlific,2026-05-12 16:19:08.505946,1,,,4719.0,4,,0.0,6eb3648e-8876-4d12-96eb-7269067415d5,4803.0,13.0,0.0,0.0,4803.0,,3800.0,10.0,3.0,1,"{""forecast_price_next_day"":3,""forecast_confidence_next_day"":1}",48.0,0.0,1,,,2,17f3bde5-9e00-47d0-8909-b138b266b325,https://london-trader-6b45bffdcd02.herokuapp.com,wss://london-trader-6b45bffdcd02.herokuapp.com,,1,6,ng,non_gamified,human_only,0.0,0,15,"[8.0, 4.0, 20.0, 8.0, 8.0, 20.0, 20.0, 4.0, 20.0, 4.0, 20.0, 0.0, 8.0, 8.0, 8.0, 8.0, 8.0, 4.0, 4.0, 20.0, 0.0, 0.0, 8.0, 4.0, 4.0, 4.0, 20.0, 8.0, 8.0, 0.0, 8.0, 4.0, 4.0]",60.0,60.0,12,ffe5xhmq,,,,,0
11,quvmw080,,0,308,307,post_exp,FinalForProlific,2026-05-12 16:19:08.538071,1,,,5573.0,5,,0.0,1fee9bd8-a0b5-414d-b996-84be8a4a131f,4033.5,33.0,0.0,0.0,4033.5,,2600.0,20.0,4033.0,1,"{""forecast_price_next_day"":4033,""forecast_confidence_next_day"":1}",48.0,0.0,1,,,2,17f3bde5-9e00-47d0-8909-b138b266b325,https://london-trader-6b45bffdcd02.herokuapp.com,wss://london-trader-6b45bffdcd02.herokuapp.com,,1,6,ng,non_gamified,human_only,0.0,0,15,"[8.0, 4.0, 20.0, 8.0, 8.0, 20.0, 20.0, 4.0, 20.0, 4.0, 20.0, 0.0, 8.0, 8.0, 8.0, 8.0, 8.0, 4.0, 4.0, 20.0, 0.0, 0.0, 8.0, 4.0, 4.0, 4.0, 20.0, 8.0, 8.0, 0.0, 8.0, 4.0, 4.0]",60.0,60.0,12,ffe5xhmq,,,,,0
12,zmzx9bpp,,0,308,307,post_exp,FinalForProlific,2026-05-12 16:19:08.548095,1,,,5011.0,6,,0.0,e4da5453-0e94-4ba4-b1bb-3b711e2a2c8d,5454.5,3.0,0.0,0.0,5454.5,,3800.0,10.0,38.0,4,"{""forecast_price_next_day"":38,""forecast_confidence_next_day"":4}",48.0,0.0,1,,,2,17f3bde5-9e00-47d0-8909-b138b266b325,https://london-trader-6b45bffdcd02.herokuapp.com,wss://london-trader-6b45bffdcd02.herokuapp.com,,1,6,ng,non_gamified,human_only,0.0,0,15,"[8.0, 4.0, 20.0, 8.0, 8.0, 20.0, 20.0, 4.0, 20.0, 4.0, 20.0, 0.0, 8.0, 8.0, 8.0, 8.0, 8.0, 4.0, 4.0, 20.0, 0.0, 0.0, 8.0, 4.0, 4.0, 4.0, 20.0, 8.0, 8.0, 0.0, 8.0, 4.0, 4.0]",60.0,60.0,12,ffe5xhmq,,,,,0
13,er9d8a5v,,0,308,307,post_exp,FinalForProlific,2026-05-12 16:19:08.558728,1,,,6590.0,1,,0.0,8199026d-b134-4c9c-8eb9-35b39d3ff423,4888.75,22.0,0.0,0.0,4888.75,,2600.0,20.0,113.0,3,"{""forecast_price_next_day"":113,""forecast_confidence_next_day"":3}",113.0,20.0,1,,,3,9af49dc6-a1bd-40fe-b627-4a8dbdf93e45,https://london-trader-6b45bffdcd02.herokuapp.com,wss://london-trader-6b45bffdcd02.herokuapp.com,,1,2,ghp,gamified,human_only,0.0,1,15,"[8.0, 4.0, 20.0, 8.0, 8.0, 20.0, 20.0, 4.0, 20.0, 4.0, 20.0, 0.0, 8.0, 8.0, 8.0, 8.0, 8.0, 4.0, 4.0, 20.0, 0.0, 0.0, 8.0, 4.0, 4.0, 4.0, 20.0, 8.0, 8.0, 0.0, 8.0, 4.0, 4.0]",113.0,113.0,12,ffe5xhmq,,,,,0
14,r2eorolq,,0,308,307,post_exp,FinalForProlific,2026-05-12 16:19:08.574796,1,,,4974.0,2,,0.0,65041421-bea3-4034-ae77-04f68c6e46fc,4880.75,11.0,0.0,0.0,4880.75,,3800.0,10.0,112.0,1,"{""forecast_price_next_day"":112,""forecast_confidence_next_day"":1}",113.0,20.0,1,,,3,9af49dc6-a1bd-40fe-b627-4a8dbdf93e45,https://london-trader-6b45bffdcd02.herokuapp.com,wss://london-trader-6b45bffdcd02.herokuapp.com,,1,2,ghp,gamified,human_only,0.0,1,15,"[8.0, 4.0, 20.0, 8.0, 8.0, 20.0, 20.0, 4.0, 20.0, 4.0, 20.0, 0.0, 8.0, 8.0, 8.0, 8.0, 8.0, 4.0, 4.0, 20.0, 0.0, 0.0, 8.0, 4.0, 4.0, 4.0, 20.0, 8.0, 8.0, 0.0, 8.0, 4.0, 4.0]",113.0,113.0,12,ffe5xhmq,,,,,0
1,viseix7p,,0,308,307,post_exp,FinalForProlific,2026-05-12 16:19:08.162574,1,,,4068.0,1,,0.0,3f3f926c-76bd-44db-b2dc-3e8e8ddbccb6,4457.21,27.0,8.0,216.0,4673.21,,2600.0,20.0,,,,,0.0,0,,,1,a5f35780-eeec-48f3-bd11-2a02633bc450,https://london-trader-6b45bffdcd02.herokuapp.com,wss://london-trader-6b45bffdcd02.herokuapp.com,,1,6,ghp,gamified,human_only,0.0,0,15,"[8.0, 4.0, 20.0, 8.0, 8.0, 20.0, 20.0, 4.0, 20.0, 4.0, 20.0, 0.0, 8.0, 8.0, 8.0, 8.0, 8.0, 4.0, 4.0, 20.0, 0.0, 0.0, 8.0, 4.0, 4.0, 4.0, 20.0, 8.0, 8.0, 0.0, 8.0, 4.0, 4.0]",42.0,42.0,13,ffe5xhmq,,,,,0
2,qhz5zte3,,0,308,307,post_exp,FinalForProlific,2026-05-12 16:19:08.174764,1,,,5491.0,2,,0.0,7263bda7-ce07-4527-829d-593539f9496a,4832.34,13.0,8.0,104.0,4936.34,,3800.0,10.0,,,,,0.0,0,,,1,a5f35780-eeec-48f3-bd11-2a02633bc450,https://london-trader-6b45bffdcd02.herokuapp.com,wss://london-trader-6b45bffdcd02.herokuapp.com,,1,6,ghp,gamified,human_only,0.0,0,15,"[8.0, 4.0, 20.0, 8.0, 8.0, 20.0, 20.0, 4.0, 20.0, 4.0, 20.0, 0.0, 8.0, 8.0, 8.0, 8.0, 8.0, 4.0, 4.0, 20.0, 0.0, 0.0, 8.0, 4.0, 4.0, 4.0, 20.0, 8.0, 8.0, 0.0, 8.0, 4.0, 4.0]",42.0,42.0,13,ffe5xhmq,,,,,0
3,kmcc2p31,,0,308,307,post_exp,FinalForProlific,2026-05-12 16:19:08.179802,1,,,6177.0,3,,0.0,d896d1d1-903a-4faf-af2e-bda1e25a47cc,4637.61,26.0,8.0,208.0,4845.61,,2600.0,20.0,,,,,0.0,0,,,1,a5f35780-eeec-48f3-bd11-2a02633bc450,https://london-trader-6b45bffdcd02.herokuapp.com,wss://london-trader-6b45bffdcd02.herokuapp.com,,1,6,ghp,gamified,human_only,0.0,0,15,"[8.0, 4.0, 20.0, 8.0, 8.0, 20.0, 20.0, 4.0, 20.0, 4.0, 20.0, 0.0, 8.0, 8.0, 8.0, 8.0, 8.0, 4.0, 4.0, 20.0, 0.0, 0.0, 8.0, 4.0, 4.0, 4.0, 20.0, 8.0, 8.0, 0.0, 8.0, 4.0, 4.0]",42.0,42.0,13,ffe5xhmq,,,,,0
4,snooaw5j,,0,308,307,post_exp,FinalForProlific,2026-05-12 16:19:08.185093,1,,,5310.0,4,,0.0,b051dea2-10fd-492e-a16a-123e7f6bc6ac,4914.49,4.0,8.0,32.0,4946.49,,3800.0,10.0,,,,,0.0,0,,,1,a5f35780-eeec-48f3-bd11-2a02633bc450,https://london-trader-6b45bffdcd02.herokuapp.com,wss://london-trader-6b45bffdcd02.herokuapp.com,,1,6,ghp,gamified,human_only,0.0,0,15,"[8.0, 4.0, 20.0, 8.0, 8.0, 20.0, 20.0, 4.0, 20.0, 4.0, 20.0, 0.0, 8.0, 8.0, 8.0, 8.0, 8.0, 4.0, 4.0, 20.0, 0.0, 0.0, 8.0, 4.0, 4.0, 4.0, 20.0, 8.0, 8.0, 0.0, 8.0, 4.0, 4.0]",42.0,42.0,13,ffe5xhmq,,,,,0
5,twrkr7hz,,0,308,307,post_exp,FinalForProlific,2026-05-12 16:19:08.193724,1,,,5777.0,5,,0.0,14a8161a-9d15-4590-8e4a-d60fa690d14e,4742.18,21.0,8.0,168.0,4910.18,,2600.0,20.0,,,,,0.0,0,,,1,a5f35780-eeec-48f3-bd11-2a02633bc450,https://london-trader-6b45bffdcd02.herokuapp.com,wss://london-trader-6b45bffdcd02.herokuapp.com,,1,6,ghp,gamified,human_only,0.0,0,15,"[8.0, 4.0, 20.0, 8.0, 8.0, 20.0, 20.0, 4.0, 20.0, 4.0, 20.0, 0.0, 8.0, 8.0, 8.0, 8.0, 8.0, 4.0, 4.0, 20.0, 0.0, 0.0, 8.0, 4.0, 4.0, 4.0, 20.0, 8.0, 8.0, 0.0, 8.0, 4.0, 4.0]",42.0,42.0,13,ffe5xhmq,,,,,0
6,hk3teh8u,,0,308,307,post_exp,FinalForProlific,2026-05-12 16:19:08.431171,1,,,5073.0,6,,0.0,6a27507f-b151-4a9f-b11f-d433b22aeb62,5212.17,2.0,8.0,16.0,5228.17,,3800.0,10.0,,,,,0.0,0,,,1,a5f35780-eeec-48f3-bd11-2a02633bc450,https://london-trader-6b45bffdcd02.herokuapp.com,wss://london-trader-6b45bffdcd02.herokuapp.com,,1,6,ghp,gamified,human_only,0.0,0,15,"[8.0, 4.0, 20.0, 8.0, 8.0, 20.0, 20.0, 4.0, 20.0, 4.0, 20.0, 0.0, 8.0, 8.0, 8.0, 8.0, 8.0, 4.0, 4.0, 20.0, 0.0, 0.0, 8.0, 4.0, 4.0, 4.0, 20.0, 8.0, 8.0, 0.0, 8.0, 4.0, 4.0]",42.0,42.0,13,ffe5xhmq,,,,,0
7,6kvq85km,,0,308,307,post_exp,FinalForProlific,2026-05-12 16:19:08.454950,1,,,5884.0,1,,0.0,c5382ee4-bd5b-45e4-8232-55a805c489d8,4980.5,16.0,8.0,128.0,5108.5,,2600.0,20.0,,,,,0.0,0,,,2,17f3bde5-9e00-47d0-8909-b138b266b325,https://london-trader-6b45bffdcd02.herokuapp.com,wss://london-trader-6b45bffdcd02.herokuapp.com,,1,6,ng,non_gamified,human_only,0.0,0,15,"[8.0, 4.0, 20.0, 8.0, 8.0, 20.0, 20.0, 4.0, 20.0, 4.0, 20.0, 0.0, 8.0, 8.0, 8.0, 8.0, 8.0, 4.0, 4.0, 20.0, 0.0, 0.0, 8.0, 4.0, 4.0, 4.0, 20.0, 8.0, 8.0, 0.0, 8.0, 4.0, 4.0]",48.0,48.0,13,ffe5xhmq,,,,,0
8,7dpcven3,,0,308,307,post_exp,FinalForProlific,2026-05-12 16:19:08.479580,1,,,5168.0,2,,0.0,8097813e-2f6f-40a4-be05-70c6d8d3bca7,5032.5,8.0,8.0,64.0,5096.5,,3800.0,10.0,,,,,0.0,0,,,2,17f3bde5-9e00-47d0-8909-b138b266b325,https://london-trader-6b45bffdcd02.herokuapp.com,wss://london-trader-6b45bffdcd02.herokuapp.com,,1,6,ng,non_gamified,human_only,0.0,0,15,"[8.0, 4.0, 20.0, 8.0, 8.0, 20.0, 20.0, 4.0, 20.0, 4.0, 20.0, 0.0, 8.0, 8.0, 8.0, 8.0, 8.0, 4.0, 4.0, 20.0, 0.0, 0.0, 8.0, 4.0, 4.0, 4.0, 20.0, 8.0, 8.0, 0.0, 8.0, 4.0, 4.0]",48.0,48.0,13,ffe5xhmq,,,,,0
9,2mz5up3e,,0,308,307,post_exp,FinalForProlific,2026-05-12 16:19:08.496584,1,,,5955.0,3,,0.0,121ddd6b-3999-4e05-a2b3-d80bdfc8efba,4864.5,21.0,8.0,168.0,5032.5,,2600.0,20.0,,,,,0.0,0,,,2,17f3bde5-9e00-47d0-8909-b138b266b325,https://london-trader-6b45bffdcd02.herokuapp.com,wss://london-trader-6b45bffdcd02.herokuapp.com,,1,6,ng,non_gamified,human_only,0.0,0,15,"[8.0, 4.0, 20.0, 8.0, 8.0, 20.0, 20.0, 4.0, 20.0, 4.0, 20.0, 0.0, 8.0, 8.0, 8.0, 8.0, 8.0, 4.0, 4.0, 20.0, 0.0, 0.0, 8.0, 4.0, 4.0, 4.0, 20.0, 8.0, 8.0, 0.0, 8.0, 4.0, 4.0]",48.0,48.0,13,ffe5xhmq,,,,,0
10,keffe6of,,0,308,307,post_exp,FinalForProlific,2026-05-12 16:19:08.505946,1,,,4719.0,4,,0.0,6eb3648e-8876-4d12-96eb-7269067415d5,4704.5,16.0,8.0,128.0,4832.5,,3800.0,10.0,,,,,0.0,0,,,2,17f3bde5-9e00-47d0-8909-b138b266b325,https://london-trader-6b45bffdcd02.herokuapp.com,wss://london-trader-6b45bffdcd02.herokuapp.com,,1,6,ng,non_gamified,human_only,0.0,0,15,"[8.0, 4.0, 20.0, 8.0, 8.0, 20.0, 20.0, 4.0, 20.0, 4.0, 20.0, 0.0, 8.0, 8.0, 8.0, 8.0, 8.0, 4.0, 4.0, 20.0, 0.0, 0.0, 8.0, 4.0, 4.0, 4.0, 20.0, 8.0, 8.0, 0.0, 8.0, 4.0, 4.0]",48.0,48.0,13,ffe5xhmq,,,,,0
11,quvmw080,,0,308,307,post_exp,FinalForProlific,2026-05-12 16:19:08.538071,1,,,5573.0,5,,0.0,1fee9bd8-a0b5-414d-b996-84be8a4a131f,4031.5,33.0,8.0,264.0,4295.5,,2600.0,20.0,,,,,0.0,0,,,2,17f3bde5-9e00-47d0-8909-b138b266b325,https://london-trader-6b45bffdcd02.herokuapp.com,wss://london-trader-6b45bffdcd02.herokuapp.com,,1,6,ng,non_gamified,human_only,0.0,0,15,"[8.0, 4.0, 20.0, 8.0, 8.0, 20.0, 20.0, 4.0, 20.0, 4.0, 20.0, 0.0, 8.0, 8.0, 8.0, 8.0, 8.0, 4.0, 4.0, 20.0, 0.0, 0.0, 8.0, 4.0, 4.0, 4.0, 20.0, 8.0, 8.0, 0.0, 8.0, 4.0, 4.0]",48.0,48.0,13,ffe5xhmq,,,,,0
12,zmzx9bpp,,0,308,307,post_exp,FinalForProlific,2026-05-12 16:19:08.548095,1,,,5011.0,6,,0.0,e4da5453-0e94-4ba4-b1bb-3b711e2a2c8d,5454.5,4.0,8.0,32.0,5486.5,,3800.0,10.0,,,,,0.0,0,,,2,17f3bde5-9e00-47d0-8909-b138b266b325,https://london-trader-6b45bffdcd02.herokuapp.com,wss://london-trader-6b45bffdcd02.herokuapp.com,,1,6,ng,non_gamified,human_only,0.0,0,15,"[8.0, 4.0, 20.0, 8.0, 8.0, 20.0, 20.0, 4.0, 20.0, 4.0, 20.0, 0.0, 8.0, 8.0, 8.0, 8.0, 8.0, 4.0, 4.0, 20.0, 0.0, 0.0, 8.0, 4.0, 4.0, 4.0, 20.0, 8.0, 8.0, 0.0, 8.0, 4.0, 4.0]",48.0,48.0,13,ffe5xhmq,,,,,0
13,er9d8a5v,,0,308,307,post_exp,FinalForProlific,2026-05-12 16:19:08.558728,1,,,6590.0,1,,0.0,8199026d-b134-4c9c-8eb9-35b39d3ff423,5001.75,20.0,8.0,160.0,5161.75,,2600.0,20.0,,,,,0.0,0,,,3,9af49dc6-a1bd-40fe-b627-4a8dbdf93e45,https://london-trader-6b45bffdcd02.herokuapp.com,wss://london-trader-6b45bffdcd02.herokuapp.com,,1,2,ghp,gamified,human_only,0.0,1,15,"[8.0, 4.0, 20.0, 8.0, 8.0, 20.0, 20.0, 4.0, 20.0, 4.0, 20.0, 0.0, 8.0, 8.0, 8.0, 8.0, 8.0, 4.0, 4.0, 20.0, 0.0, 0.0, 8.0, 4.0, 4.0, 4.0, 20.0, 8.0, 8.0, 0.0, 8.0, 4.0, 4.0]",113.0,113.0,13,ffe5xhmq,,,,,0
14,r2eorolq,,0,308,307,post_exp,FinalForProlific,2026-05-12 16:19:08.574796,1,,,4974.0,2,,0.0,65041421-bea3-4034-ae77-04f68c6e46fc,4993.75,10.0,8.0,80.0,5073.75,,3800.0,10.0,,,,,0.0,0,,,3,9af49dc6-a1bd-40fe-b627-4a8dbdf93e45,https://london-trader-6b45bffdcd02.herokuapp.com,wss://london-trader-6b45bffdcd02.herokuapp.com,,1,2,ghp,gamified,human_only,0.0,1,15,"[8.0, 4.0, 20.0, 8.0, 8.0, 20.0, 20.0, 4.0, 20.0, 4.0, 20.0, 0.0, 8.0, 8.0, 8.0, 8.0, 8.0, 4.0, 4.0, 20.0, 0.0, 0.0, 8.0, 4.0, 4.0, 4.0, 20.0, 8.0, 8.0, 0.0, 8.0, 4.0, 4.0]",113.0,113.0,13,ffe5xhmq,,,,,0
1,viseix7p,,0,308,307,post_exp,FinalForProlific,2026-05-12 16:19:08.162574,1,,,4068.0,1,,0.0,3f3f926c-76bd-44db-b2dc-3e8e8ddbccb6,4630.52,28.0,8.0,224.0,4854.52,,2600.0,20.0,,,,,0.0,0,,,1,a5f35780-eeec-48f3-bd11-2a02633bc450,https://london-trader-6b45bffdcd02.herokuapp.com,wss://london-trader-6b45bffdcd02.herokuapp.com,,1,6,ghp,gamified,human_only,0.0,0,15,"[8.0, 4.0, 20.0, 8.0, 8.0, 20.0, 20.0, 4.0, 20.0, 4.0, 20.0, 0.0, 8.0, 8.0, 8.0, 8.0, 8.0, 4.0, 4.0, 20.0, 0.0, 0.0, 8.0, 4.0, 4.0, 4.0, 20.0, 8.0, 8.0, 0.0, 8.0, 4.0, 4.0]",38.7,38.7,14,ffe5xhmq,,,,,0
2,qhz5zte3,,0,308,307,post_exp,FinalForProlific,2026-05-12 16:19:08.174764,1,,,5491.0,2,,0.0,7263bda7-ce07-4527-829d-593539f9496a,4853.34,16.0,8.0,128.0,4981.34,,3800.0,10.0,,,,,0.0,0,,,1,a5f35780-eeec-48f3-bd11-2a02633bc450,https://london-trader-6b45bffdcd02.herokuapp.com,wss://london-trader-6b45bffdcd02.herokuapp.com,,1,6,ghp,gamified,human_only,0.0,0,15,"[8.0, 4.0, 20.0, 8.0, 8.0, 20.0, 20.0, 4.0, 20.0, 4.0, 20.0, 0.0, 8.0, 8.0, 8.0, 8.0, 8.0, 4.0, 4.0, 20.0, 0.0, 0.0, 8.0, 4.0, 4.0, 4.0, 20.0, 8.0, 8.0, 0.0, 8.0, 4.0, 4.0]",38.7,38.7,14,ffe5xhmq,,,,,0
3,kmcc2p31,,0,308,307,post_exp,FinalForProlific,2026-05-12 16:19:08.179802,1,,,6177.0,3,,0.0,d896d1d1-903a-4faf-af2e-bda1e25a47cc,4808.61,27.0,8.0,216.0,5024.61,,2600.0,20.0,,,,,0.0,0,,,1,a5f35780-eeec-48f3-bd11-2a02633bc450,https://london-trader-6b45bffdcd02.herokuapp.com,wss://london-trader-6b45bffdcd02.herokuapp.com,,1,6,ghp,gamified,human_only,0.0,0,15,"[8.0, 4.0, 20.0, 8.0, 8.0, 20.0, 20.0, 4.0, 20.0, 4.0, 20.0, 0.0, 8.0, 8.0, 8.0, 8.0, 8.0, 4.0, 4.0, 20.0, 0.0, 0.0, 8.0, 4.0, 4.0, 4.0, 20.0, 8.0, 8.0, 0.0, 8.0, 4.0, 4.0]",38.7,38.7,14,ffe5xhmq,,,,,0
4,snooaw5j,,0,308,307,post_exp,FinalForProlific,2026-05-12 16:19:08.185093,1,,,5310.0,4,,0.0,b051dea2-10fd-492e-a16a-123e7f6bc6ac,5029.49,2.0,8.0,16.0,5045.49,,3800.0,10.0,,,,,0.0,0,,,1,a5f35780-eeec-48f3-bd11-2a02633bc450,https://london-trader-6b45bffdcd02.herokuapp.com,wss://london-trader-6b45bffdcd02.herokuapp.com,,1,6,ghp,gamified,human_only,0.0,0,15,"[8.0, 4.0, 20.0, 8.0, 8.0, 20.0, 20.0, 4.0, 20.0, 4.0, 20.0, 0.0, 8.0, 8.0, 8.0, 8.0, 8.0, 4.0, 4.0, 20.0, 0.0, 0.0, 8.0, 4.0, 4.0, 4.0, 20.0, 8.0, 8.0, 0.0, 8.0, 4.0, 4.0]",38.7,38.7,14,ffe5xhmq,,,,,0
5,twrkr7hz,,0,308,307,post_exp,FinalForProlific,2026-05-12 16:19:08.193724,1,,,5777.0,5,,0.0,14a8161a-9d15-4590-8e4a-d60fa690d14e,4989.87,19.0,8.0,152.0,5141.87,,2600.0,20.0,,,,,0.0,0,,,1,a5f35780-eeec-48f3-bd11-2a02633bc450,https://london-trader-6b45bffdcd02.herokuapp.com,wss://london-trader-6b45bffdcd02.herokuapp.com,,1,6,ghp,gamified,human_only,0.0,0,15,"[8.0, 4.0, 20.0, 8.0, 8.0, 20.0, 20.0, 4.0, 20.0, 4.0, 20.0, 0.0, 8.0, 8.0, 8.0, 8.0, 8.0, 4.0, 4.0, 20.0, 0.0, 0.0, 8.0, 4.0, 4.0, 4.0, 20.0, 8.0, 8.0, 0.0, 8.0, 4.0, 4.0]",38.7,38.7,14,ffe5xhmq,,,,,0
6,hk3teh8u,,0,308,307,post_exp,FinalForProlific,2026-05-12 16:19:08.431171,1,,,5073.0,6,,0.0,6a27507f-b151-4a9f-b11f-d433b22aeb62,5228.17,2.0,8.0,16.0,5244.17,,3800.0,10.0,,,,,0.0,0,,,1,a5f35780-eeec-48f3-bd11-2a02633bc450,https://london-trader-6b45bffdcd02.herokuapp.com,wss://london-trader-6b45bffdcd02.herokuapp.com,,1,6,ghp,gamified,human_only,0.0,0,15,"[8.0, 4.0, 20.0, 8.0, 8.0, 20.0, 20.0, 4.0, 20.0, 4.0, 20.0, 0.0, 8.0, 8.0, 8.0, 8.0, 8.0, 4.0, 4.0, 20.0, 0.0, 0.0, 8.0, 4.0, 4.0, 4.0, 20.0, 8.0, 8.0, 0.0, 8.0, 4.0, 4.0]",38.7,38.7,14,ffe5xhmq,,,,,0
7,6kvq85km,,0,308,307,post_exp,FinalForProlific,2026-05-12 16:19:08.454950,1,,,5884.0,1,,0.0,c5382ee4-bd5b-45e4-8232-55a805c489d8,5193.5,14.0,8.0,112.0,5305.5,,2600.0,20.0,,,,,0.0,0,,,2,17f3bde5-9e00-47d0-8909-b138b266b325,https://london-trader-6b45bffdcd02.herokuapp.com,wss://london-trader-6b45bffdcd02.herokuapp.com,,1,6,ng,non_gamified,human_only,0.0,0,15,"[8.0, 4.0, 20.0, 8.0, 8.0, 20.0, 20.0, 4.0, 20.0, 4.0, 20.0, 0.0, 8.0, 8.0, 8.0, 8.0, 8.0, 4.0, 4.0, 20.0, 0.0, 0.0, 8.0, 4.0, 4.0, 4.0, 20.0, 8.0, 8.0, 0.0, 8.0, 4.0, 4.0]",45.0,45.0,14,ffe5xhmq,,,,,0
8,7dpcven3,,0,308,307,post_exp,FinalForProlific,2026-05-12 16:19:08.479580,1,,,5168.0,2,,0.0,8097813e-2f6f-40a4-be05-70c6d8d3bca7,5112.5,10.0,8.0,80.0,5192.5,,3800.0,10.0,,,,,0.0,0,,,2,17f3bde5-9e00-47d0-8909-b138b266b325,https://london-trader-6b45bffdcd02.herokuapp.com,wss://london-trader-6b45bffdcd02.herokuapp.com,,1,6,ng,non_gamified,human_only,0.0,0,15,"[8.0, 4.0, 20.0, 8.0, 8.0, 20.0, 20.0, 4.0, 20.0, 4.0, 20.0, 0.0, 8.0, 8.0, 8.0, 8.0, 8.0, 4.0, 4.0, 20.0, 0.0, 0.0, 8.0, 4.0, 4.0, 4.0, 20.0, 8.0, 8.0, 0.0, 8.0, 4.0, 4.0]",45.0,45.0,14,ffe5xhmq,,,,,0
9,2mz5up3e,,0,308,307,post_exp,FinalForProlific,2026-05-12 16:19:08.496584,1,,,5955.0,3,,0.0,121ddd6b-3999-4e05-a2b3-d80bdfc8efba,4819.5,25.0,8.0,200.0,5019.5,,2600.0,20.0,,,,,0.0,0,,,2,17f3bde5-9e00-47d0-8909-b138b266b325,https://london-trader-6b45bffdcd02.herokuapp.com,wss://london-trader-6b45bffdcd02.herokuapp.com,,1,6,ng,non_gamified,human_only,0.0,0,15,"[8.0, 4.0, 20.0, 8.0, 8.0, 20.0, 20.0, 4.0, 20.0, 4.0, 20.0, 0.0, 8.0, 8.0, 8.0, 8.0, 8.0, 4.0, 4.0, 20.0, 0.0, 0.0, 8.0, 4.0, 4.0, 4.0, 20.0, 8.0, 8.0, 0.0, 8.0, 4.0, 4.0]",45.0,45.0,14,ffe5xhmq,,,,,0
10,keffe6of,,0,308,307,post_exp,FinalForProlific,2026-05-12 16:19:08.505946,1,,,4719.0,4,,0.0,6eb3648e-8876-4d12-96eb-7269067415d5,4960.5,14.0,8.0,112.0,5072.5,,3800.0,10.0,,,,,0.0,0,,,2,17f3bde5-9e00-47d0-8909-b138b266b325,https://london-trader-6b45bffdcd02.herokuapp.com,wss://london-trader-6b45bffdcd02.herokuapp.com,,1,6,ng,non_gamified,human_only,0.0,0,15,"[8.0, 4.0, 20.0, 8.0, 8.0, 20.0, 20.0, 4.0, 20.0, 4.0, 20.0, 0.0, 8.0, 8.0, 8.0, 8.0, 8.0, 4.0, 4.0, 20.0, 0.0, 0.0, 8.0, 4.0, 4.0, 4.0, 20.0, 8.0, 8.0, 0.0, 8.0, 4.0, 4.0]",45.0,45.0,14,ffe5xhmq,,,,,0
11,quvmw080,,0,308,307,post_exp,FinalForProlific,2026-05-12 16:19:08.538071,1,,,5573.0,5,,0.0,1fee9bd8-a0b5-414d-b996-84be8a4a131f,4141.0,36.0,8.0,288.0,4429.0,,2600.0,20.0,,,,,0.0,0,,,2,17f3bde5-9e00-47d0-8909-b138b266b325,https://london-trader-6b45bffdcd02.herokuapp.com,wss://london-trader-6b45bffdcd02.herokuapp.com,,1,6,ng,non_gamified,human_only,0.0,0,15,"[8.0, 4.0, 20.0, 8.0, 8.0, 20.0, 20.0, 4.0, 20.0, 4.0, 20.0, 0.0, 8.0, 8.0, 8.0, 8.0, 8.0, 4.0, 4.0, 20.0, 0.0, 0.0, 8.0, 4.0, 4.0, 4.0, 20.0, 8.0, 8.0, 0.0, 8.0, 4.0, 4.0]",45.0,45.0,14,ffe5xhmq,,,,,0
12,zmzx9bpp,,0,308,307,post_exp,FinalForProlific,2026-05-12 16:19:08.548095,1,,,5011.0,6,,0.0,e4da5453-0e94-4ba4-b1bb-3b711e2a2c8d,5625.0,0.0,8.0,0.0,5625.0,,3800.0,10.0,,,,,0.0,0,,,2,17f3bde5-9e00-47d0-8909-b138b266b325,https://london-trader-6b45bffdcd02.herokuapp.com,wss://london-trader-6b45bffdcd02.herokuapp.com,,1,6,ng,non_gamified,human_only,0.0,0,15,"[8.0, 4.0, 20.0, 8.0, 8.0, 20.0, 20.0, 4.0, 20.0, 4.0, 20.0, 0.0, 8.0, 8.0, 8.0, 8.0, 8.0, 4.0, 4.0, 20.0, 0.0, 0.0, 8.0, 4.0, 4.0, 4.0, 20.0, 8.0, 8.0, 0.0, 8.0, 4.0, 4.0]",45.0,45.0,14,ffe5xhmq,,,,,0
13,er9d8a5v,,0,308,307,post_exp,FinalForProlific,2026-05-12 16:19:08.558728,1,,,6590.0,1,,0.0,8199026d-b134-4c9c-8eb9-35b39d3ff423,5048.81,22.0,8.0,176.0,5224.81,,2600.0,20.0,,,,,0.0,0,,,3,9af49dc6-a1bd-40fe-b627-4a8dbdf93e45,https://london-trader-6b45bffdcd02.herokuapp.com,wss://london-trader-6b45bffdcd02.herokuapp.com,,1,2,ghp,gamified,human_only,0.0,1,15,"[8.0, 4.0, 20.0, 8.0, 8.0, 20.0, 20.0, 4.0, 20.0, 4.0, 20.0, 0.0, 8.0, 8.0, 8.0, 8.0, 8.0, 4.0, 4.0, 20.0, 0.0, 0.0, 8.0, 4.0, 4.0, 4.0, 20.0, 8.0, 8.0, 0.0, 8.0, 4.0, 4.0]",112.99,112.99,14,ffe5xhmq,,,,,0
14,r2eorolq,,0,308,307,post_exp,FinalForProlific,2026-05-12 16:19:08.574796,1,,,4974.0,2,,0.0,65041421-bea3-4034-ae77-04f68c6e46fc,5299.679999999999,9.0,8.0,72.0,5371.679999999999,,3800.0,10.0,,,,,0.0,0,,,3,9af49dc6-a1bd-40fe-b627-4a8dbdf93e45,https://london-trader-6b45bffdcd02.herokuapp.com,wss://london-trader-6b45bffdcd02.herokuapp.com,,1,2,ghp,gamified,human_only,0.0,1,15,"[8.0, 4.0, 20.0, 8.0, 8.0, 20.0, 20.0, 4.0, 20.0, 4.0, 20.0, 0.0, 8.0, 8.0, 8.0, 8.0, 8.0, 4.0, 4.0, 20.0, 0.0, 0.0, 8.0, 4.0, 4.0, 4.0, 20.0, 8.0, 8.0, 0.0, 8.0, 4.0, 4.0]",112.99,112.99,14,ffe5xhmq,,,,,0
1,viseix7p,,0,308,307,post_exp,FinalForProlific,2026-05-12 16:19:08.162574,1,,,4068.0,1,,0.0,3f3f926c-76bd-44db-b2dc-3e8e8ddbccb6,4855.52,27.0,8.0,216.0,5071.52,,2600.0,20.0,27.0,5,"{""forecast_price_next_day"":27,""forecast_confidence_next_day"":5}",29.99,0.0,1,,,1,a5f35780-eeec-48f3-bd11-2a02633bc450,https://london-trader-6b45bffdcd02.herokuapp.com,wss://london-trader-6b45bffdcd02.herokuapp.com,,1,6,ghp,gamified,human_only,0.0,0,15,"[8.0, 4.0, 20.0, 8.0, 8.0, 20.0, 20.0, 4.0, 20.0, 4.0, 20.0, 0.0, 8.0, 8.0, 8.0, 8.0, 8.0, 4.0, 4.0, 20.0, 0.0, 0.0, 8.0, 4.0, 4.0, 4.0, 20.0, 8.0, 8.0, 0.0, 8.0, 4.0, 4.0]",30.0,30.0,15,ffe5xhmq,,,,,0
2,qhz5zte3,,0,308,307,post_exp,FinalForProlific,2026-05-12 16:19:08.174764,1,,,5491.0,2,,0.0,7263bda7-ce07-4527-829d-593539f9496a,4877.34,19.0,8.0,152.0,5029.34,,3800.0,10.0,30.0,3,"{""forecast_price_next_day"":30,""forecast_confidence_next_day"":3}",29.99,20.0,1,,,1,a5f35780-eeec-48f3-bd11-2a02633bc450,https://london-trader-6b45bffdcd02.herokuapp.com,wss://london-trader-6b45bffdcd02.herokuapp.com,,1,6,ghp,gamified,human_only,0.0,0,15,"[8.0, 4.0, 20.0, 8.0, 8.0, 20.0, 20.0, 4.0, 20.0, 4.0, 20.0, 0.0, 8.0, 8.0, 8.0, 8.0, 8.0, 4.0, 4.0, 20.0, 0.0, 0.0, 8.0, 4.0, 4.0, 4.0, 20.0, 8.0, 8.0, 0.0, 8.0, 4.0, 4.0]",30.0,30.0,15,ffe5xhmq,,,,,0
3,kmcc2p31,,0,308,307,post_exp,FinalForProlific,2026-05-12 16:19:08.179802,1,,,6177.0,3,,0.0,d896d1d1-903a-4faf-af2e-bda1e25a47cc,4971.61,29.0,8.0,232.0,5203.61,,2600.0,20.0,24.0,4,"{""forecast_price_next_day"":24,""forecast_confidence_next_day"":4}",29.99,0.0,1,,,1,a5f35780-eeec-48f3-bd11-2a02633bc450,https://london-trader-6b45bffdcd02.herokuapp.com,wss://london-trader-6b45bffdcd02.herokuapp.com,,1,6,ghp,gamified,human_only,0.0,0,15,"[8.0, 4.0, 20.0, 8.0, 8.0, 20.0, 20.0, 4.0, 20.0, 4.0, 20.0, 0.0, 8.0, 8.0, 8.0, 8.0, 8.0, 4.0, 4.0, 20.0, 0.0, 0.0, 8.0, 4.0, 4.0, 4.0, 20.0, 8.0, 8.0, 0.0, 8.0, 4.0, 4.0]",30.0,30.0,15,ffe5xhmq,,,,,0
4,snooaw5j,,0,308,307,post_exp,FinalForProlific,2026-05-12 16:19:08.185093,1,,,5310.0,4,,0.0,b051dea2-10fd-492e-a16a-123e7f6bc6ac,5110.49,0.0,8.0,0.0,5110.49,,3800.0,10.0,15.0,4,"{""forecast_price_next_day"":15,""forecast_confidence_next_day"":4}",29.99,0.0,1,,,1,a5f35780-eeec-48f3-bd11-2a02633bc450,https://london-trader-6b45bffdcd02.herokuapp.com,wss://london-trader-6b45bffdcd02.herokuapp.com,,1,6,ghp,gamified,human_only,0.0,0,15,"[8.0, 4.0, 20.0, 8.0, 8.0, 20.0, 20.0, 4.0, 20.0, 4.0, 20.0, 0.0, 8.0, 8.0, 8.0, 8.0, 8.0, 4.0, 4.0, 20.0, 0.0, 0.0, 8.0, 4.0, 4.0, 4.0, 20.0, 8.0, 8.0, 0.0, 8.0, 4.0, 4.0]",30.0,30.0,15,ffe5xhmq,,,,,0
5,twrkr7hz,,0,308,307,post_exp,FinalForProlific,2026-05-12 16:19:08.193724,1,,,5777.0,5,,0.0,14a8161a-9d15-4590-8e4a-d60fa690d14e,5205.87,17.0,8.0,136.0,5341.87,,2600.0,20.0,25.0,2,"{""forecast_price_next_day"":25,""forecast_confidence_next_day"":2}",29.99,0.0,1,,,1,a5f35780-eeec-48f3-bd11-2a02633bc450,https://london-trader-6b45bffdcd02.herokuapp.com,wss://london-trader-6b45bffdcd02.herokuapp.com,,1,6,ghp,gamified,human_only,0.0,0,15,"[8.0, 4.0, 20.0, 8.0, 8.0, 20.0, 20.0, 4.0, 20.0, 4.0, 20.0, 0.0, 8.0, 8.0, 8.0, 8.0, 8.0, 4.0, 4.0, 20.0, 0.0, 0.0, 8.0, 4.0, 4.0, 4.0, 20.0, 8.0, 8.0, 0.0, 8.0, 4.0, 4.0]",30.0,30.0,15,ffe5xhmq,,,,,0
6,hk3teh8u,,0,308,307,post_exp,FinalForProlific,2026-05-12 16:19:08.431171,1,,,5073.0,6,,0.0,6a27507f-b151-4a9f-b11f-d433b22aeb62,5271.17,0.0,8.0,0.0,5271.17,,3800.0,10.0,25.0,4,"{""forecast_price_next_day"":25,""forecast_confidence_next_day"":4}",29.99,0.0,1,,,1,a5f35780-eeec-48f3-bd11-2a02633bc450,https://london-trader-6b45bffdcd02.herokuapp.com,wss://london-trader-6b45bffdcd02.herokuapp.com,,1,6,ghp,gamified,human_only,0.0,0,15,"[8.0, 4.0, 20.0, 8.0, 8.0, 20.0, 20.0, 4.0, 20.0, 4.0, 20.0, 0.0, 8.0, 8.0, 8.0, 8.0, 8.0, 4.0, 4.0, 20.0, 0.0, 0.0, 8.0, 4.0, 4.0, 4.0, 20.0, 8.0, 8.0, 0.0, 8.0, 4.0, 4.0]",30.0,30.0,15,ffe5xhmq,,,,,0
7,6kvq85km,,0,308,307,post_exp,FinalForProlific,2026-05-12 16:19:08.454950,1,,,5884.0,1,,0.0,c5382ee4-bd5b-45e4-8232-55a805c489d8,5428.0,11.0,8.0,88.0,5516.0,,2600.0,20.0,35.0,3,"{""forecast_price_next_day"":35,""forecast_confidence_next_day"":3}",20.0,0.0,1,,,2,17f3bde5-9e00-47d0-8909-b138b266b325,https://london-trader-6b45bffdcd02.herokuapp.com,wss://london-trader-6b45bffdcd02.herokuapp.com,,1,6,ng,non_gamified,human_only,0.0,0,15,"[8.0, 4.0, 20.0, 8.0, 8.0, 20.0, 20.0, 4.0, 20.0, 4.0, 20.0, 0.0, 8.0, 8.0, 8.0, 8.0, 8.0, 4.0, 4.0, 20.0, 0.0, 0.0, 8.0, 4.0, 4.0, 4.0, 20.0, 8.0, 8.0, 0.0, 8.0, 4.0, 4.0]",30.0,30.0,15,ffe5xhmq,,,,,0
8,7dpcven3,,0,308,307,post_exp,FinalForProlific,2026-05-12 16:19:08.479580,1,,,5168.0,2,,0.0,8097813e-2f6f-40a4-be05-70c6d8d3bca7,5153.0,11.0,8.0,88.0,5241.0,,3800.0,10.0,50.0,3,"{""forecast_price_next_day"":50,""forecast_confidence_next_day"":3}",20.0,0.0,1,,,2,17f3bde5-9e00-47d0-8909-b138b266b325,https://london-trader-6b45bffdcd02.herokuapp.com,wss://london-trader-6b45bffdcd02.herokuapp.com,,1,6,ng,non_gamified,human_only,0.0,0,15,"[8.0, 4.0, 20.0, 8.0, 8.0, 20.0, 20.0, 4.0, 20.0, 4.0, 20.0, 0.0, 8.0, 8.0, 8.0, 8.0, 8.0, 4.0, 4.0, 20.0, 0.0, 0.0, 8.0, 4.0, 4.0, 4.0, 20.0, 8.0, 8.0, 0.0, 8.0, 4.0, 4.0]",30.0,30.0,15,ffe5xhmq,,,,,0
9,2mz5up3e,,0,308,307,post_exp,FinalForProlific,2026-05-12 16:19:08.496584,1,,,5955.0,3,,0.0,121ddd6b-3999-4e05-a2b3-d80bdfc8efba,5109.5,22.0,8.0,176.0,5285.5,,2600.0,20.0,0.0,0,,20.0,0.0,1,,,2,17f3bde5-9e00-47d0-8909-b138b266b325,https://london-trader-6b45bffdcd02.herokuapp.com,wss://london-trader-6b45bffdcd02.herokuapp.com,,1,6,ng,non_gamified,human_only,0.0,0,15,"[8.0, 4.0, 20.0, 8.0, 8.0, 20.0, 20.0, 4.0, 20.0, 4.0, 20.0, 0.0, 8.0, 8.0, 8.0, 8.0, 8.0, 4.0, 4.0, 20.0, 0.0, 0.0, 8.0, 4.0, 4.0, 4.0, 20.0, 8.0, 8.0, 0.0, 8.0, 4.0, 4.0]",30.0,30.0,15,ffe5xhmq,,,,,0
10,keffe6of,,0,308,307,post_exp,FinalForProlific,2026-05-12 16:19:08.505946,1,,,4719.0,4,,0.0,6eb3648e-8876-4d12-96eb-7269067415d5,4973.5,20.0,8.0,160.0,5133.5,,3800.0,10.0,2.0,1,"{""forecast_price_next_day"":2,""forecast_confidence_next_day"":1}",20.0,0.0,1,,,2,17f3bde5-9e00-47d0-8909-b138b266b325,https://london-trader-6b45bffdcd02.herokuapp.com,wss://london-trader-6b45bffdcd02.herokuapp.com,,1,6,ng,non_gamified,human_only,0.0,0,15,"[8.0, 4.0, 20.0, 8.0, 8.0, 20.0, 20.0, 4.0, 20.0, 4.0, 20.0, 0.0, 8.0, 8.0, 8.0, 8.0, 8.0, 4.0, 4.0, 20.0, 0.0, 0.0, 8.0, 4.0, 4.0, 4.0, 20.0, 8.0, 8.0, 0.0, 8.0, 4.0, 4.0]",30.0,30.0,15,ffe5xhmq,,,,,0
11,quvmw080,,0,308,307,post_exp,FinalForProlific,2026-05-12 16:19:08.538071,1,,,5573.0,5,,0.0,1fee9bd8-a0b5-414d-b996-84be8a4a131f,4435.0,39.0,8.0,312.0,4747.0,,2600.0,20.0,4747.0,2,"{""forecast_price_next_day"":4747,""forecast_confidence_next_day"":2}",20.0,0.0,1,,,2,17f3bde5-9e00-47d0-8909-b138b266b325,https://london-trader-6b45bffdcd02.herokuapp.com,wss://london-trader-6b45bffdcd02.herokuapp.com,,1,6,ng,non_gamified,human_only,0.0,0,15,"[8.0, 4.0, 20.0, 8.0, 8.0, 20.0, 20.0, 4.0, 20.0, 4.0, 20.0, 0.0, 8.0, 8.0, 8.0, 8.0, 8.0, 4.0, 4.0, 20.0, 0.0, 0.0, 8.0, 4.0, 4.0, 4.0, 20.0, 8.0, 8.0, 0.0, 8.0, 4.0, 4.0]",30.0,30.0,15,ffe5xhmq,,,,,0
12,zmzx9bpp,,0,308,307,post_exp,FinalForProlific,2026-05-12 16:19:08.548095,1,,,5011.0,6,,0.0,e4da5453-0e94-4ba4-b1bb-3b711e2a2c8d,5545.0,2.0,8.0,16.0,5561.0,,3800.0,10.0,22.0,5,"{""forecast_price_next_day"":22,""forecast_confidence_next_day"":5}",20.0,0.0,1,,,2,17f3bde5-9e00-47d0-8909-b138b266b325,https://london-trader-6b45bffdcd02.herokuapp.com,wss://london-trader-6b45bffdcd02.herokuapp.com,,1,6,ng,non_gamified,human_only,0.0,0,15,"[8.0, 4.0, 20.0, 8.0, 8.0, 20.0, 20.0, 4.0, 20.0, 4.0, 20.0, 0.0, 8.0, 8.0, 8.0, 8.0, 8.0, 4.0, 4.0, 20.0, 0.0, 0.0, 8.0, 4.0, 4.0, 4.0, 20.0, 8.0, 8.0, 0.0, 8.0, 4.0, 4.0]",30.0,30.0,15,ffe5xhmq,,,,,0
13,er9d8a5v,,0,308,307,post_exp,FinalForProlific,2026-05-12 16:19:08.558728,1,,,6590.0,1,,0.0,8199026d-b134-4c9c-8eb9-35b39d3ff423,5337.79,21.0,8.0,168.0,5505.79,,2600.0,20.0,113.0,4,"{""forecast_price_next_day"":113,""forecast_confidence_next_day"":4}",112.98,20.0,1,,,3,9af49dc6-a1bd-40fe-b627-4a8dbdf93e45,https://london-trader-6b45bffdcd02.herokuapp.com,wss://london-trader-6b45bffdcd02.herokuapp.com,,1,2,ghp,gamified,human_only,0.0,1,15,"[8.0, 4.0, 20.0, 8.0, 8.0, 20.0, 20.0, 4.0, 20.0, 4.0, 20.0, 0.0, 8.0, 8.0, 8.0, 8.0, 8.0, 4.0, 4.0, 20.0, 0.0, 0.0, 8.0, 4.0, 4.0, 4.0, 20.0, 8.0, 8.0, 0.0, 8.0, 4.0, 4.0]",112.98,112.98,15,ffe5xhmq,,,,,0
14,r2eorolq,,0,308,307,post_exp,FinalForProlific,2026-05-12 16:19:08.574796,1,,,4974.0,2,,0.0,65041421-bea3-4034-ae77-04f68c6e46fc,5484.669999999999,7.0,8.0,56.0,5540.669999999999,,3800.0,10.0,113.0,1,"{""forecast_price_next_day"":113,""forecast_confidence_next_day"":1}",112.98,20.0,1,,,3,9af49dc6-a1bd-40fe-b627-4a8dbdf93e45,https://london-trader-6b45bffdcd02.herokuapp.com,wss://london-trader-6b45bffdcd02.herokuapp.com,,1,2,ghp,gamified,human_only,0.0,1,15,"[8.0, 4.0, 20.0, 8.0, 8.0, 20.0, 20.0, 4.0, 20.0, 4.0, 20.0, 0.0, 8.0, 8.0, 8.0, 8.0, 8.0, 4.0, 4.0, 20.0, 0.0, 0.0, 8.0, 4.0, 4.0, 4.0, 20.0, 8.0, 8.0, 0.0, 8.0, 4.0, 4.0]",112.98,112.98,15,ffe5xhmq,,,,,0
1,viseix7p,,0,308,307,post_exp,FinalForProlific,2026-05-12 16:19:08.162574,1,,,4068.0,1,,0.0,3f3f926c-76bd-44db-b2dc-3e8e8ddbccb6,5011.530000000001,30.0,8.0,240.0,5251.530000000001,,2600.0,20.0,,,,,0.0,0,,,1,a5f35780-eeec-48f3-bd11-2a02633bc450,https://london-trader-6b45bffdcd02.herokuapp.com,wss://london-trader-6b45bffdcd02.herokuapp.com,,1,6,ghp,gamified,human_only,0.0,0,15,"[8.0, 4.0, 20.0, 8.0, 8.0, 20.0, 20.0, 4.0, 20.0, 4.0, 20.0, 0.0, 8.0, 8.0, 8.0, 8.0, 8.0, 4.0, 4.0, 20.0, 0.0, 0.0, 8.0, 4.0, 4.0, 4.0, 20.0, 8.0, 8.0, 0.0, 8.0, 4.0, 4.0]",29.99,29.99,16,ffe5xhmq,,,,,0
2,qhz5zte3,,0,308,307,post_exp,FinalForProlific,2026-05-12 16:19:08.174764,1,,,5491.0,2,,0.0,7263bda7-ce07-4527-829d-593539f9496a,5004.34,20.0,8.0,160.0,5164.34,,3800.0,10.0,,,,,0.0,0,,,1,a5f35780-eeec-48f3-bd11-2a02633bc450,https://london-trader-6b45bffdcd02.herokuapp.com,wss://london-trader-6b45bffdcd02.herokuapp.com,,1,6,ghp,gamified,human_only,0.0,0,15,"[8.0, 4.0, 20.0, 8.0, 8.0, 20.0, 20.0, 4.0, 20.0, 4.0, 20.0, 0.0, 8.0, 8.0, 8.0, 8.0, 8.0, 4.0, 4.0, 20.0, 0.0, 0.0, 8.0, 4.0, 4.0, 4.0, 20.0, 8.0, 8.0, 0.0, 8.0, 4.0, 4.0]",29.99,29.99,16,ffe5xhmq,,,,,0
3,kmcc2p31,,0,308,307,post_exp,FinalForProlific,2026-05-12 16:19:08.179802,1,,,6177.0,3,,0.0,d896d1d1-903a-4faf-af2e-bda1e25a47cc,5263.599999999999,28.0,8.0,224.0,5487.599999999999,,2600.0,20.0,,,,,0.0,0,,,1,a5f35780-eeec-48f3-bd11-2a02633bc450,https://london-trader-6b45bffdcd02.herokuapp.com,wss://london-trader-6b45bffdcd02.herokuapp.com,,1,6,ghp,gamified,human_only,0.0,0,15,"[8.0, 4.0, 20.0, 8.0, 8.0, 20.0, 20.0, 4.0, 20.0, 4.0, 20.0, 0.0, 8.0, 8.0, 8.0, 8.0, 8.0, 4.0, 4.0, 20.0, 0.0, 0.0, 8.0, 4.0, 4.0, 4.0, 20.0, 8.0, 8.0, 0.0, 8.0, 4.0, 4.0]",29.99,29.99,16,ffe5xhmq,,,,,0
4,snooaw5j,,0,308,307,post_exp,FinalForProlific,2026-05-12 16:19:08.185093,1,,,5310.0,4,,0.0,b051dea2-10fd-492e-a16a-123e7f6bc6ac,5110.49,0.0,8.0,0.0,5110.49,,3800.0,10.0,,,,,0.0,0,,,1,a5f35780-eeec-48f3-bd11-2a02633bc450,https://london-trader-6b45bffdcd02.herokuapp.com,wss://london-trader-6b45bffdcd02.herokuapp.com,,1,6,ghp,gamified,human_only,0.0,0,15,"[8.0, 4.0, 20.0, 8.0, 8.0, 20.0, 20.0, 4.0, 20.0, 4.0, 20.0, 0.0, 8.0, 8.0, 8.0, 8.0, 8.0, 4.0, 4.0, 20.0, 0.0, 0.0, 8.0, 4.0, 4.0, 4.0, 20.0, 8.0, 8.0, 0.0, 8.0, 4.0, 4.0]",29.99,29.99,16,ffe5xhmq,,,,,0
5,twrkr7hz,,0,308,307,post_exp,FinalForProlific,2026-05-12 16:19:08.193724,1,,,5777.0,5,,0.0,14a8161a-9d15-4590-8e4a-d60fa690d14e,5366.87,16.0,8.0,128.0,5494.87,,2600.0,20.0,,,,,0.0,0,,,1,a5f35780-eeec-48f3-bd11-2a02633bc450,https://london-trader-6b45bffdcd02.herokuapp.com,wss://london-trader-6b45bffdcd02.herokuapp.com,,1,6,ghp,gamified,human_only,0.0,0,15,"[8.0, 4.0, 20.0, 8.0, 8.0, 20.0, 20.0, 4.0, 20.0, 4.0, 20.0, 0.0, 8.0, 8.0, 8.0, 8.0, 8.0, 4.0, 4.0, 20.0, 0.0, 0.0, 8.0, 4.0, 4.0, 4.0, 20.0, 8.0, 8.0, 0.0, 8.0, 4.0, 4.0]",29.99,29.99,16,ffe5xhmq,,,,,0
6,hk3teh8u,,0,308,307,post_exp,FinalForProlific,2026-05-12 16:19:08.431171,1,,,5073.0,6,,0.0,6a27507f-b151-4a9f-b11f-d433b22aeb62,5271.17,0.0,8.0,0.0,5271.17,,3800.0,10.0,,,,,0.0,0,,,1,a5f35780-eeec-48f3-bd11-2a02633bc450,https://london-trader-6b45bffdcd02.herokuapp.com,wss://london-trader-6b45bffdcd02.herokuapp.com,,1,6,ghp,gamified,human_only,0.0,0,15,"[8.0, 4.0, 20.0, 8.0, 8.0, 20.0, 20.0, 4.0, 20.0, 4.0, 20.0, 0.0, 8.0, 8.0, 8.0, 8.0, 8.0, 4.0, 4.0, 20.0, 0.0, 0.0, 8.0, 4.0, 4.0, 4.0, 20.0, 8.0, 8.0, 0.0, 8.0, 4.0, 4.0]",29.99,29.99,16,ffe5xhmq,,,,,0
7,6kvq85km,,0,308,307,post_exp,FinalForProlific,2026-05-12 16:19:08.454950,1,,,5884.0,1,,0.0,c5382ee4-bd5b-45e4-8232-55a805c489d8,5525.0,11.0,8.0,88.0,5613.0,,2600.0,20.0,,,,,0.0,0,,,2,17f3bde5-9e00-47d0-8909-b138b266b325,https://london-trader-6b45bffdcd02.herokuapp.com,wss://london-trader-6b45bffdcd02.herokuapp.com,,1,6,ng,non_gamified,human_only,0.0,0,15,"[8.0, 4.0, 20.0, 8.0, 8.0, 20.0, 20.0, 4.0, 20.0, 4.0, 20.0, 0.0, 8.0, 8.0, 8.0, 8.0, 8.0, 4.0, 4.0, 20.0, 0.0, 0.0, 8.0, 4.0, 4.0, 4.0, 20.0, 8.0, 8.0, 0.0, 8.0, 4.0, 4.0]",20.0,20.0,16,ffe5xhmq,,,,,0
8,7dpcven3,,0,308,307,post_exp,FinalForProlific,2026-05-12 16:19:08.479580,1,,,5168.0,2,,0.0,8097813e-2f6f-40a4-be05-70c6d8d3bca7,5191.0,17.0,8.0,136.0,5327.0,,3800.0,10.0,,,,,0.0,0,,,2,17f3bde5-9e00-47d0-8909-b138b266b325,https://london-trader-6b45bffdcd02.herokuapp.com,wss://london-trader-6b45bffdcd02.herokuapp.com,,1,6,ng,non_gamified,human_only,0.0,0,15,"[8.0, 4.0, 20.0, 8.0, 8.0, 20.0, 20.0, 4.0, 20.0, 4.0, 20.0, 0.0, 8.0, 8.0, 8.0, 8.0, 8.0, 4.0, 4.0, 20.0, 0.0, 0.0, 8.0, 4.0, 4.0, 4.0, 20.0, 8.0, 8.0, 0.0, 8.0, 4.0, 4.0]",20.0,20.0,16,ffe5xhmq,,,,,0
9,2mz5up3e,,0,308,307,post_exp,FinalForProlific,2026-05-12 16:19:08.496584,1,,,5955.0,3,,0.0,121ddd6b-3999-4e05-a2b3-d80bdfc8efba,5398.5,18.0,8.0,144.0,5542.5,,2600.0,20.0,,,,,0.0,0,,,2,17f3bde5-9e00-47d0-8909-b138b266b325,https://london-trader-6b45bffdcd02.herokuapp.com,wss://london-trader-6b45bffdcd02.herokuapp.com,,1,6,ng,non_gamified,human_only,0.0,0,15,"[8.0, 4.0, 20.0, 8.0, 8.0, 20.0, 20.0, 4.0, 20.0, 4.0, 20.0, 0.0, 8.0, 8.0, 8.0, 8.0, 8.0, 4.0, 4.0, 20.0, 0.0, 0.0, 8.0, 4.0, 4.0, 4.0, 20.0, 8.0, 8.0, 0.0, 8.0, 4.0, 4.0]",20.0,20.0,16,ffe5xhmq,,,,,0
10,keffe6of,,0,308,307,post_exp,FinalForProlific,2026-05-12 16:19:08.505946,1,,,4719.0,4,,0.0,6eb3648e-8876-4d12-96eb-7269067415d5,5011.5,22.0,8.0,176.0,5187.5,,3800.0,10.0,,,,,0.0,0,,,2,17f3bde5-9e00-47d0-8909-b138b266b325,https://london-trader-6b45bffdcd02.herokuapp.com,wss://london-trader-6b45bffdcd02.herokuapp.com,,1,6,ng,non_gamified,human_only,0.0,0,15,"[8.0, 4.0, 20.0, 8.0, 8.0, 20.0, 20.0, 4.0, 20.0, 4.0, 20.0, 0.0, 8.0, 8.0, 8.0, 8.0, 8.0, 4.0, 4.0, 20.0, 0.0, 0.0, 8.0, 4.0, 4.0, 4.0, 20.0, 8.0, 8.0, 0.0, 8.0, 4.0, 4.0]",20.0,20.0,16,ffe5xhmq,,,,,0
11,quvmw080,,0,308,307,post_exp,FinalForProlific,2026-05-12 16:19:08.538071,1,,,5573.0,5,,0.0,1fee9bd8-a0b5-414d-b996-84be8a4a131f,4768.5,36.0,8.0,288.0,5056.5,,2600.0,20.0,,,,,0.0,0,,,2,17f3bde5-9e00-47d0-8909-b138b266b325,https://london-trader-6b45bffdcd02.herokuapp.com,wss://london-trader-6b45bffdcd02.herokuapp.com,,1,6,ng,non_gamified,human_only,0.0,0,15,"[8.0, 4.0, 20.0, 8.0, 8.0, 20.0, 20.0, 4.0, 20.0, 4.0, 20.0, 0.0, 8.0, 8.0, 8.0, 8.0, 8.0, 4.0, 4.0, 20.0, 0.0, 0.0, 8.0, 4.0, 4.0, 4.0, 20.0, 8.0, 8.0, 0.0, 8.0, 4.0, 4.0]",20.0,20.0,16,ffe5xhmq,,,,,0
12,zmzx9bpp,,0,308,307,post_exp,FinalForProlific,2026-05-12 16:19:08.548095,1,,,5011.0,6,,0.0,e4da5453-0e94-4ba4-b1bb-3b711e2a2c8d,5589.5,2.0,8.0,16.0,5605.5,,3800.0,10.0,,,,,0.0,0,,,2,17f3bde5-9e00-47d0-8909-b138b266b325,https://london-trader-6b45bffdcd02.herokuapp.com,wss://london-trader-6b45bffdcd02.herokuapp.com,,1,6,ng,non_gamified,human_only,0.0,0,15,"[8.0, 4.0, 20.0, 8.0, 8.0, 20.0, 20.0, 4.0, 20.0, 4.0, 20.0, 0.0, 8.0, 8.0, 8.0, 8.0, 8.0, 4.0, 4.0, 20.0, 0.0, 0.0, 8.0, 4.0, 4.0, 4.0, 20.0, 8.0, 8.0, 0.0, 8.0, 4.0, 4.0]",20.0,20.0,16,ffe5xhmq,,,,,0
13,er9d8a5v,,0,308,307,post_exp,FinalForProlific,2026-05-12 16:19:08.558728,1,,,6590.0,1,,0.0,8199026d-b134-4c9c-8eb9-35b39d3ff423,5618.87,21.0,8.0,168.0,5786.87,,2600.0,20.0,,,,,0.0,0,,,3,9af49dc6-a1bd-40fe-b627-4a8dbdf93e45,https://london-trader-6b45bffdcd02.herokuapp.com,wss://london-trader-6b45bffdcd02.herokuapp.com,,1,2,ghp,gamified,human_only,0.0,1,15,"[8.0, 4.0, 20.0, 8.0, 8.0, 20.0, 20.0, 4.0, 20.0, 4.0, 20.0, 0.0, 8.0, 8.0, 8.0, 8.0, 8.0, 4.0, 4.0, 20.0, 0.0, 0.0, 8.0, 4.0, 4.0, 4.0, 20.0, 8.0, 8.0, 0.0, 8.0, 4.0, 4.0]",112.98,112.98,16,ffe5xhmq,,,,,0
14,r2eorolq,,0,308,307,post_exp,FinalForProlific,2026-05-12 16:19:08.574796,1,,,4974.0,2,,0.0,65041421-bea3-4034-ae77-04f68c6e46fc,5427.589999999999,8.0,8.0,64.0,5491.589999999999,,3800.0,10.0,,,,,0.0,0,,,3,9af49dc6-a1bd-40fe-b627-4a8dbdf93e45,https://london-trader-6b45bffdcd02.herokuapp.com,wss://london-trader-6b45bffdcd02.herokuapp.com,,1,2,ghp,gamified,human_only,0.0,1,15,"[8.0, 4.0, 20.0, 8.0, 8.0, 20.0, 20.0, 4.0, 20.0, 4.0, 20.0, 0.0, 8.0, 8.0, 8.0, 8.0, 8.0, 4.0, 4.0, 20.0, 0.0, 0.0, 8.0, 4.0, 4.0, 4.0, 20.0, 8.0, 8.0, 0.0, 8.0, 4.0, 4.0]",112.98,112.98,16,ffe5xhmq,,,,,0
1,viseix7p,,0,308,307,post_exp,FinalForProlific,2026-05-12 16:19:08.162574,1,,,4068.0,1,,0.0,3f3f926c-76bd-44db-b2dc-3e8e8ddbccb6,5168.150000000001,33.0,8.0,264.0,5432.150000000001,,2600.0,20.0,,,,,0.0,0,,,1,a5f35780-eeec-48f3-bd11-2a02633bc450,https://london-trader-6b45bffdcd02.herokuapp.com,wss://london-trader-6b45bffdcd02.herokuapp.com,,1,6,ghp,gamified,human_only,0.0,0,15,"[8.0, 4.0, 20.0, 8.0, 8.0, 20.0, 20.0, 4.0, 20.0, 4.0, 20.0, 0.0, 8.0, 8.0, 8.0, 8.0, 8.0, 4.0, 4.0, 20.0, 0.0, 0.0, 8.0, 4.0, 4.0, 4.0, 20.0, 8.0, 8.0, 0.0, 8.0, 4.0, 4.0]",18.0,18.0,17,ffe5xhmq,,,,,0
2,qhz5zte3,,0,308,307,post_exp,FinalForProlific,2026-05-12 16:19:08.174764,1,,,5491.0,2,,0.0,7263bda7-ce07-4527-829d-593539f9496a,5100.84,25.0,8.0,200.0,5300.84,,3800.0,10.0,,,,,0.0,0,,,1,a5f35780-eeec-48f3-bd11-2a02633bc450,https://london-trader-6b45bffdcd02.herokuapp.com,wss://london-trader-6b45bffdcd02.herokuapp.com,,1,6,ghp,gamified,human_only,0.0,0,15,"[8.0, 4.0, 20.0, 8.0, 8.0, 20.0, 20.0, 4.0, 20.0, 4.0, 20.0, 0.0, 8.0, 8.0, 8.0, 8.0, 8.0, 4.0, 4.0, 20.0, 0.0, 0.0, 8.0, 4.0, 4.0, 4.0, 20.0, 8.0, 8.0, 0.0, 8.0, 4.0, 4.0]",18.0,18.0,17,ffe5xhmq,,,,,0
3,kmcc2p31,,0,308,307,post_exp,FinalForProlific,2026-05-12 16:19:08.179802,1,,,6177.0,3,,0.0,d896d1d1-903a-4faf-af2e-bda1e25a47cc,5634.48,21.0,8.0,168.0,5802.48,,2600.0,20.0,,,,,0.0,0,,,1,a5f35780-eeec-48f3-bd11-2a02633bc450,https://london-trader-6b45bffdcd02.herokuapp.com,wss://london-trader-6b45bffdcd02.herokuapp.com,,1,6,ghp,gamified,human_only,0.0,0,15,"[8.0, 4.0, 20.0, 8.0, 8.0, 20.0, 20.0, 4.0, 20.0, 4.0, 20.0, 0.0, 8.0, 8.0, 8.0, 8.0, 8.0, 4.0, 4.0, 20.0, 0.0, 0.0, 8.0, 4.0, 4.0, 4.0, 20.0, 8.0, 8.0, 0.0, 8.0, 4.0, 4.0]",18.0,18.0,17,ffe5xhmq,,,,,0
4,snooaw5j,,0,308,307,post_exp,FinalForProlific,2026-05-12 16:19:08.185093,1,,,5310.0,4,,0.0,b051dea2-10fd-492e-a16a-123e7f6bc6ac,5110.49,0.0,8.0,0.0,5110.49,,3800.0,10.0,,,,,0.0,0,,,1,a5f35780-eeec-48f3-bd11-2a02633bc450,https://london-trader-6b45bffdcd02.herokuapp.com,wss://london-trader-6b45bffdcd02.herokuapp.com,,1,6,ghp,gamified,human_only,0.0,0,15,"[8.0, 4.0, 20.0, 8.0, 8.0, 20.0, 20.0, 4.0, 20.0, 4.0, 20.0, 0.0, 8.0, 8.0, 8.0, 8.0, 8.0, 4.0, 4.0, 20.0, 0.0, 0.0, 8.0, 4.0, 4.0, 4.0, 20.0, 8.0, 8.0, 0.0, 8.0, 4.0, 4.0]",18.0,18.0,17,ffe5xhmq,,,,,0
5,twrkr7hz,,0,308,307,post_exp,FinalForProlific,2026-05-12 16:19:08.193724,1,,,5777.0,5,,0.0,14a8161a-9d15-4590-8e4a-d60fa690d14e,5494.87,16.0,8.0,128.0,5622.87,,2600.0,20.0,,,,,0.0,0,,,1,a5f35780-eeec-48f3-bd11-2a02633bc450,https://london-trader-6b45bffdcd02.herokuapp.com,wss://london-trader-6b45bffdcd02.herokuapp.com,,1,6,ghp,gamified,human_only,0.0,0,15,"[8.0, 4.0, 20.0, 8.0, 8.0, 20.0, 20.0, 4.0, 20.0, 4.0, 20.0, 0.0, 8.0, 8.0, 8.0, 8.0, 8.0, 4.0, 4.0, 20.0, 0.0, 0.0, 8.0, 4.0, 4.0, 4.0, 20.0, 8.0, 8.0, 0.0, 8.0, 4.0, 4.0]",18.0,18.0,17,ffe5xhmq,,,,,0
6,hk3teh8u,,0,308,307,post_exp,FinalForProlific,2026-05-12 16:19:08.431171,1,,,5073.0,6,,0.0,6a27507f-b151-4a9f-b11f-d433b22aeb62,5271.17,0.0,8.0,0.0,5271.17,,3800.0,10.0,,,,,0.0,0,,,1,a5f35780-eeec-48f3-bd11-2a02633bc450,https://london-trader-6b45bffdcd02.herokuapp.com,wss://london-trader-6b45bffdcd02.herokuapp.com,,1,6,ghp,gamified,human_only,0.0,0,15,"[8.0, 4.0, 20.0, 8.0, 8.0, 20.0, 20.0, 4.0, 20.0, 4.0, 20.0, 0.0, 8.0, 8.0, 8.0, 8.0, 8.0, 4.0, 4.0, 20.0, 0.0, 0.0, 8.0, 4.0, 4.0, 4.0, 20.0, 8.0, 8.0, 0.0, 8.0, 4.0, 4.0]",18.0,18.0,17,ffe5xhmq,,,,,0
7,6kvq85km,,0,308,307,post_exp,FinalForProlific,2026-05-12 16:19:08.454950,1,,,5884.0,1,,0.0,c5382ee4-bd5b-45e4-8232-55a805c489d8,5619.0,11.0,8.0,88.0,5707.0,,2600.0,20.0,,,,,0.0,0,,,2,17f3bde5-9e00-47d0-8909-b138b266b325,https://london-trader-6b45bffdcd02.herokuapp.com,wss://london-trader-6b45bffdcd02.herokuapp.com,,1,6,ng,non_gamified,human_only,0.0,0,15,"[8.0, 4.0, 20.0, 8.0, 8.0, 20.0, 20.0, 4.0, 20.0, 4.0, 20.0, 0.0, 8.0, 8.0, 8.0, 8.0, 8.0, 4.0, 4.0, 20.0, 0.0, 0.0, 8.0, 4.0, 4.0, 4.0, 20.0, 8.0, 8.0, 0.0, 8.0, 4.0, 4.0]",10.0,10.0,17,ffe5xhmq,,,,,0
8,7dpcven3,,0,308,307,post_exp,FinalForProlific,2026-05-12 16:19:08.479580,1,,,5168.0,2,,0.0,8097813e-2f6f-40a4-be05-70c6d8d3bca7,5327.0,12.0,8.0,96.0,5423.0,,3800.0,10.0,,,,,0.0,0,,,2,17f3bde5-9e00-47d0-8909-b138b266b325,https://london-trader-6b45bffdcd02.herokuapp.com,wss://london-trader-6b45bffdcd02.herokuapp.com,,1,6,ng,non_gamified,human_only,0.0,0,15,"[8.0, 4.0, 20.0, 8.0, 8.0, 20.0, 20.0, 4.0, 20.0, 4.0, 20.0, 0.0, 8.0, 8.0, 8.0, 8.0, 8.0, 4.0, 4.0, 20.0, 0.0, 0.0, 8.0, 4.0, 4.0, 4.0, 20.0, 8.0, 8.0, 0.0, 8.0, 4.0, 4.0]",10.0,10.0,17,ffe5xhmq,,,,,0
9,2mz5up3e,,0,308,307,post_exp,FinalForProlific,2026-05-12 16:19:08.496584,1,,,5955.0,3,,0.0,121ddd6b-3999-4e05-a2b3-d80bdfc8efba,5628.5,14.0,8.0,112.0,5740.5,,2600.0,20.0,,,,,0.0,0,,,2,17f3bde5-9e00-47d0-8909-b138b266b325,https://london-trader-6b45bffdcd02.herokuapp.com,wss://london-trader-6b45bffdcd02.herokuapp.com,,1,6,ng,non_gamified,human_only,0.0,0,15,"[8.0, 4.0, 20.0, 8.0, 8.0, 20.0, 20.0, 4.0, 20.0, 4.0, 20.0, 0.0, 8.0, 8.0, 8.0, 8.0, 8.0, 4.0, 4.0, 20.0, 0.0, 0.0, 8.0, 4.0, 4.0, 4.0, 20.0, 8.0, 8.0, 0.0, 8.0, 4.0, 4.0]",10.0,10.0,17,ffe5xhmq,,,,,0
10,keffe6of,,0,308,307,post_exp,FinalForProlific,2026-05-12 16:19:08.505946,1,,,4719.0,4,,0.0,6eb3648e-8876-4d12-96eb-7269067415d5,5125.5,24.0,8.0,192.0,5317.5,,3800.0,10.0,,,,,0.0,0,,,2,17f3bde5-9e00-47d0-8909-b138b266b325,https://london-trader-6b45bffdcd02.herokuapp.com,wss://london-trader-6b45bffdcd02.herokuapp.com,,1,6,ng,non_gamified,human_only,0.0,0,15,"[8.0, 4.0, 20.0, 8.0, 8.0, 20.0, 20.0, 4.0, 20.0, 4.0, 20.0, 0.0, 8.0, 8.0, 8.0, 8.0, 8.0, 4.0, 4.0, 20.0, 0.0, 0.0, 8.0, 4.0, 4.0, 4.0, 20.0, 8.0, 8.0, 0.0, 8.0, 4.0, 4.0]",10.0,10.0,17,ffe5xhmq,,,,,0
11,quvmw080,,0,308,307,post_exp,FinalForProlific,2026-05-12 16:19:08.538071,1,,,5573.0,5,,0.0,1fee9bd8-a0b5-414d-b996-84be8a4a131f,5026.5,40.0,8.0,320.0,5346.5,,2600.0,20.0,,,,,0.0,0,,,2,17f3bde5-9e00-47d0-8909-b138b266b325,https://london-trader-6b45bffdcd02.herokuapp.com,wss://london-trader-6b45bffdcd02.herokuapp.com,,1,6,ng,non_gamified,human_only,0.0,0,15,"[8.0, 4.0, 20.0, 8.0, 8.0, 20.0, 20.0, 4.0, 20.0, 4.0, 20.0, 0.0, 8.0, 8.0, 8.0, 8.0, 8.0, 4.0, 4.0, 20.0, 0.0, 0.0, 8.0, 4.0, 4.0, 4.0, 20.0, 8.0, 8.0, 0.0, 8.0, 4.0, 4.0]",10.0,10.0,17,ffe5xhmq,,,,,0
12,zmzx9bpp,,0,308,307,post_exp,FinalForProlific,2026-05-12 16:19:08.548095,1,,,5011.0,6,,0.0,e4da5453-0e94-4ba4-b1bb-3b711e2a2c8d,5605.5,2.0,8.0,16.0,5621.5,,3800.0,10.0,,,,,0.0,0,,,2,17f3bde5-9e00-47d0-8909-b138b266b325,https://london-trader-6b45bffdcd02.herokuapp.com,wss://london-trader-6b45bffdcd02.herokuapp.com,,1,6,ng,non_gamified,human_only,0.0,0,15,"[8.0, 4.0, 20.0, 8.0, 8.0, 20.0, 20.0, 4.0, 20.0, 4.0, 20.0, 0.0, 8.0, 8.0, 8.0, 8.0, 8.0, 4.0, 4.0, 20.0, 0.0, 0.0, 8.0, 4.0, 4.0, 4.0, 20.0, 8.0, 8.0, 0.0, 8.0, 4.0, 4.0]",10.0,10.0,17,ffe5xhmq,,,,,0
13,er9d8a5v,,0,308,307,post_exp,FinalForProlific,2026-05-12 16:19:08.558728,1,,,6590.0,1,,0.0,8199026d-b134-4c9c-8eb9-35b39d3ff423,6125.809999999999,17.0,8.0,136.0,6261.809999999999,,2600.0,20.0,,,,,0.0,0,,,3,9af49dc6-a1bd-40fe-b627-4a8dbdf93e45,https://london-trader-6b45bffdcd02.herokuapp.com,wss://london-trader-6b45bffdcd02.herokuapp.com,,1,2,ghp,gamified,human_only,0.0,1,15,"[8.0, 4.0, 20.0, 8.0, 8.0, 20.0, 20.0, 4.0, 20.0, 4.0, 20.0, 0.0, 8.0, 8.0, 8.0, 8.0, 8.0, 4.0, 4.0, 20.0, 0.0, 0.0, 8.0, 4.0, 4.0, 4.0, 20.0, 8.0, 8.0, 0.0, 8.0, 4.0, 4.0]",112.98,112.98,17,ffe5xhmq,,,,,0
14,r2eorolq,,0,308,307,post_exp,FinalForProlific,2026-05-12 16:19:08.574796,1,,,4974.0,2,,0.0,65041421-bea3-4034-ae77-04f68c6e46fc,5491.589999999999,10.0,8.0,80.0,5571.589999999999,,3800.0,10.0,,,,,0.0,0,,,3,9af49dc6-a1bd-40fe-b627-4a8dbdf93e45,https://london-trader-6b45bffdcd02.herokuapp.com,wss://london-trader-6b45bffdcd02.herokuapp.com,,1,2,ghp,gamified,human_only,0.0,1,15,"[8.0, 4.0, 20.0, 8.0, 8.0, 20.0, 20.0, 4.0, 20.0, 4.0, 20.0, 0.0, 8.0, 8.0, 8.0, 8.0, 8.0, 4.0, 4.0, 20.0, 0.0, 0.0, 8.0, 4.0, 4.0, 4.0, 20.0, 8.0, 8.0, 0.0, 8.0, 4.0, 4.0]",112.98,112.98,17,ffe5xhmq,,,,,0
1,viseix7p,,0,308,307,post_exp,FinalForProlific,2026-05-12 16:19:08.162574,1,,,4068.0,1,,0.0,3f3f926c-76bd-44db-b2dc-3e8e8ddbccb6,5357.150000000001,41.0,4.0,164.0,5521.150000000001,,2600.0,20.0,,,,,0.0,0,,,1,a5f35780-eeec-48f3-bd11-2a02633bc450,https://london-trader-6b45bffdcd02.herokuapp.com,wss://london-trader-6b45bffdcd02.herokuapp.com,,1,6,ghp,gamified,human_only,0.0,0,15,"[8.0, 4.0, 20.0, 8.0, 8.0, 20.0, 20.0, 4.0, 20.0, 4.0, 20.0, 0.0, 8.0, 8.0, 8.0, 8.0, 8.0, 4.0, 4.0, 20.0, 0.0, 0.0, 8.0, 4.0, 4.0, 4.0, 20.0, 8.0, 8.0, 0.0, 8.0, 4.0, 4.0]",15.0,15.0,18,ffe5xhmq,,,,,0
2,qhz5zte3,,0,308,307,post_exp,FinalForProlific,2026-05-12 16:19:08.174764,1,,,5491.0,2,,0.0,7263bda7-ce07-4527-829d-593539f9496a,5276.84,26.0,4.0,104.0,5380.84,,3800.0,10.0,,,,,0.0,0,,,1,a5f35780-eeec-48f3-bd11-2a02633bc450,https://london-trader-6b45bffdcd02.herokuapp.com,wss://london-trader-6b45bffdcd02.herokuapp.com,,1,6,ghp,gamified,human_only,0.0,0,15,"[8.0, 4.0, 20.0, 8.0, 8.0, 20.0, 20.0, 4.0, 20.0, 4.0, 20.0, 0.0, 8.0, 8.0, 8.0, 8.0, 8.0, 4.0, 4.0, 20.0, 0.0, 0.0, 8.0, 4.0, 4.0, 4.0, 20.0, 8.0, 8.0, 0.0, 8.0, 4.0, 4.0]",15.0,15.0,18,ffe5xhmq,,,,,0
3,kmcc2p31,,0,308,307,post_exp,FinalForProlific,2026-05-12 16:19:08.179802,1,,,6177.0,3,,0.0,d896d1d1-903a-4faf-af2e-bda1e25a47cc,5901.48,14.0,4.0,56.0,5957.48,,2600.0,20.0,,,,,0.0,0,,,1,a5f35780-eeec-48f3-bd11-2a02633bc450,https://london-trader-6b45bffdcd02.herokuapp.com,wss://london-trader-6b45bffdcd02.herokuapp.com,,1,6,ghp,gamified,human_only,0.0,0,15,"[8.0, 4.0, 20.0, 8.0, 8.0, 20.0, 20.0, 4.0, 20.0, 4.0, 20.0, 0.0, 8.0, 8.0, 8.0, 8.0, 8.0, 4.0, 4.0, 20.0, 0.0, 0.0, 8.0, 4.0, 4.0, 4.0, 20.0, 8.0, 8.0, 0.0, 8.0, 4.0, 4.0]",15.0,15.0,18,ffe5xhmq,,,,,0
4,snooaw5j,,0,308,307,post_exp,FinalForProlific,2026-05-12 16:19:08.185093,1,,,5310.0,4,,0.0,b051dea2-10fd-492e-a16a-123e7f6bc6ac,5110.49,0.0,4.0,0.0,5110.49,,3800.0,10.0,,,,,0.0,0,,,1,a5f35780-eeec-48f3-bd11-2a02633bc450,https://london-trader-6b45bffdcd02.herokuapp.com,wss://london-trader-6b45bffdcd02.herokuapp.com,,1,6,ghp,gamified,human_only,0.0,0,15,"[8.0, 4.0, 20.0, 8.0, 8.0, 20.0, 20.0, 4.0, 20.0, 4.0, 20.0, 0.0, 8.0, 8.0, 8.0, 8.0, 8.0, 4.0, 4.0, 20.0, 0.0, 0.0, 8.0, 4.0, 4.0, 4.0, 20.0, 8.0, 8.0, 0.0, 8.0, 4.0, 4.0]",15.0,15.0,18,ffe5xhmq,,,,,0
5,twrkr7hz,,0,308,307,post_exp,FinalForProlific,2026-05-12 16:19:08.193724,1,,,5777.0,5,,0.0,14a8161a-9d15-4590-8e4a-d60fa690d14e,5622.87,16.0,4.0,64.0,5686.87,,2600.0,20.0,,,,,0.0,0,,,1,a5f35780-eeec-48f3-bd11-2a02633bc450,https://london-trader-6b45bffdcd02.herokuapp.com,wss://london-trader-6b45bffdcd02.herokuapp.com,,1,6,ghp,gamified,human_only,0.0,0,15,"[8.0, 4.0, 20.0, 8.0, 8.0, 20.0, 20.0, 4.0, 20.0, 4.0, 20.0, 0.0, 8.0, 8.0, 8.0, 8.0, 8.0, 4.0, 4.0, 20.0, 0.0, 0.0, 8.0, 4.0, 4.0, 4.0, 20.0, 8.0, 8.0, 0.0, 8.0, 4.0, 4.0]",15.0,15.0,18,ffe5xhmq,,,,,0
6,hk3teh8u,,0,308,307,post_exp,FinalForProlific,2026-05-12 16:19:08.431171,1,,,5073.0,6,,0.0,6a27507f-b151-4a9f-b11f-d433b22aeb62,5271.17,0.0,4.0,0.0,5271.17,,3800.0,10.0,,,,,0.0,0,,,1,a5f35780-eeec-48f3-bd11-2a02633bc450,https://london-trader-6b45bffdcd02.herokuapp.com,wss://london-trader-6b45bffdcd02.herokuapp.com,,1,6,ghp,gamified,human_only,0.0,0,15,"[8.0, 4.0, 20.0, 8.0, 8.0, 20.0, 20.0, 4.0, 20.0, 4.0, 20.0, 0.0, 8.0, 8.0, 8.0, 8.0, 8.0, 4.0, 4.0, 20.0, 0.0, 0.0, 8.0, 4.0, 4.0, 4.0, 20.0, 8.0, 8.0, 0.0, 8.0, 4.0, 4.0]",15.0,15.0,18,ffe5xhmq,,,,,0
7,6kvq85km,,0,308,307,post_exp,FinalForProlific,2026-05-12 16:19:08.454950,1,,,5884.0,1,,0.0,c5382ee4-bd5b-45e4-8232-55a805c489d8,5696.0,12.0,4.0,48.0,5744.0,,2600.0,20.0,,,,,0.0,0,,,2,17f3bde5-9e00-47d0-8909-b138b266b325,https://london-trader-6b45bffdcd02.herokuapp.com,wss://london-trader-6b45bffdcd02.herokuapp.com,,1,6,ng,non_gamified,human_only,0.0,0,15,"[8.0, 4.0, 20.0, 8.0, 8.0, 20.0, 20.0, 4.0, 20.0, 4.0, 20.0, 0.0, 8.0, 8.0, 8.0, 8.0, 8.0, 4.0, 4.0, 20.0, 0.0, 0.0, 8.0, 4.0, 4.0, 4.0, 20.0, 8.0, 8.0, 0.0, 8.0, 4.0, 4.0]",7.0,7.0,18,ffe5xhmq,,,,,0
8,7dpcven3,,0,308,307,post_exp,FinalForProlific,2026-05-12 16:19:08.479580,1,,,5168.0,2,,0.0,8097813e-2f6f-40a4-be05-70c6d8d3bca7,5423.0,12.0,4.0,48.0,5471.0,,3800.0,10.0,,,,,0.0,0,,,2,17f3bde5-9e00-47d0-8909-b138b266b325,https://london-trader-6b45bffdcd02.herokuapp.com,wss://london-trader-6b45bffdcd02.herokuapp.com,,1,6,ng,non_gamified,human_only,0.0,0,15,"[8.0, 4.0, 20.0, 8.0, 8.0, 20.0, 20.0, 4.0, 20.0, 4.0, 20.0, 0.0, 8.0, 8.0, 8.0, 8.0, 8.0, 4.0, 4.0, 20.0, 0.0, 0.0, 8.0, 4.0, 4.0, 4.0, 20.0, 8.0, 8.0, 0.0, 8.0, 4.0, 4.0]",7.0,7.0,18,ffe5xhmq,,,,,0
9,2mz5up3e,,0,308,307,post_exp,FinalForProlific,2026-05-12 16:19:08.496584,1,,,5955.0,3,,0.0,121ddd6b-3999-4e05-a2b3-d80bdfc8efba,5799.0,4.0,4.0,16.0,5815.0,,2600.0,20.0,,,,,0.0,0,,,2,17f3bde5-9e00-47d0-8909-b138b266b325,https://london-trader-6b45bffdcd02.herokuapp.com,wss://london-trader-6b45bffdcd02.herokuapp.com,,1,6,ng,non_gamified,human_only,0.0,0,15,"[8.0, 4.0, 20.0, 8.0, 8.0, 20.0, 20.0, 4.0, 20.0, 4.0, 20.0, 0.0, 8.0, 8.0, 8.0, 8.0, 8.0, 4.0, 4.0, 20.0, 0.0, 0.0, 8.0, 4.0, 4.0, 4.0, 20.0, 8.0, 8.0, 0.0, 8.0, 4.0, 4.0]",7.0,7.0,18,ffe5xhmq,,,,,0
10,keffe6of,,0,308,307,post_exp,FinalForProlific,2026-05-12 16:19:08.505946,1,,,4719.0,4,,0.0,6eb3648e-8876-4d12-96eb-7269067415d5,5279.5,29.0,4.0,116.0,5395.5,,3800.0,10.0,,,,,0.0,0,,,2,17f3bde5-9e00-47d0-8909-b138b266b325,https://london-trader-6b45bffdcd02.herokuapp.com,wss://london-trader-6b45bffdcd02.herokuapp.com,,1,6,ng,non_gamified,human_only,0.0,0,15,"[8.0, 4.0, 20.0, 8.0, 8.0, 20.0, 20.0, 4.0, 20.0, 4.0, 20.0, 0.0, 8.0, 8.0, 8.0, 8.0, 8.0, 4.0, 4.0, 20.0, 0.0, 0.0, 8.0, 4.0, 4.0, 4.0, 20.0, 8.0, 8.0, 0.0, 8.0, 4.0, 4.0]",7.0,7.0,18,ffe5xhmq,,,,,0
11,quvmw080,,0,308,307,post_exp,FinalForProlific,2026-05-12 16:19:08.538071,1,,,5573.0,5,,0.0,1fee9bd8-a0b5-414d-b996-84be8a4a131f,5350.5,38.0,4.0,152.0,5502.5,,2600.0,20.0,,,,,0.0,0,,,2,17f3bde5-9e00-47d0-8909-b138b266b325,https://london-trader-6b45bffdcd02.herokuapp.com,wss://london-trader-6b45bffdcd02.herokuapp.com,,1,6,ng,non_gamified,human_only,0.0,0,15,"[8.0, 4.0, 20.0, 8.0, 8.0, 20.0, 20.0, 4.0, 20.0, 4.0, 20.0, 0.0, 8.0, 8.0, 8.0, 8.0, 8.0, 4.0, 4.0, 20.0, 0.0, 0.0, 8.0, 4.0, 4.0, 4.0, 20.0, 8.0, 8.0, 0.0, 8.0, 4.0, 4.0]",7.0,7.0,18,ffe5xhmq,,,,,0
12,zmzx9bpp,,0,308,307,post_exp,FinalForProlific,2026-05-12 16:19:08.548095,1,,,5011.0,6,,0.0,e4da5453-0e94-4ba4-b1bb-3b711e2a2c8d,5608.0,3.0,4.0,12.0,5620.0,,3800.0,10.0,,,,,0.0,0,,,2,17f3bde5-9e00-47d0-8909-b138b266b325,https://london-trader-6b45bffdcd02.herokuapp.com,wss://london-trader-6b45bffdcd02.herokuapp.com,,1,6,ng,non_gamified,human_only,0.0,0,15,"[8.0, 4.0, 20.0, 8.0, 8.0, 20.0, 20.0, 4.0, 20.0, 4.0, 20.0, 0.0, 8.0, 8.0, 8.0, 8.0, 8.0, 4.0, 4.0, 20.0, 0.0, 0.0, 8.0, 4.0, 4.0, 4.0, 20.0, 8.0, 8.0, 0.0, 8.0, 4.0, 4.0]",7.0,7.0,18,ffe5xhmq,,,,,0
13,er9d8a5v,,0,308,307,post_exp,FinalForProlific,2026-05-12 16:19:08.558728,1,,,6590.0,1,,0.0,8199026d-b134-4c9c-8eb9-35b39d3ff423,6261.809999999999,17.0,4.0,68.0,6329.809999999999,,2600.0,20.0,,,,,0.0,0,,,3,9af49dc6-a1bd-40fe-b627-4a8dbdf93e45,https://london-trader-6b45bffdcd02.herokuapp.com,wss://london-trader-6b45bffdcd02.herokuapp.com,,1,2,ghp,gamified,human_only,0.0,1,15,"[8.0, 4.0, 20.0, 8.0, 8.0, 20.0, 20.0, 4.0, 20.0, 4.0, 20.0, 0.0, 8.0, 8.0, 8.0, 8.0, 8.0, 4.0, 4.0, 20.0, 0.0, 0.0, 8.0, 4.0, 4.0, 4.0, 20.0, 8.0, 8.0, 0.0, 8.0, 4.0, 4.0]",112.97,112.97,18,ffe5xhmq,,,,,0
14,r2eorolq,,0,308,307,post_exp,FinalForProlific,2026-05-12 16:19:08.574796,1,,,4974.0,2,,0.0,65041421-bea3-4034-ae77-04f68c6e46fc,5684.5599999999995,7.0,4.0,28.0,5712.5599999999995,,3800.0,10.0,,,,,0.0,0,,,3,9af49dc6-a1bd-40fe-b627-4a8dbdf93e45,https://london-trader-6b45bffdcd02.herokuapp.com,wss://london-trader-6b45bffdcd02.herokuapp.com,,1,2,ghp,gamified,human_only,0.0,1,15,"[8.0, 4.0, 20.0, 8.0, 8.0, 20.0, 20.0, 4.0, 20.0, 4.0, 20.0, 0.0, 8.0, 8.0, 8.0, 8.0, 8.0, 4.0, 4.0, 20.0, 0.0, 0.0, 8.0, 4.0, 4.0, 4.0, 20.0, 8.0, 8.0, 0.0, 8.0, 4.0, 4.0]",112.97,112.97,18,ffe5xhmq,,,,,0
1,viseix7p,,0,308,307,post_exp,FinalForProlific,2026-05-12 16:19:08.162574,1,,,4068.0,1,,0.0,a7efec93-ac3e-45ce-84ac-eb2844742dd5,2700.0,22.0,4.0,88.0,2788.0,,2600.0,20.0,,,,,0.0,0,,,1,520e90a9-5e9e-4bfa-8244-34e70674e93f,https://london-trader-6b45bffdcd02.herokuapp.com,wss://london-trader-6b45bffdcd02.herokuapp.com,,1,6,ghp,gamified,human_only,0.0,0,15,"[8.0, 4.0, 20.0, 8.0, 8.0, 20.0, 20.0, 4.0, 20.0, 4.0, 20.0, 0.0, 8.0, 8.0, 8.0, 8.0, 8.0, 4.0, 4.0, 20.0, 0.0, 0.0, 8.0, 4.0, 4.0, 4.0, 20.0, 8.0, 8.0, 0.0, 8.0, 4.0, 4.0]",110.0,110.0,19,ffe5xhmq,,,,,0
2,qhz5zte3,,0,308,307,post_exp,FinalForProlific,2026-05-12 16:19:08.174764,1,,,5491.0,2,,0.0,6b8a7a0e-6534-4c7f-ba8e-d90a38b5b936,3700.0,13.0,4.0,52.0,3752.0,,3800.0,10.0,,,,,0.0,0,,,1,520e90a9-5e9e-4bfa-8244-34e70674e93f,https://london-trader-6b45bffdcd02.herokuapp.com,wss://london-trader-6b45bffdcd02.herokuapp.com,,1,6,ghp,gamified,human_only,0.0,0,15,"[8.0, 4.0, 20.0, 8.0, 8.0, 20.0, 20.0, 4.0, 20.0, 4.0, 20.0, 0.0, 8.0, 8.0, 8.0, 8.0, 8.0, 4.0, 4.0, 20.0, 0.0, 0.0, 8.0, 4.0, 4.0, 4.0, 20.0, 8.0, 8.0, 0.0, 8.0, 4.0, 4.0]",110.0,110.0,19,ffe5xhmq,,,,,0
3,kmcc2p31,,0,308,307,post_exp,FinalForProlific,2026-05-12 16:19:08.179802,1,,,6177.0,3,,0.0,1a600171-9cfa-44bf-a3d4-b7322acefe1a,2490.0,22.0,4.0,88.0,2578.0,,2600.0,20.0,,,,,0.0,0,,,1,520e90a9-5e9e-4bfa-8244-34e70674e93f,https://london-trader-6b45bffdcd02.herokuapp.com,wss://london-trader-6b45bffdcd02.herokuapp.com,,1,6,ghp,gamified,human_only,0.0,0,15,"[8.0, 4.0, 20.0, 8.0, 8.0, 20.0, 20.0, 4.0, 20.0, 4.0, 20.0, 0.0, 8.0, 8.0, 8.0, 8.0, 8.0, 4.0, 4.0, 20.0, 0.0, 0.0, 8.0, 4.0, 4.0, 4.0, 20.0, 8.0, 8.0, 0.0, 8.0, 4.0, 4.0]",110.0,110.0,19,ffe5xhmq,,,,,0
4,snooaw5j,,0,308,307,post_exp,FinalForProlific,2026-05-12 16:19:08.185093,1,,,5310.0,4,,0.0,cb46e42c-c695-4491-ae41-767eb4004474,3800.0,10.0,4.0,40.0,3840.0,,3800.0,10.0,,,,,0.0,0,,,1,520e90a9-5e9e-4bfa-8244-34e70674e93f,https://london-trader-6b45bffdcd02.herokuapp.com,wss://london-trader-6b45bffdcd02.herokuapp.com,,1,6,ghp,gamified,human_only,0.0,0,15,"[8.0, 4.0, 20.0, 8.0, 8.0, 20.0, 20.0, 4.0, 20.0, 4.0, 20.0, 0.0, 8.0, 8.0, 8.0, 8.0, 8.0, 4.0, 4.0, 20.0, 0.0, 0.0, 8.0, 4.0, 4.0, 4.0, 20.0, 8.0, 8.0, 0.0, 8.0, 4.0, 4.0]",110.0,110.0,19,ffe5xhmq,,,,,0
5,twrkr7hz,,0,308,307,post_exp,FinalForProlific,2026-05-12 16:19:08.193724,1,,,5777.0,5,,0.0,5e6b5ec7-66f5-446f-b458-3b18596521a3,2600.0,21.0,4.0,84.0,2684.0,,2600.0,20.0,,,,,0.0,0,,,1,520e90a9-5e9e-4bfa-8244-34e70674e93f,https://london-trader-6b45bffdcd02.herokuapp.com,wss://london-trader-6b45bffdcd02.herokuapp.com,,1,6,ghp,gamified,human_only,0.0,0,15,"[8.0, 4.0, 20.0, 8.0, 8.0, 20.0, 20.0, 4.0, 20.0, 4.0, 20.0, 0.0, 8.0, 8.0, 8.0, 8.0, 8.0, 4.0, 4.0, 20.0, 0.0, 0.0, 8.0, 4.0, 4.0, 4.0, 20.0, 8.0, 8.0, 0.0, 8.0, 4.0, 4.0]",110.0,110.0,19,ffe5xhmq,,,,,0
6,hk3teh8u,,0,308,307,post_exp,FinalForProlific,2026-05-12 16:19:08.431171,1,,,5073.0,6,,0.0,c9677d60-b255-4563-955c-c09e7b64f2df,3910.0,9.0,4.0,36.0,3946.0,,3800.0,10.0,,,,,0.0,0,,,1,520e90a9-5e9e-4bfa-8244-34e70674e93f,https://london-trader-6b45bffdcd02.herokuapp.com,wss://london-trader-6b45bffdcd02.herokuapp.com,,1,6,ghp,gamified,human_only,0.0,0,15,"[8.0, 4.0, 20.0, 8.0, 8.0, 20.0, 20.0, 4.0, 20.0, 4.0, 20.0, 0.0, 8.0, 8.0, 8.0, 8.0, 8.0, 4.0, 4.0, 20.0, 0.0, 0.0, 8.0, 4.0, 4.0, 4.0, 20.0, 8.0, 8.0, 0.0, 8.0, 4.0, 4.0]",110.0,110.0,19,ffe5xhmq,,,,,0
7,6kvq85km,,0,308,307,post_exp,FinalForProlific,2026-05-12 16:19:08.454950,1,,,5884.0,1,,0.0,1893c9fa-143a-45ae-8599-dfedb6054045,2839.0,18.0,4.0,72.0,2911.0,,2600.0,20.0,,,,,0.0,0,,,2,5273b4e4-2b4f-47fa-834f-bd0d84d237b0,https://london-trader-6b45bffdcd02.herokuapp.com,wss://london-trader-6b45bffdcd02.herokuapp.com,,1,6,ng,non_gamified,human_only,0.0,0,15,"[8.0, 4.0, 20.0, 8.0, 8.0, 20.0, 20.0, 4.0, 20.0, 4.0, 20.0, 0.0, 8.0, 8.0, 8.0, 8.0, 8.0, 4.0, 4.0, 20.0, 0.0, 0.0, 8.0, 4.0, 4.0, 4.0, 20.0, 8.0, 8.0, 0.0, 8.0, 4.0, 4.0]",120.0,120.0,19,ffe5xhmq,,,,,0
8,7dpcven3,,0,308,307,post_exp,FinalForProlific,2026-05-12 16:19:08.479580,1,,,5168.0,2,,0.0,18711e8c-d4a6-4e40-ac02-472f81cda568,3800.0,11.0,4.0,44.0,3844.0,,3800.0,10.0,,,,,0.0,0,,,2,5273b4e4-2b4f-47fa-834f-bd0d84d237b0,https://london-trader-6b45bffdcd02.herokuapp.com,wss://london-trader-6b45bffdcd02.herokuapp.com,,1,6,ng,non_gamified,human_only,0.0,0,15,"[8.0, 4.0, 20.0, 8.0, 8.0, 20.0, 20.0, 4.0, 20.0, 4.0, 20.0, 0.0, 8.0, 8.0, 8.0, 8.0, 8.0, 4.0, 4.0, 20.0, 0.0, 0.0, 8.0, 4.0, 4.0, 4.0, 20.0, 8.0, 8.0, 0.0, 8.0, 4.0, 4.0]",120.0,120.0,19,ffe5xhmq,,,,,0
9,2mz5up3e,,0,308,307,post_exp,FinalForProlific,2026-05-12 16:19:08.496584,1,,,5955.0,3,,0.0,ede5b087-a2ea-49eb-9494-a67b961bfc79,2719.0,20.0,4.0,80.0,2799.0,,2600.0,20.0,,,,,0.0,0,,,2,5273b4e4-2b4f-47fa-834f-bd0d84d237b0,https://london-trader-6b45bffdcd02.herokuapp.com,wss://london-trader-6b45bffdcd02.herokuapp.com,,1,6,ng,non_gamified,human_only,0.0,0,15,"[8.0, 4.0, 20.0, 8.0, 8.0, 20.0, 20.0, 4.0, 20.0, 4.0, 20.0, 0.0, 8.0, 8.0, 8.0, 8.0, 8.0, 4.0, 4.0, 20.0, 0.0, 0.0, 8.0, 4.0, 4.0, 4.0, 20.0, 8.0, 8.0, 0.0, 8.0, 4.0, 4.0]",120.0,120.0,19,ffe5xhmq,,,,,0
10,keffe6of,,0,308,307,post_exp,FinalForProlific,2026-05-12 16:19:08.505946,1,,,4719.0,4,,0.0,d00142cb-036c-42b2-986f-4d8449293679,3800.0,11.0,4.0,44.0,3844.0,,3800.0,10.0,,,,,0.0,0,,,2,5273b4e4-2b4f-47fa-834f-bd0d84d237b0,https://london-trader-6b45bffdcd02.herokuapp.com,wss://london-trader-6b45bffdcd02.herokuapp.com,,1,6,ng,non_gamified,human_only,0.0,0,15,"[8.0, 4.0, 20.0, 8.0, 8.0, 20.0, 20.0, 4.0, 20.0, 4.0, 20.0, 0.0, 8.0, 8.0, 8.0, 8.0, 8.0, 4.0, 4.0, 20.0, 0.0, 0.0, 8.0, 4.0, 4.0, 4.0, 20.0, 8.0, 8.0, 0.0, 8.0, 4.0, 4.0]",120.0,120.0,19,ffe5xhmq,,,,,0
11,quvmw080,,0,308,307,post_exp,FinalForProlific,2026-05-12 16:19:08.538071,1,,,5573.0,5,,0.0,4c5c436f-ca6c-40f1-9cb5-b8bc15205ad4,2361.0,24.0,4.0,96.0,2457.0,,2600.0,20.0,,,,,0.0,0,,,2,5273b4e4-2b4f-47fa-834f-bd0d84d237b0,https://london-trader-6b45bffdcd02.herokuapp.com,wss://london-trader-6b45bffdcd02.herokuapp.com,,1,6,ng,non_gamified,human_only,0.0,0,15,"[8.0, 4.0, 20.0, 8.0, 8.0, 20.0, 20.0, 4.0, 20.0, 4.0, 20.0, 0.0, 8.0, 8.0, 8.0, 8.0, 8.0, 4.0, 4.0, 20.0, 0.0, 0.0, 8.0, 4.0, 4.0, 4.0, 20.0, 8.0, 8.0, 0.0, 8.0, 4.0, 4.0]",120.0,120.0,19,ffe5xhmq,,,,,0
12,zmzx9bpp,,0,308,307,post_exp,FinalForProlific,2026-05-12 16:19:08.548095,1,,,5011.0,6,,0.0,bc7d5ce5-ff5f-43da-8411-1cc4780872be,3681.0,11.0,4.0,44.0,3725.0,,3800.0,10.0,,,,,0.0,0,,,2,5273b4e4-2b4f-47fa-834f-bd0d84d237b0,https://london-trader-6b45bffdcd02.herokuapp.com,wss://london-trader-6b45bffdcd02.herokuapp.com,,1,6,ng,non_gamified,human_only,0.0,0,15,"[8.0, 4.0, 20.0, 8.0, 8.0, 20.0, 20.0, 4.0, 20.0, 4.0, 20.0, 0.0, 8.0, 8.0, 8.0, 8.0, 8.0, 4.0, 4.0, 20.0, 0.0, 0.0, 8.0, 4.0, 4.0, 4.0, 20.0, 8.0, 8.0, 0.0, 8.0, 4.0, 4.0]",120.0,120.0,19,ffe5xhmq,,,,,0
13,er9d8a5v,,0,308,307,post_exp,FinalForProlific,2026-05-12 16:19:08.558728,1,,,6590.0,1,,0.0,cda8f129-61a6-4153-bf08-1c1a945507c7,2722.0,19.0,4.0,76.0,2798.0,,2600.0,20.0,,,,,0.0,0,,,3,06f4d9ab-2d66-4d8f-845c-680ac99ec639,https://london-trader-6b45bffdcd02.herokuapp.com,wss://london-trader-6b45bffdcd02.herokuapp.com,,1,2,ghp,gamified,human_only,0.0,1,15,"[8.0, 4.0, 20.0, 8.0, 8.0, 20.0, 20.0, 4.0, 20.0, 4.0, 20.0, 0.0, 8.0, 8.0, 8.0, 8.0, 8.0, 4.0, 4.0, 20.0, 0.0, 0.0, 8.0, 4.0, 4.0, 4.0, 20.0, 8.0, 8.0, 0.0, 8.0, 4.0, 4.0]",115.0,115.0,19,ffe5xhmq,,,,,0
14,r2eorolq,,0,308,307,post_exp,FinalForProlific,2026-05-12 16:19:08.574796,1,,,4974.0,2,,0.0,b5eb1e0a-5002-4683-a96b-77986bde95ab,3804.0,11.0,4.0,44.0,3848.0,,3800.0,10.0,,,,,0.0,0,,,3,06f4d9ab-2d66-4d8f-845c-680ac99ec639,https://london-trader-6b45bffdcd02.herokuapp.com,wss://london-trader-6b45bffdcd02.herokuapp.com,,1,2,ghp,gamified,human_only,0.0,1,15,"[8.0, 4.0, 20.0, 8.0, 8.0, 20.0, 20.0, 4.0, 20.0, 4.0, 20.0, 0.0, 8.0, 8.0, 8.0, 8.0, 8.0, 4.0, 4.0, 20.0, 0.0, 0.0, 8.0, 4.0, 4.0, 4.0, 20.0, 8.0, 8.0, 0.0, 8.0, 4.0, 4.0]",115.0,115.0,19,ffe5xhmq,,,,,0
1,viseix7p,,0,308,307,post_exp,FinalForProlific,2026-05-12 16:19:08.162574,1,,,4068.0,1,,0.0,a7efec93-ac3e-45ce-84ac-eb2844742dd5,2674.5,22.0,20.0,440.0,3114.5,,2600.0,20.0,,,,,0.0,0,,,1,520e90a9-5e9e-4bfa-8244-34e70674e93f,https://london-trader-6b45bffdcd02.herokuapp.com,wss://london-trader-6b45bffdcd02.herokuapp.com,,1,6,ghp,gamified,human_only,0.0,0,15,"[8.0, 4.0, 20.0, 8.0, 8.0, 20.0, 20.0, 4.0, 20.0, 4.0, 20.0, 0.0, 8.0, 8.0, 8.0, 8.0, 8.0, 4.0, 4.0, 20.0, 0.0, 0.0, 8.0, 4.0, 4.0, 4.0, 20.0, 8.0, 8.0, 0.0, 8.0, 4.0, 4.0]",104.0,104.0,20,ffe5xhmq,,,,,0
2,qhz5zte3,,0,308,307,post_exp,FinalForProlific,2026-05-12 16:19:08.174764,1,,,5491.0,2,,0.0,6b8a7a0e-6534-4c7f-ba8e-d90a38b5b936,3407.5,14.0,20.0,280.0,3687.5,,3800.0,10.0,,,,,0.0,0,,,1,520e90a9-5e9e-4bfa-8244-34e70674e93f,https://london-trader-6b45bffdcd02.herokuapp.com,wss://london-trader-6b45bffdcd02.herokuapp.com,,1,6,ghp,gamified,human_only,0.0,0,15,"[8.0, 4.0, 20.0, 8.0, 8.0, 20.0, 20.0, 4.0, 20.0, 4.0, 20.0, 0.0, 8.0, 8.0, 8.0, 8.0, 8.0, 4.0, 4.0, 20.0, 0.0, 0.0, 8.0, 4.0, 4.0, 4.0, 20.0, 8.0, 8.0, 0.0, 8.0, 4.0, 4.0]",104.0,104.0,20,ffe5xhmq,,,,,0
3,kmcc2p31,,0,308,307,post_exp,FinalForProlific,2026-05-12 16:19:08.179802,1,,,6177.0,3,,0.0,1a600171-9cfa-44bf-a3d4-b7322acefe1a,2703.0,22.0,20.0,440.0,3143.0,,2600.0,20.0,,,,,0.0,0,,,1,520e90a9-5e9e-4bfa-8244-34e70674e93f,https://london-trader-6b45bffdcd02.herokuapp.com,wss://london-trader-6b45bffdcd02.herokuapp.com,,1,6,ghp,gamified,human_only,0.0,0,15,"[8.0, 4.0, 20.0, 8.0, 8.0, 20.0, 20.0, 4.0, 20.0, 4.0, 20.0, 0.0, 8.0, 8.0, 8.0, 8.0, 8.0, 4.0, 4.0, 20.0, 0.0, 0.0, 8.0, 4.0, 4.0, 4.0, 20.0, 8.0, 8.0, 0.0, 8.0, 4.0, 4.0]",104.0,104.0,20,ffe5xhmq,,,,,0
4,snooaw5j,,0,308,307,post_exp,FinalForProlific,2026-05-12 16:19:08.185093,1,,,5310.0,4,,0.0,cb46e42c-c695-4491-ae41-767eb4004474,3956.5,9.0,20.0,180.0,4136.5,,3800.0,10.0,,,,,0.0,0,,,1,520e90a9-5e9e-4bfa-8244-34e70674e93f,https://london-trader-6b45bffdcd02.herokuapp.com,wss://london-trader-6b45bffdcd02.herokuapp.com,,1,6,ghp,gamified,human_only,0.0,0,15,"[8.0, 4.0, 20.0, 8.0, 8.0, 20.0, 20.0, 4.0, 20.0, 4.0, 20.0, 0.0, 8.0, 8.0, 8.0, 8.0, 8.0, 4.0, 4.0, 20.0, 0.0, 0.0, 8.0, 4.0, 4.0, 4.0, 20.0, 8.0, 8.0, 0.0, 8.0, 4.0, 4.0]",104.0,104.0,20,ffe5xhmq,,,,,0
5,twrkr7hz,,0,308,307,post_exp,FinalForProlific,2026-05-12 16:19:08.193724,1,,,5777.0,5,,0.0,5e6b5ec7-66f5-446f-b458-3b18596521a3,2788.0,19.0,20.0,380.0,3168.0,,2600.0,20.0,,,,,0.0,0,,,1,520e90a9-5e9e-4bfa-8244-34e70674e93f,https://london-trader-6b45bffdcd02.herokuapp.com,wss://london-trader-6b45bffdcd02.herokuapp.com,,1,6,ghp,gamified,human_only,0.0,0,15,"[8.0, 4.0, 20.0, 8.0, 8.0, 20.0, 20.0, 4.0, 20.0, 4.0, 20.0, 0.0, 8.0, 8.0, 8.0, 8.0, 8.0, 4.0, 4.0, 20.0, 0.0, 0.0, 8.0, 4.0, 4.0, 4.0, 20.0, 8.0, 8.0, 0.0, 8.0, 4.0, 4.0]",104.0,104.0,20,ffe5xhmq,,,,,0
6,hk3teh8u,,0,308,307,post_exp,FinalForProlific,2026-05-12 16:19:08.431171,1,,,5073.0,6,,0.0,c9677d60-b255-4563-955c-c09e7b64f2df,4058.5,8.0,20.0,160.0,4218.5,,3800.0,10.0,,,,,0.0,0,,,1,520e90a9-5e9e-4bfa-8244-34e70674e93f,https://london-trader-6b45bffdcd02.herokuapp.com,wss://london-trader-6b45bffdcd02.herokuapp.com,,1,6,ghp,gamified,human_only,0.0,0,15,"[8.0, 4.0, 20.0, 8.0, 8.0, 20.0, 20.0, 4.0, 20.0, 4.0, 20.0, 0.0, 8.0, 8.0, 8.0, 8.0, 8.0, 4.0, 4.0, 20.0, 0.0, 0.0, 8.0, 4.0, 4.0, 4.0, 20.0, 8.0, 8.0, 0.0, 8.0, 4.0, 4.0]",104.0,104.0,20,ffe5xhmq,,,,,0
7,6kvq85km,,0,308,307,post_exp,FinalForProlific,2026-05-12 16:19:08.454950,1,,,5884.0,1,,0.0,1893c9fa-143a-45ae-8599-dfedb6054045,2930.0,19.0,20.0,380.0,3310.0,,2600.0,20.0,,,,,0.0,0,,,2,5273b4e4-2b4f-47fa-834f-bd0d84d237b0,https://london-trader-6b45bffdcd02.herokuapp.com,wss://london-trader-6b45bffdcd02.herokuapp.com,,1,6,ng,non_gamified,human_only,0.0,0,15,"[8.0, 4.0, 20.0, 8.0, 8.0, 20.0, 20.0, 4.0, 20.0, 4.0, 20.0, 0.0, 8.0, 8.0, 8.0, 8.0, 8.0, 4.0, 4.0, 20.0, 0.0, 0.0, 8.0, 4.0, 4.0, 4.0, 20.0, 8.0, 8.0, 0.0, 8.0, 4.0, 4.0]",108.0,108.0,20,ffe5xhmq,,,,,0
8,7dpcven3,,0,308,307,post_exp,FinalForProlific,2026-05-12 16:19:08.479580,1,,,5168.0,2,,0.0,18711e8c-d4a6-4e40-ac02-472f81cda568,3838.0,18.0,20.0,360.0,4198.0,,3800.0,10.0,,,,,0.0,0,,,2,5273b4e4-2b4f-47fa-834f-bd0d84d237b0,https://london-trader-6b45bffdcd02.herokuapp.com,wss://london-trader-6b45bffdcd02.herokuapp.com,,1,6,ng,non_gamified,human_only,0.0,0,15,"[8.0, 4.0, 20.0, 8.0, 8.0, 20.0, 20.0, 4.0, 20.0, 4.0, 20.0, 0.0, 8.0, 8.0, 8.0, 8.0, 8.0, 4.0, 4.0, 20.0, 0.0, 0.0, 8.0, 4.0, 4.0, 4.0, 20.0, 8.0, 8.0, 0.0, 8.0, 4.0, 4.0]",108.0,108.0,20,ffe5xhmq,,,,,0
9,2mz5up3e,,0,308,307,post_exp,FinalForProlific,2026-05-12 16:19:08.496584,1,,,5955.0,3,,0.0,ede5b087-a2ea-49eb-9494-a67b961bfc79,3019.0,17.0,20.0,340.0,3359.0,,2600.0,20.0,,,,,0.0,0,,,2,5273b4e4-2b4f-47fa-834f-bd0d84d237b0,https://london-trader-6b45bffdcd02.herokuapp.com,wss://london-trader-6b45bffdcd02.herokuapp.com,,1,6,ng,non_gamified,human_only,0.0,0,15,"[8.0, 4.0, 20.0, 8.0, 8.0, 20.0, 20.0, 4.0, 20.0, 4.0, 20.0, 0.0, 8.0, 8.0, 8.0, 8.0, 8.0, 4.0, 4.0, 20.0, 0.0, 0.0, 8.0, 4.0, 4.0, 4.0, 20.0, 8.0, 8.0, 0.0, 8.0, 4.0, 4.0]",108.0,108.0,20,ffe5xhmq,,,,,0
10,keffe6of,,0,308,307,post_exp,FinalForProlific,2026-05-12 16:19:08.505946,1,,,4719.0,4,,0.0,d00142cb-036c-42b2-986f-4d8449293679,3844.0,12.0,20.0,240.0,4084.0,,3800.0,10.0,,,,,0.0,0,,,2,5273b4e4-2b4f-47fa-834f-bd0d84d237b0,https://london-trader-6b45bffdcd02.herokuapp.com,wss://london-trader-6b45bffdcd02.herokuapp.com,,1,6,ng,non_gamified,human_only,0.0,0,15,"[8.0, 4.0, 20.0, 8.0, 8.0, 20.0, 20.0, 4.0, 20.0, 4.0, 20.0, 0.0, 8.0, 8.0, 8.0, 8.0, 8.0, 4.0, 4.0, 20.0, 0.0, 0.0, 8.0, 4.0, 4.0, 4.0, 20.0, 8.0, 8.0, 0.0, 8.0, 4.0, 4.0]",108.0,108.0,20,ffe5xhmq,,,,,0
11,quvmw080,,0,308,307,post_exp,FinalForProlific,2026-05-12 16:19:08.538071,1,,,5573.0,5,,0.0,4c5c436f-ca6c-40f1-9cb5-b8bc15205ad4,2338.0,25.0,20.0,500.0,2838.0,,2600.0,20.0,,,,,0.0,0,,,2,5273b4e4-2b4f-47fa-834f-bd0d84d237b0,https://london-trader-6b45bffdcd02.herokuapp.com,wss://london-trader-6b45bffdcd02.herokuapp.com,,1,6,ng,non_gamified,human_only,0.0,0,15,"[8.0, 4.0, 20.0, 8.0, 8.0, 20.0, 20.0, 4.0, 20.0, 4.0, 20.0, 0.0, 8.0, 8.0, 8.0, 8.0, 8.0, 4.0, 4.0, 20.0, 0.0, 0.0, 8.0, 4.0, 4.0, 4.0, 20.0, 8.0, 8.0, 0.0, 8.0, 4.0, 4.0]",108.0,108.0,20,ffe5xhmq,,,,,0
12,zmzx9bpp,,0,308,307,post_exp,FinalForProlific,2026-05-12 16:19:08.548095,1,,,5011.0,6,,0.0,bc7d5ce5-ff5f-43da-8411-1cc4780872be,3611.0,12.0,20.0,240.0,3851.0,,3800.0,10.0,,,,,0.0,0,,,2,5273b4e4-2b4f-47fa-834f-bd0d84d237b0,https://london-trader-6b45bffdcd02.herokuapp.com,wss://london-trader-6b45bffdcd02.herokuapp.com,,1,6,ng,non_gamified,human_only,0.0,0,15,"[8.0, 4.0, 20.0, 8.0, 8.0, 20.0, 20.0, 4.0, 20.0, 4.0, 20.0, 0.0, 8.0, 8.0, 8.0, 8.0, 8.0, 4.0, 4.0, 20.0, 0.0, 0.0, 8.0, 4.0, 4.0, 4.0, 20.0, 8.0, 8.0, 0.0, 8.0, 4.0, 4.0]",108.0,108.0,20,ffe5xhmq,,,,,0
13,er9d8a5v,,0,308,307,post_exp,FinalForProlific,2026-05-12 16:19:08.558728,1,,,6590.0,1,,0.0,cda8f129-61a6-4153-bf08-1c1a945507c7,2683.0,22.0,20.0,440.0,3123.0,,2600.0,20.0,,,,,0.0,0,,,3,06f4d9ab-2d66-4d8f-845c-680ac99ec639,https://london-trader-6b45bffdcd02.herokuapp.com,wss://london-trader-6b45bffdcd02.herokuapp.com,,1,2,ghp,gamified,human_only,0.0,1,15,"[8.0, 4.0, 20.0, 8.0, 8.0, 20.0, 20.0, 4.0, 20.0, 4.0, 20.0, 0.0, 8.0, 8.0, 8.0, 8.0, 8.0, 4.0, 4.0, 20.0, 0.0, 0.0, 8.0, 4.0, 4.0, 4.0, 20.0, 8.0, 8.0, 0.0, 8.0, 4.0, 4.0]",117.0,117.0,20,ffe5xhmq,,,,,0
14,r2eorolq,,0,308,307,post_exp,FinalForProlific,2026-05-12 16:19:08.574796,1,,,4974.0,2,,0.0,b5eb1e0a-5002-4683-a96b-77986bde95ab,3848.0,12.0,20.0,240.0,4088.0,,3800.0,10.0,,,,,0.0,0,,,3,06f4d9ab-2d66-4d8f-845c-680ac99ec639,https://london-trader-6b45bffdcd02.herokuapp.com,wss://london-trader-6b45bffdcd02.herokuapp.com,,1,2,ghp,gamified,human_only,0.0,1,15,"[8.0, 4.0, 20.0, 8.0, 8.0, 20.0, 20.0, 4.0, 20.0, 4.0, 20.0, 0.0, 8.0, 8.0, 8.0, 8.0, 8.0, 4.0, 4.0, 20.0, 0.0, 0.0, 8.0, 4.0, 4.0, 4.0, 20.0, 8.0, 8.0, 0.0, 8.0, 4.0, 4.0]",117.0,117.0,20,ffe5xhmq,,,,,0
1,viseix7p,,0,308,307,post_exp,FinalForProlific,2026-05-12 16:19:08.162574,1,,,4068.0,1,,0.0,a7efec93-ac3e-45ce-84ac-eb2844742dd5,2460.75,28.0,0.0,0.0,2460.75,,2600.0,20.0,25.0,5,"{""forecast_price_next_day"":25,""forecast_confidence_next_day"":5}",88.0,0.0,1,,,1,520e90a9-5e9e-4bfa-8244-34e70674e93f,https://london-trader-6b45bffdcd02.herokuapp.com,wss://london-trader-6b45bffdcd02.herokuapp.com,,1,6,ghp,gamified,human_only,0.0,0,15,"[8.0, 4.0, 20.0, 8.0, 8.0, 20.0, 20.0, 4.0, 20.0, 4.0, 20.0, 0.0, 8.0, 8.0, 8.0, 8.0, 8.0, 4.0, 4.0, 20.0, 0.0, 0.0, 8.0, 4.0, 4.0, 4.0, 20.0, 8.0, 8.0, 0.0, 8.0, 4.0, 4.0]",96.0,96.0,21,ffe5xhmq,,,,,0
2,qhz5zte3,,0,308,307,post_exp,FinalForProlific,2026-05-12 16:19:08.174764,1,,,5491.0,2,,0.0,6b8a7a0e-6534-4c7f-ba8e-d90a38b5b936,3801.75,14.0,0.0,0.0,3801.75,,3800.0,10.0,0.0,0,,88.0,0.0,1,,,1,520e90a9-5e9e-4bfa-8244-34e70674e93f,https://london-trader-6b45bffdcd02.herokuapp.com,wss://london-trader-6b45bffdcd02.herokuapp.com,,1,6,ghp,gamified,human_only,0.0,0,15,"[8.0, 4.0, 20.0, 8.0, 8.0, 20.0, 20.0, 4.0, 20.0, 4.0, 20.0, 0.0, 8.0, 8.0, 8.0, 8.0, 8.0, 4.0, 4.0, 20.0, 0.0, 0.0, 8.0, 4.0, 4.0, 4.0, 20.0, 8.0, 8.0, 0.0, 8.0, 4.0, 4.0]",96.0,96.0,21,ffe5xhmq,,,,,0
3,kmcc2p31,,0,308,307,post_exp,FinalForProlific,2026-05-12 16:19:08.179802,1,,,6177.0,3,,0.0,1a600171-9cfa-44bf-a3d4-b7322acefe1a,3370.5,19.0,0.0,0.0,3370.5,,2600.0,20.0,100.0,5,"{""forecast_price_next_day"":100,""forecast_confidence_next_day"":5}",88.0,0.0,1,,,1,520e90a9-5e9e-4bfa-8244-34e70674e93f,https://london-trader-6b45bffdcd02.herokuapp.com,wss://london-trader-6b45bffdcd02.herokuapp.com,,1,6,ghp,gamified,human_only,0.0,0,15,"[8.0, 4.0, 20.0, 8.0, 8.0, 20.0, 20.0, 4.0, 20.0, 4.0, 20.0, 0.0, 8.0, 8.0, 8.0, 8.0, 8.0, 4.0, 4.0, 20.0, 0.0, 0.0, 8.0, 4.0, 4.0, 4.0, 20.0, 8.0, 8.0, 0.0, 8.0, 4.0, 4.0]",96.0,96.0,21,ffe5xhmq,,,,,0
4,snooaw5j,,0,308,307,post_exp,FinalForProlific,2026-05-12 16:19:08.185093,1,,,5310.0,4,,0.0,cb46e42c-c695-4491-ae41-767eb4004474,4244.5,9.0,0.0,0.0,4244.5,,3800.0,10.0,90.0,4,"{""forecast_price_next_day"":90,""forecast_confidence_next_day"":4}",88.0,20.0,1,,,1,520e90a9-5e9e-4bfa-8244-34e70674e93f,https://london-trader-6b45bffdcd02.herokuapp.com,wss://london-trader-6b45bffdcd02.herokuapp.com,,1,6,ghp,gamified,human_only,0.0,0,15,"[8.0, 4.0, 20.0, 8.0, 8.0, 20.0, 20.0, 4.0, 20.0, 4.0, 20.0, 0.0, 8.0, 8.0, 8.0, 8.0, 8.0, 4.0, 4.0, 20.0, 0.0, 0.0, 8.0, 4.0, 4.0, 4.0, 20.0, 8.0, 8.0, 0.0, 8.0, 4.0, 4.0]",96.0,96.0,21,ffe5xhmq,,,,,0
5,twrkr7hz,,0,308,307,post_exp,FinalForProlific,2026-05-12 16:19:08.193724,1,,,5777.0,5,,0.0,5e6b5ec7-66f5-446f-b458-3b18596521a3,3168.0,20.0,0.0,0.0,3168.0,,2600.0,20.0,75.0,1,"{""forecast_price_next_day"":75,""forecast_confidence_next_day"":1}",88.0,0.0,1,,,1,520e90a9-5e9e-4bfa-8244-34e70674e93f,https://london-trader-6b45bffdcd02.herokuapp.com,wss://london-trader-6b45bffdcd02.herokuapp.com,,1,6,ghp,gamified,human_only,0.0,0,15,"[8.0, 4.0, 20.0, 8.0, 8.0, 20.0, 20.0, 4.0, 20.0, 4.0, 20.0, 0.0, 8.0, 8.0, 8.0, 8.0, 8.0, 4.0, 4.0, 20.0, 0.0, 0.0, 8.0, 4.0, 4.0, 4.0, 20.0, 8.0, 8.0, 0.0, 8.0, 4.0, 4.0]",96.0,96.0,21,ffe5xhmq,,,,,0
6,hk3teh8u,,0,308,307,post_exp,FinalForProlific,2026-05-12 16:19:08.431171,1,,,5073.0,6,,0.0,c9677d60-b255-4563-955c-c09e7b64f2df,4422.5,6.0,0.0,0.0,4422.5,,3800.0,10.0,90.0,5,"{""forecast_price_next_day"":90,""forecast_confidence_next_day"":5}",88.0,20.0,1,,,1,520e90a9-5e9e-4bfa-8244-34e70674e93f,https://london-trader-6b45bffdcd02.herokuapp.com,wss://london-trader-6b45bffdcd02.herokuapp.com,,1,6,ghp,gamified,human_only,0.0,0,15,"[8.0, 4.0, 20.0, 8.0, 8.0, 20.0, 20.0, 4.0, 20.0, 4.0, 20.0, 0.0, 8.0, 8.0, 8.0, 8.0, 8.0, 4.0, 4.0, 20.0, 0.0, 0.0, 8.0, 4.0, 4.0, 4.0, 20.0, 8.0, 8.0, 0.0, 8.0, 4.0, 4.0]",96.0,96.0,21,ffe5xhmq,,,,,0
7,6kvq85km,,0,308,307,post_exp,FinalForProlific,2026-05-12 16:19:08.454950,1,,,5884.0,1,,0.0,1893c9fa-143a-45ae-8599-dfedb6054045,3418.0,17.0,0.0,0.0,3418.0,,2600.0,20.0,95.0,3,"{""forecast_price_next_day"":95,""forecast_confidence_next_day"":3}",110.0,0.0,1,,,2,5273b4e4-2b4f-47fa-834f-bd0d84d237b0,https://london-trader-6b45bffdcd02.herokuapp.com,wss://london-trader-6b45bffdcd02.herokuapp.com,,1,6,ng,non_gamified,human_only,0.0,0,15,"[8.0, 4.0, 20.0, 8.0, 8.0, 20.0, 20.0, 4.0, 20.0, 4.0, 20.0, 0.0, 8.0, 8.0, 8.0, 8.0, 8.0, 4.0, 4.0, 20.0, 0.0, 0.0, 8.0, 4.0, 4.0, 4.0, 20.0, 8.0, 8.0, 0.0, 8.0, 4.0, 4.0]",108.0,108.0,21,ffe5xhmq,,,,,0
8,7dpcven3,,0,308,307,post_exp,FinalForProlific,2026-05-12 16:19:08.479580,1,,,5168.0,2,,0.0,18711e8c-d4a6-4e40-ac02-472f81cda568,4086.5,16.0,0.0,0.0,4086.5,,3800.0,10.0,100.0,3,"{""forecast_price_next_day"":100,""forecast_confidence_next_day"":3}",110.0,0.0,1,,,2,5273b4e4-2b4f-47fa-834f-bd0d84d237b0,https://london-trader-6b45bffdcd02.herokuapp.com,wss://london-trader-6b45bffdcd02.herokuapp.com,,1,6,ng,non_gamified,human_only,0.0,0,15,"[8.0, 4.0, 20.0, 8.0, 8.0, 20.0, 20.0, 4.0, 20.0, 4.0, 20.0, 0.0, 8.0, 8.0, 8.0, 8.0, 8.0, 4.0, 4.0, 20.0, 0.0, 0.0, 8.0, 4.0, 4.0, 4.0, 20.0, 8.0, 8.0, 0.0, 8.0, 4.0, 4.0]",108.0,108.0,21,ffe5xhmq,,,,,0
9,2mz5up3e,,0,308,307,post_exp,FinalForProlific,2026-05-12 16:19:08.496584,1,,,5955.0,3,,0.0,ede5b087-a2ea-49eb-9494-a67b961bfc79,3911.5,12.0,0.0,0.0,3911.5,,2600.0,20.0,100.0,4,"{""forecast_price_next_day"":100,""forecast_confidence_next_day"":4}",110.0,0.0,1,,,2,5273b4e4-2b4f-47fa-834f-bd0d84d237b0,https://london-trader-6b45bffdcd02.herokuapp.com,wss://london-trader-6b45bffdcd02.herokuapp.com,,1,6,ng,non_gamified,human_only,0.0,0,15,"[8.0, 4.0, 20.0, 8.0, 8.0, 20.0, 20.0, 4.0, 20.0, 4.0, 20.0, 0.0, 8.0, 8.0, 8.0, 8.0, 8.0, 4.0, 4.0, 20.0, 0.0, 0.0, 8.0, 4.0, 4.0, 4.0, 20.0, 8.0, 8.0, 0.0, 8.0, 4.0, 4.0]",108.0,108.0,21,ffe5xhmq,,,,,0
10,keffe6of,,0,308,307,post_exp,FinalForProlific,2026-05-12 16:19:08.505946,1,,,4719.0,4,,0.0,d00142cb-036c-42b2-986f-4d8449293679,4084.0,10.0,0.0,0.0,4084.0,,3800.0,10.0,3.0,1,"{""forecast_price_next_day"":3,""forecast_confidence_next_day"":1}",110.0,0.0,1,,,2,5273b4e4-2b4f-47fa-834f-bd0d84d237b0,https://london-trader-6b45bffdcd02.herokuapp.com,wss://london-trader-6b45bffdcd02.herokuapp.com,,1,6,ng,non_gamified,human_only,0.0,0,15,"[8.0, 4.0, 20.0, 8.0, 8.0, 20.0, 20.0, 4.0, 20.0, 4.0, 20.0, 0.0, 8.0, 8.0, 8.0, 8.0, 8.0, 4.0, 4.0, 20.0, 0.0, 0.0, 8.0, 4.0, 4.0, 4.0, 20.0, 8.0, 8.0, 0.0, 8.0, 4.0, 4.0]",108.0,108.0,21,ffe5xhmq,,,,,0
11,quvmw080,,0,308,307,post_exp,FinalForProlific,2026-05-12 16:19:08.538071,1,,,5573.0,5,,0.0,4c5c436f-ca6c-40f1-9cb5-b8bc15205ad4,2289.0,29.0,0.0,0.0,2289.0,,2600.0,20.0,2289.0,1,"{""forecast_confidence_next_day"":1,""forecast_price_next_day"":2289}",110.0,0.0,1,,,2,5273b4e4-2b4f-47fa-834f-bd0d84d237b0,https://london-trader-6b45bffdcd02.herokuapp.com,wss://london-trader-6b45bffdcd02.herokuapp.com,,1,6,ng,non_gamified,human_only,0.0,0,15,"[8.0, 4.0, 20.0, 8.0, 8.0, 20.0, 20.0, 4.0, 20.0, 4.0, 20.0, 0.0, 8.0, 8.0, 8.0, 8.0, 8.0, 4.0, 4.0, 20.0, 0.0, 0.0, 8.0, 4.0, 4.0, 4.0, 20.0, 8.0, 8.0, 0.0, 8.0, 4.0, 4.0]",108.0,108.0,21,ffe5xhmq,,,,,0
12,zmzx9bpp,,0,308,307,post_exp,FinalForProlific,2026-05-12 16:19:08.548095,1,,,5011.0,6,,0.0,bc7d5ce5-ff5f-43da-8411-1cc4780872be,3851.0,12.0,0.0,0.0,3851.0,,3800.0,10.0,102.0,4,"{""forecast_price_next_day"":102,""forecast_confidence_next_day"":4}",110.0,0.0,1,,,2,5273b4e4-2b4f-47fa-834f-bd0d84d237b0,https://london-trader-6b45bffdcd02.herokuapp.com,wss://london-trader-6b45bffdcd02.herokuapp.com,,1,6,ng,non_gamified,human_only,0.0,0,15,"[8.0, 4.0, 20.0, 8.0, 8.0, 20.0, 20.0, 4.0, 20.0, 4.0, 20.0, 0.0, 8.0, 8.0, 8.0, 8.0, 8.0, 4.0, 4.0, 20.0, 0.0, 0.0, 8.0, 4.0, 4.0, 4.0, 20.0, 8.0, 8.0, 0.0, 8.0, 4.0, 4.0]",108.0,108.0,21,ffe5xhmq,,,,,0
13,er9d8a5v,,0,308,307,post_exp,FinalForProlific,2026-05-12 16:19:08.558728,1,,,6590.0,1,,0.0,cda8f129-61a6-4153-bf08-1c1a945507c7,3240.8,20.0,0.0,0.0,3240.8,,2600.0,20.0,117.0,2,"{""forecast_price_next_day"":117,""forecast_confidence_next_day"":2}",116.0,20.0,1,,,3,06f4d9ab-2d66-4d8f-845c-680ac99ec639,https://london-trader-6b45bffdcd02.herokuapp.com,wss://london-trader-6b45bffdcd02.herokuapp.com,,1,2,ghp,gamified,human_only,0.0,1,15,"[8.0, 4.0, 20.0, 8.0, 8.0, 20.0, 20.0, 4.0, 20.0, 4.0, 20.0, 0.0, 8.0, 8.0, 8.0, 8.0, 8.0, 4.0, 4.0, 20.0, 0.0, 0.0, 8.0, 4.0, 4.0, 4.0, 20.0, 8.0, 8.0, 0.0, 8.0, 4.0, 4.0]",117.8,117.8,21,ffe5xhmq,,,,,0
14,r2eorolq,,0,308,307,post_exp,FinalForProlific,2026-05-12 16:19:08.574796,1,,,4974.0,2,,0.0,b5eb1e0a-5002-4683-a96b-77986bde95ab,3971.0,12.0,0.0,0.0,3971.0,,3800.0,10.0,118.0,1,"{""forecast_price_next_day"":117.5,""forecast_confidence_next_day"":1}",116.0,20.0,1,,,3,06f4d9ab-2d66-4d8f-845c-680ac99ec639,https://london-trader-6b45bffdcd02.herokuapp.com,wss://london-trader-6b45bffdcd02.herokuapp.com,,1,2,ghp,gamified,human_only,0.0,1,15,"[8.0, 4.0, 20.0, 8.0, 8.0, 20.0, 20.0, 4.0, 20.0, 4.0, 20.0, 0.0, 8.0, 8.0, 8.0, 8.0, 8.0, 4.0, 4.0, 20.0, 0.0, 0.0, 8.0, 4.0, 4.0, 4.0, 20.0, 8.0, 8.0, 0.0, 8.0, 4.0, 4.0]",117.8,117.8,21,ffe5xhmq,,,,,0
1,viseix7p,,0,308,307,post_exp,FinalForProlific,2026-05-12 16:19:08.162574,1,,,4068.0,1,,0.0,a7efec93-ac3e-45ce-84ac-eb2844742dd5,2367.75,27.0,0.0,0.0,2367.75,,2600.0,20.0,,,,,0.0,0,,,1,520e90a9-5e9e-4bfa-8244-34e70674e93f,https://london-trader-6b45bffdcd02.herokuapp.com,wss://london-trader-6b45bffdcd02.herokuapp.com,,1,6,ghp,gamified,human_only,0.0,0,15,"[8.0, 4.0, 20.0, 8.0, 8.0, 20.0, 20.0, 4.0, 20.0, 4.0, 20.0, 0.0, 8.0, 8.0, 8.0, 8.0, 8.0, 4.0, 4.0, 20.0, 0.0, 0.0, 8.0, 4.0, 4.0, 4.0, 20.0, 8.0, 8.0, 0.0, 8.0, 4.0, 4.0]",88.0,88.0,22,ffe5xhmq,,,,,0
2,qhz5zte3,,0,308,307,post_exp,FinalForProlific,2026-05-12 16:19:08.174764,1,,,5491.0,2,,0.0,6b8a7a0e-6534-4c7f-ba8e-d90a38b5b936,3890.75,13.0,0.0,0.0,3890.75,,3800.0,10.0,,,,,0.0,0,,,1,520e90a9-5e9e-4bfa-8244-34e70674e93f,https://london-trader-6b45bffdcd02.herokuapp.com,wss://london-trader-6b45bffdcd02.herokuapp.com,,1,6,ghp,gamified,human_only,0.0,0,15,"[8.0, 4.0, 20.0, 8.0, 8.0, 20.0, 20.0, 4.0, 20.0, 4.0, 20.0, 0.0, 8.0, 8.0, 8.0, 8.0, 8.0, 4.0, 4.0, 20.0, 0.0, 0.0, 8.0, 4.0, 4.0, 4.0, 20.0, 8.0, 8.0, 0.0, 8.0, 4.0, 4.0]",88.0,88.0,22,ffe5xhmq,,,,,0
3,kmcc2p31,,0,308,307,post_exp,FinalForProlific,2026-05-12 16:19:08.179802,1,,,6177.0,3,,0.0,1a600171-9cfa-44bf-a3d4-b7322acefe1a,3192.5,20.0,0.0,0.0,3192.5,,2600.0,20.0,,,,,0.0,0,,,1,520e90a9-5e9e-4bfa-8244-34e70674e93f,https://london-trader-6b45bffdcd02.herokuapp.com,wss://london-trader-6b45bffdcd02.herokuapp.com,,1,6,ghp,gamified,human_only,0.0,0,15,"[8.0, 4.0, 20.0, 8.0, 8.0, 20.0, 20.0, 4.0, 20.0, 4.0, 20.0, 0.0, 8.0, 8.0, 8.0, 8.0, 8.0, 4.0, 4.0, 20.0, 0.0, 0.0, 8.0, 4.0, 4.0, 4.0, 20.0, 8.0, 8.0, 0.0, 8.0, 4.0, 4.0]",88.0,88.0,22,ffe5xhmq,,,,,0
4,snooaw5j,,0,308,307,post_exp,FinalForProlific,2026-05-12 16:19:08.185093,1,,,5310.0,4,,0.0,cb46e42c-c695-4491-ae41-767eb4004474,4339.5,8.0,0.0,0.0,4339.5,,3800.0,10.0,,,,,0.0,0,,,1,520e90a9-5e9e-4bfa-8244-34e70674e93f,https://london-trader-6b45bffdcd02.herokuapp.com,wss://london-trader-6b45bffdcd02.herokuapp.com,,1,6,ghp,gamified,human_only,0.0,0,15,"[8.0, 4.0, 20.0, 8.0, 8.0, 20.0, 20.0, 4.0, 20.0, 4.0, 20.0, 0.0, 8.0, 8.0, 8.0, 8.0, 8.0, 4.0, 4.0, 20.0, 0.0, 0.0, 8.0, 4.0, 4.0, 4.0, 20.0, 8.0, 8.0, 0.0, 8.0, 4.0, 4.0]",88.0,88.0,22,ffe5xhmq,,,,,0
5,twrkr7hz,,0,308,307,post_exp,FinalForProlific,2026-05-12 16:19:08.193724,1,,,5777.0,5,,0.0,5e6b5ec7-66f5-446f-b458-3b18596521a3,3168.0,19.0,0.0,0.0,3168.0,,2600.0,20.0,,,,,0.0,0,,,1,520e90a9-5e9e-4bfa-8244-34e70674e93f,https://london-trader-6b45bffdcd02.herokuapp.com,wss://london-trader-6b45bffdcd02.herokuapp.com,,1,6,ghp,gamified,human_only,0.0,0,15,"[8.0, 4.0, 20.0, 8.0, 8.0, 20.0, 20.0, 4.0, 20.0, 4.0, 20.0, 0.0, 8.0, 8.0, 8.0, 8.0, 8.0, 4.0, 4.0, 20.0, 0.0, 0.0, 8.0, 4.0, 4.0, 4.0, 20.0, 8.0, 8.0, 0.0, 8.0, 4.0, 4.0]",88.0,88.0,22,ffe5xhmq,,,,,0
6,hk3teh8u,,0,308,307,post_exp,FinalForProlific,2026-05-12 16:19:08.431171,1,,,5073.0,6,,0.0,c9677d60-b255-4563-955c-c09e7b64f2df,4509.5,5.0,0.0,0.0,4509.5,,3800.0,10.0,,,,,0.0,0,,,1,520e90a9-5e9e-4bfa-8244-34e70674e93f,https://london-trader-6b45bffdcd02.herokuapp.com,wss://london-trader-6b45bffdcd02.herokuapp.com,,1,6,ghp,gamified,human_only,0.0,0,15,"[8.0, 4.0, 20.0, 8.0, 8.0, 20.0, 20.0, 4.0, 20.0, 4.0, 20.0, 0.0, 8.0, 8.0, 8.0, 8.0, 8.0, 4.0, 4.0, 20.0, 0.0, 0.0, 8.0, 4.0, 4.0, 4.0, 20.0, 8.0, 8.0, 0.0, 8.0, 4.0, 4.0]",88.0,88.0,22,ffe5xhmq,,,,,0
7,6kvq85km,,0,308,307,post_exp,FinalForProlific,2026-05-12 16:19:08.454950,1,,,5884.0,1,,0.0,1893c9fa-143a-45ae-8599-dfedb6054045,3622.0,16.0,0.0,0.0,3622.0,,2600.0,20.0,,,,,0.0,0,,,2,5273b4e4-2b4f-47fa-834f-bd0d84d237b0,https://london-trader-6b45bffdcd02.herokuapp.com,wss://london-trader-6b45bffdcd02.herokuapp.com,,1,6,ng,non_gamified,human_only,0.0,0,15,"[8.0, 4.0, 20.0, 8.0, 8.0, 20.0, 20.0, 4.0, 20.0, 4.0, 20.0, 0.0, 8.0, 8.0, 8.0, 8.0, 8.0, 4.0, 4.0, 20.0, 0.0, 0.0, 8.0, 4.0, 4.0, 4.0, 20.0, 8.0, 8.0, 0.0, 8.0, 4.0, 4.0]",110.0,110.0,22,ffe5xhmq,,,,,0
8,7dpcven3,,0,308,307,post_exp,FinalForProlific,2026-05-12 16:19:08.479580,1,,,5168.0,2,,0.0,18711e8c-d4a6-4e40-ac02-472f81cda568,4086.5,18.0,0.0,0.0,4086.5,,3800.0,10.0,,,,,0.0,0,,,2,5273b4e4-2b4f-47fa-834f-bd0d84d237b0,https://london-trader-6b45bffdcd02.herokuapp.com,wss://london-trader-6b45bffdcd02.herokuapp.com,,1,6,ng,non_gamified,human_only,0.0,0,15,"[8.0, 4.0, 20.0, 8.0, 8.0, 20.0, 20.0, 4.0, 20.0, 4.0, 20.0, 0.0, 8.0, 8.0, 8.0, 8.0, 8.0, 4.0, 4.0, 20.0, 0.0, 0.0, 8.0, 4.0, 4.0, 4.0, 20.0, 8.0, 8.0, 0.0, 8.0, 4.0, 4.0]",110.0,110.0,22,ffe5xhmq,,,,,0
9,2mz5up3e,,0,308,307,post_exp,FinalForProlific,2026-05-12 16:19:08.496584,1,,,5955.0,3,,0.0,ede5b087-a2ea-49eb-9494-a67b961bfc79,4431.25,7.0,0.0,0.0,4431.25,,2600.0,20.0,,,,,0.0,0,,,2,5273b4e4-2b4f-47fa-834f-bd0d84d237b0,https://london-trader-6b45bffdcd02.herokuapp.com,wss://london-trader-6b45bffdcd02.herokuapp.com,,1,6,ng,non_gamified,human_only,0.0,0,15,"[8.0, 4.0, 20.0, 8.0, 8.0, 20.0, 20.0, 4.0, 20.0, 4.0, 20.0, 0.0, 8.0, 8.0, 8.0, 8.0, 8.0, 4.0, 4.0, 20.0, 0.0, 0.0, 8.0, 4.0, 4.0, 4.0, 20.0, 8.0, 8.0, 0.0, 8.0, 4.0, 4.0]",110.0,110.0,22,ffe5xhmq,,,,,0
10,keffe6of,,0,308,307,post_exp,FinalForProlific,2026-05-12 16:19:08.505946,1,,,4719.0,4,,0.0,d00142cb-036c-42b2-986f-4d8449293679,4294.0,8.0,0.0,0.0,4294.0,,3800.0,10.0,,,,,0.0,0,,,2,5273b4e4-2b4f-47fa-834f-bd0d84d237b0,https://london-trader-6b45bffdcd02.herokuapp.com,wss://london-trader-6b45bffdcd02.herokuapp.com,,1,6,ng,non_gamified,human_only,0.0,0,15,"[8.0, 4.0, 20.0, 8.0, 8.0, 20.0, 20.0, 4.0, 20.0, 4.0, 20.0, 0.0, 8.0, 8.0, 8.0, 8.0, 8.0, 4.0, 4.0, 20.0, 0.0, 0.0, 8.0, 4.0, 4.0, 4.0, 20.0, 8.0, 8.0, 0.0, 8.0, 4.0, 4.0]",110.0,110.0,22,ffe5xhmq,,,,,0
11,quvmw080,,0,308,307,post_exp,FinalForProlific,2026-05-12 16:19:08.538071,1,,,5573.0,5,,0.0,4c5c436f-ca6c-40f1-9cb5-b8bc15205ad4,1657.25,35.0,0.0,0.0,1657.25,,2600.0,20.0,,,,,0.0,0,,,2,5273b4e4-2b4f-47fa-834f-bd0d84d237b0,https://london-trader-6b45bffdcd02.herokuapp.com,wss://london-trader-6b45bffdcd02.herokuapp.com,,1,6,ng,non_gamified,human_only,0.0,0,15,"[8.0, 4.0, 20.0, 8.0, 8.0, 20.0, 20.0, 4.0, 20.0, 4.0, 20.0, 0.0, 8.0, 8.0, 8.0, 8.0, 8.0, 4.0, 4.0, 20.0, 0.0, 0.0, 8.0, 4.0, 4.0, 4.0, 20.0, 8.0, 8.0, 0.0, 8.0, 4.0, 4.0]",110.0,110.0,22,ffe5xhmq,,,,,0
12,zmzx9bpp,,0,308,307,post_exp,FinalForProlific,2026-05-12 16:19:08.548095,1,,,5011.0,6,,0.0,bc7d5ce5-ff5f-43da-8411-1cc4780872be,3549.0,15.0,0.0,0.0,3549.0,,3800.0,10.0,,,,,0.0,0,,,2,5273b4e4-2b4f-47fa-834f-bd0d84d237b0,https://london-trader-6b45bffdcd02.herokuapp.com,wss://london-trader-6b45bffdcd02.herokuapp.com,,1,6,ng,non_gamified,human_only,0.0,0,15,"[8.0, 4.0, 20.0, 8.0, 8.0, 20.0, 20.0, 4.0, 20.0, 4.0, 20.0, 0.0, 8.0, 8.0, 8.0, 8.0, 8.0, 4.0, 4.0, 20.0, 0.0, 0.0, 8.0, 4.0, 4.0, 4.0, 20.0, 8.0, 8.0, 0.0, 8.0, 4.0, 4.0]",110.0,110.0,22,ffe5xhmq,,,,,0
13,er9d8a5v,,0,308,307,post_exp,FinalForProlific,2026-05-12 16:19:08.558728,1,,,6590.0,1,,0.0,cda8f129-61a6-4153-bf08-1c1a945507c7,3242.7000000000003,20.0,0.0,0.0,3242.7000000000003,,2600.0,20.0,,,,,0.0,0,,,3,06f4d9ab-2d66-4d8f-845c-680ac99ec639,https://london-trader-6b45bffdcd02.herokuapp.com,wss://london-trader-6b45bffdcd02.herokuapp.com,,1,2,ghp,gamified,human_only,0.0,1,15,"[8.0, 4.0, 20.0, 8.0, 8.0, 20.0, 20.0, 4.0, 20.0, 4.0, 20.0, 0.0, 8.0, 8.0, 8.0, 8.0, 8.0, 4.0, 4.0, 20.0, 0.0, 0.0, 8.0, 4.0, 4.0, 4.0, 20.0, 8.0, 8.0, 0.0, 8.0, 4.0, 4.0]",116.0,116.0,22,ffe5xhmq,,,,,0
14,r2eorolq,,0,308,307,post_exp,FinalForProlific,2026-05-12 16:19:08.574796,1,,,4974.0,2,,0.0,b5eb1e0a-5002-4683-a96b-77986bde95ab,3853.1,12.0,0.0,0.0,3853.1,,3800.0,10.0,,,,,0.0,0,,,3,06f4d9ab-2d66-4d8f-845c-680ac99ec639,https://london-trader-6b45bffdcd02.herokuapp.com,wss://london-trader-6b45bffdcd02.herokuapp.com,,1,2,ghp,gamified,human_only,0.0,1,15,"[8.0, 4.0, 20.0, 8.0, 8.0, 20.0, 20.0, 4.0, 20.0, 4.0, 20.0, 0.0, 8.0, 8.0, 8.0, 8.0, 8.0, 4.0, 4.0, 20.0, 0.0, 0.0, 8.0, 4.0, 4.0, 4.0, 20.0, 8.0, 8.0, 0.0, 8.0, 4.0, 4.0]",116.0,116.0,22,ffe5xhmq,,,,,0
1,viseix7p,,0,308,307,post_exp,FinalForProlific,2026-05-12 16:19:08.162574,1,,,4068.0,1,,0.0,a7efec93-ac3e-45ce-84ac-eb2844742dd5,2114.5,34.0,8.0,272.0,2386.5,,2600.0,20.0,,,,,0.0,0,,,1,520e90a9-5e9e-4bfa-8244-34e70674e93f,https://london-trader-6b45bffdcd02.herokuapp.com,wss://london-trader-6b45bffdcd02.herokuapp.com,,1,6,ghp,gamified,human_only,0.0,0,15,"[8.0, 4.0, 20.0, 8.0, 8.0, 20.0, 20.0, 4.0, 20.0, 4.0, 20.0, 0.0, 8.0, 8.0, 8.0, 8.0, 8.0, 4.0, 4.0, 20.0, 0.0, 0.0, 8.0, 4.0, 4.0, 4.0, 20.0, 8.0, 8.0, 0.0, 8.0, 4.0, 4.0]",85.0,85.0,23,ffe5xhmq,,,,,0
2,qhz5zte3,,0,308,307,post_exp,FinalForProlific,2026-05-12 16:19:08.174764,1,,,5491.0,2,,0.0,6b8a7a0e-6534-4c7f-ba8e-d90a38b5b936,3718.75,15.0,8.0,120.0,3838.75,,3800.0,10.0,,,,,0.0,0,,,1,520e90a9-5e9e-4bfa-8244-34e70674e93f,https://london-trader-6b45bffdcd02.herokuapp.com,wss://london-trader-6b45bffdcd02.herokuapp.com,,1,6,ghp,gamified,human_only,0.0,0,15,"[8.0, 4.0, 20.0, 8.0, 8.0, 20.0, 20.0, 4.0, 20.0, 4.0, 20.0, 0.0, 8.0, 8.0, 8.0, 8.0, 8.0, 4.0, 4.0, 20.0, 0.0, 0.0, 8.0, 4.0, 4.0, 4.0, 20.0, 8.0, 8.0, 0.0, 8.0, 4.0, 4.0]",85.0,85.0,23,ffe5xhmq,,,,,0
3,kmcc2p31,,0,308,307,post_exp,FinalForProlific,2026-05-12 16:19:08.179802,1,,,6177.0,3,,0.0,1a600171-9cfa-44bf-a3d4-b7322acefe1a,3192.5,20.0,8.0,160.0,3352.5,,2600.0,20.0,,,,,0.0,0,,,1,520e90a9-5e9e-4bfa-8244-34e70674e93f,https://london-trader-6b45bffdcd02.herokuapp.com,wss://london-trader-6b45bffdcd02.herokuapp.com,,1,6,ghp,gamified,human_only,0.0,0,15,"[8.0, 4.0, 20.0, 8.0, 8.0, 20.0, 20.0, 4.0, 20.0, 4.0, 20.0, 0.0, 8.0, 8.0, 8.0, 8.0, 8.0, 4.0, 4.0, 20.0, 0.0, 0.0, 8.0, 4.0, 4.0, 4.0, 20.0, 8.0, 8.0, 0.0, 8.0, 4.0, 4.0]",85.0,85.0,23,ffe5xhmq,,,,,0
4,snooaw5j,,0,308,307,post_exp,FinalForProlific,2026-05-12 16:19:08.185093,1,,,5310.0,4,,0.0,cb46e42c-c695-4491-ae41-767eb4004474,4509.5,5.0,8.0,40.0,4549.5,,3800.0,10.0,,,,,0.0,0,,,1,520e90a9-5e9e-4bfa-8244-34e70674e93f,https://london-trader-6b45bffdcd02.herokuapp.com,wss://london-trader-6b45bffdcd02.herokuapp.com,,1,6,ghp,gamified,human_only,0.0,0,15,"[8.0, 4.0, 20.0, 8.0, 8.0, 20.0, 20.0, 4.0, 20.0, 4.0, 20.0, 0.0, 8.0, 8.0, 8.0, 8.0, 8.0, 4.0, 4.0, 20.0, 0.0, 0.0, 8.0, 4.0, 4.0, 4.0, 20.0, 8.0, 8.0, 0.0, 8.0, 4.0, 4.0]",85.0,85.0,23,ffe5xhmq,,,,,0
5,twrkr7hz,,0,308,307,post_exp,FinalForProlific,2026-05-12 16:19:08.193724,1,,,5777.0,5,,0.0,5e6b5ec7-66f5-446f-b458-3b18596521a3,3339.25,17.0,8.0,136.0,3475.25,,2600.0,20.0,,,,,0.0,0,,,1,520e90a9-5e9e-4bfa-8244-34e70674e93f,https://london-trader-6b45bffdcd02.herokuapp.com,wss://london-trader-6b45bffdcd02.herokuapp.com,,1,6,ghp,gamified,human_only,0.0,0,15,"[8.0, 4.0, 20.0, 8.0, 8.0, 20.0, 20.0, 4.0, 20.0, 4.0, 20.0, 0.0, 8.0, 8.0, 8.0, 8.0, 8.0, 4.0, 4.0, 20.0, 0.0, 0.0, 8.0, 4.0, 4.0, 4.0, 20.0, 8.0, 8.0, 0.0, 8.0, 4.0, 4.0]",85.0,85.0,23,ffe5xhmq,,,,,0
6,hk3teh8u,,0,308,307,post_exp,FinalForProlific,2026-05-12 16:19:08.431171,1,,,5073.0,6,,0.0,c9677d60-b255-4563-955c-c09e7b64f2df,4593.5,4.0,8.0,32.0,4625.5,,3800.0,10.0,,,,,0.0,0,,,1,520e90a9-5e9e-4bfa-8244-34e70674e93f,https://london-trader-6b45bffdcd02.herokuapp.com,wss://london-trader-6b45bffdcd02.herokuapp.com,,1,6,ghp,gamified,human_only,0.0,0,15,"[8.0, 4.0, 20.0, 8.0, 8.0, 20.0, 20.0, 4.0, 20.0, 4.0, 20.0, 0.0, 8.0, 8.0, 8.0, 8.0, 8.0, 4.0, 4.0, 20.0, 0.0, 0.0, 8.0, 4.0, 4.0, 4.0, 20.0, 8.0, 8.0, 0.0, 8.0, 4.0, 4.0]",85.0,85.0,23,ffe5xhmq,,,,,0
7,6kvq85km,,0,308,307,post_exp,FinalForProlific,2026-05-12 16:19:08.454950,1,,,5884.0,1,,0.0,1893c9fa-143a-45ae-8599-dfedb6054045,3802.0,15.0,8.0,120.0,3922.0,,2600.0,20.0,,,,,0.0,0,,,2,5273b4e4-2b4f-47fa-834f-bd0d84d237b0,https://london-trader-6b45bffdcd02.herokuapp.com,wss://london-trader-6b45bffdcd02.herokuapp.com,,1,6,ng,non_gamified,human_only,0.0,0,15,"[8.0, 4.0, 20.0, 8.0, 8.0, 20.0, 20.0, 4.0, 20.0, 4.0, 20.0, 0.0, 8.0, 8.0, 8.0, 8.0, 8.0, 4.0, 4.0, 20.0, 0.0, 0.0, 8.0, 4.0, 4.0, 4.0, 20.0, 8.0, 8.0, 0.0, 8.0, 4.0, 4.0]",90.0,90.0,23,ffe5xhmq,,,,,0
8,7dpcven3,,0,308,307,post_exp,FinalForProlific,2026-05-12 16:19:08.479580,1,,,5168.0,2,,0.0,18711e8c-d4a6-4e40-ac02-472f81cda568,3906.5,16.0,8.0,128.0,4034.5,,3800.0,10.0,,,,,0.0,0,,,2,5273b4e4-2b4f-47fa-834f-bd0d84d237b0,https://london-trader-6b45bffdcd02.herokuapp.com,wss://london-trader-6b45bffdcd02.herokuapp.com,,1,6,ng,non_gamified,human_only,0.0,0,15,"[8.0, 4.0, 20.0, 8.0, 8.0, 20.0, 20.0, 4.0, 20.0, 4.0, 20.0, 0.0, 8.0, 8.0, 8.0, 8.0, 8.0, 4.0, 4.0, 20.0, 0.0, 0.0, 8.0, 4.0, 4.0, 4.0, 20.0, 8.0, 8.0, 0.0, 8.0, 4.0, 4.0]",90.0,90.0,23,ffe5xhmq,,,,,0
9,2mz5up3e,,0,308,307,post_exp,FinalForProlific,2026-05-12 16:19:08.496584,1,,,5955.0,3,,0.0,ede5b087-a2ea-49eb-9494-a67b961bfc79,4431.25,7.0,8.0,56.0,4487.25,,2600.0,20.0,,,,,0.0,0,,,2,5273b4e4-2b4f-47fa-834f-bd0d84d237b0,https://london-trader-6b45bffdcd02.herokuapp.com,wss://london-trader-6b45bffdcd02.herokuapp.com,,1,6,ng,non_gamified,human_only,0.0,0,15,"[8.0, 4.0, 20.0, 8.0, 8.0, 20.0, 20.0, 4.0, 20.0, 4.0, 20.0, 0.0, 8.0, 8.0, 8.0, 8.0, 8.0, 4.0, 4.0, 20.0, 0.0, 0.0, 8.0, 4.0, 4.0, 4.0, 20.0, 8.0, 8.0, 0.0, 8.0, 4.0, 4.0]",90.0,90.0,23,ffe5xhmq,,,,,0
10,keffe6of,,0,308,307,post_exp,FinalForProlific,2026-05-12 16:19:08.505946,1,,,4719.0,4,,0.0,d00142cb-036c-42b2-986f-4d8449293679,4294.0,12.0,8.0,96.0,4390.0,,3800.0,10.0,,,,,0.0,0,,,2,5273b4e4-2b4f-47fa-834f-bd0d84d237b0,https://london-trader-6b45bffdcd02.herokuapp.com,wss://london-trader-6b45bffdcd02.herokuapp.com,,1,6,ng,non_gamified,human_only,0.0,0,15,"[8.0, 4.0, 20.0, 8.0, 8.0, 20.0, 20.0, 4.0, 20.0, 4.0, 20.0, 0.0, 8.0, 8.0, 8.0, 8.0, 8.0, 4.0, 4.0, 20.0, 0.0, 0.0, 8.0, 4.0, 4.0, 4.0, 20.0, 8.0, 8.0, 0.0, 8.0, 4.0, 4.0]",90.0,90.0,23,ffe5xhmq,,,,,0
11,quvmw080,,0,308,307,post_exp,FinalForProlific,2026-05-12 16:19:08.538071,1,,,5573.0,5,,0.0,4c5c436f-ca6c-40f1-9cb5-b8bc15205ad4,1657.25,38.0,8.0,304.0,1961.25,,2600.0,20.0,,,,,0.0,0,,,2,5273b4e4-2b4f-47fa-834f-bd0d84d237b0,https://london-trader-6b45bffdcd02.herokuapp.com,wss://london-trader-6b45bffdcd02.herokuapp.com,,1,6,ng,non_gamified,human_only,0.0,0,15,"[8.0, 4.0, 20.0, 8.0, 8.0, 20.0, 20.0, 4.0, 20.0, 4.0, 20.0, 0.0, 8.0, 8.0, 8.0, 8.0, 8.0, 4.0, 4.0, 20.0, 0.0, 0.0, 8.0, 4.0, 4.0, 4.0, 20.0, 8.0, 8.0, 0.0, 8.0, 4.0, 4.0]",90.0,90.0,23,ffe5xhmq,,,,,0
12,zmzx9bpp,,0,308,307,post_exp,FinalForProlific,2026-05-12 16:19:08.548095,1,,,5011.0,6,,0.0,bc7d5ce5-ff5f-43da-8411-1cc4780872be,3549.0,15.0,8.0,120.0,3669.0,,3800.0,10.0,,,,,0.0,0,,,2,5273b4e4-2b4f-47fa-834f-bd0d84d237b0,https://london-trader-6b45bffdcd02.herokuapp.com,wss://london-trader-6b45bffdcd02.herokuapp.com,,1,6,ng,non_gamified,human_only,0.0,0,15,"[8.0, 4.0, 20.0, 8.0, 8.0, 20.0, 20.0, 4.0, 20.0, 4.0, 20.0, 0.0, 8.0, 8.0, 8.0, 8.0, 8.0, 4.0, 4.0, 20.0, 0.0, 0.0, 8.0, 4.0, 4.0, 4.0, 20.0, 8.0, 8.0, 0.0, 8.0, 4.0, 4.0]",90.0,90.0,23,ffe5xhmq,,,,,0
13,er9d8a5v,,0,308,307,post_exp,FinalForProlific,2026-05-12 16:19:08.558728,1,,,6590.0,1,,0.0,cda8f129-61a6-4153-bf08-1c1a945507c7,3244.7000000000003,20.0,8.0,160.0,3404.7000000000003,,2600.0,20.0,,,,,0.0,0,,,3,06f4d9ab-2d66-4d8f-845c-680ac99ec639,https://london-trader-6b45bffdcd02.herokuapp.com,wss://london-trader-6b45bffdcd02.herokuapp.com,,1,2,ghp,gamified,human_only,0.0,1,15,"[8.0, 4.0, 20.0, 8.0, 8.0, 20.0, 20.0, 4.0, 20.0, 4.0, 20.0, 0.0, 8.0, 8.0, 8.0, 8.0, 8.0, 4.0, 4.0, 20.0, 0.0, 0.0, 8.0, 4.0, 4.0, 4.0, 20.0, 8.0, 8.0, 0.0, 8.0, 4.0, 4.0]",116.0,116.0,23,ffe5xhmq,,,,,0
14,r2eorolq,,0,308,307,post_exp,FinalForProlific,2026-05-12 16:19:08.574796,1,,,4974.0,2,,0.0,b5eb1e0a-5002-4683-a96b-77986bde95ab,4088.6000000000004,11.0,8.0,88.0,4176.6,,3800.0,10.0,,,,,0.0,0,,,3,06f4d9ab-2d66-4d8f-845c-680ac99ec639,https://london-trader-6b45bffdcd02.herokuapp.com,wss://london-trader-6b45bffdcd02.herokuapp.com,,1,2,ghp,gamified,human_only,0.0,1,15,"[8.0, 4.0, 20.0, 8.0, 8.0, 20.0, 20.0, 4.0, 20.0, 4.0, 20.0, 0.0, 8.0, 8.0, 8.0, 8.0, 8.0, 4.0, 4.0, 20.0, 0.0, 0.0, 8.0, 4.0, 4.0, 4.0, 20.0, 8.0, 8.0, 0.0, 8.0, 4.0, 4.0]",116.0,116.0,23,ffe5xhmq,,,,,0
1,viseix7p,,0,308,307,post_exp,FinalForProlific,2026-05-12 16:19:08.162574,1,,,4068.0,1,,0.0,a7efec93-ac3e-45ce-84ac-eb2844742dd5,2705.0,28.0,4.0,112.0,2817.0,,2600.0,20.0,69.0,5,"{""forecast_price_next_day"":69,""forecast_confidence_next_day"":5}",72.0,20.0,1,,,1,520e90a9-5e9e-4bfa-8244-34e70674e93f,https://london-trader-6b45bffdcd02.herokuapp.com,wss://london-trader-6b45bffdcd02.herokuapp.com,,1,6,ghp,gamified,human_only,0.0,0,15,"[8.0, 4.0, 20.0, 8.0, 8.0, 20.0, 20.0, 4.0, 20.0, 4.0, 20.0, 0.0, 8.0, 8.0, 8.0, 8.0, 8.0, 4.0, 4.0, 20.0, 0.0, 0.0, 8.0, 4.0, 4.0, 4.0, 20.0, 8.0, 8.0, 0.0, 8.0, 4.0, 4.0]",78.5,78.5,24,ffe5xhmq,,,,,0
2,qhz5zte3,,0,308,307,post_exp,FinalForProlific,2026-05-12 16:19:08.174764,1,,,5491.0,2,,0.0,6b8a7a0e-6534-4c7f-ba8e-d90a38b5b936,3677.75,16.0,4.0,64.0,3741.75,,3800.0,10.0,59.0,4,"{""forecast_price_next_day"":59,""forecast_confidence_next_day"":4}",72.0,0.0,1,,,1,520e90a9-5e9e-4bfa-8244-34e70674e93f,https://london-trader-6b45bffdcd02.herokuapp.com,wss://london-trader-6b45bffdcd02.herokuapp.com,,1,6,ghp,gamified,human_only,0.0,0,15,"[8.0, 4.0, 20.0, 8.0, 8.0, 20.0, 20.0, 4.0, 20.0, 4.0, 20.0, 0.0, 8.0, 8.0, 8.0, 8.0, 8.0, 4.0, 4.0, 20.0, 0.0, 0.0, 8.0, 4.0, 4.0, 4.0, 20.0, 8.0, 8.0, 0.0, 8.0, 4.0, 4.0]",78.5,78.5,24,ffe5xhmq,,,,,0
3,kmcc2p31,,0,308,307,post_exp,FinalForProlific,2026-05-12 16:19:08.179802,1,,,6177.0,3,,0.0,1a600171-9cfa-44bf-a3d4-b7322acefe1a,3111.0,24.0,4.0,96.0,3207.0,,2600.0,20.0,72.0,4,"{""forecast_price_next_day"":72,""forecast_confidence_next_day"":4}",72.0,20.0,1,,,1,520e90a9-5e9e-4bfa-8244-34e70674e93f,https://london-trader-6b45bffdcd02.herokuapp.com,wss://london-trader-6b45bffdcd02.herokuapp.com,,1,6,ghp,gamified,human_only,0.0,0,15,"[8.0, 4.0, 20.0, 8.0, 8.0, 20.0, 20.0, 4.0, 20.0, 4.0, 20.0, 0.0, 8.0, 8.0, 8.0, 8.0, 8.0, 4.0, 4.0, 20.0, 0.0, 0.0, 8.0, 4.0, 4.0, 4.0, 20.0, 8.0, 8.0, 0.0, 8.0, 4.0, 4.0]",78.5,78.5,24,ffe5xhmq,,,,,0
4,snooaw5j,,0,308,307,post_exp,FinalForProlific,2026-05-12 16:19:08.185093,1,,,5310.0,4,,0.0,cb46e42c-c695-4491-ae41-767eb4004474,4549.5,5.0,4.0,20.0,4569.5,,3800.0,10.0,80.0,4,"{""forecast_price_next_day"":80,""forecast_confidence_next_day"":4}",72.0,0.0,1,,,1,520e90a9-5e9e-4bfa-8244-34e70674e93f,https://london-trader-6b45bffdcd02.herokuapp.com,wss://london-trader-6b45bffdcd02.herokuapp.com,,1,6,ghp,gamified,human_only,0.0,0,15,"[8.0, 4.0, 20.0, 8.0, 8.0, 20.0, 20.0, 4.0, 20.0, 4.0, 20.0, 0.0, 8.0, 8.0, 8.0, 8.0, 8.0, 4.0, 4.0, 20.0, 0.0, 0.0, 8.0, 4.0, 4.0, 4.0, 20.0, 8.0, 8.0, 0.0, 8.0, 4.0, 4.0]",78.5,78.5,24,ffe5xhmq,,,,,0
5,twrkr7hz,,0,308,307,post_exp,FinalForProlific,2026-05-12 16:19:08.193724,1,,,5777.0,5,,0.0,5e6b5ec7-66f5-446f-b458-3b18596521a3,3480.25,17.0,4.0,68.0,3548.25,,2600.0,20.0,0.0,0,,72.0,0.0,1,,,1,520e90a9-5e9e-4bfa-8244-34e70674e93f,https://london-trader-6b45bffdcd02.herokuapp.com,wss://london-trader-6b45bffdcd02.herokuapp.com,,1,6,ghp,gamified,human_only,0.0,0,15,"[8.0, 4.0, 20.0, 8.0, 8.0, 20.0, 20.0, 4.0, 20.0, 4.0, 20.0, 0.0, 8.0, 8.0, 8.0, 8.0, 8.0, 4.0, 4.0, 20.0, 0.0, 0.0, 8.0, 4.0, 4.0, 4.0, 20.0, 8.0, 8.0, 0.0, 8.0, 4.0, 4.0]",78.5,78.5,24,ffe5xhmq,,,,,0
6,hk3teh8u,,0,308,307,post_exp,FinalForProlific,2026-05-12 16:19:08.431171,1,,,5073.0,6,,0.0,c9677d60-b255-4563-955c-c09e7b64f2df,4704.5,3.0,4.0,12.0,4716.5,,3800.0,10.0,70.0,4,"{""forecast_price_next_day"":70,""forecast_confidence_next_day"":4}",72.0,20.0,1,,,1,520e90a9-5e9e-4bfa-8244-34e70674e93f,https://london-trader-6b45bffdcd02.herokuapp.com,wss://london-trader-6b45bffdcd02.herokuapp.com,,1,6,ghp,gamified,human_only,0.0,0,15,"[8.0, 4.0, 20.0, 8.0, 8.0, 20.0, 20.0, 4.0, 20.0, 4.0, 20.0, 0.0, 8.0, 8.0, 8.0, 8.0, 8.0, 4.0, 4.0, 20.0, 0.0, 0.0, 8.0, 4.0, 4.0, 4.0, 20.0, 8.0, 8.0, 0.0, 8.0, 4.0, 4.0]",78.5,78.5,24,ffe5xhmq,,,,,0
7,6kvq85km,,0,308,307,post_exp,FinalForProlific,2026-05-12 16:19:08.454950,1,,,5884.0,1,,0.0,1893c9fa-143a-45ae-8599-dfedb6054045,3922.0,14.0,4.0,56.0,3978.0,,2600.0,20.0,71.0,3,"{""forecast_price_next_day"":71,""forecast_confidence_next_day"":3}",69.5,20.0,1,,,2,5273b4e4-2b4f-47fa-834f-bd0d84d237b0,https://london-trader-6b45bffdcd02.herokuapp.com,wss://london-trader-6b45bffdcd02.herokuapp.com,,1,6,ng,non_gamified,human_only,0.0,0,15,"[8.0, 4.0, 20.0, 8.0, 8.0, 20.0, 20.0, 4.0, 20.0, 4.0, 20.0, 0.0, 8.0, 8.0, 8.0, 8.0, 8.0, 4.0, 4.0, 20.0, 0.0, 0.0, 8.0, 4.0, 4.0, 4.0, 20.0, 8.0, 8.0, 0.0, 8.0, 4.0, 4.0]",90.0,90.0,24,ffe5xhmq,,,,,0
8,7dpcven3,,0,308,307,post_exp,FinalForProlific,2026-05-12 16:19:08.479580,1,,,5168.0,2,,0.0,18711e8c-d4a6-4e40-ac02-472f81cda568,4034.5,13.0,4.0,52.0,4086.5,,3800.0,10.0,99.0,3,"{""forecast_price_next_day"":99,""forecast_confidence_next_day"":3}",69.5,0.0,1,,,2,5273b4e4-2b4f-47fa-834f-bd0d84d237b0,https://london-trader-6b45bffdcd02.herokuapp.com,wss://london-trader-6b45bffdcd02.herokuapp.com,,1,6,ng,non_gamified,human_only,0.0,0,15,"[8.0, 4.0, 20.0, 8.0, 8.0, 20.0, 20.0, 4.0, 20.0, 4.0, 20.0, 0.0, 8.0, 8.0, 8.0, 8.0, 8.0, 4.0, 4.0, 20.0, 0.0, 0.0, 8.0, 4.0, 4.0, 4.0, 20.0, 8.0, 8.0, 0.0, 8.0, 4.0, 4.0]",90.0,90.0,24,ffe5xhmq,,,,,0
9,2mz5up3e,,0,308,307,post_exp,FinalForProlific,2026-05-12 16:19:08.496584,1,,,5955.0,3,,0.0,ede5b087-a2ea-49eb-9494-a67b961bfc79,4487.25,7.0,4.0,28.0,4515.25,,2600.0,20.0,70.0,4,"{""forecast_confidence_next_day"":4,""forecast_price_next_day"":70}",69.5,20.0,1,,,2,5273b4e4-2b4f-47fa-834f-bd0d84d237b0,https://london-trader-6b45bffdcd02.herokuapp.com,wss://london-trader-6b45bffdcd02.herokuapp.com,,1,6,ng,non_gamified,human_only,0.0,0,15,"[8.0, 4.0, 20.0, 8.0, 8.0, 20.0, 20.0, 4.0, 20.0, 4.0, 20.0, 0.0, 8.0, 8.0, 8.0, 8.0, 8.0, 4.0, 4.0, 20.0, 0.0, 0.0, 8.0, 4.0, 4.0, 4.0, 20.0, 8.0, 8.0, 0.0, 8.0, 4.0, 4.0]",90.0,90.0,24,ffe5xhmq,,,,,0
10,keffe6of,,0,308,307,post_exp,FinalForProlific,2026-05-12 16:19:08.505946,1,,,4719.0,4,,0.0,d00142cb-036c-42b2-986f-4d8449293679,4390.0,10.0,4.0,40.0,4430.0,,3800.0,10.0,2.0,1,"{""forecast_price_next_day"":2,""forecast_confidence_next_day"":1}",69.5,0.0,1,,,2,5273b4e4-2b4f-47fa-834f-bd0d84d237b0,https://london-trader-6b45bffdcd02.herokuapp.com,wss://london-trader-6b45bffdcd02.herokuapp.com,,1,6,ng,non_gamified,human_only,0.0,0,15,"[8.0, 4.0, 20.0, 8.0, 8.0, 20.0, 20.0, 4.0, 20.0, 4.0, 20.0, 0.0, 8.0, 8.0, 8.0, 8.0, 8.0, 4.0, 4.0, 20.0, 0.0, 0.0, 8.0, 4.0, 4.0, 4.0, 20.0, 8.0, 8.0, 0.0, 8.0, 4.0, 4.0]",90.0,90.0,24,ffe5xhmq,,,,,0
11,quvmw080,,0,308,307,post_exp,FinalForProlific,2026-05-12 16:19:08.538071,1,,,5573.0,5,,0.0,4c5c436f-ca6c-40f1-9cb5-b8bc15205ad4,1961.25,34.0,4.0,136.0,2097.25,,2600.0,20.0,0.0,0,,69.5,0.0,1,,,2,5273b4e4-2b4f-47fa-834f-bd0d84d237b0,https://london-trader-6b45bffdcd02.herokuapp.com,wss://london-trader-6b45bffdcd02.herokuapp.com,,1,6,ng,non_gamified,human_only,0.0,0,15,"[8.0, 4.0, 20.0, 8.0, 8.0, 20.0, 20.0, 4.0, 20.0, 4.0, 20.0, 0.0, 8.0, 8.0, 8.0, 8.0, 8.0, 4.0, 4.0, 20.0, 0.0, 0.0, 8.0, 4.0, 4.0, 4.0, 20.0, 8.0, 8.0, 0.0, 8.0, 4.0, 4.0]",90.0,90.0,24,ffe5xhmq,,,,,0
12,zmzx9bpp,,0,308,307,post_exp,FinalForProlific,2026-05-12 16:19:08.548095,1,,,5011.0,6,,0.0,bc7d5ce5-ff5f-43da-8411-1cc4780872be,3669.0,15.0,4.0,60.0,3729.0,,3800.0,10.0,65.0,4,"{""forecast_price_next_day"":65,""forecast_confidence_next_day"":4}",69.5,0.0,1,,,2,5273b4e4-2b4f-47fa-834f-bd0d84d237b0,https://london-trader-6b45bffdcd02.herokuapp.com,wss://london-trader-6b45bffdcd02.herokuapp.com,,1,6,ng,non_gamified,human_only,0.0,0,15,"[8.0, 4.0, 20.0, 8.0, 8.0, 20.0, 20.0, 4.0, 20.0, 4.0, 20.0, 0.0, 8.0, 8.0, 8.0, 8.0, 8.0, 4.0, 4.0, 20.0, 0.0, 0.0, 8.0, 4.0, 4.0, 4.0, 20.0, 8.0, 8.0, 0.0, 8.0, 4.0, 4.0]",90.0,90.0,24,ffe5xhmq,,,,,0
13,er9d8a5v,,0,308,307,post_exp,FinalForProlific,2026-05-12 16:19:08.558728,1,,,6590.0,1,,0.0,cda8f129-61a6-4153-bf08-1c1a945507c7,3288.7000000000003,22.0,4.0,88.0,3376.7000000000003,,2600.0,20.0,116.0,2,"{""forecast_price_next_day"":116,""forecast_confidence_next_day"":2}",116.1,20.0,1,,,3,06f4d9ab-2d66-4d8f-845c-680ac99ec639,https://london-trader-6b45bffdcd02.herokuapp.com,wss://london-trader-6b45bffdcd02.herokuapp.com,,1,2,ghp,gamified,human_only,0.0,1,15,"[8.0, 4.0, 20.0, 8.0, 8.0, 20.0, 20.0, 4.0, 20.0, 4.0, 20.0, 0.0, 8.0, 8.0, 8.0, 8.0, 8.0, 4.0, 4.0, 20.0, 0.0, 0.0, 8.0, 4.0, 4.0, 4.0, 20.0, 8.0, 8.0, 0.0, 8.0, 4.0, 4.0]",116.0,116.0,24,ffe5xhmq,,,,,0
14,r2eorolq,,0,308,307,post_exp,FinalForProlific,2026-05-12 16:19:08.574796,1,,,4974.0,2,,0.0,b5eb1e0a-5002-4683-a96b-77986bde95ab,4293.5,10.0,4.0,40.0,4333.5,,3800.0,10.0,116.0,1,"{""forecast_price_next_day"":116,""forecast_confidence_next_day"":1}",116.1,20.0,1,,,3,06f4d9ab-2d66-4d8f-845c-680ac99ec639,https://london-trader-6b45bffdcd02.herokuapp.com,wss://london-trader-6b45bffdcd02.herokuapp.com,,1,2,ghp,gamified,human_only,0.0,1,15,"[8.0, 4.0, 20.0, 8.0, 8.0, 20.0, 20.0, 4.0, 20.0, 4.0, 20.0, 0.0, 8.0, 8.0, 8.0, 8.0, 8.0, 4.0, 4.0, 20.0, 0.0, 0.0, 8.0, 4.0, 4.0, 4.0, 20.0, 8.0, 8.0, 0.0, 8.0, 4.0, 4.0]",116.0,116.0,24,ffe5xhmq,,,,,0
1,viseix7p,,0,308,307,post_exp,FinalForProlific,2026-05-12 16:19:08.162574,1,,,4068.0,1,,0.0,a7efec93-ac3e-45ce-84ac-eb2844742dd5,2590.0,30.0,4.0,120.0,2710.0,,2600.0,20.0,,,,,0.0,0,,,1,520e90a9-5e9e-4bfa-8244-34e70674e93f,https://london-trader-6b45bffdcd02.herokuapp.com,wss://london-trader-6b45bffdcd02.herokuapp.com,,1,6,ghp,gamified,human_only,0.0,0,15,"[8.0, 4.0, 20.0, 8.0, 8.0, 20.0, 20.0, 4.0, 20.0, 4.0, 20.0, 0.0, 8.0, 8.0, 8.0, 8.0, 8.0, 4.0, 4.0, 20.0, 0.0, 0.0, 8.0, 4.0, 4.0, 4.0, 20.0, 8.0, 8.0, 0.0, 8.0, 4.0, 4.0]",72.0,72.0,25,ffe5xhmq,,,,,0
2,qhz5zte3,,0,308,307,post_exp,FinalForProlific,2026-05-12 16:19:08.174764,1,,,5491.0,2,,0.0,6b8a7a0e-6534-4c7f-ba8e-d90a38b5b936,3588.75,19.0,4.0,76.0,3664.75,,3800.0,10.0,,,,,0.0,0,,,1,520e90a9-5e9e-4bfa-8244-34e70674e93f,https://london-trader-6b45bffdcd02.herokuapp.com,wss://london-trader-6b45bffdcd02.herokuapp.com,,1,6,ghp,gamified,human_only,0.0,0,15,"[8.0, 4.0, 20.0, 8.0, 8.0, 20.0, 20.0, 4.0, 20.0, 4.0, 20.0, 0.0, 8.0, 8.0, 8.0, 8.0, 8.0, 4.0, 4.0, 20.0, 0.0, 0.0, 8.0, 4.0, 4.0, 4.0, 20.0, 8.0, 8.0, 0.0, 8.0, 4.0, 4.0]",72.0,72.0,25,ffe5xhmq,,,,,0
3,kmcc2p31,,0,308,307,post_exp,FinalForProlific,2026-05-12 16:19:08.179802,1,,,6177.0,3,,0.0,1a600171-9cfa-44bf-a3d4-b7322acefe1a,3368.0,21.0,4.0,84.0,3452.0,,2600.0,20.0,,,,,0.0,0,,,1,520e90a9-5e9e-4bfa-8244-34e70674e93f,https://london-trader-6b45bffdcd02.herokuapp.com,wss://london-trader-6b45bffdcd02.herokuapp.com,,1,6,ghp,gamified,human_only,0.0,0,15,"[8.0, 4.0, 20.0, 8.0, 8.0, 20.0, 20.0, 4.0, 20.0, 4.0, 20.0, 0.0, 8.0, 8.0, 8.0, 8.0, 8.0, 4.0, 4.0, 20.0, 0.0, 0.0, 8.0, 4.0, 4.0, 4.0, 20.0, 8.0, 8.0, 0.0, 8.0, 4.0, 4.0]",72.0,72.0,25,ffe5xhmq,,,,,0
4,snooaw5j,,0,308,307,post_exp,FinalForProlific,2026-05-12 16:19:08.185093,1,,,5310.0,4,,0.0,cb46e42c-c695-4491-ae41-767eb4004474,4569.5,6.0,4.0,24.0,4593.5,,3800.0,10.0,,,,,0.0,0,,,1,520e90a9-5e9e-4bfa-8244-34e70674e93f,https://london-trader-6b45bffdcd02.herokuapp.com,wss://london-trader-6b45bffdcd02.herokuapp.com,,1,6,ghp,gamified,human_only,0.0,0,15,"[8.0, 4.0, 20.0, 8.0, 8.0, 20.0, 20.0, 4.0, 20.0, 4.0, 20.0, 0.0, 8.0, 8.0, 8.0, 8.0, 8.0, 4.0, 4.0, 20.0, 0.0, 0.0, 8.0, 4.0, 4.0, 4.0, 20.0, 8.0, 8.0, 0.0, 8.0, 4.0, 4.0]",72.0,72.0,25,ffe5xhmq,,,,,0
5,twrkr7hz,,0,308,307,post_exp,FinalForProlific,2026-05-12 16:19:08.193724,1,,,5777.0,5,,0.0,5e6b5ec7-66f5-446f-b458-3b18596521a3,3695.25,15.0,4.0,60.0,3755.25,,2600.0,20.0,,,,,0.0,0,,,1,520e90a9-5e9e-4bfa-8244-34e70674e93f,https://london-trader-6b45bffdcd02.herokuapp.com,wss://london-trader-6b45bffdcd02.herokuapp.com,,1,6,ghp,gamified,human_only,0.0,0,15,"[8.0, 4.0, 20.0, 8.0, 8.0, 20.0, 20.0, 4.0, 20.0, 4.0, 20.0, 0.0, 8.0, 8.0, 8.0, 8.0, 8.0, 4.0, 4.0, 20.0, 0.0, 0.0, 8.0, 4.0, 4.0, 4.0, 20.0, 8.0, 8.0, 0.0, 8.0, 4.0, 4.0]",72.0,72.0,25,ffe5xhmq,,,,,0
6,hk3teh8u,,0,308,307,post_exp,FinalForProlific,2026-05-12 16:19:08.431171,1,,,5073.0,6,,0.0,c9677d60-b255-4563-955c-c09e7b64f2df,4788.5,2.0,4.0,8.0,4796.5,,3800.0,10.0,,,,,0.0,0,,,1,520e90a9-5e9e-4bfa-8244-34e70674e93f,https://london-trader-6b45bffdcd02.herokuapp.com,wss://london-trader-6b45bffdcd02.herokuapp.com,,1,6,ghp,gamified,human_only,0.0,0,15,"[8.0, 4.0, 20.0, 8.0, 8.0, 20.0, 20.0, 4.0, 20.0, 4.0, 20.0, 0.0, 8.0, 8.0, 8.0, 8.0, 8.0, 4.0, 4.0, 20.0, 0.0, 0.0, 8.0, 4.0, 4.0, 4.0, 20.0, 8.0, 8.0, 0.0, 8.0, 4.0, 4.0]",72.0,72.0,25,ffe5xhmq,,,,,0
7,6kvq85km,,0,308,307,post_exp,FinalForProlific,2026-05-12 16:19:08.454950,1,,,5884.0,1,,0.0,1893c9fa-143a-45ae-8599-dfedb6054045,3908.5,15.0,4.0,60.0,3968.5,,2600.0,20.0,,,,,0.0,0,,,2,5273b4e4-2b4f-47fa-834f-bd0d84d237b0,https://london-trader-6b45bffdcd02.herokuapp.com,wss://london-trader-6b45bffdcd02.herokuapp.com,,1,6,ng,non_gamified,human_only,0.0,0,15,"[8.0, 4.0, 20.0, 8.0, 8.0, 20.0, 20.0, 4.0, 20.0, 4.0, 20.0, 0.0, 8.0, 8.0, 8.0, 8.0, 8.0, 4.0, 4.0, 20.0, 0.0, 0.0, 8.0, 4.0, 4.0, 4.0, 20.0, 8.0, 8.0, 0.0, 8.0, 4.0, 4.0]",69.5,69.5,25,ffe5xhmq,,,,,0
8,7dpcven3,,0,308,307,post_exp,FinalForProlific,2026-05-12 16:19:08.479580,1,,,5168.0,2,,0.0,18711e8c-d4a6-4e40-ac02-472f81cda568,4086.5,18.0,4.0,72.0,4158.5,,3800.0,10.0,,,,,0.0,0,,,2,5273b4e4-2b4f-47fa-834f-bd0d84d237b0,https://london-trader-6b45bffdcd02.herokuapp.com,wss://london-trader-6b45bffdcd02.herokuapp.com,,1,6,ng,non_gamified,human_only,0.0,0,15,"[8.0, 4.0, 20.0, 8.0, 8.0, 20.0, 20.0, 4.0, 20.0, 4.0, 20.0, 0.0, 8.0, 8.0, 8.0, 8.0, 8.0, 4.0, 4.0, 20.0, 0.0, 0.0, 8.0, 4.0, 4.0, 4.0, 20.0, 8.0, 8.0, 0.0, 8.0, 4.0, 4.0]",69.5,69.5,25,ffe5xhmq,,,,,0
9,2mz5up3e,,0,308,307,post_exp,FinalForProlific,2026-05-12 16:19:08.496584,1,,,5955.0,3,,0.0,ede5b087-a2ea-49eb-9494-a67b961bfc79,4654.75,5.0,4.0,20.0,4674.75,,2600.0,20.0,,,,,0.0,0,,,2,5273b4e4-2b4f-47fa-834f-bd0d84d237b0,https://london-trader-6b45bffdcd02.herokuapp.com,wss://london-trader-6b45bffdcd02.herokuapp.com,,1,6,ng,non_gamified,human_only,0.0,0,15,"[8.0, 4.0, 20.0, 8.0, 8.0, 20.0, 20.0, 4.0, 20.0, 4.0, 20.0, 0.0, 8.0, 8.0, 8.0, 8.0, 8.0, 4.0, 4.0, 20.0, 0.0, 0.0, 8.0, 4.0, 4.0, 4.0, 20.0, 8.0, 8.0, 0.0, 8.0, 4.0, 4.0]",69.5,69.5,25,ffe5xhmq,,,,,0
10,keffe6of,,0,308,307,post_exp,FinalForProlific,2026-05-12 16:19:08.505946,1,,,4719.0,4,,0.0,d00142cb-036c-42b2-986f-4d8449293679,4430.0,10.0,4.0,40.0,4470.0,,3800.0,10.0,,,,,0.0,0,,,2,5273b4e4-2b4f-47fa-834f-bd0d84d237b0,https://london-trader-6b45bffdcd02.herokuapp.com,wss://london-trader-6b45bffdcd02.herokuapp.com,,1,6,ng,non_gamified,human_only,0.0,0,15,"[8.0, 4.0, 20.0, 8.0, 8.0, 20.0, 20.0, 4.0, 20.0, 4.0, 20.0, 0.0, 8.0, 8.0, 8.0, 8.0, 8.0, 4.0, 4.0, 20.0, 0.0, 0.0, 8.0, 4.0, 4.0, 4.0, 20.0, 8.0, 8.0, 0.0, 8.0, 4.0, 4.0]",69.5,69.5,25,ffe5xhmq,,,,,0
11,quvmw080,,0,308,307,post_exp,FinalForProlific,2026-05-12 16:19:08.538071,1,,,5573.0,5,,0.0,4c5c436f-ca6c-40f1-9cb5-b8bc15205ad4,2027.25,35.0,4.0,140.0,2167.25,,2600.0,20.0,,,,,0.0,0,,,2,5273b4e4-2b4f-47fa-834f-bd0d84d237b0,https://london-trader-6b45bffdcd02.herokuapp.com,wss://london-trader-6b45bffdcd02.herokuapp.com,,1,6,ng,non_gamified,human_only,0.0,0,15,"[8.0, 4.0, 20.0, 8.0, 8.0, 20.0, 20.0, 4.0, 20.0, 4.0, 20.0, 0.0, 8.0, 8.0, 8.0, 8.0, 8.0, 4.0, 4.0, 20.0, 0.0, 0.0, 8.0, 4.0, 4.0, 4.0, 20.0, 8.0, 8.0, 0.0, 8.0, 4.0, 4.0]",69.5,69.5,25,ffe5xhmq,,,,,0
12,zmzx9bpp,,0,308,307,post_exp,FinalForProlific,2026-05-12 16:19:08.548095,1,,,5011.0,6,,0.0,bc7d5ce5-ff5f-43da-8411-1cc4780872be,3729.0,15.0,4.0,60.0,3789.0,,3800.0,10.0,,,,,0.0,0,,,2,5273b4e4-2b4f-47fa-834f-bd0d84d237b0,https://london-trader-6b45bffdcd02.herokuapp.com,wss://london-trader-6b45bffdcd02.herokuapp.com,,1,6,ng,non_gamified,human_only,0.0,0,15,"[8.0, 4.0, 20.0, 8.0, 8.0, 20.0, 20.0, 4.0, 20.0, 4.0, 20.0, 0.0, 8.0, 8.0, 8.0, 8.0, 8.0, 4.0, 4.0, 20.0, 0.0, 0.0, 8.0, 4.0, 4.0, 4.0, 20.0, 8.0, 8.0, 0.0, 8.0, 4.0, 4.0]",69.5,69.5,25,ffe5xhmq,,,,,0
13,er9d8a5v,,0,308,307,post_exp,FinalForProlific,2026-05-12 16:19:08.558728,1,,,6590.0,1,,0.0,cda8f129-61a6-4153-bf08-1c1a945507c7,3260.6000000000004,21.0,4.0,84.0,3344.6000000000004,,2600.0,20.0,,,,,0.0,0,,,3,06f4d9ab-2d66-4d8f-845c-680ac99ec639,https://london-trader-6b45bffdcd02.herokuapp.com,wss://london-trader-6b45bffdcd02.herokuapp.com,,1,2,ghp,gamified,human_only,0.0,1,15,"[8.0, 4.0, 20.0, 8.0, 8.0, 20.0, 20.0, 4.0, 20.0, 4.0, 20.0, 0.0, 8.0, 8.0, 8.0, 8.0, 8.0, 4.0, 4.0, 20.0, 0.0, 0.0, 8.0, 4.0, 4.0, 4.0, 20.0, 8.0, 8.0, 0.0, 8.0, 4.0, 4.0]",116.1,116.1,25,ffe5xhmq,,,,,0
14,r2eorolq,,0,308,307,post_exp,FinalForProlific,2026-05-12 16:19:08.574796,1,,,4974.0,2,,0.0,b5eb1e0a-5002-4683-a96b-77986bde95ab,4333.5,9.0,4.0,36.0,4369.5,,3800.0,10.0,,,,,0.0,0,,,3,06f4d9ab-2d66-4d8f-845c-680ac99ec639,https://london-trader-6b45bffdcd02.herokuapp.com,wss://london-trader-6b45bffdcd02.herokuapp.com,,1,2,ghp,gamified,human_only,0.0,1,15,"[8.0, 4.0, 20.0, 8.0, 8.0, 20.0, 20.0, 4.0, 20.0, 4.0, 20.0, 0.0, 8.0, 8.0, 8.0, 8.0, 8.0, 4.0, 4.0, 20.0, 0.0, 0.0, 8.0, 4.0, 4.0, 4.0, 20.0, 8.0, 8.0, 0.0, 8.0, 4.0, 4.0]",116.1,116.1,25,ffe5xhmq,,,,,0
1,viseix7p,,0,308,307,post_exp,FinalForProlific,2026-05-12 16:19:08.162574,1,,,4068.0,1,,0.0,a7efec93-ac3e-45ce-84ac-eb2844742dd5,2147.6,39.0,4.0,156.0,2303.6,,2600.0,20.0,,,,,0.0,0,,,1,520e90a9-5e9e-4bfa-8244-34e70674e93f,https://london-trader-6b45bffdcd02.herokuapp.com,wss://london-trader-6b45bffdcd02.herokuapp.com,,1,6,ghp,gamified,human_only,0.0,0,15,"[8.0, 4.0, 20.0, 8.0, 8.0, 20.0, 20.0, 4.0, 20.0, 4.0, 20.0, 0.0, 8.0, 8.0, 8.0, 8.0, 8.0, 4.0, 4.0, 20.0, 0.0, 0.0, 8.0, 4.0, 4.0, 4.0, 20.0, 8.0, 8.0, 0.0, 8.0, 4.0, 4.0]",68.0,68.0,26,ffe5xhmq,,,,,0
2,qhz5zte3,,0,308,307,post_exp,FinalForProlific,2026-05-12 16:19:08.174764,1,,,5491.0,2,,0.0,6b8a7a0e-6534-4c7f-ba8e-d90a38b5b936,3523.15,21.0,4.0,84.0,3607.15,,3800.0,10.0,,,,,0.0,0,,,1,520e90a9-5e9e-4bfa-8244-34e70674e93f,https://london-trader-6b45bffdcd02.herokuapp.com,wss://london-trader-6b45bffdcd02.herokuapp.com,,1,6,ghp,gamified,human_only,0.0,0,15,"[8.0, 4.0, 20.0, 8.0, 8.0, 20.0, 20.0, 4.0, 20.0, 4.0, 20.0, 0.0, 8.0, 8.0, 8.0, 8.0, 8.0, 4.0, 4.0, 20.0, 0.0, 0.0, 8.0, 4.0, 4.0, 4.0, 20.0, 8.0, 8.0, 0.0, 8.0, 4.0, 4.0]",68.0,68.0,26,ffe5xhmq,,,,,0
3,kmcc2p31,,0,308,307,post_exp,FinalForProlific,2026-05-12 16:19:08.179802,1,,,6177.0,3,,0.0,1a600171-9cfa-44bf-a3d4-b7322acefe1a,3805.7000000000003,19.0,4.0,76.0,3881.7000000000003,,2600.0,20.0,,,,,0.0,0,,,1,520e90a9-5e9e-4bfa-8244-34e70674e93f,https://london-trader-6b45bffdcd02.herokuapp.com,wss://london-trader-6b45bffdcd02.herokuapp.com,,1,6,ghp,gamified,human_only,0.0,0,15,"[8.0, 4.0, 20.0, 8.0, 8.0, 20.0, 20.0, 4.0, 20.0, 4.0, 20.0, 0.0, 8.0, 8.0, 8.0, 8.0, 8.0, 4.0, 4.0, 20.0, 0.0, 0.0, 8.0, 4.0, 4.0, 4.0, 20.0, 8.0, 8.0, 0.0, 8.0, 4.0, 4.0]",68.0,68.0,26,ffe5xhmq,,,,,0
4,snooaw5j,,0,308,307,post_exp,FinalForProlific,2026-05-12 16:19:08.185093,1,,,5310.0,4,,0.0,cb46e42c-c695-4491-ae41-767eb4004474,4593.5,6.0,4.0,24.0,4617.5,,3800.0,10.0,,,,,0.0,0,,,1,520e90a9-5e9e-4bfa-8244-34e70674e93f,https://london-trader-6b45bffdcd02.herokuapp.com,wss://london-trader-6b45bffdcd02.herokuapp.com,,1,6,ghp,gamified,human_only,0.0,0,15,"[8.0, 4.0, 20.0, 8.0, 8.0, 20.0, 20.0, 4.0, 20.0, 4.0, 20.0, 0.0, 8.0, 8.0, 8.0, 8.0, 8.0, 4.0, 4.0, 20.0, 0.0, 0.0, 8.0, 4.0, 4.0, 4.0, 20.0, 8.0, 8.0, 0.0, 8.0, 4.0, 4.0]",68.0,68.0,26,ffe5xhmq,,,,,0
5,twrkr7hz,,0,308,307,post_exp,FinalForProlific,2026-05-12 16:19:08.193724,1,,,5777.0,5,,0.0,5e6b5ec7-66f5-446f-b458-3b18596521a3,3964.95,12.0,4.0,48.0,4012.95,,2600.0,20.0,,,,,0.0,0,,,1,520e90a9-5e9e-4bfa-8244-34e70674e93f,https://london-trader-6b45bffdcd02.herokuapp.com,wss://london-trader-6b45bffdcd02.herokuapp.com,,1,6,ghp,gamified,human_only,0.0,0,15,"[8.0, 4.0, 20.0, 8.0, 8.0, 20.0, 20.0, 4.0, 20.0, 4.0, 20.0, 0.0, 8.0, 8.0, 8.0, 8.0, 8.0, 4.0, 4.0, 20.0, 0.0, 0.0, 8.0, 4.0, 4.0, 4.0, 20.0, 8.0, 8.0, 0.0, 8.0, 4.0, 4.0]",68.0,68.0,26,ffe5xhmq,,,,,0
6,hk3teh8u,,0,308,307,post_exp,FinalForProlific,2026-05-12 16:19:08.431171,1,,,5073.0,6,,0.0,c9677d60-b255-4563-955c-c09e7b64f2df,4937.1,0.0,4.0,0.0,4937.1,,3800.0,10.0,,,,,0.0,0,,,1,520e90a9-5e9e-4bfa-8244-34e70674e93f,https://london-trader-6b45bffdcd02.herokuapp.com,wss://london-trader-6b45bffdcd02.herokuapp.com,,1,6,ghp,gamified,human_only,0.0,0,15,"[8.0, 4.0, 20.0, 8.0, 8.0, 20.0, 20.0, 4.0, 20.0, 4.0, 20.0, 0.0, 8.0, 8.0, 8.0, 8.0, 8.0, 4.0, 4.0, 20.0, 0.0, 0.0, 8.0, 4.0, 4.0, 4.0, 20.0, 8.0, 8.0, 0.0, 8.0, 4.0, 4.0]",68.0,68.0,26,ffe5xhmq,,,,,0
7,6kvq85km,,0,308,307,post_exp,FinalForProlific,2026-05-12 16:19:08.454950,1,,,5884.0,1,,0.0,1893c9fa-143a-45ae-8599-dfedb6054045,3968.5,16.0,4.0,64.0,4032.5,,2600.0,20.0,,,,,0.0,0,,,2,5273b4e4-2b4f-47fa-834f-bd0d84d237b0,https://london-trader-6b45bffdcd02.herokuapp.com,wss://london-trader-6b45bffdcd02.herokuapp.com,,1,6,ng,non_gamified,human_only,0.0,0,15,"[8.0, 4.0, 20.0, 8.0, 8.0, 20.0, 20.0, 4.0, 20.0, 4.0, 20.0, 0.0, 8.0, 8.0, 8.0, 8.0, 8.0, 4.0, 4.0, 20.0, 0.0, 0.0, 8.0, 4.0, 4.0, 4.0, 20.0, 8.0, 8.0, 0.0, 8.0, 4.0, 4.0]",60.0,60.0,26,ffe5xhmq,,,,,0
8,7dpcven3,,0,308,307,post_exp,FinalForProlific,2026-05-12 16:19:08.479580,1,,,5168.0,2,,0.0,18711e8c-d4a6-4e40-ac02-472f81cda568,4158.5,17.0,4.0,68.0,4226.5,,3800.0,10.0,,,,,0.0,0,,,2,5273b4e4-2b4f-47fa-834f-bd0d84d237b0,https://london-trader-6b45bffdcd02.herokuapp.com,wss://london-trader-6b45bffdcd02.herokuapp.com,,1,6,ng,non_gamified,human_only,0.0,0,15,"[8.0, 4.0, 20.0, 8.0, 8.0, 20.0, 20.0, 4.0, 20.0, 4.0, 20.0, 0.0, 8.0, 8.0, 8.0, 8.0, 8.0, 4.0, 4.0, 20.0, 0.0, 0.0, 8.0, 4.0, 4.0, 4.0, 20.0, 8.0, 8.0, 0.0, 8.0, 4.0, 4.0]",60.0,60.0,26,ffe5xhmq,,,,,0
9,2mz5up3e,,0,308,307,post_exp,FinalForProlific,2026-05-12 16:19:08.496584,1,,,5955.0,3,,0.0,ede5b087-a2ea-49eb-9494-a67b961bfc79,4743.75,4.0,4.0,16.0,4759.75,,2600.0,20.0,,,,,0.0,0,,,2,5273b4e4-2b4f-47fa-834f-bd0d84d237b0,https://london-trader-6b45bffdcd02.herokuapp.com,wss://london-trader-6b45bffdcd02.herokuapp.com,,1,6,ng,non_gamified,human_only,0.0,0,15,"[8.0, 4.0, 20.0, 8.0, 8.0, 20.0, 20.0, 4.0, 20.0, 4.0, 20.0, 0.0, 8.0, 8.0, 8.0, 8.0, 8.0, 4.0, 4.0, 20.0, 0.0, 0.0, 8.0, 4.0, 4.0, 4.0, 20.0, 8.0, 8.0, 0.0, 8.0, 4.0, 4.0]",60.0,60.0,26,ffe5xhmq,,,,,0
10,keffe6of,,0,308,307,post_exp,FinalForProlific,2026-05-12 16:19:08.505946,1,,,4719.0,4,,0.0,d00142cb-036c-42b2-986f-4d8449293679,4350.0,10.0,4.0,40.0,4390.0,,3800.0,10.0,,,,,0.0,0,,,2,5273b4e4-2b4f-47fa-834f-bd0d84d237b0,https://london-trader-6b45bffdcd02.herokuapp.com,wss://london-trader-6b45bffdcd02.herokuapp.com,,1,6,ng,non_gamified,human_only,0.0,0,15,"[8.0, 4.0, 20.0, 8.0, 8.0, 20.0, 20.0, 4.0, 20.0, 4.0, 20.0, 0.0, 8.0, 8.0, 8.0, 8.0, 8.0, 4.0, 4.0, 20.0, 0.0, 0.0, 8.0, 4.0, 4.0, 4.0, 20.0, 8.0, 8.0, 0.0, 8.0, 4.0, 4.0]",60.0,60.0,26,ffe5xhmq,,,,,0
11,quvmw080,,0,308,307,post_exp,FinalForProlific,2026-05-12 16:19:08.538071,1,,,5573.0,5,,0.0,4c5c436f-ca6c-40f1-9cb5-b8bc15205ad4,2098.25,38.0,4.0,152.0,2250.25,,2600.0,20.0,,,,,0.0,0,,,2,5273b4e4-2b4f-47fa-834f-bd0d84d237b0,https://london-trader-6b45bffdcd02.herokuapp.com,wss://london-trader-6b45bffdcd02.herokuapp.com,,1,6,ng,non_gamified,human_only,0.0,0,15,"[8.0, 4.0, 20.0, 8.0, 8.0, 20.0, 20.0, 4.0, 20.0, 4.0, 20.0, 0.0, 8.0, 8.0, 8.0, 8.0, 8.0, 4.0, 4.0, 20.0, 0.0, 0.0, 8.0, 4.0, 4.0, 4.0, 20.0, 8.0, 8.0, 0.0, 8.0, 4.0, 4.0]",60.0,60.0,26,ffe5xhmq,,,,,0
12,zmzx9bpp,,0,308,307,post_exp,FinalForProlific,2026-05-12 16:19:08.548095,1,,,5011.0,6,,0.0,bc7d5ce5-ff5f-43da-8411-1cc4780872be,3909.0,14.0,4.0,56.0,3965.0,,3800.0,10.0,,,,,0.0,0,,,2,5273b4e4-2b4f-47fa-834f-bd0d84d237b0,https://london-trader-6b45bffdcd02.herokuapp.com,wss://london-trader-6b45bffdcd02.herokuapp.com,,1,6,ng,non_gamified,human_only,0.0,0,15,"[8.0, 4.0, 20.0, 8.0, 8.0, 20.0, 20.0, 4.0, 20.0, 4.0, 20.0, 0.0, 8.0, 8.0, 8.0, 8.0, 8.0, 4.0, 4.0, 20.0, 0.0, 0.0, 8.0, 4.0, 4.0, 4.0, 20.0, 8.0, 8.0, 0.0, 8.0, 4.0, 4.0]",60.0,60.0,26,ffe5xhmq,,,,,0
13,er9d8a5v,,0,308,307,post_exp,FinalForProlific,2026-05-12 16:19:08.558728,1,,,6590.0,1,,0.0,cda8f129-61a6-4153-bf08-1c1a945507c7,3228.5000000000005,23.0,4.0,92.0,3320.5000000000005,,2600.0,20.0,,,,,0.0,0,,,3,06f4d9ab-2d66-4d8f-845c-680ac99ec639,https://london-trader-6b45bffdcd02.herokuapp.com,wss://london-trader-6b45bffdcd02.herokuapp.com,,1,2,ghp,gamified,human_only,0.0,1,15,"[8.0, 4.0, 20.0, 8.0, 8.0, 20.0, 20.0, 4.0, 20.0, 4.0, 20.0, 0.0, 8.0, 8.0, 8.0, 8.0, 8.0, 4.0, 4.0, 20.0, 0.0, 0.0, 8.0, 4.0, 4.0, 4.0, 20.0, 8.0, 8.0, 0.0, 8.0, 4.0, 4.0]",116.1,116.1,26,ffe5xhmq,,,,,0
14,r2eorolq,,0,308,307,post_exp,FinalForProlific,2026-05-12 16:19:08.574796,1,,,4974.0,2,,0.0,b5eb1e0a-5002-4683-a96b-77986bde95ab,4369.5,10.0,4.0,40.0,4409.5,,3800.0,10.0,,,,,0.0,0,,,3,06f4d9ab-2d66-4d8f-845c-680ac99ec639,https://london-trader-6b45bffdcd02.herokuapp.com,wss://london-trader-6b45bffdcd02.herokuapp.com,,1,2,ghp,gamified,human_only,0.0,1,15,"[8.0, 4.0, 20.0, 8.0, 8.0, 20.0, 20.0, 4.0, 20.0, 4.0, 20.0, 0.0, 8.0, 8.0, 8.0, 8.0, 8.0, 4.0, 4.0, 20.0, 0.0, 0.0, 8.0, 4.0, 4.0, 4.0, 20.0, 8.0, 8.0, 0.0, 8.0, 4.0, 4.0]",116.1,116.1,26,ffe5xhmq,,,,,0
1,viseix7p,,0,308,307,post_exp,FinalForProlific,2026-05-12 16:19:08.162574,1,,,4068.0,1,,0.0,a7efec93-ac3e-45ce-84ac-eb2844742dd5,2112.35,42.0,20.0,840.0,2952.35,,2600.0,20.0,40.0,4,"{""forecast_price_next_day"":40,""forecast_confidence_next_day"":4}",49.0,0.0,1,,,1,520e90a9-5e9e-4bfa-8244-34e70674e93f,https://london-trader-6b45bffdcd02.herokuapp.com,wss://london-trader-6b45bffdcd02.herokuapp.com,,1,6,ghp,gamified,human_only,0.0,0,15,"[8.0, 4.0, 20.0, 8.0, 8.0, 20.0, 20.0, 4.0, 20.0, 4.0, 20.0, 0.0, 8.0, 8.0, 8.0, 8.0, 8.0, 4.0, 4.0, 20.0, 0.0, 0.0, 8.0, 4.0, 4.0, 4.0, 20.0, 8.0, 8.0, 0.0, 8.0, 4.0, 4.0]",56.0,56.0,27,ffe5xhmq,,,,,0
2,qhz5zte3,,0,308,307,post_exp,FinalForProlific,2026-05-12 16:19:08.174764,1,,,5491.0,2,,0.0,6b8a7a0e-6534-4c7f-ba8e-d90a38b5b936,3550.4,22.0,20.0,440.0,3990.4,,3800.0,10.0,27.0,3,"{""forecast_price_next_day"":27,""forecast_confidence_next_day"":3}",49.0,0.0,1,,,1,520e90a9-5e9e-4bfa-8244-34e70674e93f,https://london-trader-6b45bffdcd02.herokuapp.com,wss://london-trader-6b45bffdcd02.herokuapp.com,,1,6,ghp,gamified,human_only,0.0,0,15,"[8.0, 4.0, 20.0, 8.0, 8.0, 20.0, 20.0, 4.0, 20.0, 4.0, 20.0, 0.0, 8.0, 8.0, 8.0, 8.0, 8.0, 4.0, 4.0, 20.0, 0.0, 0.0, 8.0, 4.0, 4.0, 4.0, 20.0, 8.0, 8.0, 0.0, 8.0, 4.0, 4.0]",56.0,56.0,27,ffe5xhmq,,,,,0
3,kmcc2p31,,0,308,307,post_exp,FinalForProlific,2026-05-12 16:19:08.179802,1,,,6177.0,3,,0.0,1a600171-9cfa-44bf-a3d4-b7322acefe1a,4013.7000000000007,14.0,20.0,280.0,4293.700000000001,,2600.0,20.0,50.0,5,"{""forecast_price_next_day"":50,""forecast_confidence_next_day"":5}",49.0,20.0,1,,,1,520e90a9-5e9e-4bfa-8244-34e70674e93f,https://london-trader-6b45bffdcd02.herokuapp.com,wss://london-trader-6b45bffdcd02.herokuapp.com,,1,6,ghp,gamified,human_only,0.0,0,15,"[8.0, 4.0, 20.0, 8.0, 8.0, 20.0, 20.0, 4.0, 20.0, 4.0, 20.0, 0.0, 8.0, 8.0, 8.0, 8.0, 8.0, 4.0, 4.0, 20.0, 0.0, 0.0, 8.0, 4.0, 4.0, 4.0, 20.0, 8.0, 8.0, 0.0, 8.0, 4.0, 4.0]",56.0,56.0,27,ffe5xhmq,,,,,0
4,snooaw5j,,0,308,307,post_exp,FinalForProlific,2026-05-12 16:19:08.185093,1,,,5310.0,4,,0.0,cb46e42c-c695-4491-ae41-767eb4004474,4673.5,4.0,20.0,80.0,4753.5,,3800.0,10.0,50.0,4,"{""forecast_price_next_day"":50,""forecast_confidence_next_day"":4}",49.0,20.0,1,,,1,520e90a9-5e9e-4bfa-8244-34e70674e93f,https://london-trader-6b45bffdcd02.herokuapp.com,wss://london-trader-6b45bffdcd02.herokuapp.com,,1,6,ghp,gamified,human_only,0.0,0,15,"[8.0, 4.0, 20.0, 8.0, 8.0, 20.0, 20.0, 4.0, 20.0, 4.0, 20.0, 0.0, 8.0, 8.0, 8.0, 8.0, 8.0, 4.0, 4.0, 20.0, 0.0, 0.0, 8.0, 4.0, 4.0, 4.0, 20.0, 8.0, 8.0, 0.0, 8.0, 4.0, 4.0]",56.0,56.0,27,ffe5xhmq,,,,,0
5,twrkr7hz,,0,308,307,post_exp,FinalForProlific,2026-05-12 16:19:08.193724,1,,,5777.0,5,,0.0,5e6b5ec7-66f5-446f-b458-3b18596521a3,4072.95,11.0,20.0,220.0,4292.95,,2600.0,20.0,34.0,1,"{""forecast_price_next_day"":34,""forecast_confidence_next_day"":1}",49.0,0.0,1,,,1,520e90a9-5e9e-4bfa-8244-34e70674e93f,https://london-trader-6b45bffdcd02.herokuapp.com,wss://london-trader-6b45bffdcd02.herokuapp.com,,1,6,ghp,gamified,human_only,0.0,0,15,"[8.0, 4.0, 20.0, 8.0, 8.0, 20.0, 20.0, 4.0, 20.0, 4.0, 20.0, 0.0, 8.0, 8.0, 8.0, 8.0, 8.0, 4.0, 4.0, 20.0, 0.0, 0.0, 8.0, 4.0, 4.0, 4.0, 20.0, 8.0, 8.0, 0.0, 8.0, 4.0, 4.0]",56.0,56.0,27,ffe5xhmq,,,,,0
6,hk3teh8u,,0,308,307,post_exp,FinalForProlific,2026-05-12 16:19:08.431171,1,,,5073.0,6,,0.0,c9677d60-b255-4563-955c-c09e7b64f2df,4937.1,0.0,20.0,0.0,4937.1,,3800.0,10.0,55.0,5,"{""forecast_price_next_day"":55,""forecast_confidence_next_day"":5}",49.0,0.0,1,,,1,520e90a9-5e9e-4bfa-8244-34e70674e93f,https://london-trader-6b45bffdcd02.herokuapp.com,wss://london-trader-6b45bffdcd02.herokuapp.com,,1,6,ghp,gamified,human_only,0.0,0,15,"[8.0, 4.0, 20.0, 8.0, 8.0, 20.0, 20.0, 4.0, 20.0, 4.0, 20.0, 0.0, 8.0, 8.0, 8.0, 8.0, 8.0, 4.0, 4.0, 20.0, 0.0, 0.0, 8.0, 4.0, 4.0, 4.0, 20.0, 8.0, 8.0, 0.0, 8.0, 4.0, 4.0]",56.0,56.0,27,ffe5xhmq,,,,,0
7,6kvq85km,,0,308,307,post_exp,FinalForProlific,2026-05-12 16:19:08.454950,1,,,5884.0,1,,0.0,1893c9fa-143a-45ae-8599-dfedb6054045,4150.5,12.0,20.0,240.0,4390.5,,2600.0,20.0,45.0,3,"{""forecast_price_next_day"":45,""forecast_confidence_next_day"":3}",50.0,0.0,1,,,2,5273b4e4-2b4f-47fa-834f-bd0d84d237b0,https://london-trader-6b45bffdcd02.herokuapp.com,wss://london-trader-6b45bffdcd02.herokuapp.com,,1,6,ng,non_gamified,human_only,0.0,0,15,"[8.0, 4.0, 20.0, 8.0, 8.0, 20.0, 20.0, 4.0, 20.0, 4.0, 20.0, 0.0, 8.0, 8.0, 8.0, 8.0, 8.0, 4.0, 4.0, 20.0, 0.0, 0.0, 8.0, 4.0, 4.0, 4.0, 20.0, 8.0, 8.0, 0.0, 8.0, 4.0, 4.0]",58.0,58.0,27,ffe5xhmq,,,,,0
8,7dpcven3,,0,308,307,post_exp,FinalForProlific,2026-05-12 16:19:08.479580,1,,,5168.0,2,,0.0,18711e8c-d4a6-4e40-ac02-472f81cda568,4226.5,17.0,20.0,340.0,4566.5,,3800.0,10.0,60.0,3,"{""forecast_price_next_day"":60,""forecast_confidence_next_day"":3}",50.0,0.0,1,,,2,5273b4e4-2b4f-47fa-834f-bd0d84d237b0,https://london-trader-6b45bffdcd02.herokuapp.com,wss://london-trader-6b45bffdcd02.herokuapp.com,,1,6,ng,non_gamified,human_only,0.0,0,15,"[8.0, 4.0, 20.0, 8.0, 8.0, 20.0, 20.0, 4.0, 20.0, 4.0, 20.0, 0.0, 8.0, 8.0, 8.0, 8.0, 8.0, 4.0, 4.0, 20.0, 0.0, 0.0, 8.0, 4.0, 4.0, 4.0, 20.0, 8.0, 8.0, 0.0, 8.0, 4.0, 4.0]",58.0,58.0,27,ffe5xhmq,,,,,0
9,2mz5up3e,,0,308,307,post_exp,FinalForProlific,2026-05-12 16:19:08.496584,1,,,5955.0,3,,0.0,ede5b087-a2ea-49eb-9494-a67b961bfc79,4759.75,4.0,20.0,80.0,4839.75,,2600.0,20.0,0.0,0,,50.0,0.0,1,,,2,5273b4e4-2b4f-47fa-834f-bd0d84d237b0,https://london-trader-6b45bffdcd02.herokuapp.com,wss://london-trader-6b45bffdcd02.herokuapp.com,,1,6,ng,non_gamified,human_only,0.0,0,15,"[8.0, 4.0, 20.0, 8.0, 8.0, 20.0, 20.0, 4.0, 20.0, 4.0, 20.0, 0.0, 8.0, 8.0, 8.0, 8.0, 8.0, 4.0, 4.0, 20.0, 0.0, 0.0, 8.0, 4.0, 4.0, 4.0, 20.0, 8.0, 8.0, 0.0, 8.0, 4.0, 4.0]",58.0,58.0,27,ffe5xhmq,,,,,0
10,keffe6of,,0,308,307,post_exp,FinalForProlific,2026-05-12 16:19:08.505946,1,,,4719.0,4,,0.0,d00142cb-036c-42b2-986f-4d8449293679,4160.0,14.0,20.0,280.0,4440.0,,3800.0,10.0,2.0,1,"{""forecast_price_next_day"":2,""forecast_confidence_next_day"":1}",50.0,0.0,1,,,2,5273b4e4-2b4f-47fa-834f-bd0d84d237b0,https://london-trader-6b45bffdcd02.herokuapp.com,wss://london-trader-6b45bffdcd02.herokuapp.com,,1,6,ng,non_gamified,human_only,0.0,0,15,"[8.0, 4.0, 20.0, 8.0, 8.0, 20.0, 20.0, 4.0, 20.0, 4.0, 20.0, 0.0, 8.0, 8.0, 8.0, 8.0, 8.0, 4.0, 4.0, 20.0, 0.0, 0.0, 8.0, 4.0, 4.0, 4.0, 20.0, 8.0, 8.0, 0.0, 8.0, 4.0, 4.0]",58.0,58.0,27,ffe5xhmq,,,,,0
11,quvmw080,,0,308,307,post_exp,FinalForProlific,2026-05-12 16:19:08.538071,1,,,5573.0,5,,0.0,4c5c436f-ca6c-40f1-9cb5-b8bc15205ad4,2242.25,36.0,20.0,720.0,2962.25,,2600.0,20.0,58.0,2,"{""forecast_price_next_day"":58,""forecast_confidence_next_day"":2}",50.0,0.0,1,,,2,5273b4e4-2b4f-47fa-834f-bd0d84d237b0,https://london-trader-6b45bffdcd02.herokuapp.com,wss://london-trader-6b45bffdcd02.herokuapp.com,,1,6,ng,non_gamified,human_only,0.0,0,15,"[8.0, 4.0, 20.0, 8.0, 8.0, 20.0, 20.0, 4.0, 20.0, 4.0, 20.0, 0.0, 8.0, 8.0, 8.0, 8.0, 8.0, 4.0, 4.0, 20.0, 0.0, 0.0, 8.0, 4.0, 4.0, 4.0, 20.0, 8.0, 8.0, 0.0, 8.0, 4.0, 4.0]",58.0,58.0,27,ffe5xhmq,,,,,0
12,zmzx9bpp,,0,308,307,post_exp,FinalForProlific,2026-05-12 16:19:08.548095,1,,,5011.0,6,,0.0,bc7d5ce5-ff5f-43da-8411-1cc4780872be,4085.0,14.0,20.0,280.0,4365.0,,3800.0,10.0,38.0,4,"{""forecast_price_next_day"":38,""forecast_confidence_next_day"":4}",50.0,0.0,1,,,2,5273b4e4-2b4f-47fa-834f-bd0d84d237b0,https://london-trader-6b45bffdcd02.herokuapp.com,wss://london-trader-6b45bffdcd02.herokuapp.com,,1,6,ng,non_gamified,human_only,0.0,0,15,"[8.0, 4.0, 20.0, 8.0, 8.0, 20.0, 20.0, 4.0, 20.0, 4.0, 20.0, 0.0, 8.0, 8.0, 8.0, 8.0, 8.0, 4.0, 4.0, 20.0, 0.0, 0.0, 8.0, 4.0, 4.0, 4.0, 20.0, 8.0, 8.0, 0.0, 8.0, 4.0, 4.0]",58.0,58.0,27,ffe5xhmq,,,,,0
13,er9d8a5v,,0,308,307,post_exp,FinalForProlific,2026-05-12 16:19:08.558728,1,,,6590.0,1,,0.0,cda8f129-61a6-4153-bf08-1c1a945507c7,3437.1000000000004,21.0,20.0,420.0,3857.1000000000004,,2600.0,20.0,116.0,4,"{""forecast_price_next_day"":116,""forecast_confidence_next_day"":4}",116.6,20.0,1,,,3,06f4d9ab-2d66-4d8f-845c-680ac99ec639,https://london-trader-6b45bffdcd02.herokuapp.com,wss://london-trader-6b45bffdcd02.herokuapp.com,,1,2,ghp,gamified,human_only,0.0,1,15,"[8.0, 4.0, 20.0, 8.0, 8.0, 20.0, 20.0, 4.0, 20.0, 4.0, 20.0, 0.0, 8.0, 8.0, 8.0, 8.0, 8.0, 4.0, 4.0, 20.0, 0.0, 0.0, 8.0, 4.0, 4.0, 4.0, 20.0, 8.0, 8.0, 0.0, 8.0, 4.0, 4.0]",116.55,116.55,27,ffe5xhmq,,,,,0
14,r2eorolq,,0,308,307,post_exp,FinalForProlific,2026-05-12 16:19:08.574796,1,,,4974.0,2,,0.0,b5eb1e0a-5002-4683-a96b-77986bde95ab,4526.05,9.0,20.0,180.0,4706.05,,3800.0,10.0,116.0,1,"{""forecast_price_next_day"":116.2,""forecast_confidence_next_day"":1}",116.6,20.0,1,,,3,06f4d9ab-2d66-4d8f-845c-680ac99ec639,https://london-trader-6b45bffdcd02.herokuapp.com,wss://london-trader-6b45bffdcd02.herokuapp.com,,1,2,ghp,gamified,human_only,0.0,1,15,"[8.0, 4.0, 20.0, 8.0, 8.0, 20.0, 20.0, 4.0, 20.0, 4.0, 20.0, 0.0, 8.0, 8.0, 8.0, 8.0, 8.0, 4.0, 4.0, 20.0, 0.0, 0.0, 8.0, 4.0, 4.0, 4.0, 20.0, 8.0, 8.0, 0.0, 8.0, 4.0, 4.0]",116.55,116.55,27,ffe5xhmq,,,,,0
1,viseix7p,,0,308,307,post_exp,FinalForProlific,2026-05-12 16:19:08.162574,1,,,4068.0,1,,0.0,a7efec93-ac3e-45ce-84ac-eb2844742dd5,2619.35,48.0,8.0,384.0,3003.35,,2600.0,20.0,,,,,0.0,0,,,1,520e90a9-5e9e-4bfa-8244-34e70674e93f,https://london-trader-6b45bffdcd02.herokuapp.com,wss://london-trader-6b45bffdcd02.herokuapp.com,,1,6,ghp,gamified,human_only,0.0,0,15,"[8.0, 4.0, 20.0, 8.0, 8.0, 20.0, 20.0, 4.0, 20.0, 4.0, 20.0, 0.0, 8.0, 8.0, 8.0, 8.0, 8.0, 4.0, 4.0, 20.0, 0.0, 0.0, 8.0, 4.0, 4.0, 4.0, 20.0, 8.0, 8.0, 0.0, 8.0, 4.0, 4.0]",49.0,49.0,28,ffe5xhmq,,,,,0
2,qhz5zte3,,0,308,307,post_exp,FinalForProlific,2026-05-12 16:19:08.174764,1,,,5491.0,2,,0.0,6b8a7a0e-6534-4c7f-ba8e-d90a38b5b936,4005.3999999999996,22.0,8.0,176.0,4181.4,,3800.0,10.0,,,,,0.0,0,,,1,520e90a9-5e9e-4bfa-8244-34e70674e93f,https://london-trader-6b45bffdcd02.herokuapp.com,wss://london-trader-6b45bffdcd02.herokuapp.com,,1,6,ghp,gamified,human_only,0.0,0,15,"[8.0, 4.0, 20.0, 8.0, 8.0, 20.0, 20.0, 4.0, 20.0, 4.0, 20.0, 0.0, 8.0, 8.0, 8.0, 8.0, 8.0, 4.0, 4.0, 20.0, 0.0, 0.0, 8.0, 4.0, 4.0, 4.0, 20.0, 8.0, 8.0, 0.0, 8.0, 4.0, 4.0]",49.0,49.0,28,ffe5xhmq,,,,,0
3,kmcc2p31,,0,308,307,post_exp,FinalForProlific,2026-05-12 16:19:08.179802,1,,,6177.0,3,,0.0,1a600171-9cfa-44bf-a3d4-b7322acefe1a,4506.700000000001,13.0,8.0,104.0,4610.700000000001,,2600.0,20.0,,,,,0.0,0,,,1,520e90a9-5e9e-4bfa-8244-34e70674e93f,https://london-trader-6b45bffdcd02.herokuapp.com,wss://london-trader-6b45bffdcd02.herokuapp.com,,1,6,ghp,gamified,human_only,0.0,0,15,"[8.0, 4.0, 20.0, 8.0, 8.0, 20.0, 20.0, 4.0, 20.0, 4.0, 20.0, 0.0, 8.0, 8.0, 8.0, 8.0, 8.0, 4.0, 4.0, 20.0, 0.0, 0.0, 8.0, 4.0, 4.0, 4.0, 20.0, 8.0, 8.0, 0.0, 8.0, 4.0, 4.0]",49.0,49.0,28,ffe5xhmq,,,,,0
4,snooaw5j,,0,308,307,post_exp,FinalForProlific,2026-05-12 16:19:08.185093,1,,,5310.0,4,,0.0,cb46e42c-c695-4491-ae41-767eb4004474,4803.5,3.0,8.0,24.0,4827.5,,3800.0,10.0,,,,,0.0,0,,,1,520e90a9-5e9e-4bfa-8244-34e70674e93f,https://london-trader-6b45bffdcd02.herokuapp.com,wss://london-trader-6b45bffdcd02.herokuapp.com,,1,6,ghp,gamified,human_only,0.0,0,15,"[8.0, 4.0, 20.0, 8.0, 8.0, 20.0, 20.0, 4.0, 20.0, 4.0, 20.0, 0.0, 8.0, 8.0, 8.0, 8.0, 8.0, 4.0, 4.0, 20.0, 0.0, 0.0, 8.0, 4.0, 4.0, 4.0, 20.0, 8.0, 8.0, 0.0, 8.0, 4.0, 4.0]",49.0,49.0,28,ffe5xhmq,,,,,0
5,twrkr7hz,,0,308,307,post_exp,FinalForProlific,2026-05-12 16:19:08.193724,1,,,5777.0,5,,0.0,5e6b5ec7-66f5-446f-b458-3b18596521a3,4399.95,9.0,8.0,72.0,4471.95,,2600.0,20.0,,,,,0.0,0,,,1,520e90a9-5e9e-4bfa-8244-34e70674e93f,https://london-trader-6b45bffdcd02.herokuapp.com,wss://london-trader-6b45bffdcd02.herokuapp.com,,1,6,ghp,gamified,human_only,0.0,0,15,"[8.0, 4.0, 20.0, 8.0, 8.0, 20.0, 20.0, 4.0, 20.0, 4.0, 20.0, 0.0, 8.0, 8.0, 8.0, 8.0, 8.0, 4.0, 4.0, 20.0, 0.0, 0.0, 8.0, 4.0, 4.0, 4.0, 20.0, 8.0, 8.0, 0.0, 8.0, 4.0, 4.0]",49.0,49.0,28,ffe5xhmq,,,,,0
6,hk3teh8u,,0,308,307,post_exp,FinalForProlific,2026-05-12 16:19:08.431171,1,,,5073.0,6,,0.0,c9677d60-b255-4563-955c-c09e7b64f2df,4885.1,2.0,8.0,16.0,4901.1,,3800.0,10.0,,,,,0.0,0,,,1,520e90a9-5e9e-4bfa-8244-34e70674e93f,https://london-trader-6b45bffdcd02.herokuapp.com,wss://london-trader-6b45bffdcd02.herokuapp.com,,1,6,ghp,gamified,human_only,0.0,0,15,"[8.0, 4.0, 20.0, 8.0, 8.0, 20.0, 20.0, 4.0, 20.0, 4.0, 20.0, 0.0, 8.0, 8.0, 8.0, 8.0, 8.0, 4.0, 4.0, 20.0, 0.0, 0.0, 8.0, 4.0, 4.0, 4.0, 20.0, 8.0, 8.0, 0.0, 8.0, 4.0, 4.0]",49.0,49.0,28,ffe5xhmq,,,,,0
7,6kvq85km,,0,308,307,post_exp,FinalForProlific,2026-05-12 16:19:08.454950,1,,,5884.0,1,,0.0,1893c9fa-143a-45ae-8599-dfedb6054045,4644.5,8.0,8.0,64.0,4708.5,,2600.0,20.0,,,,,0.0,0,,,2,5273b4e4-2b4f-47fa-834f-bd0d84d237b0,https://london-trader-6b45bffdcd02.herokuapp.com,wss://london-trader-6b45bffdcd02.herokuapp.com,,1,6,ng,non_gamified,human_only,0.0,0,15,"[8.0, 4.0, 20.0, 8.0, 8.0, 20.0, 20.0, 4.0, 20.0, 4.0, 20.0, 0.0, 8.0, 8.0, 8.0, 8.0, 8.0, 4.0, 4.0, 20.0, 0.0, 0.0, 8.0, 4.0, 4.0, 4.0, 20.0, 8.0, 8.0, 0.0, 8.0, 4.0, 4.0]",50.0,50.0,28,ffe5xhmq,,,,,0
8,7dpcven3,,0,308,307,post_exp,FinalForProlific,2026-05-12 16:19:08.479580,1,,,5168.0,2,,0.0,18711e8c-d4a6-4e40-ac02-472f81cda568,4566.5,17.0,8.0,136.0,4702.5,,3800.0,10.0,,,,,0.0,0,,,2,5273b4e4-2b4f-47fa-834f-bd0d84d237b0,https://london-trader-6b45bffdcd02.herokuapp.com,wss://london-trader-6b45bffdcd02.herokuapp.com,,1,6,ng,non_gamified,human_only,0.0,0,15,"[8.0, 4.0, 20.0, 8.0, 8.0, 20.0, 20.0, 4.0, 20.0, 4.0, 20.0, 0.0, 8.0, 8.0, 8.0, 8.0, 8.0, 4.0, 4.0, 20.0, 0.0, 0.0, 8.0, 4.0, 4.0, 4.0, 20.0, 8.0, 8.0, 0.0, 8.0, 4.0, 4.0]",50.0,50.0,28,ffe5xhmq,,,,,0
9,2mz5up3e,,0,308,307,post_exp,FinalForProlific,2026-05-12 16:19:08.496584,1,,,5955.0,3,,0.0,ede5b087-a2ea-49eb-9494-a67b961bfc79,4889.75,3.0,8.0,24.0,4913.75,,2600.0,20.0,,,,,0.0,0,,,2,5273b4e4-2b4f-47fa-834f-bd0d84d237b0,https://london-trader-6b45bffdcd02.herokuapp.com,wss://london-trader-6b45bffdcd02.herokuapp.com,,1,6,ng,non_gamified,human_only,0.0,0,15,"[8.0, 4.0, 20.0, 8.0, 8.0, 20.0, 20.0, 4.0, 20.0, 4.0, 20.0, 0.0, 8.0, 8.0, 8.0, 8.0, 8.0, 4.0, 4.0, 20.0, 0.0, 0.0, 8.0, 4.0, 4.0, 4.0, 20.0, 8.0, 8.0, 0.0, 8.0, 4.0, 4.0]",50.0,50.0,28,ffe5xhmq,,,,,0
10,keffe6of,,0,308,307,post_exp,FinalForProlific,2026-05-12 16:19:08.505946,1,,,4719.0,4,,0.0,d00142cb-036c-42b2-986f-4d8449293679,4087.0,24.0,8.0,192.0,4279.0,,3800.0,10.0,,,,,0.0,0,,,2,5273b4e4-2b4f-47fa-834f-bd0d84d237b0,https://london-trader-6b45bffdcd02.herokuapp.com,wss://london-trader-6b45bffdcd02.herokuapp.com,,1,6,ng,non_gamified,human_only,0.0,0,15,"[8.0, 4.0, 20.0, 8.0, 8.0, 20.0, 20.0, 4.0, 20.0, 4.0, 20.0, 0.0, 8.0, 8.0, 8.0, 8.0, 8.0, 4.0, 4.0, 20.0, 0.0, 0.0, 8.0, 4.0, 4.0, 4.0, 20.0, 8.0, 8.0, 0.0, 8.0, 4.0, 4.0]",50.0,50.0,28,ffe5xhmq,,,,,0
11,quvmw080,,0,308,307,post_exp,FinalForProlific,2026-05-12 16:19:08.538071,1,,,5573.0,5,,0.0,4c5c436f-ca6c-40f1-9cb5-b8bc15205ad4,2961.25,37.0,8.0,296.0,3257.25,,2600.0,20.0,,,,,0.0,0,,,2,5273b4e4-2b4f-47fa-834f-bd0d84d237b0,https://london-trader-6b45bffdcd02.herokuapp.com,wss://london-trader-6b45bffdcd02.herokuapp.com,,1,6,ng,non_gamified,human_only,0.0,0,15,"[8.0, 4.0, 20.0, 8.0, 8.0, 20.0, 20.0, 4.0, 20.0, 4.0, 20.0, 0.0, 8.0, 8.0, 8.0, 8.0, 8.0, 4.0, 4.0, 20.0, 0.0, 0.0, 8.0, 4.0, 4.0, 4.0, 20.0, 8.0, 8.0, 0.0, 8.0, 4.0, 4.0]",50.0,50.0,28,ffe5xhmq,,,,,0
12,zmzx9bpp,,0,308,307,post_exp,FinalForProlific,2026-05-12 16:19:08.548095,1,,,5011.0,6,,0.0,bc7d5ce5-ff5f-43da-8411-1cc4780872be,4415.0,12.0,8.0,96.0,4511.0,,3800.0,10.0,,,,,0.0,0,,,2,5273b4e4-2b4f-47fa-834f-bd0d84d237b0,https://london-trader-6b45bffdcd02.herokuapp.com,wss://london-trader-6b45bffdcd02.herokuapp.com,,1,6,ng,non_gamified,human_only,0.0,0,15,"[8.0, 4.0, 20.0, 8.0, 8.0, 20.0, 20.0, 4.0, 20.0, 4.0, 20.0, 0.0, 8.0, 8.0, 8.0, 8.0, 8.0, 4.0, 4.0, 20.0, 0.0, 0.0, 8.0, 4.0, 4.0, 4.0, 20.0, 8.0, 8.0, 0.0, 8.0, 4.0, 4.0]",50.0,50.0,28,ffe5xhmq,,,,,0
13,er9d8a5v,,0,308,307,post_exp,FinalForProlific,2026-05-12 16:19:08.558728,1,,,6590.0,1,,0.0,cda8f129-61a6-4153-bf08-1c1a945507c7,3740.5000000000005,23.0,8.0,184.0,3924.5000000000005,,2600.0,20.0,,,,,0.0,0,,,3,06f4d9ab-2d66-4d8f-845c-680ac99ec639,https://london-trader-6b45bffdcd02.herokuapp.com,wss://london-trader-6b45bffdcd02.herokuapp.com,,1,2,ghp,gamified,human_only,0.0,1,15,"[8.0, 4.0, 20.0, 8.0, 8.0, 20.0, 20.0, 4.0, 20.0, 4.0, 20.0, 0.0, 8.0, 8.0, 8.0, 8.0, 8.0, 4.0, 4.0, 20.0, 0.0, 0.0, 8.0, 4.0, 4.0, 4.0, 20.0, 8.0, 8.0, 0.0, 8.0, 4.0, 4.0]",116.6,116.6,28,ffe5xhmq,,,,,0
14,r2eorolq,,0,308,307,post_exp,FinalForProlific,2026-05-12 16:19:08.574796,1,,,4974.0,2,,0.0,b5eb1e0a-5002-4683-a96b-77986bde95ab,4822.650000000001,9.0,8.0,72.0,4894.650000000001,,3800.0,10.0,,,,,0.0,0,,,3,06f4d9ab-2d66-4d8f-845c-680ac99ec639,https://london-trader-6b45bffdcd02.herokuapp.com,wss://london-trader-6b45bffdcd02.herokuapp.com,,1,2,ghp,gamified,human_only,0.0,1,15,"[8.0, 4.0, 20.0, 8.0, 8.0, 20.0, 20.0, 4.0, 20.0, 4.0, 20.0, 0.0, 8.0, 8.0, 8.0, 8.0, 8.0, 4.0, 4.0, 20.0, 0.0, 0.0, 8.0, 4.0, 4.0, 4.0, 20.0, 8.0, 8.0, 0.0, 8.0, 4.0, 4.0]",116.6,116.6,28,ffe5xhmq,,,,,0
1,viseix7p,,0,308,307,post_exp,FinalForProlific,2026-05-12 16:19:08.162574,1,,,4068.0,1,,0.0,a7efec93-ac3e-45ce-84ac-eb2844742dd5,2873.35,49.0,8.0,392.0,3265.35,,2600.0,20.0,,,,,0.0,0,,,1,520e90a9-5e9e-4bfa-8244-34e70674e93f,https://london-trader-6b45bffdcd02.herokuapp.com,wss://london-trader-6b45bffdcd02.herokuapp.com,,1,6,ghp,gamified,human_only,0.0,0,15,"[8.0, 4.0, 20.0, 8.0, 8.0, 20.0, 20.0, 4.0, 20.0, 4.0, 20.0, 0.0, 8.0, 8.0, 8.0, 8.0, 8.0, 4.0, 4.0, 20.0, 0.0, 0.0, 8.0, 4.0, 4.0, 4.0, 20.0, 8.0, 8.0, 0.0, 8.0, 4.0, 4.0]",40.0,40.0,29,ffe5xhmq,,,,,0
2,qhz5zte3,,0,308,307,post_exp,FinalForProlific,2026-05-12 16:19:08.174764,1,,,5491.0,2,,0.0,6b8a7a0e-6534-4c7f-ba8e-d90a38b5b936,4145.4,22.0,8.0,176.0,4321.4,,3800.0,10.0,,,,,0.0,0,,,1,520e90a9-5e9e-4bfa-8244-34e70674e93f,https://london-trader-6b45bffdcd02.herokuapp.com,wss://london-trader-6b45bffdcd02.herokuapp.com,,1,6,ghp,gamified,human_only,0.0,0,15,"[8.0, 4.0, 20.0, 8.0, 8.0, 20.0, 20.0, 4.0, 20.0, 4.0, 20.0, 0.0, 8.0, 8.0, 8.0, 8.0, 8.0, 4.0, 4.0, 20.0, 0.0, 0.0, 8.0, 4.0, 4.0, 4.0, 20.0, 8.0, 8.0, 0.0, 8.0, 4.0, 4.0]",40.0,40.0,29,ffe5xhmq,,,,,0
3,kmcc2p31,,0,308,307,post_exp,FinalForProlific,2026-05-12 16:19:08.179802,1,,,6177.0,3,,0.0,1a600171-9cfa-44bf-a3d4-b7322acefe1a,4697.700000000001,9.0,8.0,72.0,4769.700000000001,,2600.0,20.0,,,,,0.0,0,,,1,520e90a9-5e9e-4bfa-8244-34e70674e93f,https://london-trader-6b45bffdcd02.herokuapp.com,wss://london-trader-6b45bffdcd02.herokuapp.com,,1,6,ghp,gamified,human_only,0.0,0,15,"[8.0, 4.0, 20.0, 8.0, 8.0, 20.0, 20.0, 4.0, 20.0, 4.0, 20.0, 0.0, 8.0, 8.0, 8.0, 8.0, 8.0, 4.0, 4.0, 20.0, 0.0, 0.0, 8.0, 4.0, 4.0, 4.0, 20.0, 8.0, 8.0, 0.0, 8.0, 4.0, 4.0]",40.0,40.0,29,ffe5xhmq,,,,,0
4,snooaw5j,,0,308,307,post_exp,FinalForProlific,2026-05-12 16:19:08.185093,1,,,5310.0,4,,0.0,cb46e42c-c695-4491-ae41-767eb4004474,4867.5,2.0,8.0,16.0,4883.5,,3800.0,10.0,,,,,0.0,0,,,1,520e90a9-5e9e-4bfa-8244-34e70674e93f,https://london-trader-6b45bffdcd02.herokuapp.com,wss://london-trader-6b45bffdcd02.herokuapp.com,,1,6,ghp,gamified,human_only,0.0,0,15,"[8.0, 4.0, 20.0, 8.0, 8.0, 20.0, 20.0, 4.0, 20.0, 4.0, 20.0, 0.0, 8.0, 8.0, 8.0, 8.0, 8.0, 4.0, 4.0, 20.0, 0.0, 0.0, 8.0, 4.0, 4.0, 4.0, 20.0, 8.0, 8.0, 0.0, 8.0, 4.0, 4.0]",40.0,40.0,29,ffe5xhmq,,,,,0
5,twrkr7hz,,0,308,307,post_exp,FinalForProlific,2026-05-12 16:19:08.193724,1,,,5777.0,5,,0.0,5e6b5ec7-66f5-446f-b458-3b18596521a3,4510.95,8.0,8.0,64.0,4574.95,,2600.0,20.0,,,,,0.0,0,,,1,520e90a9-5e9e-4bfa-8244-34e70674e93f,https://london-trader-6b45bffdcd02.herokuapp.com,wss://london-trader-6b45bffdcd02.herokuapp.com,,1,6,ghp,gamified,human_only,0.0,0,15,"[8.0, 4.0, 20.0, 8.0, 8.0, 20.0, 20.0, 4.0, 20.0, 4.0, 20.0, 0.0, 8.0, 8.0, 8.0, 8.0, 8.0, 4.0, 4.0, 20.0, 0.0, 0.0, 8.0, 4.0, 4.0, 4.0, 20.0, 8.0, 8.0, 0.0, 8.0, 4.0, 4.0]",40.0,40.0,29,ffe5xhmq,,,,,0
6,hk3teh8u,,0,308,307,post_exp,FinalForProlific,2026-05-12 16:19:08.431171,1,,,5073.0,6,,0.0,c9677d60-b255-4563-955c-c09e7b64f2df,4901.1,1.0,8.0,8.0,4909.1,,3800.0,10.0,,,,,0.0,0,,,1,520e90a9-5e9e-4bfa-8244-34e70674e93f,https://london-trader-6b45bffdcd02.herokuapp.com,wss://london-trader-6b45bffdcd02.herokuapp.com,,1,6,ghp,gamified,human_only,0.0,0,15,"[8.0, 4.0, 20.0, 8.0, 8.0, 20.0, 20.0, 4.0, 20.0, 4.0, 20.0, 0.0, 8.0, 8.0, 8.0, 8.0, 8.0, 4.0, 4.0, 20.0, 0.0, 0.0, 8.0, 4.0, 4.0, 4.0, 20.0, 8.0, 8.0, 0.0, 8.0, 4.0, 4.0]",40.0,40.0,29,ffe5xhmq,,,,,0
7,6kvq85km,,0,308,307,post_exp,FinalForProlific,2026-05-12 16:19:08.454950,1,,,5884.0,1,,0.0,1893c9fa-143a-45ae-8599-dfedb6054045,4788.75,6.0,8.0,48.0,4836.75,,2600.0,20.0,,,,,0.0,0,,,2,5273b4e4-2b4f-47fa-834f-bd0d84d237b0,https://london-trader-6b45bffdcd02.herokuapp.com,wss://london-trader-6b45bffdcd02.herokuapp.com,,1,6,ng,non_gamified,human_only,0.0,0,15,"[8.0, 4.0, 20.0, 8.0, 8.0, 20.0, 20.0, 4.0, 20.0, 4.0, 20.0, 0.0, 8.0, 8.0, 8.0, 8.0, 8.0, 4.0, 4.0, 20.0, 0.0, 0.0, 8.0, 4.0, 4.0, 4.0, 20.0, 8.0, 8.0, 0.0, 8.0, 4.0, 4.0]",39.0,39.0,29,ffe5xhmq,,,,,0
8,7dpcven3,,0,308,307,post_exp,FinalForProlific,2026-05-12 16:19:08.479580,1,,,5168.0,2,,0.0,18711e8c-d4a6-4e40-ac02-472f81cda568,4702.5,16.0,8.0,128.0,4830.5,,3800.0,10.0,,,,,0.0,0,,,2,5273b4e4-2b4f-47fa-834f-bd0d84d237b0,https://london-trader-6b45bffdcd02.herokuapp.com,wss://london-trader-6b45bffdcd02.herokuapp.com,,1,6,ng,non_gamified,human_only,0.0,0,15,"[8.0, 4.0, 20.0, 8.0, 8.0, 20.0, 20.0, 4.0, 20.0, 4.0, 20.0, 0.0, 8.0, 8.0, 8.0, 8.0, 8.0, 4.0, 4.0, 20.0, 0.0, 0.0, 8.0, 4.0, 4.0, 4.0, 20.0, 8.0, 8.0, 0.0, 8.0, 4.0, 4.0]",39.0,39.0,29,ffe5xhmq,,,,,0
9,2mz5up3e,,0,308,307,post_exp,FinalForProlific,2026-05-12 16:19:08.496584,1,,,5955.0,3,,0.0,ede5b087-a2ea-49eb-9494-a67b961bfc79,4913.25,3.0,8.0,24.0,4937.25,,2600.0,20.0,,,,,0.0,0,,,2,5273b4e4-2b4f-47fa-834f-bd0d84d237b0,https://london-trader-6b45bffdcd02.herokuapp.com,wss://london-trader-6b45bffdcd02.herokuapp.com,,1,6,ng,non_gamified,human_only,0.0,0,15,"[8.0, 4.0, 20.0, 8.0, 8.0, 20.0, 20.0, 4.0, 20.0, 4.0, 20.0, 0.0, 8.0, 8.0, 8.0, 8.0, 8.0, 4.0, 4.0, 20.0, 0.0, 0.0, 8.0, 4.0, 4.0, 4.0, 20.0, 8.0, 8.0, 0.0, 8.0, 4.0, 4.0]",39.0,39.0,29,ffe5xhmq,,,,,0
10,keffe6of,,0,308,307,post_exp,FinalForProlific,2026-05-12 16:19:08.505946,1,,,4719.0,4,,0.0,d00142cb-036c-42b2-986f-4d8449293679,4239.0,23.0,8.0,184.0,4423.0,,3800.0,10.0,,,,,0.0,0,,,2,5273b4e4-2b4f-47fa-834f-bd0d84d237b0,https://london-trader-6b45bffdcd02.herokuapp.com,wss://london-trader-6b45bffdcd02.herokuapp.com,,1,6,ng,non_gamified,human_only,0.0,0,15,"[8.0, 4.0, 20.0, 8.0, 8.0, 20.0, 20.0, 4.0, 20.0, 4.0, 20.0, 0.0, 8.0, 8.0, 8.0, 8.0, 8.0, 4.0, 4.0, 20.0, 0.0, 0.0, 8.0, 4.0, 4.0, 4.0, 20.0, 8.0, 8.0, 0.0, 8.0, 4.0, 4.0]",39.0,39.0,29,ffe5xhmq,,,,,0
11,quvmw080,,0,308,307,post_exp,FinalForProlific,2026-05-12 16:19:08.538071,1,,,5573.0,5,,0.0,4c5c436f-ca6c-40f1-9cb5-b8bc15205ad4,3018.25,50.0,8.0,400.0,3418.25,,2600.0,20.0,,,,,0.0,0,,,2,5273b4e4-2b4f-47fa-834f-bd0d84d237b0,https://london-trader-6b45bffdcd02.herokuapp.com,wss://london-trader-6b45bffdcd02.herokuapp.com,,1,6,ng,non_gamified,human_only,0.0,0,15,"[8.0, 4.0, 20.0, 8.0, 8.0, 20.0, 20.0, 4.0, 20.0, 4.0, 20.0, 0.0, 8.0, 8.0, 8.0, 8.0, 8.0, 4.0, 4.0, 20.0, 0.0, 0.0, 8.0, 4.0, 4.0, 4.0, 20.0, 8.0, 8.0, 0.0, 8.0, 4.0, 4.0]",39.0,39.0,29,ffe5xhmq,,,,,0
12,zmzx9bpp,,0,308,307,post_exp,FinalForProlific,2026-05-12 16:19:08.548095,1,,,5011.0,6,,0.0,bc7d5ce5-ff5f-43da-8411-1cc4780872be,4710.25,6.0,8.0,48.0,4758.25,,3800.0,10.0,,,,,0.0,0,,,2,5273b4e4-2b4f-47fa-834f-bd0d84d237b0,https://london-trader-6b45bffdcd02.herokuapp.com,wss://london-trader-6b45bffdcd02.herokuapp.com,,1,6,ng,non_gamified,human_only,0.0,0,15,"[8.0, 4.0, 20.0, 8.0, 8.0, 20.0, 20.0, 4.0, 20.0, 4.0, 20.0, 0.0, 8.0, 8.0, 8.0, 8.0, 8.0, 4.0, 4.0, 20.0, 0.0, 0.0, 8.0, 4.0, 4.0, 4.0, 20.0, 8.0, 8.0, 0.0, 8.0, 4.0, 4.0]",39.0,39.0,29,ffe5xhmq,,,,,0
13,er9d8a5v,,0,308,307,post_exp,FinalForProlific,2026-05-12 16:19:08.558728,1,,,6590.0,1,,0.0,cda8f129-61a6-4153-bf08-1c1a945507c7,3808.3000000000006,25.0,8.0,200.0,4008.3000000000006,,2600.0,20.0,,,,,0.0,0,,,3,06f4d9ab-2d66-4d8f-845c-680ac99ec639,https://london-trader-6b45bffdcd02.herokuapp.com,wss://london-trader-6b45bffdcd02.herokuapp.com,,1,2,ghp,gamified,human_only,0.0,1,15,"[8.0, 4.0, 20.0, 8.0, 8.0, 20.0, 20.0, 4.0, 20.0, 4.0, 20.0, 0.0, 8.0, 8.0, 8.0, 8.0, 8.0, 4.0, 4.0, 20.0, 0.0, 0.0, 8.0, 4.0, 4.0, 4.0, 20.0, 8.0, 8.0, 0.0, 8.0, 4.0, 4.0]",116.2,116.2,29,ffe5xhmq,,,,,0
14,r2eorolq,,0,308,307,post_exp,FinalForProlific,2026-05-12 16:19:08.574796,1,,,4974.0,2,,0.0,b5eb1e0a-5002-4683-a96b-77986bde95ab,4894.650000000001,7.0,8.0,56.0,4950.650000000001,,3800.0,10.0,,,,,0.0,0,,,3,06f4d9ab-2d66-4d8f-845c-680ac99ec639,https://london-trader-6b45bffdcd02.herokuapp.com,wss://london-trader-6b45bffdcd02.herokuapp.com,,1,2,ghp,gamified,human_only,0.0,1,15,"[8.0, 4.0, 20.0, 8.0, 8.0, 20.0, 20.0, 4.0, 20.0, 4.0, 20.0, 0.0, 8.0, 8.0, 8.0, 8.0, 8.0, 4.0, 4.0, 20.0, 0.0, 0.0, 8.0, 4.0, 4.0, 4.0, 20.0, 8.0, 8.0, 0.0, 8.0, 4.0, 4.0]",116.2,116.2,29,ffe5xhmq,,,,,0
1,viseix7p,,0,308,307,post_exp,FinalForProlific,2026-05-12 16:19:08.162574,1,,,4068.0,1,,0.0,a7efec93-ac3e-45ce-84ac-eb2844742dd5,3155.95,57.0,0.0,0.0,3155.95,,2600.0,20.0,26.0,5,"{""forecast_price_next_day"":26,""forecast_confidence_next_day"":5}",23.0,0.0,1,,,1,520e90a9-5e9e-4bfa-8244-34e70674e93f,https://london-trader-6b45bffdcd02.herokuapp.com,wss://london-trader-6b45bffdcd02.herokuapp.com,,1,6,ghp,gamified,human_only,0.0,0,15,"[8.0, 4.0, 20.0, 8.0, 8.0, 20.0, 20.0, 4.0, 20.0, 4.0, 20.0, 0.0, 8.0, 8.0, 8.0, 8.0, 8.0, 4.0, 4.0, 20.0, 0.0, 0.0, 8.0, 4.0, 4.0, 4.0, 20.0, 8.0, 8.0, 0.0, 8.0, 4.0, 4.0]",30.4,30.4,30,ffe5xhmq,,,,,0
2,qhz5zte3,,0,308,307,post_exp,FinalForProlific,2026-05-12 16:19:08.174764,1,,,5491.0,2,,0.0,6b8a7a0e-6534-4c7f-ba8e-d90a38b5b936,4290.4,23.0,0.0,0.0,4290.4,,3800.0,10.0,15.0,3,"{""forecast_price_next_day"":15,""forecast_confidence_next_day"":3}",23.0,0.0,1,,,1,520e90a9-5e9e-4bfa-8244-34e70674e93f,https://london-trader-6b45bffdcd02.herokuapp.com,wss://london-trader-6b45bffdcd02.herokuapp.com,,1,6,ghp,gamified,human_only,0.0,0,15,"[8.0, 4.0, 20.0, 8.0, 8.0, 20.0, 20.0, 4.0, 20.0, 4.0, 20.0, 0.0, 8.0, 8.0, 8.0, 8.0, 8.0, 4.0, 4.0, 20.0, 0.0, 0.0, 8.0, 4.0, 4.0, 4.0, 20.0, 8.0, 8.0, 0.0, 8.0, 4.0, 4.0]",30.4,30.4,30,ffe5xhmq,,,,,0
3,kmcc2p31,,0,308,307,post_exp,FinalForProlific,2026-05-12 16:19:08.179802,1,,,6177.0,3,,0.0,1a600171-9cfa-44bf-a3d4-b7322acefe1a,4808.700000000001,7.0,0.0,0.0,4808.700000000001,,2600.0,20.0,22.0,4,"{""forecast_price_next_day"":22,""forecast_confidence_next_day"":4}",23.0,20.0,1,,,1,520e90a9-5e9e-4bfa-8244-34e70674e93f,https://london-trader-6b45bffdcd02.herokuapp.com,wss://london-trader-6b45bffdcd02.herokuapp.com,,1,6,ghp,gamified,human_only,0.0,0,15,"[8.0, 4.0, 20.0, 8.0, 8.0, 20.0, 20.0, 4.0, 20.0, 4.0, 20.0, 0.0, 8.0, 8.0, 8.0, 8.0, 8.0, 4.0, 4.0, 20.0, 0.0, 0.0, 8.0, 4.0, 4.0, 4.0, 20.0, 8.0, 8.0, 0.0, 8.0, 4.0, 4.0]",30.4,30.4,30,ffe5xhmq,,,,,0
4,snooaw5j,,0,308,307,post_exp,FinalForProlific,2026-05-12 16:19:08.185093,1,,,5310.0,4,,0.0,cb46e42c-c695-4491-ae41-767eb4004474,4919.5,1.0,0.0,0.0,4919.5,,3800.0,10.0,25.0,4,"{""forecast_price_next_day"":25,""forecast_confidence_next_day"":4}",23.0,0.0,1,,,1,520e90a9-5e9e-4bfa-8244-34e70674e93f,https://london-trader-6b45bffdcd02.herokuapp.com,wss://london-trader-6b45bffdcd02.herokuapp.com,,1,6,ghp,gamified,human_only,0.0,0,15,"[8.0, 4.0, 20.0, 8.0, 8.0, 20.0, 20.0, 4.0, 20.0, 4.0, 20.0, 0.0, 8.0, 8.0, 8.0, 8.0, 8.0, 4.0, 4.0, 20.0, 0.0, 0.0, 8.0, 4.0, 4.0, 4.0, 20.0, 8.0, 8.0, 0.0, 8.0, 4.0, 4.0]",30.4,30.4,30,ffe5xhmq,,,,,0
5,twrkr7hz,,0,308,307,post_exp,FinalForProlific,2026-05-12 16:19:08.193724,1,,,5777.0,5,,0.0,5e6b5ec7-66f5-446f-b458-3b18596521a3,4605.349999999999,7.0,0.0,0.0,4605.349999999999,,2600.0,20.0,19.0,2,"{""forecast_price_next_day"":19,""forecast_confidence_next_day"":2}",23.0,0.0,1,,,1,520e90a9-5e9e-4bfa-8244-34e70674e93f,https://london-trader-6b45bffdcd02.herokuapp.com,wss://london-trader-6b45bffdcd02.herokuapp.com,,1,6,ghp,gamified,human_only,0.0,0,15,"[8.0, 4.0, 20.0, 8.0, 8.0, 20.0, 20.0, 4.0, 20.0, 4.0, 20.0, 0.0, 8.0, 8.0, 8.0, 8.0, 8.0, 4.0, 4.0, 20.0, 0.0, 0.0, 8.0, 4.0, 4.0, 4.0, 20.0, 8.0, 8.0, 0.0, 8.0, 4.0, 4.0]",30.4,30.4,30,ffe5xhmq,,,,,0
6,hk3teh8u,,0,308,307,post_exp,FinalForProlific,2026-05-12 16:19:08.431171,1,,,5073.0,6,,0.0,c9677d60-b255-4563-955c-c09e7b64f2df,4944.1,0.0,0.0,0.0,4944.1,,3800.0,10.0,38.0,4,"{""forecast_price_next_day"":38,""forecast_confidence_next_day"":4}",23.0,0.0,1,,,1,520e90a9-5e9e-4bfa-8244-34e70674e93f,https://london-trader-6b45bffdcd02.herokuapp.com,wss://london-trader-6b45bffdcd02.herokuapp.com,,1,6,ghp,gamified,human_only,0.0,0,15,"[8.0, 4.0, 20.0, 8.0, 8.0, 20.0, 20.0, 4.0, 20.0, 4.0, 20.0, 0.0, 8.0, 8.0, 8.0, 8.0, 8.0, 4.0, 4.0, 20.0, 0.0, 0.0, 8.0, 4.0, 4.0, 4.0, 20.0, 8.0, 8.0, 0.0, 8.0, 4.0, 4.0]",30.4,30.4,30,ffe5xhmq,,,,,0
7,6kvq85km,,0,308,307,post_exp,FinalForProlific,2026-05-12 16:19:08.454950,1,,,5884.0,1,,0.0,1893c9fa-143a-45ae-8599-dfedb6054045,4868.75,5.0,0.0,0.0,4868.75,,2600.0,20.0,25.0,3,"{""forecast_price_next_day"":25,""forecast_confidence_next_day"":3}",22.0,0.0,1,,,2,5273b4e4-2b4f-47fa-834f-bd0d84d237b0,https://london-trader-6b45bffdcd02.herokuapp.com,wss://london-trader-6b45bffdcd02.herokuapp.com,,1,6,ng,non_gamified,human_only,0.0,0,15,"[8.0, 4.0, 20.0, 8.0, 8.0, 20.0, 20.0, 4.0, 20.0, 4.0, 20.0, 0.0, 8.0, 8.0, 8.0, 8.0, 8.0, 4.0, 4.0, 20.0, 0.0, 0.0, 8.0, 4.0, 4.0, 4.0, 20.0, 8.0, 8.0, 0.0, 8.0, 4.0, 4.0]",30.0,30.0,30,ffe5xhmq,,,,,0
8,7dpcven3,,0,308,307,post_exp,FinalForProlific,2026-05-12 16:19:08.479580,1,,,5168.0,2,,0.0,18711e8c-d4a6-4e40-ac02-472f81cda568,4830.5,18.0,0.0,0.0,4830.5,,3800.0,10.0,0.0,0,,22.0,0.0,1,,,2,5273b4e4-2b4f-47fa-834f-bd0d84d237b0,https://london-trader-6b45bffdcd02.herokuapp.com,wss://london-trader-6b45bffdcd02.herokuapp.com,,1,6,ng,non_gamified,human_only,0.0,0,15,"[8.0, 4.0, 20.0, 8.0, 8.0, 20.0, 20.0, 4.0, 20.0, 4.0, 20.0, 0.0, 8.0, 8.0, 8.0, 8.0, 8.0, 4.0, 4.0, 20.0, 0.0, 0.0, 8.0, 4.0, 4.0, 4.0, 20.0, 8.0, 8.0, 0.0, 8.0, 4.0, 4.0]",30.0,30.0,30,ffe5xhmq,,,,,0
9,2mz5up3e,,0,308,307,post_exp,FinalForProlific,2026-05-12 16:19:08.496584,1,,,5955.0,3,,0.0,ede5b087-a2ea-49eb-9494-a67b961bfc79,4937.25,3.0,0.0,0.0,4937.25,,2600.0,20.0,0.0,0,,22.0,0.0,1,,,2,5273b4e4-2b4f-47fa-834f-bd0d84d237b0,https://london-trader-6b45bffdcd02.herokuapp.com,wss://london-trader-6b45bffdcd02.herokuapp.com,,1,6,ng,non_gamified,human_only,0.0,0,15,"[8.0, 4.0, 20.0, 8.0, 8.0, 20.0, 20.0, 4.0, 20.0, 4.0, 20.0, 0.0, 8.0, 8.0, 8.0, 8.0, 8.0, 4.0, 4.0, 20.0, 0.0, 0.0, 8.0, 4.0, 4.0, 4.0, 20.0, 8.0, 8.0, 0.0, 8.0, 4.0, 4.0]",30.0,30.0,30,ffe5xhmq,,,,,0
10,keffe6of,,0,308,307,post_exp,FinalForProlific,2026-05-12 16:19:08.505946,1,,,4719.0,4,,0.0,d00142cb-036c-42b2-986f-4d8449293679,4292.0,28.0,0.0,0.0,4292.0,,3800.0,10.0,2.0,1,"{""forecast_price_next_day"":2,""forecast_confidence_next_day"":1}",22.0,0.0,1,,,2,5273b4e4-2b4f-47fa-834f-bd0d84d237b0,https://london-trader-6b45bffdcd02.herokuapp.com,wss://london-trader-6b45bffdcd02.herokuapp.com,,1,6,ng,non_gamified,human_only,0.0,0,15,"[8.0, 4.0, 20.0, 8.0, 8.0, 20.0, 20.0, 4.0, 20.0, 4.0, 20.0, 0.0, 8.0, 8.0, 8.0, 8.0, 8.0, 4.0, 4.0, 20.0, 0.0, 0.0, 8.0, 4.0, 4.0, 4.0, 20.0, 8.0, 8.0, 0.0, 8.0, 4.0, 4.0]",30.0,30.0,30,ffe5xhmq,,,,,0
11,quvmw080,,0,308,307,post_exp,FinalForProlific,2026-05-12 16:19:08.538071,1,,,5573.0,5,,0.0,4c5c436f-ca6c-40f1-9cb5-b8bc15205ad4,3448.25,42.0,0.0,0.0,3448.25,,2600.0,20.0,30.0,2,"{""forecast_price_next_day"":30,""forecast_confidence_next_day"":2}",22.0,0.0,1,,,2,5273b4e4-2b4f-47fa-834f-bd0d84d237b0,https://london-trader-6b45bffdcd02.herokuapp.com,wss://london-trader-6b45bffdcd02.herokuapp.com,,1,6,ng,non_gamified,human_only,0.0,0,15,"[8.0, 4.0, 20.0, 8.0, 8.0, 20.0, 20.0, 4.0, 20.0, 4.0, 20.0, 0.0, 8.0, 8.0, 8.0, 8.0, 8.0, 4.0, 4.0, 20.0, 0.0, 0.0, 8.0, 4.0, 4.0, 4.0, 20.0, 8.0, 8.0, 0.0, 8.0, 4.0, 4.0]",30.0,30.0,30,ffe5xhmq,,,,,0
12,zmzx9bpp,,0,308,307,post_exp,FinalForProlific,2026-05-12 16:19:08.548095,1,,,5011.0,6,,0.0,bc7d5ce5-ff5f-43da-8411-1cc4780872be,4827.25,6.0,0.0,0.0,4827.25,,3800.0,10.0,18.0,4,"{""forecast_price_next_day"":18,""forecast_confidence_next_day"":4}",22.0,0.0,1,,,2,5273b4e4-2b4f-47fa-834f-bd0d84d237b0,https://london-trader-6b45bffdcd02.herokuapp.com,wss://london-trader-6b45bffdcd02.herokuapp.com,,1,6,ng,non_gamified,human_only,0.0,0,15,"[8.0, 4.0, 20.0, 8.0, 8.0, 20.0, 20.0, 4.0, 20.0, 4.0, 20.0, 0.0, 8.0, 8.0, 8.0, 8.0, 8.0, 4.0, 4.0, 20.0, 0.0, 0.0, 8.0, 4.0, 4.0, 4.0, 20.0, 8.0, 8.0, 0.0, 8.0, 4.0, 4.0]",30.0,30.0,30,ffe5xhmq,,,,,0
13,er9d8a5v,,0,308,307,post_exp,FinalForProlific,2026-05-12 16:19:08.558728,1,,,6590.0,1,,0.0,cda8f129-61a6-4153-bf08-1c1a945507c7,4008.3000000000006,23.0,0.0,0.0,4008.3000000000006,,2600.0,20.0,116.0,3,"{""forecast_price_next_day"":116,""forecast_confidence_next_day"":3}",116.2,20.0,1,,,3,06f4d9ab-2d66-4d8f-845c-680ac99ec639,https://london-trader-6b45bffdcd02.herokuapp.com,wss://london-trader-6b45bffdcd02.herokuapp.com,,1,2,ghp,gamified,human_only,0.0,1,15,"[8.0, 4.0, 20.0, 8.0, 8.0, 20.0, 20.0, 4.0, 20.0, 4.0, 20.0, 0.0, 8.0, 8.0, 8.0, 8.0, 8.0, 4.0, 4.0, 20.0, 0.0, 0.0, 8.0, 4.0, 4.0, 4.0, 20.0, 8.0, 8.0, 0.0, 8.0, 4.0, 4.0]",116.0,116.0,30,ffe5xhmq,,,,,0
14,r2eorolq,,0,308,307,post_exp,FinalForProlific,2026-05-12 16:19:08.574796,1,,,4974.0,2,,0.0,b5eb1e0a-5002-4683-a96b-77986bde95ab,5066.650000000001,6.0,0.0,0.0,5066.650000000001,,3800.0,10.0,116.0,1,"{""forecast_price_next_day"":116,""forecast_confidence_next_day"":1}",116.2,20.0,1,,,3,06f4d9ab-2d66-4d8f-845c-680ac99ec639,https://london-trader-6b45bffdcd02.herokuapp.com,wss://london-trader-6b45bffdcd02.herokuapp.com,,1,2,ghp,gamified,human_only,0.0,1,15,"[8.0, 4.0, 20.0, 8.0, 8.0, 20.0, 20.0, 4.0, 20.0, 4.0, 20.0, 0.0, 8.0, 8.0, 8.0, 8.0, 8.0, 4.0, 4.0, 20.0, 0.0, 0.0, 8.0, 4.0, 4.0, 4.0, 20.0, 8.0, 8.0, 0.0, 8.0, 4.0, 4.0]",116.0,116.0,30,ffe5xhmq,,,,,0
1,viseix7p,,0,308,307,post_exp,FinalForProlific,2026-05-12 16:19:08.162574,1,,,4068.0,1,,0.0,a7efec93-ac3e-45ce-84ac-eb2844742dd5,3040.8199999999997,59.0,8.0,472.0,3512.8199999999997,,2600.0,20.0,,,,,0.0,0,,,1,520e90a9-5e9e-4bfa-8244-34e70674e93f,https://london-trader-6b45bffdcd02.herokuapp.com,wss://london-trader-6b45bffdcd02.herokuapp.com,,1,6,ghp,gamified,human_only,0.0,0,15,"[8.0, 4.0, 20.0, 8.0, 8.0, 20.0, 20.0, 4.0, 20.0, 4.0, 20.0, 0.0, 8.0, 8.0, 8.0, 8.0, 8.0, 4.0, 4.0, 20.0, 0.0, 0.0, 8.0, 4.0, 4.0, 4.0, 20.0, 8.0, 8.0, 0.0, 8.0, 4.0, 4.0]",23.0,23.0,31,ffe5xhmq,,,,,0
2,qhz5zte3,,0,308,307,post_exp,FinalForProlific,2026-05-12 16:19:08.174764,1,,,5491.0,2,,0.0,6b8a7a0e-6534-4c7f-ba8e-d90a38b5b936,4235.24,27.0,8.0,216.0,4451.24,,3800.0,10.0,,,,,0.0,0,,,1,520e90a9-5e9e-4bfa-8244-34e70674e93f,https://london-trader-6b45bffdcd02.herokuapp.com,wss://london-trader-6b45bffdcd02.herokuapp.com,,1,6,ghp,gamified,human_only,0.0,0,15,"[8.0, 4.0, 20.0, 8.0, 8.0, 20.0, 20.0, 4.0, 20.0, 4.0, 20.0, 0.0, 8.0, 8.0, 8.0, 8.0, 8.0, 4.0, 4.0, 20.0, 0.0, 0.0, 8.0, 4.0, 4.0, 4.0, 20.0, 8.0, 8.0, 0.0, 8.0, 4.0, 4.0]",23.0,23.0,31,ffe5xhmq,,,,,0
3,kmcc2p31,,0,308,307,post_exp,FinalForProlific,2026-05-12 16:19:08.179802,1,,,6177.0,3,,0.0,1a600171-9cfa-44bf-a3d4-b7322acefe1a,4954.990000000001,4.0,8.0,32.0,4986.990000000001,,2600.0,20.0,,,,,0.0,0,,,1,520e90a9-5e9e-4bfa-8244-34e70674e93f,https://london-trader-6b45bffdcd02.herokuapp.com,wss://london-trader-6b45bffdcd02.herokuapp.com,,1,6,ghp,gamified,human_only,0.0,0,15,"[8.0, 4.0, 20.0, 8.0, 8.0, 20.0, 20.0, 4.0, 20.0, 4.0, 20.0, 0.0, 8.0, 8.0, 8.0, 8.0, 8.0, 4.0, 4.0, 20.0, 0.0, 0.0, 8.0, 4.0, 4.0, 4.0, 20.0, 8.0, 8.0, 0.0, 8.0, 4.0, 4.0]",23.0,23.0,31,ffe5xhmq,,,,,0
4,snooaw5j,,0,308,307,post_exp,FinalForProlific,2026-05-12 16:19:08.185093,1,,,5310.0,4,,0.0,cb46e42c-c695-4491-ae41-767eb4004474,4919.5,2.0,8.0,16.0,4935.5,,3800.0,10.0,,,,,0.0,0,,,1,520e90a9-5e9e-4bfa-8244-34e70674e93f,https://london-trader-6b45bffdcd02.herokuapp.com,wss://london-trader-6b45bffdcd02.herokuapp.com,,1,6,ghp,gamified,human_only,0.0,0,15,"[8.0, 4.0, 20.0, 8.0, 8.0, 20.0, 20.0, 4.0, 20.0, 4.0, 20.0, 0.0, 8.0, 8.0, 8.0, 8.0, 8.0, 4.0, 4.0, 20.0, 0.0, 0.0, 8.0, 4.0, 4.0, 4.0, 20.0, 8.0, 8.0, 0.0, 8.0, 4.0, 4.0]",23.0,23.0,31,ffe5xhmq,,,,,0
5,twrkr7hz,,0,308,307,post_exp,FinalForProlific,2026-05-12 16:19:08.193724,1,,,5777.0,5,,0.0,5e6b5ec7-66f5-446f-b458-3b18596521a3,4633.349999999999,6.0,8.0,48.0,4681.349999999999,,2600.0,20.0,,,,,0.0,0,,,1,520e90a9-5e9e-4bfa-8244-34e70674e93f,https://london-trader-6b45bffdcd02.herokuapp.com,wss://london-trader-6b45bffdcd02.herokuapp.com,,1,6,ghp,gamified,human_only,0.0,0,15,"[8.0, 4.0, 20.0, 8.0, 8.0, 20.0, 20.0, 4.0, 20.0, 4.0, 20.0, 0.0, 8.0, 8.0, 8.0, 8.0, 8.0, 4.0, 4.0, 20.0, 0.0, 0.0, 8.0, 4.0, 4.0, 4.0, 20.0, 8.0, 8.0, 0.0, 8.0, 4.0, 4.0]",23.0,23.0,31,ffe5xhmq,,,,,0
6,hk3teh8u,,0,308,307,post_exp,FinalForProlific,2026-05-12 16:19:08.431171,1,,,5073.0,6,,0.0,c9677d60-b255-4563-955c-c09e7b64f2df,4940.1,0.0,8.0,0.0,4940.1,,3800.0,10.0,,,,,0.0,0,,,1,520e90a9-5e9e-4bfa-8244-34e70674e93f,https://london-trader-6b45bffdcd02.herokuapp.com,wss://london-trader-6b45bffdcd02.herokuapp.com,,1,6,ghp,gamified,human_only,0.0,0,15,"[8.0, 4.0, 20.0, 8.0, 8.0, 20.0, 20.0, 4.0, 20.0, 4.0, 20.0, 0.0, 8.0, 8.0, 8.0, 8.0, 8.0, 4.0, 4.0, 20.0, 0.0, 0.0, 8.0, 4.0, 4.0, 4.0, 20.0, 8.0, 8.0, 0.0, 8.0, 4.0, 4.0]",23.0,23.0,31,ffe5xhmq,,,,,0
7,6kvq85km,,0,308,307,post_exp,FinalForProlific,2026-05-12 16:19:08.454950,1,,,5884.0,1,,0.0,1893c9fa-143a-45ae-8599-dfedb6054045,4914.75,3.0,8.0,24.0,4938.75,,2600.0,20.0,,,,,0.0,0,,,2,5273b4e4-2b4f-47fa-834f-bd0d84d237b0,https://london-trader-6b45bffdcd02.herokuapp.com,wss://london-trader-6b45bffdcd02.herokuapp.com,,1,6,ng,non_gamified,human_only,0.0,0,15,"[8.0, 4.0, 20.0, 8.0, 8.0, 20.0, 20.0, 4.0, 20.0, 4.0, 20.0, 0.0, 8.0, 8.0, 8.0, 8.0, 8.0, 4.0, 4.0, 20.0, 0.0, 0.0, 8.0, 4.0, 4.0, 4.0, 20.0, 8.0, 8.0, 0.0, 8.0, 4.0, 4.0]",22.0,22.0,31,ffe5xhmq,,,,,0
8,7dpcven3,,0,308,307,post_exp,FinalForProlific,2026-05-12 16:19:08.479580,1,,,5168.0,2,,0.0,18711e8c-d4a6-4e40-ac02-472f81cda568,4830.5,18.0,8.0,144.0,4974.5,,3800.0,10.0,,,,,0.0,0,,,2,5273b4e4-2b4f-47fa-834f-bd0d84d237b0,https://london-trader-6b45bffdcd02.herokuapp.com,wss://london-trader-6b45bffdcd02.herokuapp.com,,1,6,ng,non_gamified,human_only,0.0,0,15,"[8.0, 4.0, 20.0, 8.0, 8.0, 20.0, 20.0, 4.0, 20.0, 4.0, 20.0, 0.0, 8.0, 8.0, 8.0, 8.0, 8.0, 4.0, 4.0, 20.0, 0.0, 0.0, 8.0, 4.0, 4.0, 4.0, 20.0, 8.0, 8.0, 0.0, 8.0, 4.0, 4.0]",22.0,22.0,31,ffe5xhmq,,,,,0
9,2mz5up3e,,0,308,307,post_exp,FinalForProlific,2026-05-12 16:19:08.496584,1,,,5955.0,3,,0.0,ede5b087-a2ea-49eb-9494-a67b961bfc79,4915.25,4.0,8.0,32.0,4947.25,,2600.0,20.0,,,,,0.0,0,,,2,5273b4e4-2b4f-47fa-834f-bd0d84d237b0,https://london-trader-6b45bffdcd02.herokuapp.com,wss://london-trader-6b45bffdcd02.herokuapp.com,,1,6,ng,non_gamified,human_only,0.0,0,15,"[8.0, 4.0, 20.0, 8.0, 8.0, 20.0, 20.0, 4.0, 20.0, 4.0, 20.0, 0.0, 8.0, 8.0, 8.0, 8.0, 8.0, 4.0, 4.0, 20.0, 0.0, 0.0, 8.0, 4.0, 4.0, 4.0, 20.0, 8.0, 8.0, 0.0, 8.0, 4.0, 4.0]",22.0,22.0,31,ffe5xhmq,,,,,0
10,keffe6of,,0,308,307,post_exp,FinalForProlific,2026-05-12 16:19:08.505946,1,,,4719.0,4,,0.0,d00142cb-036c-42b2-986f-4d8449293679,4194.0,30.0,8.0,240.0,4434.0,,3800.0,10.0,,,,,0.0,0,,,2,5273b4e4-2b4f-47fa-834f-bd0d84d237b0,https://london-trader-6b45bffdcd02.herokuapp.com,wss://london-trader-6b45bffdcd02.herokuapp.com,,1,6,ng,non_gamified,human_only,0.0,0,15,"[8.0, 4.0, 20.0, 8.0, 8.0, 20.0, 20.0, 4.0, 20.0, 4.0, 20.0, 0.0, 8.0, 8.0, 8.0, 8.0, 8.0, 4.0, 4.0, 20.0, 0.0, 0.0, 8.0, 4.0, 4.0, 4.0, 20.0, 8.0, 8.0, 0.0, 8.0, 4.0, 4.0]",22.0,22.0,31,ffe5xhmq,,,,,0
11,quvmw080,,0,308,307,post_exp,FinalForProlific,2026-05-12 16:19:08.538071,1,,,5573.0,5,,0.0,4c5c436f-ca6c-40f1-9cb5-b8bc15205ad4,3448.25,41.0,8.0,328.0,3776.25,,2600.0,20.0,,,,,0.0,0,,,2,5273b4e4-2b4f-47fa-834f-bd0d84d237b0,https://london-trader-6b45bffdcd02.herokuapp.com,wss://london-trader-6b45bffdcd02.herokuapp.com,,1,6,ng,non_gamified,human_only,0.0,0,15,"[8.0, 4.0, 20.0, 8.0, 8.0, 20.0, 20.0, 4.0, 20.0, 4.0, 20.0, 0.0, 8.0, 8.0, 8.0, 8.0, 8.0, 4.0, 4.0, 20.0, 0.0, 0.0, 8.0, 4.0, 4.0, 4.0, 20.0, 8.0, 8.0, 0.0, 8.0, 4.0, 4.0]",22.0,22.0,31,ffe5xhmq,,,,,0
12,zmzx9bpp,,0,308,307,post_exp,FinalForProlific,2026-05-12 16:19:08.548095,1,,,5011.0,6,,0.0,bc7d5ce5-ff5f-43da-8411-1cc4780872be,4901.25,0.0,8.0,0.0,4901.25,,3800.0,10.0,,,,,0.0,0,,,2,5273b4e4-2b4f-47fa-834f-bd0d84d237b0,https://london-trader-6b45bffdcd02.herokuapp.com,wss://london-trader-6b45bffdcd02.herokuapp.com,,1,6,ng,non_gamified,human_only,0.0,0,15,"[8.0, 4.0, 20.0, 8.0, 8.0, 20.0, 20.0, 4.0, 20.0, 4.0, 20.0, 0.0, 8.0, 8.0, 8.0, 8.0, 8.0, 4.0, 4.0, 20.0, 0.0, 0.0, 8.0, 4.0, 4.0, 4.0, 20.0, 8.0, 8.0, 0.0, 8.0, 4.0, 4.0]",22.0,22.0,31,ffe5xhmq,,,,,0
13,er9d8a5v,,0,308,307,post_exp,FinalForProlific,2026-05-12 16:19:08.558728,1,,,6590.0,1,,0.0,cda8f129-61a6-4153-bf08-1c1a945507c7,4473.1,20.0,8.0,160.0,4633.1,,2600.0,20.0,,,,,0.0,0,,,3,06f4d9ab-2d66-4d8f-845c-680ac99ec639,https://london-trader-6b45bffdcd02.herokuapp.com,wss://london-trader-6b45bffdcd02.herokuapp.com,,1,2,ghp,gamified,human_only,0.0,1,15,"[8.0, 4.0, 20.0, 8.0, 8.0, 20.0, 20.0, 4.0, 20.0, 4.0, 20.0, 0.0, 8.0, 8.0, 8.0, 8.0, 8.0, 4.0, 4.0, 20.0, 0.0, 0.0, 8.0, 4.0, 4.0, 4.0, 20.0, 8.0, 8.0, 0.0, 8.0, 4.0, 4.0]",116.2,116.2,31,ffe5xhmq,,,,,0
14,r2eorolq,,0,308,307,post_exp,FinalForProlific,2026-05-12 16:19:08.574796,1,,,4974.0,2,,0.0,b5eb1e0a-5002-4683-a96b-77986bde95ab,4601.850000000001,11.0,8.0,88.0,4689.850000000001,,3800.0,10.0,,,,,0.0,0,,,3,06f4d9ab-2d66-4d8f-845c-680ac99ec639,https://london-trader-6b45bffdcd02.herokuapp.com,wss://london-trader-6b45bffdcd02.herokuapp.com,,1,2,ghp,gamified,human_only,0.0,1,15,"[8.0, 4.0, 20.0, 8.0, 8.0, 20.0, 20.0, 4.0, 20.0, 4.0, 20.0, 0.0, 8.0, 8.0, 8.0, 8.0, 8.0, 4.0, 4.0, 20.0, 0.0, 0.0, 8.0, 4.0, 4.0, 4.0, 20.0, 8.0, 8.0, 0.0, 8.0, 4.0, 4.0]",116.2,116.2,31,ffe5xhmq,,,,,0
1,viseix7p,,0,308,307,post_exp,FinalForProlific,2026-05-12 16:19:08.162574,1,,,4068.0,1,,0.0,a7efec93-ac3e-45ce-84ac-eb2844742dd5,3550.93,54.0,4.0,216.0,3766.93,,2600.0,20.0,,,,,0.0,0,,,1,520e90a9-5e9e-4bfa-8244-34e70674e93f,https://london-trader-6b45bffdcd02.herokuapp.com,wss://london-trader-6b45bffdcd02.herokuapp.com,,1,6,ghp,gamified,human_only,0.0,0,15,"[8.0, 4.0, 20.0, 8.0, 8.0, 20.0, 20.0, 4.0, 20.0, 4.0, 20.0, 0.0, 8.0, 8.0, 8.0, 8.0, 8.0, 4.0, 4.0, 20.0, 0.0, 0.0, 8.0, 4.0, 4.0, 4.0, 20.0, 8.0, 8.0, 0.0, 8.0, 4.0, 4.0]",19.5,19.5,32,ffe5xhmq,,,,,0
2,qhz5zte3,,0,308,307,post_exp,FinalForProlific,2026-05-12 16:19:08.174764,1,,,5491.0,2,,0.0,6b8a7a0e-6534-4c7f-ba8e-d90a38b5b936,4355.1900000000005,32.0,4.0,128.0,4483.1900000000005,,3800.0,10.0,,,,,0.0,0,,,1,520e90a9-5e9e-4bfa-8244-34e70674e93f,https://london-trader-6b45bffdcd02.herokuapp.com,wss://london-trader-6b45bffdcd02.herokuapp.com,,1,6,ghp,gamified,human_only,0.0,0,15,"[8.0, 4.0, 20.0, 8.0, 8.0, 20.0, 20.0, 4.0, 20.0, 4.0, 20.0, 0.0, 8.0, 8.0, 8.0, 8.0, 8.0, 4.0, 4.0, 20.0, 0.0, 0.0, 8.0, 4.0, 4.0, 4.0, 20.0, 8.0, 8.0, 0.0, 8.0, 4.0, 4.0]",19.5,19.5,32,ffe5xhmq,,,,,0
3,kmcc2p31,,0,308,307,post_exp,FinalForProlific,2026-05-12 16:19:08.179802,1,,,6177.0,3,,0.0,1a600171-9cfa-44bf-a3d4-b7322acefe1a,5024.43,0.0,4.0,0.0,5024.43,,2600.0,20.0,,,,,0.0,0,,,1,520e90a9-5e9e-4bfa-8244-34e70674e93f,https://london-trader-6b45bffdcd02.herokuapp.com,wss://london-trader-6b45bffdcd02.herokuapp.com,,1,6,ghp,gamified,human_only,0.0,0,15,"[8.0, 4.0, 20.0, 8.0, 8.0, 20.0, 20.0, 4.0, 20.0, 4.0, 20.0, 0.0, 8.0, 8.0, 8.0, 8.0, 8.0, 4.0, 4.0, 20.0, 0.0, 0.0, 8.0, 4.0, 4.0, 4.0, 20.0, 8.0, 8.0, 0.0, 8.0, 4.0, 4.0]",19.5,19.5,32,ffe5xhmq,,,,,0
4,snooaw5j,,0,308,307,post_exp,FinalForProlific,2026-05-12 16:19:08.185093,1,,,5310.0,4,,0.0,cb46e42c-c695-4491-ae41-767eb4004474,4955.5,0.0,4.0,0.0,4955.5,,3800.0,10.0,,,,,0.0,0,,,1,520e90a9-5e9e-4bfa-8244-34e70674e93f,https://london-trader-6b45bffdcd02.herokuapp.com,wss://london-trader-6b45bffdcd02.herokuapp.com,,1,6,ghp,gamified,human_only,0.0,0,15,"[8.0, 4.0, 20.0, 8.0, 8.0, 20.0, 20.0, 4.0, 20.0, 4.0, 20.0, 0.0, 8.0, 8.0, 8.0, 8.0, 8.0, 4.0, 4.0, 20.0, 0.0, 0.0, 8.0, 4.0, 4.0, 4.0, 20.0, 8.0, 8.0, 0.0, 8.0, 4.0, 4.0]",19.5,19.5,32,ffe5xhmq,,,,,0
5,twrkr7hz,,0,308,307,post_exp,FinalForProlific,2026-05-12 16:19:08.193724,1,,,5777.0,5,,0.0,5e6b5ec7-66f5-446f-b458-3b18596521a3,4701.349999999999,5.0,4.0,20.0,4721.349999999999,,2600.0,20.0,,,,,0.0,0,,,1,520e90a9-5e9e-4bfa-8244-34e70674e93f,https://london-trader-6b45bffdcd02.herokuapp.com,wss://london-trader-6b45bffdcd02.herokuapp.com,,1,6,ghp,gamified,human_only,0.0,0,15,"[8.0, 4.0, 20.0, 8.0, 8.0, 20.0, 20.0, 4.0, 20.0, 4.0, 20.0, 0.0, 8.0, 8.0, 8.0, 8.0, 8.0, 4.0, 4.0, 20.0, 0.0, 0.0, 8.0, 4.0, 4.0, 4.0, 20.0, 8.0, 8.0, 0.0, 8.0, 4.0, 4.0]",19.5,19.5,32,ffe5xhmq,,,,,0
6,hk3teh8u,,0,308,307,post_exp,FinalForProlific,2026-05-12 16:19:08.431171,1,,,5073.0,6,,0.0,c9677d60-b255-4563-955c-c09e7b64f2df,4920.6,1.0,4.0,4.0,4924.6,,3800.0,10.0,,,,,0.0,0,,,1,520e90a9-5e9e-4bfa-8244-34e70674e93f,https://london-trader-6b45bffdcd02.herokuapp.com,wss://london-trader-6b45bffdcd02.herokuapp.com,,1,6,ghp,gamified,human_only,0.0,0,15,"[8.0, 4.0, 20.0, 8.0, 8.0, 20.0, 20.0, 4.0, 20.0, 4.0, 20.0, 0.0, 8.0, 8.0, 8.0, 8.0, 8.0, 4.0, 4.0, 20.0, 0.0, 0.0, 8.0, 4.0, 4.0, 4.0, 20.0, 8.0, 8.0, 0.0, 8.0, 4.0, 4.0]",19.5,19.5,32,ffe5xhmq,,,,,0
7,6kvq85km,,0,308,307,post_exp,FinalForProlific,2026-05-12 16:19:08.454950,1,,,5884.0,1,,0.0,1893c9fa-143a-45ae-8599-dfedb6054045,4979.75,0.0,4.0,0.0,4979.75,,2600.0,20.0,,,,,0.0,0,,,2,5273b4e4-2b4f-47fa-834f-bd0d84d237b0,https://london-trader-6b45bffdcd02.herokuapp.com,wss://london-trader-6b45bffdcd02.herokuapp.com,,1,6,ng,non_gamified,human_only,0.0,0,15,"[8.0, 4.0, 20.0, 8.0, 8.0, 20.0, 20.0, 4.0, 20.0, 4.0, 20.0, 0.0, 8.0, 8.0, 8.0, 8.0, 8.0, 4.0, 4.0, 20.0, 0.0, 0.0, 8.0, 4.0, 4.0, 4.0, 20.0, 8.0, 8.0, 0.0, 8.0, 4.0, 4.0]",20.0,20.0,32,ffe5xhmq,,,,,0
8,7dpcven3,,0,308,307,post_exp,FinalForProlific,2026-05-12 16:19:08.479580,1,,,5168.0,2,,0.0,18711e8c-d4a6-4e40-ac02-472f81cda568,4974.5,15.0,4.0,60.0,5034.5,,3800.0,10.0,,,,,0.0,0,,,2,5273b4e4-2b4f-47fa-834f-bd0d84d237b0,https://london-trader-6b45bffdcd02.herokuapp.com,wss://london-trader-6b45bffdcd02.herokuapp.com,,1,6,ng,non_gamified,human_only,0.0,0,15,"[8.0, 4.0, 20.0, 8.0, 8.0, 20.0, 20.0, 4.0, 20.0, 4.0, 20.0, 0.0, 8.0, 8.0, 8.0, 8.0, 8.0, 4.0, 4.0, 20.0, 0.0, 0.0, 8.0, 4.0, 4.0, 4.0, 20.0, 8.0, 8.0, 0.0, 8.0, 4.0, 4.0]",20.0,20.0,32,ffe5xhmq,,,,,0
9,2mz5up3e,,0,308,307,post_exp,FinalForProlific,2026-05-12 16:19:08.496584,1,,,5955.0,3,,0.0,ede5b087-a2ea-49eb-9494-a67b961bfc79,5033.25,0.0,4.0,0.0,5033.25,,2600.0,20.0,,,,,0.0,0,,,2,5273b4e4-2b4f-47fa-834f-bd0d84d237b0,https://london-trader-6b45bffdcd02.herokuapp.com,wss://london-trader-6b45bffdcd02.herokuapp.com,,1,6,ng,non_gamified,human_only,0.0,0,15,"[8.0, 4.0, 20.0, 8.0, 8.0, 20.0, 20.0, 4.0, 20.0, 4.0, 20.0, 0.0, 8.0, 8.0, 8.0, 8.0, 8.0, 4.0, 4.0, 20.0, 0.0, 0.0, 8.0, 4.0, 4.0, 4.0, 20.0, 8.0, 8.0, 0.0, 8.0, 4.0, 4.0]",20.0,20.0,32,ffe5xhmq,,,,,0
10,keffe6of,,0,308,307,post_exp,FinalForProlific,2026-05-12 16:19:08.505946,1,,,4719.0,4,,0.0,d00142cb-036c-42b2-986f-4d8449293679,4371.0,33.0,4.0,132.0,4503.0,,3800.0,10.0,,,,,0.0,0,,,2,5273b4e4-2b4f-47fa-834f-bd0d84d237b0,https://london-trader-6b45bffdcd02.herokuapp.com,wss://london-trader-6b45bffdcd02.herokuapp.com,,1,6,ng,non_gamified,human_only,0.0,0,15,"[8.0, 4.0, 20.0, 8.0, 8.0, 20.0, 20.0, 4.0, 20.0, 4.0, 20.0, 0.0, 8.0, 8.0, 8.0, 8.0, 8.0, 4.0, 4.0, 20.0, 0.0, 0.0, 8.0, 4.0, 4.0, 4.0, 20.0, 8.0, 8.0, 0.0, 8.0, 4.0, 4.0]",20.0,20.0,32,ffe5xhmq,,,,,0
11,quvmw080,,0,308,307,post_exp,FinalForProlific,2026-05-12 16:19:08.538071,1,,,5573.0,5,,0.0,4c5c436f-ca6c-40f1-9cb5-b8bc15205ad4,3712.25,45.0,4.0,180.0,3892.25,,2600.0,20.0,,,,,0.0,0,,,2,5273b4e4-2b4f-47fa-834f-bd0d84d237b0,https://london-trader-6b45bffdcd02.herokuapp.com,wss://london-trader-6b45bffdcd02.herokuapp.com,,1,6,ng,non_gamified,human_only,0.0,0,15,"[8.0, 4.0, 20.0, 8.0, 8.0, 20.0, 20.0, 4.0, 20.0, 4.0, 20.0, 0.0, 8.0, 8.0, 8.0, 8.0, 8.0, 4.0, 4.0, 20.0, 0.0, 0.0, 8.0, 4.0, 4.0, 4.0, 20.0, 8.0, 8.0, 0.0, 8.0, 4.0, 4.0]",20.0,20.0,32,ffe5xhmq,,,,,0
12,zmzx9bpp,,0,308,307,post_exp,FinalForProlific,2026-05-12 16:19:08.548095,1,,,5011.0,6,,0.0,bc7d5ce5-ff5f-43da-8411-1cc4780872be,4901.25,0.0,4.0,0.0,4901.25,,3800.0,10.0,,,,,0.0,0,,,2,5273b4e4-2b4f-47fa-834f-bd0d84d237b0,https://london-trader-6b45bffdcd02.herokuapp.com,wss://london-trader-6b45bffdcd02.herokuapp.com,,1,6,ng,non_gamified,human_only,0.0,0,15,"[8.0, 4.0, 20.0, 8.0, 8.0, 20.0, 20.0, 4.0, 20.0, 4.0, 20.0, 0.0, 8.0, 8.0, 8.0, 8.0, 8.0, 4.0, 4.0, 20.0, 0.0, 0.0, 8.0, 4.0, 4.0, 4.0, 20.0, 8.0, 8.0, 0.0, 8.0, 4.0, 4.0]",20.0,20.0,32,ffe5xhmq,,,,,0
13,er9d8a5v,,0,308,307,post_exp,FinalForProlific,2026-05-12 16:19:08.558728,1,,,6590.0,1,,0.0,cda8f129-61a6-4153-bf08-1c1a945507c7,4400.94,22.0,4.0,88.0,4488.94,,2600.0,20.0,,,,,0.0,0,,,3,06f4d9ab-2d66-4d8f-845c-680ac99ec639,https://london-trader-6b45bffdcd02.herokuapp.com,wss://london-trader-6b45bffdcd02.herokuapp.com,,1,2,ghp,gamified,human_only,0.0,1,15,"[8.0, 4.0, 20.0, 8.0, 8.0, 20.0, 20.0, 4.0, 20.0, 4.0, 20.0, 0.0, 8.0, 8.0, 8.0, 8.0, 8.0, 4.0, 4.0, 20.0, 0.0, 0.0, 8.0, 4.0, 4.0, 4.0, 20.0, 8.0, 8.0, 0.0, 8.0, 4.0, 4.0]",116.06,116.06,32,ffe5xhmq,,,,,0
14,r2eorolq,,0,308,307,post_exp,FinalForProlific,2026-05-12 16:19:08.574796,1,,,4974.0,2,,0.0,b5eb1e0a-5002-4683-a96b-77986bde95ab,4689.850000000001,11.0,4.0,44.0,4733.850000000001,,3800.0,10.0,,,,,0.0,0,,,3,06f4d9ab-2d66-4d8f-845c-680ac99ec639,https://london-trader-6b45bffdcd02.herokuapp.com,wss://london-trader-6b45bffdcd02.herokuapp.com,,1,2,ghp,gamified,human_only,0.0,1,15,"[8.0, 4.0, 20.0, 8.0, 8.0, 20.0, 20.0, 4.0, 20.0, 4.0, 20.0, 0.0, 8.0, 8.0, 8.0, 8.0, 8.0, 4.0, 4.0, 20.0, 0.0, 0.0, 8.0, 4.0, 4.0, 4.0, 20.0, 8.0, 8.0, 0.0, 8.0, 4.0, 4.0]",116.06,116.06,32,ffe5xhmq,,,,,0
1,viseix7p,,0,308,307,post_exp,FinalForProlific,2026-05-12 16:19:08.162574,1,,,4068.0,1,,0.0,a7efec93-ac3e-45ce-84ac-eb2844742dd5,3729.7799999999997,57.0,4.0,228.0,3957.7799999999997,,2600.0,20.0,,,,,0.0,0,,,1,520e90a9-5e9e-4bfa-8244-34e70674e93f,https://london-trader-6b45bffdcd02.herokuapp.com,wss://london-trader-6b45bffdcd02.herokuapp.com,,1,6,ghp,gamified,human_only,0.0,0,15,"[8.0, 4.0, 20.0, 8.0, 8.0, 20.0, 20.0, 4.0, 20.0, 4.0, 20.0, 0.0, 8.0, 8.0, 8.0, 8.0, 8.0, 4.0, 4.0, 20.0, 0.0, 0.0, 8.0, 4.0, 4.0, 4.0, 20.0, 8.0, 8.0, 0.0, 8.0, 4.0, 4.0]",18.15,18.15,33,ffe5xhmq,,,,,0
2,qhz5zte3,,0,308,307,post_exp,FinalForProlific,2026-05-12 16:19:08.174764,1,,,5491.0,2,,0.0,6b8a7a0e-6534-4c7f-ba8e-d90a38b5b936,4445.99,34.0,4.0,136.0,4581.99,,3800.0,10.0,,,,,0.0,0,,,1,520e90a9-5e9e-4bfa-8244-34e70674e93f,https://london-trader-6b45bffdcd02.herokuapp.com,wss://london-trader-6b45bffdcd02.herokuapp.com,,1,6,ghp,gamified,human_only,0.0,0,15,"[8.0, 4.0, 20.0, 8.0, 8.0, 20.0, 20.0, 4.0, 20.0, 4.0, 20.0, 0.0, 8.0, 8.0, 8.0, 8.0, 8.0, 4.0, 4.0, 20.0, 0.0, 0.0, 8.0, 4.0, 4.0, 4.0, 20.0, 8.0, 8.0, 0.0, 8.0, 4.0, 4.0]",18.15,18.15,33,ffe5xhmq,,,,,0
3,kmcc2p31,,0,308,307,post_exp,FinalForProlific,2026-05-12 16:19:08.179802,1,,,6177.0,3,,0.0,1a600171-9cfa-44bf-a3d4-b7322acefe1a,5024.43,0.0,4.0,0.0,5024.43,,2600.0,20.0,,,,,0.0,0,,,1,520e90a9-5e9e-4bfa-8244-34e70674e93f,https://london-trader-6b45bffdcd02.herokuapp.com,wss://london-trader-6b45bffdcd02.herokuapp.com,,1,6,ghp,gamified,human_only,0.0,0,15,"[8.0, 4.0, 20.0, 8.0, 8.0, 20.0, 20.0, 4.0, 20.0, 4.0, 20.0, 0.0, 8.0, 8.0, 8.0, 8.0, 8.0, 4.0, 4.0, 20.0, 0.0, 0.0, 8.0, 4.0, 4.0, 4.0, 20.0, 8.0, 8.0, 0.0, 8.0, 4.0, 4.0]",18.15,18.15,33,ffe5xhmq,,,,,0
4,snooaw5j,,0,308,307,post_exp,FinalForProlific,2026-05-12 16:19:08.185093,1,,,5310.0,4,,0.0,cb46e42c-c695-4491-ae41-767eb4004474,4955.5,0.0,4.0,0.0,4955.5,,3800.0,10.0,,,,,0.0,0,,,1,520e90a9-5e9e-4bfa-8244-34e70674e93f,https://london-trader-6b45bffdcd02.herokuapp.com,wss://london-trader-6b45bffdcd02.herokuapp.com,,1,6,ghp,gamified,human_only,0.0,0,15,"[8.0, 4.0, 20.0, 8.0, 8.0, 20.0, 20.0, 4.0, 20.0, 4.0, 20.0, 0.0, 8.0, 8.0, 8.0, 8.0, 8.0, 4.0, 4.0, 20.0, 0.0, 0.0, 8.0, 4.0, 4.0, 4.0, 20.0, 8.0, 8.0, 0.0, 8.0, 4.0, 4.0]",18.15,18.15,33,ffe5xhmq,,,,,0
5,twrkr7hz,,0,308,307,post_exp,FinalForProlific,2026-05-12 16:19:08.193724,1,,,5777.0,5,,0.0,5e6b5ec7-66f5-446f-b458-3b18596521a3,4777.099999999999,2.0,4.0,8.0,4785.099999999999,,2600.0,20.0,,,,,0.0,0,,,1,520e90a9-5e9e-4bfa-8244-34e70674e93f,https://london-trader-6b45bffdcd02.herokuapp.com,wss://london-trader-6b45bffdcd02.herokuapp.com,,1,6,ghp,gamified,human_only,0.0,0,15,"[8.0, 4.0, 20.0, 8.0, 8.0, 20.0, 20.0, 4.0, 20.0, 4.0, 20.0, 0.0, 8.0, 8.0, 8.0, 8.0, 8.0, 4.0, 4.0, 20.0, 0.0, 0.0, 8.0, 4.0, 4.0, 4.0, 20.0, 8.0, 8.0, 0.0, 8.0, 4.0, 4.0]",18.15,18.15,33,ffe5xhmq,,,,,0
6,hk3teh8u,,0,308,307,post_exp,FinalForProlific,2026-05-12 16:19:08.431171,1,,,5073.0,6,,0.0,c9677d60-b255-4563-955c-c09e7b64f2df,4943.200000000001,0.0,4.0,0.0,4943.200000000001,,3800.0,10.0,,,,,0.0,0,,,1,520e90a9-5e9e-4bfa-8244-34e70674e93f,https://london-trader-6b45bffdcd02.herokuapp.com,wss://london-trader-6b45bffdcd02.herokuapp.com,,1,6,ghp,gamified,human_only,0.0,0,15,"[8.0, 4.0, 20.0, 8.0, 8.0, 20.0, 20.0, 4.0, 20.0, 4.0, 20.0, 0.0, 8.0, 8.0, 8.0, 8.0, 8.0, 4.0, 4.0, 20.0, 0.0, 0.0, 8.0, 4.0, 4.0, 4.0, 20.0, 8.0, 8.0, 0.0, 8.0, 4.0, 4.0]",18.15,18.15,33,ffe5xhmq,,,,,0
7,6kvq85km,,0,308,307,post_exp,FinalForProlific,2026-05-12 16:19:08.454950,1,,,5884.0,1,,0.0,1893c9fa-143a-45ae-8599-dfedb6054045,4979.75,0.0,4.0,0.0,4979.75,,2600.0,20.0,,,,,0.0,0,,,2,5273b4e4-2b4f-47fa-834f-bd0d84d237b0,https://london-trader-6b45bffdcd02.herokuapp.com,wss://london-trader-6b45bffdcd02.herokuapp.com,,1,6,ng,non_gamified,human_only,0.0,0,15,"[8.0, 4.0, 20.0, 8.0, 8.0, 20.0, 20.0, 4.0, 20.0, 4.0, 20.0, 0.0, 8.0, 8.0, 8.0, 8.0, 8.0, 4.0, 4.0, 20.0, 0.0, 0.0, 8.0, 4.0, 4.0, 4.0, 20.0, 8.0, 8.0, 0.0, 8.0, 4.0, 4.0]",23.0,23.0,33,ffe5xhmq,,,,,0
8,7dpcven3,,0,308,307,post_exp,FinalForProlific,2026-05-12 16:19:08.479580,1,,,5168.0,2,,0.0,18711e8c-d4a6-4e40-ac02-472f81cda568,5011.5,19.0,4.0,76.0,5087.5,,3800.0,10.0,,,,,0.0,0,,,2,5273b4e4-2b4f-47fa-834f-bd0d84d237b0,https://london-trader-6b45bffdcd02.herokuapp.com,wss://london-trader-6b45bffdcd02.herokuapp.com,,1,6,ng,non_gamified,human_only,0.0,0,15,"[8.0, 4.0, 20.0, 8.0, 8.0, 20.0, 20.0, 4.0, 20.0, 4.0, 20.0, 0.0, 8.0, 8.0, 8.0, 8.0, 8.0, 4.0, 4.0, 20.0, 0.0, 0.0, 8.0, 4.0, 4.0, 4.0, 20.0, 8.0, 8.0, 0.0, 8.0, 4.0, 4.0]",23.0,23.0,33,ffe5xhmq,,,,,0
9,2mz5up3e,,0,308,307,post_exp,FinalForProlific,2026-05-12 16:19:08.496584,1,,,5955.0,3,,0.0,ede5b087-a2ea-49eb-9494-a67b961bfc79,5033.25,0.0,4.0,0.0,5033.25,,2600.0,20.0,,,,,0.0,0,,,2,5273b4e4-2b4f-47fa-834f-bd0d84d237b0,https://london-trader-6b45bffdcd02.herokuapp.com,wss://london-trader-6b45bffdcd02.herokuapp.com,,1,6,ng,non_gamified,human_only,0.0,0,15,"[8.0, 4.0, 20.0, 8.0, 8.0, 20.0, 20.0, 4.0, 20.0, 4.0, 20.0, 0.0, 8.0, 8.0, 8.0, 8.0, 8.0, 4.0, 4.0, 20.0, 0.0, 0.0, 8.0, 4.0, 4.0, 4.0, 20.0, 8.0, 8.0, 0.0, 8.0, 4.0, 4.0]",23.0,23.0,33,ffe5xhmq,,,,,0
10,keffe6of,,0,308,307,post_exp,FinalForProlific,2026-05-12 16:19:08.505946,1,,,4719.0,4,,0.0,d00142cb-036c-42b2-986f-4d8449293679,4503.0,34.0,4.0,136.0,4639.0,,3800.0,10.0,,,,,0.0,0,,,2,5273b4e4-2b4f-47fa-834f-bd0d84d237b0,https://london-trader-6b45bffdcd02.herokuapp.com,wss://london-trader-6b45bffdcd02.herokuapp.com,,1,6,ng,non_gamified,human_only,0.0,0,15,"[8.0, 4.0, 20.0, 8.0, 8.0, 20.0, 20.0, 4.0, 20.0, 4.0, 20.0, 0.0, 8.0, 8.0, 8.0, 8.0, 8.0, 4.0, 4.0, 20.0, 0.0, 0.0, 8.0, 4.0, 4.0, 4.0, 20.0, 8.0, 8.0, 0.0, 8.0, 4.0, 4.0]",23.0,23.0,33,ffe5xhmq,,,,,0
11,quvmw080,,0,308,307,post_exp,FinalForProlific,2026-05-12 16:19:08.538071,1,,,5573.0,5,,0.0,4c5c436f-ca6c-40f1-9cb5-b8bc15205ad4,3915.25,43.0,4.0,172.0,4087.25,,2600.0,20.0,,,,,0.0,0,,,2,5273b4e4-2b4f-47fa-834f-bd0d84d237b0,https://london-trader-6b45bffdcd02.herokuapp.com,wss://london-trader-6b45bffdcd02.herokuapp.com,,1,6,ng,non_gamified,human_only,0.0,0,15,"[8.0, 4.0, 20.0, 8.0, 8.0, 20.0, 20.0, 4.0, 20.0, 4.0, 20.0, 0.0, 8.0, 8.0, 8.0, 8.0, 8.0, 4.0, 4.0, 20.0, 0.0, 0.0, 8.0, 4.0, 4.0, 4.0, 20.0, 8.0, 8.0, 0.0, 8.0, 4.0, 4.0]",23.0,23.0,33,ffe5xhmq,,,,,0
12,zmzx9bpp,,0,308,307,post_exp,FinalForProlific,2026-05-12 16:19:08.548095,1,,,5011.0,6,,0.0,bc7d5ce5-ff5f-43da-8411-1cc4780872be,4901.25,0.0,4.0,0.0,4901.25,,3800.0,10.0,,,,,0.0,0,,,2,5273b4e4-2b4f-47fa-834f-bd0d84d237b0,https://london-trader-6b45bffdcd02.herokuapp.com,wss://london-trader-6b45bffdcd02.herokuapp.com,,1,6,ng,non_gamified,human_only,0.0,0,15,"[8.0, 4.0, 20.0, 8.0, 8.0, 20.0, 20.0, 4.0, 20.0, 4.0, 20.0, 0.0, 8.0, 8.0, 8.0, 8.0, 8.0, 4.0, 4.0, 20.0, 0.0, 0.0, 8.0, 4.0, 4.0, 4.0, 20.0, 8.0, 8.0, 0.0, 8.0, 4.0, 4.0]",23.0,23.0,33,ffe5xhmq,,,,,0
13,er9d8a5v,,0,308,307,post_exp,FinalForProlific,2026-05-12 16:19:08.558728,1,,,6590.0,1,,0.0,cda8f129-61a6-4153-bf08-1c1a945507c7,4372.94,24.0,4.0,96.0,4468.94,,2600.0,20.0,,,,,0.0,0,,,3,06f4d9ab-2d66-4d8f-845c-680ac99ec639,https://london-trader-6b45bffdcd02.herokuapp.com,wss://london-trader-6b45bffdcd02.herokuapp.com,,1,2,ghp,gamified,human_only,0.0,1,15,"[8.0, 4.0, 20.0, 8.0, 8.0, 20.0, 20.0, 4.0, 20.0, 4.0, 20.0, 0.0, 8.0, 8.0, 8.0, 8.0, 8.0, 4.0, 4.0, 20.0, 0.0, 0.0, 8.0, 4.0, 4.0, 4.0, 20.0, 8.0, 8.0, 0.0, 8.0, 4.0, 4.0]",116.0,116.0,33,ffe5xhmq,,,,,0
14,r2eorolq,,0,308,307,post_exp,FinalForProlific,2026-05-12 16:19:08.574796,1,,,4974.0,2,,0.0,b5eb1e0a-5002-4683-a96b-77986bde95ab,4733.850000000001,10.0,4.0,40.0,4773.850000000001,,3800.0,10.0,,,,,0.0,0,,,3,06f4d9ab-2d66-4d8f-845c-680ac99ec639,https://london-trader-6b45bffdcd02.herokuapp.com,wss://london-trader-6b45bffdcd02.herokuapp.com,,1,2,ghp,gamified,human_only,0.0,1,15,"[8.0, 4.0, 20.0, 8.0, 8.0, 20.0, 20.0, 4.0, 20.0, 4.0, 20.0, 0.0, 8.0, 8.0, 8.0, 8.0, 8.0, 4.0, 4.0, 20.0, 0.0, 0.0, 8.0, 4.0, 4.0, 4.0, 20.0, 8.0, 8.0, 0.0, 8.0, 4.0, 4.0]",116.0,116.0,33,ffe5xhmq,,,,,0
1,yn5sz28v,,0,0,307,,,,0,,,0.0,1,,0.0,,0.0,0.0,0.0,0.0,0.0,,2600.0,20.0,,,,,0.0,0,,,1,,,,,1,6,gh,hedonic_only,human_only,0.0,0,15,,,,1,ikaycmf8,,,,,1
2,t0vh9h8x,,0,0,307,,,,0,,,0.0,2,,0.0,,0.0,0.0,0.0,0.0,0.0,,3800.0,10.0,,,,,0.0,0,,,1,,,,,1,6,gh,hedonic_only,human_only,0.0,0,15,,,,1,ikaycmf8,,,,,1
3,6ckm0zrm,,0,0,307,,,,0,,,0.0,3,,0.0,,0.0,0.0,0.0,0.0,0.0,,2600.0,20.0,,,,,0.0,0,,,1,,,,,1,6,gh,hedonic_only,human_only,0.0,0,15,,,,1,ikaycmf8,,,,,1
4,r11m2ep9,,0,0,307,,,,0,,,0.0,4,,0.0,,0.0,0.0,0.0,0.0,0.0,,3800.0,10.0,,,,,0.0,0,,,1,,,,,1,6,gh,hedonic_only,human_only,0.0,0,15,,,,1,ikaycmf8,,,,,1
5,e9wpbatq,,0,0,307,,,,0,,,0.0,5,,0.0,,0.0,0.0,0.0,0.0,0.0,,2600.0,20.0,,,,,0.0,0,,,1,,,,,1,6,gh,hedonic_only,human_only,0.0,0,15,,,,1,ikaycmf8,,,,,1
6,nenkbgc8,,0,0,307,,,,0,,,0.0,6,,0.0,,0.0,0.0,0.0,0.0,0.0,,3800.0,10.0,,,,,0.0,0,,,1,,,,,1,6,gh,hedonic_only,human_only,0.0,0,15,,,,1,ikaycmf8,,,,,1
7,y9ted3ir,,0,0,307,,,,0,,,0.0,1,,0.0,,0.0,0.0,0.0,0.0,0.0,,2600.0,20.0,,,,,0.0,0,,,2,,,,,1,6,gp,info_only,human_only,0.0,0,15,,,,1,ikaycmf8,,,,,1
8,vhfzkabo,,0,0,307,,,,0,,,0.0,2,,0.0,,0.0,0.0,0.0,0.0,0.0,,3800.0,10.0,,,,,0.0,0,,,2,,,,,1,6,gp,info_only,human_only,0.0,0,15,,,,1,ikaycmf8,,,,,1
9,6momimo9,,0,0,307,,,,0,,,0.0,3,,0.0,,0.0,0.0,0.0,0.0,0.0,,2600.0,20.0,,,,,0.0,0,,,2,,,,,1,6,gp,info_only,human_only,0.0,0,15,,,,1,ikaycmf8,,,,,1
10,08r0w9lr,,0,0,307,,,,0,,,0.0,4,,0.0,,0.0,0.0,0.0,0.0,0.0,,3800.0,10.0,,,,,0.0,0,,,2,,,,,1,6,gp,info_only,human_only,0.0,0,15,,,,1,ikaycmf8,,,,,1
11,jbj6kmuu,,0,0,307,,,,0,,,0.0,5,,0.0,,0.0,0.0,0.0,0.0,0.0,,2600.0,20.0,,,,,0.0,0,,,2,,,,,1,6,gp,info_only,human_only,0.0,0,15,,,,1,ikaycmf8,,,,,1
12,bgcts3uh,,0,0,307,,,,0,,,0.0,6,,0.0,,0.0,0.0,0.0,0.0,0.0,,3800.0,10.0,,,,,0.0,0,,,2,,,,,1,6,gp,info_only,human_only,0.0,0,15,,,,1,ikaycmf8,,,,,1
1,yn5sz28v,,0,0,307,,,,0,,,0.0,1,,0.0,,0.0,0.0,0.0,0.0,0.0,,2600.0,20.0,,,,,0.0,0,,,1,,,,,1,6,gh,hedonic_only,human_only,0.0,0,15,,,,2,ikaycmf8,,,,,1
2,t0vh9h8x,,0,0,307,,,,0,,,0.0,2,,0.0,,0.0,0.0,0.0,0.0,0.0,,3800.0,10.0,,,,,0.0,0,,,1,,,,,1,6,gh,hedonic_only,human_only,0.0,0,15,,,,2,ikaycmf8,,,,,1
3,6ckm0zrm,,0,0,307,,,,0,,,0.0,3,,0.0,,0.0,0.0,0.0,0.0,0.0,,2600.0,20.0,,,,,0.0,0,,,1,,,,,1,6,gh,hedonic_only,human_only,0.0,0,15,,,,2,ikaycmf8,,,,,1
4,r11m2ep9,,0,0,307,,,,0,,,0.0,4,,0.0,,0.0,0.0,0.0,0.0,0.0,,3800.0,10.0,,,,,0.0,0,,,1,,,,,1,6,gh,hedonic_only,human_only,0.0,0,15,,,,2,ikaycmf8,,,,,1
5,e9wpbatq,,0,0,307,,,,0,,,0.0,5,,0.0,,0.0,0.0,0.0,0.0,0.0,,2600.0,20.0,,,,,0.0,0,,,1,,,,,1,6,gh,hedonic_only,human_only,0.0,0,15,,,,2,ikaycmf8,,,,,1
6,nenkbgc8,,0,0,307,,,,0,,,0.0,6,,0.0,,0.0,0.0,0.0,0.0,0.0,,3800.0,10.0,,,,,0.0,0,,,1,,,,,1,6,gh,hedonic_only,human_only,0.0,0,15,,,,2,ikaycmf8,,,,,1
7,y9ted3ir,,0,0,307,,,,0,,,0.0,1,,0.0,,0.0,0.0,0.0,0.0,0.0,,2600.0,20.0,,,,,0.0,0,,,2,,,,,1,6,gp,info_only,human_only,0.0,0,15,,,,2,ikaycmf8,,,,,1
8,vhfzkabo,,0,0,307,,,,0,,,0.0,2,,0.0,,0.0,0.0,0.0,0.0,0.0,,3800.0,10.0,,,,,0.0,0,,,2,,,,,1,6,gp,info_only,human_only,0.0,0,15,,,,2,ikaycmf8,,,,,1
9,6momimo9,,0,0,307,,,,0,,,0.0,3,,0.0,,0.0,0.0,0.0,0.0,0.0,,2600.0,20.0,,,,,0.0,0,,,2,,,,,1,6,gp,info_only,human_only,0.0,0,15,,,,2,ikaycmf8,,,,,1
10,08r0w9lr,,0,0,307,,,,0,,,0.0,4,,0.0,,0.0,0.0,0.0,0.0,0.0,,3800.0,10.0,,,,,0.0,0,,,2,,,,,1,6,gp,info_only,human_only,0.0,0,15,,,,2,ikaycmf8,,,,,1
11,jbj6kmuu,,0,0,307,,,,0,,,0.0,5,,0.0,,0.0,0.0,0.0,0.0,0.0,,2600.0,20.0,,,,,0.0,0,,,2,,,,,1,6,gp,info_only,human_only,0.0,0,15,,,,2,ikaycmf8,,,,,1
12,bgcts3uh,,0,0,307,,,,0,,,0.0,6,,0.0,,0.0,0.0,0.0,0.0,0.0,,3800.0,10.0,,,,,0.0,0,,,2,,,,,1,6,gp,info_only,human_only,0.0,0,15,,,,2,ikaycmf8,,,,,1
1,yn5sz28v,,0,0,307,,,,0,,,0.0,1,,0.0,,0.0,0.0,0.0,0.0,0.0,,2600.0,20.0,,,,,0.0,0,,,1,,,,,1,6,gh,hedonic_only,human_only,0.0,0,15,,,,3,ikaycmf8,,,,,1
2,t0vh9h8x,,0,0,307,,,,0,,,0.0,2,,0.0,,0.0,0.0,0.0,0.0,0.0,,3800.0,10.0,,,,,0.0,0,,,1,,,,,1,6,gh,hedonic_only,human_only,0.0,0,15,,,,3,ikaycmf8,,,,,1
3,6ckm0zrm,,0,0,307,,,,0,,,0.0,3,,0.0,,0.0,0.0,0.0,0.0,0.0,,2600.0,20.0,,,,,0.0,0,,,1,,,,,1,6,gh,hedonic_only,human_only,0.0,0,15,,,,3,ikaycmf8,,,,,1
4,r11m2ep9,,0,0,307,,,,0,,,0.0,4,,0.0,,0.0,0.0,0.0,0.0,0.0,,3800.0,10.0,,,,,0.0,0,,,1,,,,,1,6,gh,hedonic_only,human_only,0.0,0,15,,,,3,ikaycmf8,,,,,1
5,e9wpbatq,,0,0,307,,,,0,,,0.0,5,,0.0,,0.0,0.0,0.0,0.0,0.0,,2600.0,20.0,,,,,0.0,0,,,1,,,,,1,6,gh,hedonic_only,human_only,0.0,0,15,,,,3,ikaycmf8,,,,,1
6,nenkbgc8,,0,0,307,,,,0,,,0.0,6,,0.0,,0.0,0.0,0.0,0.0,0.0,,3800.0,10.0,,,,,0.0,0,,,1,,,,,1,6,gh,hedonic_only,human_only,0.0,0,15,,,,3,ikaycmf8,,,,,1
7,y9ted3ir,,0,0,307,,,,0,,,0.0,1,,0.0,,0.0,0.0,0.0,0.0,0.0,,2600.0,20.0,,,,,0.0,0,,,2,,,,,1,6,gp,info_only,human_only,0.0,0,15,,,,3,ikaycmf8,,,,,1
8,vhfzkabo,,0,0,307,,,,0,,,0.0,2,,0.0,,0.0,0.0,0.0,0.0,0.0,,3800.0,10.0,,,,,0.0,0,,,2,,,,,1,6,gp,info_only,human_only,0.0,0,15,,,,3,ikaycmf8,,,,,1
9,6momimo9,,0,0,307,,,,0,,,0.0,3,,0.0,,0.0,0.0,0.0,0.0,0.0,,2600.0,20.0,,,,,0.0,0,,,2,,,,,1,6,gp,info_only,human_only,0.0,0,15,,,,3,ikaycmf8,,,,,1
10,08r0w9lr,,0,0,307,,,,0,,,0.0,4,,0.0,,0.0,0.0,0.0,0.0,0.0,,3800.0,10.0,,,,,0.0,0,,,2,,,,,1,6,gp,info_only,human_only,0.0,0,15,,,,3,ikaycmf8,,,,,1
11,jbj6kmuu,,0,0,307,,,,0,,,0.0,5,,0.0,,0.0,0.0,0.0,0.0,0.0,,2600.0,20.0,,,,,0.0,0,,,2,,,,,1,6,gp,info_only,human_only,0.0,0,15,,,,3,ikaycmf8,,,,,1
12,bgcts3uh,,0,0,307,,,,0,,,0.0,6,,0.0,,0.0,0.0,0.0,0.0,0.0,,3800.0,10.0,,,,,0.0,0,,,2,,,,,1,6,gp,info_only,human_only,0.0,0,15,,,,3,ikaycmf8,,,,,1
1,yn5sz28v,,0,0,307,,,,0,,,0.0,1,,0.0,,0.0,0.0,0.0,0.0,0.0,,2600.0,20.0,,,,,0.0,0,,,1,,,,,1,6,gh,hedonic_only,human_only,0.0,0,15,,,,4,ikaycmf8,,,,,1
2,t0vh9h8x,,0,0,307,,,,0,,,0.0,2,,0.0,,0.0,0.0,0.0,0.0,0.0,,3800.0,10.0,,,,,0.0,0,,,1,,,,,1,6,gh,hedonic_only,human_only,0.0,0,15,,,,4,ikaycmf8,,,,,1
3,6ckm0zrm,,0,0,307,,,,0,,,0.0,3,,0.0,,0.0,0.0,0.0,0.0,0.0,,2600.0,20.0,,,,,0.0,0,,,1,,,,,1,6,gh,hedonic_only,human_only,0.0,0,15,,,,4,ikaycmf8,,,,,1
4,r11m2ep9,,0,0,307,,,,0,,,0.0,4,,0.0,,0.0,0.0,0.0,0.0,0.0,,3800.0,10.0,,,,,0.0,0,,,1,,,,,1,6,gh,hedonic_only,human_only,0.0,0,15,,,,4,ikaycmf8,,,,,1
5,e9wpbatq,,0,0,307,,,,0,,,0.0,5,,0.0,,0.0,0.0,0.0,0.0,0.0,,2600.0,20.0,,,,,0.0,0,,,1,,,,,1,6,gh,hedonic_only,human_only,0.0,0,15,,,,4,ikaycmf8,,,,,1
6,nenkbgc8,,0,0,307,,,,0,,,0.0,6,,0.0,,0.0,0.0,0.0,0.0,0.0,,3800.0,10.0,,,,,0.0,0,,,1,,,,,1,6,gh,hedonic_only,human_only,0.0,0,15,,,,4,ikaycmf8,,,,,1
7,y9ted3ir,,0,0,307,,,,0,,,0.0,1,,0.0,,0.0,0.0,0.0,0.0,0.0,,2600.0,20.0,,,,,0.0,0,,,2,,,,,1,6,gp,info_only,human_only,0.0,0,15,,,,4,ikaycmf8,,,,,1
8,vhfzkabo,,0,0,307,,,,0,,,0.0,2,,0.0,,0.0,0.0,0.0,0.0,0.0,,3800.0,10.0,,,,,0.0,0,,,2,,,,,1,6,gp,info_only,human_only,0.0,0,15,,,,4,ikaycmf8,,,,,1
9,6momimo9,,0,0,307,,,,0,,,0.0,3,,0.0,,0.0,0.0,0.0,0.0,0.0,,2600.0,20.0,,,,,0.0,0,,,2,,,,,1,6,gp,info_only,human_only,0.0,0,15,,,,4,ikaycmf8,,,,,1
10,08r0w9lr,,0,0,307,,,,0,,,0.0,4,,0.0,,0.0,0.0,0.0,0.0,0.0,,3800.0,10.0,,,,,0.0,0,,,2,,,,,1,6,gp,info_only,human_only,0.0,0,15,,,,4,ikaycmf8,,,,,1
11,jbj6kmuu,,0,0,307,,,,0,,,0.0,5,,0.0,,0.0,0.0,0.0,0.0,0.0,,2600.0,20.0,,,,,0.0,0,,,2,,,,,1,6,gp,info_only,human_only,0.0,0,15,,,,4,ikaycmf8,,,,,1
12,bgcts3uh,,0,0,307,,,,0,,,0.0,6,,0.0,,0.0,0.0,0.0,0.0,0.0,,3800.0,10.0,,,,,0.0,0,,,2,,,,,1,6,gp,info_only,human_only,0.0,0,15,,,,4,ikaycmf8,,,,,1
1,yn5sz28v,,0,0,307,,,,0,,,0.0,1,,0.0,,0.0,0.0,0.0,0.0,0.0,,2600.0,20.0,,,,,0.0,0,,,1,,,,,1,6,gh,hedonic_only,human_only,0.0,0,15,,,,5,ikaycmf8,,,,,1
2,t0vh9h8x,,0,0,307,,,,0,,,0.0,2,,0.0,,0.0,0.0,0.0,0.0,0.0,,3800.0,10.0,,,,,0.0,0,,,1,,,,,1,6,gh,hedonic_only,human_only,0.0,0,15,,,,5,ikaycmf8,,,,,1
3,6ckm0zrm,,0,0,307,,,,0,,,0.0,3,,0.0,,0.0,0.0,0.0,0.0,0.0,,2600.0,20.0,,,,,0.0,0,,,1,,,,,1,6,gh,hedonic_only,human_only,0.0,0,15,,,,5,ikaycmf8,,,,,1
4,r11m2ep9,,0,0,307,,,,0,,,0.0,4,,0.0,,0.0,0.0,0.0,0.0,0.0,,3800.0,10.0,,,,,0.0,0,,,1,,,,,1,6,gh,hedonic_only,human_only,0.0,0,15,,,,5,ikaycmf8,,,,,1
5,e9wpbatq,,0,0,307,,,,0,,,0.0,5,,0.0,,0.0,0.0,0.0,0.0,0.0,,2600.0,20.0,,,,,0.0,0,,,1,,,,,1,6,gh,hedonic_only,human_only,0.0,0,15,,,,5,ikaycmf8,,,,,1
6,nenkbgc8,,0,0,307,,,,0,,,0.0,6,,0.0,,0.0,0.0,0.0,0.0,0.0,,3800.0,10.0,,,,,0.0,0,,,1,,,,,1,6,gh,hedonic_only,human_only,0.0,0,15,,,,5,ikaycmf8,,,,,1
7,y9ted3ir,,0,0,307,,,,0,,,0.0,1,,0.0,,0.0,0.0,0.0,0.0,0.0,,2600.0,20.0,,,,,0.0,0,,,2,,,,,1,6,gp,info_only,human_only,0.0,0,15,,,,5,ikaycmf8,,,,,1
8,vhfzkabo,,0,0,307,,,,0,,,0.0,2,,0.0,,0.0,0.0,0.0,0.0,0.0,,3800.0,10.0,,,,,0.0,0,,,2,,,,,1,6,gp,info_only,human_only,0.0,0,15,,,,5,ikaycmf8,,,,,1
9,6momimo9,,0,0,307,,,,0,,,0.0,3,,0.0,,0.0,0.0,0.0,0.0,0.0,,2600.0,20.0,,,,,0.0,0,,,2,,,,,1,6,gp,info_only,human_only,0.0,0,15,,,,5,ikaycmf8,,,,,1
10,08r0w9lr,,0,0,307,,,,0,,,0.0,4,,0.0,,0.0,0.0,0.0,0.0,0.0,,3800.0,10.0,,,,,0.0,0,,,2,,,,,1,6,gp,info_only,human_only,0.0,0,15,,,,5,ikaycmf8,,,,,1
11,jbj6kmuu,,0,0,307,,,,0,,,0.0,5,,0.0,,0.0,0.0,0.0,0.0,0.0,,2600.0,20.0,,,,,0.0,0,,,2,,,,,1,6,gp,info_only,human_only,0.0,0,15,,,,5,ikaycmf8,,,,,1
12,bgcts3uh,,0,0,307,,,,0,,,0.0,6,,0.0,,0.0,0.0,0.0,0.0,0.0,,3800.0,10.0,,,,,0.0,0,,,2,,,,,1,6,gp,info_only,human_only,0.0,0,15,,,,5,ikaycmf8,,,,,1
1,yn5sz28v,,0,0,307,,,,0,,,0.0,1,,0.0,,0.0,0.0,0.0,0.0,0.0,,2600.0,20.0,,,,,0.0,0,,,1,,,,,1,6,gh,hedonic_only,human_only,0.0,0,15,,,,6,ikaycmf8,,,,,1
2,t0vh9h8x,,0,0,307,,,,0,,,0.0,2,,0.0,,0.0,0.0,0.0,0.0,0.0,,3800.0,10.0,,,,,0.0,0,,,1,,,,,1,6,gh,hedonic_only,human_only,0.0,0,15,,,,6,ikaycmf8,,,,,1
3,6ckm0zrm,,0,0,307,,,,0,,,0.0,3,,0.0,,0.0,0.0,0.0,0.0,0.0,,2600.0,20.0,,,,,0.0,0,,,1,,,,,1,6,gh,hedonic_only,human_only,0.0,0,15,,,,6,ikaycmf8,,,,,1
4,r11m2ep9,,0,0,307,,,,0,,,0.0,4,,0.0,,0.0,0.0,0.0,0.0,0.0,,3800.0,10.0,,,,,0.0,0,,,1,,,,,1,6,gh,hedonic_only,human_only,0.0,0,15,,,,6,ikaycmf8,,,,,1
5,e9wpbatq,,0,0,307,,,,0,,,0.0,5,,0.0,,0.0,0.0,0.0,0.0,0.0,,2600.0,20.0,,,,,0.0,0,,,1,,,,,1,6,gh,hedonic_only,human_only,0.0,0,15,,,,6,ikaycmf8,,,,,1
6,nenkbgc8,,0,0,307,,,,0,,,0.0,6,,0.0,,0.0,0.0,0.0,0.0,0.0,,3800.0,10.0,,,,,0.0,0,,,1,,,,,1,6,gh,hedonic_only,human_only,0.0,0,15,,,,6,ikaycmf8,,,,,1
7,y9ted3ir,,0,0,307,,,,0,,,0.0,1,,0.0,,0.0,0.0,0.0,0.0,0.0,,2600.0,20.0,,,,,0.0,0,,,2,,,,,1,6,gp,info_only,human_only,0.0,0,15,,,,6,ikaycmf8,,,,,1
8,vhfzkabo,,0,0,307,,,,0,,,0.0,2,,0.0,,0.0,0.0,0.0,0.0,0.0,,3800.0,10.0,,,,,0.0,0,,,2,,,,,1,6,gp,info_only,human_only,0.0,0,15,,,,6,ikaycmf8,,,,,1
9,6momimo9,,0,0,307,,,,0,,,0.0,3,,0.0,,0.0,0.0,0.0,0.0,0.0,,2600.0,20.0,,,,,0.0,0,,,2,,,,,1,6,gp,info_only,human_only,0.0,0,15,,,,6,ikaycmf8,,,,,1
10,08r0w9lr,,0,0,307,,,,0,,,0.0,4,,0.0,,0.0,0.0,0.0,0.0,0.0,,3800.0,10.0,,,,,0.0,0,,,2,,,,,1,6,gp,info_only,human_only,0.0,0,15,,,,6,ikaycmf8,,,,,1
11,jbj6kmuu,,0,0,307,,,,0,,,0.0,5,,0.0,,0.0,0.0,0.0,0.0,0.0,,2600.0,20.0,,,,,0.0,0,,,2,,,,,1,6,gp,info_only,human_only,0.0,0,15,,,,6,ikaycmf8,,,,,1
12,bgcts3uh,,0,0,307,,,,0,,,0.0,6,,0.0,,0.0,0.0,0.0,0.0,0.0,,3800.0,10.0,,,,,0.0,0,,,2,,,,,1,6,gp,info_only,human_only,0.0,0,15,,,,6,ikaycmf8,,,,,1
1,yn5sz28v,,0,0,307,,,,0,,,0.0,1,,0.0,,0.0,0.0,0.0,0.0,0.0,,2600.0,20.0,,,,,0.0,0,,,1,,,,,1,6,gh,hedonic_only,human_only,0.0,0,15,,,,7,ikaycmf8,,,,,1
2,t0vh9h8x,,0,0,307,,,,0,,,0.0,2,,0.0,,0.0,0.0,0.0,0.0,0.0,,3800.0,10.0,,,,,0.0,0,,,1,,,,,1,6,gh,hedonic_only,human_only,0.0,0,15,,,,7,ikaycmf8,,,,,1
3,6ckm0zrm,,0,0,307,,,,0,,,0.0,3,,0.0,,0.0,0.0,0.0,0.0,0.0,,2600.0,20.0,,,,,0.0,0,,,1,,,,,1,6,gh,hedonic_only,human_only,0.0,0,15,,,,7,ikaycmf8,,,,,1
4,r11m2ep9,,0,0,307,,,,0,,,0.0,4,,0.0,,0.0,0.0,0.0,0.0,0.0,,3800.0,10.0,,,,,0.0,0,,,1,,,,,1,6,gh,hedonic_only,human_only,0.0,0,15,,,,7,ikaycmf8,,,,,1
5,e9wpbatq,,0,0,307,,,,0,,,0.0,5,,0.0,,0.0,0.0,0.0,0.0,0.0,,2600.0,20.0,,,,,0.0,0,,,1,,,,,1,6,gh,hedonic_only,human_only,0.0,0,15,,,,7,ikaycmf8,,,,,1
6,nenkbgc8,,0,0,307,,,,0,,,0.0,6,,0.0,,0.0,0.0,0.0,0.0,0.0,,3800.0,10.0,,,,,0.0,0,,,1,,,,,1,6,gh,hedonic_only,human_only,0.0,0,15,,,,7,ikaycmf8,,,,,1
7,y9ted3ir,,0,0,307,,,,0,,,0.0,1,,0.0,,0.0,0.0,0.0,0.0,0.0,,2600.0,20.0,,,,,0.0,0,,,2,,,,,1,6,gp,info_only,human_only,0.0,0,15,,,,7,ikaycmf8,,,,,1
8,vhfzkabo,,0,0,307,,,,0,,,0.0,2,,0.0,,0.0,0.0,0.0,0.0,0.0,,3800.0,10.0,,,,,0.0,0,,,2,,,,,1,6,gp,info_only,human_only,0.0,0,15,,,,7,ikaycmf8,,,,,1
9,6momimo9,,0,0,307,,,,0,,,0.0,3,,0.0,,0.0,0.0,0.0,0.0,0.0,,2600.0,20.0,,,,,0.0,0,,,2,,,,,1,6,gp,info_only,human_only,0.0,0,15,,,,7,ikaycmf8,,,,,1
10,08r0w9lr,,0,0,307,,,,0,,,0.0,4,,0.0,,0.0,0.0,0.0,0.0,0.0,,3800.0,10.0,,,,,0.0,0,,,2,,,,,1,6,gp,info_only,human_only,0.0,0,15,,,,7,ikaycmf8,,,,,1
11,jbj6kmuu,,0,0,307,,,,0,,,0.0,5,,0.0,,0.0,0.0,0.0,0.0,0.0,,2600.0,20.0,,,,,0.0,0,,,2,,,,,1,6,gp,info_only,human_only,0.0,0,15,,,,7,ikaycmf8,,,,,1
12,bgcts3uh,,0,0,307,,,,0,,,0.0,6,,0.0,,0.0,0.0,0.0,0.0,0.0,,3800.0,10.0,,,,,0.0,0,,,2,,,,,1,6,gp,info_only,human_only,0.0,0,15,,,,7,ikaycmf8,,,,,1
1,yn5sz28v,,0,0,307,,,,0,,,0.0,1,,0.0,,0.0,0.0,0.0,0.0,0.0,,2600.0,20.0,,,,,0.0,0,,,1,,,,,1,6,gh,hedonic_only,human_only,0.0,0,15,,,,8,ikaycmf8,,,,,1
2,t0vh9h8x,,0,0,307,,,,0,,,0.0,2,,0.0,,0.0,0.0,0.0,0.0,0.0,,3800.0,10.0,,,,,0.0,0,,,1,,,,,1,6,gh,hedonic_only,human_only,0.0,0,15,,,,8,ikaycmf8,,,,,1
3,6ckm0zrm,,0,0,307,,,,0,,,0.0,3,,0.0,,0.0,0.0,0.0,0.0,0.0,,2600.0,20.0,,,,,0.0,0,,,1,,,,,1,6,gh,hedonic_only,human_only,0.0,0,15,,,,8,ikaycmf8,,,,,1
4,r11m2ep9,,0,0,307,,,,0,,,0.0,4,,0.0,,0.0,0.0,0.0,0.0,0.0,,3800.0,10.0,,,,,0.0,0,,,1,,,,,1,6,gh,hedonic_only,human_only,0.0,0,15,,,,8,ikaycmf8,,,,,1
5,e9wpbatq,,0,0,307,,,,0,,,0.0,5,,0.0,,0.0,0.0,0.0,0.0,0.0,,2600.0,20.0,,,,,0.0,0,,,1,,,,,1,6,gh,hedonic_only,human_only,0.0,0,15,,,,8,ikaycmf8,,,,,1
6,nenkbgc8,,0,0,307,,,,0,,,0.0,6,,0.0,,0.0,0.0,0.0,0.0,0.0,,3800.0,10.0,,,,,0.0,0,,,1,,,,,1,6,gh,hedonic_only,human_only,0.0,0,15,,,,8,ikaycmf8,,,,,1
7,y9ted3ir,,0,0,307,,,,0,,,0.0,1,,0.0,,0.0,0.0,0.0,0.0,0.0,,2600.0,20.0,,,,,0.0,0,,,2,,,,,1,6,gp,info_only,human_only,0.0,0,15,,,,8,ikaycmf8,,,,,1
8,vhfzkabo,,0,0,307,,,,0,,,0.0,2,,0.0,,0.0,0.0,0.0,0.0,0.0,,3800.0,10.0,,,,,0.0,0,,,2,,,,,1,6,gp,info_only,human_only,0.0,0,15,,,,8,ikaycmf8,,,,,1
9,6momimo9,,0,0,307,,,,0,,,0.0,3,,0.0,,0.0,0.0,0.0,0.0,0.0,,2600.0,20.0,,,,,0.0,0,,,2,,,,,1,6,gp,info_only,human_only,0.0,0,15,,,,8,ikaycmf8,,,,,1
10,08r0w9lr,,0,0,307,,,,0,,,0.0,4,,0.0,,0.0,0.0,0.0,0.0,0.0,,3800.0,10.0,,,,,0.0,0,,,2,,,,,1,6,gp,info_only,human_only,0.0,0,15,,,,8,ikaycmf8,,,,,1
11,jbj6kmuu,,0,0,307,,,,0,,,0.0,5,,0.0,,0.0,0.0,0.0,0.0,0.0,,2600.0,20.0,,,,,0.0,0,,,2,,,,,1,6,gp,info_only,human_only,0.0,0,15,,,,8,ikaycmf8,,,,,1
12,bgcts3uh,,0,0,307,,,,0,,,0.0,6,,0.0,,0.0,0.0,0.0,0.0,0.0,,3800.0,10.0,,,,,0.0,0,,,2,,,,,1,6,gp,info_only,human_only,0.0,0,15,,,,8,ikaycmf8,,,,,1
1,yn5sz28v,,0,0,307,,,,0,,,0.0,1,,0.0,,0.0,0.0,0.0,0.0,0.0,,2600.0,20.0,,,,,0.0,0,,,1,,,,,1,6,gh,hedonic_only,human_only,0.0,0,15,,,,9,ikaycmf8,,,,,1
2,t0vh9h8x,,0,0,307,,,,0,,,0.0,2,,0.0,,0.0,0.0,0.0,0.0,0.0,,3800.0,10.0,,,,,0.0,0,,,1,,,,,1,6,gh,hedonic_only,human_only,0.0,0,15,,,,9,ikaycmf8,,,,,1
3,6ckm0zrm,,0,0,307,,,,0,,,0.0,3,,0.0,,0.0,0.0,0.0,0.0,0.0,,2600.0,20.0,,,,,0.0,0,,,1,,,,,1,6,gh,hedonic_only,human_only,0.0,0,15,,,,9,ikaycmf8,,,,,1
4,r11m2ep9,,0,0,307,,,,0,,,0.0,4,,0.0,,0.0,0.0,0.0,0.0,0.0,,3800.0,10.0,,,,,0.0,0,,,1,,,,,1,6,gh,hedonic_only,human_only,0.0,0,15,,,,9,ikaycmf8,,,,,1
5,e9wpbatq,,0,0,307,,,,0,,,0.0,5,,0.0,,0.0,0.0,0.0,0.0,0.0,,2600.0,20.0,,,,,0.0,0,,,1,,,,,1,6,gh,hedonic_only,human_only,0.0,0,15,,,,9,ikaycmf8,,,,,1
6,nenkbgc8,,0,0,307,,,,0,,,0.0,6,,0.0,,0.0,0.0,0.0,0.0,0.0,,3800.0,10.0,,,,,0.0,0,,,1,,,,,1,6,gh,hedonic_only,human_only,0.0,0,15,,,,9,ikaycmf8,,,,,1
7,y9ted3ir,,0,0,307,,,,0,,,0.0,1,,0.0,,0.0,0.0,0.0,0.0,0.0,,2600.0,20.0,,,,,0.0,0,,,2,,,,,1,6,gp,info_only,human_only,0.0,0,15,,,,9,ikaycmf8,,,,,1
8,vhfzkabo,,0,0,307,,,,0,,,0.0,2,,0.0,,0.0,0.0,0.0,0.0,0.0,,3800.0,10.0,,,,,0.0,0,,,2,,,,,1,6,gp,info_only,human_only,0.0,0,15,,,,9,ikaycmf8,,,,,1
9,6momimo9,,0,0,307,,,,0,,,0.0,3,,0.0,,0.0,0.0,0.0,0.0,0.0,,2600.0,20.0,,,,,0.0,0,,,2,,,,,1,6,gp,info_only,human_only,0.0,0,15,,,,9,ikaycmf8,,,,,1
10,08r0w9lr,,0,0,307,,,,0,,,0.0,4,,0.0,,0.0,0.0,0.0,0.0,0.0,,3800.0,10.0,,,,,0.0,0,,,2,,,,,1,6,gp,info_only,human_only,0.0,0,15,,,,9,ikaycmf8,,,,,1
11,jbj6kmuu,,0,0,307,,,,0,,,0.0,5,,0.0,,0.0,0.0,0.0,0.0,0.0,,2600.0,20.0,,,,,0.0,0,,,2,,,,,1,6,gp,info_only,human_only,0.0,0,15,,,,9,ikaycmf8,,,,,1
12,bgcts3uh,,0,0,307,,,,0,,,0.0,6,,0.0,,0.0,0.0,0.0,0.0,0.0,,3800.0,10.0,,,,,0.0,0,,,2,,,,,1,6,gp,info_only,human_only,0.0,0,15,,,,9,ikaycmf8,,,,,1
1,yn5sz28v,,0,0,307,,,,0,,,0.0,1,,0.0,,0.0,0.0,0.0,0.0,0.0,,2600.0,20.0,,,,,0.0,0,,,1,,,,,1,6,gh,hedonic_only,human_only,0.0,0,15,,,,10,ikaycmf8,,,,,1
2,t0vh9h8x,,0,0,307,,,,0,,,0.0,2,,0.0,,0.0,0.0,0.0,0.0,0.0,,3800.0,10.0,,,,,0.0,0,,,1,,,,,1,6,gh,hedonic_only,human_only,0.0,0,15,,,,10,ikaycmf8,,,,,1
3,6ckm0zrm,,0,0,307,,,,0,,,0.0,3,,0.0,,0.0,0.0,0.0,0.0,0.0,,2600.0,20.0,,,,,0.0,0,,,1,,,,,1,6,gh,hedonic_only,human_only,0.0,0,15,,,,10,ikaycmf8,,,,,1
4,r11m2ep9,,0,0,307,,,,0,,,0.0,4,,0.0,,0.0,0.0,0.0,0.0,0.0,,3800.0,10.0,,,,,0.0,0,,,1,,,,,1,6,gh,hedonic_only,human_only,0.0,0,15,,,,10,ikaycmf8,,,,,1
5,e9wpbatq,,0,0,307,,,,0,,,0.0,5,,0.0,,0.0,0.0,0.0,0.0,0.0,,2600.0,20.0,,,,,0.0,0,,,1,,,,,1,6,gh,hedonic_only,human_only,0.0,0,15,,,,10,ikaycmf8,,,,,1
6,nenkbgc8,,0,0,307,,,,0,,,0.0,6,,0.0,,0.0,0.0,0.0,0.0,0.0,,3800.0,10.0,,,,,0.0,0,,,1,,,,,1,6,gh,hedonic_only,human_only,0.0,0,15,,,,10,ikaycmf8,,,,,1
7,y9ted3ir,,0,0,307,,,,0,,,0.0,1,,0.0,,0.0,0.0,0.0,0.0,0.0,,2600.0,20.0,,,,,0.0,0,,,2,,,,,1,6,gp,info_only,human_only,0.0,0,15,,,,10,ikaycmf8,,,,,1
8,vhfzkabo,,0,0,307,,,,0,,,0.0,2,,0.0,,0.0,0.0,0.0,0.0,0.0,,3800.0,10.0,,,,,0.0,0,,,2,,,,,1,6,gp,info_only,human_only,0.0,0,15,,,,10,ikaycmf8,,,,,1
9,6momimo9,,0,0,307,,,,0,,,0.0,3,,0.0,,0.0,0.0,0.0,0.0,0.0,,2600.0,20.0,,,,,0.0,0,,,2,,,,,1,6,gp,info_only,human_only,0.0,0,15,,,,10,ikaycmf8,,,,,1
10,08r0w9lr,,0,0,307,,,,0,,,0.0,4,,0.0,,0.0,0.0,0.0,0.0,0.0,,3800.0,10.0,,,,,0.0,0,,,2,,,,,1,6,gp,info_only,human_only,0.0,0,15,,,,10,ikaycmf8,,,,,1
11,jbj6kmuu,,0,0,307,,,,0,,,0.0,5,,0.0,,0.0,0.0,0.0,0.0,0.0,,2600.0,20.0,,,,,0.0,0,,,2,,,,,1,6,gp,info_only,human_only,0.0,0,15,,,,10,ikaycmf8,,,,,1
12,bgcts3uh,,0,0,307,,,,0,,,0.0,6,,0.0,,0.0,0.0,0.0,0.0,0.0,,3800.0,10.0,,,,,0.0,0,,,2,,,,,1,6,gp,info_only,human_only,0.0,0,15,,,,10,ikaycmf8,,,,,1
1,yn5sz28v,,0,0,307,,,,0,,,0.0,1,,0.0,,0.0,0.0,0.0,0.0,0.0,,2600.0,20.0,,,,,0.0,0,,,1,,,,,1,6,gh,hedonic_only,human_only,0.0,0,15,,,,11,ikaycmf8,,,,,1
2,t0vh9h8x,,0,0,307,,,,0,,,0.0,2,,0.0,,0.0,0.0,0.0,0.0,0.0,,3800.0,10.0,,,,,0.0,0,,,1,,,,,1,6,gh,hedonic_only,human_only,0.0,0,15,,,,11,ikaycmf8,,,,,1
3,6ckm0zrm,,0,0,307,,,,0,,,0.0,3,,0.0,,0.0,0.0,0.0,0.0,0.0,,2600.0,20.0,,,,,0.0,0,,,1,,,,,1,6,gh,hedonic_only,human_only,0.0,0,15,,,,11,ikaycmf8,,,,,1
4,r11m2ep9,,0,0,307,,,,0,,,0.0,4,,0.0,,0.0,0.0,0.0,0.0,0.0,,3800.0,10.0,,,,,0.0,0,,,1,,,,,1,6,gh,hedonic_only,human_only,0.0,0,15,,,,11,ikaycmf8,,,,,1
5,e9wpbatq,,0,0,307,,,,0,,,0.0,5,,0.0,,0.0,0.0,0.0,0.0,0.0,,2600.0,20.0,,,,,0.0,0,,,1,,,,,1,6,gh,hedonic_only,human_only,0.0,0,15,,,,11,ikaycmf8,,,,,1
6,nenkbgc8,,0,0,307,,,,0,,,0.0,6,,0.0,,0.0,0.0,0.0,0.0,0.0,,3800.0,10.0,,,,,0.0,0,,,1,,,,,1,6,gh,hedonic_only,human_only,0.0,0,15,,,,11,ikaycmf8,,,,,1
7,y9ted3ir,,0,0,307,,,,0,,,0.0,1,,0.0,,0.0,0.0,0.0,0.0,0.0,,2600.0,20.0,,,,,0.0,0,,,2,,,,,1,6,gp,info_only,human_only,0.0,0,15,,,,11,ikaycmf8,,,,,1
8,vhfzkabo,,0,0,307,,,,0,,,0.0,2,,0.0,,0.0,0.0,0.0,0.0,0.0,,3800.0,10.0,,,,,0.0,0,,,2,,,,,1,6,gp,info_only,human_only,0.0,0,15,,,,11,ikaycmf8,,,,,1
9,6momimo9,,0,0,307,,,,0,,,0.0,3,,0.0,,0.0,0.0,0.0,0.0,0.0,,2600.0,20.0,,,,,0.0,0,,,2,,,,,1,6,gp,info_only,human_only,0.0,0,15,,,,11,ikaycmf8,,,,,1
10,08r0w9lr,,0,0,307,,,,0,,,0.0,4,,0.0,,0.0,0.0,0.0,0.0,0.0,,3800.0,10.0,,,,,0.0,0,,,2,,,,,1,6,gp,info_only,human_only,0.0,0,15,,,,11,ikaycmf8,,,,,1
11,jbj6kmuu,,0,0,307,,,,0,,,0.0,5,,0.0,,0.0,0.0,0.0,0.0,0.0,,2600.0,20.0,,,,,0.0,0,,,2,,,,,1,6,gp,info_only,human_only,0.0,0,15,,,,11,ikaycmf8,,,,,1
12,bgcts3uh,,0,0,307,,,,0,,,0.0,6,,0.0,,0.0,0.0,0.0,0.0,0.0,,3800.0,10.0,,,,,0.0,0,,,2,,,,,1,6,gp,info_only,human_only,0.0,0,15,,,,11,ikaycmf8,,,,,1
1,yn5sz28v,,0,0,307,,,,0,,,0.0,1,,0.0,,0.0,0.0,0.0,0.0,0.0,,2600.0,20.0,,,,,0.0,0,,,1,,,,,1,6,gh,hedonic_only,human_only,0.0,0,15,,,,12,ikaycmf8,,,,,1
2,t0vh9h8x,,0,0,307,,,,0,,,0.0,2,,0.0,,0.0,0.0,0.0,0.0,0.0,,3800.0,10.0,,,,,0.0,0,,,1,,,,,1,6,gh,hedonic_only,human_only,0.0,0,15,,,,12,ikaycmf8,,,,,1
3,6ckm0zrm,,0,0,307,,,,0,,,0.0,3,,0.0,,0.0,0.0,0.0,0.0,0.0,,2600.0,20.0,,,,,0.0,0,,,1,,,,,1,6,gh,hedonic_only,human_only,0.0,0,15,,,,12,ikaycmf8,,,,,1
4,r11m2ep9,,0,0,307,,,,0,,,0.0,4,,0.0,,0.0,0.0,0.0,0.0,0.0,,3800.0,10.0,,,,,0.0,0,,,1,,,,,1,6,gh,hedonic_only,human_only,0.0,0,15,,,,12,ikaycmf8,,,,,1
5,e9wpbatq,,0,0,307,,,,0,,,0.0,5,,0.0,,0.0,0.0,0.0,0.0,0.0,,2600.0,20.0,,,,,0.0,0,,,1,,,,,1,6,gh,hedonic_only,human_only,0.0,0,15,,,,12,ikaycmf8,,,,,1
6,nenkbgc8,,0,0,307,,,,0,,,0.0,6,,0.0,,0.0,0.0,0.0,0.0,0.0,,3800.0,10.0,,,,,0.0,0,,,1,,,,,1,6,gh,hedonic_only,human_only,0.0,0,15,,,,12,ikaycmf8,,,,,1
7,y9ted3ir,,0,0,307,,,,0,,,0.0,1,,0.0,,0.0,0.0,0.0,0.0,0.0,,2600.0,20.0,,,,,0.0,0,,,2,,,,,1,6,gp,info_only,human_only,0.0,0,15,,,,12,ikaycmf8,,,,,1
8,vhfzkabo,,0,0,307,,,,0,,,0.0,2,,0.0,,0.0,0.0,0.0,0.0,0.0,,3800.0,10.0,,,,,0.0,0,,,2,,,,,1,6,gp,info_only,human_only,0.0,0,15,,,,12,ikaycmf8,,,,,1
9,6momimo9,,0,0,307,,,,0,,,0.0,3,,0.0,,0.0,0.0,0.0,0.0,0.0,,2600.0,20.0,,,,,0.0,0,,,2,,,,,1,6,gp,info_only,human_only,0.0,0,15,,,,12,ikaycmf8,,,,,1
10,08r0w9lr,,0,0,307,,,,0,,,0.0,4,,0.0,,0.0,0.0,0.0,0.0,0.0,,3800.0,10.0,,,,,0.0,0,,,2,,,,,1,6,gp,info_only,human_only,0.0,0,15,,,,12,ikaycmf8,,,,,1
11,jbj6kmuu,,0,0,307,,,,0,,,0.0,5,,0.0,,0.0,0.0,0.0,0.0,0.0,,2600.0,20.0,,,,,0.0,0,,,2,,,,,1,6,gp,info_only,human_only,0.0,0,15,,,,12,ikaycmf8,,,,,1
12,bgcts3uh,,0,0,307,,,,0,,,0.0,6,,0.0,,0.0,0.0,0.0,0.0,0.0,,3800.0,10.0,,,,,0.0,0,,,2,,,,,1,6,gp,info_only,human_only,0.0,0,15,,,,12,ikaycmf8,,,,,1
1,yn5sz28v,,0,0,307,,,,0,,,0.0,1,,0.0,,0.0,0.0,0.0,0.0,0.0,,2600.0,20.0,,,,,0.0,0,,,1,,,,,1,6,gh,hedonic_only,human_only,0.0,0,15,,,,13,ikaycmf8,,,,,1
2,t0vh9h8x,,0,0,307,,,,0,,,0.0,2,,0.0,,0.0,0.0,0.0,0.0,0.0,,3800.0,10.0,,,,,0.0,0,,,1,,,,,1,6,gh,hedonic_only,human_only,0.0,0,15,,,,13,ikaycmf8,,,,,1
3,6ckm0zrm,,0,0,307,,,,0,,,0.0,3,,0.0,,0.0,0.0,0.0,0.0,0.0,,2600.0,20.0,,,,,0.0,0,,,1,,,,,1,6,gh,hedonic_only,human_only,0.0,0,15,,,,13,ikaycmf8,,,,,1
4,r11m2ep9,,0,0,307,,,,0,,,0.0,4,,0.0,,0.0,0.0,0.0,0.0,0.0,,3800.0,10.0,,,,,0.0,0,,,1,,,,,1,6,gh,hedonic_only,human_only,0.0,0,15,,,,13,ikaycmf8,,,,,1
5,e9wpbatq,,0,0,307,,,,0,,,0.0,5,,0.0,,0.0,0.0,0.0,0.0,0.0,,2600.0,20.0,,,,,0.0,0,,,1,,,,,1,6,gh,hedonic_only,human_only,0.0,0,15,,,,13,ikaycmf8,,,,,1
6,nenkbgc8,,0,0,307,,,,0,,,0.0,6,,0.0,,0.0,0.0,0.0,0.0,0.0,,3800.0,10.0,,,,,0.0,0,,,1,,,,,1,6,gh,hedonic_only,human_only,0.0,0,15,,,,13,ikaycmf8,,,,,1
7,y9ted3ir,,0,0,307,,,,0,,,0.0,1,,0.0,,0.0,0.0,0.0,0.0,0.0,,2600.0,20.0,,,,,0.0,0,,,2,,,,,1,6,gp,info_only,human_only,0.0,0,15,,,,13,ikaycmf8,,,,,1
8,vhfzkabo,,0,0,307,,,,0,,,0.0,2,,0.0,,0.0,0.0,0.0,0.0,0.0,,3800.0,10.0,,,,,0.0,0,,,2,,,,,1,6,gp,info_only,human_only,0.0,0,15,,,,13,ikaycmf8,,,,,1
9,6momimo9,,0,0,307,,,,0,,,0.0,3,,0.0,,0.0,0.0,0.0,0.0,0.0,,2600.0,20.0,,,,,0.0,0,,,2,,,,,1,6,gp,info_only,human_only,0.0,0,15,,,,13,ikaycmf8,,,,,1
10,08r0w9lr,,0,0,307,,,,0,,,0.0,4,,0.0,,0.0,0.0,0.0,0.0,0.0,,3800.0,10.0,,,,,0.0,0,,,2,,,,,1,6,gp,info_only,human_only,0.0,0,15,,,,13,ikaycmf8,,,,,1
11,jbj6kmuu,,0,0,307,,,,0,,,0.0,5,,0.0,,0.0,0.0,0.0,0.0,0.0,,2600.0,20.0,,,,,0.0,0,,,2,,,,,1,6,gp,info_only,human_only,0.0,0,15,,,,13,ikaycmf8,,,,,1
12,bgcts3uh,,0,0,307,,,,0,,,0.0,6,,0.0,,0.0,0.0,0.0,0.0,0.0,,3800.0,10.0,,,,,0.0,0,,,2,,,,,1,6,gp,info_only,human_only,0.0,0,15,,,,13,ikaycmf8,,,,,1
1,yn5sz28v,,0,0,307,,,,0,,,0.0,1,,0.0,,0.0,0.0,0.0,0.0,0.0,,2600.0,20.0,,,,,0.0,0,,,1,,,,,1,6,gh,hedonic_only,human_only,0.0,0,15,,,,14,ikaycmf8,,,,,1
2,t0vh9h8x,,0,0,307,,,,0,,,0.0,2,,0.0,,0.0,0.0,0.0,0.0,0.0,,3800.0,10.0,,,,,0.0,0,,,1,,,,,1,6,gh,hedonic_only,human_only,0.0,0,15,,,,14,ikaycmf8,,,,,1
3,6ckm0zrm,,0,0,307,,,,0,,,0.0,3,,0.0,,0.0,0.0,0.0,0.0,0.0,,2600.0,20.0,,,,,0.0,0,,,1,,,,,1,6,gh,hedonic_only,human_only,0.0,0,15,,,,14,ikaycmf8,,,,,1
4,r11m2ep9,,0,0,307,,,,0,,,0.0,4,,0.0,,0.0,0.0,0.0,0.0,0.0,,3800.0,10.0,,,,,0.0,0,,,1,,,,,1,6,gh,hedonic_only,human_only,0.0,0,15,,,,14,ikaycmf8,,,,,1
5,e9wpbatq,,0,0,307,,,,0,,,0.0,5,,0.0,,0.0,0.0,0.0,0.0,0.0,,2600.0,20.0,,,,,0.0,0,,,1,,,,,1,6,gh,hedonic_only,human_only,0.0,0,15,,,,14,ikaycmf8,,,,,1
6,nenkbgc8,,0,0,307,,,,0,,,0.0,6,,0.0,,0.0,0.0,0.0,0.0,0.0,,3800.0,10.0,,,,,0.0,0,,,1,,,,,1,6,gh,hedonic_only,human_only,0.0,0,15,,,,14,ikaycmf8,,,,,1
7,y9ted3ir,,0,0,307,,,,0,,,0.0,1,,0.0,,0.0,0.0,0.0,0.0,0.0,,2600.0,20.0,,,,,0.0,0,,,2,,,,,1,6,gp,info_only,human_only,0.0,0,15,,,,14,ikaycmf8,,,,,1
8,vhfzkabo,,0,0,307,,,,0,,,0.0,2,,0.0,,0.0,0.0,0.0,0.0,0.0,,3800.0,10.0,,,,,0.0,0,,,2,,,,,1,6,gp,info_only,human_only,0.0,0,15,,,,14,ikaycmf8,,,,,1
9,6momimo9,,0,0,307,,,,0,,,0.0,3,,0.0,,0.0,0.0,0.0,0.0,0.0,,2600.0,20.0,,,,,0.0,0,,,2,,,,,1,6,gp,info_only,human_only,0.0,0,15,,,,14,ikaycmf8,,,,,1
10,08r0w9lr,,0,0,307,,,,0,,,0.0,4,,0.0,,0.0,0.0,0.0,0.0,0.0,,3800.0,10.0,,,,,0.0,0,,,2,,,,,1,6,gp,info_only,human_only,0.0,0,15,,,,14,ikaycmf8,,,,,1
11,jbj6kmuu,,0,0,307,,,,0,,,0.0,5,,0.0,,0.0,0.0,0.0,0.0,0.0,,2600.0,20.0,,,,,0.0,0,,,2,,,,,1,6,gp,info_only,human_only,0.0,0,15,,,,14,ikaycmf8,,,,,1
12,bgcts3uh,,0,0,307,,,,0,,,0.0,6,,0.0,,0.0,0.0,0.0,0.0,0.0,,3800.0,10.0,,,,,0.0,0,,,2,,,,,1,6,gp,info_only,human_only,0.0,0,15,,,,14,ikaycmf8,,,,,1
1,yn5sz28v,,0,0,307,,,,0,,,0.0,1,,0.0,,0.0,0.0,0.0,0.0,0.0,,2600.0,20.0,,,,,0.0,0,,,1,,,,,1,6,gh,hedonic_only,human_only,0.0,0,15,,,,15,ikaycmf8,,,,,1
2,t0vh9h8x,,0,0,307,,,,0,,,0.0,2,,0.0,,0.0,0.0,0.0,0.0,0.0,,3800.0,10.0,,,,,0.0,0,,,1,,,,,1,6,gh,hedonic_only,human_only,0.0,0,15,,,,15,ikaycmf8,,,,,1
3,6ckm0zrm,,0,0,307,,,,0,,,0.0,3,,0.0,,0.0,0.0,0.0,0.0,0.0,,2600.0,20.0,,,,,0.0,0,,,1,,,,,1,6,gh,hedonic_only,human_only,0.0,0,15,,,,15,ikaycmf8,,,,,1
4,r11m2ep9,,0,0,307,,,,0,,,0.0,4,,0.0,,0.0,0.0,0.0,0.0,0.0,,3800.0,10.0,,,,,0.0,0,,,1,,,,,1,6,gh,hedonic_only,human_only,0.0,0,15,,,,15,ikaycmf8,,,,,1
5,e9wpbatq,,0,0,307,,,,0,,,0.0,5,,0.0,,0.0,0.0,0.0,0.0,0.0,,2600.0,20.0,,,,,0.0,0,,,1,,,,,1,6,gh,hedonic_only,human_only,0.0,0,15,,,,15,ikaycmf8,,,,,1
6,nenkbgc8,,0,0,307,,,,0,,,0.0,6,,0.0,,0.0,0.0,0.0,0.0,0.0,,3800.0,10.0,,,,,0.0,0,,,1,,,,,1,6,gh,hedonic_only,human_only,0.0,0,15,,,,15,ikaycmf8,,,,,1
7,y9ted3ir,,0,0,307,,,,0,,,0.0,1,,0.0,,0.0,0.0,0.0,0.0,0.0,,2600.0,20.0,,,,,0.0,0,,,2,,,,,1,6,gp,info_only,human_only,0.0,0,15,,,,15,ikaycmf8,,,,,1
8,vhfzkabo,,0,0,307,,,,0,,,0.0,2,,0.0,,0.0,0.0,0.0,0.0,0.0,,3800.0,10.0,,,,,0.0,0,,,2,,,,,1,6,gp,info_only,human_only,0.0,0,15,,,,15,ikaycmf8,,,,,1
9,6momimo9,,0,0,307,,,,0,,,0.0,3,,0.0,,0.0,0.0,0.0,0.0,0.0,,2600.0,20.0,,,,,0.0,0,,,2,,,,,1,6,gp,info_only,human_only,0.0,0,15,,,,15,ikaycmf8,,,,,1
10,08r0w9lr,,0,0,307,,,,0,,,0.0,4,,0.0,,0.0,0.0,0.0,0.0,0.0,,3800.0,10.0,,,,,0.0,0,,,2,,,,,1,6,gp,info_only,human_only,0.0,0,15,,,,15,ikaycmf8,,,,,1
11,jbj6kmuu,,0,0,307,,,,0,,,0.0,5,,0.0,,0.0,0.0,0.0,0.0,0.0,,2600.0,20.0,,,,,0.0,0,,,2,,,,,1,6,gp,info_only,human_only,0.0,0,15,,,,15,ikaycmf8,,,,,1
12,bgcts3uh,,0,0,307,,,,0,,,0.0,6,,0.0,,0.0,0.0,0.0,0.0,0.0,,3800.0,10.0,,,,,0.0,0,,,2,,,,,1,6,gp,info_only,human_only,0.0,0,15,,,,15,ikaycmf8,,,,,1
1,yn5sz28v,,0,0,307,,,,0,,,0.0,1,,0.0,,0.0,0.0,0.0,0.0,0.0,,2600.0,20.0,,,,,0.0,0,,,1,,,,,1,6,gh,hedonic_only,human_only,0.0,0,15,,,,16,ikaycmf8,,,,,1
2,t0vh9h8x,,0,0,307,,,,0,,,0.0,2,,0.0,,0.0,0.0,0.0,0.0,0.0,,3800.0,10.0,,,,,0.0,0,,,1,,,,,1,6,gh,hedonic_only,human_only,0.0,0,15,,,,16,ikaycmf8,,,,,1
3,6ckm0zrm,,0,0,307,,,,0,,,0.0,3,,0.0,,0.0,0.0,0.0,0.0,0.0,,2600.0,20.0,,,,,0.0,0,,,1,,,,,1,6,gh,hedonic_only,human_only,0.0,0,15,,,,16,ikaycmf8,,,,,1
4,r11m2ep9,,0,0,307,,,,0,,,0.0,4,,0.0,,0.0,0.0,0.0,0.0,0.0,,3800.0,10.0,,,,,0.0,0,,,1,,,,,1,6,gh,hedonic_only,human_only,0.0,0,15,,,,16,ikaycmf8,,,,,1
5,e9wpbatq,,0,0,307,,,,0,,,0.0,5,,0.0,,0.0,0.0,0.0,0.0,0.0,,2600.0,20.0,,,,,0.0,0,,,1,,,,,1,6,gh,hedonic_only,human_only,0.0,0,15,,,,16,ikaycmf8,,,,,1
6,nenkbgc8,,0,0,307,,,,0,,,0.0,6,,0.0,,0.0,0.0,0.0,0.0,0.0,,3800.0,10.0,,,,,0.0,0,,,1,,,,,1,6,gh,hedonic_only,human_only,0.0,0,15,,,,16,ikaycmf8,,,,,1
7,y9ted3ir,,0,0,307,,,,0,,,0.0,1,,0.0,,0.0,0.0,0.0,0.0,0.0,,2600.0,20.0,,,,,0.0,0,,,2,,,,,1,6,gp,info_only,human_only,0.0,0,15,,,,16,ikaycmf8,,,,,1
8,vhfzkabo,,0,0,307,,,,0,,,0.0,2,,0.0,,0.0,0.0,0.0,0.0,0.0,,3800.0,10.0,,,,,0.0,0,,,2,,,,,1,6,gp,info_only,human_only,0.0,0,15,,,,16,ikaycmf8,,,,,1
9,6momimo9,,0,0,307,,,,0,,,0.0,3,,0.0,,0.0,0.0,0.0,0.0,0.0,,2600.0,20.0,,,,,0.0,0,,,2,,,,,1,6,gp,info_only,human_only,0.0,0,15,,,,16,ikaycmf8,,,,,1
10,08r0w9lr,,0,0,307,,,,0,,,0.0,4,,0.0,,0.0,0.0,0.0,0.0,0.0,,3800.0,10.0,,,,,0.0,0,,,2,,,,,1,6,gp,info_only,human_only,0.0,0,15,,,,16,ikaycmf8,,,,,1
11,jbj6kmuu,,0,0,307,,,,0,,,0.0,5,,0.0,,0.0,0.0,0.0,0.0,0.0,,2600.0,20.0,,,,,0.0,0,,,2,,,,,1,6,gp,info_only,human_only,0.0,0,15,,,,16,ikaycmf8,,,,,1
12,bgcts3uh,,0,0,307,,,,0,,,0.0,6,,0.0,,0.0,0.0,0.0,0.0,0.0,,3800.0,10.0,,,,,0.0,0,,,2,,,,,1,6,gp,info_only,human_only,0.0,0,15,,,,16,ikaycmf8,,,,,1
1,yn5sz28v,,0,0,307,,,,0,,,0.0,1,,0.0,,0.0,0.0,0.0,0.0,0.0,,2600.0,20.0,,,,,0.0,0,,,1,,,,,1,6,gh,hedonic_only,human_only,0.0,0,15,,,,17,ikaycmf8,,,,,1
2,t0vh9h8x,,0,0,307,,,,0,,,0.0,2,,0.0,,0.0,0.0,0.0,0.0,0.0,,3800.0,10.0,,,,,0.0,0,,,1,,,,,1,6,gh,hedonic_only,human_only,0.0,0,15,,,,17,ikaycmf8,,,,,1
3,6ckm0zrm,,0,0,307,,,,0,,,0.0,3,,0.0,,0.0,0.0,0.0,0.0,0.0,,2600.0,20.0,,,,,0.0,0,,,1,,,,,1,6,gh,hedonic_only,human_only,0.0,0,15,,,,17,ikaycmf8,,,,,1
4,r11m2ep9,,0,0,307,,,,0,,,0.0,4,,0.0,,0.0,0.0,0.0,0.0,0.0,,3800.0,10.0,,,,,0.0,0,,,1,,,,,1,6,gh,hedonic_only,human_only,0.0,0,15,,,,17,ikaycmf8,,,,,1
5,e9wpbatq,,0,0,307,,,,0,,,0.0,5,,0.0,,0.0,0.0,0.0,0.0,0.0,,2600.0,20.0,,,,,0.0,0,,,1,,,,,1,6,gh,hedonic_only,human_only,0.0,0,15,,,,17,ikaycmf8,,,,,1
6,nenkbgc8,,0,0,307,,,,0,,,0.0,6,,0.0,,0.0,0.0,0.0,0.0,0.0,,3800.0,10.0,,,,,0.0,0,,,1,,,,,1,6,gh,hedonic_only,human_only,0.0,0,15,,,,17,ikaycmf8,,,,,1
7,y9ted3ir,,0,0,307,,,,0,,,0.0,1,,0.0,,0.0,0.0,0.0,0.0,0.0,,2600.0,20.0,,,,,0.0,0,,,2,,,,,1,6,gp,info_only,human_only,0.0,0,15,,,,17,ikaycmf8,,,,,1
8,vhfzkabo,,0,0,307,,,,0,,,0.0,2,,0.0,,0.0,0.0,0.0,0.0,0.0,,3800.0,10.0,,,,,0.0,0,,,2,,,,,1,6,gp,info_only,human_only,0.0,0,15,,,,17,ikaycmf8,,,,,1
9,6momimo9,,0,0,307,,,,0,,,0.0,3,,0.0,,0.0,0.0,0.0,0.0,0.0,,2600.0,20.0,,,,,0.0,0,,,2,,,,,1,6,gp,info_only,human_only,0.0,0,15,,,,17,ikaycmf8,,,,,1
10,08r0w9lr,,0,0,307,,,,0,,,0.0,4,,0.0,,0.0,0.0,0.0,0.0,0.0,,3800.0,10.0,,,,,0.0,0,,,2,,,,,1,6,gp,info_only,human_only,0.0,0,15,,,,17,ikaycmf8,,,,,1
11,jbj6kmuu,,0,0,307,,,,0,,,0.0,5,,0.0,,0.0,0.0,0.0,0.0,0.0,,2600.0,20.0,,,,,0.0,0,,,2,,,,,1,6,gp,info_only,human_only,0.0,0,15,,,,17,ikaycmf8,,,,,1
12,bgcts3uh,,0,0,307,,,,0,,,0.0,6,,0.0,,0.0,0.0,0.0,0.0,0.0,,3800.0,10.0,,,,,0.0,0,,,2,,,,,1,6,gp,info_only,human_only,0.0,0,15,,,,17,ikaycmf8,,,,,1
1,yn5sz28v,,0,0,307,,,,0,,,0.0,1,,0.0,,0.0,0.0,0.0,0.0,0.0,,2600.0,20.0,,,,,0.0,0,,,1,,,,,1,6,gh,hedonic_only,human_only,0.0,0,15,,,,18,ikaycmf8,,,,,1
2,t0vh9h8x,,0,0,307,,,,0,,,0.0,2,,0.0,,0.0,0.0,0.0,0.0,0.0,,3800.0,10.0,,,,,0.0,0,,,1,,,,,1,6,gh,hedonic_only,human_only,0.0,0,15,,,,18,ikaycmf8,,,,,1
3,6ckm0zrm,,0,0,307,,,,0,,,0.0,3,,0.0,,0.0,0.0,0.0,0.0,0.0,,2600.0,20.0,,,,,0.0,0,,,1,,,,,1,6,gh,hedonic_only,human_only,0.0,0,15,,,,18,ikaycmf8,,,,,1
4,r11m2ep9,,0,0,307,,,,0,,,0.0,4,,0.0,,0.0,0.0,0.0,0.0,0.0,,3800.0,10.0,,,,,0.0,0,,,1,,,,,1,6,gh,hedonic_only,human_only,0.0,0,15,,,,18,ikaycmf8,,,,,1
5,e9wpbatq,,0,0,307,,,,0,,,0.0,5,,0.0,,0.0,0.0,0.0,0.0,0.0,,2600.0,20.0,,,,,0.0,0,,,1,,,,,1,6,gh,hedonic_only,human_only,0.0,0,15,,,,18,ikaycmf8,,,,,1
6,nenkbgc8,,0,0,307,,,,0,,,0.0,6,,0.0,,0.0,0.0,0.0,0.0,0.0,,3800.0,10.0,,,,,0.0,0,,,1,,,,,1,6,gh,hedonic_only,human_only,0.0,0,15,,,,18,ikaycmf8,,,,,1
7,y9ted3ir,,0,0,307,,,,0,,,0.0,1,,0.0,,0.0,0.0,0.0,0.0,0.0,,2600.0,20.0,,,,,0.0,0,,,2,,,,,1,6,gp,info_only,human_only,0.0,0,15,,,,18,ikaycmf8,,,,,1
8,vhfzkabo,,0,0,307,,,,0,,,0.0,2,,0.0,,0.0,0.0,0.0,0.0,0.0,,3800.0,10.0,,,,,0.0,0,,,2,,,,,1,6,gp,info_only,human_only,0.0,0,15,,,,18,ikaycmf8,,,,,1
9,6momimo9,,0,0,307,,,,0,,,0.0,3,,0.0,,0.0,0.0,0.0,0.0,0.0,,2600.0,20.0,,,,,0.0,0,,,2,,,,,1,6,gp,info_only,human_only,0.0,0,15,,,,18,ikaycmf8,,,,,1
10,08r0w9lr,,0,0,307,,,,0,,,0.0,4,,0.0,,0.0,0.0,0.0,0.0,0.0,,3800.0,10.0,,,,,0.0,0,,,2,,,,,1,6,gp,info_only,human_only,0.0,0,15,,,,18,ikaycmf8,,,,,1
11,jbj6kmuu,,0,0,307,,,,0,,,0.0,5,,0.0,,0.0,0.0,0.0,0.0,0.0,,2600.0,20.0,,,,,0.0,0,,,2,,,,,1,6,gp,info_only,human_only,0.0,0,15,,,,18,ikaycmf8,,,,,1
12,bgcts3uh,,0,0,307,,,,0,,,0.0,6,,0.0,,0.0,0.0,0.0,0.0,0.0,,3800.0,10.0,,,,,0.0,0,,,2,,,,,1,6,gp,info_only,human_only,0.0,0,15,,,,18,ikaycmf8,,,,,1
1,yn5sz28v,,0,0,307,,,,0,,,0.0,1,,0.0,,0.0,0.0,0.0,0.0,0.0,,2600.0,20.0,,,,,0.0,0,,,1,,,,,1,6,gh,hedonic_only,human_only,0.0,0,15,,,,19,ikaycmf8,,,,,1
2,t0vh9h8x,,0,0,307,,,,0,,,0.0,2,,0.0,,0.0,0.0,0.0,0.0,0.0,,3800.0,10.0,,,,,0.0,0,,,1,,,,,1,6,gh,hedonic_only,human_only,0.0,0,15,,,,19,ikaycmf8,,,,,1
3,6ckm0zrm,,0,0,307,,,,0,,,0.0,3,,0.0,,0.0,0.0,0.0,0.0,0.0,,2600.0,20.0,,,,,0.0,0,,,1,,,,,1,6,gh,hedonic_only,human_only,0.0,0,15,,,,19,ikaycmf8,,,,,1
4,r11m2ep9,,0,0,307,,,,0,,,0.0,4,,0.0,,0.0,0.0,0.0,0.0,0.0,,3800.0,10.0,,,,,0.0,0,,,1,,,,,1,6,gh,hedonic_only,human_only,0.0,0,15,,,,19,ikaycmf8,,,,,1
5,e9wpbatq,,0,0,307,,,,0,,,0.0,5,,0.0,,0.0,0.0,0.0,0.0,0.0,,2600.0,20.0,,,,,0.0,0,,,1,,,,,1,6,gh,hedonic_only,human_only,0.0,0,15,,,,19,ikaycmf8,,,,,1
6,nenkbgc8,,0,0,307,,,,0,,,0.0,6,,0.0,,0.0,0.0,0.0,0.0,0.0,,3800.0,10.0,,,,,0.0,0,,,1,,,,,1,6,gh,hedonic_only,human_only,0.0,0,15,,,,19,ikaycmf8,,,,,1
7,y9ted3ir,,0,0,307,,,,0,,,0.0,1,,0.0,,0.0,0.0,0.0,0.0,0.0,,2600.0,20.0,,,,,0.0,0,,,2,,,,,1,6,gp,info_only,human_only,0.0,0,15,,,,19,ikaycmf8,,,,,1
8,vhfzkabo,,0,0,307,,,,0,,,0.0,2,,0.0,,0.0,0.0,0.0,0.0,0.0,,3800.0,10.0,,,,,0.0,0,,,2,,,,,1,6,gp,info_only,human_only,0.0,0,15,,,,19,ikaycmf8,,,,,1
9,6momimo9,,0,0,307,,,,0,,,0.0,3,,0.0,,0.0,0.0,0.0,0.0,0.0,,2600.0,20.0,,,,,0.0,0,,,2,,,,,1,6,gp,info_only,human_only,0.0,0,15,,,,19,ikaycmf8,,,,,1
10,08r0w9lr,,0,0,307,,,,0,,,0.0,4,,0.0,,0.0,0.0,0.0,0.0,0.0,,3800.0,10.0,,,,,0.0,0,,,2,,,,,1,6,gp,info_only,human_only,0.0,0,15,,,,19,ikaycmf8,,,,,1
11,jbj6kmuu,,0,0,307,,,,0,,,0.0,5,,0.0,,0.0,0.0,0.0,0.0,0.0,,2600.0,20.0,,,,,0.0,0,,,2,,,,,1,6,gp,info_only,human_only,0.0,0,15,,,,19,ikaycmf8,,,,,1
12,bgcts3uh,,0,0,307,,,,0,,,0.0,6,,0.0,,0.0,0.0,0.0,0.0,0.0,,3800.0,10.0,,,,,0.0,0,,,2,,,,,1,6,gp,info_only,human_only,0.0,0,15,,,,19,ikaycmf8,,,,,1
1,yn5sz28v,,0,0,307,,,,0,,,0.0,1,,0.0,,0.0,0.0,0.0,0.0,0.0,,2600.0,20.0,,,,,0.0,0,,,1,,,,,1,6,gh,hedonic_only,human_only,0.0,0,15,,,,20,ikaycmf8,,,,,1
2,t0vh9h8x,,0,0,307,,,,0,,,0.0,2,,0.0,,0.0,0.0,0.0,0.0,0.0,,3800.0,10.0,,,,,0.0,0,,,1,,,,,1,6,gh,hedonic_only,human_only,0.0,0,15,,,,20,ikaycmf8,,,,,1
3,6ckm0zrm,,0,0,307,,,,0,,,0.0,3,,0.0,,0.0,0.0,0.0,0.0,0.0,,2600.0,20.0,,,,,0.0,0,,,1,,,,,1,6,gh,hedonic_only,human_only,0.0,0,15,,,,20,ikaycmf8,,,,,1
4,r11m2ep9,,0,0,307,,,,0,,,0.0,4,,0.0,,0.0,0.0,0.0,0.0,0.0,,3800.0,10.0,,,,,0.0,0,,,1,,,,,1,6,gh,hedonic_only,human_only,0.0,0,15,,,,20,ikaycmf8,,,,,1
5,e9wpbatq,,0,0,307,,,,0,,,0.0,5,,0.0,,0.0,0.0,0.0,0.0,0.0,,2600.0,20.0,,,,,0.0,0,,,1,,,,,1,6,gh,hedonic_only,human_only,0.0,0,15,,,,20,ikaycmf8,,,,,1
6,nenkbgc8,,0,0,307,,,,0,,,0.0,6,,0.0,,0.0,0.0,0.0,0.0,0.0,,3800.0,10.0,,,,,0.0,0,,,1,,,,,1,6,gh,hedonic_only,human_only,0.0,0,15,,,,20,ikaycmf8,,,,,1
7,y9ted3ir,,0,0,307,,,,0,,,0.0,1,,0.0,,0.0,0.0,0.0,0.0,0.0,,2600.0,20.0,,,,,0.0,0,,,2,,,,,1,6,gp,info_only,human_only,0.0,0,15,,,,20,ikaycmf8,,,,,1
8,vhfzkabo,,0,0,307,,,,0,,,0.0,2,,0.0,,0.0,0.0,0.0,0.0,0.0,,3800.0,10.0,,,,,0.0,0,,,2,,,,,1,6,gp,info_only,human_only,0.0,0,15,,,,20,ikaycmf8,,,,,1
9,6momimo9,,0,0,307,,,,0,,,0.0,3,,0.0,,0.0,0.0,0.0,0.0,0.0,,2600.0,20.0,,,,,0.0,0,,,2,,,,,1,6,gp,info_only,human_only,0.0,0,15,,,,20,ikaycmf8,,,,,1
10,08r0w9lr,,0,0,307,,,,0,,,0.0,4,,0.0,,0.0,0.0,0.0,0.0,0.0,,3800.0,10.0,,,,,0.0,0,,,2,,,,,1,6,gp,info_only,human_only,0.0,0,15,,,,20,ikaycmf8,,,,,1
11,jbj6kmuu,,0,0,307,,,,0,,,0.0,5,,0.0,,0.0,0.0,0.0,0.0,0.0,,2600.0,20.0,,,,,0.0,0,,,2,,,,,1,6,gp,info_only,human_only,0.0,0,15,,,,20,ikaycmf8,,,,,1
12,bgcts3uh,,0,0,307,,,,0,,,0.0,6,,0.0,,0.0,0.0,0.0,0.0,0.0,,3800.0,10.0,,,,,0.0,0,,,2,,,,,1,6,gp,info_only,human_only,0.0,0,15,,,,20,ikaycmf8,,,,,1
1,yn5sz28v,,0,0,307,,,,0,,,0.0,1,,0.0,,0.0,0.0,0.0,0.0,0.0,,2600.0,20.0,,,,,0.0,0,,,1,,,,,1,6,gh,hedonic_only,human_only,0.0,0,15,,,,21,ikaycmf8,,,,,1
2,t0vh9h8x,,0,0,307,,,,0,,,0.0,2,,0.0,,0.0,0.0,0.0,0.0,0.0,,3800.0,10.0,,,,,0.0,0,,,1,,,,,1,6,gh,hedonic_only,human_only,0.0,0,15,,,,21,ikaycmf8,,,,,1
3,6ckm0zrm,,0,0,307,,,,0,,,0.0,3,,0.0,,0.0,0.0,0.0,0.0,0.0,,2600.0,20.0,,,,,0.0,0,,,1,,,,,1,6,gh,hedonic_only,human_only,0.0,0,15,,,,21,ikaycmf8,,,,,1
4,r11m2ep9,,0,0,307,,,,0,,,0.0,4,,0.0,,0.0,0.0,0.0,0.0,0.0,,3800.0,10.0,,,,,0.0,0,,,1,,,,,1,6,gh,hedonic_only,human_only,0.0,0,15,,,,21,ikaycmf8,,,,,1
5,e9wpbatq,,0,0,307,,,,0,,,0.0,5,,0.0,,0.0,0.0,0.0,0.0,0.0,,2600.0,20.0,,,,,0.0,0,,,1,,,,,1,6,gh,hedonic_only,human_only,0.0,0,15,,,,21,ikaycmf8,,,,,1
6,nenkbgc8,,0,0,307,,,,0,,,0.0,6,,0.0,,0.0,0.0,0.0,0.0,0.0,,3800.0,10.0,,,,,0.0,0,,,1,,,,,1,6,gh,hedonic_only,human_only,0.0,0,15,,,,21,ikaycmf8,,,,,1
7,y9ted3ir,,0,0,307,,,,0,,,0.0,1,,0.0,,0.0,0.0,0.0,0.0,0.0,,2600.0,20.0,,,,,0.0,0,,,2,,,,,1,6,gp,info_only,human_only,0.0,0,15,,,,21,ikaycmf8,,,,,1
8,vhfzkabo,,0,0,307,,,,0,,,0.0,2,,0.0,,0.0,0.0,0.0,0.0,0.0,,3800.0,10.0,,,,,0.0,0,,,2,,,,,1,6,gp,info_only,human_only,0.0,0,15,,,,21,ikaycmf8,,,,,1
9,6momimo9,,0,0,307,,,,0,,,0.0,3,,0.0,,0.0,0.0,0.0,0.0,0.0,,2600.0,20.0,,,,,0.0,0,,,2,,,,,1,6,gp,info_only,human_only,0.0,0,15,,,,21,ikaycmf8,,,,,1
10,08r0w9lr,,0,0,307,,,,0,,,0.0,4,,0.0,,0.0,0.0,0.0,0.0,0.0,,3800.0,10.0,,,,,0.0,0,,,2,,,,,1,6,gp,info_only,human_only,0.0,0,15,,,,21,ikaycmf8,,,,,1
11,jbj6kmuu,,0,0,307,,,,0,,,0.0,5,,0.0,,0.0,0.0,0.0,0.0,0.0,,2600.0,20.0,,,,,0.0,0,,,2,,,,,1,6,gp,info_only,human_only,0.0,0,15,,,,21,ikaycmf8,,,,,1
12,bgcts3uh,,0,0,307,,,,0,,,0.0,6,,0.0,,0.0,0.0,0.0,0.0,0.0,,3800.0,10.0,,,,,0.0,0,,,2,,,,,1,6,gp,info_only,human_only,0.0,0,15,,,,21,ikaycmf8,,,,,1
1,yn5sz28v,,0,0,307,,,,0,,,0.0,1,,0.0,,0.0,0.0,0.0,0.0,0.0,,2600.0,20.0,,,,,0.0,0,,,1,,,,,1,6,gh,hedonic_only,human_only,0.0,0,15,,,,22,ikaycmf8,,,,,1
2,t0vh9h8x,,0,0,307,,,,0,,,0.0,2,,0.0,,0.0,0.0,0.0,0.0,0.0,,3800.0,10.0,,,,,0.0,0,,,1,,,,,1,6,gh,hedonic_only,human_only,0.0,0,15,,,,22,ikaycmf8,,,,,1
3,6ckm0zrm,,0,0,307,,,,0,,,0.0,3,,0.0,,0.0,0.0,0.0,0.0,0.0,,2600.0,20.0,,,,,0.0,0,,,1,,,,,1,6,gh,hedonic_only,human_only,0.0,0,15,,,,22,ikaycmf8,,,,,1
4,r11m2ep9,,0,0,307,,,,0,,,0.0,4,,0.0,,0.0,0.0,0.0,0.0,0.0,,3800.0,10.0,,,,,0.0,0,,,1,,,,,1,6,gh,hedonic_only,human_only,0.0,0,15,,,,22,ikaycmf8,,,,,1
5,e9wpbatq,,0,0,307,,,,0,,,0.0,5,,0.0,,0.0,0.0,0.0,0.0,0.0,,2600.0,20.0,,,,,0.0,0,,,1,,,,,1,6,gh,hedonic_only,human_only,0.0,0,15,,,,22,ikaycmf8,,,,,1
6,nenkbgc8,,0,0,307,,,,0,,,0.0,6,,0.0,,0.0,0.0,0.0,0.0,0.0,,3800.0,10.0,,,,,0.0,0,,,1,,,,,1,6,gh,hedonic_only,human_only,0.0,0,15,,,,22,ikaycmf8,,,,,1
7,y9ted3ir,,0,0,307,,,,0,,,0.0,1,,0.0,,0.0,0.0,0.0,0.0,0.0,,2600.0,20.0,,,,,0.0,0,,,2,,,,,1,6,gp,info_only,human_only,0.0,0,15,,,,22,ikaycmf8,,,,,1
8,vhfzkabo,,0,0,307,,,,0,,,0.0,2,,0.0,,0.0,0.0,0.0,0.0,0.0,,3800.0,10.0,,,,,0.0,0,,,2,,,,,1,6,gp,info_only,human_only,0.0,0,15,,,,22,ikaycmf8,,,,,1
9,6momimo9,,0,0,307,,,,0,,,0.0,3,,0.0,,0.0,0.0,0.0,0.0,0.0,,2600.0,20.0,,,,,0.0,0,,,2,,,,,1,6,gp,info_only,human_only,0.0,0,15,,,,22,ikaycmf8,,,,,1
10,08r0w9lr,,0,0,307,,,,0,,,0.0,4,,0.0,,0.0,0.0,0.0,0.0,0.0,,3800.0,10.0,,,,,0.0,0,,,2,,,,,1,6,gp,info_only,human_only,0.0,0,15,,,,22,ikaycmf8,,,,,1
11,jbj6kmuu,,0,0,307,,,,0,,,0.0,5,,0.0,,0.0,0.0,0.0,0.0,0.0,,2600.0,20.0,,,,,0.0,0,,,2,,,,,1,6,gp,info_only,human_only,0.0,0,15,,,,22,ikaycmf8,,,,,1
12,bgcts3uh,,0,0,307,,,,0,,,0.0,6,,0.0,,0.0,0.0,0.0,0.0,0.0,,3800.0,10.0,,,,,0.0,0,,,2,,,,,1,6,gp,info_only,human_only,0.0,0,15,,,,22,ikaycmf8,,,,,1
1,yn5sz28v,,0,0,307,,,,0,,,0.0,1,,0.0,,0.0,0.0,0.0,0.0,0.0,,2600.0,20.0,,,,,0.0,0,,,1,,,,,1,6,gh,hedonic_only,human_only,0.0,0,15,,,,23,ikaycmf8,,,,,1
2,t0vh9h8x,,0,0,307,,,,0,,,0.0,2,,0.0,,0.0,0.0,0.0,0.0,0.0,,3800.0,10.0,,,,,0.0,0,,,1,,,,,1,6,gh,hedonic_only,human_only,0.0,0,15,,,,23,ikaycmf8,,,,,1
3,6ckm0zrm,,0,0,307,,,,0,,,0.0,3,,0.0,,0.0,0.0,0.0,0.0,0.0,,2600.0,20.0,,,,,0.0,0,,,1,,,,,1,6,gh,hedonic_only,human_only,0.0,0,15,,,,23,ikaycmf8,,,,,1
4,r11m2ep9,,0,0,307,,,,0,,,0.0,4,,0.0,,0.0,0.0,0.0,0.0,0.0,,3800.0,10.0,,,,,0.0,0,,,1,,,,,1,6,gh,hedonic_only,human_only,0.0,0,15,,,,23,ikaycmf8,,,,,1
5,e9wpbatq,,0,0,307,,,,0,,,0.0,5,,0.0,,0.0,0.0,0.0,0.0,0.0,,2600.0,20.0,,,,,0.0,0,,,1,,,,,1,6,gh,hedonic_only,human_only,0.0,0,15,,,,23,ikaycmf8,,,,,1
6,nenkbgc8,,0,0,307,,,,0,,,0.0,6,,0.0,,0.0,0.0,0.0,0.0,0.0,,3800.0,10.0,,,,,0.0,0,,,1,,,,,1,6,gh,hedonic_only,human_only,0.0,0,15,,,,23,ikaycmf8,,,,,1
7,y9ted3ir,,0,0,307,,,,0,,,0.0,1,,0.0,,0.0,0.0,0.0,0.0,0.0,,2600.0,20.0,,,,,0.0,0,,,2,,,,,1,6,gp,info_only,human_only,0.0,0,15,,,,23,ikaycmf8,,,,,1
8,vhfzkabo,,0,0,307,,,,0,,,0.0,2,,0.0,,0.0,0.0,0.0,0.0,0.0,,3800.0,10.0,,,,,0.0,0,,,2,,,,,1,6,gp,info_only,human_only,0.0,0,15,,,,23,ikaycmf8,,,,,1
9,6momimo9,,0,0,307,,,,0,,,0.0,3,,0.0,,0.0,0.0,0.0,0.0,0.0,,2600.0,20.0,,,,,0.0,0,,,2,,,,,1,6,gp,info_only,human_only,0.0,0,15,,,,23,ikaycmf8,,,,,1
10,08r0w9lr,,0,0,307,,,,0,,,0.0,4,,0.0,,0.0,0.0,0.0,0.0,0.0,,3800.0,10.0,,,,,0.0,0,,,2,,,,,1,6,gp,info_only,human_only,0.0,0,15,,,,23,ikaycmf8,,,,,1
11,jbj6kmuu,,0,0,307,,,,0,,,0.0,5,,0.0,,0.0,0.0,0.0,0.0,0.0,,2600.0,20.0,,,,,0.0,0,,,2,,,,,1,6,gp,info_only,human_only,0.0,0,15,,,,23,ikaycmf8,,,,,1
12,bgcts3uh,,0,0,307,,,,0,,,0.0,6,,0.0,,0.0,0.0,0.0,0.0,0.0,,3800.0,10.0,,,,,0.0,0,,,2,,,,,1,6,gp,info_only,human_only,0.0,0,15,,,,23,ikaycmf8,,,,,1
1,yn5sz28v,,0,0,307,,,,0,,,0.0,1,,0.0,,0.0,0.0,0.0,0.0,0.0,,2600.0,20.0,,,,,0.0,0,,,1,,,,,1,6,gh,hedonic_only,human_only,0.0,0,15,,,,24,ikaycmf8,,,,,1
2,t0vh9h8x,,0,0,307,,,,0,,,0.0,2,,0.0,,0.0,0.0,0.0,0.0,0.0,,3800.0,10.0,,,,,0.0,0,,,1,,,,,1,6,gh,hedonic_only,human_only,0.0,0,15,,,,24,ikaycmf8,,,,,1
3,6ckm0zrm,,0,0,307,,,,0,,,0.0,3,,0.0,,0.0,0.0,0.0,0.0,0.0,,2600.0,20.0,,,,,0.0,0,,,1,,,,,1,6,gh,hedonic_only,human_only,0.0,0,15,,,,24,ikaycmf8,,,,,1
4,r11m2ep9,,0,0,307,,,,0,,,0.0,4,,0.0,,0.0,0.0,0.0,0.0,0.0,,3800.0,10.0,,,,,0.0,0,,,1,,,,,1,6,gh,hedonic_only,human_only,0.0,0,15,,,,24,ikaycmf8,,,,,1
5,e9wpbatq,,0,0,307,,,,0,,,0.0,5,,0.0,,0.0,0.0,0.0,0.0,0.0,,2600.0,20.0,,,,,0.0,0,,,1,,,,,1,6,gh,hedonic_only,human_only,0.0,0,15,,,,24,ikaycmf8,,,,,1
6,nenkbgc8,,0,0,307,,,,0,,,0.0,6,,0.0,,0.0,0.0,0.0,0.0,0.0,,3800.0,10.0,,,,,0.0,0,,,1,,,,,1,6,gh,hedonic_only,human_only,0.0,0,15,,,,24,ikaycmf8,,,,,1
7,y9ted3ir,,0,0,307,,,,0,,,0.0,1,,0.0,,0.0,0.0,0.0,0.0,0.0,,2600.0,20.0,,,,,0.0,0,,,2,,,,,1,6,gp,info_only,human_only,0.0,0,15,,,,24,ikaycmf8,,,,,1
8,vhfzkabo,,0,0,307,,,,0,,,0.0,2,,0.0,,0.0,0.0,0.0,0.0,0.0,,3800.0,10.0,,,,,0.0,0,,,2,,,,,1,6,gp,info_only,human_only,0.0,0,15,,,,24,ikaycmf8,,,,,1
9,6momimo9,,0,0,307,,,,0,,,0.0,3,,0.0,,0.0,0.0,0.0,0.0,0.0,,2600.0,20.0,,,,,0.0,0,,,2,,,,,1,6,gp,info_only,human_only,0.0,0,15,,,,24,ikaycmf8,,,,,1
10,08r0w9lr,,0,0,307,,,,0,,,0.0,4,,0.0,,0.0,0.0,0.0,0.0,0.0,,3800.0,10.0,,,,,0.0,0,,,2,,,,,1,6,gp,info_only,human_only,0.0,0,15,,,,24,ikaycmf8,,,,,1
11,jbj6kmuu,,0,0,307,,,,0,,,0.0,5,,0.0,,0.0,0.0,0.0,0.0,0.0,,2600.0,20.0,,,,,0.0,0,,,2,,,,,1,6,gp,info_only,human_only,0.0,0,15,,,,24,ikaycmf8,,,,,1
12,bgcts3uh,,0,0,307,,,,0,,,0.0,6,,0.0,,0.0,0.0,0.0,0.0,0.0,,3800.0,10.0,,,,,0.0,0,,,2,,,,,1,6,gp,info_only,human_only,0.0,0,15,,,,24,ikaycmf8,,,,,1
1,yn5sz28v,,0,0,307,,,,0,,,0.0,1,,0.0,,0.0,0.0,0.0,0.0,0.0,,2600.0,20.0,,,,,0.0,0,,,1,,,,,1,6,gh,hedonic_only,human_only,0.0,0,15,,,,25,ikaycmf8,,,,,1
2,t0vh9h8x,,0,0,307,,,,0,,,0.0,2,,0.0,,0.0,0.0,0.0,0.0,0.0,,3800.0,10.0,,,,,0.0,0,,,1,,,,,1,6,gh,hedonic_only,human_only,0.0,0,15,,,,25,ikaycmf8,,,,,1
3,6ckm0zrm,,0,0,307,,,,0,,,0.0,3,,0.0,,0.0,0.0,0.0,0.0,0.0,,2600.0,20.0,,,,,0.0,0,,,1,,,,,1,6,gh,hedonic_only,human_only,0.0,0,15,,,,25,ikaycmf8,,,,,1
4,r11m2ep9,,0,0,307,,,,0,,,0.0,4,,0.0,,0.0,0.0,0.0,0.0,0.0,,3800.0,10.0,,,,,0.0,0,,,1,,,,,1,6,gh,hedonic_only,human_only,0.0,0,15,,,,25,ikaycmf8,,,,,1
5,e9wpbatq,,0,0,307,,,,0,,,0.0,5,,0.0,,0.0,0.0,0.0,0.0,0.0,,2600.0,20.0,,,,,0.0,0,,,1,,,,,1,6,gh,hedonic_only,human_only,0.0,0,15,,,,25,ikaycmf8,,,,,1
6,nenkbgc8,,0,0,307,,,,0,,,0.0,6,,0.0,,0.0,0.0,0.0,0.0,0.0,,3800.0,10.0,,,,,0.0,0,,,1,,,,,1,6,gh,hedonic_only,human_only,0.0,0,15,,,,25,ikaycmf8,,,,,1
7,y9ted3ir,,0,0,307,,,,0,,,0.0,1,,0.0,,0.0,0.0,0.0,0.0,0.0,,2600.0,20.0,,,,,0.0,0,,,2,,,,,1,6,gp,info_only,human_only,0.0,0,15,,,,25,ikaycmf8,,,,,1
8,vhfzkabo,,0,0,307,,,,0,,,0.0,2,,0.0,,0.0,0.0,0.0,0.0,0.0,,3800.0,10.0,,,,,0.0,0,,,2,,,,,1,6,gp,info_only,human_only,0.0,0,15,,,,25,ikaycmf8,,,,,1
9,6momimo9,,0,0,307,,,,0,,,0.0,3,,0.0,,0.0,0.0,0.0,0.0,0.0,,2600.0,20.0,,,,,0.0,0,,,2,,,,,1,6,gp,info_only,human_only,0.0,0,15,,,,25,ikaycmf8,,,,,1
10,08r0w9lr,,0,0,307,,,,0,,,0.0,4,,0.0,,0.0,0.0,0.0,0.0,0.0,,3800.0,10.0,,,,,0.0,0,,,2,,,,,1,6,gp,info_only,human_only,0.0,0,15,,,,25,ikaycmf8,,,,,1
11,jbj6kmuu,,0,0,307,,,,0,,,0.0,5,,0.0,,0.0,0.0,0.0,0.0,0.0,,2600.0,20.0,,,,,0.0,0,,,2,,,,,1,6,gp,info_only,human_only,0.0,0,15,,,,25,ikaycmf8,,,,,1
12,bgcts3uh,,0,0,307,,,,0,,,0.0,6,,0.0,,0.0,0.0,0.0,0.0,0.0,,3800.0,10.0,,,,,0.0,0,,,2,,,,,1,6,gp,info_only,human_only,0.0,0,15,,,,25,ikaycmf8,,,,,1
1,yn5sz28v,,0,0,307,,,,0,,,0.0,1,,0.0,,0.0,0.0,0.0,0.0,0.0,,2600.0,20.0,,,,,0.0,0,,,1,,,,,1,6,gh,hedonic_only,human_only,0.0,0,15,,,,26,ikaycmf8,,,,,1
2,t0vh9h8x,,0,0,307,,,,0,,,0.0,2,,0.0,,0.0,0.0,0.0,0.0,0.0,,3800.0,10.0,,,,,0.0,0,,,1,,,,,1,6,gh,hedonic_only,human_only,0.0,0,15,,,,26,ikaycmf8,,,,,1
3,6ckm0zrm,,0,0,307,,,,0,,,0.0,3,,0.0,,0.0,0.0,0.0,0.0,0.0,,2600.0,20.0,,,,,0.0,0,,,1,,,,,1,6,gh,hedonic_only,human_only,0.0,0,15,,,,26,ikaycmf8,,,,,1
4,r11m2ep9,,0,0,307,,,,0,,,0.0,4,,0.0,,0.0,0.0,0.0,0.0,0.0,,3800.0,10.0,,,,,0.0,0,,,1,,,,,1,6,gh,hedonic_only,human_only,0.0,0,15,,,,26,ikaycmf8,,,,,1
5,e9wpbatq,,0,0,307,,,,0,,,0.0,5,,0.0,,0.0,0.0,0.0,0.0,0.0,,2600.0,20.0,,,,,0.0,0,,,1,,,,,1,6,gh,hedonic_only,human_only,0.0,0,15,,,,26,ikaycmf8,,,,,1
6,nenkbgc8,,0,0,307,,,,0,,,0.0,6,,0.0,,0.0,0.0,0.0,0.0,0.0,,3800.0,10.0,,,,,0.0,0,,,1,,,,,1,6,gh,hedonic_only,human_only,0.0,0,15,,,,26,ikaycmf8,,,,,1
7,y9ted3ir,,0,0,307,,,,0,,,0.0,1,,0.0,,0.0,0.0,0.0,0.0,0.0,,2600.0,20.0,,,,,0.0,0,,,2,,,,,1,6,gp,info_only,human_only,0.0,0,15,,,,26,ikaycmf8,,,,,1
8,vhfzkabo,,0,0,307,,,,0,,,0.0,2,,0.0,,0.0,0.0,0.0,0.0,0.0,,3800.0,10.0,,,,,0.0,0,,,2,,,,,1,6,gp,info_only,human_only,0.0,0,15,,,,26,ikaycmf8,,,,,1
9,6momimo9,,0,0,307,,,,0,,,0.0,3,,0.0,,0.0,0.0,0.0,0.0,0.0,,2600.0,20.0,,,,,0.0,0,,,2,,,,,1,6,gp,info_only,human_only,0.0,0,15,,,,26,ikaycmf8,,,,,1
10,08r0w9lr,,0,0,307,,,,0,,,0.0,4,,0.0,,0.0,0.0,0.0,0.0,0.0,,3800.0,10.0,,,,,0.0,0,,,2,,,,,1,6,gp,info_only,human_only,0.0,0,15,,,,26,ikaycmf8,,,,,1
11,jbj6kmuu,,0,0,307,,,,0,,,0.0,5,,0.0,,0.0,0.0,0.0,0.0,0.0,,2600.0,20.0,,,,,0.0,0,,,2,,,,,1,6,gp,info_only,human_only,0.0,0,15,,,,26,ikaycmf8,,,,,1
12,bgcts3uh,,0,0,307,,,,0,,,0.0,6,,0.0,,0.0,0.0,0.0,0.0,0.0,,3800.0,10.0,,,,,0.0,0,,,2,,,,,1,6,gp,info_only,human_only,0.0,0,15,,,,26,ikaycmf8,,,,,1
1,yn5sz28v,,0,0,307,,,,0,,,0.0,1,,0.0,,0.0,0.0,0.0,0.0,0.0,,2600.0,20.0,,,,,0.0,0,,,1,,,,,1,6,gh,hedonic_only,human_only,0.0,0,15,,,,27,ikaycmf8,,,,,1
2,t0vh9h8x,,0,0,307,,,,0,,,0.0,2,,0.0,,0.0,0.0,0.0,0.0,0.0,,3800.0,10.0,,,,,0.0,0,,,1,,,,,1,6,gh,hedonic_only,human_only,0.0,0,15,,,,27,ikaycmf8,,,,,1
3,6ckm0zrm,,0,0,307,,,,0,,,0.0,3,,0.0,,0.0,0.0,0.0,0.0,0.0,,2600.0,20.0,,,,,0.0,0,,,1,,,,,1,6,gh,hedonic_only,human_only,0.0,0,15,,,,27,ikaycmf8,,,,,1
4,r11m2ep9,,0,0,307,,,,0,,,0.0,4,,0.0,,0.0,0.0,0.0,0.0,0.0,,3800.0,10.0,,,,,0.0,0,,,1,,,,,1,6,gh,hedonic_only,human_only,0.0,0,15,,,,27,ikaycmf8,,,,,1
5,e9wpbatq,,0,0,307,,,,0,,,0.0,5,,0.0,,0.0,0.0,0.0,0.0,0.0,,2600.0,20.0,,,,,0.0,0,,,1,,,,,1,6,gh,hedonic_only,human_only,0.0,0,15,,,,27,ikaycmf8,,,,,1
6,nenkbgc8,,0,0,307,,,,0,,,0.0,6,,0.0,,0.0,0.0,0.0,0.0,0.0,,3800.0,10.0,,,,,0.0,0,,,1,,,,,1,6,gh,hedonic_only,human_only,0.0,0,15,,,,27,ikaycmf8,,,,,1
7,y9ted3ir,,0,0,307,,,,0,,,0.0,1,,0.0,,0.0,0.0,0.0,0.0,0.0,,2600.0,20.0,,,,,0.0,0,,,2,,,,,1,6,gp,info_only,human_only,0.0,0,15,,,,27,ikaycmf8,,,,,1
8,vhfzkabo,,0,0,307,,,,0,,,0.0,2,,0.0,,0.0,0.0,0.0,0.0,0.0,,3800.0,10.0,,,,,0.0,0,,,2,,,,,1,6,gp,info_only,human_only,0.0,0,15,,,,27,ikaycmf8,,,,,1
9,6momimo9,,0,0,307,,,,0,,,0.0,3,,0.0,,0.0,0.0,0.0,0.0,0.0,,2600.0,20.0,,,,,0.0,0,,,2,,,,,1,6,gp,info_only,human_only,0.0,0,15,,,,27,ikaycmf8,,,,,1
10,08r0w9lr,,0,0,307,,,,0,,,0.0,4,,0.0,,0.0,0.0,0.0,0.0,0.0,,3800.0,10.0,,,,,0.0,0,,,2,,,,,1,6,gp,info_only,human_only,0.0,0,15,,,,27,ikaycmf8,,,,,1
11,jbj6kmuu,,0,0,307,,,,0,,,0.0,5,,0.0,,0.0,0.0,0.0,0.0,0.0,,2600.0,20.0,,,,,0.0,0,,,2,,,,,1,6,gp,info_only,human_only,0.0,0,15,,,,27,ikaycmf8,,,,,1
12,bgcts3uh,,0,0,307,,,,0,,,0.0,6,,0.0,,0.0,0.0,0.0,0.0,0.0,,3800.0,10.0,,,,,0.0,0,,,2,,,,,1,6,gp,info_only,human_only,0.0,0,15,,,,27,ikaycmf8,,,,,1
1,yn5sz28v,,0,0,307,,,,0,,,0.0,1,,0.0,,0.0,0.0,0.0,0.0,0.0,,2600.0,20.0,,,,,0.0,0,,,1,,,,,1,6,gh,hedonic_only,human_only,0.0,0,15,,,,28,ikaycmf8,,,,,1
2,t0vh9h8x,,0,0,307,,,,0,,,0.0,2,,0.0,,0.0,0.0,0.0,0.0,0.0,,3800.0,10.0,,,,,0.0,0,,,1,,,,,1,6,gh,hedonic_only,human_only,0.0,0,15,,,,28,ikaycmf8,,,,,1
3,6ckm0zrm,,0,0,307,,,,0,,,0.0,3,,0.0,,0.0,0.0,0.0,0.0,0.0,,2600.0,20.0,,,,,0.0,0,,,1,,,,,1,6,gh,hedonic_only,human_only,0.0,0,15,,,,28,ikaycmf8,,,,,1
4,r11m2ep9,,0,0,307,,,,0,,,0.0,4,,0.0,,0.0,0.0,0.0,0.0,0.0,,3800.0,10.0,,,,,0.0,0,,,1,,,,,1,6,gh,hedonic_only,human_only,0.0,0,15,,,,28,ikaycmf8,,,,,1
5,e9wpbatq,,0,0,307,,,,0,,,0.0,5,,0.0,,0.0,0.0,0.0,0.0,0.0,,2600.0,20.0,,,,,0.0,0,,,1,,,,,1,6,gh,hedonic_only,human_only,0.0,0,15,,,,28,ikaycmf8,,,,,1
6,nenkbgc8,,0,0,307,,,,0,,,0.0,6,,0.0,,0.0,0.0,0.0,0.0,0.0,,3800.0,10.0,,,,,0.0,0,,,1,,,,,1,6,gh,hedonic_only,human_only,0.0,0,15,,,,28,ikaycmf8,,,,,1
7,y9ted3ir,,0,0,307,,,,0,,,0.0,1,,0.0,,0.0,0.0,0.0,0.0,0.0,,2600.0,20.0,,,,,0.0,0,,,2,,,,,1,6,gp,info_only,human_only,0.0,0,15,,,,28,ikaycmf8,,,,,1
8,vhfzkabo,,0,0,307,,,,0,,,0.0,2,,0.0,,0.0,0.0,0.0,0.0,0.0,,3800.0,10.0,,,,,0.0,0,,,2,,,,,1,6,gp,info_only,human_only,0.0,0,15,,,,28,ikaycmf8,,,,,1
9,6momimo9,,0,0,307,,,,0,,,0.0,3,,0.0,,0.0,0.0,0.0,0.0,0.0,,2600.0,20.0,,,,,0.0,0,,,2,,,,,1,6,gp,info_only,human_only,0.0,0,15,,,,28,ikaycmf8,,,,,1
10,08r0w9lr,,0,0,307,,,,0,,,0.0,4,,0.0,,0.0,0.0,0.0,0.0,0.0,,3800.0,10.0,,,,,0.0,0,,,2,,,,,1,6,gp,info_only,human_only,0.0,0,15,,,,28,ikaycmf8,,,,,1
11,jbj6kmuu,,0,0,307,,,,0,,,0.0,5,,0.0,,0.0,0.0,0.0,0.0,0.0,,2600.0,20.0,,,,,0.0,0,,,2,,,,,1,6,gp,info_only,human_only,0.0,0,15,,,,28,ikaycmf8,,,,,1
12,bgcts3uh,,0,0,307,,,,0,,,0.0,6,,0.0,,0.0,0.0,0.0,0.0,0.0,,3800.0,10.0,,,,,0.0,0,,,2,,,,,1,6,gp,info_only,human_only,0.0,0,15,,,,28,ikaycmf8,,,,,1
1,yn5sz28v,,0,0,307,,,,0,,,0.0,1,,0.0,,0.0,0.0,0.0,0.0,0.0,,2600.0,20.0,,,,,0.0,0,,,1,,,,,1,6,gh,hedonic_only,human_only,0.0,0,15,,,,29,ikaycmf8,,,,,1
2,t0vh9h8x,,0,0,307,,,,0,,,0.0,2,,0.0,,0.0,0.0,0.0,0.0,0.0,,3800.0,10.0,,,,,0.0,0,,,1,,,,,1,6,gh,hedonic_only,human_only,0.0,0,15,,,,29,ikaycmf8,,,,,1
3,6ckm0zrm,,0,0,307,,,,0,,,0.0,3,,0.0,,0.0,0.0,0.0,0.0,0.0,,2600.0,20.0,,,,,0.0,0,,,1,,,,,1,6,gh,hedonic_only,human_only,0.0,0,15,,,,29,ikaycmf8,,,,,1
4,r11m2ep9,,0,0,307,,,,0,,,0.0,4,,0.0,,0.0,0.0,0.0,0.0,0.0,,3800.0,10.0,,,,,0.0,0,,,1,,,,,1,6,gh,hedonic_only,human_only,0.0,0,15,,,,29,ikaycmf8,,,,,1
5,e9wpbatq,,0,0,307,,,,0,,,0.0,5,,0.0,,0.0,0.0,0.0,0.0,0.0,,2600.0,20.0,,,,,0.0,0,,,1,,,,,1,6,gh,hedonic_only,human_only,0.0,0,15,,,,29,ikaycmf8,,,,,1
6,nenkbgc8,,0,0,307,,,,0,,,0.0,6,,0.0,,0.0,0.0,0.0,0.0,0.0,,3800.0,10.0,,,,,0.0,0,,,1,,,,,1,6,gh,hedonic_only,human_only,0.0,0,15,,,,29,ikaycmf8,,,,,1
7,y9ted3ir,,0,0,307,,,,0,,,0.0,1,,0.0,,0.0,0.0,0.0,0.0,0.0,,2600.0,20.0,,,,,0.0,0,,,2,,,,,1,6,gp,info_only,human_only,0.0,0,15,,,,29,ikaycmf8,,,,,1
8,vhfzkabo,,0,0,307,,,,0,,,0.0,2,,0.0,,0.0,0.0,0.0,0.0,0.0,,3800.0,10.0,,,,,0.0,0,,,2,,,,,1,6,gp,info_only,human_only,0.0,0,15,,,,29,ikaycmf8,,,,,1
9,6momimo9,,0,0,307,,,,0,,,0.0,3,,0.0,,0.0,0.0,0.0,0.0,0.0,,2600.0,20.0,,,,,0.0,0,,,2,,,,,1,6,gp,info_only,human_only,0.0,0,15,,,,29,ikaycmf8,,,,,1
10,08r0w9lr,,0,0,307,,,,0,,,0.0,4,,0.0,,0.0,0.0,0.0,0.0,0.0,,3800.0,10.0,,,,,0.0,0,,,2,,,,,1,6,gp,info_only,human_only,0.0,0,15,,,,29,ikaycmf8,,,,,1
11,jbj6kmuu,,0,0,307,,,,0,,,0.0,5,,0.0,,0.0,0.0,0.0,0.0,0.0,,2600.0,20.0,,,,,0.0,0,,,2,,,,,1,6,gp,info_only,human_only,0.0,0,15,,,,29,ikaycmf8,,,,,1
12,bgcts3uh,,0,0,307,,,,0,,,0.0,6,,0.0,,0.0,0.0,0.0,0.0,0.0,,3800.0,10.0,,,,,0.0,0,,,2,,,,,1,6,gp,info_only,human_only,0.0,0,15,,,,29,ikaycmf8,,,,,1
1,yn5sz28v,,0,0,307,,,,0,,,0.0,1,,0.0,,0.0,0.0,0.0,0.0,0.0,,2600.0,20.0,,,,,0.0,0,,,1,,,,,1,6,gh,hedonic_only,human_only,0.0,0,15,,,,30,ikaycmf8,,,,,1
2,t0vh9h8x,,0,0,307,,,,0,,,0.0,2,,0.0,,0.0,0.0,0.0,0.0,0.0,,3800.0,10.0,,,,,0.0,0,,,1,,,,,1,6,gh,hedonic_only,human_only,0.0,0,15,,,,30,ikaycmf8,,,,,1
3,6ckm0zrm,,0,0,307,,,,0,,,0.0,3,,0.0,,0.0,0.0,0.0,0.0,0.0,,2600.0,20.0,,,,,0.0,0,,,1,,,,,1,6,gh,hedonic_only,human_only,0.0,0,15,,,,30,ikaycmf8,,,,,1
4,r11m2ep9,,0,0,307,,,,0,,,0.0,4,,0.0,,0.0,0.0,0.0,0.0,0.0,,3800.0,10.0,,,,,0.0,0,,,1,,,,,1,6,gh,hedonic_only,human_only,0.0,0,15,,,,30,ikaycmf8,,,,,1
5,e9wpbatq,,0,0,307,,,,0,,,0.0,5,,0.0,,0.0,0.0,0.0,0.0,0.0,,2600.0,20.0,,,,,0.0,0,,,1,,,,,1,6,gh,hedonic_only,human_only,0.0,0,15,,,,30,ikaycmf8,,,,,1
6,nenkbgc8,,0,0,307,,,,0,,,0.0,6,,0.0,,0.0,0.0,0.0,0.0,0.0,,3800.0,10.0,,,,,0.0,0,,,1,,,,,1,6,gh,hedonic_only,human_only,0.0,0,15,,,,30,ikaycmf8,,,,,1
7,y9ted3ir,,0,0,307,,,,0,,,0.0,1,,0.0,,0.0,0.0,0.0,0.0,0.0,,2600.0,20.0,,,,,0.0,0,,,2,,,,,1,6,gp,info_only,human_only,0.0,0,15,,,,30,ikaycmf8,,,,,1
8,vhfzkabo,,0,0,307,,,,0,,,0.0,2,,0.0,,0.0,0.0,0.0,0.0,0.0,,3800.0,10.0,,,,,0.0,0,,,2,,,,,1,6,gp,info_only,human_only,0.0,0,15,,,,30,ikaycmf8,,,,,1
9,6momimo9,,0,0,307,,,,0,,,0.0,3,,0.0,,0.0,0.0,0.0,0.0,0.0,,2600.0,20.0,,,,,0.0,0,,,2,,,,,1,6,gp,info_only,human_only,0.0,0,15,,,,30,ikaycmf8,,,,,1
10,08r0w9lr,,0,0,307,,,,0,,,0.0,4,,0.0,,0.0,0.0,0.0,0.0,0.0,,3800.0,10.0,,,,,0.0,0,,,2,,,,,1,6,gp,info_only,human_only,0.0,0,15,,,,30,ikaycmf8,,,,,1
11,jbj6kmuu,,0,0,307,,,,0,,,0.0,5,,0.0,,0.0,0.0,0.0,0.0,0.0,,2600.0,20.0,,,,,0.0,0,,,2,,,,,1,6,gp,info_only,human_only,0.0,0,15,,,,30,ikaycmf8,,,,,1
12,bgcts3uh,,0,0,307,,,,0,,,0.0,6,,0.0,,0.0,0.0,0.0,0.0,0.0,,3800.0,10.0,,,,,0.0,0,,,2,,,,,1,6,gp,info_only,human_only,0.0,0,15,,,,30,ikaycmf8,,,,,1
1,yn5sz28v,,0,0,307,,,,0,,,0.0,1,,0.0,,0.0,0.0,0.0,0.0,0.0,,2600.0,20.0,,,,,0.0,0,,,1,,,,,1,6,gh,hedonic_only,human_only,0.0,0,15,,,,31,ikaycmf8,,,,,1
2,t0vh9h8x,,0,0,307,,,,0,,,0.0,2,,0.0,,0.0,0.0,0.0,0.0,0.0,,3800.0,10.0,,,,,0.0,0,,,1,,,,,1,6,gh,hedonic_only,human_only,0.0,0,15,,,,31,ikaycmf8,,,,,1
3,6ckm0zrm,,0,0,307,,,,0,,,0.0,3,,0.0,,0.0,0.0,0.0,0.0,0.0,,2600.0,20.0,,,,,0.0,0,,,1,,,,,1,6,gh,hedonic_only,human_only,0.0,0,15,,,,31,ikaycmf8,,,,,1
4,r11m2ep9,,0,0,307,,,,0,,,0.0,4,,0.0,,0.0,0.0,0.0,0.0,0.0,,3800.0,10.0,,,,,0.0,0,,,1,,,,,1,6,gh,hedonic_only,human_only,0.0,0,15,,,,31,ikaycmf8,,,,,1
5,e9wpbatq,,0,0,307,,,,0,,,0.0,5,,0.0,,0.0,0.0,0.0,0.0,0.0,,2600.0,20.0,,,,,0.0,0,,,1,,,,,1,6,gh,hedonic_only,human_only,0.0,0,15,,,,31,ikaycmf8,,,,,1
6,nenkbgc8,,0,0,307,,,,0,,,0.0,6,,0.0,,0.0,0.0,0.0,0.0,0.0,,3800.0,10.0,,,,,0.0,0,,,1,,,,,1,6,gh,hedonic_only,human_only,0.0,0,15,,,,31,ikaycmf8,,,,,1
7,y9ted3ir,,0,0,307,,,,0,,,0.0,1,,0.0,,0.0,0.0,0.0,0.0,0.0,,2600.0,20.0,,,,,0.0,0,,,2,,,,,1,6,gp,info_only,human_only,0.0,0,15,,,,31,ikaycmf8,,,,,1
8,vhfzkabo,,0,0,307,,,,0,,,0.0,2,,0.0,,0.0,0.0,0.0,0.0,0.0,,3800.0,10.0,,,,,0.0,0,,,2,,,,,1,6,gp,info_only,human_only,0.0,0,15,,,,31,ikaycmf8,,,,,1
9,6momimo9,,0,0,307,,,,0,,,0.0,3,,0.0,,0.0,0.0,0.0,0.0,0.0,,2600.0,20.0,,,,,0.0,0,,,2,,,,,1,6,gp,info_only,human_only,0.0,0,15,,,,31,ikaycmf8,,,,,1
10,08r0w9lr,,0,0,307,,,,0,,,0.0,4,,0.0,,0.0,0.0,0.0,0.0,0.0,,3800.0,10.0,,,,,0.0,0,,,2,,,,,1,6,gp,info_only,human_only,0.0,0,15,,,,31,ikaycmf8,,,,,1
11,jbj6kmuu,,0,0,307,,,,0,,,0.0,5,,0.0,,0.0,0.0,0.0,0.0,0.0,,2600.0,20.0,,,,,0.0,0,,,2,,,,,1,6,gp,info_only,human_only,0.0,0,15,,,,31,ikaycmf8,,,,,1
12,bgcts3uh,,0,0,307,,,,0,,,0.0,6,,0.0,,0.0,0.0,0.0,0.0,0.0,,3800.0,10.0,,,,,0.0,0,,,2,,,,,1,6,gp,info_only,human_only,0.0,0,15,,,,31,ikaycmf8,,,,,1
1,yn5sz28v,,0,0,307,,,,0,,,0.0,1,,0.0,,0.0,0.0,0.0,0.0,0.0,,2600.0,20.0,,,,,0.0,0,,,1,,,,,1,6,gh,hedonic_only,human_only,0.0,0,15,,,,32,ikaycmf8,,,,,1
2,t0vh9h8x,,0,0,307,,,,0,,,0.0,2,,0.0,,0.0,0.0,0.0,0.0,0.0,,3800.0,10.0,,,,,0.0,0,,,1,,,,,1,6,gh,hedonic_only,human_only,0.0,0,15,,,,32,ikaycmf8,,,,,1
3,6ckm0zrm,,0,0,307,,,,0,,,0.0,3,,0.0,,0.0,0.0,0.0,0.0,0.0,,2600.0,20.0,,,,,0.0,0,,,1,,,,,1,6,gh,hedonic_only,human_only,0.0,0,15,,,,32,ikaycmf8,,,,,1
4,r11m2ep9,,0,0,307,,,,0,,,0.0,4,,0.0,,0.0,0.0,0.0,0.0,0.0,,3800.0,10.0,,,,,0.0,0,,,1,,,,,1,6,gh,hedonic_only,human_only,0.0,0,15,,,,32,ikaycmf8,,,,,1
5,e9wpbatq,,0,0,307,,,,0,,,0.0,5,,0.0,,0.0,0.0,0.0,0.0,0.0,,2600.0,20.0,,,,,0.0,0,,,1,,,,,1,6,gh,hedonic_only,human_only,0.0,0,15,,,,32,ikaycmf8,,,,,1
6,nenkbgc8,,0,0,307,,,,0,,,0.0,6,,0.0,,0.0,0.0,0.0,0.0,0.0,,3800.0,10.0,,,,,0.0,0,,,1,,,,,1,6,gh,hedonic_only,human_only,0.0,0,15,,,,32,ikaycmf8,,,,,1
7,y9ted3ir,,0,0,307,,,,0,,,0.0,1,,0.0,,0.0,0.0,0.0,0.0,0.0,,2600.0,20.0,,,,,0.0,0,,,2,,,,,1,6,gp,info_only,human_only,0.0,0,15,,,,32,ikaycmf8,,,,,1
8,vhfzkabo,,0,0,307,,,,0,,,0.0,2,,0.0,,0.0,0.0,0.0,0.0,0.0,,3800.0,10.0,,,,,0.0,0,,,2,,,,,1,6,gp,info_only,human_only,0.0,0,15,,,,32,ikaycmf8,,,,,1
9,6momimo9,,0,0,307,,,,0,,,0.0,3,,0.0,,0.0,0.0,0.0,0.0,0.0,,2600.0,20.0,,,,,0.0,0,,,2,,,,,1,6,gp,info_only,human_only,0.0,0,15,,,,32,ikaycmf8,,,,,1
10,08r0w9lr,,0,0,307,,,,0,,,0.0,4,,0.0,,0.0,0.0,0.0,0.0,0.0,,3800.0,10.0,,,,,0.0,0,,,2,,,,,1,6,gp,info_only,human_only,0.0,0,15,,,,32,ikaycmf8,,,,,1
11,jbj6kmuu,,0,0,307,,,,0,,,0.0,5,,0.0,,0.0,0.0,0.0,0.0,0.0,,2600.0,20.0,,,,,0.0,0,,,2,,,,,1,6,gp,info_only,human_only,0.0,0,15,,,,32,ikaycmf8,,,,,1
12,bgcts3uh,,0,0,307,,,,0,,,0.0,6,,0.0,,0.0,0.0,0.0,0.0,0.0,,3800.0,10.0,,,,,0.0,0,,,2,,,,,1,6,gp,info_only,human_only,0.0,0,15,,,,32,ikaycmf8,,,,,1
1,yn5sz28v,,0,0,307,,,,0,,,0.0,1,,0.0,,0.0,0.0,0.0,0.0,0.0,,2600.0,20.0,,,,,0.0,0,,,1,,,,,1,6,gh,hedonic_only,human_only,0.0,0,15,,,,33,ikaycmf8,,,,,1
2,t0vh9h8x,,0,0,307,,,,0,,,0.0,2,,0.0,,0.0,0.0,0.0,0.0,0.0,,3800.0,10.0,,,,,0.0,0,,,1,,,,,1,6,gh,hedonic_only,human_only,0.0,0,15,,,,33,ikaycmf8,,,,,1
3,6ckm0zrm,,0,0,307,,,,0,,,0.0,3,,0.0,,0.0,0.0,0.0,0.0,0.0,,2600.0,20.0,,,,,0.0,0,,,1,,,,,1,6,gh,hedonic_only,human_only,0.0,0,15,,,,33,ikaycmf8,,,,,1
4,r11m2ep9,,0,0,307,,,,0,,,0.0,4,,0.0,,0.0,0.0,0.0,0.0,0.0,,3800.0,10.0,,,,,0.0,0,,,1,,,,,1,6,gh,hedonic_only,human_only,0.0,0,15,,,,33,ikaycmf8,,,,,1
5,e9wpbatq,,0,0,307,,,,0,,,0.0,5,,0.0,,0.0,0.0,0.0,0.0,0.0,,2600.0,20.0,,,,,0.0,0,,,1,,,,,1,6,gh,hedonic_only,human_only,0.0,0,15,,,,33,ikaycmf8,,,,,1
6,nenkbgc8,,0,0,307,,,,0,,,0.0,6,,0.0,,0.0,0.0,0.0,0.0,0.0,,3800.0,10.0,,,,,0.0,0,,,1,,,,,1,6,gh,hedonic_only,human_only,0.0,0,15,,,,33,ikaycmf8,,,,,1
7,y9ted3ir,,0,0,307,,,,0,,,0.0,1,,0.0,,0.0,0.0,0.0,0.0,0.0,,2600.0,20.0,,,,,0.0,0,,,2,,,,,1,6,gp,info_only,human_only,0.0,0,15,,,,33,ikaycmf8,,,,,1
8,vhfzkabo,,0,0,307,,,,0,,,0.0,2,,0.0,,0.0,0.0,0.0,0.0,0.0,,3800.0,10.0,,,,,0.0,0,,,2,,,,,1,6,gp,info_only,human_only,0.0,0,15,,,,33,ikaycmf8,,,,,1
9,6momimo9,,0,0,307,,,,0,,,0.0,3,,0.0,,0.0,0.0,0.0,0.0,0.0,,2600.0,20.0,,,,,0.0,0,,,2,,,,,1,6,gp,info_only,human_only,0.0,0,15,,,,33,ikaycmf8,,,,,1
10,08r0w9lr,,0,0,307,,,,0,,,0.0,4,,0.0,,0.0,0.0,0.0,0.0,0.0,,3800.0,10.0,,,,,0.0,0,,,2,,,,,1,6,gp,info_only,human_only,0.0,0,15,,,,33,ikaycmf8,,,,,1
11,jbj6kmuu,,0,0,307,,,,0,,,0.0,5,,0.0,,0.0,0.0,0.0,0.0,0.0,,2600.0,20.0,,,,,0.0,0,,,2,,,,,1,6,gp,info_only,human_only,0.0,0,15,,,,33,ikaycmf8,,,,,1
12,bgcts3uh,,0,0,307,,,,0,,,0.0,6,,0.0,,0.0,0.0,0.0,0.0,0.0,,3800.0,10.0,,,,,0.0,0,,,2,,,,,1,6,gp,info_only,human_only,0.0,0,15,,,,33,ikaycmf8,,,,,1
1,2cg8ws5z,,0,0,307,,,,0,,,0.0,1,,0.0,,0.0,0.0,0.0,0.0,0.0,,2600.0,20.0,,,,,0.0,0,,,1,,,,,1,6,gh,hedonic_only,human_only,0.0,0,15,,,,1,drvwn3qn,,,,,0
2,lmowcnj4,,0,0,307,,,,0,,,0.0,2,,0.0,,0.0,0.0,0.0,0.0,0.0,,3800.0,10.0,,,,,0.0,0,,,1,,,,,1,6,gh,hedonic_only,human_only,0.0,0,15,,,,1,drvwn3qn,,,,,0
3,ut8batsp,,0,0,307,,,,0,,,0.0,3,,0.0,,0.0,0.0,0.0,0.0,0.0,,2600.0,20.0,,,,,0.0,0,,,1,,,,,1,6,gh,hedonic_only,human_only,0.0,0,15,,,,1,drvwn3qn,,,,,0
4,g19tdrc5,,0,0,307,,,,0,,,0.0,4,,0.0,,0.0,0.0,0.0,0.0,0.0,,3800.0,10.0,,,,,0.0,0,,,1,,,,,1,6,gh,hedonic_only,human_only,0.0,0,15,,,,1,drvwn3qn,,,,,0
5,gks2srrt,,0,0,307,,,,0,,,0.0,5,,0.0,,0.0,0.0,0.0,0.0,0.0,,2600.0,20.0,,,,,0.0,0,,,1,,,,,1,6,gh,hedonic_only,human_only,0.0,0,15,,,,1,drvwn3qn,,,,,0
6,4ga2jjk5,,0,0,307,,,,0,,,0.0,6,,0.0,,0.0,0.0,0.0,0.0,0.0,,3800.0,10.0,,,,,0.0,0,,,1,,,,,1,6,gh,hedonic_only,human_only,0.0,0,15,,,,1,drvwn3qn,,,,,0
7,hyzettta,,0,0,307,,,,0,,,0.0,1,,0.0,,0.0,0.0,0.0,0.0,0.0,,2600.0,20.0,,,,,0.0,0,,,2,,,,,1,6,gp,info_only,human_only,0.0,0,15,,,,1,drvwn3qn,,,,,0
8,pyk3jkbw,,0,0,307,,,,0,,,0.0,2,,0.0,,0.0,0.0,0.0,0.0,0.0,,3800.0,10.0,,,,,0.0,0,,,2,,,,,1,6,gp,info_only,human_only,0.0,0,15,,,,1,drvwn3qn,,,,,0
9,v1sz6v5a,,0,0,307,,,,0,,,0.0,3,,0.0,,0.0,0.0,0.0,0.0,0.0,,2600.0,20.0,,,,,0.0,0,,,2,,,,,1,6,gp,info_only,human_only,0.0,0,15,,,,1,drvwn3qn,,,,,0
10,c9hjz24n,,0,0,307,,,,0,,,0.0,4,,0.0,,0.0,0.0,0.0,0.0,0.0,,3800.0,10.0,,,,,0.0,0,,,2,,,,,1,6,gp,info_only,human_only,0.0,0,15,,,,1,drvwn3qn,,,,,0
11,9bjz8nvb,,0,0,307,,,,0,,,0.0,5,,0.0,,0.0,0.0,0.0,0.0,0.0,,2600.0,20.0,,,,,0.0,0,,,2,,,,,1,6,gp,info_only,human_only,0.0,0,15,,,,1,drvwn3qn,,,,,0
12,etralflj,,0,0,307,,,,0,,,0.0,6,,0.0,,0.0,0.0,0.0,0.0,0.0,,3800.0,10.0,,,,,0.0,0,,,2,,,,,1,6,gp,info_only,human_only,0.0,0,15,,,,1,drvwn3qn,,,,,0
13,nssv2yvi,,0,0,307,,,,0,,,0.0,1,,0.0,,0.0,0.0,0.0,0.0,0.0,,2600.0,20.0,,,,,0.0,0,,,3,,,,,1,4,ghp,gamified,human_only,0.0,0,15,,,,1,drvwn3qn,,,,,0
14,glcjrv9i,,0,0,307,,,,0,,,0.0,2,,0.0,,0.0,0.0,0.0,0.0,0.0,,3800.0,10.0,,,,,0.0,0,,,3,,,,,1,4,ghp,gamified,human_only,0.0,0,15,,,,1,drvwn3qn,,,,,0
15,4odonh5g,,0,0,307,,,,0,,,0.0,3,,0.0,,0.0,0.0,0.0,0.0,0.0,,2600.0,20.0,,,,,0.0,0,,,3,,,,,1,4,ghp,gamified,human_only,0.0,0,15,,,,1,drvwn3qn,,,,,0
16,nfztjwlz,,0,0,307,,,,0,,,0.0,4,,0.0,,0.0,0.0,0.0,0.0,0.0,,3800.0,10.0,,,,,0.0,0,,,3,,,,,1,4,ghp,gamified,human_only,0.0,0,15,,,,1,drvwn3qn,,,,,0
1,2cg8ws5z,,0,0,307,,,,0,,,0.0,1,,0.0,,0.0,0.0,0.0,0.0,0.0,,2600.0,20.0,,,,,0.0,0,,,1,,,,,1,6,gh,hedonic_only,human_only,0.0,0,15,,,,2,drvwn3qn,,,,,0
2,lmowcnj4,,0,0,307,,,,0,,,0.0,2,,0.0,,0.0,0.0,0.0,0.0,0.0,,3800.0,10.0,,,,,0.0,0,,,1,,,,,1,6,gh,hedonic_only,human_only,0.0,0,15,,,,2,drvwn3qn,,,,,0
3,ut8batsp,,0,0,307,,,,0,,,0.0,3,,0.0,,0.0,0.0,0.0,0.0,0.0,,2600.0,20.0,,,,,0.0,0,,,1,,,,,1,6,gh,hedonic_only,human_only,0.0,0,15,,,,2,drvwn3qn,,,,,0
4,g19tdrc5,,0,0,307,,,,0,,,0.0,4,,0.0,,0.0,0.0,0.0,0.0,0.0,,3800.0,10.0,,,,,0.0,0,,,1,,,,,1,6,gh,hedonic_only,human_only,0.0,0,15,,,,2,drvwn3qn,,,,,0
5,gks2srrt,,0,0,307,,,,0,,,0.0,5,,0.0,,0.0,0.0,0.0,0.0,0.0,,2600.0,20.0,,,,,0.0,0,,,1,,,,,1,6,gh,hedonic_only,human_only,0.0,0,15,,,,2,drvwn3qn,,,,,0
6,4ga2jjk5,,0,0,307,,,,0,,,0.0,6,,0.0,,0.0,0.0,0.0,0.0,0.0,,3800.0,10.0,,,,,0.0,0,,,1,,,,,1,6,gh,hedonic_only,human_only,0.0,0,15,,,,2,drvwn3qn,,,,,0
7,hyzettta,,0,0,307,,,,0,,,0.0,1,,0.0,,0.0,0.0,0.0,0.0,0.0,,2600.0,20.0,,,,,0.0,0,,,2,,,,,1,6,gp,info_only,human_only,0.0,0,15,,,,2,drvwn3qn,,,,,0
8,pyk3jkbw,,0,0,307,,,,0,,,0.0,2,,0.0,,0.0,0.0,0.0,0.0,0.0,,3800.0,10.0,,,,,0.0,0,,,2,,,,,1,6,gp,info_only,human_only,0.0,0,15,,,,2,drvwn3qn,,,,,0
9,v1sz6v5a,,0,0,307,,,,0,,,0.0,3,,0.0,,0.0,0.0,0.0,0.0,0.0,,2600.0,20.0,,,,,0.0,0,,,2,,,,,1,6,gp,info_only,human_only,0.0,0,15,,,,2,drvwn3qn,,,,,0
10,c9hjz24n,,0,0,307,,,,0,,,0.0,4,,0.0,,0.0,0.0,0.0,0.0,0.0,,3800.0,10.0,,,,,0.0,0,,,2,,,,,1,6,gp,info_only,human_only,0.0,0,15,,,,2,drvwn3qn,,,,,0
11,9bjz8nvb,,0,0,307,,,,0,,,0.0,5,,0.0,,0.0,0.0,0.0,0.0,0.0,,2600.0,20.0,,,,,0.0,0,,,2,,,,,1,6,gp,info_only,human_only,0.0,0,15,,,,2,drvwn3qn,,,,,0
12,etralflj,,0,0,307,,,,0,,,0.0,6,,0.0,,0.0,0.0,0.0,0.0,0.0,,3800.0,10.0,,,,,0.0,0,,,2,,,,,1,6,gp,info_only,human_only,0.0,0,15,,,,2,drvwn3qn,,,,,0
13,nssv2yvi,,0,0,307,,,,0,,,0.0,1,,0.0,,0.0,0.0,0.0,0.0,0.0,,2600.0,20.0,,,,,0.0,0,,,3,,,,,1,4,ghp,gamified,human_only,0.0,0,15,,,,2,drvwn3qn,,,,,0
14,glcjrv9i,,0,0,307,,,,0,,,0.0,2,,0.0,,0.0,0.0,0.0,0.0,0.0,,3800.0,10.0,,,,,0.0,0,,,3,,,,,1,4,ghp,gamified,human_only,0.0,0,15,,,,2,drvwn3qn,,,,,0
15,4odonh5g,,0,0,307,,,,0,,,0.0,3,,0.0,,0.0,0.0,0.0,0.0,0.0,,2600.0,20.0,,,,,0.0,0,,,3,,,,,1,4,ghp,gamified,human_only,0.0,0,15,,,,2,drvwn3qn,,,,,0
16,nfztjwlz,,0,0,307,,,,0,,,0.0,4,,0.0,,0.0,0.0,0.0,0.0,0.0,,3800.0,10.0,,,,,0.0,0,,,3,,,,,1,4,ghp,gamified,human_only,0.0,0,15,,,,2,drvwn3qn,,,,,0
1,2cg8ws5z,,0,0,307,,,,0,,,0.0,1,,0.0,,0.0,0.0,0.0,0.0,0.0,,2600.0,20.0,,,,,0.0,0,,,1,,,,,1,6,gh,hedonic_only,human_only,0.0,0,15,,,,3,drvwn3qn,,,,,0
2,lmowcnj4,,0,0,307,,,,0,,,0.0,2,,0.0,,0.0,0.0,0.0,0.0,0.0,,3800.0,10.0,,,,,0.0,0,,,1,,,,,1,6,gh,hedonic_only,human_only,0.0,0,15,,,,3,drvwn3qn,,,,,0
3,ut8batsp,,0,0,307,,,,0,,,0.0,3,,0.0,,0.0,0.0,0.0,0.0,0.0,,2600.0,20.0,,,,,0.0,0,,,1,,,,,1,6,gh,hedonic_only,human_only,0.0,0,15,,,,3,drvwn3qn,,,,,0
4,g19tdrc5,,0,0,307,,,,0,,,0.0,4,,0.0,,0.0,0.0,0.0,0.0,0.0,,3800.0,10.0,,,,,0.0,0,,,1,,,,,1,6,gh,hedonic_only,human_only,0.0,0,15,,,,3,drvwn3qn,,,,,0
5,gks2srrt,,0,0,307,,,,0,,,0.0,5,,0.0,,0.0,0.0,0.0,0.0,0.0,,2600.0,20.0,,,,,0.0,0,,,1,,,,,1,6,gh,hedonic_only,human_only,0.0,0,15,,,,3,drvwn3qn,,,,,0
6,4ga2jjk5,,0,0,307,,,,0,,,0.0,6,,0.0,,0.0,0.0,0.0,0.0,0.0,,3800.0,10.0,,,,,0.0,0,,,1,,,,,1,6,gh,hedonic_only,human_only,0.0,0,15,,,,3,drvwn3qn,,,,,0
7,hyzettta,,0,0,307,,,,0,,,0.0,1,,0.0,,0.0,0.0,0.0,0.0,0.0,,2600.0,20.0,,,,,0.0,0,,,2,,,,,1,6,gp,info_only,human_only,0.0,0,15,,,,3,drvwn3qn,,,,,0
8,pyk3jkbw,,0,0,307,,,,0,,,0.0,2,,0.0,,0.0,0.0,0.0,0.0,0.0,,3800.0,10.0,,,,,0.0,0,,,2,,,,,1,6,gp,info_only,human_only,0.0,0,15,,,,3,drvwn3qn,,,,,0
9,v1sz6v5a,,0,0,307,,,,0,,,0.0,3,,0.0,,0.0,0.0,0.0,0.0,0.0,,2600.0,20.0,,,,,0.0,0,,,2,,,,,1,6,gp,info_only,human_only,0.0,0,15,,,,3,drvwn3qn,,,,,0
10,c9hjz24n,,0,0,307,,,,0,,,0.0,4,,0.0,,0.0,0.0,0.0,0.0,0.0,,3800.0,10.0,,,,,0.0,0,,,2,,,,,1,6,gp,info_only,human_only,0.0,0,15,,,,3,drvwn3qn,,,,,0
11,9bjz8nvb,,0,0,307,,,,0,,,0.0,5,,0.0,,0.0,0.0,0.0,0.0,0.0,,2600.0,20.0,,,,,0.0,0,,,2,,,,,1,6,gp,info_only,human_only,0.0,0,15,,,,3,drvwn3qn,,,,,0
12,etralflj,,0,0,307,,,,0,,,0.0,6,,0.0,,0.0,0.0,0.0,0.0,0.0,,3800.0,10.0,,,,,0.0,0,,,2,,,,,1,6,gp,info_only,human_only,0.0,0,15,,,,3,drvwn3qn,,,,,0
13,nssv2yvi,,0,0,307,,,,0,,,0.0,1,,0.0,,0.0,0.0,0.0,0.0,0.0,,2600.0,20.0,,,,,0.0,0,,,3,,,,,1,4,ghp,gamified,human_only,0.0,0,15,,,,3,drvwn3qn,,,,,0
14,glcjrv9i,,0,0,307,,,,0,,,0.0,2,,0.0,,0.0,0.0,0.0,0.0,0.0,,3800.0,10.0,,,,,0.0,0,,,3,,,,,1,4,ghp,gamified,human_only,0.0,0,15,,,,3,drvwn3qn,,,,,0
15,4odonh5g,,0,0,307,,,,0,,,0.0,3,,0.0,,0.0,0.0,0.0,0.0,0.0,,2600.0,20.0,,,,,0.0,0,,,3,,,,,1,4,ghp,gamified,human_only,0.0,0,15,,,,3,drvwn3qn,,,,,0
16,nfztjwlz,,0,0,307,,,,0,,,0.0,4,,0.0,,0.0,0.0,0.0,0.0,0.0,,3800.0,10.0,,,,,0.0,0,,,3,,,,,1,4,ghp,gamified,human_only,0.0,0,15,,,,3,drvwn3qn,,,,,0
1,2cg8ws5z,,0,0,307,,,,0,,,0.0,1,,0.0,,0.0,0.0,0.0,0.0,0.0,,2600.0,20.0,,,,,0.0,0,,,1,,,,,1,6,gh,hedonic_only,human_only,0.0,0,15,,,,4,drvwn3qn,,,,,0
2,lmowcnj4,,0,0,307,,,,0,,,0.0,2,,0.0,,0.0,0.0,0.0,0.0,0.0,,3800.0,10.0,,,,,0.0,0,,,1,,,,,1,6,gh,hedonic_only,human_only,0.0,0,15,,,,4,drvwn3qn,,,,,0
3,ut8batsp,,0,0,307,,,,0,,,0.0,3,,0.0,,0.0,0.0,0.0,0.0,0.0,,2600.0,20.0,,,,,0.0,0,,,1,,,,,1,6,gh,hedonic_only,human_only,0.0,0,15,,,,4,drvwn3qn,,,,,0
4,g19tdrc5,,0,0,307,,,,0,,,0.0,4,,0.0,,0.0,0.0,0.0,0.0,0.0,,3800.0,10.0,,,,,0.0,0,,,1,,,,,1,6,gh,hedonic_only,human_only,0.0,0,15,,,,4,drvwn3qn,,,,,0
5,gks2srrt,,0,0,307,,,,0,,,0.0,5,,0.0,,0.0,0.0,0.0,0.0,0.0,,2600.0,20.0,,,,,0.0,0,,,1,,,,,1,6,gh,hedonic_only,human_only,0.0,0,15,,,,4,drvwn3qn,,,,,0
6,4ga2jjk5,,0,0,307,,,,0,,,0.0,6,,0.0,,0.0,0.0,0.0,0.0,0.0,,3800.0,10.0,,,,,0.0,0,,,1,,,,,1,6,gh,hedonic_only,human_only,0.0,0,15,,,,4,drvwn3qn,,,,,0
7,hyzettta,,0,0,307,,,,0,,,0.0,1,,0.0,,0.0,0.0,0.0,0.0,0.0,,2600.0,20.0,,,,,0.0,0,,,2,,,,,1,6,gp,info_only,human_only,0.0,0,15,,,,4,drvwn3qn,,,,,0
8,pyk3jkbw,,0,0,307,,,,0,,,0.0,2,,0.0,,0.0,0.0,0.0,0.0,0.0,,3800.0,10.0,,,,,0.0,0,,,2,,,,,1,6,gp,info_only,human_only,0.0,0,15,,,,4,drvwn3qn,,,,,0
9,v1sz6v5a,,0,0,307,,,,0,,,0.0,3,,0.0,,0.0,0.0,0.0,0.0,0.0,,2600.0,20.0,,,,,0.0,0,,,2,,,,,1,6,gp,info_only,human_only,0.0,0,15,,,,4,drvwn3qn,,,,,0
10,c9hjz24n,,0,0,307,,,,0,,,0.0,4,,0.0,,0.0,0.0,0.0,0.0,0.0,,3800.0,10.0,,,,,0.0,0,,,2,,,,,1,6,gp,info_only,human_only,0.0,0,15,,,,4,drvwn3qn,,,,,0
11,9bjz8nvb,,0,0,307,,,,0,,,0.0,5,,0.0,,0.0,0.0,0.0,0.0,0.0,,2600.0,20.0,,,,,0.0,0,,,2,,,,,1,6,gp,info_only,human_only,0.0,0,15,,,,4,drvwn3qn,,,,,0
12,etralflj,,0,0,307,,,,0,,,0.0,6,,0.0,,0.0,0.0,0.0,0.0,0.0,,3800.0,10.0,,,,,0.0,0,,,2,,,,,1,6,gp,info_only,human_only,0.0,0,15,,,,4,drvwn3qn,,,,,0
13,nssv2yvi,,0,0,307,,,,0,,,0.0,1,,0.0,,0.0,0.0,0.0,0.0,0.0,,2600.0,20.0,,,,,0.0,0,,,3,,,,,1,4,ghp,gamified,human_only,0.0,0,15,,,,4,drvwn3qn,,,,,0
14,glcjrv9i,,0,0,307,,,,0,,,0.0,2,,0.0,,0.0,0.0,0.0,0.0,0.0,,3800.0,10.0,,,,,0.0,0,,,3,,,,,1,4,ghp,gamified,human_only,0.0,0,15,,,,4,drvwn3qn,,,,,0
15,4odonh5g,,0,0,307,,,,0,,,0.0,3,,0.0,,0.0,0.0,0.0,0.0,0.0,,2600.0,20.0,,,,,0.0,0,,,3,,,,,1,4,ghp,gamified,human_only,0.0,0,15,,,,4,drvwn3qn,,,,,0
16,nfztjwlz,,0,0,307,,,,0,,,0.0,4,,0.0,,0.0,0.0,0.0,0.0,0.0,,3800.0,10.0,,,,,0.0,0,,,3,,,,,1,4,ghp,gamified,human_only,0.0,0,15,,,,4,drvwn3qn,,,,,0
1,2cg8ws5z,,0,0,307,,,,0,,,0.0,1,,0.0,,0.0,0.0,0.0,0.0,0.0,,2600.0,20.0,,,,,0.0,0,,,1,,,,,1,6,gh,hedonic_only,human_only,0.0,0,15,,,,5,drvwn3qn,,,,,0
2,lmowcnj4,,0,0,307,,,,0,,,0.0,2,,0.0,,0.0,0.0,0.0,0.0,0.0,,3800.0,10.0,,,,,0.0,0,,,1,,,,,1,6,gh,hedonic_only,human_only,0.0,0,15,,,,5,drvwn3qn,,,,,0
3,ut8batsp,,0,0,307,,,,0,,,0.0,3,,0.0,,0.0,0.0,0.0,0.0,0.0,,2600.0,20.0,,,,,0.0,0,,,1,,,,,1,6,gh,hedonic_only,human_only,0.0,0,15,,,,5,drvwn3qn,,,,,0
4,g19tdrc5,,0,0,307,,,,0,,,0.0,4,,0.0,,0.0,0.0,0.0,0.0,0.0,,3800.0,10.0,,,,,0.0,0,,,1,,,,,1,6,gh,hedonic_only,human_only,0.0,0,15,,,,5,drvwn3qn,,,,,0
5,gks2srrt,,0,0,307,,,,0,,,0.0,5,,0.0,,0.0,0.0,0.0,0.0,0.0,,2600.0,20.0,,,,,0.0,0,,,1,,,,,1,6,gh,hedonic_only,human_only,0.0,0,15,,,,5,drvwn3qn,,,,,0
6,4ga2jjk5,,0,0,307,,,,0,,,0.0,6,,0.0,,0.0,0.0,0.0,0.0,0.0,,3800.0,10.0,,,,,0.0,0,,,1,,,,,1,6,gh,hedonic_only,human_only,0.0,0,15,,,,5,drvwn3qn,,,,,0
7,hyzettta,,0,0,307,,,,0,,,0.0,1,,0.0,,0.0,0.0,0.0,0.0,0.0,,2600.0,20.0,,,,,0.0,0,,,2,,,,,1,6,gp,info_only,human_only,0.0,0,15,,,,5,drvwn3qn,,,,,0
8,pyk3jkbw,,0,0,307,,,,0,,,0.0,2,,0.0,,0.0,0.0,0.0,0.0,0.0,,3800.0,10.0,,,,,0.0,0,,,2,,,,,1,6,gp,info_only,human_only,0.0,0,15,,,,5,drvwn3qn,,,,,0
9,v1sz6v5a,,0,0,307,,,,0,,,0.0,3,,0.0,,0.0,0.0,0.0,0.0,0.0,,2600.0,20.0,,,,,0.0,0,,,2,,,,,1,6,gp,info_only,human_only,0.0,0,15,,,,5,drvwn3qn,,,,,0
10,c9hjz24n,,0,0,307,,,,0,,,0.0,4,,0.0,,0.0,0.0,0.0,0.0,0.0,,3800.0,10.0,,,,,0.0,0,,,2,,,,,1,6,gp,info_only,human_only,0.0,0,15,,,,5,drvwn3qn,,,,,0
11,9bjz8nvb,,0,0,307,,,,0,,,0.0,5,,0.0,,0.0,0.0,0.0,0.0,0.0,,2600.0,20.0,,,,,0.0,0,,,2,,,,,1,6,gp,info_only,human_only,0.0,0,15,,,,5,drvwn3qn,,,,,0
12,etralflj,,0,0,307,,,,0,,,0.0,6,,0.0,,0.0,0.0,0.0,0.0,0.0,,3800.0,10.0,,,,,0.0,0,,,2,,,,,1,6,gp,info_only,human_only,0.0,0,15,,,,5,drvwn3qn,,,,,0
13,nssv2yvi,,0,0,307,,,,0,,,0.0,1,,0.0,,0.0,0.0,0.0,0.0,0.0,,2600.0,20.0,,,,,0.0,0,,,3,,,,,1,4,ghp,gamified,human_only,0.0,0,15,,,,5,drvwn3qn,,,,,0
14,glcjrv9i,,0,0,307,,,,0,,,0.0,2,,0.0,,0.0,0.0,0.0,0.0,0.0,,3800.0,10.0,,,,,0.0,0,,,3,,,,,1,4,ghp,gamified,human_only,0.0,0,15,,,,5,drvwn3qn,,,,,0
15,4odonh5g,,0,0,307,,,,0,,,0.0,3,,0.0,,0.0,0.0,0.0,0.0,0.0,,2600.0,20.0,,,,,0.0,0,,,3,,,,,1,4,ghp,gamified,human_only,0.0,0,15,,,,5,drvwn3qn,,,,,0
16,nfztjwlz,,0,0,307,,,,0,,,0.0,4,,0.0,,0.0,0.0,0.0,0.0,0.0,,3800.0,10.0,,,,,0.0,0,,,3,,,,,1,4,ghp,gamified,human_only,0.0,0,15,,,,5,drvwn3qn,,,,,0
1,2cg8ws5z,,0,0,307,,,,0,,,0.0,1,,0.0,,0.0,0.0,0.0,0.0,0.0,,2600.0,20.0,,,,,0.0,0,,,1,,,,,1,6,gh,hedonic_only,human_only,0.0,0,15,,,,6,drvwn3qn,,,,,0
2,lmowcnj4,,0,0,307,,,,0,,,0.0,2,,0.0,,0.0,0.0,0.0,0.0,0.0,,3800.0,10.0,,,,,0.0,0,,,1,,,,,1,6,gh,hedonic_only,human_only,0.0,0,15,,,,6,drvwn3qn,,,,,0
3,ut8batsp,,0,0,307,,,,0,,,0.0,3,,0.0,,0.0,0.0,0.0,0.0,0.0,,2600.0,20.0,,,,,0.0,0,,,1,,,,,1,6,gh,hedonic_only,human_only,0.0,0,15,,,,6,drvwn3qn,,,,,0
4,g19tdrc5,,0,0,307,,,,0,,,0.0,4,,0.0,,0.0,0.0,0.0,0.0,0.0,,3800.0,10.0,,,,,0.0,0,,,1,,,,,1,6,gh,hedonic_only,human_only,0.0,0,15,,,,6,drvwn3qn,,,,,0
5,gks2srrt,,0,0,307,,,,0,,,0.0,5,,0.0,,0.0,0.0,0.0,0.0,0.0,,2600.0,20.0,,,,,0.0,0,,,1,,,,,1,6,gh,hedonic_only,human_only,0.0,0,15,,,,6,drvwn3qn,,,,,0
6,4ga2jjk5,,0,0,307,,,,0,,,0.0,6,,0.0,,0.0,0.0,0.0,0.0,0.0,,3800.0,10.0,,,,,0.0,0,,,1,,,,,1,6,gh,hedonic_only,human_only,0.0,0,15,,,,6,drvwn3qn,,,,,0
7,hyzettta,,0,0,307,,,,0,,,0.0,1,,0.0,,0.0,0.0,0.0,0.0,0.0,,2600.0,20.0,,,,,0.0,0,,,2,,,,,1,6,gp,info_only,human_only,0.0,0,15,,,,6,drvwn3qn,,,,,0
8,pyk3jkbw,,0,0,307,,,,0,,,0.0,2,,0.0,,0.0,0.0,0.0,0.0,0.0,,3800.0,10.0,,,,,0.0,0,,,2,,,,,1,6,gp,info_only,human_only,0.0,0,15,,,,6,drvwn3qn,,,,,0
9,v1sz6v5a,,0,0,307,,,,0,,,0.0,3,,0.0,,0.0,0.0,0.0,0.0,0.0,,2600.0,20.0,,,,,0.0,0,,,2,,,,,1,6,gp,info_only,human_only,0.0,0,15,,,,6,drvwn3qn,,,,,0
10,c9hjz24n,,0,0,307,,,,0,,,0.0,4,,0.0,,0.0,0.0,0.0,0.0,0.0,,3800.0,10.0,,,,,0.0,0,,,2,,,,,1,6,gp,info_only,human_only,0.0,0,15,,,,6,drvwn3qn,,,,,0
11,9bjz8nvb,,0,0,307,,,,0,,,0.0,5,,0.0,,0.0,0.0,0.0,0.0,0.0,,2600.0,20.0,,,,,0.0,0,,,2,,,,,1,6,gp,info_only,human_only,0.0,0,15,,,,6,drvwn3qn,,,,,0
12,etralflj,,0,0,307,,,,0,,,0.0,6,,0.0,,0.0,0.0,0.0,0.0,0.0,,3800.0,10.0,,,,,0.0,0,,,2,,,,,1,6,gp,info_only,human_only,0.0,0,15,,,,6,drvwn3qn,,,,,0
13,nssv2yvi,,0,0,307,,,,0,,,0.0,1,,0.0,,0.0,0.0,0.0,0.0,0.0,,2600.0,20.0,,,,,0.0,0,,,3,,,,,1,4,ghp,gamified,human_only,0.0,0,15,,,,6,drvwn3qn,,,,,0
14,glcjrv9i,,0,0,307,,,,0,,,0.0,2,,0.0,,0.0,0.0,0.0,0.0,0.0,,3800.0,10.0,,,,,0.0,0,,,3,,,,,1,4,ghp,gamified,human_only,0.0,0,15,,,,6,drvwn3qn,,,,,0
15,4odonh5g,,0,0,307,,,,0,,,0.0,3,,0.0,,0.0,0.0,0.0,0.0,0.0,,2600.0,20.0,,,,,0.0,0,,,3,,,,,1,4,ghp,gamified,human_only,0.0,0,15,,,,6,drvwn3qn,,,,,0
16,nfztjwlz,,0,0,307,,,,0,,,0.0,4,,0.0,,0.0,0.0,0.0,0.0,0.0,,3800.0,10.0,,,,,0.0,0,,,3,,,,,1,4,ghp,gamified,human_only,0.0,0,15,,,,6,drvwn3qn,,,,,0
1,2cg8ws5z,,0,0,307,,,,0,,,0.0,1,,0.0,,0.0,0.0,0.0,0.0,0.0,,2600.0,20.0,,,,,0.0,0,,,1,,,,,1,6,gh,hedonic_only,human_only,0.0,0,15,,,,7,drvwn3qn,,,,,0
2,lmowcnj4,,0,0,307,,,,0,,,0.0,2,,0.0,,0.0,0.0,0.0,0.0,0.0,,3800.0,10.0,,,,,0.0,0,,,1,,,,,1,6,gh,hedonic_only,human_only,0.0,0,15,,,,7,drvwn3qn,,,,,0
3,ut8batsp,,0,0,307,,,,0,,,0.0,3,,0.0,,0.0,0.0,0.0,0.0,0.0,,2600.0,20.0,,,,,0.0,0,,,1,,,,,1,6,gh,hedonic_only,human_only,0.0,0,15,,,,7,drvwn3qn,,,,,0
4,g19tdrc5,,0,0,307,,,,0,,,0.0,4,,0.0,,0.0,0.0,0.0,0.0,0.0,,3800.0,10.0,,,,,0.0,0,,,1,,,,,1,6,gh,hedonic_only,human_only,0.0,0,15,,,,7,drvwn3qn,,,,,0
5,gks2srrt,,0,0,307,,,,0,,,0.0,5,,0.0,,0.0,0.0,0.0,0.0,0.0,,2600.0,20.0,,,,,0.0,0,,,1,,,,,1,6,gh,hedonic_only,human_only,0.0,0,15,,,,7,drvwn3qn,,,,,0
6,4ga2jjk5,,0,0,307,,,,0,,,0.0,6,,0.0,,0.0,0.0,0.0,0.0,0.0,,3800.0,10.0,,,,,0.0,0,,,1,,,,,1,6,gh,hedonic_only,human_only,0.0,0,15,,,,7,drvwn3qn,,,,,0
7,hyzettta,,0,0,307,,,,0,,,0.0,1,,0.0,,0.0,0.0,0.0,0.0,0.0,,2600.0,20.0,,,,,0.0,0,,,2,,,,,1,6,gp,info_only,human_only,0.0,0,15,,,,7,drvwn3qn,,,,,0
8,pyk3jkbw,,0,0,307,,,,0,,,0.0,2,,0.0,,0.0,0.0,0.0,0.0,0.0,,3800.0,10.0,,,,,0.0,0,,,2,,,,,1,6,gp,info_only,human_only,0.0,0,15,,,,7,drvwn3qn,,,,,0
9,v1sz6v5a,,0,0,307,,,,0,,,0.0,3,,0.0,,0.0,0.0,0.0,0.0,0.0,,2600.0,20.0,,,,,0.0,0,,,2,,,,,1,6,gp,info_only,human_only,0.0,0,15,,,,7,drvwn3qn,,,,,0
10,c9hjz24n,,0,0,307,,,,0,,,0.0,4,,0.0,,0.0,0.0,0.0,0.0,0.0,,3800.0,10.0,,,,,0.0,0,,,2,,,,,1,6,gp,info_only,human_only,0.0,0,15,,,,7,drvwn3qn,,,,,0
11,9bjz8nvb,,0,0,307,,,,0,,,0.0,5,,0.0,,0.0,0.0,0.0,0.0,0.0,,2600.0,20.0,,,,,0.0,0,,,2,,,,,1,6,gp,info_only,human_only,0.0,0,15,,,,7,drvwn3qn,,,,,0
12,etralflj,,0,0,307,,,,0,,,0.0,6,,0.0,,0.0,0.0,0.0,0.0,0.0,,3800.0,10.0,,,,,0.0,0,,,2,,,,,1,6,gp,info_only,human_only,0.0,0,15,,,,7,drvwn3qn,,,,,0
13,nssv2yvi,,0,0,307,,,,0,,,0.0,1,,0.0,,0.0,0.0,0.0,0.0,0.0,,2600.0,20.0,,,,,0.0,0,,,3,,,,,1,4,ghp,gamified,human_only,0.0,0,15,,,,7,drvwn3qn,,,,,0
14,glcjrv9i,,0,0,307,,,,0,,,0.0,2,,0.0,,0.0,0.0,0.0,0.0,0.0,,3800.0,10.0,,,,,0.0,0,,,3,,,,,1,4,ghp,gamified,human_only,0.0,0,15,,,,7,drvwn3qn,,,,,0
15,4odonh5g,,0,0,307,,,,0,,,0.0,3,,0.0,,0.0,0.0,0.0,0.0,0.0,,2600.0,20.0,,,,,0.0,0,,,3,,,,,1,4,ghp,gamified,human_only,0.0,0,15,,,,7,drvwn3qn,,,,,0
16,nfztjwlz,,0,0,307,,,,0,,,0.0,4,,0.0,,0.0,0.0,0.0,0.0,0.0,,3800.0,10.0,,,,,0.0,0,,,3,,,,,1,4,ghp,gamified,human_only,0.0,0,15,,,,7,drvwn3qn,,,,,0
1,2cg8ws5z,,0,0,307,,,,0,,,0.0,1,,0.0,,0.0,0.0,0.0,0.0,0.0,,2600.0,20.0,,,,,0.0,0,,,1,,,,,1,6,gh,hedonic_only,human_only,0.0,0,15,,,,8,drvwn3qn,,,,,0
2,lmowcnj4,,0,0,307,,,,0,,,0.0,2,,0.0,,0.0,0.0,0.0,0.0,0.0,,3800.0,10.0,,,,,0.0,0,,,1,,,,,1,6,gh,hedonic_only,human_only,0.0,0,15,,,,8,drvwn3qn,,,,,0
3,ut8batsp,,0,0,307,,,,0,,,0.0,3,,0.0,,0.0,0.0,0.0,0.0,0.0,,2600.0,20.0,,,,,0.0,0,,,1,,,,,1,6,gh,hedonic_only,human_only,0.0,0,15,,,,8,drvwn3qn,,,,,0
4,g19tdrc5,,0,0,307,,,,0,,,0.0,4,,0.0,,0.0,0.0,0.0,0.0,0.0,,3800.0,10.0,,,,,0.0,0,,,1,,,,,1,6,gh,hedonic_only,human_only,0.0,0,15,,,,8,drvwn3qn,,,,,0
5,gks2srrt,,0,0,307,,,,0,,,0.0,5,,0.0,,0.0,0.0,0.0,0.0,0.0,,2600.0,20.0,,,,,0.0,0,,,1,,,,,1,6,gh,hedonic_only,human_only,0.0,0,15,,,,8,drvwn3qn,,,,,0
6,4ga2jjk5,,0,0,307,,,,0,,,0.0,6,,0.0,,0.0,0.0,0.0,0.0,0.0,,3800.0,10.0,,,,,0.0,0,,,1,,,,,1,6,gh,hedonic_only,human_only,0.0,0,15,,,,8,drvwn3qn,,,,,0
7,hyzettta,,0,0,307,,,,0,,,0.0,1,,0.0,,0.0,0.0,0.0,0.0,0.0,,2600.0,20.0,,,,,0.0,0,,,2,,,,,1,6,gp,info_only,human_only,0.0,0,15,,,,8,drvwn3qn,,,,,0
8,pyk3jkbw,,0,0,307,,,,0,,,0.0,2,,0.0,,0.0,0.0,0.0,0.0,0.0,,3800.0,10.0,,,,,0.0,0,,,2,,,,,1,6,gp,info_only,human_only,0.0,0,15,,,,8,drvwn3qn,,,,,0
9,v1sz6v5a,,0,0,307,,,,0,,,0.0,3,,0.0,,0.0,0.0,0.0,0.0,0.0,,2600.0,20.0,,,,,0.0,0,,,2,,,,,1,6,gp,info_only,human_only,0.0,0,15,,,,8,drvwn3qn,,,,,0
10,c9hjz24n,,0,0,307,,,,0,,,0.0,4,,0.0,,0.0,0.0,0.0,0.0,0.0,,3800.0,10.0,,,,,0.0,0,,,2,,,,,1,6,gp,info_only,human_only,0.0,0,15,,,,8,drvwn3qn,,,,,0
11,9bjz8nvb,,0,0,307,,,,0,,,0.0,5,,0.0,,0.0,0.0,0.0,0.0,0.0,,2600.0,20.0,,,,,0.0,0,,,2,,,,,1,6,gp,info_only,human_only,0.0,0,15,,,,8,drvwn3qn,,,,,0
12,etralflj,,0,0,307,,,,0,,,0.0,6,,0.0,,0.0,0.0,0.0,0.0,0.0,,3800.0,10.0,,,,,0.0,0,,,2,,,,,1,6,gp,info_only,human_only,0.0,0,15,,,,8,drvwn3qn,,,,,0
13,nssv2yvi,,0,0,307,,,,0,,,0.0,1,,0.0,,0.0,0.0,0.0,0.0,0.0,,2600.0,20.0,,,,,0.0,0,,,3,,,,,1,4,ghp,gamified,human_only,0.0,0,15,,,,8,drvwn3qn,,,,,0
14,glcjrv9i,,0,0,307,,,,0,,,0.0,2,,0.0,,0.0,0.0,0.0,0.0,0.0,,3800.0,10.0,,,,,0.0,0,,,3,,,,,1,4,ghp,gamified,human_only,0.0,0,15,,,,8,drvwn3qn,,,,,0
15,4odonh5g,,0,0,307,,,,0,,,0.0,3,,0.0,,0.0,0.0,0.0,0.0,0.0,,2600.0,20.0,,,,,0.0,0,,,3,,,,,1,4,ghp,gamified,human_only,0.0,0,15,,,,8,drvwn3qn,,,,,0
16,nfztjwlz,,0,0,307,,,,0,,,0.0,4,,0.0,,0.0,0.0,0.0,0.0,0.0,,3800.0,10.0,,,,,0.0,0,,,3,,,,,1,4,ghp,gamified,human_only,0.0,0,15,,,,8,drvwn3qn,,,,,0
1,2cg8ws5z,,0,0,307,,,,0,,,0.0,1,,0.0,,0.0,0.0,0.0,0.0,0.0,,2600.0,20.0,,,,,0.0,0,,,1,,,,,1,6,gh,hedonic_only,human_only,0.0,0,15,,,,9,drvwn3qn,,,,,0
2,lmowcnj4,,0,0,307,,,,0,,,0.0,2,,0.0,,0.0,0.0,0.0,0.0,0.0,,3800.0,10.0,,,,,0.0,0,,,1,,,,,1,6,gh,hedonic_only,human_only,0.0,0,15,,,,9,drvwn3qn,,,,,0
3,ut8batsp,,0,0,307,,,,0,,,0.0,3,,0.0,,0.0,0.0,0.0,0.0,0.0,,2600.0,20.0,,,,,0.0,0,,,1,,,,,1,6,gh,hedonic_only,human_only,0.0,0,15,,,,9,drvwn3qn,,,,,0
4,g19tdrc5,,0,0,307,,,,0,,,0.0,4,,0.0,,0.0,0.0,0.0,0.0,0.0,,3800.0,10.0,,,,,0.0,0,,,1,,,,,1,6,gh,hedonic_only,human_only,0.0,0,15,,,,9,drvwn3qn,,,,,0
5,gks2srrt,,0,0,307,,,,0,,,0.0,5,,0.0,,0.0,0.0,0.0,0.0,0.0,,2600.0,20.0,,,,,0.0,0,,,1,,,,,1,6,gh,hedonic_only,human_only,0.0,0,15,,,,9,drvwn3qn,,,,,0
6,4ga2jjk5,,0,0,307,,,,0,,,0.0,6,,0.0,,0.0,0.0,0.0,0.0,0.0,,3800.0,10.0,,,,,0.0,0,,,1,,,,,1,6,gh,hedonic_only,human_only,0.0,0,15,,,,9,drvwn3qn,,,,,0
7,hyzettta,,0,0,307,,,,0,,,0.0,1,,0.0,,0.0,0.0,0.0,0.0,0.0,,2600.0,20.0,,,,,0.0,0,,,2,,,,,1,6,gp,info_only,human_only,0.0,0,15,,,,9,drvwn3qn,,,,,0
8,pyk3jkbw,,0,0,307,,,,0,,,0.0,2,,0.0,,0.0,0.0,0.0,0.0,0.0,,3800.0,10.0,,,,,0.0,0,,,2,,,,,1,6,gp,info_only,human_only,0.0,0,15,,,,9,drvwn3qn,,,,,0
9,v1sz6v5a,,0,0,307,,,,0,,,0.0,3,,0.0,,0.0,0.0,0.0,0.0,0.0,,2600.0,20.0,,,,,0.0,0,,,2,,,,,1,6,gp,info_only,human_only,0.0,0,15,,,,9,drvwn3qn,,,,,0
10,c9hjz24n,,0,0,307,,,,0,,,0.0,4,,0.0,,0.0,0.0,0.0,0.0,0.0,,3800.0,10.0,,,,,0.0,0,,,2,,,,,1,6,gp,info_only,human_only,0.0,0,15,,,,9,drvwn3qn,,,,,0
11,9bjz8nvb,,0,0,307,,,,0,,,0.0,5,,0.0,,0.0,0.0,0.0,0.0,0.0,,2600.0,20.0,,,,,0.0,0,,,2,,,,,1,6,gp,info_only,human_only,0.0,0,15,,,,9,drvwn3qn,,,,,0
12,etralflj,,0,0,307,,,,0,,,0.0,6,,0.0,,0.0,0.0,0.0,0.0,0.0,,3800.0,10.0,,,,,0.0,0,,,2,,,,,1,6,gp,info_only,human_only,0.0,0,15,,,,9,drvwn3qn,,,,,0
13,nssv2yvi,,0,0,307,,,,0,,,0.0,1,,0.0,,0.0,0.0,0.0,0.0,0.0,,2600.0,20.0,,,,,0.0,0,,,3,,,,,1,4,ghp,gamified,human_only,0.0,0,15,,,,9,drvwn3qn,,,,,0
14,glcjrv9i,,0,0,307,,,,0,,,0.0,2,,0.0,,0.0,0.0,0.0,0.0,0.0,,3800.0,10.0,,,,,0.0,0,,,3,,,,,1,4,ghp,gamified,human_only,0.0,0,15,,,,9,drvwn3qn,,,,,0
15,4odonh5g,,0,0,307,,,,0,,,0.0,3,,0.0,,0.0,0.0,0.0,0.0,0.0,,2600.0,20.0,,,,,0.0,0,,,3,,,,,1,4,ghp,gamified,human_only,0.0,0,15,,,,9,drvwn3qn,,,,,0
16,nfztjwlz,,0,0,307,,,,0,,,0.0,4,,0.0,,0.0,0.0,0.0,0.0,0.0,,3800.0,10.0,,,,,0.0,0,,,3,,,,,1,4,ghp,gamified,human_only,0.0,0,15,,,,9,drvwn3qn,,,,,0
1,2cg8ws5z,,0,0,307,,,,0,,,0.0,1,,0.0,,0.0,0.0,0.0,0.0,0.0,,2600.0,20.0,,,,,0.0,0,,,1,,,,,1,6,gh,hedonic_only,human_only,0.0,0,15,,,,10,drvwn3qn,,,,,0
2,lmowcnj4,,0,0,307,,,,0,,,0.0,2,,0.0,,0.0,0.0,0.0,0.0,0.0,,3800.0,10.0,,,,,0.0,0,,,1,,,,,1,6,gh,hedonic_only,human_only,0.0,0,15,,,,10,drvwn3qn,,,,,0
3,ut8batsp,,0,0,307,,,,0,,,0.0,3,,0.0,,0.0,0.0,0.0,0.0,0.0,,2600.0,20.0,,,,,0.0,0,,,1,,,,,1,6,gh,hedonic_only,human_only,0.0,0,15,,,,10,drvwn3qn,,,,,0
4,g19tdrc5,,0,0,307,,,,0,,,0.0,4,,0.0,,0.0,0.0,0.0,0.0,0.0,,3800.0,10.0,,,,,0.0,0,,,1,,,,,1,6,gh,hedonic_only,human_only,0.0,0,15,,,,10,drvwn3qn,,,,,0
5,gks2srrt,,0,0,307,,,,0,,,0.0,5,,0.0,,0.0,0.0,0.0,0.0,0.0,,2600.0,20.0,,,,,0.0,0,,,1,,,,,1,6,gh,hedonic_only,human_only,0.0,0,15,,,,10,drvwn3qn,,,,,0
6,4ga2jjk5,,0,0,307,,,,0,,,0.0,6,,0.0,,0.0,0.0,0.0,0.0,0.0,,3800.0,10.0,,,,,0.0,0,,,1,,,,,1,6,gh,hedonic_only,human_only,0.0,0,15,,,,10,drvwn3qn,,,,,0
7,hyzettta,,0,0,307,,,,0,,,0.0,1,,0.0,,0.0,0.0,0.0,0.0,0.0,,2600.0,20.0,,,,,0.0,0,,,2,,,,,1,6,gp,info_only,human_only,0.0,0,15,,,,10,drvwn3qn,,,,,0
8,pyk3jkbw,,0,0,307,,,,0,,,0.0,2,,0.0,,0.0,0.0,0.0,0.0,0.0,,3800.0,10.0,,,,,0.0,0,,,2,,,,,1,6,gp,info_only,human_only,0.0,0,15,,,,10,drvwn3qn,,,,,0
9,v1sz6v5a,,0,0,307,,,,0,,,0.0,3,,0.0,,0.0,0.0,0.0,0.0,0.0,,2600.0,20.0,,,,,0.0,0,,,2,,,,,1,6,gp,info_only,human_only,0.0,0,15,,,,10,drvwn3qn,,,,,0
10,c9hjz24n,,0,0,307,,,,0,,,0.0,4,,0.0,,0.0,0.0,0.0,0.0,0.0,,3800.0,10.0,,,,,0.0,0,,,2,,,,,1,6,gp,info_only,human_only,0.0,0,15,,,,10,drvwn3qn,,,,,0
11,9bjz8nvb,,0,0,307,,,,0,,,0.0,5,,0.0,,0.0,0.0,0.0,0.0,0.0,,2600.0,20.0,,,,,0.0,0,,,2,,,,,1,6,gp,info_only,human_only,0.0,0,15,,,,10,drvwn3qn,,,,,0
12,etralflj,,0,0,307,,,,0,,,0.0,6,,0.0,,0.0,0.0,0.0,0.0,0.0,,3800.0,10.0,,,,,0.0,0,,,2,,,,,1,6,gp,info_only,human_only,0.0,0,15,,,,10,drvwn3qn,,,,,0
13,nssv2yvi,,0,0,307,,,,0,,,0.0,1,,0.0,,0.0,0.0,0.0,0.0,0.0,,2600.0,20.0,,,,,0.0,0,,,3,,,,,1,4,ghp,gamified,human_only,0.0,0,15,,,,10,drvwn3qn,,,,,0
14,glcjrv9i,,0,0,307,,,,0,,,0.0,2,,0.0,,0.0,0.0,0.0,0.0,0.0,,3800.0,10.0,,,,,0.0,0,,,3,,,,,1,4,ghp,gamified,human_only,0.0,0,15,,,,10,drvwn3qn,,,,,0
15,4odonh5g,,0,0,307,,,,0,,,0.0,3,,0.0,,0.0,0.0,0.0,0.0,0.0,,2600.0,20.0,,,,,0.0,0,,,3,,,,,1,4,ghp,gamified,human_only,0.0,0,15,,,,10,drvwn3qn,,,,,0
16,nfztjwlz,,0,0,307,,,,0,,,0.0,4,,0.0,,0.0,0.0,0.0,0.0,0.0,,3800.0,10.0,,,,,0.0,0,,,3,,,,,1,4,ghp,gamified,human_only,0.0,0,15,,,,10,drvwn3qn,,,,,0
1,2cg8ws5z,,0,0,307,,,,0,,,0.0,1,,0.0,,0.0,0.0,0.0,0.0,0.0,,2600.0,20.0,,,,,0.0,0,,,1,,,,,1,6,gh,hedonic_only,human_only,0.0,0,15,,,,11,drvwn3qn,,,,,0
2,lmowcnj4,,0,0,307,,,,0,,,0.0,2,,0.0,,0.0,0.0,0.0,0.0,0.0,,3800.0,10.0,,,,,0.0,0,,,1,,,,,1,6,gh,hedonic_only,human_only,0.0,0,15,,,,11,drvwn3qn,,,,,0
3,ut8batsp,,0,0,307,,,,0,,,0.0,3,,0.0,,0.0,0.0,0.0,0.0,0.0,,2600.0,20.0,,,,,0.0,0,,,1,,,,,1,6,gh,hedonic_only,human_only,0.0,0,15,,,,11,drvwn3qn,,,,,0
4,g19tdrc5,,0,0,307,,,,0,,,0.0,4,,0.0,,0.0,0.0,0.0,0.0,0.0,,3800.0,10.0,,,,,0.0,0,,,1,,,,,1,6,gh,hedonic_only,human_only,0.0,0,15,,,,11,drvwn3qn,,,,,0
5,gks2srrt,,0,0,307,,,,0,,,0.0,5,,0.0,,0.0,0.0,0.0,0.0,0.0,,2600.0,20.0,,,,,0.0,0,,,1,,,,,1,6,gh,hedonic_only,human_only,0.0,0,15,,,,11,drvwn3qn,,,,,0
6,4ga2jjk5,,0,0,307,,,,0,,,0.0,6,,0.0,,0.0,0.0,0.0,0.0,0.0,,3800.0,10.0,,,,,0.0,0,,,1,,,,,1,6,gh,hedonic_only,human_only,0.0,0,15,,,,11,drvwn3qn,,,,,0
7,hyzettta,,0,0,307,,,,0,,,0.0,1,,0.0,,0.0,0.0,0.0,0.0,0.0,,2600.0,20.0,,,,,0.0,0,,,2,,,,,1,6,gp,info_only,human_only,0.0,0,15,,,,11,drvwn3qn,,,,,0
8,pyk3jkbw,,0,0,307,,,,0,,,0.0,2,,0.0,,0.0,0.0,0.0,0.0,0.0,,3800.0,10.0,,,,,0.0,0,,,2,,,,,1,6,gp,info_only,human_only,0.0,0,15,,,,11,drvwn3qn,,,,,0
9,v1sz6v5a,,0,0,307,,,,0,,,0.0,3,,0.0,,0.0,0.0,0.0,0.0,0.0,,2600.0,20.0,,,,,0.0,0,,,2,,,,,1,6,gp,info_only,human_only,0.0,0,15,,,,11,drvwn3qn,,,,,0
10,c9hjz24n,,0,0,307,,,,0,,,0.0,4,,0.0,,0.0,0.0,0.0,0.0,0.0,,3800.0,10.0,,,,,0.0,0,,,2,,,,,1,6,gp,info_only,human_only,0.0,0,15,,,,11,drvwn3qn,,,,,0
11,9bjz8nvb,,0,0,307,,,,0,,,0.0,5,,0.0,,0.0,0.0,0.0,0.0,0.0,,2600.0,20.0,,,,,0.0,0,,,2,,,,,1,6,gp,info_only,human_only,0.0,0,15,,,,11,drvwn3qn,,,,,0
12,etralflj,,0,0,307,,,,0,,,0.0,6,,0.0,,0.0,0.0,0.0,0.0,0.0,,3800.0,10.0,,,,,0.0,0,,,2,,,,,1,6,gp,info_only,human_only,0.0,0,15,,,,11,drvwn3qn,,,,,0
13,nssv2yvi,,0,0,307,,,,0,,,0.0,1,,0.0,,0.0,0.0,0.0,0.0,0.0,,2600.0,20.0,,,,,0.0,0,,,3,,,,,1,4,ghp,gamified,human_only,0.0,0,15,,,,11,drvwn3qn,,,,,0
14,glcjrv9i,,0,0,307,,,,0,,,0.0,2,,0.0,,0.0,0.0,0.0,0.0,0.0,,3800.0,10.0,,,,,0.0,0,,,3,,,,,1,4,ghp,gamified,human_only,0.0,0,15,,,,11,drvwn3qn,,,,,0
15,4odonh5g,,0,0,307,,,,0,,,0.0,3,,0.0,,0.0,0.0,0.0,0.0,0.0,,2600.0,20.0,,,,,0.0,0,,,3,,,,,1,4,ghp,gamified,human_only,0.0,0,15,,,,11,drvwn3qn,,,,,0
16,nfztjwlz,,0,0,307,,,,0,,,0.0,4,,0.0,,0.0,0.0,0.0,0.0,0.0,,3800.0,10.0,,,,,0.0,0,,,3,,,,,1,4,ghp,gamified,human_only,0.0,0,15,,,,11,drvwn3qn,,,,,0
1,2cg8ws5z,,0,0,307,,,,0,,,0.0,1,,0.0,,0.0,0.0,0.0,0.0,0.0,,2600.0,20.0,,,,,0.0,0,,,1,,,,,1,6,gh,hedonic_only,human_only,0.0,0,15,,,,12,drvwn3qn,,,,,0
2,lmowcnj4,,0,0,307,,,,0,,,0.0,2,,0.0,,0.0,0.0,0.0,0.0,0.0,,3800.0,10.0,,,,,0.0,0,,,1,,,,,1,6,gh,hedonic_only,human_only,0.0,0,15,,,,12,drvwn3qn,,,,,0
3,ut8batsp,,0,0,307,,,,0,,,0.0,3,,0.0,,0.0,0.0,0.0,0.0,0.0,,2600.0,20.0,,,,,0.0,0,,,1,,,,,1,6,gh,hedonic_only,human_only,0.0,0,15,,,,12,drvwn3qn,,,,,0
4,g19tdrc5,,0,0,307,,,,0,,,0.0,4,,0.0,,0.0,0.0,0.0,0.0,0.0,,3800.0,10.0,,,,,0.0,0,,,1,,,,,1,6,gh,hedonic_only,human_only,0.0,0,15,,,,12,drvwn3qn,,,,,0
5,gks2srrt,,0,0,307,,,,0,,,0.0,5,,0.0,,0.0,0.0,0.0,0.0,0.0,,2600.0,20.0,,,,,0.0,0,,,1,,,,,1,6,gh,hedonic_only,human_only,0.0,0,15,,,,12,drvwn3qn,,,,,0
6,4ga2jjk5,,0,0,307,,,,0,,,0.0,6,,0.0,,0.0,0.0,0.0,0.0,0.0,,3800.0,10.0,,,,,0.0,0,,,1,,,,,1,6,gh,hedonic_only,human_only,0.0,0,15,,,,12,drvwn3qn,,,,,0
7,hyzettta,,0,0,307,,,,0,,,0.0,1,,0.0,,0.0,0.0,0.0,0.0,0.0,,2600.0,20.0,,,,,0.0,0,,,2,,,,,1,6,gp,info_only,human_only,0.0,0,15,,,,12,drvwn3qn,,,,,0
8,pyk3jkbw,,0,0,307,,,,0,,,0.0,2,,0.0,,0.0,0.0,0.0,0.0,0.0,,3800.0,10.0,,,,,0.0,0,,,2,,,,,1,6,gp,info_only,human_only,0.0,0,15,,,,12,drvwn3qn,,,,,0
9,v1sz6v5a,,0,0,307,,,,0,,,0.0,3,,0.0,,0.0,0.0,0.0,0.0,0.0,,2600.0,20.0,,,,,0.0,0,,,2,,,,,1,6,gp,info_only,human_only,0.0,0,15,,,,12,drvwn3qn,,,,,0
10,c9hjz24n,,0,0,307,,,,0,,,0.0,4,,0.0,,0.0,0.0,0.0,0.0,0.0,,3800.0,10.0,,,,,0.0,0,,,2,,,,,1,6,gp,info_only,human_only,0.0,0,15,,,,12,drvwn3qn,,,,,0
11,9bjz8nvb,,0,0,307,,,,0,,,0.0,5,,0.0,,0.0,0.0,0.0,0.0,0.0,,2600.0,20.0,,,,,0.0,0,,,2,,,,,1,6,gp,info_only,human_only,0.0,0,15,,,,12,drvwn3qn,,,,,0
12,etralflj,,0,0,307,,,,0,,,0.0,6,,0.0,,0.0,0.0,0.0,0.0,0.0,,3800.0,10.0,,,,,0.0,0,,,2,,,,,1,6,gp,info_only,human_only,0.0,0,15,,,,12,drvwn3qn,,,,,0
13,nssv2yvi,,0,0,307,,,,0,,,0.0,1,,0.0,,0.0,0.0,0.0,0.0,0.0,,2600.0,20.0,,,,,0.0,0,,,3,,,,,1,4,ghp,gamified,human_only,0.0,0,15,,,,12,drvwn3qn,,,,,0
14,glcjrv9i,,0,0,307,,,,0,,,0.0,2,,0.0,,0.0,0.0,0.0,0.0,0.0,,3800.0,10.0,,,,,0.0,0,,,3,,,,,1,4,ghp,gamified,human_only,0.0,0,15,,,,12,drvwn3qn,,,,,0
15,4odonh5g,,0,0,307,,,,0,,,0.0,3,,0.0,,0.0,0.0,0.0,0.0,0.0,,2600.0,20.0,,,,,0.0,0,,,3,,,,,1,4,ghp,gamified,human_only,0.0,0,15,,,,12,drvwn3qn,,,,,0
16,nfztjwlz,,0,0,307,,,,0,,,0.0,4,,0.0,,0.0,0.0,0.0,0.0,0.0,,3800.0,10.0,,,,,0.0,0,,,3,,,,,1,4,ghp,gamified,human_only,0.0,0,15,,,,12,drvwn3qn,,,,,0
1,2cg8ws5z,,0,0,307,,,,0,,,0.0,1,,0.0,,0.0,0.0,0.0,0.0,0.0,,0.0,0.0,,,,,0.0,0,,,1,,,,,2,0,ghp,gamified,human_only,0.0,0,15,,,,13,drvwn3qn,,,,,0
2,lmowcnj4,,0,0,307,,,,0,,,0.0,2,,0.0,,0.0,0.0,0.0,0.0,0.0,,0.0,0.0,,,,,0.0,0,,,1,,,,,2,0,ghp,gamified,human_only,0.0,0,15,,,,13,drvwn3qn,,,,,0
3,ut8batsp,,0,0,307,,,,0,,,0.0,3,,0.0,,0.0,0.0,0.0,0.0,0.0,,0.0,0.0,,,,,0.0,0,,,1,,,,,2,0,ghp,gamified,human_only,0.0,0,15,,,,13,drvwn3qn,,,,,0
4,g19tdrc5,,0,0,307,,,,0,,,0.0,4,,0.0,,0.0,0.0,0.0,0.0,0.0,,0.0,0.0,,,,,0.0,0,,,1,,,,,2,0,ghp,gamified,human_only,0.0,0,15,,,,13,drvwn3qn,,,,,0
5,gks2srrt,,0,0,307,,,,0,,,0.0,5,,0.0,,0.0,0.0,0.0,0.0,0.0,,0.0,0.0,,,,,0.0,0,,,1,,,,,2,0,ghp,gamified,human_only,0.0,0,15,,,,13,drvwn3qn,,,,,0
6,4ga2jjk5,,0,0,307,,,,0,,,0.0,6,,0.0,,0.0,0.0,0.0,0.0,0.0,,0.0,0.0,,,,,0.0,0,,,1,,,,,2,0,ghp,gamified,human_only,0.0,0,15,,,,13,drvwn3qn,,,,,0
7,hyzettta,,0,0,307,,,,0,,,0.0,1,,0.0,,0.0,0.0,0.0,0.0,0.0,,0.0,0.0,,,,,0.0,0,,,2,,,,,2,0,ghp,gamified,human_only,0.0,0,15,,,,13,drvwn3qn,,,,,0
8,pyk3jkbw,,0,0,307,,,,0,,,0.0,2,,0.0,,0.0,0.0,0.0,0.0,0.0,,0.0,0.0,,,,,0.0,0,,,2,,,,,2,0,ghp,gamified,human_only,0.0,0,15,,,,13,drvwn3qn,,,,,0
9,v1sz6v5a,,0,0,307,,,,0,,,0.0,3,,0.0,,0.0,0.0,0.0,0.0,0.0,,0.0,0.0,,,,,0.0,0,,,2,,,,,2,0,ghp,gamified,human_only,0.0,0,15,,,,13,drvwn3qn,,,,,0
10,c9hjz24n,,0,0,307,,,,0,,,0.0,4,,0.0,,0.0,0.0,0.0,0.0,0.0,,0.0,0.0,,,,,0.0,0,,,2,,,,,2,0,ghp,gamified,human_only,0.0,0,15,,,,13,drvwn3qn,,,,,0
11,9bjz8nvb,,0,0,307,,,,0,,,0.0,5,,0.0,,0.0,0.0,0.0,0.0,0.0,,0.0,0.0,,,,,0.0,0,,,2,,,,,2,0,ghp,gamified,human_only,0.0,0,15,,,,13,drvwn3qn,,,,,0
12,etralflj,,0,0,307,,,,0,,,0.0,6,,0.0,,0.0,0.0,0.0,0.0,0.0,,0.0,0.0,,,,,0.0,0,,,2,,,,,2,0,ghp,gamified,human_only,0.0,0,15,,,,13,drvwn3qn,,,,,0
13,nssv2yvi,,0,0,307,,,,0,,,0.0,1,,0.0,,0.0,0.0,0.0,0.0,0.0,,0.0,0.0,,,,,0.0,0,,,3,,,,,2,0,ghp,gamified,human_only,0.0,0,15,,,,13,drvwn3qn,,,,,0
14,glcjrv9i,,0,0,307,,,,0,,,0.0,2,,0.0,,0.0,0.0,0.0,0.0,0.0,,0.0,0.0,,,,,0.0,0,,,3,,,,,2,0,ghp,gamified,human_only,0.0,0,15,,,,13,drvwn3qn,,,,,0
15,4odonh5g,,0,0,307,,,,0,,,0.0,3,,0.0,,0.0,0.0,0.0,0.0,0.0,,0.0,0.0,,,,,0.0,0,,,3,,,,,2,0,ghp,gamified,human_only,0.0,0,15,,,,13,drvwn3qn,,,,,0
16,nfztjwlz,,0,0,307,,,,0,,,0.0,4,,0.0,,0.0,0.0,0.0,0.0,0.0,,0.0,0.0,,,,,0.0,0,,,3,,,,,2,0,ghp,gamified,human_only,0.0,0,15,,,,13,drvwn3qn,,,,,0
1,2cg8ws5z,,0,0,307,,,,0,,,0.0,1,,0.0,,0.0,0.0,0.0,0.0,0.0,,0.0,0.0,,,,,0.0,0,,,1,,,,,2,0,ghp,gamified,human_only,0.0,0,15,,,,14,drvwn3qn,,,,,0
2,lmowcnj4,,0,0,307,,,,0,,,0.0,2,,0.0,,0.0,0.0,0.0,0.0,0.0,,0.0,0.0,,,,,0.0,0,,,1,,,,,2,0,ghp,gamified,human_only,0.0,0,15,,,,14,drvwn3qn,,,,,0
3,ut8batsp,,0,0,307,,,,0,,,0.0,3,,0.0,,0.0,0.0,0.0,0.0,0.0,,0.0,0.0,,,,,0.0,0,,,1,,,,,2,0,ghp,gamified,human_only,0.0,0,15,,,,14,drvwn3qn,,,,,0
4,g19tdrc5,,0,0,307,,,,0,,,0.0,4,,0.0,,0.0,0.0,0.0,0.0,0.0,,0.0,0.0,,,,,0.0,0,,,1,,,,,2,0,ghp,gamified,human_only,0.0,0,15,,,,14,drvwn3qn,,,,,0
5,gks2srrt,,0,0,307,,,,0,,,0.0,5,,0.0,,0.0,0.0,0.0,0.0,0.0,,0.0,0.0,,,,,0.0,0,,,1,,,,,2,0,ghp,gamified,human_only,0.0,0,15,,,,14,drvwn3qn,,,,,0
6,4ga2jjk5,,0,0,307,,,,0,,,0.0,6,,0.0,,0.0,0.0,0.0,0.0,0.0,,0.0,0.0,,,,,0.0,0,,,1,,,,,2,0,ghp,gamified,human_only,0.0,0,15,,,,14,drvwn3qn,,,,,0
7,hyzettta,,0,0,307,,,,0,,,0.0,7,,0.0,,0.0,0.0,0.0,0.0,0.0,,0.0,0.0,,,,,0.0,0,,,1,,,,,2,0,ghp,gamified,human_only,0.0,0,15,,,,14,drvwn3qn,,,,,0
8,pyk3jkbw,,0,0,307,,,,0,,,0.0,8,,0.0,,0.0,0.0,0.0,0.0,0.0,,0.0,0.0,,,,,0.0,0,,,1,,,,,2,0,ghp,gamified,human_only,0.0,0,15,,,,14,drvwn3qn,,,,,0
9,v1sz6v5a,,0,0,307,,,,0,,,0.0,9,,0.0,,0.0,0.0,0.0,0.0,0.0,,0.0,0.0,,,,,0.0,0,,,1,,,,,2,0,ghp,gamified,human_only,0.0,0,15,,,,14,drvwn3qn,,,,,0
10,c9hjz24n,,0,0,307,,,,0,,,0.0,10,,0.0,,0.0,0.0,0.0,0.0,0.0,,0.0,0.0,,,,,0.0,0,,,1,,,,,2,0,ghp,gamified,human_only,0.0,0,15,,,,14,drvwn3qn,,,,,0
11,9bjz8nvb,,0,0,307,,,,0,,,0.0,11,,0.0,,0.0,0.0,0.0,0.0,0.0,,0.0,0.0,,,,,0.0,0,,,1,,,,,2,0,ghp,gamified,human_only,0.0,0,15,,,,14,drvwn3qn,,,,,0
13,nssv2yvi,,0,0,307,,,,0,,,0.0,13,,0.0,,0.0,0.0,0.0,0.0,0.0,,0.0,0.0,,,,,0.0,0,,,1,,,,,2,0,ghp,gamified,human_only,0.0,0,15,,,,14,drvwn3qn,,,,,0
14,glcjrv9i,,0,0,307,,,,0,,,0.0,14,,0.0,,0.0,0.0,0.0,0.0,0.0,,0.0,0.0,,,,,0.0,0,,,1,,,,,2,0,ghp,gamified,human_only,0.0,0,15,,,,14,drvwn3qn,,,,,0
15,4odonh5g,,0,0,307,,,,0,,,0.0,15,,0.0,,0.0,0.0,0.0,0.0,0.0,,0.0,0.0,,,,,0.0,0,,,1,,,,,2,0,ghp,gamified,human_only,0.0,0,15,,,,14,drvwn3qn,,,,,0
16,nfztjwlz,,0,0,307,,,,0,,,0.0,16,,0.0,,0.0,0.0,0.0,0.0,0.0,,0.0,0.0,,,,,0.0,0,,,1,,,,,2,0,ghp,gamified,human_only,0.0,0,15,,,,14,drvwn3qn,,,,,0
1,2cg8ws5z,,0,0,307,,,,0,,,0.0,1,,0.0,,0.0,0.0,0.0,0.0,0.0,,0.0,0.0,,,,,0.0,0,,,1,,,,,2,0,ghp,gamified,human_only,0.0,0,15,,,,15,drvwn3qn,,,,,0
2,lmowcnj4,,0,0,307,,,,0,,,0.0,2,,0.0,,0.0,0.0,0.0,0.0,0.0,,0.0,0.0,,,,,0.0,0,,,1,,,,,2,0,ghp,gamified,human_only,0.0,0,15,,,,15,drvwn3qn,,,,,0
3,ut8batsp,,0,0,307,,,,0,,,0.0,3,,0.0,,0.0,0.0,0.0,0.0,0.0,,0.0,0.0,,,,,0.0,0,,,1,,,,,2,0,ghp,gamified,human_only,0.0,0,15,,,,15,drvwn3qn,,,,,0
4,g19tdrc5,,0,0,307,,,,0,,,0.0,4,,0.0,,0.0,0.0,0.0,0.0,0.0,,0.0,0.0,,,,,0.0,0,,,1,,,,,2,0,ghp,gamified,human_only,0.0,0,15,,,,15,drvwn3qn,,,,,0
5,gks2srrt,,0,0,307,,,,0,,,0.0,5,,0.0,,0.0,0.0,0.0,0.0,0.0,,0.0,0.0,,,,,0.0,0,,,1,,,,,2,0,ghp,gamified,human_only,0.0,0,15,,,,15,drvwn3qn,,,,,0
6,4ga2jjk5,,0,0,307,,,,0,,,0.0,6,,0.0,,0.0,0.0,0.0,0.0,0.0,,0.0,0.0,,,,,0.0,0,,,1,,,,,2,0,ghp,gamified,human_only,0.0,0,15,,,,15,drvwn3qn,,,,,0
7,hyzettta,,0,0,307,,,,0,,,0.0,7,,0.0,,0.0,0.0,0.0,0.0,0.0,,0.0,0.0,,,,,0.0,0,,,1,,,,,2,0,ghp,gamified,human_only,0.0,0,15,,,,15,drvwn3qn,,,,,0
8,pyk3jkbw,,0,0,307,,,,0,,,0.0,8,,0.0,,0.0,0.0,0.0,0.0,0.0,,0.0,0.0,,,,,0.0,0,,,1,,,,,2,0,ghp,gamified,human_only,0.0,0,15,,,,15,drvwn3qn,,,,,0
9,v1sz6v5a,,0,0,307,,,,0,,,0.0,9,,0.0,,0.0,0.0,0.0,0.0,0.0,,0.0,0.0,,,,,0.0,0,,,1,,,,,2,0,ghp,gamified,human_only,0.0,0,15,,,,15,drvwn3qn,,,,,0
10,c9hjz24n,,0,0,307,,,,0,,,0.0,10,,0.0,,0.0,0.0,0.0,0.0,0.0,,0.0,0.0,,,,,0.0,0,,,1,,,,,2,0,ghp,gamified,human_only,0.0,0,15,,,,15,drvwn3qn,,,,,0
11,9bjz8nvb,,0,0,307,,,,0,,,0.0,11,,0.0,,0.0,0.0,0.0,0.0,0.0,,0.0,0.0,,,,,0.0,0,,,1,,,,,2,0,ghp,gamified,human_only,0.0,0,15,,,,15,drvwn3qn,,,,,0
12,etralflj,,0,0,307,,,,0,,,0.0,12,,0.0,,0.0,0.0,0.0,0.0,0.0,,0.0,0.0,,,,,0.0,0,,,1,,,,,2,0,ghp,gamified,human_only,0.0,0,15,,,,15,drvwn3qn,,,,,0
13,nssv2yvi,,0,0,307,,,,0,,,0.0,13,,0.0,,0.0,0.0,0.0,0.0,0.0,,0.0,0.0,,,,,0.0,0,,,1,,,,,2,0,ghp,gamified,human_only,0.0,0,15,,,,15,drvwn3qn,,,,,0
14,glcjrv9i,,0,0,307,,,,0,,,0.0,14,,0.0,,0.0,0.0,0.0,0.0,0.0,,0.0,0.0,,,,,0.0,0,,,1,,,,,2,0,ghp,gamified,human_only,0.0,0,15,,,,15,drvwn3qn,,,,,0
15,4odonh5g,,0,0,307,,,,0,,,0.0,15,,0.0,,0.0,0.0,0.0,0.0,0.0,,0.0,0.0,,,,,0.0,0,,,1,,,,,2,0,ghp,gamified,human_only,0.0,0,15,,,,15,drvwn3qn,,,,,0
16,nfztjwlz,,0,0,307,,,,0,,,0.0,16,,0.0,,0.0,0.0,0.0,0.0,0.0,,0.0,0.0,,,,,0.0,0,,,1,,,,,2,0,ghp,gamified,human_only,0.0,0,15,,,,15,drvwn3qn,,,,,0
1,2cg8ws5z,,0,0,307,,,,0,,,0.0,1,,0.0,,0.0,0.0,0.0,0.0,0.0,,0.0,0.0,,,,,0.0,0,,,1,,,,,2,0,ghp,gamified,human_only,0.0,0,15,,,,16,drvwn3qn,,,,,0
2,lmowcnj4,,0,0,307,,,,0,,,0.0,2,,0.0,,0.0,0.0,0.0,0.0,0.0,,0.0,0.0,,,,,0.0,0,,,1,,,,,2,0,ghp,gamified,human_only,0.0,0,15,,,,16,drvwn3qn,,,,,0
3,ut8batsp,,0,0,307,,,,0,,,0.0,3,,0.0,,0.0,0.0,0.0,0.0,0.0,,0.0,0.0,,,,,0.0,0,,,1,,,,,2,0,ghp,gamified,human_only,0.0,0,15,,,,16,drvwn3qn,,,,,0
4,g19tdrc5,,0,0,307,,,,0,,,0.0,4,,0.0,,0.0,0.0,0.0,0.0,0.0,,0.0,0.0,,,,,0.0,0,,,1,,,,,2,0,ghp,gamified,human_only,0.0,0,15,,,,16,drvwn3qn,,,,,0
5,gks2srrt,,0,0,307,,,,0,,,0.0,5,,0.0,,0.0,0.0,0.0,0.0,0.0,,0.0,0.0,,,,,0.0,0,,,1,,,,,2,0,ghp,gamified,human_only,0.0,0,15,,,,16,drvwn3qn,,,,,0
6,4ga2jjk5,,0,0,307,,,,0,,,0.0,6,,0.0,,0.0,0.0,0.0,0.0,0.0,,0.0,0.0,,,,,0.0,0,,,1,,,,,2,0,ghp,gamified,human_only,0.0,0,15,,,,16,drvwn3qn,,,,,0
7,hyzettta,,0,0,307,,,,0,,,0.0,7,,0.0,,0.0,0.0,0.0,0.0,0.0,,0.0,0.0,,,,,0.0,0,,,1,,,,,2,0,ghp,gamified,human_only,0.0,0,15,,,,16,drvwn3qn,,,,,0
8,pyk3jkbw,,0,0,307,,,,0,,,0.0,8,,0.0,,0.0,0.0,0.0,0.0,0.0,,0.0,0.0,,,,,0.0,0,,,1,,,,,2,0,ghp,gamified,human_only,0.0,0,15,,,,16,drvwn3qn,,,,,0
9,v1sz6v5a,,0,0,307,,,,0,,,0.0,9,,0.0,,0.0,0.0,0.0,0.0,0.0,,0.0,0.0,,,,,0.0,0,,,1,,,,,2,0,ghp,gamified,human_only,0.0,0,15,,,,16,drvwn3qn,,,,,0
10,c9hjz24n,,0,0,307,,,,0,,,0.0,10,,0.0,,0.0,0.0,0.0,0.0,0.0,,0.0,0.0,,,,,0.0,0,,,1,,,,,2,0,ghp,gamified,human_only,0.0,0,15,,,,16,drvwn3qn,,,,,0
11,9bjz8nvb,,0,0,307,,,,0,,,0.0,11,,0.0,,0.0,0.0,0.0,0.0,0.0,,0.0,0.0,,,,,0.0,0,,,1,,,,,2,0,ghp,gamified,human_only,0.0,0,15,,,,16,drvwn3qn,,,,,0
12,etralflj,,0,0,307,,,,0,,,0.0,12,,0.0,,0.0,0.0,0.0,0.0,0.0,,0.0,0.0,,,,,0.0,0,,,1,,,,,2,0,ghp,gamified,human_only,0.0,0,15,,,,16,drvwn3qn,,,,,0
13,nssv2yvi,,0,0,307,,,,0,,,0.0,13,,0.0,,0.0,0.0,0.0,0.0,0.0,,0.0,0.0,,,,,0.0,0,,,1,,,,,2,0,ghp,gamified,human_only,0.0,0,15,,,,16,drvwn3qn,,,,,0
14,glcjrv9i,,0,0,307,,,,0,,,0.0,14,,0.0,,0.0,0.0,0.0,0.0,0.0,,0.0,0.0,,,,,0.0,0,,,1,,,,,2,0,ghp,gamified,human_only,0.0,0,15,,,,16,drvwn3qn,,,,,0
15,4odonh5g,,0,0,307,,,,0,,,0.0,15,,0.0,,0.0,0.0,0.0,0.0,0.0,,0.0,0.0,,,,,0.0,0,,,1,,,,,2,0,ghp,gamified,human_only,0.0,0,15,,,,16,drvwn3qn,,,,,0
16,nfztjwlz,,0,0,307,,,,0,,,0.0,16,,0.0,,0.0,0.0,0.0,0.0,0.0,,0.0,0.0,,,,,0.0,0,,,1,,,,,2,0,ghp,gamified,human_only,0.0,0,15,,,,16,drvwn3qn,,,,,0
1,2cg8ws5z,,0,0,307,,,,0,,,0.0,1,,0.0,,0.0,0.0,0.0,0.0,0.0,,0.0,0.0,,,,,0.0,0,,,1,,,,,2,0,ghp,gamified,human_only,0.0,0,15,,,,17,drvwn3qn,,,,,0
2,lmowcnj4,,0,0,307,,,,0,,,0.0,2,,0.0,,0.0,0.0,0.0,0.0,0.0,,0.0,0.0,,,,,0.0,0,,,1,,,,,2,0,ghp,gamified,human_only,0.0,0,15,,,,17,drvwn3qn,,,,,0
3,ut8batsp,,0,0,307,,,,0,,,0.0,3,,0.0,,0.0,0.0,0.0,0.0,0.0,,0.0,0.0,,,,,0.0,0,,,1,,,,,2,0,ghp,gamified,human_only,0.0,0,15,,,,17,drvwn3qn,,,,,0
4,g19tdrc5,,0,0,307,,,,0,,,0.0,4,,0.0,,0.0,0.0,0.0,0.0,0.0,,0.0,0.0,,,,,0.0,0,,,1,,,,,2,0,ghp,gamified,human_only,0.0,0,15,,,,17,drvwn3qn,,,,,0
5,gks2srrt,,0,0,307,,,,0,,,0.0,5,,0.0,,0.0,0.0,0.0,0.0,0.0,,0.0,0.0,,,,,0.0,0,,,1,,,,,2,0,ghp,gamified,human_only,0.0,0,15,,,,17,drvwn3qn,,,,,0
6,4ga2jjk5,,0,0,307,,,,0,,,0.0,6,,0.0,,0.0,0.0,0.0,0.0,0.0,,0.0,0.0,,,,,0.0,0,,,1,,,,,2,0,ghp,gamified,human_only,0.0,0,15,,,,17,drvwn3qn,,,,,0
7,hyzettta,,0,0,307,,,,0,,,0.0,7,,0.0,,0.0,0.0,0.0,0.0,0.0,,0.0,0.0,,,,,0.0,0,,,1,,,,,2,0,ghp,gamified,human_only,0.0,0,15,,,,17,drvwn3qn,,,,,0
8,pyk3jkbw,,0,0,307,,,,0,,,0.0,8,,0.0,,0.0,0.0,0.0,0.0,0.0,,0.0,0.0,,,,,0.0,0,,,1,,,,,2,0,ghp,gamified,human_only,0.0,0,15,,,,17,drvwn3qn,,,,,0
9,v1sz6v5a,,0,0,307,,,,0,,,0.0,9,,0.0,,0.0,0.0,0.0,0.0,0.0,,0.0,0.0,,,,,0.0,0,,,1,,,,,2,0,ghp,gamified,human_only,0.0,0,15,,,,17,drvwn3qn,,,,,0
10,c9hjz24n,,0,0,307,,,,0,,,0.0,10,,0.0,,0.0,0.0,0.0,0.0,0.0,,0.0,0.0,,,,,0.0,0,,,1,,,,,2,0,ghp,gamified,human_only,0.0,0,15,,,,17,drvwn3qn,,,,,0
11,9bjz8nvb,,0,0,307,,,,0,,,0.0,11,,0.0,,0.0,0.0,0.0,0.0,0.0,,0.0,0.0,,,,,0.0,0,,,1,,,,,2,0,ghp,gamified,human_only,0.0,0,15,,,,17,drvwn3qn,,,,,0
12,etralflj,,0,0,307,,,,0,,,0.0,12,,0.0,,0.0,0.0,0.0,0.0,0.0,,0.0,0.0,,,,,0.0,0,,,1,,,,,2,0,ghp,gamified,human_only,0.0,0,15,,,,17,drvwn3qn,,,,,0
13,nssv2yvi,,0,0,307,,,,0,,,0.0,13,,0.0,,0.0,0.0,0.0,0.0,0.0,,0.0,0.0,,,,,0.0,0,,,1,,,,,2,0,ghp,gamified,human_only,0.0,0,15,,,,17,drvwn3qn,,,,,0
14,glcjrv9i,,0,0,307,,,,0,,,0.0,14,,0.0,,0.0,0.0,0.0,0.0,0.0,,0.0,0.0,,,,,0.0,0,,,1,,,,,2,0,ghp,gamified,human_only,0.0,0,15,,,,17,drvwn3qn,,,,,0
15,4odonh5g,,0,0,307,,,,0,,,0.0,15,,0.0,,0.0,0.0,0.0,0.0,0.0,,0.0,0.0,,,,,0.0,0,,,1,,,,,2,0,ghp,gamified,human_only,0.0,0,15,,,,17,drvwn3qn,,,,,0
16,nfztjwlz,,0,0,307,,,,0,,,0.0,16,,0.0,,0.0,0.0,0.0,0.0,0.0,,0.0,0.0,,,,,0.0,0,,,1,,,,,2,0,ghp,gamified,human_only,0.0,0,15,,,,17,drvwn3qn,,,,,0
1,2cg8ws5z,,0,0,307,,,,0,,,0.0,1,,0.0,,0.0,0.0,0.0,0.0,0.0,,0.0,0.0,,,,,0.0,0,,,1,,,,,2,0,ghp,gamified,human_only,0.0,0,15,,,,18,drvwn3qn,,,,,0
2,lmowcnj4,,0,0,307,,,,0,,,0.0,2,,0.0,,0.0,0.0,0.0,0.0,0.0,,0.0,0.0,,,,,0.0,0,,,1,,,,,2,0,ghp,gamified,human_only,0.0,0,15,,,,18,drvwn3qn,,,,,0
3,ut8batsp,,0,0,307,,,,0,,,0.0,3,,0.0,,0.0,0.0,0.0,0.0,0.0,,0.0,0.0,,,,,0.0,0,,,1,,,,,2,0,ghp,gamified,human_only,0.0,0,15,,,,18,drvwn3qn,,,,,0
4,g19tdrc5,,0,0,307,,,,0,,,0.0,4,,0.0,,0.0,0.0,0.0,0.0,0.0,,0.0,0.0,,,,,0.0,0,,,1,,,,,2,0,ghp,gamified,human_only,0.0,0,15,,,,18,drvwn3qn,,,,,0
5,gks2srrt,,0,0,307,,,,0,,,0.0,5,,0.0,,0.0,0.0,0.0,0.0,0.0,,0.0,0.0,,,,,0.0,0,,,1,,,,,2,0,ghp,gamified,human_only,0.0,0,15,,,,18,drvwn3qn,,,,,0
6,4ga2jjk5,,0,0,307,,,,0,,,0.0,6,,0.0,,0.0,0.0,0.0,0.0,0.0,,0.0,0.0,,,,,0.0,0,,,1,,,,,2,0,ghp,gamified,human_only,0.0,0,15,,,,18,drvwn3qn,,,,,0
7,hyzettta,,0,0,307,,,,0,,,0.0,7,,0.0,,0.0,0.0,0.0,0.0,0.0,,0.0,0.0,,,,,0.0,0,,,1,,,,,2,0,ghp,gamified,human_only,0.0,0,15,,,,18,drvwn3qn,,,,,0
8,pyk3jkbw,,0,0,307,,,,0,,,0.0,8,,0.0,,0.0,0.0,0.0,0.0,0.0,,0.0,0.0,,,,,0.0,0,,,1,,,,,2,0,ghp,gamified,human_only,0.0,0,15,,,,18,drvwn3qn,,,,,0
9,v1sz6v5a,,0,0,307,,,,0,,,0.0,9,,0.0,,0.0,0.0,0.0,0.0,0.0,,0.0,0.0,,,,,0.0,0,,,1,,,,,2,0,ghp,gamified,human_only,0.0,0,15,,,,18,drvwn3qn,,,,,0
10,c9hjz24n,,0,0,307,,,,0,,,0.0,10,,0.0,,0.0,0.0,0.0,0.0,0.0,,0.0,0.0,,,,,0.0,0,,,1,,,,,2,0,ghp,gamified,human_only,0.0,0,15,,,,18,drvwn3qn,,,,,0
11,9bjz8nvb,,0,0,307,,,,0,,,0.0,11,,0.0,,0.0,0.0,0.0,0.0,0.0,,0.0,0.0,,,,,0.0,0,,,1,,,,,2,0,ghp,gamified,human_only,0.0,0,15,,,,18,drvwn3qn,,,,,0
12,etralflj,,0,0,307,,,,0,,,0.0,12,,0.0,,0.0,0.0,0.0,0.0,0.0,,0.0,0.0,,,,,0.0,0,,,1,,,,,2,0,ghp,gamified,human_only,0.0,0,15,,,,18,drvwn3qn,,,,,0
13,nssv2yvi,,0,0,307,,,,0,,,0.0,13,,0.0,,0.0,0.0,0.0,0.0,0.0,,0.0,0.0,,,,,0.0,0,,,1,,,,,2,0,ghp,gamified,human_only,0.0,0,15,,,,18,drvwn3qn,,,,,0
14,glcjrv9i,,0,0,307,,,,0,,,0.0,14,,0.0,,0.0,0.0,0.0,0.0,0.0,,0.0,0.0,,,,,0.0,0,,,1,,,,,2,0,ghp,gamified,human_only,0.0,0,15,,,,18,drvwn3qn,,,,,0
15,4odonh5g,,0,0,307,,,,0,,,0.0,15,,0.0,,0.0,0.0,0.0,0.0,0.0,,0.0,0.0,,,,,0.0,0,,,1,,,,,2,0,ghp,gamified,human_only,0.0,0,15,,,,18,drvwn3qn,,,,,0
16,nfztjwlz,,0,0,307,,,,0,,,0.0,16,,0.0,,0.0,0.0,0.0,0.0,0.0,,0.0,0.0,,,,,0.0,0,,,1,,,,,2,0,ghp,gamified,human_only,0.0,0,15,,,,18,drvwn3qn,,,,,0
1,2cg8ws5z,,0,0,307,,,,0,,,0.0,1,,0.0,,0.0,0.0,0.0,0.0,0.0,,0.0,0.0,,,,,0.0,0,,,1,,,,,2,0,ghp,gamified,human_only,0.0,0,15,,,,19,drvwn3qn,,,,,0
2,lmowcnj4,,0,0,307,,,,0,,,0.0,2,,0.0,,0.0,0.0,0.0,0.0,0.0,,0.0,0.0,,,,,0.0,0,,,1,,,,,2,0,ghp,gamified,human_only,0.0,0,15,,,,19,drvwn3qn,,,,,0
3,ut8batsp,,0,0,307,,,,0,,,0.0,3,,0.0,,0.0,0.0,0.0,0.0,0.0,,0.0,0.0,,,,,0.0,0,,,1,,,,,2,0,ghp,gamified,human_only,0.0,0,15,,,,19,drvwn3qn,,,,,0
4,g19tdrc5,,0,0,307,,,,0,,,0.0,4,,0.0,,0.0,0.0,0.0,0.0,0.0,,0.0,0.0,,,,,0.0,0,,,1,,,,,2,0,ghp,gamified,human_only,0.0,0,15,,,,19,drvwn3qn,,,,,0
5,gks2srrt,,0,0,307,,,,0,,,0.0,5,,0.0,,0.0,0.0,0.0,0.0,0.0,,0.0,0.0,,,,,0.0,0,,,1,,,,,2,0,ghp,gamified,human_only,0.0,0,15,,,,19,drvwn3qn,,,,,0
6,4ga2jjk5,,0,0,307,,,,0,,,0.0,6,,0.0,,0.0,0.0,0.0,0.0,0.0,,0.0,0.0,,,,,0.0,0,,,1,,,,,2,0,ghp,gamified,human_only,0.0,0,15,,,,19,drvwn3qn,,,,,0
7,hyzettta,,0,0,307,,,,0,,,0.0,7,,0.0,,0.0,0.0,0.0,0.0,0.0,,0.0,0.0,,,,,0.0,0,,,1,,,,,2,0,ghp,gamified,human_only,0.0,0,15,,,,19,drvwn3qn,,,,,0
8,pyk3jkbw,,0,0,307,,,,0,,,0.0,8,,0.0,,0.0,0.0,0.0,0.0,0.0,,0.0,0.0,,,,,0.0,0,,,1,,,,,2,0,ghp,gamified,human_only,0.0,0,15,,,,19,drvwn3qn,,,,,0
9,v1sz6v5a,,0,0,307,,,,0,,,0.0,9,,0.0,,0.0,0.0,0.0,0.0,0.0,,0.0,0.0,,,,,0.0,0,,,1,,,,,2,0,ghp,gamified,human_only,0.0,0,15,,,,19,drvwn3qn,,,,,0
10,c9hjz24n,,0,0,307,,,,0,,,0.0,10,,0.0,,0.0,0.0,0.0,0.0,0.0,,0.0,0.0,,,,,0.0,0,,,1,,,,,2,0,ghp,gamified,human_only,0.0,0,15,,,,19,drvwn3qn,,,,,0
11,9bjz8nvb,,0,0,307,,,,0,,,0.0,11,,0.0,,0.0,0.0,0.0,0.0,0.0,,0.0,0.0,,,,,0.0,0,,,1,,,,,2,0,ghp,gamified,human_only,0.0,0,15,,,,19,drvwn3qn,,,,,0
12,etralflj,,0,0,307,,,,0,,,0.0,12,,0.0,,0.0,0.0,0.0,0.0,0.0,,0.0,0.0,,,,,0.0,0,,,1,,,,,2,0,ghp,gamified,human_only,0.0,0,15,,,,19,drvwn3qn,,,,,0
13,nssv2yvi,,0,0,307,,,,0,,,0.0,13,,0.0,,0.0,0.0,0.0,0.0,0.0,,0.0,0.0,,,,,0.0,0,,,1,,,,,2,0,ghp,gamified,human_only,0.0,0,15,,,,19,drvwn3qn,,,,,0
14,glcjrv9i,,0,0,307,,,,0,,,0.0,14,,0.0,,0.0,0.0,0.0,0.0,0.0,,0.0,0.0,,,,,0.0,0,,,1,,,,,2,0,ghp,gamified,human_only,0.0,0,15,,,,19,drvwn3qn,,,,,0
15,4odonh5g,,0,0,307,,,,0,,,0.0,15,,0.0,,0.0,0.0,0.0,0.0,0.0,,0.0,0.0,,,,,0.0,0,,,1,,,,,2,0,ghp,gamified,human_only,0.0,0,15,,,,19,drvwn3qn,,,,,0
16,nfztjwlz,,0,0,307,,,,0,,,0.0,16,,0.0,,0.0,0.0,0.0,0.0,0.0,,0.0,0.0,,,,,0.0,0,,,1,,,,,2,0,ghp,gamified,human_only,0.0,0,15,,,,19,drvwn3qn,,,,,0
1,2cg8ws5z,,0,0,307,,,,0,,,0.0,1,,0.0,,0.0,0.0,0.0,0.0,0.0,,0.0,0.0,,,,,0.0,0,,,1,,,,,2,0,ghp,gamified,human_only,0.0,0,15,,,,20,drvwn3qn,,,,,0
2,lmowcnj4,,0,0,307,,,,0,,,0.0,2,,0.0,,0.0,0.0,0.0,0.0,0.0,,0.0,0.0,,,,,0.0,0,,,1,,,,,2,0,ghp,gamified,human_only,0.0,0,15,,,,20,drvwn3qn,,,,,0
3,ut8batsp,,0,0,307,,,,0,,,0.0,3,,0.0,,0.0,0.0,0.0,0.0,0.0,,0.0,0.0,,,,,0.0,0,,,1,,,,,2,0,ghp,gamified,human_only,0.0,0,15,,,,20,drvwn3qn,,,,,0
4,g19tdrc5,,0,0,307,,,,0,,,0.0,4,,0.0,,0.0,0.0,0.0,0.0,0.0,,0.0,0.0,,,,,0.0,0,,,1,,,,,2,0,ghp,gamified,human_only,0.0,0,15,,,,20,drvwn3qn,,,,,0
5,gks2srrt,,0,0,307,,,,0,,,0.0,5,,0.0,,0.0,0.0,0.0,0.0,0.0,,0.0,0.0,,,,,0.0,0,,,1,,,,,2,0,ghp,gamified,human_only,0.0,0,15,,,,20,drvwn3qn,,,,,0
6,4ga2jjk5,,0,0,307,,,,0,,,0.0,6,,0.0,,0.0,0.0,0.0,0.0,0.0,,0.0,0.0,,,,,0.0,0,,,1,,,,,2,0,ghp,gamified,human_only,0.0,0,15,,,,20,drvwn3qn,,,,,0
7,hyzettta,,0,0,307,,,,0,,,0.0,7,,0.0,,0.0,0.0,0.0,0.0,0.0,,0.0,0.0,,,,,0.0,0,,,1,,,,,2,0,ghp,gamified,human_only,0.0,0,15,,,,20,drvwn3qn,,,,,0
8,pyk3jkbw,,0,0,307,,,,0,,,0.0,8,,0.0,,0.0,0.0,0.0,0.0,0.0,,0.0,0.0,,,,,0.0,0,,,1,,,,,2,0,ghp,gamified,human_only,0.0,0,15,,,,20,drvwn3qn,,,,,0
9,v1sz6v5a,,0,0,307,,,,0,,,0.0,9,,0.0,,0.0,0.0,0.0,0.0,0.0,,0.0,0.0,,,,,0.0,0,,,1,,,,,2,0,ghp,gamified,human_only,0.0,0,15,,,,20,drvwn3qn,,,,,0
10,c9hjz24n,,0,0,307,,,,0,,,0.0,10,,0.0,,0.0,0.0,0.0,0.0,0.0,,0.0,0.0,,,,,0.0,0,,,1,,,,,2,0,ghp,gamified,human_only,0.0,0,15,,,,20,drvwn3qn,,,,,0
11,9bjz8nvb,,0,0,307,,,,0,,,0.0,11,,0.0,,0.0,0.0,0.0,0.0,0.0,,0.0,0.0,,,,,0.0,0,,,1,,,,,2,0,ghp,gamified,human_only,0.0,0,15,,,,20,drvwn3qn,,,,,0
12,etralflj,,0,0,307,,,,0,,,0.0,12,,0.0,,0.0,0.0,0.0,0.0,0.0,,0.0,0.0,,,,,0.0,0,,,1,,,,,2,0,ghp,gamified,human_only,0.0,0,15,,,,20,drvwn3qn,,,,,0
13,nssv2yvi,,0,0,307,,,,0,,,0.0,13,,0.0,,0.0,0.0,0.0,0.0,0.0,,0.0,0.0,,,,,0.0,0,,,1,,,,,2,0,ghp,gamified,human_only,0.0,0,15,,,,20,drvwn3qn,,,,,0
14,glcjrv9i,,0,0,307,,,,0,,,0.0,14,,0.0,,0.0,0.0,0.0,0.0,0.0,,0.0,0.0,,,,,0.0,0,,,1,,,,,2,0,ghp,gamified,human_only,0.0,0,15,,,,20,drvwn3qn,,,,,0
15,4odonh5g,,0,0,307,,,,0,,,0.0,15,,0.0,,0.0,0.0,0.0,0.0,0.0,,0.0,0.0,,,,,0.0,0,,,1,,,,,2,0,ghp,gamified,human_only,0.0,0,15,,,,20,drvwn3qn,,,,,0
16,nfztjwlz,,0,0,307,,,,0,,,0.0,16,,0.0,,0.0,0.0,0.0,0.0,0.0,,0.0,0.0,,,,,0.0,0,,,1,,,,,2,0,ghp,gamified,human_only,0.0,0,15,,,,20,drvwn3qn,,,,,0
1,2cg8ws5z,,0,0,307,,,,0,,,0.0,1,,0.0,,0.0,0.0,0.0,0.0,0.0,,0.0,0.0,,,,,0.0,0,,,1,,,,,2,0,ghp,gamified,human_only,0.0,0,15,,,,21,drvwn3qn,,,,,0
2,lmowcnj4,,0,0,307,,,,0,,,0.0,2,,0.0,,0.0,0.0,0.0,0.0,0.0,,0.0,0.0,,,,,0.0,0,,,1,,,,,2,0,ghp,gamified,human_only,0.0,0,15,,,,21,drvwn3qn,,,,,0
3,ut8batsp,,0,0,307,,,,0,,,0.0,3,,0.0,,0.0,0.0,0.0,0.0,0.0,,0.0,0.0,,,,,0.0,0,,,1,,,,,2,0,ghp,gamified,human_only,0.0,0,15,,,,21,drvwn3qn,,,,,0
4,g19tdrc5,,0,0,307,,,,0,,,0.0,4,,0.0,,0.0,0.0,0.0,0.0,0.0,,0.0,0.0,,,,,0.0,0,,,1,,,,,2,0,ghp,gamified,human_only,0.0,0,15,,,,21,drvwn3qn,,,,,0
5,gks2srrt,,0,0,307,,,,0,,,0.0,5,,0.0,,0.0,0.0,0.0,0.0,0.0,,0.0,0.0,,,,,0.0,0,,,1,,,,,2,0,ghp,gamified,human_only,0.0,0,15,,,,21,drvwn3qn,,,,,0
6,4ga2jjk5,,0,0,307,,,,0,,,0.0,6,,0.0,,0.0,0.0,0.0,0.0,0.0,,0.0,0.0,,,,,0.0,0,,,1,,,,,2,0,ghp,gamified,human_only,0.0,0,15,,,,21,drvwn3qn,,,,,0
7,hyzettta,,0,0,307,,,,0,,,0.0,7,,0.0,,0.0,0.0,0.0,0.0,0.0,,0.0,0.0,,,,,0.0,0,,,1,,,,,2,0,ghp,gamified,human_only,0.0,0,15,,,,21,drvwn3qn,,,,,0
8,pyk3jkbw,,0,0,307,,,,0,,,0.0,8,,0.0,,0.0,0.0,0.0,0.0,0.0,,0.0,0.0,,,,,0.0,0,,,1,,,,,2,0,ghp,gamified,human_only,0.0,0,15,,,,21,drvwn3qn,,,,,0
9,v1sz6v5a,,0,0,307,,,,0,,,0.0,9,,0.0,,0.0,0.0,0.0,0.0,0.0,,0.0,0.0,,,,,0.0,0,,,1,,,,,2,0,ghp,gamified,human_only,0.0,0,15,,,,21,drvwn3qn,,,,,0
10,c9hjz24n,,0,0,307,,,,0,,,0.0,10,,0.0,,0.0,0.0,0.0,0.0,0.0,,0.0,0.0,,,,,0.0,0,,,1,,,,,2,0,ghp,gamified,human_only,0.0,0,15,,,,21,drvwn3qn,,,,,0
11,9bjz8nvb,,0,0,307,,,,0,,,0.0,11,,0.0,,0.0,0.0,0.0,0.0,0.0,,0.0,0.0,,,,,0.0,0,,,1,,,,,2,0,ghp,gamified,human_only,0.0,0,15,,,,21,drvwn3qn,,,,,0
12,etralflj,,0,0,307,,,,0,,,0.0,12,,0.0,,0.0,0.0,0.0,0.0,0.0,,0.0,0.0,,,,,0.0,0,,,1,,,,,2,0,ghp,gamified,human_only,0.0,0,15,,,,21,drvwn3qn,,,,,0
13,nssv2yvi,,0,0,307,,,,0,,,0.0,13,,0.0,,0.0,0.0,0.0,0.0,0.0,,0.0,0.0,,,,,0.0,0,,,1,,,,,2,0,ghp,gamified,human_only,0.0,0,15,,,,21,drvwn3qn,,,,,0
14,glcjrv9i,,0,0,307,,,,0,,,0.0,14,,0.0,,0.0,0.0,0.0,0.0,0.0,,0.0,0.0,,,,,0.0,0,,,1,,,,,2,0,ghp,gamified,human_only,0.0,0,15,,,,21,drvwn3qn,,,,,0
15,4odonh5g,,0,0,307,,,,0,,,0.0,15,,0.0,,0.0,0.0,0.0,0.0,0.0,,0.0,0.0,,,,,0.0,0,,,1,,,,,2,0,ghp,gamified,human_only,0.0,0,15,,,,21,drvwn3qn,,,,,0
16,nfztjwlz,,0,0,307,,,,0,,,0.0,16,,0.0,,0.0,0.0,0.0,0.0,0.0,,0.0,0.0,,,,,0.0,0,,,1,,,,,2,0,ghp,gamified,human_only,0.0,0,15,,,,21,drvwn3qn,,,,,0
1,2cg8ws5z,,0,0,307,,,,0,,,0.0,1,,0.0,,0.0,0.0,0.0,0.0,0.0,,0.0,0.0,,,,,0.0,0,,,1,,,,,2,0,ghp,gamified,human_only,0.0,0,15,,,,22,drvwn3qn,,,,,0
2,lmowcnj4,,0,0,307,,,,0,,,0.0,2,,0.0,,0.0,0.0,0.0,0.0,0.0,,0.0,0.0,,,,,0.0,0,,,1,,,,,2,0,ghp,gamified,human_only,0.0,0,15,,,,22,drvwn3qn,,,,,0
3,ut8batsp,,0,0,307,,,,0,,,0.0,3,,0.0,,0.0,0.0,0.0,0.0,0.0,,0.0,0.0,,,,,0.0,0,,,1,,,,,2,0,ghp,gamified,human_only,0.0,0,15,,,,22,drvwn3qn,,,,,0
4,g19tdrc5,,0,0,307,,,,0,,,0.0,4,,0.0,,0.0,0.0,0.0,0.0,0.0,,0.0,0.0,,,,,0.0,0,,,1,,,,,2,0,ghp,gamified,human_only,0.0,0,15,,,,22,drvwn3qn,,,,,0
5,gks2srrt,,0,0,307,,,,0,,,0.0,5,,0.0,,0.0,0.0,0.0,0.0,0.0,,0.0,0.0,,,,,0.0,0,,,1,,,,,2,0,ghp,gamified,human_only,0.0,0,15,,,,22,drvwn3qn,,,,,0
6,4ga2jjk5,,0,0,307,,,,0,,,0.0,6,,0.0,,0.0,0.0,0.0,0.0,0.0,,0.0,0.0,,,,,0.0,0,,,1,,,,,2,0,ghp,gamified,human_only,0.0,0,15,,,,22,drvwn3qn,,,,,0
7,hyzettta,,0,0,307,,,,0,,,0.0,7,,0.0,,0.0,0.0,0.0,0.0,0.0,,0.0,0.0,,,,,0.0,0,,,1,,,,,2,0,ghp,gamified,human_only,0.0,0,15,,,,22,drvwn3qn,,,,,0
8,pyk3jkbw,,0,0,307,,,,0,,,0.0,8,,0.0,,0.0,0.0,0.0,0.0,0.0,,0.0,0.0,,,,,0.0,0,,,1,,,,,2,0,ghp,gamified,human_only,0.0,0,15,,,,22,drvwn3qn,,,,,0
9,v1sz6v5a,,0,0,307,,,,0,,,0.0,9,,0.0,,0.0,0.0,0.0,0.0,0.0,,0.0,0.0,,,,,0.0,0,,,1,,,,,2,0,ghp,gamified,human_only,0.0,0,15,,,,22,drvwn3qn,,,,,0
10,c9hjz24n,,0,0,307,,,,0,,,0.0,10,,0.0,,0.0,0.0,0.0,0.0,0.0,,0.0,0.0,,,,,0.0,0,,,1,,,,,2,0,ghp,gamified,human_only,0.0,0,15,,,,22,drvwn3qn,,,,,0
11,9bjz8nvb,,0,0,307,,,,0,,,0.0,11,,0.0,,0.0,0.0,0.0,0.0,0.0,,0.0,0.0,,,,,0.0,0,,,1,,,,,2,0,ghp,gamified,human_only,0.0,0,15,,,,22,drvwn3qn,,,,,0
12,etralflj,,0,0,307,,,,0,,,0.0,12,,0.0,,0.0,0.0,0.0,0.0,0.0,,0.0,0.0,,,,,0.0,0,,,1,,,,,2,0,ghp,gamified,human_only,0.0,0,15,,,,22,drvwn3qn,,,,,0
13,nssv2yvi,,0,0,307,,,,0,,,0.0,13,,0.0,,0.0,0.0,0.0,0.0,0.0,,0.0,0.0,,,,,0.0,0,,,1,,,,,2,0,ghp,gamified,human_only,0.0,0,15,,,,22,drvwn3qn,,,,,0
14,glcjrv9i,,0,0,307,,,,0,,,0.0,14,,0.0,,0.0,0.0,0.0,0.0,0.0,,0.0,0.0,,,,,0.0,0,,,1,,,,,2,0,ghp,gamified,human_only,0.0,0,15,,,,22,drvwn3qn,,,,,0
15,4odonh5g,,0,0,307,,,,0,,,0.0,15,,0.0,,0.0,0.0,0.0,0.0,0.0,,0.0,0.0,,,,,0.0,0,,,1,,,,,2,0,ghp,gamified,human_only,0.0,0,15,,,,22,drvwn3qn,,,,,0
16,nfztjwlz,,0,0,307,,,,0,,,0.0,16,,0.0,,0.0,0.0,0.0,0.0,0.0,,0.0,0.0,,,,,0.0,0,,,1,,,,,2,0,ghp,gamified,human_only,0.0,0,15,,,,22,drvwn3qn,,,,,0
1,2cg8ws5z,,0,0,307,,,,0,,,0.0,1,,0.0,,0.0,0.0,0.0,0.0,0.0,,0.0,0.0,,,,,0.0,0,,,1,,,,,2,0,ghp,gamified,human_only,0.0,0,15,,,,23,drvwn3qn,,,,,0
2,lmowcnj4,,0,0,307,,,,0,,,0.0,2,,0.0,,0.0,0.0,0.0,0.0,0.0,,0.0,0.0,,,,,0.0,0,,,1,,,,,2,0,ghp,gamified,human_only,0.0,0,15,,,,23,drvwn3qn,,,,,0
3,ut8batsp,,0,0,307,,,,0,,,0.0,3,,0.0,,0.0,0.0,0.0,0.0,0.0,,0.0,0.0,,,,,0.0,0,,,1,,,,,2,0,ghp,gamified,human_only,0.0,0,15,,,,23,drvwn3qn,,,,,0
4,g19tdrc5,,0,0,307,,,,0,,,0.0,4,,0.0,,0.0,0.0,0.0,0.0,0.0,,0.0,0.0,,,,,0.0,0,,,1,,,,,2,0,ghp,gamified,human_only,0.0,0,15,,,,23,drvwn3qn,,,,,0
5,gks2srrt,,0,0,307,,,,0,,,0.0,5,,0.0,,0.0,0.0,0.0,0.0,0.0,,0.0,0.0,,,,,0.0,0,,,1,,,,,2,0,ghp,gamified,human_only,0.0,0,15,,,,23,drvwn3qn,,,,,0
6,4ga2jjk5,,0,0,307,,,,0,,,0.0,6,,0.0,,0.0,0.0,0.0,0.0,0.0,,0.0,0.0,,,,,0.0,0,,,1,,,,,2,0,ghp,gamified,human_only,0.0,0,15,,,,23,drvwn3qn,,,,,0
7,hyzettta,,0,0,307,,,,0,,,0.0,7,,0.0,,0.0,0.0,0.0,0.0,0.0,,0.0,0.0,,,,,0.0,0,,,1,,,,,2,0,ghp,gamified,human_only,0.0,0,15,,,,23,drvwn3qn,,,,,0
8,pyk3jkbw,,0,0,307,,,,0,,,0.0,8,,0.0,,0.0,0.0,0.0,0.0,0.0,,0.0,0.0,,,,,0.0,0,,,1,,,,,2,0,ghp,gamified,human_only,0.0,0,15,,,,23,drvwn3qn,,,,,0
9,v1sz6v5a,,0,0,307,,,,0,,,0.0,9,,0.0,,0.0,0.0,0.0,0.0,0.0,,0.0,0.0,,,,,0.0,0,,,1,,,,,2,0,ghp,gamified,human_only,0.0,0,15,,,,23,drvwn3qn,,,,,0
10,c9hjz24n,,0,0,307,,,,0,,,0.0,10,,0.0,,0.0,0.0,0.0,0.0,0.0,,0.0,0.0,,,,,0.0,0,,,1,,,,,2,0,ghp,gamified,human_only,0.0,0,15,,,,23,drvwn3qn,,,,,0
11,9bjz8nvb,,0,0,307,,,,0,,,0.0,11,,0.0,,0.0,0.0,0.0,0.0,0.0,,0.0,0.0,,,,,0.0,0,,,1,,,,,2,0,ghp,gamified,human_only,0.0,0,15,,,,23,drvwn3qn,,,,,0
12,etralflj,,0,0,307,,,,0,,,0.0,12,,0.0,,0.0,0.0,0.0,0.0,0.0,,0.0,0.0,,,,,0.0,0,,,1,,,,,2,0,ghp,gamified,human_only,0.0,0,15,,,,23,drvwn3qn,,,,,0
13,nssv2yvi,,0,0,307,,,,0,,,0.0,13,,0.0,,0.0,0.0,0.0,0.0,0.0,,0.0,0.0,,,,,0.0,0,,,1,,,,,2,0,ghp,gamified,human_only,0.0,0,15,,,,23,drvwn3qn,,,,,0
14,glcjrv9i,,0,0,307,,,,0,,,0.0,14,,0.0,,0.0,0.0,0.0,0.0,0.0,,0.0,0.0,,,,,0.0,0,,,1,,,,,2,0,ghp,gamified,human_only,0.0,0,15,,,,23,drvwn3qn,,,,,0
15,4odonh5g,,0,0,307,,,,0,,,0.0,15,,0.0,,0.0,0.0,0.0,0.0,0.0,,0.0,0.0,,,,,0.0,0,,,1,,,,,2,0,ghp,gamified,human_only,0.0,0,15,,,,23,drvwn3qn,,,,,0
16,nfztjwlz,,0,0,307,,,,0,,,0.0,16,,0.0,,0.0,0.0,0.0,0.0,0.0,,0.0,0.0,,,,,0.0,0,,,1,,,,,2,0,ghp,gamified,human_only,0.0,0,15,,,,23,drvwn3qn,,,,,0
1,2cg8ws5z,,0,0,307,,,,0,,,0.0,1,,0.0,,0.0,0.0,0.0,0.0,0.0,,0.0,0.0,,,,,0.0,0,,,1,,,,,2,0,ghp,gamified,human_only,0.0,0,15,,,,24,drvwn3qn,,,,,0
2,lmowcnj4,,0,0,307,,,,0,,,0.0,2,,0.0,,0.0,0.0,0.0,0.0,0.0,,0.0,0.0,,,,,0.0,0,,,1,,,,,2,0,ghp,gamified,human_only,0.0,0,15,,,,24,drvwn3qn,,,,,0
3,ut8batsp,,0,0,307,,,,0,,,0.0,3,,0.0,,0.0,0.0,0.0,0.0,0.0,,0.0,0.0,,,,,0.0,0,,,1,,,,,2,0,ghp,gamified,human_only,0.0,0,15,,,,24,drvwn3qn,,,,,0
4,g19tdrc5,,0,0,307,,,,0,,,0.0,4,,0.0,,0.0,0.0,0.0,0.0,0.0,,0.0,0.0,,,,,0.0,0,,,1,,,,,2,0,ghp,gamified,human_only,0.0,0,15,,,,24,drvwn3qn,,,,,0
5,gks2srrt,,0,0,307,,,,0,,,0.0,5,,0.0,,0.0,0.0,0.0,0.0,0.0,,0.0,0.0,,,,,0.0,0,,,1,,,,,2,0,ghp,gamified,human_only,0.0,0,15,,,,24,drvwn3qn,,,,,0
6,4ga2jjk5,,0,0,307,,,,0,,,0.0,6,,0.0,,0.0,0.0,0.0,0.0,0.0,,0.0,0.0,,,,,0.0,0,,,1,,,,,2,0,ghp,gamified,human_only,0.0,0,15,,,,24,drvwn3qn,,,,,0
7,hyzettta,,0,0,307,,,,0,,,0.0,7,,0.0,,0.0,0.0,0.0,0.0,0.0,,0.0,0.0,,,,,0.0,0,,,1,,,,,2,0,ghp,gamified,human_only,0.0,0,15,,,,24,drvwn3qn,,,,,0
8,pyk3jkbw,,0,0,307,,,,0,,,0.0,8,,0.0,,0.0,0.0,0.0,0.0,0.0,,0.0,0.0,,,,,0.0,0,,,1,,,,,2,0,ghp,gamified,human_only,0.0,0,15,,,,24,drvwn3qn,,,,,0
9,v1sz6v5a,,0,0,307,,,,0,,,0.0,9,,0.0,,0.0,0.0,0.0,0.0,0.0,,0.0,0.0,,,,,0.0,0,,,1,,,,,2,0,ghp,gamified,human_only,0.0,0,15,,,,24,drvwn3qn,,,,,0
10,c9hjz24n,,0,0,307,,,,0,,,0.0,10,,0.0,,0.0,0.0,0.0,0.0,0.0,,0.0,0.0,,,,,0.0,0,,,1,,,,,2,0,ghp,gamified,human_only,0.0,0,15,,,,24,drvwn3qn,,,,,0
11,9bjz8nvb,,0,0,307,,,,0,,,0.0,11,,0.0,,0.0,0.0,0.0,0.0,0.0,,0.0,0.0,,,,,0.0,0,,,1,,,,,2,0,ghp,gamified,human_only,0.0,0,15,,,,24,drvwn3qn,,,,,0
12,etralflj,,0,0,307,,,,0,,,0.0,12,,0.0,,0.0,0.0,0.0,0.0,0.0,,0.0,0.0,,,,,0.0,0,,,1,,,,,2,0,ghp,gamified,human_only,0.0,0,15,,,,24,drvwn3qn,,,,,0
13,nssv2yvi,,0,0,307,,,,0,,,0.0,13,,0.0,,0.0,0.0,0.0,0.0,0.0,,0.0,0.0,,,,,0.0,0,,,1,,,,,2,0,ghp,gamified,human_only,0.0,0,15,,,,24,drvwn3qn,,,,,0
14,glcjrv9i,,0,0,307,,,,0,,,0.0,14,,0.0,,0.0,0.0,0.0,0.0,0.0,,0.0,0.0,,,,,0.0,0,,,1,,,,,2,0,ghp,gamified,human_only,0.0,0,15,,,,24,drvwn3qn,,,,,0
15,4odonh5g,,0,0,307,,,,0,,,0.0,15,,0.0,,0.0,0.0,0.0,0.0,0.0,,0.0,0.0,,,,,0.0,0,,,1,,,,,2,0,ghp,gamified,human_only,0.0,0,15,,,,24,drvwn3qn,,,,,0
16,nfztjwlz,,0,0,307,,,,0,,,0.0,16,,0.0,,0.0,0.0,0.0,0.0,0.0,,0.0,0.0,,,,,0.0,0,,,1,,,,,2,0,ghp,gamified,human_only,0.0,0,15,,,,24,drvwn3qn,,,,,0
1,2cg8ws5z,,0,0,307,,,,0,,,0.0,1,,0.0,,0.0,0.0,0.0,0.0,0.0,,0.0,0.0,,,,,0.0,0,,,1,,,,,2,0,ghp,gamified,human_only,0.0,0,15,,,,25,drvwn3qn,,,,,0
2,lmowcnj4,,0,0,307,,,,0,,,0.0,2,,0.0,,0.0,0.0,0.0,0.0,0.0,,0.0,0.0,,,,,0.0,0,,,1,,,,,2,0,ghp,gamified,human_only,0.0,0,15,,,,25,drvwn3qn,,,,,0
3,ut8batsp,,0,0,307,,,,0,,,0.0,3,,0.0,,0.0,0.0,0.0,0.0,0.0,,0.0,0.0,,,,,0.0,0,,,1,,,,,2,0,ghp,gamified,human_only,0.0,0,15,,,,25,drvwn3qn,,,,,0
4,g19tdrc5,,0,0,307,,,,0,,,0.0,4,,0.0,,0.0,0.0,0.0,0.0,0.0,,0.0,0.0,,,,,0.0,0,,,1,,,,,2,0,ghp,gamified,human_only,0.0,0,15,,,,25,drvwn3qn,,,,,0
5,gks2srrt,,0,0,307,,,,0,,,0.0,5,,0.0,,0.0,0.0,0.0,0.0,0.0,,0.0,0.0,,,,,0.0,0,,,1,,,,,2,0,ghp,gamified,human_only,0.0,0,15,,,,25,drvwn3qn,,,,,0
6,4ga2jjk5,,0,0,307,,,,0,,,0.0,6,,0.0,,0.0,0.0,0.0,0.0,0.0,,0.0,0.0,,,,,0.0,0,,,1,,,,,2,0,ghp,gamified,human_only,0.0,0,15,,,,25,drvwn3qn,,,,,0
7,hyzettta,,0,0,307,,,,0,,,0.0,7,,0.0,,0.0,0.0,0.0,0.0,0.0,,0.0,0.0,,,,,0.0,0,,,1,,,,,2,0,ghp,gamified,human_only,0.0,0,15,,,,25,drvwn3qn,,,,,0
8,pyk3jkbw,,0,0,307,,,,0,,,0.0,8,,0.0,,0.0,0.0,0.0,0.0,0.0,,0.0,0.0,,,,,0.0,0,,,1,,,,,2,0,ghp,gamified,human_only,0.0,0,15,,,,25,drvwn3qn,,,,,0
9,v1sz6v5a,,0,0,307,,,,0,,,0.0,9,,0.0,,0.0,0.0,0.0,0.0,0.0,,0.0,0.0,,,,,0.0,0,,,1,,,,,2,0,ghp,gamified,human_only,0.0,0,15,,,,25,drvwn3qn,,,,,0
10,c9hjz24n,,0,0,307,,,,0,,,0.0,10,,0.0,,0.0,0.0,0.0,0.0,0.0,,0.0,0.0,,,,,0.0,0,,,1,,,,,2,0,ghp,gamified,human_only,0.0,0,15,,,,25,drvwn3qn,,,,,0
11,9bjz8nvb,,0,0,307,,,,0,,,0.0,11,,0.0,,0.0,0.0,0.0,0.0,0.0,,0.0,0.0,,,,,0.0,0,,,1,,,,,2,0,ghp,gamified,human_only,0.0,0,15,,,,25,drvwn3qn,,,,,0
12,etralflj,,0,0,307,,,,0,,,0.0,12,,0.0,,0.0,0.0,0.0,0.0,0.0,,0.0,0.0,,,,,0.0,0,,,1,,,,,2,0,ghp,gamified,human_only,0.0,0,15,,,,25,drvwn3qn,,,,,0
13,nssv2yvi,,0,0,307,,,,0,,,0.0,13,,0.0,,0.0,0.0,0.0,0.0,0.0,,0.0,0.0,,,,,0.0,0,,,1,,,,,2,0,ghp,gamified,human_only,0.0,0,15,,,,25,drvwn3qn,,,,,0
14,glcjrv9i,,0,0,307,,,,0,,,0.0,14,,0.0,,0.0,0.0,0.0,0.0,0.0,,0.0,0.0,,,,,0.0,0,,,1,,,,,2,0,ghp,gamified,human_only,0.0,0,15,,,,25,drvwn3qn,,,,,0
15,4odonh5g,,0,0,307,,,,0,,,0.0,15,,0.0,,0.0,0.0,0.0,0.0,0.0,,0.0,0.0,,,,,0.0,0,,,1,,,,,2,0,ghp,gamified,human_only,0.0,0,15,,,,25,drvwn3qn,,,,,0
16,nfztjwlz,,0,0,307,,,,0,,,0.0,16,,0.0,,0.0,0.0,0.0,0.0,0.0,,0.0,0.0,,,,,0.0,0,,,1,,,,,2,0,ghp,gamified,human_only,0.0,0,15,,,,25,drvwn3qn,,,,,0
1,2cg8ws5z,,0,0,307,,,,0,,,0.0,1,,0.0,,0.0,0.0,0.0,0.0,0.0,,0.0,0.0,,,,,0.0,0,,,1,,,,,2,0,ghp,gamified,human_only,0.0,0,15,,,,26,drvwn3qn,,,,,0
2,lmowcnj4,,0,0,307,,,,0,,,0.0,2,,0.0,,0.0,0.0,0.0,0.0,0.0,,0.0,0.0,,,,,0.0,0,,,1,,,,,2,0,ghp,gamified,human_only,0.0,0,15,,,,26,drvwn3qn,,,,,0
3,ut8batsp,,0,0,307,,,,0,,,0.0,3,,0.0,,0.0,0.0,0.0,0.0,0.0,,0.0,0.0,,,,,0.0,0,,,1,,,,,2,0,ghp,gamified,human_only,0.0,0,15,,,,26,drvwn3qn,,,,,0
4,g19tdrc5,,0,0,307,,,,0,,,0.0,4,,0.0,,0.0,0.0,0.0,0.0,0.0,,0.0,0.0,,,,,0.0,0,,,1,,,,,2,0,ghp,gamified,human_only,0.0,0,15,,,,26,drvwn3qn,,,,,0
5,gks2srrt,,0,0,307,,,,0,,,0.0,5,,0.0,,0.0,0.0,0.0,0.0,0.0,,0.0,0.0,,,,,0.0,0,,,1,,,,,2,0,ghp,gamified,human_only,0.0,0,15,,,,26,drvwn3qn,,,,,0
6,4ga2jjk5,,0,0,307,,,,0,,,0.0,6,,0.0,,0.0,0.0,0.0,0.0,0.0,,0.0,0.0,,,,,0.0,0,,,1,,,,,2,0,ghp,gamified,human_only,0.0,0,15,,,,26,drvwn3qn,,,,,0
7,hyzettta,,0,0,307,,,,0,,,0.0,7,,0.0,,0.0,0.0,0.0,0.0,0.0,,0.0,0.0,,,,,0.0,0,,,1,,,,,2,0,ghp,gamified,human_only,0.0,0,15,,,,26,drvwn3qn,,,,,0
8,pyk3jkbw,,0,0,307,,,,0,,,0.0,8,,0.0,,0.0,0.0,0.0,0.0,0.0,,0.0,0.0,,,,,0.0,0,,,1,,,,,2,0,ghp,gamified,human_only,0.0,0,15,,,,26,drvwn3qn,,,,,0
9,v1sz6v5a,,0,0,307,,,,0,,,0.0,9,,0.0,,0.0,0.0,0.0,0.0,0.0,,0.0,0.0,,,,,0.0,0,,,1,,,,,2,0,ghp,gamified,human_only,0.0,0,15,,,,26,drvwn3qn,,,,,0
10,c9hjz24n,,0,0,307,,,,0,,,0.0,10,,0.0,,0.0,0.0,0.0,0.0,0.0,,0.0,0.0,,,,,0.0,0,,,1,,,,,2,0,ghp,gamified,human_only,0.0,0,15,,,,26,drvwn3qn,,,,,0
11,9bjz8nvb,,0,0,307,,,,0,,,0.0,11,,0.0,,0.0,0.0,0.0,0.0,0.0,,0.0,0.0,,,,,0.0,0,,,1,,,,,2,0,ghp,gamified,human_only,0.0,0,15,,,,26,drvwn3qn,,,,,0
12,etralflj,,0,0,307,,,,0,,,0.0,12,,0.0,,0.0,0.0,0.0,0.0,0.0,,0.0,0.0,,,,,0.0,0,,,1,,,,,2,0,ghp,gamified,human_only,0.0,0,15,,,,26,drvwn3qn,,,,,0
13,nssv2yvi,,0,0,307,,,,0,,,0.0,13,,0.0,,0.0,0.0,0.0,0.0,0.0,,0.0,0.0,,,,,0.0,0,,,1,,,,,2,0,ghp,gamified,human_only,0.0,0,15,,,,26,drvwn3qn,,,,,0
14,glcjrv9i,,0,0,307,,,,0,,,0.0,14,,0.0,,0.0,0.0,0.0,0.0,0.0,,0.0,0.0,,,,,0.0,0,,,1,,,,,2,0,ghp,gamified,human_only,0.0,0,15,,,,26,drvwn3qn,,,,,0
15,4odonh5g,,0,0,307,,,,0,,,0.0,15,,0.0,,0.0,0.0,0.0,0.0,0.0,,0.0,0.0,,,,,0.0,0,,,1,,,,,2,0,ghp,gamified,human_only,0.0,0,15,,,,26,drvwn3qn,,,,,0
16,nfztjwlz,,0,0,307,,,,0,,,0.0,16,,0.0,,0.0,0.0,0.0,0.0,0.0,,0.0,0.0,,,,,0.0,0,,,1,,,,,2,0,ghp,gamified,human_only,0.0,0,15,,,,26,drvwn3qn,,,,,0
1,2cg8ws5z,,0,0,307,,,,0,,,0.0,1,,0.0,,0.0,0.0,0.0,0.0,0.0,,0.0,0.0,,,,,0.0,0,,,1,,,,,2,0,ghp,gamified,human_only,0.0,0,15,,,,27,drvwn3qn,,,,,0
2,lmowcnj4,,0,0,307,,,,0,,,0.0,2,,0.0,,0.0,0.0,0.0,0.0,0.0,,0.0,0.0,,,,,0.0,0,,,1,,,,,2,0,ghp,gamified,human_only,0.0,0,15,,,,27,drvwn3qn,,,,,0
3,ut8batsp,,0,0,307,,,,0,,,0.0,3,,0.0,,0.0,0.0,0.0,0.0,0.0,,0.0,0.0,,,,,0.0,0,,,1,,,,,2,0,ghp,gamified,human_only,0.0,0,15,,,,27,drvwn3qn,,,,,0
4,g19tdrc5,,0,0,307,,,,0,,,0.0,4,,0.0,,0.0,0.0,0.0,0.0,0.0,,0.0,0.0,,,,,0.0,0,,,1,,,,,2,0,ghp,gamified,human_only,0.0,0,15,,,,27,drvwn3qn,,,,,0
5,gks2srrt,,0,0,307,,,,0,,,0.0,5,,0.0,,0.0,0.0,0.0,0.0,0.0,,0.0,0.0,,,,,0.0,0,,,1,,,,,2,0,ghp,gamified,human_only,0.0,0,15,,,,27,drvwn3qn,,,,,0
6,4ga2jjk5,,0,0,307,,,,0,,,0.0,6,,0.0,,0.0,0.0,0.0,0.0,0.0,,0.0,0.0,,,,,0.0,0,,,1,,,,,2,0,ghp,gamified,human_only,0.0,0,15,,,,27,drvwn3qn,,,,,0
7,hyzettta,,0,0,307,,,,0,,,0.0,7,,0.0,,0.0,0.0,0.0,0.0,0.0,,0.0,0.0,,,,,0.0,0,,,1,,,,,2,0,ghp,gamified,human_only,0.0,0,15,,,,27,drvwn3qn,,,,,0
8,pyk3jkbw,,0,0,307,,,,0,,,0.0,8,,0.0,,0.0,0.0,0.0,0.0,0.0,,0.0,0.0,,,,,0.0,0,,,1,,,,,2,0,ghp,gamified,human_only,0.0,0,15,,,,27,drvwn3qn,,,,,0
9,v1sz6v5a,,0,0,307,,,,0,,,0.0,9,,0.0,,0.0,0.0,0.0,0.0,0.0,,0.0,0.0,,,,,0.0,0,,,1,,,,,2,0,ghp,gamified,human_only,0.0,0,15,,,,27,drvwn3qn,,,,,0
10,c9hjz24n,,0,0,307,,,,0,,,0.0,10,,0.0,,0.0,0.0,0.0,0.0,0.0,,0.0,0.0,,,,,0.0,0,,,1,,,,,2,0,ghp,gamified,human_only,0.0,0,15,,,,27,drvwn3qn,,,,,0
11,9bjz8nvb,,0,0,307,,,,0,,,0.0,11,,0.0,,0.0,0.0,0.0,0.0,0.0,,0.0,0.0,,,,,0.0,0,,,1,,,,,2,0,ghp,gamified,human_only,0.0,0,15,,,,27,drvwn3qn,,,,,0
12,etralflj,,0,0,307,,,,0,,,0.0,12,,0.0,,0.0,0.0,0.0,0.0,0.0,,0.0,0.0,,,,,0.0,0,,,1,,,,,2,0,ghp,gamified,human_only,0.0,0,15,,,,27,drvwn3qn,,,,,0
13,nssv2yvi,,0,0,307,,,,0,,,0.0,13,,0.0,,0.0,0.0,0.0,0.0,0.0,,0.0,0.0,,,,,0.0,0,,,1,,,,,2,0,ghp,gamified,human_only,0.0,0,15,,,,27,drvwn3qn,,,,,0
14,glcjrv9i,,0,0,307,,,,0,,,0.0,14,,0.0,,0.0,0.0,0.0,0.0,0.0,,0.0,0.0,,,,,0.0,0,,,1,,,,,2,0,ghp,gamified,human_only,0.0,0,15,,,,27,drvwn3qn,,,,,0
15,4odonh5g,,0,0,307,,,,0,,,0.0,15,,0.0,,0.0,0.0,0.0,0.0,0.0,,0.0,0.0,,,,,0.0,0,,,1,,,,,2,0,ghp,gamified,human_only,0.0,0,15,,,,27,drvwn3qn,,,,,0
16,nfztjwlz,,0,0,307,,,,0,,,0.0,16,,0.0,,0.0,0.0,0.0,0.0,0.0,,0.0,0.0,,,,,0.0,0,,,1,,,,,2,0,ghp,gamified,human_only,0.0,0,15,,,,27,drvwn3qn,,,,,0
1,2cg8ws5z,,0,0,307,,,,0,,,0.0,1,,0.0,,0.0,0.0,0.0,0.0,0.0,,0.0,0.0,,,,,0.0,0,,,1,,,,,2,0,ghp,gamified,human_only,0.0,0,15,,,,28,drvwn3qn,,,,,0
2,lmowcnj4,,0,0,307,,,,0,,,0.0,2,,0.0,,0.0,0.0,0.0,0.0,0.0,,0.0,0.0,,,,,0.0,0,,,1,,,,,2,0,ghp,gamified,human_only,0.0,0,15,,,,28,drvwn3qn,,,,,0
3,ut8batsp,,0,0,307,,,,0,,,0.0,3,,0.0,,0.0,0.0,0.0,0.0,0.0,,0.0,0.0,,,,,0.0,0,,,1,,,,,2,0,ghp,gamified,human_only,0.0,0,15,,,,28,drvwn3qn,,,,,0
4,g19tdrc5,,0,0,307,,,,0,,,0.0,4,,0.0,,0.0,0.0,0.0,0.0,0.0,,0.0,0.0,,,,,0.0,0,,,1,,,,,2,0,ghp,gamified,human_only,0.0,0,15,,,,28,drvwn3qn,,,,,0
5,gks2srrt,,0,0,307,,,,0,,,0.0,5,,0.0,,0.0,0.0,0.0,0.0,0.0,,0.0,0.0,,,,,0.0,0,,,1,,,,,2,0,ghp,gamified,human_only,0.0,0,15,,,,28,drvwn3qn,,,,,0
6,4ga2jjk5,,0,0,307,,,,0,,,0.0,6,,0.0,,0.0,0.0,0.0,0.0,0.0,,0.0,0.0,,,,,0.0,0,,,1,,,,,2,0,ghp,gamified,human_only,0.0,0,15,,,,28,drvwn3qn,,,,,0
7,hyzettta,,0,0,307,,,,0,,,0.0,7,,0.0,,0.0,0.0,0.0,0.0,0.0,,0.0,0.0,,,,,0.0,0,,,1,,,,,2,0,ghp,gamified,human_only,0.0,0,15,,,,28,drvwn3qn,,,,,0
8,pyk3jkbw,,0,0,307,,,,0,,,0.0,8,,0.0,,0.0,0.0,0.0,0.0,0.0,,0.0,0.0,,,,,0.0,0,,,1,,,,,2,0,ghp,gamified,human_only,0.0,0,15,,,,28,drvwn3qn,,,,,0
9,v1sz6v5a,,0,0,307,,,,0,,,0.0,9,,0.0,,0.0,0.0,0.0,0.0,0.0,,0.0,0.0,,,,,0.0,0,,,1,,,,,2,0,ghp,gamified,human_only,0.0,0,15,,,,28,drvwn3qn,,,,,0
10,c9hjz24n,,0,0,307,,,,0,,,0.0,10,,0.0,,0.0,0.0,0.0,0.0,0.0,,0.0,0.0,,,,,0.0,0,,,1,,,,,2,0,ghp,gamified,human_only,0.0,0,15,,,,28,drvwn3qn,,,,,0
11,9bjz8nvb,,0,0,307,,,,0,,,0.0,11,,0.0,,0.0,0.0,0.0,0.0,0.0,,0.0,0.0,,,,,0.0,0,,,1,,,,,2,0,ghp,gamified,human_only,0.0,0,15,,,,28,drvwn3qn,,,,,0
12,etralflj,,0,0,307,,,,0,,,0.0,12,,0.0,,0.0,0.0,0.0,0.0,0.0,,0.0,0.0,,,,,0.0,0,,,1,,,,,2,0,ghp,gamified,human_only,0.0,0,15,,,,28,drvwn3qn,,,,,0
13,nssv2yvi,,0,0,307,,,,0,,,0.0,13,,0.0,,0.0,0.0,0.0,0.0,0.0,,0.0,0.0,,,,,0.0,0,,,1,,,,,2,0,ghp,gamified,human_only,0.0,0,15,,,,28,drvwn3qn,,,,,0
14,glcjrv9i,,0,0,307,,,,0,,,0.0,14,,0.0,,0.0,0.0,0.0,0.0,0.0,,0.0,0.0,,,,,0.0,0,,,1,,,,,2,0,ghp,gamified,human_only,0.0,0,15,,,,28,drvwn3qn,,,,,0
15,4odonh5g,,0,0,307,,,,0,,,0.0,15,,0.0,,0.0,0.0,0.0,0.0,0.0,,0.0,0.0,,,,,0.0,0,,,1,,,,,2,0,ghp,gamified,human_only,0.0,0,15,,,,28,drvwn3qn,,,,,0
16,nfztjwlz,,0,0,307,,,,0,,,0.0,16,,0.0,,0.0,0.0,0.0,0.0,0.0,,0.0,0.0,,,,,0.0,0,,,1,,,,,2,0,ghp,gamified,human_only,0.0,0,15,,,,28,drvwn3qn,,,,,0
1,2cg8ws5z,,0,0,307,,,,0,,,0.0,1,,0.0,,0.0,0.0,0.0,0.0,0.0,,0.0,0.0,,,,,0.0,0,,,1,,,,,2,0,ghp,gamified,human_only,0.0,0,15,,,,29,drvwn3qn,,,,,0
2,lmowcnj4,,0,0,307,,,,0,,,0.0,2,,0.0,,0.0,0.0,0.0,0.0,0.0,,0.0,0.0,,,,,0.0,0,,,1,,,,,2,0,ghp,gamified,human_only,0.0,0,15,,,,29,drvwn3qn,,,,,0
3,ut8batsp,,0,0,307,,,,0,,,0.0,3,,0.0,,0.0,0.0,0.0,0.0,0.0,,0.0,0.0,,,,,0.0,0,,,1,,,,,2,0,ghp,gamified,human_only,0.0,0,15,,,,29,drvwn3qn,,,,,0
4,g19tdrc5,,0,0,307,,,,0,,,0.0,4,,0.0,,0.0,0.0,0.0,0.0,0.0,,0.0,0.0,,,,,0.0,0,,,1,,,,,2,0,ghp,gamified,human_only,0.0,0,15,,,,29,drvwn3qn,,,,,0
5,gks2srrt,,0,0,307,,,,0,,,0.0,5,,0.0,,0.0,0.0,0.0,0.0,0.0,,0.0,0.0,,,,,0.0,0,,,1,,,,,2,0,ghp,gamified,human_only,0.0,0,15,,,,29,drvwn3qn,,,,,0
6,4ga2jjk5,,0,0,307,,,,0,,,0.0,6,,0.0,,0.0,0.0,0.0,0.0,0.0,,0.0,0.0,,,,,0.0,0,,,1,,,,,2,0,ghp,gamified,human_only,0.0,0,15,,,,29,drvwn3qn,,,,,0
7,hyzettta,,0,0,307,,,,0,,,0.0,7,,0.0,,0.0,0.0,0.0,0.0,0.0,,0.0,0.0,,,,,0.0,0,,,1,,,,,2,0,ghp,gamified,human_only,0.0,0,15,,,,29,drvwn3qn,,,,,0
8,pyk3jkbw,,0,0,307,,,,0,,,0.0,8,,0.0,,0.0,0.0,0.0,0.0,0.0,,0.0,0.0,,,,,0.0,0,,,1,,,,,2,0,ghp,gamified,human_only,0.0,0,15,,,,29,drvwn3qn,,,,,0
9,v1sz6v5a,,0,0,307,,,,0,,,0.0,9,,0.0,,0.0,0.0,0.0,0.0,0.0,,0.0,0.0,,,,,0.0,0,,,1,,,,,2,0,ghp,gamified,human_only,0.0,0,15,,,,29,drvwn3qn,,,,,0
10,c9hjz24n,,0,0,307,,,,0,,,0.0,10,,0.0,,0.0,0.0,0.0,0.0,0.0,,0.0,0.0,,,,,0.0,0,,,1,,,,,2,0,ghp,gamified,human_only,0.0,0,15,,,,29,drvwn3qn,,,,,0
11,9bjz8nvb,,0,0,307,,,,0,,,0.0,11,,0.0,,0.0,0.0,0.0,0.0,0.0,,0.0,0.0,,,,,0.0,0,,,1,,,,,2,0,ghp,gamified,human_only,0.0,0,15,,,,29,drvwn3qn,,,,,0
12,etralflj,,0,0,307,,,,0,,,0.0,12,,0.0,,0.0,0.0,0.0,0.0,0.0,,0.0,0.0,,,,,0.0,0,,,1,,,,,2,0,ghp,gamified,human_only,0.0,0,15,,,,29,drvwn3qn,,,,,0
13,nssv2yvi,,0,0,307,,,,0,,,0.0,13,,0.0,,0.0,0.0,0.0,0.0,0.0,,0.0,0.0,,,,,0.0,0,,,1,,,,,2,0,ghp,gamified,human_only,0.0,0,15,,,,29,drvwn3qn,,,,,0
14,glcjrv9i,,0,0,307,,,,0,,,0.0,14,,0.0,,0.0,0.0,0.0,0.0,0.0,,0.0,0.0,,,,,0.0,0,,,1,,,,,2,0,ghp,gamified,human_only,0.0,0,15,,,,29,drvwn3qn,,,,,0
15,4odonh5g,,0,0,307,,,,0,,,0.0,15,,0.0,,0.0,0.0,0.0,0.0,0.0,,0.0,0.0,,,,,0.0,0,,,1,,,,,2,0,ghp,gamified,human_only,0.0,0,15,,,,29,drvwn3qn,,,,,0
16,nfztjwlz,,0,0,307,,,,0,,,0.0,16,,0.0,,0.0,0.0,0.0,0.0,0.0,,0.0,0.0,,,,,0.0,0,,,1,,,,,2,0,ghp,gamified,human_only,0.0,0,15,,,,29,drvwn3qn,,,,,0
1,2cg8ws5z,,0,0,307,,,,0,,,0.0,1,,0.0,,0.0,0.0,0.0,0.0,0.0,,0.0,0.0,,,,,0.0,0,,,1,,,,,2,0,ghp,gamified,human_only,0.0,0,15,,,,30,drvwn3qn,,,,,0
2,lmowcnj4,,0,0,307,,,,0,,,0.0,2,,0.0,,0.0,0.0,0.0,0.0,0.0,,0.0,0.0,,,,,0.0,0,,,1,,,,,2,0,ghp,gamified,human_only,0.0,0,15,,,,30,drvwn3qn,,,,,0
3,ut8batsp,,0,0,307,,,,0,,,0.0,3,,0.0,,0.0,0.0,0.0,0.0,0.0,,0.0,0.0,,,,,0.0,0,,,1,,,,,2,0,ghp,gamified,human_only,0.0,0,15,,,,30,drvwn3qn,,,,,0
4,g19tdrc5,,0,0,307,,,,0,,,0.0,4,,0.0,,0.0,0.0,0.0,0.0,0.0,,0.0,0.0,,,,,0.0,0,,,1,,,,,2,0,ghp,gamified,human_only,0.0,0,15,,,,30,drvwn3qn,,,,,0
5,gks2srrt,,0,0,307,,,,0,,,0.0,5,,0.0,,0.0,0.0,0.0,0.0,0.0,,0.0,0.0,,,,,0.0,0,,,1,,,,,2,0,ghp,gamified,human_only,0.0,0,15,,,,30,drvwn3qn,,,,,0
6,4ga2jjk5,,0,0,307,,,,0,,,0.0,6,,0.0,,0.0,0.0,0.0,0.0,0.0,,0.0,0.0,,,,,0.0,0,,,1,,,,,2,0,ghp,gamified,human_only,0.0,0,15,,,,30,drvwn3qn,,,,,0
7,hyzettta,,0,0,307,,,,0,,,0.0,7,,0.0,,0.0,0.0,0.0,0.0,0.0,,0.0,0.0,,,,,0.0,0,,,1,,,,,2,0,ghp,gamified,human_only,0.0,0,15,,,,30,drvwn3qn,,,,,0
8,pyk3jkbw,,0,0,307,,,,0,,,0.0,8,,0.0,,0.0,0.0,0.0,0.0,0.0,,0.0,0.0,,,,,0.0,0,,,1,,,,,2,0,ghp,gamified,human_only,0.0,0,15,,,,30,drvwn3qn,,,,,0
9,v1sz6v5a,,0,0,307,,,,0,,,0.0,9,,0.0,,0.0,0.0,0.0,0.0,0.0,,0.0,0.0,,,,,0.0,0,,,1,,,,,2,0,ghp,gamified,human_only,0.0,0,15,,,,30,drvwn3qn,,,,,0
10,c9hjz24n,,0,0,307,,,,0,,,0.0,10,,0.0,,0.0,0.0,0.0,0.0,0.0,,0.0,0.0,,,,,0.0,0,,,1,,,,,2,0,ghp,gamified,human_only,0.0,0,15,,,,30,drvwn3qn,,,,,0
11,9bjz8nvb,,0,0,307,,,,0,,,0.0,11,,0.0,,0.0,0.0,0.0,0.0,0.0,,0.0,0.0,,,,,0.0,0,,,1,,,,,2,0,ghp,gamified,human_only,0.0,0,15,,,,30,drvwn3qn,,,,,0
12,etralflj,,0,0,307,,,,0,,,0.0,12,,0.0,,0.0,0.0,0.0,0.0,0.0,,0.0,0.0,,,,,0.0,0,,,1,,,,,2,0,ghp,gamified,human_only,0.0,0,15,,,,30,drvwn3qn,,,,,0
14,glcjrv9i,,0,0,307,,,,0,,,0.0,14,,0.0,,0.0,0.0,0.0,0.0,0.0,,0.0,0.0,,,,,0.0,0,,,1,,,,,2,0,ghp,gamified,human_only,0.0,0,15,,,,30,drvwn3qn,,,,,0
15,4odonh5g,,0,0,307,,,,0,,,0.0,15,,0.0,,0.0,0.0,0.0,0.0,0.0,,0.0,0.0,,,,,0.0,0,,,1,,,,,2,0,ghp,gamified,human_only,0.0,0,15,,,,30,drvwn3qn,,,,,0
16,nfztjwlz,,0,0,307,,,,0,,,0.0,16,,0.0,,0.0,0.0,0.0,0.0,0.0,,0.0,0.0,,,,,0.0,0,,,1,,,,,2,0,ghp,gamified,human_only,0.0,0,15,,,,30,drvwn3qn,,,,,0
1,2cg8ws5z,,0,0,307,,,,0,,,0.0,1,,0.0,,0.0,0.0,0.0,0.0,0.0,,0.0,0.0,,,,,0.0,0,,,1,,,,,2,0,ghp,gamified,human_only,0.0,0,15,,,,31,drvwn3qn,,,,,0
2,lmowcnj4,,0,0,307,,,,0,,,0.0,2,,0.0,,0.0,0.0,0.0,0.0,0.0,,0.0,0.0,,,,,0.0,0,,,1,,,,,2,0,ghp,gamified,human_only,0.0,0,15,,,,31,drvwn3qn,,,,,0
3,ut8batsp,,0,0,307,,,,0,,,0.0,3,,0.0,,0.0,0.0,0.0,0.0,0.0,,0.0,0.0,,,,,0.0,0,,,1,,,,,2,0,ghp,gamified,human_only,0.0,0,15,,,,31,drvwn3qn,,,,,0
4,g19tdrc5,,0,0,307,,,,0,,,0.0,4,,0.0,,0.0,0.0,0.0,0.0,0.0,,0.0,0.0,,,,,0.0,0,,,1,,,,,2,0,ghp,gamified,human_only,0.0,0,15,,,,31,drvwn3qn,,,,,0
5,gks2srrt,,0,0,307,,,,0,,,0.0,5,,0.0,,0.0,0.0,0.0,0.0,0.0,,0.0,0.0,,,,,0.0,0,,,1,,,,,2,0,ghp,gamified,human_only,0.0,0,15,,,,31,drvwn3qn,,,,,0
6,4ga2jjk5,,0,0,307,,,,0,,,0.0,6,,0.0,,0.0,0.0,0.0,0.0,0.0,,0.0,0.0,,,,,0.0,0,,,1,,,,,2,0,ghp,gamified,human_only,0.0,0,15,,,,31,drvwn3qn,,,,,0
7,hyzettta,,0,0,307,,,,0,,,0.0,7,,0.0,,0.0,0.0,0.0,0.0,0.0,,0.0,0.0,,,,,0.0,0,,,1,,,,,2,0,ghp,gamified,human_only,0.0,0,15,,,,31,drvwn3qn,,,,,0
8,pyk3jkbw,,0,0,307,,,,0,,,0.0,8,,0.0,,0.0,0.0,0.0,0.0,0.0,,0.0,0.0,,,,,0.0,0,,,1,,,,,2,0,ghp,gamified,human_only,0.0,0,15,,,,31,drvwn3qn,,,,,0
9,v1sz6v5a,,0,0,307,,,,0,,,0.0,9,,0.0,,0.0,0.0,0.0,0.0,0.0,,0.0,0.0,,,,,0.0,0,,,1,,,,,2,0,ghp,gamified,human_only,0.0,0,15,,,,31,drvwn3qn,,,,,0
10,c9hjz24n,,0,0,307,,,,0,,,0.0,10,,0.0,,0.0,0.0,0.0,0.0,0.0,,0.0,0.0,,,,,0.0,0,,,1,,,,,2,0,ghp,gamified,human_only,0.0,0,15,,,,31,drvwn3qn,,,,,0
11,9bjz8nvb,,0,0,307,,,,0,,,0.0,11,,0.0,,0.0,0.0,0.0,0.0,0.0,,0.0,0.0,,,,,0.0,0,,,1,,,,,2,0,ghp,gamified,human_only,0.0,0,15,,,,31,drvwn3qn,,,,,0
12,etralflj,,0,0,307,,,,0,,,0.0,12,,0.0,,0.0,0.0,0.0,0.0,0.0,,0.0,0.0,,,,,0.0,0,,,1,,,,,2,0,ghp,gamified,human_only,0.0,0,15,,,,31,drvwn3qn,,,,,0
13,nssv2yvi,,0,0,307,,,,0,,,0.0,13,,0.0,,0.0,0.0,0.0,0.0,0.0,,0.0,0.0,,,,,0.0,0,,,1,,,,,2,0,ghp,gamified,human_only,0.0,0,15,,,,31,drvwn3qn,,,,,0
14,glcjrv9i,,0,0,307,,,,0,,,0.0,14,,0.0,,0.0,0.0,0.0,0.0,0.0,,0.0,0.0,,,,,0.0,0,,,1,,,,,2,0,ghp,gamified,human_only,0.0,0,15,,,,31,drvwn3qn,,,,,0
15,4odonh5g,,0,0,307,,,,0,,,0.0,15,,0.0,,0.0,0.0,0.0,0.0,0.0,,0.0,0.0,,,,,0.0,0,,,1,,,,,2,0,ghp,gamified,human_only,0.0,0,15,,,,31,drvwn3qn,,,,,0
16,nfztjwlz,,0,0,307,,,,0,,,0.0,16,,0.0,,0.0,0.0,0.0,0.0,0.0,,0.0,0.0,,,,,0.0,0,,,1,,,,,2,0,ghp,gamified,human_only,0.0,0,15,,,,31,drvwn3qn,,,,,0
1,2cg8ws5z,,0,0,307,,,,0,,,0.0,1,,0.0,,0.0,0.0,0.0,0.0,0.0,,0.0,0.0,,,,,0.0,0,,,1,,,,,2,0,ghp,gamified,human_only,0.0,0,15,,,,32,drvwn3qn,,,,,0
2,lmowcnj4,,0,0,307,,,,0,,,0.0,2,,0.0,,0.0,0.0,0.0,0.0,0.0,,0.0,0.0,,,,,0.0,0,,,1,,,,,2,0,ghp,gamified,human_only,0.0,0,15,,,,32,drvwn3qn,,,,,0
3,ut8batsp,,0,0,307,,,,0,,,0.0,3,,0.0,,0.0,0.0,0.0,0.0,0.0,,0.0,0.0,,,,,0.0,0,,,1,,,,,2,0,ghp,gamified,human_only,0.0,0,15,,,,32,drvwn3qn,,,,,0
4,g19tdrc5,,0,0,307,,,,0,,,0.0,4,,0.0,,0.0,0.0,0.0,0.0,0.0,,0.0,0.0,,,,,0.0,0,,,1,,,,,2,0,ghp,gamified,human_only,0.0,0,15,,,,32,drvwn3qn,,,,,0
5,gks2srrt,,0,0,307,,,,0,,,0.0,5,,0.0,,0.0,0.0,0.0,0.0,0.0,,0.0,0.0,,,,,0.0,0,,,1,,,,,2,0,ghp,gamified,human_only,0.0,0,15,,,,32,drvwn3qn,,,,,0
6,4ga2jjk5,,0,0,307,,,,0,,,0.0,6,,0.0,,0.0,0.0,0.0,0.0,0.0,,0.0,0.0,,,,,0.0,0,,,1,,,,,2,0,ghp,gamified,human_only,0.0,0,15,,,,32,drvwn3qn,,,,,0
7,hyzettta,,0,0,307,,,,0,,,0.0,7,,0.0,,0.0,0.0,0.0,0.0,0.0,,0.0,0.0,,,,,0.0,0,,,1,,,,,2,0,ghp,gamified,human_only,0.0,0,15,,,,32,drvwn3qn,,,,,0
8,pyk3jkbw,,0,0,307,,,,0,,,0.0,8,,0.0,,0.0,0.0,0.0,0.0,0.0,,0.0,0.0,,,,,0.0,0,,,1,,,,,2,0,ghp,gamified,human_only,0.0,0,15,,,,32,drvwn3qn,,,,,0
9,v1sz6v5a,,0,0,307,,,,0,,,0.0,9,,0.0,,0.0,0.0,0.0,0.0,0.0,,0.0,0.0,,,,,0.0,0,,,1,,,,,2,0,ghp,gamified,human_only,0.0,0,15,,,,32,drvwn3qn,,,,,0
10,c9hjz24n,,0,0,307,,,,0,,,0.0,10,,0.0,,0.0,0.0,0.0,0.0,0.0,,0.0,0.0,,,,,0.0,0,,,1,,,,,2,0,ghp,gamified,human_only,0.0,0,15,,,,32,drvwn3qn,,,,,0
11,9bjz8nvb,,0,0,307,,,,0,,,0.0,11,,0.0,,0.0,0.0,0.0,0.0,0.0,,0.0,0.0,,,,,0.0,0,,,1,,,,,2,0,ghp,gamified,human_only,0.0,0,15,,,,32,drvwn3qn,,,,,0
12,etralflj,,0,0,307,,,,0,,,0.0,12,,0.0,,0.0,0.0,0.0,0.0,0.0,,0.0,0.0,,,,,0.0,0,,,1,,,,,2,0,ghp,gamified,human_only,0.0,0,15,,,,32,drvwn3qn,,,,,0
13,nssv2yvi,,0,0,307,,,,0,,,0.0,13,,0.0,,0.0,0.0,0.0,0.0,0.0,,0.0,0.0,,,,,0.0,0,,,1,,,,,2,0,ghp,gamified,human_only,0.0,0,15,,,,32,drvwn3qn,,,,,0
14,glcjrv9i,,0,0,307,,,,0,,,0.0,14,,0.0,,0.0,0.0,0.0,0.0,0.0,,0.0,0.0,,,,,0.0,0,,,1,,,,,2,0,ghp,gamified,human_only,0.0,0,15,,,,32,drvwn3qn,,,,,0
15,4odonh5g,,0,0,307,,,,0,,,0.0,15,,0.0,,0.0,0.0,0.0,0.0,0.0,,0.0,0.0,,,,,0.0,0,,,1,,,,,2,0,ghp,gamified,human_only,0.0,0,15,,,,32,drvwn3qn,,,,,0
16,nfztjwlz,,0,0,307,,,,0,,,0.0,16,,0.0,,0.0,0.0,0.0,0.0,0.0,,0.0,0.0,,,,,0.0,0,,,1,,,,,2,0,ghp,gamified,human_only,0.0,0,15,,,,32,drvwn3qn,,,,,0
1,2cg8ws5z,,0,0,307,,,,0,,,0.0,1,,0.0,,0.0,0.0,0.0,0.0,0.0,,0.0,0.0,,,,,0.0,0,,,1,,,,,2,0,ghp,gamified,human_only,0.0,0,15,,,,33,drvwn3qn,,,,,0
2,lmowcnj4,,0,0,307,,,,0,,,0.0,2,,0.0,,0.0,0.0,0.0,0.0,0.0,,0.0,0.0,,,,,0.0,0,,,1,,,,,2,0,ghp,gamified,human_only,0.0,0,15,,,,33,drvwn3qn,,,,,0
3,ut8batsp,,0,0,307,,,,0,,,0.0,3,,0.0,,0.0,0.0,0.0,0.0,0.0,,0.0,0.0,,,,,0.0,0,,,1,,,,,2,0,ghp,gamified,human_only,0.0,0,15,,,,33,drvwn3qn,,,,,0
4,g19tdrc5,,0,0,307,,,,0,,,0.0,4,,0.0,,0.0,0.0,0.0,0.0,0.0,,0.0,0.0,,,,,0.0,0,,,1,,,,,2,0,ghp,gamified,human_only,0.0,0,15,,,,33,drvwn3qn,,,,,0
5,gks2srrt,,0,0,307,,,,0,,,0.0,5,,0.0,,0.0,0.0,0.0,0.0,0.0,,0.0,0.0,,,,,0.0,0,,,1,,,,,2,0,ghp,gamified,human_only,0.0,0,15,,,,33,drvwn3qn,,,,,0
6,4ga2jjk5,,0,0,307,,,,0,,,0.0,6,,0.0,,0.0,0.0,0.0,0.0,0.0,,0.0,0.0,,,,,0.0,0,,,1,,,,,2,0,ghp,gamified,human_only,0.0,0,15,,,,33,drvwn3qn,,,,,0
7,hyzettta,,0,0,307,,,,0,,,0.0,7,,0.0,,0.0,0.0,0.0,0.0,0.0,,0.0,0.0,,,,,0.0,0,,,1,,,,,2,0,ghp,gamified,human_only,0.0,0,15,,,,33,drvwn3qn,,,,,0
8,pyk3jkbw,,0,0,307,,,,0,,,0.0,8,,0.0,,0.0,0.0,0.0,0.0,0.0,,0.0,0.0,,,,,0.0,0,,,1,,,,,2,0,ghp,gamified,human_only,0.0,0,15,,,,33,drvwn3qn,,,,,0
9,v1sz6v5a,,0,0,307,,,,0,,,0.0,9,,0.0,,0.0,0.0,0.0,0.0,0.0,,0.0,0.0,,,,,0.0,0,,,1,,,,,2,0,ghp,gamified,human_only,0.0,0,15,,,,33,drvwn3qn,,,,,0
10,c9hjz24n,,0,0,307,,,,0,,,0.0,10,,0.0,,0.0,0.0,0.0,0.0,0.0,,0.0,0.0,,,,,0.0,0,,,1,,,,,2,0,ghp,gamified,human_only,0.0,0,15,,,,33,drvwn3qn,,,,,0
11,9bjz8nvb,,0,0,307,,,,0,,,0.0,11,,0.0,,0.0,0.0,0.0,0.0,0.0,,0.0,0.0,,,,,0.0,0,,,1,,,,,2,0,ghp,gamified,human_only,0.0,0,15,,,,33,drvwn3qn,,,,,0
12,etralflj,,0,0,307,,,,0,,,0.0,12,,0.0,,0.0,0.0,0.0,0.0,0.0,,0.0,0.0,,,,,0.0,0,,,1,,,,,2,0,ghp,gamified,human_only,0.0,0,15,,,,33,drvwn3qn,,,,,0
13,nssv2yvi,,0,0,307,,,,0,,,0.0,13,,0.0,,0.0,0.0,0.0,0.0,0.0,,0.0,0.0,,,,,0.0,0,,,1,,,,,2,0,ghp,gamified,human_only,0.0,0,15,,,,33,drvwn3qn,,,,,0
14,glcjrv9i,,0,0,307,,,,0,,,0.0,14,,0.0,,0.0,0.0,0.0,0.0,0.0,,0.0,0.0,,,,,0.0,0,,,1,,,,,2,0,ghp,gamified,human_only,0.0,0,15,,,,33,drvwn3qn,,,,,0
15,4odonh5g,,0,0,307,,,,0,,,0.0,15,,0.0,,0.0,0.0,0.0,0.0,0.0,,0.0,0.0,,,,,0.0,0,,,1,,,,,2,0,ghp,gamified,human_only,0.0,0,15,,,,33,drvwn3qn,,,,,0
16,nfztjwlz,,0,0,307,,,,0,,,0.0,16,,0.0,,0.0,0.0,0.0,0.0,0.0,,0.0,0.0,,,,,0.0,0,,,1,,,,,2,0,ghp,gamified,human_only,0.0,0,15,,,,33,drvwn3qn,,,,,0
1,e4rzuiqc,,0,308,307,post_exp,FinalForProlific,2026-05-20 19:25:41.187444,1,,,5538.0,1,,0.0,de185fdc-6f9d-4670-9dcf-81c1392c3843,2600.0,20.0,8.0,160.0,2760.0,,2600.0,20.0,,,,,0.0,0,,,1,b904995f-b883-4259-b002-68ec2c294922,https://london-trader-6b45bffdcd02.herokuapp.com,wss://london-trader-6b45bffdcd02.herokuapp.com,,1,6,gh,hedonic_only,human_only,0.0,0,3,"[8.0, 4.0, 20.0, 8.0, 8.0, 20.0, 20.0, 4.0, 20.0, 4.0, 20.0, 0.0, 8.0, 8.0, 8.0, 8.0, 8.0, 4.0, 4.0, 20.0, 0.0, 0.0, 8.0, 4.0, 4.0, 4.0, 20.0, 8.0, 8.0, 0.0, 8.0, 4.0, 4.0]",139.0,139.0,1,mn8370qr,,,,,0
2,j6o1gu35,,0,308,307,post_exp,FinalForProlific,2026-05-20 19:25:41.199388,1,,,1136.0,2,,0.0,3bda415a-a0da-4825-82c9-77b9c9128c51,3531.0,12.0,8.0,96.0,3627.0,,3800.0,10.0,,,,,0.0,0,,,1,b904995f-b883-4259-b002-68ec2c294922,https://london-trader-6b45bffdcd02.herokuapp.com,wss://london-trader-6b45bffdcd02.herokuapp.com,,1,6,gh,hedonic_only,human_only,0.0,0,3,"[8.0, 4.0, 20.0, 8.0, 8.0, 20.0, 20.0, 4.0, 20.0, 4.0, 20.0, 0.0, 8.0, 8.0, 8.0, 8.0, 8.0, 4.0, 4.0, 20.0, 0.0, 0.0, 8.0, 4.0, 4.0, 4.0, 20.0, 8.0, 8.0, 0.0, 8.0, 4.0, 4.0]",139.0,139.0,1,mn8370qr,,,,,0
3,z9n52ebr,,0,308,307,post_exp,FinalForProlific,2026-05-20 19:25:41.205068,1,,,5326.0,3,,0.0,b46d0872-2093-4d60-a09b-322aeeb4ceea,2600.0,21.0,8.0,168.0,2768.0,,2600.0,20.0,,,,,0.0,0,,,1,b904995f-b883-4259-b002-68ec2c294922,https://london-trader-6b45bffdcd02.herokuapp.com,wss://london-trader-6b45bffdcd02.herokuapp.com,,1,6,gh,hedonic_only,human_only,0.0,0,3,"[8.0, 4.0, 20.0, 8.0, 8.0, 20.0, 20.0, 4.0, 20.0, 4.0, 20.0, 0.0, 8.0, 8.0, 8.0, 8.0, 8.0, 4.0, 4.0, 20.0, 0.0, 0.0, 8.0, 4.0, 4.0, 4.0, 20.0, 8.0, 8.0, 0.0, 8.0, 4.0, 4.0]",139.0,139.0,1,mn8370qr,,,,,0
4,lh92b709,,0,308,307,post_exp,FinalForProlific,2026-05-20 19:25:41.210764,1,,,5744.0,4,,0.0,888c73d0-2c8a-421d-8bc2-912dfb3cf36f,3930.0,10.0,8.0,80.0,4010.0,,3800.0,10.0,,,,,0.0,0,,,1,b904995f-b883-4259-b002-68ec2c294922,https://london-trader-6b45bffdcd02.herokuapp.com,wss://london-trader-6b45bffdcd02.herokuapp.com,,1,6,gh,hedonic_only,human_only,0.0,0,3,"[8.0, 4.0, 20.0, 8.0, 8.0, 20.0, 20.0, 4.0, 20.0, 4.0, 20.0, 0.0, 8.0, 8.0, 8.0, 8.0, 8.0, 4.0, 4.0, 20.0, 0.0, 0.0, 8.0, 4.0, 4.0, 4.0, 20.0, 8.0, 8.0, 0.0, 8.0, 4.0, 4.0]",139.0,139.0,1,mn8370qr,,,,,0
5,729v3r7i,,0,308,307,post_exp,FinalForProlific,2026-05-20 19:25:41.216438,1,,,5824.0,5,,0.0,507063ea-4811-4d17-952f-a06ff1e9c532,2600.0,20.0,8.0,160.0,2760.0,,2600.0,20.0,,,,,0.0,0,,,1,b904995f-b883-4259-b002-68ec2c294922,https://london-trader-6b45bffdcd02.herokuapp.com,wss://london-trader-6b45bffdcd02.herokuapp.com,,1,6,gh,hedonic_only,human_only,0.0,0,3,"[8.0, 4.0, 20.0, 8.0, 8.0, 20.0, 20.0, 4.0, 20.0, 4.0, 20.0, 0.0, 8.0, 8.0, 8.0, 8.0, 8.0, 4.0, 4.0, 20.0, 0.0, 0.0, 8.0, 4.0, 4.0, 4.0, 20.0, 8.0, 8.0, 0.0, 8.0, 4.0, 4.0]",139.0,139.0,1,mn8370qr,,,,,0
6,aac2mc3k,,0,308,307,post_exp,FinalForProlific,2026-05-20 19:25:41.222017,1,,,5288.0,6,,0.0,892d8d65-9d98-41f8-9f81-77f92d09550f,3939.0,9.0,8.0,72.0,4011.0,,3800.0,10.0,,,,,0.0,0,,,1,b904995f-b883-4259-b002-68ec2c294922,https://london-trader-6b45bffdcd02.herokuapp.com,wss://london-trader-6b45bffdcd02.herokuapp.com,,1,6,gh,hedonic_only,human_only,0.0,0,3,"[8.0, 4.0, 20.0, 8.0, 8.0, 20.0, 20.0, 4.0, 20.0, 4.0, 20.0, 0.0, 8.0, 8.0, 8.0, 8.0, 8.0, 4.0, 4.0, 20.0, 0.0, 0.0, 8.0, 4.0, 4.0, 4.0, 20.0, 8.0, 8.0, 0.0, 8.0, 4.0, 4.0]",139.0,139.0,1,mn8370qr,,,,,0
7,bs9r1rdm,,0,308,307,post_exp,FinalForProlific,2026-05-20 19:25:41.227334,1,,,4422.0,1,,0.0,9d79c538-d5a9-4202-8ec2-c2a39d7d5290,2579.33,20.0,8.0,160.0,2739.33,,2600.0,20.0,,,,,0.0,0,,,2,e44f6832-74bd-4b57-b9bc-b06cf0b5afc2,https://london-trader-6b45bffdcd02.herokuapp.com,wss://london-trader-6b45bffdcd02.herokuapp.com,,1,6,gp,info_only,human_only,0.0,0,3,"[8.0, 4.0, 20.0, 8.0, 8.0, 20.0, 20.0, 4.0, 20.0, 4.0, 20.0, 0.0, 8.0, 8.0, 8.0, 8.0, 8.0, 4.0, 4.0, 20.0, 0.0, 0.0, 8.0, 4.0, 4.0, 4.0, 20.0, 8.0, 8.0, 0.0, 8.0, 4.0, 4.0]",50.67,50.67,1,mn8370qr,,,,,0
8,9uh6p1vm,,0,308,307,post_exp,FinalForProlific,2026-05-20 19:25:41.233246,1,,,5926.0,2,,0.0,5a2f07e8-0cd1-4eb8-a545-b1090d5acc6c,3845.67,9.0,8.0,72.0,3917.67,,3800.0,10.0,,,,,0.0,0,,,2,e44f6832-74bd-4b57-b9bc-b06cf0b5afc2,https://london-trader-6b45bffdcd02.herokuapp.com,wss://london-trader-6b45bffdcd02.herokuapp.com,,1,6,gp,info_only,human_only,0.0,0,3,"[8.0, 4.0, 20.0, 8.0, 8.0, 20.0, 20.0, 4.0, 20.0, 4.0, 20.0, 0.0, 8.0, 8.0, 8.0, 8.0, 8.0, 4.0, 4.0, 20.0, 0.0, 0.0, 8.0, 4.0, 4.0, 4.0, 20.0, 8.0, 8.0, 0.0, 8.0, 4.0, 4.0]",50.67,50.67,1,mn8370qr,,,,,0
9,kb2z64e8,,0,308,307,post_exp,FinalForProlific,2026-05-20 19:25:41.238889,1,,,6101.0,3,,0.0,20a98639-406b-4f0e-bd4a-38a4a3393a94,2620.0,20.0,8.0,160.0,2780.0,,2600.0,20.0,,,,,0.0,0,,,2,e44f6832-74bd-4b57-b9bc-b06cf0b5afc2,https://london-trader-6b45bffdcd02.herokuapp.com,wss://london-trader-6b45bffdcd02.herokuapp.com,,1,6,gp,info_only,human_only,0.0,0,3,"[8.0, 4.0, 20.0, 8.0, 8.0, 20.0, 20.0, 4.0, 20.0, 4.0, 20.0, 0.0, 8.0, 8.0, 8.0, 8.0, 8.0, 4.0, 4.0, 20.0, 0.0, 0.0, 8.0, 4.0, 4.0, 4.0, 20.0, 8.0, 8.0, 0.0, 8.0, 4.0, 4.0]",50.67,50.67,1,mn8370qr,,,,,0
10,ai0il249,,0,308,307,post_exp,FinalForProlific,2026-05-20 19:25:41.244342,1,,,5172.0,4,,0.0,003d1260-235e-47df-a243-059a5a09dc55,3750.0,11.0,8.0,88.0,3838.0,,3800.0,10.0,,,,,0.0,0,,,2,e44f6832-74bd-4b57-b9bc-b06cf0b5afc2,https://london-trader-6b45bffdcd02.herokuapp.com,wss://london-trader-6b45bffdcd02.herokuapp.com,,1,6,gp,info_only,human_only,0.0,0,3,"[8.0, 4.0, 20.0, 8.0, 8.0, 20.0, 20.0, 4.0, 20.0, 4.0, 20.0, 0.0, 8.0, 8.0, 8.0, 8.0, 8.0, 4.0, 4.0, 20.0, 0.0, 0.0, 8.0, 4.0, 4.0, 4.0, 20.0, 8.0, 8.0, 0.0, 8.0, 4.0, 4.0]",50.67,50.67,1,mn8370qr,,,,,0
11,pqnknbrr,,0,308,307,post_exp,FinalForProlific,2026-05-20 19:25:41.249954,1,,,4810.0,5,,0.0,47bc6257-7091-45a2-92a2-168cfdd21601,2570.0,21.0,8.0,168.0,2738.0,,2600.0,20.0,,,,,0.0,0,,,2,e44f6832-74bd-4b57-b9bc-b06cf0b5afc2,https://london-trader-6b45bffdcd02.herokuapp.com,wss://london-trader-6b45bffdcd02.herokuapp.com,,1,6,gp,info_only,human_only,0.0,0,3,"[8.0, 4.0, 20.0, 8.0, 8.0, 20.0, 20.0, 4.0, 20.0, 4.0, 20.0, 0.0, 8.0, 8.0, 8.0, 8.0, 8.0, 4.0, 4.0, 20.0, 0.0, 0.0, 8.0, 4.0, 4.0, 4.0, 20.0, 8.0, 8.0, 0.0, 8.0, 4.0, 4.0]",50.67,50.67,1,mn8370qr,,,,,0
12,whc9aveo,,0,308,307,post_exp,FinalForProlific,2026-05-20 19:25:41.255262,1,,,6139.0,6,,0.0,04ce8282-76cd-4293-a6a1-e6573fdc4f20,3835.0,9.0,8.0,72.0,3907.0,,3800.0,10.0,,,,,0.0,0,,,2,e44f6832-74bd-4b57-b9bc-b06cf0b5afc2,https://london-trader-6b45bffdcd02.herokuapp.com,wss://london-trader-6b45bffdcd02.herokuapp.com,,1,6,gp,info_only,human_only,0.0,0,3,"[8.0, 4.0, 20.0, 8.0, 8.0, 20.0, 20.0, 4.0, 20.0, 4.0, 20.0, 0.0, 8.0, 8.0, 8.0, 8.0, 8.0, 4.0, 4.0, 20.0, 0.0, 0.0, 8.0, 4.0, 4.0, 4.0, 20.0, 8.0, 8.0, 0.0, 8.0, 4.0, 4.0]",50.67,50.67,1,mn8370qr,,,,,0
13,51q1wtqi,,0,308,307,post_exp,FinalForProlific,2026-05-20 19:25:41.260557,1,,,6081.0,1,,0.0,1f2aafcb-7cdf-44e8-80ec-9a1a7538b2b2,2480.0,22.0,8.0,176.0,2656.0,,2600.0,20.0,,,,,0.0,0,,,3,e04c5ff5-929f-45b8-aa23-f89660c9bfc6,https://london-trader-6b45bffdcd02.herokuapp.com,wss://london-trader-6b45bffdcd02.herokuapp.com,,1,4,ghp,gamified,human_only,0.0,0,3,"[8.0, 4.0, 20.0, 8.0, 8.0, 20.0, 20.0, 4.0, 20.0, 4.0, 20.0, 0.0, 8.0, 8.0, 8.0, 8.0, 8.0, 4.0, 4.0, 20.0, 0.0, 0.0, 8.0, 4.0, 4.0, 4.0, 20.0, 8.0, 8.0, 0.0, 8.0, 4.0, 4.0]",120.0,120.0,1,mn8370qr,,,,,0
14,q9v4q54j,,0,308,307,post_exp,FinalForProlific,2026-05-20 19:25:41.266013,1,,,4846.0,2,,0.0,2ef33815-9eb5-4b5b-9037-2336e0fd3182,3800.0,10.0,8.0,80.0,3880.0,,3800.0,10.0,,,,,0.0,0,,,3,e04c5ff5-929f-45b8-aa23-f89660c9bfc6,https://london-trader-6b45bffdcd02.herokuapp.com,wss://london-trader-6b45bffdcd02.herokuapp.com,,1,4,ghp,gamified,human_only,0.0,0,3,"[8.0, 4.0, 20.0, 8.0, 8.0, 20.0, 20.0, 4.0, 20.0, 4.0, 20.0, 0.0, 8.0, 8.0, 8.0, 8.0, 8.0, 4.0, 4.0, 20.0, 0.0, 0.0, 8.0, 4.0, 4.0, 4.0, 20.0, 8.0, 8.0, 0.0, 8.0, 4.0, 4.0]",120.0,120.0,1,mn8370qr,,,,,0
15,5g1om6y0,,0,308,307,post_exp,FinalForProlific,2026-05-20 19:25:41.271633,1,,,6308.0,3,,0.0,382ea305-3a23-4333-83bf-a340958a252c,2835.0,18.0,8.0,144.0,2979.0,,2600.0,20.0,,,,,0.0,0,,,3,e04c5ff5-929f-45b8-aa23-f89660c9bfc6,https://london-trader-6b45bffdcd02.herokuapp.com,wss://london-trader-6b45bffdcd02.herokuapp.com,,1,4,ghp,gamified,human_only,0.0,0,3,"[8.0, 4.0, 20.0, 8.0, 8.0, 20.0, 20.0, 4.0, 20.0, 4.0, 20.0, 0.0, 8.0, 8.0, 8.0, 8.0, 8.0, 4.0, 4.0, 20.0, 0.0, 0.0, 8.0, 4.0, 4.0, 4.0, 20.0, 8.0, 8.0, 0.0, 8.0, 4.0, 4.0]",120.0,120.0,1,mn8370qr,,,,,0
16,ry1l466x,,0,308,307,post_exp,FinalForProlific,2026-05-20 19:25:41.277077,1,,,5341.0,4,,0.0,8218956f-1ed7-4a92-a065-9a6ce22d8081,3685.0,11.0,8.0,88.0,3773.0,,3800.0,10.0,,,,,0.0,0,,,3,e04c5ff5-929f-45b8-aa23-f89660c9bfc6,https://london-trader-6b45bffdcd02.herokuapp.com,wss://london-trader-6b45bffdcd02.herokuapp.com,,1,4,ghp,gamified,human_only,0.0,0,3,"[8.0, 4.0, 20.0, 8.0, 8.0, 20.0, 20.0, 4.0, 20.0, 4.0, 20.0, 0.0, 8.0, 8.0, 8.0, 8.0, 8.0, 4.0, 4.0, 20.0, 0.0, 0.0, 8.0, 4.0, 4.0, 4.0, 20.0, 8.0, 8.0, 0.0, 8.0, 4.0, 4.0]",120.0,120.0,1,mn8370qr,,,,,0
1,e4rzuiqc,,0,308,307,post_exp,FinalForProlific,2026-05-20 19:25:41.187444,1,,,5538.0,1,,0.0,de185fdc-6f9d-4670-9dcf-81c1392c3843,2760.0,20.0,4.0,80.0,2840.0,,2600.0,20.0,,,,,0.0,0,,,1,b904995f-b883-4259-b002-68ec2c294922,https://london-trader-6b45bffdcd02.herokuapp.com,wss://london-trader-6b45bffdcd02.herokuapp.com,,1,6,gh,hedonic_only,human_only,0.0,0,3,"[8.0, 4.0, 20.0, 8.0, 8.0, 20.0, 20.0, 4.0, 20.0, 4.0, 20.0, 0.0, 8.0, 8.0, 8.0, 8.0, 8.0, 4.0, 4.0, 20.0, 0.0, 0.0, 8.0, 4.0, 4.0, 4.0, 20.0, 8.0, 8.0, 0.0, 8.0, 4.0, 4.0]",139.0,139.0,2,mn8370qr,,,,,0
2,j6o1gu35,,0,308,307,post_exp,FinalForProlific,2026-05-20 19:25:41.199388,1,,,1136.0,2,,0.0,3bda415a-a0da-4825-82c9-77b9c9128c51,3627.0,12.0,4.0,48.0,3675.0,,3800.0,10.0,,,,,0.0,0,,,1,b904995f-b883-4259-b002-68ec2c294922,https://london-trader-6b45bffdcd02.herokuapp.com,wss://london-trader-6b45bffdcd02.herokuapp.com,,1,6,gh,hedonic_only,human_only,0.0,0,3,"[8.0, 4.0, 20.0, 8.0, 8.0, 20.0, 20.0, 4.0, 20.0, 4.0, 20.0, 0.0, 8.0, 8.0, 8.0, 8.0, 8.0, 4.0, 4.0, 20.0, 0.0, 0.0, 8.0, 4.0, 4.0, 4.0, 20.0, 8.0, 8.0, 0.0, 8.0, 4.0, 4.0]",139.0,139.0,2,mn8370qr,,,,,0
3,z9n52ebr,,0,308,307,post_exp,FinalForProlific,2026-05-20 19:25:41.205068,1,,,5326.0,3,,0.0,b46d0872-2093-4d60-a09b-322aeeb4ceea,2768.0,21.0,4.0,84.0,2852.0,,2600.0,20.0,,,,,0.0,0,,,1,b904995f-b883-4259-b002-68ec2c294922,https://london-trader-6b45bffdcd02.herokuapp.com,wss://london-trader-6b45bffdcd02.herokuapp.com,,1,6,gh,hedonic_only,human_only,0.0,0,3,"[8.0, 4.0, 20.0, 8.0, 8.0, 20.0, 20.0, 4.0, 20.0, 4.0, 20.0, 0.0, 8.0, 8.0, 8.0, 8.0, 8.0, 4.0, 4.0, 20.0, 0.0, 0.0, 8.0, 4.0, 4.0, 4.0, 20.0, 8.0, 8.0, 0.0, 8.0, 4.0, 4.0]",139.0,139.0,2,mn8370qr,,,,,0
4,lh92b709,,0,308,307,post_exp,FinalForProlific,2026-05-20 19:25:41.210764,1,,,5744.0,4,,0.0,888c73d0-2c8a-421d-8bc2-912dfb3cf36f,4010.0,10.0,4.0,40.0,4050.0,,3800.0,10.0,,,,,0.0,0,,,1,b904995f-b883-4259-b002-68ec2c294922,https://london-trader-6b45bffdcd02.herokuapp.com,wss://london-trader-6b45bffdcd02.herokuapp.com,,1,6,gh,hedonic_only,human_only,0.0,0,3,"[8.0, 4.0, 20.0, 8.0, 8.0, 20.0, 20.0, 4.0, 20.0, 4.0, 20.0, 0.0, 8.0, 8.0, 8.0, 8.0, 8.0, 4.0, 4.0, 20.0, 0.0, 0.0, 8.0, 4.0, 4.0, 4.0, 20.0, 8.0, 8.0, 0.0, 8.0, 4.0, 4.0]",139.0,139.0,2,mn8370qr,,,,,0
5,729v3r7i,,0,308,307,post_exp,FinalForProlific,2026-05-20 19:25:41.216438,1,,,5824.0,5,,0.0,507063ea-4811-4d17-952f-a06ff1e9c532,2760.0,20.0,4.0,80.0,2840.0,,2600.0,20.0,,,,,0.0,0,,,1,b904995f-b883-4259-b002-68ec2c294922,https://london-trader-6b45bffdcd02.herokuapp.com,wss://london-trader-6b45bffdcd02.herokuapp.com,,1,6,gh,hedonic_only,human_only,0.0,0,3,"[8.0, 4.0, 20.0, 8.0, 8.0, 20.0, 20.0, 4.0, 20.0, 4.0, 20.0, 0.0, 8.0, 8.0, 8.0, 8.0, 8.0, 4.0, 4.0, 20.0, 0.0, 0.0, 8.0, 4.0, 4.0, 4.0, 20.0, 8.0, 8.0, 0.0, 8.0, 4.0, 4.0]",139.0,139.0,2,mn8370qr,,,,,0
6,aac2mc3k,,0,308,307,post_exp,FinalForProlific,2026-05-20 19:25:41.222017,1,,,5288.0,6,,0.0,892d8d65-9d98-41f8-9f81-77f92d09550f,4011.0,9.0,4.0,36.0,4047.0,,3800.0,10.0,,,,,0.0,0,,,1,b904995f-b883-4259-b002-68ec2c294922,https://london-trader-6b45bffdcd02.herokuapp.com,wss://london-trader-6b45bffdcd02.herokuapp.com,,1,6,gh,hedonic_only,human_only,0.0,0,3,"[8.0, 4.0, 20.0, 8.0, 8.0, 20.0, 20.0, 4.0, 20.0, 4.0, 20.0, 0.0, 8.0, 8.0, 8.0, 8.0, 8.0, 4.0, 4.0, 20.0, 0.0, 0.0, 8.0, 4.0, 4.0, 4.0, 20.0, 8.0, 8.0, 0.0, 8.0, 4.0, 4.0]",139.0,139.0,2,mn8370qr,,,,,0
7,bs9r1rdm,,0,308,307,post_exp,FinalForProlific,2026-05-20 19:25:41.227334,1,,,4422.0,1,,0.0,9d79c538-d5a9-4202-8ec2-c2a39d7d5290,2751.33,19.0,4.0,76.0,2827.33,,2600.0,20.0,,,,,0.0,0,,,2,e44f6832-74bd-4b57-b9bc-b06cf0b5afc2,https://london-trader-6b45bffdcd02.herokuapp.com,wss://london-trader-6b45bffdcd02.herokuapp.com,,1,6,gp,info_only,human_only,0.0,0,3,"[8.0, 4.0, 20.0, 8.0, 8.0, 20.0, 20.0, 4.0, 20.0, 4.0, 20.0, 0.0, 8.0, 8.0, 8.0, 8.0, 8.0, 4.0, 4.0, 20.0, 0.0, 0.0, 8.0, 4.0, 4.0, 4.0, 20.0, 8.0, 8.0, 0.0, 8.0, 4.0, 4.0]",70.0,70.0,2,mn8370qr,,,,,0
8,9uh6p1vm,,0,308,307,post_exp,FinalForProlific,2026-05-20 19:25:41.233246,1,,,5926.0,2,,0.0,5a2f07e8-0cd1-4eb8-a545-b1090d5acc6c,3715.67,12.0,4.0,48.0,3763.67,,3800.0,10.0,,,,,0.0,0,,,2,e44f6832-74bd-4b57-b9bc-b06cf0b5afc2,https://london-trader-6b45bffdcd02.herokuapp.com,wss://london-trader-6b45bffdcd02.herokuapp.com,,1,6,gp,info_only,human_only,0.0,0,3,"[8.0, 4.0, 20.0, 8.0, 8.0, 20.0, 20.0, 4.0, 20.0, 4.0, 20.0, 0.0, 8.0, 8.0, 8.0, 8.0, 8.0, 4.0, 4.0, 20.0, 0.0, 0.0, 8.0, 4.0, 4.0, 4.0, 20.0, 8.0, 8.0, 0.0, 8.0, 4.0, 4.0]",70.0,70.0,2,mn8370qr,,,,,0
9,kb2z64e8,,0,308,307,post_exp,FinalForProlific,2026-05-20 19:25:41.238889,1,,,6101.0,3,,0.0,20a98639-406b-4f0e-bd4a-38a4a3393a94,2780.0,20.0,4.0,80.0,2860.0,,2600.0,20.0,,,,,0.0,0,,,2,e44f6832-74bd-4b57-b9bc-b06cf0b5afc2,https://london-trader-6b45bffdcd02.herokuapp.com,wss://london-trader-6b45bffdcd02.herokuapp.com,,1,6,gp,info_only,human_only,0.0,0,3,"[8.0, 4.0, 20.0, 8.0, 8.0, 20.0, 20.0, 4.0, 20.0, 4.0, 20.0, 0.0, 8.0, 8.0, 8.0, 8.0, 8.0, 4.0, 4.0, 20.0, 0.0, 0.0, 8.0, 4.0, 4.0, 4.0, 20.0, 8.0, 8.0, 0.0, 8.0, 4.0, 4.0]",70.0,70.0,2,mn8370qr,,,,,0
10,ai0il249,,0,308,307,post_exp,FinalForProlific,2026-05-20 19:25:41.244342,1,,,5172.0,4,,0.0,003d1260-235e-47df-a243-059a5a09dc55,3958.0,10.0,4.0,40.0,3998.0,,3800.0,10.0,,,,,0.0,0,,,2,e44f6832-74bd-4b57-b9bc-b06cf0b5afc2,https://london-trader-6b45bffdcd02.herokuapp.com,wss://london-trader-6b45bffdcd02.herokuapp.com,,1,6,gp,info_only,human_only,0.0,0,3,"[8.0, 4.0, 20.0, 8.0, 8.0, 20.0, 20.0, 4.0, 20.0, 4.0, 20.0, 0.0, 8.0, 8.0, 8.0, 8.0, 8.0, 4.0, 4.0, 20.0, 0.0, 0.0, 8.0, 4.0, 4.0, 4.0, 20.0, 8.0, 8.0, 0.0, 8.0, 4.0, 4.0]",70.0,70.0,2,mn8370qr,,,,,0
11,pqnknbrr,,0,308,307,post_exp,FinalForProlific,2026-05-20 19:25:41.249954,1,,,4810.0,5,,0.0,47bc6257-7091-45a2-92a2-168cfdd21601,2738.0,21.0,4.0,84.0,2822.0,,2600.0,20.0,,,,,0.0,0,,,2,e44f6832-74bd-4b57-b9bc-b06cf0b5afc2,https://london-trader-6b45bffdcd02.herokuapp.com,wss://london-trader-6b45bffdcd02.herokuapp.com,,1,6,gp,info_only,human_only,0.0,0,3,"[8.0, 4.0, 20.0, 8.0, 8.0, 20.0, 20.0, 4.0, 20.0, 4.0, 20.0, 0.0, 8.0, 8.0, 8.0, 8.0, 8.0, 4.0, 4.0, 20.0, 0.0, 0.0, 8.0, 4.0, 4.0, 4.0, 20.0, 8.0, 8.0, 0.0, 8.0, 4.0, 4.0]",70.0,70.0,2,mn8370qr,,,,,0
12,whc9aveo,,0,308,307,post_exp,FinalForProlific,2026-05-20 19:25:41.255262,1,,,6139.0,6,,0.0,04ce8282-76cd-4293-a6a1-e6573fdc4f20,3977.0,10.0,4.0,40.0,4017.0,,3800.0,10.0,,,,,0.0,0,,,2,e44f6832-74bd-4b57-b9bc-b06cf0b5afc2,https://london-trader-6b45bffdcd02.herokuapp.com,wss://london-trader-6b45bffdcd02.herokuapp.com,,1,6,gp,info_only,human_only,0.0,0,3,"[8.0, 4.0, 20.0, 8.0, 8.0, 20.0, 20.0, 4.0, 20.0, 4.0, 20.0, 0.0, 8.0, 8.0, 8.0, 8.0, 8.0, 4.0, 4.0, 20.0, 0.0, 0.0, 8.0, 4.0, 4.0, 4.0, 20.0, 8.0, 8.0, 0.0, 8.0, 4.0, 4.0]",70.0,70.0,2,mn8370qr,,,,,0
13,51q1wtqi,,0,308,307,post_exp,FinalForProlific,2026-05-20 19:25:41.260557,1,,,6081.0,1,,0.0,1f2aafcb-7cdf-44e8-80ec-9a1a7538b2b2,2544.0,22.0,4.0,88.0,2632.0,,2600.0,20.0,,,,,0.0,0,,,3,e04c5ff5-929f-45b8-aa23-f89660c9bfc6,https://london-trader-6b45bffdcd02.herokuapp.com,wss://london-trader-6b45bffdcd02.herokuapp.com,,1,4,ghp,gamified,human_only,0.0,0,3,"[8.0, 4.0, 20.0, 8.0, 8.0, 20.0, 20.0, 4.0, 20.0, 4.0, 20.0, 0.0, 8.0, 8.0, 8.0, 8.0, 8.0, 4.0, 4.0, 20.0, 0.0, 0.0, 8.0, 4.0, 4.0, 4.0, 20.0, 8.0, 8.0, 0.0, 8.0, 4.0, 4.0]",112.0,112.0,2,mn8370qr,,,,,0
14,q9v4q54j,,0,308,307,post_exp,FinalForProlific,2026-05-20 19:25:41.266013,1,,,4846.0,2,,0.0,2ef33815-9eb5-4b5b-9037-2336e0fd3182,3877.0,10.0,4.0,40.0,3917.0,,3800.0,10.0,,,,,0.0,0,,,3,e04c5ff5-929f-45b8-aa23-f89660c9bfc6,https://london-trader-6b45bffdcd02.herokuapp.com,wss://london-trader-6b45bffdcd02.herokuapp.com,,1,4,ghp,gamified,human_only,0.0,0,3,"[8.0, 4.0, 20.0, 8.0, 8.0, 20.0, 20.0, 4.0, 20.0, 4.0, 20.0, 0.0, 8.0, 8.0, 8.0, 8.0, 8.0, 4.0, 4.0, 20.0, 0.0, 0.0, 8.0, 4.0, 4.0, 4.0, 20.0, 8.0, 8.0, 0.0, 8.0, 4.0, 4.0]",112.0,112.0,2,mn8370qr,,,,,0
15,5g1om6y0,,0,308,307,post_exp,FinalForProlific,2026-05-20 19:25:41.271633,1,,,6308.0,3,,0.0,382ea305-3a23-4333-83bf-a340958a252c,3094.0,18.0,4.0,72.0,3166.0,,2600.0,20.0,,,,,0.0,0,,,3,e04c5ff5-929f-45b8-aa23-f89660c9bfc6,https://london-trader-6b45bffdcd02.herokuapp.com,wss://london-trader-6b45bffdcd02.herokuapp.com,,1,4,ghp,gamified,human_only,0.0,0,3,"[8.0, 4.0, 20.0, 8.0, 8.0, 20.0, 20.0, 4.0, 20.0, 4.0, 20.0, 0.0, 8.0, 8.0, 8.0, 8.0, 8.0, 4.0, 4.0, 20.0, 0.0, 0.0, 8.0, 4.0, 4.0, 4.0, 20.0, 8.0, 8.0, 0.0, 8.0, 4.0, 4.0]",112.0,112.0,2,mn8370qr,,,,,0
16,ry1l466x,,0,308,307,post_exp,FinalForProlific,2026-05-20 19:25:41.277077,1,,,5341.0,4,,0.0,8218956f-1ed7-4a92-a065-9a6ce22d8081,3773.0,11.0,4.0,44.0,3817.0,,3800.0,10.0,,,,,0.0,0,,,3,e04c5ff5-929f-45b8-aa23-f89660c9bfc6,https://london-trader-6b45bffdcd02.herokuapp.com,wss://london-trader-6b45bffdcd02.herokuapp.com,,1,4,ghp,gamified,human_only,0.0,0,3,"[8.0, 4.0, 20.0, 8.0, 8.0, 20.0, 20.0, 4.0, 20.0, 4.0, 20.0, 0.0, 8.0, 8.0, 8.0, 8.0, 8.0, 4.0, 4.0, 20.0, 0.0, 0.0, 8.0, 4.0, 4.0, 4.0, 20.0, 8.0, 8.0, 0.0, 8.0, 4.0, 4.0]",112.0,112.0,2,mn8370qr,,,,,0
1,e4rzuiqc,,0,308,307,post_exp,FinalForProlific,2026-05-20 19:25:41.187444,1,,,5538.0,1,,0.0,de185fdc-6f9d-4670-9dcf-81c1392c3843,2840.0,20.0,20.0,400.0,3240.0,,2600.0,20.0,,,,,0.0,0,,,1,b904995f-b883-4259-b002-68ec2c294922,https://london-trader-6b45bffdcd02.herokuapp.com,wss://london-trader-6b45bffdcd02.herokuapp.com,,1,6,gh,hedonic_only,human_only,0.0,0,3,"[8.0, 4.0, 20.0, 8.0, 8.0, 20.0, 20.0, 4.0, 20.0, 4.0, 20.0, 0.0, 8.0, 8.0, 8.0, 8.0, 8.0, 4.0, 4.0, 20.0, 0.0, 0.0, 8.0, 4.0, 4.0, 4.0, 20.0, 8.0, 8.0, 0.0, 8.0, 4.0, 4.0]",145.0,145.0,3,mn8370qr,,,,,0
2,j6o1gu35,,0,308,307,post_exp,FinalForProlific,2026-05-20 19:25:41.199388,1,,,1136.0,2,,0.0,3bda415a-a0da-4825-82c9-77b9c9128c51,3355.0,14.0,20.0,280.0,3635.0,,3800.0,10.0,,,,,0.0,0,,,1,b904995f-b883-4259-b002-68ec2c294922,https://london-trader-6b45bffdcd02.herokuapp.com,wss://london-trader-6b45bffdcd02.herokuapp.com,,1,6,gh,hedonic_only,human_only,0.0,0,3,"[8.0, 4.0, 20.0, 8.0, 8.0, 20.0, 20.0, 4.0, 20.0, 4.0, 20.0, 0.0, 8.0, 8.0, 8.0, 8.0, 8.0, 4.0, 4.0, 20.0, 0.0, 0.0, 8.0, 4.0, 4.0, 4.0, 20.0, 8.0, 8.0, 0.0, 8.0, 4.0, 4.0]",145.0,145.0,3,mn8370qr,,,,,0
3,z9n52ebr,,0,308,307,post_exp,FinalForProlific,2026-05-20 19:25:41.205068,1,,,5326.0,3,,0.0,b46d0872-2093-4d60-a09b-322aeeb4ceea,3137.0,18.0,20.0,360.0,3497.0,,2600.0,20.0,,,,,0.0,0,,,1,b904995f-b883-4259-b002-68ec2c294922,https://london-trader-6b45bffdcd02.herokuapp.com,wss://london-trader-6b45bffdcd02.herokuapp.com,,1,6,gh,hedonic_only,human_only,0.0,0,3,"[8.0, 4.0, 20.0, 8.0, 8.0, 20.0, 20.0, 4.0, 20.0, 4.0, 20.0, 0.0, 8.0, 8.0, 8.0, 8.0, 8.0, 4.0, 4.0, 20.0, 0.0, 0.0, 8.0, 4.0, 4.0, 4.0, 20.0, 8.0, 8.0, 0.0, 8.0, 4.0, 4.0]",145.0,145.0,3,mn8370qr,,,,,0
4,lh92b709,,0,308,307,post_exp,FinalForProlific,2026-05-20 19:25:41.210764,1,,,5744.0,4,,0.0,888c73d0-2c8a-421d-8bc2-912dfb3cf36f,4225.0,9.0,20.0,180.0,4405.0,,3800.0,10.0,,,,,0.0,0,,,1,b904995f-b883-4259-b002-68ec2c294922,https://london-trader-6b45bffdcd02.herokuapp.com,wss://london-trader-6b45bffdcd02.herokuapp.com,,1,6,gh,hedonic_only,human_only,0.0,0,3,"[8.0, 4.0, 20.0, 8.0, 8.0, 20.0, 20.0, 4.0, 20.0, 4.0, 20.0, 0.0, 8.0, 8.0, 8.0, 8.0, 8.0, 4.0, 4.0, 20.0, 0.0, 0.0, 8.0, 4.0, 4.0, 4.0, 20.0, 8.0, 8.0, 0.0, 8.0, 4.0, 4.0]",145.0,145.0,3,mn8370qr,,,,,0
5,729v3r7i,,0,308,307,post_exp,FinalForProlific,2026-05-20 19:25:41.216438,1,,,5824.0,5,,0.0,507063ea-4811-4d17-952f-a06ff1e9c532,2700.0,21.0,20.0,420.0,3120.0,,2600.0,20.0,,,,,0.0,0,,,1,b904995f-b883-4259-b002-68ec2c294922,https://london-trader-6b45bffdcd02.herokuapp.com,wss://london-trader-6b45bffdcd02.herokuapp.com,,1,6,gh,hedonic_only,human_only,0.0,0,3,"[8.0, 4.0, 20.0, 8.0, 8.0, 20.0, 20.0, 4.0, 20.0, 4.0, 20.0, 0.0, 8.0, 8.0, 8.0, 8.0, 8.0, 4.0, 4.0, 20.0, 0.0, 0.0, 8.0, 4.0, 4.0, 4.0, 20.0, 8.0, 8.0, 0.0, 8.0, 4.0, 4.0]",145.0,145.0,3,mn8370qr,,,,,0
6,aac2mc3k,,0,308,307,post_exp,FinalForProlific,2026-05-20 19:25:41.222017,1,,,5288.0,6,,0.0,892d8d65-9d98-41f8-9f81-77f92d09550f,4047.0,10.0,20.0,200.0,4247.0,,3800.0,10.0,,,,,0.0,0,,,1,b904995f-b883-4259-b002-68ec2c294922,https://london-trader-6b45bffdcd02.herokuapp.com,wss://london-trader-6b45bffdcd02.herokuapp.com,,1,6,gh,hedonic_only,human_only,0.0,0,3,"[8.0, 4.0, 20.0, 8.0, 8.0, 20.0, 20.0, 4.0, 20.0, 4.0, 20.0, 0.0, 8.0, 8.0, 8.0, 8.0, 8.0, 4.0, 4.0, 20.0, 0.0, 0.0, 8.0, 4.0, 4.0, 4.0, 20.0, 8.0, 8.0, 0.0, 8.0, 4.0, 4.0]",145.0,145.0,3,mn8370qr,,,,,0
7,bs9r1rdm,,0,308,307,post_exp,FinalForProlific,2026-05-20 19:25:41.227334,1,,,4422.0,1,,0.0,9d79c538-d5a9-4202-8ec2-c2a39d7d5290,2827.33,19.0,20.0,380.0,3207.33,,2600.0,20.0,,,,,0.0,0,,,2,e44f6832-74bd-4b57-b9bc-b06cf0b5afc2,https://london-trader-6b45bffdcd02.herokuapp.com,wss://london-trader-6b45bffdcd02.herokuapp.com,,1,6,gp,info_only,human_only,0.0,0,3,"[8.0, 4.0, 20.0, 8.0, 8.0, 20.0, 20.0, 4.0, 20.0, 4.0, 20.0, 0.0, 8.0, 8.0, 8.0, 8.0, 8.0, 4.0, 4.0, 20.0, 0.0, 0.0, 8.0, 4.0, 4.0, 4.0, 20.0, 8.0, 8.0, 0.0, 8.0, 4.0, 4.0]",55.0,55.0,3,mn8370qr,,,,,0
8,9uh6p1vm,,0,308,307,post_exp,FinalForProlific,2026-05-20 19:25:41.233246,1,,,5926.0,2,,0.0,5a2f07e8-0cd1-4eb8-a545-b1090d5acc6c,3888.67,10.0,20.0,200.0,4088.67,,3800.0,10.0,,,,,0.0,0,,,2,e44f6832-74bd-4b57-b9bc-b06cf0b5afc2,https://london-trader-6b45bffdcd02.herokuapp.com,wss://london-trader-6b45bffdcd02.herokuapp.com,,1,6,gp,info_only,human_only,0.0,0,3,"[8.0, 4.0, 20.0, 8.0, 8.0, 20.0, 20.0, 4.0, 20.0, 4.0, 20.0, 0.0, 8.0, 8.0, 8.0, 8.0, 8.0, 4.0, 4.0, 20.0, 0.0, 0.0, 8.0, 4.0, 4.0, 4.0, 20.0, 8.0, 8.0, 0.0, 8.0, 4.0, 4.0]",55.0,55.0,3,mn8370qr,,,,,0
9,kb2z64e8,,0,308,307,post_exp,FinalForProlific,2026-05-20 19:25:41.238889,1,,,6101.0,3,,0.0,20a98639-406b-4f0e-bd4a-38a4a3393a94,2860.0,20.0,20.0,400.0,3260.0,,2600.0,20.0,,,,,0.0,0,,,2,e44f6832-74bd-4b57-b9bc-b06cf0b5afc2,https://london-trader-6b45bffdcd02.herokuapp.com,wss://london-trader-6b45bffdcd02.herokuapp.com,,1,6,gp,info_only,human_only,0.0,0,3,"[8.0, 4.0, 20.0, 8.0, 8.0, 20.0, 20.0, 4.0, 20.0, 4.0, 20.0, 0.0, 8.0, 8.0, 8.0, 8.0, 8.0, 4.0, 4.0, 20.0, 0.0, 0.0, 8.0, 4.0, 4.0, 4.0, 20.0, 8.0, 8.0, 0.0, 8.0, 4.0, 4.0]",55.0,55.0,3,mn8370qr,,,,,0
10,ai0il249,,0,308,307,post_exp,FinalForProlific,2026-05-20 19:25:41.244342,1,,,5172.0,4,,0.0,003d1260-235e-47df-a243-059a5a09dc55,3873.0,13.0,20.0,260.0,4133.0,,3800.0,10.0,,,,,0.0,0,,,2,e44f6832-74bd-4b57-b9bc-b06cf0b5afc2,https://london-trader-6b45bffdcd02.herokuapp.com,wss://london-trader-6b45bffdcd02.herokuapp.com,,1,6,gp,info_only,human_only,0.0,0,3,"[8.0, 4.0, 20.0, 8.0, 8.0, 20.0, 20.0, 4.0, 20.0, 4.0, 20.0, 0.0, 8.0, 8.0, 8.0, 8.0, 8.0, 4.0, 4.0, 20.0, 0.0, 0.0, 8.0, 4.0, 4.0, 4.0, 20.0, 8.0, 8.0, 0.0, 8.0, 4.0, 4.0]",55.0,55.0,3,mn8370qr,,,,,0
11,pqnknbrr,,0,308,307,post_exp,FinalForProlific,2026-05-20 19:25:41.249954,1,,,4810.0,5,,0.0,47bc6257-7091-45a2-92a2-168cfdd21601,2822.0,21.0,20.0,420.0,3242.0,,2600.0,20.0,,,,,0.0,0,,,2,e44f6832-74bd-4b57-b9bc-b06cf0b5afc2,https://london-trader-6b45bffdcd02.herokuapp.com,wss://london-trader-6b45bffdcd02.herokuapp.com,,1,6,gp,info_only,human_only,0.0,0,3,"[8.0, 4.0, 20.0, 8.0, 8.0, 20.0, 20.0, 4.0, 20.0, 4.0, 20.0, 0.0, 8.0, 8.0, 8.0, 8.0, 8.0, 4.0, 4.0, 20.0, 0.0, 0.0, 8.0, 4.0, 4.0, 4.0, 20.0, 8.0, 8.0, 0.0, 8.0, 4.0, 4.0]",55.0,55.0,3,mn8370qr,,,,,0
12,whc9aveo,,0,308,307,post_exp,FinalForProlific,2026-05-20 19:25:41.255262,1,,,6139.0,6,,0.0,04ce8282-76cd-4293-a6a1-e6573fdc4f20,4017.0,8.0,20.0,160.0,4177.0,,3800.0,10.0,,,,,0.0,0,,,2,e44f6832-74bd-4b57-b9bc-b06cf0b5afc2,https://london-trader-6b45bffdcd02.herokuapp.com,wss://london-trader-6b45bffdcd02.herokuapp.com,,1,6,gp,info_only,human_only,0.0,0,3,"[8.0, 4.0, 20.0, 8.0, 8.0, 20.0, 20.0, 4.0, 20.0, 4.0, 20.0, 0.0, 8.0, 8.0, 8.0, 8.0, 8.0, 4.0, 4.0, 20.0, 0.0, 0.0, 8.0, 4.0, 4.0, 4.0, 20.0, 8.0, 8.0, 0.0, 8.0, 4.0, 4.0]",55.0,55.0,3,mn8370qr,,,,,0
13,51q1wtqi,,0,308,307,post_exp,FinalForProlific,2026-05-20 19:25:41.260557,1,,,6081.0,1,,0.0,1f2aafcb-7cdf-44e8-80ec-9a1a7538b2b2,2528.0,23.0,20.0,460.0,2988.0,,2600.0,20.0,,,,,0.0,0,,,3,e04c5ff5-929f-45b8-aa23-f89660c9bfc6,https://london-trader-6b45bffdcd02.herokuapp.com,wss://london-trader-6b45bffdcd02.herokuapp.com,,1,4,ghp,gamified,human_only,0.0,0,3,"[8.0, 4.0, 20.0, 8.0, 8.0, 20.0, 20.0, 4.0, 20.0, 4.0, 20.0, 0.0, 8.0, 8.0, 8.0, 8.0, 8.0, 4.0, 4.0, 20.0, 0.0, 0.0, 8.0, 4.0, 4.0, 4.0, 20.0, 8.0, 8.0, 0.0, 8.0, 4.0, 4.0]",104.0,104.0,3,mn8370qr,,,,,0
14,q9v4q54j,,0,308,307,post_exp,FinalForProlific,2026-05-20 19:25:41.266013,1,,,4846.0,2,,0.0,2ef33815-9eb5-4b5b-9037-2336e0fd3182,3796.0,11.0,20.0,220.0,4016.0,,3800.0,10.0,,,,,0.0,0,,,3,e04c5ff5-929f-45b8-aa23-f89660c9bfc6,https://london-trader-6b45bffdcd02.herokuapp.com,wss://london-trader-6b45bffdcd02.herokuapp.com,,1,4,ghp,gamified,human_only,0.0,0,3,"[8.0, 4.0, 20.0, 8.0, 8.0, 20.0, 20.0, 4.0, 20.0, 4.0, 20.0, 0.0, 8.0, 8.0, 8.0, 8.0, 8.0, 4.0, 4.0, 20.0, 0.0, 0.0, 8.0, 4.0, 4.0, 4.0, 20.0, 8.0, 8.0, 0.0, 8.0, 4.0, 4.0]",104.0,104.0,3,mn8370qr,,,,,0
15,5g1om6y0,,0,308,307,post_exp,FinalForProlific,2026-05-20 19:25:41.271633,1,,,6308.0,3,,0.0,382ea305-3a23-4333-83bf-a340958a252c,3391.0,15.0,20.0,300.0,3691.0,,2600.0,20.0,,,,,0.0,0,,,3,e04c5ff5-929f-45b8-aa23-f89660c9bfc6,https://london-trader-6b45bffdcd02.herokuapp.com,wss://london-trader-6b45bffdcd02.herokuapp.com,,1,4,ghp,gamified,human_only,0.0,0,3,"[8.0, 4.0, 20.0, 8.0, 8.0, 20.0, 20.0, 4.0, 20.0, 4.0, 20.0, 0.0, 8.0, 8.0, 8.0, 8.0, 8.0, 4.0, 4.0, 20.0, 0.0, 0.0, 8.0, 4.0, 4.0, 4.0, 20.0, 8.0, 8.0, 0.0, 8.0, 4.0, 4.0]",104.0,104.0,3,mn8370qr,,,,,0
16,ry1l466x,,0,308,307,post_exp,FinalForProlific,2026-05-20 19:25:41.277077,1,,,5341.0,4,,0.0,8218956f-1ed7-4a92-a065-9a6ce22d8081,3817.0,11.0,20.0,220.0,4037.0,,3800.0,10.0,,,,,0.0,0,,,3,e04c5ff5-929f-45b8-aa23-f89660c9bfc6,https://london-trader-6b45bffdcd02.herokuapp.com,wss://london-trader-6b45bffdcd02.herokuapp.com,,1,4,ghp,gamified,human_only,0.0,0,3,"[8.0, 4.0, 20.0, 8.0, 8.0, 20.0, 20.0, 4.0, 20.0, 4.0, 20.0, 0.0, 8.0, 8.0, 8.0, 8.0, 8.0, 4.0, 4.0, 20.0, 0.0, 0.0, 8.0, 4.0, 4.0, 4.0, 20.0, 8.0, 8.0, 0.0, 8.0, 4.0, 4.0]",104.0,104.0,3,mn8370qr,,,,,0
1,e4rzuiqc,,0,308,307,post_exp,FinalForProlific,2026-05-20 19:25:41.187444,1,,,5538.0,1,,0.0,6ab180f8-7112-4499-b7f9-b9540b122777,2730.0,19.0,8.0,152.0,2882.0,,2600.0,20.0,,,,,0.0,0,,,1,a05edde7-d925-45e5-bd12-37b4af942736,https://london-trader-6b45bffdcd02.herokuapp.com,wss://london-trader-6b45bffdcd02.herokuapp.com,,1,6,gh,hedonic_only,human_only,0.0,0,15,"[8.0, 4.0, 20.0, 8.0, 8.0, 20.0, 20.0, 4.0, 20.0, 4.0, 20.0, 0.0, 8.0, 8.0, 8.0, 8.0, 8.0, 4.0, 4.0, 20.0, 0.0, 0.0, 8.0, 4.0, 4.0, 4.0, 20.0, 8.0, 8.0, 0.0, 8.0, 4.0, 4.0]",150.0,150.0,4,mn8370qr,,,,,0
2,j6o1gu35,,0,308,307,post_exp,FinalForProlific,2026-05-20 19:25:41.199388,1,,,1136.0,2,,0.0,73efef72-11c9-496a-80d8-178d281ae4d1,3600.0,11.0,8.0,88.0,3688.0,,3800.0,10.0,,,,,0.0,0,,,1,a05edde7-d925-45e5-bd12-37b4af942736,https://london-trader-6b45bffdcd02.herokuapp.com,wss://london-trader-6b45bffdcd02.herokuapp.com,,1,6,gh,hedonic_only,human_only,0.0,0,15,"[8.0, 4.0, 20.0, 8.0, 8.0, 20.0, 20.0, 4.0, 20.0, 4.0, 20.0, 0.0, 8.0, 8.0, 8.0, 8.0, 8.0, 4.0, 4.0, 20.0, 0.0, 0.0, 8.0, 4.0, 4.0, 4.0, 20.0, 8.0, 8.0, 0.0, 8.0, 4.0, 4.0]",150.0,150.0,4,mn8370qr,,,,,0
3,z9n52ebr,,0,308,307,post_exp,FinalForProlific,2026-05-20 19:25:41.205068,1,,,5326.0,3,,0.0,c8eb7dce-7793-4314-ad7f-d135dbb2ba47,2710.0,19.0,8.0,152.0,2862.0,,2600.0,20.0,,,,,0.0,0,,,1,a05edde7-d925-45e5-bd12-37b4af942736,https://london-trader-6b45bffdcd02.herokuapp.com,wss://london-trader-6b45bffdcd02.herokuapp.com,,1,6,gh,hedonic_only,human_only,0.0,0,15,"[8.0, 4.0, 20.0, 8.0, 8.0, 20.0, 20.0, 4.0, 20.0, 4.0, 20.0, 0.0, 8.0, 8.0, 8.0, 8.0, 8.0, 4.0, 4.0, 20.0, 0.0, 0.0, 8.0, 4.0, 4.0, 4.0, 20.0, 8.0, 8.0, 0.0, 8.0, 4.0, 4.0]",150.0,150.0,4,mn8370qr,,,,,0
4,lh92b709,,0,308,307,post_exp,FinalForProlific,2026-05-20 19:25:41.210764,1,,,5744.0,4,,0.0,0c8329d9-01d0-4ade-9746-adcd76979d55,3760.0,11.0,8.0,88.0,3848.0,,3800.0,10.0,,,,,0.0,0,,,1,a05edde7-d925-45e5-bd12-37b4af942736,https://london-trader-6b45bffdcd02.herokuapp.com,wss://london-trader-6b45bffdcd02.herokuapp.com,,1,6,gh,hedonic_only,human_only,0.0,0,15,"[8.0, 4.0, 20.0, 8.0, 8.0, 20.0, 20.0, 4.0, 20.0, 4.0, 20.0, 0.0, 8.0, 8.0, 8.0, 8.0, 8.0, 4.0, 4.0, 20.0, 0.0, 0.0, 8.0, 4.0, 4.0, 4.0, 20.0, 8.0, 8.0, 0.0, 8.0, 4.0, 4.0]",150.0,150.0,4,mn8370qr,,,,,0
5,729v3r7i,,0,308,307,post_exp,FinalForProlific,2026-05-20 19:25:41.216438,1,,,5824.0,5,,0.0,f5a1d5e6-a183-421a-a699-8e50db4fb1c8,2600.0,20.0,8.0,160.0,2760.0,,2600.0,20.0,,,,,0.0,0,,,1,a05edde7-d925-45e5-bd12-37b4af942736,https://london-trader-6b45bffdcd02.herokuapp.com,wss://london-trader-6b45bffdcd02.herokuapp.com,,1,6,gh,hedonic_only,human_only,0.0,0,15,"[8.0, 4.0, 20.0, 8.0, 8.0, 20.0, 20.0, 4.0, 20.0, 4.0, 20.0, 0.0, 8.0, 8.0, 8.0, 8.0, 8.0, 4.0, 4.0, 20.0, 0.0, 0.0, 8.0, 4.0, 4.0, 4.0, 20.0, 8.0, 8.0, 0.0, 8.0, 4.0, 4.0]",150.0,150.0,4,mn8370qr,,,,,0
6,aac2mc3k,,0,308,307,post_exp,FinalForProlific,2026-05-20 19:25:41.222017,1,,,5288.0,6,,0.0,8eb4c26e-1145-412e-a646-d50005ec9ba2,3800.0,10.0,8.0,80.0,3880.0,,3800.0,10.0,,,,,0.0,0,,,1,a05edde7-d925-45e5-bd12-37b4af942736,https://london-trader-6b45bffdcd02.herokuapp.com,wss://london-trader-6b45bffdcd02.herokuapp.com,,1,6,gh,hedonic_only,human_only,0.0,0,15,"[8.0, 4.0, 20.0, 8.0, 8.0, 20.0, 20.0, 4.0, 20.0, 4.0, 20.0, 0.0, 8.0, 8.0, 8.0, 8.0, 8.0, 4.0, 4.0, 20.0, 0.0, 0.0, 8.0, 4.0, 4.0, 4.0, 20.0, 8.0, 8.0, 0.0, 8.0, 4.0, 4.0]",150.0,150.0,4,mn8370qr,,,,,0
7,bs9r1rdm,,0,308,307,post_exp,FinalForProlific,2026-05-20 19:25:41.227334,1,,,4422.0,1,,0.0,8bcaf73d-b674-4326-bd4f-acb83b510b57,2563.0,20.0,8.0,160.0,2723.0,,2600.0,20.0,,,,,0.0,0,,,2,98308155-5ef4-4781-92b2-15de5ba68a70,https://london-trader-6b45bffdcd02.herokuapp.com,wss://london-trader-6b45bffdcd02.herokuapp.com,,1,6,gp,info_only,human_only,0.0,0,15,"[8.0, 4.0, 20.0, 8.0, 8.0, 20.0, 20.0, 4.0, 20.0, 4.0, 20.0, 0.0, 8.0, 8.0, 8.0, 8.0, 8.0, 4.0, 4.0, 20.0, 0.0, 0.0, 8.0, 4.0, 4.0, 4.0, 20.0, 8.0, 8.0, 0.0, 8.0, 4.0, 4.0]",80.0,80.0,4,mn8370qr,,,,,0
8,9uh6p1vm,,0,308,307,post_exp,FinalForProlific,2026-05-20 19:25:41.233246,1,,,5926.0,2,,0.0,bc3147b7-5256-41ba-98cd-f8ffcee3c4a6,3792.0,11.0,8.0,88.0,3880.0,,3800.0,10.0,,,,,0.0,0,,,2,98308155-5ef4-4781-92b2-15de5ba68a70,https://london-trader-6b45bffdcd02.herokuapp.com,wss://london-trader-6b45bffdcd02.herokuapp.com,,1,6,gp,info_only,human_only,0.0,0,15,"[8.0, 4.0, 20.0, 8.0, 8.0, 20.0, 20.0, 4.0, 20.0, 4.0, 20.0, 0.0, 8.0, 8.0, 8.0, 8.0, 8.0, 4.0, 4.0, 20.0, 0.0, 0.0, 8.0, 4.0, 4.0, 4.0, 20.0, 8.0, 8.0, 0.0, 8.0, 4.0, 4.0]",80.0,80.0,4,mn8370qr,,,,,0
9,kb2z64e8,,0,308,307,post_exp,FinalForProlific,2026-05-20 19:25:41.238889,1,,,6101.0,3,,0.0,22db997d-e3e3-4d59-aae0-6cf6af50ce83,2545.0,22.0,8.0,176.0,2721.0,,2600.0,20.0,,,,,0.0,0,,,2,98308155-5ef4-4781-92b2-15de5ba68a70,https://london-trader-6b45bffdcd02.herokuapp.com,wss://london-trader-6b45bffdcd02.herokuapp.com,,1,6,gp,info_only,human_only,0.0,0,15,"[8.0, 4.0, 20.0, 8.0, 8.0, 20.0, 20.0, 4.0, 20.0, 4.0, 20.0, 0.0, 8.0, 8.0, 8.0, 8.0, 8.0, 4.0, 4.0, 20.0, 0.0, 0.0, 8.0, 4.0, 4.0, 4.0, 20.0, 8.0, 8.0, 0.0, 8.0, 4.0, 4.0]",80.0,80.0,4,mn8370qr,,,,,0
10,ai0il249,,0,308,307,post_exp,FinalForProlific,2026-05-20 19:25:41.244342,1,,,5172.0,4,,0.0,f31a815e-6425-437b-901f-67ac478997d1,3630.0,13.0,8.0,104.0,3734.0,,3800.0,10.0,,,,,0.0,0,,,2,98308155-5ef4-4781-92b2-15de5ba68a70,https://london-trader-6b45bffdcd02.herokuapp.com,wss://london-trader-6b45bffdcd02.herokuapp.com,,1,6,gp,info_only,human_only,0.0,0,15,"[8.0, 4.0, 20.0, 8.0, 8.0, 20.0, 20.0, 4.0, 20.0, 4.0, 20.0, 0.0, 8.0, 8.0, 8.0, 8.0, 8.0, 4.0, 4.0, 20.0, 0.0, 0.0, 8.0, 4.0, 4.0, 4.0, 20.0, 8.0, 8.0, 0.0, 8.0, 4.0, 4.0]",80.0,80.0,4,mn8370qr,,,,,0
11,pqnknbrr,,0,308,307,post_exp,FinalForProlific,2026-05-20 19:25:41.249954,1,,,4810.0,5,,0.0,e33cbc6c-84e2-461b-b46a-773696dbb034,2600.0,20.0,8.0,160.0,2760.0,,2600.0,20.0,,,,,0.0,0,,,2,98308155-5ef4-4781-92b2-15de5ba68a70,https://london-trader-6b45bffdcd02.herokuapp.com,wss://london-trader-6b45bffdcd02.herokuapp.com,,1,6,gp,info_only,human_only,0.0,0,15,"[8.0, 4.0, 20.0, 8.0, 8.0, 20.0, 20.0, 4.0, 20.0, 4.0, 20.0, 0.0, 8.0, 8.0, 8.0, 8.0, 8.0, 4.0, 4.0, 20.0, 0.0, 0.0, 8.0, 4.0, 4.0, 4.0, 20.0, 8.0, 8.0, 0.0, 8.0, 4.0, 4.0]",80.0,80.0,4,mn8370qr,,,,,0
12,whc9aveo,,0,308,307,post_exp,FinalForProlific,2026-05-20 19:25:41.255262,1,,,6139.0,6,,0.0,f2e7f80c-211c-4c81-bc5c-0ba136ad3833,4070.0,9.0,8.0,72.0,4142.0,,3800.0,10.0,,,,,0.0,0,,,2,98308155-5ef4-4781-92b2-15de5ba68a70,https://london-trader-6b45bffdcd02.herokuapp.com,wss://london-trader-6b45bffdcd02.herokuapp.com,,1,6,gp,info_only,human_only,0.0,0,15,"[8.0, 4.0, 20.0, 8.0, 8.0, 20.0, 20.0, 4.0, 20.0, 4.0, 20.0, 0.0, 8.0, 8.0, 8.0, 8.0, 8.0, 4.0, 4.0, 20.0, 0.0, 0.0, 8.0, 4.0, 4.0, 4.0, 20.0, 8.0, 8.0, 0.0, 8.0, 4.0, 4.0]",80.0,80.0,4,mn8370qr,,,,,0
13,51q1wtqi,,0,308,307,post_exp,FinalForProlific,2026-05-20 19:25:41.260557,1,,,6081.0,1,,0.0,4aca7b41-4748-4b31-bf59-7eef6f6ceb29,2480.0,21.0,8.0,168.0,2648.0,,2600.0,20.0,,,,,0.0,0,,,3,4851d4e0-c583-455d-80f5-4dad0f16a7b8,https://london-trader-6b45bffdcd02.herokuapp.com,wss://london-trader-6b45bffdcd02.herokuapp.com,,1,4,ghp,gamified,human_only,0.0,0,15,"[8.0, 4.0, 20.0, 8.0, 8.0, 20.0, 20.0, 4.0, 20.0, 4.0, 20.0, 0.0, 8.0, 8.0, 8.0, 8.0, 8.0, 4.0, 4.0, 20.0, 0.0, 0.0, 8.0, 4.0, 4.0, 4.0, 20.0, 8.0, 8.0, 0.0, 8.0, 4.0, 4.0]",105.0,105.0,4,mn8370qr,,,,,0
14,q9v4q54j,,0,308,307,post_exp,FinalForProlific,2026-05-20 19:25:41.266013,1,,,4846.0,2,,0.0,2aca63e0-cbd2-482b-b42a-0dc66ecc3720,3905.0,9.0,8.0,72.0,3977.0,,3800.0,10.0,,,,,0.0,0,,,3,4851d4e0-c583-455d-80f5-4dad0f16a7b8,https://london-trader-6b45bffdcd02.herokuapp.com,wss://london-trader-6b45bffdcd02.herokuapp.com,,1,4,ghp,gamified,human_only,0.0,0,15,"[8.0, 4.0, 20.0, 8.0, 8.0, 20.0, 20.0, 4.0, 20.0, 4.0, 20.0, 0.0, 8.0, 8.0, 8.0, 8.0, 8.0, 4.0, 4.0, 20.0, 0.0, 0.0, 8.0, 4.0, 4.0, 4.0, 20.0, 8.0, 8.0, 0.0, 8.0, 4.0, 4.0]",105.0,105.0,4,mn8370qr,,,,,0
15,5g1om6y0,,0,308,307,post_exp,FinalForProlific,2026-05-20 19:25:41.271633,1,,,6308.0,3,,0.0,5928606e-bea5-4739-9b23-b2d9b8f761d7,2615.0,20.0,8.0,160.0,2775.0,,2600.0,20.0,,,,,0.0,0,,,3,4851d4e0-c583-455d-80f5-4dad0f16a7b8,https://london-trader-6b45bffdcd02.herokuapp.com,wss://london-trader-6b45bffdcd02.herokuapp.com,,1,4,ghp,gamified,human_only,0.0,0,15,"[8.0, 4.0, 20.0, 8.0, 8.0, 20.0, 20.0, 4.0, 20.0, 4.0, 20.0, 0.0, 8.0, 8.0, 8.0, 8.0, 8.0, 4.0, 4.0, 20.0, 0.0, 0.0, 8.0, 4.0, 4.0, 4.0, 20.0, 8.0, 8.0, 0.0, 8.0, 4.0, 4.0]",105.0,105.0,4,mn8370qr,,,,,0
16,ry1l466x,,0,308,307,post_exp,FinalForProlific,2026-05-20 19:25:41.277077,1,,,5341.0,4,,0.0,cd396e23-29b0-4959-892c-0254e89f3546,3800.0,10.0,8.0,80.0,3880.0,,3800.0,10.0,,,,,0.0,0,,,3,4851d4e0-c583-455d-80f5-4dad0f16a7b8,https://london-trader-6b45bffdcd02.herokuapp.com,wss://london-trader-6b45bffdcd02.herokuapp.com,,1,4,ghp,gamified,human_only,0.0,0,15,"[8.0, 4.0, 20.0, 8.0, 8.0, 20.0, 20.0, 4.0, 20.0, 4.0, 20.0, 0.0, 8.0, 8.0, 8.0, 8.0, 8.0, 4.0, 4.0, 20.0, 0.0, 0.0, 8.0, 4.0, 4.0, 4.0, 20.0, 8.0, 8.0, 0.0, 8.0, 4.0, 4.0]",105.0,105.0,4,mn8370qr,,,,,0
1,e4rzuiqc,,0,308,307,post_exp,FinalForProlific,2026-05-20 19:25:41.187444,1,,,5538.0,1,,0.0,6ab180f8-7112-4499-b7f9-b9540b122777,2886.0,19.0,8.0,152.0,3038.0,,2600.0,20.0,,,,,0.0,0,,,1,a05edde7-d925-45e5-bd12-37b4af942736,https://london-trader-6b45bffdcd02.herokuapp.com,wss://london-trader-6b45bffdcd02.herokuapp.com,,1,6,gh,hedonic_only,human_only,0.0,0,15,"[8.0, 4.0, 20.0, 8.0, 8.0, 20.0, 20.0, 4.0, 20.0, 4.0, 20.0, 0.0, 8.0, 8.0, 8.0, 8.0, 8.0, 4.0, 4.0, 20.0, 0.0, 0.0, 8.0, 4.0, 4.0, 4.0, 20.0, 8.0, 8.0, 0.0, 8.0, 4.0, 4.0]",100.0,100.0,5,mn8370qr,,,,,0
2,j6o1gu35,,0,308,307,post_exp,FinalForProlific,2026-05-20 19:25:41.199388,1,,,1136.0,2,,0.0,73efef72-11c9-496a-80d8-178d281ae4d1,3523.0,12.0,8.0,96.0,3619.0,,3800.0,10.0,,,,,0.0,0,,,1,a05edde7-d925-45e5-bd12-37b4af942736,https://london-trader-6b45bffdcd02.herokuapp.com,wss://london-trader-6b45bffdcd02.herokuapp.com,,1,6,gh,hedonic_only,human_only,0.0,0,15,"[8.0, 4.0, 20.0, 8.0, 8.0, 20.0, 20.0, 4.0, 20.0, 4.0, 20.0, 0.0, 8.0, 8.0, 8.0, 8.0, 8.0, 4.0, 4.0, 20.0, 0.0, 0.0, 8.0, 4.0, 4.0, 4.0, 20.0, 8.0, 8.0, 0.0, 8.0, 4.0, 4.0]",100.0,100.0,5,mn8370qr,,,,,0
3,z9n52ebr,,0,308,307,post_exp,FinalForProlific,2026-05-20 19:25:41.205068,1,,,5326.0,3,,0.0,c8eb7dce-7793-4314-ad7f-d135dbb2ba47,2982.0,18.0,8.0,144.0,3126.0,,2600.0,20.0,,,,,0.0,0,,,1,a05edde7-d925-45e5-bd12-37b4af942736,https://london-trader-6b45bffdcd02.herokuapp.com,wss://london-trader-6b45bffdcd02.herokuapp.com,,1,6,gh,hedonic_only,human_only,0.0,0,15,"[8.0, 4.0, 20.0, 8.0, 8.0, 20.0, 20.0, 4.0, 20.0, 4.0, 20.0, 0.0, 8.0, 8.0, 8.0, 8.0, 8.0, 4.0, 4.0, 20.0, 0.0, 0.0, 8.0, 4.0, 4.0, 4.0, 20.0, 8.0, 8.0, 0.0, 8.0, 4.0, 4.0]",100.0,100.0,5,mn8370qr,,,,,0
4,lh92b709,,0,308,307,post_exp,FinalForProlific,2026-05-20 19:25:41.210764,1,,,5744.0,4,,0.0,0c8329d9-01d0-4ade-9746-adcd76979d55,3634.0,15.0,8.0,120.0,3754.0,,3800.0,10.0,,,,,0.0,0,,,1,a05edde7-d925-45e5-bd12-37b4af942736,https://london-trader-6b45bffdcd02.herokuapp.com,wss://london-trader-6b45bffdcd02.herokuapp.com,,1,6,gh,hedonic_only,human_only,0.0,0,15,"[8.0, 4.0, 20.0, 8.0, 8.0, 20.0, 20.0, 4.0, 20.0, 4.0, 20.0, 0.0, 8.0, 8.0, 8.0, 8.0, 8.0, 4.0, 4.0, 20.0, 0.0, 0.0, 8.0, 4.0, 4.0, 4.0, 20.0, 8.0, 8.0, 0.0, 8.0, 4.0, 4.0]",100.0,100.0,5,mn8370qr,,,,,0
5,729v3r7i,,0,308,307,post_exp,FinalForProlific,2026-05-20 19:25:41.216438,1,,,5824.0,5,,0.0,f5a1d5e6-a183-421a-a699-8e50db4fb1c8,2885.0,19.0,8.0,152.0,3037.0,,2600.0,20.0,,,,,0.0,0,,,1,a05edde7-d925-45e5-bd12-37b4af942736,https://london-trader-6b45bffdcd02.herokuapp.com,wss://london-trader-6b45bffdcd02.herokuapp.com,,1,6,gh,hedonic_only,human_only,0.0,0,15,"[8.0, 4.0, 20.0, 8.0, 8.0, 20.0, 20.0, 4.0, 20.0, 4.0, 20.0, 0.0, 8.0, 8.0, 8.0, 8.0, 8.0, 4.0, 4.0, 20.0, 0.0, 0.0, 8.0, 4.0, 4.0, 4.0, 20.0, 8.0, 8.0, 0.0, 8.0, 4.0, 4.0]",100.0,100.0,5,mn8370qr,,,,,0
6,aac2mc3k,,0,308,307,post_exp,FinalForProlific,2026-05-20 19:25:41.222017,1,,,5288.0,6,,0.0,8eb4c26e-1145-412e-a646-d50005ec9ba2,4010.0,9.0,8.0,72.0,4082.0,,3800.0,10.0,,,,,0.0,0,,,1,a05edde7-d925-45e5-bd12-37b4af942736,https://london-trader-6b45bffdcd02.herokuapp.com,wss://london-trader-6b45bffdcd02.herokuapp.com,,1,6,gh,hedonic_only,human_only,0.0,0,15,"[8.0, 4.0, 20.0, 8.0, 8.0, 20.0, 20.0, 4.0, 20.0, 4.0, 20.0, 0.0, 8.0, 8.0, 8.0, 8.0, 8.0, 4.0, 4.0, 20.0, 0.0, 0.0, 8.0, 4.0, 4.0, 4.0, 20.0, 8.0, 8.0, 0.0, 8.0, 4.0, 4.0]",100.0,100.0,5,mn8370qr,,,,,0
7,bs9r1rdm,,0,308,307,post_exp,FinalForProlific,2026-05-20 19:25:41.227334,1,,,4422.0,1,,0.0,8bcaf73d-b674-4326-bd4f-acb83b510b57,2704.13,20.0,8.0,160.0,2864.13,,2600.0,20.0,,,,,0.0,0,,,2,98308155-5ef4-4781-92b2-15de5ba68a70,https://london-trader-6b45bffdcd02.herokuapp.com,wss://london-trader-6b45bffdcd02.herokuapp.com,,1,6,gp,info_only,human_only,0.0,0,15,"[8.0, 4.0, 20.0, 8.0, 8.0, 20.0, 20.0, 4.0, 20.0, 4.0, 20.0, 0.0, 8.0, 8.0, 8.0, 8.0, 8.0, 4.0, 4.0, 20.0, 0.0, 0.0, 8.0, 4.0, 4.0, 4.0, 20.0, 8.0, 8.0, 0.0, 8.0, 4.0, 4.0]",70.0,70.0,5,mn8370qr,,,,,0
8,9uh6p1vm,,0,308,307,post_exp,FinalForProlific,2026-05-20 19:25:41.233246,1,,,5926.0,2,,0.0,bc3147b7-5256-41ba-98cd-f8ffcee3c4a6,4011.5,11.0,8.0,88.0,4099.5,,3800.0,10.0,,,,,0.0,0,,,2,98308155-5ef4-4781-92b2-15de5ba68a70,https://london-trader-6b45bffdcd02.herokuapp.com,wss://london-trader-6b45bffdcd02.herokuapp.com,,1,6,gp,info_only,human_only,0.0,0,15,"[8.0, 4.0, 20.0, 8.0, 8.0, 20.0, 20.0, 4.0, 20.0, 4.0, 20.0, 0.0, 8.0, 8.0, 8.0, 8.0, 8.0, 4.0, 4.0, 20.0, 0.0, 0.0, 8.0, 4.0, 4.0, 4.0, 20.0, 8.0, 8.0, 0.0, 8.0, 4.0, 4.0]",70.0,70.0,5,mn8370qr,,,,,0
9,kb2z64e8,,0,308,307,post_exp,FinalForProlific,2026-05-20 19:25:41.238889,1,,,6101.0,3,,0.0,22db997d-e3e3-4d59-aae0-6cf6af50ce83,2544.87,24.0,8.0,192.0,2736.87,,2600.0,20.0,,,,,0.0,0,,,2,98308155-5ef4-4781-92b2-15de5ba68a70,https://london-trader-6b45bffdcd02.herokuapp.com,wss://london-trader-6b45bffdcd02.herokuapp.com,,1,6,gp,info_only,human_only,0.0,0,15,"[8.0, 4.0, 20.0, 8.0, 8.0, 20.0, 20.0, 4.0, 20.0, 4.0, 20.0, 0.0, 8.0, 8.0, 8.0, 8.0, 8.0, 4.0, 4.0, 20.0, 0.0, 0.0, 8.0, 4.0, 4.0, 4.0, 20.0, 8.0, 8.0, 0.0, 8.0, 4.0, 4.0]",70.0,70.0,5,mn8370qr,,,,,0
10,ai0il249,,0,308,307,post_exp,FinalForProlific,2026-05-20 19:25:41.244342,1,,,5172.0,4,,0.0,f31a815e-6425-437b-901f-67ac478997d1,3734.0,13.0,8.0,104.0,3838.0,,3800.0,10.0,,,,,0.0,0,,,2,98308155-5ef4-4781-92b2-15de5ba68a70,https://london-trader-6b45bffdcd02.herokuapp.com,wss://london-trader-6b45bffdcd02.herokuapp.com,,1,6,gp,info_only,human_only,0.0,0,15,"[8.0, 4.0, 20.0, 8.0, 8.0, 20.0, 20.0, 4.0, 20.0, 4.0, 20.0, 0.0, 8.0, 8.0, 8.0, 8.0, 8.0, 4.0, 4.0, 20.0, 0.0, 0.0, 8.0, 4.0, 4.0, 4.0, 20.0, 8.0, 8.0, 0.0, 8.0, 4.0, 4.0]",70.0,70.0,5,mn8370qr,,,,,0
11,pqnknbrr,,0,308,307,post_exp,FinalForProlific,2026-05-20 19:25:41.249954,1,,,4810.0,5,,0.0,e33cbc6c-84e2-461b-b46a-773696dbb034,2633.5,22.0,8.0,176.0,2809.5,,2600.0,20.0,,,,,0.0,0,,,2,98308155-5ef4-4781-92b2-15de5ba68a70,https://london-trader-6b45bffdcd02.herokuapp.com,wss://london-trader-6b45bffdcd02.herokuapp.com,,1,6,gp,info_only,human_only,0.0,0,15,"[8.0, 4.0, 20.0, 8.0, 8.0, 20.0, 20.0, 4.0, 20.0, 4.0, 20.0, 0.0, 8.0, 8.0, 8.0, 8.0, 8.0, 4.0, 4.0, 20.0, 0.0, 0.0, 8.0, 4.0, 4.0, 4.0, 20.0, 8.0, 8.0, 0.0, 8.0, 4.0, 4.0]",70.0,70.0,5,mn8370qr,,,,,0
12,whc9aveo,,0,308,307,post_exp,FinalForProlific,2026-05-20 19:25:41.255262,1,,,6139.0,6,,0.0,f2e7f80c-211c-4c81-bc5c-0ba136ad3833,4332.0,8.0,8.0,64.0,4396.0,,3800.0,10.0,,,,,0.0,0,,,2,98308155-5ef4-4781-92b2-15de5ba68a70,https://london-trader-6b45bffdcd02.herokuapp.com,wss://london-trader-6b45bffdcd02.herokuapp.com,,1,6,gp,info_only,human_only,0.0,0,15,"[8.0, 4.0, 20.0, 8.0, 8.0, 20.0, 20.0, 4.0, 20.0, 4.0, 20.0, 0.0, 8.0, 8.0, 8.0, 8.0, 8.0, 4.0, 4.0, 20.0, 0.0, 0.0, 8.0, 4.0, 4.0, 4.0, 20.0, 8.0, 8.0, 0.0, 8.0, 4.0, 4.0]",70.0,70.0,5,mn8370qr,,,,,0
13,51q1wtqi,,0,308,307,post_exp,FinalForProlific,2026-05-20 19:25:41.260557,1,,,6081.0,1,,0.0,4aca7b41-4748-4b31-bf59-7eef6f6ceb29,2648.0,21.0,8.0,168.0,2816.0,,2600.0,20.0,,,,,0.0,0,,,3,4851d4e0-c583-455d-80f5-4dad0f16a7b8,https://london-trader-6b45bffdcd02.herokuapp.com,wss://london-trader-6b45bffdcd02.herokuapp.com,,1,4,ghp,gamified,human_only,0.0,0,15,"[8.0, 4.0, 20.0, 8.0, 8.0, 20.0, 20.0, 4.0, 20.0, 4.0, 20.0, 0.0, 8.0, 8.0, 8.0, 8.0, 8.0, 4.0, 4.0, 20.0, 0.0, 0.0, 8.0, 4.0, 4.0, 4.0, 20.0, 8.0, 8.0, 0.0, 8.0, 4.0, 4.0]",105.0,105.0,5,mn8370qr,,,,,0
14,q9v4q54j,,0,308,307,post_exp,FinalForProlific,2026-05-20 19:25:41.266013,1,,,4846.0,2,,0.0,2aca63e0-cbd2-482b-b42a-0dc66ecc3720,4082.0,8.0,8.0,64.0,4146.0,,3800.0,10.0,,,,,0.0,0,,,3,4851d4e0-c583-455d-80f5-4dad0f16a7b8,https://london-trader-6b45bffdcd02.herokuapp.com,wss://london-trader-6b45bffdcd02.herokuapp.com,,1,4,ghp,gamified,human_only,0.0,0,15,"[8.0, 4.0, 20.0, 8.0, 8.0, 20.0, 20.0, 4.0, 20.0, 4.0, 20.0, 0.0, 8.0, 8.0, 8.0, 8.0, 8.0, 4.0, 4.0, 20.0, 0.0, 0.0, 8.0, 4.0, 4.0, 4.0, 20.0, 8.0, 8.0, 0.0, 8.0, 4.0, 4.0]",105.0,105.0,5,mn8370qr,,,,,0
15,5g1om6y0,,0,308,307,post_exp,FinalForProlific,2026-05-20 19:25:41.271633,1,,,6308.0,3,,0.0,5928606e-bea5-4739-9b23-b2d9b8f761d7,2670.0,23.0,8.0,184.0,2854.0,,2600.0,20.0,,,,,0.0,0,,,3,4851d4e0-c583-455d-80f5-4dad0f16a7b8,https://london-trader-6b45bffdcd02.herokuapp.com,wss://london-trader-6b45bffdcd02.herokuapp.com,,1,4,ghp,gamified,human_only,0.0,0,15,"[8.0, 4.0, 20.0, 8.0, 8.0, 20.0, 20.0, 4.0, 20.0, 4.0, 20.0, 0.0, 8.0, 8.0, 8.0, 8.0, 8.0, 4.0, 4.0, 20.0, 0.0, 0.0, 8.0, 4.0, 4.0, 4.0, 20.0, 8.0, 8.0, 0.0, 8.0, 4.0, 4.0]",105.0,105.0,5,mn8370qr,,,,,0
16,ry1l466x,,0,308,307,post_exp,FinalForProlific,2026-05-20 19:25:41.277077,1,,,5341.0,4,,0.0,cd396e23-29b0-4959-892c-0254e89f3546,3880.0,10.0,8.0,80.0,3960.0,,3800.0,10.0,,,,,0.0,0,,,3,4851d4e0-c583-455d-80f5-4dad0f16a7b8,https://london-trader-6b45bffdcd02.herokuapp.com,wss://london-trader-6b45bffdcd02.herokuapp.com,,1,4,ghp,gamified,human_only,0.0,0,15,"[8.0, 4.0, 20.0, 8.0, 8.0, 20.0, 20.0, 4.0, 20.0, 4.0, 20.0, 0.0, 8.0, 8.0, 8.0, 8.0, 8.0, 4.0, 4.0, 20.0, 0.0, 0.0, 8.0, 4.0, 4.0, 4.0, 20.0, 8.0, 8.0, 0.0, 8.0, 4.0, 4.0]",105.0,105.0,5,mn8370qr,,,,,0
1,e4rzuiqc,,0,308,307,post_exp,FinalForProlific,2026-05-20 19:25:41.187444,1,,,5538.0,1,,0.0,6ab180f8-7112-4499-b7f9-b9540b122777,3148.0,18.0,20.0,360.0,3508.0,,2600.0,20.0,0.0,0,,110.0,0.0,1,,,1,a05edde7-d925-45e5-bd12-37b4af942736,https://london-trader-6b45bffdcd02.herokuapp.com,wss://london-trader-6b45bffdcd02.herokuapp.com,,1,6,gh,hedonic_only,human_only,0.0,0,15,"[8.0, 4.0, 20.0, 8.0, 8.0, 20.0, 20.0, 4.0, 20.0, 4.0, 20.0, 0.0, 8.0, 8.0, 8.0, 8.0, 8.0, 4.0, 4.0, 20.0, 0.0, 0.0, 8.0, 4.0, 4.0, 4.0, 20.0, 8.0, 8.0, 0.0, 8.0, 4.0, 4.0]",130.0,130.0,6,mn8370qr,,,,,0
2,j6o1gu35,,0,308,307,post_exp,FinalForProlific,2026-05-20 19:25:41.199388,1,,,1136.0,2,,0.0,73efef72-11c9-496a-80d8-178d281ae4d1,3441.0,13.0,20.0,260.0,3701.0,,3800.0,10.0,0.0,0,,110.0,0.0,1,,,1,a05edde7-d925-45e5-bd12-37b4af942736,https://london-trader-6b45bffdcd02.herokuapp.com,wss://london-trader-6b45bffdcd02.herokuapp.com,,1,6,gh,hedonic_only,human_only,0.0,0,15,"[8.0, 4.0, 20.0, 8.0, 8.0, 20.0, 20.0, 4.0, 20.0, 4.0, 20.0, 0.0, 8.0, 8.0, 8.0, 8.0, 8.0, 4.0, 4.0, 20.0, 0.0, 0.0, 8.0, 4.0, 4.0, 4.0, 20.0, 8.0, 8.0, 0.0, 8.0, 4.0, 4.0]",130.0,130.0,6,mn8370qr,,,,,0
3,z9n52ebr,,0,308,307,post_exp,FinalForProlific,2026-05-20 19:25:41.205068,1,,,5326.0,3,,0.0,c8eb7dce-7793-4314-ad7f-d135dbb2ba47,3031.0,19.0,20.0,380.0,3411.0,,2600.0,20.0,0.0,0,,110.0,0.0,1,,,1,a05edde7-d925-45e5-bd12-37b4af942736,https://london-trader-6b45bffdcd02.herokuapp.com,wss://london-trader-6b45bffdcd02.herokuapp.com,,1,6,gh,hedonic_only,human_only,0.0,0,15,"[8.0, 4.0, 20.0, 8.0, 8.0, 20.0, 20.0, 4.0, 20.0, 4.0, 20.0, 0.0, 8.0, 8.0, 8.0, 8.0, 8.0, 4.0, 4.0, 20.0, 0.0, 0.0, 8.0, 4.0, 4.0, 4.0, 20.0, 8.0, 8.0, 0.0, 8.0, 4.0, 4.0]",130.0,130.0,6,mn8370qr,,,,,0
4,lh92b709,,0,308,307,post_exp,FinalForProlific,2026-05-20 19:25:41.210764,1,,,5744.0,4,,0.0,0c8329d9-01d0-4ade-9746-adcd76979d55,3917.0,13.0,20.0,260.0,4177.0,,3800.0,10.0,0.0,0,,110.0,0.0,1,,,1,a05edde7-d925-45e5-bd12-37b4af942736,https://london-trader-6b45bffdcd02.herokuapp.com,wss://london-trader-6b45bffdcd02.herokuapp.com,,1,6,gh,hedonic_only,human_only,0.0,0,15,"[8.0, 4.0, 20.0, 8.0, 8.0, 20.0, 20.0, 4.0, 20.0, 4.0, 20.0, 0.0, 8.0, 8.0, 8.0, 8.0, 8.0, 4.0, 4.0, 20.0, 0.0, 0.0, 8.0, 4.0, 4.0, 4.0, 20.0, 8.0, 8.0, 0.0, 8.0, 4.0, 4.0]",130.0,130.0,6,mn8370qr,,,,,0
5,729v3r7i,,0,308,307,post_exp,FinalForProlific,2026-05-20 19:25:41.216438,1,,,5824.0,5,,0.0,f5a1d5e6-a183-421a-a699-8e50db4fb1c8,2902.0,20.0,20.0,400.0,3302.0,,2600.0,20.0,130.0,3,"{""forecast_price_next_day"":130,""forecast_confidence_next_day"":3}",110.0,0.0,1,,,1,a05edde7-d925-45e5-bd12-37b4af942736,https://london-trader-6b45bffdcd02.herokuapp.com,wss://london-trader-6b45bffdcd02.herokuapp.com,,1,6,gh,hedonic_only,human_only,0.0,0,15,"[8.0, 4.0, 20.0, 8.0, 8.0, 20.0, 20.0, 4.0, 20.0, 4.0, 20.0, 0.0, 8.0, 8.0, 8.0, 8.0, 8.0, 4.0, 4.0, 20.0, 0.0, 0.0, 8.0, 4.0, 4.0, 4.0, 20.0, 8.0, 8.0, 0.0, 8.0, 4.0, 4.0]",130.0,130.0,6,mn8370qr,,,,,0
6,aac2mc3k,,0,308,307,post_exp,FinalForProlific,2026-05-20 19:25:41.222017,1,,,5288.0,6,,0.0,8eb4c26e-1145-412e-a646-d50005ec9ba2,4217.0,8.0,20.0,160.0,4377.0,,3800.0,10.0,0.0,0,,110.0,0.0,1,,,1,a05edde7-d925-45e5-bd12-37b4af942736,https://london-trader-6b45bffdcd02.herokuapp.com,wss://london-trader-6b45bffdcd02.herokuapp.com,,1,6,gh,hedonic_only,human_only,0.0,0,15,"[8.0, 4.0, 20.0, 8.0, 8.0, 20.0, 20.0, 4.0, 20.0, 4.0, 20.0, 0.0, 8.0, 8.0, 8.0, 8.0, 8.0, 4.0, 4.0, 20.0, 0.0, 0.0, 8.0, 4.0, 4.0, 4.0, 20.0, 8.0, 8.0, 0.0, 8.0, 4.0, 4.0]",130.0,130.0,6,mn8370qr,,,,,0
7,bs9r1rdm,,0,308,307,post_exp,FinalForProlific,2026-05-20 19:25:41.227334,1,,,4422.0,1,,0.0,8bcaf73d-b674-4326-bd4f-acb83b510b57,3203.63,13.0,20.0,260.0,3463.63,,2600.0,20.0,0.0,0,,88.0,0.0,1,,,2,98308155-5ef4-4781-92b2-15de5ba68a70,https://london-trader-6b45bffdcd02.herokuapp.com,wss://london-trader-6b45bffdcd02.herokuapp.com,,1,6,gp,info_only,human_only,0.0,0,15,"[8.0, 4.0, 20.0, 8.0, 8.0, 20.0, 20.0, 4.0, 20.0, 4.0, 20.0, 0.0, 8.0, 8.0, 8.0, 8.0, 8.0, 4.0, 4.0, 20.0, 0.0, 0.0, 8.0, 4.0, 4.0, 4.0, 20.0, 8.0, 8.0, 0.0, 8.0, 4.0, 4.0]",85.0,85.0,6,mn8370qr,,,,,0
8,9uh6p1vm,,0,308,307,post_exp,FinalForProlific,2026-05-20 19:25:41.233246,1,,,5926.0,2,,0.0,bc3147b7-5256-41ba-98cd-f8ffcee3c4a6,3973.25,12.0,20.0,240.0,4213.25,,3800.0,10.0,0.0,0,,88.0,0.0,1,,,2,98308155-5ef4-4781-92b2-15de5ba68a70,https://london-trader-6b45bffdcd02.herokuapp.com,wss://london-trader-6b45bffdcd02.herokuapp.com,,1,6,gp,info_only,human_only,0.0,0,15,"[8.0, 4.0, 20.0, 8.0, 8.0, 20.0, 20.0, 4.0, 20.0, 4.0, 20.0, 0.0, 8.0, 8.0, 8.0, 8.0, 8.0, 4.0, 4.0, 20.0, 0.0, 0.0, 8.0, 4.0, 4.0, 4.0, 20.0, 8.0, 8.0, 0.0, 8.0, 4.0, 4.0]",85.0,85.0,6,mn8370qr,,,,,0
9,kb2z64e8,,0,308,307,post_exp,FinalForProlific,2026-05-20 19:25:41.238889,1,,,6101.0,3,,0.0,22db997d-e3e3-4d59-aae0-6cf6af50ce83,2738.37,23.0,20.0,460.0,3198.37,,2600.0,20.0,0.0,0,,88.0,0.0,1,,,2,98308155-5ef4-4781-92b2-15de5ba68a70,https://london-trader-6b45bffdcd02.herokuapp.com,wss://london-trader-6b45bffdcd02.herokuapp.com,,1,6,gp,info_only,human_only,0.0,0,15,"[8.0, 4.0, 20.0, 8.0, 8.0, 20.0, 20.0, 4.0, 20.0, 4.0, 20.0, 0.0, 8.0, 8.0, 8.0, 8.0, 8.0, 4.0, 4.0, 20.0, 0.0, 0.0, 8.0, 4.0, 4.0, 4.0, 20.0, 8.0, 8.0, 0.0, 8.0, 4.0, 4.0]",85.0,85.0,6,mn8370qr,,,,,0
10,ai0il249,,0,308,307,post_exp,FinalForProlific,2026-05-20 19:25:41.244342,1,,,5172.0,4,,0.0,f31a815e-6425-437b-901f-67ac478997d1,3768.0,13.0,20.0,260.0,4028.0,,3800.0,10.0,85.0,3,"{""forecast_price_next_day"":85,""forecast_confidence_next_day"":3}",88.0,20.0,1,,,2,98308155-5ef4-4781-92b2-15de5ba68a70,https://london-trader-6b45bffdcd02.herokuapp.com,wss://london-trader-6b45bffdcd02.herokuapp.com,,1,6,gp,info_only,human_only,0.0,0,15,"[8.0, 4.0, 20.0, 8.0, 8.0, 20.0, 20.0, 4.0, 20.0, 4.0, 20.0, 0.0, 8.0, 8.0, 8.0, 8.0, 8.0, 4.0, 4.0, 20.0, 0.0, 0.0, 8.0, 4.0, 4.0, 4.0, 20.0, 8.0, 8.0, 0.0, 8.0, 4.0, 4.0]",85.0,85.0,6,mn8370qr,,,,,0
11,pqnknbrr,,0,308,307,post_exp,FinalForProlific,2026-05-20 19:25:41.249954,1,,,4810.0,5,,0.0,e33cbc6c-84e2-461b-b46a-773696dbb034,2679.75,23.0,20.0,460.0,3139.75,,2600.0,20.0,80.0,1,"{""forecast_confidence_next_day"":1,""forecast_price_next_day"":80}",88.0,0.0,1,,,2,98308155-5ef4-4781-92b2-15de5ba68a70,https://london-trader-6b45bffdcd02.herokuapp.com,wss://london-trader-6b45bffdcd02.herokuapp.com,,1,6,gp,info_only,human_only,0.0,0,15,"[8.0, 4.0, 20.0, 8.0, 8.0, 20.0, 20.0, 4.0, 20.0, 4.0, 20.0, 0.0, 8.0, 8.0, 8.0, 8.0, 8.0, 4.0, 4.0, 20.0, 0.0, 0.0, 8.0, 4.0, 4.0, 4.0, 20.0, 8.0, 8.0, 0.0, 8.0, 4.0, 4.0]",85.0,85.0,6,mn8370qr,,,,,0
12,whc9aveo,,0,308,307,post_exp,FinalForProlific,2026-05-20 19:25:41.255262,1,,,6139.0,6,,0.0,f2e7f80c-211c-4c81-bc5c-0ba136ad3833,4381.0,9.0,20.0,180.0,4561.0,,3800.0,10.0,90.0,4,"{""forecast_price_next_day"":90,""forecast_confidence_next_day"":4}",88.0,20.0,1,,,2,98308155-5ef4-4781-92b2-15de5ba68a70,https://london-trader-6b45bffdcd02.herokuapp.com,wss://london-trader-6b45bffdcd02.herokuapp.com,,1,6,gp,info_only,human_only,0.0,0,15,"[8.0, 4.0, 20.0, 8.0, 8.0, 20.0, 20.0, 4.0, 20.0, 4.0, 20.0, 0.0, 8.0, 8.0, 8.0, 8.0, 8.0, 4.0, 4.0, 20.0, 0.0, 0.0, 8.0, 4.0, 4.0, 4.0, 20.0, 8.0, 8.0, 0.0, 8.0, 4.0, 4.0]",85.0,85.0,6,mn8370qr,,,,,0
13,51q1wtqi,,0,308,307,post_exp,FinalForProlific,2026-05-20 19:25:41.260557,1,,,6081.0,1,,0.0,4aca7b41-4748-4b31-bf59-7eef6f6ceb29,2816.0,21.0,20.0,420.0,3236.0,,2600.0,20.0,0.0,0,,107.5,0.0,1,,,3,4851d4e0-c583-455d-80f5-4dad0f16a7b8,https://london-trader-6b45bffdcd02.herokuapp.com,wss://london-trader-6b45bffdcd02.herokuapp.com,,1,4,ghp,gamified,human_only,0.0,0,15,"[8.0, 4.0, 20.0, 8.0, 8.0, 20.0, 20.0, 4.0, 20.0, 4.0, 20.0, 0.0, 8.0, 8.0, 8.0, 8.0, 8.0, 4.0, 4.0, 20.0, 0.0, 0.0, 8.0, 4.0, 4.0, 4.0, 20.0, 8.0, 8.0, 0.0, 8.0, 4.0, 4.0]",106.75,106.75,6,mn8370qr,,,,,0
14,q9v4q54j,,0,308,307,post_exp,FinalForProlific,2026-05-20 19:25:41.266013,1,,,4846.0,2,,0.0,2aca63e0-cbd2-482b-b42a-0dc66ecc3720,3716.5,12.0,20.0,240.0,3956.5,,3800.0,10.0,0.0,0,,107.5,0.0,1,,,3,4851d4e0-c583-455d-80f5-4dad0f16a7b8,https://london-trader-6b45bffdcd02.herokuapp.com,wss://london-trader-6b45bffdcd02.herokuapp.com,,1,4,ghp,gamified,human_only,0.0,0,15,"[8.0, 4.0, 20.0, 8.0, 8.0, 20.0, 20.0, 4.0, 20.0, 4.0, 20.0, 0.0, 8.0, 8.0, 8.0, 8.0, 8.0, 4.0, 4.0, 20.0, 0.0, 0.0, 8.0, 4.0, 4.0, 4.0, 20.0, 8.0, 8.0, 0.0, 8.0, 4.0, 4.0]",106.75,106.75,6,mn8370qr,,,,,0
15,5g1om6y0,,0,308,307,post_exp,FinalForProlific,2026-05-20 19:25:41.271633,1,,,6308.0,3,,0.0,5928606e-bea5-4739-9b23-b2d9b8f761d7,2854.0,23.0,20.0,460.0,3314.0,,2600.0,20.0,100.0,4,"{""forecast_price_next_day"":100,""forecast_confidence_next_day"":4}",107.5,0.0,1,,,3,4851d4e0-c583-455d-80f5-4dad0f16a7b8,https://london-trader-6b45bffdcd02.herokuapp.com,wss://london-trader-6b45bffdcd02.herokuapp.com,,1,4,ghp,gamified,human_only,0.0,0,15,"[8.0, 4.0, 20.0, 8.0, 8.0, 20.0, 20.0, 4.0, 20.0, 4.0, 20.0, 0.0, 8.0, 8.0, 8.0, 8.0, 8.0, 4.0, 4.0, 20.0, 0.0, 0.0, 8.0, 4.0, 4.0, 4.0, 20.0, 8.0, 8.0, 0.0, 8.0, 4.0, 4.0]",106.75,106.75,6,mn8370qr,,,,,0
16,ry1l466x,,0,308,307,post_exp,FinalForProlific,2026-05-20 19:25:41.277077,1,,,5341.0,4,,0.0,cd396e23-29b0-4959-892c-0254e89f3546,4389.5,7.0,20.0,140.0,4529.5,,3800.0,10.0,0.0,0,,107.5,0.0,1,,,3,4851d4e0-c583-455d-80f5-4dad0f16a7b8,https://london-trader-6b45bffdcd02.herokuapp.com,wss://london-trader-6b45bffdcd02.herokuapp.com,,1,4,ghp,gamified,human_only,0.0,0,15,"[8.0, 4.0, 20.0, 8.0, 8.0, 20.0, 20.0, 4.0, 20.0, 4.0, 20.0, 0.0, 8.0, 8.0, 8.0, 8.0, 8.0, 4.0, 4.0, 20.0, 0.0, 0.0, 8.0, 4.0, 4.0, 4.0, 20.0, 8.0, 8.0, 0.0, 8.0, 4.0, 4.0]",106.75,106.75,6,mn8370qr,,,,,0
1,e4rzuiqc,,0,308,307,post_exp,FinalForProlific,2026-05-20 19:25:41.187444,1,,,5538.0,1,,0.0,6ab180f8-7112-4499-b7f9-b9540b122777,3508.0,18.0,20.0,360.0,3868.0,,2600.0,20.0,,,,,0.0,0,,,1,a05edde7-d925-45e5-bd12-37b4af942736,https://london-trader-6b45bffdcd02.herokuapp.com,wss://london-trader-6b45bffdcd02.herokuapp.com,,1,6,gh,hedonic_only,human_only,0.0,0,15,"[8.0, 4.0, 20.0, 8.0, 8.0, 20.0, 20.0, 4.0, 20.0, 4.0, 20.0, 0.0, 8.0, 8.0, 8.0, 8.0, 8.0, 4.0, 4.0, 20.0, 0.0, 0.0, 8.0, 4.0, 4.0, 4.0, 20.0, 8.0, 8.0, 0.0, 8.0, 4.0, 4.0]",110.0,110.0,7,mn8370qr,,,,,0
2,j6o1gu35,,0,308,307,post_exp,FinalForProlific,2026-05-20 19:25:41.199388,1,,,1136.0,2,,0.0,73efef72-11c9-496a-80d8-178d281ae4d1,3612.25,13.0,20.0,260.0,3872.25,,3800.0,10.0,,,,,0.0,0,,,1,a05edde7-d925-45e5-bd12-37b4af942736,https://london-trader-6b45bffdcd02.herokuapp.com,wss://london-trader-6b45bffdcd02.herokuapp.com,,1,6,gh,hedonic_only,human_only,0.0,0,15,"[8.0, 4.0, 20.0, 8.0, 8.0, 20.0, 20.0, 4.0, 20.0, 4.0, 20.0, 0.0, 8.0, 8.0, 8.0, 8.0, 8.0, 4.0, 4.0, 20.0, 0.0, 0.0, 8.0, 4.0, 4.0, 4.0, 20.0, 8.0, 8.0, 0.0, 8.0, 4.0, 4.0]",110.0,110.0,7,mn8370qr,,,,,0
3,z9n52ebr,,0,308,307,post_exp,FinalForProlific,2026-05-20 19:25:41.205068,1,,,5326.0,3,,0.0,c8eb7dce-7793-4314-ad7f-d135dbb2ba47,2886.5,24.0,20.0,480.0,3366.5,,2600.0,20.0,,,,,0.0,0,,,1,a05edde7-d925-45e5-bd12-37b4af942736,https://london-trader-6b45bffdcd02.herokuapp.com,wss://london-trader-6b45bffdcd02.herokuapp.com,,1,6,gh,hedonic_only,human_only,0.0,0,15,"[8.0, 4.0, 20.0, 8.0, 8.0, 20.0, 20.0, 4.0, 20.0, 4.0, 20.0, 0.0, 8.0, 8.0, 8.0, 8.0, 8.0, 4.0, 4.0, 20.0, 0.0, 0.0, 8.0, 4.0, 4.0, 4.0, 20.0, 8.0, 8.0, 0.0, 8.0, 4.0, 4.0]",110.0,110.0,7,mn8370qr,,,,,0
4,lh92b709,,0,308,307,post_exp,FinalForProlific,2026-05-20 19:25:41.210764,1,,,5744.0,4,,0.0,0c8329d9-01d0-4ade-9746-adcd76979d55,4514.0,11.0,20.0,220.0,4734.0,,3800.0,10.0,,,,,0.0,0,,,1,a05edde7-d925-45e5-bd12-37b4af942736,https://london-trader-6b45bffdcd02.herokuapp.com,wss://london-trader-6b45bffdcd02.herokuapp.com,,1,6,gh,hedonic_only,human_only,0.0,0,15,"[8.0, 4.0, 20.0, 8.0, 8.0, 20.0, 20.0, 4.0, 20.0, 4.0, 20.0, 0.0, 8.0, 8.0, 8.0, 8.0, 8.0, 4.0, 4.0, 20.0, 0.0, 0.0, 8.0, 4.0, 4.0, 4.0, 20.0, 8.0, 8.0, 0.0, 8.0, 4.0, 4.0]",110.0,110.0,7,mn8370qr,,,,,0
5,729v3r7i,,0,308,307,post_exp,FinalForProlific,2026-05-20 19:25:41.216438,1,,,5824.0,5,,0.0,f5a1d5e6-a183-421a-a699-8e50db4fb1c8,3578.25,18.0,20.0,360.0,3938.25,,2600.0,20.0,,,,,0.0,0,,,1,a05edde7-d925-45e5-bd12-37b4af942736,https://london-trader-6b45bffdcd02.herokuapp.com,wss://london-trader-6b45bffdcd02.herokuapp.com,,1,6,gh,hedonic_only,human_only,0.0,0,15,"[8.0, 4.0, 20.0, 8.0, 8.0, 20.0, 20.0, 4.0, 20.0, 4.0, 20.0, 0.0, 8.0, 8.0, 8.0, 8.0, 8.0, 4.0, 4.0, 20.0, 0.0, 0.0, 8.0, 4.0, 4.0, 4.0, 20.0, 8.0, 8.0, 0.0, 8.0, 4.0, 4.0]",110.0,110.0,7,mn8370qr,,,,,0
6,aac2mc3k,,0,308,307,post_exp,FinalForProlific,2026-05-20 19:25:41.222017,1,,,5288.0,6,,0.0,8eb4c26e-1145-412e-a646-d50005ec9ba2,4377.0,9.0,20.0,180.0,4557.0,,3800.0,10.0,,,,,0.0,0,,,1,a05edde7-d925-45e5-bd12-37b4af942736,https://london-trader-6b45bffdcd02.herokuapp.com,wss://london-trader-6b45bffdcd02.herokuapp.com,,1,6,gh,hedonic_only,human_only,0.0,0,15,"[8.0, 4.0, 20.0, 8.0, 8.0, 20.0, 20.0, 4.0, 20.0, 4.0, 20.0, 0.0, 8.0, 8.0, 8.0, 8.0, 8.0, 4.0, 4.0, 20.0, 0.0, 0.0, 8.0, 4.0, 4.0, 4.0, 20.0, 8.0, 8.0, 0.0, 8.0, 4.0, 4.0]",110.0,110.0,7,mn8370qr,,,,,0
7,bs9r1rdm,,0,308,307,post_exp,FinalForProlific,2026-05-20 19:25:41.227334,1,,,4422.0,1,,0.0,8bcaf73d-b674-4326-bd4f-acb83b510b57,3467.82,11.0,20.0,220.0,3687.82,,2600.0,20.0,,,,,0.0,0,,,2,98308155-5ef4-4781-92b2-15de5ba68a70,https://london-trader-6b45bffdcd02.herokuapp.com,wss://london-trader-6b45bffdcd02.herokuapp.com,,1,6,gp,info_only,human_only,0.0,0,15,"[8.0, 4.0, 20.0, 8.0, 8.0, 20.0, 20.0, 4.0, 20.0, 4.0, 20.0, 0.0, 8.0, 8.0, 8.0, 8.0, 8.0, 4.0, 4.0, 20.0, 0.0, 0.0, 8.0, 4.0, 4.0, 4.0, 20.0, 8.0, 8.0, 0.0, 8.0, 4.0, 4.0]",88.0,88.0,7,mn8370qr,,,,,0
8,9uh6p1vm,,0,308,307,post_exp,FinalForProlific,2026-05-20 19:25:41.233246,1,,,5926.0,2,,0.0,bc3147b7-5256-41ba-98cd-f8ffcee3c4a6,4065.5,14.0,20.0,280.0,4345.5,,3800.0,10.0,,,,,0.0,0,,,2,98308155-5ef4-4781-92b2-15de5ba68a70,https://london-trader-6b45bffdcd02.herokuapp.com,wss://london-trader-6b45bffdcd02.herokuapp.com,,1,6,gp,info_only,human_only,0.0,0,15,"[8.0, 4.0, 20.0, 8.0, 8.0, 20.0, 20.0, 4.0, 20.0, 4.0, 20.0, 0.0, 8.0, 8.0, 8.0, 8.0, 8.0, 4.0, 4.0, 20.0, 0.0, 0.0, 8.0, 4.0, 4.0, 4.0, 20.0, 8.0, 8.0, 0.0, 8.0, 4.0, 4.0]",88.0,88.0,7,mn8370qr,,,,,0
9,kb2z64e8,,0,308,307,post_exp,FinalForProlific,2026-05-20 19:25:41.238889,1,,,6101.0,3,,0.0,22db997d-e3e3-4d59-aae0-6cf6af50ce83,3370.37,21.0,20.0,420.0,3790.37,,2600.0,20.0,,,,,0.0,0,,,2,98308155-5ef4-4781-92b2-15de5ba68a70,https://london-trader-6b45bffdcd02.herokuapp.com,wss://london-trader-6b45bffdcd02.herokuapp.com,,1,6,gp,info_only,human_only,0.0,0,15,"[8.0, 4.0, 20.0, 8.0, 8.0, 20.0, 20.0, 4.0, 20.0, 4.0, 20.0, 0.0, 8.0, 8.0, 8.0, 8.0, 8.0, 4.0, 4.0, 20.0, 0.0, 0.0, 8.0, 4.0, 4.0, 4.0, 20.0, 8.0, 8.0, 0.0, 8.0, 4.0, 4.0]",88.0,88.0,7,mn8370qr,,,,,0
10,ai0il249,,0,308,307,post_exp,FinalForProlific,2026-05-20 19:25:41.244342,1,,,5172.0,4,,0.0,f31a815e-6425-437b-901f-67ac478997d1,3993.0,14.0,20.0,280.0,4273.0,,3800.0,10.0,,,,,0.0,0,,,2,98308155-5ef4-4781-92b2-15de5ba68a70,https://london-trader-6b45bffdcd02.herokuapp.com,wss://london-trader-6b45bffdcd02.herokuapp.com,,1,6,gp,info_only,human_only,0.0,0,15,"[8.0, 4.0, 20.0, 8.0, 8.0, 20.0, 20.0, 4.0, 20.0, 4.0, 20.0, 0.0, 8.0, 8.0, 8.0, 8.0, 8.0, 4.0, 4.0, 20.0, 0.0, 0.0, 8.0, 4.0, 4.0, 4.0, 20.0, 8.0, 8.0, 0.0, 8.0, 4.0, 4.0]",88.0,88.0,7,mn8370qr,,,,,0
11,pqnknbrr,,0,308,307,post_exp,FinalForProlific,2026-05-20 19:25:41.249954,1,,,4810.0,5,,0.0,e33cbc6c-84e2-461b-b46a-773696dbb034,3098.31,23.0,20.0,460.0,3558.31,,2600.0,20.0,,,,,0.0,0,,,2,98308155-5ef4-4781-92b2-15de5ba68a70,https://london-trader-6b45bffdcd02.herokuapp.com,wss://london-trader-6b45bffdcd02.herokuapp.com,,1,6,gp,info_only,human_only,0.0,0,15,"[8.0, 4.0, 20.0, 8.0, 8.0, 20.0, 20.0, 4.0, 20.0, 4.0, 20.0, 0.0, 8.0, 8.0, 8.0, 8.0, 8.0, 4.0, 4.0, 20.0, 0.0, 0.0, 8.0, 4.0, 4.0, 4.0, 20.0, 8.0, 8.0, 0.0, 8.0, 4.0, 4.0]",88.0,88.0,7,mn8370qr,,,,,0
12,whc9aveo,,0,308,307,post_exp,FinalForProlific,2026-05-20 19:25:41.255262,1,,,6139.0,6,,0.0,f2e7f80c-211c-4c81-bc5c-0ba136ad3833,4609.0,8.0,20.0,160.0,4769.0,,3800.0,10.0,,,,,0.0,0,,,2,98308155-5ef4-4781-92b2-15de5ba68a70,https://london-trader-6b45bffdcd02.herokuapp.com,wss://london-trader-6b45bffdcd02.herokuapp.com,,1,6,gp,info_only,human_only,0.0,0,15,"[8.0, 4.0, 20.0, 8.0, 8.0, 20.0, 20.0, 4.0, 20.0, 4.0, 20.0, 0.0, 8.0, 8.0, 8.0, 8.0, 8.0, 4.0, 4.0, 20.0, 0.0, 0.0, 8.0, 4.0, 4.0, 4.0, 20.0, 8.0, 8.0, 0.0, 8.0, 4.0, 4.0]",88.0,88.0,7,mn8370qr,,,,,0
13,51q1wtqi,,0,308,307,post_exp,FinalForProlific,2026-05-20 19:25:41.260557,1,,,6081.0,1,,0.0,4aca7b41-4748-4b31-bf59-7eef6f6ceb29,3441.0,19.0,20.0,380.0,3821.0,,2600.0,20.0,,,,,0.0,0,,,3,4851d4e0-c583-455d-80f5-4dad0f16a7b8,https://london-trader-6b45bffdcd02.herokuapp.com,wss://london-trader-6b45bffdcd02.herokuapp.com,,1,4,ghp,gamified,human_only,0.0,0,15,"[8.0, 4.0, 20.0, 8.0, 8.0, 20.0, 20.0, 4.0, 20.0, 4.0, 20.0, 0.0, 8.0, 8.0, 8.0, 8.0, 8.0, 4.0, 4.0, 20.0, 0.0, 0.0, 8.0, 4.0, 4.0, 4.0, 20.0, 8.0, 8.0, 0.0, 8.0, 4.0, 4.0]",107.5,107.5,7,mn8370qr,,,,,0
14,q9v4q54j,,0,308,307,post_exp,FinalForProlific,2026-05-20 19:25:41.266013,1,,,4846.0,2,,0.0,2aca63e0-cbd2-482b-b42a-0dc66ecc3720,3739.0,15.0,20.0,300.0,4039.0,,3800.0,10.0,,,,,0.0,0,,,3,4851d4e0-c583-455d-80f5-4dad0f16a7b8,https://london-trader-6b45bffdcd02.herokuapp.com,wss://london-trader-6b45bffdcd02.herokuapp.com,,1,4,ghp,gamified,human_only,0.0,0,15,"[8.0, 4.0, 20.0, 8.0, 8.0, 20.0, 20.0, 4.0, 20.0, 4.0, 20.0, 0.0, 8.0, 8.0, 8.0, 8.0, 8.0, 4.0, 4.0, 20.0, 0.0, 0.0, 8.0, 4.0, 4.0, 4.0, 20.0, 8.0, 8.0, 0.0, 8.0, 4.0, 4.0]",107.5,107.5,7,mn8370qr,,,,,0
15,5g1om6y0,,0,308,307,post_exp,FinalForProlific,2026-05-20 19:25:41.271633,1,,,6308.0,3,,0.0,5928606e-bea5-4739-9b23-b2d9b8f761d7,3734.0,17.0,20.0,340.0,4074.0,,2600.0,20.0,,,,,0.0,0,,,3,4851d4e0-c583-455d-80f5-4dad0f16a7b8,https://london-trader-6b45bffdcd02.herokuapp.com,wss://london-trader-6b45bffdcd02.herokuapp.com,,1,4,ghp,gamified,human_only,0.0,0,15,"[8.0, 4.0, 20.0, 8.0, 8.0, 20.0, 20.0, 4.0, 20.0, 4.0, 20.0, 0.0, 8.0, 8.0, 8.0, 8.0, 8.0, 4.0, 4.0, 20.0, 0.0, 0.0, 8.0, 4.0, 4.0, 4.0, 20.0, 8.0, 8.0, 0.0, 8.0, 4.0, 4.0]",107.5,107.5,7,mn8370qr,,,,,0
16,ry1l466x,,0,308,307,post_exp,FinalForProlific,2026-05-20 19:25:41.277077,1,,,5341.0,4,,0.0,cd396e23-29b0-4959-892c-0254e89f3546,4122.0,13.0,20.0,260.0,4382.0,,3800.0,10.0,,,,,0.0,0,,,3,4851d4e0-c583-455d-80f5-4dad0f16a7b8,https://london-trader-6b45bffdcd02.herokuapp.com,wss://london-trader-6b45bffdcd02.herokuapp.com,,1,4,ghp,gamified,human_only,0.0,0,15,"[8.0, 4.0, 20.0, 8.0, 8.0, 20.0, 20.0, 4.0, 20.0, 4.0, 20.0, 0.0, 8.0, 8.0, 8.0, 8.0, 8.0, 4.0, 4.0, 20.0, 0.0, 0.0, 8.0, 4.0, 4.0, 4.0, 20.0, 8.0, 8.0, 0.0, 8.0, 4.0, 4.0]",107.5,107.5,7,mn8370qr,,,,,0
1,e4rzuiqc,,0,308,307,post_exp,FinalForProlific,2026-05-20 19:25:41.187444,1,,,5538.0,1,,0.0,6ab180f8-7112-4499-b7f9-b9540b122777,3868.0,18.0,4.0,72.0,3940.0,,2600.0,20.0,,,,,0.0,0,,,1,a05edde7-d925-45e5-bd12-37b4af942736,https://london-trader-6b45bffdcd02.herokuapp.com,wss://london-trader-6b45bffdcd02.herokuapp.com,,1,6,gh,hedonic_only,human_only,0.0,0,15,"[8.0, 4.0, 20.0, 8.0, 8.0, 20.0, 20.0, 4.0, 20.0, 4.0, 20.0, 0.0, 8.0, 8.0, 8.0, 8.0, 8.0, 4.0, 4.0, 20.0, 0.0, 0.0, 8.0, 4.0, 4.0, 4.0, 20.0, 8.0, 8.0, 0.0, 8.0, 4.0, 4.0]",115.0,115.0,8,mn8370qr,,,,,0
2,j6o1gu35,,0,308,307,post_exp,FinalForProlific,2026-05-20 19:25:41.199388,1,,,1136.0,2,,0.0,73efef72-11c9-496a-80d8-178d281ae4d1,3692.0,14.0,4.0,56.0,3748.0,,3800.0,10.0,,,,,0.0,0,,,1,a05edde7-d925-45e5-bd12-37b4af942736,https://london-trader-6b45bffdcd02.herokuapp.com,wss://london-trader-6b45bffdcd02.herokuapp.com,,1,6,gh,hedonic_only,human_only,0.0,0,15,"[8.0, 4.0, 20.0, 8.0, 8.0, 20.0, 20.0, 4.0, 20.0, 4.0, 20.0, 0.0, 8.0, 8.0, 8.0, 8.0, 8.0, 4.0, 4.0, 20.0, 0.0, 0.0, 8.0, 4.0, 4.0, 4.0, 20.0, 8.0, 8.0, 0.0, 8.0, 4.0, 4.0]",115.0,115.0,8,mn8370qr,,,,,0
3,z9n52ebr,,0,308,307,post_exp,FinalForProlific,2026-05-20 19:25:41.205068,1,,,5326.0,3,,0.0,c8eb7dce-7793-4314-ad7f-d135dbb2ba47,3251.5,24.0,4.0,96.0,3347.5,,2600.0,20.0,,,,,0.0,0,,,1,a05edde7-d925-45e5-bd12-37b4af942736,https://london-trader-6b45bffdcd02.herokuapp.com,wss://london-trader-6b45bffdcd02.herokuapp.com,,1,6,gh,hedonic_only,human_only,0.0,0,15,"[8.0, 4.0, 20.0, 8.0, 8.0, 20.0, 20.0, 4.0, 20.0, 4.0, 20.0, 0.0, 8.0, 8.0, 8.0, 8.0, 8.0, 4.0, 4.0, 20.0, 0.0, 0.0, 8.0, 4.0, 4.0, 4.0, 20.0, 8.0, 8.0, 0.0, 8.0, 4.0, 4.0]",115.0,115.0,8,mn8370qr,,,,,0
4,lh92b709,,0,308,307,post_exp,FinalForProlific,2026-05-20 19:25:41.210764,1,,,5744.0,4,,0.0,0c8329d9-01d0-4ade-9746-adcd76979d55,4889.0,10.0,4.0,40.0,4929.0,,3800.0,10.0,,,,,0.0,0,,,1,a05edde7-d925-45e5-bd12-37b4af942736,https://london-trader-6b45bffdcd02.herokuapp.com,wss://london-trader-6b45bffdcd02.herokuapp.com,,1,6,gh,hedonic_only,human_only,0.0,0,15,"[8.0, 4.0, 20.0, 8.0, 8.0, 20.0, 20.0, 4.0, 20.0, 4.0, 20.0, 0.0, 8.0, 8.0, 8.0, 8.0, 8.0, 4.0, 4.0, 20.0, 0.0, 0.0, 8.0, 4.0, 4.0, 4.0, 20.0, 8.0, 8.0, 0.0, 8.0, 4.0, 4.0]",115.0,115.0,8,mn8370qr,,,,,0
5,729v3r7i,,0,308,307,post_exp,FinalForProlific,2026-05-20 19:25:41.216438,1,,,5824.0,5,,0.0,f5a1d5e6-a183-421a-a699-8e50db4fb1c8,4203.5,16.0,4.0,64.0,4267.5,,2600.0,20.0,,,,,0.0,0,,,1,a05edde7-d925-45e5-bd12-37b4af942736,https://london-trader-6b45bffdcd02.herokuapp.com,wss://london-trader-6b45bffdcd02.herokuapp.com,,1,6,gh,hedonic_only,human_only,0.0,0,15,"[8.0, 4.0, 20.0, 8.0, 8.0, 20.0, 20.0, 4.0, 20.0, 4.0, 20.0, 0.0, 8.0, 8.0, 8.0, 8.0, 8.0, 4.0, 4.0, 20.0, 0.0, 0.0, 8.0, 4.0, 4.0, 4.0, 20.0, 8.0, 8.0, 0.0, 8.0, 4.0, 4.0]",115.0,115.0,8,mn8370qr,,,,,0
6,aac2mc3k,,0,308,307,post_exp,FinalForProlific,2026-05-20 19:25:41.222017,1,,,5288.0,6,,0.0,8eb4c26e-1145-412e-a646-d50005ec9ba2,4432.0,9.0,4.0,36.0,4468.0,,3800.0,10.0,,,,,0.0,0,,,1,a05edde7-d925-45e5-bd12-37b4af942736,https://london-trader-6b45bffdcd02.herokuapp.com,wss://london-trader-6b45bffdcd02.herokuapp.com,,1,6,gh,hedonic_only,human_only,0.0,0,15,"[8.0, 4.0, 20.0, 8.0, 8.0, 20.0, 20.0, 4.0, 20.0, 4.0, 20.0, 0.0, 8.0, 8.0, 8.0, 8.0, 8.0, 4.0, 4.0, 20.0, 0.0, 0.0, 8.0, 4.0, 4.0, 4.0, 20.0, 8.0, 8.0, 0.0, 8.0, 4.0, 4.0]",115.0,115.0,8,mn8370qr,,,,,0
7,bs9r1rdm,,0,308,307,post_exp,FinalForProlific,2026-05-20 19:25:41.227334,1,,,4422.0,1,,0.0,8bcaf73d-b674-4326-bd4f-acb83b510b57,3868.9200000000005,5.0,4.0,20.0,3888.9200000000005,,2600.0,20.0,,,,,0.0,0,,,2,98308155-5ef4-4781-92b2-15de5ba68a70,https://london-trader-6b45bffdcd02.herokuapp.com,wss://london-trader-6b45bffdcd02.herokuapp.com,,1,6,gp,info_only,human_only,0.0,0,15,"[8.0, 4.0, 20.0, 8.0, 8.0, 20.0, 20.0, 4.0, 20.0, 4.0, 20.0, 0.0, 8.0, 8.0, 8.0, 8.0, 8.0, 4.0, 4.0, 20.0, 0.0, 0.0, 8.0, 4.0, 4.0, 4.0, 20.0, 8.0, 8.0, 0.0, 8.0, 4.0, 4.0]",50.0,50.0,8,mn8370qr,,,,,0
8,9uh6p1vm,,0,308,307,post_exp,FinalForProlific,2026-05-20 19:25:41.233246,1,,,5926.0,2,,0.0,bc3147b7-5256-41ba-98cd-f8ffcee3c4a6,4361.06,14.0,4.0,56.0,4417.06,,3800.0,10.0,,,,,0.0,0,,,2,98308155-5ef4-4781-92b2-15de5ba68a70,https://london-trader-6b45bffdcd02.herokuapp.com,wss://london-trader-6b45bffdcd02.herokuapp.com,,1,6,gp,info_only,human_only,0.0,0,15,"[8.0, 4.0, 20.0, 8.0, 8.0, 20.0, 20.0, 4.0, 20.0, 4.0, 20.0, 0.0, 8.0, 8.0, 8.0, 8.0, 8.0, 4.0, 4.0, 20.0, 0.0, 0.0, 8.0, 4.0, 4.0, 4.0, 20.0, 8.0, 8.0, 0.0, 8.0, 4.0, 4.0]",50.0,50.0,8,mn8370qr,,,,,0
9,kb2z64e8,,0,308,307,post_exp,FinalForProlific,2026-05-20 19:25:41.238889,1,,,6101.0,3,,0.0,22db997d-e3e3-4d59-aae0-6cf6af50ce83,3879.37,21.0,4.0,84.0,3963.37,,2600.0,20.0,,,,,0.0,0,,,2,98308155-5ef4-4781-92b2-15de5ba68a70,https://london-trader-6b45bffdcd02.herokuapp.com,wss://london-trader-6b45bffdcd02.herokuapp.com,,1,6,gp,info_only,human_only,0.0,0,15,"[8.0, 4.0, 20.0, 8.0, 8.0, 20.0, 20.0, 4.0, 20.0, 4.0, 20.0, 0.0, 8.0, 8.0, 8.0, 8.0, 8.0, 4.0, 4.0, 20.0, 0.0, 0.0, 8.0, 4.0, 4.0, 4.0, 20.0, 8.0, 8.0, 0.0, 8.0, 4.0, 4.0]",50.0,50.0,8,mn8370qr,,,,,0
10,ai0il249,,0,308,307,post_exp,FinalForProlific,2026-05-20 19:25:41.244342,1,,,5172.0,4,,0.0,f31a815e-6425-437b-901f-67ac478997d1,4088.0,19.0,4.0,76.0,4164.0,,3800.0,10.0,,,,,0.0,0,,,2,98308155-5ef4-4781-92b2-15de5ba68a70,https://london-trader-6b45bffdcd02.herokuapp.com,wss://london-trader-6b45bffdcd02.herokuapp.com,,1,6,gp,info_only,human_only,0.0,0,15,"[8.0, 4.0, 20.0, 8.0, 8.0, 20.0, 20.0, 4.0, 20.0, 4.0, 20.0, 0.0, 8.0, 8.0, 8.0, 8.0, 8.0, 4.0, 4.0, 20.0, 0.0, 0.0, 8.0, 4.0, 4.0, 4.0, 20.0, 8.0, 8.0, 0.0, 8.0, 4.0, 4.0]",50.0,50.0,8,mn8370qr,,,,,0
11,pqnknbrr,,0,308,307,post_exp,FinalForProlific,2026-05-20 19:25:41.249954,1,,,4810.0,5,,0.0,e33cbc6c-84e2-461b-b46a-773696dbb034,3477.6499999999996,27.0,4.0,108.0,3585.6499999999996,,2600.0,20.0,,,,,0.0,0,,,2,98308155-5ef4-4781-92b2-15de5ba68a70,https://london-trader-6b45bffdcd02.herokuapp.com,wss://london-trader-6b45bffdcd02.herokuapp.com,,1,6,gp,info_only,human_only,0.0,0,15,"[8.0, 4.0, 20.0, 8.0, 8.0, 20.0, 20.0, 4.0, 20.0, 4.0, 20.0, 0.0, 8.0, 8.0, 8.0, 8.0, 8.0, 4.0, 4.0, 20.0, 0.0, 0.0, 8.0, 4.0, 4.0, 4.0, 20.0, 8.0, 8.0, 0.0, 8.0, 4.0, 4.0]",50.0,50.0,8,mn8370qr,,,,,0
12,whc9aveo,,0,308,307,post_exp,FinalForProlific,2026-05-20 19:25:41.255262,1,,,6139.0,6,,0.0,f2e7f80c-211c-4c81-bc5c-0ba136ad3833,4749.0,12.0,4.0,48.0,4797.0,,3800.0,10.0,,,,,0.0,0,,,2,98308155-5ef4-4781-92b2-15de5ba68a70,https://london-trader-6b45bffdcd02.herokuapp.com,wss://london-trader-6b45bffdcd02.herokuapp.com,,1,6,gp,info_only,human_only,0.0,0,15,"[8.0, 4.0, 20.0, 8.0, 8.0, 20.0, 20.0, 4.0, 20.0, 4.0, 20.0, 0.0, 8.0, 8.0, 8.0, 8.0, 8.0, 4.0, 4.0, 20.0, 0.0, 0.0, 8.0, 4.0, 4.0, 4.0, 20.0, 8.0, 8.0, 0.0, 8.0, 4.0, 4.0]",50.0,50.0,8,mn8370qr,,,,,0
13,51q1wtqi,,0,308,307,post_exp,FinalForProlific,2026-05-20 19:25:41.260557,1,,,6081.0,1,,0.0,4aca7b41-4748-4b31-bf59-7eef6f6ceb29,3909.0,18.0,4.0,72.0,3981.0,,2600.0,20.0,,,,,0.0,0,,,3,4851d4e0-c583-455d-80f5-4dad0f16a7b8,https://london-trader-6b45bffdcd02.herokuapp.com,wss://london-trader-6b45bffdcd02.herokuapp.com,,1,4,ghp,gamified,human_only,0.0,0,15,"[8.0, 4.0, 20.0, 8.0, 8.0, 20.0, 20.0, 4.0, 20.0, 4.0, 20.0, 0.0, 8.0, 8.0, 8.0, 8.0, 8.0, 4.0, 4.0, 20.0, 0.0, 0.0, 8.0, 4.0, 4.0, 4.0, 20.0, 8.0, 8.0, 0.0, 8.0, 4.0, 4.0]",99.0,99.0,8,mn8370qr,,,,,0
14,q9v4q54j,,0,308,307,post_exp,FinalForProlific,2026-05-20 19:25:41.266013,1,,,4846.0,2,,0.0,2aca63e0-cbd2-482b-b42a-0dc66ecc3720,3836.0,17.0,4.0,68.0,3904.0,,3800.0,10.0,,,,,0.0,0,,,3,4851d4e0-c583-455d-80f5-4dad0f16a7b8,https://london-trader-6b45bffdcd02.herokuapp.com,wss://london-trader-6b45bffdcd02.herokuapp.com,,1,4,ghp,gamified,human_only,0.0,0,15,"[8.0, 4.0, 20.0, 8.0, 8.0, 20.0, 20.0, 4.0, 20.0, 4.0, 20.0, 0.0, 8.0, 8.0, 8.0, 8.0, 8.0, 4.0, 4.0, 20.0, 0.0, 0.0, 8.0, 4.0, 4.0, 4.0, 20.0, 8.0, 8.0, 0.0, 8.0, 4.0, 4.0]",99.0,99.0,8,mn8370qr,,,,,0
15,5g1om6y0,,0,308,307,post_exp,FinalForProlific,2026-05-20 19:25:41.271633,1,,,6308.0,3,,0.0,5928606e-bea5-4739-9b23-b2d9b8f761d7,4085.0,18.0,4.0,72.0,4157.0,,2600.0,20.0,,,,,0.0,0,,,3,4851d4e0-c583-455d-80f5-4dad0f16a7b8,https://london-trader-6b45bffdcd02.herokuapp.com,wss://london-trader-6b45bffdcd02.herokuapp.com,,1,4,ghp,gamified,human_only,0.0,0,15,"[8.0, 4.0, 20.0, 8.0, 8.0, 20.0, 20.0, 4.0, 20.0, 4.0, 20.0, 0.0, 8.0, 8.0, 8.0, 8.0, 8.0, 4.0, 4.0, 20.0, 0.0, 0.0, 8.0, 4.0, 4.0, 4.0, 20.0, 8.0, 8.0, 0.0, 8.0, 4.0, 4.0]",99.0,99.0,8,mn8370qr,,,,,0
16,ry1l466x,,0,308,307,post_exp,FinalForProlific,2026-05-20 19:25:41.277077,1,,,5341.0,4,,0.0,cd396e23-29b0-4959-892c-0254e89f3546,4486.0,10.0,4.0,40.0,4526.0,,3800.0,10.0,,,,,0.0,0,,,3,4851d4e0-c583-455d-80f5-4dad0f16a7b8,https://london-trader-6b45bffdcd02.herokuapp.com,wss://london-trader-6b45bffdcd02.herokuapp.com,,1,4,ghp,gamified,human_only,0.0,0,15,"[8.0, 4.0, 20.0, 8.0, 8.0, 20.0, 20.0, 4.0, 20.0, 4.0, 20.0, 0.0, 8.0, 8.0, 8.0, 8.0, 8.0, 4.0, 4.0, 20.0, 0.0, 0.0, 8.0, 4.0, 4.0, 4.0, 20.0, 8.0, 8.0, 0.0, 8.0, 4.0, 4.0]",99.0,99.0,8,mn8370qr,,,,,0
1,e4rzuiqc,,0,308,307,post_exp,FinalForProlific,2026-05-20 19:25:41.187444,1,,,5538.0,1,,0.0,6ab180f8-7112-4499-b7f9-b9540b122777,3940.0,18.0,20.0,360.0,4300.0,,2600.0,20.0,80.0,3,"{""forecast_price_next_day"":80,""forecast_confidence_next_day"":3}",130.0,0.0,1,,,1,a05edde7-d925-45e5-bd12-37b4af942736,https://london-trader-6b45bffdcd02.herokuapp.com,wss://london-trader-6b45bffdcd02.herokuapp.com,,1,6,gh,hedonic_only,human_only,0.0,0,15,"[8.0, 4.0, 20.0, 8.0, 8.0, 20.0, 20.0, 4.0, 20.0, 4.0, 20.0, 0.0, 8.0, 8.0, 8.0, 8.0, 8.0, 4.0, 4.0, 20.0, 0.0, 0.0, 8.0, 4.0, 4.0, 4.0, 20.0, 8.0, 8.0, 0.0, 8.0, 4.0, 4.0]",110.0,110.0,9,mn8370qr,,,,,0
2,j6o1gu35,,0,308,307,post_exp,FinalForProlific,2026-05-20 19:25:41.199388,1,,,1136.0,2,,0.0,73efef72-11c9-496a-80d8-178d281ae4d1,3555.0,15.0,20.0,300.0,3855.0,,3800.0,10.0,3900.0,3,"{""forecast_price_next_day"":3900,""forecast_confidence_next_day"":3}",130.0,0.0,1,,,1,a05edde7-d925-45e5-bd12-37b4af942736,https://london-trader-6b45bffdcd02.herokuapp.com,wss://london-trader-6b45bffdcd02.herokuapp.com,,1,6,gh,hedonic_only,human_only,0.0,0,15,"[8.0, 4.0, 20.0, 8.0, 8.0, 20.0, 20.0, 4.0, 20.0, 4.0, 20.0, 0.0, 8.0, 8.0, 8.0, 8.0, 8.0, 4.0, 4.0, 20.0, 0.0, 0.0, 8.0, 4.0, 4.0, 4.0, 20.0, 8.0, 8.0, 0.0, 8.0, 4.0, 4.0]",110.0,110.0,9,mn8370qr,,,,,0
3,z9n52ebr,,0,308,307,post_exp,FinalForProlific,2026-05-20 19:25:41.205068,1,,,5326.0,3,,0.0,c8eb7dce-7793-4314-ad7f-d135dbb2ba47,3362.5,25.0,20.0,500.0,3862.5,,2600.0,20.0,135.0,4,"{""forecast_price_next_day"":135,""forecast_confidence_next_day"":4}",130.0,20.0,1,,,1,a05edde7-d925-45e5-bd12-37b4af942736,https://london-trader-6b45bffdcd02.herokuapp.com,wss://london-trader-6b45bffdcd02.herokuapp.com,,1,6,gh,hedonic_only,human_only,0.0,0,15,"[8.0, 4.0, 20.0, 8.0, 8.0, 20.0, 20.0, 4.0, 20.0, 4.0, 20.0, 0.0, 8.0, 8.0, 8.0, 8.0, 8.0, 4.0, 4.0, 20.0, 0.0, 0.0, 8.0, 4.0, 4.0, 4.0, 20.0, 8.0, 8.0, 0.0, 8.0, 4.0, 4.0]",110.0,110.0,9,mn8370qr,,,,,0
4,lh92b709,,0,308,307,post_exp,FinalForProlific,2026-05-20 19:25:41.210764,1,,,5744.0,4,,0.0,0c8329d9-01d0-4ade-9746-adcd76979d55,5067.0,9.0,20.0,180.0,5247.0,,3800.0,10.0,120.0,3,"{""forecast_price_next_day"":120,""forecast_confidence_next_day"":3}",130.0,0.0,1,,,1,a05edde7-d925-45e5-bd12-37b4af942736,https://london-trader-6b45bffdcd02.herokuapp.com,wss://london-trader-6b45bffdcd02.herokuapp.com,,1,6,gh,hedonic_only,human_only,0.0,0,15,"[8.0, 4.0, 20.0, 8.0, 8.0, 20.0, 20.0, 4.0, 20.0, 4.0, 20.0, 0.0, 8.0, 8.0, 8.0, 8.0, 8.0, 4.0, 4.0, 20.0, 0.0, 0.0, 8.0, 4.0, 4.0, 4.0, 20.0, 8.0, 8.0, 0.0, 8.0, 4.0, 4.0]",110.0,110.0,9,mn8370qr,,,,,0
5,729v3r7i,,0,308,307,post_exp,FinalForProlific,2026-05-20 19:25:41.216438,1,,,5824.0,5,,0.0,f5a1d5e6-a183-421a-a699-8e50db4fb1c8,4177.5,18.0,20.0,360.0,4537.5,,2600.0,20.0,0.0,0,,130.0,0.0,1,,,1,a05edde7-d925-45e5-bd12-37b4af942736,https://london-trader-6b45bffdcd02.herokuapp.com,wss://london-trader-6b45bffdcd02.herokuapp.com,,1,6,gh,hedonic_only,human_only,0.0,0,15,"[8.0, 4.0, 20.0, 8.0, 8.0, 20.0, 20.0, 4.0, 20.0, 4.0, 20.0, 0.0, 8.0, 8.0, 8.0, 8.0, 8.0, 4.0, 4.0, 20.0, 0.0, 0.0, 8.0, 4.0, 4.0, 4.0, 20.0, 8.0, 8.0, 0.0, 8.0, 4.0, 4.0]",110.0,110.0,9,mn8370qr,,,,,0
6,aac2mc3k,,0,308,307,post_exp,FinalForProlific,2026-05-20 19:25:41.222017,1,,,5288.0,6,,0.0,8eb4c26e-1145-412e-a646-d50005ec9ba2,4598.0,8.0,20.0,160.0,4758.0,,3800.0,10.0,128.0,3,"{""forecast_price_next_day"":128,""forecast_confidence_next_day"":3}",130.0,20.0,1,,,1,a05edde7-d925-45e5-bd12-37b4af942736,https://london-trader-6b45bffdcd02.herokuapp.com,wss://london-trader-6b45bffdcd02.herokuapp.com,,1,6,gh,hedonic_only,human_only,0.0,0,15,"[8.0, 4.0, 20.0, 8.0, 8.0, 20.0, 20.0, 4.0, 20.0, 4.0, 20.0, 0.0, 8.0, 8.0, 8.0, 8.0, 8.0, 4.0, 4.0, 20.0, 0.0, 0.0, 8.0, 4.0, 4.0, 4.0, 20.0, 8.0, 8.0, 0.0, 8.0, 4.0, 4.0]",110.0,110.0,9,mn8370qr,,,,,0
7,bs9r1rdm,,0,308,307,post_exp,FinalForProlific,2026-05-20 19:25:41.227334,1,,,4422.0,1,,0.0,8bcaf73d-b674-4326-bd4f-acb83b510b57,3849.4200000000005,5.0,20.0,100.0,3949.4200000000005,,2600.0,20.0,3800.0,1,"{""forecast_price_next_day"":3800,""forecast_confidence_next_day"":1}",10.0,0.0,1,,,2,98308155-5ef4-4781-92b2-15de5ba68a70,https://london-trader-6b45bffdcd02.herokuapp.com,wss://london-trader-6b45bffdcd02.herokuapp.com,,1,6,gp,info_only,human_only,0.0,0,15,"[8.0, 4.0, 20.0, 8.0, 8.0, 20.0, 20.0, 4.0, 20.0, 4.0, 20.0, 0.0, 8.0, 8.0, 8.0, 8.0, 8.0, 4.0, 4.0, 20.0, 0.0, 0.0, 8.0, 4.0, 4.0, 4.0, 20.0, 8.0, 8.0, 0.0, 8.0, 4.0, 4.0]",78.0,78.0,9,mn8370qr,,,,,0
8,9uh6p1vm,,0,308,307,post_exp,FinalForProlific,2026-05-20 19:25:41.233246,1,,,5926.0,2,,0.0,bc3147b7-5256-41ba-98cd-f8ffcee3c4a6,4775.56,9.0,20.0,180.0,4955.56,,3800.0,10.0,0.0,0,,10.0,0.0,1,,,2,98308155-5ef4-4781-92b2-15de5ba68a70,https://london-trader-6b45bffdcd02.herokuapp.com,wss://london-trader-6b45bffdcd02.herokuapp.com,,1,6,gp,info_only,human_only,0.0,0,15,"[8.0, 4.0, 20.0, 8.0, 8.0, 20.0, 20.0, 4.0, 20.0, 4.0, 20.0, 0.0, 8.0, 8.0, 8.0, 8.0, 8.0, 4.0, 4.0, 20.0, 0.0, 0.0, 8.0, 4.0, 4.0, 4.0, 20.0, 8.0, 8.0, 0.0, 8.0, 4.0, 4.0]",78.0,78.0,9,mn8370qr,,,,,0
9,kb2z64e8,,0,308,307,post_exp,FinalForProlific,2026-05-20 19:25:41.238889,1,,,6101.0,3,,0.0,22db997d-e3e3-4d59-aae0-6cf6af50ce83,4047.37,19.0,20.0,380.0,4427.37,,2600.0,20.0,0.0,0,,10.0,0.0,1,,,2,98308155-5ef4-4781-92b2-15de5ba68a70,https://london-trader-6b45bffdcd02.herokuapp.com,wss://london-trader-6b45bffdcd02.herokuapp.com,,1,6,gp,info_only,human_only,0.0,0,15,"[8.0, 4.0, 20.0, 8.0, 8.0, 20.0, 20.0, 4.0, 20.0, 4.0, 20.0, 0.0, 8.0, 8.0, 8.0, 8.0, 8.0, 4.0, 4.0, 20.0, 0.0, 0.0, 8.0, 4.0, 4.0, 4.0, 20.0, 8.0, 8.0, 0.0, 8.0, 4.0, 4.0]",78.0,78.0,9,mn8370qr,,,,,0
10,ai0il249,,0,308,307,post_exp,FinalForProlific,2026-05-20 19:25:41.244342,1,,,5172.0,4,,0.0,f31a815e-6425-437b-901f-67ac478997d1,3989.0,21.0,20.0,420.0,4409.0,,3800.0,10.0,85.0,1,"{""forecast_price_next_day"":85,""forecast_confidence_next_day"":1}",10.0,0.0,1,,,2,98308155-5ef4-4781-92b2-15de5ba68a70,https://london-trader-6b45bffdcd02.herokuapp.com,wss://london-trader-6b45bffdcd02.herokuapp.com,,1,6,gp,info_only,human_only,0.0,0,15,"[8.0, 4.0, 20.0, 8.0, 8.0, 20.0, 20.0, 4.0, 20.0, 4.0, 20.0, 0.0, 8.0, 8.0, 8.0, 8.0, 8.0, 4.0, 4.0, 20.0, 0.0, 0.0, 8.0, 4.0, 4.0, 4.0, 20.0, 8.0, 8.0, 0.0, 8.0, 4.0, 4.0]",78.0,78.0,9,mn8370qr,,,,,0
11,pqnknbrr,,0,308,307,post_exp,FinalForProlific,2026-05-20 19:25:41.249954,1,,,4810.0,5,,0.0,e33cbc6c-84e2-461b-b46a-773696dbb034,3357.6499999999996,30.0,20.0,600.0,3957.6499999999996,,2600.0,20.0,70.0,2,"{""forecast_price_next_day"":70,""forecast_confidence_next_day"":2}",10.0,0.0,1,,,2,98308155-5ef4-4781-92b2-15de5ba68a70,https://london-trader-6b45bffdcd02.herokuapp.com,wss://london-trader-6b45bffdcd02.herokuapp.com,,1,6,gp,info_only,human_only,0.0,0,15,"[8.0, 4.0, 20.0, 8.0, 8.0, 20.0, 20.0, 4.0, 20.0, 4.0, 20.0, 0.0, 8.0, 8.0, 8.0, 8.0, 8.0, 4.0, 4.0, 20.0, 0.0, 0.0, 8.0, 4.0, 4.0, 4.0, 20.0, 8.0, 8.0, 0.0, 8.0, 4.0, 4.0]",78.0,78.0,9,mn8370qr,,,,,0
12,whc9aveo,,0,308,307,post_exp,FinalForProlific,2026-05-20 19:25:41.255262,1,,,6139.0,6,,0.0,f2e7f80c-211c-4c81-bc5c-0ba136ad3833,4797.0,12.0,20.0,240.0,5037.0,,3800.0,10.0,80.0,4,"{""forecast_price_next_day"":80,""forecast_confidence_next_day"":4}",10.0,0.0,1,,,2,98308155-5ef4-4781-92b2-15de5ba68a70,https://london-trader-6b45bffdcd02.herokuapp.com,wss://london-trader-6b45bffdcd02.herokuapp.com,,1,6,gp,info_only,human_only,0.0,0,15,"[8.0, 4.0, 20.0, 8.0, 8.0, 20.0, 20.0, 4.0, 20.0, 4.0, 20.0, 0.0, 8.0, 8.0, 8.0, 8.0, 8.0, 4.0, 4.0, 20.0, 0.0, 0.0, 8.0, 4.0, 4.0, 4.0, 20.0, 8.0, 8.0, 0.0, 8.0, 4.0, 4.0]",78.0,78.0,9,mn8370qr,,,,,0
13,51q1wtqi,,0,308,307,post_exp,FinalForProlific,2026-05-20 19:25:41.260557,1,,,6081.0,1,,0.0,4aca7b41-4748-4b31-bf59-7eef6f6ceb29,4076.0,17.0,20.0,340.0,4416.0,,2600.0,20.0,87.0,4,"{""forecast_confidence_next_day"":4,""forecast_price_next_day"":87}",85.0,20.0,1,,,3,4851d4e0-c583-455d-80f5-4dad0f16a7b8,https://london-trader-6b45bffdcd02.herokuapp.com,wss://london-trader-6b45bffdcd02.herokuapp.com,,1,4,ghp,gamified,human_only,0.0,0,15,"[8.0, 4.0, 20.0, 8.0, 8.0, 20.0, 20.0, 4.0, 20.0, 4.0, 20.0, 0.0, 8.0, 8.0, 8.0, 8.0, 8.0, 4.0, 4.0, 20.0, 0.0, 0.0, 8.0, 4.0, 4.0, 4.0, 20.0, 8.0, 8.0, 0.0, 8.0, 4.0, 4.0]",98.0,98.0,9,mn8370qr,,,,,0
14,q9v4q54j,,0,308,307,post_exp,FinalForProlific,2026-05-20 19:25:41.266013,1,,,4846.0,2,,0.0,2aca63e0-cbd2-482b-b42a-0dc66ecc3720,3128.12,25.0,20.0,500.0,3628.12,,3800.0,10.0,112.0,4,"{""forecast_price_next_day"":112,""forecast_confidence_next_day"":4}",85.0,0.0,1,,,3,4851d4e0-c583-455d-80f5-4dad0f16a7b8,https://london-trader-6b45bffdcd02.herokuapp.com,wss://london-trader-6b45bffdcd02.herokuapp.com,,1,4,ghp,gamified,human_only,0.0,0,15,"[8.0, 4.0, 20.0, 8.0, 8.0, 20.0, 20.0, 4.0, 20.0, 4.0, 20.0, 0.0, 8.0, 8.0, 8.0, 8.0, 8.0, 4.0, 4.0, 20.0, 0.0, 0.0, 8.0, 4.0, 4.0, 4.0, 20.0, 8.0, 8.0, 0.0, 8.0, 4.0, 4.0]",98.0,98.0,9,mn8370qr,,,,,0
15,5g1om6y0,,0,308,307,post_exp,FinalForProlific,2026-05-20 19:25:41.271633,1,,,6308.0,3,,0.0,5928606e-bea5-4739-9b23-b2d9b8f761d7,4451.75,19.0,20.0,380.0,4831.75,,2600.0,20.0,0.0,0,,85.0,0.0,1,,,3,4851d4e0-c583-455d-80f5-4dad0f16a7b8,https://london-trader-6b45bffdcd02.herokuapp.com,wss://london-trader-6b45bffdcd02.herokuapp.com,,1,4,ghp,gamified,human_only,0.0,0,15,"[8.0, 4.0, 20.0, 8.0, 8.0, 20.0, 20.0, 4.0, 20.0, 4.0, 20.0, 0.0, 8.0, 8.0, 8.0, 8.0, 8.0, 4.0, 4.0, 20.0, 0.0, 0.0, 8.0, 4.0, 4.0, 4.0, 20.0, 8.0, 8.0, 0.0, 8.0, 4.0, 4.0]",98.0,98.0,9,mn8370qr,,,,,0
16,ry1l466x,,0,308,307,post_exp,FinalForProlific,2026-05-20 19:25:41.277077,1,,,5341.0,4,,0.0,cd396e23-29b0-4959-892c-0254e89f3546,4912.13,5.0,20.0,100.0,5012.13,,3800.0,10.0,74.0,5,"{""forecast_price_next_day"":74,""forecast_confidence_next_day"":5}",85.0,0.0,1,,,3,4851d4e0-c583-455d-80f5-4dad0f16a7b8,https://london-trader-6b45bffdcd02.herokuapp.com,wss://london-trader-6b45bffdcd02.herokuapp.com,,1,4,ghp,gamified,human_only,0.0,0,15,"[8.0, 4.0, 20.0, 8.0, 8.0, 20.0, 20.0, 4.0, 20.0, 4.0, 20.0, 0.0, 8.0, 8.0, 8.0, 8.0, 8.0, 4.0, 4.0, 20.0, 0.0, 0.0, 8.0, 4.0, 4.0, 4.0, 20.0, 8.0, 8.0, 0.0, 8.0, 4.0, 4.0]",98.0,98.0,9,mn8370qr,,,,,0
1,e4rzuiqc,,0,308,307,post_exp,FinalForProlific,2026-05-20 19:25:41.187444,1,,,5538.0,1,,0.0,6ab180f8-7112-4499-b7f9-b9540b122777,4415.0,17.0,4.0,68.0,4483.0,,2600.0,20.0,,,,,0.0,0,,,1,a05edde7-d925-45e5-bd12-37b4af942736,https://london-trader-6b45bffdcd02.herokuapp.com,wss://london-trader-6b45bffdcd02.herokuapp.com,,1,6,gh,hedonic_only,human_only,0.0,0,15,"[8.0, 4.0, 20.0, 8.0, 8.0, 20.0, 20.0, 4.0, 20.0, 4.0, 20.0, 0.0, 8.0, 8.0, 8.0, 8.0, 8.0, 4.0, 4.0, 20.0, 0.0, 0.0, 8.0, 4.0, 4.0, 4.0, 20.0, 8.0, 8.0, 0.0, 8.0, 4.0, 4.0]",130.0,130.0,10,mn8370qr,,,,,0
2,j6o1gu35,,0,308,307,post_exp,FinalForProlific,2026-05-20 19:25:41.199388,1,,,1136.0,2,,0.0,73efef72-11c9-496a-80d8-178d281ae4d1,3583.0,17.0,4.0,68.0,3651.0,,3800.0,10.0,,,,,0.0,0,,,1,a05edde7-d925-45e5-bd12-37b4af942736,https://london-trader-6b45bffdcd02.herokuapp.com,wss://london-trader-6b45bffdcd02.herokuapp.com,,1,6,gh,hedonic_only,human_only,0.0,0,15,"[8.0, 4.0, 20.0, 8.0, 8.0, 20.0, 20.0, 4.0, 20.0, 4.0, 20.0, 0.0, 8.0, 8.0, 8.0, 8.0, 8.0, 4.0, 4.0, 20.0, 0.0, 0.0, 8.0, 4.0, 4.0, 4.0, 20.0, 8.0, 8.0, 0.0, 8.0, 4.0, 4.0]",130.0,130.0,10,mn8370qr,,,,,0
3,z9n52ebr,,0,308,307,post_exp,FinalForProlific,2026-05-20 19:25:41.205068,1,,,5326.0,3,,0.0,c8eb7dce-7793-4314-ad7f-d135dbb2ba47,4004.5,23.0,4.0,92.0,4096.5,,2600.0,20.0,,,,,0.0,0,,,1,a05edde7-d925-45e5-bd12-37b4af942736,https://london-trader-6b45bffdcd02.herokuapp.com,wss://london-trader-6b45bffdcd02.herokuapp.com,,1,6,gh,hedonic_only,human_only,0.0,0,15,"[8.0, 4.0, 20.0, 8.0, 8.0, 20.0, 20.0, 4.0, 20.0, 4.0, 20.0, 0.0, 8.0, 8.0, 8.0, 8.0, 8.0, 4.0, 4.0, 20.0, 0.0, 0.0, 8.0, 4.0, 4.0, 4.0, 20.0, 8.0, 8.0, 0.0, 8.0, 4.0, 4.0]",130.0,130.0,10,mn8370qr,,,,,0
4,lh92b709,,0,308,307,post_exp,FinalForProlific,2026-05-20 19:25:41.210764,1,,,5744.0,4,,0.0,0c8329d9-01d0-4ade-9746-adcd76979d55,5387.0,8.0,4.0,32.0,5419.0,,3800.0,10.0,,,,,0.0,0,,,1,a05edde7-d925-45e5-bd12-37b4af942736,https://london-trader-6b45bffdcd02.herokuapp.com,wss://london-trader-6b45bffdcd02.herokuapp.com,,1,6,gh,hedonic_only,human_only,0.0,0,15,"[8.0, 4.0, 20.0, 8.0, 8.0, 20.0, 20.0, 4.0, 20.0, 4.0, 20.0, 0.0, 8.0, 8.0, 8.0, 8.0, 8.0, 4.0, 4.0, 20.0, 0.0, 0.0, 8.0, 4.0, 4.0, 4.0, 20.0, 8.0, 8.0, 0.0, 8.0, 4.0, 4.0]",130.0,130.0,10,mn8370qr,,,,,0
5,729v3r7i,,0,308,307,post_exp,FinalForProlific,2026-05-20 19:25:41.216438,1,,,5824.0,5,,0.0,f5a1d5e6-a183-421a-a699-8e50db4fb1c8,4537.5,17.0,4.0,68.0,4605.5,,2600.0,20.0,,,,,0.0,0,,,1,a05edde7-d925-45e5-bd12-37b4af942736,https://london-trader-6b45bffdcd02.herokuapp.com,wss://london-trader-6b45bffdcd02.herokuapp.com,,1,6,gh,hedonic_only,human_only,0.0,0,15,"[8.0, 4.0, 20.0, 8.0, 8.0, 20.0, 20.0, 4.0, 20.0, 4.0, 20.0, 0.0, 8.0, 8.0, 8.0, 8.0, 8.0, 4.0, 4.0, 20.0, 0.0, 0.0, 8.0, 4.0, 4.0, 4.0, 20.0, 8.0, 8.0, 0.0, 8.0, 4.0, 4.0]",130.0,130.0,10,mn8370qr,,,,,0
6,aac2mc3k,,0,308,307,post_exp,FinalForProlific,2026-05-20 19:25:41.222017,1,,,5288.0,6,,0.0,8eb4c26e-1145-412e-a646-d50005ec9ba2,4633.0,9.0,4.0,36.0,4669.0,,3800.0,10.0,,,,,0.0,0,,,1,a05edde7-d925-45e5-bd12-37b4af942736,https://london-trader-6b45bffdcd02.herokuapp.com,wss://london-trader-6b45bffdcd02.herokuapp.com,,1,6,gh,hedonic_only,human_only,0.0,0,15,"[8.0, 4.0, 20.0, 8.0, 8.0, 20.0, 20.0, 4.0, 20.0, 4.0, 20.0, 0.0, 8.0, 8.0, 8.0, 8.0, 8.0, 4.0, 4.0, 20.0, 0.0, 0.0, 8.0, 4.0, 4.0, 4.0, 20.0, 8.0, 8.0, 0.0, 8.0, 4.0, 4.0]",130.0,130.0,10,mn8370qr,,,,,0
7,bs9r1rdm,,0,308,307,post_exp,FinalForProlific,2026-05-20 19:25:41.227334,1,,,4422.0,1,,0.0,8bcaf73d-b674-4326-bd4f-acb83b510b57,3834.6700000000005,4.0,4.0,16.0,3850.6700000000005,,2600.0,20.0,,,,,0.0,0,,,2,98308155-5ef4-4781-92b2-15de5ba68a70,https://london-trader-6b45bffdcd02.herokuapp.com,wss://london-trader-6b45bffdcd02.herokuapp.com,,1,6,gp,info_only,human_only,0.0,0,15,"[8.0, 4.0, 20.0, 8.0, 8.0, 20.0, 20.0, 4.0, 20.0, 4.0, 20.0, 0.0, 8.0, 8.0, 8.0, 8.0, 8.0, 4.0, 4.0, 20.0, 0.0, 0.0, 8.0, 4.0, 4.0, 4.0, 20.0, 8.0, 8.0, 0.0, 8.0, 4.0, 4.0]",10.0,10.0,10,mn8370qr,,,,,0
8,9uh6p1vm,,0,308,307,post_exp,FinalForProlific,2026-05-20 19:25:41.233246,1,,,5926.0,2,,0.0,bc3147b7-5256-41ba-98cd-f8ffcee3c4a6,4902.56,11.0,4.0,44.0,4946.56,,3800.0,10.0,,,,,0.0,0,,,2,98308155-5ef4-4781-92b2-15de5ba68a70,https://london-trader-6b45bffdcd02.herokuapp.com,wss://london-trader-6b45bffdcd02.herokuapp.com,,1,6,gp,info_only,human_only,0.0,0,15,"[8.0, 4.0, 20.0, 8.0, 8.0, 20.0, 20.0, 4.0, 20.0, 4.0, 20.0, 0.0, 8.0, 8.0, 8.0, 8.0, 8.0, 4.0, 4.0, 20.0, 0.0, 0.0, 8.0, 4.0, 4.0, 4.0, 20.0, 8.0, 8.0, 0.0, 8.0, 4.0, 4.0]",10.0,10.0,10,mn8370qr,,,,,0
9,kb2z64e8,,0,308,307,post_exp,FinalForProlific,2026-05-20 19:25:41.238889,1,,,6101.0,3,,0.0,22db997d-e3e3-4d59-aae0-6cf6af50ce83,4731.37,15.0,4.0,60.0,4791.37,,2600.0,20.0,,,,,0.0,0,,,2,98308155-5ef4-4781-92b2-15de5ba68a70,https://london-trader-6b45bffdcd02.herokuapp.com,wss://london-trader-6b45bffdcd02.herokuapp.com,,1,6,gp,info_only,human_only,0.0,0,15,"[8.0, 4.0, 20.0, 8.0, 8.0, 20.0, 20.0, 4.0, 20.0, 4.0, 20.0, 0.0, 8.0, 8.0, 8.0, 8.0, 8.0, 4.0, 4.0, 20.0, 0.0, 0.0, 8.0, 4.0, 4.0, 4.0, 20.0, 8.0, 8.0, 0.0, 8.0, 4.0, 4.0]",10.0,10.0,10,mn8370qr,,,,,0
10,ai0il249,,0,308,307,post_exp,FinalForProlific,2026-05-20 19:25:41.244342,1,,,5172.0,4,,0.0,f31a815e-6425-437b-901f-67ac478997d1,4304.0,23.0,4.0,92.0,4396.0,,3800.0,10.0,,,,,0.0,0,,,2,98308155-5ef4-4781-92b2-15de5ba68a70,https://london-trader-6b45bffdcd02.herokuapp.com,wss://london-trader-6b45bffdcd02.herokuapp.com,,1,6,gp,info_only,human_only,0.0,0,15,"[8.0, 4.0, 20.0, 8.0, 8.0, 20.0, 20.0, 4.0, 20.0, 4.0, 20.0, 0.0, 8.0, 8.0, 8.0, 8.0, 8.0, 4.0, 4.0, 20.0, 0.0, 0.0, 8.0, 4.0, 4.0, 4.0, 20.0, 8.0, 8.0, 0.0, 8.0, 4.0, 4.0]",10.0,10.0,10,mn8370qr,,,,,0
11,pqnknbrr,,0,308,307,post_exp,FinalForProlific,2026-05-20 19:25:41.249954,1,,,4810.0,5,,0.0,e33cbc6c-84e2-461b-b46a-773696dbb034,3812.3999999999996,32.0,4.0,128.0,3940.3999999999996,,2600.0,20.0,,,,,0.0,0,,,2,98308155-5ef4-4781-92b2-15de5ba68a70,https://london-trader-6b45bffdcd02.herokuapp.com,wss://london-trader-6b45bffdcd02.herokuapp.com,,1,6,gp,info_only,human_only,0.0,0,15,"[8.0, 4.0, 20.0, 8.0, 8.0, 20.0, 20.0, 4.0, 20.0, 4.0, 20.0, 0.0, 8.0, 8.0, 8.0, 8.0, 8.0, 4.0, 4.0, 20.0, 0.0, 0.0, 8.0, 4.0, 4.0, 4.0, 20.0, 8.0, 8.0, 0.0, 8.0, 4.0, 4.0]",10.0,10.0,10,mn8370qr,,,,,0
12,whc9aveo,,0,308,307,post_exp,FinalForProlific,2026-05-20 19:25:41.255262,1,,,6139.0,6,,0.0,f2e7f80c-211c-4c81-bc5c-0ba136ad3833,5151.0,9.0,4.0,36.0,5187.0,,3800.0,10.0,,,,,0.0,0,,,2,98308155-5ef4-4781-92b2-15de5ba68a70,https://london-trader-6b45bffdcd02.herokuapp.com,wss://london-trader-6b45bffdcd02.herokuapp.com,,1,6,gp,info_only,human_only,0.0,0,15,"[8.0, 4.0, 20.0, 8.0, 8.0, 20.0, 20.0, 4.0, 20.0, 4.0, 20.0, 0.0, 8.0, 8.0, 8.0, 8.0, 8.0, 4.0, 4.0, 20.0, 0.0, 0.0, 8.0, 4.0, 4.0, 4.0, 20.0, 8.0, 8.0, 0.0, 8.0, 4.0, 4.0]",10.0,10.0,10,mn8370qr,,,,,0
13,51q1wtqi,,0,308,307,post_exp,FinalForProlific,2026-05-20 19:25:41.260557,1,,,6081.0,1,,0.0,4aca7b41-4748-4b31-bf59-7eef6f6ceb29,4585.0,15.0,4.0,60.0,4645.0,,2600.0,20.0,,,,,0.0,0,,,3,4851d4e0-c583-455d-80f5-4dad0f16a7b8,https://london-trader-6b45bffdcd02.herokuapp.com,wss://london-trader-6b45bffdcd02.herokuapp.com,,1,4,ghp,gamified,human_only,0.0,0,15,"[8.0, 4.0, 20.0, 8.0, 8.0, 20.0, 20.0, 4.0, 20.0, 4.0, 20.0, 0.0, 8.0, 8.0, 8.0, 8.0, 8.0, 4.0, 4.0, 20.0, 0.0, 0.0, 8.0, 4.0, 4.0, 4.0, 20.0, 8.0, 8.0, 0.0, 8.0, 4.0, 4.0]",85.0,85.0,10,mn8370qr,,,,,0
14,q9v4q54j,,0,308,307,post_exp,FinalForProlific,2026-05-20 19:25:41.266013,1,,,4846.0,2,,0.0,2aca63e0-cbd2-482b-b42a-0dc66ecc3720,3543.12,26.0,4.0,104.0,3647.12,,3800.0,10.0,,,,,0.0,0,,,3,4851d4e0-c583-455d-80f5-4dad0f16a7b8,https://london-trader-6b45bffdcd02.herokuapp.com,wss://london-trader-6b45bffdcd02.herokuapp.com,,1,4,ghp,gamified,human_only,0.0,0,15,"[8.0, 4.0, 20.0, 8.0, 8.0, 20.0, 20.0, 4.0, 20.0, 4.0, 20.0, 0.0, 8.0, 8.0, 8.0, 8.0, 8.0, 4.0, 4.0, 20.0, 0.0, 0.0, 8.0, 4.0, 4.0, 4.0, 20.0, 8.0, 8.0, 0.0, 8.0, 4.0, 4.0]",85.0,85.0,10,mn8370qr,,,,,0
15,5g1om6y0,,0,308,307,post_exp,FinalForProlific,2026-05-20 19:25:41.271633,1,,,6308.0,3,,0.0,5928606e-bea5-4739-9b23-b2d9b8f761d7,4747.75,15.0,4.0,60.0,4807.75,,2600.0,20.0,,,,,0.0,0,,,3,4851d4e0-c583-455d-80f5-4dad0f16a7b8,https://london-trader-6b45bffdcd02.herokuapp.com,wss://london-trader-6b45bffdcd02.herokuapp.com,,1,4,ghp,gamified,human_only,0.0,0,15,"[8.0, 4.0, 20.0, 8.0, 8.0, 20.0, 20.0, 4.0, 20.0, 4.0, 20.0, 0.0, 8.0, 8.0, 8.0, 8.0, 8.0, 4.0, 4.0, 20.0, 0.0, 0.0, 8.0, 4.0, 4.0, 4.0, 20.0, 8.0, 8.0, 0.0, 8.0, 4.0, 4.0]",85.0,85.0,10,mn8370qr,,,,,0
16,ry1l466x,,0,308,307,post_exp,FinalForProlific,2026-05-20 19:25:41.277077,1,,,5341.0,4,,0.0,cd396e23-29b0-4959-892c-0254e89f3546,5012.13,6.0,4.0,24.0,5036.13,,3800.0,10.0,,,,,0.0,0,,,3,4851d4e0-c583-455d-80f5-4dad0f16a7b8,https://london-trader-6b45bffdcd02.herokuapp.com,wss://london-trader-6b45bffdcd02.herokuapp.com,,1,4,ghp,gamified,human_only,0.0,0,15,"[8.0, 4.0, 20.0, 8.0, 8.0, 20.0, 20.0, 4.0, 20.0, 4.0, 20.0, 0.0, 8.0, 8.0, 8.0, 8.0, 8.0, 4.0, 4.0, 20.0, 0.0, 0.0, 8.0, 4.0, 4.0, 4.0, 20.0, 8.0, 8.0, 0.0, 8.0, 4.0, 4.0]",85.0,85.0,10,mn8370qr,,,,,0
1,e4rzuiqc,,0,308,307,post_exp,FinalForProlific,2026-05-20 19:25:41.187444,1,,,5538.0,1,,0.0,6ab180f8-7112-4499-b7f9-b9540b122777,4602.0,16.0,20.0,320.0,4922.0,,2600.0,20.0,,,,,0.0,0,,,1,a05edde7-d925-45e5-bd12-37b4af942736,https://london-trader-6b45bffdcd02.herokuapp.com,wss://london-trader-6b45bffdcd02.herokuapp.com,,1,6,gh,hedonic_only,human_only,0.0,0,15,"[8.0, 4.0, 20.0, 8.0, 8.0, 20.0, 20.0, 4.0, 20.0, 4.0, 20.0, 0.0, 8.0, 8.0, 8.0, 8.0, 8.0, 4.0, 4.0, 20.0, 0.0, 0.0, 8.0, 4.0, 4.0, 4.0, 20.0, 8.0, 8.0, 0.0, 8.0, 4.0, 4.0]",125.0,125.0,11,mn8370qr,,,,,0
2,j6o1gu35,,0,308,307,post_exp,FinalForProlific,2026-05-20 19:25:41.199388,1,,,1136.0,2,,0.0,73efef72-11c9-496a-80d8-178d281ae4d1,3641.0,17.0,20.0,340.0,3981.0,,3800.0,10.0,,,,,0.0,0,,,1,a05edde7-d925-45e5-bd12-37b4af942736,https://london-trader-6b45bffdcd02.herokuapp.com,wss://london-trader-6b45bffdcd02.herokuapp.com,,1,6,gh,hedonic_only,human_only,0.0,0,15,"[8.0, 4.0, 20.0, 8.0, 8.0, 20.0, 20.0, 4.0, 20.0, 4.0, 20.0, 0.0, 8.0, 8.0, 8.0, 8.0, 8.0, 4.0, 4.0, 20.0, 0.0, 0.0, 8.0, 4.0, 4.0, 4.0, 20.0, 8.0, 8.0, 0.0, 8.0, 4.0, 4.0]",125.0,125.0,11,mn8370qr,,,,,0
3,z9n52ebr,,0,308,307,post_exp,FinalForProlific,2026-05-20 19:25:41.205068,1,,,5326.0,3,,0.0,c8eb7dce-7793-4314-ad7f-d135dbb2ba47,4238.5,22.0,20.0,440.0,4678.5,,2600.0,20.0,,,,,0.0,0,,,1,a05edde7-d925-45e5-bd12-37b4af942736,https://london-trader-6b45bffdcd02.herokuapp.com,wss://london-trader-6b45bffdcd02.herokuapp.com,,1,6,gh,hedonic_only,human_only,0.0,0,15,"[8.0, 4.0, 20.0, 8.0, 8.0, 20.0, 20.0, 4.0, 20.0, 4.0, 20.0, 0.0, 8.0, 8.0, 8.0, 8.0, 8.0, 4.0, 4.0, 20.0, 0.0, 0.0, 8.0, 4.0, 4.0, 4.0, 20.0, 8.0, 8.0, 0.0, 8.0, 4.0, 4.0]",125.0,125.0,11,mn8370qr,,,,,0
4,lh92b709,,0,308,307,post_exp,FinalForProlific,2026-05-20 19:25:41.210764,1,,,5744.0,4,,0.0,0c8329d9-01d0-4ade-9746-adcd76979d55,5042.0,11.0,20.0,220.0,5262.0,,3800.0,10.0,,,,,0.0,0,,,1,a05edde7-d925-45e5-bd12-37b4af942736,https://london-trader-6b45bffdcd02.herokuapp.com,wss://london-trader-6b45bffdcd02.herokuapp.com,,1,6,gh,hedonic_only,human_only,0.0,0,15,"[8.0, 4.0, 20.0, 8.0, 8.0, 20.0, 20.0, 4.0, 20.0, 4.0, 20.0, 0.0, 8.0, 8.0, 8.0, 8.0, 8.0, 4.0, 4.0, 20.0, 0.0, 0.0, 8.0, 4.0, 4.0, 4.0, 20.0, 8.0, 8.0, 0.0, 8.0, 4.0, 4.0]",125.0,125.0,11,mn8370qr,,,,,0
5,729v3r7i,,0,308,307,post_exp,FinalForProlific,2026-05-20 19:25:41.216438,1,,,5824.0,5,,0.0,f5a1d5e6-a183-421a-a699-8e50db4fb1c8,4850.5,16.0,20.0,320.0,5170.5,,2600.0,20.0,,,,,0.0,0,,,1,a05edde7-d925-45e5-bd12-37b4af942736,https://london-trader-6b45bffdcd02.herokuapp.com,wss://london-trader-6b45bffdcd02.herokuapp.com,,1,6,gh,hedonic_only,human_only,0.0,0,15,"[8.0, 4.0, 20.0, 8.0, 8.0, 20.0, 20.0, 4.0, 20.0, 4.0, 20.0, 0.0, 8.0, 8.0, 8.0, 8.0, 8.0, 4.0, 4.0, 20.0, 0.0, 0.0, 8.0, 4.0, 4.0, 4.0, 20.0, 8.0, 8.0, 0.0, 8.0, 4.0, 4.0]",125.0,125.0,11,mn8370qr,,,,,0
6,aac2mc3k,,0,308,307,post_exp,FinalForProlific,2026-05-20 19:25:41.222017,1,,,5288.0,6,,0.0,8eb4c26e-1145-412e-a646-d50005ec9ba2,4550.0,10.0,20.0,200.0,4750.0,,3800.0,10.0,,,,,0.0,0,,,1,a05edde7-d925-45e5-bd12-37b4af942736,https://london-trader-6b45bffdcd02.herokuapp.com,wss://london-trader-6b45bffdcd02.herokuapp.com,,1,6,gh,hedonic_only,human_only,0.0,0,15,"[8.0, 4.0, 20.0, 8.0, 8.0, 20.0, 20.0, 4.0, 20.0, 4.0, 20.0, 0.0, 8.0, 8.0, 8.0, 8.0, 8.0, 4.0, 4.0, 20.0, 0.0, 0.0, 8.0, 4.0, 4.0, 4.0, 20.0, 8.0, 8.0, 0.0, 8.0, 4.0, 4.0]",125.0,125.0,11,mn8370qr,,,,,0
7,bs9r1rdm,,0,308,307,post_exp,FinalForProlific,2026-05-20 19:25:41.227334,1,,,4422.0,1,,0.0,8bcaf73d-b674-4326-bd4f-acb83b510b57,3492.6700000000005,12.0,20.0,240.0,3732.6700000000005,,2600.0,20.0,,,,,0.0,0,,,2,98308155-5ef4-4781-92b2-15de5ba68a70,https://london-trader-6b45bffdcd02.herokuapp.com,wss://london-trader-6b45bffdcd02.herokuapp.com,,1,6,gp,info_only,human_only,0.0,0,15,"[8.0, 4.0, 20.0, 8.0, 8.0, 20.0, 20.0, 4.0, 20.0, 4.0, 20.0, 0.0, 8.0, 8.0, 8.0, 8.0, 8.0, 4.0, 4.0, 20.0, 0.0, 0.0, 8.0, 4.0, 4.0, 4.0, 20.0, 8.0, 8.0, 0.0, 8.0, 4.0, 4.0]",60.5,60.5,11,mn8370qr,,,,,0
8,9uh6p1vm,,0,308,307,post_exp,FinalForProlific,2026-05-20 19:25:41.233246,1,,,5926.0,2,,0.0,bc3147b7-5256-41ba-98cd-f8ffcee3c4a6,4714.06,14.0,20.0,280.0,4994.06,,3800.0,10.0,,,,,0.0,0,,,2,98308155-5ef4-4781-92b2-15de5ba68a70,https://london-trader-6b45bffdcd02.herokuapp.com,wss://london-trader-6b45bffdcd02.herokuapp.com,,1,6,gp,info_only,human_only,0.0,0,15,"[8.0, 4.0, 20.0, 8.0, 8.0, 20.0, 20.0, 4.0, 20.0, 4.0, 20.0, 0.0, 8.0, 8.0, 8.0, 8.0, 8.0, 4.0, 4.0, 20.0, 0.0, 0.0, 8.0, 4.0, 4.0, 4.0, 20.0, 8.0, 8.0, 0.0, 8.0, 4.0, 4.0]",60.5,60.5,11,mn8370qr,,,,,0
9,kb2z64e8,,0,308,307,post_exp,FinalForProlific,2026-05-20 19:25:41.238889,1,,,6101.0,3,,0.0,22db997d-e3e3-4d59-aae0-6cf6af50ce83,4929.37,15.0,20.0,300.0,5229.37,,2600.0,20.0,,,,,0.0,0,,,2,98308155-5ef4-4781-92b2-15de5ba68a70,https://london-trader-6b45bffdcd02.herokuapp.com,wss://london-trader-6b45bffdcd02.herokuapp.com,,1,6,gp,info_only,human_only,0.0,0,15,"[8.0, 4.0, 20.0, 8.0, 8.0, 20.0, 20.0, 4.0, 20.0, 4.0, 20.0, 0.0, 8.0, 8.0, 8.0, 8.0, 8.0, 4.0, 4.0, 20.0, 0.0, 0.0, 8.0, 4.0, 4.0, 4.0, 20.0, 8.0, 8.0, 0.0, 8.0, 4.0, 4.0]",60.5,60.5,11,mn8370qr,,,,,0
10,ai0il249,,0,308,307,post_exp,FinalForProlific,2026-05-20 19:25:41.244342,1,,,5172.0,4,,0.0,f31a815e-6425-437b-901f-67ac478997d1,4459.0,23.0,20.0,460.0,4919.0,,3800.0,10.0,,,,,0.0,0,,,2,98308155-5ef4-4781-92b2-15de5ba68a70,https://london-trader-6b45bffdcd02.herokuapp.com,wss://london-trader-6b45bffdcd02.herokuapp.com,,1,6,gp,info_only,human_only,0.0,0,15,"[8.0, 4.0, 20.0, 8.0, 8.0, 20.0, 20.0, 4.0, 20.0, 4.0, 20.0, 0.0, 8.0, 8.0, 8.0, 8.0, 8.0, 4.0, 4.0, 20.0, 0.0, 0.0, 8.0, 4.0, 4.0, 4.0, 20.0, 8.0, 8.0, 0.0, 8.0, 4.0, 4.0]",60.5,60.5,11,mn8370qr,,,,,0
11,pqnknbrr,,0,308,307,post_exp,FinalForProlific,2026-05-20 19:25:41.249954,1,,,4810.0,5,,0.0,e33cbc6c-84e2-461b-b46a-773696dbb034,4329.9,24.0,20.0,480.0,4809.9,,2600.0,20.0,,,,,0.0,0,,,2,98308155-5ef4-4781-92b2-15de5ba68a70,https://london-trader-6b45bffdcd02.herokuapp.com,wss://london-trader-6b45bffdcd02.herokuapp.com,,1,6,gp,info_only,human_only,0.0,0,15,"[8.0, 4.0, 20.0, 8.0, 8.0, 20.0, 20.0, 4.0, 20.0, 4.0, 20.0, 0.0, 8.0, 8.0, 8.0, 8.0, 8.0, 4.0, 4.0, 20.0, 0.0, 0.0, 8.0, 4.0, 4.0, 4.0, 20.0, 8.0, 8.0, 0.0, 8.0, 4.0, 4.0]",60.5,60.5,11,mn8370qr,,,,,0
12,whc9aveo,,0,308,307,post_exp,FinalForProlific,2026-05-20 19:25:41.255262,1,,,6139.0,6,,0.0,f2e7f80c-211c-4c81-bc5c-0ba136ad3833,5187.0,12.0,20.0,240.0,5427.0,,3800.0,10.0,,,,,0.0,0,,,2,98308155-5ef4-4781-92b2-15de5ba68a70,https://london-trader-6b45bffdcd02.herokuapp.com,wss://london-trader-6b45bffdcd02.herokuapp.com,,1,6,gp,info_only,human_only,0.0,0,15,"[8.0, 4.0, 20.0, 8.0, 8.0, 20.0, 20.0, 4.0, 20.0, 4.0, 20.0, 0.0, 8.0, 8.0, 8.0, 8.0, 8.0, 4.0, 4.0, 20.0, 0.0, 0.0, 8.0, 4.0, 4.0, 4.0, 20.0, 8.0, 8.0, 0.0, 8.0, 4.0, 4.0]",60.5,60.5,11,mn8370qr,,,,,0
13,51q1wtqi,,0,308,307,post_exp,FinalForProlific,2026-05-20 19:25:41.260557,1,,,6081.0,1,,0.0,4aca7b41-4748-4b31-bf59-7eef6f6ceb29,4729.0,14.0,20.0,280.0,5009.0,,2600.0,20.0,,,,,0.0,0,,,3,4851d4e0-c583-455d-80f5-4dad0f16a7b8,https://london-trader-6b45bffdcd02.herokuapp.com,wss://london-trader-6b45bffdcd02.herokuapp.com,,1,4,ghp,gamified,human_only,0.0,0,15,"[8.0, 4.0, 20.0, 8.0, 8.0, 20.0, 20.0, 4.0, 20.0, 4.0, 20.0, 0.0, 8.0, 8.0, 8.0, 8.0, 8.0, 4.0, 4.0, 20.0, 0.0, 0.0, 8.0, 4.0, 4.0, 4.0, 20.0, 8.0, 8.0, 0.0, 8.0, 4.0, 4.0]",84.0,84.0,11,mn8370qr,,,,,0
14,q9v4q54j,,0,308,307,post_exp,FinalForProlific,2026-05-20 19:25:41.266013,1,,,4846.0,2,,0.0,2aca63e0-cbd2-482b-b42a-0dc66ecc3720,3563.12,27.0,20.0,540.0,4103.12,,3800.0,10.0,,,,,0.0,0,,,3,4851d4e0-c583-455d-80f5-4dad0f16a7b8,https://london-trader-6b45bffdcd02.herokuapp.com,wss://london-trader-6b45bffdcd02.herokuapp.com,,1,4,ghp,gamified,human_only,0.0,0,15,"[8.0, 4.0, 20.0, 8.0, 8.0, 20.0, 20.0, 4.0, 20.0, 4.0, 20.0, 0.0, 8.0, 8.0, 8.0, 8.0, 8.0, 4.0, 4.0, 20.0, 0.0, 0.0, 8.0, 4.0, 4.0, 4.0, 20.0, 8.0, 8.0, 0.0, 8.0, 4.0, 4.0]",84.0,84.0,11,mn8370qr,,,,,0
15,5g1om6y0,,0,308,307,post_exp,FinalForProlific,2026-05-20 19:25:41.271633,1,,,6308.0,3,,0.0,5928606e-bea5-4739-9b23-b2d9b8f761d7,4807.75,16.0,20.0,320.0,5127.75,,2600.0,20.0,,,,,0.0,0,,,3,4851d4e0-c583-455d-80f5-4dad0f16a7b8,https://london-trader-6b45bffdcd02.herokuapp.com,wss://london-trader-6b45bffdcd02.herokuapp.com,,1,4,ghp,gamified,human_only,0.0,0,15,"[8.0, 4.0, 20.0, 8.0, 8.0, 20.0, 20.0, 4.0, 20.0, 4.0, 20.0, 0.0, 8.0, 8.0, 8.0, 8.0, 8.0, 4.0, 4.0, 20.0, 0.0, 0.0, 8.0, 4.0, 4.0, 4.0, 20.0, 8.0, 8.0, 0.0, 8.0, 4.0, 4.0]",84.0,84.0,11,mn8370qr,,,,,0
16,ry1l466x,,0,308,307,post_exp,FinalForProlific,2026-05-20 19:25:41.277077,1,,,5341.0,4,,0.0,cd396e23-29b0-4959-892c-0254e89f3546,5036.13,5.0,20.0,100.0,5136.13,,3800.0,10.0,,,,,0.0,0,,,3,4851d4e0-c583-455d-80f5-4dad0f16a7b8,https://london-trader-6b45bffdcd02.herokuapp.com,wss://london-trader-6b45bffdcd02.herokuapp.com,,1,4,ghp,gamified,human_only,0.0,0,15,"[8.0, 4.0, 20.0, 8.0, 8.0, 20.0, 20.0, 4.0, 20.0, 4.0, 20.0, 0.0, 8.0, 8.0, 8.0, 8.0, 8.0, 4.0, 4.0, 20.0, 0.0, 0.0, 8.0, 4.0, 4.0, 4.0, 20.0, 8.0, 8.0, 0.0, 8.0, 4.0, 4.0]",84.0,84.0,11,mn8370qr,,,,,0
1,e4rzuiqc,,0,308,307,post_exp,FinalForProlific,2026-05-20 19:25:41.187444,1,,,5538.0,1,,0.0,6ab180f8-7112-4499-b7f9-b9540b122777,5154.0,14.0,0.0,0.0,5154.0,,2600.0,20.0,56.0,5,"{""forecast_price_next_day"":56,""forecast_confidence_next_day"":5}",120.0,0.0,1,,,1,a05edde7-d925-45e5-bd12-37b4af942736,https://london-trader-6b45bffdcd02.herokuapp.com,wss://london-trader-6b45bffdcd02.herokuapp.com,,1,6,gh,hedonic_only,human_only,0.0,0,15,"[8.0, 4.0, 20.0, 8.0, 8.0, 20.0, 20.0, 4.0, 20.0, 4.0, 20.0, 0.0, 8.0, 8.0, 8.0, 8.0, 8.0, 4.0, 4.0, 20.0, 0.0, 0.0, 8.0, 4.0, 4.0, 4.0, 20.0, 8.0, 8.0, 0.0, 8.0, 4.0, 4.0]",123.0,123.0,12,mn8370qr,,,,,0
2,j6o1gu35,,0,308,307,post_exp,FinalForProlific,2026-05-20 19:25:41.199388,1,,,1136.0,2,,0.0,73efef72-11c9-496a-80d8-178d281ae4d1,3728.0,20.0,0.0,0.0,3728.0,,3800.0,10.0,3800.0,4,"{""forecast_price_next_day"":3800,""forecast_confidence_next_day"":4}",120.0,0.0,1,,,1,a05edde7-d925-45e5-bd12-37b4af942736,https://london-trader-6b45bffdcd02.herokuapp.com,wss://london-trader-6b45bffdcd02.herokuapp.com,,1,6,gh,hedonic_only,human_only,0.0,0,15,"[8.0, 4.0, 20.0, 8.0, 8.0, 20.0, 20.0, 4.0, 20.0, 4.0, 20.0, 0.0, 8.0, 8.0, 8.0, 8.0, 8.0, 4.0, 4.0, 20.0, 0.0, 0.0, 8.0, 4.0, 4.0, 4.0, 20.0, 8.0, 8.0, 0.0, 8.0, 4.0, 4.0]",123.0,123.0,12,mn8370qr,,,,,0
3,z9n52ebr,,0,308,307,post_exp,FinalForProlific,2026-05-20 19:25:41.205068,1,,,5326.0,3,,0.0,c8eb7dce-7793-4314-ad7f-d135dbb2ba47,4686.5,23.0,0.0,0.0,4686.5,,2600.0,20.0,100.0,3,"{""forecast_price_next_day"":100,""forecast_confidence_next_day"":3}",120.0,0.0,1,,,1,a05edde7-d925-45e5-bd12-37b4af942736,https://london-trader-6b45bffdcd02.herokuapp.com,wss://london-trader-6b45bffdcd02.herokuapp.com,,1,6,gh,hedonic_only,human_only,0.0,0,15,"[8.0, 4.0, 20.0, 8.0, 8.0, 20.0, 20.0, 4.0, 20.0, 4.0, 20.0, 0.0, 8.0, 8.0, 8.0, 8.0, 8.0, 4.0, 4.0, 20.0, 0.0, 0.0, 8.0, 4.0, 4.0, 4.0, 20.0, 8.0, 8.0, 0.0, 8.0, 4.0, 4.0]",123.0,123.0,12,mn8370qr,,,,,0
4,lh92b709,,0,308,307,post_exp,FinalForProlific,2026-05-20 19:25:41.210764,1,,,5744.0,4,,0.0,0c8329d9-01d0-4ade-9746-adcd76979d55,4900.0,14.0,0.0,0.0,4900.0,,3800.0,10.0,123.0,4,"{""forecast_price_next_day"":123,""forecast_confidence_next_day"":4}",120.0,20.0,1,,,1,a05edde7-d925-45e5-bd12-37b4af942736,https://london-trader-6b45bffdcd02.herokuapp.com,wss://london-trader-6b45bffdcd02.herokuapp.com,,1,6,gh,hedonic_only,human_only,0.0,0,15,"[8.0, 4.0, 20.0, 8.0, 8.0, 20.0, 20.0, 4.0, 20.0, 4.0, 20.0, 0.0, 8.0, 8.0, 8.0, 8.0, 8.0, 4.0, 4.0, 20.0, 0.0, 0.0, 8.0, 4.0, 4.0, 4.0, 20.0, 8.0, 8.0, 0.0, 8.0, 4.0, 4.0]",123.0,123.0,12,mn8370qr,,,,,0
5,729v3r7i,,0,308,307,post_exp,FinalForProlific,2026-05-20 19:25:41.216438,1,,,5824.0,5,,0.0,f5a1d5e6-a183-421a-a699-8e50db4fb1c8,5790.5,10.0,0.0,0.0,5790.5,,2600.0,20.0,100.0,4,"{""forecast_price_next_day"":100,""forecast_confidence_next_day"":4}",120.0,0.0,1,,,1,a05edde7-d925-45e5-bd12-37b4af942736,https://london-trader-6b45bffdcd02.herokuapp.com,wss://london-trader-6b45bffdcd02.herokuapp.com,,1,6,gh,hedonic_only,human_only,0.0,0,15,"[8.0, 4.0, 20.0, 8.0, 8.0, 20.0, 20.0, 4.0, 20.0, 4.0, 20.0, 0.0, 8.0, 8.0, 8.0, 8.0, 8.0, 4.0, 4.0, 20.0, 0.0, 0.0, 8.0, 4.0, 4.0, 4.0, 20.0, 8.0, 8.0, 0.0, 8.0, 4.0, 4.0]",123.0,123.0,12,mn8370qr,,,,,0
6,aac2mc3k,,0,308,307,post_exp,FinalForProlific,2026-05-20 19:25:41.222017,1,,,5288.0,6,,0.0,8eb4c26e-1145-412e-a646-d50005ec9ba2,4505.0,12.0,0.0,0.0,4505.0,,3800.0,10.0,110.0,2,"{""forecast_confidence_next_day"":2,""forecast_price_next_day"":110}",120.0,0.0,1,,,1,a05edde7-d925-45e5-bd12-37b4af942736,https://london-trader-6b45bffdcd02.herokuapp.com,wss://london-trader-6b45bffdcd02.herokuapp.com,,1,6,gh,hedonic_only,human_only,0.0,0,15,"[8.0, 4.0, 20.0, 8.0, 8.0, 20.0, 20.0, 4.0, 20.0, 4.0, 20.0, 0.0, 8.0, 8.0, 8.0, 8.0, 8.0, 4.0, 4.0, 20.0, 0.0, 0.0, 8.0, 4.0, 4.0, 4.0, 20.0, 8.0, 8.0, 0.0, 8.0, 4.0, 4.0]",123.0,123.0,12,mn8370qr,,,,,0
7,bs9r1rdm,,0,308,307,post_exp,FinalForProlific,2026-05-20 19:25:41.227334,1,,,4422.0,1,,0.0,8bcaf73d-b674-4326-bd4f-acb83b510b57,3458.7900000000004,13.0,0.0,0.0,3458.7900000000004,,2600.0,20.0,60.0,4,"{""forecast_price_next_day"":60,""forecast_confidence_next_day"":4}",55.88,0.0,1,,,2,98308155-5ef4-4781-92b2-15de5ba68a70,https://london-trader-6b45bffdcd02.herokuapp.com,wss://london-trader-6b45bffdcd02.herokuapp.com,,1,6,gp,info_only,human_only,0.0,0,15,"[8.0, 4.0, 20.0, 8.0, 8.0, 20.0, 20.0, 4.0, 20.0, 4.0, 20.0, 0.0, 8.0, 8.0, 8.0, 8.0, 8.0, 4.0, 4.0, 20.0, 0.0, 0.0, 8.0, 4.0, 4.0, 4.0, 20.0, 8.0, 8.0, 0.0, 8.0, 4.0, 4.0]",49.0,49.0,12,mn8370qr,,,,,0
8,9uh6p1vm,,0,308,307,post_exp,FinalForProlific,2026-05-20 19:25:41.233246,1,,,5926.0,2,,0.0,bc3147b7-5256-41ba-98cd-f8ffcee3c4a6,5140.31,13.0,0.0,0.0,5140.31,,3800.0,10.0,58.0,3,"{""forecast_price_next_day"":57.856,""forecast_confidence_next_day"":3}",55.88,20.0,1,,,2,98308155-5ef4-4781-92b2-15de5ba68a70,https://london-trader-6b45bffdcd02.herokuapp.com,wss://london-trader-6b45bffdcd02.herokuapp.com,,1,6,gp,info_only,human_only,0.0,0,15,"[8.0, 4.0, 20.0, 8.0, 8.0, 20.0, 20.0, 4.0, 20.0, 4.0, 20.0, 0.0, 8.0, 8.0, 8.0, 8.0, 8.0, 4.0, 4.0, 20.0, 0.0, 0.0, 8.0, 4.0, 4.0, 4.0, 20.0, 8.0, 8.0, 0.0, 8.0, 4.0, 4.0]",49.0,49.0,12,mn8370qr,,,,,0
9,kb2z64e8,,0,308,307,post_exp,FinalForProlific,2026-05-20 19:25:41.238889,1,,,6101.0,3,,0.0,22db997d-e3e3-4d59-aae0-6cf6af50ce83,5467.37,10.0,0.0,0.0,5467.37,,2600.0,20.0,40.0,5,"{""forecast_price_next_day"":40,""forecast_confidence_next_day"":5}",55.88,0.0,1,,,2,98308155-5ef4-4781-92b2-15de5ba68a70,https://london-trader-6b45bffdcd02.herokuapp.com,wss://london-trader-6b45bffdcd02.herokuapp.com,,1,6,gp,info_only,human_only,0.0,0,15,"[8.0, 4.0, 20.0, 8.0, 8.0, 20.0, 20.0, 4.0, 20.0, 4.0, 20.0, 0.0, 8.0, 8.0, 8.0, 8.0, 8.0, 4.0, 4.0, 20.0, 0.0, 0.0, 8.0, 4.0, 4.0, 4.0, 20.0, 8.0, 8.0, 0.0, 8.0, 4.0, 4.0]",49.0,49.0,12,mn8370qr,,,,,0
10,ai0il249,,0,308,307,post_exp,FinalForProlific,2026-05-20 19:25:41.244342,1,,,5172.0,4,,0.0,f31a815e-6425-437b-901f-67ac478997d1,4920.38,22.0,0.0,0.0,4920.38,,3800.0,10.0,30.0,3,"{""forecast_price_next_day"":30,""forecast_confidence_next_day"":3}",55.88,0.0,1,,,2,98308155-5ef4-4781-92b2-15de5ba68a70,https://london-trader-6b45bffdcd02.herokuapp.com,wss://london-trader-6b45bffdcd02.herokuapp.com,,1,6,gp,info_only,human_only,0.0,0,15,"[8.0, 4.0, 20.0, 8.0, 8.0, 20.0, 20.0, 4.0, 20.0, 4.0, 20.0, 0.0, 8.0, 8.0, 8.0, 8.0, 8.0, 4.0, 4.0, 20.0, 0.0, 0.0, 8.0, 4.0, 4.0, 4.0, 20.0, 8.0, 8.0, 0.0, 8.0, 4.0, 4.0]",49.0,49.0,12,mn8370qr,,,,,0
11,pqnknbrr,,0,308,307,post_exp,FinalForProlific,2026-05-20 19:25:41.249954,1,,,4810.0,5,,0.0,e33cbc6c-84e2-461b-b46a-773696dbb034,4698.15,25.0,0.0,0.0,4698.15,,2600.0,20.0,40.0,2,"{""forecast_price_next_day"":40,""forecast_confidence_next_day"":2}",55.88,0.0,1,,,2,98308155-5ef4-4781-92b2-15de5ba68a70,https://london-trader-6b45bffdcd02.herokuapp.com,wss://london-trader-6b45bffdcd02.herokuapp.com,,1,6,gp,info_only,human_only,0.0,0,15,"[8.0, 4.0, 20.0, 8.0, 8.0, 20.0, 20.0, 4.0, 20.0, 4.0, 20.0, 0.0, 8.0, 8.0, 8.0, 8.0, 8.0, 4.0, 4.0, 20.0, 0.0, 0.0, 8.0, 4.0, 4.0, 4.0, 20.0, 8.0, 8.0, 0.0, 8.0, 4.0, 4.0]",49.0,49.0,12,mn8370qr,,,,,0
12,whc9aveo,,0,308,307,post_exp,FinalForProlific,2026-05-20 19:25:41.255262,1,,,6139.0,6,,0.0,f2e7f80c-211c-4c81-bc5c-0ba136ad3833,5427.0,13.0,0.0,0.0,5427.0,,3800.0,10.0,50.0,4,"{""forecast_price_next_day"":50,""forecast_confidence_next_day"":4}",55.88,0.0,1,,,2,98308155-5ef4-4781-92b2-15de5ba68a70,https://london-trader-6b45bffdcd02.herokuapp.com,wss://london-trader-6b45bffdcd02.herokuapp.com,,1,6,gp,info_only,human_only,0.0,0,15,"[8.0, 4.0, 20.0, 8.0, 8.0, 20.0, 20.0, 4.0, 20.0, 4.0, 20.0, 0.0, 8.0, 8.0, 8.0, 8.0, 8.0, 4.0, 4.0, 20.0, 0.0, 0.0, 8.0, 4.0, 4.0, 4.0, 20.0, 8.0, 8.0, 0.0, 8.0, 4.0, 4.0]",49.0,49.0,12,mn8370qr,,,,,0
13,51q1wtqi,,0,308,307,post_exp,FinalForProlific,2026-05-20 19:25:41.260557,1,,,6081.0,1,,0.0,4aca7b41-4748-4b31-bf59-7eef6f6ceb29,5160.0,12.0,0.0,0.0,5160.0,,2600.0,20.0,60.0,5,"{""forecast_price_next_day"":60,""forecast_confidence_next_day"":5}",72.5,0.0,1,,,3,4851d4e0-c583-455d-80f5-4dad0f16a7b8,https://london-trader-6b45bffdcd02.herokuapp.com,wss://london-trader-6b45bffdcd02.herokuapp.com,,1,4,ghp,gamified,human_only,0.0,0,15,"[8.0, 4.0, 20.0, 8.0, 8.0, 20.0, 20.0, 4.0, 20.0, 4.0, 20.0, 0.0, 8.0, 8.0, 8.0, 8.0, 8.0, 4.0, 4.0, 20.0, 0.0, 0.0, 8.0, 4.0, 4.0, 4.0, 20.0, 8.0, 8.0, 0.0, 8.0, 4.0, 4.0]",70.0,70.0,12,mn8370qr,,,,,0
14,q9v4q54j,,0,308,307,post_exp,FinalForProlific,2026-05-20 19:25:41.266013,1,,,4846.0,2,,0.0,2aca63e0-cbd2-482b-b42a-0dc66ecc3720,3872.12,29.0,0.0,0.0,3872.12,,3800.0,10.0,117.0,5,"{""forecast_price_next_day"":117,""forecast_confidence_next_day"":5}",72.5,0.0,1,,,3,4851d4e0-c583-455d-80f5-4dad0f16a7b8,https://london-trader-6b45bffdcd02.herokuapp.com,wss://london-trader-6b45bffdcd02.herokuapp.com,,1,4,ghp,gamified,human_only,0.0,0,15,"[8.0, 4.0, 20.0, 8.0, 8.0, 20.0, 20.0, 4.0, 20.0, 4.0, 20.0, 0.0, 8.0, 8.0, 8.0, 8.0, 8.0, 4.0, 4.0, 20.0, 0.0, 0.0, 8.0, 4.0, 4.0, 4.0, 20.0, 8.0, 8.0, 0.0, 8.0, 4.0, 4.0]",70.0,70.0,12,mn8370qr,,,,,0
15,5g1om6y0,,0,308,307,post_exp,FinalForProlific,2026-05-20 19:25:41.271633,1,,,6308.0,3,,0.0,5928606e-bea5-4739-9b23-b2d9b8f761d7,5286.75,16.0,0.0,0.0,5286.75,,2600.0,20.0,75.0,3,"{""forecast_price_next_day"":75,""forecast_confidence_next_day"":3}",72.5,20.0,1,,,3,4851d4e0-c583-455d-80f5-4dad0f16a7b8,https://london-trader-6b45bffdcd02.herokuapp.com,wss://london-trader-6b45bffdcd02.herokuapp.com,,1,4,ghp,gamified,human_only,0.0,0,15,"[8.0, 4.0, 20.0, 8.0, 8.0, 20.0, 20.0, 4.0, 20.0, 4.0, 20.0, 0.0, 8.0, 8.0, 8.0, 8.0, 8.0, 4.0, 4.0, 20.0, 0.0, 0.0, 8.0, 4.0, 4.0, 4.0, 20.0, 8.0, 8.0, 0.0, 8.0, 4.0, 4.0]",70.0,70.0,12,mn8370qr,,,,,0
16,ry1l466x,,0,308,307,post_exp,FinalForProlific,2026-05-20 19:25:41.277077,1,,,5341.0,4,,0.0,cd396e23-29b0-4959-892c-0254e89f3546,5057.13,6.0,0.0,0.0,5057.13,,3800.0,10.0,70.0,5,"{""forecast_price_next_day"":70,""forecast_confidence_next_day"":5}",72.5,20.0,1,,,3,4851d4e0-c583-455d-80f5-4dad0f16a7b8,https://london-trader-6b45bffdcd02.herokuapp.com,wss://london-trader-6b45bffdcd02.herokuapp.com,,1,4,ghp,gamified,human_only,0.0,0,15,"[8.0, 4.0, 20.0, 8.0, 8.0, 20.0, 20.0, 4.0, 20.0, 4.0, 20.0, 0.0, 8.0, 8.0, 8.0, 8.0, 8.0, 4.0, 4.0, 20.0, 0.0, 0.0, 8.0, 4.0, 4.0, 4.0, 20.0, 8.0, 8.0, 0.0, 8.0, 4.0, 4.0]",70.0,70.0,12,mn8370qr,,,,,0
1,e4rzuiqc,,0,308,307,post_exp,FinalForProlific,2026-05-20 19:25:41.187444,1,,,5538.0,1,,0.0,6ab180f8-7112-4499-b7f9-b9540b122777,5264.0,13.0,8.0,104.0,5368.0,,2600.0,20.0,,,,,0.0,0,,,1,a05edde7-d925-45e5-bd12-37b4af942736,https://london-trader-6b45bffdcd02.herokuapp.com,wss://london-trader-6b45bffdcd02.herokuapp.com,,1,6,gh,hedonic_only,human_only,0.0,0,15,"[8.0, 4.0, 20.0, 8.0, 8.0, 20.0, 20.0, 4.0, 20.0, 4.0, 20.0, 0.0, 8.0, 8.0, 8.0, 8.0, 8.0, 4.0, 4.0, 20.0, 0.0, 0.0, 8.0, 4.0, 4.0, 4.0, 20.0, 8.0, 8.0, 0.0, 8.0, 4.0, 4.0]",120.0,120.0,13,mn8370qr,,,,,0
2,j6o1gu35,,0,308,307,post_exp,FinalForProlific,2026-05-20 19:25:41.199388,1,,,1136.0,2,,0.0,73efef72-11c9-496a-80d8-178d281ae4d1,3794.0,18.0,8.0,144.0,3938.0,,3800.0,10.0,,,,,0.0,0,,,1,a05edde7-d925-45e5-bd12-37b4af942736,https://london-trader-6b45bffdcd02.herokuapp.com,wss://london-trader-6b45bffdcd02.herokuapp.com,,1,6,gh,hedonic_only,human_only,0.0,0,15,"[8.0, 4.0, 20.0, 8.0, 8.0, 20.0, 20.0, 4.0, 20.0, 4.0, 20.0, 0.0, 8.0, 8.0, 8.0, 8.0, 8.0, 4.0, 4.0, 20.0, 0.0, 0.0, 8.0, 4.0, 4.0, 4.0, 20.0, 8.0, 8.0, 0.0, 8.0, 4.0, 4.0]",120.0,120.0,13,mn8370qr,,,,,0
3,z9n52ebr,,0,308,307,post_exp,FinalForProlific,2026-05-20 19:25:41.205068,1,,,5326.0,3,,0.0,c8eb7dce-7793-4314-ad7f-d135dbb2ba47,4830.5,22.0,8.0,176.0,5006.5,,2600.0,20.0,,,,,0.0,0,,,1,a05edde7-d925-45e5-bd12-37b4af942736,https://london-trader-6b45bffdcd02.herokuapp.com,wss://london-trader-6b45bffdcd02.herokuapp.com,,1,6,gh,hedonic_only,human_only,0.0,0,15,"[8.0, 4.0, 20.0, 8.0, 8.0, 20.0, 20.0, 4.0, 20.0, 4.0, 20.0, 0.0, 8.0, 8.0, 8.0, 8.0, 8.0, 4.0, 4.0, 20.0, 0.0, 0.0, 8.0, 4.0, 4.0, 4.0, 20.0, 8.0, 8.0, 0.0, 8.0, 4.0, 4.0]",120.0,120.0,13,mn8370qr,,,,,0
4,lh92b709,,0,308,307,post_exp,FinalForProlific,2026-05-20 19:25:41.210764,1,,,5744.0,4,,0.0,0c8329d9-01d0-4ade-9746-adcd76979d55,4670.0,15.0,8.0,120.0,4790.0,,3800.0,10.0,,,,,0.0,0,,,1,a05edde7-d925-45e5-bd12-37b4af942736,https://london-trader-6b45bffdcd02.herokuapp.com,wss://london-trader-6b45bffdcd02.herokuapp.com,,1,6,gh,hedonic_only,human_only,0.0,0,15,"[8.0, 4.0, 20.0, 8.0, 8.0, 20.0, 20.0, 4.0, 20.0, 4.0, 20.0, 0.0, 8.0, 8.0, 8.0, 8.0, 8.0, 4.0, 4.0, 20.0, 0.0, 0.0, 8.0, 4.0, 4.0, 4.0, 20.0, 8.0, 8.0, 0.0, 8.0, 4.0, 4.0]",120.0,120.0,13,mn8370qr,,,,,0
5,729v3r7i,,0,308,307,post_exp,FinalForProlific,2026-05-20 19:25:41.216438,1,,,5824.0,5,,0.0,f5a1d5e6-a183-421a-a699-8e50db4fb1c8,5810.5,11.0,8.0,88.0,5898.5,,2600.0,20.0,,,,,0.0,0,,,1,a05edde7-d925-45e5-bd12-37b4af942736,https://london-trader-6b45bffdcd02.herokuapp.com,wss://london-trader-6b45bffdcd02.herokuapp.com,,1,6,gh,hedonic_only,human_only,0.0,0,15,"[8.0, 4.0, 20.0, 8.0, 8.0, 20.0, 20.0, 4.0, 20.0, 4.0, 20.0, 0.0, 8.0, 8.0, 8.0, 8.0, 8.0, 4.0, 4.0, 20.0, 0.0, 0.0, 8.0, 4.0, 4.0, 4.0, 20.0, 8.0, 8.0, 0.0, 8.0, 4.0, 4.0]",120.0,120.0,13,mn8370qr,,,,,0
6,aac2mc3k,,0,308,307,post_exp,FinalForProlific,2026-05-20 19:25:41.222017,1,,,5288.0,6,,0.0,8eb4c26e-1145-412e-a646-d50005ec9ba2,4395.0,14.0,8.0,112.0,4507.0,,3800.0,10.0,,,,,0.0,0,,,1,a05edde7-d925-45e5-bd12-37b4af942736,https://london-trader-6b45bffdcd02.herokuapp.com,wss://london-trader-6b45bffdcd02.herokuapp.com,,1,6,gh,hedonic_only,human_only,0.0,0,15,"[8.0, 4.0, 20.0, 8.0, 8.0, 20.0, 20.0, 4.0, 20.0, 4.0, 20.0, 0.0, 8.0, 8.0, 8.0, 8.0, 8.0, 4.0, 4.0, 20.0, 0.0, 0.0, 8.0, 4.0, 4.0, 4.0, 20.0, 8.0, 8.0, 0.0, 8.0, 4.0, 4.0]",120.0,120.0,13,mn8370qr,,,,,0
7,bs9r1rdm,,0,308,307,post_exp,FinalForProlific,2026-05-20 19:25:41.227334,1,,,4422.0,1,,0.0,8bcaf73d-b674-4326-bd4f-acb83b510b57,3453.4100000000003,13.0,8.0,104.0,3557.4100000000003,,2600.0,20.0,,,,,0.0,0,,,2,98308155-5ef4-4781-92b2-15de5ba68a70,https://london-trader-6b45bffdcd02.herokuapp.com,wss://london-trader-6b45bffdcd02.herokuapp.com,,1,6,gp,info_only,human_only,0.0,0,15,"[8.0, 4.0, 20.0, 8.0, 8.0, 20.0, 20.0, 4.0, 20.0, 4.0, 20.0, 0.0, 8.0, 8.0, 8.0, 8.0, 8.0, 4.0, 4.0, 20.0, 0.0, 0.0, 8.0, 4.0, 4.0, 4.0, 20.0, 8.0, 8.0, 0.0, 8.0, 4.0, 4.0]",55.88,55.88,13,mn8370qr,,,,,0
8,9uh6p1vm,,0,308,307,post_exp,FinalForProlific,2026-05-20 19:25:41.233246,1,,,5926.0,2,,0.0,bc3147b7-5256-41ba-98cd-f8ffcee3c4a6,4621.18,21.0,8.0,168.0,4789.18,,3800.0,10.0,,,,,0.0,0,,,2,98308155-5ef4-4781-92b2-15de5ba68a70,https://london-trader-6b45bffdcd02.herokuapp.com,wss://london-trader-6b45bffdcd02.herokuapp.com,,1,6,gp,info_only,human_only,0.0,0,15,"[8.0, 4.0, 20.0, 8.0, 8.0, 20.0, 20.0, 4.0, 20.0, 4.0, 20.0, 0.0, 8.0, 8.0, 8.0, 8.0, 8.0, 4.0, 4.0, 20.0, 0.0, 0.0, 8.0, 4.0, 4.0, 4.0, 20.0, 8.0, 8.0, 0.0, 8.0, 4.0, 4.0]",55.88,55.88,13,mn8370qr,,,,,0
9,kb2z64e8,,0,308,307,post_exp,FinalForProlific,2026-05-20 19:25:41.238889,1,,,6101.0,3,,0.0,22db997d-e3e3-4d59-aae0-6cf6af50ce83,5586.37,7.0,8.0,56.0,5642.37,,2600.0,20.0,,,,,0.0,0,,,2,98308155-5ef4-4781-92b2-15de5ba68a70,https://london-trader-6b45bffdcd02.herokuapp.com,wss://london-trader-6b45bffdcd02.herokuapp.com,,1,6,gp,info_only,human_only,0.0,0,15,"[8.0, 4.0, 20.0, 8.0, 8.0, 20.0, 20.0, 4.0, 20.0, 4.0, 20.0, 0.0, 8.0, 8.0, 8.0, 8.0, 8.0, 4.0, 4.0, 20.0, 0.0, 0.0, 8.0, 4.0, 4.0, 4.0, 20.0, 8.0, 8.0, 0.0, 8.0, 4.0, 4.0]",55.88,55.88,13,mn8370qr,,,,,0
10,ai0il249,,0,308,307,post_exp,FinalForProlific,2026-05-20 19:25:41.244342,1,,,5172.0,4,,0.0,f31a815e-6425-437b-901f-67ac478997d1,5142.51,19.0,8.0,152.0,5294.51,,3800.0,10.0,,,,,0.0,0,,,2,98308155-5ef4-4781-92b2-15de5ba68a70,https://london-trader-6b45bffdcd02.herokuapp.com,wss://london-trader-6b45bffdcd02.herokuapp.com,,1,6,gp,info_only,human_only,0.0,0,15,"[8.0, 4.0, 20.0, 8.0, 8.0, 20.0, 20.0, 4.0, 20.0, 4.0, 20.0, 0.0, 8.0, 8.0, 8.0, 8.0, 8.0, 4.0, 4.0, 20.0, 0.0, 0.0, 8.0, 4.0, 4.0, 4.0, 20.0, 8.0, 8.0, 0.0, 8.0, 4.0, 4.0]",55.88,55.88,13,mn8370qr,,,,,0
11,pqnknbrr,,0,308,307,post_exp,FinalForProlific,2026-05-20 19:25:41.249954,1,,,4810.0,5,,0.0,e33cbc6c-84e2-461b-b46a-773696dbb034,4821.53,24.0,8.0,192.0,5013.53,,2600.0,20.0,,,,,0.0,0,,,2,98308155-5ef4-4781-92b2-15de5ba68a70,https://london-trader-6b45bffdcd02.herokuapp.com,wss://london-trader-6b45bffdcd02.herokuapp.com,,1,6,gp,info_only,human_only,0.0,0,15,"[8.0, 4.0, 20.0, 8.0, 8.0, 20.0, 20.0, 4.0, 20.0, 4.0, 20.0, 0.0, 8.0, 8.0, 8.0, 8.0, 8.0, 4.0, 4.0, 20.0, 0.0, 0.0, 8.0, 4.0, 4.0, 4.0, 20.0, 8.0, 8.0, 0.0, 8.0, 4.0, 4.0]",55.88,55.88,13,mn8370qr,,,,,0
12,whc9aveo,,0,308,307,post_exp,FinalForProlific,2026-05-20 19:25:41.255262,1,,,6139.0,6,,0.0,f2e7f80c-211c-4c81-bc5c-0ba136ad3833,5487.0,10.0,8.0,80.0,5567.0,,3800.0,10.0,,,,,0.0,0,,,2,98308155-5ef4-4781-92b2-15de5ba68a70,https://london-trader-6b45bffdcd02.herokuapp.com,wss://london-trader-6b45bffdcd02.herokuapp.com,,1,6,gp,info_only,human_only,0.0,0,15,"[8.0, 4.0, 20.0, 8.0, 8.0, 20.0, 20.0, 4.0, 20.0, 4.0, 20.0, 0.0, 8.0, 8.0, 8.0, 8.0, 8.0, 4.0, 4.0, 20.0, 0.0, 0.0, 8.0, 4.0, 4.0, 4.0, 20.0, 8.0, 8.0, 0.0, 8.0, 4.0, 4.0]",55.88,55.88,13,mn8370qr,,,,,0
13,51q1wtqi,,0,308,307,post_exp,FinalForProlific,2026-05-20 19:25:41.260557,1,,,6081.0,1,,0.0,4aca7b41-4748-4b31-bf59-7eef6f6ceb29,5297.5,10.0,8.0,80.0,5377.5,,2600.0,20.0,,,,,0.0,0,,,3,4851d4e0-c583-455d-80f5-4dad0f16a7b8,https://london-trader-6b45bffdcd02.herokuapp.com,wss://london-trader-6b45bffdcd02.herokuapp.com,,1,4,ghp,gamified,human_only,0.0,0,15,"[8.0, 4.0, 20.0, 8.0, 8.0, 20.0, 20.0, 4.0, 20.0, 4.0, 20.0, 0.0, 8.0, 8.0, 8.0, 8.0, 8.0, 4.0, 4.0, 20.0, 0.0, 0.0, 8.0, 4.0, 4.0, 4.0, 20.0, 8.0, 8.0, 0.0, 8.0, 4.0, 4.0]",72.5,72.5,13,mn8370qr,,,,,0
14,q9v4q54j,,0,308,307,post_exp,FinalForProlific,2026-05-20 19:25:41.266013,1,,,4846.0,2,,0.0,2aca63e0-cbd2-482b-b42a-0dc66ecc3720,3799.62,30.0,8.0,240.0,4039.62,,3800.0,10.0,,,,,0.0,0,,,3,4851d4e0-c583-455d-80f5-4dad0f16a7b8,https://london-trader-6b45bffdcd02.herokuapp.com,wss://london-trader-6b45bffdcd02.herokuapp.com,,1,4,ghp,gamified,human_only,0.0,0,15,"[8.0, 4.0, 20.0, 8.0, 8.0, 20.0, 20.0, 4.0, 20.0, 4.0, 20.0, 0.0, 8.0, 8.0, 8.0, 8.0, 8.0, 4.0, 4.0, 20.0, 0.0, 0.0, 8.0, 4.0, 4.0, 4.0, 20.0, 8.0, 8.0, 0.0, 8.0, 4.0, 4.0]",72.5,72.5,13,mn8370qr,,,,,0
15,5g1om6y0,,0,308,307,post_exp,FinalForProlific,2026-05-20 19:25:41.271633,1,,,6308.0,3,,0.0,5928606e-bea5-4739-9b23-b2d9b8f761d7,5156.75,15.0,8.0,120.0,5276.75,,2600.0,20.0,,,,,0.0,0,,,3,4851d4e0-c583-455d-80f5-4dad0f16a7b8,https://london-trader-6b45bffdcd02.herokuapp.com,wss://london-trader-6b45bffdcd02.herokuapp.com,,1,4,ghp,gamified,human_only,0.0,0,15,"[8.0, 4.0, 20.0, 8.0, 8.0, 20.0, 20.0, 4.0, 20.0, 4.0, 20.0, 0.0, 8.0, 8.0, 8.0, 8.0, 8.0, 4.0, 4.0, 20.0, 0.0, 0.0, 8.0, 4.0, 4.0, 4.0, 20.0, 8.0, 8.0, 0.0, 8.0, 4.0, 4.0]",72.5,72.5,13,mn8370qr,,,,,0
16,ry1l466x,,0,308,307,post_exp,FinalForProlific,2026-05-20 19:25:41.277077,1,,,5341.0,4,,0.0,cd396e23-29b0-4959-892c-0254e89f3546,5122.13,5.0,8.0,40.0,5162.13,,3800.0,10.0,,,,,0.0,0,,,3,4851d4e0-c583-455d-80f5-4dad0f16a7b8,https://london-trader-6b45bffdcd02.herokuapp.com,wss://london-trader-6b45bffdcd02.herokuapp.com,,1,4,ghp,gamified,human_only,0.0,0,15,"[8.0, 4.0, 20.0, 8.0, 8.0, 20.0, 20.0, 4.0, 20.0, 4.0, 20.0, 0.0, 8.0, 8.0, 8.0, 8.0, 8.0, 4.0, 4.0, 20.0, 0.0, 0.0, 8.0, 4.0, 4.0, 4.0, 20.0, 8.0, 8.0, 0.0, 8.0, 4.0, 4.0]",72.5,72.5,13,mn8370qr,,,,,0
1,e4rzuiqc,,0,308,307,post_exp,FinalForProlific,2026-05-20 19:25:41.187444,1,,,5538.0,1,,0.0,6ab180f8-7112-4499-b7f9-b9540b122777,5598.0,11.0,8.0,88.0,5686.0,,2600.0,20.0,,,,,0.0,0,,,1,a05edde7-d925-45e5-bd12-37b4af942736,https://london-trader-6b45bffdcd02.herokuapp.com,wss://london-trader-6b45bffdcd02.herokuapp.com,,1,6,gh,hedonic_only,human_only,0.0,0,15,"[8.0, 4.0, 20.0, 8.0, 8.0, 20.0, 20.0, 4.0, 20.0, 4.0, 20.0, 0.0, 8.0, 8.0, 8.0, 8.0, 8.0, 4.0, 4.0, 20.0, 0.0, 0.0, 8.0, 4.0, 4.0, 4.0, 20.0, 8.0, 8.0, 0.0, 8.0, 4.0, 4.0]",120.0,120.0,14,mn8370qr,,,,,0
2,j6o1gu35,,0,308,307,post_exp,FinalForProlific,2026-05-20 19:25:41.199388,1,,,1136.0,2,,0.0,73efef72-11c9-496a-80d8-178d281ae4d1,3905.0,18.0,8.0,144.0,4049.0,,3800.0,10.0,,,,,0.0,0,,,1,a05edde7-d925-45e5-bd12-37b4af942736,https://london-trader-6b45bffdcd02.herokuapp.com,wss://london-trader-6b45bffdcd02.herokuapp.com,,1,6,gh,hedonic_only,human_only,0.0,0,15,"[8.0, 4.0, 20.0, 8.0, 8.0, 20.0, 20.0, 4.0, 20.0, 4.0, 20.0, 0.0, 8.0, 8.0, 8.0, 8.0, 8.0, 4.0, 4.0, 20.0, 0.0, 0.0, 8.0, 4.0, 4.0, 4.0, 20.0, 8.0, 8.0, 0.0, 8.0, 4.0, 4.0]",120.0,120.0,14,mn8370qr,,,,,0
3,z9n52ebr,,0,308,307,post_exp,FinalForProlific,2026-05-20 19:25:41.205068,1,,,5326.0,3,,0.0,c8eb7dce-7793-4314-ad7f-d135dbb2ba47,4901.5,23.0,8.0,184.0,5085.5,,2600.0,20.0,,,,,0.0,0,,,1,a05edde7-d925-45e5-bd12-37b4af942736,https://london-trader-6b45bffdcd02.herokuapp.com,wss://london-trader-6b45bffdcd02.herokuapp.com,,1,6,gh,hedonic_only,human_only,0.0,0,15,"[8.0, 4.0, 20.0, 8.0, 8.0, 20.0, 20.0, 4.0, 20.0, 4.0, 20.0, 0.0, 8.0, 8.0, 8.0, 8.0, 8.0, 4.0, 4.0, 20.0, 0.0, 0.0, 8.0, 4.0, 4.0, 4.0, 20.0, 8.0, 8.0, 0.0, 8.0, 4.0, 4.0]",120.0,120.0,14,mn8370qr,,,,,0
4,lh92b709,,0,308,307,post_exp,FinalForProlific,2026-05-20 19:25:41.210764,1,,,5744.0,4,,0.0,0c8329d9-01d0-4ade-9746-adcd76979d55,4578.0,18.0,8.0,144.0,4722.0,,3800.0,10.0,,,,,0.0,0,,,1,a05edde7-d925-45e5-bd12-37b4af942736,https://london-trader-6b45bffdcd02.herokuapp.com,wss://london-trader-6b45bffdcd02.herokuapp.com,,1,6,gh,hedonic_only,human_only,0.0,0,15,"[8.0, 4.0, 20.0, 8.0, 8.0, 20.0, 20.0, 4.0, 20.0, 4.0, 20.0, 0.0, 8.0, 8.0, 8.0, 8.0, 8.0, 4.0, 4.0, 20.0, 0.0, 0.0, 8.0, 4.0, 4.0, 4.0, 20.0, 8.0, 8.0, 0.0, 8.0, 4.0, 4.0]",120.0,120.0,14,mn8370qr,,,,,0
5,729v3r7i,,0,308,307,post_exp,FinalForProlific,2026-05-20 19:25:41.216438,1,,,5824.0,5,,0.0,f5a1d5e6-a183-421a-a699-8e50db4fb1c8,6018.5,9.0,8.0,72.0,6090.5,,2600.0,20.0,,,,,0.0,0,,,1,a05edde7-d925-45e5-bd12-37b4af942736,https://london-trader-6b45bffdcd02.herokuapp.com,wss://london-trader-6b45bffdcd02.herokuapp.com,,1,6,gh,hedonic_only,human_only,0.0,0,15,"[8.0, 4.0, 20.0, 8.0, 8.0, 20.0, 20.0, 4.0, 20.0, 4.0, 20.0, 0.0, 8.0, 8.0, 8.0, 8.0, 8.0, 4.0, 4.0, 20.0, 0.0, 0.0, 8.0, 4.0, 4.0, 4.0, 20.0, 8.0, 8.0, 0.0, 8.0, 4.0, 4.0]",120.0,120.0,14,mn8370qr,,,,,0
6,aac2mc3k,,0,308,307,post_exp,FinalForProlific,2026-05-20 19:25:41.222017,1,,,5288.0,6,,0.0,8eb4c26e-1145-412e-a646-d50005ec9ba2,4507.0,14.0,8.0,112.0,4619.0,,3800.0,10.0,,,,,0.0,0,,,1,a05edde7-d925-45e5-bd12-37b4af942736,https://london-trader-6b45bffdcd02.herokuapp.com,wss://london-trader-6b45bffdcd02.herokuapp.com,,1,6,gh,hedonic_only,human_only,0.0,0,15,"[8.0, 4.0, 20.0, 8.0, 8.0, 20.0, 20.0, 4.0, 20.0, 4.0, 20.0, 0.0, 8.0, 8.0, 8.0, 8.0, 8.0, 4.0, 4.0, 20.0, 0.0, 0.0, 8.0, 4.0, 4.0, 4.0, 20.0, 8.0, 8.0, 0.0, 8.0, 4.0, 4.0]",120.0,120.0,14,mn8370qr,,,,,0
7,bs9r1rdm,,0,308,307,post_exp,FinalForProlific,2026-05-20 19:25:41.227334,1,,,4422.0,1,,0.0,8bcaf73d-b674-4326-bd4f-acb83b510b57,3545.4100000000003,13.0,8.0,104.0,3649.4100000000003,,2600.0,20.0,,,,,0.0,0,,,2,98308155-5ef4-4781-92b2-15de5ba68a70,https://london-trader-6b45bffdcd02.herokuapp.com,wss://london-trader-6b45bffdcd02.herokuapp.com,,1,6,gp,info_only,human_only,0.0,0,15,"[8.0, 4.0, 20.0, 8.0, 8.0, 20.0, 20.0, 4.0, 20.0, 4.0, 20.0, 0.0, 8.0, 8.0, 8.0, 8.0, 8.0, 4.0, 4.0, 20.0, 0.0, 0.0, 8.0, 4.0, 4.0, 4.0, 20.0, 8.0, 8.0, 0.0, 8.0, 4.0, 4.0]",43.25,43.25,14,mn8370qr,,,,,0
8,9uh6p1vm,,0,308,307,post_exp,FinalForProlific,2026-05-20 19:25:41.233246,1,,,5926.0,2,,0.0,bc3147b7-5256-41ba-98cd-f8ffcee3c4a6,4775.93,21.0,8.0,168.0,4943.93,,3800.0,10.0,,,,,0.0,0,,,2,98308155-5ef4-4781-92b2-15de5ba68a70,https://london-trader-6b45bffdcd02.herokuapp.com,wss://london-trader-6b45bffdcd02.herokuapp.com,,1,6,gp,info_only,human_only,0.0,0,15,"[8.0, 4.0, 20.0, 8.0, 8.0, 20.0, 20.0, 4.0, 20.0, 4.0, 20.0, 0.0, 8.0, 8.0, 8.0, 8.0, 8.0, 4.0, 4.0, 20.0, 0.0, 0.0, 8.0, 4.0, 4.0, 4.0, 20.0, 8.0, 8.0, 0.0, 8.0, 4.0, 4.0]",43.25,43.25,14,mn8370qr,,,,,0
9,kb2z64e8,,0,308,307,post_exp,FinalForProlific,2026-05-20 19:25:41.238889,1,,,6101.0,3,,0.0,22db997d-e3e3-4d59-aae0-6cf6af50ce83,5695.37,9.0,8.0,72.0,5767.37,,2600.0,20.0,,,,,0.0,0,,,2,98308155-5ef4-4781-92b2-15de5ba68a70,https://london-trader-6b45bffdcd02.herokuapp.com,wss://london-trader-6b45bffdcd02.herokuapp.com,,1,6,gp,info_only,human_only,0.0,0,15,"[8.0, 4.0, 20.0, 8.0, 8.0, 20.0, 20.0, 4.0, 20.0, 4.0, 20.0, 0.0, 8.0, 8.0, 8.0, 8.0, 8.0, 4.0, 4.0, 20.0, 0.0, 0.0, 8.0, 4.0, 4.0, 4.0, 20.0, 8.0, 8.0, 0.0, 8.0, 4.0, 4.0]",43.25,43.25,14,mn8370qr,,,,,0
10,ai0il249,,0,308,307,post_exp,FinalForProlific,2026-05-20 19:25:41.244342,1,,,5172.0,4,,0.0,f31a815e-6425-437b-901f-67ac478997d1,5304.51,20.0,8.0,160.0,5464.51,,3800.0,10.0,,,,,0.0,0,,,2,98308155-5ef4-4781-92b2-15de5ba68a70,https://london-trader-6b45bffdcd02.herokuapp.com,wss://london-trader-6b45bffdcd02.herokuapp.com,,1,6,gp,info_only,human_only,0.0,0,15,"[8.0, 4.0, 20.0, 8.0, 8.0, 20.0, 20.0, 4.0, 20.0, 4.0, 20.0, 0.0, 8.0, 8.0, 8.0, 8.0, 8.0, 4.0, 4.0, 20.0, 0.0, 0.0, 8.0, 4.0, 4.0, 4.0, 20.0, 8.0, 8.0, 0.0, 8.0, 4.0, 4.0]",43.25,43.25,14,mn8370qr,,,,,0
11,pqnknbrr,,0,308,307,post_exp,FinalForProlific,2026-05-20 19:25:41.249954,1,,,4810.0,5,,0.0,e33cbc6c-84e2-461b-b46a-773696dbb034,4975.78,26.0,8.0,208.0,5183.78,,2600.0,20.0,,,,,0.0,0,,,2,98308155-5ef4-4781-92b2-15de5ba68a70,https://london-trader-6b45bffdcd02.herokuapp.com,wss://london-trader-6b45bffdcd02.herokuapp.com,,1,6,gp,info_only,human_only,0.0,0,15,"[8.0, 4.0, 20.0, 8.0, 8.0, 20.0, 20.0, 4.0, 20.0, 4.0, 20.0, 0.0, 8.0, 8.0, 8.0, 8.0, 8.0, 4.0, 4.0, 20.0, 0.0, 0.0, 8.0, 4.0, 4.0, 4.0, 20.0, 8.0, 8.0, 0.0, 8.0, 4.0, 4.0]",43.25,43.25,14,mn8370qr,,,,,0
12,whc9aveo,,0,308,307,post_exp,FinalForProlific,2026-05-20 19:25:41.255262,1,,,6139.0,6,,0.0,f2e7f80c-211c-4c81-bc5c-0ba136ad3833,5567.0,8.0,8.0,64.0,5631.0,,3800.0,10.0,,,,,0.0,0,,,2,98308155-5ef4-4781-92b2-15de5ba68a70,https://london-trader-6b45bffdcd02.herokuapp.com,wss://london-trader-6b45bffdcd02.herokuapp.com,,1,6,gp,info_only,human_only,0.0,0,15,"[8.0, 4.0, 20.0, 8.0, 8.0, 20.0, 20.0, 4.0, 20.0, 4.0, 20.0, 0.0, 8.0, 8.0, 8.0, 8.0, 8.0, 4.0, 4.0, 20.0, 0.0, 0.0, 8.0, 4.0, 4.0, 4.0, 20.0, 8.0, 8.0, 0.0, 8.0, 4.0, 4.0]",43.25,43.25,14,mn8370qr,,,,,0
13,51q1wtqi,,0,308,307,post_exp,FinalForProlific,2026-05-20 19:25:41.260557,1,,,6081.0,1,,0.0,4aca7b41-4748-4b31-bf59-7eef6f6ceb29,5607.0,6.0,8.0,48.0,5655.0,,2600.0,20.0,,,,,0.0,0,,,3,4851d4e0-c583-455d-80f5-4dad0f16a7b8,https://london-trader-6b45bffdcd02.herokuapp.com,wss://london-trader-6b45bffdcd02.herokuapp.com,,1,4,ghp,gamified,human_only,0.0,0,15,"[8.0, 4.0, 20.0, 8.0, 8.0, 20.0, 20.0, 4.0, 20.0, 4.0, 20.0, 0.0, 8.0, 8.0, 8.0, 8.0, 8.0, 4.0, 4.0, 20.0, 0.0, 0.0, 8.0, 4.0, 4.0, 4.0, 20.0, 8.0, 8.0, 0.0, 8.0, 4.0, 4.0]",75.0,75.0,14,mn8370qr,,,,,0
14,q9v4q54j,,0,308,307,post_exp,FinalForProlific,2026-05-20 19:25:41.266013,1,,,4846.0,2,,0.0,2aca63e0-cbd2-482b-b42a-0dc66ecc3720,3775.12,34.0,8.0,272.0,4047.12,,3800.0,10.0,,,,,0.0,0,,,3,4851d4e0-c583-455d-80f5-4dad0f16a7b8,https://london-trader-6b45bffdcd02.herokuapp.com,wss://london-trader-6b45bffdcd02.herokuapp.com,,1,4,ghp,gamified,human_only,0.0,0,15,"[8.0, 4.0, 20.0, 8.0, 8.0, 20.0, 20.0, 4.0, 20.0, 4.0, 20.0, 0.0, 8.0, 8.0, 8.0, 8.0, 8.0, 4.0, 4.0, 20.0, 0.0, 0.0, 8.0, 4.0, 4.0, 4.0, 20.0, 8.0, 8.0, 0.0, 8.0, 4.0, 4.0]",75.0,75.0,14,mn8370qr,,,,,0
15,5g1om6y0,,0,308,307,post_exp,FinalForProlific,2026-05-20 19:25:41.271633,1,,,6308.0,3,,0.0,5928606e-bea5-4739-9b23-b2d9b8f761d7,5351.75,17.0,8.0,136.0,5487.75,,2600.0,20.0,,,,,0.0,0,,,3,4851d4e0-c583-455d-80f5-4dad0f16a7b8,https://london-trader-6b45bffdcd02.herokuapp.com,wss://london-trader-6b45bffdcd02.herokuapp.com,,1,4,ghp,gamified,human_only,0.0,0,15,"[8.0, 4.0, 20.0, 8.0, 8.0, 20.0, 20.0, 4.0, 20.0, 4.0, 20.0, 0.0, 8.0, 8.0, 8.0, 8.0, 8.0, 4.0, 4.0, 20.0, 0.0, 0.0, 8.0, 4.0, 4.0, 4.0, 20.0, 8.0, 8.0, 0.0, 8.0, 4.0, 4.0]",75.0,75.0,14,mn8370qr,,,,,0
16,ry1l466x,,0,308,307,post_exp,FinalForProlific,2026-05-20 19:25:41.277077,1,,,5341.0,4,,0.0,cd396e23-29b0-4959-892c-0254e89f3546,5122.13,7.0,8.0,56.0,5178.13,,3800.0,10.0,,,,,0.0,0,,,3,4851d4e0-c583-455d-80f5-4dad0f16a7b8,https://london-trader-6b45bffdcd02.herokuapp.com,wss://london-trader-6b45bffdcd02.herokuapp.com,,1,4,ghp,gamified,human_only,0.0,0,15,"[8.0, 4.0, 20.0, 8.0, 8.0, 20.0, 20.0, 4.0, 20.0, 4.0, 20.0, 0.0, 8.0, 8.0, 8.0, 8.0, 8.0, 4.0, 4.0, 20.0, 0.0, 0.0, 8.0, 4.0, 4.0, 4.0, 20.0, 8.0, 8.0, 0.0, 8.0, 4.0, 4.0]",75.0,75.0,14,mn8370qr,,,,,0
1,e4rzuiqc,,0,308,307,post_exp,FinalForProlific,2026-05-20 19:25:41.187444,1,,,5538.0,1,,0.0,6ab180f8-7112-4499-b7f9-b9540b122777,5904.0,9.0,8.0,72.0,5976.0,,2600.0,20.0,0.0,0,,102.0,0.0,1,,,1,a05edde7-d925-45e5-bd12-37b4af942736,https://london-trader-6b45bffdcd02.herokuapp.com,wss://london-trader-6b45bffdcd02.herokuapp.com,,1,6,gh,hedonic_only,human_only,0.0,0,15,"[8.0, 4.0, 20.0, 8.0, 8.0, 20.0, 20.0, 4.0, 20.0, 4.0, 20.0, 0.0, 8.0, 8.0, 8.0, 8.0, 8.0, 4.0, 4.0, 20.0, 0.0, 0.0, 8.0, 4.0, 4.0, 4.0, 20.0, 8.0, 8.0, 0.0, 8.0, 4.0, 4.0]",120.0,120.0,15,mn8370qr,,,,,0
2,j6o1gu35,,0,308,307,post_exp,FinalForProlific,2026-05-20 19:25:41.199388,1,,,1136.0,2,,0.0,73efef72-11c9-496a-80d8-178d281ae4d1,3806.0,20.0,8.0,160.0,3966.0,,3800.0,10.0,3970.0,5,"{""forecast_price_next_day"":3970,""forecast_confidence_next_day"":5}",102.0,0.0,1,,,1,a05edde7-d925-45e5-bd12-37b4af942736,https://london-trader-6b45bffdcd02.herokuapp.com,wss://london-trader-6b45bffdcd02.herokuapp.com,,1,6,gh,hedonic_only,human_only,0.0,0,15,"[8.0, 4.0, 20.0, 8.0, 8.0, 20.0, 20.0, 4.0, 20.0, 4.0, 20.0, 0.0, 8.0, 8.0, 8.0, 8.0, 8.0, 4.0, 4.0, 20.0, 0.0, 0.0, 8.0, 4.0, 4.0, 4.0, 20.0, 8.0, 8.0, 0.0, 8.0, 4.0, 4.0]",120.0,120.0,15,mn8370qr,,,,,0
3,z9n52ebr,,0,308,307,post_exp,FinalForProlific,2026-05-20 19:25:41.205068,1,,,5326.0,3,,0.0,c8eb7dce-7793-4314-ad7f-d135dbb2ba47,5208.5,21.0,8.0,168.0,5376.5,,2600.0,20.0,108.0,4,"{""forecast_price_next_day"":108,""forecast_confidence_next_day"":4}",102.0,0.0,1,,,1,a05edde7-d925-45e5-bd12-37b4af942736,https://london-trader-6b45bffdcd02.herokuapp.com,wss://london-trader-6b45bffdcd02.herokuapp.com,,1,6,gh,hedonic_only,human_only,0.0,0,15,"[8.0, 4.0, 20.0, 8.0, 8.0, 20.0, 20.0, 4.0, 20.0, 4.0, 20.0, 0.0, 8.0, 8.0, 8.0, 8.0, 8.0, 4.0, 4.0, 20.0, 0.0, 0.0, 8.0, 4.0, 4.0, 4.0, 20.0, 8.0, 8.0, 0.0, 8.0, 4.0, 4.0]",120.0,120.0,15,mn8370qr,,,,,0
4,lh92b709,,0,308,307,post_exp,FinalForProlific,2026-05-20 19:25:41.210764,1,,,5744.0,4,,0.0,0c8329d9-01d0-4ade-9746-adcd76979d55,4619.0,18.0,8.0,144.0,4763.0,,3800.0,10.0,120.0,3,"{""forecast_price_next_day"":120,""forecast_confidence_next_day"":3}",102.0,0.0,1,,,1,a05edde7-d925-45e5-bd12-37b4af942736,https://london-trader-6b45bffdcd02.herokuapp.com,wss://london-trader-6b45bffdcd02.herokuapp.com,,1,6,gh,hedonic_only,human_only,0.0,0,15,"[8.0, 4.0, 20.0, 8.0, 8.0, 20.0, 20.0, 4.0, 20.0, 4.0, 20.0, 0.0, 8.0, 8.0, 8.0, 8.0, 8.0, 4.0, 4.0, 20.0, 0.0, 0.0, 8.0, 4.0, 4.0, 4.0, 20.0, 8.0, 8.0, 0.0, 8.0, 4.0, 4.0]",120.0,120.0,15,mn8370qr,,,,,0
5,729v3r7i,,0,308,307,post_exp,FinalForProlific,2026-05-20 19:25:41.216438,1,,,5824.0,5,,0.0,f5a1d5e6-a183-421a-a699-8e50db4fb1c8,6323.5,7.0,8.0,56.0,6379.5,,2600.0,20.0,92.0,3,"{""forecast_price_next_day"":92,""forecast_confidence_next_day"":3}",102.0,0.0,1,,,1,a05edde7-d925-45e5-bd12-37b4af942736,https://london-trader-6b45bffdcd02.herokuapp.com,wss://london-trader-6b45bffdcd02.herokuapp.com,,1,6,gh,hedonic_only,human_only,0.0,0,15,"[8.0, 4.0, 20.0, 8.0, 8.0, 20.0, 20.0, 4.0, 20.0, 4.0, 20.0, 0.0, 8.0, 8.0, 8.0, 8.0, 8.0, 4.0, 4.0, 20.0, 0.0, 0.0, 8.0, 4.0, 4.0, 4.0, 20.0, 8.0, 8.0, 0.0, 8.0, 4.0, 4.0]",120.0,120.0,15,mn8370qr,,,,,0
6,aac2mc3k,,0,308,307,post_exp,FinalForProlific,2026-05-20 19:25:41.222017,1,,,5288.0,6,,0.0,8eb4c26e-1145-412e-a646-d50005ec9ba2,4391.0,15.0,8.0,120.0,4511.0,,3800.0,10.0,123.0,2,"{""forecast_price_next_day"":123,""forecast_confidence_next_day"":2}",102.0,0.0,1,,,1,a05edde7-d925-45e5-bd12-37b4af942736,https://london-trader-6b45bffdcd02.herokuapp.com,wss://london-trader-6b45bffdcd02.herokuapp.com,,1,6,gh,hedonic_only,human_only,0.0,0,15,"[8.0, 4.0, 20.0, 8.0, 8.0, 20.0, 20.0, 4.0, 20.0, 4.0, 20.0, 0.0, 8.0, 8.0, 8.0, 8.0, 8.0, 4.0, 4.0, 20.0, 0.0, 0.0, 8.0, 4.0, 4.0, 4.0, 20.0, 8.0, 8.0, 0.0, 8.0, 4.0, 4.0]",120.0,120.0,15,mn8370qr,,,,,0
7,bs9r1rdm,,0,308,307,post_exp,FinalForProlific,2026-05-20 19:25:41.227334,1,,,4422.0,1,,0.0,8bcaf73d-b674-4326-bd4f-acb83b510b57,3496.03,17.0,8.0,136.0,3632.03,,2600.0,20.0,33.0,5,"{""forecast_price_next_day"":33,""forecast_confidence_next_day"":5}",36.5,0.0,1,,,2,98308155-5ef4-4781-92b2-15de5ba68a70,https://london-trader-6b45bffdcd02.herokuapp.com,wss://london-trader-6b45bffdcd02.herokuapp.com,,1,6,gp,info_only,human_only,0.0,0,15,"[8.0, 4.0, 20.0, 8.0, 8.0, 20.0, 20.0, 4.0, 20.0, 4.0, 20.0, 0.0, 8.0, 8.0, 8.0, 8.0, 8.0, 4.0, 4.0, 20.0, 0.0, 0.0, 8.0, 4.0, 4.0, 4.0, 20.0, 8.0, 8.0, 0.0, 8.0, 4.0, 4.0]",35.13,35.13,15,mn8370qr,,,,,0
8,9uh6p1vm,,0,308,307,post_exp,FinalForProlific,2026-05-20 19:25:41.233246,1,,,5926.0,2,,0.0,bc3147b7-5256-41ba-98cd-f8ffcee3c4a6,5015.68,19.0,8.0,152.0,5167.68,,3800.0,10.0,33.0,3,"{""forecast_price_next_day"":33.15,""forecast_confidence_next_day"":3}",36.5,0.0,1,,,2,98308155-5ef4-4781-92b2-15de5ba68a70,https://london-trader-6b45bffdcd02.herokuapp.com,wss://london-trader-6b45bffdcd02.herokuapp.com,,1,6,gp,info_only,human_only,0.0,0,15,"[8.0, 4.0, 20.0, 8.0, 8.0, 20.0, 20.0, 4.0, 20.0, 4.0, 20.0, 0.0, 8.0, 8.0, 8.0, 8.0, 8.0, 4.0, 4.0, 20.0, 0.0, 0.0, 8.0, 4.0, 4.0, 4.0, 20.0, 8.0, 8.0, 0.0, 8.0, 4.0, 4.0]",35.13,35.13,15,mn8370qr,,,,,0
9,kb2z64e8,,0,308,307,post_exp,FinalForProlific,2026-05-20 19:25:41.238889,1,,,6101.0,3,,0.0,22db997d-e3e3-4d59-aae0-6cf6af50ce83,5891.62,5.0,8.0,40.0,5931.62,,2600.0,20.0,16.0,5,"{""forecast_price_next_day"":16,""forecast_confidence_next_day"":5}",36.5,0.0,1,,,2,98308155-5ef4-4781-92b2-15de5ba68a70,https://london-trader-6b45bffdcd02.herokuapp.com,wss://london-trader-6b45bffdcd02.herokuapp.com,,1,6,gp,info_only,human_only,0.0,0,15,"[8.0, 4.0, 20.0, 8.0, 8.0, 20.0, 20.0, 4.0, 20.0, 4.0, 20.0, 0.0, 8.0, 8.0, 8.0, 8.0, 8.0, 4.0, 4.0, 20.0, 0.0, 0.0, 8.0, 4.0, 4.0, 4.0, 20.0, 8.0, 8.0, 0.0, 8.0, 4.0, 4.0]",35.13,35.13,15,mn8370qr,,,,,0
10,ai0il249,,0,308,307,post_exp,FinalForProlific,2026-05-20 19:25:41.244342,1,,,5172.0,4,,0.0,f31a815e-6425-437b-901f-67ac478997d1,5469.51,21.0,8.0,168.0,5637.51,,3800.0,10.0,34.0,3,"{""forecast_price_next_day"":34,""forecast_confidence_next_day"":3}",36.5,0.0,1,,,2,98308155-5ef4-4781-92b2-15de5ba68a70,https://london-trader-6b45bffdcd02.herokuapp.com,wss://london-trader-6b45bffdcd02.herokuapp.com,,1,6,gp,info_only,human_only,0.0,0,15,"[8.0, 4.0, 20.0, 8.0, 8.0, 20.0, 20.0, 4.0, 20.0, 4.0, 20.0, 0.0, 8.0, 8.0, 8.0, 8.0, 8.0, 4.0, 4.0, 20.0, 0.0, 0.0, 8.0, 4.0, 4.0, 4.0, 20.0, 8.0, 8.0, 0.0, 8.0, 4.0, 4.0]",35.13,35.13,15,mn8370qr,,,,,0
11,pqnknbrr,,0,308,307,post_exp,FinalForProlific,2026-05-20 19:25:41.249954,1,,,4810.0,5,,0.0,e33cbc6c-84e2-461b-b46a-773696dbb034,5091.16,27.0,8.0,216.0,5307.16,,2600.0,20.0,35.0,2,"{""forecast_price_next_day"":35,""forecast_confidence_next_day"":2}",36.5,20.0,1,,,2,98308155-5ef4-4781-92b2-15de5ba68a70,https://london-trader-6b45bffdcd02.herokuapp.com,wss://london-trader-6b45bffdcd02.herokuapp.com,,1,6,gp,info_only,human_only,0.0,0,15,"[8.0, 4.0, 20.0, 8.0, 8.0, 20.0, 20.0, 4.0, 20.0, 4.0, 20.0, 0.0, 8.0, 8.0, 8.0, 8.0, 8.0, 4.0, 4.0, 20.0, 0.0, 0.0, 8.0, 4.0, 4.0, 4.0, 20.0, 8.0, 8.0, 0.0, 8.0, 4.0, 4.0]",35.13,35.13,15,mn8370qr,,,,,0
12,whc9aveo,,0,308,307,post_exp,FinalForProlific,2026-05-20 19:25:41.255262,1,,,6139.0,6,,0.0,f2e7f80c-211c-4c81-bc5c-0ba136ad3833,5676.0,8.0,8.0,64.0,5740.0,,3800.0,10.0,30.0,3,"{""forecast_price_next_day"":30,""forecast_confidence_next_day"":3}",36.5,0.0,1,,,2,98308155-5ef4-4781-92b2-15de5ba68a70,https://london-trader-6b45bffdcd02.herokuapp.com,wss://london-trader-6b45bffdcd02.herokuapp.com,,1,6,gp,info_only,human_only,0.0,0,15,"[8.0, 4.0, 20.0, 8.0, 8.0, 20.0, 20.0, 4.0, 20.0, 4.0, 20.0, 0.0, 8.0, 8.0, 8.0, 8.0, 8.0, 4.0, 4.0, 20.0, 0.0, 0.0, 8.0, 4.0, 4.0, 4.0, 20.0, 8.0, 8.0, 0.0, 8.0, 4.0, 4.0]",35.13,35.13,15,mn8370qr,,,,,0
13,51q1wtqi,,0,308,307,post_exp,FinalForProlific,2026-05-20 19:25:41.260557,1,,,6081.0,1,,0.0,4aca7b41-4748-4b31-bf59-7eef6f6ceb29,5795.0,3.0,8.0,24.0,5819.0,,2600.0,20.0,30.0,4,"{""forecast_price_next_day"":30,""forecast_confidence_next_day"":4}",35.0,0.0,1,,,3,4851d4e0-c583-455d-80f5-4dad0f16a7b8,https://london-trader-6b45bffdcd02.herokuapp.com,wss://london-trader-6b45bffdcd02.herokuapp.com,,1,4,ghp,gamified,human_only,0.0,0,15,"[8.0, 4.0, 20.0, 8.0, 8.0, 20.0, 20.0, 4.0, 20.0, 4.0, 20.0, 0.0, 8.0, 8.0, 8.0, 8.0, 8.0, 4.0, 4.0, 20.0, 0.0, 0.0, 8.0, 4.0, 4.0, 4.0, 20.0, 8.0, 8.0, 0.0, 8.0, 4.0, 4.0]",40.0,40.0,15,mn8370qr,,,,,0
14,q9v4q54j,,0,308,307,post_exp,FinalForProlific,2026-05-20 19:25:41.266013,1,,,4846.0,2,,0.0,2aca63e0-cbd2-482b-b42a-0dc66ecc3720,4047.12,39.0,8.0,312.0,4359.12,,3800.0,10.0,85.0,5,"{""forecast_price_next_day"":85,""forecast_confidence_next_day"":5}",35.0,0.0,1,,,3,4851d4e0-c583-455d-80f5-4dad0f16a7b8,https://london-trader-6b45bffdcd02.herokuapp.com,wss://london-trader-6b45bffdcd02.herokuapp.com,,1,4,ghp,gamified,human_only,0.0,0,15,"[8.0, 4.0, 20.0, 8.0, 8.0, 20.0, 20.0, 4.0, 20.0, 4.0, 20.0, 0.0, 8.0, 8.0, 8.0, 8.0, 8.0, 4.0, 4.0, 20.0, 0.0, 0.0, 8.0, 4.0, 4.0, 4.0, 20.0, 8.0, 8.0, 0.0, 8.0, 4.0, 4.0]",40.0,40.0,15,mn8370qr,,,,,0
15,5g1om6y0,,0,308,307,post_exp,FinalForProlific,2026-05-20 19:25:41.271633,1,,,6308.0,3,,0.0,5928606e-bea5-4739-9b23-b2d9b8f761d7,5387.75,19.0,8.0,152.0,5539.75,,2600.0,20.0,65.0,4,"{""forecast_price_next_day"":65,""forecast_confidence_next_day"":4}",35.0,0.0,1,,,3,4851d4e0-c583-455d-80f5-4dad0f16a7b8,https://london-trader-6b45bffdcd02.herokuapp.com,wss://london-trader-6b45bffdcd02.herokuapp.com,,1,4,ghp,gamified,human_only,0.0,0,15,"[8.0, 4.0, 20.0, 8.0, 8.0, 20.0, 20.0, 4.0, 20.0, 4.0, 20.0, 0.0, 8.0, 8.0, 8.0, 8.0, 8.0, 4.0, 4.0, 20.0, 0.0, 0.0, 8.0, 4.0, 4.0, 4.0, 20.0, 8.0, 8.0, 0.0, 8.0, 4.0, 4.0]",40.0,40.0,15,mn8370qr,,,,,0
16,ry1l466x,,0,308,307,post_exp,FinalForProlific,2026-05-20 19:25:41.277077,1,,,5341.0,4,,0.0,cd396e23-29b0-4959-892c-0254e89f3546,5138.13,8.0,8.0,64.0,5202.13,,3800.0,10.0,0.0,0,,35.0,0.0,1,,,3,4851d4e0-c583-455d-80f5-4dad0f16a7b8,https://london-trader-6b45bffdcd02.herokuapp.com,wss://london-trader-6b45bffdcd02.herokuapp.com,,1,4,ghp,gamified,human_only,0.0,0,15,"[8.0, 4.0, 20.0, 8.0, 8.0, 20.0, 20.0, 4.0, 20.0, 4.0, 20.0, 0.0, 8.0, 8.0, 8.0, 8.0, 8.0, 4.0, 4.0, 20.0, 0.0, 0.0, 8.0, 4.0, 4.0, 4.0, 20.0, 8.0, 8.0, 0.0, 8.0, 4.0, 4.0]",40.0,40.0,15,mn8370qr,,,,,0
1,e4rzuiqc,,0,308,307,post_exp,FinalForProlific,2026-05-20 19:25:41.187444,1,,,5538.0,1,,0.0,6ab180f8-7112-4499-b7f9-b9540b122777,6291.0,6.0,8.0,48.0,6339.0,,2600.0,20.0,,,,,0.0,0,,,1,a05edde7-d925-45e5-bd12-37b4af942736,https://london-trader-6b45bffdcd02.herokuapp.com,wss://london-trader-6b45bffdcd02.herokuapp.com,,1,6,gh,hedonic_only,human_only,0.0,0,15,"[8.0, 4.0, 20.0, 8.0, 8.0, 20.0, 20.0, 4.0, 20.0, 4.0, 20.0, 0.0, 8.0, 8.0, 8.0, 8.0, 8.0, 4.0, 4.0, 20.0, 0.0, 0.0, 8.0, 4.0, 4.0, 4.0, 20.0, 8.0, 8.0, 0.0, 8.0, 4.0, 4.0]",102.0,102.0,16,mn8370qr,,,,,0
2,j6o1gu35,,0,308,307,post_exp,FinalForProlific,2026-05-20 19:25:41.199388,1,,,1136.0,2,,0.0,73efef72-11c9-496a-80d8-178d281ae4d1,3974.0,21.0,8.0,168.0,4142.0,,3800.0,10.0,,,,,0.0,0,,,1,a05edde7-d925-45e5-bd12-37b4af942736,https://london-trader-6b45bffdcd02.herokuapp.com,wss://london-trader-6b45bffdcd02.herokuapp.com,,1,6,gh,hedonic_only,human_only,0.0,0,15,"[8.0, 4.0, 20.0, 8.0, 8.0, 20.0, 20.0, 4.0, 20.0, 4.0, 20.0, 0.0, 8.0, 8.0, 8.0, 8.0, 8.0, 4.0, 4.0, 20.0, 0.0, 0.0, 8.0, 4.0, 4.0, 4.0, 20.0, 8.0, 8.0, 0.0, 8.0, 4.0, 4.0]",102.0,102.0,16,mn8370qr,,,,,0
3,z9n52ebr,,0,308,307,post_exp,FinalForProlific,2026-05-20 19:25:41.205068,1,,,5326.0,3,,0.0,c8eb7dce-7793-4314-ad7f-d135dbb2ba47,5377.5,21.0,8.0,168.0,5545.5,,2600.0,20.0,,,,,0.0,0,,,1,a05edde7-d925-45e5-bd12-37b4af942736,https://london-trader-6b45bffdcd02.herokuapp.com,wss://london-trader-6b45bffdcd02.herokuapp.com,,1,6,gh,hedonic_only,human_only,0.0,0,15,"[8.0, 4.0, 20.0, 8.0, 8.0, 20.0, 20.0, 4.0, 20.0, 4.0, 20.0, 0.0, 8.0, 8.0, 8.0, 8.0, 8.0, 4.0, 4.0, 20.0, 0.0, 0.0, 8.0, 4.0, 4.0, 4.0, 20.0, 8.0, 8.0, 0.0, 8.0, 4.0, 4.0]",102.0,102.0,16,mn8370qr,,,,,0
4,lh92b709,,0,308,307,post_exp,FinalForProlific,2026-05-20 19:25:41.210764,1,,,5744.0,4,,0.0,0c8329d9-01d0-4ade-9746-adcd76979d55,4548.0,22.0,8.0,176.0,4724.0,,3800.0,10.0,,,,,0.0,0,,,1,a05edde7-d925-45e5-bd12-37b4af942736,https://london-trader-6b45bffdcd02.herokuapp.com,wss://london-trader-6b45bffdcd02.herokuapp.com,,1,6,gh,hedonic_only,human_only,0.0,0,15,"[8.0, 4.0, 20.0, 8.0, 8.0, 20.0, 20.0, 4.0, 20.0, 4.0, 20.0, 0.0, 8.0, 8.0, 8.0, 8.0, 8.0, 4.0, 4.0, 20.0, 0.0, 0.0, 8.0, 4.0, 4.0, 4.0, 20.0, 8.0, 8.0, 0.0, 8.0, 4.0, 4.0]",102.0,102.0,16,mn8370qr,,,,,0
5,729v3r7i,,0,308,307,post_exp,FinalForProlific,2026-05-20 19:25:41.216438,1,,,5824.0,5,,0.0,f5a1d5e6-a183-421a-a699-8e50db4fb1c8,6489.5,7.0,8.0,56.0,6545.5,,2600.0,20.0,,,,,0.0,0,,,1,a05edde7-d925-45e5-bd12-37b4af942736,https://london-trader-6b45bffdcd02.herokuapp.com,wss://london-trader-6b45bffdcd02.herokuapp.com,,1,6,gh,hedonic_only,human_only,0.0,0,15,"[8.0, 4.0, 20.0, 8.0, 8.0, 20.0, 20.0, 4.0, 20.0, 4.0, 20.0, 0.0, 8.0, 8.0, 8.0, 8.0, 8.0, 4.0, 4.0, 20.0, 0.0, 0.0, 8.0, 4.0, 4.0, 4.0, 20.0, 8.0, 8.0, 0.0, 8.0, 4.0, 4.0]",102.0,102.0,16,mn8370qr,,,,,0
6,aac2mc3k,,0,308,307,post_exp,FinalForProlific,2026-05-20 19:25:41.222017,1,,,5288.0,6,,0.0,8eb4c26e-1145-412e-a646-d50005ec9ba2,4292.0,17.0,8.0,136.0,4428.0,,3800.0,10.0,,,,,0.0,0,,,1,a05edde7-d925-45e5-bd12-37b4af942736,https://london-trader-6b45bffdcd02.herokuapp.com,wss://london-trader-6b45bffdcd02.herokuapp.com,,1,6,gh,hedonic_only,human_only,0.0,0,15,"[8.0, 4.0, 20.0, 8.0, 8.0, 20.0, 20.0, 4.0, 20.0, 4.0, 20.0, 0.0, 8.0, 8.0, 8.0, 8.0, 8.0, 4.0, 4.0, 20.0, 0.0, 0.0, 8.0, 4.0, 4.0, 4.0, 20.0, 8.0, 8.0, 0.0, 8.0, 4.0, 4.0]",102.0,102.0,16,mn8370qr,,,,,0
7,bs9r1rdm,,0,308,307,post_exp,FinalForProlific,2026-05-20 19:25:41.227334,1,,,4422.0,1,,0.0,8bcaf73d-b674-4326-bd4f-acb83b510b57,3435.28,22.0,8.0,176.0,3611.28,,2600.0,20.0,,,,,0.0,0,,,2,98308155-5ef4-4781-92b2-15de5ba68a70,https://london-trader-6b45bffdcd02.herokuapp.com,wss://london-trader-6b45bffdcd02.herokuapp.com,,1,6,gp,info_only,human_only,0.0,0,15,"[8.0, 4.0, 20.0, 8.0, 8.0, 20.0, 20.0, 4.0, 20.0, 4.0, 20.0, 0.0, 8.0, 8.0, 8.0, 8.0, 8.0, 4.0, 4.0, 20.0, 0.0, 0.0, 8.0, 4.0, 4.0, 4.0, 20.0, 8.0, 8.0, 0.0, 8.0, 4.0, 4.0]",36.5,36.5,16,mn8370qr,,,,,0
8,9uh6p1vm,,0,308,307,post_exp,FinalForProlific,2026-05-20 19:25:41.233246,1,,,5926.0,2,,0.0,bc3147b7-5256-41ba-98cd-f8ffcee3c4a6,5087.240000000001,22.0,8.0,176.0,5263.240000000001,,3800.0,10.0,,,,,0.0,0,,,2,98308155-5ef4-4781-92b2-15de5ba68a70,https://london-trader-6b45bffdcd02.herokuapp.com,wss://london-trader-6b45bffdcd02.herokuapp.com,,1,6,gp,info_only,human_only,0.0,0,15,"[8.0, 4.0, 20.0, 8.0, 8.0, 20.0, 20.0, 4.0, 20.0, 4.0, 20.0, 0.0, 8.0, 8.0, 8.0, 8.0, 8.0, 4.0, 4.0, 20.0, 0.0, 0.0, 8.0, 4.0, 4.0, 4.0, 20.0, 8.0, 8.0, 0.0, 8.0, 4.0, 4.0]",36.5,36.5,16,mn8370qr,,,,,0
9,kb2z64e8,,0,308,307,post_exp,FinalForProlific,2026-05-20 19:25:41.238889,1,,,6101.0,3,,0.0,22db997d-e3e3-4d59-aae0-6cf6af50ce83,6020.62,0.0,8.0,0.0,6020.62,,2600.0,20.0,,,,,0.0,0,,,2,98308155-5ef4-4781-92b2-15de5ba68a70,https://london-trader-6b45bffdcd02.herokuapp.com,wss://london-trader-6b45bffdcd02.herokuapp.com,,1,6,gp,info_only,human_only,0.0,0,15,"[8.0, 4.0, 20.0, 8.0, 8.0, 20.0, 20.0, 4.0, 20.0, 4.0, 20.0, 0.0, 8.0, 8.0, 8.0, 8.0, 8.0, 4.0, 4.0, 20.0, 0.0, 0.0, 8.0, 4.0, 4.0, 4.0, 20.0, 8.0, 8.0, 0.0, 8.0, 4.0, 4.0]",36.5,36.5,16,mn8370qr,,,,,0
10,ai0il249,,0,308,307,post_exp,FinalForProlific,2026-05-20 19:25:41.244342,1,,,5172.0,4,,0.0,f31a815e-6425-437b-901f-67ac478997d1,5652.51,18.0,8.0,144.0,5796.51,,3800.0,10.0,,,,,0.0,0,,,2,98308155-5ef4-4781-92b2-15de5ba68a70,https://london-trader-6b45bffdcd02.herokuapp.com,wss://london-trader-6b45bffdcd02.herokuapp.com,,1,6,gp,info_only,human_only,0.0,0,15,"[8.0, 4.0, 20.0, 8.0, 8.0, 20.0, 20.0, 4.0, 20.0, 4.0, 20.0, 0.0, 8.0, 8.0, 8.0, 8.0, 8.0, 4.0, 4.0, 20.0, 0.0, 0.0, 8.0, 4.0, 4.0, 4.0, 20.0, 8.0, 8.0, 0.0, 8.0, 4.0, 4.0]",36.5,36.5,16,mn8370qr,,,,,0
11,pqnknbrr,,0,308,307,post_exp,FinalForProlific,2026-05-20 19:25:41.249954,1,,,4810.0,5,,0.0,e33cbc6c-84e2-461b-b46a-773696dbb034,5354.349999999999,25.0,8.0,200.0,5554.349999999999,,2600.0,20.0,,,,,0.0,0,,,2,98308155-5ef4-4781-92b2-15de5ba68a70,https://london-trader-6b45bffdcd02.herokuapp.com,wss://london-trader-6b45bffdcd02.herokuapp.com,,1,6,gp,info_only,human_only,0.0,0,15,"[8.0, 4.0, 20.0, 8.0, 8.0, 20.0, 20.0, 4.0, 20.0, 4.0, 20.0, 0.0, 8.0, 8.0, 8.0, 8.0, 8.0, 4.0, 4.0, 20.0, 0.0, 0.0, 8.0, 4.0, 4.0, 4.0, 20.0, 8.0, 8.0, 0.0, 8.0, 4.0, 4.0]",36.5,36.5,16,mn8370qr,,,,,0
12,whc9aveo,,0,308,307,post_exp,FinalForProlific,2026-05-20 19:25:41.255262,1,,,6139.0,6,,0.0,f2e7f80c-211c-4c81-bc5c-0ba136ad3833,5866.0,3.0,8.0,24.0,5890.0,,3800.0,10.0,,,,,0.0,0,,,2,98308155-5ef4-4781-92b2-15de5ba68a70,https://london-trader-6b45bffdcd02.herokuapp.com,wss://london-trader-6b45bffdcd02.herokuapp.com,,1,6,gp,info_only,human_only,0.0,0,15,"[8.0, 4.0, 20.0, 8.0, 8.0, 20.0, 20.0, 4.0, 20.0, 4.0, 20.0, 0.0, 8.0, 8.0, 8.0, 8.0, 8.0, 4.0, 4.0, 20.0, 0.0, 0.0, 8.0, 4.0, 4.0, 4.0, 20.0, 8.0, 8.0, 0.0, 8.0, 4.0, 4.0]",36.5,36.5,16,mn8370qr,,,,,0
13,51q1wtqi,,0,308,307,post_exp,FinalForProlific,2026-05-20 19:25:41.260557,1,,,6081.0,1,,0.0,4aca7b41-4748-4b31-bf59-7eef6f6ceb29,5867.0,2.0,8.0,16.0,5883.0,,2600.0,20.0,,,,,0.0,0,,,3,4851d4e0-c583-455d-80f5-4dad0f16a7b8,https://london-trader-6b45bffdcd02.herokuapp.com,wss://london-trader-6b45bffdcd02.herokuapp.com,,1,4,ghp,gamified,human_only,0.0,0,15,"[8.0, 4.0, 20.0, 8.0, 8.0, 20.0, 20.0, 4.0, 20.0, 4.0, 20.0, 0.0, 8.0, 8.0, 8.0, 8.0, 8.0, 4.0, 4.0, 20.0, 0.0, 0.0, 8.0, 4.0, 4.0, 4.0, 20.0, 8.0, 8.0, 0.0, 8.0, 4.0, 4.0]",35.0,35.0,16,mn8370qr,,,,,0
14,q9v4q54j,,0,308,307,post_exp,FinalForProlific,2026-05-20 19:25:41.266013,1,,,4846.0,2,,0.0,2aca63e0-cbd2-482b-b42a-0dc66ecc3720,4137.62,38.0,8.0,304.0,4441.62,,3800.0,10.0,,,,,0.0,0,,,3,4851d4e0-c583-455d-80f5-4dad0f16a7b8,https://london-trader-6b45bffdcd02.herokuapp.com,wss://london-trader-6b45bffdcd02.herokuapp.com,,1,4,ghp,gamified,human_only,0.0,0,15,"[8.0, 4.0, 20.0, 8.0, 8.0, 20.0, 20.0, 4.0, 20.0, 4.0, 20.0, 0.0, 8.0, 8.0, 8.0, 8.0, 8.0, 4.0, 4.0, 20.0, 0.0, 0.0, 8.0, 4.0, 4.0, 4.0, 20.0, 8.0, 8.0, 0.0, 8.0, 4.0, 4.0]",35.0,35.0,16,mn8370qr,,,,,0
15,5g1om6y0,,0,308,307,post_exp,FinalForProlific,2026-05-20 19:25:41.271633,1,,,6308.0,3,,0.0,5928606e-bea5-4739-9b23-b2d9b8f761d7,5609.75,17.0,8.0,136.0,5745.75,,2600.0,20.0,,,,,0.0,0,,,3,4851d4e0-c583-455d-80f5-4dad0f16a7b8,https://london-trader-6b45bffdcd02.herokuapp.com,wss://london-trader-6b45bffdcd02.herokuapp.com,,1,4,ghp,gamified,human_only,0.0,0,15,"[8.0, 4.0, 20.0, 8.0, 8.0, 20.0, 20.0, 4.0, 20.0, 4.0, 20.0, 0.0, 8.0, 8.0, 8.0, 8.0, 8.0, 4.0, 4.0, 20.0, 0.0, 0.0, 8.0, 4.0, 4.0, 4.0, 20.0, 8.0, 8.0, 0.0, 8.0, 4.0, 4.0]",35.0,35.0,16,mn8370qr,,,,,0
16,ry1l466x,,0,308,307,post_exp,FinalForProlific,2026-05-20 19:25:41.277077,1,,,5341.0,4,,0.0,cd396e23-29b0-4959-892c-0254e89f3546,5305.63,6.0,8.0,48.0,5353.63,,3800.0,10.0,,,,,0.0,0,,,3,4851d4e0-c583-455d-80f5-4dad0f16a7b8,https://london-trader-6b45bffdcd02.herokuapp.com,wss://london-trader-6b45bffdcd02.herokuapp.com,,1,4,ghp,gamified,human_only,0.0,0,15,"[8.0, 4.0, 20.0, 8.0, 8.0, 20.0, 20.0, 4.0, 20.0, 4.0, 20.0, 0.0, 8.0, 8.0, 8.0, 8.0, 8.0, 4.0, 4.0, 20.0, 0.0, 0.0, 8.0, 4.0, 4.0, 4.0, 20.0, 8.0, 8.0, 0.0, 8.0, 4.0, 4.0]",35.0,35.0,16,mn8370qr,,,,,0
1,e4rzuiqc,,0,308,307,post_exp,FinalForProlific,2026-05-20 19:25:41.187444,1,,,5538.0,1,,0.0,6ab180f8-7112-4499-b7f9-b9540b122777,6639.5,3.0,8.0,24.0,6663.5,,2600.0,20.0,,,,,0.0,0,,,1,a05edde7-d925-45e5-bd12-37b4af942736,https://london-trader-6b45bffdcd02.herokuapp.com,wss://london-trader-6b45bffdcd02.herokuapp.com,,1,6,gh,hedonic_only,human_only,0.0,0,15,"[8.0, 4.0, 20.0, 8.0, 8.0, 20.0, 20.0, 4.0, 20.0, 4.0, 20.0, 0.0, 8.0, 8.0, 8.0, 8.0, 8.0, 4.0, 4.0, 20.0, 0.0, 0.0, 8.0, 4.0, 4.0, 4.0, 20.0, 8.0, 8.0, 0.0, 8.0, 4.0, 4.0]",86.95,86.95,17,mn8370qr,,,,,0
2,j6o1gu35,,0,308,307,post_exp,FinalForProlific,2026-05-20 19:25:41.199388,1,,,1136.0,2,,0.0,73efef72-11c9-496a-80d8-178d281ae4d1,3933.95,22.0,8.0,176.0,4109.95,,3800.0,10.0,,,,,0.0,0,,,1,a05edde7-d925-45e5-bd12-37b4af942736,https://london-trader-6b45bffdcd02.herokuapp.com,wss://london-trader-6b45bffdcd02.herokuapp.com,,1,6,gh,hedonic_only,human_only,0.0,0,15,"[8.0, 4.0, 20.0, 8.0, 8.0, 20.0, 20.0, 4.0, 20.0, 4.0, 20.0, 0.0, 8.0, 8.0, 8.0, 8.0, 8.0, 4.0, 4.0, 20.0, 0.0, 0.0, 8.0, 4.0, 4.0, 4.0, 20.0, 8.0, 8.0, 0.0, 8.0, 4.0, 4.0]",86.95,86.95,17,mn8370qr,,,,,0
3,z9n52ebr,,0,308,307,post_exp,FinalForProlific,2026-05-20 19:25:41.205068,1,,,5326.0,3,,0.0,c8eb7dce-7793-4314-ad7f-d135dbb2ba47,5157.35,25.0,8.0,200.0,5357.35,,2600.0,20.0,,,,,0.0,0,,,1,a05edde7-d925-45e5-bd12-37b4af942736,https://london-trader-6b45bffdcd02.herokuapp.com,wss://london-trader-6b45bffdcd02.herokuapp.com,,1,6,gh,hedonic_only,human_only,0.0,0,15,"[8.0, 4.0, 20.0, 8.0, 8.0, 20.0, 20.0, 4.0, 20.0, 4.0, 20.0, 0.0, 8.0, 8.0, 8.0, 8.0, 8.0, 4.0, 4.0, 20.0, 0.0, 0.0, 8.0, 4.0, 4.0, 4.0, 20.0, 8.0, 8.0, 0.0, 8.0, 4.0, 4.0]",86.95,86.95,17,mn8370qr,,,,,0
4,lh92b709,,0,308,307,post_exp,FinalForProlific,2026-05-20 19:25:41.210764,1,,,5744.0,4,,0.0,0c8329d9-01d0-4ade-9746-adcd76979d55,5019.7,18.0,8.0,144.0,5163.7,,3800.0,10.0,,,,,0.0,0,,,1,a05edde7-d925-45e5-bd12-37b4af942736,https://london-trader-6b45bffdcd02.herokuapp.com,wss://london-trader-6b45bffdcd02.herokuapp.com,,1,6,gh,hedonic_only,human_only,0.0,0,15,"[8.0, 4.0, 20.0, 8.0, 8.0, 20.0, 20.0, 4.0, 20.0, 4.0, 20.0, 0.0, 8.0, 8.0, 8.0, 8.0, 8.0, 4.0, 4.0, 20.0, 0.0, 0.0, 8.0, 4.0, 4.0, 4.0, 20.0, 8.0, 8.0, 0.0, 8.0, 4.0, 4.0]",86.95,86.95,17,mn8370qr,,,,,0
5,729v3r7i,,0,308,307,post_exp,FinalForProlific,2026-05-20 19:25:41.216438,1,,,5824.0,5,,0.0,f5a1d5e6-a183-421a-a699-8e50db4fb1c8,6545.5,6.0,8.0,48.0,6593.5,,2600.0,20.0,,,,,0.0,0,,,1,a05edde7-d925-45e5-bd12-37b4af942736,https://london-trader-6b45bffdcd02.herokuapp.com,wss://london-trader-6b45bffdcd02.herokuapp.com,,1,6,gh,hedonic_only,human_only,0.0,0,15,"[8.0, 4.0, 20.0, 8.0, 8.0, 20.0, 20.0, 4.0, 20.0, 4.0, 20.0, 0.0, 8.0, 8.0, 8.0, 8.0, 8.0, 4.0, 4.0, 20.0, 0.0, 0.0, 8.0, 4.0, 4.0, 4.0, 20.0, 8.0, 8.0, 0.0, 8.0, 4.0, 4.0]",86.95,86.95,17,mn8370qr,,,,,0
6,aac2mc3k,,0,308,307,post_exp,FinalForProlific,2026-05-20 19:25:41.222017,1,,,5288.0,6,,0.0,8eb4c26e-1145-412e-a646-d50005ec9ba2,4428.0,18.0,8.0,144.0,4572.0,,3800.0,10.0,,,,,0.0,0,,,1,a05edde7-d925-45e5-bd12-37b4af942736,https://london-trader-6b45bffdcd02.herokuapp.com,wss://london-trader-6b45bffdcd02.herokuapp.com,,1,6,gh,hedonic_only,human_only,0.0,0,15,"[8.0, 4.0, 20.0, 8.0, 8.0, 20.0, 20.0, 4.0, 20.0, 4.0, 20.0, 0.0, 8.0, 8.0, 8.0, 8.0, 8.0, 4.0, 4.0, 20.0, 0.0, 0.0, 8.0, 4.0, 4.0, 4.0, 20.0, 8.0, 8.0, 0.0, 8.0, 4.0, 4.0]",86.95,86.95,17,mn8370qr,,,,,0
7,bs9r1rdm,,0,308,307,post_exp,FinalForProlific,2026-05-20 19:25:41.227334,1,,,4422.0,1,,0.0,8bcaf73d-b674-4326-bd4f-acb83b510b57,3646.6600000000003,20.0,8.0,160.0,3806.6600000000003,,2600.0,20.0,,,,,0.0,0,,,2,98308155-5ef4-4781-92b2-15de5ba68a70,https://london-trader-6b45bffdcd02.herokuapp.com,wss://london-trader-6b45bffdcd02.herokuapp.com,,1,6,gp,info_only,human_only,0.0,0,15,"[8.0, 4.0, 20.0, 8.0, 8.0, 20.0, 20.0, 4.0, 20.0, 4.0, 20.0, 0.0, 8.0, 8.0, 8.0, 8.0, 8.0, 4.0, 4.0, 20.0, 0.0, 0.0, 8.0, 4.0, 4.0, 4.0, 20.0, 8.0, 8.0, 0.0, 8.0, 4.0, 4.0]",29.0,29.0,17,mn8370qr,,,,,0
8,9uh6p1vm,,0,308,307,post_exp,FinalForProlific,2026-05-20 19:25:41.233246,1,,,5926.0,2,,0.0,bc3147b7-5256-41ba-98cd-f8ffcee3c4a6,5381.31,19.0,8.0,152.0,5533.31,,3800.0,10.0,,,,,0.0,0,,,2,98308155-5ef4-4781-92b2-15de5ba68a70,https://london-trader-6b45bffdcd02.herokuapp.com,wss://london-trader-6b45bffdcd02.herokuapp.com,,1,6,gp,info_only,human_only,0.0,0,15,"[8.0, 4.0, 20.0, 8.0, 8.0, 20.0, 20.0, 4.0, 20.0, 4.0, 20.0, 0.0, 8.0, 8.0, 8.0, 8.0, 8.0, 4.0, 4.0, 20.0, 0.0, 0.0, 8.0, 4.0, 4.0, 4.0, 20.0, 8.0, 8.0, 0.0, 8.0, 4.0, 4.0]",29.0,29.0,17,mn8370qr,,,,,0
9,kb2z64e8,,0,308,307,post_exp,FinalForProlific,2026-05-20 19:25:41.238889,1,,,6101.0,3,,0.0,22db997d-e3e3-4d59-aae0-6cf6af50ce83,6020.62,0.0,8.0,0.0,6020.62,,2600.0,20.0,,,,,0.0,0,,,2,98308155-5ef4-4781-92b2-15de5ba68a70,https://london-trader-6b45bffdcd02.herokuapp.com,wss://london-trader-6b45bffdcd02.herokuapp.com,,1,6,gp,info_only,human_only,0.0,0,15,"[8.0, 4.0, 20.0, 8.0, 8.0, 20.0, 20.0, 4.0, 20.0, 4.0, 20.0, 0.0, 8.0, 8.0, 8.0, 8.0, 8.0, 4.0, 4.0, 20.0, 0.0, 0.0, 8.0, 4.0, 4.0, 4.0, 20.0, 8.0, 8.0, 0.0, 8.0, 4.0, 4.0]",29.0,29.0,17,mn8370qr,,,,,0
10,ai0il249,,0,308,307,post_exp,FinalForProlific,2026-05-20 19:25:41.244342,1,,,5172.0,4,,0.0,f31a815e-6425-437b-901f-67ac478997d1,5900.95,19.0,8.0,152.0,6052.95,,3800.0,10.0,,,,,0.0,0,,,2,98308155-5ef4-4781-92b2-15de5ba68a70,https://london-trader-6b45bffdcd02.herokuapp.com,wss://london-trader-6b45bffdcd02.herokuapp.com,,1,6,gp,info_only,human_only,0.0,0,15,"[8.0, 4.0, 20.0, 8.0, 8.0, 20.0, 20.0, 4.0, 20.0, 4.0, 20.0, 0.0, 8.0, 8.0, 8.0, 8.0, 8.0, 4.0, 4.0, 20.0, 0.0, 0.0, 8.0, 4.0, 4.0, 4.0, 20.0, 8.0, 8.0, 0.0, 8.0, 4.0, 4.0]",29.0,29.0,17,mn8370qr,,,,,0
11,pqnknbrr,,0,308,307,post_exp,FinalForProlific,2026-05-20 19:25:41.249954,1,,,4810.0,5,,0.0,e33cbc6c-84e2-461b-b46a-773696dbb034,5266.46,38.0,8.0,304.0,5570.46,,2600.0,20.0,,,,,0.0,0,,,2,98308155-5ef4-4781-92b2-15de5ba68a70,https://london-trader-6b45bffdcd02.herokuapp.com,wss://london-trader-6b45bffdcd02.herokuapp.com,,1,6,gp,info_only,human_only,0.0,0,15,"[8.0, 4.0, 20.0, 8.0, 8.0, 20.0, 20.0, 4.0, 20.0, 4.0, 20.0, 0.0, 8.0, 8.0, 8.0, 8.0, 8.0, 4.0, 4.0, 20.0, 0.0, 0.0, 8.0, 4.0, 4.0, 4.0, 20.0, 8.0, 8.0, 0.0, 8.0, 4.0, 4.0]",29.0,29.0,17,mn8370qr,,,,,0
12,whc9aveo,,0,308,307,post_exp,FinalForProlific,2026-05-20 19:25:41.255262,1,,,6139.0,6,,0.0,f2e7f80c-211c-4c81-bc5c-0ba136ad3833,5920.0,2.0,8.0,16.0,5936.0,,3800.0,10.0,,,,,0.0,0,,,2,98308155-5ef4-4781-92b2-15de5ba68a70,https://london-trader-6b45bffdcd02.herokuapp.com,wss://london-trader-6b45bffdcd02.herokuapp.com,,1,6,gp,info_only,human_only,0.0,0,15,"[8.0, 4.0, 20.0, 8.0, 8.0, 20.0, 20.0, 4.0, 20.0, 4.0, 20.0, 0.0, 8.0, 8.0, 8.0, 8.0, 8.0, 4.0, 4.0, 20.0, 0.0, 0.0, 8.0, 4.0, 4.0, 4.0, 20.0, 8.0, 8.0, 0.0, 8.0, 4.0, 4.0]",29.0,29.0,17,mn8370qr,,,,,0
13,51q1wtqi,,0,308,307,post_exp,FinalForProlific,2026-05-20 19:25:41.260557,1,,,6081.0,1,,0.0,4aca7b41-4748-4b31-bf59-7eef6f6ceb29,5863.0,3.0,8.0,24.0,5887.0,,2600.0,20.0,,,,,0.0,0,,,3,4851d4e0-c583-455d-80f5-4dad0f16a7b8,https://london-trader-6b45bffdcd02.herokuapp.com,wss://london-trader-6b45bffdcd02.herokuapp.com,,1,4,ghp,gamified,human_only,0.0,0,15,"[8.0, 4.0, 20.0, 8.0, 8.0, 20.0, 20.0, 4.0, 20.0, 4.0, 20.0, 0.0, 8.0, 8.0, 8.0, 8.0, 8.0, 4.0, 4.0, 20.0, 0.0, 0.0, 8.0, 4.0, 4.0, 4.0, 20.0, 8.0, 8.0, 0.0, 8.0, 4.0, 4.0]",40.0,40.0,17,mn8370qr,,,,,0
14,q9v4q54j,,0,308,307,post_exp,FinalForProlific,2026-05-20 19:25:41.266013,1,,,4846.0,2,,0.0,2aca63e0-cbd2-482b-b42a-0dc66ecc3720,4361.62,43.0,8.0,344.0,4705.62,,3800.0,10.0,,,,,0.0,0,,,3,4851d4e0-c583-455d-80f5-4dad0f16a7b8,https://london-trader-6b45bffdcd02.herokuapp.com,wss://london-trader-6b45bffdcd02.herokuapp.com,,1,4,ghp,gamified,human_only,0.0,0,15,"[8.0, 4.0, 20.0, 8.0, 8.0, 20.0, 20.0, 4.0, 20.0, 4.0, 20.0, 0.0, 8.0, 8.0, 8.0, 8.0, 8.0, 4.0, 4.0, 20.0, 0.0, 0.0, 8.0, 4.0, 4.0, 4.0, 20.0, 8.0, 8.0, 0.0, 8.0, 4.0, 4.0]",40.0,40.0,17,mn8370qr,,,,,0
15,5g1om6y0,,0,308,307,post_exp,FinalForProlific,2026-05-20 19:25:41.271633,1,,,6308.0,3,,0.0,5928606e-bea5-4739-9b23-b2d9b8f761d7,5785.75,26.0,8.0,208.0,5993.75,,2600.0,20.0,,,,,0.0,0,,,3,4851d4e0-c583-455d-80f5-4dad0f16a7b8,https://london-trader-6b45bffdcd02.herokuapp.com,wss://london-trader-6b45bffdcd02.herokuapp.com,,1,4,ghp,gamified,human_only,0.0,0,15,"[8.0, 4.0, 20.0, 8.0, 8.0, 20.0, 20.0, 4.0, 20.0, 4.0, 20.0, 0.0, 8.0, 8.0, 8.0, 8.0, 8.0, 4.0, 4.0, 20.0, 0.0, 0.0, 8.0, 4.0, 4.0, 4.0, 20.0, 8.0, 8.0, 0.0, 8.0, 4.0, 4.0]",40.0,40.0,17,mn8370qr,,,,,0
16,ry1l466x,,0,308,307,post_exp,FinalForProlific,2026-05-20 19:25:41.277077,1,,,5341.0,4,,0.0,cd396e23-29b0-4959-892c-0254e89f3546,5413.63,5.0,8.0,40.0,5453.63,,3800.0,10.0,,,,,0.0,0,,,3,4851d4e0-c583-455d-80f5-4dad0f16a7b8,https://london-trader-6b45bffdcd02.herokuapp.com,wss://london-trader-6b45bffdcd02.herokuapp.com,,1,4,ghp,gamified,human_only,0.0,0,15,"[8.0, 4.0, 20.0, 8.0, 8.0, 20.0, 20.0, 4.0, 20.0, 4.0, 20.0, 0.0, 8.0, 8.0, 8.0, 8.0, 8.0, 4.0, 4.0, 20.0, 0.0, 0.0, 8.0, 4.0, 4.0, 4.0, 20.0, 8.0, 8.0, 0.0, 8.0, 4.0, 4.0]",40.0,40.0,17,mn8370qr,,,,,0
1,e4rzuiqc,,0,308,307,post_exp,FinalForProlific,2026-05-20 19:25:41.187444,1,,,5538.0,1,,0.0,6ab180f8-7112-4499-b7f9-b9540b122777,6653.5,2.0,4.0,8.0,6661.5,,2600.0,20.0,,,,,0.0,0,,,1,a05edde7-d925-45e5-bd12-37b4af942736,https://london-trader-6b45bffdcd02.herokuapp.com,wss://london-trader-6b45bffdcd02.herokuapp.com,,1,6,gh,hedonic_only,human_only,0.0,0,15,"[8.0, 4.0, 20.0, 8.0, 8.0, 20.0, 20.0, 4.0, 20.0, 4.0, 20.0, 0.0, 8.0, 8.0, 8.0, 8.0, 8.0, 4.0, 4.0, 20.0, 0.0, 0.0, 8.0, 4.0, 4.0, 4.0, 20.0, 8.0, 8.0, 0.0, 8.0, 4.0, 4.0]",18.5,18.5,18,mn8370qr,,,,,0
2,j6o1gu35,,0,308,307,post_exp,FinalForProlific,2026-05-20 19:25:41.199388,1,,,1136.0,2,,0.0,73efef72-11c9-496a-80d8-178d281ae4d1,3765.95,28.0,4.0,112.0,3877.95,,3800.0,10.0,,,,,0.0,0,,,1,a05edde7-d925-45e5-bd12-37b4af942736,https://london-trader-6b45bffdcd02.herokuapp.com,wss://london-trader-6b45bffdcd02.herokuapp.com,,1,6,gh,hedonic_only,human_only,0.0,0,15,"[8.0, 4.0, 20.0, 8.0, 8.0, 20.0, 20.0, 4.0, 20.0, 4.0, 20.0, 0.0, 8.0, 8.0, 8.0, 8.0, 8.0, 4.0, 4.0, 20.0, 0.0, 0.0, 8.0, 4.0, 4.0, 4.0, 20.0, 8.0, 8.0, 0.0, 8.0, 4.0, 4.0]",18.5,18.5,18,mn8370qr,,,,,0
3,z9n52ebr,,0,308,307,post_exp,FinalForProlific,2026-05-20 19:25:41.205068,1,,,5326.0,3,,0.0,c8eb7dce-7793-4314-ad7f-d135dbb2ba47,5357.35,25.0,4.0,100.0,5457.35,,2600.0,20.0,,,,,0.0,0,,,1,a05edde7-d925-45e5-bd12-37b4af942736,https://london-trader-6b45bffdcd02.herokuapp.com,wss://london-trader-6b45bffdcd02.herokuapp.com,,1,6,gh,hedonic_only,human_only,0.0,0,15,"[8.0, 4.0, 20.0, 8.0, 8.0, 20.0, 20.0, 4.0, 20.0, 4.0, 20.0, 0.0, 8.0, 8.0, 8.0, 8.0, 8.0, 4.0, 4.0, 20.0, 0.0, 0.0, 8.0, 4.0, 4.0, 4.0, 20.0, 8.0, 8.0, 0.0, 8.0, 4.0, 4.0]",18.5,18.5,18,mn8370qr,,,,,0
4,lh92b709,,0,308,307,post_exp,FinalForProlific,2026-05-20 19:25:41.210764,1,,,5744.0,4,,0.0,0c8329d9-01d0-4ade-9746-adcd76979d55,5517.7,14.0,4.0,56.0,5573.7,,3800.0,10.0,,,,,0.0,0,,,1,a05edde7-d925-45e5-bd12-37b4af942736,https://london-trader-6b45bffdcd02.herokuapp.com,wss://london-trader-6b45bffdcd02.herokuapp.com,,1,6,gh,hedonic_only,human_only,0.0,0,15,"[8.0, 4.0, 20.0, 8.0, 8.0, 20.0, 20.0, 4.0, 20.0, 4.0, 20.0, 0.0, 8.0, 8.0, 8.0, 8.0, 8.0, 4.0, 4.0, 20.0, 0.0, 0.0, 8.0, 4.0, 4.0, 4.0, 20.0, 8.0, 8.0, 0.0, 8.0, 4.0, 4.0]",18.5,18.5,18,mn8370qr,,,,,0
5,729v3r7i,,0,308,307,post_exp,FinalForProlific,2026-05-20 19:25:41.216438,1,,,5824.0,5,,0.0,f5a1d5e6-a183-421a-a699-8e50db4fb1c8,6593.5,8.0,4.0,32.0,6625.5,,2600.0,20.0,,,,,0.0,0,,,1,a05edde7-d925-45e5-bd12-37b4af942736,https://london-trader-6b45bffdcd02.herokuapp.com,wss://london-trader-6b45bffdcd02.herokuapp.com,,1,6,gh,hedonic_only,human_only,0.0,0,15,"[8.0, 4.0, 20.0, 8.0, 8.0, 20.0, 20.0, 4.0, 20.0, 4.0, 20.0, 0.0, 8.0, 8.0, 8.0, 8.0, 8.0, 4.0, 4.0, 20.0, 0.0, 0.0, 8.0, 4.0, 4.0, 4.0, 20.0, 8.0, 8.0, 0.0, 8.0, 4.0, 4.0]",18.5,18.5,18,mn8370qr,,,,,0
6,aac2mc3k,,0,308,307,post_exp,FinalForProlific,2026-05-20 19:25:41.222017,1,,,5288.0,6,,0.0,8eb4c26e-1145-412e-a646-d50005ec9ba2,4572.0,17.0,4.0,68.0,4640.0,,3800.0,10.0,,,,,0.0,0,,,1,a05edde7-d925-45e5-bd12-37b4af942736,https://london-trader-6b45bffdcd02.herokuapp.com,wss://london-trader-6b45bffdcd02.herokuapp.com,,1,6,gh,hedonic_only,human_only,0.0,0,15,"[8.0, 4.0, 20.0, 8.0, 8.0, 20.0, 20.0, 4.0, 20.0, 4.0, 20.0, 0.0, 8.0, 8.0, 8.0, 8.0, 8.0, 4.0, 4.0, 20.0, 0.0, 0.0, 8.0, 4.0, 4.0, 4.0, 20.0, 8.0, 8.0, 0.0, 8.0, 4.0, 4.0]",18.5,18.5,18,mn8370qr,,,,,0
7,bs9r1rdm,,0,308,307,post_exp,FinalForProlific,2026-05-20 19:25:41.227334,1,,,4422.0,1,,0.0,8bcaf73d-b674-4326-bd4f-acb83b510b57,3459.0,32.0,4.0,128.0,3587.0,,2600.0,20.0,,,,,0.0,0,,,2,98308155-5ef4-4781-92b2-15de5ba68a70,https://london-trader-6b45bffdcd02.herokuapp.com,wss://london-trader-6b45bffdcd02.herokuapp.com,,1,6,gp,info_only,human_only,0.0,0,15,"[8.0, 4.0, 20.0, 8.0, 8.0, 20.0, 20.0, 4.0, 20.0, 4.0, 20.0, 0.0, 8.0, 8.0, 8.0, 8.0, 8.0, 4.0, 4.0, 20.0, 0.0, 0.0, 8.0, 4.0, 4.0, 4.0, 20.0, 8.0, 8.0, 0.0, 8.0, 4.0, 4.0]",21.25,21.25,18,mn8370qr,,,,,0
8,9uh6p1vm,,0,308,307,post_exp,FinalForProlific,2026-05-20 19:25:41.233246,1,,,5926.0,2,,0.0,bc3147b7-5256-41ba-98cd-f8ffcee3c4a6,5751.88,11.0,4.0,44.0,5795.88,,3800.0,10.0,,,,,0.0,0,,,2,98308155-5ef4-4781-92b2-15de5ba68a70,https://london-trader-6b45bffdcd02.herokuapp.com,wss://london-trader-6b45bffdcd02.herokuapp.com,,1,6,gp,info_only,human_only,0.0,0,15,"[8.0, 4.0, 20.0, 8.0, 8.0, 20.0, 20.0, 4.0, 20.0, 4.0, 20.0, 0.0, 8.0, 8.0, 8.0, 8.0, 8.0, 4.0, 4.0, 20.0, 0.0, 0.0, 8.0, 4.0, 4.0, 4.0, 20.0, 8.0, 8.0, 0.0, 8.0, 4.0, 4.0]",21.25,21.25,18,mn8370qr,,,,,0
9,kb2z64e8,,0,308,307,post_exp,FinalForProlific,2026-05-20 19:25:41.238889,1,,,6101.0,3,,0.0,22db997d-e3e3-4d59-aae0-6cf6af50ce83,6020.62,0.0,4.0,0.0,6020.62,,2600.0,20.0,,,,,0.0,0,,,2,98308155-5ef4-4781-92b2-15de5ba68a70,https://london-trader-6b45bffdcd02.herokuapp.com,wss://london-trader-6b45bffdcd02.herokuapp.com,,1,6,gp,info_only,human_only,0.0,0,15,"[8.0, 4.0, 20.0, 8.0, 8.0, 20.0, 20.0, 4.0, 20.0, 4.0, 20.0, 0.0, 8.0, 8.0, 8.0, 8.0, 8.0, 4.0, 4.0, 20.0, 0.0, 0.0, 8.0, 4.0, 4.0, 4.0, 20.0, 8.0, 8.0, 0.0, 8.0, 4.0, 4.0]",21.25,21.25,18,mn8370qr,,,,,0
10,ai0il249,,0,308,307,post_exp,FinalForProlific,2026-05-20 19:25:41.244342,1,,,5172.0,4,,0.0,f31a815e-6425-437b-901f-67ac478997d1,6157.2699999999995,14.0,4.0,56.0,6213.2699999999995,,3800.0,10.0,,,,,0.0,0,,,2,98308155-5ef4-4781-92b2-15de5ba68a70,https://london-trader-6b45bffdcd02.herokuapp.com,wss://london-trader-6b45bffdcd02.herokuapp.com,,1,6,gp,info_only,human_only,0.0,0,15,"[8.0, 4.0, 20.0, 8.0, 8.0, 20.0, 20.0, 4.0, 20.0, 4.0, 20.0, 0.0, 8.0, 8.0, 8.0, 8.0, 8.0, 4.0, 4.0, 20.0, 0.0, 0.0, 8.0, 4.0, 4.0, 4.0, 20.0, 8.0, 8.0, 0.0, 8.0, 4.0, 4.0]",21.25,21.25,18,mn8370qr,,,,,0
11,pqnknbrr,,0,308,307,post_exp,FinalForProlific,2026-05-20 19:25:41.249954,1,,,4810.0,5,,0.0,e33cbc6c-84e2-461b-b46a-773696dbb034,5542.46,36.0,4.0,144.0,5686.46,,2600.0,20.0,,,,,0.0,0,,,2,98308155-5ef4-4781-92b2-15de5ba68a70,https://london-trader-6b45bffdcd02.herokuapp.com,wss://london-trader-6b45bffdcd02.herokuapp.com,,1,6,gp,info_only,human_only,0.0,0,15,"[8.0, 4.0, 20.0, 8.0, 8.0, 20.0, 20.0, 4.0, 20.0, 4.0, 20.0, 0.0, 8.0, 8.0, 8.0, 8.0, 8.0, 4.0, 4.0, 20.0, 0.0, 0.0, 8.0, 4.0, 4.0, 4.0, 20.0, 8.0, 8.0, 0.0, 8.0, 4.0, 4.0]",21.25,21.25,18,mn8370qr,,,,,0
12,whc9aveo,,0,308,307,post_exp,FinalForProlific,2026-05-20 19:25:41.255262,1,,,6139.0,6,,0.0,f2e7f80c-211c-4c81-bc5c-0ba136ad3833,5988.7699999999995,0.0,4.0,0.0,5988.7699999999995,,3800.0,10.0,,,,,0.0,0,,,2,98308155-5ef4-4781-92b2-15de5ba68a70,https://london-trader-6b45bffdcd02.herokuapp.com,wss://london-trader-6b45bffdcd02.herokuapp.com,,1,6,gp,info_only,human_only,0.0,0,15,"[8.0, 4.0, 20.0, 8.0, 8.0, 20.0, 20.0, 4.0, 20.0, 4.0, 20.0, 0.0, 8.0, 8.0, 8.0, 8.0, 8.0, 4.0, 4.0, 20.0, 0.0, 0.0, 8.0, 4.0, 4.0, 4.0, 20.0, 8.0, 8.0, 0.0, 8.0, 4.0, 4.0]",21.25,21.25,18,mn8370qr,,,,,0
13,51q1wtqi,,0,308,307,post_exp,FinalForProlific,2026-05-20 19:25:41.260557,1,,,6081.0,1,,0.0,4aca7b41-4748-4b31-bf59-7eef6f6ceb29,5917.0,1.0,4.0,4.0,5921.0,,2600.0,20.0,,,,,0.0,0,,,3,4851d4e0-c583-455d-80f5-4dad0f16a7b8,https://london-trader-6b45bffdcd02.herokuapp.com,wss://london-trader-6b45bffdcd02.herokuapp.com,,1,4,ghp,gamified,human_only,0.0,0,15,"[8.0, 4.0, 20.0, 8.0, 8.0, 20.0, 20.0, 4.0, 20.0, 4.0, 20.0, 0.0, 8.0, 8.0, 8.0, 8.0, 8.0, 4.0, 4.0, 20.0, 0.0, 0.0, 8.0, 4.0, 4.0, 4.0, 20.0, 8.0, 8.0, 0.0, 8.0, 4.0, 4.0]",18.0,18.0,18,mn8370qr,,,,,0
14,q9v4q54j,,0,308,307,post_exp,FinalForProlific,2026-05-20 19:25:41.266013,1,,,4846.0,2,,0.0,2aca63e0-cbd2-482b-b42a-0dc66ecc3720,4525.62,50.0,4.0,200.0,4725.62,,3800.0,10.0,,,,,0.0,0,,,3,4851d4e0-c583-455d-80f5-4dad0f16a7b8,https://london-trader-6b45bffdcd02.herokuapp.com,wss://london-trader-6b45bffdcd02.herokuapp.com,,1,4,ghp,gamified,human_only,0.0,0,15,"[8.0, 4.0, 20.0, 8.0, 8.0, 20.0, 20.0, 4.0, 20.0, 4.0, 20.0, 0.0, 8.0, 8.0, 8.0, 8.0, 8.0, 4.0, 4.0, 20.0, 0.0, 0.0, 8.0, 4.0, 4.0, 4.0, 20.0, 8.0, 8.0, 0.0, 8.0, 4.0, 4.0]",18.0,18.0,18,mn8370qr,,,,,0
15,5g1om6y0,,0,308,307,post_exp,FinalForProlific,2026-05-20 19:25:41.271633,1,,,6308.0,3,,0.0,5928606e-bea5-4739-9b23-b2d9b8f761d7,6103.75,11.0,4.0,44.0,6147.75,,2600.0,20.0,,,,,0.0,0,,,3,4851d4e0-c583-455d-80f5-4dad0f16a7b8,https://london-trader-6b45bffdcd02.herokuapp.com,wss://london-trader-6b45bffdcd02.herokuapp.com,,1,4,ghp,gamified,human_only,0.0,0,15,"[8.0, 4.0, 20.0, 8.0, 8.0, 20.0, 20.0, 4.0, 20.0, 4.0, 20.0, 0.0, 8.0, 8.0, 8.0, 8.0, 8.0, 4.0, 4.0, 20.0, 0.0, 0.0, 8.0, 4.0, 4.0, 4.0, 20.0, 8.0, 8.0, 0.0, 8.0, 4.0, 4.0]",18.0,18.0,18,mn8370qr,,,,,0
16,ry1l466x,,0,308,307,post_exp,FinalForProlific,2026-05-20 19:25:41.277077,1,,,5341.0,4,,0.0,cd396e23-29b0-4959-892c-0254e89f3546,5493.63,2.0,4.0,8.0,5501.63,,3800.0,10.0,,,,,0.0,0,,,3,4851d4e0-c583-455d-80f5-4dad0f16a7b8,https://london-trader-6b45bffdcd02.herokuapp.com,wss://london-trader-6b45bffdcd02.herokuapp.com,,1,4,ghp,gamified,human_only,0.0,0,15,"[8.0, 4.0, 20.0, 8.0, 8.0, 20.0, 20.0, 4.0, 20.0, 4.0, 20.0, 0.0, 8.0, 8.0, 8.0, 8.0, 8.0, 4.0, 4.0, 20.0, 0.0, 0.0, 8.0, 4.0, 4.0, 4.0, 20.0, 8.0, 8.0, 0.0, 8.0, 4.0, 4.0]",18.0,18.0,18,mn8370qr,,,,,0
1,e4rzuiqc,,0,308,307,post_exp,FinalForProlific,2026-05-20 19:25:41.187444,1,,,5538.0,1,,0.0,e587d9fc-8b60-4d5e-94d5-3b29caa7cace,2725.0,19.0,4.0,76.0,2801.0,,2600.0,20.0,,,,,0.0,0,,,1,b86ad8e8-b0f6-4578-8e02-b4a87378a89d,https://london-trader-6b45bffdcd02.herokuapp.com,wss://london-trader-6b45bffdcd02.herokuapp.com,,1,6,gh,hedonic_only,human_only,0.0,0,15,"[8.0, 4.0, 20.0, 8.0, 8.0, 20.0, 20.0, 4.0, 20.0, 4.0, 20.0, 0.0, 8.0, 8.0, 8.0, 8.0, 8.0, 4.0, 4.0, 20.0, 0.0, 0.0, 8.0, 4.0, 4.0, 4.0, 20.0, 8.0, 8.0, 0.0, 8.0, 4.0, 4.0]",120.0,120.0,19,mn8370qr,,,,,0
2,j6o1gu35,,0,308,307,post_exp,FinalForProlific,2026-05-20 19:25:41.199388,1,,,1136.0,2,,0.0,2687126f-035a-4f5c-9b79-40117776a123,3775.0,10.0,4.0,40.0,3815.0,,3800.0,10.0,,,,,0.0,0,,,1,b86ad8e8-b0f6-4578-8e02-b4a87378a89d,https://london-trader-6b45bffdcd02.herokuapp.com,wss://london-trader-6b45bffdcd02.herokuapp.com,,1,6,gh,hedonic_only,human_only,0.0,0,15,"[8.0, 4.0, 20.0, 8.0, 8.0, 20.0, 20.0, 4.0, 20.0, 4.0, 20.0, 0.0, 8.0, 8.0, 8.0, 8.0, 8.0, 4.0, 4.0, 20.0, 0.0, 0.0, 8.0, 4.0, 4.0, 4.0, 20.0, 8.0, 8.0, 0.0, 8.0, 4.0, 4.0]",120.0,120.0,19,mn8370qr,,,,,0
3,z9n52ebr,,0,308,307,post_exp,FinalForProlific,2026-05-20 19:25:41.205068,1,,,5326.0,3,,0.0,e2aa12cd-48ec-4b85-a4ed-c4fc7b454ddf,2750.0,20.0,4.0,80.0,2830.0,,2600.0,20.0,,,,,0.0,0,,,1,b86ad8e8-b0f6-4578-8e02-b4a87378a89d,https://london-trader-6b45bffdcd02.herokuapp.com,wss://london-trader-6b45bffdcd02.herokuapp.com,,1,6,gh,hedonic_only,human_only,0.0,0,15,"[8.0, 4.0, 20.0, 8.0, 8.0, 20.0, 20.0, 4.0, 20.0, 4.0, 20.0, 0.0, 8.0, 8.0, 8.0, 8.0, 8.0, 4.0, 4.0, 20.0, 0.0, 0.0, 8.0, 4.0, 4.0, 4.0, 20.0, 8.0, 8.0, 0.0, 8.0, 4.0, 4.0]",120.0,120.0,19,mn8370qr,,,,,0
4,lh92b709,,0,308,307,post_exp,FinalForProlific,2026-05-20 19:25:41.210764,1,,,5744.0,4,,0.0,408a9933-2d73-49af-a89e-1257e848a4cf,3825.0,11.0,4.0,44.0,3869.0,,3800.0,10.0,,,,,0.0,0,,,1,b86ad8e8-b0f6-4578-8e02-b4a87378a89d,https://london-trader-6b45bffdcd02.herokuapp.com,wss://london-trader-6b45bffdcd02.herokuapp.com,,1,6,gh,hedonic_only,human_only,0.0,0,15,"[8.0, 4.0, 20.0, 8.0, 8.0, 20.0, 20.0, 4.0, 20.0, 4.0, 20.0, 0.0, 8.0, 8.0, 8.0, 8.0, 8.0, 4.0, 4.0, 20.0, 0.0, 0.0, 8.0, 4.0, 4.0, 4.0, 20.0, 8.0, 8.0, 0.0, 8.0, 4.0, 4.0]",120.0,120.0,19,mn8370qr,,,,,0
5,729v3r7i,,0,308,307,post_exp,FinalForProlific,2026-05-20 19:25:41.216438,1,,,5824.0,5,,0.0,85c25fb0-b87a-41cb-a477-b786b6785b79,2325.0,22.0,4.0,88.0,2413.0,,2600.0,20.0,,,,,0.0,0,,,1,b86ad8e8-b0f6-4578-8e02-b4a87378a89d,https://london-trader-6b45bffdcd02.herokuapp.com,wss://london-trader-6b45bffdcd02.herokuapp.com,,1,6,gh,hedonic_only,human_only,0.0,0,15,"[8.0, 4.0, 20.0, 8.0, 8.0, 20.0, 20.0, 4.0, 20.0, 4.0, 20.0, 0.0, 8.0, 8.0, 8.0, 8.0, 8.0, 4.0, 4.0, 20.0, 0.0, 0.0, 8.0, 4.0, 4.0, 4.0, 20.0, 8.0, 8.0, 0.0, 8.0, 4.0, 4.0]",120.0,120.0,19,mn8370qr,,,,,0
6,aac2mc3k,,0,308,307,post_exp,FinalForProlific,2026-05-20 19:25:41.222017,1,,,5288.0,6,,0.0,274b90df-f4ee-4a06-b02e-fef62796b15f,3800.0,11.0,4.0,44.0,3844.0,,3800.0,10.0,,,,,0.0,0,,,1,b86ad8e8-b0f6-4578-8e02-b4a87378a89d,https://london-trader-6b45bffdcd02.herokuapp.com,wss://london-trader-6b45bffdcd02.herokuapp.com,,1,6,gh,hedonic_only,human_only,0.0,0,15,"[8.0, 4.0, 20.0, 8.0, 8.0, 20.0, 20.0, 4.0, 20.0, 4.0, 20.0, 0.0, 8.0, 8.0, 8.0, 8.0, 8.0, 4.0, 4.0, 20.0, 0.0, 0.0, 8.0, 4.0, 4.0, 4.0, 20.0, 8.0, 8.0, 0.0, 8.0, 4.0, 4.0]",120.0,120.0,19,mn8370qr,,,,,0
7,bs9r1rdm,,0,308,307,post_exp,FinalForProlific,2026-05-20 19:25:41.227334,1,,,4422.0,1,,0.0,bb1de49e-9922-4e51-bf38-42f79bfa10dd,2431.5,21.0,4.0,84.0,2515.5,,2600.0,20.0,,,,,0.0,0,,,2,aeea46bb-84ad-409e-b595-5f1ae9d39ed9,https://london-trader-6b45bffdcd02.herokuapp.com,wss://london-trader-6b45bffdcd02.herokuapp.com,,1,6,gp,info_only,human_only,0.0,0,15,"[8.0, 4.0, 20.0, 8.0, 8.0, 20.0, 20.0, 4.0, 20.0, 4.0, 20.0, 0.0, 8.0, 8.0, 8.0, 8.0, 8.0, 4.0, 4.0, 20.0, 0.0, 0.0, 8.0, 4.0, 4.0, 4.0, 20.0, 8.0, 8.0, 0.0, 8.0, 4.0, 4.0]",100.0,100.0,19,mn8370qr,,,,,0
8,9uh6p1vm,,0,308,307,post_exp,FinalForProlific,2026-05-20 19:25:41.233246,1,,,5926.0,2,,0.0,3cc0e1ca-01ec-458e-a73f-5f979015e052,4111.5,7.0,4.0,28.0,4139.5,,3800.0,10.0,,,,,0.0,0,,,2,aeea46bb-84ad-409e-b595-5f1ae9d39ed9,https://london-trader-6b45bffdcd02.herokuapp.com,wss://london-trader-6b45bffdcd02.herokuapp.com,,1,6,gp,info_only,human_only,0.0,0,15,"[8.0, 4.0, 20.0, 8.0, 8.0, 20.0, 20.0, 4.0, 20.0, 4.0, 20.0, 0.0, 8.0, 8.0, 8.0, 8.0, 8.0, 4.0, 4.0, 20.0, 0.0, 0.0, 8.0, 4.0, 4.0, 4.0, 20.0, 8.0, 8.0, 0.0, 8.0, 4.0, 4.0]",100.0,100.0,19,mn8370qr,,,,,0
9,kb2z64e8,,0,308,307,post_exp,FinalForProlific,2026-05-20 19:25:41.238889,1,,,6101.0,3,,0.0,a415b3a2-d76d-4f31-8ddd-bdf441257d88,2612.0,20.0,4.0,80.0,2692.0,,2600.0,20.0,,,,,0.0,0,,,2,aeea46bb-84ad-409e-b595-5f1ae9d39ed9,https://london-trader-6b45bffdcd02.herokuapp.com,wss://london-trader-6b45bffdcd02.herokuapp.com,,1,6,gp,info_only,human_only,0.0,0,15,"[8.0, 4.0, 20.0, 8.0, 8.0, 20.0, 20.0, 4.0, 20.0, 4.0, 20.0, 0.0, 8.0, 8.0, 8.0, 8.0, 8.0, 4.0, 4.0, 20.0, 0.0, 0.0, 8.0, 4.0, 4.0, 4.0, 20.0, 8.0, 8.0, 0.0, 8.0, 4.0, 4.0]",100.0,100.0,19,mn8370qr,,,,,0
10,ai0il249,,0,308,307,post_exp,FinalForProlific,2026-05-20 19:25:41.244342,1,,,5172.0,4,,0.0,bd8df300-e107-4fb6-a1a9-1ee4f9ce263f,3510.0,16.0,4.0,64.0,3574.0,,3800.0,10.0,,,,,0.0,0,,,2,aeea46bb-84ad-409e-b595-5f1ae9d39ed9,https://london-trader-6b45bffdcd02.herokuapp.com,wss://london-trader-6b45bffdcd02.herokuapp.com,,1,6,gp,info_only,human_only,0.0,0,15,"[8.0, 4.0, 20.0, 8.0, 8.0, 20.0, 20.0, 4.0, 20.0, 4.0, 20.0, 0.0, 8.0, 8.0, 8.0, 8.0, 8.0, 4.0, 4.0, 20.0, 0.0, 0.0, 8.0, 4.0, 4.0, 4.0, 20.0, 8.0, 8.0, 0.0, 8.0, 4.0, 4.0]",100.0,100.0,19,mn8370qr,,,,,0
11,pqnknbrr,,0,308,307,post_exp,FinalForProlific,2026-05-20 19:25:41.249954,1,,,4810.0,5,,0.0,0dfc44c4-9a29-46a9-8b14-42a4bda28f5c,2408.0,23.0,4.0,92.0,2500.0,,2600.0,20.0,,,,,0.0,0,,,2,aeea46bb-84ad-409e-b595-5f1ae9d39ed9,https://london-trader-6b45bffdcd02.herokuapp.com,wss://london-trader-6b45bffdcd02.herokuapp.com,,1,6,gp,info_only,human_only,0.0,0,15,"[8.0, 4.0, 20.0, 8.0, 8.0, 20.0, 20.0, 4.0, 20.0, 4.0, 20.0, 0.0, 8.0, 8.0, 8.0, 8.0, 8.0, 4.0, 4.0, 20.0, 0.0, 0.0, 8.0, 4.0, 4.0, 4.0, 20.0, 8.0, 8.0, 0.0, 8.0, 4.0, 4.0]",100.0,100.0,19,mn8370qr,,,,,0
12,whc9aveo,,0,308,307,post_exp,FinalForProlific,2026-05-20 19:25:41.255262,1,,,6139.0,6,,0.0,b36c610c-8e4d-4bcb-b3bf-9233bc19bd59,4127.0,9.0,4.0,36.0,4163.0,,3800.0,10.0,,,,,0.0,0,,,2,aeea46bb-84ad-409e-b595-5f1ae9d39ed9,https://london-trader-6b45bffdcd02.herokuapp.com,wss://london-trader-6b45bffdcd02.herokuapp.com,,1,6,gp,info_only,human_only,0.0,0,15,"[8.0, 4.0, 20.0, 8.0, 8.0, 20.0, 20.0, 4.0, 20.0, 4.0, 20.0, 0.0, 8.0, 8.0, 8.0, 8.0, 8.0, 4.0, 4.0, 20.0, 0.0, 0.0, 8.0, 4.0, 4.0, 4.0, 20.0, 8.0, 8.0, 0.0, 8.0, 4.0, 4.0]",100.0,100.0,19,mn8370qr,,,,,0
13,51q1wtqi,,0,308,307,post_exp,FinalForProlific,2026-05-20 19:25:41.260557,1,,,6081.0,1,,0.0,0500554f-6ad6-4d90-b416-d094e1c2d6fa,2850.0,19.0,4.0,76.0,2926.0,,2600.0,20.0,,,,,0.0,0,,,3,32f83e1a-8f9b-4533-82cc-9d1a1ceded46,https://london-trader-6b45bffdcd02.herokuapp.com,wss://london-trader-6b45bffdcd02.herokuapp.com,,1,4,ghp,gamified,human_only,0.0,0,15,"[8.0, 4.0, 20.0, 8.0, 8.0, 20.0, 20.0, 4.0, 20.0, 4.0, 20.0, 0.0, 8.0, 8.0, 8.0, 8.0, 8.0, 4.0, 4.0, 20.0, 0.0, 0.0, 8.0, 4.0, 4.0, 4.0, 20.0, 8.0, 8.0, 0.0, 8.0, 4.0, 4.0]",120.0,120.0,19,mn8370qr,,,,,0
14,q9v4q54j,,0,308,307,post_exp,FinalForProlific,2026-05-20 19:25:41.266013,1,,,4846.0,2,,0.0,d2123171-a761-420f-9ca0-9fc0a54b2e13,3292.5,14.0,4.0,56.0,3348.5,,3800.0,10.0,,,,,0.0,0,,,3,32f83e1a-8f9b-4533-82cc-9d1a1ceded46,https://london-trader-6b45bffdcd02.herokuapp.com,wss://london-trader-6b45bffdcd02.herokuapp.com,,1,4,ghp,gamified,human_only,0.0,0,15,"[8.0, 4.0, 20.0, 8.0, 8.0, 20.0, 20.0, 4.0, 20.0, 4.0, 20.0, 0.0, 8.0, 8.0, 8.0, 8.0, 8.0, 4.0, 4.0, 20.0, 0.0, 0.0, 8.0, 4.0, 4.0, 4.0, 20.0, 8.0, 8.0, 0.0, 8.0, 4.0, 4.0]",120.0,120.0,19,mn8370qr,,,,,0
15,5g1om6y0,,0,308,307,post_exp,FinalForProlific,2026-05-20 19:25:41.271633,1,,,6308.0,3,,0.0,957560c7-bf61-4449-bb07-a260f24dc622,2735.0,19.0,4.0,76.0,2811.0,,2600.0,20.0,,,,,0.0,0,,,3,32f83e1a-8f9b-4533-82cc-9d1a1ceded46,https://london-trader-6b45bffdcd02.herokuapp.com,wss://london-trader-6b45bffdcd02.herokuapp.com,,1,4,ghp,gamified,human_only,0.0,0,15,"[8.0, 4.0, 20.0, 8.0, 8.0, 20.0, 20.0, 4.0, 20.0, 4.0, 20.0, 0.0, 8.0, 8.0, 8.0, 8.0, 8.0, 4.0, 4.0, 20.0, 0.0, 0.0, 8.0, 4.0, 4.0, 4.0, 20.0, 8.0, 8.0, 0.0, 8.0, 4.0, 4.0]",120.0,120.0,19,mn8370qr,,,,,0
16,ry1l466x,,0,308,307,post_exp,FinalForProlific,2026-05-20 19:25:41.277077,1,,,5341.0,4,,0.0,b708290f-ab81-4247-b84a-d9e1a961e73f,3922.5,11.0,4.0,44.0,3966.5,,3800.0,10.0,,,,,0.0,0,,,3,32f83e1a-8f9b-4533-82cc-9d1a1ceded46,https://london-trader-6b45bffdcd02.herokuapp.com,wss://london-trader-6b45bffdcd02.herokuapp.com,,1,4,ghp,gamified,human_only,0.0,0,15,"[8.0, 4.0, 20.0, 8.0, 8.0, 20.0, 20.0, 4.0, 20.0, 4.0, 20.0, 0.0, 8.0, 8.0, 8.0, 8.0, 8.0, 4.0, 4.0, 20.0, 0.0, 0.0, 8.0, 4.0, 4.0, 4.0, 20.0, 8.0, 8.0, 0.0, 8.0, 4.0, 4.0]",120.0,120.0,19,mn8370qr,,,,,0
1,e4rzuiqc,,0,308,307,post_exp,FinalForProlific,2026-05-20 19:25:41.187444,1,,,5538.0,1,,0.0,e587d9fc-8b60-4d5e-94d5-3b29caa7cace,3042.0,17.0,20.0,340.0,3382.0,,2600.0,20.0,,,,,0.0,0,,,1,b86ad8e8-b0f6-4578-8e02-b4a87378a89d,https://london-trader-6b45bffdcd02.herokuapp.com,wss://london-trader-6b45bffdcd02.herokuapp.com,,1,6,gh,hedonic_only,human_only,0.0,0,15,"[8.0, 4.0, 20.0, 8.0, 8.0, 20.0, 20.0, 4.0, 20.0, 4.0, 20.0, 0.0, 8.0, 8.0, 8.0, 8.0, 8.0, 4.0, 4.0, 20.0, 0.0, 0.0, 8.0, 4.0, 4.0, 4.0, 20.0, 8.0, 8.0, 0.0, 8.0, 4.0, 4.0]",110.0,110.0,20,mn8370qr,,,,,0
2,j6o1gu35,,0,308,307,post_exp,FinalForProlific,2026-05-20 19:25:41.199388,1,,,1136.0,2,,0.0,2687126f-035a-4f5c-9b79-40117776a123,3563.0,12.0,20.0,240.0,3803.0,,3800.0,10.0,,,,,0.0,0,,,1,b86ad8e8-b0f6-4578-8e02-b4a87378a89d,https://london-trader-6b45bffdcd02.herokuapp.com,wss://london-trader-6b45bffdcd02.herokuapp.com,,1,6,gh,hedonic_only,human_only,0.0,0,15,"[8.0, 4.0, 20.0, 8.0, 8.0, 20.0, 20.0, 4.0, 20.0, 4.0, 20.0, 0.0, 8.0, 8.0, 8.0, 8.0, 8.0, 4.0, 4.0, 20.0, 0.0, 0.0, 8.0, 4.0, 4.0, 4.0, 20.0, 8.0, 8.0, 0.0, 8.0, 4.0, 4.0]",110.0,110.0,20,mn8370qr,,,,,0
3,z9n52ebr,,0,308,307,post_exp,FinalForProlific,2026-05-20 19:25:41.205068,1,,,5326.0,3,,0.0,e2aa12cd-48ec-4b85-a4ed-c4fc7b454ddf,3202.0,17.0,20.0,340.0,3542.0,,2600.0,20.0,,,,,0.0,0,,,1,b86ad8e8-b0f6-4578-8e02-b4a87378a89d,https://london-trader-6b45bffdcd02.herokuapp.com,wss://london-trader-6b45bffdcd02.herokuapp.com,,1,6,gh,hedonic_only,human_only,0.0,0,15,"[8.0, 4.0, 20.0, 8.0, 8.0, 20.0, 20.0, 4.0, 20.0, 4.0, 20.0, 0.0, 8.0, 8.0, 8.0, 8.0, 8.0, 4.0, 4.0, 20.0, 0.0, 0.0, 8.0, 4.0, 4.0, 4.0, 20.0, 8.0, 8.0, 0.0, 8.0, 4.0, 4.0]",110.0,110.0,20,mn8370qr,,,,,0
4,lh92b709,,0,308,307,post_exp,FinalForProlific,2026-05-20 19:25:41.210764,1,,,5744.0,4,,0.0,408a9933-2d73-49af-a89e-1257e848a4cf,3513.0,14.0,20.0,280.0,3793.0,,3800.0,10.0,,,,,0.0,0,,,1,b86ad8e8-b0f6-4578-8e02-b4a87378a89d,https://london-trader-6b45bffdcd02.herokuapp.com,wss://london-trader-6b45bffdcd02.herokuapp.com,,1,6,gh,hedonic_only,human_only,0.0,0,15,"[8.0, 4.0, 20.0, 8.0, 8.0, 20.0, 20.0, 4.0, 20.0, 4.0, 20.0, 0.0, 8.0, 8.0, 8.0, 8.0, 8.0, 4.0, 4.0, 20.0, 0.0, 0.0, 8.0, 4.0, 4.0, 4.0, 20.0, 8.0, 8.0, 0.0, 8.0, 4.0, 4.0]",110.0,110.0,20,mn8370qr,,,,,0
5,729v3r7i,,0,308,307,post_exp,FinalForProlific,2026-05-20 19:25:41.216438,1,,,5824.0,5,,0.0,85c25fb0-b87a-41cb-a477-b786b6785b79,2298.0,23.0,20.0,460.0,2758.0,,2600.0,20.0,,,,,0.0,0,,,1,b86ad8e8-b0f6-4578-8e02-b4a87378a89d,https://london-trader-6b45bffdcd02.herokuapp.com,wss://london-trader-6b45bffdcd02.herokuapp.com,,1,6,gh,hedonic_only,human_only,0.0,0,15,"[8.0, 4.0, 20.0, 8.0, 8.0, 20.0, 20.0, 4.0, 20.0, 4.0, 20.0, 0.0, 8.0, 8.0, 8.0, 8.0, 8.0, 4.0, 4.0, 20.0, 0.0, 0.0, 8.0, 4.0, 4.0, 4.0, 20.0, 8.0, 8.0, 0.0, 8.0, 4.0, 4.0]",110.0,110.0,20,mn8370qr,,,,,0
6,aac2mc3k,,0,308,307,post_exp,FinalForProlific,2026-05-20 19:25:41.222017,1,,,5288.0,6,,0.0,274b90df-f4ee-4a06-b02e-fef62796b15f,3954.0,9.0,20.0,180.0,4134.0,,3800.0,10.0,,,,,0.0,0,,,1,b86ad8e8-b0f6-4578-8e02-b4a87378a89d,https://london-trader-6b45bffdcd02.herokuapp.com,wss://london-trader-6b45bffdcd02.herokuapp.com,,1,6,gh,hedonic_only,human_only,0.0,0,15,"[8.0, 4.0, 20.0, 8.0, 8.0, 20.0, 20.0, 4.0, 20.0, 4.0, 20.0, 0.0, 8.0, 8.0, 8.0, 8.0, 8.0, 4.0, 4.0, 20.0, 0.0, 0.0, 8.0, 4.0, 4.0, 4.0, 20.0, 8.0, 8.0, 0.0, 8.0, 4.0, 4.0]",110.0,110.0,20,mn8370qr,,,,,0
7,bs9r1rdm,,0,308,307,post_exp,FinalForProlific,2026-05-20 19:25:41.227334,1,,,4422.0,1,,0.0,bb1de49e-9922-4e51-bf38-42f79bfa10dd,2597.75,20.0,20.0,400.0,2997.75,,2600.0,20.0,,,,,0.0,0,,,2,aeea46bb-84ad-409e-b595-5f1ae9d39ed9,https://london-trader-6b45bffdcd02.herokuapp.com,wss://london-trader-6b45bffdcd02.herokuapp.com,,1,6,gp,info_only,human_only,0.0,0,15,"[8.0, 4.0, 20.0, 8.0, 8.0, 20.0, 20.0, 4.0, 20.0, 4.0, 20.0, 0.0, 8.0, 8.0, 8.0, 8.0, 8.0, 4.0, 4.0, 20.0, 0.0, 0.0, 8.0, 4.0, 4.0, 4.0, 20.0, 8.0, 8.0, 0.0, 8.0, 4.0, 4.0]",92.75,92.75,20,mn8370qr,,,,,0
8,9uh6p1vm,,0,308,307,post_exp,FinalForProlific,2026-05-20 19:25:41.233246,1,,,5926.0,2,,0.0,3cc0e1ca-01ec-458e-a73f-5f979015e052,4237.0,6.0,20.0,120.0,4357.0,,3800.0,10.0,,,,,0.0,0,,,2,aeea46bb-84ad-409e-b595-5f1ae9d39ed9,https://london-trader-6b45bffdcd02.herokuapp.com,wss://london-trader-6b45bffdcd02.herokuapp.com,,1,6,gp,info_only,human_only,0.0,0,15,"[8.0, 4.0, 20.0, 8.0, 8.0, 20.0, 20.0, 4.0, 20.0, 4.0, 20.0, 0.0, 8.0, 8.0, 8.0, 8.0, 8.0, 4.0, 4.0, 20.0, 0.0, 0.0, 8.0, 4.0, 4.0, 4.0, 20.0, 8.0, 8.0, 0.0, 8.0, 4.0, 4.0]",92.75,92.75,20,mn8370qr,,,,,0
9,kb2z64e8,,0,308,307,post_exp,FinalForProlific,2026-05-20 19:25:41.238889,1,,,6101.0,3,,0.0,a415b3a2-d76d-4f31-8ddd-bdf441257d88,2418.75,25.0,20.0,500.0,2918.75,,2600.0,20.0,,,,,0.0,0,,,2,aeea46bb-84ad-409e-b595-5f1ae9d39ed9,https://london-trader-6b45bffdcd02.herokuapp.com,wss://london-trader-6b45bffdcd02.herokuapp.com,,1,6,gp,info_only,human_only,0.0,0,15,"[8.0, 4.0, 20.0, 8.0, 8.0, 20.0, 20.0, 4.0, 20.0, 4.0, 20.0, 0.0, 8.0, 8.0, 8.0, 8.0, 8.0, 4.0, 4.0, 20.0, 0.0, 0.0, 8.0, 4.0, 4.0, 4.0, 20.0, 8.0, 8.0, 0.0, 8.0, 4.0, 4.0]",92.75,92.75,20,mn8370qr,,,,,0
10,ai0il249,,0,308,307,post_exp,FinalForProlific,2026-05-20 19:25:41.244342,1,,,5172.0,4,,0.0,bd8df300-e107-4fb6-a1a9-1ee4f9ce263f,3196.5,18.0,20.0,360.0,3556.5,,3800.0,10.0,,,,,0.0,0,,,2,aeea46bb-84ad-409e-b595-5f1ae9d39ed9,https://london-trader-6b45bffdcd02.herokuapp.com,wss://london-trader-6b45bffdcd02.herokuapp.com,,1,6,gp,info_only,human_only,0.0,0,15,"[8.0, 4.0, 20.0, 8.0, 8.0, 20.0, 20.0, 4.0, 20.0, 4.0, 20.0, 0.0, 8.0, 8.0, 8.0, 8.0, 8.0, 4.0, 4.0, 20.0, 0.0, 0.0, 8.0, 4.0, 4.0, 4.0, 20.0, 8.0, 8.0, 0.0, 8.0, 4.0, 4.0]",92.75,92.75,20,mn8370qr,,,,,0
11,pqnknbrr,,0,308,307,post_exp,FinalForProlific,2026-05-20 19:25:41.249954,1,,,4810.0,5,,0.0,0dfc44c4-9a29-46a9-8b14-42a4bda28f5c,2684.0,22.0,20.0,440.0,3124.0,,2600.0,20.0,,,,,0.0,0,,,2,aeea46bb-84ad-409e-b595-5f1ae9d39ed9,https://london-trader-6b45bffdcd02.herokuapp.com,wss://london-trader-6b45bffdcd02.herokuapp.com,,1,6,gp,info_only,human_only,0.0,0,15,"[8.0, 4.0, 20.0, 8.0, 8.0, 20.0, 20.0, 4.0, 20.0, 4.0, 20.0, 0.0, 8.0, 8.0, 8.0, 8.0, 8.0, 4.0, 4.0, 20.0, 0.0, 0.0, 8.0, 4.0, 4.0, 4.0, 20.0, 8.0, 8.0, 0.0, 8.0, 4.0, 4.0]",92.75,92.75,20,mn8370qr,,,,,0
12,whc9aveo,,0,308,307,post_exp,FinalForProlific,2026-05-20 19:25:41.255262,1,,,6139.0,6,,0.0,b36c610c-8e4d-4bcb-b3bf-9233bc19bd59,4450.0,6.0,20.0,120.0,4570.0,,3800.0,10.0,,,,,0.0,0,,,2,aeea46bb-84ad-409e-b595-5f1ae9d39ed9,https://london-trader-6b45bffdcd02.herokuapp.com,wss://london-trader-6b45bffdcd02.herokuapp.com,,1,6,gp,info_only,human_only,0.0,0,15,"[8.0, 4.0, 20.0, 8.0, 8.0, 20.0, 20.0, 4.0, 20.0, 4.0, 20.0, 0.0, 8.0, 8.0, 8.0, 8.0, 8.0, 4.0, 4.0, 20.0, 0.0, 0.0, 8.0, 4.0, 4.0, 4.0, 20.0, 8.0, 8.0, 0.0, 8.0, 4.0, 4.0]",92.75,92.75,20,mn8370qr,,,,,0
13,51q1wtqi,,0,308,307,post_exp,FinalForProlific,2026-05-20 19:25:41.260557,1,,,6081.0,1,,0.0,0500554f-6ad6-4d90-b416-d094e1c2d6fa,3257.75,16.0,20.0,320.0,3577.75,,2600.0,20.0,,,,,0.0,0,,,3,32f83e1a-8f9b-4533-82cc-9d1a1ceded46,https://london-trader-6b45bffdcd02.herokuapp.com,wss://london-trader-6b45bffdcd02.herokuapp.com,,1,4,ghp,gamified,human_only,0.0,0,15,"[8.0, 4.0, 20.0, 8.0, 8.0, 20.0, 20.0, 4.0, 20.0, 4.0, 20.0, 0.0, 8.0, 8.0, 8.0, 8.0, 8.0, 4.0, 4.0, 20.0, 0.0, 0.0, 8.0, 4.0, 4.0, 4.0, 20.0, 8.0, 8.0, 0.0, 8.0, 4.0, 4.0]",110.25,110.25,20,mn8370qr,,,,,0
14,q9v4q54j,,0,308,307,post_exp,FinalForProlific,2026-05-20 19:25:41.266013,1,,,4846.0,2,,0.0,d2123171-a761-420f-9ca0-9fc0a54b2e13,3348.5,15.0,20.0,300.0,3648.5,,3800.0,10.0,,,,,0.0,0,,,3,32f83e1a-8f9b-4533-82cc-9d1a1ceded46,https://london-trader-6b45bffdcd02.herokuapp.com,wss://london-trader-6b45bffdcd02.herokuapp.com,,1,4,ghp,gamified,human_only,0.0,0,15,"[8.0, 4.0, 20.0, 8.0, 8.0, 20.0, 20.0, 4.0, 20.0, 4.0, 20.0, 0.0, 8.0, 8.0, 8.0, 8.0, 8.0, 4.0, 4.0, 20.0, 0.0, 0.0, 8.0, 4.0, 4.0, 4.0, 20.0, 8.0, 8.0, 0.0, 8.0, 4.0, 4.0]",110.25,110.25,20,mn8370qr,,,,,0
15,5g1om6y0,,0,308,307,post_exp,FinalForProlific,2026-05-20 19:25:41.271633,1,,,6308.0,3,,0.0,957560c7-bf61-4449-bb07-a260f24dc622,2811.0,19.0,20.0,380.0,3191.0,,2600.0,20.0,,,,,0.0,0,,,3,32f83e1a-8f9b-4533-82cc-9d1a1ceded46,https://london-trader-6b45bffdcd02.herokuapp.com,wss://london-trader-6b45bffdcd02.herokuapp.com,,1,4,ghp,gamified,human_only,0.0,0,15,"[8.0, 4.0, 20.0, 8.0, 8.0, 20.0, 20.0, 4.0, 20.0, 4.0, 20.0, 0.0, 8.0, 8.0, 8.0, 8.0, 8.0, 4.0, 4.0, 20.0, 0.0, 0.0, 8.0, 4.0, 4.0, 4.0, 20.0, 8.0, 8.0, 0.0, 8.0, 4.0, 4.0]",110.25,110.25,20,mn8370qr,,,,,0
16,ry1l466x,,0,308,307,post_exp,FinalForProlific,2026-05-20 19:25:41.277077,1,,,5341.0,4,,0.0,b708290f-ab81-4247-b84a-d9e1a961e73f,3634.75,14.0,20.0,280.0,3914.75,,3800.0,10.0,,,,,0.0,0,,,3,32f83e1a-8f9b-4533-82cc-9d1a1ceded46,https://london-trader-6b45bffdcd02.herokuapp.com,wss://london-trader-6b45bffdcd02.herokuapp.com,,1,4,ghp,gamified,human_only,0.0,0,15,"[8.0, 4.0, 20.0, 8.0, 8.0, 20.0, 20.0, 4.0, 20.0, 4.0, 20.0, 0.0, 8.0, 8.0, 8.0, 8.0, 8.0, 4.0, 4.0, 20.0, 0.0, 0.0, 8.0, 4.0, 4.0, 4.0, 20.0, 8.0, 8.0, 0.0, 8.0, 4.0, 4.0]",110.25,110.25,20,mn8370qr,,,,,0
1,e4rzuiqc,,0,308,307,post_exp,FinalForProlific,2026-05-20 19:25:41.187444,1,,,5538.0,1,,0.0,e587d9fc-8b60-4d5e-94d5-3b29caa7cace,3382.0,17.0,0.0,0.0,3382.0,,2600.0,20.0,104.0,3,"{""forecast_price_next_day"":104,""forecast_confidence_next_day"":3}",120.0,0.0,1,,,1,b86ad8e8-b0f6-4578-8e02-b4a87378a89d,https://london-trader-6b45bffdcd02.herokuapp.com,wss://london-trader-6b45bffdcd02.herokuapp.com,,1,6,gh,hedonic_only,human_only,0.0,0,15,"[8.0, 4.0, 20.0, 8.0, 8.0, 20.0, 20.0, 4.0, 20.0, 4.0, 20.0, 0.0, 8.0, 8.0, 8.0, 8.0, 8.0, 4.0, 4.0, 20.0, 0.0, 0.0, 8.0, 4.0, 4.0, 4.0, 20.0, 8.0, 8.0, 0.0, 8.0, 4.0, 4.0]",127.0,127.0,21,mn8370qr,,,,,0
2,j6o1gu35,,0,308,307,post_exp,FinalForProlific,2026-05-20 19:25:41.199388,1,,,1136.0,2,,0.0,2687126f-035a-4f5c-9b79-40117776a123,3651.0,14.0,0.0,0.0,3651.0,,3800.0,10.0,3700.0,5,"{""forecast_price_next_day"":3700,""forecast_confidence_next_day"":5}",120.0,0.0,1,,,1,b86ad8e8-b0f6-4578-8e02-b4a87378a89d,https://london-trader-6b45bffdcd02.herokuapp.com,wss://london-trader-6b45bffdcd02.herokuapp.com,,1,6,gh,hedonic_only,human_only,0.0,0,15,"[8.0, 4.0, 20.0, 8.0, 8.0, 20.0, 20.0, 4.0, 20.0, 4.0, 20.0, 0.0, 8.0, 8.0, 8.0, 8.0, 8.0, 4.0, 4.0, 20.0, 0.0, 0.0, 8.0, 4.0, 4.0, 4.0, 20.0, 8.0, 8.0, 0.0, 8.0, 4.0, 4.0]",127.0,127.0,21,mn8370qr,,,,,0
3,z9n52ebr,,0,308,307,post_exp,FinalForProlific,2026-05-20 19:25:41.205068,1,,,5326.0,3,,0.0,e2aa12cd-48ec-4b85-a4ed-c4fc7b454ddf,3682.0,16.0,0.0,0.0,3682.0,,2600.0,20.0,110.0,4,"{""forecast_price_next_day"":110,""forecast_confidence_next_day"":4}",120.0,0.0,1,,,1,b86ad8e8-b0f6-4578-8e02-b4a87378a89d,https://london-trader-6b45bffdcd02.herokuapp.com,wss://london-trader-6b45bffdcd02.herokuapp.com,,1,6,gh,hedonic_only,human_only,0.0,0,15,"[8.0, 4.0, 20.0, 8.0, 8.0, 20.0, 20.0, 4.0, 20.0, 4.0, 20.0, 0.0, 8.0, 8.0, 8.0, 8.0, 8.0, 4.0, 4.0, 20.0, 0.0, 0.0, 8.0, 4.0, 4.0, 4.0, 20.0, 8.0, 8.0, 0.0, 8.0, 4.0, 4.0]",127.0,127.0,21,mn8370qr,,,,,0
4,lh92b709,,0,308,307,post_exp,FinalForProlific,2026-05-20 19:25:41.210764,1,,,5744.0,4,,0.0,408a9933-2d73-49af-a89e-1257e848a4cf,3678.0,16.0,0.0,0.0,3678.0,,3800.0,10.0,119.0,3,"{""forecast_price_next_day"":119,""forecast_confidence_next_day"":3}",120.0,20.0,1,,,1,b86ad8e8-b0f6-4578-8e02-b4a87378a89d,https://london-trader-6b45bffdcd02.herokuapp.com,wss://london-trader-6b45bffdcd02.herokuapp.com,,1,6,gh,hedonic_only,human_only,0.0,0,15,"[8.0, 4.0, 20.0, 8.0, 8.0, 20.0, 20.0, 4.0, 20.0, 4.0, 20.0, 0.0, 8.0, 8.0, 8.0, 8.0, 8.0, 4.0, 4.0, 20.0, 0.0, 0.0, 8.0, 4.0, 4.0, 4.0, 20.0, 8.0, 8.0, 0.0, 8.0, 4.0, 4.0]",127.0,127.0,21,mn8370qr,,,,,0
5,729v3r7i,,0,308,307,post_exp,FinalForProlific,2026-05-20 19:25:41.216438,1,,,5824.0,5,,0.0,85c25fb0-b87a-41cb-a477-b786b6785b79,2648.0,25.0,0.0,0.0,2648.0,,2600.0,20.0,0.0,0,,120.0,0.0,1,,,1,b86ad8e8-b0f6-4578-8e02-b4a87378a89d,https://london-trader-6b45bffdcd02.herokuapp.com,wss://london-trader-6b45bffdcd02.herokuapp.com,,1,6,gh,hedonic_only,human_only,0.0,0,15,"[8.0, 4.0, 20.0, 8.0, 8.0, 20.0, 20.0, 4.0, 20.0, 4.0, 20.0, 0.0, 8.0, 8.0, 8.0, 8.0, 8.0, 4.0, 4.0, 20.0, 0.0, 0.0, 8.0, 4.0, 4.0, 4.0, 20.0, 8.0, 8.0, 0.0, 8.0, 4.0, 4.0]",127.0,127.0,21,mn8370qr,,,,,0
6,aac2mc3k,,0,308,307,post_exp,FinalForProlific,2026-05-20 19:25:41.222017,1,,,5288.0,6,,0.0,274b90df-f4ee-4a06-b02e-fef62796b15f,4371.0,8.0,0.0,0.0,4371.0,,3800.0,10.0,111.0,2,"{""forecast_price_next_day"":111,""forecast_confidence_next_day"":2}",120.0,0.0,1,,,1,b86ad8e8-b0f6-4578-8e02-b4a87378a89d,https://london-trader-6b45bffdcd02.herokuapp.com,wss://london-trader-6b45bffdcd02.herokuapp.com,,1,6,gh,hedonic_only,human_only,0.0,0,15,"[8.0, 4.0, 20.0, 8.0, 8.0, 20.0, 20.0, 4.0, 20.0, 4.0, 20.0, 0.0, 8.0, 8.0, 8.0, 8.0, 8.0, 4.0, 4.0, 20.0, 0.0, 0.0, 8.0, 4.0, 4.0, 4.0, 20.0, 8.0, 8.0, 0.0, 8.0, 4.0, 4.0]",127.0,127.0,21,mn8370qr,,,,,0
7,bs9r1rdm,,0,308,307,post_exp,FinalForProlific,2026-05-20 19:25:41.227334,1,,,4422.0,1,,0.0,bb1de49e-9922-4e51-bf38-42f79bfa10dd,3862.4500000000003,10.0,0.0,0.0,3862.4500000000003,,2600.0,20.0,100.0,4,"{""forecast_price_next_day"":100,""forecast_confidence_next_day"":4}",80.88,0.0,1,,,2,aeea46bb-84ad-409e-b595-5f1ae9d39ed9,https://london-trader-6b45bffdcd02.herokuapp.com,wss://london-trader-6b45bffdcd02.herokuapp.com,,1,6,gp,info_only,human_only,0.0,0,15,"[8.0, 4.0, 20.0, 8.0, 8.0, 20.0, 20.0, 4.0, 20.0, 4.0, 20.0, 0.0, 8.0, 8.0, 8.0, 8.0, 8.0, 4.0, 4.0, 20.0, 0.0, 0.0, 8.0, 4.0, 4.0, 4.0, 20.0, 8.0, 8.0, 0.0, 8.0, 4.0, 4.0]",81.38,81.38,21,mn8370qr,,,,,0
8,9uh6p1vm,,0,308,307,post_exp,FinalForProlific,2026-05-20 19:25:41.233246,1,,,5926.0,2,,0.0,3cc0e1ca-01ec-458e-a73f-5f979015e052,3919.9900000000007,13.0,0.0,0.0,3919.9900000000007,,3800.0,10.0,86.0,3,"{""forecast_price_next_day"":85.78,""forecast_confidence_next_day"":3}",80.88,0.0,1,,,2,aeea46bb-84ad-409e-b595-5f1ae9d39ed9,https://london-trader-6b45bffdcd02.herokuapp.com,wss://london-trader-6b45bffdcd02.herokuapp.com,,1,6,gp,info_only,human_only,0.0,0,15,"[8.0, 4.0, 20.0, 8.0, 8.0, 20.0, 20.0, 4.0, 20.0, 4.0, 20.0, 0.0, 8.0, 8.0, 8.0, 8.0, 8.0, 4.0, 4.0, 20.0, 0.0, 0.0, 8.0, 4.0, 4.0, 4.0, 20.0, 8.0, 8.0, 0.0, 8.0, 4.0, 4.0]",81.38,81.38,21,mn8370qr,,,,,0
9,kb2z64e8,,0,308,307,post_exp,FinalForProlific,2026-05-20 19:25:41.238889,1,,,6101.0,3,,0.0,a415b3a2-d76d-4f31-8ddd-bdf441257d88,2826.7999999999997,24.0,0.0,0.0,2826.7999999999997,,2600.0,20.0,88.0,5,"{""forecast_price_next_day"":88,""forecast_confidence_next_day"":5}",80.88,0.0,1,,,2,aeea46bb-84ad-409e-b595-5f1ae9d39ed9,https://london-trader-6b45bffdcd02.herokuapp.com,wss://london-trader-6b45bffdcd02.herokuapp.com,,1,6,gp,info_only,human_only,0.0,0,15,"[8.0, 4.0, 20.0, 8.0, 8.0, 20.0, 20.0, 4.0, 20.0, 4.0, 20.0, 0.0, 8.0, 8.0, 8.0, 8.0, 8.0, 4.0, 4.0, 20.0, 0.0, 0.0, 8.0, 4.0, 4.0, 4.0, 20.0, 8.0, 8.0, 0.0, 8.0, 4.0, 4.0]",81.38,81.38,21,mn8370qr,,,,,0
10,ai0il249,,0,308,307,post_exp,FinalForProlific,2026-05-20 19:25:41.244342,1,,,5172.0,4,,0.0,bd8df300-e107-4fb6-a1a9-1ee4f9ce263f,3216.75,22.0,0.0,0.0,3216.75,,3800.0,10.0,82.0,3,"{""forecast_price_next_day"":82,""forecast_confidence_next_day"":3}",80.88,20.0,1,,,2,aeea46bb-84ad-409e-b595-5f1ae9d39ed9,https://london-trader-6b45bffdcd02.herokuapp.com,wss://london-trader-6b45bffdcd02.herokuapp.com,,1,6,gp,info_only,human_only,0.0,0,15,"[8.0, 4.0, 20.0, 8.0, 8.0, 20.0, 20.0, 4.0, 20.0, 4.0, 20.0, 0.0, 8.0, 8.0, 8.0, 8.0, 8.0, 4.0, 4.0, 20.0, 0.0, 0.0, 8.0, 4.0, 4.0, 4.0, 20.0, 8.0, 8.0, 0.0, 8.0, 4.0, 4.0]",81.38,81.38,21,mn8370qr,,,,,0
11,pqnknbrr,,0,308,307,post_exp,FinalForProlific,2026-05-20 19:25:41.249954,1,,,4810.0,5,,0.0,0dfc44c4-9a29-46a9-8b14-42a4bda28f5c,3046.63,24.0,0.0,0.0,3046.63,,2600.0,20.0,90.0,2,"{""forecast_price_next_day"":90,""forecast_confidence_next_day"":2}",80.88,0.0,1,,,2,aeea46bb-84ad-409e-b595-5f1ae9d39ed9,https://london-trader-6b45bffdcd02.herokuapp.com,wss://london-trader-6b45bffdcd02.herokuapp.com,,1,6,gp,info_only,human_only,0.0,0,15,"[8.0, 4.0, 20.0, 8.0, 8.0, 20.0, 20.0, 4.0, 20.0, 4.0, 20.0, 0.0, 8.0, 8.0, 8.0, 8.0, 8.0, 4.0, 4.0, 20.0, 0.0, 0.0, 8.0, 4.0, 4.0, 4.0, 20.0, 8.0, 8.0, 0.0, 8.0, 4.0, 4.0]",81.38,81.38,21,mn8370qr,,,,,0
12,whc9aveo,,0,308,307,post_exp,FinalForProlific,2026-05-20 19:25:41.255262,1,,,6139.0,6,,0.0,b36c610c-8e4d-4bcb-b3bf-9233bc19bd59,4651.38,5.0,0.0,0.0,4651.38,,3800.0,10.0,80.0,4,"{""forecast_price_next_day"":80,""forecast_confidence_next_day"":4}",80.88,20.0,1,,,2,aeea46bb-84ad-409e-b595-5f1ae9d39ed9,https://london-trader-6b45bffdcd02.herokuapp.com,wss://london-trader-6b45bffdcd02.herokuapp.com,,1,6,gp,info_only,human_only,0.0,0,15,"[8.0, 4.0, 20.0, 8.0, 8.0, 20.0, 20.0, 4.0, 20.0, 4.0, 20.0, 0.0, 8.0, 8.0, 8.0, 8.0, 8.0, 4.0, 4.0, 20.0, 0.0, 0.0, 8.0, 4.0, 4.0, 4.0, 20.0, 8.0, 8.0, 0.0, 8.0, 4.0, 4.0]",81.38,81.38,21,mn8370qr,,,,,0
13,51q1wtqi,,0,308,307,post_exp,FinalForProlific,2026-05-20 19:25:41.260557,1,,,6081.0,1,,0.0,0500554f-6ad6-4d90-b416-d094e1c2d6fa,3786.75,13.0,0.0,0.0,3786.75,,2600.0,20.0,98.0,5,"{""forecast_price_next_day"":98,""forecast_confidence_next_day"":5}",98.0,20.0,1,,,3,32f83e1a-8f9b-4533-82cc-9d1a1ceded46,https://london-trader-6b45bffdcd02.herokuapp.com,wss://london-trader-6b45bffdcd02.herokuapp.com,,1,4,ghp,gamified,human_only,0.0,0,15,"[8.0, 4.0, 20.0, 8.0, 8.0, 20.0, 20.0, 4.0, 20.0, 4.0, 20.0, 0.0, 8.0, 8.0, 8.0, 8.0, 8.0, 4.0, 4.0, 20.0, 0.0, 0.0, 8.0, 4.0, 4.0, 4.0, 20.0, 8.0, 8.0, 0.0, 8.0, 4.0, 4.0]",104.0,104.0,21,mn8370qr,,,,,0
14,q9v4q54j,,0,308,307,post_exp,FinalForProlific,2026-05-20 19:25:41.266013,1,,,4846.0,2,,0.0,d2123171-a761-420f-9ca0-9fc0a54b2e13,3202.5,20.0,0.0,0.0,3202.5,,3800.0,10.0,110.0,5,"{""forecast_price_next_day"":110,""forecast_confidence_next_day"":5}",98.0,0.0,1,,,3,32f83e1a-8f9b-4533-82cc-9d1a1ceded46,https://london-trader-6b45bffdcd02.herokuapp.com,wss://london-trader-6b45bffdcd02.herokuapp.com,,1,4,ghp,gamified,human_only,0.0,0,15,"[8.0, 4.0, 20.0, 8.0, 8.0, 20.0, 20.0, 4.0, 20.0, 4.0, 20.0, 0.0, 8.0, 8.0, 8.0, 8.0, 8.0, 4.0, 4.0, 20.0, 0.0, 0.0, 8.0, 4.0, 4.0, 4.0, 20.0, 8.0, 8.0, 0.0, 8.0, 4.0, 4.0]",104.0,104.0,21,mn8370qr,,,,,0
15,5g1om6y0,,0,308,307,post_exp,FinalForProlific,2026-05-20 19:25:41.271633,1,,,6308.0,3,,0.0,957560c7-bf61-4449-bb07-a260f24dc622,3312.0,18.0,0.0,0.0,3312.0,,2600.0,20.0,103.0,4,"{""forecast_price_next_day"":103,""forecast_confidence_next_day"":4}",98.0,0.0,1,,,3,32f83e1a-8f9b-4533-82cc-9d1a1ceded46,https://london-trader-6b45bffdcd02.herokuapp.com,wss://london-trader-6b45bffdcd02.herokuapp.com,,1,4,ghp,gamified,human_only,0.0,0,15,"[8.0, 4.0, 20.0, 8.0, 8.0, 20.0, 20.0, 4.0, 20.0, 4.0, 20.0, 0.0, 8.0, 8.0, 8.0, 8.0, 8.0, 4.0, 4.0, 20.0, 0.0, 0.0, 8.0, 4.0, 4.0, 4.0, 20.0, 8.0, 8.0, 0.0, 8.0, 4.0, 4.0]",104.0,104.0,21,mn8370qr,,,,,0
16,ry1l466x,,0,308,307,post_exp,FinalForProlific,2026-05-20 19:25:41.277077,1,,,5341.0,4,,0.0,b708290f-ab81-4247-b84a-d9e1a961e73f,4030.75,12.0,0.0,0.0,4030.75,,3800.0,10.0,96.0,5,"{""forecast_price_next_day"":96,""forecast_confidence_next_day"":5}",98.0,20.0,1,,,3,32f83e1a-8f9b-4533-82cc-9d1a1ceded46,https://london-trader-6b45bffdcd02.herokuapp.com,wss://london-trader-6b45bffdcd02.herokuapp.com,,1,4,ghp,gamified,human_only,0.0,0,15,"[8.0, 4.0, 20.0, 8.0, 8.0, 20.0, 20.0, 4.0, 20.0, 4.0, 20.0, 0.0, 8.0, 8.0, 8.0, 8.0, 8.0, 4.0, 4.0, 20.0, 0.0, 0.0, 8.0, 4.0, 4.0, 4.0, 20.0, 8.0, 8.0, 0.0, 8.0, 4.0, 4.0]",104.0,104.0,21,mn8370qr,,,,,0
1,e4rzuiqc,,0,308,307,post_exp,FinalForProlific,2026-05-20 19:25:41.187444,1,,,5538.0,1,,0.0,e587d9fc-8b60-4d5e-94d5-3b29caa7cace,3382.0,17.0,0.0,0.0,3382.0,,2600.0,20.0,,,,,0.0,0,,,1,b86ad8e8-b0f6-4578-8e02-b4a87378a89d,https://london-trader-6b45bffdcd02.herokuapp.com,wss://london-trader-6b45bffdcd02.herokuapp.com,,1,6,gh,hedonic_only,human_only,0.0,0,15,"[8.0, 4.0, 20.0, 8.0, 8.0, 20.0, 20.0, 4.0, 20.0, 4.0, 20.0, 0.0, 8.0, 8.0, 8.0, 8.0, 8.0, 4.0, 4.0, 20.0, 0.0, 0.0, 8.0, 4.0, 4.0, 4.0, 20.0, 8.0, 8.0, 0.0, 8.0, 4.0, 4.0]",120.0,120.0,22,mn8370qr,,,,,0
2,j6o1gu35,,0,308,307,post_exp,FinalForProlific,2026-05-20 19:25:41.199388,1,,,1136.0,2,,0.0,2687126f-035a-4f5c-9b79-40117776a123,3082.0,17.0,0.0,0.0,3082.0,,3800.0,10.0,,,,,0.0,0,,,1,b86ad8e8-b0f6-4578-8e02-b4a87378a89d,https://london-trader-6b45bffdcd02.herokuapp.com,wss://london-trader-6b45bffdcd02.herokuapp.com,,1,6,gh,hedonic_only,human_only,0.0,0,15,"[8.0, 4.0, 20.0, 8.0, 8.0, 20.0, 20.0, 4.0, 20.0, 4.0, 20.0, 0.0, 8.0, 8.0, 8.0, 8.0, 8.0, 4.0, 4.0, 20.0, 0.0, 0.0, 8.0, 4.0, 4.0, 4.0, 20.0, 8.0, 8.0, 0.0, 8.0, 4.0, 4.0]",120.0,120.0,22,mn8370qr,,,,,0
3,z9n52ebr,,0,308,307,post_exp,FinalForProlific,2026-05-20 19:25:41.205068,1,,,5326.0,3,,0.0,e2aa12cd-48ec-4b85-a4ed-c4fc7b454ddf,3595.0,17.0,0.0,0.0,3595.0,,2600.0,20.0,,,,,0.0,0,,,1,b86ad8e8-b0f6-4578-8e02-b4a87378a89d,https://london-trader-6b45bffdcd02.herokuapp.com,wss://london-trader-6b45bffdcd02.herokuapp.com,,1,6,gh,hedonic_only,human_only,0.0,0,15,"[8.0, 4.0, 20.0, 8.0, 8.0, 20.0, 20.0, 4.0, 20.0, 4.0, 20.0, 0.0, 8.0, 8.0, 8.0, 8.0, 8.0, 4.0, 4.0, 20.0, 0.0, 0.0, 8.0, 4.0, 4.0, 4.0, 20.0, 8.0, 8.0, 0.0, 8.0, 4.0, 4.0]",120.0,120.0,22,mn8370qr,,,,,0
4,lh92b709,,0,308,307,post_exp,FinalForProlific,2026-05-20 19:25:41.210764,1,,,5744.0,4,,0.0,408a9933-2d73-49af-a89e-1257e848a4cf,3830.0,14.0,0.0,0.0,3830.0,,3800.0,10.0,,,,,0.0,0,,,1,b86ad8e8-b0f6-4578-8e02-b4a87378a89d,https://london-trader-6b45bffdcd02.herokuapp.com,wss://london-trader-6b45bffdcd02.herokuapp.com,,1,6,gh,hedonic_only,human_only,0.0,0,15,"[8.0, 4.0, 20.0, 8.0, 8.0, 20.0, 20.0, 4.0, 20.0, 4.0, 20.0, 0.0, 8.0, 8.0, 8.0, 8.0, 8.0, 4.0, 4.0, 20.0, 0.0, 0.0, 8.0, 4.0, 4.0, 4.0, 20.0, 8.0, 8.0, 0.0, 8.0, 4.0, 4.0]",120.0,120.0,22,mn8370qr,,,,,0
5,729v3r7i,,0,308,307,post_exp,FinalForProlific,2026-05-20 19:25:41.216438,1,,,5824.0,5,,0.0,85c25fb0-b87a-41cb-a477-b786b6785b79,2898.0,22.0,0.0,0.0,2898.0,,2600.0,20.0,,,,,0.0,0,,,1,b86ad8e8-b0f6-4578-8e02-b4a87378a89d,https://london-trader-6b45bffdcd02.herokuapp.com,wss://london-trader-6b45bffdcd02.herokuapp.com,,1,6,gh,hedonic_only,human_only,0.0,0,15,"[8.0, 4.0, 20.0, 8.0, 8.0, 20.0, 20.0, 4.0, 20.0, 4.0, 20.0, 0.0, 8.0, 8.0, 8.0, 8.0, 8.0, 4.0, 4.0, 20.0, 0.0, 0.0, 8.0, 4.0, 4.0, 4.0, 20.0, 8.0, 8.0, 0.0, 8.0, 4.0, 4.0]",120.0,120.0,22,mn8370qr,,,,,0
6,aac2mc3k,,0,308,307,post_exp,FinalForProlific,2026-05-20 19:25:41.222017,1,,,5288.0,6,,0.0,274b90df-f4ee-4a06-b02e-fef62796b15f,4625.0,5.0,0.0,0.0,4625.0,,3800.0,10.0,,,,,0.0,0,,,1,b86ad8e8-b0f6-4578-8e02-b4a87378a89d,https://london-trader-6b45bffdcd02.herokuapp.com,wss://london-trader-6b45bffdcd02.herokuapp.com,,1,6,gh,hedonic_only,human_only,0.0,0,15,"[8.0, 4.0, 20.0, 8.0, 8.0, 20.0, 20.0, 4.0, 20.0, 4.0, 20.0, 0.0, 8.0, 8.0, 8.0, 8.0, 8.0, 4.0, 4.0, 20.0, 0.0, 0.0, 8.0, 4.0, 4.0, 4.0, 20.0, 8.0, 8.0, 0.0, 8.0, 4.0, 4.0]",120.0,120.0,22,mn8370qr,,,,,0
7,bs9r1rdm,,0,308,307,post_exp,FinalForProlific,2026-05-20 19:25:41.227334,1,,,4422.0,1,,0.0,bb1de49e-9922-4e51-bf38-42f79bfa10dd,4097.860000000001,8.0,0.0,0.0,4097.860000000001,,2600.0,20.0,,,,,0.0,0,,,2,aeea46bb-84ad-409e-b595-5f1ae9d39ed9,https://london-trader-6b45bffdcd02.herokuapp.com,wss://london-trader-6b45bffdcd02.herokuapp.com,,1,6,gp,info_only,human_only,0.0,0,15,"[8.0, 4.0, 20.0, 8.0, 8.0, 20.0, 20.0, 4.0, 20.0, 4.0, 20.0, 0.0, 8.0, 8.0, 8.0, 8.0, 8.0, 4.0, 4.0, 20.0, 0.0, 0.0, 8.0, 4.0, 4.0, 4.0, 20.0, 8.0, 8.0, 0.0, 8.0, 4.0, 4.0]",80.88,80.88,22,mn8370qr,,,,,0
8,9uh6p1vm,,0,308,307,post_exp,FinalForProlific,2026-05-20 19:25:41.233246,1,,,5926.0,2,,0.0,3cc0e1ca-01ec-458e-a73f-5f979015e052,4080.870000000001,9.0,0.0,0.0,4080.870000000001,,3800.0,10.0,,,,,0.0,0,,,2,aeea46bb-84ad-409e-b595-5f1ae9d39ed9,https://london-trader-6b45bffdcd02.herokuapp.com,wss://london-trader-6b45bffdcd02.herokuapp.com,,1,6,gp,info_only,human_only,0.0,0,15,"[8.0, 4.0, 20.0, 8.0, 8.0, 20.0, 20.0, 4.0, 20.0, 4.0, 20.0, 0.0, 8.0, 8.0, 8.0, 8.0, 8.0, 4.0, 4.0, 20.0, 0.0, 0.0, 8.0, 4.0, 4.0, 4.0, 20.0, 8.0, 8.0, 0.0, 8.0, 4.0, 4.0]",80.88,80.88,22,mn8370qr,,,,,0
9,kb2z64e8,,0,308,307,post_exp,FinalForProlific,2026-05-20 19:25:41.238889,1,,,6101.0,3,,0.0,a415b3a2-d76d-4f31-8ddd-bdf441257d88,3154.2999999999997,22.0,0.0,0.0,3154.2999999999997,,2600.0,20.0,,,,,0.0,0,,,2,aeea46bb-84ad-409e-b595-5f1ae9d39ed9,https://london-trader-6b45bffdcd02.herokuapp.com,wss://london-trader-6b45bffdcd02.herokuapp.com,,1,6,gp,info_only,human_only,0.0,0,15,"[8.0, 4.0, 20.0, 8.0, 8.0, 20.0, 20.0, 4.0, 20.0, 4.0, 20.0, 0.0, 8.0, 8.0, 8.0, 8.0, 8.0, 4.0, 4.0, 20.0, 0.0, 0.0, 8.0, 4.0, 4.0, 4.0, 20.0, 8.0, 8.0, 0.0, 8.0, 4.0, 4.0]",80.88,80.88,22,mn8370qr,,,,,0
10,ai0il249,,0,308,307,post_exp,FinalForProlific,2026-05-20 19:25:41.244342,1,,,5172.0,4,,0.0,bd8df300-e107-4fb6-a1a9-1ee4f9ce263f,2895.75,25.0,0.0,0.0,2895.75,,3800.0,10.0,,,,,0.0,0,,,2,aeea46bb-84ad-409e-b595-5f1ae9d39ed9,https://london-trader-6b45bffdcd02.herokuapp.com,wss://london-trader-6b45bffdcd02.herokuapp.com,,1,6,gp,info_only,human_only,0.0,0,15,"[8.0, 4.0, 20.0, 8.0, 8.0, 20.0, 20.0, 4.0, 20.0, 4.0, 20.0, 0.0, 8.0, 8.0, 8.0, 8.0, 8.0, 4.0, 4.0, 20.0, 0.0, 0.0, 8.0, 4.0, 4.0, 4.0, 20.0, 8.0, 8.0, 0.0, 8.0, 4.0, 4.0]",80.88,80.88,22,mn8370qr,,,,,0
11,pqnknbrr,,0,308,307,post_exp,FinalForProlific,2026-05-20 19:25:41.249954,1,,,4810.0,5,,0.0,0dfc44c4-9a29-46a9-8b14-42a4bda28f5c,2643.8399999999997,27.0,0.0,0.0,2643.8399999999997,,2600.0,20.0,,,,,0.0,0,,,2,aeea46bb-84ad-409e-b595-5f1ae9d39ed9,https://london-trader-6b45bffdcd02.herokuapp.com,wss://london-trader-6b45bffdcd02.herokuapp.com,,1,6,gp,info_only,human_only,0.0,0,15,"[8.0, 4.0, 20.0, 8.0, 8.0, 20.0, 20.0, 4.0, 20.0, 4.0, 20.0, 0.0, 8.0, 8.0, 8.0, 8.0, 8.0, 4.0, 4.0, 20.0, 0.0, 0.0, 8.0, 4.0, 4.0, 4.0, 20.0, 8.0, 8.0, 0.0, 8.0, 4.0, 4.0]",80.88,80.88,22,mn8370qr,,,,,0
12,whc9aveo,,0,308,307,post_exp,FinalForProlific,2026-05-20 19:25:41.255262,1,,,6139.0,6,,0.0,b36c610c-8e4d-4bcb-b3bf-9233bc19bd59,4651.38,4.0,0.0,0.0,4651.38,,3800.0,10.0,,,,,0.0,0,,,2,aeea46bb-84ad-409e-b595-5f1ae9d39ed9,https://london-trader-6b45bffdcd02.herokuapp.com,wss://london-trader-6b45bffdcd02.herokuapp.com,,1,6,gp,info_only,human_only,0.0,0,15,"[8.0, 4.0, 20.0, 8.0, 8.0, 20.0, 20.0, 4.0, 20.0, 4.0, 20.0, 0.0, 8.0, 8.0, 8.0, 8.0, 8.0, 4.0, 4.0, 20.0, 0.0, 0.0, 8.0, 4.0, 4.0, 4.0, 20.0, 8.0, 8.0, 0.0, 8.0, 4.0, 4.0]",80.88,80.88,22,mn8370qr,,,,,0
13,51q1wtqi,,0,308,307,post_exp,FinalForProlific,2026-05-20 19:25:41.260557,1,,,6081.0,1,,0.0,0500554f-6ad6-4d90-b416-d094e1c2d6fa,4092.25,11.0,0.0,0.0,4092.25,,2600.0,20.0,,,,,0.0,0,,,3,32f83e1a-8f9b-4533-82cc-9d1a1ceded46,https://london-trader-6b45bffdcd02.herokuapp.com,wss://london-trader-6b45bffdcd02.herokuapp.com,,1,4,ghp,gamified,human_only,0.0,0,15,"[8.0, 4.0, 20.0, 8.0, 8.0, 20.0, 20.0, 4.0, 20.0, 4.0, 20.0, 0.0, 8.0, 8.0, 8.0, 8.0, 8.0, 4.0, 4.0, 20.0, 0.0, 0.0, 8.0, 4.0, 4.0, 4.0, 20.0, 8.0, 8.0, 0.0, 8.0, 4.0, 4.0]",98.0,98.0,22,mn8370qr,,,,,0
14,q9v4q54j,,0,308,307,post_exp,FinalForProlific,2026-05-20 19:25:41.266013,1,,,4846.0,2,,0.0,d2123171-a761-420f-9ca0-9fc0a54b2e13,2582.5,25.0,0.0,0.0,2582.5,,3800.0,10.0,,,,,0.0,0,,,3,32f83e1a-8f9b-4533-82cc-9d1a1ceded46,https://london-trader-6b45bffdcd02.herokuapp.com,wss://london-trader-6b45bffdcd02.herokuapp.com,,1,4,ghp,gamified,human_only,0.0,0,15,"[8.0, 4.0, 20.0, 8.0, 8.0, 20.0, 20.0, 4.0, 20.0, 4.0, 20.0, 0.0, 8.0, 8.0, 8.0, 8.0, 8.0, 4.0, 4.0, 20.0, 0.0, 0.0, 8.0, 4.0, 4.0, 4.0, 20.0, 8.0, 8.0, 0.0, 8.0, 4.0, 4.0]",98.0,98.0,22,mn8370qr,,,,,0
15,5g1om6y0,,0,308,307,post_exp,FinalForProlific,2026-05-20 19:25:41.271633,1,,,6308.0,3,,0.0,957560c7-bf61-4449-bb07-a260f24dc622,3626.5,17.0,0.0,0.0,3626.5,,2600.0,20.0,,,,,0.0,0,,,3,32f83e1a-8f9b-4533-82cc-9d1a1ceded46,https://london-trader-6b45bffdcd02.herokuapp.com,wss://london-trader-6b45bffdcd02.herokuapp.com,,1,4,ghp,gamified,human_only,0.0,0,15,"[8.0, 4.0, 20.0, 8.0, 8.0, 20.0, 20.0, 4.0, 20.0, 4.0, 20.0, 0.0, 8.0, 8.0, 8.0, 8.0, 8.0, 4.0, 4.0, 20.0, 0.0, 0.0, 8.0, 4.0, 4.0, 4.0, 20.0, 8.0, 8.0, 0.0, 8.0, 4.0, 4.0]",98.0,98.0,22,mn8370qr,,,,,0
16,ry1l466x,,0,308,307,post_exp,FinalForProlific,2026-05-20 19:25:41.277077,1,,,5341.0,4,,0.0,b708290f-ab81-4247-b84a-d9e1a961e73f,4030.75,13.0,0.0,0.0,4030.75,,3800.0,10.0,,,,,0.0,0,,,3,32f83e1a-8f9b-4533-82cc-9d1a1ceded46,https://london-trader-6b45bffdcd02.herokuapp.com,wss://london-trader-6b45bffdcd02.herokuapp.com,,1,4,ghp,gamified,human_only,0.0,0,15,"[8.0, 4.0, 20.0, 8.0, 8.0, 20.0, 20.0, 4.0, 20.0, 4.0, 20.0, 0.0, 8.0, 8.0, 8.0, 8.0, 8.0, 4.0, 4.0, 20.0, 0.0, 0.0, 8.0, 4.0, 4.0, 4.0, 20.0, 8.0, 8.0, 0.0, 8.0, 4.0, 4.0]",98.0,98.0,22,mn8370qr,,,,,0
1,e4rzuiqc,,0,308,307,post_exp,FinalForProlific,2026-05-20 19:25:41.187444,1,,,5538.0,1,,0.0,e587d9fc-8b60-4d5e-94d5-3b29caa7cace,3828.0,14.0,8.0,112.0,3940.0,,2600.0,20.0,,,,,0.0,0,,,1,b86ad8e8-b0f6-4578-8e02-b4a87378a89d,https://london-trader-6b45bffdcd02.herokuapp.com,wss://london-trader-6b45bffdcd02.herokuapp.com,,1,6,gh,hedonic_only,human_only,0.0,0,15,"[8.0, 4.0, 20.0, 8.0, 8.0, 20.0, 20.0, 4.0, 20.0, 4.0, 20.0, 0.0, 8.0, 8.0, 8.0, 8.0, 8.0, 4.0, 4.0, 20.0, 0.0, 0.0, 8.0, 4.0, 4.0, 4.0, 20.0, 8.0, 8.0, 0.0, 8.0, 4.0, 4.0]",100.0,100.0,23,mn8370qr,,,,,0
2,j6o1gu35,,0,308,307,post_exp,FinalForProlific,2026-05-20 19:25:41.199388,1,,,1136.0,2,,0.0,2687126f-035a-4f5c-9b79-40117776a123,2585.0,22.0,8.0,176.0,2761.0,,3800.0,10.0,,,,,0.0,0,,,1,b86ad8e8-b0f6-4578-8e02-b4a87378a89d,https://london-trader-6b45bffdcd02.herokuapp.com,wss://london-trader-6b45bffdcd02.herokuapp.com,,1,6,gh,hedonic_only,human_only,0.0,0,15,"[8.0, 4.0, 20.0, 8.0, 8.0, 20.0, 20.0, 4.0, 20.0, 4.0, 20.0, 0.0, 8.0, 8.0, 8.0, 8.0, 8.0, 4.0, 4.0, 20.0, 0.0, 0.0, 8.0, 4.0, 4.0, 4.0, 20.0, 8.0, 8.0, 0.0, 8.0, 4.0, 4.0]",100.0,100.0,23,mn8370qr,,,,,0
3,z9n52ebr,,0,308,307,post_exp,FinalForProlific,2026-05-20 19:25:41.205068,1,,,5326.0,3,,0.0,e2aa12cd-48ec-4b85-a4ed-c4fc7b454ddf,3843.0,14.0,8.0,112.0,3955.0,,2600.0,20.0,,,,,0.0,0,,,1,b86ad8e8-b0f6-4578-8e02-b4a87378a89d,https://london-trader-6b45bffdcd02.herokuapp.com,wss://london-trader-6b45bffdcd02.herokuapp.com,,1,6,gh,hedonic_only,human_only,0.0,0,15,"[8.0, 4.0, 20.0, 8.0, 8.0, 20.0, 20.0, 4.0, 20.0, 4.0, 20.0, 0.0, 8.0, 8.0, 8.0, 8.0, 8.0, 4.0, 4.0, 20.0, 0.0, 0.0, 8.0, 4.0, 4.0, 4.0, 20.0, 8.0, 8.0, 0.0, 8.0, 4.0, 4.0]",100.0,100.0,23,mn8370qr,,,,,0
4,lh92b709,,0,308,307,post_exp,FinalForProlific,2026-05-20 19:25:41.210764,1,,,5744.0,4,,0.0,408a9933-2d73-49af-a89e-1257e848a4cf,3625.0,16.0,8.0,128.0,3753.0,,3800.0,10.0,,,,,0.0,0,,,1,b86ad8e8-b0f6-4578-8e02-b4a87378a89d,https://london-trader-6b45bffdcd02.herokuapp.com,wss://london-trader-6b45bffdcd02.herokuapp.com,,1,6,gh,hedonic_only,human_only,0.0,0,15,"[8.0, 4.0, 20.0, 8.0, 8.0, 20.0, 20.0, 4.0, 20.0, 4.0, 20.0, 0.0, 8.0, 8.0, 8.0, 8.0, 8.0, 4.0, 4.0, 20.0, 0.0, 0.0, 8.0, 4.0, 4.0, 4.0, 20.0, 8.0, 8.0, 0.0, 8.0, 4.0, 4.0]",100.0,100.0,23,mn8370qr,,,,,0
5,729v3r7i,,0,308,307,post_exp,FinalForProlific,2026-05-20 19:25:41.216438,1,,,5824.0,5,,0.0,85c25fb0-b87a-41cb-a477-b786b6785b79,2898.0,23.0,8.0,184.0,3082.0,,2600.0,20.0,,,,,0.0,0,,,1,b86ad8e8-b0f6-4578-8e02-b4a87378a89d,https://london-trader-6b45bffdcd02.herokuapp.com,wss://london-trader-6b45bffdcd02.herokuapp.com,,1,6,gh,hedonic_only,human_only,0.0,0,15,"[8.0, 4.0, 20.0, 8.0, 8.0, 20.0, 20.0, 4.0, 20.0, 4.0, 20.0, 0.0, 8.0, 8.0, 8.0, 8.0, 8.0, 4.0, 4.0, 20.0, 0.0, 0.0, 8.0, 4.0, 4.0, 4.0, 20.0, 8.0, 8.0, 0.0, 8.0, 4.0, 4.0]",100.0,100.0,23,mn8370qr,,,,,0
6,aac2mc3k,,0,308,307,post_exp,FinalForProlific,2026-05-20 19:25:41.222017,1,,,5288.0,6,,0.0,274b90df-f4ee-4a06-b02e-fef62796b15f,4633.0,5.0,8.0,40.0,4673.0,,3800.0,10.0,,,,,0.0,0,,,1,b86ad8e8-b0f6-4578-8e02-b4a87378a89d,https://london-trader-6b45bffdcd02.herokuapp.com,wss://london-trader-6b45bffdcd02.herokuapp.com,,1,6,gh,hedonic_only,human_only,0.0,0,15,"[8.0, 4.0, 20.0, 8.0, 8.0, 20.0, 20.0, 4.0, 20.0, 4.0, 20.0, 0.0, 8.0, 8.0, 8.0, 8.0, 8.0, 4.0, 4.0, 20.0, 0.0, 0.0, 8.0, 4.0, 4.0, 4.0, 20.0, 8.0, 8.0, 0.0, 8.0, 4.0, 4.0]",100.0,100.0,23,mn8370qr,,,,,0
7,bs9r1rdm,,0,308,307,post_exp,FinalForProlific,2026-05-20 19:25:41.227334,1,,,4422.0,1,,0.0,bb1de49e-9922-4e51-bf38-42f79bfa10dd,3841.8600000000006,11.0,8.0,88.0,3929.8600000000006,,2600.0,20.0,,,,,0.0,0,,,2,aeea46bb-84ad-409e-b595-5f1ae9d39ed9,https://london-trader-6b45bffdcd02.herokuapp.com,wss://london-trader-6b45bffdcd02.herokuapp.com,,1,6,gp,info_only,human_only,0.0,0,15,"[8.0, 4.0, 20.0, 8.0, 8.0, 20.0, 20.0, 4.0, 20.0, 4.0, 20.0, 0.0, 8.0, 8.0, 8.0, 8.0, 8.0, 4.0, 4.0, 20.0, 0.0, 0.0, 8.0, 4.0, 4.0, 4.0, 20.0, 8.0, 8.0, 0.0, 8.0, 4.0, 4.0]",73.75,73.75,23,mn8370qr,,,,,0
8,9uh6p1vm,,0,308,307,post_exp,FinalForProlific,2026-05-20 19:25:41.233246,1,,,5926.0,2,,0.0,3cc0e1ca-01ec-458e-a73f-5f979015e052,4154.620000000001,9.0,8.0,72.0,4226.620000000001,,3800.0,10.0,,,,,0.0,0,,,2,aeea46bb-84ad-409e-b595-5f1ae9d39ed9,https://london-trader-6b45bffdcd02.herokuapp.com,wss://london-trader-6b45bffdcd02.herokuapp.com,,1,6,gp,info_only,human_only,0.0,0,15,"[8.0, 4.0, 20.0, 8.0, 8.0, 20.0, 20.0, 4.0, 20.0, 4.0, 20.0, 0.0, 8.0, 8.0, 8.0, 8.0, 8.0, 4.0, 4.0, 20.0, 0.0, 0.0, 8.0, 4.0, 4.0, 4.0, 20.0, 8.0, 8.0, 0.0, 8.0, 4.0, 4.0]",73.75,73.75,23,mn8370qr,,,,,0
9,kb2z64e8,,0,308,307,post_exp,FinalForProlific,2026-05-20 19:25:41.238889,1,,,6101.0,3,,0.0,a415b3a2-d76d-4f31-8ddd-bdf441257d88,3386.93,19.0,8.0,152.0,3538.93,,2600.0,20.0,,,,,0.0,0,,,2,aeea46bb-84ad-409e-b595-5f1ae9d39ed9,https://london-trader-6b45bffdcd02.herokuapp.com,wss://london-trader-6b45bffdcd02.herokuapp.com,,1,6,gp,info_only,human_only,0.0,0,15,"[8.0, 4.0, 20.0, 8.0, 8.0, 20.0, 20.0, 4.0, 20.0, 4.0, 20.0, 0.0, 8.0, 8.0, 8.0, 8.0, 8.0, 4.0, 4.0, 20.0, 0.0, 0.0, 8.0, 4.0, 4.0, 4.0, 20.0, 8.0, 8.0, 0.0, 8.0, 4.0, 4.0]",73.75,73.75,23,mn8370qr,,,,,0
10,ai0il249,,0,308,307,post_exp,FinalForProlific,2026-05-20 19:25:41.244342,1,,,5172.0,4,,0.0,bd8df300-e107-4fb6-a1a9-1ee4f9ce263f,2921.5,29.0,8.0,232.0,3153.5,,3800.0,10.0,,,,,0.0,0,,,2,aeea46bb-84ad-409e-b595-5f1ae9d39ed9,https://london-trader-6b45bffdcd02.herokuapp.com,wss://london-trader-6b45bffdcd02.herokuapp.com,,1,6,gp,info_only,human_only,0.0,0,15,"[8.0, 4.0, 20.0, 8.0, 8.0, 20.0, 20.0, 4.0, 20.0, 4.0, 20.0, 0.0, 8.0, 8.0, 8.0, 8.0, 8.0, 4.0, 4.0, 20.0, 0.0, 0.0, 8.0, 4.0, 4.0, 4.0, 20.0, 8.0, 8.0, 0.0, 8.0, 4.0, 4.0]",73.75,73.75,23,mn8370qr,,,,,0
11,pqnknbrr,,0,308,307,post_exp,FinalForProlific,2026-05-20 19:25:41.249954,1,,,4810.0,5,,0.0,0dfc44c4-9a29-46a9-8b14-42a4bda28f5c,2340.2699999999995,30.0,8.0,240.0,2580.2699999999995,,2600.0,20.0,,,,,0.0,0,,,2,aeea46bb-84ad-409e-b595-5f1ae9d39ed9,https://london-trader-6b45bffdcd02.herokuapp.com,wss://london-trader-6b45bffdcd02.herokuapp.com,,1,6,gp,info_only,human_only,0.0,0,15,"[8.0, 4.0, 20.0, 8.0, 8.0, 20.0, 20.0, 4.0, 20.0, 4.0, 20.0, 0.0, 8.0, 8.0, 8.0, 8.0, 8.0, 4.0, 4.0, 20.0, 0.0, 0.0, 8.0, 4.0, 4.0, 4.0, 20.0, 8.0, 8.0, 0.0, 8.0, 4.0, 4.0]",73.75,73.75,23,mn8370qr,,,,,0
12,whc9aveo,,0,308,307,post_exp,FinalForProlific,2026-05-20 19:25:41.255262,1,,,6139.0,6,,0.0,b36c610c-8e4d-4bcb-b3bf-9233bc19bd59,4878.82,0.0,8.0,0.0,4878.82,,3800.0,10.0,,,,,0.0,0,,,2,aeea46bb-84ad-409e-b595-5f1ae9d39ed9,https://london-trader-6b45bffdcd02.herokuapp.com,wss://london-trader-6b45bffdcd02.herokuapp.com,,1,6,gp,info_only,human_only,0.0,0,15,"[8.0, 4.0, 20.0, 8.0, 8.0, 20.0, 20.0, 4.0, 20.0, 4.0, 20.0, 0.0, 8.0, 8.0, 8.0, 8.0, 8.0, 4.0, 4.0, 20.0, 0.0, 0.0, 8.0, 4.0, 4.0, 4.0, 20.0, 8.0, 8.0, 0.0, 8.0, 4.0, 4.0]",73.75,73.75,23,mn8370qr,,,,,0
13,51q1wtqi,,0,308,307,post_exp,FinalForProlific,2026-05-20 19:25:41.260557,1,,,6081.0,1,,0.0,0500554f-6ad6-4d90-b416-d094e1c2d6fa,4092.25,11.0,8.0,88.0,4180.25,,2600.0,20.0,,,,,0.0,0,,,3,32f83e1a-8f9b-4533-82cc-9d1a1ceded46,https://london-trader-6b45bffdcd02.herokuapp.com,wss://london-trader-6b45bffdcd02.herokuapp.com,,1,4,ghp,gamified,human_only,0.0,0,15,"[8.0, 4.0, 20.0, 8.0, 8.0, 20.0, 20.0, 4.0, 20.0, 4.0, 20.0, 0.0, 8.0, 8.0, 8.0, 8.0, 8.0, 4.0, 4.0, 20.0, 0.0, 0.0, 8.0, 4.0, 4.0, 4.0, 20.0, 8.0, 8.0, 0.0, 8.0, 4.0, 4.0]",87.5,87.5,23,mn8370qr,,,,,0
14,q9v4q54j,,0,308,307,post_exp,FinalForProlific,2026-05-20 19:25:41.266013,1,,,4846.0,2,,0.0,d2123171-a761-420f-9ca0-9fc0a54b2e13,2932.0,20.0,8.0,160.0,3092.0,,3800.0,10.0,,,,,0.0,0,,,3,32f83e1a-8f9b-4533-82cc-9d1a1ceded46,https://london-trader-6b45bffdcd02.herokuapp.com,wss://london-trader-6b45bffdcd02.herokuapp.com,,1,4,ghp,gamified,human_only,0.0,0,15,"[8.0, 4.0, 20.0, 8.0, 8.0, 20.0, 20.0, 4.0, 20.0, 4.0, 20.0, 0.0, 8.0, 8.0, 8.0, 8.0, 8.0, 4.0, 4.0, 20.0, 0.0, 0.0, 8.0, 4.0, 4.0, 4.0, 20.0, 8.0, 8.0, 0.0, 8.0, 4.0, 4.0]",87.5,87.5,23,mn8370qr,,,,,0
15,5g1om6y0,,0,308,307,post_exp,FinalForProlific,2026-05-20 19:25:41.271633,1,,,6308.0,3,,0.0,957560c7-bf61-4449-bb07-a260f24dc622,3721.5,16.0,8.0,128.0,3849.5,,2600.0,20.0,,,,,0.0,0,,,3,32f83e1a-8f9b-4533-82cc-9d1a1ceded46,https://london-trader-6b45bffdcd02.herokuapp.com,wss://london-trader-6b45bffdcd02.herokuapp.com,,1,4,ghp,gamified,human_only,0.0,0,15,"[8.0, 4.0, 20.0, 8.0, 8.0, 20.0, 20.0, 4.0, 20.0, 4.0, 20.0, 0.0, 8.0, 8.0, 8.0, 8.0, 8.0, 4.0, 4.0, 20.0, 0.0, 0.0, 8.0, 4.0, 4.0, 4.0, 20.0, 8.0, 8.0, 0.0, 8.0, 4.0, 4.0]",87.5,87.5,23,mn8370qr,,,,,0
16,ry1l466x,,0,308,307,post_exp,FinalForProlific,2026-05-20 19:25:41.277077,1,,,5341.0,4,,0.0,b708290f-ab81-4247-b84a-d9e1a961e73f,3586.25,19.0,8.0,152.0,3738.25,,3800.0,10.0,,,,,0.0,0,,,3,32f83e1a-8f9b-4533-82cc-9d1a1ceded46,https://london-trader-6b45bffdcd02.herokuapp.com,wss://london-trader-6b45bffdcd02.herokuapp.com,,1,4,ghp,gamified,human_only,0.0,0,15,"[8.0, 4.0, 20.0, 8.0, 8.0, 20.0, 20.0, 4.0, 20.0, 4.0, 20.0, 0.0, 8.0, 8.0, 8.0, 8.0, 8.0, 4.0, 4.0, 20.0, 0.0, 0.0, 8.0, 4.0, 4.0, 4.0, 20.0, 8.0, 8.0, 0.0, 8.0, 4.0, 4.0]",87.5,87.5,23,mn8370qr,,,,,0
1,e4rzuiqc,,0,308,307,post_exp,FinalForProlific,2026-05-20 19:25:41.187444,1,,,5538.0,1,,0.0,e587d9fc-8b60-4d5e-94d5-3b29caa7cace,4220.0,10.0,4.0,40.0,4260.0,,2600.0,20.0,72.0,3,"{""forecast_price_next_day"":72,""forecast_confidence_next_day"":3}",90.0,0.0,1,,,1,b86ad8e8-b0f6-4578-8e02-b4a87378a89d,https://london-trader-6b45bffdcd02.herokuapp.com,wss://london-trader-6b45bffdcd02.herokuapp.com,,1,6,gh,hedonic_only,human_only,0.0,0,15,"[8.0, 4.0, 20.0, 8.0, 8.0, 20.0, 20.0, 4.0, 20.0, 4.0, 20.0, 0.0, 8.0, 8.0, 8.0, 8.0, 8.0, 4.0, 4.0, 20.0, 0.0, 0.0, 8.0, 4.0, 4.0, 4.0, 20.0, 8.0, 8.0, 0.0, 8.0, 4.0, 4.0]",90.0,90.0,24,mn8370qr,,,,,0
2,j6o1gu35,,0,308,307,post_exp,FinalForProlific,2026-05-20 19:25:41.199388,1,,,1136.0,2,,0.0,2687126f-035a-4f5c-9b79-40117776a123,2651.0,22.0,4.0,88.0,2739.0,,3800.0,10.0,2800.0,3,"{""forecast_price_next_day"":2800,""forecast_confidence_next_day"":3}",90.0,0.0,1,,,1,b86ad8e8-b0f6-4578-8e02-b4a87378a89d,https://london-trader-6b45bffdcd02.herokuapp.com,wss://london-trader-6b45bffdcd02.herokuapp.com,,1,6,gh,hedonic_only,human_only,0.0,0,15,"[8.0, 4.0, 20.0, 8.0, 8.0, 20.0, 20.0, 4.0, 20.0, 4.0, 20.0, 0.0, 8.0, 8.0, 8.0, 8.0, 8.0, 4.0, 4.0, 20.0, 0.0, 0.0, 8.0, 4.0, 4.0, 4.0, 20.0, 8.0, 8.0, 0.0, 8.0, 4.0, 4.0]",90.0,90.0,24,mn8370qr,,,,,0
3,z9n52ebr,,0,308,307,post_exp,FinalForProlific,2026-05-20 19:25:41.205068,1,,,5326.0,3,,0.0,e2aa12cd-48ec-4b85-a4ed-c4fc7b454ddf,3875.0,15.0,4.0,60.0,3935.0,,2600.0,20.0,95.0,3,"{""forecast_price_next_day"":95,""forecast_confidence_next_day"":3}",90.0,0.0,1,,,1,b86ad8e8-b0f6-4578-8e02-b4a87378a89d,https://london-trader-6b45bffdcd02.herokuapp.com,wss://london-trader-6b45bffdcd02.herokuapp.com,,1,6,gh,hedonic_only,human_only,0.0,0,15,"[8.0, 4.0, 20.0, 8.0, 8.0, 20.0, 20.0, 4.0, 20.0, 4.0, 20.0, 0.0, 8.0, 8.0, 8.0, 8.0, 8.0, 4.0, 4.0, 20.0, 0.0, 0.0, 8.0, 4.0, 4.0, 4.0, 20.0, 8.0, 8.0, 0.0, 8.0, 4.0, 4.0]",90.0,90.0,24,mn8370qr,,,,,0
4,lh92b709,,0,308,307,post_exp,FinalForProlific,2026-05-20 19:25:41.210764,1,,,5744.0,4,,0.0,408a9933-2d73-49af-a89e-1257e848a4cf,3553.0,18.0,4.0,72.0,3625.0,,3800.0,10.0,90.0,3,"{""forecast_price_next_day"":90,""forecast_confidence_next_day"":3}",90.0,20.0,1,,,1,b86ad8e8-b0f6-4578-8e02-b4a87378a89d,https://london-trader-6b45bffdcd02.herokuapp.com,wss://london-trader-6b45bffdcd02.herokuapp.com,,1,6,gh,hedonic_only,human_only,0.0,0,15,"[8.0, 4.0, 20.0, 8.0, 8.0, 20.0, 20.0, 4.0, 20.0, 4.0, 20.0, 0.0, 8.0, 8.0, 8.0, 8.0, 8.0, 4.0, 4.0, 20.0, 0.0, 0.0, 8.0, 4.0, 4.0, 4.0, 20.0, 8.0, 8.0, 0.0, 8.0, 4.0, 4.0]",90.0,90.0,24,mn8370qr,,,,,0
5,729v3r7i,,0,308,307,post_exp,FinalForProlific,2026-05-20 19:25:41.216438,1,,,5824.0,5,,0.0,85c25fb0-b87a-41cb-a477-b786b6785b79,3192.0,21.0,4.0,84.0,3276.0,,2600.0,20.0,100.0,4,"{""forecast_price_next_day"":100,""forecast_confidence_next_day"":4}",90.0,0.0,1,,,1,b86ad8e8-b0f6-4578-8e02-b4a87378a89d,https://london-trader-6b45bffdcd02.herokuapp.com,wss://london-trader-6b45bffdcd02.herokuapp.com,,1,6,gh,hedonic_only,human_only,0.0,0,15,"[8.0, 4.0, 20.0, 8.0, 8.0, 20.0, 20.0, 4.0, 20.0, 4.0, 20.0, 0.0, 8.0, 8.0, 8.0, 8.0, 8.0, 4.0, 4.0, 20.0, 0.0, 0.0, 8.0, 4.0, 4.0, 4.0, 20.0, 8.0, 8.0, 0.0, 8.0, 4.0, 4.0]",90.0,90.0,24,mn8370qr,,,,,0
6,aac2mc3k,,0,308,307,post_exp,FinalForProlific,2026-05-20 19:25:41.222017,1,,,5288.0,6,,0.0,274b90df-f4ee-4a06-b02e-fef62796b15f,4673.0,6.0,4.0,24.0,4697.0,,3800.0,10.0,148.0,2,"{""forecast_price_next_day"":148,""forecast_confidence_next_day"":2}",90.0,0.0,1,,,1,b86ad8e8-b0f6-4578-8e02-b4a87378a89d,https://london-trader-6b45bffdcd02.herokuapp.com,wss://london-trader-6b45bffdcd02.herokuapp.com,,1,6,gh,hedonic_only,human_only,0.0,0,15,"[8.0, 4.0, 20.0, 8.0, 8.0, 20.0, 20.0, 4.0, 20.0, 4.0, 20.0, 0.0, 8.0, 8.0, 8.0, 8.0, 8.0, 4.0, 4.0, 20.0, 0.0, 0.0, 8.0, 4.0, 4.0, 4.0, 20.0, 8.0, 8.0, 0.0, 8.0, 4.0, 4.0]",90.0,90.0,24,mn8370qr,,,,,0
7,bs9r1rdm,,0,308,307,post_exp,FinalForProlific,2026-05-20 19:25:41.227334,1,,,4422.0,1,,0.0,bb1de49e-9922-4e51-bf38-42f79bfa10dd,3765.9500000000007,12.0,4.0,48.0,3813.9500000000007,,2600.0,20.0,67.0,4,"{""forecast_price_next_day"":67,""forecast_confidence_next_day"":4}",44.0,0.0,1,,,2,aeea46bb-84ad-409e-b595-5f1ae9d39ed9,https://london-trader-6b45bffdcd02.herokuapp.com,wss://london-trader-6b45bffdcd02.herokuapp.com,,1,6,gp,info_only,human_only,0.0,0,15,"[8.0, 4.0, 20.0, 8.0, 8.0, 20.0, 20.0, 4.0, 20.0, 4.0, 20.0, 0.0, 8.0, 8.0, 8.0, 8.0, 8.0, 4.0, 4.0, 20.0, 0.0, 0.0, 8.0, 4.0, 4.0, 4.0, 20.0, 8.0, 8.0, 0.0, 8.0, 4.0, 4.0]",65.0,65.0,24,mn8370qr,,,,,0
8,9uh6p1vm,,0,308,307,post_exp,FinalForProlific,2026-05-20 19:25:41.233246,1,,,5926.0,2,,0.0,3cc0e1ca-01ec-458e-a73f-5f979015e052,4430.210000000001,5.0,4.0,20.0,4450.210000000001,,3800.0,10.0,45.0,3,"{""forecast_price_next_day"":44.56,""forecast_confidence_next_day"":3}",44.0,20.0,1,,,2,aeea46bb-84ad-409e-b595-5f1ae9d39ed9,https://london-trader-6b45bffdcd02.herokuapp.com,wss://london-trader-6b45bffdcd02.herokuapp.com,,1,6,gp,info_only,human_only,0.0,0,15,"[8.0, 4.0, 20.0, 8.0, 8.0, 20.0, 20.0, 4.0, 20.0, 4.0, 20.0, 0.0, 8.0, 8.0, 8.0, 8.0, 8.0, 4.0, 4.0, 20.0, 0.0, 0.0, 8.0, 4.0, 4.0, 4.0, 20.0, 8.0, 8.0, 0.0, 8.0, 4.0, 4.0]",65.0,65.0,24,mn8370qr,,,,,0
9,kb2z64e8,,0,308,307,post_exp,FinalForProlific,2026-05-20 19:25:41.238889,1,,,6101.0,3,,0.0,a415b3a2-d76d-4f31-8ddd-bdf441257d88,3602.93,16.0,4.0,64.0,3666.93,,2600.0,20.0,0.0,0,,44.0,0.0,1,,,2,aeea46bb-84ad-409e-b595-5f1ae9d39ed9,https://london-trader-6b45bffdcd02.herokuapp.com,wss://london-trader-6b45bffdcd02.herokuapp.com,,1,6,gp,info_only,human_only,0.0,0,15,"[8.0, 4.0, 20.0, 8.0, 8.0, 20.0, 20.0, 4.0, 20.0, 4.0, 20.0, 0.0, 8.0, 8.0, 8.0, 8.0, 8.0, 4.0, 4.0, 20.0, 0.0, 0.0, 8.0, 4.0, 4.0, 4.0, 20.0, 8.0, 8.0, 0.0, 8.0, 4.0, 4.0]",65.0,65.0,24,mn8370qr,,,,,0
10,ai0il249,,0,308,307,post_exp,FinalForProlific,2026-05-20 19:25:41.244342,1,,,5172.0,4,,0.0,bd8df300-e107-4fb6-a1a9-1ee4f9ce263f,3309.0,24.0,4.0,96.0,3405.0,,3800.0,10.0,74.0,3,"{""forecast_price_next_day"":73.5,""forecast_confidence_next_day"":3}",44.0,0.0,1,,,2,aeea46bb-84ad-409e-b595-5f1ae9d39ed9,https://london-trader-6b45bffdcd02.herokuapp.com,wss://london-trader-6b45bffdcd02.herokuapp.com,,1,6,gp,info_only,human_only,0.0,0,15,"[8.0, 4.0, 20.0, 8.0, 8.0, 20.0, 20.0, 4.0, 20.0, 4.0, 20.0, 0.0, 8.0, 8.0, 8.0, 8.0, 8.0, 4.0, 4.0, 20.0, 0.0, 0.0, 8.0, 4.0, 4.0, 4.0, 20.0, 8.0, 8.0, 0.0, 8.0, 4.0, 4.0]",65.0,65.0,24,mn8370qr,,,,,0
11,pqnknbrr,,0,308,307,post_exp,FinalForProlific,2026-05-20 19:25:41.249954,1,,,4810.0,5,,0.0,0dfc44c4-9a29-46a9-8b14-42a4bda28f5c,2321.1799999999994,34.0,4.0,136.0,2457.1799999999994,,2600.0,20.0,50.0,1,"{""forecast_price_next_day"":50,""forecast_confidence_next_day"":1}",44.0,0.0,1,,,2,aeea46bb-84ad-409e-b595-5f1ae9d39ed9,https://london-trader-6b45bffdcd02.herokuapp.com,wss://london-trader-6b45bffdcd02.herokuapp.com,,1,6,gp,info_only,human_only,0.0,0,15,"[8.0, 4.0, 20.0, 8.0, 8.0, 20.0, 20.0, 4.0, 20.0, 4.0, 20.0, 0.0, 8.0, 8.0, 8.0, 8.0, 8.0, 4.0, 4.0, 20.0, 0.0, 0.0, 8.0, 4.0, 4.0, 4.0, 20.0, 8.0, 8.0, 0.0, 8.0, 4.0, 4.0]",65.0,65.0,24,mn8370qr,,,,,0
12,whc9aveo,,0,308,307,post_exp,FinalForProlific,2026-05-20 19:25:41.255262,1,,,6139.0,6,,0.0,b36c610c-8e4d-4bcb-b3bf-9233bc19bd59,4878.73,0.0,4.0,0.0,4878.73,,3800.0,10.0,50.0,4,"{""forecast_price_next_day"":50,""forecast_confidence_next_day"":4}",44.0,0.0,1,,,2,aeea46bb-84ad-409e-b595-5f1ae9d39ed9,https://london-trader-6b45bffdcd02.herokuapp.com,wss://london-trader-6b45bffdcd02.herokuapp.com,,1,6,gp,info_only,human_only,0.0,0,15,"[8.0, 4.0, 20.0, 8.0, 8.0, 20.0, 20.0, 4.0, 20.0, 4.0, 20.0, 0.0, 8.0, 8.0, 8.0, 8.0, 8.0, 4.0, 4.0, 20.0, 0.0, 0.0, 8.0, 4.0, 4.0, 4.0, 20.0, 8.0, 8.0, 0.0, 8.0, 4.0, 4.0]",65.0,65.0,24,mn8370qr,,,,,0
13,51q1wtqi,,0,308,307,post_exp,FinalForProlific,2026-05-20 19:25:41.260557,1,,,6081.0,1,,0.0,0500554f-6ad6-4d90-b416-d094e1c2d6fa,4433.35,7.0,4.0,28.0,4461.35,,2600.0,20.0,0.0,0,,81.0,0.0,1,,,3,32f83e1a-8f9b-4533-82cc-9d1a1ceded46,https://london-trader-6b45bffdcd02.herokuapp.com,wss://london-trader-6b45bffdcd02.herokuapp.com,,1,4,ghp,gamified,human_only,0.0,0,15,"[8.0, 4.0, 20.0, 8.0, 8.0, 20.0, 20.0, 4.0, 20.0, 4.0, 20.0, 0.0, 8.0, 8.0, 8.0, 8.0, 8.0, 4.0, 4.0, 20.0, 0.0, 0.0, 8.0, 4.0, 4.0, 4.0, 20.0, 8.0, 8.0, 0.0, 8.0, 4.0, 4.0]",83.0,83.0,24,mn8370qr,,,,,0
14,q9v4q54j,,0,308,307,post_exp,FinalForProlific,2026-05-20 19:25:41.266013,1,,,4846.0,2,,0.0,d2123171-a761-420f-9ca0-9fc0a54b2e13,3009.7000000000003,21.0,4.0,84.0,3093.7000000000003,,3800.0,10.0,82.0,4,"{""forecast_price_next_day"":82,""forecast_confidence_next_day"":4}",81.0,20.0,1,,,3,32f83e1a-8f9b-4533-82cc-9d1a1ceded46,https://london-trader-6b45bffdcd02.herokuapp.com,wss://london-trader-6b45bffdcd02.herokuapp.com,,1,4,ghp,gamified,human_only,0.0,0,15,"[8.0, 4.0, 20.0, 8.0, 8.0, 20.0, 20.0, 4.0, 20.0, 4.0, 20.0, 0.0, 8.0, 8.0, 8.0, 8.0, 8.0, 4.0, 4.0, 20.0, 0.0, 0.0, 8.0, 4.0, 4.0, 4.0, 20.0, 8.0, 8.0, 0.0, 8.0, 4.0, 4.0]",83.0,83.0,24,mn8370qr,,,,,0
15,5g1om6y0,,0,308,307,post_exp,FinalForProlific,2026-05-20 19:25:41.271633,1,,,6308.0,3,,0.0,957560c7-bf61-4449-bb07-a260f24dc622,3512.4,18.0,4.0,72.0,3584.4,,2600.0,20.0,82.0,4,"{""forecast_price_next_day"":82,""forecast_confidence_next_day"":4}",81.0,20.0,1,,,3,32f83e1a-8f9b-4533-82cc-9d1a1ceded46,https://london-trader-6b45bffdcd02.herokuapp.com,wss://london-trader-6b45bffdcd02.herokuapp.com,,1,4,ghp,gamified,human_only,0.0,0,15,"[8.0, 4.0, 20.0, 8.0, 8.0, 20.0, 20.0, 4.0, 20.0, 4.0, 20.0, 0.0, 8.0, 8.0, 8.0, 8.0, 8.0, 4.0, 4.0, 20.0, 0.0, 0.0, 8.0, 4.0, 4.0, 4.0, 20.0, 8.0, 8.0, 0.0, 8.0, 4.0, 4.0]",83.0,83.0,24,mn8370qr,,,,,0
16,ry1l466x,,0,308,307,post_exp,FinalForProlific,2026-05-20 19:25:41.277077,1,,,5341.0,4,,0.0,b708290f-ab81-4247-b84a-d9e1a961e73f,3904.5499999999997,15.0,4.0,60.0,3964.5499999999997,,3800.0,10.0,74.0,5,"{""forecast_price_next_day"":74,""forecast_confidence_next_day"":5}",81.0,0.0,1,,,3,32f83e1a-8f9b-4533-82cc-9d1a1ceded46,https://london-trader-6b45bffdcd02.herokuapp.com,wss://london-trader-6b45bffdcd02.herokuapp.com,,1,4,ghp,gamified,human_only,0.0,0,15,"[8.0, 4.0, 20.0, 8.0, 8.0, 20.0, 20.0, 4.0, 20.0, 4.0, 20.0, 0.0, 8.0, 8.0, 8.0, 8.0, 8.0, 4.0, 4.0, 20.0, 0.0, 0.0, 8.0, 4.0, 4.0, 4.0, 20.0, 8.0, 8.0, 0.0, 8.0, 4.0, 4.0]",83.0,83.0,24,mn8370qr,,,,,0
1,e4rzuiqc,,0,308,307,post_exp,FinalForProlific,2026-05-20 19:25:41.187444,1,,,5538.0,1,,0.0,e587d9fc-8b60-4d5e-94d5-3b29caa7cace,4350.0,9.0,4.0,36.0,4386.0,,2600.0,20.0,,,,,0.0,0,,,1,b86ad8e8-b0f6-4578-8e02-b4a87378a89d,https://london-trader-6b45bffdcd02.herokuapp.com,wss://london-trader-6b45bffdcd02.herokuapp.com,,1,6,gh,hedonic_only,human_only,0.0,0,15,"[8.0, 4.0, 20.0, 8.0, 8.0, 20.0, 20.0, 4.0, 20.0, 4.0, 20.0, 0.0, 8.0, 8.0, 8.0, 8.0, 8.0, 4.0, 4.0, 20.0, 0.0, 0.0, 8.0, 4.0, 4.0, 4.0, 20.0, 8.0, 8.0, 0.0, 8.0, 4.0, 4.0]",90.0,90.0,25,mn8370qr,,,,,0
2,j6o1gu35,,0,308,307,post_exp,FinalForProlific,2026-05-20 19:25:41.199388,1,,,1136.0,2,,0.0,2687126f-035a-4f5c-9b79-40117776a123,2529.0,24.0,4.0,96.0,2625.0,,3800.0,10.0,,,,,0.0,0,,,1,b86ad8e8-b0f6-4578-8e02-b4a87378a89d,https://london-trader-6b45bffdcd02.herokuapp.com,wss://london-trader-6b45bffdcd02.herokuapp.com,,1,6,gh,hedonic_only,human_only,0.0,0,15,"[8.0, 4.0, 20.0, 8.0, 8.0, 20.0, 20.0, 4.0, 20.0, 4.0, 20.0, 0.0, 8.0, 8.0, 8.0, 8.0, 8.0, 4.0, 4.0, 20.0, 0.0, 0.0, 8.0, 4.0, 4.0, 4.0, 20.0, 8.0, 8.0, 0.0, 8.0, 4.0, 4.0]",90.0,90.0,25,mn8370qr,,,,,0
3,z9n52ebr,,0,308,307,post_exp,FinalForProlific,2026-05-20 19:25:41.205068,1,,,5326.0,3,,0.0,e2aa12cd-48ec-4b85-a4ed-c4fc7b454ddf,3935.0,17.0,4.0,68.0,4003.0,,2600.0,20.0,,,,,0.0,0,,,1,b86ad8e8-b0f6-4578-8e02-b4a87378a89d,https://london-trader-6b45bffdcd02.herokuapp.com,wss://london-trader-6b45bffdcd02.herokuapp.com,,1,6,gh,hedonic_only,human_only,0.0,0,15,"[8.0, 4.0, 20.0, 8.0, 8.0, 20.0, 20.0, 4.0, 20.0, 4.0, 20.0, 0.0, 8.0, 8.0, 8.0, 8.0, 8.0, 4.0, 4.0, 20.0, 0.0, 0.0, 8.0, 4.0, 4.0, 4.0, 20.0, 8.0, 8.0, 0.0, 8.0, 4.0, 4.0]",90.0,90.0,25,mn8370qr,,,,,0
4,lh92b709,,0,308,307,post_exp,FinalForProlific,2026-05-20 19:25:41.210764,1,,,5744.0,4,,0.0,408a9933-2d73-49af-a89e-1257e848a4cf,3635.0,19.0,4.0,76.0,3711.0,,3800.0,10.0,,,,,0.0,0,,,1,b86ad8e8-b0f6-4578-8e02-b4a87378a89d,https://london-trader-6b45bffdcd02.herokuapp.com,wss://london-trader-6b45bffdcd02.herokuapp.com,,1,6,gh,hedonic_only,human_only,0.0,0,15,"[8.0, 4.0, 20.0, 8.0, 8.0, 20.0, 20.0, 4.0, 20.0, 4.0, 20.0, 0.0, 8.0, 8.0, 8.0, 8.0, 8.0, 4.0, 4.0, 20.0, 0.0, 0.0, 8.0, 4.0, 4.0, 4.0, 20.0, 8.0, 8.0, 0.0, 8.0, 4.0, 4.0]",90.0,90.0,25,mn8370qr,,,,,0
5,729v3r7i,,0,308,307,post_exp,FinalForProlific,2026-05-20 19:25:41.216438,1,,,5824.0,5,,0.0,85c25fb0-b87a-41cb-a477-b786b6785b79,3386.0,21.0,4.0,84.0,3470.0,,2600.0,20.0,,,,,0.0,0,,,1,b86ad8e8-b0f6-4578-8e02-b4a87378a89d,https://london-trader-6b45bffdcd02.herokuapp.com,wss://london-trader-6b45bffdcd02.herokuapp.com,,1,6,gh,hedonic_only,human_only,0.0,0,15,"[8.0, 4.0, 20.0, 8.0, 8.0, 20.0, 20.0, 4.0, 20.0, 4.0, 20.0, 0.0, 8.0, 8.0, 8.0, 8.0, 8.0, 4.0, 4.0, 20.0, 0.0, 0.0, 8.0, 4.0, 4.0, 4.0, 20.0, 8.0, 8.0, 0.0, 8.0, 4.0, 4.0]",90.0,90.0,25,mn8370qr,,,,,0
6,aac2mc3k,,0,308,307,post_exp,FinalForProlific,2026-05-20 19:25:41.222017,1,,,5288.0,6,,0.0,274b90df-f4ee-4a06-b02e-fef62796b15f,4697.0,5.0,4.0,20.0,4717.0,,3800.0,10.0,,,,,0.0,0,,,1,b86ad8e8-b0f6-4578-8e02-b4a87378a89d,https://london-trader-6b45bffdcd02.herokuapp.com,wss://london-trader-6b45bffdcd02.herokuapp.com,,1,6,gh,hedonic_only,human_only,0.0,0,15,"[8.0, 4.0, 20.0, 8.0, 8.0, 20.0, 20.0, 4.0, 20.0, 4.0, 20.0, 0.0, 8.0, 8.0, 8.0, 8.0, 8.0, 4.0, 4.0, 20.0, 0.0, 0.0, 8.0, 4.0, 4.0, 4.0, 20.0, 8.0, 8.0, 0.0, 8.0, 4.0, 4.0]",90.0,90.0,25,mn8370qr,,,,,0
7,bs9r1rdm,,0,308,307,post_exp,FinalForProlific,2026-05-20 19:25:41.227334,1,,,4422.0,1,,0.0,bb1de49e-9922-4e51-bf38-42f79bfa10dd,3395.560000000001,17.0,4.0,68.0,3463.560000000001,,2600.0,20.0,,,,,0.0,0,,,2,aeea46bb-84ad-409e-b595-5f1ae9d39ed9,https://london-trader-6b45bffdcd02.herokuapp.com,wss://london-trader-6b45bffdcd02.herokuapp.com,,1,6,gp,info_only,human_only,0.0,0,15,"[8.0, 4.0, 20.0, 8.0, 8.0, 20.0, 20.0, 4.0, 20.0, 4.0, 20.0, 0.0, 8.0, 8.0, 8.0, 8.0, 8.0, 4.0, 4.0, 20.0, 0.0, 0.0, 8.0, 4.0, 4.0, 4.0, 20.0, 8.0, 8.0, 0.0, 8.0, 4.0, 4.0]",44.0,44.0,25,mn8370qr,,,,,0
8,9uh6p1vm,,0,308,307,post_exp,FinalForProlific,2026-05-20 19:25:41.233246,1,,,5926.0,2,,0.0,3cc0e1ca-01ec-458e-a73f-5f979015e052,4298.790000000001,7.0,4.0,28.0,4326.790000000001,,3800.0,10.0,,,,,0.0,0,,,2,aeea46bb-84ad-409e-b595-5f1ae9d39ed9,https://london-trader-6b45bffdcd02.herokuapp.com,wss://london-trader-6b45bffdcd02.herokuapp.com,,1,6,gp,info_only,human_only,0.0,0,15,"[8.0, 4.0, 20.0, 8.0, 8.0, 20.0, 20.0, 4.0, 20.0, 4.0, 20.0, 0.0, 8.0, 8.0, 8.0, 8.0, 8.0, 4.0, 4.0, 20.0, 0.0, 0.0, 8.0, 4.0, 4.0, 4.0, 20.0, 8.0, 8.0, 0.0, 8.0, 4.0, 4.0]",44.0,44.0,25,mn8370qr,,,,,0
9,kb2z64e8,,0,308,307,post_exp,FinalForProlific,2026-05-20 19:25:41.238889,1,,,6101.0,3,,0.0,a415b3a2-d76d-4f31-8ddd-bdf441257d88,3914.43,14.0,4.0,56.0,3970.43,,2600.0,20.0,,,,,0.0,0,,,2,aeea46bb-84ad-409e-b595-5f1ae9d39ed9,https://london-trader-6b45bffdcd02.herokuapp.com,wss://london-trader-6b45bffdcd02.herokuapp.com,,1,6,gp,info_only,human_only,0.0,0,15,"[8.0, 4.0, 20.0, 8.0, 8.0, 20.0, 20.0, 4.0, 20.0, 4.0, 20.0, 0.0, 8.0, 8.0, 8.0, 8.0, 8.0, 4.0, 4.0, 20.0, 0.0, 0.0, 8.0, 4.0, 4.0, 4.0, 20.0, 8.0, 8.0, 0.0, 8.0, 4.0, 4.0]",44.0,44.0,25,mn8370qr,,,,,0
10,ai0il249,,0,308,307,post_exp,FinalForProlific,2026-05-20 19:25:41.244342,1,,,5172.0,4,,0.0,bd8df300-e107-4fb6-a1a9-1ee4f9ce263f,3375.0,26.0,4.0,104.0,3479.0,,3800.0,10.0,,,,,0.0,0,,,2,aeea46bb-84ad-409e-b595-5f1ae9d39ed9,https://london-trader-6b45bffdcd02.herokuapp.com,wss://london-trader-6b45bffdcd02.herokuapp.com,,1,6,gp,info_only,human_only,0.0,0,15,"[8.0, 4.0, 20.0, 8.0, 8.0, 20.0, 20.0, 4.0, 20.0, 4.0, 20.0, 0.0, 8.0, 8.0, 8.0, 8.0, 8.0, 4.0, 4.0, 20.0, 0.0, 0.0, 8.0, 4.0, 4.0, 4.0, 20.0, 8.0, 8.0, 0.0, 8.0, 4.0, 4.0]",44.0,44.0,25,mn8370qr,,,,,0
11,pqnknbrr,,0,308,307,post_exp,FinalForProlific,2026-05-20 19:25:41.249954,1,,,4810.0,5,,0.0,0dfc44c4-9a29-46a9-8b14-42a4bda28f5c,2784.4899999999993,29.0,4.0,116.0,2900.4899999999993,,2600.0,20.0,,,,,0.0,0,,,2,aeea46bb-84ad-409e-b595-5f1ae9d39ed9,https://london-trader-6b45bffdcd02.herokuapp.com,wss://london-trader-6b45bffdcd02.herokuapp.com,,1,6,gp,info_only,human_only,0.0,0,15,"[8.0, 4.0, 20.0, 8.0, 8.0, 20.0, 20.0, 4.0, 20.0, 4.0, 20.0, 0.0, 8.0, 8.0, 8.0, 8.0, 8.0, 4.0, 4.0, 20.0, 0.0, 0.0, 8.0, 4.0, 4.0, 4.0, 20.0, 8.0, 8.0, 0.0, 8.0, 4.0, 4.0]",44.0,44.0,25,mn8370qr,,,,,0
12,whc9aveo,,0,308,307,post_exp,FinalForProlific,2026-05-20 19:25:41.255262,1,,,6139.0,6,,0.0,b36c610c-8e4d-4bcb-b3bf-9233bc19bd59,4903.73,0.0,4.0,0.0,4903.73,,3800.0,10.0,,,,,0.0,0,,,2,aeea46bb-84ad-409e-b595-5f1ae9d39ed9,https://london-trader-6b45bffdcd02.herokuapp.com,wss://london-trader-6b45bffdcd02.herokuapp.com,,1,6,gp,info_only,human_only,0.0,0,15,"[8.0, 4.0, 20.0, 8.0, 8.0, 20.0, 20.0, 4.0, 20.0, 4.0, 20.0, 0.0, 8.0, 8.0, 8.0, 8.0, 8.0, 4.0, 4.0, 20.0, 0.0, 0.0, 8.0, 4.0, 4.0, 4.0, 20.0, 8.0, 8.0, 0.0, 8.0, 4.0, 4.0]",44.0,44.0,25,mn8370qr,,,,,0
13,51q1wtqi,,0,308,307,post_exp,FinalForProlific,2026-05-20 19:25:41.260557,1,,,6081.0,1,,0.0,0500554f-6ad6-4d90-b416-d094e1c2d6fa,5040.85,0.0,4.0,0.0,5040.85,,2600.0,20.0,,,,,0.0,0,,,3,32f83e1a-8f9b-4533-82cc-9d1a1ceded46,https://london-trader-6b45bffdcd02.herokuapp.com,wss://london-trader-6b45bffdcd02.herokuapp.com,,1,4,ghp,gamified,human_only,0.0,0,15,"[8.0, 4.0, 20.0, 8.0, 8.0, 20.0, 20.0, 4.0, 20.0, 4.0, 20.0, 0.0, 8.0, 8.0, 8.0, 8.0, 8.0, 4.0, 4.0, 20.0, 0.0, 0.0, 8.0, 4.0, 4.0, 4.0, 20.0, 8.0, 8.0, 0.0, 8.0, 4.0, 4.0]",81.0,81.0,25,mn8370qr,,,,,0
14,q9v4q54j,,0,308,307,post_exp,FinalForProlific,2026-05-20 19:25:41.266013,1,,,4846.0,2,,0.0,d2123171-a761-420f-9ca0-9fc0a54b2e13,1935.4900000000002,35.0,4.0,140.0,2075.4900000000002,,3800.0,10.0,,,,,0.0,0,,,3,32f83e1a-8f9b-4533-82cc-9d1a1ceded46,https://london-trader-6b45bffdcd02.herokuapp.com,wss://london-trader-6b45bffdcd02.herokuapp.com,,1,4,ghp,gamified,human_only,0.0,0,15,"[8.0, 4.0, 20.0, 8.0, 8.0, 20.0, 20.0, 4.0, 20.0, 4.0, 20.0, 0.0, 8.0, 8.0, 8.0, 8.0, 8.0, 4.0, 4.0, 20.0, 0.0, 0.0, 8.0, 4.0, 4.0, 4.0, 20.0, 8.0, 8.0, 0.0, 8.0, 4.0, 4.0]",81.0,81.0,25,mn8370qr,,,,,0
15,5g1om6y0,,0,308,307,post_exp,FinalForProlific,2026-05-20 19:25:41.271633,1,,,6308.0,3,,0.0,957560c7-bf61-4449-bb07-a260f24dc622,3581.69,19.0,4.0,76.0,3657.69,,2600.0,20.0,,,,,0.0,0,,,3,32f83e1a-8f9b-4533-82cc-9d1a1ceded46,https://london-trader-6b45bffdcd02.herokuapp.com,wss://london-trader-6b45bffdcd02.herokuapp.com,,1,4,ghp,gamified,human_only,0.0,0,15,"[8.0, 4.0, 20.0, 8.0, 8.0, 20.0, 20.0, 4.0, 20.0, 4.0, 20.0, 0.0, 8.0, 8.0, 8.0, 8.0, 8.0, 4.0, 4.0, 20.0, 0.0, 0.0, 8.0, 4.0, 4.0, 4.0, 20.0, 8.0, 8.0, 0.0, 8.0, 4.0, 4.0]",81.0,81.0,25,mn8370qr,,,,,0
16,ry1l466x,,0,308,307,post_exp,FinalForProlific,2026-05-20 19:25:41.277077,1,,,5341.0,4,,0.0,b708290f-ab81-4247-b84a-d9e1a961e73f,4545.969999999999,8.0,4.0,32.0,4577.969999999999,,3800.0,10.0,,,,,0.0,0,,,3,32f83e1a-8f9b-4533-82cc-9d1a1ceded46,https://london-trader-6b45bffdcd02.herokuapp.com,wss://london-trader-6b45bffdcd02.herokuapp.com,,1,4,ghp,gamified,human_only,0.0,0,15,"[8.0, 4.0, 20.0, 8.0, 8.0, 20.0, 20.0, 4.0, 20.0, 4.0, 20.0, 0.0, 8.0, 8.0, 8.0, 8.0, 8.0, 4.0, 4.0, 20.0, 0.0, 0.0, 8.0, 4.0, 4.0, 4.0, 20.0, 8.0, 8.0, 0.0, 8.0, 4.0, 4.0]",81.0,81.0,25,mn8370qr,,,,,0
1,e4rzuiqc,,0,308,307,post_exp,FinalForProlific,2026-05-20 19:25:41.187444,1,,,5538.0,1,,0.0,e587d9fc-8b60-4d5e-94d5-3b29caa7cace,4218.5,13.0,4.0,52.0,4270.5,,2600.0,20.0,,,,,0.0,0,,,1,b86ad8e8-b0f6-4578-8e02-b4a87378a89d,https://london-trader-6b45bffdcd02.herokuapp.com,wss://london-trader-6b45bffdcd02.herokuapp.com,,1,6,gh,hedonic_only,human_only,0.0,0,15,"[8.0, 4.0, 20.0, 8.0, 8.0, 20.0, 20.0, 4.0, 20.0, 4.0, 20.0, 0.0, 8.0, 8.0, 8.0, 8.0, 8.0, 4.0, 4.0, 20.0, 0.0, 0.0, 8.0, 4.0, 4.0, 4.0, 20.0, 8.0, 8.0, 0.0, 8.0, 4.0, 4.0]",79.0,79.0,26,mn8370qr,,,,,0
2,j6o1gu35,,0,308,307,post_exp,FinalForProlific,2026-05-20 19:25:41.199388,1,,,1136.0,2,,0.0,2687126f-035a-4f5c-9b79-40117776a123,2386.0,26.0,4.0,104.0,2490.0,,3800.0,10.0,,,,,0.0,0,,,1,b86ad8e8-b0f6-4578-8e02-b4a87378a89d,https://london-trader-6b45bffdcd02.herokuapp.com,wss://london-trader-6b45bffdcd02.herokuapp.com,,1,6,gh,hedonic_only,human_only,0.0,0,15,"[8.0, 4.0, 20.0, 8.0, 8.0, 20.0, 20.0, 4.0, 20.0, 4.0, 20.0, 0.0, 8.0, 8.0, 8.0, 8.0, 8.0, 4.0, 4.0, 20.0, 0.0, 0.0, 8.0, 4.0, 4.0, 4.0, 20.0, 8.0, 8.0, 0.0, 8.0, 4.0, 4.0]",79.0,79.0,26,mn8370qr,,,,,0
3,z9n52ebr,,0,308,307,post_exp,FinalForProlific,2026-05-20 19:25:41.205068,1,,,5326.0,3,,0.0,e2aa12cd-48ec-4b85-a4ed-c4fc7b454ddf,4013.0,16.0,4.0,64.0,4077.0,,2600.0,20.0,,,,,0.0,0,,,1,b86ad8e8-b0f6-4578-8e02-b4a87378a89d,https://london-trader-6b45bffdcd02.herokuapp.com,wss://london-trader-6b45bffdcd02.herokuapp.com,,1,6,gh,hedonic_only,human_only,0.0,0,15,"[8.0, 4.0, 20.0, 8.0, 8.0, 20.0, 20.0, 4.0, 20.0, 4.0, 20.0, 0.0, 8.0, 8.0, 8.0, 8.0, 8.0, 4.0, 4.0, 20.0, 0.0, 0.0, 8.0, 4.0, 4.0, 4.0, 20.0, 8.0, 8.0, 0.0, 8.0, 4.0, 4.0]",79.0,79.0,26,mn8370qr,,,,,0
4,lh92b709,,0,308,307,post_exp,FinalForProlific,2026-05-20 19:25:41.210764,1,,,5744.0,4,,0.0,408a9933-2d73-49af-a89e-1257e848a4cf,3861.0,17.0,4.0,68.0,3929.0,,3800.0,10.0,,,,,0.0,0,,,1,b86ad8e8-b0f6-4578-8e02-b4a87378a89d,https://london-trader-6b45bffdcd02.herokuapp.com,wss://london-trader-6b45bffdcd02.herokuapp.com,,1,6,gh,hedonic_only,human_only,0.0,0,15,"[8.0, 4.0, 20.0, 8.0, 8.0, 20.0, 20.0, 4.0, 20.0, 4.0, 20.0, 0.0, 8.0, 8.0, 8.0, 8.0, 8.0, 4.0, 4.0, 20.0, 0.0, 0.0, 8.0, 4.0, 4.0, 4.0, 20.0, 8.0, 8.0, 0.0, 8.0, 4.0, 4.0]",79.0,79.0,26,mn8370qr,,,,,0
5,729v3r7i,,0,308,307,post_exp,FinalForProlific,2026-05-20 19:25:41.216438,1,,,5824.0,5,,0.0,85c25fb0-b87a-41cb-a477-b786b6785b79,3716.5,18.0,4.0,72.0,3788.5,,2600.0,20.0,,,,,0.0,0,,,1,b86ad8e8-b0f6-4578-8e02-b4a87378a89d,https://london-trader-6b45bffdcd02.herokuapp.com,wss://london-trader-6b45bffdcd02.herokuapp.com,,1,6,gh,hedonic_only,human_only,0.0,0,15,"[8.0, 4.0, 20.0, 8.0, 8.0, 20.0, 20.0, 4.0, 20.0, 4.0, 20.0, 0.0, 8.0, 8.0, 8.0, 8.0, 8.0, 4.0, 4.0, 20.0, 0.0, 0.0, 8.0, 4.0, 4.0, 4.0, 20.0, 8.0, 8.0, 0.0, 8.0, 4.0, 4.0]",79.0,79.0,26,mn8370qr,,,,,0
6,aac2mc3k,,0,308,307,post_exp,FinalForProlific,2026-05-20 19:25:41.222017,1,,,5288.0,6,,0.0,274b90df-f4ee-4a06-b02e-fef62796b15f,4717.0,5.0,4.0,20.0,4737.0,,3800.0,10.0,,,,,0.0,0,,,1,b86ad8e8-b0f6-4578-8e02-b4a87378a89d,https://london-trader-6b45bffdcd02.herokuapp.com,wss://london-trader-6b45bffdcd02.herokuapp.com,,1,6,gh,hedonic_only,human_only,0.0,0,15,"[8.0, 4.0, 20.0, 8.0, 8.0, 20.0, 20.0, 4.0, 20.0, 4.0, 20.0, 0.0, 8.0, 8.0, 8.0, 8.0, 8.0, 4.0, 4.0, 20.0, 0.0, 0.0, 8.0, 4.0, 4.0, 4.0, 20.0, 8.0, 8.0, 0.0, 8.0, 4.0, 4.0]",79.0,79.0,26,mn8370qr,,,,,0
7,bs9r1rdm,,0,308,307,post_exp,FinalForProlific,2026-05-20 19:25:41.227334,1,,,4422.0,1,,0.0,bb1de49e-9922-4e51-bf38-42f79bfa10dd,3798.560000000001,11.0,4.0,44.0,3842.560000000001,,2600.0,20.0,,,,,0.0,0,,,2,aeea46bb-84ad-409e-b595-5f1ae9d39ed9,https://london-trader-6b45bffdcd02.herokuapp.com,wss://london-trader-6b45bffdcd02.herokuapp.com,,1,6,gp,info_only,human_only,0.0,0,15,"[8.0, 4.0, 20.0, 8.0, 8.0, 20.0, 20.0, 4.0, 20.0, 4.0, 20.0, 0.0, 8.0, 8.0, 8.0, 8.0, 8.0, 4.0, 4.0, 20.0, 0.0, 0.0, 8.0, 4.0, 4.0, 4.0, 20.0, 8.0, 8.0, 0.0, 8.0, 4.0, 4.0]",45.0,45.0,26,mn8370qr,,,,,0
8,9uh6p1vm,,0,308,307,post_exp,FinalForProlific,2026-05-20 19:25:41.233246,1,,,5926.0,2,,0.0,3cc0e1ca-01ec-458e-a73f-5f979015e052,4376.790000000001,6.0,4.0,24.0,4400.790000000001,,3800.0,10.0,,,,,0.0,0,,,2,aeea46bb-84ad-409e-b595-5f1ae9d39ed9,https://london-trader-6b45bffdcd02.herokuapp.com,wss://london-trader-6b45bffdcd02.herokuapp.com,,1,6,gp,info_only,human_only,0.0,0,15,"[8.0, 4.0, 20.0, 8.0, 8.0, 20.0, 20.0, 4.0, 20.0, 4.0, 20.0, 0.0, 8.0, 8.0, 8.0, 8.0, 8.0, 4.0, 4.0, 20.0, 0.0, 0.0, 8.0, 4.0, 4.0, 4.0, 20.0, 8.0, 8.0, 0.0, 8.0, 4.0, 4.0]",45.0,45.0,26,mn8370qr,,,,,0
9,kb2z64e8,,0,308,307,post_exp,FinalForProlific,2026-05-20 19:25:41.238889,1,,,6101.0,3,,0.0,a415b3a2-d76d-4f31-8ddd-bdf441257d88,3617.93,22.0,4.0,88.0,3705.93,,2600.0,20.0,,,,,0.0,0,,,2,aeea46bb-84ad-409e-b595-5f1ae9d39ed9,https://london-trader-6b45bffdcd02.herokuapp.com,wss://london-trader-6b45bffdcd02.herokuapp.com,,1,6,gp,info_only,human_only,0.0,0,15,"[8.0, 4.0, 20.0, 8.0, 8.0, 20.0, 20.0, 4.0, 20.0, 4.0, 20.0, 0.0, 8.0, 8.0, 8.0, 8.0, 8.0, 4.0, 4.0, 20.0, 0.0, 0.0, 8.0, 4.0, 4.0, 4.0, 20.0, 8.0, 8.0, 0.0, 8.0, 4.0, 4.0]",45.0,45.0,26,mn8370qr,,,,,0
10,ai0il249,,0,308,307,post_exp,FinalForProlific,2026-05-20 19:25:41.244342,1,,,5172.0,4,,0.0,bd8df300-e107-4fb6-a1a9-1ee4f9ce263f,3386.5,27.0,4.0,108.0,3494.5,,3800.0,10.0,,,,,0.0,0,,,2,aeea46bb-84ad-409e-b595-5f1ae9d39ed9,https://london-trader-6b45bffdcd02.herokuapp.com,wss://london-trader-6b45bffdcd02.herokuapp.com,,1,6,gp,info_only,human_only,0.0,0,15,"[8.0, 4.0, 20.0, 8.0, 8.0, 20.0, 20.0, 4.0, 20.0, 4.0, 20.0, 0.0, 8.0, 8.0, 8.0, 8.0, 8.0, 4.0, 4.0, 20.0, 0.0, 0.0, 8.0, 4.0, 4.0, 4.0, 20.0, 8.0, 8.0, 0.0, 8.0, 4.0, 4.0]",45.0,45.0,26,mn8370qr,,,,,0
11,pqnknbrr,,0,308,307,post_exp,FinalForProlific,2026-05-20 19:25:41.249954,1,,,4810.0,5,,0.0,0dfc44c4-9a29-46a9-8b14-42a4bda28f5c,2940.4899999999993,27.0,4.0,108.0,3048.4899999999993,,2600.0,20.0,,,,,0.0,0,,,2,aeea46bb-84ad-409e-b595-5f1ae9d39ed9,https://london-trader-6b45bffdcd02.herokuapp.com,wss://london-trader-6b45bffdcd02.herokuapp.com,,1,6,gp,info_only,human_only,0.0,0,15,"[8.0, 4.0, 20.0, 8.0, 8.0, 20.0, 20.0, 4.0, 20.0, 4.0, 20.0, 0.0, 8.0, 8.0, 8.0, 8.0, 8.0, 4.0, 4.0, 20.0, 0.0, 0.0, 8.0, 4.0, 4.0, 4.0, 20.0, 8.0, 8.0, 0.0, 8.0, 4.0, 4.0]",45.0,45.0,26,mn8370qr,,,,,0
12,whc9aveo,,0,308,307,post_exp,FinalForProlific,2026-05-20 19:25:41.255262,1,,,6139.0,6,,0.0,b36c610c-8e4d-4bcb-b3bf-9233bc19bd59,4923.73,0.0,4.0,0.0,4923.73,,3800.0,10.0,,,,,0.0,0,,,2,aeea46bb-84ad-409e-b595-5f1ae9d39ed9,https://london-trader-6b45bffdcd02.herokuapp.com,wss://london-trader-6b45bffdcd02.herokuapp.com,,1,6,gp,info_only,human_only,0.0,0,15,"[8.0, 4.0, 20.0, 8.0, 8.0, 20.0, 20.0, 4.0, 20.0, 4.0, 20.0, 0.0, 8.0, 8.0, 8.0, 8.0, 8.0, 4.0, 4.0, 20.0, 0.0, 0.0, 8.0, 4.0, 4.0, 4.0, 20.0, 8.0, 8.0, 0.0, 8.0, 4.0, 4.0]",45.0,45.0,26,mn8370qr,,,,,0
13,51q1wtqi,,0,308,307,post_exp,FinalForProlific,2026-05-20 19:25:41.260557,1,,,6081.0,1,,0.0,0500554f-6ad6-4d90-b416-d094e1c2d6fa,4978.85,1.0,4.0,4.0,4982.85,,2600.0,20.0,,,,,0.0,0,,,3,32f83e1a-8f9b-4533-82cc-9d1a1ceded46,https://london-trader-6b45bffdcd02.herokuapp.com,wss://london-trader-6b45bffdcd02.herokuapp.com,,1,4,ghp,gamified,human_only,0.0,0,15,"[8.0, 4.0, 20.0, 8.0, 8.0, 20.0, 20.0, 4.0, 20.0, 4.0, 20.0, 0.0, 8.0, 8.0, 8.0, 8.0, 8.0, 4.0, 4.0, 20.0, 0.0, 0.0, 8.0, 4.0, 4.0, 4.0, 20.0, 8.0, 8.0, 0.0, 8.0, 4.0, 4.0]",61.07,61.07,26,mn8370qr,,,,,0
14,q9v4q54j,,0,308,307,post_exp,FinalForProlific,2026-05-20 19:25:41.266013,1,,,4846.0,2,,0.0,d2123171-a761-420f-9ca0-9fc0a54b2e13,2019.5500000000002,50.0,4.0,200.0,2219.55,,3800.0,10.0,,,,,0.0,0,,,3,32f83e1a-8f9b-4533-82cc-9d1a1ceded46,https://london-trader-6b45bffdcd02.herokuapp.com,wss://london-trader-6b45bffdcd02.herokuapp.com,,1,4,ghp,gamified,human_only,0.0,0,15,"[8.0, 4.0, 20.0, 8.0, 8.0, 20.0, 20.0, 4.0, 20.0, 4.0, 20.0, 0.0, 8.0, 8.0, 8.0, 8.0, 8.0, 4.0, 4.0, 20.0, 0.0, 0.0, 8.0, 4.0, 4.0, 4.0, 20.0, 8.0, 8.0, 0.0, 8.0, 4.0, 4.0]",61.07,61.07,26,mn8370qr,,,,,0
15,5g1om6y0,,0,308,307,post_exp,FinalForProlific,2026-05-20 19:25:41.271633,1,,,6308.0,3,,0.0,957560c7-bf61-4449-bb07-a260f24dc622,3899.7000000000003,15.0,4.0,60.0,3959.7000000000003,,2600.0,20.0,,,,,0.0,0,,,3,32f83e1a-8f9b-4533-82cc-9d1a1ceded46,https://london-trader-6b45bffdcd02.herokuapp.com,wss://london-trader-6b45bffdcd02.herokuapp.com,,1,4,ghp,gamified,human_only,0.0,0,15,"[8.0, 4.0, 20.0, 8.0, 8.0, 20.0, 20.0, 4.0, 20.0, 4.0, 20.0, 0.0, 8.0, 8.0, 8.0, 8.0, 8.0, 4.0, 4.0, 20.0, 0.0, 0.0, 8.0, 4.0, 4.0, 4.0, 20.0, 8.0, 8.0, 0.0, 8.0, 4.0, 4.0]",61.07,61.07,26,mn8370qr,,,,,0
16,ry1l466x,,0,308,307,post_exp,FinalForProlific,2026-05-20 19:25:41.277077,1,,,5341.0,4,,0.0,b708290f-ab81-4247-b84a-d9e1a961e73f,4453.9,11.0,4.0,44.0,4497.9,,3800.0,10.0,,,,,0.0,0,,,3,32f83e1a-8f9b-4533-82cc-9d1a1ceded46,https://london-trader-6b45bffdcd02.herokuapp.com,wss://london-trader-6b45bffdcd02.herokuapp.com,,1,4,ghp,gamified,human_only,0.0,0,15,"[8.0, 4.0, 20.0, 8.0, 8.0, 20.0, 20.0, 4.0, 20.0, 4.0, 20.0, 0.0, 8.0, 8.0, 8.0, 8.0, 8.0, 4.0, 4.0, 20.0, 0.0, 0.0, 8.0, 4.0, 4.0, 4.0, 20.0, 8.0, 8.0, 0.0, 8.0, 4.0, 4.0]",61.07,61.07,26,mn8370qr,,,,,0
1,e4rzuiqc,,0,308,307,post_exp,FinalForProlific,2026-05-20 19:25:41.187444,1,,,5538.0,1,,0.0,e587d9fc-8b60-4d5e-94d5-3b29caa7cace,4289.0,13.0,20.0,260.0,4549.0,,2600.0,20.0,0.0,0,,35.0,0.0,1,,,1,b86ad8e8-b0f6-4578-8e02-b4a87378a89d,https://london-trader-6b45bffdcd02.herokuapp.com,wss://london-trader-6b45bffdcd02.herokuapp.com,,1,6,gh,hedonic_only,human_only,0.0,0,15,"[8.0, 4.0, 20.0, 8.0, 8.0, 20.0, 20.0, 4.0, 20.0, 4.0, 20.0, 0.0, 8.0, 8.0, 8.0, 8.0, 8.0, 4.0, 4.0, 20.0, 0.0, 0.0, 8.0, 4.0, 4.0, 4.0, 20.0, 8.0, 8.0, 0.0, 8.0, 4.0, 4.0]",47.5,47.5,27,mn8370qr,,,,,0
2,j6o1gu35,,0,308,307,post_exp,FinalForProlific,2026-05-20 19:25:41.199388,1,,,1136.0,2,,0.0,2687126f-035a-4f5c-9b79-40117776a123,2281.0,29.0,20.0,580.0,2861.0,,3800.0,10.0,0.0,0,,35.0,0.0,1,,,1,b86ad8e8-b0f6-4578-8e02-b4a87378a89d,https://london-trader-6b45bffdcd02.herokuapp.com,wss://london-trader-6b45bffdcd02.herokuapp.com,,1,6,gh,hedonic_only,human_only,0.0,0,15,"[8.0, 4.0, 20.0, 8.0, 8.0, 20.0, 20.0, 4.0, 20.0, 4.0, 20.0, 0.0, 8.0, 8.0, 8.0, 8.0, 8.0, 4.0, 4.0, 20.0, 0.0, 0.0, 8.0, 4.0, 4.0, 4.0, 20.0, 8.0, 8.0, 0.0, 8.0, 4.0, 4.0]",47.5,47.5,27,mn8370qr,,,,,0
3,z9n52ebr,,0,308,307,post_exp,FinalForProlific,2026-05-20 19:25:41.205068,1,,,5326.0,3,,0.0,e2aa12cd-48ec-4b85-a4ed-c4fc7b454ddf,4194.5,15.0,20.0,300.0,4494.5,,2600.0,20.0,30.0,5,"{""forecast_price_next_day"":30,""forecast_confidence_next_day"":5}",35.0,0.0,1,,,1,b86ad8e8-b0f6-4578-8e02-b4a87378a89d,https://london-trader-6b45bffdcd02.herokuapp.com,wss://london-trader-6b45bffdcd02.herokuapp.com,,1,6,gh,hedonic_only,human_only,0.0,0,15,"[8.0, 4.0, 20.0, 8.0, 8.0, 20.0, 20.0, 4.0, 20.0, 4.0, 20.0, 0.0, 8.0, 8.0, 8.0, 8.0, 8.0, 4.0, 4.0, 20.0, 0.0, 0.0, 8.0, 4.0, 4.0, 4.0, 20.0, 8.0, 8.0, 0.0, 8.0, 4.0, 4.0]",47.5,47.5,27,mn8370qr,,,,,0
4,lh92b709,,0,308,307,post_exp,FinalForProlific,2026-05-20 19:25:41.210764,1,,,5744.0,4,,0.0,408a9933-2d73-49af-a89e-1257e848a4cf,4002.0,15.0,20.0,300.0,4302.0,,3800.0,10.0,40.0,3,"{""forecast_price_next_day"":40,""forecast_confidence_next_day"":3}",35.0,0.0,1,,,1,b86ad8e8-b0f6-4578-8e02-b4a87378a89d,https://london-trader-6b45bffdcd02.herokuapp.com,wss://london-trader-6b45bffdcd02.herokuapp.com,,1,6,gh,hedonic_only,human_only,0.0,0,15,"[8.0, 4.0, 20.0, 8.0, 8.0, 20.0, 20.0, 4.0, 20.0, 4.0, 20.0, 0.0, 8.0, 8.0, 8.0, 8.0, 8.0, 4.0, 4.0, 20.0, 0.0, 0.0, 8.0, 4.0, 4.0, 4.0, 20.0, 8.0, 8.0, 0.0, 8.0, 4.0, 4.0]",47.5,47.5,27,mn8370qr,,,,,0
5,729v3r7i,,0,308,307,post_exp,FinalForProlific,2026-05-20 19:25:41.216438,1,,,5824.0,5,,0.0,85c25fb0-b87a-41cb-a477-b786b6785b79,3788.5,19.0,20.0,380.0,4168.5,,2600.0,20.0,50.0,4,"{""forecast_price_next_day"":50,""forecast_confidence_next_day"":4}",35.0,0.0,1,,,1,b86ad8e8-b0f6-4578-8e02-b4a87378a89d,https://london-trader-6b45bffdcd02.herokuapp.com,wss://london-trader-6b45bffdcd02.herokuapp.com,,1,6,gh,hedonic_only,human_only,0.0,0,15,"[8.0, 4.0, 20.0, 8.0, 8.0, 20.0, 20.0, 4.0, 20.0, 4.0, 20.0, 0.0, 8.0, 8.0, 8.0, 8.0, 8.0, 4.0, 4.0, 20.0, 0.0, 0.0, 8.0, 4.0, 4.0, 4.0, 20.0, 8.0, 8.0, 0.0, 8.0, 4.0, 4.0]",47.5,47.5,27,mn8370qr,,,,,0
6,aac2mc3k,,0,308,307,post_exp,FinalForProlific,2026-05-20 19:25:41.222017,1,,,5288.0,6,,0.0,274b90df-f4ee-4a06-b02e-fef62796b15f,4737.0,5.0,20.0,100.0,4837.0,,3800.0,10.0,20.0,4,"{""forecast_price_next_day"":20,""forecast_confidence_next_day"":4}",35.0,0.0,1,,,1,b86ad8e8-b0f6-4578-8e02-b4a87378a89d,https://london-trader-6b45bffdcd02.herokuapp.com,wss://london-trader-6b45bffdcd02.herokuapp.com,,1,6,gh,hedonic_only,human_only,0.0,0,15,"[8.0, 4.0, 20.0, 8.0, 8.0, 20.0, 20.0, 4.0, 20.0, 4.0, 20.0, 0.0, 8.0, 8.0, 8.0, 8.0, 8.0, 4.0, 4.0, 20.0, 0.0, 0.0, 8.0, 4.0, 4.0, 4.0, 20.0, 8.0, 8.0, 0.0, 8.0, 4.0, 4.0]",47.5,47.5,27,mn8370qr,,,,,0
7,bs9r1rdm,,0,308,307,post_exp,FinalForProlific,2026-05-20 19:25:41.227334,1,,,4422.0,1,,0.0,bb1de49e-9922-4e51-bf38-42f79bfa10dd,3999.3100000000013,8.0,20.0,160.0,4159.310000000001,,2600.0,20.0,38.0,2,"{""forecast_price_next_day"":38,""forecast_confidence_next_day"":2}",33.0,0.0,1,,,2,aeea46bb-84ad-409e-b595-5f1ae9d39ed9,https://london-trader-6b45bffdcd02.herokuapp.com,wss://london-trader-6b45bffdcd02.herokuapp.com,,1,6,gp,info_only,human_only,0.0,0,15,"[8.0, 4.0, 20.0, 8.0, 8.0, 20.0, 20.0, 4.0, 20.0, 4.0, 20.0, 0.0, 8.0, 8.0, 8.0, 8.0, 8.0, 4.0, 4.0, 20.0, 0.0, 0.0, 8.0, 4.0, 4.0, 4.0, 20.0, 8.0, 8.0, 0.0, 8.0, 4.0, 4.0]",38.0,38.0,27,mn8370qr,,,,,0
8,9uh6p1vm,,0,308,307,post_exp,FinalForProlific,2026-05-20 19:25:41.233246,1,,,5926.0,2,,0.0,3cc0e1ca-01ec-458e-a73f-5f979015e052,4325.1900000000005,9.0,20.0,180.0,4505.1900000000005,,3800.0,10.0,35.0,3,"{""forecast_price_next_day"":35,""forecast_confidence_next_day"":3}",33.0,0.0,1,,,2,aeea46bb-84ad-409e-b595-5f1ae9d39ed9,https://london-trader-6b45bffdcd02.herokuapp.com,wss://london-trader-6b45bffdcd02.herokuapp.com,,1,6,gp,info_only,human_only,0.0,0,15,"[8.0, 4.0, 20.0, 8.0, 8.0, 20.0, 20.0, 4.0, 20.0, 4.0, 20.0, 0.0, 8.0, 8.0, 8.0, 8.0, 8.0, 4.0, 4.0, 20.0, 0.0, 0.0, 8.0, 4.0, 4.0, 4.0, 20.0, 8.0, 8.0, 0.0, 8.0, 4.0, 4.0]",38.0,38.0,27,mn8370qr,,,,,0
9,kb2z64e8,,0,308,307,post_exp,FinalForProlific,2026-05-20 19:25:41.238889,1,,,6101.0,3,,0.0,a415b3a2-d76d-4f31-8ddd-bdf441257d88,3733.4300000000003,20.0,20.0,400.0,4133.43,,2600.0,20.0,40.0,5,"{""forecast_price_next_day"":40,""forecast_confidence_next_day"":5}",33.0,0.0,1,,,2,aeea46bb-84ad-409e-b595-5f1ae9d39ed9,https://london-trader-6b45bffdcd02.herokuapp.com,wss://london-trader-6b45bffdcd02.herokuapp.com,,1,6,gp,info_only,human_only,0.0,0,15,"[8.0, 4.0, 20.0, 8.0, 8.0, 20.0, 20.0, 4.0, 20.0, 4.0, 20.0, 0.0, 8.0, 8.0, 8.0, 8.0, 8.0, 4.0, 4.0, 20.0, 0.0, 0.0, 8.0, 4.0, 4.0, 4.0, 20.0, 8.0, 8.0, 0.0, 8.0, 4.0, 4.0]",38.0,38.0,27,mn8370qr,,,,,0
10,ai0il249,,0,308,307,post_exp,FinalForProlific,2026-05-20 19:25:41.244342,1,,,5172.0,4,,0.0,bd8df300-e107-4fb6-a1a9-1ee4f9ce263f,3459.5,30.0,20.0,600.0,4059.5,,3800.0,10.0,40.0,3,"{""forecast_price_next_day"":39.5,""forecast_confidence_next_day"":3}",33.0,0.0,1,,,2,aeea46bb-84ad-409e-b595-5f1ae9d39ed9,https://london-trader-6b45bffdcd02.herokuapp.com,wss://london-trader-6b45bffdcd02.herokuapp.com,,1,6,gp,info_only,human_only,0.0,0,15,"[8.0, 4.0, 20.0, 8.0, 8.0, 20.0, 20.0, 4.0, 20.0, 4.0, 20.0, 0.0, 8.0, 8.0, 8.0, 8.0, 8.0, 4.0, 4.0, 20.0, 0.0, 0.0, 8.0, 4.0, 4.0, 4.0, 20.0, 8.0, 8.0, 0.0, 8.0, 4.0, 4.0]",38.0,38.0,27,mn8370qr,,,,,0
11,pqnknbrr,,0,308,307,post_exp,FinalForProlific,2026-05-20 19:25:41.249954,1,,,4810.0,5,,0.0,0dfc44c4-9a29-46a9-8b14-42a4bda28f5c,3090.8399999999992,35.0,20.0,700.0,3790.8399999999992,,2600.0,20.0,50.0,2,"{""forecast_price_next_day"":50,""forecast_confidence_next_day"":2}",33.0,0.0,1,,,2,aeea46bb-84ad-409e-b595-5f1ae9d39ed9,https://london-trader-6b45bffdcd02.herokuapp.com,wss://london-trader-6b45bffdcd02.herokuapp.com,,1,6,gp,info_only,human_only,0.0,0,15,"[8.0, 4.0, 20.0, 8.0, 8.0, 20.0, 20.0, 4.0, 20.0, 4.0, 20.0, 0.0, 8.0, 8.0, 8.0, 8.0, 8.0, 4.0, 4.0, 20.0, 0.0, 0.0, 8.0, 4.0, 4.0, 4.0, 20.0, 8.0, 8.0, 0.0, 8.0, 4.0, 4.0]",38.0,38.0,27,mn8370qr,,,,,0
12,whc9aveo,,0,308,307,post_exp,FinalForProlific,2026-05-20 19:25:41.255262,1,,,6139.0,6,,0.0,b36c610c-8e4d-4bcb-b3bf-9233bc19bd59,4807.73,4.0,20.0,80.0,4887.73,,3800.0,10.0,50.0,4,"{""forecast_price_next_day"":50,""forecast_confidence_next_day"":4}",33.0,0.0,1,,,2,aeea46bb-84ad-409e-b595-5f1ae9d39ed9,https://london-trader-6b45bffdcd02.herokuapp.com,wss://london-trader-6b45bffdcd02.herokuapp.com,,1,6,gp,info_only,human_only,0.0,0,15,"[8.0, 4.0, 20.0, 8.0, 8.0, 20.0, 20.0, 4.0, 20.0, 4.0, 20.0, 0.0, 8.0, 8.0, 8.0, 8.0, 8.0, 4.0, 4.0, 20.0, 0.0, 0.0, 8.0, 4.0, 4.0, 4.0, 20.0, 8.0, 8.0, 0.0, 8.0, 4.0, 4.0]",38.0,38.0,27,mn8370qr,,,,,0
13,51q1wtqi,,0,308,307,post_exp,FinalForProlific,2026-05-20 19:25:41.260557,1,,,6081.0,1,,0.0,0500554f-6ad6-4d90-b416-d094e1c2d6fa,5042.85,0.0,20.0,0.0,5042.85,,2600.0,20.0,50.0,4,"{""forecast_price_next_day"":50,""forecast_confidence_next_day"":4}",47.32,0.0,1,,,3,32f83e1a-8f9b-4533-82cc-9d1a1ceded46,https://london-trader-6b45bffdcd02.herokuapp.com,wss://london-trader-6b45bffdcd02.herokuapp.com,,1,4,ghp,gamified,human_only,0.0,0,15,"[8.0, 4.0, 20.0, 8.0, 8.0, 20.0, 20.0, 4.0, 20.0, 4.0, 20.0, 0.0, 8.0, 8.0, 8.0, 8.0, 8.0, 4.0, 4.0, 20.0, 0.0, 0.0, 8.0, 4.0, 4.0, 4.0, 20.0, 8.0, 8.0, 0.0, 8.0, 4.0, 4.0]",60.0,60.0,27,mn8370qr,,,,,0
14,q9v4q54j,,0,308,307,post_exp,FinalForProlific,2026-05-20 19:25:41.266013,1,,,4846.0,2,,0.0,d2123171-a761-420f-9ca0-9fc0a54b2e13,1985.5500000000002,40.0,20.0,800.0,2785.55,,3800.0,10.0,58.0,4,"{""forecast_price_next_day"":58,""forecast_confidence_next_day"":4}",47.32,0.0,1,,,3,32f83e1a-8f9b-4533-82cc-9d1a1ceded46,https://london-trader-6b45bffdcd02.herokuapp.com,wss://london-trader-6b45bffdcd02.herokuapp.com,,1,4,ghp,gamified,human_only,0.0,0,15,"[8.0, 4.0, 20.0, 8.0, 8.0, 20.0, 20.0, 4.0, 20.0, 4.0, 20.0, 0.0, 8.0, 8.0, 8.0, 8.0, 8.0, 4.0, 4.0, 20.0, 0.0, 0.0, 8.0, 4.0, 4.0, 4.0, 20.0, 8.0, 8.0, 0.0, 8.0, 4.0, 4.0]",60.0,60.0,27,mn8370qr,,,,,0
15,5g1om6y0,,0,308,307,post_exp,FinalForProlific,2026-05-20 19:25:41.271633,1,,,6308.0,3,,0.0,957560c7-bf61-4449-bb07-a260f24dc622,3959.7000000000007,18.0,20.0,360.0,4319.700000000001,,2600.0,20.0,0.0,0,,47.32,0.0,1,,,3,32f83e1a-8f9b-4533-82cc-9d1a1ceded46,https://london-trader-6b45bffdcd02.herokuapp.com,wss://london-trader-6b45bffdcd02.herokuapp.com,,1,4,ghp,gamified,human_only,0.0,0,15,"[8.0, 4.0, 20.0, 8.0, 8.0, 20.0, 20.0, 4.0, 20.0, 4.0, 20.0, 0.0, 8.0, 8.0, 8.0, 8.0, 8.0, 4.0, 4.0, 20.0, 0.0, 0.0, 8.0, 4.0, 4.0, 4.0, 20.0, 8.0, 8.0, 0.0, 8.0, 4.0, 4.0]",60.0,60.0,27,mn8370qr,,,,,0
16,ry1l466x,,0,308,307,post_exp,FinalForProlific,2026-05-20 19:25:41.277077,1,,,5341.0,4,,0.0,b708290f-ab81-4247-b84a-d9e1a961e73f,4671.9,6.0,20.0,120.0,4791.9,,3800.0,10.0,48.0,5,"{""forecast_price_next_day"":48,""forecast_confidence_next_day"":5}",47.32,20.0,1,,,3,32f83e1a-8f9b-4533-82cc-9d1a1ceded46,https://london-trader-6b45bffdcd02.herokuapp.com,wss://london-trader-6b45bffdcd02.herokuapp.com,,1,4,ghp,gamified,human_only,0.0,0,15,"[8.0, 4.0, 20.0, 8.0, 8.0, 20.0, 20.0, 4.0, 20.0, 4.0, 20.0, 0.0, 8.0, 8.0, 8.0, 8.0, 8.0, 4.0, 4.0, 20.0, 0.0, 0.0, 8.0, 4.0, 4.0, 4.0, 20.0, 8.0, 8.0, 0.0, 8.0, 4.0, 4.0]",60.0,60.0,27,mn8370qr,,,,,0
1,e4rzuiqc,,0,308,307,post_exp,FinalForProlific,2026-05-20 19:25:41.187444,1,,,5538.0,1,,0.0,e587d9fc-8b60-4d5e-94d5-3b29caa7cace,4514.0,16.0,8.0,128.0,4642.0,,2600.0,20.0,,,,,0.0,0,,,1,b86ad8e8-b0f6-4578-8e02-b4a87378a89d,https://london-trader-6b45bffdcd02.herokuapp.com,wss://london-trader-6b45bffdcd02.herokuapp.com,,1,6,gh,hedonic_only,human_only,0.0,0,15,"[8.0, 4.0, 20.0, 8.0, 8.0, 20.0, 20.0, 4.0, 20.0, 4.0, 20.0, 0.0, 8.0, 8.0, 8.0, 8.0, 8.0, 4.0, 4.0, 20.0, 0.0, 0.0, 8.0, 4.0, 4.0, 4.0, 20.0, 8.0, 8.0, 0.0, 8.0, 4.0, 4.0]",35.0,35.0,28,mn8370qr,,,,,0
2,j6o1gu35,,0,308,307,post_exp,FinalForProlific,2026-05-20 19:25:41.199388,1,,,1136.0,2,,0.0,2687126f-035a-4f5c-9b79-40117776a123,2718.5,34.0,8.0,272.0,2990.5,,3800.0,10.0,,,,,0.0,0,,,1,b86ad8e8-b0f6-4578-8e02-b4a87378a89d,https://london-trader-6b45bffdcd02.herokuapp.com,wss://london-trader-6b45bffdcd02.herokuapp.com,,1,6,gh,hedonic_only,human_only,0.0,0,15,"[8.0, 4.0, 20.0, 8.0, 8.0, 20.0, 20.0, 4.0, 20.0, 4.0, 20.0, 0.0, 8.0, 8.0, 8.0, 8.0, 8.0, 4.0, 4.0, 20.0, 0.0, 0.0, 8.0, 4.0, 4.0, 4.0, 20.0, 8.0, 8.0, 0.0, 8.0, 4.0, 4.0]",35.0,35.0,28,mn8370qr,,,,,0
3,z9n52ebr,,0,308,307,post_exp,FinalForProlific,2026-05-20 19:25:41.205068,1,,,5326.0,3,,0.0,e2aa12cd-48ec-4b85-a4ed-c4fc7b454ddf,4474.5,16.0,8.0,128.0,4602.5,,2600.0,20.0,,,,,0.0,0,,,1,b86ad8e8-b0f6-4578-8e02-b4a87378a89d,https://london-trader-6b45bffdcd02.herokuapp.com,wss://london-trader-6b45bffdcd02.herokuapp.com,,1,6,gh,hedonic_only,human_only,0.0,0,15,"[8.0, 4.0, 20.0, 8.0, 8.0, 20.0, 20.0, 4.0, 20.0, 4.0, 20.0, 0.0, 8.0, 8.0, 8.0, 8.0, 8.0, 4.0, 4.0, 20.0, 0.0, 0.0, 8.0, 4.0, 4.0, 4.0, 20.0, 8.0, 8.0, 0.0, 8.0, 4.0, 4.0]",35.0,35.0,28,mn8370qr,,,,,0
4,lh92b709,,0,308,307,post_exp,FinalForProlific,2026-05-20 19:25:41.210764,1,,,5744.0,4,,0.0,408a9933-2d73-49af-a89e-1257e848a4cf,4347.0,15.0,8.0,120.0,4467.0,,3800.0,10.0,,,,,0.0,0,,,1,b86ad8e8-b0f6-4578-8e02-b4a87378a89d,https://london-trader-6b45bffdcd02.herokuapp.com,wss://london-trader-6b45bffdcd02.herokuapp.com,,1,6,gh,hedonic_only,human_only,0.0,0,15,"[8.0, 4.0, 20.0, 8.0, 8.0, 20.0, 20.0, 4.0, 20.0, 4.0, 20.0, 0.0, 8.0, 8.0, 8.0, 8.0, 8.0, 4.0, 4.0, 20.0, 0.0, 0.0, 8.0, 4.0, 4.0, 4.0, 20.0, 8.0, 8.0, 0.0, 8.0, 4.0, 4.0]",35.0,35.0,28,mn8370qr,,,,,0
5,729v3r7i,,0,308,307,post_exp,FinalForProlific,2026-05-20 19:25:41.216438,1,,,5824.0,5,,0.0,85c25fb0-b87a-41cb-a477-b786b6785b79,4276.0,14.0,8.0,112.0,4388.0,,2600.0,20.0,,,,,0.0,0,,,1,b86ad8e8-b0f6-4578-8e02-b4a87378a89d,https://london-trader-6b45bffdcd02.herokuapp.com,wss://london-trader-6b45bffdcd02.herokuapp.com,,1,6,gh,hedonic_only,human_only,0.0,0,15,"[8.0, 4.0, 20.0, 8.0, 8.0, 20.0, 20.0, 4.0, 20.0, 4.0, 20.0, 0.0, 8.0, 8.0, 8.0, 8.0, 8.0, 4.0, 4.0, 20.0, 0.0, 0.0, 8.0, 4.0, 4.0, 4.0, 20.0, 8.0, 8.0, 0.0, 8.0, 4.0, 4.0]",35.0,35.0,28,mn8370qr,,,,,0
6,aac2mc3k,,0,308,307,post_exp,FinalForProlific,2026-05-20 19:25:41.222017,1,,,5288.0,6,,0.0,274b90df-f4ee-4a06-b02e-fef62796b15f,4882.0,4.0,8.0,32.0,4914.0,,3800.0,10.0,,,,,0.0,0,,,1,b86ad8e8-b0f6-4578-8e02-b4a87378a89d,https://london-trader-6b45bffdcd02.herokuapp.com,wss://london-trader-6b45bffdcd02.herokuapp.com,,1,6,gh,hedonic_only,human_only,0.0,0,15,"[8.0, 4.0, 20.0, 8.0, 8.0, 20.0, 20.0, 4.0, 20.0, 4.0, 20.0, 0.0, 8.0, 8.0, 8.0, 8.0, 8.0, 4.0, 4.0, 20.0, 0.0, 0.0, 8.0, 4.0, 4.0, 4.0, 20.0, 8.0, 8.0, 0.0, 8.0, 4.0, 4.0]",35.0,35.0,28,mn8370qr,,,,,0
7,bs9r1rdm,,0,308,307,post_exp,FinalForProlific,2026-05-20 19:25:41.227334,1,,,4422.0,1,,0.0,bb1de49e-9922-4e51-bf38-42f79bfa10dd,4224.310000000001,5.0,8.0,40.0,4264.310000000001,,2600.0,20.0,,,,,0.0,0,,,2,aeea46bb-84ad-409e-b595-5f1ae9d39ed9,https://london-trader-6b45bffdcd02.herokuapp.com,wss://london-trader-6b45bffdcd02.herokuapp.com,,1,6,gp,info_only,human_only,0.0,0,15,"[8.0, 4.0, 20.0, 8.0, 8.0, 20.0, 20.0, 4.0, 20.0, 4.0, 20.0, 0.0, 8.0, 8.0, 8.0, 8.0, 8.0, 4.0, 4.0, 20.0, 0.0, 0.0, 8.0, 4.0, 4.0, 4.0, 20.0, 8.0, 8.0, 0.0, 8.0, 4.0, 4.0]",33.0,33.0,28,mn8370qr,,,,,0
8,9uh6p1vm,,0,308,307,post_exp,FinalForProlific,2026-05-20 19:25:41.233246,1,,,5926.0,2,,0.0,3cc0e1ca-01ec-458e-a73f-5f979015e052,4548.1900000000005,7.0,8.0,56.0,4604.1900000000005,,3800.0,10.0,,,,,0.0,0,,,2,aeea46bb-84ad-409e-b595-5f1ae9d39ed9,https://london-trader-6b45bffdcd02.herokuapp.com,wss://london-trader-6b45bffdcd02.herokuapp.com,,1,6,gp,info_only,human_only,0.0,0,15,"[8.0, 4.0, 20.0, 8.0, 8.0, 20.0, 20.0, 4.0, 20.0, 4.0, 20.0, 0.0, 8.0, 8.0, 8.0, 8.0, 8.0, 4.0, 4.0, 20.0, 0.0, 0.0, 8.0, 4.0, 4.0, 4.0, 20.0, 8.0, 8.0, 0.0, 8.0, 4.0, 4.0]",33.0,33.0,28,mn8370qr,,,,,0
9,kb2z64e8,,0,308,307,post_exp,FinalForProlific,2026-05-20 19:25:41.238889,1,,,6101.0,3,,0.0,a415b3a2-d76d-4f31-8ddd-bdf441257d88,4126.43,22.0,8.0,176.0,4302.43,,2600.0,20.0,,,,,0.0,0,,,2,aeea46bb-84ad-409e-b595-5f1ae9d39ed9,https://london-trader-6b45bffdcd02.herokuapp.com,wss://london-trader-6b45bffdcd02.herokuapp.com,,1,6,gp,info_only,human_only,0.0,0,15,"[8.0, 4.0, 20.0, 8.0, 8.0, 20.0, 20.0, 4.0, 20.0, 4.0, 20.0, 0.0, 8.0, 8.0, 8.0, 8.0, 8.0, 4.0, 4.0, 20.0, 0.0, 0.0, 8.0, 4.0, 4.0, 4.0, 20.0, 8.0, 8.0, 0.0, 8.0, 4.0, 4.0]",33.0,33.0,28,mn8370qr,,,,,0
10,ai0il249,,0,308,307,post_exp,FinalForProlific,2026-05-20 19:25:41.244342,1,,,5172.0,4,,0.0,bd8df300-e107-4fb6-a1a9-1ee4f9ce263f,3995.5,33.0,8.0,264.0,4259.5,,3800.0,10.0,,,,,0.0,0,,,2,aeea46bb-84ad-409e-b595-5f1ae9d39ed9,https://london-trader-6b45bffdcd02.herokuapp.com,wss://london-trader-6b45bffdcd02.herokuapp.com,,1,6,gp,info_only,human_only,0.0,0,15,"[8.0, 4.0, 20.0, 8.0, 8.0, 20.0, 20.0, 4.0, 20.0, 4.0, 20.0, 0.0, 8.0, 8.0, 8.0, 8.0, 8.0, 4.0, 4.0, 20.0, 0.0, 0.0, 8.0, 4.0, 4.0, 4.0, 20.0, 8.0, 8.0, 0.0, 8.0, 4.0, 4.0]",33.0,33.0,28,mn8370qr,,,,,0
11,pqnknbrr,,0,308,307,post_exp,FinalForProlific,2026-05-20 19:25:41.249954,1,,,4810.0,5,,0.0,0dfc44c4-9a29-46a9-8b14-42a4bda28f5c,3896.3399999999992,23.0,8.0,184.0,4080.3399999999992,,2600.0,20.0,,,,,0.0,0,,,2,aeea46bb-84ad-409e-b595-5f1ae9d39ed9,https://london-trader-6b45bffdcd02.herokuapp.com,wss://london-trader-6b45bffdcd02.herokuapp.com,,1,6,gp,info_only,human_only,0.0,0,15,"[8.0, 4.0, 20.0, 8.0, 8.0, 20.0, 20.0, 4.0, 20.0, 4.0, 20.0, 0.0, 8.0, 8.0, 8.0, 8.0, 8.0, 4.0, 4.0, 20.0, 0.0, 0.0, 8.0, 4.0, 4.0, 4.0, 20.0, 8.0, 8.0, 0.0, 8.0, 4.0, 4.0]",33.0,33.0,28,mn8370qr,,,,,0
12,whc9aveo,,0,308,307,post_exp,FinalForProlific,2026-05-20 19:25:41.255262,1,,,6139.0,6,,0.0,b36c610c-8e4d-4bcb-b3bf-9233bc19bd59,4745.23,8.0,8.0,64.0,4809.23,,3800.0,10.0,,,,,0.0,0,,,2,aeea46bb-84ad-409e-b595-5f1ae9d39ed9,https://london-trader-6b45bffdcd02.herokuapp.com,wss://london-trader-6b45bffdcd02.herokuapp.com,,1,6,gp,info_only,human_only,0.0,0,15,"[8.0, 4.0, 20.0, 8.0, 8.0, 20.0, 20.0, 4.0, 20.0, 4.0, 20.0, 0.0, 8.0, 8.0, 8.0, 8.0, 8.0, 4.0, 4.0, 20.0, 0.0, 0.0, 8.0, 4.0, 4.0, 4.0, 20.0, 8.0, 8.0, 0.0, 8.0, 4.0, 4.0]",33.0,33.0,28,mn8370qr,,,,,0
13,51q1wtqi,,0,308,307,post_exp,FinalForProlific,2026-05-20 19:25:41.260557,1,,,6081.0,1,,0.0,0500554f-6ad6-4d90-b416-d094e1c2d6fa,5042.85,0.0,8.0,0.0,5042.85,,2600.0,20.0,,,,,0.0,0,,,3,32f83e1a-8f9b-4533-82cc-9d1a1ceded46,https://london-trader-6b45bffdcd02.herokuapp.com,wss://london-trader-6b45bffdcd02.herokuapp.com,,1,4,ghp,gamified,human_only,0.0,0,15,"[8.0, 4.0, 20.0, 8.0, 8.0, 20.0, 20.0, 4.0, 20.0, 4.0, 20.0, 0.0, 8.0, 8.0, 8.0, 8.0, 8.0, 4.0, 4.0, 20.0, 0.0, 0.0, 8.0, 4.0, 4.0, 4.0, 20.0, 8.0, 8.0, 0.0, 8.0, 4.0, 4.0]",47.32,47.32,28,mn8370qr,,,,,0
14,q9v4q54j,,0,308,307,post_exp,FinalForProlific,2026-05-20 19:25:41.266013,1,,,4846.0,2,,0.0,d2123171-a761-420f-9ca0-9fc0a54b2e13,2964.4900000000002,35.0,8.0,280.0,3244.4900000000002,,3800.0,10.0,,,,,0.0,0,,,3,32f83e1a-8f9b-4533-82cc-9d1a1ceded46,https://london-trader-6b45bffdcd02.herokuapp.com,wss://london-trader-6b45bffdcd02.herokuapp.com,,1,4,ghp,gamified,human_only,0.0,0,15,"[8.0, 4.0, 20.0, 8.0, 8.0, 20.0, 20.0, 4.0, 20.0, 4.0, 20.0, 0.0, 8.0, 8.0, 8.0, 8.0, 8.0, 4.0, 4.0, 20.0, 0.0, 0.0, 8.0, 4.0, 4.0, 4.0, 20.0, 8.0, 8.0, 0.0, 8.0, 4.0, 4.0]",47.32,47.32,28,mn8370qr,,,,,0
15,5g1om6y0,,0,308,307,post_exp,FinalForProlific,2026-05-20 19:25:41.271633,1,,,6308.0,3,,0.0,957560c7-bf61-4449-bb07-a260f24dc622,4140.760000000001,19.0,8.0,152.0,4292.760000000001,,2600.0,20.0,,,,,0.0,0,,,3,32f83e1a-8f9b-4533-82cc-9d1a1ceded46,https://london-trader-6b45bffdcd02.herokuapp.com,wss://london-trader-6b45bffdcd02.herokuapp.com,,1,4,ghp,gamified,human_only,0.0,0,15,"[8.0, 4.0, 20.0, 8.0, 8.0, 20.0, 20.0, 4.0, 20.0, 4.0, 20.0, 0.0, 8.0, 8.0, 8.0, 8.0, 8.0, 4.0, 4.0, 20.0, 0.0, 0.0, 8.0, 4.0, 4.0, 4.0, 20.0, 8.0, 8.0, 0.0, 8.0, 4.0, 4.0]",47.32,47.32,28,mn8370qr,,,,,0
16,ry1l466x,,0,308,307,post_exp,FinalForProlific,2026-05-20 19:25:41.277077,1,,,5341.0,4,,0.0,b708290f-ab81-4247-b84a-d9e1a961e73f,4791.9,9.0,8.0,72.0,4863.9,,3800.0,10.0,,,,,0.0,0,,,3,32f83e1a-8f9b-4533-82cc-9d1a1ceded46,https://london-trader-6b45bffdcd02.herokuapp.com,wss://london-trader-6b45bffdcd02.herokuapp.com,,1,4,ghp,gamified,human_only,0.0,0,15,"[8.0, 4.0, 20.0, 8.0, 8.0, 20.0, 20.0, 4.0, 20.0, 4.0, 20.0, 0.0, 8.0, 8.0, 8.0, 8.0, 8.0, 4.0, 4.0, 20.0, 0.0, 0.0, 8.0, 4.0, 4.0, 4.0, 20.0, 8.0, 8.0, 0.0, 8.0, 4.0, 4.0]",47.32,47.32,28,mn8370qr,,,,,0
1,e4rzuiqc,,0,308,307,post_exp,FinalForProlific,2026-05-20 19:25:41.187444,1,,,5538.0,1,,0.0,e587d9fc-8b60-4d5e-94d5-3b29caa7cace,4630.62,16.0,8.0,128.0,4758.62,,2600.0,20.0,,,,,0.0,0,,,1,b86ad8e8-b0f6-4578-8e02-b4a87378a89d,https://london-trader-6b45bffdcd02.herokuapp.com,wss://london-trader-6b45bffdcd02.herokuapp.com,,1,6,gh,hedonic_only,human_only,0.0,0,15,"[8.0, 4.0, 20.0, 8.0, 8.0, 20.0, 20.0, 4.0, 20.0, 4.0, 20.0, 0.0, 8.0, 8.0, 8.0, 8.0, 8.0, 4.0, 4.0, 20.0, 0.0, 0.0, 8.0, 4.0, 4.0, 4.0, 20.0, 8.0, 8.0, 0.0, 8.0, 4.0, 4.0]",17.5,17.5,29,mn8370qr,,,,,0
2,j6o1gu35,,0,308,307,post_exp,FinalForProlific,2026-05-20 19:25:41.199388,1,,,1136.0,2,,0.0,2687126f-035a-4f5c-9b79-40117776a123,2879.74,42.0,8.0,336.0,3215.74,,3800.0,10.0,,,,,0.0,0,,,1,b86ad8e8-b0f6-4578-8e02-b4a87378a89d,https://london-trader-6b45bffdcd02.herokuapp.com,wss://london-trader-6b45bffdcd02.herokuapp.com,,1,6,gh,hedonic_only,human_only,0.0,0,15,"[8.0, 4.0, 20.0, 8.0, 8.0, 20.0, 20.0, 4.0, 20.0, 4.0, 20.0, 0.0, 8.0, 8.0, 8.0, 8.0, 8.0, 4.0, 4.0, 20.0, 0.0, 0.0, 8.0, 4.0, 4.0, 4.0, 20.0, 8.0, 8.0, 0.0, 8.0, 4.0, 4.0]",17.5,17.5,29,mn8370qr,,,,,0
3,z9n52ebr,,0,308,307,post_exp,FinalForProlific,2026-05-20 19:25:41.205068,1,,,5326.0,3,,0.0,e2aa12cd-48ec-4b85-a4ed-c4fc7b454ddf,4649.01,10.0,8.0,80.0,4729.01,,2600.0,20.0,,,,,0.0,0,,,1,b86ad8e8-b0f6-4578-8e02-b4a87378a89d,https://london-trader-6b45bffdcd02.herokuapp.com,wss://london-trader-6b45bffdcd02.herokuapp.com,,1,6,gh,hedonic_only,human_only,0.0,0,15,"[8.0, 4.0, 20.0, 8.0, 8.0, 20.0, 20.0, 4.0, 20.0, 4.0, 20.0, 0.0, 8.0, 8.0, 8.0, 8.0, 8.0, 4.0, 4.0, 20.0, 0.0, 0.0, 8.0, 4.0, 4.0, 4.0, 20.0, 8.0, 8.0, 0.0, 8.0, 4.0, 4.0]",17.5,17.5,29,mn8370qr,,,,,0
4,lh92b709,,0,308,307,post_exp,FinalForProlific,2026-05-20 19:25:41.210764,1,,,5744.0,4,,0.0,408a9933-2d73-49af-a89e-1257e848a4cf,4472.0,14.0,8.0,112.0,4584.0,,3800.0,10.0,,,,,0.0,0,,,1,b86ad8e8-b0f6-4578-8e02-b4a87378a89d,https://london-trader-6b45bffdcd02.herokuapp.com,wss://london-trader-6b45bffdcd02.herokuapp.com,,1,6,gh,hedonic_only,human_only,0.0,0,15,"[8.0, 4.0, 20.0, 8.0, 8.0, 20.0, 20.0, 4.0, 20.0, 4.0, 20.0, 0.0, 8.0, 8.0, 8.0, 8.0, 8.0, 4.0, 4.0, 20.0, 0.0, 0.0, 8.0, 4.0, 4.0, 4.0, 20.0, 8.0, 8.0, 0.0, 8.0, 4.0, 4.0]",17.5,17.5,29,mn8370qr,,,,,0
5,729v3r7i,,0,308,307,post_exp,FinalForProlific,2026-05-20 19:25:41.216438,1,,,5824.0,5,,0.0,85c25fb0-b87a-41cb-a477-b786b6785b79,4473.63,7.0,8.0,56.0,4529.63,,2600.0,20.0,,,,,0.0,0,,,1,b86ad8e8-b0f6-4578-8e02-b4a87378a89d,https://london-trader-6b45bffdcd02.herokuapp.com,wss://london-trader-6b45bffdcd02.herokuapp.com,,1,6,gh,hedonic_only,human_only,0.0,0,15,"[8.0, 4.0, 20.0, 8.0, 8.0, 20.0, 20.0, 4.0, 20.0, 4.0, 20.0, 0.0, 8.0, 8.0, 8.0, 8.0, 8.0, 4.0, 4.0, 20.0, 0.0, 0.0, 8.0, 4.0, 4.0, 4.0, 20.0, 8.0, 8.0, 0.0, 8.0, 4.0, 4.0]",17.5,17.5,29,mn8370qr,,,,,0
6,aac2mc3k,,0,308,307,post_exp,FinalForProlific,2026-05-20 19:25:41.222017,1,,,5288.0,6,,0.0,274b90df-f4ee-4a06-b02e-fef62796b15f,4899.0,4.0,8.0,32.0,4931.0,,3800.0,10.0,,,,,0.0,0,,,1,b86ad8e8-b0f6-4578-8e02-b4a87378a89d,https://london-trader-6b45bffdcd02.herokuapp.com,wss://london-trader-6b45bffdcd02.herokuapp.com,,1,6,gh,hedonic_only,human_only,0.0,0,15,"[8.0, 4.0, 20.0, 8.0, 8.0, 20.0, 20.0, 4.0, 20.0, 4.0, 20.0, 0.0, 8.0, 8.0, 8.0, 8.0, 8.0, 4.0, 4.0, 20.0, 0.0, 0.0, 8.0, 4.0, 4.0, 4.0, 20.0, 8.0, 8.0, 0.0, 8.0, 4.0, 4.0]",17.5,17.5,29,mn8370qr,,,,,0
7,bs9r1rdm,,0,308,307,post_exp,FinalForProlific,2026-05-20 19:25:41.227334,1,,,4422.0,1,,0.0,bb1de49e-9922-4e51-bf38-42f79bfa10dd,4302.060000000001,3.0,8.0,24.0,4326.060000000001,,2600.0,20.0,,,,,0.0,0,,,2,aeea46bb-84ad-409e-b595-5f1ae9d39ed9,https://london-trader-6b45bffdcd02.herokuapp.com,wss://london-trader-6b45bffdcd02.herokuapp.com,,1,6,gp,info_only,human_only,0.0,0,15,"[8.0, 4.0, 20.0, 8.0, 8.0, 20.0, 20.0, 4.0, 20.0, 4.0, 20.0, 0.0, 8.0, 8.0, 8.0, 8.0, 8.0, 4.0, 4.0, 20.0, 0.0, 0.0, 8.0, 4.0, 4.0, 4.0, 20.0, 8.0, 8.0, 0.0, 8.0, 4.0, 4.0]",25.0,25.0,29,mn8370qr,,,,,0
8,9uh6p1vm,,0,308,307,post_exp,FinalForProlific,2026-05-20 19:25:41.233246,1,,,5926.0,2,,0.0,3cc0e1ca-01ec-458e-a73f-5f979015e052,4576.6900000000005,8.0,8.0,64.0,4640.6900000000005,,3800.0,10.0,,,,,0.0,0,,,2,aeea46bb-84ad-409e-b595-5f1ae9d39ed9,https://london-trader-6b45bffdcd02.herokuapp.com,wss://london-trader-6b45bffdcd02.herokuapp.com,,1,6,gp,info_only,human_only,0.0,0,15,"[8.0, 4.0, 20.0, 8.0, 8.0, 20.0, 20.0, 4.0, 20.0, 4.0, 20.0, 0.0, 8.0, 8.0, 8.0, 8.0, 8.0, 4.0, 4.0, 20.0, 0.0, 0.0, 8.0, 4.0, 4.0, 4.0, 20.0, 8.0, 8.0, 0.0, 8.0, 4.0, 4.0]",25.0,25.0,29,mn8370qr,,,,,0
9,kb2z64e8,,0,308,307,post_exp,FinalForProlific,2026-05-20 19:25:41.238889,1,,,6101.0,3,,0.0,a415b3a2-d76d-4f31-8ddd-bdf441257d88,4461.18,17.0,8.0,136.0,4597.18,,2600.0,20.0,,,,,0.0,0,,,2,aeea46bb-84ad-409e-b595-5f1ae9d39ed9,https://london-trader-6b45bffdcd02.herokuapp.com,wss://london-trader-6b45bffdcd02.herokuapp.com,,1,6,gp,info_only,human_only,0.0,0,15,"[8.0, 4.0, 20.0, 8.0, 8.0, 20.0, 20.0, 4.0, 20.0, 4.0, 20.0, 0.0, 8.0, 8.0, 8.0, 8.0, 8.0, 4.0, 4.0, 20.0, 0.0, 0.0, 8.0, 4.0, 4.0, 4.0, 20.0, 8.0, 8.0, 0.0, 8.0, 4.0, 4.0]",25.0,25.0,29,mn8370qr,,,,,0
10,ai0il249,,0,308,307,post_exp,FinalForProlific,2026-05-20 19:25:41.244342,1,,,5172.0,4,,0.0,bd8df300-e107-4fb6-a1a9-1ee4f9ce263f,4179.5,35.0,8.0,280.0,4459.5,,3800.0,10.0,,,,,0.0,0,,,2,aeea46bb-84ad-409e-b595-5f1ae9d39ed9,https://london-trader-6b45bffdcd02.herokuapp.com,wss://london-trader-6b45bffdcd02.herokuapp.com,,1,6,gp,info_only,human_only,0.0,0,15,"[8.0, 4.0, 20.0, 8.0, 8.0, 20.0, 20.0, 4.0, 20.0, 4.0, 20.0, 0.0, 8.0, 8.0, 8.0, 8.0, 8.0, 4.0, 4.0, 20.0, 0.0, 0.0, 8.0, 4.0, 4.0, 4.0, 20.0, 8.0, 8.0, 0.0, 8.0, 4.0, 4.0]",25.0,25.0,29,mn8370qr,,,,,0
11,pqnknbrr,,0,308,307,post_exp,FinalForProlific,2026-05-20 19:25:41.249954,1,,,4810.0,5,,0.0,0dfc44c4-9a29-46a9-8b14-42a4bda28f5c,3991.3399999999992,27.0,8.0,216.0,4207.339999999999,,2600.0,20.0,,,,,0.0,0,,,2,aeea46bb-84ad-409e-b595-5f1ae9d39ed9,https://london-trader-6b45bffdcd02.herokuapp.com,wss://london-trader-6b45bffdcd02.herokuapp.com,,1,6,gp,info_only,human_only,0.0,0,15,"[8.0, 4.0, 20.0, 8.0, 8.0, 20.0, 20.0, 4.0, 20.0, 4.0, 20.0, 0.0, 8.0, 8.0, 8.0, 8.0, 8.0, 4.0, 4.0, 20.0, 0.0, 0.0, 8.0, 4.0, 4.0, 4.0, 20.0, 8.0, 8.0, 0.0, 8.0, 4.0, 4.0]",25.0,25.0,29,mn8370qr,,,,,0
12,whc9aveo,,0,308,307,post_exp,FinalForProlific,2026-05-20 19:25:41.255262,1,,,6139.0,6,,0.0,b36c610c-8e4d-4bcb-b3bf-9233bc19bd59,4809.23,10.0,8.0,80.0,4889.23,,3800.0,10.0,,,,,0.0,0,,,2,aeea46bb-84ad-409e-b595-5f1ae9d39ed9,https://london-trader-6b45bffdcd02.herokuapp.com,wss://london-trader-6b45bffdcd02.herokuapp.com,,1,6,gp,info_only,human_only,0.0,0,15,"[8.0, 4.0, 20.0, 8.0, 8.0, 20.0, 20.0, 4.0, 20.0, 4.0, 20.0, 0.0, 8.0, 8.0, 8.0, 8.0, 8.0, 4.0, 4.0, 20.0, 0.0, 0.0, 8.0, 4.0, 4.0, 4.0, 20.0, 8.0, 8.0, 0.0, 8.0, 4.0, 4.0]",25.0,25.0,29,mn8370qr,,,,,0
13,51q1wtqi,,0,308,307,post_exp,FinalForProlific,2026-05-20 19:25:41.260557,1,,,6081.0,1,,0.0,0500554f-6ad6-4d90-b416-d094e1c2d6fa,5042.85,0.0,8.0,0.0,5042.85,,2600.0,20.0,,,,,0.0,0,,,3,32f83e1a-8f9b-4533-82cc-9d1a1ceded46,https://london-trader-6b45bffdcd02.herokuapp.com,wss://london-trader-6b45bffdcd02.herokuapp.com,,1,4,ghp,gamified,human_only,0.0,0,15,"[8.0, 4.0, 20.0, 8.0, 8.0, 20.0, 20.0, 4.0, 20.0, 4.0, 20.0, 0.0, 8.0, 8.0, 8.0, 8.0, 8.0, 4.0, 4.0, 20.0, 0.0, 0.0, 8.0, 4.0, 4.0, 4.0, 20.0, 8.0, 8.0, 0.0, 8.0, 4.0, 4.0]",46.6,46.6,29,mn8370qr,,,,,0
14,q9v4q54j,,0,308,307,post_exp,FinalForProlific,2026-05-20 19:25:41.266013,1,,,4846.0,2,,0.0,d2123171-a761-420f-9ca0-9fc0a54b2e13,2202.7799999999997,57.0,8.0,456.0,2658.7799999999997,,3800.0,10.0,,,,,0.0,0,,,3,32f83e1a-8f9b-4533-82cc-9d1a1ceded46,https://london-trader-6b45bffdcd02.herokuapp.com,wss://london-trader-6b45bffdcd02.herokuapp.com,,1,4,ghp,gamified,human_only,0.0,0,15,"[8.0, 4.0, 20.0, 8.0, 8.0, 20.0, 20.0, 4.0, 20.0, 4.0, 20.0, 0.0, 8.0, 8.0, 8.0, 8.0, 8.0, 4.0, 4.0, 20.0, 0.0, 0.0, 8.0, 4.0, 4.0, 4.0, 20.0, 8.0, 8.0, 0.0, 8.0, 4.0, 4.0]",46.6,46.6,29,mn8370qr,,,,,0
15,5g1om6y0,,0,308,307,post_exp,FinalForProlific,2026-05-20 19:25:41.271633,1,,,6308.0,3,,0.0,957560c7-bf61-4449-bb07-a260f24dc622,5193.370000000001,0.0,8.0,0.0,5193.370000000001,,2600.0,20.0,,,,,0.0,0,,,3,32f83e1a-8f9b-4533-82cc-9d1a1ceded46,https://london-trader-6b45bffdcd02.herokuapp.com,wss://london-trader-6b45bffdcd02.herokuapp.com,,1,4,ghp,gamified,human_only,0.0,0,15,"[8.0, 4.0, 20.0, 8.0, 8.0, 20.0, 20.0, 4.0, 20.0, 4.0, 20.0, 0.0, 8.0, 8.0, 8.0, 8.0, 8.0, 4.0, 4.0, 20.0, 0.0, 0.0, 8.0, 4.0, 4.0, 4.0, 20.0, 8.0, 8.0, 0.0, 8.0, 4.0, 4.0]",46.6,46.6,29,mn8370qr,,,,,0
16,ry1l466x,,0,308,307,post_exp,FinalForProlific,2026-05-20 19:25:41.277077,1,,,5341.0,4,,0.0,b708290f-ab81-4247-b84a-d9e1a961e73f,5005.0,4.0,8.0,32.0,5037.0,,3800.0,10.0,,,,,0.0,0,,,3,32f83e1a-8f9b-4533-82cc-9d1a1ceded46,https://london-trader-6b45bffdcd02.herokuapp.com,wss://london-trader-6b45bffdcd02.herokuapp.com,,1,4,ghp,gamified,human_only,0.0,0,15,"[8.0, 4.0, 20.0, 8.0, 8.0, 20.0, 20.0, 4.0, 20.0, 4.0, 20.0, 0.0, 8.0, 8.0, 8.0, 8.0, 8.0, 4.0, 4.0, 20.0, 0.0, 0.0, 8.0, 4.0, 4.0, 4.0, 20.0, 8.0, 8.0, 0.0, 8.0, 4.0, 4.0]",46.6,46.6,29,mn8370qr,,,,,0
1,e4rzuiqc,,0,308,307,post_exp,FinalForProlific,2026-05-20 19:25:41.187444,1,,,5538.0,1,,0.0,e587d9fc-8b60-4d5e-94d5-3b29caa7cace,5114.62,5.0,0.0,0.0,5114.62,,2600.0,20.0,0.0,0,,50.0,0.0,1,,,1,b86ad8e8-b0f6-4578-8e02-b4a87378a89d,https://london-trader-6b45bffdcd02.herokuapp.com,wss://london-trader-6b45bffdcd02.herokuapp.com,,1,6,gh,hedonic_only,human_only,0.0,0,15,"[8.0, 4.0, 20.0, 8.0, 8.0, 20.0, 20.0, 4.0, 20.0, 4.0, 20.0, 0.0, 8.0, 8.0, 8.0, 8.0, 8.0, 4.0, 4.0, 20.0, 0.0, 0.0, 8.0, 4.0, 4.0, 4.0, 20.0, 8.0, 8.0, 0.0, 8.0, 4.0, 4.0]",60.0,60.0,30,mn8370qr,,,,,0
2,j6o1gu35,,0,308,307,post_exp,FinalForProlific,2026-05-20 19:25:41.199388,1,,,1136.0,2,,0.0,2687126f-035a-4f5c-9b79-40117776a123,2215.74,61.0,0.0,0.0,2215.74,,3800.0,10.0,2310.0,3,"{""forecast_price_next_day"":2310,""forecast_confidence_next_day"":3}",50.0,0.0,1,,,1,b86ad8e8-b0f6-4578-8e02-b4a87378a89d,https://london-trader-6b45bffdcd02.herokuapp.com,wss://london-trader-6b45bffdcd02.herokuapp.com,,1,6,gh,hedonic_only,human_only,0.0,0,15,"[8.0, 4.0, 20.0, 8.0, 8.0, 20.0, 20.0, 4.0, 20.0, 4.0, 20.0, 0.0, 8.0, 8.0, 8.0, 8.0, 8.0, 4.0, 4.0, 20.0, 0.0, 0.0, 8.0, 4.0, 4.0, 4.0, 20.0, 8.0, 8.0, 0.0, 8.0, 4.0, 4.0]",60.0,60.0,30,mn8370qr,,,,,0
3,z9n52ebr,,0,308,307,post_exp,FinalForProlific,2026-05-20 19:25:41.205068,1,,,5326.0,3,,0.0,e2aa12cd-48ec-4b85-a4ed-c4fc7b454ddf,4831.01,9.0,0.0,0.0,4831.01,,2600.0,20.0,10.0,5,"{""forecast_price_next_day"":10,""forecast_confidence_next_day"":5}",50.0,0.0,1,,,1,b86ad8e8-b0f6-4578-8e02-b4a87378a89d,https://london-trader-6b45bffdcd02.herokuapp.com,wss://london-trader-6b45bffdcd02.herokuapp.com,,1,6,gh,hedonic_only,human_only,0.0,0,15,"[8.0, 4.0, 20.0, 8.0, 8.0, 20.0, 20.0, 4.0, 20.0, 4.0, 20.0, 0.0, 8.0, 8.0, 8.0, 8.0, 8.0, 4.0, 4.0, 20.0, 0.0, 0.0, 8.0, 4.0, 4.0, 4.0, 20.0, 8.0, 8.0, 0.0, 8.0, 4.0, 4.0]",60.0,60.0,30,mn8370qr,,,,,0
4,lh92b709,,0,308,307,post_exp,FinalForProlific,2026-05-20 19:25:41.210764,1,,,5744.0,4,,0.0,408a9933-2d73-49af-a89e-1257e848a4cf,4965.0,10.0,0.0,0.0,4965.0,,3800.0,10.0,45.0,3,"{""forecast_price_next_day"":45,""forecast_confidence_next_day"":3}",50.0,0.0,1,,,1,b86ad8e8-b0f6-4578-8e02-b4a87378a89d,https://london-trader-6b45bffdcd02.herokuapp.com,wss://london-trader-6b45bffdcd02.herokuapp.com,,1,6,gh,hedonic_only,human_only,0.0,0,15,"[8.0, 4.0, 20.0, 8.0, 8.0, 20.0, 20.0, 4.0, 20.0, 4.0, 20.0, 0.0, 8.0, 8.0, 8.0, 8.0, 8.0, 4.0, 4.0, 20.0, 0.0, 0.0, 8.0, 4.0, 4.0, 4.0, 20.0, 8.0, 8.0, 0.0, 8.0, 4.0, 4.0]",60.0,60.0,30,mn8370qr,,,,,0
5,729v3r7i,,0,308,307,post_exp,FinalForProlific,2026-05-20 19:25:41.216438,1,,,5824.0,5,,0.0,85c25fb0-b87a-41cb-a477-b786b6785b79,4564.63,6.0,0.0,0.0,4564.63,,2600.0,20.0,8.0,4,"{""forecast_price_next_day"":8,""forecast_confidence_next_day"":4}",50.0,0.0,1,,,1,b86ad8e8-b0f6-4578-8e02-b4a87378a89d,https://london-trader-6b45bffdcd02.herokuapp.com,wss://london-trader-6b45bffdcd02.herokuapp.com,,1,6,gh,hedonic_only,human_only,0.0,0,15,"[8.0, 4.0, 20.0, 8.0, 8.0, 20.0, 20.0, 4.0, 20.0, 4.0, 20.0, 0.0, 8.0, 8.0, 8.0, 8.0, 8.0, 4.0, 4.0, 20.0, 0.0, 0.0, 8.0, 4.0, 4.0, 4.0, 20.0, 8.0, 8.0, 0.0, 8.0, 4.0, 4.0]",60.0,60.0,30,mn8370qr,,,,,0
6,aac2mc3k,,0,308,307,post_exp,FinalForProlific,2026-05-20 19:25:41.222017,1,,,5288.0,6,,0.0,274b90df-f4ee-4a06-b02e-fef62796b15f,5057.0,1.0,0.0,0.0,5057.0,,3800.0,10.0,10.0,2,"{""forecast_price_next_day"":10,""forecast_confidence_next_day"":2}",50.0,0.0,1,,,1,b86ad8e8-b0f6-4578-8e02-b4a87378a89d,https://london-trader-6b45bffdcd02.herokuapp.com,wss://london-trader-6b45bffdcd02.herokuapp.com,,1,6,gh,hedonic_only,human_only,0.0,0,15,"[8.0, 4.0, 20.0, 8.0, 8.0, 20.0, 20.0, 4.0, 20.0, 4.0, 20.0, 0.0, 8.0, 8.0, 8.0, 8.0, 8.0, 4.0, 4.0, 20.0, 0.0, 0.0, 8.0, 4.0, 4.0, 4.0, 20.0, 8.0, 8.0, 0.0, 8.0, 4.0, 4.0]",60.0,60.0,30,mn8370qr,,,,,0
7,bs9r1rdm,,0,308,307,post_exp,FinalForProlific,2026-05-20 19:25:41.227334,1,,,4422.0,1,,0.0,bb1de49e-9922-4e51-bf38-42f79bfa10dd,4158.870000000001,10.0,0.0,0.0,4158.870000000001,,2600.0,20.0,18.0,4,"{""forecast_price_next_day"":18,""forecast_confidence_next_day"":4}",11.0,0.0,1,,,2,aeea46bb-84ad-409e-b595-5f1ae9d39ed9,https://london-trader-6b45bffdcd02.herokuapp.com,wss://london-trader-6b45bffdcd02.herokuapp.com,,1,6,gp,info_only,human_only,0.0,0,15,"[8.0, 4.0, 20.0, 8.0, 8.0, 20.0, 20.0, 4.0, 20.0, 4.0, 20.0, 0.0, 8.0, 8.0, 8.0, 8.0, 8.0, 4.0, 4.0, 20.0, 0.0, 0.0, 8.0, 4.0, 4.0, 4.0, 20.0, 8.0, 8.0, 0.0, 8.0, 4.0, 4.0]",20.0,20.0,30,mn8370qr,,,,,0
8,9uh6p1vm,,0,308,307,post_exp,FinalForProlific,2026-05-20 19:25:41.233246,1,,,5926.0,2,,0.0,3cc0e1ca-01ec-458e-a73f-5f979015e052,4660.6900000000005,7.0,0.0,0.0,4660.6900000000005,,3800.0,10.0,19.0,3,"{""forecast_price_next_day"":18.94,""forecast_confidence_next_day"":3}",11.0,0.0,1,,,2,aeea46bb-84ad-409e-b595-5f1ae9d39ed9,https://london-trader-6b45bffdcd02.herokuapp.com,wss://london-trader-6b45bffdcd02.herokuapp.com,,1,6,gp,info_only,human_only,0.0,0,15,"[8.0, 4.0, 20.0, 8.0, 8.0, 20.0, 20.0, 4.0, 20.0, 4.0, 20.0, 0.0, 8.0, 8.0, 8.0, 8.0, 8.0, 4.0, 4.0, 20.0, 0.0, 0.0, 8.0, 4.0, 4.0, 4.0, 20.0, 8.0, 8.0, 0.0, 8.0, 4.0, 4.0]",20.0,20.0,30,mn8370qr,,,,,0
9,kb2z64e8,,0,308,307,post_exp,FinalForProlific,2026-05-20 19:25:41.238889,1,,,6101.0,3,,0.0,a415b3a2-d76d-4f31-8ddd-bdf441257d88,4677.740000000001,13.0,0.0,0.0,4677.740000000001,,2600.0,20.0,16.0,5,"{""forecast_price_next_day"":16,""forecast_confidence_next_day"":5}",11.0,0.0,1,,,2,aeea46bb-84ad-409e-b595-5f1ae9d39ed9,https://london-trader-6b45bffdcd02.herokuapp.com,wss://london-trader-6b45bffdcd02.herokuapp.com,,1,6,gp,info_only,human_only,0.0,0,15,"[8.0, 4.0, 20.0, 8.0, 8.0, 20.0, 20.0, 4.0, 20.0, 4.0, 20.0, 0.0, 8.0, 8.0, 8.0, 8.0, 8.0, 4.0, 4.0, 20.0, 0.0, 0.0, 8.0, 4.0, 4.0, 4.0, 20.0, 8.0, 8.0, 0.0, 8.0, 4.0, 4.0]",20.0,20.0,30,mn8370qr,,,,,0
10,ai0il249,,0,308,307,post_exp,FinalForProlific,2026-05-20 19:25:41.244342,1,,,5172.0,4,,0.0,bd8df300-e107-4fb6-a1a9-1ee4f9ce263f,4439.5,35.0,0.0,0.0,4439.5,,3800.0,10.0,18.0,4,"{""forecast_price_next_day"":18,""forecast_confidence_next_day"":4}",11.0,0.0,1,,,2,aeea46bb-84ad-409e-b595-5f1ae9d39ed9,https://london-trader-6b45bffdcd02.herokuapp.com,wss://london-trader-6b45bffdcd02.herokuapp.com,,1,6,gp,info_only,human_only,0.0,0,15,"[8.0, 4.0, 20.0, 8.0, 8.0, 20.0, 20.0, 4.0, 20.0, 4.0, 20.0, 0.0, 8.0, 8.0, 8.0, 8.0, 8.0, 4.0, 4.0, 20.0, 0.0, 0.0, 8.0, 4.0, 4.0, 4.0, 20.0, 8.0, 8.0, 0.0, 8.0, 4.0, 4.0]",20.0,20.0,30,mn8370qr,,,,,0
11,pqnknbrr,,0,308,307,post_exp,FinalForProlific,2026-05-20 19:25:41.249954,1,,,4810.0,5,,0.0,0dfc44c4-9a29-46a9-8b14-42a4bda28f5c,4273.969999999999,26.0,0.0,0.0,4273.969999999999,,2600.0,20.0,15.0,2,"{""forecast_price_next_day"":15,""forecast_confidence_next_day"":2}",11.0,0.0,1,,,2,aeea46bb-84ad-409e-b595-5f1ae9d39ed9,https://london-trader-6b45bffdcd02.herokuapp.com,wss://london-trader-6b45bffdcd02.herokuapp.com,,1,6,gp,info_only,human_only,0.0,0,15,"[8.0, 4.0, 20.0, 8.0, 8.0, 20.0, 20.0, 4.0, 20.0, 4.0, 20.0, 0.0, 8.0, 8.0, 8.0, 8.0, 8.0, 4.0, 4.0, 20.0, 0.0, 0.0, 8.0, 4.0, 4.0, 4.0, 20.0, 8.0, 8.0, 0.0, 8.0, 4.0, 4.0]",20.0,20.0,30,mn8370qr,,,,,0
12,whc9aveo,,0,308,307,post_exp,FinalForProlific,2026-05-20 19:25:41.255262,1,,,6139.0,6,,0.0,b36c610c-8e4d-4bcb-b3bf-9233bc19bd59,4909.23,10.0,0.0,0.0,4909.23,,3800.0,10.0,15.0,4,"{""forecast_price_next_day"":15,""forecast_confidence_next_day"":4}",11.0,0.0,1,,,2,aeea46bb-84ad-409e-b595-5f1ae9d39ed9,https://london-trader-6b45bffdcd02.herokuapp.com,wss://london-trader-6b45bffdcd02.herokuapp.com,,1,6,gp,info_only,human_only,0.0,0,15,"[8.0, 4.0, 20.0, 8.0, 8.0, 20.0, 20.0, 4.0, 20.0, 4.0, 20.0, 0.0, 8.0, 8.0, 8.0, 8.0, 8.0, 4.0, 4.0, 20.0, 0.0, 0.0, 8.0, 4.0, 4.0, 4.0, 20.0, 8.0, 8.0, 0.0, 8.0, 4.0, 4.0]",20.0,20.0,30,mn8370qr,,,,,0
13,51q1wtqi,,0,308,307,post_exp,FinalForProlific,2026-05-20 19:25:41.260557,1,,,6081.0,1,,0.0,0500554f-6ad6-4d90-b416-d094e1c2d6fa,5042.85,0.0,0.0,0.0,5042.85,,2600.0,20.0,45.0,4,"{""forecast_price_next_day"":45,""forecast_confidence_next_day"":4}",48.24,0.0,1,,,3,32f83e1a-8f9b-4533-82cc-9d1a1ceded46,https://london-trader-6b45bffdcd02.herokuapp.com,wss://london-trader-6b45bffdcd02.herokuapp.com,,1,4,ghp,gamified,human_only,0.0,0,15,"[8.0, 4.0, 20.0, 8.0, 8.0, 20.0, 20.0, 4.0, 20.0, 4.0, 20.0, 0.0, 8.0, 8.0, 8.0, 8.0, 8.0, 4.0, 4.0, 20.0, 0.0, 0.0, 8.0, 4.0, 4.0, 4.0, 20.0, 8.0, 8.0, 0.0, 8.0, 4.0, 4.0]",48.24,48.24,30,mn8370qr,,,,,0
14,q9v4q54j,,0,308,307,post_exp,FinalForProlific,2026-05-20 19:25:41.266013,1,,,4846.0,2,,0.0,d2123171-a761-420f-9ca0-9fc0a54b2e13,2514.88,60.0,0.0,0.0,2514.88,,3800.0,10.0,49.0,4,"{""forecast_price_next_day"":49,""forecast_confidence_next_day"":4}",48.24,20.0,1,,,3,32f83e1a-8f9b-4533-82cc-9d1a1ceded46,https://london-trader-6b45bffdcd02.herokuapp.com,wss://london-trader-6b45bffdcd02.herokuapp.com,,1,4,ghp,gamified,human_only,0.0,0,15,"[8.0, 4.0, 20.0, 8.0, 8.0, 20.0, 20.0, 4.0, 20.0, 4.0, 20.0, 0.0, 8.0, 8.0, 8.0, 8.0, 8.0, 4.0, 4.0, 20.0, 0.0, 0.0, 8.0, 4.0, 4.0, 4.0, 20.0, 8.0, 8.0, 0.0, 8.0, 4.0, 4.0]",48.24,48.24,30,mn8370qr,,,,,0
15,5g1om6y0,,0,308,307,post_exp,FinalForProlific,2026-05-20 19:25:41.271633,1,,,6308.0,3,,0.0,957560c7-bf61-4449-bb07-a260f24dc622,5193.370000000001,0.0,0.0,0.0,5193.370000000001,,2600.0,20.0,44.0,3,"{""forecast_price_next_day"":44,""forecast_confidence_next_day"":3}",48.24,0.0,1,,,3,32f83e1a-8f9b-4533-82cc-9d1a1ceded46,https://london-trader-6b45bffdcd02.herokuapp.com,wss://london-trader-6b45bffdcd02.herokuapp.com,,1,4,ghp,gamified,human_only,0.0,0,15,"[8.0, 4.0, 20.0, 8.0, 8.0, 20.0, 20.0, 4.0, 20.0, 4.0, 20.0, 0.0, 8.0, 8.0, 8.0, 8.0, 8.0, 4.0, 4.0, 20.0, 0.0, 0.0, 8.0, 4.0, 4.0, 4.0, 20.0, 8.0, 8.0, 0.0, 8.0, 4.0, 4.0]",48.24,48.24,30,mn8370qr,,,,,0
16,ry1l466x,,0,308,307,post_exp,FinalForProlific,2026-05-20 19:25:41.277077,1,,,5341.0,4,,0.0,b708290f-ab81-4247-b84a-d9e1a961e73f,5180.9,0.0,0.0,0.0,5180.9,,3800.0,10.0,32.0,5,"{""forecast_price_next_day"":32,""forecast_confidence_next_day"":5}",48.24,0.0,1,,,3,32f83e1a-8f9b-4533-82cc-9d1a1ceded46,https://london-trader-6b45bffdcd02.herokuapp.com,wss://london-trader-6b45bffdcd02.herokuapp.com,,1,4,ghp,gamified,human_only,0.0,0,15,"[8.0, 4.0, 20.0, 8.0, 8.0, 20.0, 20.0, 4.0, 20.0, 4.0, 20.0, 0.0, 8.0, 8.0, 8.0, 8.0, 8.0, 4.0, 4.0, 20.0, 0.0, 0.0, 8.0, 4.0, 4.0, 4.0, 20.0, 8.0, 8.0, 0.0, 8.0, 4.0, 4.0]",48.24,48.24,30,mn8370qr,,,,,0
1,e4rzuiqc,,0,308,307,post_exp,FinalForProlific,2026-05-20 19:25:41.187444,1,,,5538.0,1,,0.0,e587d9fc-8b60-4d5e-94d5-3b29caa7cace,5166.62,3.0,8.0,24.0,5190.62,,2600.0,20.0,,,,,0.0,0,,,1,b86ad8e8-b0f6-4578-8e02-b4a87378a89d,https://london-trader-6b45bffdcd02.herokuapp.com,wss://london-trader-6b45bffdcd02.herokuapp.com,,1,6,gh,hedonic_only,human_only,0.0,0,15,"[8.0, 4.0, 20.0, 8.0, 8.0, 20.0, 20.0, 4.0, 20.0, 4.0, 20.0, 0.0, 8.0, 8.0, 8.0, 8.0, 8.0, 4.0, 4.0, 20.0, 0.0, 0.0, 8.0, 4.0, 4.0, 4.0, 20.0, 8.0, 8.0, 0.0, 8.0, 4.0, 4.0]",50.0,50.0,31,mn8370qr,,,,,0
2,j6o1gu35,,0,308,307,post_exp,FinalForProlific,2026-05-20 19:25:41.199388,1,,,1136.0,2,,0.0,2687126f-035a-4f5c-9b79-40117776a123,2007.7399999999998,67.0,8.0,536.0,2543.74,,3800.0,10.0,,,,,0.0,0,,,1,b86ad8e8-b0f6-4578-8e02-b4a87378a89d,https://london-trader-6b45bffdcd02.herokuapp.com,wss://london-trader-6b45bffdcd02.herokuapp.com,,1,6,gh,hedonic_only,human_only,0.0,0,15,"[8.0, 4.0, 20.0, 8.0, 8.0, 20.0, 20.0, 4.0, 20.0, 4.0, 20.0, 0.0, 8.0, 8.0, 8.0, 8.0, 8.0, 4.0, 4.0, 20.0, 0.0, 0.0, 8.0, 4.0, 4.0, 4.0, 20.0, 8.0, 8.0, 0.0, 8.0, 4.0, 4.0]",50.0,50.0,31,mn8370qr,,,,,0
3,z9n52ebr,,0,308,307,post_exp,FinalForProlific,2026-05-20 19:25:41.205068,1,,,5326.0,3,,0.0,e2aa12cd-48ec-4b85-a4ed-c4fc7b454ddf,4841.01,10.0,8.0,80.0,4921.01,,2600.0,20.0,,,,,0.0,0,,,1,b86ad8e8-b0f6-4578-8e02-b4a87378a89d,https://london-trader-6b45bffdcd02.herokuapp.com,wss://london-trader-6b45bffdcd02.herokuapp.com,,1,6,gh,hedonic_only,human_only,0.0,0,15,"[8.0, 4.0, 20.0, 8.0, 8.0, 20.0, 20.0, 4.0, 20.0, 4.0, 20.0, 0.0, 8.0, 8.0, 8.0, 8.0, 8.0, 4.0, 4.0, 20.0, 0.0, 0.0, 8.0, 4.0, 4.0, 4.0, 20.0, 8.0, 8.0, 0.0, 8.0, 4.0, 4.0]",50.0,50.0,31,mn8370qr,,,,,0
4,lh92b709,,0,308,307,post_exp,FinalForProlific,2026-05-20 19:25:41.210764,1,,,5744.0,4,,0.0,408a9933-2d73-49af-a89e-1257e848a4cf,5101.0,8.0,8.0,64.0,5165.0,,3800.0,10.0,,,,,0.0,0,,,1,b86ad8e8-b0f6-4578-8e02-b4a87378a89d,https://london-trader-6b45bffdcd02.herokuapp.com,wss://london-trader-6b45bffdcd02.herokuapp.com,,1,6,gh,hedonic_only,human_only,0.0,0,15,"[8.0, 4.0, 20.0, 8.0, 8.0, 20.0, 20.0, 4.0, 20.0, 4.0, 20.0, 0.0, 8.0, 8.0, 8.0, 8.0, 8.0, 4.0, 4.0, 20.0, 0.0, 0.0, 8.0, 4.0, 4.0, 4.0, 20.0, 8.0, 8.0, 0.0, 8.0, 4.0, 4.0]",50.0,50.0,31,mn8370qr,,,,,0
5,729v3r7i,,0,308,307,post_exp,FinalForProlific,2026-05-20 19:25:41.216438,1,,,5824.0,5,,0.0,85c25fb0-b87a-41cb-a477-b786b6785b79,4574.63,5.0,8.0,40.0,4614.63,,2600.0,20.0,,,,,0.0,0,,,1,b86ad8e8-b0f6-4578-8e02-b4a87378a89d,https://london-trader-6b45bffdcd02.herokuapp.com,wss://london-trader-6b45bffdcd02.herokuapp.com,,1,6,gh,hedonic_only,human_only,0.0,0,15,"[8.0, 4.0, 20.0, 8.0, 8.0, 20.0, 20.0, 4.0, 20.0, 4.0, 20.0, 0.0, 8.0, 8.0, 8.0, 8.0, 8.0, 4.0, 4.0, 20.0, 0.0, 0.0, 8.0, 4.0, 4.0, 4.0, 20.0, 8.0, 8.0, 0.0, 8.0, 4.0, 4.0]",50.0,50.0,31,mn8370qr,,,,,0
6,aac2mc3k,,0,308,307,post_exp,FinalForProlific,2026-05-20 19:25:41.222017,1,,,5288.0,6,,0.0,274b90df-f4ee-4a06-b02e-fef62796b15f,5057.0,2.0,8.0,16.0,5073.0,,3800.0,10.0,,,,,0.0,0,,,1,b86ad8e8-b0f6-4578-8e02-b4a87378a89d,https://london-trader-6b45bffdcd02.herokuapp.com,wss://london-trader-6b45bffdcd02.herokuapp.com,,1,6,gh,hedonic_only,human_only,0.0,0,15,"[8.0, 4.0, 20.0, 8.0, 8.0, 20.0, 20.0, 4.0, 20.0, 4.0, 20.0, 0.0, 8.0, 8.0, 8.0, 8.0, 8.0, 4.0, 4.0, 20.0, 0.0, 0.0, 8.0, 4.0, 4.0, 4.0, 20.0, 8.0, 8.0, 0.0, 8.0, 4.0, 4.0]",50.0,50.0,31,mn8370qr,,,,,0
7,bs9r1rdm,,0,308,307,post_exp,FinalForProlific,2026-05-20 19:25:41.227334,1,,,4422.0,1,,0.0,bb1de49e-9922-4e51-bf38-42f79bfa10dd,4167.120000000001,11.0,8.0,88.0,4255.120000000001,,2600.0,20.0,,,,,0.0,0,,,2,aeea46bb-84ad-409e-b595-5f1ae9d39ed9,https://london-trader-6b45bffdcd02.herokuapp.com,wss://london-trader-6b45bffdcd02.herokuapp.com,,1,6,gp,info_only,human_only,0.0,0,15,"[8.0, 4.0, 20.0, 8.0, 8.0, 20.0, 20.0, 4.0, 20.0, 4.0, 20.0, 0.0, 8.0, 8.0, 8.0, 8.0, 8.0, 4.0, 4.0, 20.0, 0.0, 0.0, 8.0, 4.0, 4.0, 4.0, 20.0, 8.0, 8.0, 0.0, 8.0, 4.0, 4.0]",11.0,11.0,31,mn8370qr,,,,,0
8,9uh6p1vm,,0,308,307,post_exp,FinalForProlific,2026-05-20 19:25:41.233246,1,,,5926.0,2,,0.0,3cc0e1ca-01ec-458e-a73f-5f979015e052,4578.18,13.0,8.0,104.0,4682.18,,3800.0,10.0,,,,,0.0,0,,,2,aeea46bb-84ad-409e-b595-5f1ae9d39ed9,https://london-trader-6b45bffdcd02.herokuapp.com,wss://london-trader-6b45bffdcd02.herokuapp.com,,1,6,gp,info_only,human_only,0.0,0,15,"[8.0, 4.0, 20.0, 8.0, 8.0, 20.0, 20.0, 4.0, 20.0, 4.0, 20.0, 0.0, 8.0, 8.0, 8.0, 8.0, 8.0, 4.0, 4.0, 20.0, 0.0, 0.0, 8.0, 4.0, 4.0, 4.0, 20.0, 8.0, 8.0, 0.0, 8.0, 4.0, 4.0]",11.0,11.0,31,mn8370qr,,,,,0
9,kb2z64e8,,0,308,307,post_exp,FinalForProlific,2026-05-20 19:25:41.238889,1,,,6101.0,3,,0.0,a415b3a2-d76d-4f31-8ddd-bdf441257d88,4765.870000000001,4.0,8.0,32.0,4797.870000000001,,2600.0,20.0,,,,,0.0,0,,,2,aeea46bb-84ad-409e-b595-5f1ae9d39ed9,https://london-trader-6b45bffdcd02.herokuapp.com,wss://london-trader-6b45bffdcd02.herokuapp.com,,1,6,gp,info_only,human_only,0.0,0,15,"[8.0, 4.0, 20.0, 8.0, 8.0, 20.0, 20.0, 4.0, 20.0, 4.0, 20.0, 0.0, 8.0, 8.0, 8.0, 8.0, 8.0, 4.0, 4.0, 20.0, 0.0, 0.0, 8.0, 4.0, 4.0, 4.0, 20.0, 8.0, 8.0, 0.0, 8.0, 4.0, 4.0]",11.0,11.0,31,mn8370qr,,,,,0
10,ai0il249,,0,308,307,post_exp,FinalForProlific,2026-05-20 19:25:41.244342,1,,,5172.0,4,,0.0,bd8df300-e107-4fb6-a1a9-1ee4f9ce263f,4397.13,40.0,8.0,320.0,4717.13,,3800.0,10.0,,,,,0.0,0,,,2,aeea46bb-84ad-409e-b595-5f1ae9d39ed9,https://london-trader-6b45bffdcd02.herokuapp.com,wss://london-trader-6b45bffdcd02.herokuapp.com,,1,6,gp,info_only,human_only,0.0,0,15,"[8.0, 4.0, 20.0, 8.0, 8.0, 20.0, 20.0, 4.0, 20.0, 4.0, 20.0, 0.0, 8.0, 8.0, 8.0, 8.0, 8.0, 4.0, 4.0, 20.0, 0.0, 0.0, 8.0, 4.0, 4.0, 4.0, 20.0, 8.0, 8.0, 0.0, 8.0, 4.0, 4.0]",11.0,11.0,31,mn8370qr,,,,,0
11,pqnknbrr,,0,308,307,post_exp,FinalForProlific,2026-05-20 19:25:41.249954,1,,,4810.0,5,,0.0,0dfc44c4-9a29-46a9-8b14-42a4bda28f5c,4302.469999999999,25.0,8.0,200.0,4502.469999999999,,2600.0,20.0,,,,,0.0,0,,,2,aeea46bb-84ad-409e-b595-5f1ae9d39ed9,https://london-trader-6b45bffdcd02.herokuapp.com,wss://london-trader-6b45bffdcd02.herokuapp.com,,1,6,gp,info_only,human_only,0.0,0,15,"[8.0, 4.0, 20.0, 8.0, 8.0, 20.0, 20.0, 4.0, 20.0, 4.0, 20.0, 0.0, 8.0, 8.0, 8.0, 8.0, 8.0, 4.0, 4.0, 20.0, 0.0, 0.0, 8.0, 4.0, 4.0, 4.0, 20.0, 8.0, 8.0, 0.0, 8.0, 4.0, 4.0]",11.0,11.0,31,mn8370qr,,,,,0
12,whc9aveo,,0,308,307,post_exp,FinalForProlific,2026-05-20 19:25:41.255262,1,,,6139.0,6,,0.0,b36c610c-8e4d-4bcb-b3bf-9233bc19bd59,4909.23,8.0,8.0,64.0,4973.23,,3800.0,10.0,,,,,0.0,0,,,2,aeea46bb-84ad-409e-b595-5f1ae9d39ed9,https://london-trader-6b45bffdcd02.herokuapp.com,wss://london-trader-6b45bffdcd02.herokuapp.com,,1,6,gp,info_only,human_only,0.0,0,15,"[8.0, 4.0, 20.0, 8.0, 8.0, 20.0, 20.0, 4.0, 20.0, 4.0, 20.0, 0.0, 8.0, 8.0, 8.0, 8.0, 8.0, 4.0, 4.0, 20.0, 0.0, 0.0, 8.0, 4.0, 4.0, 4.0, 20.0, 8.0, 8.0, 0.0, 8.0, 4.0, 4.0]",11.0,11.0,31,mn8370qr,,,,,0
13,51q1wtqi,,0,308,307,post_exp,FinalForProlific,2026-05-20 19:25:41.260557,1,,,6081.0,1,,0.0,0500554f-6ad6-4d90-b416-d094e1c2d6fa,5042.85,0.0,8.0,0.0,5042.85,,2600.0,20.0,,,,,0.0,0,,,3,32f83e1a-8f9b-4533-82cc-9d1a1ceded46,https://london-trader-6b45bffdcd02.herokuapp.com,wss://london-trader-6b45bffdcd02.herokuapp.com,,1,4,ghp,gamified,human_only,0.0,0,15,"[8.0, 4.0, 20.0, 8.0, 8.0, 20.0, 20.0, 4.0, 20.0, 4.0, 20.0, 0.0, 8.0, 8.0, 8.0, 8.0, 8.0, 4.0, 4.0, 20.0, 0.0, 0.0, 8.0, 4.0, 4.0, 4.0, 20.0, 8.0, 8.0, 0.0, 8.0, 4.0, 4.0]",48.24,48.24,31,mn8370qr,,,,,0
14,q9v4q54j,,0,308,307,post_exp,FinalForProlific,2026-05-20 19:25:41.266013,1,,,4846.0,2,,0.0,d2123171-a761-420f-9ca0-9fc0a54b2e13,2514.88,60.0,8.0,480.0,2994.88,,3800.0,10.0,,,,,0.0,0,,,3,32f83e1a-8f9b-4533-82cc-9d1a1ceded46,https://london-trader-6b45bffdcd02.herokuapp.com,wss://london-trader-6b45bffdcd02.herokuapp.com,,1,4,ghp,gamified,human_only,0.0,0,15,"[8.0, 4.0, 20.0, 8.0, 8.0, 20.0, 20.0, 4.0, 20.0, 4.0, 20.0, 0.0, 8.0, 8.0, 8.0, 8.0, 8.0, 4.0, 4.0, 20.0, 0.0, 0.0, 8.0, 4.0, 4.0, 4.0, 20.0, 8.0, 8.0, 0.0, 8.0, 4.0, 4.0]",48.24,48.24,31,mn8370qr,,,,,0
15,5g1om6y0,,0,308,307,post_exp,FinalForProlific,2026-05-20 19:25:41.271633,1,,,6308.0,3,,0.0,957560c7-bf61-4449-bb07-a260f24dc622,5193.370000000001,0.0,8.0,0.0,5193.370000000001,,2600.0,20.0,,,,,0.0,0,,,3,32f83e1a-8f9b-4533-82cc-9d1a1ceded46,https://london-trader-6b45bffdcd02.herokuapp.com,wss://london-trader-6b45bffdcd02.herokuapp.com,,1,4,ghp,gamified,human_only,0.0,0,15,"[8.0, 4.0, 20.0, 8.0, 8.0, 20.0, 20.0, 4.0, 20.0, 4.0, 20.0, 0.0, 8.0, 8.0, 8.0, 8.0, 8.0, 4.0, 4.0, 20.0, 0.0, 0.0, 8.0, 4.0, 4.0, 4.0, 20.0, 8.0, 8.0, 0.0, 8.0, 4.0, 4.0]",48.24,48.24,31,mn8370qr,,,,,0
16,ry1l466x,,0,308,307,post_exp,FinalForProlific,2026-05-20 19:25:41.277077,1,,,5341.0,4,,0.0,b708290f-ab81-4247-b84a-d9e1a961e73f,5180.9,0.0,8.0,0.0,5180.9,,3800.0,10.0,,,,,0.0,0,,,3,32f83e1a-8f9b-4533-82cc-9d1a1ceded46,https://london-trader-6b45bffdcd02.herokuapp.com,wss://london-trader-6b45bffdcd02.herokuapp.com,,1,4,ghp,gamified,human_only,0.0,0,15,"[8.0, 4.0, 20.0, 8.0, 8.0, 20.0, 20.0, 4.0, 20.0, 4.0, 20.0, 0.0, 8.0, 8.0, 8.0, 8.0, 8.0, 4.0, 4.0, 20.0, 0.0, 0.0, 8.0, 4.0, 4.0, 4.0, 20.0, 8.0, 8.0, 0.0, 8.0, 4.0, 4.0]",48.24,48.24,31,mn8370qr,,,,,0
1,e4rzuiqc,,0,308,307,post_exp,FinalForProlific,2026-05-20 19:25:41.187444,1,,,5538.0,1,,0.0,e587d9fc-8b60-4d5e-94d5-3b29caa7cace,5417.62,0.0,4.0,0.0,5417.62,,2600.0,20.0,,,,,0.0,0,,,1,b86ad8e8-b0f6-4578-8e02-b4a87378a89d,https://london-trader-6b45bffdcd02.herokuapp.com,wss://london-trader-6b45bffdcd02.herokuapp.com,,1,6,gh,hedonic_only,human_only,0.0,0,15,"[8.0, 4.0, 20.0, 8.0, 8.0, 20.0, 20.0, 4.0, 20.0, 4.0, 20.0, 0.0, 8.0, 8.0, 8.0, 8.0, 8.0, 4.0, 4.0, 20.0, 0.0, 0.0, 8.0, 4.0, 4.0, 4.0, 20.0, 8.0, 8.0, 0.0, 8.0, 4.0, 4.0]",1000.0,1000.0,32,mn8370qr,,,,,0
2,j6o1gu35,,0,308,307,post_exp,FinalForProlific,2026-05-20 19:25:41.199388,1,,,1136.0,2,,0.0,2687126f-035a-4f5c-9b79-40117776a123,407.7399999999998,81.0,4.0,324.0,731.7399999999998,,3800.0,10.0,,,,,0.0,0,,,1,b86ad8e8-b0f6-4578-8e02-b4a87378a89d,https://london-trader-6b45bffdcd02.herokuapp.com,wss://london-trader-6b45bffdcd02.herokuapp.com,,1,6,gh,hedonic_only,human_only,0.0,0,15,"[8.0, 4.0, 20.0, 8.0, 8.0, 20.0, 20.0, 4.0, 20.0, 4.0, 20.0, 0.0, 8.0, 8.0, 8.0, 8.0, 8.0, 4.0, 4.0, 20.0, 0.0, 0.0, 8.0, 4.0, 4.0, 4.0, 20.0, 8.0, 8.0, 0.0, 8.0, 4.0, 4.0]",1000.0,1000.0,32,mn8370qr,,,,,0
3,z9n52ebr,,0,308,307,post_exp,FinalForProlific,2026-05-20 19:25:41.205068,1,,,5326.0,3,,0.0,e2aa12cd-48ec-4b85-a4ed-c4fc7b454ddf,5183.01,7.0,4.0,28.0,5211.01,,2600.0,20.0,,,,,0.0,0,,,1,b86ad8e8-b0f6-4578-8e02-b4a87378a89d,https://london-trader-6b45bffdcd02.herokuapp.com,wss://london-trader-6b45bffdcd02.herokuapp.com,,1,6,gh,hedonic_only,human_only,0.0,0,15,"[8.0, 4.0, 20.0, 8.0, 8.0, 20.0, 20.0, 4.0, 20.0, 4.0, 20.0, 0.0, 8.0, 8.0, 8.0, 8.0, 8.0, 4.0, 4.0, 20.0, 0.0, 0.0, 8.0, 4.0, 4.0, 4.0, 20.0, 8.0, 8.0, 0.0, 8.0, 4.0, 4.0]",1000.0,1000.0,32,mn8370qr,,,,,0
4,lh92b709,,0,308,307,post_exp,FinalForProlific,2026-05-20 19:25:41.210764,1,,,5744.0,4,,0.0,408a9933-2d73-49af-a89e-1257e848a4cf,5651.0,0.0,4.0,0.0,5651.0,,3800.0,10.0,,,,,0.0,0,,,1,b86ad8e8-b0f6-4578-8e02-b4a87378a89d,https://london-trader-6b45bffdcd02.herokuapp.com,wss://london-trader-6b45bffdcd02.herokuapp.com,,1,6,gh,hedonic_only,human_only,0.0,0,15,"[8.0, 4.0, 20.0, 8.0, 8.0, 20.0, 20.0, 4.0, 20.0, 4.0, 20.0, 0.0, 8.0, 8.0, 8.0, 8.0, 8.0, 4.0, 4.0, 20.0, 0.0, 0.0, 8.0, 4.0, 4.0, 4.0, 20.0, 8.0, 8.0, 0.0, 8.0, 4.0, 4.0]",1000.0,1000.0,32,mn8370qr,,,,,0
5,729v3r7i,,0,308,307,post_exp,FinalForProlific,2026-05-20 19:25:41.216438,1,,,5824.0,5,,0.0,85c25fb0-b87a-41cb-a477-b786b6785b79,5681.63,4.0,4.0,16.0,5697.63,,2600.0,20.0,,,,,0.0,0,,,1,b86ad8e8-b0f6-4578-8e02-b4a87378a89d,https://london-trader-6b45bffdcd02.herokuapp.com,wss://london-trader-6b45bffdcd02.herokuapp.com,,1,6,gh,hedonic_only,human_only,0.0,0,15,"[8.0, 4.0, 20.0, 8.0, 8.0, 20.0, 20.0, 4.0, 20.0, 4.0, 20.0, 0.0, 8.0, 8.0, 8.0, 8.0, 8.0, 4.0, 4.0, 20.0, 0.0, 0.0, 8.0, 4.0, 4.0, 4.0, 20.0, 8.0, 8.0, 0.0, 8.0, 4.0, 4.0]",1000.0,1000.0,32,mn8370qr,,,,,0
6,aac2mc3k,,0,308,307,post_exp,FinalForProlific,2026-05-20 19:25:41.222017,1,,,5288.0,6,,0.0,274b90df-f4ee-4a06-b02e-fef62796b15f,5167.0,1.0,4.0,4.0,5171.0,,3800.0,10.0,,,,,0.0,0,,,1,b86ad8e8-b0f6-4578-8e02-b4a87378a89d,https://london-trader-6b45bffdcd02.herokuapp.com,wss://london-trader-6b45bffdcd02.herokuapp.com,,1,6,gh,hedonic_only,human_only,0.0,0,15,"[8.0, 4.0, 20.0, 8.0, 8.0, 20.0, 20.0, 4.0, 20.0, 4.0, 20.0, 0.0, 8.0, 8.0, 8.0, 8.0, 8.0, 4.0, 4.0, 20.0, 0.0, 0.0, 8.0, 4.0, 4.0, 4.0, 20.0, 8.0, 8.0, 0.0, 8.0, 4.0, 4.0]",1000.0,1000.0,32,mn8370qr,,,,,0
7,bs9r1rdm,,0,308,307,post_exp,FinalForProlific,2026-05-20 19:25:41.227334,1,,,4422.0,1,,0.0,bb1de49e-9922-4e51-bf38-42f79bfa10dd,4310.850000000001,6.0,4.0,24.0,4334.850000000001,,2600.0,20.0,,,,,0.0,0,,,2,aeea46bb-84ad-409e-b595-5f1ae9d39ed9,https://london-trader-6b45bffdcd02.herokuapp.com,wss://london-trader-6b45bffdcd02.herokuapp.com,,1,6,gp,info_only,human_only,0.0,0,15,"[8.0, 4.0, 20.0, 8.0, 8.0, 20.0, 20.0, 4.0, 20.0, 4.0, 20.0, 0.0, 8.0, 8.0, 8.0, 8.0, 8.0, 4.0, 4.0, 20.0, 0.0, 0.0, 8.0, 4.0, 4.0, 4.0, 20.0, 8.0, 8.0, 0.0, 8.0, 4.0, 4.0]",7.0,7.0,32,mn8370qr,,,,,0
8,9uh6p1vm,,0,308,307,post_exp,FinalForProlific,2026-05-20 19:25:41.233246,1,,,5926.0,2,,0.0,3cc0e1ca-01ec-458e-a73f-5f979015e052,4655.9800000000005,16.0,4.0,64.0,4719.9800000000005,,3800.0,10.0,,,,,0.0,0,,,2,aeea46bb-84ad-409e-b595-5f1ae9d39ed9,https://london-trader-6b45bffdcd02.herokuapp.com,wss://london-trader-6b45bffdcd02.herokuapp.com,,1,6,gp,info_only,human_only,0.0,0,15,"[8.0, 4.0, 20.0, 8.0, 8.0, 20.0, 20.0, 4.0, 20.0, 4.0, 20.0, 0.0, 8.0, 8.0, 8.0, 8.0, 8.0, 4.0, 4.0, 20.0, 0.0, 0.0, 8.0, 4.0, 4.0, 4.0, 20.0, 8.0, 8.0, 0.0, 8.0, 4.0, 4.0]",7.0,7.0,32,mn8370qr,,,,,0
9,kb2z64e8,,0,308,307,post_exp,FinalForProlific,2026-05-20 19:25:41.238889,1,,,6101.0,3,,0.0,a415b3a2-d76d-4f31-8ddd-bdf441257d88,4812.870000000001,2.0,4.0,8.0,4820.870000000001,,2600.0,20.0,,,,,0.0,0,,,2,aeea46bb-84ad-409e-b595-5f1ae9d39ed9,https://london-trader-6b45bffdcd02.herokuapp.com,wss://london-trader-6b45bffdcd02.herokuapp.com,,1,6,gp,info_only,human_only,0.0,0,15,"[8.0, 4.0, 20.0, 8.0, 8.0, 20.0, 20.0, 4.0, 20.0, 4.0, 20.0, 0.0, 8.0, 8.0, 8.0, 8.0, 8.0, 4.0, 4.0, 20.0, 0.0, 0.0, 8.0, 4.0, 4.0, 4.0, 20.0, 8.0, 8.0, 0.0, 8.0, 4.0, 4.0]",7.0,7.0,32,mn8370qr,,,,,0
10,ai0il249,,0,308,307,post_exp,FinalForProlific,2026-05-20 19:25:41.244342,1,,,5172.0,4,,0.0,bd8df300-e107-4fb6-a1a9-1ee4f9ce263f,4662.53,46.0,4.0,184.0,4846.53,,3800.0,10.0,,,,,0.0,0,,,2,aeea46bb-84ad-409e-b595-5f1ae9d39ed9,https://london-trader-6b45bffdcd02.herokuapp.com,wss://london-trader-6b45bffdcd02.herokuapp.com,,1,6,gp,info_only,human_only,0.0,0,15,"[8.0, 4.0, 20.0, 8.0, 8.0, 20.0, 20.0, 4.0, 20.0, 4.0, 20.0, 0.0, 8.0, 8.0, 8.0, 8.0, 8.0, 4.0, 4.0, 20.0, 0.0, 0.0, 8.0, 4.0, 4.0, 4.0, 20.0, 8.0, 8.0, 0.0, 8.0, 4.0, 4.0]",7.0,7.0,32,mn8370qr,,,,,0
11,pqnknbrr,,0,308,307,post_exp,FinalForProlific,2026-05-20 19:25:41.249954,1,,,4810.0,5,,0.0,0dfc44c4-9a29-46a9-8b14-42a4bda28f5c,4512.539999999999,20.0,4.0,80.0,4592.539999999999,,2600.0,20.0,,,,,0.0,0,,,2,aeea46bb-84ad-409e-b595-5f1ae9d39ed9,https://london-trader-6b45bffdcd02.herokuapp.com,wss://london-trader-6b45bffdcd02.herokuapp.com,,1,6,gp,info_only,human_only,0.0,0,15,"[8.0, 4.0, 20.0, 8.0, 8.0, 20.0, 20.0, 4.0, 20.0, 4.0, 20.0, 0.0, 8.0, 8.0, 8.0, 8.0, 8.0, 4.0, 4.0, 20.0, 0.0, 0.0, 8.0, 4.0, 4.0, 4.0, 20.0, 8.0, 8.0, 0.0, 8.0, 4.0, 4.0]",7.0,7.0,32,mn8370qr,,,,,0
12,whc9aveo,,0,308,307,post_exp,FinalForProlific,2026-05-20 19:25:41.255262,1,,,6139.0,6,,0.0,b36c610c-8e4d-4bcb-b3bf-9233bc19bd59,4973.23,10.0,4.0,40.0,5013.23,,3800.0,10.0,,,,,0.0,0,,,2,aeea46bb-84ad-409e-b595-5f1ae9d39ed9,https://london-trader-6b45bffdcd02.herokuapp.com,wss://london-trader-6b45bffdcd02.herokuapp.com,,1,6,gp,info_only,human_only,0.0,0,15,"[8.0, 4.0, 20.0, 8.0, 8.0, 20.0, 20.0, 4.0, 20.0, 4.0, 20.0, 0.0, 8.0, 8.0, 8.0, 8.0, 8.0, 4.0, 4.0, 20.0, 0.0, 0.0, 8.0, 4.0, 4.0, 4.0, 20.0, 8.0, 8.0, 0.0, 8.0, 4.0, 4.0]",7.0,7.0,32,mn8370qr,,,,,0
13,51q1wtqi,,0,308,307,post_exp,FinalForProlific,2026-05-20 19:25:41.260557,1,,,6081.0,1,,0.0,0500554f-6ad6-4d90-b416-d094e1c2d6fa,5042.85,0.0,4.0,0.0,5042.85,,2600.0,20.0,,,,,0.0,0,,,3,32f83e1a-8f9b-4533-82cc-9d1a1ceded46,https://london-trader-6b45bffdcd02.herokuapp.com,wss://london-trader-6b45bffdcd02.herokuapp.com,,1,4,ghp,gamified,human_only,0.0,0,15,"[8.0, 4.0, 20.0, 8.0, 8.0, 20.0, 20.0, 4.0, 20.0, 4.0, 20.0, 0.0, 8.0, 8.0, 8.0, 8.0, 8.0, 4.0, 4.0, 20.0, 0.0, 0.0, 8.0, 4.0, 4.0, 4.0, 20.0, 8.0, 8.0, 0.0, 8.0, 4.0, 4.0]",48.24,48.24,32,mn8370qr,,,,,0
14,q9v4q54j,,0,308,307,post_exp,FinalForProlific,2026-05-20 19:25:41.266013,1,,,4846.0,2,,0.0,d2123171-a761-420f-9ca0-9fc0a54b2e13,2994.88,60.0,4.0,240.0,3234.88,,3800.0,10.0,,,,,0.0,0,,,3,32f83e1a-8f9b-4533-82cc-9d1a1ceded46,https://london-trader-6b45bffdcd02.herokuapp.com,wss://london-trader-6b45bffdcd02.herokuapp.com,,1,4,ghp,gamified,human_only,0.0,0,15,"[8.0, 4.0, 20.0, 8.0, 8.0, 20.0, 20.0, 4.0, 20.0, 4.0, 20.0, 0.0, 8.0, 8.0, 8.0, 8.0, 8.0, 4.0, 4.0, 20.0, 0.0, 0.0, 8.0, 4.0, 4.0, 4.0, 20.0, 8.0, 8.0, 0.0, 8.0, 4.0, 4.0]",48.24,48.24,32,mn8370qr,,,,,0
15,5g1om6y0,,0,308,307,post_exp,FinalForProlific,2026-05-20 19:25:41.271633,1,,,6308.0,3,,0.0,957560c7-bf61-4449-bb07-a260f24dc622,5193.370000000001,0.0,4.0,0.0,5193.370000000001,,2600.0,20.0,,,,,0.0,0,,,3,32f83e1a-8f9b-4533-82cc-9d1a1ceded46,https://london-trader-6b45bffdcd02.herokuapp.com,wss://london-trader-6b45bffdcd02.herokuapp.com,,1,4,ghp,gamified,human_only,0.0,0,15,"[8.0, 4.0, 20.0, 8.0, 8.0, 20.0, 20.0, 4.0, 20.0, 4.0, 20.0, 0.0, 8.0, 8.0, 8.0, 8.0, 8.0, 4.0, 4.0, 20.0, 0.0, 0.0, 8.0, 4.0, 4.0, 4.0, 20.0, 8.0, 8.0, 0.0, 8.0, 4.0, 4.0]",48.24,48.24,32,mn8370qr,,,,,0
16,ry1l466x,,0,308,307,post_exp,FinalForProlific,2026-05-20 19:25:41.277077,1,,,5341.0,4,,0.0,b708290f-ab81-4247-b84a-d9e1a961e73f,5180.9,0.0,4.0,0.0,5180.9,,3800.0,10.0,,,,,0.0,0,,,3,32f83e1a-8f9b-4533-82cc-9d1a1ceded46,https://london-trader-6b45bffdcd02.herokuapp.com,wss://london-trader-6b45bffdcd02.herokuapp.com,,1,4,ghp,gamified,human_only,0.0,0,15,"[8.0, 4.0, 20.0, 8.0, 8.0, 20.0, 20.0, 4.0, 20.0, 4.0, 20.0, 0.0, 8.0, 8.0, 8.0, 8.0, 8.0, 4.0, 4.0, 20.0, 0.0, 0.0, 8.0, 4.0, 4.0, 4.0, 20.0, 8.0, 8.0, 0.0, 8.0, 4.0, 4.0]",48.24,48.24,32,mn8370qr,,,,,0
1,e4rzuiqc,,0,308,307,post_exp,FinalForProlific,2026-05-20 19:25:41.187444,1,,,5538.0,1,,0.0,e587d9fc-8b60-4d5e-94d5-3b29caa7cace,5417.62,0.0,4.0,0.0,5417.62,,2600.0,20.0,,,,,0.0,0,,,1,b86ad8e8-b0f6-4578-8e02-b4a87378a89d,https://london-trader-6b45bffdcd02.herokuapp.com,wss://london-trader-6b45bffdcd02.herokuapp.com,,1,6,gh,hedonic_only,human_only,0.0,0,15,"[8.0, 4.0, 20.0, 8.0, 8.0, 20.0, 20.0, 4.0, 20.0, 4.0, 20.0, 0.0, 8.0, 8.0, 8.0, 8.0, 8.0, 4.0, 4.0, 20.0, 0.0, 0.0, 8.0, 4.0, 4.0, 4.0, 20.0, 8.0, 8.0, 0.0, 8.0, 4.0, 4.0]",20.0,20.0,33,mn8370qr,,,,,0
2,j6o1gu35,,0,308,307,post_exp,FinalForProlific,2026-05-20 19:25:41.199388,1,,,1136.0,2,,0.0,2687126f-035a-4f5c-9b79-40117776a123,793.7399999999998,78.0,4.0,312.0,1105.7399999999998,,3800.0,10.0,,,,,0.0,0,,,1,b86ad8e8-b0f6-4578-8e02-b4a87378a89d,https://london-trader-6b45bffdcd02.herokuapp.com,wss://london-trader-6b45bffdcd02.herokuapp.com,,1,6,gh,hedonic_only,human_only,0.0,0,15,"[8.0, 4.0, 20.0, 8.0, 8.0, 20.0, 20.0, 4.0, 20.0, 4.0, 20.0, 0.0, 8.0, 8.0, 8.0, 8.0, 8.0, 4.0, 4.0, 20.0, 0.0, 0.0, 8.0, 4.0, 4.0, 4.0, 20.0, 8.0, 8.0, 0.0, 8.0, 4.0, 4.0]",20.0,20.0,33,mn8370qr,,,,,0
3,z9n52ebr,,0,308,307,post_exp,FinalForProlific,2026-05-20 19:25:41.205068,1,,,5326.0,3,,0.0,e2aa12cd-48ec-4b85-a4ed-c4fc7b454ddf,5164.01,13.0,4.0,52.0,5216.01,,2600.0,20.0,,,,,0.0,0,,,1,b86ad8e8-b0f6-4578-8e02-b4a87378a89d,https://london-trader-6b45bffdcd02.herokuapp.com,wss://london-trader-6b45bffdcd02.herokuapp.com,,1,6,gh,hedonic_only,human_only,0.0,0,15,"[8.0, 4.0, 20.0, 8.0, 8.0, 20.0, 20.0, 4.0, 20.0, 4.0, 20.0, 0.0, 8.0, 8.0, 8.0, 8.0, 8.0, 4.0, 4.0, 20.0, 0.0, 0.0, 8.0, 4.0, 4.0, 4.0, 20.0, 8.0, 8.0, 0.0, 8.0, 4.0, 4.0]",20.0,20.0,33,mn8370qr,,,,,0
4,lh92b709,,0,308,307,post_exp,FinalForProlific,2026-05-20 19:25:41.210764,1,,,5744.0,4,,0.0,408a9933-2d73-49af-a89e-1257e848a4cf,5651.0,0.0,4.0,0.0,5651.0,,3800.0,10.0,,,,,0.0,0,,,1,b86ad8e8-b0f6-4578-8e02-b4a87378a89d,https://london-trader-6b45bffdcd02.herokuapp.com,wss://london-trader-6b45bffdcd02.herokuapp.com,,1,6,gh,hedonic_only,human_only,0.0,0,15,"[8.0, 4.0, 20.0, 8.0, 8.0, 20.0, 20.0, 4.0, 20.0, 4.0, 20.0, 0.0, 8.0, 8.0, 8.0, 8.0, 8.0, 4.0, 4.0, 20.0, 0.0, 0.0, 8.0, 4.0, 4.0, 4.0, 20.0, 8.0, 8.0, 0.0, 8.0, 4.0, 4.0]",20.0,20.0,33,mn8370qr,,,,,0
5,729v3r7i,,0,308,307,post_exp,FinalForProlific,2026-05-20 19:25:41.216438,1,,,5824.0,5,,0.0,85c25fb0-b87a-41cb-a477-b786b6785b79,5697.63,4.0,4.0,16.0,5713.63,,2600.0,20.0,,,,,0.0,0,,,1,b86ad8e8-b0f6-4578-8e02-b4a87378a89d,https://london-trader-6b45bffdcd02.herokuapp.com,wss://london-trader-6b45bffdcd02.herokuapp.com,,1,6,gh,hedonic_only,human_only,0.0,0,15,"[8.0, 4.0, 20.0, 8.0, 8.0, 20.0, 20.0, 4.0, 20.0, 4.0, 20.0, 0.0, 8.0, 8.0, 8.0, 8.0, 8.0, 4.0, 4.0, 20.0, 0.0, 0.0, 8.0, 4.0, 4.0, 4.0, 20.0, 8.0, 8.0, 0.0, 8.0, 4.0, 4.0]",20.0,20.0,33,mn8370qr,,,,,0
6,aac2mc3k,,0,308,307,post_exp,FinalForProlific,2026-05-20 19:25:41.222017,1,,,5288.0,6,,0.0,274b90df-f4ee-4a06-b02e-fef62796b15f,5156.0,3.0,4.0,12.0,5168.0,,3800.0,10.0,,,,,0.0,0,,,1,b86ad8e8-b0f6-4578-8e02-b4a87378a89d,https://london-trader-6b45bffdcd02.herokuapp.com,wss://london-trader-6b45bffdcd02.herokuapp.com,,1,6,gh,hedonic_only,human_only,0.0,0,15,"[8.0, 4.0, 20.0, 8.0, 8.0, 20.0, 20.0, 4.0, 20.0, 4.0, 20.0, 0.0, 8.0, 8.0, 8.0, 8.0, 8.0, 4.0, 4.0, 20.0, 0.0, 0.0, 8.0, 4.0, 4.0, 4.0, 20.0, 8.0, 8.0, 0.0, 8.0, 4.0, 4.0]",20.0,20.0,33,mn8370qr,,,,,0
7,bs9r1rdm,,0,308,307,post_exp,FinalForProlific,2026-05-20 19:25:41.227334,1,,,4422.0,1,,0.0,bb1de49e-9922-4e51-bf38-42f79bfa10dd,4312.100000000001,10.0,4.0,40.0,4352.100000000001,,2600.0,20.0,,,,,0.0,0,,,2,aeea46bb-84ad-409e-b595-5f1ae9d39ed9,https://london-trader-6b45bffdcd02.herokuapp.com,wss://london-trader-6b45bffdcd02.herokuapp.com,,1,6,gp,info_only,human_only,0.0,0,15,"[8.0, 4.0, 20.0, 8.0, 8.0, 20.0, 20.0, 4.0, 20.0, 4.0, 20.0, 0.0, 8.0, 8.0, 8.0, 8.0, 8.0, 4.0, 4.0, 20.0, 0.0, 0.0, 8.0, 4.0, 4.0, 4.0, 20.0, 8.0, 8.0, 0.0, 8.0, 4.0, 4.0]",8.0,8.0,33,mn8370qr,,,,,0
8,9uh6p1vm,,0,308,307,post_exp,FinalForProlific,2026-05-20 19:25:41.233246,1,,,5926.0,2,,0.0,3cc0e1ca-01ec-458e-a73f-5f979015e052,4719.9800000000005,16.0,4.0,64.0,4783.9800000000005,,3800.0,10.0,,,,,0.0,0,,,2,aeea46bb-84ad-409e-b595-5f1ae9d39ed9,https://london-trader-6b45bffdcd02.herokuapp.com,wss://london-trader-6b45bffdcd02.herokuapp.com,,1,6,gp,info_only,human_only,0.0,0,15,"[8.0, 4.0, 20.0, 8.0, 8.0, 20.0, 20.0, 4.0, 20.0, 4.0, 20.0, 0.0, 8.0, 8.0, 8.0, 8.0, 8.0, 4.0, 4.0, 20.0, 0.0, 0.0, 8.0, 4.0, 4.0, 4.0, 20.0, 8.0, 8.0, 0.0, 8.0, 4.0, 4.0]",8.0,8.0,33,mn8370qr,,,,,0
9,kb2z64e8,,0,308,307,post_exp,FinalForProlific,2026-05-20 19:25:41.238889,1,,,6101.0,3,,0.0,a415b3a2-d76d-4f31-8ddd-bdf441257d88,4827.870000000001,0.0,4.0,0.0,4827.870000000001,,2600.0,20.0,,,,,0.0,0,,,2,aeea46bb-84ad-409e-b595-5f1ae9d39ed9,https://london-trader-6b45bffdcd02.herokuapp.com,wss://london-trader-6b45bffdcd02.herokuapp.com,,1,6,gp,info_only,human_only,0.0,0,15,"[8.0, 4.0, 20.0, 8.0, 8.0, 20.0, 20.0, 4.0, 20.0, 4.0, 20.0, 0.0, 8.0, 8.0, 8.0, 8.0, 8.0, 4.0, 4.0, 20.0, 0.0, 0.0, 8.0, 4.0, 4.0, 4.0, 20.0, 8.0, 8.0, 0.0, 8.0, 4.0, 4.0]",8.0,8.0,33,mn8370qr,,,,,0
10,ai0il249,,0,308,307,post_exp,FinalForProlific,2026-05-20 19:25:41.244342,1,,,5172.0,4,,0.0,bd8df300-e107-4fb6-a1a9-1ee4f9ce263f,4861.78,45.0,4.0,180.0,5041.78,,3800.0,10.0,,,,,0.0,0,,,2,aeea46bb-84ad-409e-b595-5f1ae9d39ed9,https://london-trader-6b45bffdcd02.herokuapp.com,wss://london-trader-6b45bffdcd02.herokuapp.com,,1,6,gp,info_only,human_only,0.0,0,15,"[8.0, 4.0, 20.0, 8.0, 8.0, 20.0, 20.0, 4.0, 20.0, 4.0, 20.0, 0.0, 8.0, 8.0, 8.0, 8.0, 8.0, 4.0, 4.0, 20.0, 0.0, 0.0, 8.0, 4.0, 4.0, 4.0, 20.0, 8.0, 8.0, 0.0, 8.0, 4.0, 4.0]",8.0,8.0,33,mn8370qr,,,,,0
11,pqnknbrr,,0,308,307,post_exp,FinalForProlific,2026-05-20 19:25:41.249954,1,,,4810.0,5,,0.0,0dfc44c4-9a29-46a9-8b14-42a4bda28f5c,4585.539999999999,31.0,4.0,124.0,4709.539999999999,,2600.0,20.0,,,,,0.0,0,,,2,aeea46bb-84ad-409e-b595-5f1ae9d39ed9,https://london-trader-6b45bffdcd02.herokuapp.com,wss://london-trader-6b45bffdcd02.herokuapp.com,,1,6,gp,info_only,human_only,0.0,0,15,"[8.0, 4.0, 20.0, 8.0, 8.0, 20.0, 20.0, 4.0, 20.0, 4.0, 20.0, 0.0, 8.0, 8.0, 8.0, 8.0, 8.0, 4.0, 4.0, 20.0, 0.0, 0.0, 8.0, 4.0, 4.0, 4.0, 20.0, 8.0, 8.0, 0.0, 8.0, 4.0, 4.0]",8.0,8.0,33,mn8370qr,,,,,0
12,whc9aveo,,0,308,307,post_exp,FinalForProlific,2026-05-20 19:25:41.255262,1,,,6139.0,6,,0.0,b36c610c-8e4d-4bcb-b3bf-9233bc19bd59,5020.73,5.0,4.0,20.0,5040.73,,3800.0,10.0,,,,,0.0,0,,,2,aeea46bb-84ad-409e-b595-5f1ae9d39ed9,https://london-trader-6b45bffdcd02.herokuapp.com,wss://london-trader-6b45bffdcd02.herokuapp.com,,1,6,gp,info_only,human_only,0.0,0,15,"[8.0, 4.0, 20.0, 8.0, 8.0, 20.0, 20.0, 4.0, 20.0, 4.0, 20.0, 0.0, 8.0, 8.0, 8.0, 8.0, 8.0, 4.0, 4.0, 20.0, 0.0, 0.0, 8.0, 4.0, 4.0, 4.0, 20.0, 8.0, 8.0, 0.0, 8.0, 4.0, 4.0]",8.0,8.0,33,mn8370qr,,,,,0
13,51q1wtqi,,0,308,307,post_exp,FinalForProlific,2026-05-20 19:25:41.260557,1,,,6081.0,1,,0.0,0500554f-6ad6-4d90-b416-d094e1c2d6fa,5042.85,0.0,4.0,0.0,5042.85,,2600.0,20.0,,,,,0.0,0,,,3,32f83e1a-8f9b-4533-82cc-9d1a1ceded46,https://london-trader-6b45bffdcd02.herokuapp.com,wss://london-trader-6b45bffdcd02.herokuapp.com,,1,4,ghp,gamified,human_only,0.0,0,15,"[8.0, 4.0, 20.0, 8.0, 8.0, 20.0, 20.0, 4.0, 20.0, 4.0, 20.0, 0.0, 8.0, 8.0, 8.0, 8.0, 8.0, 4.0, 4.0, 20.0, 0.0, 0.0, 8.0, 4.0, 4.0, 4.0, 20.0, 8.0, 8.0, 0.0, 8.0, 4.0, 4.0]",48.24,48.24,33,mn8370qr,,,,,0
14,q9v4q54j,,0,308,307,post_exp,FinalForProlific,2026-05-20 19:25:41.266013,1,,,4846.0,2,,0.0,d2123171-a761-420f-9ca0-9fc0a54b2e13,3234.88,74.0,4.0,296.0,3530.88,,3800.0,10.0,,,,,0.0,0,,,3,32f83e1a-8f9b-4533-82cc-9d1a1ceded46,https://london-trader-6b45bffdcd02.herokuapp.com,wss://london-trader-6b45bffdcd02.herokuapp.com,,1,4,ghp,gamified,human_only,0.0,0,15,"[8.0, 4.0, 20.0, 8.0, 8.0, 20.0, 20.0, 4.0, 20.0, 4.0, 20.0, 0.0, 8.0, 8.0, 8.0, 8.0, 8.0, 4.0, 4.0, 20.0, 0.0, 0.0, 8.0, 4.0, 4.0, 4.0, 20.0, 8.0, 8.0, 0.0, 8.0, 4.0, 4.0]",48.24,48.24,33,mn8370qr,,,,,0
15,5g1om6y0,,0,308,307,post_exp,FinalForProlific,2026-05-20 19:25:41.271633,1,,,6308.0,3,,0.0,957560c7-bf61-4449-bb07-a260f24dc622,5193.370000000001,0.0,4.0,0.0,5193.370000000001,,2600.0,20.0,,,,,0.0,0,,,3,32f83e1a-8f9b-4533-82cc-9d1a1ceded46,https://london-trader-6b45bffdcd02.herokuapp.com,wss://london-trader-6b45bffdcd02.herokuapp.com,,1,4,ghp,gamified,human_only,0.0,0,15,"[8.0, 4.0, 20.0, 8.0, 8.0, 20.0, 20.0, 4.0, 20.0, 4.0, 20.0, 0.0, 8.0, 8.0, 8.0, 8.0, 8.0, 4.0, 4.0, 20.0, 0.0, 0.0, 8.0, 4.0, 4.0, 4.0, 20.0, 8.0, 8.0, 0.0, 8.0, 4.0, 4.0]",48.24,48.24,33,mn8370qr,,,,,0
16,ry1l466x,,0,308,307,post_exp,FinalForProlific,2026-05-20 19:25:41.277077,1,,,5341.0,4,,0.0,b708290f-ab81-4247-b84a-d9e1a961e73f,5180.9,0.0,4.0,0.0,5180.9,,3800.0,10.0,,,,,0.0,0,,,3,32f83e1a-8f9b-4533-82cc-9d1a1ceded46,https://london-trader-6b45bffdcd02.herokuapp.com,wss://london-trader-6b45bffdcd02.herokuapp.com,,1,4,ghp,gamified,human_only,0.0,0,15,"[8.0, 4.0, 20.0, 8.0, 8.0, 20.0, 20.0, 4.0, 20.0, 4.0, 20.0, 0.0, 8.0, 8.0, 8.0, 8.0, 8.0, 4.0, 4.0, 20.0, 0.0, 0.0, 8.0, 4.0, 4.0, 4.0, 20.0, 8.0, 8.0, 0.0, 8.0, 4.0, 4.0]",48.24,48.24,33,mn8370qr,,,,,0
