market_uuid,trading_day,n_traders,avg_age,share_female,share_finance_course,share_trading_experience,share_high_education,avg_fin_quiz,sd_fin_quiz,avg_self_assessment,avg_overconfidence,sd_overconfidence,avg_cq_attempts,avg_wealth,sd_wealth,gini,avg_forecast,sd_forecast,share_feedback,share_speculator,share_fundamental,share_other,repetition,treatment,gamified,hedonic,price_notifications,n_trades_market,avg_trade_price,avg_mispricing,avg_abs_mispricing,closing_price,opening_price,max_price,min_price,fundamental_value,price_L1,price_L2,price_next,return,abs_mispricing_ratio,surge,crash,normalized_mispricing,bubble_period,bubble_start,cum_surge,cum_crash,cum_bubble_period
17f3bde5-9e00-47d0-8909-b138b266b325,1,6,29.166666666666668,0.1666666666666666,0.3333333333333333,0.0,1.0,0.7222222222222222,0.1638653467083625,4.833333333333333,-0.2388888888888889,0.3468375647133631,2.3333333333333335,5100.0,142.08870468830366,0.0132461873638344,,,0.1666666666666666,0.25,0.25,0.3333333333333333,1,ng,0,0,0,2.0,105.5,-14.5,14.5,112.0,99.0,112.0,99.0,120,,,112.0,,0.1208333333333333,0,0,-0.1208333333333333,0,0,0,0,0
a5f35780-eeec-48f3-bd11-2a02633bc450,1,6,24.333333333333332,0.5,0.3333333333333333,0.3333333333333333,0.8333333333333334,0.7777777777777778,0.2151657414559676,4.0,-0.3777777777777777,0.4166888882963279,1.5,5060.0,80.08994943187314,0.0077953447518664,,,0.0833333333333333,0.4166666666666667,0.5,0.0,1,ghp,1,1,1,1.0,86.0,-34.0,34.0,86.0,86.0,86.0,86.0,120,,,84.99,,0.2833333333333333,0,0,-0.2833333333333333,0,0,0,0,0
17f3bde5-9e00-47d0-8909-b138b266b325,2,6,29.166666666666668,0.1666666666666666,0.3333333333333333,0.0,1.0,0.7222222222222222,0.1638653467083625,4.833333333333333,-0.2388888888888889,0.3468375647133631,2.3333333333333335,5137.333333333333,116.762436882187,0.0105004758197075,,,0.1666666666666666,0.25,0.25,0.3333333333333333,1,ng,0,0,0,0.0,,,,112.0,,,,112,112.0,,95.0,0.0,,0,0,,0,0,0,0,0
a5f35780-eeec-48f3-bd11-2a02633bc450,2,6,24.333333333333332,0.5,0.3333333333333333,0.3333333333333333,0.8333333333333334,0.7777777777777778,0.2151657414559676,4.0,-0.3777777777777777,0.4166888882963279,1.5,5060.0,79.69680068860988,0.0078288317962231,,,0.0833333333333333,0.4166666666666667,0.5,0.0,1,ghp,1,1,1,3.0,87.66000000000001,-24.340000000000003,24.340000000000003,84.99,89.99,89.99,84.99,112,86.0,,72.0,-0.0117441860465117,0.2173214285714286,0,0,-0.2173214285714284,0,0,0,0,0
17f3bde5-9e00-47d0-8909-b138b266b325,3,6,29.166666666666668,0.1666666666666666,0.3333333333333333,0.0,1.0,0.7222222222222222,0.1638653467083625,4.833333333333333,-0.2388888888888889,0.3468375647133631,2.3333333333333335,5068.0,93.0118272049312,0.0088025081119003,0.0,36.742346141747674,0.1666666666666666,0.25,0.25,0.3333333333333333,1,ng,0,0,0,3.0,96.0,-8.0,8.0,95.0,100.0,100.0,93.0,104,112.0,112.0,90.5,-0.1517857142857143,0.0769230769230769,0,0,-0.0769230769230769,0,0,0,0,0
a5f35780-eeec-48f3-bd11-2a02633bc450,3,6,24.333333333333332,0.5,0.3333333333333333,0.3333333333333333,0.8333333333333334,0.7777777777777778,0.2151657414559676,4.0,-0.3777777777777777,0.4166888882963279,1.5,5025.333333333333,52.02059925324444,0.0052181170956044,0.0,0.0,0.0833333333333333,0.4166666666666667,0.5,0.0,1,ghp,1,1,1,6.0,84.665,-19.335,19.335,72.0,88.0,89.0,72.0,104,84.99,86.0,67.0,-0.1528415107659724,0.1859134615384615,0,0,-0.1859134615384614,0,0,0,0,0
17f3bde5-9e00-47d0-8909-b138b266b325,4,6,29.166666666666668,0.1666666666666666,0.3333333333333333,0.0,1.0,0.7222222222222222,0.1638653467083625,4.833333333333333,-0.2388888888888889,0.3468375647133631,2.3333333333333335,5270.0,65.22192882765728,0.0059666877503689,,,0.1666666666666666,0.25,0.25,0.3333333333333333,1,ng,0,0,0,2.0,90.75,-5.25,5.25,90.5,91.0,91.0,90.5,96,95.0,112.0,88.5,-0.0473684210526316,0.0546875,0,0,-0.0546875,0,0,0,0,0
a5f35780-eeec-48f3-bd11-2a02633bc450,4,6,24.333333333333332,0.5,0.3333333333333333,0.3333333333333333,0.8333333333333334,0.7777777777777778,0.2151657414559676,4.0,-0.3777777777777777,0.4166888882963279,1.5,5255.333333333333,161.0263417788116,0.0155612288046006,,,0.0833333333333333,0.4166666666666667,0.5,0.0,1,ghp,1,1,1,4.0,72.75,-23.25,23.25,67.0,79.0,79.0,67.0,96,72.0,84.99,70.5,-0.0694444444444444,0.2421875,0,0,-0.2421875,0,0,0,0,0
17f3bde5-9e00-47d0-8909-b138b266b325,5,6,29.166666666666668,0.1666666666666666,0.3333333333333333,0.0,1.0,0.7222222222222222,0.1638653467083625,4.833333333333333,-0.2388888888888889,0.3468375647133631,2.3333333333333335,5443.333333333333,164.0142270251781,0.0155184731577873,,,0.1666666666666666,0.25,0.25,0.3333333333333333,1,ng,0,0,0,5.0,89.6,1.6,1.6,88.5,90.5,90.5,88.5,88,90.5,95.0,70.0,-0.0220994475138122,0.0181818181818181,0,0,0.0181818181818181,0,0,0,0,0
a5f35780-eeec-48f3-bd11-2a02633bc450,5,6,24.333333333333332,0.5,0.3333333333333333,0.3333333333333333,0.8333333333333334,0.7777777777777778,0.2151657414559676,4.0,-0.3777777777777777,0.4166888882963279,1.5,5443.333333333333,217.52193624245493,0.0197947540314349,,,0.0833333333333333,0.4166666666666667,0.5,0.0,1,ghp,1,1,1,5.0,69.0,-19.0,19.0,70.5,68.0,70.5,67.5,88,67.0,72.0,64.0,0.0522388059701492,0.2159090909090909,0,0,-0.2159090909090909,0,0,0,0,0
17f3bde5-9e00-47d0-8909-b138b266b325,6,6,29.166666666666668,0.1666666666666666,0.3333333333333333,0.0,1.0,0.7222222222222222,0.1638653467083625,4.833333333333333,-0.2388888888888889,0.3468375647133631,2.3333333333333335,5408.0,141.00354605470034,0.0129026955950032,70.0,1630.79632899595,0.1666666666666666,0.25,0.25,0.3333333333333333,1,ng,0,0,0,6.0,82.0,2.0,5.333333333333333,70.0,88.0,88.0,70.0,80,88.5,90.5,79.0,-0.2090395480225988,0.0666666666666666,0,0,0.025,0,0,0,0,0
a5f35780-eeec-48f3-bd11-2a02633bc450,6,6,24.333333333333332,0.5,0.3333333333333333,0.3333333333333333,0.8333333333333334,0.7777777777777778,0.2151657414559676,4.0,-0.3777777777777777,0.4166888882963279,1.5,5340.666666666667,193.07867046016935,0.0182913077851287,61.5,1592.2076079037768,0.0833333333333333,0.4166666666666667,0.5,0.0,1,ghp,1,1,1,5.0,64.774,-15.226000000000004,15.226000000000004,64.0,65.0,65.0,64.0,80,70.5,67.0,61.0,-0.0921985815602837,0.190325,0,0,-0.190325,0,0,0,0,0
17f3bde5-9e00-47d0-8909-b138b266b325,7,6,29.166666666666668,0.1666666666666666,0.3333333333333333,0.0,1.0,0.7222222222222222,0.1638653467083625,4.833333333333333,-0.2388888888888889,0.3468375647133631,2.3333333333333335,5598.0,160.49859812471882,0.0146232781548965,,,0.1666666666666666,0.25,0.25,0.3333333333333333,1,ng,0,0,0,7.0,64.85714285714286,-7.142857142857143,10.0,79.0,58.0,79.0,55.0,72,70.0,88.5,60.0,0.1285714285714285,0.1388888888888889,0,0,-0.0992063492063491,0,0,0,0,0
a5f35780-eeec-48f3-bd11-2a02633bc450,7,6,24.333333333333332,0.5,0.3333333333333333,0.3333333333333333,0.8333333333333334,0.7777777777777778,0.2151657414559676,4.0,-0.3777777777777777,0.4166888882963279,1.5,5546.666666666667,258.00923810334143,0.0239059495192307,,,0.0833333333333333,0.4166666666666667,0.5,0.0,1,ghp,1,1,1,6.0,62.35166666666667,-9.648333333333332,9.648333333333332,61.0,62.63,63.82,61.0,72,64.0,70.5,53.0,-0.046875,0.1340046296296296,0,0,-0.1340046296296296,0,0,0,0,0
17f3bde5-9e00-47d0-8909-b138b266b325,8,6,29.166666666666668,0.1666666666666666,0.3333333333333333,0.0,1.0,0.7222222222222222,0.1638653467083625,4.833333333333333,-0.2388888888888889,0.3468375647133631,2.3333333333333335,5556.0,190.67773860626727,0.0168186545076393,,,0.1666666666666666,0.25,0.25,0.3333333333333333,1,ng,0,0,0,6.0,75.0,11.0,13.333333333333334,60.0,79.0,90.0,60.0,64,79.0,70.0,60.0,-0.240506329113924,0.2083333333333333,0,0,0.171875,0,0,0,0,0
a5f35780-eeec-48f3-bd11-2a02633bc450,8,6,24.333333333333332,0.5,0.3333333333333333,0.3333333333333333,0.8333333333333334,0.7777777777777778,0.2151657414559676,4.0,-0.3777777777777777,0.4166888882963279,1.5,5474.0,256.39606206024325,0.0238983274469208,,,0.0833333333333333,0.4166666666666667,0.5,0.0,1,ghp,1,1,1,3.0,55.99666666666667,-8.003333333333332,8.003333333333332,53.0,57.99,57.99,53.0,64,61.0,64.0,47.0,-0.1311475409836066,0.1250520833333333,0,0,-0.1250520833333332,0,0,0,0,0
17f3bde5-9e00-47d0-8909-b138b266b325,9,6,29.166666666666668,0.1666666666666666,0.3333333333333333,0.0,1.0,0.7222222222222222,0.1638653467083625,4.833333333333333,-0.2388888888888889,0.3468375647133631,2.3333333333333335,5768.666666666667,237.95265635555876,0.0207635116915135,54.0,1628.7476988983487,0.1666666666666666,0.25,0.25,0.3333333333333333,1,ng,0,0,0,4.0,62.25,6.25,6.25,60.0,65.0,65.0,60.0,56,60.0,79.0,48.0,0.0,0.1116071428571428,0,0,0.1116071428571428,0,0,0,0,0
a5f35780-eeec-48f3-bd11-2a02633bc450,9,6,24.333333333333332,0.5,0.3333333333333333,0.3333333333333333,0.8333333333333334,0.7777777777777778,0.2151657414559676,4.0,-0.3777777777777777,0.4166888882963279,1.5,5704.666666666667,421.8640294060001,0.0373841104748548,40.5,9.354143466934852,0.0833333333333333,0.4166666666666667,0.5,0.0,1,ghp,1,1,1,6.0,45.666666666666664,-10.333333333333334,10.333333333333334,47.0,45.0,47.0,45.0,56,53.0,61.0,42.0,-0.1132075471698113,0.1845238095238095,0,0,-0.1845238095238095,0,0,0,0,0
17f3bde5-9e00-47d0-8909-b138b266b325,10,6,29.166666666666668,0.1666666666666666,0.3333333333333333,0.0,1.0,0.7222222222222222,0.1638653467083625,4.833333333333333,-0.2388888888888889,0.3468375647133631,2.3333333333333335,5628.666666666667,169.53396906421634,0.0154911366417939,,,0.1666666666666666,0.25,0.25,0.3333333333333333,1,ng,0,0,0,5.0,49.1,1.1,1.1,48.0,50.0,50.0,48.0,48,60.0,60.0,45.0,-0.1999999999999999,0.0229166666666666,0,0,0.0229166666666666,0,0,0,0,0
a5f35780-eeec-48f3-bd11-2a02633bc450,10,6,24.333333333333332,0.5,0.3333333333333333,0.3333333333333333,0.8333333333333334,0.7777777777777778,0.2151657414559676,4.0,-0.3777777777777777,0.4166888882963279,1.5,5543.333333333333,302.5520803211682,0.027683704149128,,,0.0833333333333333,0.4166666666666667,0.5,0.0,1,ghp,1,1,1,7.0,44.57142857142857,-3.4285714285714284,3.4285714285714284,42.0,46.5,46.5,42.0,48,47.0,53.0,38.7,-0.1063829787234043,0.0714285714285714,0,0,-0.0714285714285714,0,0,0,0,0
17f3bde5-9e00-47d0-8909-b138b266b325,11,6,29.166666666666668,0.1666666666666666,0.3333333333333333,0.0,1.0,0.7222222222222222,0.1638653467083625,4.833333333333333,-0.2388888888888889,0.3468375647133631,2.3333333333333335,5635.333333333333,125.86844984612569,0.0112287550770929,,,0.1666666666666666,0.25,0.25,0.3333333333333333,1,ng,0,0,0,10.0,49.15,9.15,9.35,45.0,45.0,60.0,39.0,40,48.0,60.0,30.0,-0.0625,0.2337499999999999,0,0,0.2287499999999999,0,0,0,0,0
a5f35780-eeec-48f3-bd11-2a02633bc450,11,6,24.333333333333332,0.5,0.3333333333333333,0.3333333333333333,0.8333333333333334,0.7777777777777778,0.2151657414559676,4.0,-0.3777777777777777,0.4166888882963279,1.5,5550.0,300.1846711609372,0.0274233233233233,,,0.0833333333333333,0.4166666666666667,0.5,0.0,1,ghp,1,1,1,5.0,39.938,-0.061999999999999,1.658,38.7,42.0,42.0,37.0,40,42.0,47.0,30.0,-0.0785714285714285,0.04145,0,0,-0.0015499999999999,0,0,0,0,0
17f3bde5-9e00-47d0-8909-b138b266b325,12,6,29.166666666666668,0.1666666666666666,0.3333333333333333,0.0,1.0,0.7222222222222222,0.1638653467083625,4.833333333333333,-0.2388888888888889,0.3468375647133631,2.3333333333333335,5667.333333333333,115.72107269925674,0.0104154413206289,28.5,1929.1500373653337,0.1666666666666666,0.25,0.25,0.3333333333333333,1,ng,0,0,0,7.0,37.5,5.5,7.214285714285714,30.0,39.5,50.0,30.0,32,45.0,48.0,20.0,-0.3333333333333333,0.2254464285714285,0,0,0.171875,0,0,0,0,0
a5f35780-eeec-48f3-bd11-2a02633bc450,12,6,24.333333333333332,0.5,0.3333333333333333,0.3333333333333333,0.8333333333333334,0.7777777777777778,0.2151657414559676,4.0,-0.3777777777777777,0.4166888882963279,1.5,5539.333333333333,305.06578219568746,0.0281616319653387,25.0,5.046450898073483,0.0833333333333333,0.4166666666666667,0.5,0.0,1,ghp,1,1,1,10.0,31.4,-0.6,2.8,30.0,30.0,35.0,27.0,32,38.7,42.0,29.99,-0.2248062015503876,0.0875,0,0,-0.01875,0,0,0,0,0
17f3bde5-9e00-47d0-8909-b138b266b325,13,6,29.166666666666668,0.1666666666666666,0.3333333333333333,0.0,1.0,0.7222222222222222,0.1638653467083625,4.833333333333333,-0.2388888888888889,0.3468375647133631,2.3333333333333335,5671.333333333333,113.5291445694306,0.0099427922103365,,,0.1666666666666666,0.25,0.25,0.3333333333333333,1,ng,0,0,0,8.0,27.5625,3.5625,7.8125,20.0,50.0,50.0,15.0,24,30.0,45.0,10.0,-0.3333333333333333,0.3255208333333333,0,0,0.1484375,0,0,0,0,0
a5f35780-eeec-48f3-bd11-2a02633bc450,13,6,24.333333333333332,0.5,0.3333333333333333,0.3333333333333333,0.8333333333333334,0.7777777777777778,0.2151657414559676,4.0,-0.3777777777777777,0.4166888882963279,1.5,5547.333333333333,315.3325342343644,0.0291022713616151,,,0.0833333333333333,0.4166666666666667,0.5,0.0,1,ghp,1,1,1,3.0,28.33,4.329999999999999,4.329999999999999,29.99,30.0,30.0,25.0,24,30.0,38.7,18.0,-0.0003333333333334,0.1804166666666666,0,0,0.1804166666666666,0,0,0,0,0
17f3bde5-9e00-47d0-8909-b138b266b325,14,6,29.166666666666668,0.1666666666666666,0.3333333333333333,0.0,1.0,0.7222222222222222,0.1638653467083625,4.833333333333333,-0.2388888888888889,0.3468375647133631,2.3333333333333335,5663.333333333333,140.2100804745032,0.0126152638807141,,,0.1666666666666666,0.25,0.25,0.3333333333333333,1,ng,0,0,0,7.0,14.571428571428571,-1.4285714285714286,3.7142857142857144,10.0,24.0,24.0,10.0,16,20.0,30.0,7.0,-0.5,0.2321428571428571,0,0,-0.0892857142857143,0,0,0,0,0
a5f35780-eeec-48f3-bd11-2a02633bc450,14,6,24.333333333333332,0.5,0.3333333333333333,0.3333333333333333,0.8333333333333334,0.7777777777777778,0.2151657414559676,4.0,-0.3777777777777777,0.4166888882963279,1.5,5550.0,319.95122265745454,0.0297015015015014,,,0.0833333333333333,0.4166666666666667,0.5,0.0,1,ghp,1,1,1,7.0,20.982857142857146,4.982857142857142,4.982857142857142,18.0,21.5,23.25,18.0,16,29.99,30.0,15.0,-0.3997999333111036,0.3114285714285714,0,0,0.3114285714285714,0,0,0,0,0
17f3bde5-9e00-47d0-8909-b138b266b325,15,6,29.166666666666668,0.1666666666666666,0.3333333333333333,0.0,1.0,0.7222222222222222,0.1638653467083625,4.833333333333333,-0.2388888888888889,0.3468375647133631,2.3333333333333335,5656.666666666667,133.67560236133843,0.0119770182675309,,,0.1666666666666666,0.25,0.25,0.3333333333333333,1,ng,0,0,0,11.0,7.5,-0.5,1.2272727272727273,7.0,10.0,10.0,6.5,8,10.0,20.0,,-0.3,0.1534090909090909,0,0,-0.0625,0,0,0,0,0
a5f35780-eeec-48f3-bd11-2a02633bc450,15,6,24.333333333333332,0.5,0.3333333333333333,0.3333333333333333,0.8333333333333334,0.7777777777777778,0.2151657414559676,4.0,-0.3777777777777777,0.4166888882963279,1.5,5552.666666666667,331.2238994195113,0.0307878096610237,,,0.0833333333333333,0.4166666666666667,0.5,0.0,1,ghp,1,1,1,8.0,14.375,6.375,6.375,15.0,13.0,16.5,11.0,8,18.0,29.99,,-0.1666666666666666,0.796875,0,0,0.796875,1,1,0,0,1
520e90a9-5e9e-4bfa-8244-34e70674e93f,1,6,24.333333333333332,0.5,0.3333333333333333,0.3333333333333333,0.8333333333333334,0.7777777777777778,0.2151657414559676,4.0,-0.3777777777777777,0.4166888882963279,1.5,5140.0,139.28388277184112,0.0137267617812364,,,0.0833333333333333,0.5833333333333334,0.3333333333333333,0.0,2,ghp,1,1,1,2.0,105.0,-15.0,15.0,110.0,100.0,110.0,100.0,120,,,104.0,,0.125,0,0,-0.125,0,0,0,0,0
5273b4e4-2b4f-47fa-834f-bd0d84d237b0,1,6,29.166666666666668,0.1666666666666666,0.3333333333333333,0.0,1.0,0.7222222222222222,0.1638653467083625,4.833333333333333,-0.2388888888888889,0.3468375647133631,2.3333333333333335,5100.0,90.60242822353054,0.0085403050108932,,,0.1388888888888888,0.2222222222222222,0.4722222222222221,0.1666666666666666,2,ng,0,0,0,3.0,119.33333333333331,-0.6666666666666666,0.6666666666666666,120.0,119.0,120.0,119.0,120,,,108.0,,0.0055555555555555,0,0,-0.0055555555555555,0,0,0,0,0
520e90a9-5e9e-4bfa-8244-34e70674e93f,2,6,24.333333333333332,0.5,0.3333333333333333,0.3333333333333333,0.8333333333333334,0.7777777777777778,0.2151657414559676,4.0,-0.3777777777777777,0.4166888882963279,1.5,5019.333333333333,105.65541475318092,0.0100610970912471,,,0.0833333333333333,0.5833333333333334,0.3333333333333333,0.0,2,ghp,1,1,1,6.0,113.16666666666669,1.1666666666666667,3.8333333333333335,104.0,116.5,117.0,104.0,112,110.0,,96.0,-0.0545454545454545,0.0342261904761904,0,0,0.0104166666666667,0,0,0,0,0
5273b4e4-2b4f-47fa-834f-bd0d84d237b0,2,6,29.166666666666668,0.1666666666666666,0.3333333333333333,0.0,1.0,0.7222222222222222,0.1638653467083625,4.833333333333333,-0.2388888888888889,0.3468375647133631,2.3333333333333335,5186.0,342.7669762389603,0.0291061404636414,,,0.1388888888888888,0.2222222222222222,0.4722222222222221,0.1666666666666666,2,ng,0,0,0,5.0,114.6,2.6,4.2,108.0,120.0,120.0,108.0,112,120.0,,108.0,-0.0999999999999999,0.0375,0,0,0.0232142857142856,0,0,0,0,0
520e90a9-5e9e-4bfa-8244-34e70674e93f,3,6,24.333333333333332,0.5,0.3333333333333333,0.3333333333333333,0.8333333333333334,0.7777777777777778,0.2151657414559676,4.0,-0.3777777777777777,0.4166888882963279,1.5,5242.0,118.57687379923634,0.0113347322904743,82.5,40.94712037087183,0.0833333333333333,0.5833333333333334,0.3333333333333333,0.0,2,ghp,1,1,1,10.0,105.025,1.025,4.625,96.0,108.0,109.0,96.0,104,104.0,110.0,88.0,-0.0769230769230768,0.0444711538461538,0,0,0.0098557692307692,0,0,0,0,0
5273b4e4-2b4f-47fa-834f-bd0d84d237b0,3,6,29.166666666666668,0.1666666666666666,0.3333333333333333,0.0,1.0,0.7222222222222222,0.1638653467083625,4.833333333333333,-0.2388888888888889,0.3468375647133631,2.3333333333333335,5270.666666666667,245.73393470716783,0.0201692807150687,100.0,902.6448729520744,0.1388888888888888,0.2222222222222222,0.4722222222222221,0.1666666666666666,2,ng,0,0,0,6.0,110.08333333333331,6.083333333333333,6.083333333333333,108.0,111.5,111.5,108.0,104,108.0,120.0,110.0,0.0,0.0584935897435897,0,0,0.0584935897435896,0,0,0,0,0
520e90a9-5e9e-4bfa-8244-34e70674e93f,4,6,24.333333333333332,0.5,0.3333333333333333,0.3333333333333333,0.8333333333333334,0.7777777777777778,0.2151657414559676,4.0,-0.3777777777777777,0.4166888882963279,1.5,5050.0,77.79251249317004,0.00758800880088,,,0.0833333333333333,0.5833333333333334,0.3333333333333333,0.0,2,ghp,1,1,1,5.0,89.6,-6.4,6.4,88.0,95.0,95.0,87.0,96,96.0,104.0,85.0,-0.0833333333333333,0.0666666666666666,0,0,-0.0666666666666667,0,0,0,0,0
5273b4e4-2b4f-47fa-834f-bd0d84d237b0,4,6,29.166666666666668,0.1666666666666666,0.3333333333333333,0.0,1.0,0.7222222222222222,0.1638653467083625,4.833333333333333,-0.2388888888888889,0.3468375647133631,2.3333333333333335,5190.666666666667,311.5043204622797,0.0245686702628649,,,0.1388888888888888,0.2222222222222222,0.4722222222222221,0.1666666666666666,2,ng,0,0,0,10.0,103.375,7.375,7.375,110.0,107.0,110.0,100.0,96,108.0,108.0,90.0,0.0185185185185186,0.0768229166666666,0,0,0.0768229166666666,0,0,0,0,0
520e90a9-5e9e-4bfa-8244-34e70674e93f,5,6,24.333333333333332,0.5,0.3333333333333333,0.3333333333333333,0.8333333333333334,0.7777777777777778,0.2151657414559676,4.0,-0.3777777777777777,0.4166888882963279,1.5,4971.333333333333,92.55534380394604,0.0091580617764069,,,0.0833333333333333,0.5833333333333334,0.3333333333333333,0.0,2,ghp,1,1,1,7.0,85.32142857142857,-2.6785714285714284,2.6785714285714284,85.0,87.0,87.0,84.0,88,88.0,96.0,78.5,-0.034090909090909,0.0304383116883116,0,0,-0.0304383116883117,0,0,0,0,0
5273b4e4-2b4f-47fa-834f-bd0d84d237b0,5,6,29.166666666666668,0.1666666666666666,0.3333333333333333,0.0,1.0,0.7222222222222222,0.1638653467083625,4.833333333333333,-0.2388888888888889,0.3468375647133631,2.3333333333333335,5117.333333333333,186.0573612267643,0.0185616423484453,,,0.1388888888888888,0.2222222222222222,0.4722222222222221,0.1666666666666666,2,ng,0,0,0,2.0,90.0,2.0,2.0,90.0,90.0,90.0,90.0,88,110.0,108.0,90.0,-0.1818181818181817,0.0227272727272727,0,0,0.0227272727272727,0,0,0,0,0
520e90a9-5e9e-4bfa-8244-34e70674e93f,6,6,24.333333333333332,0.5,0.3333333333333333,0.3333333333333333,0.8333333333333334,0.7777777777777778,0.2151657414559676,4.0,-0.3777777777777777,0.4166888882963279,1.5,4944.666666666667,60.91134267660382,0.0056064895959732,69.5,29.357565748315487,0.0833333333333333,0.5833333333333334,0.3333333333333333,0.0,2,ghp,1,1,1,9.0,80.61111111111111,0.6111111111111112,1.8333333333333333,78.5,84.0,84.0,78.5,80,85.0,88.0,72.0,-0.076470588235294,0.0229166666666666,0,0,0.0076388888888889,0,0,0,0,0
5273b4e4-2b4f-47fa-834f-bd0d84d237b0,6,6,29.166666666666668,0.1666666666666666,0.3333333333333333,0.0,1.0,0.7222222222222222,0.1638653467083625,4.833333333333333,-0.2388888888888889,0.3468375647133631,2.3333333333333335,4984.0,180.4845561260021,0.017642567326556,67.5,40.65177322905689,0.1388888888888888,0.2222222222222222,0.4722222222222221,0.1666666666666666,2,ng,0,0,0,0.0,,,,90.0,,,,80,90.0,110.0,69.5,0.0,,0,0,,0,0,0,0,0
520e90a9-5e9e-4bfa-8244-34e70674e93f,7,6,24.333333333333332,0.5,0.3333333333333333,0.3333333333333333,0.8333333333333334,0.7777777777777778,0.2151657414559676,4.0,-0.3777777777777777,0.4166888882963279,1.5,4882.666666666667,101.23137688813026,0.0105503595485162,,,0.0833333333333333,0.5833333333333334,0.3333333333333333,0.0,2,ghp,1,1,1,6.0,75.0,3.0,3.6666666666666665,72.0,78.0,78.0,70.0,72,78.5,85.0,68.0,-0.0828025477707006,0.0509259259259259,0,0,0.0416666666666666,0,0,0,0,0
5273b4e4-2b4f-47fa-834f-bd0d84d237b0,7,6,29.166666666666668,0.1666666666666666,0.3333333333333333,0.0,1.0,0.7222222222222222,0.1638653467083625,4.833333333333333,-0.2388888888888889,0.3468375647133631,2.3333333333333335,4982.0,285.89355536632866,0.0291354431508987,,,0.1388888888888888,0.2222222222222222,0.4722222222222221,0.1666666666666666,2,ng,0,0,0,2.0,69.75,-2.25,2.25,69.5,70.0,70.0,69.5,72,90.0,90.0,60.0,-0.2277777777777777,0.03125,0,0,-0.03125,0,0,0,0,0
520e90a9-5e9e-4bfa-8244-34e70674e93f,8,6,24.333333333333332,0.5,0.3333333333333333,0.3333333333333333,0.8333333333333334,0.7777777777777778,0.2151657414559676,4.0,-0.3777777777777777,0.4166888882963279,1.5,4863.333333333333,147.54841126446152,0.0153878227096184,,,0.0833333333333333,0.5833333333333334,0.3333333333333333,0.0,2,ghp,1,1,1,11.0,70.18181818181819,6.181818181818182,6.181818181818182,68.0,71.0,72.0,67.7,64,72.0,78.5,56.0,-0.0555555555555555,0.096590909090909,0,0,0.0965909090909091,0,0,0,0,0
5273b4e4-2b4f-47fa-834f-bd0d84d237b0,8,6,29.166666666666668,0.1666666666666666,0.3333333333333333,0.0,1.0,0.7222222222222222,0.1638653467083625,4.833333333333333,-0.2388888888888889,0.3468375647133631,2.3333333333333335,4927.333333333333,239.96914732245625,0.0234970459567942,,,0.1388888888888888,0.2222222222222222,0.4722222222222221,0.1666666666666666,2,ng,0,0,0,3.0,63.0,-1.0,4.333333333333333,60.0,69.0,69.0,60.0,64,69.5,90.0,58.0,-0.1366906474820144,0.0677083333333333,0,0,-0.015625,0,0,0,0,0
520e90a9-5e9e-4bfa-8244-34e70674e93f,9,6,24.333333333333332,0.5,0.3333333333333333,0.3333333333333333,0.8333333333333334,0.7777777777777778,0.2151657414559676,4.0,-0.3777777777777777,0.4166888882963279,1.5,4761.333333333333,170.08237318036998,0.0175295202090917,45.0,10.838204033264306,0.0833333333333333,0.5833333333333334,0.3333333333333333,0.0,2,ghp,1,1,1,6.0,62.208333333333336,6.208333333333333,6.208333333333333,56.0,66.0,66.0,56.0,56,68.0,72.0,49.0,-0.1764705882352941,0.1108630952380952,0,0,0.1108630952380952,0,0,0,0,0
5273b4e4-2b4f-47fa-834f-bd0d84d237b0,9,6,29.166666666666668,0.1666666666666666,0.3333333333333333,0.0,1.0,0.7222222222222222,0.1638653467083625,4.833333333333333,-0.2388888888888889,0.3468375647133631,2.3333333333333335,4842.666666666667,311.64080552242615,0.0295980176211453,41.5,26.71641193473904,0.1388888888888888,0.2222222222222222,0.4722222222222221,0.1666666666666666,2,ng,0,0,0,5.0,57.6,1.6,4.0,58.0,60.0,60.0,50.0,56,60.0,69.5,50.0,-0.0333333333333333,0.0714285714285714,0,0,0.0285714285714286,0,0,0,0,0
520e90a9-5e9e-4bfa-8244-34e70674e93f,10,6,24.333333333333332,0.5,0.3333333333333333,0.3333333333333333,0.8333333333333334,0.7777777777777778,0.2151657414559676,4.0,-0.3777777777777777,0.4166888882963279,1.5,4979.333333333333,105.3748246340971,0.0108308787432498,,,0.0833333333333333,0.5833333333333334,0.3333333333333333,0.0,2,ghp,1,1,1,11.0,53.54545454545455,5.545454545454546,5.545454545454546,49.0,58.0,58.0,49.0,48,56.0,68.0,40.0,-0.125,0.115530303030303,0,0,0.115530303030303,0,0,0,0,0
5273b4e4-2b4f-47fa-834f-bd0d84d237b0,10,6,29.166666666666668,0.1666666666666666,0.3333333333333333,0.0,1.0,0.7222222222222222,0.1638653467083625,4.833333333333333,-0.2388888888888889,0.3468375647133631,2.3333333333333335,5068.666666666667,221.90378921205163,0.0217869042921653,,,0.1388888888888888,0.2222222222222222,0.4722222222222221,0.1666666666666666,2,ng,0,0,0,8.0,50.5,2.5,2.5,50.0,52.0,52.0,50.0,48,58.0,60.0,39.0,-0.1379310344827586,0.0520833333333333,0,0,0.0520833333333333,0,0,0,0,0
520e90a9-5e9e-4bfa-8244-34e70674e93f,11,6,24.333333333333332,0.5,0.3333333333333333,0.3333333333333333,0.8333333333333334,0.7777777777777778,0.2151657414559676,4.0,-0.3777777777777777,0.4166888882963279,1.5,4939.333333333333,94.30521547966838,0.0096521122958564,,,0.0833333333333333,0.5833333333333334,0.3333333333333333,0.0,2,ghp,1,1,1,5.0,42.8,2.8,3.2,40.0,48.0,48.0,39.0,40,49.0,56.0,30.4,-0.183673469387755,0.08,0,0,0.0699999999999999,0,0,0,0,0
5273b4e4-2b4f-47fa-834f-bd0d84d237b0,11,6,29.166666666666668,0.1666666666666666,0.3333333333333333,0.0,1.0,0.7222222222222222,0.1638653467083625,4.833333333333333,-0.2388888888888889,0.3468375647133631,2.3333333333333335,5088.666666666667,141.5322107036652,0.0130355037337875,,,0.1388888888888888,0.2222222222222222,0.4722222222222221,0.1666666666666666,2,ng,0,0,0,12.0,40.041666666666664,0.0416666666666666,0.25,39.0,41.0,41.0,39.0,40,50.0,58.0,30.0,-0.2199999999999999,0.00625,0,0,0.0010416666666666,0,0,0,0,0
520e90a9-5e9e-4bfa-8244-34e70674e93f,12,6,24.333333333333332,0.5,0.3333333333333333,0.3333333333333333,0.8333333333333334,0.7777777777777778,0.2151657414559676,4.0,-0.3777777777777777,0.4166888882963279,1.5,4960.666666666667,74.14049950375761,0.007235250638355,23.5,7.884584115009914,0.0833333333333333,0.5833333333333334,0.3333333333333333,0.0,2,ghp,1,1,1,5.0,34.28,2.28,3.3200000000000003,30.4,39.0,39.0,30.4,32,40.0,49.0,23.0,-0.24,0.10375,0,0,0.07125,0,0,0,0,0
5273b4e4-2b4f-47fa-834f-bd0d84d237b0,12,6,29.166666666666668,0.1666666666666666,0.3333333333333333,0.0,1.0,0.7222222222222222,0.1638653467083625,4.833333333333333,-0.2388888888888889,0.3468375647133631,2.3333333333333335,5078.0,204.7168776627858,0.0195943284757778,10.0,13.531444860028806,0.1388888888888888,0.2222222222222222,0.4722222222222221,0.1666666666666666,2,ng,0,0,0,5.0,32.6,0.6,1.8,30.0,38.0,38.0,30.0,32,39.0,50.0,22.0,-0.2307692307692307,0.05625,0,0,0.01875,0,0,0,0,0
520e90a9-5e9e-4bfa-8244-34e70674e93f,13,6,24.333333333333332,0.5,0.3333333333333333,0.3333333333333333,0.8333333333333334,0.7777777777777778,0.2151657414559676,4.0,-0.3777777777777777,0.4166888882963279,1.5,4846.0,211.28117407852545,0.0206250286605218,,,0.0833333333333333,0.5833333333333334,0.3333333333333333,0.0,2,ghp,1,1,1,10.0,27.613,3.613,3.813,23.0,30.0,30.67,23.0,24,30.4,40.0,19.5,-0.2434210526315788,0.158875,0,0,0.1505416666666666,0,0,0,0,0
5273b4e4-2b4f-47fa-834f-bd0d84d237b0,13,6,29.166666666666668,0.1666666666666666,0.3333333333333333,0.0,1.0,0.7222222222222222,0.1638653467083625,4.833333333333333,-0.2388888888888889,0.3468375647133631,2.3333333333333335,4918.0,271.4229172343412,0.0257218381455876,,,0.1388888888888888,0.2222222222222222,0.4722222222222221,0.1666666666666666,2,ng,0,0,0,5.0,24.0,0.0,1.6,22.0,27.0,27.0,22.0,24,30.0,39.0,20.0,-0.2666666666666667,0.0666666666666666,0,0,0.0,0,0,0,0,0
520e90a9-5e9e-4bfa-8244-34e70674e93f,14,6,24.333333333333332,0.5,0.3333333333333333,0.3333333333333333,0.8333333333333334,0.7777777777777778,0.2151657414559676,4.0,-0.3777777777777777,0.4166888882963279,1.5,4830.0,219.52214393996795,0.0209302967563837,,,0.0833333333333333,0.5833333333333334,0.3333333333333333,0.0,2,ghp,1,1,1,8.0,19.38125,3.38125,3.38125,19.5,20.0,20.0,18.0,16,23.0,30.4,18.15,-0.1521739130434782,0.211328125,0,0,0.2113281250000001,0,0,0,0,0
5273b4e4-2b4f-47fa-834f-bd0d84d237b0,14,6,29.166666666666668,0.1666666666666666,0.3333333333333333,0.0,1.0,0.7222222222222222,0.1638653467083625,4.833333333333333,-0.2388888888888889,0.3468375647133631,2.3333333333333335,4910.0,261.2349517197115,0.0248500792034396,,,0.1388888888888888,0.2222222222222222,0.4722222222222221,0.1666666666666666,2,ng,0,0,0,7.0,21.142857142857142,5.142857142857143,5.142857142857143,20.0,22.0,22.0,20.0,16,22.0,30.0,23.0,-0.0909090909090909,0.3214285714285714,0,0,0.3214285714285714,0,0,0,0,0
520e90a9-5e9e-4bfa-8244-34e70674e93f,15,6,24.333333333333332,0.5,0.3333333333333333,0.3333333333333333,0.8333333333333334,0.7777777777777778,0.2151657414559676,4.0,-0.3777777777777777,0.4166888882963279,1.5,4770.0,307.7969374116642,0.0294425809457256,,,0.0833333333333333,0.5833333333333334,0.3333333333333333,0.0,2,ghp,1,1,1,5.0,18.67,10.67,10.67,18.15,19.0,19.0,18.15,8,19.5,23.0,,-0.0692307692307693,1.33375,0,0,1.3337499999999998,1,1,0,0,1
5273b4e4-2b4f-47fa-834f-bd0d84d237b0,15,6,29.166666666666668,0.1666666666666666,0.3333333333333333,0.0,1.0,0.7222222222222222,0.1638653467083625,4.833333333333333,-0.2388888888888889,0.3468375647133631,2.3333333333333335,4852.0,318.09149627112,0.0307690986534762,,,0.1388888888888888,0.2222222222222222,0.4722222222222221,0.1666666666666666,2,ng,0,0,0,1.0,23.0,15.0,15.0,23.0,23.0,23.0,23.0,8,20.0,22.0,,0.1499999999999999,1.875,1,0,1.875,1,1,1,0,1
98308155-5ef4-4781-92b2-15de5ba68a70,1,6,23.333333333333332,0.5,0.5,0.8333333333333334,0.8333333333333334,0.7222222222222222,0.1138550085106621,6.166666666666667,-0.1055555555555555,0.259843257596803,4.166666666666667,5100.0,96.68298712803606,0.0094117647058823,,,0.0,0.5,0.5,0.0,1,gp,0,0,1,6.0,64.66666666666667,-55.333333333333336,55.333333333333336,80.0,100.0,100.0,30.0,120,,,70.0,,0.4611111111111111,0,0,-0.4611111111111111,0,0,0,0,0
a05edde7-d925-45e5-bd12-37b4af942736,1,6,21.5,0.1666666666666666,0.5,0.6666666666666666,0.6666666666666666,0.7777777777777778,0.2721655269759087,5.5,-0.2277777777777777,0.2984528004125176,2.1666666666666665,5000.0,50.99019513592791,0.0047777777777777,,,0.0,0.0833333333333333,0.5833333333333334,0.3333333333333333,1,gh,0,1,0,6.0,118.33333333333331,-1.6666666666666667,15.0,150.0,110.0,150.0,80.0,120,,,100.0,,0.125,0,0,-0.0138888888888889,0,0,0,0,0
98308155-5ef4-4781-92b2-15de5ba68a70,2,6,23.333333333333332,0.5,0.5,0.8333333333333334,0.8333333333333334,0.7222222222222222,0.1138550085106621,6.166666666666667,-0.1055555555555555,0.259843257596803,4.166666666666667,5156.0,116.80444666193124,0.0104568571674855,,,0.0,0.5,0.5,0.0,1,gp,0,0,1,8.0,76.07875,-35.92125,35.92125,70.0,80.0,95.0,50.0,112,80.0,,85.0,-0.125,0.3207254464285714,0,0,-0.3207254464285714,0,0,0,0,0
a05edde7-d925-45e5-bd12-37b4af942736,2,6,21.5,0.1666666666666666,0.5,0.6666666666666666,0.6666666666666666,0.7777777777777778,0.2721655269759087,5.5,-0.2277777777777777,0.2984528004125176,2.1666666666666665,5037.333333333333,147.38747119978223,0.0126610199400035,,,0.0,0.0833333333333333,0.5833333333333334,0.3333333333333333,1,gh,0,1,0,6.0,116.5,4.5,9.166666666666666,100.0,110.0,130.0,100.0,112,150.0,,130.0,-0.3333333333333333,0.0818452380952381,0,0,0.0401785714285714,0,0,0,0,0
98308155-5ef4-4781-92b2-15de5ba68a70,3,6,23.333333333333332,0.5,0.5,0.8333333333333334,0.8333333333333334,0.7222222222222222,0.1138550085106621,6.166666666666667,-0.1055555555555555,0.259843257596803,4.166666666666667,5069.333333333333,266.31071782161996,0.0233743205330527,40.0,46.66369038128039,0.0,0.5,0.5,0.0,1,gp,0,0,1,10.0,68.2,-35.8,35.8,85.0,70.0,87.0,50.0,104,70.0,80.0,88.0,0.2142857142857142,0.3442307692307692,0,0,-0.3442307692307692,0,0,0,0,0
a05edde7-d925-45e5-bd12-37b4af942736,3,6,21.5,0.1666666666666666,0.5,0.6666666666666666,0.6666666666666666,0.7777777777777778,0.2721655269759087,5.5,-0.2277777777777777,0.2984528004125176,2.1666666666666665,5020.0,152.30495724039977,0.0143536963258078,0.0,53.07227776030219,0.0,0.0833333333333333,0.5833333333333334,0.3333333333333333,1,gh,0,1,0,7.0,125.28571428571428,21.285714285714285,21.285714285714285,130.0,135.0,140.0,110.0,104,100.0,150.0,110.0,0.3,0.2046703296703296,0,0,0.2046703296703297,0,0,0,0,0
98308155-5ef4-4781-92b2-15de5ba68a70,4,6,23.333333333333332,0.5,0.5,0.8333333333333334,0.8333333333333334,0.7222222222222222,0.1138550085106621,6.166666666666667,-0.1055555555555555,0.259843257596803,4.166666666666667,5223.333333333333,344.6669606252775,0.0250403105722186,,,0.0,0.5,0.5,0.0,1,gp,0,0,1,22.0,68.45227272727273,-27.547727272727272,27.547727272727272,88.0,78.13,88.0,20.0,96,85.0,70.0,50.0,0.0352941176470589,0.2869554924242424,0,0,-0.2869554924242424,0,0,0,0,0
a05edde7-d925-45e5-bd12-37b4af942736,4,6,21.5,0.1666666666666666,0.5,0.6666666666666666,0.6666666666666666,0.7777777777777778,0.2721655269759087,5.5,-0.2277777777777777,0.2984528004125176,2.1666666666666665,5234.0,227.9255909282677,0.0207033074342971,,,0.0,0.0833333333333333,0.5833333333333334,0.3333333333333333,1,gh,0,1,0,9.0,130.36111111111111,34.361111111111114,34.361111111111114,110.0,140.0,145.0,110.0,96,130.0,100.0,115.0,-0.1538461538461538,0.3579282407407407,0,0,0.3579282407407407,0,0,0,0,0
98308155-5ef4-4781-92b2-15de5ba68a70,5,6,23.333333333333332,0.5,0.5,0.8333333333333334,0.8333333333333334,0.7222222222222222,0.1138550085106621,6.166666666666667,-0.1055555555555555,0.259843257596803,4.166666666666667,5508.0,594.0266272483074,0.042322783022674,,,0.0,0.5,0.5,0.0,1,gp,0,0,1,14.0,62.96714285714285,-25.032857142857143,25.747142857142855,50.0,46.88,90.0,34.0,88,88.0,85.0,78.0,-0.4318181818181817,0.2925811688311688,0,0,-0.2844642857142858,0,0,0,0,0
a05edde7-d925-45e5-bd12-37b4af942736,5,6,21.5,0.1666666666666666,0.5,0.6666666666666666,0.6666666666666666,0.7777777777777778,0.2721655269759087,5.5,-0.2277777777777777,0.2984528004125176,2.1666666666666665,5390.666666666667,297.30752877562094,0.0282174952592959,,,0.0,0.0833333333333333,0.5833333333333334,0.3333333333333333,1,gh,0,1,0,7.0,124.32142857142856,36.32142857142857,36.32142857142857,115.0,125.0,135.25,105.0,88,110.0,130.0,110.0,0.0454545454545454,0.4127435064935065,0,0,0.4127435064935065,0,0,0,0,0
98308155-5ef4-4781-92b2-15de5ba68a70,6,6,23.333333333333332,0.5,0.5,0.8333333333333334,0.8333333333333334,0.7222222222222222,0.1138550085106621,6.166666666666667,-0.1055555555555555,0.259843257596803,4.166666666666667,5416.0,580.8900566200113,0.0432212169702937,75.0,1532.6439573495209,0.0,0.5,0.5,0.0,1,gp,0,0,1,10.0,69.75,-10.25,10.25,78.0,65.0,78.0,50.0,80,50.0,88.0,10.0,0.56,0.128125,0,0,-0.128125,0,0,0,0,0
a05edde7-d925-45e5-bd12-37b4af942736,6,6,21.5,0.1666666666666666,0.5,0.6666666666666666,0.6666666666666666,0.7777777777777778,0.2721655269759087,5.5,-0.2277777777777777,0.2984528004125176,2.1666666666666665,5356.666666666667,354.9320592263633,0.0327525409666044,124.0,1555.1707837619208,0.0,0.0833333333333333,0.5833333333333334,0.3333333333333333,1,gh,0,1,0,7.0,124.71428571428572,44.714285714285715,44.714285714285715,110.0,135.0,138.0,110.0,80,115.0,110.0,130.0,-0.0434782608695651,0.5589285714285714,0,0,0.5589285714285713,0,0,0,0,0
98308155-5ef4-4781-92b2-15de5ba68a70,7,6,23.333333333333332,0.5,0.5,0.8333333333333334,0.8333333333333334,0.7222222222222222,0.1138550085106621,6.166666666666667,-0.1055555555555555,0.259843257596803,4.166666666666667,5584.0,730.8155388878915,0.0536122055078,,,0.0,0.5,0.5,0.0,1,gp,0,0,1,19.0,63.35526315789474,-8.644736842105264,12.276315789473683,10.0,68.0,79.0,10.0,72,78.0,50.0,60.5,-0.8717948717948718,0.1705043859649123,0,0,-0.1200657894736841,0,0,0,0,0
a05edde7-d925-45e5-bd12-37b4af942736,7,6,21.5,0.1666666666666666,0.5,0.6666666666666666,0.6666666666666666,0.7777777777777778,0.2721655269759087,5.5,-0.2277777777777777,0.2984528004125176,2.1666666666666665,5518.666666666667,413.2679114892259,0.0364570749778529,,,0.0,0.0833333333333333,0.5833333333333334,0.3333333333333333,1,gh,0,1,0,6.0,124.66666666666669,52.666666666666664,52.666666666666664,130.0,125.0,130.0,115.0,72,110.0,115.0,125.0,0.1818181818181818,0.7314814814814814,0,0,0.7314814814814815,0,0,0,0,0
98308155-5ef4-4781-92b2-15de5ba68a70,8,6,23.333333333333332,0.5,0.5,0.8333333333333334,0.8333333333333334,0.7222222222222222,0.1138550085106621,6.166666666666667,-0.1055555555555555,0.259843257596803,4.166666666666667,5585.333333333333,660.702534085247,0.0470375785788175,,,0.0,0.5,0.5,0.0,1,gp,0,0,1,14.0,58.785714285714285,-5.214285714285714,5.785714285714286,60.5,44.0,68.0,44.0,64,10.0,78.0,49.0,5.05,0.0904017857142857,1,0,-0.0814732142857143,0,0,1,0,0
a05edde7-d925-45e5-bd12-37b4af942736,8,6,21.5,0.1666666666666666,0.5,0.6666666666666666,0.6666666666666666,0.7777777777777778,0.2721655269759087,5.5,-0.2277777777777777,0.2984528004125176,2.1666666666666665,5468.666666666667,429.59395557510663,0.037669145434597,,,0.0,0.0833333333333333,0.5833333333333334,0.3333333333333333,1,gh,0,1,0,6.0,123.5,59.5,59.5,125.0,132.0,132.0,115.0,64,130.0,110.0,123.0,-0.0384615384615384,0.9296875,0,0,0.9296875,0,0,0,0,0
98308155-5ef4-4781-92b2-15de5ba68a70,9,6,23.333333333333332,0.5,0.5,0.8333333333333334,0.8333333333333334,0.7222222222222222,0.1138550085106621,6.166666666666667,-0.1055555555555555,0.259843257596803,4.166666666666667,5748.0,772.2274229784896,0.0520182865537771,45.0,11.69045194450012,0.0,0.5,0.5,0.0,1,gp,0,0,1,23.0,55.52739130434783,-0.4726086956521738,7.0056521739130435,49.0,62.0,65.0,35.0,56,60.5,10.0,55.88,-0.1900826446280992,0.1251009316770186,0,0,-0.0084394409937887,0,0,1,0,0
a05edde7-d925-45e5-bd12-37b4af942736,9,6,21.5,0.1666666666666666,0.5,0.6666666666666666,0.6666666666666666,0.7777777777777778,0.2721655269759087,5.5,-0.2277777777777777,0.2984528004125176,2.1666666666666665,5662.0,556.088032599156,0.0498400643667333,105.0,1511.5849187745512,0.0,0.0833333333333333,0.5833333333333334,0.3333333333333333,1,gh,0,1,0,9.0,121.11111111111111,65.11111111111111,65.11111111111111,123.0,120.0,125.0,112.0,56,125.0,130.0,120.0,-0.016,1.1626984126984128,0,0,1.1626984126984128,0,0,0,0,0
98308155-5ef4-4781-92b2-15de5ba68a70,10,6,23.333333333333332,0.5,0.5,0.8333333333333334,0.8333333333333334,0.7222222222222222,0.1138550085106621,6.166666666666667,-0.1055555555555555,0.259843257596803,4.166666666666667,5604.0,762.0697078876707,0.0543420374335791,,,0.0,0.5,0.5,0.0,1,gp,0,0,1,14.0,55.92928571428571,7.929285714285714,7.929285714285714,55.88,50.0,60.0,50.0,48,49.0,60.5,43.25,0.1404081632653062,0.1651934523809523,0,0,0.1651934523809523,0,0,1,0,0
a05edde7-d925-45e5-bd12-37b4af942736,10,6,21.5,0.1666666666666666,0.5,0.6666666666666666,0.6666666666666666,0.7777777777777778,0.2721655269759087,5.5,-0.2277777777777777,0.2984528004125176,2.1666666666666665,5538.0,616.9112577996935,0.0569900886802295,,,0.0,0.0833333333333333,0.5833333333333334,0.3333333333333333,1,gh,0,1,0,9.0,116.66666666666669,68.66666666666667,68.66666666666667,120.0,110.0,129.0,110.0,48,123.0,125.0,120.0,-0.024390243902439,1.4305555555555556,0,0,1.4305555555555556,0,0,0,0,0
98308155-5ef4-4781-92b2-15de5ba68a70,11,6,23.333333333333332,0.5,0.5,0.8333333333333334,0.8333333333333334,0.7222222222222222,0.1138550085106621,6.166666666666667,-0.1055555555555555,0.259843257596803,4.166666666666667,5624.0,783.4409254564124,0.0575045440177019,,,0.0,0.5,0.5,0.0,1,gp,0,0,1,10.0,48.3,8.3,8.7,43.25,40.0,58.0,38.0,40,55.88,49.0,35.13,-0.2260200429491768,0.2174999999999999,0,0,0.2074999999999999,0,0,1,0,0
a05edde7-d925-45e5-bd12-37b4af942736,11,6,21.5,0.1666666666666666,0.5,0.6666666666666666,0.6666666666666666,0.7777777777777778,0.2721655269759087,5.5,-0.2277777777777777,0.2984528004125176,2.1666666666666665,5538.0,655.7167833752618,0.061213434452871,,,0.0,0.0833333333333333,0.5833333333333334,0.3333333333333333,1,gh,0,1,0,7.0,114.71428571428572,74.71428571428571,74.71428571428571,120.0,123.0,123.0,105.0,40,120.0,123.0,120.0,0.0,1.8678571428571429,0,0,1.8678571428571429,0,0,0,0,0
98308155-5ef4-4781-92b2-15de5ba68a70,12,6,23.333333333333332,0.5,0.5,0.8333333333333334,0.8333333333333334,0.7222222222222222,0.1138550085106621,6.166666666666667,-0.1055555555555555,0.259843257596803,4.166666666666667,5624.0,795.5083247081703,0.0583529911490437,33.0,7.13909424693824,0.0,0.5,0.5,0.0,1,gp,0,0,1,9.0,39.208888888888886,7.208888888888889,7.208888888888889,35.13,41.0,45.0,35.0,32,43.25,55.88,36.5,-0.1877456647398843,0.2252777777777777,0,0,0.2252777777777777,0,0,1,0,0
a05edde7-d925-45e5-bd12-37b4af942736,12,6,21.5,0.1666666666666666,0.5,0.6666666666666666,0.6666666666666666,0.7777777777777778,0.2721655269759087,5.5,-0.2277777777777777,0.2984528004125176,2.1666666666666665,5522.0,814.5647303928645,0.0762404925751539,114.0,1585.2315603721747,0.0,0.0833333333333333,0.5833333333333334,0.3333333333333333,1,gh,0,1,0,10.0,114.7,82.7,82.7,120.0,118.0,120.0,108.0,32,120.0,120.0,102.0,0.0,2.584375,0,0,2.584375,0,0,0,0,0
98308155-5ef4-4781-92b2-15de5ba68a70,13,6,23.333333333333332,0.5,0.5,0.8333333333333334,0.8333333333333334,0.7222222222222222,0.1138550085106621,6.166666666666667,-0.1055555555555555,0.259843257596803,4.166666666666667,5596.0,816.1455339582518,0.058765387975538,,,0.0,0.5,0.5,0.0,1,gp,0,0,1,21.0,30.520952380952384,6.520952380952381,7.520952380952381,36.5,33.5,36.5,15.0,24,35.13,43.25,29.0,0.0389980074010816,0.3133730158730158,0,0,0.2717063492063493,0,0,1,0,0
a05edde7-d925-45e5-bd12-37b4af942736,13,6,21.5,0.1666666666666666,0.5,0.6666666666666666,0.6666666666666666,0.7777777777777778,0.2721655269759087,5.5,-0.2277777777777777,0.2984528004125176,2.1666666666666665,5538.0,918.1687753349054,0.0848079932586974,,,0.0,0.0833333333333333,0.5833333333333334,0.3333333333333333,1,gh,0,1,0,6.0,107.33333333333331,83.33333333333333,83.33333333333333,102.0,110.0,110.0,102.0,24,120.0,120.0,86.95,-0.15,3.472222222222222,0,0,3.472222222222222,0,0,0,0,0
98308155-5ef4-4781-92b2-15de5ba68a70,14,6,23.333333333333332,0.5,0.5,0.8333333333333334,0.8333333333333334,0.7222222222222222,0.1138550085106621,6.166666666666667,-0.1055555555555555,0.259843257596803,4.166666666666667,5617.333333333333,826.4856518456121,0.0606996202231189,,,0.0,0.5,0.5,0.0,1,gp,0,0,1,14.0,27.992142857142856,11.992142857142856,12.135,29.0,29.0,30.44,15.0,16,36.5,35.13,21.25,-0.2054794520547945,0.7584375,0,0,0.7495089285714285,0,0,1,0,0
a05edde7-d925-45e5-bd12-37b4af942736,14,6,21.5,0.1666666666666666,0.5,0.6666666666666666,0.6666666666666666,0.7777777777777778,0.2721655269759087,5.5,-0.2277777777777777,0.2984528004125176,2.1666666666666665,5532.666666666667,983.4243792314012,0.0905425352452102,,,0.0,0.0833333333333333,0.5833333333333334,0.3333333333333333,1,gh,0,1,0,7.0,97.59285714285714,81.59285714285714,81.59285714285714,86.95,105.5,105.5,86.95,16,102.0,120.0,18.5,-0.147549019607843,5.099553571428571,0,0,5.099553571428571,1,1,0,0,1
98308155-5ef4-4781-92b2-15de5ba68a70,15,6,23.333333333333332,0.5,0.5,0.8333333333333334,0.8333333333333334,0.7222222222222222,0.1138550085106621,6.166666666666667,-0.1055555555555555,0.259843257596803,4.166666666666667,5610.666666666667,942.2507298520208,0.0667910329531051,,,0.0,0.5,0.5,0.0,1,gp,0,0,1,15.0,27.044,19.044,19.044,21.25,30.55,30.66,15.0,8,29.0,36.5,,-0.2672413793103448,2.3805,0,0,2.3805,0,0,1,0,0
a05edde7-d925-45e5-bd12-37b4af942736,15,6,21.5,0.1666666666666666,0.5,0.6666666666666666,0.6666666666666666,0.7777777777777778,0.2721655269759087,5.5,-0.2277777777777777,0.2984528004125176,2.1666666666666665,5535.333333333333,1060.9120555760817,0.0969458830141715,,,0.0,0.0833333333333333,0.5833333333333334,0.3333333333333333,1,gh,0,1,0,9.0,53.77777777777778,45.77777777777778,45.77777777777778,18.5,80.0,89.5,18.5,8,86.95,102.0,,-0.7872340425531915,5.722222222222222,0,0,5.722222222222222,1,0,0,0,2
aeea46bb-84ad-409e-b595-5f1ae9d39ed9,1,6,23.333333333333332,0.5,0.5,0.8333333333333334,0.8333333333333334,0.7222222222222222,0.1138550085106621,6.166666666666667,-0.1055555555555555,0.259843257596803,4.166666666666667,5120.0,186.77339210926155,0.0179850260416666,,,0.3055555555555555,0.4722222222222222,0.2222222222222222,0.0,2,gp,0,0,1,10.0,106.05,-13.95,15.35,100.0,100.0,127.0,90.0,120,,,92.75,,0.1279166666666666,0,0,-0.11625,0,0,0,0,0
b86ad8e8-b0f6-4578-8e02-b4a87378a89d,1,6,21.5,0.1666666666666666,0.5,0.6666666666666666,0.6666666666666666,0.7777777777777778,0.2721655269759087,5.5,-0.2277777777777777,0.2984528004125176,2.1666666666666665,5060.0,87.4070935336487,0.0085090030742204,,,0.1666666666666666,0.3333333333333333,0.5,0.0,2,gh,0,1,0,4.0,135.0,15.0,15.0,120.0,150.0,150.0,120.0,120,,,110.0,,0.125,0,0,0.125,0,0,0,0,0
aeea46bb-84ad-409e-b595-5f1ae9d39ed9,2,6,23.333333333333332,0.5,0.5,0.8333333333333334,0.8333333333333334,0.7222222222222222,0.1138550085106621,6.166666666666667,-0.1055555555555555,0.259843257596803,4.166666666666667,5074.666666666667,161.8339941627428,0.0155538404273953,,,0.3055555555555555,0.4722222222222222,0.2222222222222222,0.0,2,gp,0,0,1,13.0,93.92307692307692,-18.076923076923077,18.076923076923077,92.75,100.0,105.0,90.0,112,100.0,,81.38,-0.0725,0.1614010989010989,0,0,-0.1614010989010989,0,0,0,0,0
b86ad8e8-b0f6-4578-8e02-b4a87378a89d,2,6,21.5,0.1666666666666666,0.5,0.6666666666666666,0.6666666666666666,0.7777777777777778,0.2721655269759087,5.5,-0.2277777777777777,0.2984528004125176,2.1666666666666665,4979.333333333333,93.93543882192009,0.0094724862766099,,,0.1666666666666666,0.3333333333333333,0.5,0.0,2,gh,0,1,0,8.0,118.5,6.5,7.0,110.0,115.0,125.0,110.0,112,120.0,,127.0,-0.0833333333333333,0.0625,0,0,0.0580357142857142,0,0,0,0,0
aeea46bb-84ad-409e-b595-5f1ae9d39ed9,3,6,23.333333333333332,0.5,0.5,0.8333333333333334,0.8333333333333334,0.7222222222222222,0.1138550085106621,6.166666666666667,-0.1055555555555555,0.259843257596803,4.166666666666667,5286.0,234.73789059289075,0.0223431916593097,87.0,7.089898917944224,0.3055555555555555,0.4722222222222222,0.2222222222222222,0.0,2,gp,0,0,1,19.0,87.36684210526316,-16.633157894736843,16.633157894736843,81.38,90.75,93.0,81.38,104,92.75,100.0,80.88,-0.1225876010781671,0.1599342105263158,0,0,-0.1599342105263157,0,0,0,0,0
b86ad8e8-b0f6-4578-8e02-b4a87378a89d,3,6,21.5,0.1666666666666666,0.5,0.6666666666666666,0.6666666666666666,0.7777777777777778,0.2721655269759087,5.5,-0.2277777777777777,0.2984528004125176,2.1666666666666665,5232.666666666667,98.52850687322258,0.0096402938803244,110.5,1474.942394355341,0.1666666666666666,0.3333333333333333,0.5,0.0,2,gh,0,1,0,6.0,120.33333333333331,16.333333333333332,16.333333333333332,127.0,130.0,130.0,110.0,104,110.0,120.0,120.0,0.1545454545454545,0.157051282051282,0,0,0.157051282051282,0,0,0,0,0
aeea46bb-84ad-409e-b595-5f1ae9d39ed9,4,6,23.333333333333332,0.5,0.5,0.8333333333333334,0.8333333333333334,0.7222222222222222,0.1138550085106621,6.166666666666667,-0.1055555555555555,0.259843257596803,4.166666666666667,5107.333333333333,182.84758261094527,0.0180252795544532,,,0.3055555555555555,0.4722222222222222,0.2222222222222222,0.0,2,gp,0,0,1,21.0,81.3395238095238,-14.66047619047619,14.66047619047619,80.88,81.38,84.38,80.0,96,81.38,92.75,73.75,-0.0061440157286802,0.1527132936507936,0,0,-0.1527132936507937,0,0,0,0,0
b86ad8e8-b0f6-4578-8e02-b4a87378a89d,4,6,21.5,0.1666666666666666,0.5,0.6666666666666666,0.6666666666666666,0.7777777777777778,0.2721655269759087,5.5,-0.2277777777777777,0.2984528004125176,2.1666666666666665,5040.666666666667,181.6586542575571,0.0173477935017413,,,0.1666666666666666,0.3333333333333333,0.5,0.0,2,gh,0,1,0,15.0,118.73333333333332,22.733333333333334,22.733333333333334,120.0,115.0,130.0,105.0,96,127.0,110.0,100.0,-0.0551181102362204,0.2368055555555555,0,0,0.2368055555555555,0,0,0,0,0
aeea46bb-84ad-409e-b595-5f1ae9d39ed9,5,6,23.333333333333332,0.5,0.5,0.8333333333333334,0.8333333333333334,0.7222222222222222,0.1138550085106621,6.166666666666667,-0.1055555555555555,0.259843257596803,4.166666666666667,5024.666666666667,235.8392832135196,0.0215170713369598,,,0.3055555555555555,0.4722222222222222,0.2222222222222222,0.0,2,gp,0,0,1,12.0,74.21416666666666,-13.785833333333334,13.785833333333334,73.75,78.0,78.0,50.0,88,80.88,81.38,65.0,-0.0881552917903065,0.156657196969697,0,0,-0.156657196969697,0,0,0,0,0
b86ad8e8-b0f6-4578-8e02-b4a87378a89d,5,6,21.5,0.1666666666666666,0.5,0.6666666666666666,0.6666666666666666,0.7777777777777778,0.2721655269759087,5.5,-0.2277777777777777,0.2984528004125176,2.1666666666666665,4947.333333333333,216.57577580760665,0.0182477653505816,,,0.1666666666666666,0.3333333333333333,0.5,0.0,2,gh,0,1,0,9.0,114.22222222222224,26.22222222222222,26.22222222222222,100.0,125.0,125.0,100.0,88,120.0,127.0,90.0,-0.1666666666666666,0.2979797979797979,0,0,0.297979797979798,0,0,0,0,0
aeea46bb-84ad-409e-b595-5f1ae9d39ed9,6,6,23.333333333333332,0.5,0.5,0.8333333333333334,0.8333333333333334,0.7222222222222222,0.1138550085106621,6.166666666666667,-0.1055555555555555,0.259843257596803,4.166666666666667,4931.333333333333,177.8707227923317,0.0177569735478346,50.0,25.912673861774024,0.3055555555555555,0.4722222222222222,0.2222222222222222,0.0,2,gp,0,0,1,16.0,61.29625,-18.70375,18.70375,65.0,55.25,75.0,50.16,80,73.75,80.88,44.0,-0.1186440677966101,0.233796875,0,0,-0.233796875,0,0,0,0,0
b86ad8e8-b0f6-4578-8e02-b4a87378a89d,6,6,21.5,0.1666666666666666,0.5,0.6666666666666666,0.6666666666666666,0.7777777777777778,0.2721655269759087,5.5,-0.2277777777777777,0.2984528004125176,2.1666666666666665,4920.666666666667,266.46775915045845,0.0245337126857246,97.5,1102.1532410090108,0.1666666666666666,0.3333333333333333,0.5,0.0,2,gh,0,1,0,6.0,98.33333333333331,18.333333333333332,18.333333333333332,90.0,100.0,110.0,90.0,80,100.0,120.0,90.0,-0.0999999999999999,0.2291666666666666,0,0,0.2291666666666666,0,0,0,0,0
aeea46bb-84ad-409e-b595-5f1ae9d39ed9,7,6,23.333333333333332,0.5,0.5,0.8333333333333334,0.8333333333333334,0.7222222222222222,0.1138550085106621,6.166666666666667,-0.1055555555555555,0.259843257596803,4.166666666666667,4894.666666666667,204.74790789325905,0.0200181603559429,,,0.3055555555555555,0.4722222222222222,0.2222222222222222,0.0,2,gp,0,0,1,25.0,55.79560000000001,-16.2044,16.6844,44.0,75.0,75.0,35.0,72,65.0,73.75,45.0,-0.323076923076923,0.2317277777777777,0,0,-0.225061111111111,0,0,0,0,0
b86ad8e8-b0f6-4578-8e02-b4a87378a89d,7,6,21.5,0.1666666666666666,0.5,0.6666666666666666,0.6666666666666666,0.7777777777777778,0.2721655269759087,5.5,-0.2277777777777777,0.2984528004125176,2.1666666666666665,4895.333333333333,324.11890822145295,0.0283262971537518,,,0.1666666666666666,0.3333333333333333,0.5,0.0,2,gh,0,1,0,4.0,92.5,20.5,20.5,90.0,110.0,110.0,80.0,72,90.0,100.0,79.0,0.0,0.2847222222222222,0,0,0.2847222222222222,0,0,0,0,0
aeea46bb-84ad-409e-b595-5f1ae9d39ed9,8,6,23.333333333333332,0.5,0.5,0.8333333333333334,0.8333333333333334,0.7222222222222222,0.1138550085106621,6.166666666666667,-0.1055555555555555,0.259843257596803,4.166666666666667,4832.666666666667,230.72230881877567,0.0246870832758541,,,0.3055555555555555,0.4722222222222222,0.2222222222222222,0.0,2,gp,0,0,1,12.0,47.916666666666664,-16.083333333333332,16.083333333333332,45.0,50.0,55.0,40.0,64,44.0,65.0,38.0,0.0227272727272727,0.2513020833333333,0,0,-0.2513020833333333,0,0,0,0,0
b86ad8e8-b0f6-4578-8e02-b4a87378a89d,8,6,21.5,0.1666666666666666,0.5,0.6666666666666666,0.6666666666666666,0.7777777777777778,0.2721655269759087,5.5,-0.2277777777777777,0.2984528004125176,2.1666666666666665,4832.0,389.4451180846924,0.0321697939661515,,,0.1666666666666666,0.3333333333333333,0.5,0.0,2,gh,0,1,0,7.0,73.78571428571429,9.785714285714286,23.785714285714285,79.0,90.0,90.0,15.0,64,90.0,90.0,47.5,-0.1222222222222222,0.3716517857142857,0,0,0.1529017857142858,0,0,0,0,0
aeea46bb-84ad-409e-b595-5f1ae9d39ed9,9,6,23.333333333333332,0.5,0.5,0.8333333333333334,0.8333333333333334,0.7222222222222222,0.1138550085106621,6.166666666666667,-0.1055555555555555,0.259843257596803,4.166666666666667,4892.0,248.67360358510055,0.0244401290088125,40.0,6.337717780610514,0.3055555555555555,0.4722222222222222,0.2222222222222222,0.0,2,gp,0,0,1,9.0,39.53888888888889,-16.461111111111112,16.461111111111112,38.0,40.0,47.5,35.0,56,45.0,44.0,33.0,-0.1555555555555555,0.2939484126984127,0,0,-0.2939484126984126,0,0,0,0,0
b86ad8e8-b0f6-4578-8e02-b4a87378a89d,9,6,21.5,0.1666666666666666,0.5,0.6666666666666666,0.6666666666666666,0.7777777777777778,0.2721655269759087,5.5,-0.2277777777777777,0.2984528004125176,2.1666666666666665,4778.0,436.30482463525425,0.0368413097065252,25.0,20.65591117977289,0.1666666666666666,0.3333333333333333,0.5,0.0,2,gh,0,1,0,4.0,64.125,8.125,12.375,47.5,70.0,73.0,47.5,56,79.0,90.0,35.0,-0.3987341772151899,0.2209821428571428,0,0,0.1450892857142857,0,0,0,0,0
aeea46bb-84ad-409e-b595-5f1ae9d39ed9,10,6,23.333333333333332,0.5,0.5,0.8333333333333334,0.8333333333333334,0.7222222222222222,0.1138550085106621,6.166666666666667,-0.1055555555555555,0.259843257596803,4.166666666666667,5040.0,367.85246923189135,0.0363732363315696,,,0.3055555555555555,0.4722222222222222,0.2222222222222222,0.0,2,gp,0,0,1,15.0,35.3,-12.7,12.7,33.0,37.0,39.0,33.0,48,38.0,45.0,25.0,-0.131578947368421,0.2645833333333333,0,0,-0.2645833333333334,0,0,0,0,0
b86ad8e8-b0f6-4578-8e02-b4a87378a89d,10,6,21.5,0.1666666666666666,0.5,0.6666666666666666,0.6666666666666666,0.7777777777777778,0.2721655269759087,5.5,-0.2277777777777777,0.2984528004125176,2.1666666666666665,4994.0,338.41793687687425,0.0308592533262136,,,0.1666666666666666,0.3333333333333333,0.5,0.0,2,gh,0,1,0,7.0,28.214285714285715,-19.785714285714285,19.785714285714285,35.0,45.0,45.0,20.0,48,47.5,79.0,17.5,-0.2631578947368421,0.4122023809523809,0,0,-0.4122023809523809,0,0,0,0,0
aeea46bb-84ad-409e-b595-5f1ae9d39ed9,11,6,23.333333333333332,0.5,0.5,0.8333333333333334,0.8333333333333334,0.7222222222222222,0.1138550085106621,6.166666666666667,-0.1055555555555555,0.259843257596803,4.166666666666667,5053.333333333333,382.6851353092597,0.0373497141600703,,,0.3055555555555555,0.4722222222222222,0.2222222222222222,0.0,2,gp,0,0,1,15.0,30.116666666666667,-9.883333333333333,9.883333333333333,25.0,31.0,34.0,25.0,40,33.0,38.0,20.0,-0.2424242424242424,0.2470833333333333,0,0,-0.2470833333333333,0,0,0,0,0
b86ad8e8-b0f6-4578-8e02-b4a87378a89d,11,6,21.5,0.1666666666666666,0.5,0.6666666666666666,0.6666666666666666,0.7777777777777778,0.2721655269759087,5.5,-0.2277777777777777,0.2984528004125176,2.1666666666666665,4954.0,253.76099345644133,0.0251621585250975,,,0.1666666666666666,0.3333333333333333,0.5,0.0,2,gh,0,1,0,14.0,12.51,-27.49,27.49,17.5,15.0,17.5,9.0,40,35.0,47.5,60.0,-0.5,0.68725,0,0,-0.68725,0,0,0,0,0
aeea46bb-84ad-409e-b595-5f1ae9d39ed9,12,6,23.333333333333332,0.5,0.5,0.8333333333333334,0.8333333333333334,0.7222222222222222,0.1138550085106621,6.166666666666667,-0.1055555555555555,0.259843257596803,4.166666666666667,5058.666666666667,360.50677600659105,0.0354122737655947,17.0,1.7224014243685082,0.3055555555555555,0.4722222222222222,0.2222222222222222,0.0,2,gp,0,0,1,10.0,21.019,-10.981,10.981,20.0,23.0,23.0,20.0,32,25.0,33.0,11.0,-0.1999999999999999,0.34315625,0,0,-0.34315625,0,0,0,0,0
b86ad8e8-b0f6-4578-8e02-b4a87378a89d,12,6,21.5,0.1666666666666666,0.5,0.6666666666666666,0.6666666666666666,0.7777777777777778,0.2721655269759087,5.5,-0.2277777777777777,0.2984528004125176,2.1666666666666665,4948.666666666667,427.7383598260353,0.0402481027437244,10.0,937.2236481580406,0.1666666666666666,0.3333333333333333,0.5,0.0,2,gh,0,1,0,28.0,38.67857142857143,6.678571428571429,17.321428571428573,60.0,20.0,60.0,8.0,32,17.5,35.0,50.0,2.4285714285714284,0.5412946428571429,0,0,0.2087053571428572,0,0,0,0,0
aeea46bb-84ad-409e-b595-5f1ae9d39ed9,13,6,23.333333333333332,0.5,0.5,0.8333333333333334,0.8333333333333334,0.7222222222222222,0.1138550085106621,6.166666666666667,-0.1055555555555555,0.259843257596803,4.166666666666667,4924.0,305.7483391287674,0.0302397553930859,,,0.3055555555555555,0.4722222222222222,0.2222222222222222,0.0,2,gp,0,0,1,16.0,13.20375,-10.79625,10.79625,11.0,15.0,20.0,10.0,24,20.0,25.0,7.0,-0.4499999999999999,0.44984375,0,0,-0.44984375,0,0,0,0,0
b86ad8e8-b0f6-4578-8e02-b4a87378a89d,13,6,21.5,0.1666666666666666,0.5,0.6666666666666666,0.6666666666666666,0.7777777777777778,0.2721655269759087,5.5,-0.2277777777777777,0.2984528004125176,2.1666666666666665,4838.0,634.4034534899696,0.0576584676863717,,,0.1666666666666666,0.3333333333333333,0.5,0.0,2,gh,0,1,0,10.0,27.9,3.9,8.3,50.0,10.0,50.0,10.0,24,60.0,17.5,1000.0,-0.1666666666666666,0.3458333333333334,0,0,0.1624999999999999,0,0,0,0,0
aeea46bb-84ad-409e-b595-5f1ae9d39ed9,14,6,23.333333333333332,0.5,0.5,0.8333333333333334,0.8333333333333334,0.7222222222222222,0.1138550085106621,6.166666666666667,-0.1055555555555555,0.259843257596803,4.166666666666667,4921.333333333333,332.0025115969249,0.0334573963695475,,,0.3055555555555555,0.4722222222222222,0.2222222222222222,0.0,2,gp,0,0,1,10.0,8.08,-7.92,7.92,7.0,10.07,10.07,7.0,16,11.0,20.0,8.0,-0.3636363636363636,0.495,0,0,-0.495,0,0,0,0,0
b86ad8e8-b0f6-4578-8e02-b4a87378a89d,14,6,21.5,0.1666666666666666,0.5,0.6666666666666666,0.6666666666666666,0.7777777777777778,0.2721655269759087,5.5,-0.2277777777777777,0.2984528004125176,2.1666666666666665,4832.666666666667,1547.3861045216438,0.1249371177633696,,,0.1666666666666666,0.3333333333333333,0.5,0.0,2,gh,0,1,0,24.0,93.875,77.875,81.20833333333333,1000.0,50.0,1000.0,3.0,16,50.0,60.0,20.0,19.0,5.075520833333333,1,0,4.8671875,1,1,1,0,1
aeea46bb-84ad-409e-b595-5f1ae9d39ed9,15,6,23.333333333333332,0.5,0.5,0.8333333333333334,0.8333333333333334,0.7222222222222222,0.1138550085106621,6.166666666666667,-0.1055555555555555,0.259843257596803,4.166666666666667,4864.0,279.9602329617542,0.0277630436769005,,,0.3055555555555555,0.4722222222222222,0.2222222222222222,0.0,2,gp,0,0,1,4.0,7.4375,-0.5625,0.5625,8.0,7.0,8.0,7.0,8,7.0,11.0,,0.1428571428571428,0.0703125,0,0,-0.0703125,0,0,0,0,0
b86ad8e8-b0f6-4578-8e02-b4a87378a89d,15,6,21.5,0.1666666666666666,0.5,0.6666666666666666,0.6666666666666666,0.7777777777777778,0.2721655269759087,5.5,-0.2277777777777777,0.2984528004125176,2.1666666666666665,4777.333333333333,1659.5120248032756,0.1344430877290911,,,0.1666666666666666,0.3333333333333333,0.5,0.0,2,gh,0,1,0,3.0,20.666666666666668,12.666666666666666,12.666666666666666,20.0,27.0,27.0,15.0,8,1000.0,50.0,,-0.98,1.5833333333333333,0,0,1.5833333333333337,0,0,1,0,1
1929c09c-602b-4617-8659-48b1a29c8097,1,6,21.166666666666668,0.3333333333333333,0.1666666666666666,0.8333333333333334,0.8333333333333334,0.7361111111111112,0.1780813380536067,4.5,-0.2861111111111111,0.3440634093152447,2.8333333333333335,5120.0,106.27829035132234,0.0104736328125,,,0.1666666666666666,0.1666666666666666,0.6666666666666666,0.0,1,ng,0,0,0,10.0,119.775,-0.225,4.775,126.0,120.0,130.0,95.0,120,,,129.82,,0.0397916666666666,0,0,-0.0018749999999999,0,0,0,0,0
562efb1b-a346-43e9-8059-5c07029ce57e,1,6,21.166666666666668,0.1666666666666666,0.3333333333333333,0.1666666666666666,1.0,0.7361111111111112,0.0974204328708343,5.0,-0.2361111111111111,0.1901510121124981,3.8333333333333335,5000.0,152.6079945481232,0.0156,,,0.3888888888888888,0.0555555555555555,0.5555555555555556,0.0,1,ghp,1,1,1,8.0,9.5,-110.5,110.5,7.0,10.0,12.0,6.0,120,,,61.0,,0.9208333333333332,0,0,-0.9208333333333332,0,0,0,0,0
c790e030-d023-437b-b3f5-54393dc4bea4,1,6,22.5,0.1666666666666666,0.5,0.8333333333333334,0.5,0.7916666666666666,0.2024159633581853,6.0,-0.1916666666666666,0.0981778431668209,2.0,5140.0,413.376341848442,0.0363164721141374,,,0.3333333333333333,0.25,0.25,0.1666666666666666,1,ghp,1,1,1,9.0,173.33333333333334,53.333333333333336,53.333333333333336,160.0,180.0,185.0,160.0,120,,,159.23,,0.4444444444444445,0,0,0.4444444444444445,0,0,0,0,0
1929c09c-602b-4617-8659-48b1a29c8097,2,6,21.166666666666668,0.3333333333333333,0.1666666666666666,0.8333333333333334,0.8333333333333334,0.7361111111111112,0.1780813380536067,4.5,-0.2861111111111111,0.3440634093152447,2.8333333333333335,5194.666666666667,372.5715924579685,0.0361583461670088,,,0.1666666666666666,0.1666666666666666,0.6666666666666666,0.0,1,ng,0,0,0,38.0,129.76052631578946,17.760526315789477,17.760526315789477,129.82,129.0,130.0,129.0,112,126.0,,129.9,0.0303174603174603,0.1585761278195489,0,0,0.1585761278195487,0,0,0,0,0
562efb1b-a346-43e9-8059-5c07029ce57e,2,6,21.166666666666668,0.1666666666666666,0.3333333333333333,0.1666666666666666,1.0,0.7361111111111112,0.0974204328708343,5.0,-0.2361111111111111,0.1901510121124981,3.8333333333333335,5112.0,155.52620357997554,0.0153994957398713,,,0.3888888888888888,0.0555555555555555,0.5555555555555556,0.0,1,ghp,1,1,1,5.0,61.0,-51.0,51.0,61.0,55.0,75.0,50.0,112,7.0,,60.0,7.7142857142857135,0.4553571428571428,1,0,-0.4553571428571428,0,0,1,0,0
c790e030-d023-437b-b3f5-54393dc4bea4,2,6,22.5,0.1666666666666666,0.5,0.8333333333333334,0.5,0.7916666666666666,0.2024159633581853,6.0,-0.1916666666666666,0.0981778431668209,2.0,5065.333333333333,669.594908811788,0.0620131394226551,,,0.3333333333333333,0.25,0.25,0.1666666666666666,1,ghp,1,1,1,13.0,162.36846153846153,50.36846153846154,50.36846153846154,159.23,164.54,167.9,155.63,112,160.0,,120.0,-0.0048125000000001,0.4497184065934066,0,0,0.4497184065934065,0,0,0,0,0
1929c09c-602b-4617-8659-48b1a29c8097,3,6,21.166666666666668,0.3333333333333333,0.1666666666666666,0.8333333333333334,0.8333333333333334,0.7361111111111112,0.1780813380536067,4.5,-0.2861111111111111,0.3440634093152447,2.8333333333333335,5108.0,335.2153562711596,0.0311664708953276,130.0,67.52308247308224,0.1666666666666666,0.1666666666666666,0.6666666666666666,0.0,1,ng,0,0,0,18.0,129.88944444444442,25.889444444444436,25.889444444444436,129.9,129.89,129.92,129.87,104,129.82,126.0,129.92,0.0006162378678171,0.2489369658119657,0,0,0.2489369658119656,0,0,0,0,0
562efb1b-a346-43e9-8059-5c07029ce57e,3,6,21.166666666666668,0.1666666666666666,0.3333333333333333,0.1666666666666666,1.0,0.7361111111111112,0.0974204328708343,5.0,-0.2361111111111111,0.1901510121124981,3.8333333333333335,5268.0,376.8688100652533,0.0334672656711381,0.0,40.8248290463863,0.3888888888888888,0.0555555555555555,0.5555555555555556,0.0,1,ghp,1,1,1,11.0,64.5909090909091,-39.40909090909091,39.40909090909091,60.0,65.0,69.0,59.0,104,61.0,7.0,61.0,-0.0163934426229508,0.3789335664335664,0,0,-0.3789335664335664,0,0,1,0,0
c790e030-d023-437b-b3f5-54393dc4bea4,3,6,22.5,0.1666666666666666,0.5,0.8333333333333334,0.5,0.7916666666666666,0.2024159633581853,6.0,-0.1916666666666666,0.0981778431668209,2.0,5030.666666666667,558.807290956969,0.0520684247725064,0.0,48.98979485566356,0.3333333333333333,0.25,0.25,0.1666666666666666,1,ghp,1,1,1,7.0,144.33857142857144,40.33857142857143,40.33857142857143,120.0,153.04,153.04,120.0,104,159.23,160.0,82.88,-0.2463731708848834,0.3878708791208791,0,0,0.3878708791208792,0,0,0,0,0
1929c09c-602b-4617-8659-48b1a29c8097,4,6,21.166666666666668,0.3333333333333333,0.1666666666666666,0.8333333333333334,0.8333333333333334,0.7361111111111112,0.1780813380536067,4.5,-0.2861111111111111,0.3440634093152447,2.8333333333333335,5538.0,752.950330978079,0.0685595481722241,,,0.1666666666666666,0.1666666666666666,0.6666666666666666,0.0,1,ng,0,0,0,40.0,129.88725,33.88724999999999,33.88724999999999,129.92,129.89,129.92,129.81,96,129.9,129.82,129.9,0.0001539645881445,0.3529921874999999,0,0,0.3529921874999999,0,0,0,0,0
562efb1b-a346-43e9-8059-5c07029ce57e,4,6,21.166666666666668,0.1666666666666666,0.3333333333333333,0.1666666666666666,1.0,0.7361111111111112,0.0974204328708343,5.0,-0.2361111111111111,0.1901510121124981,3.8333333333333335,5494.0,270.1638855953922,0.0249782591109493,,,0.3888888888888888,0.0555555555555555,0.5555555555555556,0.0,1,ghp,1,1,1,13.0,60.15538461538461,-35.84461538461539,35.84461538461539,61.0,59.69,61.0,59.25,96,60.0,61.0,58.79,0.0166666666666666,0.3733814102564103,0,0,-0.3733814102564103,0,0,1,0,0
c790e030-d023-437b-b3f5-54393dc4bea4,4,6,22.5,0.1666666666666666,0.5,0.8333333333333334,0.5,0.7916666666666666,0.2024159633581853,6.0,-0.1916666666666666,0.0981778431668209,2.0,5292.666666666667,406.78618613058455,0.0311104463198555,,,0.3333333333333333,0.25,0.25,0.1666666666666666,1,ghp,1,1,1,4.0,93.4075,-2.592500000000001,6.592500000000001,82.88,100.0,100.0,82.88,96,120.0,159.23,85.82,-0.3093333333333333,0.068671875,0,0,-0.0270052083333333,0,0,0,0,0
1929c09c-602b-4617-8659-48b1a29c8097,5,6,21.166666666666668,0.3333333333333333,0.1666666666666666,0.8333333333333334,0.8333333333333334,0.7361111111111112,0.1780813380536067,4.5,-0.2861111111111111,0.3440634093152447,2.8333333333333335,5802.0,737.5670649100322,0.0617406832892872,,,0.1666666666666666,0.1666666666666666,0.6666666666666666,0.0,1,ng,0,0,0,20.0,129.929,41.928999999999995,41.928999999999995,129.9,129.93,130.0,129.9,88,129.92,129.9,129.97,-0.0001539408866993,0.476465909090909,0,0,0.4764659090909091,0,0,0,0,0
562efb1b-a346-43e9-8059-5c07029ce57e,5,6,21.166666666666668,0.1666666666666666,0.3333333333333333,0.1666666666666666,1.0,0.7361111111111112,0.0974204328708343,5.0,-0.2361111111111111,0.1901510121124981,3.8333333333333335,5588.666666666667,356.6152932596506,0.0316128871923336,,,0.3888888888888888,0.0555555555555555,0.5555555555555556,0.0,1,ghp,1,1,1,17.0,59.237647058823526,-28.76235294117647,28.76235294117647,58.79,58.63,59.63,58.63,88,61.0,60.0,64.88,-0.0362295081967213,0.3268449197860962,0,0,-0.3268449197860963,0,0,1,0,0
c790e030-d023-437b-b3f5-54393dc4bea4,5,6,22.5,0.1666666666666666,0.5,0.8333333333333334,0.5,0.7916666666666666,0.2024159633581853,6.0,-0.1916666666666666,0.0981778431668209,2.0,5440.666666666667,352.1016005454487,0.0294590123759343,,,0.3333333333333333,0.25,0.25,0.1666666666666666,1,ghp,1,1,1,11.0,84.92181818181818,-3.078181818181822,5.0054545454545485,85.82,81.88,93.16,79.38,88,82.88,120.0,71.0,0.035472972972973,0.0568801652892562,0,0,-0.0349793388429752,0,0,0,0,0
1929c09c-602b-4617-8659-48b1a29c8097,6,6,21.166666666666668,0.3333333333333333,0.1666666666666666,0.8333333333333334,0.8333333333333334,0.7361111111111112,0.1780813380536067,4.5,-0.2861111111111111,0.3440634093152447,2.8333333333333335,6033.333333333333,785.1806494983591,0.0669350828729281,130.0,53.27163097434381,0.1666666666666666,0.1666666666666666,0.6666666666666666,0.0,1,ng,0,0,0,31.0,129.90516129032255,49.905161290322575,49.905161290322575,129.97,129.9,129.99,129.88,80,129.9,129.92,129.92,0.0005388760585065,0.6238145161290322,0,0,0.6238145161290319,0,0,0,0,0
562efb1b-a346-43e9-8059-5c07029ce57e,6,6,21.166666666666668,0.1666666666666666,0.3333333333333333,0.1666666666666666,1.0,0.7361111111111112,0.0974204328708343,5.0,-0.2361111111111111,0.1901510121124981,3.8333333333333335,5563.333333333333,299.44049055975455,0.0270603155582184,65.0,2.738612787525831,0.3888888888888888,0.0555555555555555,0.5555555555555556,0.0,1,ghp,1,1,1,26.0,60.645384615384614,-19.354615384615386,19.354615384615386,64.88,58.79,64.88,58.51,80,58.79,61.0,65.94,0.1035890457560808,0.2419326923076923,0,0,-0.2419326923076923,0,0,1,0,0
c790e030-d023-437b-b3f5-54393dc4bea4,6,6,22.5,0.1666666666666666,0.5,0.8333333333333334,0.5,0.7916666666666666,0.2024159633581853,6.0,-0.1916666666666666,0.0981778431668209,2.0,5378.666666666667,416.7251449896758,0.0364068955544537,63.0,36.8912817162357,0.3333333333333333,0.25,0.25,0.1666666666666666,1,ghp,1,1,1,8.0,78.0125,-1.9875000000000007,3.6774999999999984,71.0,80.88,85.88,71.0,80,85.82,82.88,62.0,-0.1726870193428105,0.0459687499999999,0,0,-0.0248437499999999,0,0,0,0,0
1929c09c-602b-4617-8659-48b1a29c8097,7,6,21.166666666666668,0.3333333333333333,0.1666666666666666,0.8333333333333334,0.8333333333333334,0.7361111111111112,0.1780813380536067,4.5,-0.2861111111111111,0.3440634093152447,2.8333333333333335,6125.333333333332,658.3083366528672,0.0543631185604409,,,0.1666666666666666,0.1666666666666666,0.6666666666666666,0.0,1,ng,0,0,0,26.0,129.945,57.94500000000001,57.94500000000001,129.92,129.98,129.98,129.92,72,129.97,129.9,129.92,-0.0003847041624991,0.8047916666666668,0,0,0.8047916666666666,0,0,0,0,0
562efb1b-a346-43e9-8059-5c07029ce57e,7,6,21.166666666666668,0.1666666666666666,0.3333333333333333,0.1666666666666666,1.0,0.7361111111111112,0.0974204328708343,5.0,-0.2361111111111111,0.1901510121124981,3.8333333333333335,6113.333333333333,770.5241405346533,0.0607192838967647,,,0.3888888888888888,0.0555555555555555,0.5555555555555556,0.0,1,ghp,1,1,1,10.0,66.001,-5.999000000000001,5.999000000000001,65.94,63.88,67.91,63.88,72,64.88,58.79,62.93,0.0163378545006165,0.0833194444444444,0,0,-0.0833194444444443,0,0,1,0,0
c790e030-d023-437b-b3f5-54393dc4bea4,7,6,22.5,0.1666666666666666,0.5,0.8333333333333334,0.5,0.7916666666666666,0.2024159633581853,6.0,-0.1916666666666666,0.0981778431668209,2.0,5540.666666666667,368.40945512658385,0.0323046765331086,,,0.3333333333333333,0.25,0.25,0.1666666666666666,1,ghp,1,1,1,4.0,68.1275,-3.8724999999999983,5.627500000000001,62.0,75.51,75.51,62.0,72,71.0,85.82,55.0,-0.1267605633802817,0.0781597222222222,0,0,-0.0537847222222222,0,0,0,0,0
1929c09c-602b-4617-8659-48b1a29c8097,8,6,21.166666666666668,0.3333333333333333,0.1666666666666666,0.8333333333333334,0.8333333333333334,0.7361111111111112,0.1780813380536067,4.5,-0.2861111111111111,0.3440634093152447,2.8333333333333335,5788.666666666664,1131.5173781549554,0.0989861415025527,,,0.1666666666666666,0.1666666666666666,0.6666666666666666,0.0,1,ng,0,0,0,31.0,129.8922580645161,65.89225806451613,65.89225806451613,129.92,129.87,129.93,129.82,64,129.92,129.97,129.89,0.0,1.0295665322580645,0,0,1.0295665322580645,0,0,0,0,0
562efb1b-a346-43e9-8059-5c07029ce57e,8,6,21.166666666666668,0.1666666666666666,0.3333333333333333,0.1666666666666666,1.0,0.7361111111111112,0.0974204328708343,5.0,-0.2361111111111111,0.1901510121124981,3.8333333333333335,5792.0,423.3194614472619,0.0355777125537139,,,0.3888888888888888,0.0555555555555555,0.5555555555555556,0.0,1,ghp,1,1,1,18.0,66.4,2.3999999999999977,2.5388888888888865,62.93,67.35,67.82,62.93,64,65.94,64.88,67.15,-0.0456475583864118,0.0396701388888888,0,0,0.0375,0,0,1,0,0
c790e030-d023-437b-b3f5-54393dc4bea4,8,6,22.5,0.1666666666666666,0.5,0.8333333333333334,0.5,0.7916666666666666,0.2024159633581853,6.0,-0.1916666666666666,0.0981778431668209,2.0,5512.0,491.184766620464,0.0399002177068214,,,0.3333333333333333,0.25,0.25,0.1666666666666666,1,ghp,1,1,1,31.0,56.104838709677416,-7.895161290322581,7.895161290322581,55.0,57.0,57.25,50.0,64,62.0,71.0,50.26,-0.1129032258064516,0.1233618951612903,0,0,-0.1233618951612903,0,0,0,0,0
1929c09c-602b-4617-8659-48b1a29c8097,9,6,21.166666666666668,0.3333333333333333,0.1666666666666666,0.8333333333333334,0.8333333333333334,0.7361111111111112,0.1780813380536067,4.5,-0.2861111111111111,0.3440634093152447,2.8333333333333335,6019.999999999997,799.837376220943,0.0678503137689185,130.0,52.02563470700446,0.1666666666666666,0.1666666666666666,0.6666666666666666,0.0,1,ng,0,0,0,56.0,129.7732142857143,73.77321428571429,73.77321428571429,129.89,129.89,129.93,129.55,56,129.92,129.92,130.0,-0.0002309113300492,1.3173788265306123,0,0,1.3173788265306123,0,0,0,0,0
562efb1b-a346-43e9-8059-5c07029ce57e,9,6,21.166666666666668,0.1666666666666666,0.3333333333333333,0.1666666666666666,1.0,0.7361111111111112,0.0974204328708343,5.0,-0.2361111111111111,0.1901510121124981,3.8333333333333335,6017.333333333333,516.3950659201398,0.0416441391535563,68.0,5.71839138219832,0.3888888888888888,0.0555555555555555,0.5555555555555556,0.0,1,ghp,1,1,1,22.0,66.89136363636364,10.891363636363634,10.891363636363634,67.15,62.82,67.27,62.82,56,62.93,65.94,65.32,0.0670586365803274,0.1944886363636363,0,0,0.1944886363636363,0,0,1,0,0
c790e030-d023-437b-b3f5-54393dc4bea4,9,6,22.5,0.1666666666666666,0.5,0.8333333333333334,0.5,0.7916666666666666,0.2024159633581853,6.0,-0.1916666666666666,0.0981778431668209,2.0,5662.666666666667,643.0950934244993,0.0526139039321873,48.5,1900.9821321271452,0.3333333333333333,0.25,0.25,0.1666666666666666,1,ghp,1,1,1,12.0,50.9575,-5.0425,5.0425,50.26,52.63,52.63,50.26,56,55.0,62.0,54.29,-0.0861818181818182,0.0900446428571428,0,0,-0.0900446428571428,0,0,0,0,0
1929c09c-602b-4617-8659-48b1a29c8097,10,6,21.166666666666668,0.3333333333333333,0.1666666666666666,0.8333333333333334,0.8333333333333334,0.7361111111111112,0.1780813380536067,4.5,-0.2861111111111111,0.3440634093152447,2.8333333333333335,6133.333333333331,917.746809172697,0.0721807971014494,,,0.1666666666666666,0.1666666666666666,0.6666666666666666,0.0,1,ng,0,0,0,57.0,129.9961403508772,81.99614035087718,81.99614035087718,130.0,129.88,130.67,129.79,48,129.89,129.92,129.99,0.0008468704288244,1.708252923976608,0,0,1.7082529239766082,0,0,0,0,0
562efb1b-a346-43e9-8059-5c07029ce57e,10,6,21.166666666666668,0.1666666666666666,0.3333333333333333,0.1666666666666666,1.0,0.7361111111111112,0.0974204328708343,5.0,-0.2361111111111111,0.1901510121124981,3.8333333333333335,5928.0,595.2919569085392,0.049259727845254,,,0.3888888888888888,0.0555555555555555,0.5555555555555556,0.0,1,ghp,1,1,1,13.0,67.28,19.28,19.28,65.32,67.15,67.82,65.32,48,67.15,62.93,65.4,-0.0272524199553241,0.4016666666666666,0,0,0.4016666666666666,0,0,1,0,0
c790e030-d023-437b-b3f5-54393dc4bea4,10,6,22.5,0.1666666666666666,0.5,0.8333333333333334,0.5,0.7916666666666666,0.2024159633581853,6.0,-0.1916666666666666,0.0981778431668209,2.0,5558.666666666667,584.9411946398251,0.0483641160949867,,,0.3333333333333333,0.25,0.25,0.1666666666666666,1,ghp,1,1,1,16.0,52.29375,4.293750000000001,4.293750000000001,54.29,52.13,54.29,51.2,48,50.26,55.0,50.99,0.0801830481496219,0.089453125,0,0,0.089453125,0,0,0,0,0
1929c09c-602b-4617-8659-48b1a29c8097,11,6,21.166666666666668,0.3333333333333333,0.1666666666666666,0.8333333333333334,0.8333333333333334,0.7361111111111112,0.1780813380536067,4.5,-0.2861111111111111,0.3440634093152447,2.8333333333333335,6073.333333333331,1042.3216121460086,0.0876176362971089,,,0.1666666666666666,0.1666666666666666,0.6666666666666666,0.0,1,ng,0,0,0,33.0,129.9918181818182,89.99181818181819,89.99181818181819,129.99,130.0,130.01,129.98,40,130.0,129.89,129.98,-7.692307692297451e-05,2.249795454545455,0,0,2.249795454545455,0,0,0,0,0
562efb1b-a346-43e9-8059-5c07029ce57e,11,6,21.166666666666668,0.1666666666666666,0.3333333333333333,0.1666666666666666,1.0,0.7361111111111112,0.0974204328708343,5.0,-0.2361111111111111,0.1901510121124981,3.8333333333333335,5914.666666666667,612.1448140649935,0.0504591223324315,,,0.3888888888888888,0.0555555555555555,0.5555555555555556,0.0,1,ghp,1,1,1,8.0,65.5325,25.5325,25.5325,65.4,65.36,66.38,65.36,40,65.32,67.15,65.31,0.0012247397428049,0.6383125000000001,0,0,0.6383125,0,0,1,0,0
c790e030-d023-437b-b3f5-54393dc4bea4,11,6,22.5,0.1666666666666666,0.5,0.8333333333333334,0.5,0.7916666666666666,0.2024159633581853,6.0,-0.1916666666666666,0.0981778431668209,2.0,5578.666666666667,574.4836503388631,0.0471790352135116,,,0.3333333333333333,0.25,0.25,0.1666666666666666,1,ghp,1,1,1,8.0,51.155,11.155,11.155,50.99,56.99,56.99,49.0,40,54.29,50.26,45.99,-0.0607846748940872,0.278875,0,0,0.278875,0,0,0,0,0
1929c09c-602b-4617-8659-48b1a29c8097,12,6,21.166666666666668,0.3333333333333333,0.1666666666666666,0.8333333333333334,0.8333333333333334,0.7361111111111112,0.1780813380536067,4.5,-0.2861111111111111,0.3440634093152447,2.8333333333333335,6051.999999999997,1177.7562222972897,0.099024564882132,130.0,0.5163977794943212,0.1666666666666666,0.1666666666666666,0.6666666666666666,0.0,1,ng,0,0,0,9.0,129.98555555555555,97.98555555555556,97.98555555555556,129.98,129.99,129.99,129.98,32,129.99,130.0,129.98,-7.692899453815016e-05,3.062048611111111,0,0,3.062048611111111,0,0,0,0,0
562efb1b-a346-43e9-8059-5c07029ce57e,12,6,21.166666666666668,0.1666666666666666,0.3333333333333333,0.1666666666666666,1.0,0.7361111111111112,0.0974204328708343,5.0,-0.2361111111111111,0.1901510121124981,3.8333333333333335,5861.333333333333,602.7830782185791,0.0500700447376402,64.0,5.046450898073484,0.3888888888888888,0.0555555555555555,0.5555555555555556,0.0,1,ghp,1,1,1,16.0,65.455,33.455,33.455,65.31,65.44,66.38,65.21,32,65.4,65.32,63.35,-0.0013761467889908,1.04546875,0,0,1.04546875,0,0,1,0,0
c790e030-d023-437b-b3f5-54393dc4bea4,12,6,22.5,0.1666666666666666,0.5,0.8333333333333334,0.5,0.7916666666666666,0.2024159633581853,6.0,-0.1916666666666666,0.0981778431668209,2.0,5674.666666666667,776.6276043939364,0.0596152490601502,46.5,2108.4484026569553,0.3333333333333333,0.25,0.25,0.1666666666666666,1,ghp,1,1,1,3.0,48.830000000000005,16.830000000000002,16.830000000000002,45.99,49.51,50.99,45.99,32,50.99,54.29,31.0,-0.0980584428319277,0.5259375000000001,0,0,0.5259375000000002,0,0,0,0,0
1929c09c-602b-4617-8659-48b1a29c8097,13,6,21.166666666666668,0.3333333333333333,0.1666666666666666,0.8333333333333334,0.8333333333333334,0.7361111111111112,0.1780813380536067,4.5,-0.2861111111111111,0.3440634093152447,2.8333333333333335,6051.999999999997,1364.058646818375,0.1111766541822715,,,0.1666666666666666,0.1666666666666666,0.6666666666666666,0.0,1,ng,0,0,0,6.0,129.98,105.97999999999998,105.97999999999998,129.98,129.98,129.98,129.98,24,129.98,129.99,130.01,0.0,4.415833333333333,0,0,4.415833333333333,0,0,0,0,0
562efb1b-a346-43e9-8059-5c07029ce57e,13,6,21.166666666666668,0.1666666666666666,0.3333333333333333,0.1666666666666666,1.0,0.7361111111111112,0.0974204328708343,5.0,-0.2361111111111111,0.1901510121124981,3.8333333333333335,5869.333333333333,706.5215644172979,0.0584387778282598,,,0.3888888888888888,0.0555555555555555,0.5555555555555556,0.0,1,ghp,1,1,1,25.0,64.6432,40.6432,40.6432,63.35,65.31,66.0,63.35,24,65.31,65.4,64.22,-0.030010718113612,1.693466666666667,0,0,1.6934666666666665,0,0,1,0,0
c790e030-d023-437b-b3f5-54393dc4bea4,13,6,22.5,0.1666666666666666,0.5,0.8333333333333334,0.5,0.7916666666666666,0.2024159633581853,6.0,-0.1916666666666666,0.0981778431668209,2.0,5606.666666666667,603.7590478880337,0.0486359492667458,,,0.3333333333333333,0.25,0.25,0.1666666666666666,1,ghp,1,1,1,4.0,34.75,10.75,10.75,31.0,38.0,38.0,31.0,24,45.99,50.99,11.0,-0.3259404218308328,0.4479166666666667,0,0,0.4479166666666667,0,0,0,0,0
1929c09c-602b-4617-8659-48b1a29c8097,14,6,21.166666666666668,0.3333333333333333,0.1666666666666666,0.8333333333333334,0.8333333333333334,0.7361111111111112,0.1780813380536067,4.5,-0.2861111111111111,0.3440634093152447,2.8333333333333335,6094.666666666664,1499.6956972888452,0.1262651316269237,,,0.1666666666666666,0.1666666666666666,0.6666666666666666,0.0,1,ng,0,0,0,89.0,130.1873033707865,114.18730337078652,114.18730337078652,130.01,129.99,130.91,129.99,16,129.98,129.98,130.0,0.0002308047391905,7.136706460674158,0,0,7.136706460674157,1,1,0,0,1
562efb1b-a346-43e9-8059-5c07029ce57e,14,6,21.166666666666668,0.1666666666666666,0.3333333333333333,0.1666666666666666,1.0,0.7361111111111112,0.0974204328708343,5.0,-0.2361111111111111,0.1901510121124981,3.8333333333333335,5885.333333333333,678.4890325912911,0.0564683393747168,,,0.3888888888888888,0.0555555555555555,0.5555555555555556,0.0,1,ghp,1,1,1,17.0,64.48882352941176,48.48882352941176,48.48882352941176,64.22,64.79,65.26,63.24,16,63.35,65.31,62.59,0.013733228097869,3.030551470588235,0,0,3.030551470588235,0,0,1,0,0
c790e030-d023-437b-b3f5-54393dc4bea4,14,6,22.5,0.1666666666666666,0.5,0.8333333333333334,0.5,0.7916666666666666,0.2024159633581853,6.0,-0.1916666666666666,0.0981778431668209,2.0,5612.0,639.9205147828894,0.0511932763126632,,,0.3333333333333333,0.25,0.25,0.1666666666666666,1,ghp,1,1,1,11.0,11.909090909090908,-4.090909090909091,4.090909090909091,11.0,14.0,14.0,11.0,16,31.0,45.99,7.0,-0.6451612903225806,0.2556818181818182,0,0,-0.2556818181818182,0,0,0,0,0
1929c09c-602b-4617-8659-48b1a29c8097,15,6,21.166666666666668,0.3333333333333333,0.1666666666666666,0.8333333333333334,0.8333333333333334,0.7361111111111112,0.1780813380536067,4.5,-0.2861111111111111,0.3440634093152447,2.8333333333333335,6105.333333333331,1436.770016163572,0.1189202518744998,,,0.1666666666666666,0.1666666666666666,0.6666666666666666,0.0,1,ng,0,0,0,31.0,130.00645161290322,122.00645161290322,122.00645161290322,130.0,130.01,130.02,129.99,8,130.01,129.98,,-7.691716021840378e-05,15.250806451612902,0,0,15.250806451612902,1,0,0,0,2
562efb1b-a346-43e9-8059-5c07029ce57e,15,6,21.166666666666668,0.1666666666666666,0.3333333333333333,0.1666666666666666,1.0,0.7361111111111112,0.0974204328708343,5.0,-0.2361111111111111,0.1901510121124981,3.8333333333333335,5890.666666666667,785.0387222721345,0.0657124264373018,,,0.3888888888888888,0.0555555555555555,0.5555555555555556,0.0,1,ghp,1,1,1,19.0,63.51947368421053,55.51947368421053,55.51947368421053,62.59,63.21,66.26,62.54,8,64.22,63.35,,-0.025381501090003,6.939934210526316,0,0,6.939934210526316,1,1,1,0,1
c790e030-d023-437b-b3f5-54393dc4bea4,15,6,22.5,0.1666666666666666,0.5,0.8333333333333334,0.5,0.7916666666666666,0.2024159633581853,6.0,-0.1916666666666666,0.0981778431668209,2.0,5602.666666666667,644.9970694403692,0.0519419324131364,,,0.3333333333333333,0.25,0.25,0.1666666666666666,1,ghp,1,1,1,4.0,6.755,-1.245,1.245,7.0,7.0,7.01,6.01,8,11.0,31.0,,-0.3636363636363636,0.155625,0,0,-0.155625,0,0,0,0,0
7639dc96-fd01-4576-8cdc-79c9d30dcd81,1,6,22.5,0.1666666666666666,0.5,0.8333333333333334,0.5,0.7916666666666666,0.2024159633581853,6.0,-0.1916666666666666,0.0981778431668209,2.0,5200.0,378.0079364246206,0.0288461538461538,,,0.25,0.25,0.3333333333333333,0.1666666666666666,2,ghp,1,1,1,1.0,105.0,-15.0,15.0,105.0,105.0,105.0,105.0,120,,,140.0,,0.125,0,0,-0.125,0,0,0,0,0
aa648e2e-d329-4dd5-8902-af2bb6347519,1,6,21.166666666666668,0.3333333333333333,0.1666666666666666,0.8333333333333334,0.8333333333333334,0.7361111111111112,0.1780813380536067,4.5,-0.2861111111111111,0.3440634093152447,2.8333333333333335,5200.0,187.72434067003653,0.0175378205128205,,,0.0833333333333333,0.5,0.4166666666666667,0.0,2,ng,0,0,0,8.0,108.035,-11.964999999999998,15.535000000000002,122.51,10.0,125.0,10.0,120,,,126.0,,0.1294583333333333,0,0,-0.0997083333333333,0,0,0,0,0
c06d584f-16fe-42a0-a5b0-281026bd6ca3,1,6,21.166666666666668,0.1666666666666666,0.3333333333333333,0.1666666666666666,1.0,0.7361111111111112,0.0974204328708343,5.0,-0.2361111111111111,0.1901510121124981,3.8333333333333335,5220.0,288.516970592719,0.026174755214985,,,0.1666666666666666,0.5,0.3333333333333333,0.0,2,ghp,1,1,1,11.0,87.56545454545454,-32.43454545454546,32.43454545454546,87.36,74.5,118.32,56.5,120,,,60.96,,0.2702878787878788,0,0,-0.2702878787878788,0,0,0,0,0
7639dc96-fd01-4576-8cdc-79c9d30dcd81,2,6,22.5,0.1666666666666666,0.5,0.8333333333333334,0.5,0.7916666666666666,0.2024159633581853,6.0,-0.1916666666666666,0.0981778431668209,2.0,4946.666666666667,58.7117251208536,0.0058288409703504,,,0.25,0.25,0.3333333333333333,0.1666666666666666,2,ghp,1,1,1,5.0,156.0,44.0,44.0,140.0,155.0,165.0,140.0,112,105.0,,150.0,0.3333333333333332,0.3928571428571428,1,0,0.3928571428571428,0,0,1,0,0
aa648e2e-d329-4dd5-8902-af2bb6347519,2,6,21.166666666666668,0.3333333333333333,0.1666666666666666,0.8333333333333334,0.8333333333333334,0.7361111111111112,0.1780813380536067,4.5,-0.2861111111111111,0.3440634093152447,2.8333333333333335,5469.333333333333,458.9994487433143,0.0378814196326995,,,0.0833333333333333,0.5,0.4166666666666667,0.0,2,ng,0,0,0,20.0,128.1155,16.1155,16.1155,126.0,127.0,129.97,120.01,112,122.51,,126.0,0.0284874704105786,0.1438883928571428,0,0,0.1438883928571428,0,0,0,0,0
c06d584f-16fe-42a0-a5b0-281026bd6ca3,2,6,21.166666666666668,0.1666666666666666,0.3333333333333333,0.1666666666666666,1.0,0.7361111111111112,0.0974204328708343,5.0,-0.2361111111111111,0.1901510121124981,3.8333333333333335,5078.0,151.3624279667842,0.0150414642685221,,,0.1666666666666666,0.5,0.3333333333333333,0.0,2,ghp,1,1,1,11.0,64.68363636363637,-47.31636363636364,47.31636363636364,60.96,60.91,98.7,55.47,112,87.36,,75.0,-0.3021978021978022,0.4224675324675325,0,0,-0.4224675324675324,0,0,0,0,0
7639dc96-fd01-4576-8cdc-79c9d30dcd81,3,6,22.5,0.1666666666666666,0.5,0.8333333333333334,0.5,0.7916666666666666,0.2024159633581853,6.0,-0.1916666666666666,0.0981778431668209,2.0,5196.0,333.0423396506817,0.031060217261141,110.0,1344.0932507332468,0.25,0.25,0.3333333333333333,0.1666666666666666,2,ghp,1,1,1,16.0,126.5625,22.5625,22.5625,150.0,120.0,150.0,110.0,104,140.0,105.0,87.0,0.0714285714285714,0.2169471153846154,0,0,0.2169471153846154,0,0,1,0,0
aa648e2e-d329-4dd5-8902-af2bb6347519,3,6,21.166666666666668,0.3333333333333333,0.1666666666666666,0.8333333333333334,0.8333333333333334,0.7361111111111112,0.1780813380536067,4.5,-0.2861111111111111,0.3440634093152447,2.8333333333333335,5376.0,325.90830084549714,0.0288729745370369,125.0,3.674234614174765,0.0833333333333333,0.5,0.4166666666666667,0.0,2,ng,0,0,0,28.0,123.99357142857144,19.993571428571432,19.993571428571432,126.0,125.61,127.43,120.01,104,126.0,122.51,131.21,0.0,0.1922458791208791,0,0,0.1922458791208791,0,0,0,0,0
c06d584f-16fe-42a0-a5b0-281026bd6ca3,3,6,21.166666666666668,0.1666666666666666,0.3333333333333333,0.1666666666666666,1.0,0.7361111111111112,0.0974204328708343,5.0,-0.2361111111111111,0.1901510121124981,3.8333333333333335,5220.0,194.59871335648663,0.019100361856109,63.0,6.96897888263888,0.1666666666666666,0.5,0.3333333333333333,0.0,2,ghp,1,1,1,8.0,70.47875,-33.52125,33.52125,75.0,60.0,80.6,55.71,104,60.96,87.36,68.71,0.2303149606299213,0.3223197115384615,0,0,-0.3223197115384615,0,0,0,0,0
7639dc96-fd01-4576-8cdc-79c9d30dcd81,4,6,22.5,0.1666666666666666,0.5,0.8333333333333334,0.5,0.7916666666666666,0.2024159633581853,6.0,-0.1916666666666666,0.0981778431668209,2.0,5054.666666666667,384.8592816428709,0.0383913655148157,,,0.25,0.25,0.3333333333333333,0.1666666666666666,2,ghp,1,1,1,11.0,123.54545454545456,27.545454545454547,29.181818181818183,87.0,140.0,140.0,87.0,96,150.0,140.0,110.0,-0.42,0.3039772727272727,0,1,0.2869318181818182,0,0,1,1,0
aa648e2e-d329-4dd5-8902-af2bb6347519,4,6,21.166666666666668,0.3333333333333333,0.1666666666666666,0.8333333333333334,0.8333333333333334,0.7361111111111112,0.1780813380536067,4.5,-0.2861111111111111,0.3440634093152447,2.8333333333333335,5420.0,1122.5858890258671,0.0943003280032799,,,0.0833333333333333,0.5,0.4166666666666667,0.0,2,ng,0,0,0,53.0,130.2709433962264,34.270943396226414,34.270943396226414,131.21,126.0,132.25,126.0,96,126.0,126.0,129.88,0.0413492063492064,0.3569889937106918,0,0,0.3569889937106918,0,0,0,0,0
c06d584f-16fe-42a0-a5b0-281026bd6ca3,4,6,21.166666666666668,0.1666666666666666,0.3333333333333333,0.1666666666666666,1.0,0.7361111111111112,0.0974204328708343,5.0,-0.2361111111111111,0.1901510121124981,3.8333333333333335,5318.666666666667,571.6280337305604,0.046926965822679,,,0.1666666666666666,0.5,0.3333333333333333,0.0,2,ghp,1,1,1,29.0,68.47068965517241,-27.529310344827586,27.529310344827586,68.71,60.0,76.82,55.46,96,75.0,60.96,68.26,-0.0838666666666667,0.2867636494252873,0,0,-0.2867636494252874,0,0,0,0,0
7639dc96-fd01-4576-8cdc-79c9d30dcd81,5,6,22.5,0.1666666666666666,0.5,0.8333333333333334,0.5,0.7916666666666666,0.2024159633581853,6.0,-0.1916666666666666,0.0981778431668209,2.0,4945.333333333333,426.8801549225106,0.0432169497618405,,,0.25,0.25,0.3333333333333333,0.1666666666666666,2,ghp,1,1,1,6.0,105.83333333333331,17.833333333333332,18.833333333333332,110.0,125.0,125.0,85.0,88,87.0,150.0,107.5,0.264367816091954,0.2140151515151515,0,0,0.2026515151515151,0,0,1,1,0
aa648e2e-d329-4dd5-8902-af2bb6347519,5,6,21.166666666666668,0.3333333333333333,0.1666666666666666,0.8333333333333334,0.8333333333333334,0.7361111111111112,0.1780813380536067,4.5,-0.2861111111111111,0.3440634093152447,2.8333333333333335,5273.333333333333,848.3105891279831,0.0741388537715971,,,0.0833333333333333,0.5,0.4166666666666667,0.0,2,ng,0,0,0,44.0,130.6240909090909,42.6240909090909,42.6240909090909,129.88,131.25,131.83,129.88,88,131.21,126.0,131.73,-0.0101364225287707,0.4843646694214875,0,0,0.4843646694214876,0,0,0,0,0
c06d584f-16fe-42a0-a5b0-281026bd6ca3,5,6,21.166666666666668,0.1666666666666666,0.3333333333333333,0.1666666666666666,1.0,0.7361111111111112,0.0974204328708343,5.0,-0.2361111111111111,0.1901510121124981,3.8333333333333335,5013.333333333333,341.29925752434104,0.0349384973404255,,,0.1666666666666666,0.5,0.3333333333333333,0.0,2,ghp,1,1,1,24.0,68.17625,-19.82375,19.82375,68.26,68.7,69.39,64.37,88,68.71,75.0,67.2,-0.0065492650269245,0.2252698863636363,0,0,-0.2252698863636364,0,0,0,0,0
7639dc96-fd01-4576-8cdc-79c9d30dcd81,6,6,22.5,0.1666666666666666,0.5,0.8333333333333334,0.5,0.7916666666666666,0.2024159633581853,6.0,-0.1916666666666666,0.0981778431668209,2.0,4905.333333333333,497.3490390728294,0.0513160279061339,95.0,1476.065095673855,0.25,0.25,0.3333333333333333,0.1666666666666666,2,ghp,1,1,1,7.0,106.85714285714286,26.857142857142858,26.857142857142858,107.5,115.0,118.0,90.0,80,110.0,87.0,90.0,-0.0227272727272727,0.3357142857142857,0,0,0.3357142857142857,0,0,1,1,0
aa648e2e-d329-4dd5-8902-af2bb6347519,6,6,21.166666666666668,0.3333333333333333,0.1666666666666666,0.8333333333333334,0.8333333333333334,0.7361111111111112,0.1780813380536067,4.5,-0.2861111111111111,0.3440634093152447,2.8333333333333335,5140.0,958.6222885370432,0.0924573065283181,131.5,0.983192080250176,0.0833333333333333,0.5,0.4166666666666667,0.0,2,ng,0,0,0,45.0,130.58733333333333,50.587333333333326,50.587333333333326,131.73,129.87,131.73,129.26,80,129.88,131.21,131.9,0.0142439174622728,0.6323416666666666,0,0,0.6323416666666667,0,0,0,0,0
c06d584f-16fe-42a0-a5b0-281026bd6ca3,6,6,21.166666666666668,0.1666666666666666,0.3333333333333333,0.1666666666666666,1.0,0.7361111111111112,0.0974204328708343,5.0,-0.2361111111111111,0.1901510121124981,3.8333333333333335,5000.0,305.5655637011472,0.0298431111111111,66.5,3.74165738677394,0.1666666666666666,0.5,0.3333333333333333,0.0,2,ghp,1,1,1,6.0,66.87666666666667,-13.123333333333331,13.123333333333331,67.2,68.13,68.13,64.04,80,68.26,68.71,65.0,-0.0155288602402579,0.1640416666666666,0,0,-0.1640416666666667,0,0,0,0,0
7639dc96-fd01-4576-8cdc-79c9d30dcd81,7,6,22.5,0.1666666666666666,0.5,0.8333333333333334,0.5,0.7916666666666666,0.2024159633581853,6.0,-0.1916666666666666,0.0981778431668209,2.0,4892.666666666667,535.3496676627964,0.0562633419630285,,,0.25,0.25,0.3333333333333333,0.1666666666666666,2,ghp,1,1,1,1.0,90.0,18.0,18.0,90.0,90.0,90.0,90.0,72,107.5,110.0,80.0,-0.1627906976744185,0.25,0,0,0.25,0,0,1,1,0
aa648e2e-d329-4dd5-8902-af2bb6347519,7,6,21.166666666666668,0.3333333333333333,0.1666666666666666,0.8333333333333334,0.8333333333333334,0.7361111111111112,0.1780813380536067,4.5,-0.2861111111111111,0.3440634093152447,2.8333333333333335,5217.333333333333,1197.537159969019,0.1157993653633187,,,0.0833333333333333,0.5,0.4166666666666667,0.0,2,ng,0,0,0,21.0,131.8447619047619,59.8447619047619,59.8447619047619,131.9,131.34,132.0,131.34,72,131.73,129.88,131.0,0.0012905184847795,0.8311772486772486,0,0,0.8311772486772485,0,0,0,0,0
c06d584f-16fe-42a0-a5b0-281026bd6ca3,7,6,21.166666666666668,0.1666666666666666,0.3333333333333333,0.1666666666666666,1.0,0.7361111111111112,0.0974204328708343,5.0,-0.2361111111111111,0.1901510121124981,3.8333333333333335,5092.0,471.132121808734,0.0451092127083878,,,0.1666666666666666,0.5,0.3333333333333333,0.0,2,ghp,1,1,1,28.0,66.22999999999999,-5.770000000000002,5.770000000000002,65.0,67.67,67.67,64.15,72,67.2,68.26,65.24,-0.0327380952380952,0.0801388888888889,0,0,-0.080138888888889,0,0,0,0,0
7639dc96-fd01-4576-8cdc-79c9d30dcd81,8,6,22.5,0.1666666666666666,0.5,0.8333333333333334,0.5,0.7916666666666666,0.2024159633581853,6.0,-0.1916666666666666,0.0981778431668209,2.0,4808.0,634.1323205767073,0.0664286374560917,,,0.25,0.25,0.3333333333333333,0.1666666666666666,2,ghp,1,1,1,3.0,86.66666666666667,22.666666666666668,22.666666666666668,80.0,85.0,95.0,80.0,64,90.0,107.5,54.56,-0.1111111111111111,0.3541666666666667,0,0,0.3541666666666667,0,0,1,1,0
aa648e2e-d329-4dd5-8902-af2bb6347519,8,6,21.166666666666668,0.3333333333333333,0.1666666666666666,0.8333333333333334,0.8333333333333334,0.7361111111111112,0.1780813380536067,4.5,-0.2861111111111111,0.3440634093152447,2.8333333333333335,5153.333333333333,895.1050906941964,0.0881783096162138,,,0.0833333333333333,0.5,0.4166666666666667,0.0,2,ng,0,0,0,46.0,131.3391304347826,67.3391304347826,67.3391304347826,131.0,131.89,131.89,131.0,64,131.9,131.73,131.02,-0.0068233510235027,1.0521739130434782,0,0,1.052173913043478,0,0,0,0,0
c06d584f-16fe-42a0-a5b0-281026bd6ca3,8,6,21.166666666666668,0.1666666666666666,0.3333333333333333,0.1666666666666666,1.0,0.7361111111111112,0.0974204328708343,5.0,-0.2361111111111111,0.1901510121124981,3.8333333333333335,4859.333333333333,201.97638937922036,0.0209832167192572,,,0.1666666666666666,0.5,0.3333333333333333,0.0,2,ghp,1,1,1,8.0,65.19875,1.1987499999999986,1.1987499999999986,65.24,65.0,66.14,64.14,64,65.0,67.2,65.21,0.0036923076923076,0.0187304687499999,0,0,0.01873046875,0,0,0,0,0
7639dc96-fd01-4576-8cdc-79c9d30dcd81,9,6,22.5,0.1666666666666666,0.5,0.8333333333333334,0.5,0.7916666666666666,0.2024159633581853,6.0,-0.1916666666666666,0.0981778431668209,2.0,4867.333333333333,438.5856230505811,0.0442183719125233,50.0,1494.725448591368,0.25,0.25,0.3333333333333333,0.1666666666666666,2,ghp,1,1,1,16.0,54.74875,-1.2512499999999993,3.0637499999999993,54.56,70.5,70.5,52.0,56,80.0,90.0,41.0,-0.3179999999999999,0.0547098214285714,0,0,-0.0223437499999999,0,0,1,1,0
aa648e2e-d329-4dd5-8902-af2bb6347519,9,6,21.166666666666668,0.3333333333333333,0.1666666666666666,0.8333333333333334,0.8333333333333334,0.7361111111111112,0.1780813380536067,4.5,-0.2861111111111111,0.3440634093152447,2.8333333333333335,5096.666666666667,1393.7387313936074,0.1391736429038585,131.0,0.632455532033677,0.0833333333333333,0.5,0.4166666666666667,0.0,2,ng,0,0,0,63.0,131.73507936507934,75.73507936507936,75.73507936507936,131.02,131.0,132.5,130.4,56,131.0,131.9,131.01,0.0001526717557251,1.3524121315192743,0,0,1.352412131519274,0,0,0,0,0
c06d584f-16fe-42a0-a5b0-281026bd6ca3,9,6,21.166666666666668,0.1666666666666666,0.3333333333333333,0.1666666666666666,1.0,0.7361111111111112,0.0974204328708343,5.0,-0.2361111111111111,0.1901510121124981,3.8333333333333335,4787.333333333333,186.36153022194927,0.0200030172213711,65.0,6.282250127674531,0.1666666666666666,0.5,0.3333333333333333,0.0,2,ghp,1,1,1,24.0,64.84458333333333,8.84458333333333,8.84458333333333,65.21,64.57,65.78,63.82,56,65.24,65.0,64.25,-0.0004598405885959,0.157938988095238,0,0,0.157938988095238,0,0,0,0,0
7639dc96-fd01-4576-8cdc-79c9d30dcd81,10,6,22.5,0.1666666666666666,0.5,0.8333333333333334,0.5,0.7916666666666666,0.2024159633581853,6.0,-0.1916666666666666,0.0981778431668209,2.0,5071.333333333333,479.06930265533225,0.0436775338504009,,,0.25,0.25,0.3333333333333333,0.1666666666666666,2,ghp,1,1,1,6.0,42.333333333333336,-5.666666666666667,7.0,41.0,50.0,50.0,31.0,48,54.56,80.0,21.57,-0.2485337243401759,0.1458333333333333,0,0,-0.1180555555555555,0,0,1,1,0
aa648e2e-d329-4dd5-8902-af2bb6347519,10,6,21.166666666666668,0.3333333333333333,0.1666666666666666,0.8333333333333334,0.8333333333333334,0.7361111111111112,0.1780813380536067,4.5,-0.2861111111111111,0.3440634093152447,2.8333333333333335,5638.666666666667,1015.8343725168328,0.0857191416410498,,,0.0833333333333333,0.5,0.4166666666666667,0.0,2,ng,0,0,0,61.0,132.13360655737705,84.13360655737705,84.13360655737705,131.01,131.04,160.0,131.01,48,131.02,131.0,131.02,-7.632422530923222e-05,1.7527834699453553,0,0,1.7527834699453553,0,0,0,0,0
c06d584f-16fe-42a0-a5b0-281026bd6ca3,10,6,21.166666666666668,0.1666666666666666,0.3333333333333333,0.1666666666666666,1.0,0.7361111111111112,0.0974204328708343,5.0,-0.2361111111111111,0.1901510121124981,3.8333333333333335,5021.333333333333,352.16771939896165,0.0351218135953265,,,0.1666666666666666,0.5,0.3333333333333333,0.0,2,ghp,1,1,1,13.0,65.01846153846154,17.01846153846154,17.01846153846154,64.25,65.23,65.25,64.25,48,65.21,65.24,65.44,-0.0147216684557581,0.3545512820512821,0,0,0.354551282051282,0,0,0,0,0
7639dc96-fd01-4576-8cdc-79c9d30dcd81,11,6,22.5,0.1666666666666666,0.5,0.8333333333333334,0.5,0.7916666666666666,0.2024159633581853,6.0,-0.1916666666666666,0.0981778431668209,2.0,4978.0,635.2158009684576,0.0631408196062675,,,0.25,0.25,0.3333333333333333,0.1666666666666666,2,ghp,1,1,1,19.0,25.412105263157898,-14.587894736842106,14.587894736842106,21.57,30.0,30.0,20.0,40,41.0,54.56,18.13,-0.4739024390243902,0.3646973684210526,0,1,-0.3646973684210526,0,0,1,2,0
aa648e2e-d329-4dd5-8902-af2bb6347519,11,6,21.166666666666668,0.3333333333333333,0.1666666666666666,0.8333333333333334,0.8333333333333334,0.7361111111111112,0.1780813380536067,4.5,-0.2861111111111111,0.3440634093152447,2.8333333333333335,5472.0,1454.2841045132816,0.1222241512345679,,,0.0833333333333333,0.5,0.4166666666666667,0.0,2,ng,0,0,0,34.0,131.00941176470587,91.00941176470587,91.00941176470587,131.02,131.01,131.02,131.0,40,131.01,131.02,131.2,7.633005114127123e-05,2.275235294117647,0,0,2.275235294117647,0,0,0,0,0
c06d584f-16fe-42a0-a5b0-281026bd6ca3,11,6,21.166666666666668,0.1666666666666666,0.3333333333333333,0.1666666666666666,1.0,0.7361111111111112,0.0974204328708343,5.0,-0.2361111111111111,0.1901510121124981,3.8333333333333335,4988.0,336.21549381311905,0.0340244364251982,,,0.1666666666666666,0.5,0.3333333333333333,0.0,2,ghp,1,1,1,22.0,64.91909090909091,24.91909090909091,24.91909090909091,65.44,64.5,66.22,64.0,40,64.25,65.21,66.19,0.0185214007782101,0.6229772727272728,0,0,0.6229772727272728,0,0,0,0,0
7639dc96-fd01-4576-8cdc-79c9d30dcd81,12,6,22.5,0.1666666666666666,0.5,0.8333333333333334,0.5,0.7916666666666666,0.2024159633581853,6.0,-0.1916666666666666,0.0981778431668209,2.0,4999.333333333333,651.2776148361509,0.0638465128683823,12.0,1791.8864547360884,0.25,0.25,0.3333333333333333,0.1666666666666666,2,ghp,1,1,1,10.0,21.978,-10.022,10.022,18.13,24.75,25.0,18.13,32,21.57,41.0,15.0,-0.1594807603152527,0.3131875,0,0,-0.3131874999999999,0,0,1,2,0
aa648e2e-d329-4dd5-8902-af2bb6347519,12,6,21.166666666666668,0.3333333333333333,0.1666666666666666,0.8333333333333334,0.8333333333333334,0.7361111111111112,0.1780813380536067,4.5,-0.2861111111111111,0.3440634093152447,2.8333333333333335,5477.333333333333,1283.0932070846068,0.1157048239208046,131.0,4.589843860815603,0.0833333333333333,0.5,0.4166666666666667,0.0,2,ng,0,0,0,30.0,131.10266666666666,99.10266666666666,99.10266666666666,131.2,131.03,131.2,130.99,32,131.02,131.01,131.36,0.0013738360555639,3.0969583333333333,0,0,3.0969583333333333,0,0,0,0,0
c06d584f-16fe-42a0-a5b0-281026bd6ca3,12,6,21.166666666666668,0.1666666666666666,0.3333333333333333,0.1666666666666666,1.0,0.7361111111111112,0.0974204328708343,5.0,-0.2361111111111111,0.1901510121124981,3.8333333333333335,5062.666666666667,412.7451347098674,0.0417991177245193,65.5,26.78556825357018,0.1666666666666666,0.5,0.3333333333333333,0.0,2,ghp,1,1,1,32.0,65.99625,33.996249999999996,33.996249999999996,66.19,65.45,66.74,64.94,32,65.44,64.25,64.47,0.011460880195599,1.0623828125,0,0,1.0623828125,0,0,0,0,0
7639dc96-fd01-4576-8cdc-79c9d30dcd81,13,6,22.5,0.1666666666666666,0.5,0.8333333333333334,0.5,0.7916666666666666,0.2024159633581853,6.0,-0.1916666666666666,0.0981778431668209,2.0,4856.666666666667,655.4029917437558,0.0679812399908487,,,0.25,0.25,0.3333333333333333,0.1666666666666666,2,ghp,1,1,1,14.0,13.964285714285714,-10.035714285714286,10.035714285714286,15.0,15.5,20.0,10.0,24,18.13,21.57,13.5,-0.1726420297848868,0.4181547619047619,0,0,-0.4181547619047619,0,0,1,2,0
aa648e2e-d329-4dd5-8902-af2bb6347519,13,6,21.166666666666668,0.3333333333333333,0.1666666666666666,0.8333333333333334,0.8333333333333334,0.7361111111111112,0.1780813380536067,4.5,-0.2861111111111111,0.3440634093152447,2.8333333333333335,5340.0,2839.7907814696428,0.2732849563046186,,,0.0833333333333333,0.5,0.4166666666666667,0.0,2,ng,0,0,0,42.0,131.44261904761905,107.44261904761905,107.44261904761905,131.36,131.2,131.5,131.2,24,131.2,131.02,130.99,0.0012195121951221,4.476775793650794,0,0,4.476775793650794,0,0,0,0,0
c06d584f-16fe-42a0-a5b0-281026bd6ca3,13,6,21.166666666666668,0.1666666666666666,0.3333333333333333,0.1666666666666666,1.0,0.7361111111111112,0.0974204328708343,5.0,-0.2361111111111111,0.1901510121124981,3.8333333333333335,4874.666666666667,369.627035465029,0.0369440645514221,,,0.1666666666666666,0.5,0.3333333333333333,0.0,2,ghp,1,1,1,8.0,64.45375,40.45375,40.45375,64.47,64.41,64.58,64.33,24,66.19,65.44,64.76,-0.0259857984589817,1.6855729166666666,0,0,1.6855729166666666,0,0,0,0,0
7639dc96-fd01-4576-8cdc-79c9d30dcd81,14,6,22.5,0.1666666666666666,0.5,0.8333333333333334,0.5,0.7916666666666666,0.2024159633581853,6.0,-0.1916666666666666,0.0981778431668209,2.0,4870.0,690.5978170541803,0.0705272644307551,,,0.25,0.25,0.3333333333333333,0.1666666666666666,2,ghp,1,1,1,8.0,13.5,-2.5,2.625,13.5,16.5,16.5,12.0,16,15.0,18.13,7.0,-0.0999999999999999,0.1640625,0,0,-0.15625,0,0,1,2,0
aa648e2e-d329-4dd5-8902-af2bb6347519,14,6,21.166666666666668,0.3333333333333333,0.1666666666666666,0.8333333333333334,0.8333333333333334,0.7361111111111112,0.1780813380536067,4.5,-0.2861111111111111,0.3440634093152447,2.8333333333333335,5326.666666666666,2937.7447096959645,0.2831583229036288,,,0.0833333333333333,0.5,0.4166666666666667,0.0,2,ng,0,0,0,26.0,131.055,115.055,115.055,130.99,131.25,131.25,130.99,16,131.36,131.2,120.64,-0.0028166869671133,7.1909375,0,0,7.1909375,1,1,0,0,1
c06d584f-16fe-42a0-a5b0-281026bd6ca3,14,6,21.166666666666668,0.1666666666666666,0.3333333333333333,0.1666666666666666,1.0,0.7361111111111112,0.0974204328708343,5.0,-0.2361111111111111,0.1901510121124981,3.8333333333333335,4906.666666666667,318.28590554196086,0.0302120697463768,,,0.1666666666666666,0.5,0.3333333333333333,0.0,2,ghp,1,1,1,14.0,64.64357142857143,48.64357142857143,48.64357142857143,64.76,65.57,65.66,63.76,16,64.47,66.19,64.19,0.0044982162246007,3.040223214285714,0,0,3.040223214285714,0,0,0,0,0
7639dc96-fd01-4576-8cdc-79c9d30dcd81,15,6,22.5,0.1666666666666666,0.5,0.8333333333333334,0.5,0.7916666666666666,0.2024159633581853,6.0,-0.1916666666666666,0.0981778431668209,2.0,4806.0,616.2228403102234,0.0652126970915983,,,0.25,0.25,0.3333333333333333,0.1666666666666666,2,ghp,1,1,1,7.0,7.285714285714286,-0.7142857142857143,1.0,7.0,9.0,9.0,7.0,8,13.5,15.0,,-0.4814814814814815,0.125,0,1,-0.0892857142857143,0,0,1,3,0
aa648e2e-d329-4dd5-8902-af2bb6347519,15,6,21.166666666666668,0.3333333333333333,0.1666666666666666,0.8333333333333334,0.8333333333333334,0.7361111111111112,0.1780813380536067,4.5,-0.2861111111111111,0.3440634093152447,2.8333333333333335,5273.333333333333,3281.757190748067,0.3174999999999995,,,0.0833333333333333,0.5,0.4166666666666667,0.0,2,ng,0,0,0,57.0,129.80350877192984,121.80350877192984,121.80350877192984,120.64,130.98,130.98,120.0,8,130.99,131.36,,-0.0790136651652798,15.225438596491228,0,0,15.22543859649123,1,0,0,0,2
c06d584f-16fe-42a0-a5b0-281026bd6ca3,15,6,21.166666666666668,0.1666666666666666,0.3333333333333333,0.1666666666666666,1.0,0.7361111111111112,0.0974204328708343,5.0,-0.2361111111111111,0.1901510121124981,3.8333333333333335,4822.0,449.4656153255779,0.046406055578598,,,0.1666666666666666,0.5,0.3333333333333333,0.0,2,ghp,1,1,1,20.0,64.329,56.32899999999999,56.32899999999999,64.19,65.0,65.0,63.94,8,64.76,64.47,,-0.0088017294626313,7.041124999999999,0,0,7.041124999999999,1,1,0,0,1
468bae16-01fa-4b28-8367-2b7fc01e7aa7,1,6,25.166666666666668,0.1666666666666666,0.8333333333333334,0.6666666666666666,0.8333333333333334,0.9166666666666666,0.0745355992499929,5.333333333333333,-0.3833333333333333,0.1105541596785133,1.0,5100.0,191.00392666120771,0.0180555555555555,,,0.1666666666666666,0.25,0.5833333333333334,0.0,1,ghp,1,1,1,10.0,143.75,23.75,23.75,150.0,130.0,150.0,130.0,120,,,140.0,,0.1979166666666666,0,0,0.1979166666666666,0,0,0,0,0
727aeab3-4e37-4074-aa8a-edb9ed62fd8f,1,6,22.833333333333332,0.1666666666666666,0.6666666666666666,0.1666666666666666,1.0,0.8611111111111112,0.1638653467083624,5.666666666666667,-0.2944444444444444,0.2435083084748779,2.0,5020.0,50.60434763930862,0.0036963258078795,,,0.4166666666666667,0.4166666666666667,0.0,0.1666666666666666,1,gh,0,1,0,3.0,122.66666666666669,2.6666666666666665,2.6666666666666665,125.0,121.0,125.0,121.0,120,,,113.0,,0.0222222222222222,0,0,0.0222222222222222,0,0,0,0,0
792b99cc-c375-4006-9b7f-6b7ceeb15ffe,1,6,26.5,0.3333333333333333,0.8333333333333334,0.5,0.8333333333333334,0.9166666666666666,0.0745355992499929,5.333333333333333,-0.3833333333333333,0.200554786086551,1.0,5020.0,346.1766889898856,0.0319223107569721,,,0.1666666666666666,0.3333333333333333,0.3333333333333333,0.1666666666666666,1,ng,0,0,0,6.0,11.75,-108.25,108.25,15.0,8.5,15.0,8.5,120,,,60.0,,0.9020833333333332,0,0,-0.9020833333333332,0,0,0,0,0
b0eca25a-c9c1-4b52-a273-a509e63a7229,1,6,22.5,0.1666666666666666,0.6666666666666666,0.6666666666666666,1.0,0.875,0.0874007373475126,5.5,-0.325,0.1015162822189404,1.0,5120.0,153.05987390560594,0.0146213107638888,,,0.0555555555555555,0.2222222222222222,0.5555555555555556,0.1666666666666666,1,ghp,1,1,1,4.0,115.75,-4.25,4.25,117.75,120.0,120.0,110.0,120,,,114.0,,0.0354166666666666,0,0,-0.0354166666666666,0,0,0,0,0
e2c2318e-0678-474d-bdf2-b31e6e134e04,1,6,23.833333333333332,0.3333333333333333,0.8333333333333334,0.8333333333333334,0.8333333333333334,0.861111111111111,0.1009216784699163,5.5,-0.3111111111111111,0.1996292860575618,1.6666666666666667,5040.0,74.13231414167495,0.0067570546737213,,,0.0,0.1666666666666666,0.3333333333333333,0.5,1,ng,0,0,0,5.0,126.0,6.0,6.0,128.0,125.0,128.0,125.0,120,,,126.5,,0.05,0,0,0.05,0,0,0,0,0
468bae16-01fa-4b28-8367-2b7fc01e7aa7,2,6,25.166666666666668,0.1666666666666666,0.8333333333333334,0.6666666666666666,0.8333333333333334,0.9166666666666666,0.0745355992499929,5.333333333333333,-0.3833333333333333,0.1105541596785133,1.0,5137.333333333333,417.847539979197,0.0390766934855956,,,0.1666666666666666,0.25,0.5833333333333334,0.0,1,ghp,1,1,1,12.0,148.95833333333334,36.958333333333336,36.958333333333336,140.0,150.0,180.0,125.0,112,150.0,,140.0,-0.0666666666666666,0.329985119047619,0,0,0.3299851190476191,0,0,0,0,0
727aeab3-4e37-4074-aa8a-edb9ed62fd8f,2,6,22.833333333333332,0.1666666666666666,0.6666666666666666,0.1666666666666666,1.0,0.8611111111111112,0.1638653467083624,5.666666666666667,-0.2944444444444444,0.2435083084748779,2.0,5057.333333333333,99.63868057469782,0.0091616134985499,,,0.4166666666666667,0.4166666666666667,0.0,0.1666666666666666,1,gh,0,1,0,9.0,115.55555555555556,3.5555555555555554,3.5555555555555554,113.0,124.0,124.0,112.0,112,125.0,,105.5,-0.0959999999999999,0.0317460317460317,0,0,0.0317460317460317,0,0,0,0,0
792b99cc-c375-4006-9b7f-6b7ceeb15ffe,2,6,26.5,0.3333333333333333,0.8333333333333334,0.5,0.8333333333333334,0.9166666666666666,0.0745355992499929,5.333333333333333,-0.3833333333333333,0.200554786086551,1.0,5001.333333333333,680.3234279860327,0.0651270772238514,,,0.1666666666666666,0.3333333333333333,0.3333333333333333,0.1666666666666666,1,ng,0,0,0,12.0,39.666666666666664,-72.33333333333333,72.33333333333333,60.0,16.0,65.0,16.0,112,15.0,,88.0,3.0,0.6458333333333333,1,0,-0.6458333333333334,0,0,1,0,0
b0eca25a-c9c1-4b52-a273-a509e63a7229,2,6,22.5,0.1666666666666666,0.6666666666666666,0.6666666666666666,1.0,0.875,0.0874007373475126,5.5,-0.325,0.1015162822189404,1.0,5082.666666666667,115.41525300698628,0.0111542497376705,,,0.0555555555555555,0.2222222222222222,0.5555555555555556,0.1666666666666666,1,ghp,1,1,1,10.0,116.192,4.191999999999998,4.191999999999998,114.0,118.97,118.97,114.0,112,117.75,,105.0,-0.0318471337579617,0.0374285714285714,0,0,0.0374285714285714,0,0,0,0,0
e2c2318e-0678-474d-bdf2-b31e6e134e04,2,6,23.833333333333332,0.3333333333333333,0.8333333333333334,0.8333333333333334,0.8333333333333334,0.861111111111111,0.1009216784699163,5.5,-0.3111111111111111,0.1996292860575618,1.6666666666666667,5040.0,108.88985260344514,0.0110339506172839,,,0.0,0.1666666666666666,0.3333333333333333,0.5,1,ng,0,0,0,8.0,127.25,15.25,15.25,126.5,127.0,129.0,126.5,112,128.0,,126.32,-0.01171875,0.1361607142857142,0,0,0.1361607142857142,0,0,0,0,0
468bae16-01fa-4b28-8367-2b7fc01e7aa7,3,6,25.166666666666668,0.1666666666666666,0.8333333333333334,0.6666666666666666,0.8333333333333334,0.9166666666666666,0.0745355992499929,5.333333333333333,-0.3833333333333333,0.1105541596785133,1.0,5033.333333333333,395.5102927442809,0.0345115894039735,115.0,49.1545182731625,0.1666666666666666,0.25,0.5833333333333334,0.0,1,ghp,1,1,1,6.0,142.29166666666666,38.291666666666664,38.291666666666664,140.0,158.75,175.0,120.0,104,140.0,150.0,120.0,0.0,0.3681891025641025,0,0,0.3681891025641025,0,0,0,0,0
727aeab3-4e37-4074-aa8a-edb9ed62fd8f,3,6,22.833333333333332,0.1666666666666666,0.6666666666666666,0.1666666666666666,1.0,0.8611111111111112,0.1638653467083624,5.666666666666667,-0.2944444444444444,0.2435083084748779,2.0,5057.333333333333,106.45077109474896,0.0104029352315669,49.0,54.62020383215964,0.4166666666666667,0.4166666666666667,0.0,0.1666666666666666,1,gh,0,1,0,13.0,109.34615384615384,5.346153846153846,5.346153846153846,105.5,112.5,115.0,105.5,104,113.0,125.0,96.0,-0.0663716814159292,0.0514053254437869,0,0,0.0514053254437869,0,0,0,0,0
792b99cc-c375-4006-9b7f-6b7ceeb15ffe,3,6,26.5,0.3333333333333333,0.8333333333333334,0.5,0.8333333333333334,0.9166666666666666,0.0745355992499929,5.333333333333333,-0.3833333333333333,0.200554786086551,1.0,5036.0,715.8046521223511,0.0676959226899655,97.0,48.93533147600685,0.1666666666666666,0.3333333333333333,0.3333333333333333,0.1666666666666666,1,ng,0,0,0,2.0,74.5,-29.5,29.5,88.0,61.0,88.0,61.0,104,60.0,15.0,100.0,0.4666666666666665,0.2836538461538461,0,0,-0.2836538461538461,0,0,1,0,0
b0eca25a-c9c1-4b52-a273-a509e63a7229,3,6,22.5,0.1666666666666666,0.6666666666666666,0.6666666666666666,1.0,0.875,0.0874007373475126,5.5,-0.325,0.1015162822189404,1.0,5065.333333333333,95.17860529902,0.0093435772571729,90.0,42.62237284181474,0.0555555555555555,0.2222222222222222,0.5555555555555556,0.1666666666666666,1,ghp,1,1,1,9.0,111.55111111111113,7.55111111111111,7.55111111111111,105.0,114.99,117.0,105.0,104,114.0,117.75,95.0,-0.0789473684210526,0.0726068376068376,0,0,0.0726068376068376,0,0,0,0,0
e2c2318e-0678-474d-bdf2-b31e6e134e04,3,6,23.833333333333332,0.3333333333333333,0.8333333333333334,0.8333333333333334,0.8333333333333334,0.861111111111111,0.1009216784699163,5.5,-0.3111111111111111,0.1996292860575618,1.6666666666666667,5022.666666666667,101.10340462450662,0.0102661268914255,122.5,17.026450011673013,0.0,0.1666666666666666,0.3333333333333333,0.5,1,ng,0,0,0,5.0,126.316,22.315999999999995,22.315999999999995,126.32,126.63,126.63,126.0,104,126.5,128.0,115.0,-0.0014229249011857,0.214576923076923,0,0,0.2145769230769229,0,0,0,0,0
468bae16-01fa-4b28-8367-2b7fc01e7aa7,4,6,25.166666666666668,0.1666666666666666,0.8333333333333334,0.6666666666666666,0.8333333333333334,0.9166666666666666,0.0745355992499929,5.333333333333333,-0.3833333333333333,0.1105541596785133,1.0,5295.333333333333,510.89499084123594,0.047712346300726,,,0.1666666666666666,0.25,0.5833333333333334,0.0,1,ghp,1,1,1,6.0,142.5,46.5,46.5,120.0,140.0,160.0,120.0,96,140.0,140.0,100.0,-0.1428571428571429,0.484375,0,0,0.484375,0,0,0,0,0
727aeab3-4e37-4074-aa8a-edb9ed62fd8f,4,6,22.833333333333332,0.1666666666666666,0.6666666666666666,0.1666666666666666,1.0,0.8611111111111112,0.1638653467083624,5.666666666666667,-0.2944444444444444,0.2435083084748779,2.0,5243.333333333333,72.8352021117993,0.0070194956558592,,,0.4166666666666667,0.4166666666666667,0.0,0.1666666666666666,1,gh,0,1,0,4.0,98.0,2.0,2.0,96.0,100.0,100.0,96.0,96,105.5,113.0,89.0,-0.0900473933649289,0.0208333333333333,0,0,0.0208333333333333,0,0,0,0,0
792b99cc-c375-4006-9b7f-6b7ceeb15ffe,4,6,26.5,0.3333333333333333,0.8333333333333334,0.5,0.8333333333333334,0.9166666666666666,0.0745355992499929,5.333333333333333,-0.3833333333333333,0.200554786086551,1.0,5236.0,774.3422369986026,0.0703091842797725,,,0.1666666666666666,0.3333333333333333,0.3333333333333333,0.1666666666666666,1,ng,0,0,0,3.0,103.33333333333331,7.333333333333333,11.333333333333334,100.0,90.0,120.0,90.0,96,88.0,60.0,99.0,0.1363636363636364,0.1180555555555555,0,0,0.0763888888888888,0,0,1,0,0
b0eca25a-c9c1-4b52-a273-a509e63a7229,4,6,22.5,0.1666666666666666,0.6666666666666666,0.6666666666666666,1.0,0.875,0.0874007373475126,5.5,-0.325,0.1015162822189404,1.0,5219.333333333333,78.80877429998921,0.006985885809171,,,0.0555555555555555,0.2222222222222222,0.5555555555555556,0.1666666666666666,1,ghp,1,1,1,5.0,99.2,3.2,3.6,95.0,99.0,105.0,95.0,96,105.0,114.0,90.0,-0.0952380952380952,0.0375,0,0,0.0333333333333333,0,0,0,0,0
e2c2318e-0678-474d-bdf2-b31e6e134e04,4,6,23.833333333333332,0.3333333333333333,0.8333333333333334,0.8333333333333334,0.8333333333333334,0.861111111111111,0.1009216784699163,5.5,-0.3111111111111111,0.1996292860575618,1.6666666666666667,5220.666666666667,140.46565354799955,0.0137869791001575,,,0.0,0.1666666666666666,0.3333333333333333,0.5,1,ng,0,0,0,7.0,123.42142857142858,27.42142857142857,27.42142857142857,115.0,125.63,127.0,115.0,96,126.32,126.5,110.0,-0.0896136795440151,0.2856398809523809,0,0,0.285639880952381,0,0,0,0,0
468bae16-01fa-4b28-8367-2b7fc01e7aa7,5,6,25.166666666666668,0.1666666666666666,0.8333333333333334,0.6666666666666666,0.8333333333333334,0.9166666666666666,0.0745355992499929,5.333333333333333,-0.3833333333333333,0.1105541596785133,1.0,5414.0,505.68431357913414,0.0460508763288593,,,0.1666666666666666,0.25,0.5833333333333334,0.0,1,ghp,1,1,1,8.0,140.0,52.0,52.0,100.0,135.0,170.0,100.0,88,120.0,140.0,78.0,-0.1666666666666666,0.5909090909090909,0,0,0.5909090909090909,0,0,0,0,0
727aeab3-4e37-4074-aa8a-edb9ed62fd8f,5,6,22.833333333333332,0.1666666666666666,0.6666666666666666,0.1666666666666666,1.0,0.8611111111111112,0.1638653467083624,5.666666666666667,-0.2944444444444444,0.2435083084748779,2.0,5473.333333333333,142.455434949554,0.0129692448233861,,,0.4166666666666667,0.4166666666666667,0.0,0.1666666666666666,1,gh,0,1,0,8.0,91.505,3.5050000000000026,3.5050000000000026,89.0,95.25,98.0,88.01,88,96.0,105.5,87.0,-0.0729166666666666,0.0398295454545454,0,0,0.0398295454545454,0,0,0,0,0
792b99cc-c375-4006-9b7f-6b7ceeb15ffe,5,6,26.5,0.3333333333333333,0.8333333333333334,0.5,0.8333333333333334,0.9166666666666666,0.0745355992499929,5.333333333333333,-0.3833333333333333,0.200554786086551,1.0,5407.333333333333,843.626082258406,0.0730951793860189,,,0.1666666666666666,0.3333333333333333,0.3333333333333333,0.1666666666666666,1,ng,0,0,0,3.0,99.66666666666669,11.666666666666666,11.666666666666666,99.0,100.0,100.0,99.0,88,100.0,88.0,96.0,-0.01,0.1325757575757575,0,0,0.1325757575757576,0,0,1,0,0
b0eca25a-c9c1-4b52-a273-a509e63a7229,5,6,22.5,0.1666666666666666,0.6666666666666666,0.6666666666666666,1.0,0.875,0.0874007373475126,5.5,-0.325,0.1015162822189404,1.0,5445.333333333333,104.93997763801306,0.0096324069539667,,,0.0555555555555555,0.2222222222222222,0.5555555555555556,0.1666666666666666,1,ghp,1,1,1,4.0,89.0,1.0,1.5,90.0,90.0,90.0,87.0,88,95.0,105.0,87.0,-0.0526315789473684,0.0170454545454545,0,0,0.0113636363636363,0,0,0,0,0
e2c2318e-0678-474d-bdf2-b31e6e134e04,5,6,23.833333333333332,0.3333333333333333,0.8333333333333334,0.8333333333333334,0.8333333333333334,0.861111111111111,0.1009216784699163,5.5,-0.3111111111111111,0.1996292860575618,1.6666666666666667,5463.333333333333,206.60282627947424,0.0190234899328858,,,0.0,0.1666666666666666,0.3333333333333333,0.5,1,ng,0,0,0,4.0,110.25,22.25,22.25,110.0,110.0,111.0,110.0,88,115.0,126.32,107.5,-0.0434782608695651,0.2528409090909091,0,0,0.2528409090909091,0,0,0,0,0
468bae16-01fa-4b28-8367-2b7fc01e7aa7,6,6,25.166666666666668,0.1666666666666666,0.8333333333333334,0.6666666666666666,0.8333333333333334,0.9166666666666666,0.0745355992499929,5.333333333333333,-0.3833333333333333,0.1105541596785133,1.0,5366.666666666667,558.7094877184982,0.0509497929606625,80.0,35.02380143083652,0.1666666666666666,0.25,0.5833333333333334,0.0,1,ghp,1,1,1,3.0,104.33333333333331,24.333333333333332,25.666666666666668,78.0,135.0,135.0,78.0,80,100.0,120.0,73.0,-0.2199999999999999,0.3208333333333333,0,0,0.3041666666666666,0,0,0,0,0
727aeab3-4e37-4074-aa8a-edb9ed62fd8f,6,6,22.833333333333332,0.1666666666666666,0.6666666666666666,0.1666666666666666,1.0,0.8611111111111112,0.1638653467083624,5.666666666666667,-0.2944444444444444,0.2435083084748779,2.0,5369.333333333333,112.16638171335777,0.0104913707474546,68.0,38.69194575963668,0.4166666666666667,0.4166666666666667,0.0,0.1666666666666666,1,gh,0,1,0,11.0,86.42090909090909,6.420909090909091,6.420909090909091,87.0,88.0,90.0,83.75,80,89.0,96.0,72.05,-0.0224719101123596,0.0802613636363636,0,0,0.0802613636363636,0,0,0,0,0
792b99cc-c375-4006-9b7f-6b7ceeb15ffe,6,6,26.5,0.3333333333333333,0.8333333333333334,0.5,0.8333333333333334,0.9166666666666666,0.0745355992499929,5.333333333333333,-0.3833333333333333,0.200554786086551,1.0,5372.666666666667,858.6645251008489,0.0752574761136617,85.0,12.560520159080465,0.1666666666666666,0.3333333333333333,0.3333333333333333,0.1666666666666666,1,ng,0,0,0,5.0,98.6,18.6,18.6,96.0,99.0,100.0,96.0,80,99.0,100.0,82.0,-0.0303030303030302,0.2325,0,0,0.2324999999999999,0,0,1,0,0
b0eca25a-c9c1-4b52-a273-a509e63a7229,6,6,22.5,0.1666666666666666,0.6666666666666666,0.6666666666666666,1.0,0.875,0.0874007373475126,5.5,-0.325,0.1015162822189404,1.0,5369.333333333333,59.1634930228658,0.0055744557569737,76.0,6.801960501698511,0.0555555555555555,0.2222222222222222,0.5555555555555556,0.1666666666666666,1,ghp,1,1,1,6.0,86.0,6.0,6.0,87.0,85.0,89.0,85.0,80,90.0,95.0,77.0,-0.0333333333333333,0.075,0,0,0.075,0,0,0,0,0
e2c2318e-0678-474d-bdf2-b31e6e134e04,6,6,23.833333333333332,0.3333333333333333,0.8333333333333334,0.8333333333333334,0.8333333333333334,0.861111111111111,0.1009216784699163,5.5,-0.3111111111111111,0.1996292860575618,1.6666666666666667,5386.0,175.61924199813623,0.0165000825184635,99.5,22.33980005878895,0.0,0.1666666666666666,0.3333333333333333,0.5,1,ng,0,0,0,2.0,108.125,28.125,28.125,107.5,108.75,108.75,107.5,80,110.0,115.0,86.0,-0.0227272727272727,0.3515625,0,0,0.3515625,0,0,0,0,0
468bae16-01fa-4b28-8367-2b7fc01e7aa7,7,6,25.166666666666668,0.1666666666666666,0.8333333333333334,0.6666666666666666,0.8333333333333334,0.9166666666666666,0.0745355992499929,5.333333333333333,-0.3833333333333333,0.1105541596785133,1.0,5562.666666666667,451.3101945077982,0.0386904761904761,,,0.1666666666666666,0.25,0.5833333333333334,0.0,1,ghp,1,1,1,5.0,78.4,6.4,6.4,73.0,79.0,85.0,73.0,72,78.0,100.0,45.0,-0.0641025641025641,0.0888888888888888,0,0,0.0888888888888889,0,0,0,0,0
727aeab3-4e37-4074-aa8a-edb9ed62fd8f,7,6,22.833333333333332,0.1666666666666666,0.6666666666666666,0.1666666666666666,1.0,0.8611111111111112,0.1638653467083624,5.666666666666667,-0.2944444444444444,0.2435083084748779,2.0,5651.333333333333,238.07630286667924,0.020359993708466,,,0.4166666666666667,0.4166666666666667,0.0,0.1666666666666666,1,gh,0,1,0,7.0,72.72857142857143,0.7285714285714278,0.7285714285714278,72.05,77.0,77.0,72.0,72,87.0,89.0,64.0,-0.1718390804597701,0.0101190476190476,0,0,0.0101190476190476,0,0,0,0,0
792b99cc-c375-4006-9b7f-6b7ceeb15ffe,7,6,26.5,0.3333333333333333,0.8333333333333334,0.5,0.8333333333333334,0.9166666666666666,0.0745355992499929,5.333333333333333,-0.3833333333333333,0.200554786086551,1.0,5584.666666666667,883.9262224115012,0.0751213640523656,,,0.1666666666666666,0.3333333333333333,0.3333333333333333,0.1666666666666666,1,ng,0,0,0,6.0,86.66666666666667,14.666666666666666,14.666666666666666,82.0,88.0,91.0,82.0,72,96.0,99.0,80.0,-0.1458333333333333,0.2037037037037037,0,0,0.2037037037037037,0,0,1,0,0
b0eca25a-c9c1-4b52-a273-a509e63a7229,7,6,22.5,0.1666666666666666,0.6666666666666666,0.6666666666666666,1.0,0.875,0.0874007373475126,5.5,-0.325,0.1015162822189404,1.0,5543.333333333333,132.91379502018086,0.0116769893766285,,,0.0555555555555555,0.2222222222222222,0.5555555555555556,0.1666666666666666,1,ghp,1,1,1,9.0,80.5,8.5,8.5,77.0,80.0,86.5,75.0,72,87.0,90.0,79.0,-0.1149425287356321,0.1180555555555555,0,0,0.1180555555555555,0,0,0,0,0
e2c2318e-0678-474d-bdf2-b31e6e134e04,7,6,23.833333333333332,0.3333333333333333,0.8333333333333334,0.8333333333333334,0.8333333333333334,0.861111111111111,0.1009216784699163,5.5,-0.3111111111111111,0.1996292860575618,1.6666666666666667,5552.0,228.1187720464933,0.0204524895933397,,,0.0,0.1666666666666666,0.3333333333333333,0.5,1,ng,0,0,0,1.0,86.0,14.0,14.0,86.0,86.0,86.0,86.0,72,107.5,110.0,68.75,-0.1999999999999999,0.1944444444444444,0,0,0.1944444444444444,0,0,0,0,0
468bae16-01fa-4b28-8367-2b7fc01e7aa7,8,6,25.166666666666668,0.1666666666666666,0.8333333333333334,0.6666666666666666,0.8333333333333334,0.9166666666666666,0.0745355992499929,5.333333333333333,-0.3833333333333333,0.1105541596785133,1.0,5564.666666666667,621.1031248244261,0.0542085978994449,,,0.1666666666666666,0.25,0.5833333333333334,0.0,1,ghp,1,1,1,9.0,56.666666666666664,-7.333333333333333,7.555555555555555,45.0,60.0,65.0,45.0,64,73.0,78.0,35.0,-0.3835616438356164,0.1180555555555555,0,0,-0.1145833333333333,0,0,0,0,0
727aeab3-4e37-4074-aa8a-edb9ed62fd8f,8,6,22.833333333333332,0.1666666666666666,0.6666666666666666,0.1666666666666666,1.0,0.8611111111111112,0.1638653467083624,5.666666666666667,-0.2944444444444444,0.2435083084748779,2.0,5541.333333333333,160.20845167052462,0.0146677494385627,,,0.4166666666666667,0.4166666666666667,0.0,0.1666666666666666,1,gh,0,1,0,3.0,64.5,0.5,0.5,64.0,65.0,65.0,64.0,64,72.05,87.0,56.0,-0.1117279666897986,0.0078125,0,0,0.0078125,0,0,0,0,0
792b99cc-c375-4006-9b7f-6b7ceeb15ffe,8,6,26.5,0.3333333333333333,0.8333333333333334,0.5,0.8333333333333334,0.9166666666666666,0.0745355992499929,5.333333333333333,-0.3833333333333333,0.200554786086551,1.0,5499.333333333333,874.2022887562504,0.0758652563947145,,,0.1666666666666666,0.3333333333333333,0.3333333333333333,0.1666666666666666,1,ng,0,0,0,2.0,80.625,16.625,16.625,80.0,81.25,81.25,80.0,64,82.0,96.0,50.0,-0.024390243902439,0.259765625,0,0,0.259765625,0,0,1,0,0
b0eca25a-c9c1-4b52-a273-a509e63a7229,8,6,22.5,0.1666666666666666,0.6666666666666666,0.6666666666666666,1.0,0.875,0.0874007373475126,5.5,-0.325,0.1015162822189404,1.0,5460.666666666667,95.40853686472012,0.0080558946811541,,,0.0555555555555555,0.2222222222222222,0.5555555555555556,0.1666666666666666,1,ghp,1,1,1,2.0,79.75,15.75,15.75,79.0,80.5,80.5,79.0,64,77.0,87.0,76.0,0.0259740259740259,0.24609375,0,0,0.24609375,0,0,0,0,0
e2c2318e-0678-474d-bdf2-b31e6e134e04,8,6,23.833333333333332,0.3333333333333333,0.8333333333333334,0.8333333333333334,0.8333333333333334,0.861111111111111,0.1009216784699163,5.5,-0.3111111111111111,0.1996292860575618,1.6666666666666667,5511.333333333333,202.91869511374907,0.0186327164227248,,,0.0,0.1666666666666666,0.3333333333333333,0.5,1,ng,0,0,0,3.0,68.5,4.5,4.5,68.75,68.0,68.75,68.0,64,86.0,107.5,77.25,-0.2005813953488372,0.0703125,0,0,0.0703125,0,0,0,0,0
468bae16-01fa-4b28-8367-2b7fc01e7aa7,9,6,25.166666666666668,0.1666666666666666,0.8333333333333334,0.6666666666666666,0.8333333333333334,0.9166666666666666,0.0745355992499929,5.333333333333333,-0.3833333333333333,0.1105541596785133,1.0,5688.0,451.05678689052,0.0394763830285982,39.0,5.231315959361151,0.1666666666666666,0.25,0.5833333333333334,0.0,1,ghp,1,1,1,11.0,41.45454545454545,-14.545454545454543,14.545454545454543,35.0,45.0,50.0,35.0,56,45.0,73.0,32.5,-0.2222222222222222,0.2597402597402597,0,0,-0.2597402597402597,0,0,0,0,0
727aeab3-4e37-4074-aa8a-edb9ed62fd8f,9,6,22.833333333333332,0.1666666666666666,0.6666666666666666,0.1666666666666666,1.0,0.8611111111111112,0.1638653467083624,5.666666666666667,-0.2944444444444444,0.2435083084748779,2.0,5772.666666666667,206.79112830744657,0.0166841821611425,49.0,4.844240566555987,0.4166666666666667,0.4166666666666667,0.0,0.1666666666666666,1,gh,0,1,0,12.0,56.0975,0.0975000000000019,0.0975000000000019,56.0,56.0,56.13,56.0,56,64.0,72.05,47.0,-0.125,0.0017410714285714,0,0,0.0017410714285714,0,0,0,0,0
792b99cc-c375-4006-9b7f-6b7ceeb15ffe,9,6,26.5,0.3333333333333333,0.8333333333333334,0.5,0.8333333333333334,0.9166666666666666,0.0745355992499929,5.333333333333333,-0.3833333333333333,0.200554786086551,1.0,5734.0,1021.3641735443828,0.0806616478704026,47.5,8.94427190999916,0.1666666666666666,0.3333333333333333,0.3333333333333333,0.1666666666666666,1,ng,0,0,0,2.0,57.5,1.5,7.5,50.0,65.0,65.0,50.0,56,80.0,82.0,46.5,-0.375,0.1339285714285714,0,0,0.0267857142857142,0,0,1,0,0
b0eca25a-c9c1-4b52-a273-a509e63a7229,9,6,22.5,0.1666666666666666,0.6666666666666666,0.6666666666666666,1.0,0.875,0.0874007373475126,5.5,-0.325,0.1015162822189404,1.0,5668.666666666667,171.33025099691744,0.014799286526324,71.0,10.206207261596576,0.0555555555555555,0.2222222222222222,0.5555555555555556,0.1666666666666666,1,ghp,1,1,1,9.0,75.5,19.5,19.5,76.0,74.5,77.0,74.0,56,79.0,77.0,74.0,-0.0379746835443037,0.3482142857142857,0,0,0.3482142857142857,0,0,0,0,0
e2c2318e-0678-474d-bdf2-b31e6e134e04,9,6,23.833333333333332,0.3333333333333333,0.8333333333333334,0.8333333333333334,0.8333333333333334,0.861111111111111,0.1009216784699163,5.5,-0.3111111111111111,0.1996292860575618,1.6666666666666667,5692.0,317.8112413996711,0.0287353595689857,65.0,31.456318920051665,0.0,0.1666666666666666,0.3333333333333333,0.5,1,ng,0,0,0,11.0,74.29545454545455,18.295454545454547,18.295454545454547,77.25,68.75,78.0,68.75,56,68.75,86.0,74.0,0.1236363636363635,0.3267045454545454,0,0,0.3267045454545454,0,0,0,0,0
468bae16-01fa-4b28-8367-2b7fc01e7aa7,10,6,25.166666666666668,0.1666666666666666,0.8333333333333334,0.6666666666666666,0.8333333333333334,0.9166666666666666,0.0745355992499929,5.333333333333333,-0.3833333333333333,0.1105541596785133,1.0,5582.666666666667,495.77950408086326,0.045607435713717,,,0.1666666666666666,0.25,0.5833333333333334,0.0,1,ghp,1,1,1,10.0,28.125,-19.875,19.875,32.5,30.0,32.5,20.0,48,35.0,45.0,22.66,-0.0714285714285714,0.4140625,0,0,-0.4140625,0,0,0,0,0
727aeab3-4e37-4074-aa8a-edb9ed62fd8f,10,6,22.833333333333332,0.1666666666666666,0.6666666666666666,0.1666666666666666,1.0,0.8611111111111112,0.1638653467083624,5.666666666666667,-0.2944444444444444,0.2435083084748779,2.0,5558.0,169.95626519784446,0.0157070888808924,,,0.4166666666666667,0.4166666666666667,0.0,0.1666666666666666,1,gh,0,1,0,7.0,50.57142857142857,2.5714285714285716,4.285714285714286,47.0,56.0,56.0,45.0,48,56.0,64.0,40.0,-0.1607142857142857,0.0892857142857142,0,0,0.0535714285714285,0,0,0,0,0
792b99cc-c375-4006-9b7f-6b7ceeb15ffe,10,6,26.5,0.3333333333333333,0.8333333333333334,0.5,0.8333333333333334,0.9166666666666666,0.0745355992499929,5.333333333333333,-0.3833333333333333,0.200554786086551,1.0,5562.0,895.8352945714967,0.0760343002117543,,,0.1666666666666666,0.3333333333333333,0.3333333333333333,0.1666666666666666,1,ng,0,0,0,5.0,41.1,-6.9,6.9,46.5,40.0,46.5,39.0,48,50.0,80.0,29.0,-0.0699999999999999,0.14375,0,0,-0.1437499999999999,0,0,1,0,0
b0eca25a-c9c1-4b52-a273-a509e63a7229,10,6,22.5,0.1666666666666666,0.6666666666666666,0.6666666666666666,1.0,0.875,0.0874007373475126,5.5,-0.325,0.1015162822189404,1.0,5528.666666666667,207.55434928390872,0.0167439406728566,,,0.0555555555555555,0.2222222222222222,0.5555555555555556,0.1666666666666666,1,ghp,1,1,1,7.0,75.96428571428571,27.964285714285715,27.964285714285715,74.0,77.0,77.0,74.0,48,76.0,79.0,74.75,-0.0263157894736841,0.5825892857142857,0,0,0.5825892857142856,0,0,0,0,0
e2c2318e-0678-474d-bdf2-b31e6e134e04,10,6,23.833333333333332,0.3333333333333333,0.8333333333333334,0.8333333333333334,0.8333333333333334,0.861111111111111,0.1009216784699163,5.5,-0.3111111111111111,0.1996292860575618,1.6666666666666667,5542.666666666667,304.7314224471552,0.0280702229171678,,,0.0,0.1666666666666666,0.3333333333333333,0.5,1,ng,0,0,0,6.0,75.75,27.75,27.75,74.0,76.0,77.5,74.0,48,77.25,68.75,48.0,-0.0420711974110032,0.578125,0,0,0.578125,0,0,0,0,0
468bae16-01fa-4b28-8367-2b7fc01e7aa7,11,6,25.166666666666668,0.1666666666666666,0.8333333333333334,0.6666666666666666,0.8333333333333334,0.9166666666666666,0.0745355992499929,5.333333333333333,-0.3833333333333333,0.1105541596785133,1.0,5616.0,424.2885978199273,0.0389051123773346,,,0.1666666666666666,0.25,0.5833333333333334,0.0,1,ghp,1,1,1,4.0,25.04,-14.96,14.96,22.66,30.0,30.0,22.5,40,32.5,35.0,20.19,-0.3027692307692308,0.374,0,0,-0.374,0,0,0,0,0
727aeab3-4e37-4074-aa8a-edb9ed62fd8f,11,6,22.833333333333332,0.1666666666666666,0.6666666666666666,0.1666666666666666,1.0,0.8611111111111112,0.1638653467083624,5.666666666666667,-0.2944444444444444,0.2435083084748779,2.0,5551.333333333333,152.54575309285687,0.0142324166366438,,,0.4166666666666667,0.4166666666666667,0.0,0.1666666666666666,1,gh,0,1,0,10.0,42.038,2.0380000000000003,2.0380000000000003,40.0,48.75,48.75,40.0,40,47.0,56.0,31.0,-0.1489361702127659,0.05095,0,0,0.0509499999999999,0,0,0,0,0
792b99cc-c375-4006-9b7f-6b7ceeb15ffe,11,6,26.5,0.3333333333333333,0.8333333333333334,0.5,0.8333333333333334,0.9166666666666666,0.0745355992499929,5.333333333333333,-0.3833333333333333,0.200554786086551,1.0,5555.333333333333,900.4934989585802,0.0760955438217528,,,0.1666666666666666,0.3333333333333333,0.3333333333333333,0.1666666666666666,1,ng,0,0,0,3.0,35.666666666666664,-4.333333333333333,4.333333333333333,29.0,39.0,39.0,29.0,40,46.5,50.0,35.0,-0.3763440860215054,0.1083333333333333,0,0,-0.1083333333333333,0,0,1,0,0
b0eca25a-c9c1-4b52-a273-a509e63a7229,11,6,22.5,0.1666666666666666,0.6666666666666666,0.6666666666666666,1.0,0.875,0.0874007373475126,5.5,-0.325,0.1015162822189404,1.0,5542.0,222.65535816593305,0.0183515778499538,,,0.0555555555555555,0.2222222222222222,0.5555555555555556,0.1666666666666666,1,ghp,1,1,1,6.0,74.62333333333333,34.623333333333335,34.623333333333335,74.75,75.99,75.99,73.0,40,74.0,76.0,73.0,0.010135135135135,0.8655833333333334,0,0,0.8655833333333334,0,0,0,0,0
e2c2318e-0678-474d-bdf2-b31e6e134e04,11,6,23.833333333333332,0.3333333333333333,0.8333333333333334,0.8333333333333334,0.8333333333333334,0.861111111111111,0.1009216784699163,5.5,-0.3111111111111111,0.1996292860575618,1.6666666666666667,5582.666666666667,358.71761571836225,0.0324865655600668,,,0.0,0.1666666666666666,0.3333333333333333,0.5,1,ng,0,0,0,2.0,56.0,16.0,16.0,48.0,64.0,64.0,48.0,40,74.0,77.25,55.0,-0.3513513513513513,0.4,0,0,0.4,0,0,0,0,0
468bae16-01fa-4b28-8367-2b7fc01e7aa7,12,6,25.166666666666668,0.1666666666666666,0.8333333333333334,0.6666666666666666,0.8333333333333334,0.9166666666666666,0.0745355992499929,5.333333333333333,-0.3833333333333333,0.1105541596785133,1.0,5632.0,412.93995849275734,0.0375095683396464,16.5,4.08656334834051,0.1666666666666666,0.25,0.5833333333333334,0.0,1,ghp,1,1,1,8.0,21.535,-10.465,10.465,20.19,23.5,23.5,20.19,32,22.66,32.5,15.0,-0.1090026478375992,0.32703125,0,0,-0.32703125,0,0,0,0,0
727aeab3-4e37-4074-aa8a-edb9ed62fd8f,12,6,22.833333333333332,0.1666666666666666,0.6666666666666666,0.1666666666666666,1.0,0.8611111111111112,0.1638653467083624,5.666666666666667,-0.2944444444444444,0.2435083084748779,2.0,5556.666666666667,139.17790337071057,0.0129090181963607,24.0,5.076087732365022,0.4166666666666667,0.4166666666666667,0.0,0.1666666666666666,1,gh,0,1,0,12.0,32.041666666666664,0.0416666666666666,1.875,31.0,40.0,40.0,30.0,32,40.0,47.0,21.5,-0.2249999999999999,0.05859375,0,0,0.0013020833333332,0,0,0,0,0
792b99cc-c375-4006-9b7f-6b7ceeb15ffe,12,6,26.5,0.3333333333333333,0.8333333333333334,0.5,0.8333333333333334,0.9166666666666666,0.0745355992499929,5.333333333333333,-0.3833333333333333,0.200554786086551,1.0,5544.666666666667,896.6405309078251,0.0765224840687748,30.0,7.111024305025729,0.1666666666666666,0.3333333333333333,0.3333333333333333,0.1666666666666666,1,ng,0,0,0,4.0,33.5,1.5,3.5,35.0,30.0,39.0,30.0,32,29.0,46.5,20.0,0.2068965517241379,0.109375,0,0,0.046875,0,0,1,0,0
b0eca25a-c9c1-4b52-a273-a509e63a7229,12,6,22.5,0.1666666666666666,0.6666666666666666,0.6666666666666666,1.0,0.875,0.0874007373475126,5.5,-0.325,0.1015162822189404,1.0,5542.0,253.4268117622915,0.019587593728698,70.0,18.573278296161575,0.0555555555555555,0.2222222222222222,0.5555555555555556,0.1666666666666666,1,ghp,1,1,1,2.0,73.455,41.455,41.455,73.0,73.91,73.91,73.0,32,74.75,74.0,69.0,-0.0234113712374581,1.29546875,0,0,1.29546875,0,0,0,0,0
e2c2318e-0678-474d-bdf2-b31e6e134e04,12,6,23.833333333333332,0.3333333333333333,0.8333333333333334,0.8333333333333334,0.8333333333333334,0.861111111111111,0.1009216784699163,5.5,-0.3111111111111111,0.1996292860575618,1.6666666666666667,5572.0,306.79519090103094,0.0278730956369147,34.5,14.20797897896343,0.0,0.1666666666666666,0.3333333333333333,0.5,1,ng,0,0,0,3.0,48.333333333333336,16.333333333333332,16.333333333333332,55.0,40.0,55.0,40.0,32,48.0,74.0,20.5,0.1458333333333332,0.5104166666666666,0,0,0.5104166666666667,0,0,0,0,0
468bae16-01fa-4b28-8367-2b7fc01e7aa7,13,6,25.166666666666668,0.1666666666666666,0.8333333333333334,0.6666666666666666,0.8333333333333334,0.9166666666666666,0.0745355992499929,5.333333333333333,-0.3833333333333333,0.1105541596785133,1.0,5644.0,482.31418942427973,0.0430847901409559,,,0.1666666666666666,0.25,0.5833333333333334,0.0,1,ghp,1,1,1,20.0,15.325,-8.675,8.675,15.0,20.0,20.0,15.0,24,20.19,22.66,5.0,-0.2570579494799406,0.3614583333333334,0,0,-0.3614583333333334,0,0,0,0,0
727aeab3-4e37-4074-aa8a-edb9ed62fd8f,13,6,22.833333333333332,0.1666666666666666,0.6666666666666666,0.1666666666666666,1.0,0.8611111111111112,0.1638653467083624,5.666666666666667,-0.2944444444444444,0.2435083084748779,2.0,5576.666666666667,164.00333773026338,0.0149254831639769,,,0.4166666666666667,0.4166666666666667,0.0,0.1666666666666666,1,gh,0,1,0,7.0,22.357142857142858,-1.6428571428571428,2.2142857142857144,21.5,24.0,26.0,20.0,24,31.0,40.0,10.0,-0.3064516129032257,0.0922619047619047,0,0,-0.0684523809523809,0,0,0,0,0
792b99cc-c375-4006-9b7f-6b7ceeb15ffe,13,6,26.5,0.3333333333333333,0.8333333333333334,0.5,0.8333333333333334,0.9166666666666666,0.0745355992499929,5.333333333333333,-0.3833333333333333,0.200554786086551,1.0,5544.666666666667,897.7575071625225,0.0767629553925694,,,0.1666666666666666,0.3333333333333333,0.3333333333333333,0.1666666666666666,1,ng,0,0,0,3.0,26.333333333333332,2.3333333333333335,5.0,20.0,32.0,32.0,20.0,24,35.0,29.0,15.0,-0.4285714285714286,0.2083333333333333,0,0,0.0972222222222221,0,0,1,0,0
b0eca25a-c9c1-4b52-a273-a509e63a7229,13,6,22.5,0.1666666666666666,0.6666666666666666,0.6666666666666666,1.0,0.875,0.0874007373475126,5.5,-0.325,0.1015162822189404,1.0,5534.0,312.8077311065055,0.0286446412078865,,,0.0555555555555555,0.2222222222222222,0.5555555555555556,0.1666666666666666,1,ghp,1,1,1,10.0,67.764,43.764,43.764,69.0,72.0,72.0,65.99,24,73.0,74.75,60.0,-0.0547945205479452,1.8235,0,0,1.8235,1,1,0,0,1
e2c2318e-0678-474d-bdf2-b31e6e134e04,13,6,23.833333333333332,0.3333333333333333,0.8333333333333334,0.8333333333333334,0.8333333333333334,0.861111111111111,0.1009216784699163,5.5,-0.3111111111111111,0.1996292860575618,1.6666666666666667,5668.0,323.63142177483314,0.0291984239002587,,,0.0,0.1666666666666666,0.3333333333333333,0.5,1,ng,0,0,0,6.0,21.25,-2.75,2.75,20.5,24.0,24.0,20.0,24,55.0,48.0,10.0,-0.6272727272727272,0.1145833333333333,0,0,-0.1145833333333333,0,0,0,0,0
468bae16-01fa-4b28-8367-2b7fc01e7aa7,14,6,25.166666666666668,0.1666666666666666,0.8333333333333334,0.6666666666666666,0.8333333333333334,0.9166666666666666,0.0745355992499929,5.333333333333333,-0.3833333333333333,0.1105541596785133,1.0,5625.333333333333,497.67923403198847,0.0443634945089673,,,0.1666666666666666,0.25,0.5833333333333334,0.0,1,ghp,1,1,1,4.0,7.5,-8.5,8.5,5.0,10.0,10.0,5.0,16,15.0,20.19,3.02,-0.6666666666666667,0.53125,0,0,-0.53125,0,0,0,0,0
727aeab3-4e37-4074-aa8a-edb9ed62fd8f,14,6,22.833333333333332,0.1666666666666666,0.6666666666666666,0.1666666666666666,1.0,0.8611111111111112,0.1638653467083624,5.666666666666667,-0.2944444444444444,0.2435083084748779,2.0,5563.333333333333,159.63637989714908,0.0144494707409626,,,0.4166666666666667,0.4166666666666667,0.0,0.1666666666666666,1,gh,0,1,0,14.0,12.196428571428571,-3.803571428571429,3.803571428571429,10.0,16.0,16.0,10.0,16,21.5,31.0,8.0,-0.5348837209302326,0.2377232142857142,0,0,-0.2377232142857143,0,0,0,0,0
792b99cc-c375-4006-9b7f-6b7ceeb15ffe,14,6,26.5,0.3333333333333333,0.8333333333333334,0.5,0.8333333333333334,0.9166666666666666,0.0745355992499929,5.333333333333333,-0.3833333333333333,0.200554786086551,1.0,5563.333333333333,916.9821381393788,0.0778235470341521,,,0.1666666666666666,0.3333333333333333,0.3333333333333333,0.1666666666666666,1,ng,0,0,0,1.0,15.0,-1.0,1.0,15.0,15.0,15.0,15.0,16,20.0,35.0,8.32,-0.25,0.0625,0,0,-0.0625,0,0,1,0,0
b0eca25a-c9c1-4b52-a273-a509e63a7229,14,6,22.5,0.1666666666666666,0.6666666666666666,0.6666666666666666,1.0,0.875,0.0874007373475126,5.5,-0.325,0.1015162822189404,1.0,5552.666666666667,468.58191687971294,0.0432740024812902,,,0.0555555555555555,0.2222222222222222,0.5555555555555556,0.1666666666666666,1,ghp,1,1,1,10.0,64.151,48.151,48.151,60.0,69.0,73.88,50.0,16,69.0,73.0,60.5,-0.1304347826086956,3.0094375,0,0,3.0094375,1,0,0,0,2
e2c2318e-0678-474d-bdf2-b31e6e134e04,14,6,23.833333333333332,0.3333333333333333,0.8333333333333334,0.8333333333333334,0.8333333333333334,0.861111111111111,0.1009216784699163,5.5,-0.3111111111111111,0.1996292860575618,1.6666666666666667,5590.666666666667,299.2019448911831,0.0272571349073853,,,0.0,0.1666666666666666,0.3333333333333333,0.5,1,ng,0,0,0,2.0,10.0,-6.0,6.0,10.0,10.0,10.0,10.0,16,20.5,55.0,9.5,-0.5121951219512195,0.375,0,0,-0.375,0,0,0,0,0
468bae16-01fa-4b28-8367-2b7fc01e7aa7,15,6,25.166666666666668,0.1666666666666666,0.8333333333333334,0.6666666666666666,0.8333333333333334,0.9166666666666666,0.0745355992499929,5.333333333333333,-0.3833333333333333,0.1105541596785133,1.0,5621.333333333333,500.5622600503026,0.0447026209677419,,,0.1666666666666666,0.25,0.5833333333333334,0.0,1,ghp,1,1,1,38.0,3.054210526315789,-4.9457894736842105,4.9457894736842105,3.02,4.0,4.0,3.01,8,5.0,15.0,,-0.396,0.6182236842105263,0,0,-0.6182236842105264,0,0,0,0,0
727aeab3-4e37-4074-aa8a-edb9ed62fd8f,15,6,22.833333333333332,0.1666666666666666,0.6666666666666666,0.1666666666666666,1.0,0.8611111111111112,0.1638653467083624,5.666666666666667,-0.2944444444444444,0.2435083084748779,2.0,5563.333333333333,158.5255621868811,0.0143249450768923,,,0.4166666666666667,0.4166666666666667,0.0,0.1666666666666666,1,gh,0,1,0,44.0,8.068863636363636,0.0688636363636363,0.0688636363636363,8.0,8.0,10.25,8.0,8,10.0,21.5,,-0.1999999999999999,0.0086079545454545,0,0,0.0086079545454544,0,0,0,0,0
792b99cc-c375-4006-9b7f-6b7ceeb15ffe,15,6,26.5,0.3333333333333333,0.8333333333333334,0.5,0.8333333333333334,0.9166666666666666,0.0745355992499929,5.333333333333333,-0.3833333333333333,0.200554786086551,1.0,5563.333333333333,922.0313026284232,0.0782845016976233,,,0.1666666666666666,0.3333333333333333,0.3333333333333333,0.1666666666666666,1,ng,0,0,0,6.0,8.283333333333333,0.2833333333333335,0.2833333333333335,8.32,8.5,8.5,8.0,8,15.0,20.0,,-0.4453333333333333,0.0354166666666666,0,0,0.0354166666666666,0,0,1,0,0
b0eca25a-c9c1-4b52-a273-a509e63a7229,15,6,22.5,0.1666666666666666,0.6666666666666666,0.6666666666666666,1.0,0.875,0.0874007373475126,5.5,-0.325,0.1015162822189404,1.0,5543.333333333333,448.8737045391123,0.0364809581078372,,,0.0555555555555555,0.2222222222222222,0.5555555555555556,0.1666666666666666,1,ghp,1,1,1,16.0,58.12375,50.12375,50.12375,60.5,59.0,60.5,55.0,8,60.0,69.0,,0.0083333333333333,6.26546875,0,0,6.26546875,1,0,0,0,3
e2c2318e-0678-474d-bdf2-b31e6e134e04,15,6,23.833333333333332,0.3333333333333333,0.8333333333333334,0.8333333333333334,0.8333333333333334,0.861111111111111,0.1009216784699163,5.5,-0.3111111111111111,0.1996292860575618,1.6666666666666667,5594.666666666667,296.4543435786809,0.026914918970448,,,0.0,0.1666666666666666,0.3333333333333333,0.5,1,ng,0,0,0,5.0,9.2,1.2,1.2,9.5,10.0,10.0,8.0,8,10.0,20.5,,-0.05,0.15,0,0,0.1499999999999999,0,0,0,0,0
04d50e49-bd58-4a7b-bf5a-9059d667defe,1,6,23.833333333333332,0.3333333333333333,0.8333333333333334,0.8333333333333334,0.8333333333333334,0.861111111111111,0.1009216784699163,5.5,-0.3111111111111111,0.1996292860575618,1.6666666666666667,5000.0,10.405237142900944,0.0010606666666666,,,0.5555555555555555,0.0555555555555555,0.3888888888888888,0.0,2,ng,0,0,0,12.0,121.91833333333334,1.918333333333332,1.918333333333332,124.82,120.0,125.0,120.0,120,,,125.07,,0.0159861111111111,0,0,0.0159861111111111,0,0,0,0,0
55ae4144-efe9-4ac1-adff-7ef37ab172bb,1,6,25.166666666666668,0.1666666666666666,0.8333333333333334,0.6666666666666666,0.8333333333333334,0.9166666666666666,0.0745355992499929,5.333333333333333,-0.3833333333333333,0.1105541596785133,1.0,5120.0,188.78559267062724,0.0187717013888888,,,0.1666666666666666,0.3333333333333333,0.5,0.0,2,ghp,1,1,1,9.0,144.44444444444446,24.444444444444443,24.444444444444443,150.0,160.0,200.0,120.0,120,,,118.75,,0.2037037037037037,0,0,0.2037037037037038,0,0,0,0,0
726a00be-8059-48c7-903b-975c7adfccb7,1,6,22.5,0.1666666666666666,0.6666666666666666,0.6666666666666666,1.0,0.875,0.0874007373475126,5.5,-0.325,0.1015162822189404,1.0,5040.0,61.03812775634593,0.0053045634920634,,,0.0833333333333333,0.0833333333333333,0.5,0.3333333333333333,2,ghp,1,1,1,7.0,120.22,0.2199999999999988,0.7942857142857146,119.5,121.0,121.5,118.5,120,,,110.0,,0.0066190476190476,0,0,0.0018333333333333,0,0,0,0,0
80f251dc-c278-4363-81ce-f661c1e5cc3d,1,6,22.833333333333332,0.1666666666666666,0.6666666666666666,0.1666666666666666,1.0,0.8611111111111112,0.1638653467083624,5.666666666666667,-0.2944444444444444,0.2435083084748779,2.0,5000.0,3.5630211899455846,0.0003368888888889,,,0.0,0.25,0.5833333333333334,0.1666666666666666,2,gh,0,1,0,8.0,120.97125,0.9712500000000012,0.9712500000000012,121.51,120.0,122.0,120.0,120,,,116.0,,0.00809375,0,0,0.0080937499999999,0,0,0,0,0
d21a648c-851e-4cfb-8dc1-9849fa4daf59,1,6,26.5,0.3333333333333333,0.8333333333333334,0.5,0.8333333333333334,0.9166666666666666,0.0745355992499929,5.333333333333333,-0.3833333333333333,0.200554786086551,1.0,5000.0,189.67024015379948,0.0188,,,0.0,0.0,0.5,0.5,2,ng,0,0,0,4.0,22.25,-97.75,97.75,40.0,16.0,40.0,16.0,120,,,88.0,,0.8145833333333333,0,0,-0.8145833333333333,0,0,0,0,0
04d50e49-bd58-4a7b-bf5a-9059d667defe,2,6,23.833333333333332,0.3333333333333333,0.8333333333333334,0.8333333333333334,0.8333333333333334,0.861111111111111,0.1009216784699163,5.5,-0.3111111111111111,0.1996292860575618,1.6666666666666667,4958.666666666667,118.23041802627088,0.0120145424397239,,,0.5555555555555555,0.0555555555555555,0.3888888888888888,0.0,2,ng,0,0,0,10.0,124.56,12.559999999999995,12.559999999999995,125.07,124.63,125.07,124.25,112,124.82,,124.1,0.0020028841531805,0.1121428571428571,0,0,0.112142857142857,0,0,0,0,0
55ae4144-efe9-4ac1-adff-7ef37ab172bb,2,6,25.166666666666668,0.1666666666666666,0.8333333333333334,0.6666666666666666,0.8333333333333334,0.9166666666666666,0.0745355992499929,5.333333333333333,-0.3833333333333333,0.1105541596785133,1.0,5093.333333333333,196.57449078318032,0.0195177792321116,,,0.1666666666666666,0.3333333333333333,0.5,0.0,2,ghp,1,1,1,5.0,128.676,16.676,16.676,118.75,145.63,145.63,116.5,112,150.0,,110.25,-0.2083333333333333,0.1488928571428571,0,0,0.148892857142857,0,0,0,0,0
726a00be-8059-48c7-903b-975c7adfccb7,2,6,22.5,0.1666666666666666,0.6666666666666666,0.6666666666666666,1.0,0.875,0.0874007373475126,5.5,-0.325,0.1015162822189404,1.0,5109.333333333333,253.6801523703949,0.0231458768267223,,,0.0833333333333333,0.0833333333333333,0.5,0.3333333333333333,2,ghp,1,1,1,6.0,113.83333333333331,1.8333333333333333,3.1666666666666665,110.0,118.0,118.0,110.0,112,119.5,,106.0,-0.0794979079497908,0.0282738095238095,0,0,0.0163690476190475,0,0,0,0,0
80f251dc-c278-4363-81ce-f661c1e5cc3d,2,6,22.833333333333332,0.1666666666666666,0.6666666666666666,0.1666666666666666,1.0,0.8611111111111112,0.1638653467083624,5.666666666666667,-0.2944444444444444,0.2435083084748779,2.0,5014.666666666667,148.12248238085505,0.0123950855268988,,,0.0,0.25,0.5833333333333334,0.1666666666666666,2,gh,0,1,0,8.0,119.375,7.375,7.375,116.0,121.0,121.0,116.0,112,121.51,,106.0,-0.045346062052506,0.0658482142857142,0,0,0.0658482142857142,0,0,0,0,0
d21a648c-851e-4cfb-8dc1-9849fa4daf59,2,6,26.5,0.3333333333333333,0.8333333333333334,0.5,0.8333333333333334,0.9166666666666666,0.0745355992499929,5.333333333333333,-0.3833333333333333,0.200554786086551,1.0,4996.0,249.05742309756596,0.0249088159416422,,,0.0,0.0,0.5,0.5,2,ng,0,0,0,5.0,61.4,-50.6,50.6,88.0,60.0,88.0,45.0,112,40.0,,90.0,1.2000000000000002,0.4517857142857143,0,0,-0.4517857142857143,0,0,0,0,0
04d50e49-bd58-4a7b-bf5a-9059d667defe,3,6,23.833333333333332,0.3333333333333333,0.8333333333333334,0.8333333333333334,0.8333333333333334,0.861111111111111,0.1009216784699163,5.5,-0.3111111111111111,0.1996292860575618,1.6666666666666667,5123.333333333333,78.957008217553,0.0076762090652787,112.5,60.07217880738692,0.5555555555555555,0.0555555555555555,0.3888888888888888,0.0,2,ng,0,0,0,7.0,124.63285714285712,20.63285714285714,20.63285714285714,124.1,125.0,125.0,124.07,104,125.07,124.82,122.0,-0.0077556568321739,0.1983928571428571,0,0,0.198392857142857,0,0,0,0,0
55ae4144-efe9-4ac1-adff-7ef37ab172bb,3,6,25.166666666666668,0.1666666666666666,0.8333333333333334,0.6666666666666666,0.8333333333333334,0.9166666666666666,0.0745355992499929,5.333333333333333,-0.3833333333333333,0.1105541596785133,1.0,5202.666666666667,117.48889490784492,0.0114229882111737,99.0,41.86844476054331,0.1666666666666666,0.3333333333333333,0.5,0.0,2,ghp,1,1,1,4.0,114.375,10.375,10.375,110.25,120.75,120.75,110.0,104,118.75,150.0,97.0,-0.071578947368421,0.0997596153846153,0,0,0.0997596153846153,0,0,0,0,0
726a00be-8059-48c7-903b-975c7adfccb7,3,6,22.5,0.1666666666666666,0.6666666666666666,0.6666666666666666,1.0,0.875,0.0874007373475126,5.5,-0.325,0.1015162822189404,1.0,5220.666666666667,172.64852651171603,0.016274954241689,101.0,8.360621986431392,0.0833333333333333,0.0833333333333333,0.5,0.3333333333333333,2,ghp,1,1,1,12.0,107.0,3.0,3.0,106.0,109.5,109.5,104.5,104,110.0,119.5,101.75,-0.0363636363636363,0.0288461538461538,0,0,0.0288461538461538,0,0,0,0,0
80f251dc-c278-4363-81ce-f661c1e5cc3d,3,6,22.833333333333332,0.1666666666666666,0.6666666666666666,0.1666666666666666,1.0,0.8611111111111112,0.1638653467083624,5.666666666666667,-0.2944444444444444,0.2435083084748779,2.0,5168.0,74.68331219221606,0.0072184597523219,98.0,4.732863826479693,0.0,0.25,0.5833333333333334,0.1666666666666666,2,gh,0,1,0,9.0,109.05555555555556,5.055555555555555,5.055555555555555,106.0,113.0,114.0,106.0,104,116.0,121.51,98.0,-0.086206896551724,0.0486111111111111,0,0,0.0486111111111111,0,0,0,0,0
d21a648c-851e-4cfb-8dc1-9849fa4daf59,3,6,26.5,0.3333333333333333,0.8333333333333334,0.5,0.8333333333333334,0.9166666666666666,0.0745355992499929,5.333333333333333,-0.3833333333333333,0.200554786086551,1.0,5251.333333333333,243.6864105088069,0.0230417671702424,95.0,23.021728866442675,0.0,0.0,0.5,0.5,2,ng,0,0,0,3.0,85.0,-19.0,19.0,90.0,80.0,90.0,80.0,104,88.0,40.0,86.0,0.0227272727272727,0.1826923076923076,0,0,-0.1826923076923076,0,0,0,0,0
04d50e49-bd58-4a7b-bf5a-9059d667defe,4,6,23.833333333333332,0.3333333333333333,0.8333333333333334,0.8333333333333334,0.8333333333333334,0.861111111111111,0.1009216784699163,5.5,-0.3111111111111111,0.1996292860575618,1.6666666666666667,5051.333333333333,154.71787545938813,0.0152343715630637,,,0.5555555555555555,0.0555555555555555,0.3888888888888888,0.0,2,ng,0,0,0,7.0,123.09571428571428,27.095714285714283,27.095714285714283,122.0,124.1,124.1,122.0,96,124.1,125.07,115.0,-0.0169218372280418,0.2822470238095237,0,0,0.2822470238095237,0,0,0,0,0
55ae4144-efe9-4ac1-adff-7ef37ab172bb,4,6,25.166666666666668,0.1666666666666666,0.8333333333333334,0.6666666666666666,0.8333333333333334,0.9166666666666666,0.0745355992499929,5.333333333333333,-0.3833333333333333,0.1105541596785133,1.0,5110.666666666667,140.93301567293116,0.0135530263501174,,,0.1666666666666666,0.3333333333333333,0.5,0.0,2,ghp,1,1,1,8.0,100.41125,4.411249999999999,4.411249999999999,97.0,105.0,105.0,97.0,96,110.25,118.75,84.5,-0.1201814058956916,0.0459505208333333,0,0,0.0459505208333332,0,0,0,0,0
726a00be-8059-48c7-903b-975c7adfccb7,4,6,22.5,0.1666666666666666,0.6666666666666666,0.6666666666666666,1.0,0.875,0.0874007373475126,5.5,-0.325,0.1015162822189404,1.0,5111.333333333333,254.39897316354612,0.0217620973001174,,,0.0833333333333333,0.0833333333333333,0.5,0.3333333333333333,2,ghp,1,1,1,8.0,104.2275,8.2275,8.2275,101.75,104.0,106.75,101.75,96,106.0,110.0,101.99,-0.0400943396226415,0.0857031249999999,0,0,0.0857031249999999,0,0,0,0,0
80f251dc-c278-4363-81ce-f661c1e5cc3d,4,6,22.833333333333332,0.1666666666666666,0.6666666666666666,0.1666666666666666,1.0,0.8611111111111112,0.1638653467083624,5.666666666666667,-0.2944444444444444,0.2435083084748779,2.0,5013.333333333333,69.40907567938554,0.0070401152482269,,,0.0,0.25,0.5833333333333334,0.1666666666666666,2,gh,0,1,0,7.0,98.42857142857144,2.4285714285714284,2.4285714285714284,98.0,100.0,100.0,98.0,96,106.0,116.0,90.0,-0.0754716981132075,0.025297619047619,0,0,0.025297619047619,0,0,0,0,0
d21a648c-851e-4cfb-8dc1-9849fa4daf59,4,6,26.5,0.3333333333333333,0.8333333333333334,0.5,0.8333333333333334,0.9166666666666666,0.0745355992499929,5.333333333333333,-0.3833333333333333,0.200554786086551,1.0,5026.0,290.82967523964953,0.0286731219878852,,,0.0,0.0,0.5,0.5,2,ng,0,0,0,2.0,87.25,-8.75,8.75,86.0,88.5,88.5,86.0,96,90.0,88.0,86.0,-0.0444444444444444,0.0911458333333333,0,0,-0.0911458333333333,0,0,0,0,0
04d50e49-bd58-4a7b-bf5a-9059d667defe,5,6,23.833333333333332,0.3333333333333333,0.8333333333333334,0.8333333333333334,0.8333333333333334,0.861111111111111,0.1009216784699163,5.5,-0.3111111111111111,0.1996292860575618,1.6666666666666667,4942.0,192.0258272212363,0.0198694860380413,,,0.5555555555555555,0.0555555555555555,0.3888888888888888,0.0,2,ng,0,0,0,2.0,115.0,27.0,27.0,115.0,115.0,115.0,115.0,88,122.0,124.1,90.0,-0.0573770491803278,0.3068181818181818,0,0,0.3068181818181818,0,0,0,0,0
55ae4144-efe9-4ac1-adff-7ef37ab172bb,5,6,25.166666666666668,0.1666666666666666,0.8333333333333334,0.6666666666666666,0.8333333333333334,0.9166666666666666,0.0745355992499929,5.333333333333333,-0.3833333333333333,0.1105541596785133,1.0,5086.666666666667,310.784714724947,0.030025993883792,,,0.1666666666666666,0.3333333333333333,0.5,0.0,2,ghp,1,1,1,11.0,91.04545454545456,3.0454545454545454,3.863636363636364,84.5,97.0,97.0,84.5,88,97.0,110.25,80.07,-0.1288659793814432,0.0439049586776859,0,0,0.0346074380165289,0,0,0,0,0
726a00be-8059-48c7-903b-975c7adfccb7,5,6,22.5,0.1666666666666666,0.6666666666666666,0.6666666666666666,1.0,0.875,0.0874007373475126,5.5,-0.325,0.1015162822189404,1.0,4911.333333333333,162.55468921771129,0.0160139812678159,,,0.0833333333333333,0.0833333333333333,0.5,0.3333333333333333,2,ghp,1,1,1,8.0,101.48125,13.48125,13.48125,101.99,100.99,101.99,100.0,88,101.75,106.0,99.0,0.0023587223587222,0.1531960227272727,0,0,0.1531960227272727,0,0,0,0,0
80f251dc-c278-4363-81ce-f661c1e5cc3d,5,6,22.833333333333332,0.1666666666666666,0.6666666666666666,0.1666666666666666,1.0,0.8611111111111112,0.1638653467083624,5.666666666666667,-0.2944444444444444,0.2435083084748779,2.0,4908.0,120.48794595311192,0.0120442814452594,,,0.0,0.25,0.5833333333333334,0.1666666666666666,2,gh,0,1,0,6.0,91.16666666666669,3.1666666666666665,3.1666666666666665,90.0,96.0,96.0,90.0,88,98.0,106.0,81.25,-0.0816326530612244,0.0359848484848484,0,0,0.0359848484848485,0,0,0,0,0
d21a648c-851e-4cfb-8dc1-9849fa4daf59,5,6,26.5,0.3333333333333333,0.8333333333333334,0.5,0.8333333333333334,0.9166666666666666,0.0745355992499929,5.333333333333333,-0.3833333333333333,0.200554786086551,1.0,4919.333333333333,244.29606355131207,0.0244048425712607,,,0.0,0.0,0.5,0.5,2,ng,0,0,0,0.0,,,,86.0,,,,88,86.0,90.0,79.0,0.0,,0,0,,0,0,0,0,0
04d50e49-bd58-4a7b-bf5a-9059d667defe,6,6,23.833333333333332,0.3333333333333333,0.8333333333333334,0.8333333333333334,0.8333333333333334,0.861111111111111,0.1009216784699163,5.5,-0.3111111111111111,0.1996292860575618,1.6666666666666667,4968.666666666667,255.95934244849676,0.0265833668768728,71.0,38.72811209788913,0.5555555555555555,0.0555555555555555,0.3888888888888888,0.0,2,ng,0,0,0,1.0,90.0,10.0,10.0,90.0,90.0,90.0,90.0,80,115.0,122.0,66.0,-0.217391304347826,0.125,0,0,0.125,0,0,0,0,0
55ae4144-efe9-4ac1-adff-7ef37ab172bb,6,6,25.166666666666668,0.1666666666666666,0.8333333333333334,0.6666666666666666,0.8333333333333334,0.9166666666666666,0.0745355992499929,5.333333333333333,-0.3833333333333333,0.1105541596785133,1.0,5073.333333333333,192.57724711571385,0.0195216819973718,73.0,2.658320271650249,0.1666666666666666,0.3333333333333333,0.5,0.0,2,ghp,1,1,1,12.0,80.74583333333334,0.7458333333333323,0.7458333333333323,80.07,82.0,82.0,80.0,80,84.5,97.0,73.25,-0.0524260355029586,0.0093229166666666,0,0,0.0093229166666667,0,0,0,0,0
726a00be-8059-48c7-903b-975c7adfccb7,6,6,22.5,0.1666666666666666,0.6666666666666666,0.6666666666666666,1.0,0.875,0.0874007373475126,5.5,-0.325,0.1015162822189404,1.0,4951.333333333333,213.0498866150052,0.0217494726448543,93.5,4.37035467668243,0.0833333333333333,0.0833333333333333,0.5,0.3333333333333333,2,ghp,1,1,1,5.0,99.32,19.32,19.32,99.0,101.8,101.8,97.0,80,101.99,101.75,96.0,-0.0293165996666339,0.2415,0,0,0.2415000000000001,0,0,0,0,0
80f251dc-c278-4363-81ce-f661c1e5cc3d,6,6,22.833333333333332,0.1666666666666666,0.6666666666666666,0.1666666666666666,1.0,0.8611111111111112,0.1638653467083624,5.666666666666667,-0.2944444444444444,0.2435083084748779,2.0,4908.0,109.08080546090602,0.0113792674092185,73.5,30.947805522632244,0.0,0.25,0.5833333333333334,0.1666666666666666,2,gh,0,1,0,10.0,83.525,3.525,3.525,81.25,90.0,90.0,81.25,80,90.0,98.0,74.01,-0.0972222222222222,0.0440625,0,0,0.0440625,0,0,0,0,0
d21a648c-851e-4cfb-8dc1-9849fa4daf59,6,6,26.5,0.3333333333333333,0.8333333333333334,0.5,0.8333333333333334,0.9166666666666666,0.0745355992499929,5.333333333333333,-0.3833333333333333,0.200554786086551,1.0,4932.666666666667,273.1674802509749,0.0272687750596927,65.0,31.138400729645703,0.0,0.0,0.5,0.5,2,ng,0,0,0,9.0,82.00444444444445,2.004444444444442,2.4488888888888862,79.0,83.88,86.76,79.0,80,86.0,86.0,60.0,-0.0813953488372093,0.030611111111111,0,0,0.0250555555555555,0,0,0,0,0
04d50e49-bd58-4a7b-bf5a-9059d667defe,7,6,23.833333333333332,0.3333333333333333,0.8333333333333334,0.8333333333333334,0.8333333333333334,0.861111111111111,0.1009216784699163,5.5,-0.3111111111111111,0.1996292860575618,1.6666666666666667,4916.666666666667,242.59121374581304,0.0255066666666667,,,0.5555555555555555,0.0555555555555555,0.3888888888888888,0.0,2,ng,0,0,0,6.0,69.33333333333333,-2.6666666666666665,2.6666666666666665,66.0,70.0,70.0,66.0,72,90.0,115.0,20.0,-0.2666666666666667,0.037037037037037,0,0,-0.0370370370370371,0,0,0,0,0
55ae4144-efe9-4ac1-adff-7ef37ab172bb,7,6,25.166666666666668,0.1666666666666666,0.8333333333333334,0.6666666666666666,0.8333333333333334,0.9166666666666666,0.0745355992499929,5.333333333333333,-0.3833333333333333,0.1105541596785133,1.0,4910.0,189.44835296196163,0.0171530889341479,,,0.1666666666666666,0.3333333333333333,0.5,0.0,2,ghp,1,1,1,5.0,73.35,1.35,1.35,73.25,74.0,74.0,73.0,72,80.07,84.5,60.34,-0.0851754714624702,0.01875,0,0,0.0187499999999999,0,0,0,0,0
726a00be-8059-48c7-903b-975c7adfccb7,7,6,22.5,0.1666666666666666,0.6666666666666666,0.6666666666666666,1.0,0.875,0.0874007373475126,5.5,-0.325,0.1015162822189404,1.0,4877.333333333333,215.50959548629552,0.0212962456715874,,,0.0833333333333333,0.0833333333333333,0.5,0.3333333333333333,2,ghp,1,1,1,9.0,96.27444444444444,24.274444444444445,24.274444444444445,96.0,96.92,96.92,95.75,72,99.0,101.99,94.5,-0.0303030303030302,0.3371450617283951,0,0,0.337145061728395,0,0,0,0,0
80f251dc-c278-4363-81ce-f661c1e5cc3d,7,6,22.833333333333332,0.1666666666666666,0.6666666666666666,0.1666666666666666,1.0,0.8611111111111112,0.1638653467083624,5.666666666666667,-0.2944444444444444,0.2435083084748779,2.0,4919.333333333333,220.0451148893484,0.0224586664859736,,,0.0,0.25,0.5833333333333334,0.1666666666666666,2,gh,0,1,0,7.0,77.3157142857143,5.315714285714285,5.315714285714285,74.01,80.5,80.5,74.01,72,81.25,90.0,67.0,-0.0891076923076922,0.073829365079365,0,0,0.0738293650793651,0,0,0,0,0
d21a648c-851e-4cfb-8dc1-9849fa4daf59,7,6,26.5,0.3333333333333333,0.8333333333333334,0.5,0.8333333333333334,0.9166666666666666,0.0745355992499929,5.333333333333333,-0.3833333333333333,0.200554786086551,1.0,4846.666666666667,286.5409853174005,0.0294566712517194,,,0.0,0.0,0.5,0.5,2,ng,0,0,0,2.0,65.0,-7.0,7.0,60.0,70.0,70.0,60.0,72,79.0,86.0,2.0,-0.240506329113924,0.0972222222222222,0,0,-0.0972222222222222,0,0,0,0,0
04d50e49-bd58-4a7b-bf5a-9059d667defe,8,6,23.833333333333332,0.3333333333333333,0.8333333333333334,0.8333333333333334,0.8333333333333334,0.861111111111111,0.1009216784699163,5.5,-0.3111111111111111,0.1996292860575618,1.6666666666666667,4916.0,363.9308317798866,0.0379671819907784,,,0.5555555555555555,0.0555555555555555,0.3888888888888888,0.0,2,ng,0,0,0,9.0,39.888888888888886,-24.11111111111111,24.11111111111111,20.0,53.0,53.0,20.0,64,66.0,90.0,35.0,-0.696969696969697,0.3767361111111111,0,0,-0.3767361111111111,0,0,0,0,0
55ae4144-efe9-4ac1-adff-7ef37ab172bb,8,6,25.166666666666668,0.1666666666666666,0.8333333333333334,0.6666666666666666,0.8333333333333334,0.9166666666666666,0.0745355992499929,5.333333333333333,-0.3833333333333333,0.1105541596785133,1.0,4933.333333333333,268.7824832586127,0.0271045045045044,,,0.1666666666666666,0.3333333333333333,0.5,0.0,2,ghp,1,1,1,14.0,61.26,-2.7400000000000007,2.7400000000000007,60.34,64.0,64.0,60.0,64,73.25,80.07,52.52,-0.1762457337883958,0.0428125,0,0,-0.0428125,0,0,0,0,0
726a00be-8059-48c7-903b-975c7adfccb7,8,6,22.5,0.1666666666666666,0.6666666666666666,0.6666666666666666,1.0,0.875,0.0874007373475126,5.5,-0.325,0.1015162822189404,1.0,4858.666666666667,322.6037364115095,0.0337321624588364,,,0.0833333333333333,0.0833333333333333,0.5,0.3333333333333333,2,ghp,1,1,1,7.0,94.23571428571428,30.235714285714288,30.235714285714288,94.5,95.5,95.65,90.0,64,96.0,99.0,89.88,-0.015625,0.4724330357142857,0,0,0.4724330357142856,0,0,0,0,0
80f251dc-c278-4363-81ce-f661c1e5cc3d,8,6,22.833333333333332,0.1666666666666666,0.6666666666666666,0.1666666666666666,1.0,0.8611111111111112,0.1638653467083624,5.666666666666667,-0.2944444444444444,0.2435083084748779,2.0,4854.666666666667,209.24938371872588,0.0219567655406023,,,0.0,0.25,0.5833333333333334,0.1666666666666666,2,gh,0,1,0,4.0,69.75,5.75,5.75,67.0,73.0,73.0,66.0,64,74.01,81.25,58.0,-0.0947169301445751,0.08984375,0,0,0.08984375,0,0,0,0,0
d21a648c-851e-4cfb-8dc1-9849fa4daf59,8,6,26.5,0.3333333333333333,0.8333333333333334,0.5,0.8333333333333334,0.9166666666666666,0.0745355992499929,5.333333333333333,-0.3833333333333333,0.200554786086551,1.0,4796.666666666667,347.1970856252493,0.0369782256196432,,,0.0,0.0,0.5,0.5,2,ng,0,0,0,2.0,2.0,-62.0,62.0,2.0,2.0,2.0,2.0,64,60.0,79.0,30.0,-0.9666666666666668,0.96875,0,0,-0.96875,0,0,0,0,0
04d50e49-bd58-4a7b-bf5a-9059d667defe,9,6,23.833333333333332,0.3333333333333333,0.8333333333333334,0.8333333333333334,0.8333333333333334,0.861111111111111,0.1009216784699163,5.5,-0.3111111111111111,0.1996292860575618,1.6666666666666667,4782.0,426.465012773616,0.0451846043031739,17.5,20.33469940766275,0.5555555555555555,0.0555555555555555,0.3888888888888888,0.0,2,ng,0,0,0,7.0,35.9,-20.1,20.1,35.0,35.0,37.0,35.0,56,20.0,66.0,31.0,0.75,0.3589285714285714,0,0,-0.3589285714285714,0,0,0,0,0
55ae4144-efe9-4ac1-adff-7ef37ab172bb,9,6,25.166666666666668,0.1666666666666666,0.8333333333333334,0.6666666666666666,0.8333333333333334,0.9166666666666666,0.0745355992499929,5.333333333333333,-0.3833333333333333,0.1105541596785133,1.0,4828.666666666667,244.49403777324844,0.0255503014404712,45.0,5.192943930629973,0.1666666666666666,0.3333333333333333,0.5,0.0,2,ghp,1,1,1,11.0,53.959999999999994,-2.0399999999999996,2.0399999999999996,52.52,56.0,56.0,52.0,56,60.34,73.25,44.9,-0.1295989393437189,0.0364285714285714,0,0,-0.0364285714285715,0,0,0,0,0
726a00be-8059-48c7-903b-975c7adfccb7,9,6,22.5,0.1666666666666666,0.6666666666666666,0.6666666666666666,1.0,0.875,0.0874007373475126,5.5,-0.325,0.1015162822189404,1.0,4794.666666666667,384.81602069906967,0.0407215192806822,86.0,5.076087732365021,0.0833333333333333,0.0833333333333333,0.5,0.3333333333333333,2,ghp,1,1,1,5.0,92.94,36.94,36.94,89.88,94.82,94.88,89.88,56,94.5,96.0,83.0,-0.0488888888888889,0.6596428571428571,0,0,0.6596428571428571,0,0,0,0,0
80f251dc-c278-4363-81ce-f661c1e5cc3d,9,6,22.833333333333332,0.1666666666666666,0.6666666666666666,0.1666666666666666,1.0,0.8611111111111112,0.1638653467083624,5.666666666666667,-0.2944444444444444,0.2435083084748779,2.0,4762.0,200.215668517726,0.0216021512903075,40.0,24.232209969377536,0.0,0.25,0.5833333333333334,0.1666666666666666,2,gh,0,1,0,8.0,59.375,3.375,3.375,58.0,67.0,67.0,58.0,56,67.0,74.01,48.5,-0.1343283582089552,0.0602678571428571,0,0,0.0602678571428571,0,0,0,0,0
d21a648c-851e-4cfb-8dc1-9849fa4daf59,9,6,26.5,0.3333333333333333,0.8333333333333334,0.5,0.8333333333333334,0.9166666666666666,0.0745355992499929,5.333333333333333,-0.3833333333333333,0.200554786086551,1.0,4716.666666666667,358.4940170583976,0.0386906949352179,20.0,15.732132722552274,0.0,0.0,0.5,0.5,2,ng,0,0,0,5.0,30.4,-25.6,25.6,30.0,18.0,39.0,18.0,56,2.0,60.0,20.0,14.0,0.4571428571428572,1,0,-0.4571428571428572,0,0,1,0,0
04d50e49-bd58-4a7b-bf5a-9059d667defe,10,6,23.833333333333332,0.3333333333333333,0.8333333333333334,0.8333333333333334,0.8333333333333334,0.861111111111111,0.1009216784699163,5.5,-0.3111111111111111,0.1996292860575618,1.6666666666666667,4958.0,456.1714492600347,0.046506655909641,,,0.5555555555555555,0.0555555555555555,0.3888888888888888,0.0,2,ng,0,0,0,2.0,32.0,-16.0,16.0,31.0,33.0,33.0,31.0,48,35.0,20.0,15.0,-0.1142857142857143,0.3333333333333333,0,0,-0.3333333333333333,0,0,0,0,0
55ae4144-efe9-4ac1-adff-7ef37ab172bb,10,6,25.166666666666668,0.1666666666666666,0.8333333333333334,0.6666666666666666,0.8333333333333334,0.9166666666666666,0.0745355992499929,5.333333333333333,-0.3833333333333333,0.1105541596785133,1.0,4998.666666666667,257.3805592244036,0.0253657642037876,,,0.1666666666666666,0.3333333333333333,0.5,0.0,2,ghp,1,1,1,12.0,45.830000000000005,-2.17,2.879999999999999,44.9,52.26,52.26,44.84,48,52.52,60.34,40.0,-0.1450875856816451,0.0599999999999999,0,0,-0.0452083333333332,0,0,0,0,0
726a00be-8059-48c7-903b-975c7adfccb7,10,6,22.5,0.1666666666666666,0.6666666666666666,0.6666666666666666,1.0,0.875,0.0874007373475126,5.5,-0.325,0.1015162822189404,1.0,4978.666666666667,288.70396572729413,0.0277400241028387,,,0.0833333333333333,0.0833333333333333,0.5,0.3333333333333333,2,ghp,1,1,1,8.0,85.285,37.285,37.285,83.0,87.4,88.0,83.0,48,89.88,94.5,78.5,-0.0765465064530485,0.7767708333333333,0,0,0.7767708333333333,0,0,0,0,0
80f251dc-c278-4363-81ce-f661c1e5cc3d,10,6,22.833333333333332,0.1666666666666666,0.6666666666666666,0.1666666666666666,1.0,0.8611111111111112,0.1638653467083624,5.666666666666667,-0.2944444444444444,0.2435083084748779,2.0,4974.0,184.06251220713008,0.0181465844614215,,,0.0,0.25,0.5833333333333334,0.1666666666666666,2,gh,0,1,0,16.0,50.5275,2.5274999999999994,2.5274999999999994,48.5,57.0,57.0,48.5,48,58.0,67.0,41.4,-0.1637931034482759,0.0526562499999999,0,0,0.0526562499999999,0,0,0,0,0
d21a648c-851e-4cfb-8dc1-9849fa4daf59,10,6,26.5,0.3333333333333333,0.8333333333333334,0.5,0.8333333333333334,0.9166666666666666,0.0745355992499929,5.333333333333333,-0.3833333333333333,0.200554786086551,1.0,4920.666666666667,375.8290359547368,0.0391055864155715,,,0.0,0.0,0.5,0.5,2,ng,0,0,0,1.0,20.0,-28.0,28.0,20.0,20.0,20.0,20.0,48,30.0,2.0,27.5,-0.3333333333333333,0.5833333333333334,0,0,-0.5833333333333334,0,0,1,0,0
04d50e49-bd58-4a7b-bf5a-9059d667defe,11,6,23.833333333333332,0.3333333333333333,0.8333333333333334,0.8333333333333334,0.8333333333333334,0.861111111111111,0.1009216784699163,5.5,-0.3111111111111111,0.1996292860575618,1.6666666666666667,4944.666666666667,440.7243036033604,0.0445109208574895,,,0.5555555555555555,0.0555555555555555,0.3888888888888888,0.0,2,ng,0,0,0,3.0,23.833333333333332,-16.166666666666668,16.166666666666668,15.0,32.0,32.0,15.0,40,31.0,35.0,14.0,-0.5161290322580645,0.4041666666666667,0,0,-0.4041666666666667,0,0,0,0,0
55ae4144-efe9-4ac1-adff-7ef37ab172bb,11,6,25.166666666666668,0.1666666666666666,0.8333333333333334,0.6666666666666666,0.8333333333333334,0.9166666666666666,0.0745355992499929,5.333333333333333,-0.3833333333333333,0.1105541596785133,1.0,4972.0,260.5090380006037,0.0266290113524626,,,0.1666666666666666,0.3333333333333333,0.5,0.0,2,ghp,1,1,1,3.0,43.18666666666667,3.186666666666667,3.186666666666667,40.0,44.84,44.84,40.0,40,44.9,52.52,33.0,-0.10913140311804,0.0796666666666666,0,0,0.0796666666666666,0,0,0,0,0
726a00be-8059-48c7-903b-975c7adfccb7,11,6,22.5,0.1666666666666666,0.6666666666666666,0.6666666666666666,1.0,0.875,0.0874007373475126,5.5,-0.325,0.1015162822189404,1.0,4978.666666666667,355.84052864544077,0.0350369353686841,,,0.0833333333333333,0.0833333333333333,0.5,0.3333333333333333,2,ghp,1,1,1,4.0,80.5,40.5,40.5,78.5,82.0,82.0,78.5,40,83.0,89.88,70.0,-0.0542168674698795,1.0125,0,0,1.0125,0,0,0,0,0
80f251dc-c278-4363-81ce-f661c1e5cc3d,11,6,22.833333333333332,0.1666666666666666,0.6666666666666666,0.1666666666666666,1.0,0.8611111111111112,0.1638653467083624,5.666666666666667,-0.2944444444444444,0.2435083084748779,2.0,4954.0,139.01359746442012,0.0143508051854841,,,0.0,0.25,0.5833333333333334,0.1666666666666666,2,gh,0,1,0,7.0,41.66142857142857,1.6614285714285717,1.6614285714285717,41.4,41.0,43.03,41.0,40,48.5,58.0,35.0,-0.1463917525773196,0.0415357142857142,0,0,0.0415357142857143,0,0,0,0,0
d21a648c-851e-4cfb-8dc1-9849fa4daf59,11,6,26.5,0.3333333333333333,0.8333333333333334,0.5,0.8333333333333334,0.9166666666666666,0.0745355992499929,5.333333333333333,-0.3833333333333333,0.200554786086551,1.0,4900.666666666667,391.9560029731229,0.0403591348115902,,,0.0,0.0,0.5,0.5,2,ng,0,0,0,4.0,22.125,-17.875,17.875,27.5,20.0,27.5,20.0,40,20.0,30.0,26.0,0.375,0.446875,0,0,-0.446875,0,0,1,0,0
04d50e49-bd58-4a7b-bf5a-9059d667defe,12,6,23.833333333333332,0.3333333333333333,0.8333333333333334,0.8333333333333334,0.8333333333333334,0.861111111111111,0.1009216784699163,5.5,-0.3111111111111111,0.1996292860575618,1.6666666666666667,4955.333333333333,488.1612705107475,0.0493845015471546,11.0,6.531972647421808,0.5555555555555555,0.0555555555555555,0.3888888888888888,0.0,2,ng,0,0,0,5.0,15.056,-16.944,16.944,14.0,15.0,17.28,14.0,32,15.0,31.0,11.0,-0.0666666666666666,0.5295,0,0,-0.5295,0,0,0,0,0
55ae4144-efe9-4ac1-adff-7ef37ab172bb,12,6,25.166666666666668,0.1666666666666666,0.8333333333333334,0.6666666666666666,0.8333333333333334,0.9166666666666666,0.0745355992499929,5.333333333333333,-0.3833333333333333,0.1105541596785133,1.0,4972.0,261.0792233786519,0.0266848797711629,24.5,1.9663841605003505,0.1666666666666666,0.3333333333333333,0.5,0.0,2,ghp,1,1,1,3.0,32.166666666666664,0.1666666666666666,0.5,33.0,32.0,33.0,31.5,32,40.0,44.9,23.5,-0.175,0.015625,0,0,0.0052083333333332,0,0,0,0,0
726a00be-8059-48c7-903b-975c7adfccb7,12,6,22.5,0.1666666666666666,0.6666666666666666,0.6666666666666666,1.0,0.875,0.0874007373475126,5.5,-0.325,0.1015162822189404,1.0,4978.666666666667,500.0350351992016,0.0447234868773433,65.0,1.2247448713915885,0.0833333333333333,0.0833333333333333,0.5,0.3333333333333333,2,ghp,1,1,1,10.0,72.518,40.518,40.518,70.0,75.75,75.75,70.0,32,78.5,83.0,65.0,-0.10828025477707,1.2661875,0,0,1.2661875,0,0,0,0,0
80f251dc-c278-4363-81ce-f661c1e5cc3d,12,6,22.833333333333332,0.1666666666666666,0.6666666666666666,0.1666666666666666,1.0,0.8611111111111112,0.1638653467083624,5.666666666666667,-0.2944444444444444,0.2435083084748779,2.0,4938.0,111.6862292317185,0.0113562620944151,24.0,0.8366600265340758,0.0,0.25,0.5833333333333334,0.1666666666666666,2,gh,0,1,0,6.0,38.16,6.159999999999999,6.159999999999999,35.0,41.3,41.36,34.0,32,41.4,48.5,22.0,-0.1545893719806763,0.1924999999999999,0,0,0.1924999999999999,0,0,0,0,0
d21a648c-851e-4cfb-8dc1-9849fa4daf59,12,6,26.5,0.3333333333333333,0.8333333333333334,0.5,0.8333333333333334,0.9166666666666666,0.0745355992499929,5.333333333333333,-0.3833333333333333,0.200554786086551,1.0,4922.0,400.7078456930935,0.0414032236218339,17.5,13.41640786499874,0.0,0.0,0.5,0.5,2,ng,0,0,0,1.0,26.0,-6.0,6.0,26.0,26.0,26.0,26.0,32,27.5,20.0,22.5,-0.0545454545454545,0.1875,0,0,-0.1875,0,0,1,0,0
04d50e49-bd58-4a7b-bf5a-9059d667defe,13,6,23.833333333333332,0.3333333333333333,0.8333333333333334,0.8333333333333334,0.8333333333333334,0.861111111111111,0.1009216784699163,5.5,-0.3111111111111111,0.1996292860575618,1.6666666666666667,4826.0,476.3391810044608,0.0500057558594649,,,0.5555555555555555,0.0555555555555555,0.3888888888888888,0.0,2,ng,0,0,0,1.0,11.0,-13.0,13.0,11.0,11.0,11.0,11.0,24,14.0,15.0,7.5,-0.2142857142857143,0.5416666666666666,0,0,-0.5416666666666666,0,0,0,0,0
55ae4144-efe9-4ac1-adff-7ef37ab172bb,13,6,25.166666666666668,0.1666666666666666,0.8333333333333334,0.6666666666666666,0.8333333333333334,0.9166666666666666,0.0745355992499929,5.333333333333333,-0.3833333333333333,0.1105541596785133,1.0,4864.0,207.84648873627876,0.0212385782163742,,,0.1666666666666666,0.3333333333333333,0.5,0.0,2,ghp,1,1,1,5.0,25.1,1.1,1.3,23.5,30.0,30.0,23.5,24,33.0,40.0,15.5,-0.2878787878787878,0.0541666666666666,0,0,0.0458333333333333,0,0,0,0,0
726a00be-8059-48c7-903b-975c7adfccb7,13,6,22.5,0.1666666666666666,0.6666666666666666,0.6666666666666666,1.0,0.875,0.0874007373475126,5.5,-0.325,0.1015162822189404,1.0,4844.0,757.9650019624916,0.0677755986787779,,,0.0833333333333333,0.0833333333333333,0.5,0.3333333333333333,2,ghp,1,1,1,10.0,66.502,42.501999999999995,42.501999999999995,65.0,69.62,69.62,64.81,24,70.0,78.5,63.0,-0.0714285714285714,1.7709166666666665,0,0,1.7709166666666665,0,0,0,0,0
80f251dc-c278-4363-81ce-f661c1e5cc3d,13,6,22.833333333333332,0.1666666666666666,0.6666666666666666,0.1666666666666666,1.0,0.8611111111111112,0.1638653467083624,5.666666666666667,-0.2944444444444444,0.2435083084748779,2.0,4816.666666666667,186.9335455895134,0.0193797001153402,,,0.0,0.25,0.5833333333333334,0.1666666666666666,2,gh,0,1,0,10.0,24.05,0.05,1.15,22.0,30.0,30.0,22.0,24,35.0,41.4,15.51,-0.3714285714285714,0.0479166666666666,0,0,0.0020833333333333,0,0,0,0,0
d21a648c-851e-4cfb-8dc1-9849fa4daf59,13,6,26.5,0.3333333333333333,0.8333333333333334,0.5,0.8333333333333334,0.9166666666666666,0.0745355992499929,5.333333333333333,-0.3833333333333333,0.200554786086551,1.0,4788.666666666667,383.2323685007136,0.0399825978003619,,,0.0,0.0,0.5,0.5,2,ng,0,0,0,1.0,22.5,-1.5,1.5,22.5,22.5,22.5,22.5,24,26.0,27.5,23.0,-0.1346153846153845,0.0625,0,0,-0.0625,0,0,1,0,0
04d50e49-bd58-4a7b-bf5a-9059d667defe,14,6,23.833333333333332,0.3333333333333333,0.8333333333333334,0.8333333333333334,0.8333333333333334,0.861111111111111,0.1009216784699163,5.5,-0.3111111111111111,0.1996292860575618,1.6666666666666667,4823.333333333333,503.61599262401035,0.0532239115411196,,,0.5555555555555555,0.0555555555555555,0.3888888888888888,0.0,2,ng,0,0,0,9.0,7.833333333333333,-8.166666666666666,8.166666666666666,7.5,8.0,8.0,7.0,16,11.0,14.0,5.0,-0.3181818181818182,0.5104166666666666,0,0,-0.5104166666666667,0,0,0,0,0
55ae4144-efe9-4ac1-adff-7ef37ab172bb,14,6,25.166666666666668,0.1666666666666666,0.8333333333333334,0.6666666666666666,0.8333333333333334,0.9166666666666666,0.0745355992499929,5.333333333333333,-0.3833333333333333,0.1105541596785133,1.0,4858.666666666667,212.9284282256989,0.0216163556531284,,,0.1666666666666666,0.3333333333333333,0.5,0.0,2,ghp,1,1,1,4.0,17.625,1.625,2.125,15.5,23.5,23.5,15.5,16,23.5,33.0,8.0,-0.3404255319148936,0.1328125,0,0,0.1015625,0,0,0,0,0
726a00be-8059-48c7-903b-975c7adfccb7,14,6,22.5,0.1666666666666666,0.6666666666666666,0.6666666666666666,1.0,0.875,0.0874007373475126,5.5,-0.325,0.1015162822189404,1.0,4841.333333333333,989.4392037445588,0.0906193197466262,,,0.0833333333333333,0.0833333333333333,0.5,0.3333333333333333,2,ghp,1,1,1,9.0,64.28222222222222,48.28222222222222,48.28222222222222,63.0,65.46,65.46,63.0,16,65.0,70.0,59.5,-0.0307692307692307,3.0176388888888885,0,0,3.0176388888888885,1,1,0,0,1
80f251dc-c278-4363-81ce-f661c1e5cc3d,14,6,22.833333333333332,0.1666666666666666,0.6666666666666666,0.1666666666666666,1.0,0.8611111111111112,0.1638653467083624,5.666666666666667,-0.2944444444444444,0.2435083084748779,2.0,4835.333333333333,180.555923598941,0.0185478422721632,,,0.0,0.25,0.5833333333333334,0.1666666666666666,2,gh,0,1,0,15.0,16.017333333333333,0.0173333333333333,1.5826666666666669,15.51,22.0,22.0,14.75,16,22.0,35.0,6.25,-0.295,0.0989166666666666,0,0,0.0010833333333333,0,0,0,0,0
d21a648c-851e-4cfb-8dc1-9849fa4daf59,14,6,26.5,0.3333333333333333,0.8333333333333334,0.5,0.8333333333333334,0.9166666666666666,0.0745355992499929,5.333333333333333,-0.3833333333333333,0.200554786086551,1.0,4783.333333333333,391.48904616434254,0.0409592334494773,,,0.0,0.0,0.5,0.5,2,ng,0,0,0,13.0,19.78846153846154,3.7884615384615383,3.7884615384615383,23.0,22.25,23.0,16.0,16,22.5,26.0,23.75,0.0222222222222221,0.2367788461538461,0,0,0.2367788461538462,0,0,1,0,0
04d50e49-bd58-4a7b-bf5a-9059d667defe,15,6,23.833333333333332,0.3333333333333333,0.8333333333333334,0.8333333333333334,0.8333333333333334,0.861111111111111,0.1009216784699163,5.5,-0.3111111111111111,0.1996292860575618,1.6666666666666667,4759.333333333333,491.2687896321803,0.0526407760190503,,,0.5555555555555555,0.0555555555555555,0.3888888888888888,0.0,2,ng,0,0,0,9.0,7.388888888888889,-0.6111111111111113,1.8333333333333333,5.0,7.0,12.2,5.0,8,7.5,11.0,,-0.3333333333333333,0.2291666666666666,0,0,-0.0763888888888888,0,0,0,0,0
55ae4144-efe9-4ac1-adff-7ef37ab172bb,15,6,25.166666666666668,0.1666666666666666,0.8333333333333334,0.6666666666666666,0.8333333333333334,0.9166666666666666,0.0745355992499929,5.333333333333333,-0.3833333333333333,0.1105541596785133,1.0,4796.666666666667,252.64016415975243,0.0269365299976835,,,0.1666666666666666,0.3333333333333333,0.5,0.0,2,ghp,1,1,1,3.0,7.75,-0.25,0.25,8.0,7.75,8.0,7.5,8,15.5,23.5,,-0.4838709677419355,0.03125,0,0,-0.03125,0,0,0,0,0
726a00be-8059-48c7-903b-975c7adfccb7,15,6,22.5,0.1666666666666666,0.6666666666666666,0.6666666666666666,1.0,0.875,0.0874007373475126,5.5,-0.325,0.1015162822189404,1.0,4779.999999999999,1350.6013752695496,0.1158849372384937,,,0.0833333333333333,0.0833333333333333,0.5,0.3333333333333333,2,ghp,1,1,1,14.0,60.39071428571429,52.39071428571429,52.39071428571429,59.5,60.73,63.5,57.5,8,63.0,65.0,,-0.0555555555555555,6.548839285714286,0,0,6.548839285714286,1,0,0,0,2
80f251dc-c278-4363-81ce-f661c1e5cc3d,15,6,22.833333333333332,0.1666666666666666,0.6666666666666666,0.1666666666666666,1.0,0.8611111111111112,0.1638653467083624,5.666666666666667,-0.2944444444444444,0.2435083084748779,2.0,4775.333333333333,214.19726783193727,0.0222105495835078,,,0.0,0.25,0.5833333333333334,0.1666666666666666,2,gh,0,1,0,11.0,7.340909090909091,-0.6590909090909091,1.75,6.25,10.0,10.0,6.0,8,15.51,22.0,,-0.5970341715022567,0.21875,0,0,-0.0823863636363636,0,0,0,0,0
d21a648c-851e-4cfb-8dc1-9849fa4daf59,15,6,26.5,0.3333333333333333,0.8333333333333334,0.5,0.8333333333333334,0.9166666666666666,0.0745355992499929,5.333333333333333,-0.3833333333333333,0.200554786086551,1.0,4723.333333333333,461.93513543209394,0.0492113620324629,,,0.0,0.0,0.5,0.5,2,ng,0,0,0,12.0,20.850833333333338,12.850833333333334,12.850833333333334,23.75,19.88,23.75,17.44,8,23.0,22.5,,0.0326086956521738,1.6063541666666667,0,0,1.6063541666666667,0,0,1,0,0
