trading_session_uuid,is_simulated,market_number,trading_day,event_seq,event_ts,record_kind,event_type,side,aggressor_side,order_id,trader_uuid,price,size,size_delta,size_resting_after,queue_position,queue_size,status_after,match_id,contra_order_id,bid_order_id,ask_order_id,bid_trader_uuid,ask_trader_uuid,source_created_ts
23dbc4b1-5283-4eba-9c49-91b11fb74954,0,1,1,1,2026-05-12T16:21:28.277650+00:00,order,add,bid,,2092e819-06dd-4087-a22e-865f8a4bc4f6,3ff2cb5e-2de0-4307-9661-078bf9686fa3,115.0,1.0,1.0,1.0,1,1.0,active,,,,,,,1778602888.294778
23dbc4b1-5283-4eba-9c49-91b11fb74954,0,1,1,2,2026-05-12T16:21:28.317669+00:00,order,add,ask,,cb5792ab-c514-4bd5-956d-8896aea83d26,3ff2cb5e-2de0-4307-9661-078bf9686fa3,125.0,1.0,1.0,1.0,1,1.0,active,,,,,,,1778602888.333264
23dbc4b1-5283-4eba-9c49-91b11fb74954,0,1,1,3,2026-05-12T16:21:32.644536+00:00,order,add,bid,,cc8b237d-8798-465b-b46e-e27cd33879e2,3ff2cb5e-2de0-4307-9661-078bf9686fa3,115.0,1.0,1.0,1.0,2,2.0,active,,,,,,,1778602892.661222
23dbc4b1-5283-4eba-9c49-91b11fb74954,0,1,1,4,2026-05-12T16:21:33.710470+00:00,order,add,ask,,40152f23-b1fa-4bb5-af2c-7fec8757945c,3ff2cb5e-2de0-4307-9661-078bf9686fa3,127.0,1.0,1.0,1.0,1,1.0,active,,,,,,,1778602893.726907
23dbc4b1-5283-4eba-9c49-91b11fb74954,0,1,1,5,2026-05-12T16:21:42.446227+00:00,order,add,bid,,dccc2387-9354-4d4e-bc37-3fb2c5c741fd,3ff2cb5e-2de0-4307-9661-078bf9686fa3,113.0,1.0,1.0,1.0,1,1.0,active,,,,,,,1778602902.462989
23dbc4b1-5283-4eba-9c49-91b11fb74954,0,1,1,6,2026-05-12T16:21:43.645907+00:00,order,cancel,ask,,cb5792ab-c514-4bd5-956d-8896aea83d26,3ff2cb5e-2de0-4307-9661-078bf9686fa3,125.0,1.0,-1.0,0.0,,,cancelled,,,,,,,1778602903.662512
23dbc4b1-5283-4eba-9c49-91b11fb74954,0,1,1,7,2026-05-12T16:21:44.564337+00:00,order,add,ask,,d2d9b227-9dca-40b2-bac4-a4e7dad2503e,3ff2cb5e-2de0-4307-9661-078bf9686fa3,132.0,1.0,1.0,1.0,1,1.0,active,,,,,,,1778602904.580912
23dbc4b1-5283-4eba-9c49-91b11fb74954,0,1,1,8,2026-05-12T16:21:46.546081+00:00,order,add,bid,,89f94ab3-adfa-4e50-8654-fc8d1657ac36,3ff2cb5e-2de0-4307-9661-078bf9686fa3,111.0,1.0,1.0,1.0,1,1.0,active,,,,,,,1778602906.562623
23dbc4b1-5283-4eba-9c49-91b11fb74954,0,1,1,9,2026-05-12T16:21:47.029714+00:00,trade,trade,ask,S,,,115.0,1.0,,,,,,9b0be5e8-214c-433f-b82a-fa1dc8b77225,,2092e819-06dd-4087-a22e-865f8a4bc4f6,2bf51165-a9a4-473b-8266-3b926f2d657e,3ff2cb5e-2de0-4307-9661-078bf9686fa3,a39c718d-7713-4add-9b1f-36ba3ea2529f,1778602907.048509
23dbc4b1-5283-4eba-9c49-91b11fb74954,0,1,1,10,2026-05-12T16:21:47.051989+00:00,order,fill,ask,,2bf51165-a9a4-473b-8266-3b926f2d657e,a39c718d-7713-4add-9b1f-36ba3ea2529f,115.0,1.0,-1.0,0.0,,,executed,9b0be5e8-214c-433f-b82a-fa1dc8b77225,2092e819-06dd-4087-a22e-865f8a4bc4f6,,,,,1778602907.067508
23dbc4b1-5283-4eba-9c49-91b11fb74954,0,1,1,11,2026-05-12T16:21:47.071109+00:00,order,fill,bid,,2092e819-06dd-4087-a22e-865f8a4bc4f6,3ff2cb5e-2de0-4307-9661-078bf9686fa3,115.0,1.0,-1.0,0.0,,,executed,9b0be5e8-214c-433f-b82a-fa1dc8b77225,2bf51165-a9a4-473b-8266-3b926f2d657e,,,,,1778602907.086528
23dbc4b1-5283-4eba-9c49-91b11fb74954,0,1,1,12,2026-05-12T16:21:48.489334+00:00,order,add,bid,,edd88116-ca5b-4ce3-94dc-3be472e8496e,26cfb4b9-7bba-474b-9d85-c8907087b115,112.0,1.0,1.0,1.0,1,1.0,active,,,,,,,1778602908.505877
23dbc4b1-5283-4eba-9c49-91b11fb74954,0,1,1,13,2026-05-12T16:21:49.224346+00:00,order,cancel,ask,,40152f23-b1fa-4bb5-af2c-7fec8757945c,3ff2cb5e-2de0-4307-9661-078bf9686fa3,127.0,1.0,-1.0,0.0,,,cancelled,,,,,,,1778602909.240605
23dbc4b1-5283-4eba-9c49-91b11fb74954,0,1,1,14,2026-05-12T16:21:55.787997+00:00,order,cancel,ask,,d2d9b227-9dca-40b2-bac4-a4e7dad2503e,3ff2cb5e-2de0-4307-9661-078bf9686fa3,132.0,1.0,-1.0,0.0,,,cancelled,,,,,,,1778602915.804133
23dbc4b1-5283-4eba-9c49-91b11fb74954,0,1,1,15,2026-05-12T16:22:01.232936+00:00,order,add,ask,,730bf4d2-def6-464c-bab6-1e976eab05d0,26cfb4b9-7bba-474b-9d85-c8907087b115,135.0,1.0,1.0,1.0,1,1.0,active,,,,,,,1778602921.263157
23dbc4b1-5283-4eba-9c49-91b11fb74954,0,1,1,16,2026-05-12T16:22:18.685618+00:00,order,add,bid,,1b12c674-8ec5-4d5d-9b55-d2afe21cffb7,3ff2cb5e-2de0-4307-9661-078bf9686fa3,108.0,1.0,1.0,1.0,1,1.0,active,,,,,,,1778602938.702936
23dbc4b1-5283-4eba-9c49-91b11fb74954,0,1,1,17,2026-05-12T16:22:22.768450+00:00,order,add,bid,,5fbb006d-3b50-44fe-9d94-bdae2026de44,3ff2cb5e-2de0-4307-9661-078bf9686fa3,114.0,1.0,1.0,1.0,1,1.0,active,,,,,,,1778602942.785335
23dbc4b1-5283-4eba-9c49-91b11fb74954,0,1,2,18,2026-05-12T16:22:45.527817+00:00,order,add,bid,,aca3dd8c-abe4-4810-8fba-711057c3d360,26cfb4b9-7bba-474b-9d85-c8907087b115,106.0,1.0,1.0,1.0,1,1.0,active,,,,,,,1778602965.543772
23dbc4b1-5283-4eba-9c49-91b11fb74954,0,1,2,19,2026-05-12T16:22:46.540782+00:00,order,add,bid,,b5f3328c-d97f-4c76-8e4d-6b2007853ba0,a39c718d-7713-4add-9b1f-36ba3ea2529f,120.0,1.0,1.0,1.0,1,1.0,active,,,,,,,1778602966.556433
23dbc4b1-5283-4eba-9c49-91b11fb74954,0,1,2,20,2026-05-12T16:22:52.596023+00:00,trade,trade,bid,B,,,135.0,1.0,,,,,,86353bad-14e3-4637-8303-b0c72caa7886,,7f77b4b2-849d-449d-b3d4-5f5a05f33cb2,730bf4d2-def6-464c-bab6-1e976eab05d0,3ff2cb5e-2de0-4307-9661-078bf9686fa3,26cfb4b9-7bba-474b-9d85-c8907087b115,1778602972.611746
23dbc4b1-5283-4eba-9c49-91b11fb74954,0,1,2,21,2026-05-12T16:22:52.614952+00:00,order,fill,ask,,730bf4d2-def6-464c-bab6-1e976eab05d0,26cfb4b9-7bba-474b-9d85-c8907087b115,135.0,1.0,-1.0,0.0,,,executed,86353bad-14e3-4637-8303-b0c72caa7886,7f77b4b2-849d-449d-b3d4-5f5a05f33cb2,,,,,1778602972.629756
23dbc4b1-5283-4eba-9c49-91b11fb74954,0,1,2,22,2026-05-12T16:22:52.632758+00:00,order,fill,bid,,7f77b4b2-849d-449d-b3d4-5f5a05f33cb2,3ff2cb5e-2de0-4307-9661-078bf9686fa3,135.0,1.0,-1.0,0.0,,,executed,86353bad-14e3-4637-8303-b0c72caa7886,730bf4d2-def6-464c-bab6-1e976eab05d0,,,,,1778602972.647803
23dbc4b1-5283-4eba-9c49-91b11fb74954,0,1,2,23,2026-05-12T16:23:02.673080+00:00,order,add,ask,,824e9698-b051-48a1-b837-4893cc46a516,3ff2cb5e-2de0-4307-9661-078bf9686fa3,130.0,1.0,1.0,1.0,1,1.0,active,,,,,,,1778602982.690175
23dbc4b1-5283-4eba-9c49-91b11fb74954,0,1,2,24,2026-05-12T16:23:05.177016+00:00,order,add,bid,,138aee5c-5de1-413e-b800-3b0990379d8f,26cfb4b9-7bba-474b-9d85-c8907087b115,108.0,1.0,1.0,1.0,2,2.0,active,,,,,,,1778602985.193471
23dbc4b1-5283-4eba-9c49-91b11fb74954,0,1,2,25,2026-05-12T16:23:05.981827+00:00,order,add,bid,,1ce66d48-80e1-4d51-bc32-96d62ccfeb78,3ff2cb5e-2de0-4307-9661-078bf9686fa3,119.0,1.0,1.0,1.0,1,1.0,active,,,,,,,1778602985.998478
23dbc4b1-5283-4eba-9c49-91b11fb74954,0,1,2,26,2026-05-12T16:23:17.825914+00:00,order,add,ask,,f7f9ca07-51e2-49d4-a0a1-bf9553aac3df,26cfb4b9-7bba-474b-9d85-c8907087b115,135.0,1.0,1.0,1.0,1,1.0,active,,,,,,,1778602997.842132
23dbc4b1-5283-4eba-9c49-91b11fb74954,0,1,2,27,2026-05-12T16:23:33.656072+00:00,order,cancel,ask,,824e9698-b051-48a1-b837-4893cc46a516,3ff2cb5e-2de0-4307-9661-078bf9686fa3,130.0,1.0,-1.0,0.0,,,cancelled,,,,,,,1778603013.673138
23dbc4b1-5283-4eba-9c49-91b11fb74954,0,1,3,28,2026-05-12T16:23:56.469842+00:00,trade,trade,bid,B,,,135.0,1.0,,,,,,83730dca-be5d-4dbc-afd2-cb5c9091e84a,,af4ff62e-a16b-43ad-92be-edc79c4bfa6a,f7f9ca07-51e2-49d4-a0a1-bf9553aac3df,3ff2cb5e-2de0-4307-9661-078bf9686fa3,26cfb4b9-7bba-474b-9d85-c8907087b115,1778603036.485886
23dbc4b1-5283-4eba-9c49-91b11fb74954,0,1,3,29,2026-05-12T16:23:56.488931+00:00,order,fill,ask,,f7f9ca07-51e2-49d4-a0a1-bf9553aac3df,26cfb4b9-7bba-474b-9d85-c8907087b115,135.0,1.0,-1.0,0.0,,,executed,83730dca-be5d-4dbc-afd2-cb5c9091e84a,af4ff62e-a16b-43ad-92be-edc79c4bfa6a,,,,,1778603036.504796
23dbc4b1-5283-4eba-9c49-91b11fb74954,0,1,3,30,2026-05-12T16:23:56.508123+00:00,order,fill,bid,,af4ff62e-a16b-43ad-92be-edc79c4bfa6a,3ff2cb5e-2de0-4307-9661-078bf9686fa3,135.0,1.0,-1.0,0.0,,,executed,83730dca-be5d-4dbc-afd2-cb5c9091e84a,f7f9ca07-51e2-49d4-a0a1-bf9553aac3df,,,,,1778603036.523659
23dbc4b1-5283-4eba-9c49-91b11fb74954,0,1,3,31,2026-05-12T16:24:02.632743+00:00,order,add,ask,,1ecf7385-9f45-4345-b041-35bb712a54b2,3ff2cb5e-2de0-4307-9661-078bf9686fa3,130.0,1.0,1.0,1.0,1,1.0,active,,,,,,,1778603042.654628
23dbc4b1-5283-4eba-9c49-91b11fb74954,0,1,3,32,2026-05-12T16:24:09.631786+00:00,order,add,ask,,6ffd4c66-fd32-44f2-b0c4-d53f897472a5,26cfb4b9-7bba-474b-9d85-c8907087b115,136.0,1.0,1.0,1.0,1,1.0,active,,,,,,,1778603049.648503
23dbc4b1-5283-4eba-9c49-91b11fb74954,0,1,3,33,2026-05-12T16:24:12.763704+00:00,order,add,bid,,1c5f865a-25f9-4d9d-b8cd-e4026453f988,3ff2cb5e-2de0-4307-9661-078bf9686fa3,116.0,1.0,1.0,1.0,1,1.0,active,,,,,,,1778603052.780766
23dbc4b1-5283-4eba-9c49-91b11fb74954,0,1,3,34,2026-05-12T16:24:15.311599+00:00,order,add,bid,,c7f64de6-1cc7-4e05-81fd-9fb29ab1f6ed,3ff2cb5e-2de0-4307-9661-078bf9686fa3,116.0,1.0,1.0,1.0,2,2.0,active,,,,,,,1778603055.327899
23dbc4b1-5283-4eba-9c49-91b11fb74954,0,1,2,35,2026-05-12T16:24:17.454765+00:00,order,cancel,bid,,b5f3328c-d97f-4c76-8e4d-6b2007853ba0,a39c718d-7713-4add-9b1f-36ba3ea2529f,120.0,1.0,-1.0,0.0,,,cancelled,,,,,,,1778603057.470273
23dbc4b1-5283-4eba-9c49-91b11fb74954,0,1,2,36,2026-05-12T16:24:18.107844+00:00,order,cancel,bid,,1ce66d48-80e1-4d51-bc32-96d62ccfeb78,3ff2cb5e-2de0-4307-9661-078bf9686fa3,119.0,1.0,-1.0,0.0,,,cancelled,,,,,,,1778603058.12366
23dbc4b1-5283-4eba-9c49-91b11fb74954,0,1,3,37,2026-05-12T16:24:21.672607+00:00,order,add,bid,,0119e4f0-ea0d-4c4b-9773-a27608f6f7a3,26cfb4b9-7bba-474b-9d85-c8907087b115,113.0,1.0,1.0,1.0,2,2.0,active,,,,,,,1778603061.688701
23dbc4b1-5283-4eba-9c49-91b11fb74954,0,1,3,38,2026-05-12T16:24:23.162579+00:00,order,add,ask,,ae571be4-4938-4f7b-a85c-fd521ac525bd,a39c718d-7713-4add-9b1f-36ba3ea2529f,125.0,1.0,1.0,1.0,1,1.0,active,,,,,,,1778603063.178276
c4bbf60f-3400-469a-a64e-69a7fab7abf2,0,1,1,1,2026-05-12T16:24:30.003392+00:00,order,add,ask,,f1cff172-ddba-45bf-a530-176affb790f6,4f1868a5-b5a5-4d43-bf0a-ca07af406e2b,200.0,1.0,1.0,1.0,1,1.0,active,,,,,,,1778603070.021293
23dbc4b1-5283-4eba-9c49-91b11fb74954,0,1,3,39,2026-05-12T16:24:30.286865+00:00,order,cancel,ask,,ae571be4-4938-4f7b-a85c-fd521ac525bd,a39c718d-7713-4add-9b1f-36ba3ea2529f,125.0,1.0,-1.0,0.0,,,cancelled,,,,,,,1778603070.302946
c4bbf60f-3400-469a-a64e-69a7fab7abf2,0,1,1,2,2026-05-12T16:24:30.336470+00:00,order,add,ask,,ee889550-229c-422d-9c20-22878a00843b,8dc193cd-d77b-4b22-a21f-81d9b1fc5ceb,150.0,1.0,1.0,1.0,1,1.0,active,,,,,,,1778603070.352139
23dbc4b1-5283-4eba-9c49-91b11fb74954,0,1,3,40,2026-05-12T16:24:33.193019+00:00,order,cancel,bid,,1c5f865a-25f9-4d9d-b8cd-e4026453f988,3ff2cb5e-2de0-4307-9661-078bf9686fa3,116.0,1.0,-1.0,0.0,,,cancelled,,,,,,,1778603073.209595
23dbc4b1-5283-4eba-9c49-91b11fb74954,0,1,3,41,2026-05-12T16:24:33.718894+00:00,order,add,ask,,fc3c529d-7bb0-45f5-a08e-e41becce4054,a39c718d-7713-4add-9b1f-36ba3ea2529f,121.0,1.0,1.0,1.0,1,1.0,active,,,,,,,1778603073.735502
c4bbf60f-3400-469a-a64e-69a7fab7abf2,0,1,1,3,2026-05-12T16:24:38.881339+00:00,order,add,ask,,c9c06271-8a0d-42a2-8df6-cc09d27b8447,5c3dd256-d674-4fc5-8ff1-d95741d286fa,120.0,1.0,1.0,1.0,1,1.0,active,,,,,,,1778603078.897725
c4bbf60f-3400-469a-a64e-69a7fab7abf2,0,1,1,4,2026-05-12T16:24:41.782393+00:00,order,add,ask,,9f58f38c-45b8-4e62-bf8d-2f9fe42e083f,03eefb58-8798-4de9-b0fb-a0f645078983,100.0,1.0,1.0,1.0,1,1.0,active,,,,,,,1778603081.79896
c4bbf60f-3400-469a-a64e-69a7fab7abf2,0,1,1,5,2026-05-12T16:24:41.922036+00:00,trade,trade,bid,B,,,100.0,1.0,,,,,,4bccc8c1-b2a2-4523-a43e-02e34f7fbc43,,9278f0d3-23af-4fe3-8a35-f19b3e581f75,9f58f38c-45b8-4e62-bf8d-2f9fe42e083f,4f1868a5-b5a5-4d43-bf0a-ca07af406e2b,03eefb58-8798-4de9-b0fb-a0f645078983,1778603081.941245
c4bbf60f-3400-469a-a64e-69a7fab7abf2,0,1,1,6,2026-05-12T16:24:41.944387+00:00,order,fill,ask,,9f58f38c-45b8-4e62-bf8d-2f9fe42e083f,03eefb58-8798-4de9-b0fb-a0f645078983,100.0,1.0,-1.0,0.0,,,executed,4bccc8c1-b2a2-4523-a43e-02e34f7fbc43,9278f0d3-23af-4fe3-8a35-f19b3e581f75,,,,,1778603081.96021
c4bbf60f-3400-469a-a64e-69a7fab7abf2,0,1,1,7,2026-05-12T16:24:41.963094+00:00,order,fill,bid,,9278f0d3-23af-4fe3-8a35-f19b3e581f75,4f1868a5-b5a5-4d43-bf0a-ca07af406e2b,120.0,1.0,-1.0,0.0,,,executed,4bccc8c1-b2a2-4523-a43e-02e34f7fbc43,9f58f38c-45b8-4e62-bf8d-2f9fe42e083f,,,,,1778603081.978829
23dbc4b1-5283-4eba-9c49-91b11fb74954,0,1,3,42,2026-05-12T16:24:43.036648+00:00,trade,trade,bid,B,,,121.0,1.0,,,,,,adf8914c-1e84-4b61-b4ac-a0969b1a9219,,a07e90dc-4803-44b3-a45f-0b96b5f51dcd,fc3c529d-7bb0-45f5-a08e-e41becce4054,3ff2cb5e-2de0-4307-9661-078bf9686fa3,a39c718d-7713-4add-9b1f-36ba3ea2529f,1778603083.053923
23dbc4b1-5283-4eba-9c49-91b11fb74954,0,1,3,43,2026-05-12T16:24:43.057406+00:00,order,fill,ask,,fc3c529d-7bb0-45f5-a08e-e41becce4054,a39c718d-7713-4add-9b1f-36ba3ea2529f,121.0,1.0,-1.0,0.0,,,executed,adf8914c-1e84-4b61-b4ac-a0969b1a9219,a07e90dc-4803-44b3-a45f-0b96b5f51dcd,,,,,1778603083.073258
23dbc4b1-5283-4eba-9c49-91b11fb74954,0,1,3,44,2026-05-12T16:24:43.076120+00:00,order,fill,bid,,a07e90dc-4803-44b3-a45f-0b96b5f51dcd,3ff2cb5e-2de0-4307-9661-078bf9686fa3,121.0,1.0,-1.0,0.0,,,executed,adf8914c-1e84-4b61-b4ac-a0969b1a9219,fc3c529d-7bb0-45f5-a08e-e41becce4054,,,,,1778603083.092203
c4bbf60f-3400-469a-a64e-69a7fab7abf2,0,1,1,8,2026-05-12T16:24:45.351099+00:00,order,add,ask,,5f49e28a-1bd4-4e21-b208-694f0e660550,c59a8903-22ac-472f-88b2-ecd6c313567a,145.0,1.0,1.0,1.0,1,1.0,active,,,,,,,1778603085.368002
c4bbf60f-3400-469a-a64e-69a7fab7abf2,0,1,1,9,2026-05-12T16:24:45.406754+00:00,trade,trade,bid,B,,,120.0,1.0,,,,,,c627d291-07a0-415a-82e4-92329156eeab,,f4564e34-bdf4-4945-98e5-40468565372c,c9c06271-8a0d-42a2-8df6-cc09d27b8447,8dc193cd-d77b-4b22-a21f-81d9b1fc5ceb,5c3dd256-d674-4fc5-8ff1-d95741d286fa,1778603085.423063
c4bbf60f-3400-469a-a64e-69a7fab7abf2,0,1,1,10,2026-05-12T16:24:45.426068+00:00,order,fill,ask,,c9c06271-8a0d-42a2-8df6-cc09d27b8447,5c3dd256-d674-4fc5-8ff1-d95741d286fa,120.0,1.0,-1.0,0.0,,,executed,c627d291-07a0-415a-82e4-92329156eeab,f4564e34-bdf4-4945-98e5-40468565372c,,,,,1778603085.442578
c4bbf60f-3400-469a-a64e-69a7fab7abf2,0,1,1,11,2026-05-12T16:24:45.445590+00:00,order,fill,bid,,f4564e34-bdf4-4945-98e5-40468565372c,8dc193cd-d77b-4b22-a21f-81d9b1fc5ceb,120.0,1.0,-1.0,0.0,,,executed,c627d291-07a0-415a-82e4-92329156eeab,c9c06271-8a0d-42a2-8df6-cc09d27b8447,,,,,1778603085.461365
23dbc4b1-5283-4eba-9c49-91b11fb74954,0,1,3,45,2026-05-12T16:24:46.929024+00:00,order,add,bid,,ce3739f8-81bf-42e3-abd0-1e939adeb82e,3ff2cb5e-2de0-4307-9661-078bf9686fa3,112.0,1.0,1.0,1.0,2,2.0,active,,,,,,,1778603086.944853
c4bbf60f-3400-469a-a64e-69a7fab7abf2,0,1,1,12,2026-05-12T16:24:49.893886+00:00,order,add,ask,,294222e6-ce19-4f70-8e8e-87bba76e2b02,57f0c377-44e2-470c-bb8a-359b3427e764,125.0,1.0,1.0,1.0,1,1.0,active,,,,,,,1778603089.910576
c4bbf60f-3400-469a-a64e-69a7fab7abf2,0,1,1,13,2026-05-12T16:24:52.986392+00:00,order,add,ask,,08c561cb-e5f6-4765-93c5-48043161ccb7,4f1868a5-b5a5-4d43-bf0a-ca07af406e2b,195.0,1.0,1.0,1.0,1,1.0,active,,,,,,,1778603093.003086
c4bbf60f-3400-469a-a64e-69a7fab7abf2,0,1,1,14,2026-05-12T16:25:01.275922+00:00,order,add,ask,,12f05878-ec43-4c6d-8f0b-11ec2611eeee,c59a8903-22ac-472f-88b2-ecd6c313567a,200.0,1.0,1.0,1.0,2,2.0,active,,,,,,,1778603101.298618
9af49dc6-a1bd-40fe-b627-4a8dbdf93e45,0,2,1,1,2026-05-12T16:25:13.900799+00:00,order,add,bid,,b96a899b-324e-47a5-9d27-053e1a5ec017,a97c9f1c-5c51-47a6-b087-fa652e7a6e31,115.0,1.0,1.0,1.0,1,1.0,active,,,,,,,1778603113.917329
9af49dc6-a1bd-40fe-b627-4a8dbdf93e45,0,2,1,2,2026-05-12T16:25:13.952626+00:00,order,add,ask,,16692089-0a06-45d8-95b7-5d4543dea767,a97c9f1c-5c51-47a6-b087-fa652e7a6e31,125.0,1.0,1.0,1.0,1,1.0,active,,,,,,,1778603113.968733
9af49dc6-a1bd-40fe-b627-4a8dbdf93e45,0,2,1,3,2026-05-12T16:25:19.888873+00:00,order,add,bid,,e7a4ccf5-441d-4511-a0c4-b62fb058c5e1,8199026d-b134-4c9c-8eb9-35b39d3ff423,110.0,1.0,1.0,1.0,1,1.0,active,,,,,,,1778603119.905772
9af49dc6-a1bd-40fe-b627-4a8dbdf93e45,0,2,1,4,2026-05-12T16:25:25.319888+00:00,order,add,ask,,9b22b5d3-d3bb-4d18-a487-002e62a5f9e5,8199026d-b134-4c9c-8eb9-35b39d3ff423,130.0,1.0,1.0,1.0,1,1.0,active,,,,,,,1778603125.336671
9af49dc6-a1bd-40fe-b627-4a8dbdf93e45,0,2,1,5,2026-05-12T16:25:27.355742+00:00,order,add,ask,,464af7e9-5f6b-4772-9de6-4b537da94c06,a97c9f1c-5c51-47a6-b087-fa652e7a6e31,128.0,1.0,1.0,1.0,1,1.0,active,,,,,,,1778603127.372444
9af49dc6-a1bd-40fe-b627-4a8dbdf93e45,0,2,1,6,2026-05-12T16:25:28.869336+00:00,order,add,bid,,dd96137c-ff30-4f9f-ad01-cbe4e4d647ea,65041421-bea3-4034-ae77-04f68c6e46fc,115.0,1.0,1.0,1.0,2,2.0,active,,,,,,,1778603128.885351
9af49dc6-a1bd-40fe-b627-4a8dbdf93e45,0,2,1,7,2026-05-12T16:25:34.292728+00:00,order,add,ask,,e779e363-b9ff-4779-800b-2e538122f56f,a97c9f1c-5c51-47a6-b087-fa652e7a6e31,128.0,1.0,1.0,1.0,2,2.0,active,,,,,,,1778603134.309373
c4bbf60f-3400-469a-a64e-69a7fab7abf2,0,1,1,15,2026-05-12T16:25:37.611743+00:00,order,cancel,ask,,5f49e28a-1bd4-4e21-b208-694f0e660550,c59a8903-22ac-472f-88b2-ecd6c313567a,145.0,1.0,-1.0,0.0,,,cancelled,,,,,,,1778603137.628341
c4bbf60f-3400-469a-a64e-69a7fab7abf2,0,1,1,16,2026-05-12T16:25:38.732679+00:00,order,cancel,ask,,12f05878-ec43-4c6d-8f0b-11ec2611eeee,c59a8903-22ac-472f-88b2-ecd6c313567a,200.0,1.0,-1.0,0.0,,,cancelled,,,,,,,1778603138.748544
9af49dc6-a1bd-40fe-b627-4a8dbdf93e45,0,2,1,8,2026-05-12T16:25:40.313721+00:00,order,cancel,ask,,16692089-0a06-45d8-95b7-5d4543dea767,a97c9f1c-5c51-47a6-b087-fa652e7a6e31,125.0,1.0,-1.0,0.0,,,cancelled,,,,,,,1778603140.330768
9af49dc6-a1bd-40fe-b627-4a8dbdf93e45,0,2,1,9,2026-05-12T16:25:41.882801+00:00,order,add,bid,,d2b0a786-7caf-45fa-aa12-7b421a6260bd,a97c9f1c-5c51-47a6-b087-fa652e7a6e31,109.0,1.0,1.0,1.0,1,1.0,active,,,,,,,1778603141.900952
c4bbf60f-3400-469a-a64e-69a7fab7abf2,0,1,2,17,2026-05-12T16:25:43.134910+00:00,order,add,bid,,6a4bbe2c-b683-4c9e-b8fa-202da9af9986,8dc193cd-d77b-4b22-a21f-81d9b1fc5ceb,105.0,1.0,1.0,1.0,1,1.0,active,,,,,,,1778603143.150306
c4bbf60f-3400-469a-a64e-69a7fab7abf2,0,1,2,18,2026-05-12T16:25:43.184129+00:00,trade,trade,bid,B,,,125.0,1.0,,,,,,729a7cb9-b94f-4bee-8b72-5f5ed3b9ad27,,b462081f-8b66-45c4-b388-c05b25ce927e,294222e6-ce19-4f70-8e8e-87bba76e2b02,c59a8903-22ac-472f-88b2-ecd6c313567a,57f0c377-44e2-470c-bb8a-359b3427e764,1778603143.198616
c4bbf60f-3400-469a-a64e-69a7fab7abf2,0,1,2,19,2026-05-12T16:25:43.201642+00:00,order,fill,ask,,294222e6-ce19-4f70-8e8e-87bba76e2b02,57f0c377-44e2-470c-bb8a-359b3427e764,125.0,1.0,-1.0,0.0,,,executed,729a7cb9-b94f-4bee-8b72-5f5ed3b9ad27,b462081f-8b66-45c4-b388-c05b25ce927e,,,,,1778603143.216301
c4bbf60f-3400-469a-a64e-69a7fab7abf2,0,1,2,20,2026-05-12T16:25:43.219218+00:00,order,fill,bid,,b462081f-8b66-45c4-b388-c05b25ce927e,c59a8903-22ac-472f-88b2-ecd6c313567a,125.0,1.0,-1.0,0.0,,,executed,729a7cb9-b94f-4bee-8b72-5f5ed3b9ad27,294222e6-ce19-4f70-8e8e-87bba76e2b02,,,,,1778603143.234243
9af49dc6-a1bd-40fe-b627-4a8dbdf93e45,0,2,1,10,2026-05-12T16:25:43.531134+00:00,order,cancel,bid,,b96a899b-324e-47a5-9d27-053e1a5ec017,a97c9f1c-5c51-47a6-b087-fa652e7a6e31,115.0,1.0,-1.0,0.0,,,cancelled,,,,,,,1778603143.547448
9af49dc6-a1bd-40fe-b627-4a8dbdf93e45,0,2,1,11,2026-05-12T16:25:44.044749+00:00,order,cancel,ask,,464af7e9-5f6b-4772-9de6-4b537da94c06,a97c9f1c-5c51-47a6-b087-fa652e7a6e31,128.0,1.0,-1.0,0.0,,,cancelled,,,,,,,1778603144.061626
9af49dc6-a1bd-40fe-b627-4a8dbdf93e45,0,2,1,12,2026-05-12T16:25:47.325445+00:00,order,add,ask,,2d833548-078d-4285-a95a-7f06866d9730,65041421-bea3-4034-ae77-04f68c6e46fc,120.0,1.0,1.0,1.0,1,1.0,active,,,,,,,1778603147.340777
c4bbf60f-3400-469a-a64e-69a7fab7abf2,0,1,2,21,2026-05-12T16:25:48.682638+00:00,trade,trade,ask,S,,,105.0,1.0,,,,,,2f8243bb-ace8-4fab-a27a-bc2f7e6f222d,,6a4bbe2c-b683-4c9e-b8fa-202da9af9986,60d87f7a-4f54-4323-89d5-f19551cb0b6f,8dc193cd-d77b-4b22-a21f-81d9b1fc5ceb,03eefb58-8798-4de9-b0fb-a0f645078983,1778603148.699136
c4bbf60f-3400-469a-a64e-69a7fab7abf2,0,1,2,22,2026-05-12T16:25:48.702290+00:00,order,fill,ask,,60d87f7a-4f54-4323-89d5-f19551cb0b6f,03eefb58-8798-4de9-b0fb-a0f645078983,100.0,1.0,-1.0,0.0,,,executed,2f8243bb-ace8-4fab-a27a-bc2f7e6f222d,6a4bbe2c-b683-4c9e-b8fa-202da9af9986,,,,,1778603148.718231
c4bbf60f-3400-469a-a64e-69a7fab7abf2,0,1,2,23,2026-05-12T16:25:48.721267+00:00,order,fill,bid,,6a4bbe2c-b683-4c9e-b8fa-202da9af9986,8dc193cd-d77b-4b22-a21f-81d9b1fc5ceb,105.0,1.0,-1.0,0.0,,,executed,2f8243bb-ace8-4fab-a27a-bc2f7e6f222d,60d87f7a-4f54-4323-89d5-f19551cb0b6f,,,,,1778603148.736849
c4bbf60f-3400-469a-a64e-69a7fab7abf2,0,1,2,24,2026-05-12T16:25:49.932888+00:00,trade,trade,bid,B,,,150.0,1.0,,,,,,5afd1169-1715-476b-895b-08030ac0b9e9,,7af875eb-a7fa-4587-9fe5-3dd5fdc7c5c4,ee889550-229c-422d-9c20-22878a00843b,4f1868a5-b5a5-4d43-bf0a-ca07af406e2b,8dc193cd-d77b-4b22-a21f-81d9b1fc5ceb,1778603149.949343
c4bbf60f-3400-469a-a64e-69a7fab7abf2,0,1,2,25,2026-05-12T16:25:49.952295+00:00,order,fill,ask,,ee889550-229c-422d-9c20-22878a00843b,8dc193cd-d77b-4b22-a21f-81d9b1fc5ceb,150.0,1.0,-1.0,0.0,,,executed,5afd1169-1715-476b-895b-08030ac0b9e9,7af875eb-a7fa-4587-9fe5-3dd5fdc7c5c4,,,,,1778603149.967864
c4bbf60f-3400-469a-a64e-69a7fab7abf2,0,1,2,26,2026-05-12T16:25:49.970795+00:00,order,fill,bid,,7af875eb-a7fa-4587-9fe5-3dd5fdc7c5c4,4f1868a5-b5a5-4d43-bf0a-ca07af406e2b,150.0,1.0,-1.0,0.0,,,executed,5afd1169-1715-476b-895b-08030ac0b9e9,ee889550-229c-422d-9c20-22878a00843b,,,,,1778603149.986397
9af49dc6-a1bd-40fe-b627-4a8dbdf93e45,0,2,1,13,2026-05-12T16:25:52.888657+00:00,trade,trade,ask,S,,,115.0,1.0,,,,,,2966b4f6-257d-4eb1-83f9-9e07bd920db4,,dd96137c-ff30-4f9f-ad01-cbe4e4d647ea,107e90cc-6629-497e-9d01-e50745b47bce,65041421-bea3-4034-ae77-04f68c6e46fc,a97c9f1c-5c51-47a6-b087-fa652e7a6e31,1778603152.90484
9af49dc6-a1bd-40fe-b627-4a8dbdf93e45,0,2,1,14,2026-05-12T16:25:52.907670+00:00,order,fill,ask,,107e90cc-6629-497e-9d01-e50745b47bce,a97c9f1c-5c51-47a6-b087-fa652e7a6e31,115.0,1.0,-1.0,0.0,,,executed,2966b4f6-257d-4eb1-83f9-9e07bd920db4,dd96137c-ff30-4f9f-ad01-cbe4e4d647ea,,,,,1778603152.923313
9af49dc6-a1bd-40fe-b627-4a8dbdf93e45,0,2,1,15,2026-05-12T16:25:52.926134+00:00,order,fill,bid,,dd96137c-ff30-4f9f-ad01-cbe4e4d647ea,65041421-bea3-4034-ae77-04f68c6e46fc,115.0,1.0,-1.0,0.0,,,executed,2966b4f6-257d-4eb1-83f9-9e07bd920db4,107e90cc-6629-497e-9d01-e50745b47bce,,,,,1778603152.940981
9af49dc6-a1bd-40fe-b627-4a8dbdf93e45,0,2,1,16,2026-05-12T16:25:52.974414+00:00,order,add,ask,,f64e4cee-2e11-4768-92be-188f5afe72bd,a97c9f1c-5c51-47a6-b087-fa652e7a6e31,115.0,1.0,1.0,1.0,1,1.0,active,,,,,,,1778603152.990581
9af49dc6-a1bd-40fe-b627-4a8dbdf93e45,0,2,1,17,2026-05-12T16:25:53.544547+00:00,order,add,ask,,4dd774de-50c5-4491-b2c9-cb4f9e027a16,8199026d-b134-4c9c-8eb9-35b39d3ff423,127.0,1.0,1.0,1.0,1,1.0,active,,,,,,,1778603153.56081
c4bbf60f-3400-469a-a64e-69a7fab7abf2,0,1,2,27,2026-05-12T16:25:55.501732+00:00,order,add,ask,,f731c6be-55d8-429d-ae63-18ff265c65d8,57f0c377-44e2-470c-bb8a-359b3427e764,150.0,1.0,1.0,1.0,1,1.0,active,,,,,,,1778603155.516667
c4bbf60f-3400-469a-a64e-69a7fab7abf2,0,1,2,28,2026-05-12T16:25:55.586115+00:00,order,add,bid,,e79684c0-3eeb-4461-9c34-6b1ef5b75f77,8dc193cd-d77b-4b22-a21f-81d9b1fc5ceb,115.0,1.0,1.0,1.0,1,1.0,active,,,,,,,1778603155.601215
c4bbf60f-3400-469a-a64e-69a7fab7abf2,0,1,2,29,2026-05-12T16:25:59.879934+00:00,order,add,ask,,9b9035d6-5e37-4053-8f71-824819ce0f9e,8dc193cd-d77b-4b22-a21f-81d9b1fc5ceb,135.0,1.0,1.0,1.0,1,1.0,active,,,,,,,1778603159.895908
c4bbf60f-3400-469a-a64e-69a7fab7abf2,0,1,2,30,2026-05-12T16:26:01.081425+00:00,order,add,ask,,d31e7b18-94f4-4b66-8c45-0f47fc62a1b2,5c3dd256-d674-4fc5-8ff1-d95741d286fa,120.0,1.0,1.0,1.0,1,1.0,active,,,,,,,1778603161.098511
9af49dc6-a1bd-40fe-b627-4a8dbdf93e45,0,2,1,18,2026-05-12T16:26:02.780922+00:00,order,add,ask,,27a764d4-9947-42c1-8c2f-b3c03d2684f2,a97c9f1c-5c51-47a6-b087-fa652e7a6e31,115.0,1.0,1.0,1.0,2,2.0,active,,,,,,,1778603162.799145
c4bbf60f-3400-469a-a64e-69a7fab7abf2,0,1,2,31,2026-05-12T16:26:03.228770+00:00,trade,trade,bid,B,,,120.0,1.0,,,,,,e6d5acf2-c6e8-4a7b-a2be-e8c0b130c51c,,eacadabf-633a-4045-893f-913f8c05bc9e,d31e7b18-94f4-4b66-8c45-0f47fc62a1b2,4f1868a5-b5a5-4d43-bf0a-ca07af406e2b,5c3dd256-d674-4fc5-8ff1-d95741d286fa,1778603163.249463
c4bbf60f-3400-469a-a64e-69a7fab7abf2,0,1,2,32,2026-05-12T16:26:03.252980+00:00,order,fill,ask,,d31e7b18-94f4-4b66-8c45-0f47fc62a1b2,5c3dd256-d674-4fc5-8ff1-d95741d286fa,120.0,1.0,-1.0,0.0,,,executed,e6d5acf2-c6e8-4a7b-a2be-e8c0b130c51c,eacadabf-633a-4045-893f-913f8c05bc9e,,,,,1778603163.273317
c4bbf60f-3400-469a-a64e-69a7fab7abf2,0,1,2,33,2026-05-12T16:26:03.276626+00:00,order,fill,bid,,eacadabf-633a-4045-893f-913f8c05bc9e,4f1868a5-b5a5-4d43-bf0a-ca07af406e2b,140.0,1.0,-1.0,0.0,,,executed,e6d5acf2-c6e8-4a7b-a2be-e8c0b130c51c,d31e7b18-94f4-4b66-8c45-0f47fc62a1b2,,,,,1778603163.296466
9af49dc6-a1bd-40fe-b627-4a8dbdf93e45,0,2,1,19,2026-05-12T16:26:05.147414+00:00,order,cancel,ask,,f64e4cee-2e11-4768-92be-188f5afe72bd,a97c9f1c-5c51-47a6-b087-fa652e7a6e31,115.0,1.0,-1.0,0.0,,,cancelled,,,,,,,1778603165.163058
9af49dc6-a1bd-40fe-b627-4a8dbdf93e45,0,2,1,20,2026-05-12T16:26:07.981904+00:00,order,add,bid,,fffed411-f20b-4735-a5fa-4e50ccc44cc3,65041421-bea3-4034-ae77-04f68c6e46fc,111.0,1.0,1.0,1.0,1,1.0,active,,,,,,,1778603167.999775
c4bbf60f-3400-469a-a64e-69a7fab7abf2,0,1,2,34,2026-05-12T16:26:10.236445+00:00,trade,trade,ask,S,,,115.0,1.0,,,,,,d41ad096-33f1-4e96-8e66-b06bf747ae7a,,e79684c0-3eeb-4461-9c34-6b1ef5b75f77,39af6c14-4370-4dde-ae05-8ab85421fbf1,8dc193cd-d77b-4b22-a21f-81d9b1fc5ceb,c59a8903-22ac-472f-88b2-ecd6c313567a,1778603170.253755
c4bbf60f-3400-469a-a64e-69a7fab7abf2,0,1,2,35,2026-05-12T16:26:10.256753+00:00,order,fill,ask,,39af6c14-4370-4dde-ae05-8ab85421fbf1,c59a8903-22ac-472f-88b2-ecd6c313567a,115.0,1.0,-1.0,0.0,,,executed,d41ad096-33f1-4e96-8e66-b06bf747ae7a,e79684c0-3eeb-4461-9c34-6b1ef5b75f77,,,,,1778603170.272268
c4bbf60f-3400-469a-a64e-69a7fab7abf2,0,1,2,36,2026-05-12T16:26:10.275198+00:00,order,fill,bid,,e79684c0-3eeb-4461-9c34-6b1ef5b75f77,8dc193cd-d77b-4b22-a21f-81d9b1fc5ceb,115.0,1.0,-1.0,0.0,,,executed,d41ad096-33f1-4e96-8e66-b06bf747ae7a,39af6c14-4370-4dde-ae05-8ab85421fbf1,,,,,1778603170.291095
c4bbf60f-3400-469a-a64e-69a7fab7abf2,0,1,2,37,2026-05-12T16:26:13.943454+00:00,order,add,ask,,e6a4999d-3e83-42b4-ac75-0d84ddaa8078,57f0c377-44e2-470c-bb8a-359b3427e764,130.0,1.0,1.0,1.0,1,1.0,active,,,,,,,1778603173.959647
c4bbf60f-3400-469a-a64e-69a7fab7abf2,0,1,2,38,2026-05-12T16:26:14.354477+00:00,order,add,bid,,59d8be24-44a8-4a8c-929d-65ee8a653a5f,03eefb58-8798-4de9-b0fb-a0f645078983,80.0,1.0,1.0,1.0,1,1.0,active,,,,,,,1778603174.369956
c4bbf60f-3400-469a-a64e-69a7fab7abf2,0,1,2,39,2026-05-12T16:26:19.132692+00:00,trade,trade,ask,S,,,80.0,1.0,,,,,,1e51529f-64ba-455f-b516-4148712d8449,,59d8be24-44a8-4a8c-929d-65ee8a653a5f,8af348f7-bb0c-4b2e-9a7a-f2f877398a4e,03eefb58-8798-4de9-b0fb-a0f645078983,c59a8903-22ac-472f-88b2-ecd6c313567a,1778603179.148887
c4bbf60f-3400-469a-a64e-69a7fab7abf2,0,1,2,40,2026-05-12T16:26:19.152207+00:00,order,fill,ask,,8af348f7-bb0c-4b2e-9a7a-f2f877398a4e,c59a8903-22ac-472f-88b2-ecd6c313567a,80.0,1.0,-1.0,0.0,,,executed,1e51529f-64ba-455f-b516-4148712d8449,59d8be24-44a8-4a8c-929d-65ee8a653a5f,,,,,1778603179.167554
c4bbf60f-3400-469a-a64e-69a7fab7abf2,0,1,2,41,2026-05-12T16:26:19.170991+00:00,order,fill,bid,,59d8be24-44a8-4a8c-929d-65ee8a653a5f,03eefb58-8798-4de9-b0fb-a0f645078983,80.0,1.0,-1.0,0.0,,,executed,1e51529f-64ba-455f-b516-4148712d8449,8af348f7-bb0c-4b2e-9a7a-f2f877398a4e,,,,,1778603179.185947
9af49dc6-a1bd-40fe-b627-4a8dbdf93e45,0,2,2,21,2026-05-12T16:26:20.851174+00:00,order,add,bid,,37dda544-9294-4789-a73e-3e5d5a99b5dd,a97c9f1c-5c51-47a6-b087-fa652e7a6e31,111.0,1.0,1.0,1.0,2,2.0,active,,,,,,,1778603180.867936
4036b89b-c1d0-4730-ba52-04bf7958d7d7,0,1,1,1,2026-05-12T16:26:21.282277+00:00,order,add,bid,,94b1bf01-4fa2-410a-9ff1-38b8eb00e5b7,3eaf4cb1-dcd5-4541-9b9e-fef2b865693f,100.0,1.0,1.0,1.0,1,1.0,active,,,,,,,1778603181.298583
9af49dc6-a1bd-40fe-b627-4a8dbdf93e45,0,2,2,22,2026-05-12T16:26:21.831997+00:00,order,add,bid,,4d479b91-bced-4006-b809-d9ce92d9ecdb,8199026d-b134-4c9c-8eb9-35b39d3ff423,113.0,1.0,1.0,1.0,1,1.0,active,,,,,,,1778603181.849244
9af49dc6-a1bd-40fe-b627-4a8dbdf93e45,0,2,2,23,2026-05-12T16:26:25.474883+00:00,trade,trade,ask,S,,,113.0,1.0,,,,,,bb4c5825-37b3-4763-998d-f034bdb67bd4,,4d479b91-bced-4006-b809-d9ce92d9ecdb,31767455-9d1f-4e69-9b74-44c46d0f7cb1,8199026d-b134-4c9c-8eb9-35b39d3ff423,a97c9f1c-5c51-47a6-b087-fa652e7a6e31,1778603185.492117
9af49dc6-a1bd-40fe-b627-4a8dbdf93e45,0,2,2,24,2026-05-12T16:26:25.495247+00:00,order,fill,ask,,31767455-9d1f-4e69-9b74-44c46d0f7cb1,a97c9f1c-5c51-47a6-b087-fa652e7a6e31,113.0,1.0,-1.0,0.0,,,executed,bb4c5825-37b3-4763-998d-f034bdb67bd4,4d479b91-bced-4006-b809-d9ce92d9ecdb,,,,,1778603185.510772
9af49dc6-a1bd-40fe-b627-4a8dbdf93e45,0,2,2,25,2026-05-12T16:26:25.513741+00:00,order,fill,bid,,4d479b91-bced-4006-b809-d9ce92d9ecdb,8199026d-b134-4c9c-8eb9-35b39d3ff423,113.0,1.0,-1.0,0.0,,,executed,bb4c5825-37b3-4763-998d-f034bdb67bd4,31767455-9d1f-4e69-9b74-44c46d0f7cb1,,,,,1778603185.528762
9af49dc6-a1bd-40fe-b627-4a8dbdf93e45,0,2,2,26,2026-05-12T16:26:25.806243+00:00,order,add,ask,,12cd0b01-9a04-4cef-8c01-312d6dca8b42,a97c9f1c-5c51-47a6-b087-fa652e7a6e31,117.0,1.0,1.0,1.0,1,1.0,active,,,,,,,1778603185.82212
4036b89b-c1d0-4730-ba52-04bf7958d7d7,0,1,1,2,2026-05-12T16:26:27.886488+00:00,order,add,ask,,72326f0d-6208-4f76-843c-86cf7058f4b4,1af72ba3-553a-45d5-b4ff-46f9bb8358a3,140.0,1.0,1.0,1.0,1,1.0,active,,,,,,,1778603187.903114
9af49dc6-a1bd-40fe-b627-4a8dbdf93e45,0,2,2,27,2026-05-12T16:26:28.616707+00:00,trade,trade,ask,S,,,111.0,1.0,,,,,,05afe4d6-be05-40d3-adcc-b64cf52d6e32,,fffed411-f20b-4735-a5fa-4e50ccc44cc3,cf61e60e-7d11-4520-b42e-31f9ebc746f0,65041421-bea3-4034-ae77-04f68c6e46fc,a97c9f1c-5c51-47a6-b087-fa652e7a6e31,1778603188.632766
9af49dc6-a1bd-40fe-b627-4a8dbdf93e45,0,2,2,28,2026-05-12T16:26:28.635887+00:00,order,fill,ask,,cf61e60e-7d11-4520-b42e-31f9ebc746f0,a97c9f1c-5c51-47a6-b087-fa652e7a6e31,111.0,1.0,-1.0,0.0,,,executed,05afe4d6-be05-40d3-adcc-b64cf52d6e32,fffed411-f20b-4735-a5fa-4e50ccc44cc3,,,,,1778603188.651516
9af49dc6-a1bd-40fe-b627-4a8dbdf93e45,0,2,2,29,2026-05-12T16:26:28.654550+00:00,order,fill,bid,,fffed411-f20b-4735-a5fa-4e50ccc44cc3,65041421-bea3-4034-ae77-04f68c6e46fc,111.0,1.0,-1.0,0.0,,,executed,05afe4d6-be05-40d3-adcc-b64cf52d6e32,cf61e60e-7d11-4520-b42e-31f9ebc746f0,,,,,1778603188.671127
9af49dc6-a1bd-40fe-b627-4a8dbdf93e45,0,2,2,30,2026-05-12T16:26:31.000069+00:00,order,add,ask,,fc700a00-f5f0-43ff-801c-e4b55318a149,8199026d-b134-4c9c-8eb9-35b39d3ff423,125.0,1.0,1.0,1.0,1,1.0,active,,,,,,,1778603191.016219
4036b89b-c1d0-4730-ba52-04bf7958d7d7,0,1,1,3,2026-05-12T16:26:42.610908+00:00,order,add,bid,,39677ec5-4139-4af1-9bbd-f73f9baf6db3,def5d719-8641-4561-84c6-9818a6f51175,112.0,1.0,1.0,1.0,1,1.0,active,,,,,,,1778603202.627202
4036b89b-c1d0-4730-ba52-04bf7958d7d7,0,1,1,4,2026-05-12T16:26:43.709067+00:00,order,add,bid,,7db1905d-f3ea-4533-ab57-b552cb5973b0,cc762b7e-c13a-451a-9c04-2147e49c2040,18.0,1.0,1.0,1.0,1,1.0,active,,,,,,,1778603203.725848
4036b89b-c1d0-4730-ba52-04bf7958d7d7,0,1,1,5,2026-05-12T16:26:48.074951+00:00,order,add,bid,,c17475b7-dc47-494c-902c-d6b5bbb8a135,def5d719-8641-4561-84c6-9818a6f51175,112.0,1.0,1.0,1.0,2,2.0,active,,,,,,,1778603208.09181
9af49dc6-a1bd-40fe-b627-4a8dbdf93e45,0,2,2,31,2026-05-12T16:26:49.061306+00:00,order,add,ask,,485ad793-23c0-4e49-9393-1511a2d5ffaa,65041421-bea3-4034-ae77-04f68c6e46fc,116.0,1.0,1.0,1.0,1,1.0,active,,,,,,,1778603209.078279
4036b89b-c1d0-4730-ba52-04bf7958d7d7,0,1,1,6,2026-05-12T16:26:53.566472+00:00,order,cancel,ask,,72326f0d-6208-4f76-843c-86cf7058f4b4,1af72ba3-553a-45d5-b4ff-46f9bb8358a3,140.0,1.0,-1.0,0.0,,,cancelled,,,,,,,1778603213.583145
4036b89b-c1d0-4730-ba52-04bf7958d7d7,0,1,1,7,2026-05-12T16:26:55.643463+00:00,order,add,bid,,500ea7aa-cc46-4d22-ab4d-ead69adee95b,def5d719-8641-4561-84c6-9818a6f51175,111.0,1.0,1.0,1.0,1,1.0,active,,,,,,,1778603215.660274
9af49dc6-a1bd-40fe-b627-4a8dbdf93e45,0,2,1,32,2026-05-12T16:26:56.101495+00:00,order,cancel,ask,,2d833548-078d-4285-a95a-7f06866d9730,65041421-bea3-4034-ae77-04f68c6e46fc,120.0,1.0,-1.0,0.0,,,cancelled,,,,,,,1778603216.117348
c4bbf60f-3400-469a-a64e-69a7fab7abf2,0,1,3,42,2026-05-12T16:26:59.262796+00:00,order,add,ask,,4b0f6d97-9a0a-4302-96b2-c3d7e3b4bb4a,8dc193cd-d77b-4b22-a21f-81d9b1fc5ceb,105.0,1.0,1.0,1.0,1,1.0,active,,,,,,,1778603219.27969
c4bbf60f-3400-469a-a64e-69a7fab7abf2,0,1,2,43,2026-05-12T16:27:01.598995+00:00,order,cancel,ask,,9b9035d6-5e37-4053-8f71-824819ce0f9e,8dc193cd-d77b-4b22-a21f-81d9b1fc5ceb,135.0,1.0,-1.0,0.0,,,cancelled,,,,,,,1778603221.640506
c4bbf60f-3400-469a-a64e-69a7fab7abf2,0,1,3,44,2026-05-12T16:27:01.741022+00:00,order,add,bid,,dee00597-6638-45fe-8fa9-b329c726c292,c59a8903-22ac-472f-88b2-ecd6c313567a,91.0,1.0,1.0,1.0,1,1.0,active,,,,,,,1778603221.765366
c4bbf60f-3400-469a-a64e-69a7fab7abf2,0,1,3,45,2026-05-12T16:27:03.074224+00:00,trade,trade,bid,B,,,105.0,1.0,,,,,,861e2171-220f-4ed6-8051-a2ee80f63211,,03b86d5a-c5ff-4d06-b940-6d33d552bcf2,4b0f6d97-9a0a-4302-96b2-c3d7e3b4bb4a,4f1868a5-b5a5-4d43-bf0a-ca07af406e2b,8dc193cd-d77b-4b22-a21f-81d9b1fc5ceb,1778603223.097169
c4bbf60f-3400-469a-a64e-69a7fab7abf2,0,1,3,46,2026-05-12T16:27:03.100712+00:00,order,fill,ask,,4b0f6d97-9a0a-4302-96b2-c3d7e3b4bb4a,8dc193cd-d77b-4b22-a21f-81d9b1fc5ceb,105.0,1.0,-1.0,0.0,,,executed,861e2171-220f-4ed6-8051-a2ee80f63211,03b86d5a-c5ff-4d06-b940-6d33d552bcf2,,,,,1778603223.119587
c4bbf60f-3400-469a-a64e-69a7fab7abf2,0,1,3,47,2026-05-12T16:27:03.122767+00:00,order,fill,bid,,03b86d5a-c5ff-4d06-b940-6d33d552bcf2,4f1868a5-b5a5-4d43-bf0a-ca07af406e2b,130.0,1.0,-1.0,0.0,,,executed,861e2171-220f-4ed6-8051-a2ee80f63211,4b0f6d97-9a0a-4302-96b2-c3d7e3b4bb4a,,,,,1778603223.13844
c4bbf60f-3400-469a-a64e-69a7fab7abf2,0,1,3,48,2026-05-12T16:27:04.437185+00:00,order,add,bid,,6e038d47-441a-4bd0-acb3-909e042639fa,57f0c377-44e2-470c-bb8a-359b3427e764,90.0,1.0,1.0,1.0,1,1.0,active,,,,,,,1778603224.453211
c4bbf60f-3400-469a-a64e-69a7fab7abf2,0,1,3,49,2026-05-12T16:27:06.214567+00:00,trade,trade,bid,B,,,130.0,1.0,,,,,,ba7e2ef5-c125-43d5-a463-ae473328959e,,f9b22f0a-ef97-43d2-b145-6c1c2a2081d7,e6a4999d-3e83-42b4-ac75-0d84ddaa8078,8dc193cd-d77b-4b22-a21f-81d9b1fc5ceb,57f0c377-44e2-470c-bb8a-359b3427e764,1778603226.230843
c4bbf60f-3400-469a-a64e-69a7fab7abf2,0,1,3,50,2026-05-12T16:27:06.233871+00:00,order,fill,ask,,e6a4999d-3e83-42b4-ac75-0d84ddaa8078,57f0c377-44e2-470c-bb8a-359b3427e764,130.0,1.0,-1.0,0.0,,,executed,ba7e2ef5-c125-43d5-a463-ae473328959e,f9b22f0a-ef97-43d2-b145-6c1c2a2081d7,,,,,1778603226.248888
c4bbf60f-3400-469a-a64e-69a7fab7abf2,0,1,3,51,2026-05-12T16:27:06.251639+00:00,order,fill,bid,,f9b22f0a-ef97-43d2-b145-6c1c2a2081d7,8dc193cd-d77b-4b22-a21f-81d9b1fc5ceb,130.0,1.0,-1.0,0.0,,,executed,ba7e2ef5-c125-43d5-a463-ae473328959e,e6a4999d-3e83-42b4-ac75-0d84ddaa8078,,,,,1778603226.266892
c4bbf60f-3400-469a-a64e-69a7fab7abf2,0,1,3,52,2026-05-12T16:27:08.214436+00:00,order,add,bid,,00b0e67e-efa3-4afa-81a2-b977e2d65707,8dc193cd-d77b-4b22-a21f-81d9b1fc5ceb,110.5,1.0,1.0,1.0,1,1.0,active,,,,,,,1778603228.230309
9af49dc6-a1bd-40fe-b627-4a8dbdf93e45,0,2,2,33,2026-05-12T16:27:09.152948+00:00,trade,trade,bid,B,,,115.0,1.0,,,,,,e69b5af8-3e3f-43f6-be6d-b4a2d686a2d3,,f493d4ca-0224-47ad-bc7d-8b6c0396a40f,27a764d4-9947-42c1-8c2f-b3c03d2684f2,8199026d-b134-4c9c-8eb9-35b39d3ff423,a97c9f1c-5c51-47a6-b087-fa652e7a6e31,1778603229.168133
9af49dc6-a1bd-40fe-b627-4a8dbdf93e45,0,2,2,34,2026-05-12T16:27:09.170978+00:00,order,fill,ask,,27a764d4-9947-42c1-8c2f-b3c03d2684f2,a97c9f1c-5c51-47a6-b087-fa652e7a6e31,115.0,1.0,-1.0,0.0,,,executed,e69b5af8-3e3f-43f6-be6d-b4a2d686a2d3,f493d4ca-0224-47ad-bc7d-8b6c0396a40f,,,,,1778603229.186527
9af49dc6-a1bd-40fe-b627-4a8dbdf93e45,0,2,2,35,2026-05-12T16:27:09.189833+00:00,order,fill,bid,,f493d4ca-0224-47ad-bc7d-8b6c0396a40f,8199026d-b134-4c9c-8eb9-35b39d3ff423,115.0,1.0,-1.0,0.0,,,executed,e69b5af8-3e3f-43f6-be6d-b4a2d686a2d3,27a764d4-9947-42c1-8c2f-b3c03d2684f2,,,,,1778603229.204623
c4bbf60f-3400-469a-a64e-69a7fab7abf2,0,1,3,53,2026-05-12T16:27:13.859131+00:00,trade,trade,ask,S,,,110.5,1.0,,,,,,16abfb5b-4da7-4502-b542-c0b1f0ff3670,,00b0e67e-efa3-4afa-81a2-b977e2d65707,37596e3a-d160-484a-b06f-849a21e8bc0d,8dc193cd-d77b-4b22-a21f-81d9b1fc5ceb,03eefb58-8798-4de9-b0fb-a0f645078983,1778603233.874817
c4bbf60f-3400-469a-a64e-69a7fab7abf2,0,1,3,54,2026-05-12T16:27:13.878020+00:00,order,fill,ask,,37596e3a-d160-484a-b06f-849a21e8bc0d,03eefb58-8798-4de9-b0fb-a0f645078983,93.0,1.0,-1.0,0.0,,,executed,16abfb5b-4da7-4502-b542-c0b1f0ff3670,00b0e67e-efa3-4afa-81a2-b977e2d65707,,,,,1778603233.893833
c4bbf60f-3400-469a-a64e-69a7fab7abf2,0,1,3,55,2026-05-12T16:27:13.896776+00:00,order,fill,bid,,00b0e67e-efa3-4afa-81a2-b977e2d65707,8dc193cd-d77b-4b22-a21f-81d9b1fc5ceb,110.5,1.0,-1.0,0.0,,,executed,16abfb5b-4da7-4502-b542-c0b1f0ff3670,37596e3a-d160-484a-b06f-849a21e8bc0d,,,,,1778603233.911505
c4bbf60f-3400-469a-a64e-69a7fab7abf2,0,1,3,56,2026-05-12T16:27:16.541668+00:00,order,add,ask,,2c1ac4d9-3dc4-489c-bc55-49c90e7ce71d,57f0c377-44e2-470c-bb8a-359b3427e764,145.0,1.0,1.0,1.0,1,1.0,active,,,,,,,1778603236.558675
c4bbf60f-3400-469a-a64e-69a7fab7abf2,0,1,3,57,2026-05-12T16:27:16.842737+00:00,order,add,ask,,e0a5f35e-ed71-4bff-8836-905028f3be13,4f1868a5-b5a5-4d43-bf0a-ca07af406e2b,150.0,1.0,1.0,1.0,2,2.0,active,,,,,,,1778603236.858679
c4bbf60f-3400-469a-a64e-69a7fab7abf2,0,1,3,58,2026-05-12T16:27:20.676952+00:00,order,add,ask,,bc9ad11a-a522-4649-aafb-c3be6ea84af8,5c3dd256-d674-4fc5-8ff1-d95741d286fa,130.0,1.0,1.0,1.0,1,1.0,active,,,,,,,1778603240.694449
c4bbf60f-3400-469a-a64e-69a7fab7abf2,0,1,3,59,2026-05-12T16:27:25.237820+00:00,order,add,bid,,75e96c06-06bc-42a2-b4fd-00561a215d22,8dc193cd-d77b-4b22-a21f-81d9b1fc5ceb,100.5,1.0,1.0,1.0,1,1.0,active,,,,,,,1778603245.254274
c4bbf60f-3400-469a-a64e-69a7fab7abf2,0,1,3,60,2026-05-12T16:27:25.498195+00:00,order,add,bid,,d7a6ae27-8600-4b02-a70a-050c9ff49347,c59a8903-22ac-472f-88b2-ecd6c313567a,90.0,1.0,1.0,1.0,2,2.0,active,,,,,,,1778603245.515116
c4bbf60f-3400-469a-a64e-69a7fab7abf2,0,1,3,61,2026-05-12T16:27:27.156384+00:00,order,cancel,bid,,dee00597-6638-45fe-8fa9-b329c726c292,c59a8903-22ac-472f-88b2-ecd6c313567a,91.0,1.0,-1.0,0.0,,,cancelled,,,,,,,1778603247.17226
c4bbf60f-3400-469a-a64e-69a7fab7abf2,0,1,3,62,2026-05-12T16:27:29.578193+00:00,order,add,ask,,c1954d09-929c-4c6b-a514-048693f036f2,4f1868a5-b5a5-4d43-bf0a-ca07af406e2b,130.0,1.0,1.0,1.0,2,2.0,active,,,,,,,1778603249.595251
c4bbf60f-3400-469a-a64e-69a7fab7abf2,0,1,3,63,2026-05-12T16:27:33.974754+00:00,order,add,ask,,fa9a9745-8dc9-491a-9930-820e67773edb,8dc193cd-d77b-4b22-a21f-81d9b1fc5ceb,110.5,1.0,1.0,1.0,1,1.0,active,,,,,,,1778603253.99227
9af49dc6-a1bd-40fe-b627-4a8dbdf93e45,0,2,2,36,2026-05-12T16:27:36.048814+00:00,order,cancel,bid,,37dda544-9294-4789-a73e-3e5d5a99b5dd,a97c9f1c-5c51-47a6-b087-fa652e7a6e31,111.0,1.0,-1.0,0.0,,,cancelled,,,,,,,1778603256.064712
4036b89b-c1d0-4730-ba52-04bf7958d7d7,0,1,2,8,2026-05-12T16:27:37.036654+00:00,order,add,bid,,9a88051e-20d0-4a87-bf1d-1cfe22d53302,cc762b7e-c13a-451a-9c04-2147e49c2040,14.0,1.0,1.0,1.0,1,1.0,active,,,,,,,1778603257.053713
c4bbf60f-3400-469a-a64e-69a7fab7abf2,0,1,3,64,2026-05-12T16:27:37.131777+00:00,order,add,bid,,fb9bc85a-c1a9-44b4-910d-09dd7eedba8a,4f1868a5-b5a5-4d43-bf0a-ca07af406e2b,100.0,1.0,1.0,1.0,1,1.0,active,,,,,,,1778603257.149266
9af49dc6-a1bd-40fe-b627-4a8dbdf93e45,0,2,3,37,2026-05-12T16:27:38.952523+00:00,order,add,bid,,3190cf91-fd5b-4697-a296-6a0ee5ce720a,8199026d-b134-4c9c-8eb9-35b39d3ff423,113.5,1.0,1.0,1.0,1,1.0,active,,,,,,,1778603258.968962
4036b89b-c1d0-4730-ba52-04bf7958d7d7,0,1,1,9,2026-05-12T16:27:43.051756+00:00,order,cancel,bid,,39677ec5-4139-4af1-9bbd-f73f9baf6db3,def5d719-8641-4561-84c6-9818a6f51175,112.0,1.0,-1.0,0.0,,,cancelled,,,,,,,1778603263.067876
4036b89b-c1d0-4730-ba52-04bf7958d7d7,0,1,2,10,2026-05-12T16:27:43.372965+00:00,trade,trade,ask,S,,,112.0,1.0,,,,,,720d9581-d924-4df4-a694-68d6da9cbe4b,,c17475b7-dc47-494c-902c-d6b5bbb8a135,1e4f8264-8a22-45c0-b383-ade92ddc03c4,def5d719-8641-4561-84c6-9818a6f51175,7a5d2e62-8e5f-475d-8ec0-68cde2a3650b,1778603263.388759
4036b89b-c1d0-4730-ba52-04bf7958d7d7,0,1,2,11,2026-05-12T16:27:43.391825+00:00,order,fill,ask,,1e4f8264-8a22-45c0-b383-ade92ddc03c4,7a5d2e62-8e5f-475d-8ec0-68cde2a3650b,112.0,1.0,-1.0,0.0,,,executed,720d9581-d924-4df4-a694-68d6da9cbe4b,c17475b7-dc47-494c-902c-d6b5bbb8a135,,,,,1778603263.407403
4036b89b-c1d0-4730-ba52-04bf7958d7d7,0,1,2,12,2026-05-12T16:27:43.410173+00:00,order,fill,bid,,c17475b7-dc47-494c-902c-d6b5bbb8a135,def5d719-8641-4561-84c6-9818a6f51175,112.0,1.0,-1.0,0.0,,,executed,720d9581-d924-4df4-a694-68d6da9cbe4b,1e4f8264-8a22-45c0-b383-ade92ddc03c4,,,,,1778603263.425806
c4bbf60f-3400-469a-a64e-69a7fab7abf2,0,1,3,65,2026-05-12T16:27:43.906898+00:00,order,add,bid,,52019306-eb82-4de2-8cf6-0b9c748bdecc,03eefb58-8798-4de9-b0fb-a0f645078983,80.0,1.0,1.0,1.0,1,1.0,active,,,,,,,1778603263.923074
9af49dc6-a1bd-40fe-b627-4a8dbdf93e45,0,2,3,38,2026-05-12T16:27:43.957182+00:00,order,add,ask,,eb7b5c3c-cf9b-431f-8a7c-e209b4c44afe,a97c9f1c-5c51-47a6-b087-fa652e7a6e31,114.0,1.0,1.0,1.0,1,1.0,active,,,,,,,1778603263.971889
4036b89b-c1d0-4730-ba52-04bf7958d7d7,0,1,2,13,2026-05-12T16:27:45.176106+00:00,order,add,bid,,515acc0d-730c-438e-88cb-d014249e293f,8267bdf6-c115-4b98-9208-4f95fafed75f,10.0,1.0,1.0,1.0,1,1.0,active,,,,,,,1778603265.192185
4036b89b-c1d0-4730-ba52-04bf7958d7d7,0,1,2,14,2026-05-12T16:27:45.325586+00:00,order,add,bid,,5c1f9c1d-71d8-4603-93af-2faabc0f5851,1af72ba3-553a-45d5-b4ff-46f9bb8358a3,14.0,1.0,1.0,1.0,2,2.0,active,,,,,,,1778603265.341282
9af49dc6-a1bd-40fe-b627-4a8dbdf93e45,0,2,3,39,2026-05-12T16:27:47.336427+00:00,order,add,ask,,d2c5375c-05e4-4829-a139-73812fe4252c,8199026d-b134-4c9c-8eb9-35b39d3ff423,118.0,1.0,1.0,1.0,1,1.0,active,,,,,,,1778603267.352802
9af49dc6-a1bd-40fe-b627-4a8dbdf93e45,0,2,3,40,2026-05-12T16:27:49.895573+00:00,order,add,ask,,38a08f37-8c3d-4e9e-a679-e19ce6b3adc1,a97c9f1c-5c51-47a6-b087-fa652e7a6e31,114.0,1.0,1.0,1.0,2,2.0,active,,,,,,,1778603269.912517
9af49dc6-a1bd-40fe-b627-4a8dbdf93e45,0,2,1,41,2026-05-12T16:27:50.592000+00:00,order,cancel,ask,,9b22b5d3-d3bb-4d18-a487-002e62a5f9e5,8199026d-b134-4c9c-8eb9-35b39d3ff423,130.0,1.0,-1.0,0.0,,,cancelled,,,,,,,1778603270.609301
4036b89b-c1d0-4730-ba52-04bf7958d7d7,0,1,2,15,2026-05-12T16:27:53.460696+00:00,trade,trade,ask,S,,,111.0,1.0,,,,,,12f53359-9313-4fd7-bd82-114a33da2a1f,,500ea7aa-cc46-4d22-ab4d-ead69adee95b,33f89b06-aa15-42fd-bc40-3db94b5e3dbc,def5d719-8641-4561-84c6-9818a6f51175,cc762b7e-c13a-451a-9c04-2147e49c2040,1778603273.476242
4036b89b-c1d0-4730-ba52-04bf7958d7d7,0,1,2,16,2026-05-12T16:27:53.479186+00:00,order,fill,ask,,33f89b06-aa15-42fd-bc40-3db94b5e3dbc,cc762b7e-c13a-451a-9c04-2147e49c2040,106.0,1.0,-1.0,0.0,,,executed,12f53359-9313-4fd7-bd82-114a33da2a1f,500ea7aa-cc46-4d22-ab4d-ead69adee95b,,,,,1778603273.494483
4036b89b-c1d0-4730-ba52-04bf7958d7d7,0,1,2,17,2026-05-12T16:27:53.497210+00:00,order,fill,bid,,500ea7aa-cc46-4d22-ab4d-ead69adee95b,def5d719-8641-4561-84c6-9818a6f51175,111.0,1.0,-1.0,0.0,,,executed,12f53359-9313-4fd7-bd82-114a33da2a1f,33f89b06-aa15-42fd-bc40-3db94b5e3dbc,,,,,1778603273.511937
4036b89b-c1d0-4730-ba52-04bf7958d7d7,0,1,2,18,2026-05-12T16:27:53.908076+00:00,order,add,ask,,4f4fc6b4-88ff-442a-b1bb-e02b8d0fc98c,def5d719-8641-4561-84c6-9818a6f51175,113.0,1.0,1.0,1.0,1,1.0,active,,,,,,,1778603273.924745
9af49dc6-a1bd-40fe-b627-4a8dbdf93e45,0,2,3,42,2026-05-12T16:27:55.239991+00:00,order,add,ask,,db9348b5-cb38-41b2-9f62-534f5ef3533d,a97c9f1c-5c51-47a6-b087-fa652e7a6e31,114.0,1.0,1.0,1.0,3,3.0,active,,,,,,,1778603275.256294
9af49dc6-a1bd-40fe-b627-4a8dbdf93e45,0,2,3,43,2026-05-12T16:27:56.122951+00:00,order,add,ask,,77660a29-74dc-4623-8ea8-762efb2e75e3,a97c9f1c-5c51-47a6-b087-fa652e7a6e31,114.0,1.0,1.0,1.0,4,4.0,active,,,,,,,1778603276.139624
4036b89b-c1d0-4730-ba52-04bf7958d7d7,0,1,2,19,2026-05-12T16:27:58.473351+00:00,order,cancel,bid,,515acc0d-730c-438e-88cb-d014249e293f,8267bdf6-c115-4b98-9208-4f95fafed75f,10.0,1.0,-1.0,0.0,,,cancelled,,,,,,,1778603278.488878
9af49dc6-a1bd-40fe-b627-4a8dbdf93e45,0,2,3,44,2026-05-12T16:27:59.284577+00:00,order,add,ask,,642f0c01-9052-4e0c-ac81-b6241528400e,a97c9f1c-5c51-47a6-b087-fa652e7a6e31,114.0,1.0,1.0,1.0,5,5.0,active,,,,,,,1778603279.300803
4036b89b-c1d0-4730-ba52-04bf7958d7d7,0,1,2,20,2026-05-12T16:28:02.252666+00:00,order,add,ask,,98f676a8-2032-4014-8412-8a0809abb75c,def5d719-8641-4561-84c6-9818a6f51175,114.0,1.0,1.0,1.0,1,1.0,active,,,,,,,1778603282.270216
9af49dc6-a1bd-40fe-b627-4a8dbdf93e45,0,2,3,45,2026-05-12T16:28:03.098733+00:00,order,add,ask,,113ad24d-0781-43e8-9b98-82e542cc6ea7,a97c9f1c-5c51-47a6-b087-fa652e7a6e31,114.0,1.0,1.0,1.0,6,6.0,active,,,,,,,1778603283.115421
9af49dc6-a1bd-40fe-b627-4a8dbdf93e45,0,2,3,46,2026-05-12T16:28:04.112766+00:00,order,add,ask,,73c18ae4-f40b-4d90-9156-0942db0fa984,8199026d-b134-4c9c-8eb9-35b39d3ff423,115.0,1.0,1.0,1.0,1,1.0,active,,,,,,,1778603284.131624
9af49dc6-a1bd-40fe-b627-4a8dbdf93e45,0,2,3,47,2026-05-12T16:28:07.125215+00:00,order,add,ask,,74cafb00-e0b3-4f8c-805d-155ecec62a24,a97c9f1c-5c51-47a6-b087-fa652e7a6e31,114.0,1.0,1.0,1.0,7,7.0,active,,,,,,,1778603287.140623
9af49dc6-a1bd-40fe-b627-4a8dbdf93e45,0,2,3,48,2026-05-12T16:28:07.816663+00:00,order,add,ask,,4f68db97-9d20-4050-aba8-e1e1dfe86c2e,8199026d-b134-4c9c-8eb9-35b39d3ff423,113.75,1.0,1.0,1.0,1,1.0,active,,,,,,,1778603287.833264
4036b89b-c1d0-4730-ba52-04bf7958d7d7,0,1,2,21,2026-05-12T16:28:09.124317+00:00,order,add,ask,,34551d76-9e71-4ce4-be31-79f698778f92,cc762b7e-c13a-451a-9c04-2147e49c2040,110.0,1.0,1.0,1.0,1,1.0,active,,,,,,,1778603289.140872
4036b89b-c1d0-4730-ba52-04bf7958d7d7,0,1,2,22,2026-05-12T16:28:10.951114+00:00,order,add,bid,,21ec7cdd-4e3e-4e7e-b6f3-2c4db408f03b,1af72ba3-553a-45d5-b4ff-46f9bb8358a3,18.0,1.0,1.0,1.0,2,2.0,active,,,,,,,1778603290.97072
9af49dc6-a1bd-40fe-b627-4a8dbdf93e45,0,2,3,49,2026-05-12T16:28:12.952935+00:00,order,cancel,bid,,3190cf91-fd5b-4697-a296-6a0ee5ce720a,8199026d-b134-4c9c-8eb9-35b39d3ff423,113.5,1.0,-1.0,0.0,,,cancelled,,,,,,,1778603292.969233
9af49dc6-a1bd-40fe-b627-4a8dbdf93e45,0,2,3,50,2026-05-12T16:28:13.168573+00:00,order,add,bid,,6daccda8-21cd-420f-af78-8ed4e48c8977,a97c9f1c-5c51-47a6-b087-fa652e7a6e31,108.0,1.0,1.0,1.0,1,1.0,active,,,,,,,1778603293.184494
9af49dc6-a1bd-40fe-b627-4a8dbdf93e45,0,2,3,51,2026-05-12T16:28:13.522356+00:00,order,add,ask,,598bfd92-8aad-45ee-9b5d-622faf8c7eff,a97c9f1c-5c51-47a6-b087-fa652e7a6e31,115.0,1.0,1.0,1.0,2,2.0,active,,,,,,,1778603293.538302
4036b89b-c1d0-4730-ba52-04bf7958d7d7,0,1,2,23,2026-05-12T16:28:14.292508+00:00,trade,trade,ask,S,,,100.0,1.0,,,,,,9e254aef-2055-45c4-8c59-96ba269d0f3a,,94b1bf01-4fa2-410a-9ff1-38b8eb00e5b7,4ac66998-f143-44ba-96ca-8899c800ff28,3eaf4cb1-dcd5-4541-9b9e-fef2b865693f,def5d719-8641-4561-84c6-9818a6f51175,1778603294.308746
4036b89b-c1d0-4730-ba52-04bf7958d7d7,0,1,2,24,2026-05-12T16:28:14.311930+00:00,order,fill,ask,,4ac66998-f143-44ba-96ca-8899c800ff28,def5d719-8641-4561-84c6-9818a6f51175,20.0,1.0,-1.0,0.0,,,executed,9e254aef-2055-45c4-8c59-96ba269d0f3a,94b1bf01-4fa2-410a-9ff1-38b8eb00e5b7,,,,,1778603294.326811
4036b89b-c1d0-4730-ba52-04bf7958d7d7,0,1,2,25,2026-05-12T16:28:14.329675+00:00,order,fill,bid,,94b1bf01-4fa2-410a-9ff1-38b8eb00e5b7,3eaf4cb1-dcd5-4541-9b9e-fef2b865693f,100.0,1.0,-1.0,0.0,,,executed,9e254aef-2055-45c4-8c59-96ba269d0f3a,4ac66998-f143-44ba-96ca-8899c800ff28,,,,,1778603294.344603
4036b89b-c1d0-4730-ba52-04bf7958d7d7,0,1,2,26,2026-05-12T16:28:17.599844+00:00,order,add,ask,,ed942809-986c-4712-9be5-06763fe8c628,8267bdf6-c115-4b98-9208-4f95fafed75f,115.0,1.0,1.0,1.0,1,1.0,active,,,,,,,1778603297.616613
4036b89b-c1d0-4730-ba52-04bf7958d7d7,0,1,2,27,2026-05-12T16:28:18.212240+00:00,order,add,ask,,98034c5a-f0b4-4de1-96ca-adbb29ff0f25,def5d719-8641-4561-84c6-9818a6f51175,25.0,1.0,1.0,1.0,1,1.0,active,,,,,,,1778603298.229855
9af49dc6-a1bd-40fe-b627-4a8dbdf93e45,0,2,3,52,2026-05-12T16:28:24.877343+00:00,order,add,bid,,04f77279-3b88-4831-a911-7e6322ba52cb,65041421-bea3-4034-ae77-04f68c6e46fc,108.5,1.0,1.0,1.0,1,1.0,active,,,,,,,1778603304.895178
a5f35780-eeec-48f3-bd11-2a02633bc450,0,2,1,1,2026-05-12T16:28:59.813315+00:00,order,add,ask,,f19531a1-31ef-4acd-804c-bd73dd4d8514,d896d1d1-903a-4faf-af2e-bda1e25a47cc,102.0,1.0,1.0,1.0,1,1.0,active,,,,,,,1778603339.829251
9af49dc6-a1bd-40fe-b627-4a8dbdf93e45,0,2,4,53,2026-05-12T16:29:05.159914+00:00,trade,trade,bid,B,,,113.75,1.0,,,,,,b4cd42db-e02d-464a-abcd-b56943cf523f,,7e616bd6-f6bf-46cc-a5d2-e705de4c52be,4f68db97-9d20-4050-aba8-e1e1dfe86c2e,a97c9f1c-5c51-47a6-b087-fa652e7a6e31,8199026d-b134-4c9c-8eb9-35b39d3ff423,1778603345.17641
9af49dc6-a1bd-40fe-b627-4a8dbdf93e45,0,2,4,54,2026-05-12T16:29:05.179658+00:00,order,fill,ask,,4f68db97-9d20-4050-aba8-e1e1dfe86c2e,8199026d-b134-4c9c-8eb9-35b39d3ff423,113.75,1.0,-1.0,0.0,,,executed,b4cd42db-e02d-464a-abcd-b56943cf523f,7e616bd6-f6bf-46cc-a5d2-e705de4c52be,,,,,1778603345.195143
9af49dc6-a1bd-40fe-b627-4a8dbdf93e45,0,2,4,55,2026-05-12T16:29:05.198361+00:00,order,fill,bid,,7e616bd6-f6bf-46cc-a5d2-e705de4c52be,a97c9f1c-5c51-47a6-b087-fa652e7a6e31,114.0,1.0,-1.0,0.0,,,executed,b4cd42db-e02d-464a-abcd-b56943cf523f,4f68db97-9d20-4050-aba8-e1e1dfe86c2e,,,,,1778603345.213972
a5f35780-eeec-48f3-bd11-2a02633bc450,0,2,1,2,2026-05-12T16:29:06.893067+00:00,order,add,bid,,c7d3b487-cfd3-4172-bd35-45562a5c48f0,d896d1d1-903a-4faf-af2e-bda1e25a47cc,80.0,1.0,1.0,1.0,1,1.0,active,,,,,,,1778603346.909299
9af49dc6-a1bd-40fe-b627-4a8dbdf93e45,0,2,4,56,2026-05-12T16:29:09.766480+00:00,order,add,ask,,9fe7d021-56a3-4bca-9f80-2fc8e2f578ec,a97c9f1c-5c51-47a6-b087-fa652e7a6e31,114.0,1.0,1.0,1.0,8,8.0,active,,,,,,,1778603349.782871
9af49dc6-a1bd-40fe-b627-4a8dbdf93e45,0,2,4,57,2026-05-12T16:29:10.594709+00:00,order,add,bid,,ae6199aa-9b56-41d7-a9f8-85c350180cb4,a97c9f1c-5c51-47a6-b087-fa652e7a6e31,110.0,1.0,1.0,1.0,2,2.0,active,,,,,,,1778603350.611936
4036b89b-c1d0-4730-ba52-04bf7958d7d7,0,1,3,28,2026-05-12T16:29:25.476089+00:00,order,add,ask,,9604a283-21b4-484c-9779-986d51967b17,cc762b7e-c13a-451a-9c04-2147e49c2040,24.0,1.0,1.0,1.0,1,1.0,active,,,,,,,1778603365.492397
9af49dc6-a1bd-40fe-b627-4a8dbdf93e45,0,2,4,58,2026-05-12T16:29:26.192525+00:00,order,add,ask,,ae63b326-46b4-4d49-8246-bc9a4f7d63b5,a97c9f1c-5c51-47a6-b087-fa652e7a6e31,115.0,1.0,1.0,1.0,3,3.0,active,,,,,,,1778603366.208725
9af49dc6-a1bd-40fe-b627-4a8dbdf93e45,0,2,4,59,2026-05-12T16:29:33.072762+00:00,order,add,ask,,bb3b7249-72c5-455f-9dc3-994a3be8c45d,8199026d-b134-4c9c-8eb9-35b39d3ff423,113.75,1.0,1.0,1.0,1,1.0,active,,,,,,,1778603373.088719
9af49dc6-a1bd-40fe-b627-4a8dbdf93e45,0,2,4,60,2026-05-12T16:29:33.547473+00:00,trade,trade,ask,S,,,110.0,1.0,,,,,,92e490e3-3698-4407-9753-c832a75d654d,,e7a4ccf5-441d-4511-a0c4-b62fb058c5e1,a6b14d2f-5dd1-403a-ac00-040cf10767f5,8199026d-b134-4c9c-8eb9-35b39d3ff423,a97c9f1c-5c51-47a6-b087-fa652e7a6e31,1778603373.563657
9af49dc6-a1bd-40fe-b627-4a8dbdf93e45,0,2,4,61,2026-05-12T16:29:33.567212+00:00,order,fill,ask,,a6b14d2f-5dd1-403a-ac00-040cf10767f5,a97c9f1c-5c51-47a6-b087-fa652e7a6e31,110.0,1.0,-1.0,0.0,,,executed,92e490e3-3698-4407-9753-c832a75d654d,e7a4ccf5-441d-4511-a0c4-b62fb058c5e1,,,,,1778603373.58224
9af49dc6-a1bd-40fe-b627-4a8dbdf93e45,0,2,4,62,2026-05-12T16:29:33.585328+00:00,order,fill,bid,,e7a4ccf5-441d-4511-a0c4-b62fb058c5e1,8199026d-b134-4c9c-8eb9-35b39d3ff423,110.0,1.0,-1.0,0.0,,,executed,92e490e3-3698-4407-9753-c832a75d654d,a6b14d2f-5dd1-403a-ac00-040cf10767f5,,,,,1778603373.599913
a5f35780-eeec-48f3-bd11-2a02633bc450,0,2,1,3,2026-05-12T16:29:34.884465+00:00,order,add,bid,,e064bda0-8977-4a13-868d-2fe5c28538b1,d896d1d1-903a-4faf-af2e-bda1e25a47cc,82.0,1.0,1.0,1.0,1,1.0,active,,,,,,,1778603374.901387
9af49dc6-a1bd-40fe-b627-4a8dbdf93e45,0,2,4,63,2026-05-12T16:29:35.302734+00:00,order,add,bid,,1ec56efa-cac7-4614-8e8c-1706ea98b912,a97c9f1c-5c51-47a6-b087-fa652e7a6e31,109.0,1.0,1.0,1.0,2,2.0,active,,,,,,,1778603375.319103
9af49dc6-a1bd-40fe-b627-4a8dbdf93e45,0,2,4,64,2026-05-12T16:29:38.521096+00:00,order,add,bid,,c2ebbdb0-a634-4838-b438-38f802a74963,a97c9f1c-5c51-47a6-b087-fa652e7a6e31,109.0,1.0,1.0,1.0,3,3.0,active,,,,,,,1778603378.53845
a5f35780-eeec-48f3-bd11-2a02633bc450,0,2,1,4,2026-05-12T16:29:38.605617+00:00,order,add,ask,,43c75d9a-8d89-4819-b31e-47c451bb7e9e,3f3f926c-76bd-44db-b2dc-3e8e8ddbccb6,90.0,1.0,1.0,1.0,1,1.0,active,,,,,,,1778603378.621653
4036b89b-c1d0-4730-ba52-04bf7958d7d7,0,1,3,29,2026-05-12T16:29:40.683975+00:00,trade,trade,bid,B,,,24.0,1.0,,,,,,454d6088-3964-423d-af0a-c72c6b9fb72a,,a5a0f6c6-fc4b-4f31-b4b9-740f51a808ae,9604a283-21b4-484c-9779-986d51967b17,7a5d2e62-8e5f-475d-8ec0-68cde2a3650b,cc762b7e-c13a-451a-9c04-2147e49c2040,1778603380.699579
4036b89b-c1d0-4730-ba52-04bf7958d7d7,0,1,3,30,2026-05-12T16:29:40.702563+00:00,order,fill,ask,,9604a283-21b4-484c-9779-986d51967b17,cc762b7e-c13a-451a-9c04-2147e49c2040,24.0,1.0,-1.0,0.0,,,executed,454d6088-3964-423d-af0a-c72c6b9fb72a,a5a0f6c6-fc4b-4f31-b4b9-740f51a808ae,,,,,1778603380.71668
4036b89b-c1d0-4730-ba52-04bf7958d7d7,0,1,3,31,2026-05-12T16:29:40.719774+00:00,order,fill,bid,,a5a0f6c6-fc4b-4f31-b4b9-740f51a808ae,7a5d2e62-8e5f-475d-8ec0-68cde2a3650b,24.0,1.0,-1.0,0.0,,,executed,454d6088-3964-423d-af0a-c72c6b9fb72a,9604a283-21b4-484c-9779-986d51967b17,,,,,1778603380.734522
a5f35780-eeec-48f3-bd11-2a02633bc450,0,2,1,5,2026-05-12T16:29:40.842214+00:00,order,add,bid,,3b9e7a11-760d-4be8-b8bf-2778704bed3d,7263bda7-ce07-4527-829d-593539f9496a,86.0,1.0,1.0,1.0,1,1.0,active,,,,,,,1778603380.858485
9af49dc6-a1bd-40fe-b627-4a8dbdf93e45,0,2,4,65,2026-05-12T16:29:42.180885+00:00,order,add,ask,,5e7e224f-e64b-4f3e-a608-11ccccbbf0e7,65041421-bea3-4034-ae77-04f68c6e46fc,111.0,1.0,1.0,1.0,1,1.0,active,,,,,,,1778603382.1997
a5f35780-eeec-48f3-bd11-2a02633bc450,0,2,1,6,2026-05-12T16:29:42.358318+00:00,order,cancel,ask,,43c75d9a-8d89-4819-b31e-47c451bb7e9e,3f3f926c-76bd-44db-b2dc-3e8e8ddbccb6,90.0,1.0,-1.0,0.0,,,cancelled,,,,,,,1778603382.376726
a5f35780-eeec-48f3-bd11-2a02633bc450,0,2,1,7,2026-05-12T16:29:43.404721+00:00,order,add,ask,,536edc4e-aae5-4a60-92ec-057e1d0ea69c,14a8161a-9d15-4590-8e4a-d60fa690d14e,120.0,1.0,1.0,1.0,1,1.0,active,,,,,,,1778603383.420863
9af49dc6-a1bd-40fe-b627-4a8dbdf93e45,0,2,2,66,2026-05-12T16:29:44.005480+00:00,order,cancel,ask,,485ad793-23c0-4e49-9393-1511a2d5ffaa,65041421-bea3-4034-ae77-04f68c6e46fc,116.0,1.0,-1.0,0.0,,,cancelled,,,,,,,1778603384.021107
4036b89b-c1d0-4730-ba52-04bf7958d7d7,0,1,3,32,2026-05-12T16:29:45.304966+00:00,order,add,bid,,ec7ae598-6b10-44ee-b165-729f48d3ebad,8267bdf6-c115-4b98-9208-4f95fafed75f,24.0,1.0,1.0,1.0,1,1.0,active,,,,,,,1778603385.321168
9af49dc6-a1bd-40fe-b627-4a8dbdf93e45,0,2,4,67,2026-05-12T16:29:45.613558+00:00,order,add,ask,,7064c23a-90d9-4cfa-8a66-3356caddd3ea,a97c9f1c-5c51-47a6-b087-fa652e7a6e31,111.0,1.0,1.0,1.0,2,2.0,active,,,,,,,1778603385.629671
a5f35780-eeec-48f3-bd11-2a02633bc450,0,2,1,8,2026-05-12T16:29:46.986676+00:00,order,add,ask,,00f0aa71-078b-47c9-a28d-c148813c4038,7263bda7-ce07-4527-829d-593539f9496a,100.0,1.0,1.0,1.0,1,1.0,active,,,,,,,1778603387.002816
9af49dc6-a1bd-40fe-b627-4a8dbdf93e45,0,2,4,68,2026-05-12T16:29:47.229171+00:00,trade,trade,bid,B,,,111.0,1.0,,,,,,0b8d52b5-6286-49ea-bd50-c8bda53002d0,,37290ddc-20e6-486d-ac79-a62c255a8308,5e7e224f-e64b-4f3e-a608-11ccccbbf0e7,a97c9f1c-5c51-47a6-b087-fa652e7a6e31,65041421-bea3-4034-ae77-04f68c6e46fc,1778603387.244819
9af49dc6-a1bd-40fe-b627-4a8dbdf93e45,0,2,4,69,2026-05-12T16:29:47.247778+00:00,order,fill,ask,,5e7e224f-e64b-4f3e-a608-11ccccbbf0e7,65041421-bea3-4034-ae77-04f68c6e46fc,111.0,1.0,-1.0,0.0,,,executed,0b8d52b5-6286-49ea-bd50-c8bda53002d0,37290ddc-20e6-486d-ac79-a62c255a8308,,,,,1778603387.262417
9af49dc6-a1bd-40fe-b627-4a8dbdf93e45,0,2,4,70,2026-05-12T16:29:47.265266+00:00,order,fill,bid,,37290ddc-20e6-486d-ac79-a62c255a8308,a97c9f1c-5c51-47a6-b087-fa652e7a6e31,111.0,1.0,-1.0,0.0,,,executed,0b8d52b5-6286-49ea-bd50-c8bda53002d0,5e7e224f-e64b-4f3e-a608-11ccccbbf0e7,,,,,1778603387.280091
4036b89b-c1d0-4730-ba52-04bf7958d7d7,0,1,3,33,2026-05-12T16:29:48.386944+00:00,trade,trade,bid,B,,,25.0,1.0,,,,,,6859e57b-41c1-4df3-b2b0-cfb7e0bde284,,78c49ef1-2cdd-454b-a1ca-6ebf0a95ef6e,98034c5a-f0b4-4de1-96ca-adbb29ff0f25,7a5d2e62-8e5f-475d-8ec0-68cde2a3650b,def5d719-8641-4561-84c6-9818a6f51175,1778603388.40296
4036b89b-c1d0-4730-ba52-04bf7958d7d7,0,1,3,34,2026-05-12T16:29:48.405981+00:00,order,fill,ask,,98034c5a-f0b4-4de1-96ca-adbb29ff0f25,def5d719-8641-4561-84c6-9818a6f51175,25.0,1.0,-1.0,0.0,,,executed,6859e57b-41c1-4df3-b2b0-cfb7e0bde284,78c49ef1-2cdd-454b-a1ca-6ebf0a95ef6e,,,,,1778603388.421703
4036b89b-c1d0-4730-ba52-04bf7958d7d7,0,1,3,35,2026-05-12T16:29:48.424512+00:00,order,fill,bid,,78c49ef1-2cdd-454b-a1ca-6ebf0a95ef6e,7a5d2e62-8e5f-475d-8ec0-68cde2a3650b,25.0,1.0,-1.0,0.0,,,executed,6859e57b-41c1-4df3-b2b0-cfb7e0bde284,98034c5a-f0b4-4de1-96ca-adbb29ff0f25,,,,,1778603388.439645
a5f35780-eeec-48f3-bd11-2a02633bc450,0,2,1,9,2026-05-12T16:29:48.860753+00:00,trade,trade,ask,S,,,86.0,1.0,,,,,,3d0eb3d6-5c7a-45ee-a25f-db304f9e08bc,,3b9e7a11-760d-4be8-b8bf-2778704bed3d,6943a0c4-c111-4561-8a19-3f8bc4414831,7263bda7-ce07-4527-829d-593539f9496a,b051dea2-10fd-492e-a16a-123e7f6bc6ac,1778603388.876801
a5f35780-eeec-48f3-bd11-2a02633bc450,0,2,1,10,2026-05-12T16:29:48.879812+00:00,order,fill,ask,,6943a0c4-c111-4561-8a19-3f8bc4414831,b051dea2-10fd-492e-a16a-123e7f6bc6ac,86.0,1.0,-1.0,0.0,,,executed,3d0eb3d6-5c7a-45ee-a25f-db304f9e08bc,3b9e7a11-760d-4be8-b8bf-2778704bed3d,,,,,1778603388.894856
a5f35780-eeec-48f3-bd11-2a02633bc450,0,2,1,11,2026-05-12T16:29:48.897723+00:00,order,fill,bid,,3b9e7a11-760d-4be8-b8bf-2778704bed3d,7263bda7-ce07-4527-829d-593539f9496a,86.0,1.0,-1.0,0.0,,,executed,3d0eb3d6-5c7a-45ee-a25f-db304f9e08bc,6943a0c4-c111-4561-8a19-3f8bc4414831,,,,,1778603388.912919
4036b89b-c1d0-4730-ba52-04bf7958d7d7,0,1,3,36,2026-05-12T16:29:53.863866+00:00,order,add,ask,,750cef16-b81e-4d59-a2da-bfbbac0b6a54,8267bdf6-c115-4b98-9208-4f95fafed75f,110.0,1.0,1.0,1.0,2,2.0,active,,,,,,,1778603393.880131
4036b89b-c1d0-4730-ba52-04bf7958d7d7,0,1,3,37,2026-05-12T16:29:54.780625+00:00,order,add,bid,,84321aa6-a89d-42b4-81a1-215226777cea,def5d719-8641-4561-84c6-9818a6f51175,24.0,1.0,1.0,1.0,2,2.0,active,,,,,,,1778603394.799937
4036b89b-c1d0-4730-ba52-04bf7958d7d7,0,1,2,38,2026-05-12T16:29:55.808661+00:00,order,cancel,ask,,ed942809-986c-4712-9be5-06763fe8c628,8267bdf6-c115-4b98-9208-4f95fafed75f,115.0,1.0,-1.0,0.0,,,cancelled,,,,,,,1778603395.824767
4036b89b-c1d0-4730-ba52-04bf7958d7d7,0,1,3,39,2026-05-12T16:30:01.342706+00:00,trade,trade,ask,S,,,24.0,1.0,,,,,,57c0f433-97e9-4196-a4cf-9e7d9d7c1b14,,ec7ae598-6b10-44ee-b165-729f48d3ebad,9e89a5fe-b373-4f94-92d2-4d88c753e0d0,8267bdf6-c115-4b98-9208-4f95fafed75f,def5d719-8641-4561-84c6-9818a6f51175,1778603401.380592
4036b89b-c1d0-4730-ba52-04bf7958d7d7,0,1,3,40,2026-05-12T16:30:01.389117+00:00,order,fill,ask,,9e89a5fe-b373-4f94-92d2-4d88c753e0d0,def5d719-8641-4561-84c6-9818a6f51175,24.0,1.0,-1.0,0.0,,,executed,57c0f433-97e9-4196-a4cf-9e7d9d7c1b14,ec7ae598-6b10-44ee-b165-729f48d3ebad,,,,,1778603401.457602
4036b89b-c1d0-4730-ba52-04bf7958d7d7,0,1,3,41,2026-05-12T16:30:01.463354+00:00,order,fill,bid,,ec7ae598-6b10-44ee-b165-729f48d3ebad,8267bdf6-c115-4b98-9208-4f95fafed75f,24.0,1.0,-1.0,0.0,,,executed,57c0f433-97e9-4196-a4cf-9e7d9d7c1b14,9e89a5fe-b373-4f94-92d2-4d88c753e0d0,,,,,1778603401.522371
4036b89b-c1d0-4730-ba52-04bf7958d7d7,0,1,3,42,2026-05-12T16:30:01.951283+00:00,order,add,ask,,86558713-81b8-4101-b8e6-7b7acef9fcca,1af72ba3-553a-45d5-b4ff-46f9bb8358a3,99.0,1.0,1.0,1.0,1,1.0,active,,,,,,,1778603402.025533
4036b89b-c1d0-4730-ba52-04bf7958d7d7,0,1,3,43,2026-05-12T16:30:04.956620+00:00,order,add,ask,,129616a8-32d4-4afc-9ee1-c7f05f513aa8,def5d719-8641-4561-84c6-9818a6f51175,67.0,1.0,1.0,1.0,1,1.0,active,,,,,,,1778603404.973862
9af49dc6-a1bd-40fe-b627-4a8dbdf93e45,0,2,4,71,2026-05-12T16:30:11.991006+00:00,order,cancel,ask,,7064c23a-90d9-4cfa-8a66-3356caddd3ea,a97c9f1c-5c51-47a6-b087-fa652e7a6e31,111.0,1.0,-1.0,0.0,,,cancelled,,,,,,,1778603412.006911
9af49dc6-a1bd-40fe-b627-4a8dbdf93e45,0,2,5,72,2026-05-12T16:30:16.232611+00:00,trade,trade,bid,B,,,113.75,1.0,,,,,,cd22828a-5bb6-4563-bc1d-b2c5290ab5e7,,a5fe655d-2803-42d8-b477-1130fce64a1d,bb3b7249-72c5-455f-9dc3-994a3be8c45d,a97c9f1c-5c51-47a6-b087-fa652e7a6e31,8199026d-b134-4c9c-8eb9-35b39d3ff423,1778603416.249793
9af49dc6-a1bd-40fe-b627-4a8dbdf93e45,0,2,5,73,2026-05-12T16:30:16.252959+00:00,order,fill,ask,,bb3b7249-72c5-455f-9dc3-994a3be8c45d,8199026d-b134-4c9c-8eb9-35b39d3ff423,113.75,1.0,-1.0,0.0,,,executed,cd22828a-5bb6-4563-bc1d-b2c5290ab5e7,a5fe655d-2803-42d8-b477-1130fce64a1d,,,,,1778603416.268434
9af49dc6-a1bd-40fe-b627-4a8dbdf93e45,0,2,5,74,2026-05-12T16:30:16.271290+00:00,order,fill,bid,,a5fe655d-2803-42d8-b477-1130fce64a1d,a97c9f1c-5c51-47a6-b087-fa652e7a6e31,114.0,1.0,-1.0,0.0,,,executed,cd22828a-5bb6-4563-bc1d-b2c5290ab5e7,bb3b7249-72c5-455f-9dc3-994a3be8c45d,,,,,1778603416.287311
9af49dc6-a1bd-40fe-b627-4a8dbdf93e45,0,2,5,75,2026-05-12T16:30:17.196543+00:00,order,add,ask,,ea9fd14b-4250-46e1-8ce1-8e7ece2e13b5,65041421-bea3-4034-ae77-04f68c6e46fc,112.0,1.0,1.0,1.0,1,1.0,active,,,,,,,1778603417.213987
9af49dc6-a1bd-40fe-b627-4a8dbdf93e45,0,2,5,76,2026-05-12T16:30:18.989160+00:00,order,cancel,ask,,ea9fd14b-4250-46e1-8ce1-8e7ece2e13b5,65041421-bea3-4034-ae77-04f68c6e46fc,112.0,1.0,-1.0,0.0,,,cancelled,,,,,,,1778603419.006531
9af49dc6-a1bd-40fe-b627-4a8dbdf93e45,0,2,5,77,2026-05-12T16:30:22.483712+00:00,order,add,ask,,1dca9eb4-3e9c-4b55-85f5-470a940bfaa4,65041421-bea3-4034-ae77-04f68c6e46fc,114.0,1.0,1.0,1.0,9,9.0,active,,,,,,,1778603422.500111
9af49dc6-a1bd-40fe-b627-4a8dbdf93e45,0,2,4,78,2026-05-12T16:30:26.911628+00:00,order,cancel,bid,,ae6199aa-9b56-41d7-a9f8-85c350180cb4,a97c9f1c-5c51-47a6-b087-fa652e7a6e31,110.0,1.0,-1.0,0.0,,,cancelled,,,,,,,1778603426.928507
9af49dc6-a1bd-40fe-b627-4a8dbdf93e45,0,2,5,79,2026-05-12T16:30:30.461580+00:00,order,add,ask,,d2d24fd4-1d63-4c76-9438-7348763f9cdd,a97c9f1c-5c51-47a6-b087-fa652e7a6e31,116.0,1.0,1.0,1.0,1,1.0,active,,,,,,,1778603430.478399
9af49dc6-a1bd-40fe-b627-4a8dbdf93e45,0,2,3,80,2026-05-12T16:30:36.275511+00:00,order,cancel,ask,,eb7b5c3c-cf9b-431f-8a7c-e209b4c44afe,a97c9f1c-5c51-47a6-b087-fa652e7a6e31,114.0,1.0,-1.0,0.0,,,cancelled,,,,,,,1778603436.291406
a5f35780-eeec-48f3-bd11-2a02633bc450,0,2,2,12,2026-05-12T16:30:37.614708+00:00,order,add,ask,,576a83f3-7b7c-4bf1-bc03-a7546804ca5f,3f3f926c-76bd-44db-b2dc-3e8e8ddbccb6,89.99,1.0,1.0,1.0,1,1.0,active,,,,,,,1778603437.631628
a5f35780-eeec-48f3-bd11-2a02633bc450,0,2,2,13,2026-05-12T16:30:37.850720+00:00,order,add,ask,,0257149d-99a4-4943-9176-508468f6d8a5,6a27507f-b151-4a9f-b11f-d433b22aeb62,102.0,1.0,1.0,1.0,2,2.0,active,,,,,,,1778603437.866847
9af49dc6-a1bd-40fe-b627-4a8dbdf93e45,0,2,3,81,2026-05-12T16:30:38.869285+00:00,order,cancel,bid,,04f77279-3b88-4831-a911-7e6322ba52cb,65041421-bea3-4034-ae77-04f68c6e46fc,108.5,1.0,-1.0,0.0,,,cancelled,,,,,,,1778603438.88578
9af49dc6-a1bd-40fe-b627-4a8dbdf93e45,0,2,5,82,2026-05-12T16:30:41.166282+00:00,order,add,ask,,64035b0d-0815-423c-92e6-1354817be965,a97c9f1c-5c51-47a6-b087-fa652e7a6e31,115.0,1.0,1.0,1.0,4,4.0,active,,,,,,,1778603441.182493
a5f35780-eeec-48f3-bd11-2a02633bc450,0,2,1,14,2026-05-12T16:30:44.021243+00:00,order,cancel,ask,,536edc4e-aae5-4a60-92ec-057e1d0ea69c,14a8161a-9d15-4590-8e4a-d60fa690d14e,120.0,1.0,-1.0,0.0,,,cancelled,,,,,,,1778603444.039494
a5f35780-eeec-48f3-bd11-2a02633bc450,0,2,2,15,2026-05-12T16:30:45.855583+00:00,order,add,bid,,c23edaae-ea2d-4403-bbb5-7fe8bcc41665,3f3f926c-76bd-44db-b2dc-3e8e8ddbccb6,84.99,1.0,1.0,1.0,1,1.0,active,,,,,,,1778603445.871614
a5f35780-eeec-48f3-bd11-2a02633bc450,0,2,2,16,2026-05-12T16:30:47.339307+00:00,trade,trade,bid,B,,,89.99,1.0,,,,,,f8d69369-b04e-45a7-a545-31f775034425,,2bd3c594-c386-4c69-ab32-83961605ace6,576a83f3-7b7c-4bf1-bc03-a7546804ca5f,6a27507f-b151-4a9f-b11f-d433b22aeb62,3f3f926c-76bd-44db-b2dc-3e8e8ddbccb6,1778603447.355849
a5f35780-eeec-48f3-bd11-2a02633bc450,0,2,2,17,2026-05-12T16:30:47.358998+00:00,order,fill,ask,,576a83f3-7b7c-4bf1-bc03-a7546804ca5f,3f3f926c-76bd-44db-b2dc-3e8e8ddbccb6,89.99,1.0,-1.0,0.0,,,executed,f8d69369-b04e-45a7-a545-31f775034425,2bd3c594-c386-4c69-ab32-83961605ace6,,,,,1778603447.374463
a5f35780-eeec-48f3-bd11-2a02633bc450,0,2,2,18,2026-05-12T16:30:47.377334+00:00,order,fill,bid,,2bd3c594-c386-4c69-ab32-83961605ace6,6a27507f-b151-4a9f-b11f-d433b22aeb62,93.0,1.0,-1.0,0.0,,,executed,f8d69369-b04e-45a7-a545-31f775034425,576a83f3-7b7c-4bf1-bc03-a7546804ca5f,,,,,1778603447.392126
a5f35780-eeec-48f3-bd11-2a02633bc450,0,2,2,19,2026-05-12T16:30:47.754435+00:00,order,add,ask,,3f398c95-4f76-49c0-a2ff-a6b064e3dd43,7263bda7-ce07-4527-829d-593539f9496a,88.0,1.0,1.0,1.0,1,1.0,active,,,,,,,1778603447.770433
9af49dc6-a1bd-40fe-b627-4a8dbdf93e45,0,2,5,83,2026-05-12T16:30:49.588636+00:00,order,add,bid,,698f3c42-bb4c-4ef6-a3f8-f41e13d24308,65041421-bea3-4034-ae77-04f68c6e46fc,110.0,1.0,1.0,1.0,1,1.0,active,,,,,,,1778603449.604792
9af49dc6-a1bd-40fe-b627-4a8dbdf93e45,0,2,5,84,2026-05-12T16:30:50.025310+00:00,trade,trade,ask,S,,,110.0,1.0,,,,,,33719865-db86-4d5b-aea0-ad0d5edf5b4c,,698f3c42-bb4c-4ef6-a3f8-f41e13d24308,29c187ff-f005-4e95-8cd2-f46f86f65e6b,65041421-bea3-4034-ae77-04f68c6e46fc,a97c9f1c-5c51-47a6-b087-fa652e7a6e31,1778603450.04202
9af49dc6-a1bd-40fe-b627-4a8dbdf93e45,0,2,5,85,2026-05-12T16:30:50.044993+00:00,order,fill,ask,,29c187ff-f005-4e95-8cd2-f46f86f65e6b,a97c9f1c-5c51-47a6-b087-fa652e7a6e31,110.0,1.0,-1.0,0.0,,,executed,33719865-db86-4d5b-aea0-ad0d5edf5b4c,698f3c42-bb4c-4ef6-a3f8-f41e13d24308,,,,,1778603450.060874
9af49dc6-a1bd-40fe-b627-4a8dbdf93e45,0,2,5,86,2026-05-12T16:30:50.063701+00:00,order,fill,bid,,698f3c42-bb4c-4ef6-a3f8-f41e13d24308,65041421-bea3-4034-ae77-04f68c6e46fc,110.0,1.0,-1.0,0.0,,,executed,33719865-db86-4d5b-aea0-ad0d5edf5b4c,29c187ff-f005-4e95-8cd2-f46f86f65e6b,,,,,1778603450.078629
9af49dc6-a1bd-40fe-b627-4a8dbdf93e45,0,2,5,87,2026-05-12T16:30:52.365384+00:00,order,add,ask,,e69cad0e-eff8-4af3-8a9d-d034e8468831,a97c9f1c-5c51-47a6-b087-fa652e7a6e31,114.0,1.0,1.0,1.0,9,9.0,active,,,,,,,1778603452.381875
9af49dc6-a1bd-40fe-b627-4a8dbdf93e45,0,2,5,88,2026-05-12T16:30:55.557711+00:00,order,add,bid,,b9721c55-d576-4408-a2f6-3df532bb6cac,a97c9f1c-5c51-47a6-b087-fa652e7a6e31,107.0,1.0,1.0,1.0,1,1.0,active,,,,,,,1778603455.573965
a5f35780-eeec-48f3-bd11-2a02633bc450,0,2,2,20,2026-05-12T16:30:57.045970+00:00,order,add,ask,,542ea2bb-079e-4af7-8350-0155f7bc3742,3f3f926c-76bd-44db-b2dc-3e8e8ddbccb6,89.99,1.0,1.0,1.0,1,1.0,active,,,,,,,1778603457.06282
9af49dc6-a1bd-40fe-b627-4a8dbdf93e45,0,2,5,89,2026-05-12T16:30:57.280732+00:00,order,add,bid,,14b2c9e8-7743-446d-a29f-3c5ed9bf6d8f,a97c9f1c-5c51-47a6-b087-fa652e7a6e31,108.0,1.0,1.0,1.0,2,2.0,active,,,,,,,1778603457.29723
a5f35780-eeec-48f3-bd11-2a02633bc450,0,2,2,21,2026-05-12T16:31:08.492827+00:00,trade,trade,bid,B,,,88.0,1.0,,,,,,d69d9fc4-8737-4578-9cd8-8bcec36daf25,,c1f1d57f-05db-46f4-808a-38cf2a1c7a31,3f398c95-4f76-49c0-a2ff-a6b064e3dd43,14a8161a-9d15-4590-8e4a-d60fa690d14e,7263bda7-ce07-4527-829d-593539f9496a,1778603468.509896
a5f35780-eeec-48f3-bd11-2a02633bc450,0,2,2,22,2026-05-12T16:31:08.513033+00:00,order,fill,ask,,3f398c95-4f76-49c0-a2ff-a6b064e3dd43,7263bda7-ce07-4527-829d-593539f9496a,88.0,1.0,-1.0,0.0,,,executed,d69d9fc4-8737-4578-9cd8-8bcec36daf25,c1f1d57f-05db-46f4-808a-38cf2a1c7a31,,,,,1778603468.529335
a5f35780-eeec-48f3-bd11-2a02633bc450,0,2,2,23,2026-05-12T16:31:08.532364+00:00,order,fill,bid,,c1f1d57f-05db-46f4-808a-38cf2a1c7a31,14a8161a-9d15-4590-8e4a-d60fa690d14e,88.0,1.0,-1.0,0.0,,,executed,d69d9fc4-8737-4578-9cd8-8bcec36daf25,3f398c95-4f76-49c0-a2ff-a6b064e3dd43,,,,,1778603468.549246
a5f35780-eeec-48f3-bd11-2a02633bc450,0,2,2,24,2026-05-12T16:31:12.845441+00:00,order,add,ask,,f4ce8363-fb14-4831-be0e-2650f9e9b62e,7263bda7-ce07-4527-829d-593539f9496a,92.5,1.0,1.0,1.0,1,1.0,active,,,,,,,1778603472.861247
17f3bde5-9e00-47d0-8909-b138b266b325,0,2,1,1,2026-05-12T16:31:15.693535+00:00,order,add,ask,,962bcef4-a09d-4694-a2b2-1964953d4b44,e4da5453-0e94-4ba4-b1bb-3b711e2a2c8d,120.0,1.0,1.0,1.0,1,1.0,active,,,,,,,1778603475.70983
17f3bde5-9e00-47d0-8909-b138b266b325,0,2,1,2,2026-05-12T16:31:16.337822+00:00,order,add,ask,,896ff299-10d9-4d15-8084-163a64ac6520,121ddd6b-3999-4e05-a2b3-d80bdfc8efba,135.0,1.0,1.0,1.0,1,1.0,active,,,,,,,1778603476.354846
17f3bde5-9e00-47d0-8909-b138b266b325,0,2,1,3,2026-05-12T16:31:21.421738+00:00,order,add,ask,,2eae0963-52cb-4c64-b54c-e68bf0e5c3b9,6eb3648e-8876-4d12-96eb-7269067415d5,99.0,1.0,1.0,1.0,1,1.0,active,,,,,,,1778603481.437784
17f3bde5-9e00-47d0-8909-b138b266b325,0,2,1,4,2026-05-12T16:31:21.692479+00:00,order,add,ask,,b8407d31-a93a-4d38-9ef2-9349ce69d371,e4da5453-0e94-4ba4-b1bb-3b711e2a2c8d,118.0,1.0,1.0,1.0,1,1.0,active,,,,,,,1778603481.708532
a5f35780-eeec-48f3-bd11-2a02633bc450,0,2,2,25,2026-05-12T16:31:27.443325+00:00,trade,trade,ask,S,,,84.99,1.0,,,,,,2e9404b3-d584-42d1-82be-25ec68f31c5c,,c23edaae-ea2d-4403-bbb5-7fe8bcc41665,c4451e35-abcc-4f96-8056-190db1c7f15c,3f3f926c-76bd-44db-b2dc-3e8e8ddbccb6,b051dea2-10fd-492e-a16a-123e7f6bc6ac,1778603487.463815
a5f35780-eeec-48f3-bd11-2a02633bc450,0,2,2,26,2026-05-12T16:31:27.466923+00:00,order,fill,ask,,c4451e35-abcc-4f96-8056-190db1c7f15c,b051dea2-10fd-492e-a16a-123e7f6bc6ac,84.99,1.0,-1.0,0.0,,,executed,2e9404b3-d584-42d1-82be-25ec68f31c5c,c23edaae-ea2d-4403-bbb5-7fe8bcc41665,,,,,1778603487.485958
a5f35780-eeec-48f3-bd11-2a02633bc450,0,2,2,27,2026-05-12T16:31:27.489696+00:00,order,fill,bid,,c23edaae-ea2d-4403-bbb5-7fe8bcc41665,3f3f926c-76bd-44db-b2dc-3e8e8ddbccb6,84.99,1.0,-1.0,0.0,,,executed,2e9404b3-d584-42d1-82be-25ec68f31c5c,c4451e35-abcc-4f96-8056-190db1c7f15c,,,,,1778603487.5086
17f3bde5-9e00-47d0-8909-b138b266b325,0,2,1,5,2026-05-12T16:31:27.850414+00:00,trade,trade,bid,B,,,99.0,1.0,,,,,,5eb24ef4-ac12-4c72-b6b0-4aa842065cc5,,f319f1d6-5b1e-47ed-aeb9-a6cb08ecac47,2eae0963-52cb-4c64-b54c-e68bf0e5c3b9,121ddd6b-3999-4e05-a2b3-d80bdfc8efba,6eb3648e-8876-4d12-96eb-7269067415d5,1778603487.867325
17f3bde5-9e00-47d0-8909-b138b266b325,0,2,1,6,2026-05-12T16:31:27.870585+00:00,order,fill,ask,,2eae0963-52cb-4c64-b54c-e68bf0e5c3b9,6eb3648e-8876-4d12-96eb-7269067415d5,99.0,1.0,-1.0,0.0,,,executed,5eb24ef4-ac12-4c72-b6b0-4aa842065cc5,f319f1d6-5b1e-47ed-aeb9-a6cb08ecac47,,,,,1778603487.886376
17f3bde5-9e00-47d0-8909-b138b266b325,0,2,1,7,2026-05-12T16:31:27.889338+00:00,order,fill,bid,,f319f1d6-5b1e-47ed-aeb9-a6cb08ecac47,121ddd6b-3999-4e05-a2b3-d80bdfc8efba,99.0,1.0,-1.0,0.0,,,executed,5eb24ef4-ac12-4c72-b6b0-4aa842065cc5,2eae0963-52cb-4c64-b54c-e68bf0e5c3b9,,,,,1778603487.904146
17f3bde5-9e00-47d0-8909-b138b266b325,0,2,1,8,2026-05-12T16:31:30.241974+00:00,order,add,bid,,9b84863c-796d-4430-b707-32f6917c7ffc,8097813e-2f6f-40a4-be05-70c6d8d3bca7,30.0,1.0,1.0,1.0,1,1.0,active,,,,,,,1778603490.259166
17f3bde5-9e00-47d0-8909-b138b266b325,0,2,1,9,2026-05-12T16:31:35.364901+00:00,order,add,bid,,6fdb4b55-8205-437e-9987-a0cf6b4e514c,e4da5453-0e94-4ba4-b1bb-3b711e2a2c8d,90.0,1.0,1.0,1.0,1,1.0,active,,,,,,,1778603495.381563
17f3bde5-9e00-47d0-8909-b138b266b325,0,2,1,10,2026-05-12T16:31:45.979835+00:00,order,add,ask,,5be135fc-e494-4eb5-882d-c7a1d5ebef49,e4da5453-0e94-4ba4-b1bb-3b711e2a2c8d,112.0,1.0,1.0,1.0,1,1.0,active,,,,,,,1778603505.996789
17f3bde5-9e00-47d0-8909-b138b266b325,0,2,1,11,2026-05-12T16:31:50.146233+00:00,trade,trade,bid,B,,,112.0,1.0,,,,,,34e1bf6d-1816-4f5c-acb2-e82e64cabbfd,,7b57e76f-fcb5-4b5f-b823-05814745a4af,5be135fc-e494-4eb5-882d-c7a1d5ebef49,121ddd6b-3999-4e05-a2b3-d80bdfc8efba,e4da5453-0e94-4ba4-b1bb-3b711e2a2c8d,1778603510.162921
17f3bde5-9e00-47d0-8909-b138b266b325,0,2,1,12,2026-05-12T16:31:50.166553+00:00,order,fill,ask,,5be135fc-e494-4eb5-882d-c7a1d5ebef49,e4da5453-0e94-4ba4-b1bb-3b711e2a2c8d,112.0,1.0,-1.0,0.0,,,executed,34e1bf6d-1816-4f5c-acb2-e82e64cabbfd,7b57e76f-fcb5-4b5f-b823-05814745a4af,,,,,1778603510.182382
17f3bde5-9e00-47d0-8909-b138b266b325,0,2,1,13,2026-05-12T16:31:50.186260+00:00,order,fill,bid,,7b57e76f-fcb5-4b5f-b823-05814745a4af,121ddd6b-3999-4e05-a2b3-d80bdfc8efba,112.0,1.0,-1.0,0.0,,,executed,34e1bf6d-1816-4f5c-acb2-e82e64cabbfd,5be135fc-e494-4eb5-882d-c7a1d5ebef49,,,,,1778603510.203569
17f3bde5-9e00-47d0-8909-b138b266b325,0,2,1,14,2026-05-12T16:31:50.829388+00:00,order,add,bid,,6bb521de-27ce-4175-8e62-1f4d292053e4,6eb3648e-8876-4d12-96eb-7269067415d5,30.0,1.0,1.0,1.0,2,2.0,active,,,,,,,1778603510.846411
17f3bde5-9e00-47d0-8909-b138b266b325,0,2,1,15,2026-05-12T16:31:52.053640+00:00,order,add,ask,,40a32964-f898-4c2d-9b6a-b7886be92987,e4da5453-0e94-4ba4-b1bb-3b711e2a2c8d,108.0,1.0,1.0,1.0,1,1.0,active,,,,,,,1778603512.070879
9af49dc6-a1bd-40fe-b627-4a8dbdf93e45,0,2,3,90,2026-05-12T16:31:52.754599+00:00,order,cancel,ask,,38a08f37-8c3d-4e9e-a679-e19ce6b3adc1,a97c9f1c-5c51-47a6-b087-fa652e7a6e31,114.0,1.0,-1.0,0.0,,,cancelled,,,,,,,1778603512.770295
a5f35780-eeec-48f3-bd11-2a02633bc450,0,2,1,28,2026-05-12T16:31:53.662786+00:00,order,cancel,bid,,e064bda0-8977-4a13-868d-2fe5c28538b1,d896d1d1-903a-4faf-af2e-bda1e25a47cc,82.0,1.0,-1.0,0.0,,,cancelled,,,,,,,1778603513.680827
a5f35780-eeec-48f3-bd11-2a02633bc450,0,2,1,29,2026-05-12T16:31:53.839944+00:00,order,cancel,bid,,c7d3b487-cfd3-4172-bd35-45562a5c48f0,d896d1d1-903a-4faf-af2e-bda1e25a47cc,80.0,1.0,-1.0,0.0,,,cancelled,,,,,,,1778603513.855816
17f3bde5-9e00-47d0-8909-b138b266b325,0,2,1,16,2026-05-12T16:31:54.032748+00:00,order,add,bid,,2c0db549-ed4b-47b7-a5d0-5d21771b0dec,1fee9bd8-a0b5-414d-b996-84be8a4a131f,90.0,1.0,1.0,1.0,2,2.0,active,,,,,,,1778603514.048549
9af49dc6-a1bd-40fe-b627-4a8dbdf93e45,0,2,6,91,2026-05-12T16:31:58.723652+00:00,order,add,ask,,b5e5af8c-fbf0-4a10-b739-2ab741c694ad,a97c9f1c-5c51-47a6-b087-fa652e7a6e31,115.0,1.0,1.0,1.0,5,5.0,active,,,,,,,1778603518.746228
a5f35780-eeec-48f3-bd11-2a02633bc450,0,2,3,30,2026-05-12T16:31:58.787982+00:00,order,add,bid,,2b24c4ca-7793-4b86-9968-f536c94220bd,7263bda7-ce07-4527-829d-593539f9496a,88.0,1.0,1.0,1.0,1,1.0,active,,,,,,,1778603518.809401
9af49dc6-a1bd-40fe-b627-4a8dbdf93e45,0,2,6,92,2026-05-12T16:31:59.443673+00:00,order,add,bid,,d3d7a1f4-811d-4d4c-9afe-b44b7cd1b594,65041421-bea3-4034-ae77-04f68c6e46fc,108.5,1.0,1.0,1.0,1,1.0,active,,,,,,,1778603519.46089
17f3bde5-9e00-47d0-8909-b138b266b325,0,2,1,17,2026-05-12T16:32:00.790995+00:00,order,add,bid,,4041fdf1-06c9-4067-ada6-2c688ebd9dd6,6eb3648e-8876-4d12-96eb-7269067415d5,90.0,1.0,1.0,1.0,3,3.0,active,,,,,,,1778603520.807985
9af49dc6-a1bd-40fe-b627-4a8dbdf93e45,0,2,6,93,2026-05-12T16:32:00.845197+00:00,order,add,bid,,b51f77d8-9c6b-41bd-bff8-392345150168,8199026d-b134-4c9c-8eb9-35b39d3ff423,110.0,1.0,1.0,1.0,1,1.0,active,,,,,,,1778603520.861502
17f3bde5-9e00-47d0-8909-b138b266b325,0,2,1,18,2026-05-12T16:32:01.336600+00:00,order,add,ask,,87549502-71ff-4f64-9de2-6b662a002746,1fee9bd8-a0b5-414d-b996-84be8a4a131f,108.0,1.0,1.0,1.0,2,2.0,active,,,,,,,1778603521.362623
a5f35780-eeec-48f3-bd11-2a02633bc450,0,2,3,31,2026-05-12T16:32:01.830168+00:00,trade,trade,ask,S,,,88.0,1.0,,,,,,aa530ae8-3ab7-4e43-84ab-a4dbb9219290,,2b24c4ca-7793-4b86-9968-f536c94220bd,c9d888a2-d09a-4293-8888-688e407c6cf8,7263bda7-ce07-4527-829d-593539f9496a,3f3f926c-76bd-44db-b2dc-3e8e8ddbccb6,1778603521.882205
a5f35780-eeec-48f3-bd11-2a02633bc450,0,2,3,32,2026-05-12T16:32:01.887521+00:00,order,fill,ask,,c9d888a2-d09a-4293-8888-688e407c6cf8,3f3f926c-76bd-44db-b2dc-3e8e8ddbccb6,82.99,1.0,-1.0,0.0,,,executed,aa530ae8-3ab7-4e43-84ab-a4dbb9219290,2b24c4ca-7793-4b86-9968-f536c94220bd,,,,,1778603521.943874
a5f35780-eeec-48f3-bd11-2a02633bc450,0,2,3,33,2026-05-12T16:32:01.953686+00:00,order,fill,bid,,2b24c4ca-7793-4b86-9968-f536c94220bd,7263bda7-ce07-4527-829d-593539f9496a,88.0,1.0,-1.0,0.0,,,executed,aa530ae8-3ab7-4e43-84ab-a4dbb9219290,c9d888a2-d09a-4293-8888-688e407c6cf8,,,,,1778603521.9894
a5f35780-eeec-48f3-bd11-2a02633bc450,0,2,3,34,2026-05-12T16:32:02.835399+00:00,order,add,bid,,7ea1bcf1-0572-4abb-9ad9-ee251515447c,7263bda7-ce07-4527-829d-593539f9496a,89.0,1.0,1.0,1.0,1,1.0,active,,,,,,,1778603522.856843
a5f35780-eeec-48f3-bd11-2a02633bc450,0,2,3,35,2026-05-12T16:32:04.349114+00:00,trade,trade,ask,S,,,89.0,1.0,,,,,,574dde07-73e0-42a0-b0f3-ee6768c5e526,,7ea1bcf1-0572-4abb-9ad9-ee251515447c,a2d9704f-75e8-48b6-a425-ab8d8e702e63,7263bda7-ce07-4527-829d-593539f9496a,d896d1d1-903a-4faf-af2e-bda1e25a47cc,1778603524.36612
a5f35780-eeec-48f3-bd11-2a02633bc450,0,2,3,36,2026-05-12T16:32:04.369385+00:00,order,fill,ask,,a2d9704f-75e8-48b6-a425-ab8d8e702e63,d896d1d1-903a-4faf-af2e-bda1e25a47cc,80.0,1.0,-1.0,0.0,,,executed,574dde07-73e0-42a0-b0f3-ee6768c5e526,7ea1bcf1-0572-4abb-9ad9-ee251515447c,,,,,1778603524.385219
a5f35780-eeec-48f3-bd11-2a02633bc450,0,2,3,37,2026-05-12T16:32:04.388134+00:00,order,fill,bid,,7ea1bcf1-0572-4abb-9ad9-ee251515447c,7263bda7-ce07-4527-829d-593539f9496a,89.0,1.0,-1.0,0.0,,,executed,574dde07-73e0-42a0-b0f3-ee6768c5e526,a2d9704f-75e8-48b6-a425-ab8d8e702e63,,,,,1778603524.404503
9af49dc6-a1bd-40fe-b627-4a8dbdf93e45,0,2,3,94,2026-05-12T16:32:05.041553+00:00,order,cancel,ask,,db9348b5-cb38-41b2-9f62-534f5ef3533d,a97c9f1c-5c51-47a6-b087-fa652e7a6e31,114.0,1.0,-1.0,0.0,,,cancelled,,,,,,,1778603525.059696
9af49dc6-a1bd-40fe-b627-4a8dbdf93e45,0,2,6,95,2026-05-12T16:32:05.775757+00:00,order,add,ask,,29fe1afb-cd10-4226-bbb1-15031e4baa2a,a97c9f1c-5c51-47a6-b087-fa652e7a6e31,115.0,1.0,1.0,1.0,6,6.0,active,,,,,,,1778603525.7916
a5f35780-eeec-48f3-bd11-2a02633bc450,0,2,3,38,2026-05-12T16:32:07.803427+00:00,order,add,bid,,880364b9-27d7-4a78-bf42-702b2c5726e3,6a27507f-b151-4a9f-b11f-d433b22aeb62,85.0,1.0,1.0,1.0,1,1.0,active,,,,,,,1778603527.819513
a5f35780-eeec-48f3-bd11-2a02633bc450,0,2,2,39,2026-05-12T16:32:11.371682+00:00,order,cancel,ask,,0257149d-99a4-4943-9176-508468f6d8a5,6a27507f-b151-4a9f-b11f-d433b22aeb62,102.0,1.0,-1.0,0.0,,,cancelled,,,,,,,1778603531.388456
a5f35780-eeec-48f3-bd11-2a02633bc450,0,2,3,40,2026-05-12T16:32:11.466184+00:00,order,add,bid,,48de17f2-6894-47ab-b2cb-620f17cf6410,7263bda7-ce07-4527-829d-593539f9496a,89.0,1.0,1.0,1.0,1,1.0,active,,,,,,,1778603531.483066
9af49dc6-a1bd-40fe-b627-4a8dbdf93e45,0,2,6,96,2026-05-12T16:32:11.609243+00:00,order,add,ask,,0b2c2639-8c4b-419e-8770-f5efeee494d3,8199026d-b134-4c9c-8eb9-35b39d3ff423,114.0,1.0,1.0,1.0,8,8.0,active,,,,,,,1778603531.625982
9af49dc6-a1bd-40fe-b627-4a8dbdf93e45,0,2,3,97,2026-05-12T16:32:11.886626+00:00,order,cancel,ask,,77660a29-74dc-4623-8ea8-762efb2e75e3,a97c9f1c-5c51-47a6-b087-fa652e7a6e31,114.0,1.0,-1.0,0.0,,,cancelled,,,,,,,1778603531.903126
a5f35780-eeec-48f3-bd11-2a02633bc450,0,2,3,41,2026-05-12T16:32:12.731506+00:00,order,cancel,bid,,880364b9-27d7-4a78-bf42-702b2c5726e3,6a27507f-b151-4a9f-b11f-d433b22aeb62,85.0,1.0,-1.0,0.0,,,cancelled,,,,,,,1778603532.747756
9af49dc6-a1bd-40fe-b627-4a8dbdf93e45,0,2,6,98,2026-05-12T16:32:15.889317+00:00,order,add,ask,,06e406b3-9700-4f97-845f-11df3faebe06,a97c9f1c-5c51-47a6-b087-fa652e7a6e31,115.0,1.0,1.0,1.0,7,7.0,active,,,,,,,1778603535.905118
a5f35780-eeec-48f3-bd11-2a02633bc450,0,2,3,42,2026-05-12T16:32:16.221073+00:00,trade,trade,ask,S,,,89.0,1.0,,,,,,3b8c2292-7686-41c5-b163-437762adf9a3,,48de17f2-6894-47ab-b2cb-620f17cf6410,b122a517-de28-4e42-973f-389247572c84,7263bda7-ce07-4527-829d-593539f9496a,d896d1d1-903a-4faf-af2e-bda1e25a47cc,1778603536.236773
a5f35780-eeec-48f3-bd11-2a02633bc450,0,2,3,43,2026-05-12T16:32:16.239794+00:00,order,fill,ask,,b122a517-de28-4e42-973f-389247572c84,d896d1d1-903a-4faf-af2e-bda1e25a47cc,89.0,1.0,-1.0,0.0,,,executed,3b8c2292-7686-41c5-b163-437762adf9a3,48de17f2-6894-47ab-b2cb-620f17cf6410,,,,,1778603536.255486
a5f35780-eeec-48f3-bd11-2a02633bc450,0,2,3,44,2026-05-12T16:32:16.258478+00:00,order,fill,bid,,48de17f2-6894-47ab-b2cb-620f17cf6410,7263bda7-ce07-4527-829d-593539f9496a,89.0,1.0,-1.0,0.0,,,executed,3b8c2292-7686-41c5-b163-437762adf9a3,b122a517-de28-4e42-973f-389247572c84,,,,,1778603536.273884
a5f35780-eeec-48f3-bd11-2a02633bc450,0,2,3,45,2026-05-12T16:32:17.033852+00:00,order,add,bid,,776ed5a9-9bff-433e-ab5b-ccef157f3426,7263bda7-ce07-4527-829d-593539f9496a,89.0,1.0,1.0,1.0,1,1.0,active,,,,,,,1778603537.050936
a5f35780-eeec-48f3-bd11-2a02633bc450,0,2,3,46,2026-05-12T16:32:19.051766+00:00,trade,trade,ask,S,,,89.0,1.0,,,,,,0cb786a5-fcf7-436a-8f43-f6f27ce9f967,,776ed5a9-9bff-433e-ab5b-ccef157f3426,520c58a1-3ca9-4e77-b24c-eb11e920204b,7263bda7-ce07-4527-829d-593539f9496a,6a27507f-b151-4a9f-b11f-d433b22aeb62,1778603539.068334
a5f35780-eeec-48f3-bd11-2a02633bc450,0,2,3,47,2026-05-12T16:32:19.071449+00:00,order,fill,ask,,520c58a1-3ca9-4e77-b24c-eb11e920204b,6a27507f-b151-4a9f-b11f-d433b22aeb62,85.0,1.0,-1.0,0.0,,,executed,0cb786a5-fcf7-436a-8f43-f6f27ce9f967,776ed5a9-9bff-433e-ab5b-ccef157f3426,,,,,1778603539.087655
a5f35780-eeec-48f3-bd11-2a02633bc450,0,2,3,48,2026-05-12T16:32:19.090934+00:00,order,fill,bid,,776ed5a9-9bff-433e-ab5b-ccef157f3426,7263bda7-ce07-4527-829d-593539f9496a,89.0,1.0,-1.0,0.0,,,executed,0cb786a5-fcf7-436a-8f43-f6f27ce9f967,520c58a1-3ca9-4e77-b24c-eb11e920204b,,,,,1778603539.106642
9af49dc6-a1bd-40fe-b627-4a8dbdf93e45,0,2,6,99,2026-05-12T16:32:19.504896+00:00,order,add,bid,,9610b3b9-b66a-4c8b-80be-62241365bf82,8199026d-b134-4c9c-8eb9-35b39d3ff423,112.0,1.0,1.0,1.0,1,1.0,active,,,,,,,1778603539.521786
a5f35780-eeec-48f3-bd11-2a02633bc450,0,2,3,49,2026-05-12T16:32:19.559833+00:00,order,add,ask,,61206133-8c39-4c6b-b336-5a7dc0fb4018,d896d1d1-903a-4faf-af2e-bda1e25a47cc,89.5,1.0,1.0,1.0,1,1.0,active,,,,,,,1778603539.576344
9af49dc6-a1bd-40fe-b627-4a8dbdf93e45,0,2,6,100,2026-05-12T16:32:22.358462+00:00,order,cancel,bid,,d3d7a1f4-811d-4d4c-9afe-b44b7cd1b594,65041421-bea3-4034-ae77-04f68c6e46fc,108.5,1.0,-1.0,0.0,,,cancelled,,,,,,,1778603542.374523
a5f35780-eeec-48f3-bd11-2a02633bc450,0,2,3,50,2026-05-12T16:32:22.900889+00:00,order,add,ask,,e4af532b-baa6-43c3-bdbd-6b392bb6ac79,d896d1d1-903a-4faf-af2e-bda1e25a47cc,89.0,1.0,1.0,1.0,1,1.0,active,,,,,,,1778603542.917307
a5f35780-eeec-48f3-bd11-2a02633bc450,0,2,3,51,2026-05-12T16:32:23.053509+00:00,order,add,bid,,2bcc8d51-8251-4501-865e-8a72cbba6546,3f3f926c-76bd-44db-b2dc-3e8e8ddbccb6,80.99,1.0,1.0,1.0,1,1.0,active,,,,,,,1778603543.069951
9af49dc6-a1bd-40fe-b627-4a8dbdf93e45,0,2,6,101,2026-05-12T16:32:28.284365+00:00,order,add,bid,,77896c80-4f84-46a0-a02d-00a7f70ede4a,a97c9f1c-5c51-47a6-b087-fa652e7a6e31,112.0,1.0,1.0,1.0,2,2.0,active,,,,,,,1778603548.300507
9af49dc6-a1bd-40fe-b627-4a8dbdf93e45,0,2,6,102,2026-05-12T16:32:28.443724+00:00,order,add,bid,,359a5e5b-9756-4d26-9449-4c7fb25b5480,65041421-bea3-4034-ae77-04f68c6e46fc,110.5,1.0,1.0,1.0,1,1.0,active,,,,,,,1778603548.459672
a5f35780-eeec-48f3-bd11-2a02633bc450,0,2,3,52,2026-05-12T16:32:30.085654+00:00,trade,trade,ask,S,,,80.99,1.0,,,,,,3c3d61f6-31d8-4ca8-ac4e-ee86f72147b2,,2bcc8d51-8251-4501-865e-8a72cbba6546,f7f894bb-f15a-4353-a615-7fef1a8d276f,3f3f926c-76bd-44db-b2dc-3e8e8ddbccb6,d896d1d1-903a-4faf-af2e-bda1e25a47cc,1778603550.102914
a5f35780-eeec-48f3-bd11-2a02633bc450,0,2,3,53,2026-05-12T16:32:30.106593+00:00,order,fill,ask,,f7f894bb-f15a-4353-a615-7fef1a8d276f,d896d1d1-903a-4faf-af2e-bda1e25a47cc,80.0,1.0,-1.0,0.0,,,executed,3c3d61f6-31d8-4ca8-ac4e-ee86f72147b2,2bcc8d51-8251-4501-865e-8a72cbba6546,,,,,1778603550.122904
a5f35780-eeec-48f3-bd11-2a02633bc450,0,2,3,54,2026-05-12T16:32:30.125874+00:00,order,fill,bid,,2bcc8d51-8251-4501-865e-8a72cbba6546,3f3f926c-76bd-44db-b2dc-3e8e8ddbccb6,80.99,1.0,-1.0,0.0,,,executed,3c3d61f6-31d8-4ca8-ac4e-ee86f72147b2,f7f894bb-f15a-4353-a615-7fef1a8d276f,,,,,1778603550.143057
a5f35780-eeec-48f3-bd11-2a02633bc450,0,2,3,55,2026-05-12T16:32:30.364221+00:00,order,add,bid,,d2d81605-54e7-4166-aa55-499b37999439,6a27507f-b151-4a9f-b11f-d433b22aeb62,72.0,1.0,1.0,1.0,1,1.0,active,,,,,,,1778603550.380116
9af49dc6-a1bd-40fe-b627-4a8dbdf93e45,0,2,6,103,2026-05-12T16:32:31.543780+00:00,order,add,ask,,9c0a2cbe-6cb6-4338-a48c-50732a50a68a,a97c9f1c-5c51-47a6-b087-fa652e7a6e31,115.0,1.0,1.0,1.0,8,8.0,active,,,,,,,1778603551.559466
a5f35780-eeec-48f3-bd11-2a02633bc450,0,2,3,56,2026-05-12T16:32:32.892161+00:00,order,add,ask,,55f850e0-fa00-44f0-9580-e7aadd4e7dfc,d896d1d1-903a-4faf-af2e-bda1e25a47cc,85.0,1.0,1.0,1.0,1,1.0,active,,,,,,,1778603552.908853
9af49dc6-a1bd-40fe-b627-4a8dbdf93e45,0,2,6,104,2026-05-12T16:32:33.738938+00:00,order,add,bid,,66ea47ba-6639-4697-a650-0c5ec6523fe1,a97c9f1c-5c51-47a6-b087-fa652e7a6e31,111.0,1.0,1.0,1.0,1,1.0,active,,,,,,,1778603553.755429
a5f35780-eeec-48f3-bd11-2a02633bc450,0,2,3,57,2026-05-12T16:32:35.029643+00:00,order,cancel,ask,,61206133-8c39-4c6b-b336-5a7dc0fb4018,d896d1d1-903a-4faf-af2e-bda1e25a47cc,89.5,1.0,-1.0,0.0,,,cancelled,,,,,,,1778603555.046501
a5f35780-eeec-48f3-bd11-2a02633bc450,0,2,3,58,2026-05-12T16:32:35.381695+00:00,order,add,bid,,9b8bd1cb-b0cd-4087-9d75-37d140423a0f,14a8161a-9d15-4590-8e4a-d60fa690d14e,72.0,1.0,1.0,1.0,2,2.0,active,,,,,,,1778603555.398439
a5f35780-eeec-48f3-bd11-2a02633bc450,0,2,3,59,2026-05-12T16:32:37.213811+00:00,order,cancel,bid,,9b8bd1cb-b0cd-4087-9d75-37d140423a0f,14a8161a-9d15-4590-8e4a-d60fa690d14e,72.0,1.0,-1.0,0.0,,,cancelled,,,,,,,1778603557.230639
9af49dc6-a1bd-40fe-b627-4a8dbdf93e45,0,2,6,105,2026-05-12T16:32:39.131956+00:00,order,add,bid,,24cb1407-7a28-4ecf-8c60-5f9eb1c5c41c,65041421-bea3-4034-ae77-04f68c6e46fc,112.0,1.0,1.0,1.0,3,3.0,active,,,,,,,1778603559.148642
a5f35780-eeec-48f3-bd11-2a02633bc450,0,2,3,60,2026-05-12T16:32:39.653854+00:00,order,add,ask,,4c31c7bb-180a-473f-91d4-e7be2afd18ad,3f3f926c-76bd-44db-b2dc-3e8e8ddbccb6,81.99,1.0,1.0,1.0,1,1.0,active,,,,,,,1778603559.670926
a5f35780-eeec-48f3-bd11-2a02633bc450,0,2,3,61,2026-05-12T16:32:41.006436+00:00,trade,trade,ask,S,,,72.0,1.0,,,,,,b4e71499-45fc-4cc8-897c-068bc6db40f9,,d2d81605-54e7-4166-aa55-499b37999439,e7fdc88b-28e1-4a28-8912-a337578b663f,6a27507f-b151-4a9f-b11f-d433b22aeb62,14a8161a-9d15-4590-8e4a-d60fa690d14e,1778603561.022171
a5f35780-eeec-48f3-bd11-2a02633bc450,0,2,3,62,2026-05-12T16:32:41.025326+00:00,order,fill,ask,,e7fdc88b-28e1-4a28-8912-a337578b663f,14a8161a-9d15-4590-8e4a-d60fa690d14e,72.0,1.0,-1.0,0.0,,,executed,b4e71499-45fc-4cc8-897c-068bc6db40f9,d2d81605-54e7-4166-aa55-499b37999439,,,,,1778603561.039483
a5f35780-eeec-48f3-bd11-2a02633bc450,0,2,3,63,2026-05-12T16:32:41.042231+00:00,order,fill,bid,,d2d81605-54e7-4166-aa55-499b37999439,6a27507f-b151-4a9f-b11f-d433b22aeb62,72.0,1.0,-1.0,0.0,,,executed,b4e71499-45fc-4cc8-897c-068bc6db40f9,e7fdc88b-28e1-4a28-8912-a337578b663f,,,,,1778603561.056707
9af49dc6-a1bd-40fe-b627-4a8dbdf93e45,0,2,6,106,2026-05-12T16:32:41.091732+00:00,order,cancel,bid,,359a5e5b-9756-4d26-9449-4c7fb25b5480,65041421-bea3-4034-ae77-04f68c6e46fc,110.5,1.0,-1.0,0.0,,,cancelled,,,,,,,1778603561.106801
9af49dc6-a1bd-40fe-b627-4a8dbdf93e45,0,2,6,107,2026-05-12T16:32:42.424271+00:00,trade,trade,ask,S,,,112.0,1.0,,,,,,a5171722-05b3-4787-bbfb-69acd233dccd,,9610b3b9-b66a-4c8b-80be-62241365bf82,58c508c3-cbc4-49ca-9b8e-729e217e6df2,8199026d-b134-4c9c-8eb9-35b39d3ff423,a97c9f1c-5c51-47a6-b087-fa652e7a6e31,1778603562.440757
9af49dc6-a1bd-40fe-b627-4a8dbdf93e45,0,2,6,108,2026-05-12T16:32:42.443944+00:00,order,fill,ask,,58c508c3-cbc4-49ca-9b8e-729e217e6df2,a97c9f1c-5c51-47a6-b087-fa652e7a6e31,112.0,1.0,-1.0,0.0,,,executed,a5171722-05b3-4787-bbfb-69acd233dccd,9610b3b9-b66a-4c8b-80be-62241365bf82,,,,,1778603562.459619
9af49dc6-a1bd-40fe-b627-4a8dbdf93e45,0,2,6,109,2026-05-12T16:32:42.462547+00:00,order,fill,bid,,9610b3b9-b66a-4c8b-80be-62241365bf82,8199026d-b134-4c9c-8eb9-35b39d3ff423,112.0,1.0,-1.0,0.0,,,executed,a5171722-05b3-4787-bbfb-69acd233dccd,58c508c3-cbc4-49ca-9b8e-729e217e6df2,,,,,1778603562.477566
a5f35780-eeec-48f3-bd11-2a02633bc450,0,2,3,64,2026-05-12T16:32:43.233735+00:00,order,add,bid,,e868a1b4-6756-434e-9a80-7976ae4e1d6a,7263bda7-ce07-4527-829d-593539f9496a,73.0,1.0,1.0,1.0,1,1.0,active,,,,,,,1778603563.250105
a5f35780-eeec-48f3-bd11-2a02633bc450,0,2,3,65,2026-05-12T16:32:45.364887+00:00,order,cancel,ask,,e4af532b-baa6-43c3-bdbd-6b392bb6ac79,d896d1d1-903a-4faf-af2e-bda1e25a47cc,89.0,1.0,-1.0,0.0,,,cancelled,,,,,,,1778603565.381254
a5f35780-eeec-48f3-bd11-2a02633bc450,0,2,3,66,2026-05-12T16:32:50.534536+00:00,order,cancel,ask,,4c31c7bb-180a-473f-91d4-e7be2afd18ad,3f3f926c-76bd-44db-b2dc-3e8e8ddbccb6,81.99,1.0,-1.0,0.0,,,cancelled,,,,,,,1778603570.550905
17f3bde5-9e00-47d0-8909-b138b266b325,0,2,2,19,2026-05-12T16:33:04.653996+00:00,order,add,bid,,d212c9ed-c67e-47a7-97a7-b8ea4408d0e6,e4da5453-0e94-4ba4-b1bb-3b711e2a2c8d,88.0,1.0,1.0,1.0,1,1.0,active,,,,,,,1778603584.674423
9af49dc6-a1bd-40fe-b627-4a8dbdf93e45,0,2,3,110,2026-05-12T16:33:11.580717+00:00,order,cancel,ask,,642f0c01-9052-4e0c-ac81-b6241528400e,a97c9f1c-5c51-47a6-b087-fa652e7a6e31,114.0,1.0,-1.0,0.0,,,cancelled,,,,,,,1778603591.596742
17f3bde5-9e00-47d0-8909-b138b266b325,0,2,2,20,2026-05-12T16:33:13.996895+00:00,order,add,ask,,de102b30-3033-4d02-a8cb-369bd4c3efd2,e4da5453-0e94-4ba4-b1bb-3b711e2a2c8d,100.0,1.0,1.0,1.0,1,1.0,active,,,,,,,1778603594.014189
17f3bde5-9e00-47d0-8909-b138b266b325,0,2,1,21,2026-05-12T16:33:19.064243+00:00,order,cancel,ask,,87549502-71ff-4f64-9de2-6b662a002746,1fee9bd8-a0b5-414d-b996-84be8a4a131f,108.0,1.0,-1.0,0.0,,,cancelled,,,,,,,1778603599.07988
9af49dc6-a1bd-40fe-b627-4a8dbdf93e45,0,2,7,111,2026-05-12T16:33:20.851005+00:00,order,add,ask,,526911dd-8a5e-4127-a8a1-4a88c510fd16,a97c9f1c-5c51-47a6-b087-fa652e7a6e31,115.0,1.0,1.0,1.0,9,9.0,active,,,,,,,1778603600.867678
17f3bde5-9e00-47d0-8909-b138b266b325,0,2,2,22,2026-05-12T16:33:24.639879+00:00,order,add,ask,,21102788-ff63-4a5e-a8a4-f416fcdf8320,1fee9bd8-a0b5-414d-b996-84be8a4a131f,100.0,1.0,1.0,1.0,2,2.0,active,,,,,,,1778603604.657392
17f3bde5-9e00-47d0-8909-b138b266b325,0,2,2,23,2026-05-12T16:33:26.128733+00:00,order,add,bid,,eb54d1f8-b97e-4636-a2f4-33fb8c573a7f,8097813e-2f6f-40a4-be05-70c6d8d3bca7,89.0,1.0,1.0,1.0,1,1.0,active,,,,,,,1778603606.145831
9af49dc6-a1bd-40fe-b627-4a8dbdf93e45,0,2,7,112,2026-05-12T16:33:28.680745+00:00,order,add,bid,,cea84fa0-737e-49b9-b916-347922a08733,8199026d-b134-4c9c-8eb9-35b39d3ff423,112.0,1.0,1.0,1.0,3,3.0,active,,,,,,,1778603608.699174
17f3bde5-9e00-47d0-8909-b138b266b325,0,2,2,24,2026-05-12T16:33:30.317670+00:00,order,add,bid,,aea7fc90-efa4-48b5-8267-170dee4889fa,6eb3648e-8876-4d12-96eb-7269067415d5,88.0,1.0,1.0,1.0,2,2.0,active,,,,,,,1778603610.334305
a5f35780-eeec-48f3-bd11-2a02633bc450,0,2,3,67,2026-05-12T16:33:31.123774+00:00,order,cancel,ask,,55f850e0-fa00-44f0-9580-e7aadd4e7dfc,d896d1d1-903a-4faf-af2e-bda1e25a47cc,85.0,1.0,-1.0,0.0,,,cancelled,,,,,,,1778603611.140633
a5f35780-eeec-48f3-bd11-2a02633bc450,0,2,4,68,2026-05-12T16:33:31.277980+00:00,order,add,bid,,e3127a48-9eba-4e8c-85df-b2a6ca5230d8,3f3f926c-76bd-44db-b2dc-3e8e8ddbccb6,65.0,1.0,1.0,1.0,1,1.0,active,,,,,,,1778603611.29483
9af49dc6-a1bd-40fe-b627-4a8dbdf93e45,0,2,3,113,2026-05-12T16:33:31.361138+00:00,order,cancel,ask,,113ad24d-0781-43e8-9b98-82e542cc6ea7,a97c9f1c-5c51-47a6-b087-fa652e7a6e31,114.0,1.0,-1.0,0.0,,,cancelled,,,,,,,1778603611.377247
17f3bde5-9e00-47d0-8909-b138b266b325,0,2,2,25,2026-05-12T16:33:32.733214+00:00,order,add,bid,,dc3dbb67-9916-4715-a6ff-8c036cd26385,c5382ee4-bd5b-45e4-8232-55a805c489d8,95.0,1.0,1.0,1.0,1,1.0,active,,,,,,,1778603612.750656
17f3bde5-9e00-47d0-8909-b138b266b325,0,2,2,26,2026-05-12T16:33:33.740307+00:00,order,add,ask,,5503e70a-6ec9-4af8-91e4-eac2d407ca81,e4da5453-0e94-4ba4-b1bb-3b711e2a2c8d,110.0,1.0,1.0,1.0,1,1.0,active,,,,,,,1778603613.757806
17f3bde5-9e00-47d0-8909-b138b266b325,0,2,2,27,2026-05-12T16:33:34.373886+00:00,order,add,bid,,f1081073-7e78-4ce0-8413-6e6f89718ab4,6eb3648e-8876-4d12-96eb-7269067415d5,89.0,1.0,1.0,1.0,2,2.0,active,,,,,,,1778603614.390672
a5f35780-eeec-48f3-bd11-2a02633bc450,0,2,4,69,2026-05-12T16:33:37.636699+00:00,order,add,ask,,b9248ecd-e0b8-4e3c-a33f-a6bb77b5e25e,3f3f926c-76bd-44db-b2dc-3e8e8ddbccb6,79.0,1.0,1.0,1.0,1,1.0,active,,,,,,,1778603617.652955
9af49dc6-a1bd-40fe-b627-4a8dbdf93e45,0,2,7,114,2026-05-12T16:33:38.171901+00:00,order,add,ask,,951915c2-9a92-4df2-a01b-b10f7aa9c567,65041421-bea3-4034-ae77-04f68c6e46fc,114.0,1.0,1.0,1.0,6,6.0,active,,,,,,,1778603618.188404
17f3bde5-9e00-47d0-8909-b138b266b325,0,2,2,28,2026-05-12T16:33:38.714609+00:00,order,add,bid,,66590164-45ab-4649-a311-fad476e82ca8,8097813e-2f6f-40a4-be05-70c6d8d3bca7,91.0,1.0,1.0,1.0,1,1.0,active,,,,,,,1778603618.731116
9af49dc6-a1bd-40fe-b627-4a8dbdf93e45,0,2,7,115,2026-05-12T16:33:39.851597+00:00,order,add,ask,,453a8533-704e-416a-b25a-8569cc6bf05d,65041421-bea3-4034-ae77-04f68c6e46fc,113.0,1.0,1.0,1.0,1,1.0,active,,,,,,,1778603619.868838
9af49dc6-a1bd-40fe-b627-4a8dbdf93e45,0,2,7,116,2026-05-12T16:33:39.905753+00:00,trade,trade,bid,B,,,113.0,1.0,,,,,,73625fb4-f271-4ffa-863b-87cb043977ee,,cf6318df-46d9-4595-9839-07501086c6d1,453a8533-704e-416a-b25a-8569cc6bf05d,a97c9f1c-5c51-47a6-b087-fa652e7a6e31,65041421-bea3-4034-ae77-04f68c6e46fc,1778603619.922531
9af49dc6-a1bd-40fe-b627-4a8dbdf93e45,0,2,7,117,2026-05-12T16:33:39.925713+00:00,order,fill,ask,,453a8533-704e-416a-b25a-8569cc6bf05d,65041421-bea3-4034-ae77-04f68c6e46fc,113.0,1.0,-1.0,0.0,,,executed,73625fb4-f271-4ffa-863b-87cb043977ee,cf6318df-46d9-4595-9839-07501086c6d1,,,,,1778603619.941561
9af49dc6-a1bd-40fe-b627-4a8dbdf93e45,0,2,7,118,2026-05-12T16:33:39.944599+00:00,order,fill,bid,,cf6318df-46d9-4595-9839-07501086c6d1,a97c9f1c-5c51-47a6-b087-fa652e7a6e31,114.0,1.0,-1.0,0.0,,,executed,73625fb4-f271-4ffa-863b-87cb043977ee,453a8533-704e-416a-b25a-8569cc6bf05d,,,,,1778603619.960467
a5f35780-eeec-48f3-bd11-2a02633bc450,0,2,2,70,2026-05-12T16:33:40.000336+00:00,order,cancel,ask,,542ea2bb-079e-4af7-8350-0155f7bc3742,3f3f926c-76bd-44db-b2dc-3e8e8ddbccb6,89.99,1.0,-1.0,0.0,,,cancelled,,,,,,,1778603620.02161
a5f35780-eeec-48f3-bd11-2a02633bc450,0,2,4,71,2026-05-12T16:33:40.301839+00:00,trade,trade,bid,B,,,79.0,1.0,,,,,,88bd2588-c575-4ebb-b5cf-0dd2511050f2,,1c4d7f78-a51f-45f2-8a9d-1bdf86d4d4d0,b9248ecd-e0b8-4e3c-a33f-a6bb77b5e25e,d896d1d1-903a-4faf-af2e-bda1e25a47cc,3f3f926c-76bd-44db-b2dc-3e8e8ddbccb6,1778603620.319165
a5f35780-eeec-48f3-bd11-2a02633bc450,0,2,4,72,2026-05-12T16:33:40.322602+00:00,order,fill,ask,,b9248ecd-e0b8-4e3c-a33f-a6bb77b5e25e,3f3f926c-76bd-44db-b2dc-3e8e8ddbccb6,79.0,1.0,-1.0,0.0,,,executed,88bd2588-c575-4ebb-b5cf-0dd2511050f2,1c4d7f78-a51f-45f2-8a9d-1bdf86d4d4d0,,,,,1778603620.338137
a5f35780-eeec-48f3-bd11-2a02633bc450,0,2,4,73,2026-05-12T16:33:40.341214+00:00,order,fill,bid,,1c4d7f78-a51f-45f2-8a9d-1bdf86d4d4d0,d896d1d1-903a-4faf-af2e-bda1e25a47cc,79.0,1.0,-1.0,0.0,,,executed,88bd2588-c575-4ebb-b5cf-0dd2511050f2,b9248ecd-e0b8-4e3c-a33f-a6bb77b5e25e,,,,,1778603620.356365
17f3bde5-9e00-47d0-8909-b138b266b325,0,2,1,29,2026-05-12T16:33:40.530253+00:00,order,cancel,bid,,9b84863c-796d-4430-b707-32f6917c7ffc,8097813e-2f6f-40a4-be05-70c6d8d3bca7,30.0,1.0,-1.0,0.0,,,cancelled,,,,,,,1778603620.546735
17f3bde5-9e00-47d0-8909-b138b266b325,0,2,2,30,2026-05-12T16:33:41.077167+00:00,order,add,ask,,ab6ecea9-57bc-4cfa-91ca-641ce7d744ff,e4da5453-0e94-4ba4-b1bb-3b711e2a2c8d,107.0,1.0,1.0,1.0,1,1.0,active,,,,,,,1778603621.094661
17f3bde5-9e00-47d0-8909-b138b266b325,0,2,2,31,2026-05-12T16:33:41.134429+00:00,order,add,ask,,26587d40-370b-4c11-bf39-9314a1d7b7d4,6eb3648e-8876-4d12-96eb-7269067415d5,100.0,1.0,1.0,1.0,3,3.0,active,,,,,,,1778603621.151189
17f3bde5-9e00-47d0-8909-b138b266b325,0,2,2,32,2026-05-12T16:33:42.058078+00:00,order,cancel,bid,,eb54d1f8-b97e-4636-a2f4-33fb8c573a7f,8097813e-2f6f-40a4-be05-70c6d8d3bca7,89.0,1.0,-1.0,0.0,,,cancelled,,,,,,,1778603622.074539
a5f35780-eeec-48f3-bd11-2a02633bc450,0,2,3,74,2026-05-12T16:33:42.410332+00:00,order,cancel,bid,,e868a1b4-6756-434e-9a80-7976ae4e1d6a,7263bda7-ce07-4527-829d-593539f9496a,73.0,1.0,-1.0,0.0,,,cancelled,,,,,,,1778603622.427131
17f3bde5-9e00-47d0-8909-b138b266b325,0,2,1,33,2026-05-12T16:33:43.656033+00:00,order,cancel,ask,,896ff299-10d9-4d15-8084-163a64ac6520,121ddd6b-3999-4e05-a2b3-d80bdfc8efba,135.0,1.0,-1.0,0.0,,,cancelled,,,,,,,1778603623.673604
a5f35780-eeec-48f3-bd11-2a02633bc450,0,2,4,75,2026-05-12T16:33:44.602971+00:00,order,add,bid,,501f50dc-1db2-47a6-8798-604703c3c0f9,6a27507f-b151-4a9f-b11f-d433b22aeb62,76.0,1.0,1.0,1.0,1,1.0,active,,,,,,,1778603624.619529
a5f35780-eeec-48f3-bd11-2a02633bc450,0,2,4,76,2026-05-12T16:33:45.413697+00:00,order,add,ask,,e2a1896a-0f3f-4be9-9e80-182f08b7d719,3f3f926c-76bd-44db-b2dc-3e8e8ddbccb6,79.5,1.0,1.0,1.0,1,1.0,active,,,,,,,1778603625.429815
17f3bde5-9e00-47d0-8909-b138b266b325,0,2,2,34,2026-05-12T16:33:45.465720+00:00,order,add,ask,,f2e5f655-0769-46bc-b207-cdcb7744e576,121ddd6b-3999-4e05-a2b3-d80bdfc8efba,110.0,1.0,1.0,1.0,2,2.0,active,,,,,,,1778603625.480981
a5f35780-eeec-48f3-bd11-2a02633bc450,0,2,4,77,2026-05-12T16:33:46.074592+00:00,order,add,ask,,be7ad362-a559-41f7-9e20-d58cfee599c9,7263bda7-ce07-4527-829d-593539f9496a,82.75,1.0,1.0,1.0,1,1.0,active,,,,,,,1778603626.090933
9af49dc6-a1bd-40fe-b627-4a8dbdf93e45,0,2,7,119,2026-05-12T16:33:47.420078+00:00,order,add,ask,,2c1eb757-beab-4f56-bb73-fa8053a9977b,65041421-bea3-4034-ae77-04f68c6e46fc,113.0,1.0,1.0,1.0,1,1.0,active,,,,,,,1778603627.43623
a5f35780-eeec-48f3-bd11-2a02633bc450,0,2,4,78,2026-05-12T16:33:47.868429+00:00,order,cancel,bid,,501f50dc-1db2-47a6-8798-604703c3c0f9,6a27507f-b151-4a9f-b11f-d433b22aeb62,76.0,1.0,-1.0,0.0,,,cancelled,,,,,,,1778603627.884755
a5f35780-eeec-48f3-bd11-2a02633bc450,0,2,4,79,2026-05-12T16:33:49.387941+00:00,order,add,bid,,95c053eb-0cf9-4c74-9c0e-8677212ad1ac,d896d1d1-903a-4faf-af2e-bda1e25a47cc,70.0,1.0,1.0,1.0,1,1.0,active,,,,,,,1778603629.404877
a5f35780-eeec-48f3-bd11-2a02633bc450,0,2,4,80,2026-05-12T16:33:51.745696+00:00,trade,trade,ask,S,,,70.0,1.0,,,,,,b40693ac-9c9b-4e15-9ca5-4b4442420e5a,,95c053eb-0cf9-4c74-9c0e-8677212ad1ac,2dc87b88-32f7-4ca1-b36c-05c269b459ef,d896d1d1-903a-4faf-af2e-bda1e25a47cc,b051dea2-10fd-492e-a16a-123e7f6bc6ac,1778603631.7618
a5f35780-eeec-48f3-bd11-2a02633bc450,0,2,4,81,2026-05-12T16:33:51.764930+00:00,order,fill,ask,,2dc87b88-32f7-4ca1-b36c-05c269b459ef,b051dea2-10fd-492e-a16a-123e7f6bc6ac,65.0,1.0,-1.0,0.0,,,executed,b40693ac-9c9b-4e15-9ca5-4b4442420e5a,95c053eb-0cf9-4c74-9c0e-8677212ad1ac,,,,,1778603631.779856
a5f35780-eeec-48f3-bd11-2a02633bc450,0,2,4,82,2026-05-12T16:33:51.783185+00:00,order,fill,bid,,95c053eb-0cf9-4c74-9c0e-8677212ad1ac,d896d1d1-903a-4faf-af2e-bda1e25a47cc,70.0,1.0,-1.0,0.0,,,executed,b40693ac-9c9b-4e15-9ca5-4b4442420e5a,2dc87b88-32f7-4ca1-b36c-05c269b459ef,,,,,1778603631.797807
a5f35780-eeec-48f3-bd11-2a02633bc450,0,2,4,83,2026-05-12T16:33:51.858459+00:00,order,add,ask,,5843776e-33d6-49b3-a42e-4c992ee13d57,6a27507f-b151-4a9f-b11f-d433b22aeb62,75.0,1.0,1.0,1.0,1,1.0,active,,,,,,,1778603631.874192
9af49dc6-a1bd-40fe-b627-4a8dbdf93e45,0,2,7,120,2026-05-12T16:33:52.121337+00:00,trade,trade,bid,B,,,113.0,1.0,,,,,,60f7f957-6c01-4383-8310-32c8f540708f,,3b4ae42b-cb32-4221-adab-e6a1100e699f,2c1eb757-beab-4f56-bb73-fa8053a9977b,8199026d-b134-4c9c-8eb9-35b39d3ff423,65041421-bea3-4034-ae77-04f68c6e46fc,1778603632.137963
9af49dc6-a1bd-40fe-b627-4a8dbdf93e45,0,2,7,121,2026-05-12T16:33:52.141137+00:00,order,fill,ask,,2c1eb757-beab-4f56-bb73-fa8053a9977b,65041421-bea3-4034-ae77-04f68c6e46fc,113.0,1.0,-1.0,0.0,,,executed,60f7f957-6c01-4383-8310-32c8f540708f,3b4ae42b-cb32-4221-adab-e6a1100e699f,,,,,1778603632.156676
9af49dc6-a1bd-40fe-b627-4a8dbdf93e45,0,2,7,122,2026-05-12T16:33:52.159737+00:00,order,fill,bid,,3b4ae42b-cb32-4221-adab-e6a1100e699f,8199026d-b134-4c9c-8eb9-35b39d3ff423,113.0,1.0,-1.0,0.0,,,executed,60f7f957-6c01-4383-8310-32c8f540708f,2c1eb757-beab-4f56-bb73-fa8053a9977b,,,,,1778603632.175621
17f3bde5-9e00-47d0-8909-b138b266b325,0,2,2,35,2026-05-12T16:33:53.694439+00:00,order,cancel,bid,,dc3dbb67-9916-4715-a6ff-8c036cd26385,c5382ee4-bd5b-45e4-8232-55a805c489d8,95.0,1.0,-1.0,0.0,,,cancelled,,,,,,,1778603633.710182
a5f35780-eeec-48f3-bd11-2a02633bc450,0,2,4,84,2026-05-12T16:33:55.358260+00:00,trade,trade,bid,B,,,75.0,1.0,,,,,,2c785d67-28a4-4fb3-940d-59644d5ca118,,46beb98f-0162-4b34-8a4a-cf1a232de636,5843776e-33d6-49b3-a42e-4c992ee13d57,14a8161a-9d15-4590-8e4a-d60fa690d14e,6a27507f-b151-4a9f-b11f-d433b22aeb62,1778603635.374264
a5f35780-eeec-48f3-bd11-2a02633bc450,0,2,4,85,2026-05-12T16:33:55.377163+00:00,order,fill,ask,,5843776e-33d6-49b3-a42e-4c992ee13d57,6a27507f-b151-4a9f-b11f-d433b22aeb62,75.0,1.0,-1.0,0.0,,,executed,2c785d67-28a4-4fb3-940d-59644d5ca118,46beb98f-0162-4b34-8a4a-cf1a232de636,,,,,1778603635.393191
a5f35780-eeec-48f3-bd11-2a02633bc450,0,2,4,86,2026-05-12T16:33:55.395911+00:00,order,fill,bid,,46beb98f-0162-4b34-8a4a-cf1a232de636,14a8161a-9d15-4590-8e4a-d60fa690d14e,75.0,1.0,-1.0,0.0,,,executed,2c785d67-28a4-4fb3-940d-59644d5ca118,5843776e-33d6-49b3-a42e-4c992ee13d57,,,,,1778603635.410708
9af49dc6-a1bd-40fe-b627-4a8dbdf93e45,0,2,7,123,2026-05-12T16:33:55.860369+00:00,order,add,ask,,d6c969fb-2073-4ac3-ace9-855b27724241,65041421-bea3-4034-ae77-04f68c6e46fc,114.0,1.0,1.0,1.0,7,7.0,active,,,,,,,1778603635.876492
a5f35780-eeec-48f3-bd11-2a02633bc450,0,2,4,87,2026-05-12T16:33:56.221861+00:00,order,add,bid,,179feb1f-2c1a-4c12-b1ab-a80a864e655e,6a27507f-b151-4a9f-b11f-d433b22aeb62,63.0,1.0,1.0,1.0,1,1.0,active,,,,,,,1778603636.238152
17f3bde5-9e00-47d0-8909-b138b266b325,0,2,2,36,2026-05-12T16:33:59.593656+00:00,order,add,ask,,7fe56d39-0cd8-4981-823c-c172481afd18,8097813e-2f6f-40a4-be05-70c6d8d3bca7,100.0,1.0,1.0,1.0,4,4.0,active,,,,,,,1778603639.609841
17f3bde5-9e00-47d0-8909-b138b266b325,0,2,2,37,2026-05-12T16:33:59.812780+00:00,order,add,bid,,90a83ba2-5c6d-4e91-a23d-8a0f5da7cdc6,c5382ee4-bd5b-45e4-8232-55a805c489d8,92.0,1.0,1.0,1.0,1,1.0,active,,,,,,,1778603639.828385
9af49dc6-a1bd-40fe-b627-4a8dbdf93e45,0,2,7,124,2026-05-12T16:33:59.961650+00:00,order,add,bid,,523e0c51-ca95-40dc-b8e7-e4b6dbb3791e,a97c9f1c-5c51-47a6-b087-fa652e7a6e31,111.0,1.0,1.0,1.0,2,2.0,active,,,,,,,1778603639.977301
a5f35780-eeec-48f3-bd11-2a02633bc450,0,2,4,88,2026-05-12T16:34:00.771230+00:00,order,add,ask,,5ec65e33-acb7-4161-b1ba-1c6d5234a2c5,7263bda7-ce07-4527-829d-593539f9496a,78.0,1.0,1.0,1.0,1,1.0,active,,,,,,,1778603640.787553
a5f35780-eeec-48f3-bd11-2a02633bc450,0,2,4,89,2026-05-12T16:34:01.379498+00:00,order,add,bid,,9a339d91-3392-4cec-a25e-e9764517744f,d896d1d1-903a-4faf-af2e-bda1e25a47cc,66.0,1.0,1.0,1.0,1,1.0,active,,,,,,,1778603641.404521
17f3bde5-9e00-47d0-8909-b138b266b325,0,2,2,38,2026-05-12T16:34:03.103679+00:00,order,add,bid,,51274855-f142-4f6a-a9eb-57726f86e18e,121ddd6b-3999-4e05-a2b3-d80bdfc8efba,70.0,1.0,1.0,1.0,1,1.0,active,,,,,,,1778603643.120882
a5f35780-eeec-48f3-bd11-2a02633bc450,0,2,4,90,2026-05-12T16:34:08.141192+00:00,order,add,ask,,60919c62-458b-455b-8dd4-c97901e501ef,3f3f926c-76bd-44db-b2dc-3e8e8ddbccb6,67.0,1.0,1.0,1.0,1,1.0,active,,,,,,,1778603648.156749
a5f35780-eeec-48f3-bd11-2a02633bc450,0,2,4,91,2026-05-12T16:34:13.873595+00:00,order,add,ask,,8797f50b-0d1e-462c-ac7b-114ac05c1be8,b051dea2-10fd-492e-a16a-123e7f6bc6ac,80.0,1.0,1.0,1.0,1,1.0,active,,,,,,,1778603653.88993
a5f35780-eeec-48f3-bd11-2a02633bc450,0,2,4,92,2026-05-12T16:34:14.516085+00:00,trade,trade,bid,B,,,67.0,1.0,,,,,,6ac508fe-8e6e-400c-a462-51a80320b489,,0cdf4cb9-eee6-44d1-a87e-e2d79f38e080,60919c62-458b-455b-8dd4-c97901e501ef,d896d1d1-903a-4faf-af2e-bda1e25a47cc,3f3f926c-76bd-44db-b2dc-3e8e8ddbccb6,1778603654.534227
a5f35780-eeec-48f3-bd11-2a02633bc450,0,2,4,93,2026-05-12T16:34:14.537320+00:00,order,fill,ask,,60919c62-458b-455b-8dd4-c97901e501ef,3f3f926c-76bd-44db-b2dc-3e8e8ddbccb6,67.0,1.0,-1.0,0.0,,,executed,6ac508fe-8e6e-400c-a462-51a80320b489,0cdf4cb9-eee6-44d1-a87e-e2d79f38e080,,,,,1778603654.552531
a5f35780-eeec-48f3-bd11-2a02633bc450,0,2,4,94,2026-05-12T16:34:14.555750+00:00,order,fill,bid,,0cdf4cb9-eee6-44d1-a87e-e2d79f38e080,d896d1d1-903a-4faf-af2e-bda1e25a47cc,67.0,1.0,-1.0,0.0,,,executed,6ac508fe-8e6e-400c-a462-51a80320b489,60919c62-458b-455b-8dd4-c97901e501ef,,,,,1778603654.571758
a5f35780-eeec-48f3-bd11-2a02633bc450,0,2,4,95,2026-05-12T16:34:21.032209+00:00,order,cancel,ask,,8797f50b-0d1e-462c-ac7b-114ac05c1be8,b051dea2-10fd-492e-a16a-123e7f6bc6ac,80.0,1.0,-1.0,0.0,,,cancelled,,,,,,,1778603661.048334
a5f35780-eeec-48f3-bd11-2a02633bc450,0,2,4,96,2026-05-12T16:34:21.769729+00:00,order,add,bid,,21770984-2945-4f1a-99b3-6159f5f90aae,7263bda7-ce07-4527-829d-593539f9496a,67.0,1.0,1.0,1.0,1,1.0,active,,,,,,,1778603661.786155
9af49dc6-a1bd-40fe-b627-4a8dbdf93e45,0,2,6,125,2026-05-12T16:34:22.003080+00:00,order,cancel,bid,,77896c80-4f84-46a0-a02d-00a7f70ede4a,a97c9f1c-5c51-47a6-b087-fa652e7a6e31,112.0,1.0,-1.0,0.0,,,cancelled,,,,,,,1778603662.018762
a5f35780-eeec-48f3-bd11-2a02633bc450,0,2,4,97,2026-05-12T16:34:24.804645+00:00,order,add,ask,,ba340a02-e17c-45a0-8e22-92d27fc46e30,3f3f926c-76bd-44db-b2dc-3e8e8ddbccb6,75.0,1.0,1.0,1.0,1,1.0,active,,,,,,,1778603664.820667
9af49dc6-a1bd-40fe-b627-4a8dbdf93e45,0,2,3,126,2026-05-12T16:34:25.622138+00:00,order,cancel,ask,,74cafb00-e0b3-4f8c-805d-155ecec62a24,a97c9f1c-5c51-47a6-b087-fa652e7a6e31,114.0,1.0,-1.0,0.0,,,cancelled,,,,,,,1778603665.639145
a5f35780-eeec-48f3-bd11-2a02633bc450,0,2,4,98,2026-05-12T16:34:25.714717+00:00,order,add,bid,,ea92ab85-4b61-4503-a3b7-28bfebd0cc1a,d896d1d1-903a-4faf-af2e-bda1e25a47cc,68.0,1.0,1.0,1.0,1,1.0,active,,,,,,,1778603665.730988
17f3bde5-9e00-47d0-8909-b138b266b325,0,2,3,39,2026-05-12T16:34:26.420718+00:00,order,add,bid,,4d6532c0-0609-401c-9ca0-6c30ff53e967,6eb3648e-8876-4d12-96eb-7269067415d5,70.0,1.0,1.0,1.0,2,2.0,active,,,,,,,1778603666.437171
9af49dc6-a1bd-40fe-b627-4a8dbdf93e45,0,2,8,127,2026-05-12T16:34:28.080319+00:00,order,add,ask,,b44c4d02-e4b4-423b-aedc-d7196ddb6d59,8199026d-b134-4c9c-8eb9-35b39d3ff423,113.5,1.0,1.0,1.0,1,1.0,active,,,,,,,1778603668.09755
17f3bde5-9e00-47d0-8909-b138b266b325,0,2,3,40,2026-05-12T16:34:29.481485+00:00,order,add,bid,,b0dd30ee-86f6-426f-b017-7880c57733ad,8097813e-2f6f-40a4-be05-70c6d8d3bca7,93.0,1.0,1.0,1.0,1,1.0,active,,,,,,,1778603669.497841
9af49dc6-a1bd-40fe-b627-4a8dbdf93e45,0,2,8,128,2026-05-12T16:34:29.976177+00:00,trade,trade,bid,B,,,113.5,1.0,,,,,,0e6eb055-8a59-4bb1-8694-a7c1d4b3f0ce,,dc894619-d7fc-4446-b75c-ab8d9f391b31,b44c4d02-e4b4-423b-aedc-d7196ddb6d59,a97c9f1c-5c51-47a6-b087-fa652e7a6e31,8199026d-b134-4c9c-8eb9-35b39d3ff423,1778603669.99195
9af49dc6-a1bd-40fe-b627-4a8dbdf93e45,0,2,8,129,2026-05-12T16:34:29.995759+00:00,order,fill,ask,,b44c4d02-e4b4-423b-aedc-d7196ddb6d59,8199026d-b134-4c9c-8eb9-35b39d3ff423,113.5,1.0,-1.0,0.0,,,executed,0e6eb055-8a59-4bb1-8694-a7c1d4b3f0ce,dc894619-d7fc-4446-b75c-ab8d9f391b31,,,,,1778603670.013412
9af49dc6-a1bd-40fe-b627-4a8dbdf93e45,0,2,8,130,2026-05-12T16:34:30.016205+00:00,order,fill,bid,,dc894619-d7fc-4446-b75c-ab8d9f391b31,a97c9f1c-5c51-47a6-b087-fa652e7a6e31,114.0,1.0,-1.0,0.0,,,executed,0e6eb055-8a59-4bb1-8694-a7c1d4b3f0ce,b44c4d02-e4b4-423b-aedc-d7196ddb6d59,,,,,1778603670.031791
17f3bde5-9e00-47d0-8909-b138b266b325,0,2,3,41,2026-05-12T16:34:30.097012+00:00,order,add,bid,,9d686391-0ce6-4833-8c5d-7e3b87200e9f,1fee9bd8-a0b5-414d-b996-84be8a4a131f,92.0,1.0,1.0,1.0,2,2.0,active,,,,,,,1778603670.112597
17f3bde5-9e00-47d0-8909-b138b266b325,0,2,2,42,2026-05-12T16:34:30.977852+00:00,order,cancel,bid,,66590164-45ab-4649-a311-fad476e82ca8,8097813e-2f6f-40a4-be05-70c6d8d3bca7,91.0,1.0,-1.0,0.0,,,cancelled,,,,,,,1778603670.994147
9af49dc6-a1bd-40fe-b627-4a8dbdf93e45,0,2,4,131,2026-05-12T16:34:33.786432+00:00,order,cancel,ask,,9fe7d021-56a3-4bca-9f80-2fc8e2f578ec,a97c9f1c-5c51-47a6-b087-fa652e7a6e31,114.0,1.0,-1.0,0.0,,,cancelled,,,,,,,1778603673.802964
17f3bde5-9e00-47d0-8909-b138b266b325,0,2,2,43,2026-05-12T16:34:35.048274+00:00,order,cancel,bid,,90a83ba2-5c6d-4e91-a23d-8a0f5da7cdc6,c5382ee4-bd5b-45e4-8232-55a805c489d8,92.0,1.0,-1.0,0.0,,,cancelled,,,,,,,1778603675.065164
9af49dc6-a1bd-40fe-b627-4a8dbdf93e45,0,2,8,132,2026-05-12T16:34:37.738949+00:00,order,add,ask,,d3bc8ae3-7cff-4074-9569-dbe82b70cdf4,a97c9f1c-5c51-47a6-b087-fa652e7a6e31,114.0,1.0,1.0,1.0,6,6.0,active,,,,,,,1778603677.75495
9af49dc6-a1bd-40fe-b627-4a8dbdf93e45,0,2,8,133,2026-05-12T16:34:37.865524+00:00,order,add,ask,,e0de82a0-6819-45f6-888c-6204251f0819,8199026d-b134-4c9c-8eb9-35b39d3ff423,113.75,1.0,1.0,1.0,1,1.0,active,,,,,,,1778603677.881916
17f3bde5-9e00-47d0-8909-b138b266b325,0,2,3,44,2026-05-12T16:34:43.005990+00:00,order,add,ask,,6d920131-1a61-4274-8d4e-3cb481622a34,e4da5453-0e94-4ba4-b1bb-3b711e2a2c8d,100.0,1.0,1.0,1.0,5,5.0,active,,,,,,,1778603683.022325
17f3bde5-9e00-47d0-8909-b138b266b325,0,2,3,45,2026-05-12T16:34:43.620484+00:00,order,add,bid,,eab7bcc2-34aa-463a-afe9-e6a9ea57439e,c5382ee4-bd5b-45e4-8232-55a805c489d8,91.0,1.0,1.0,1.0,1,1.0,active,,,,,,,1778603683.637189
17f3bde5-9e00-47d0-8909-b138b266b325,0,2,3,46,2026-05-12T16:34:45.233546+00:00,order,add,ask,,c32ae083-e564-4f59-acb6-bc9bb41b1aab,1fee9bd8-a0b5-414d-b996-84be8a4a131f,100.0,1.0,1.0,1.0,6,6.0,active,,,,,,,1778603685.250444
17f3bde5-9e00-47d0-8909-b138b266b325,0,2,3,47,2026-05-12T16:34:50.414528+00:00,trade,trade,bid,B,,,100.0,1.0,,,,,,70db0788-8f66-44b4-a031-a21618c62a35,,e2f367cd-b180-4de1-97a1-6278f413165a,de102b30-3033-4d02-a8cb-369bd4c3efd2,121ddd6b-3999-4e05-a2b3-d80bdfc8efba,e4da5453-0e94-4ba4-b1bb-3b711e2a2c8d,1778603690.429934
17f3bde5-9e00-47d0-8909-b138b266b325,0,2,3,48,2026-05-12T16:34:50.432914+00:00,order,fill,ask,,de102b30-3033-4d02-a8cb-369bd4c3efd2,e4da5453-0e94-4ba4-b1bb-3b711e2a2c8d,100.0,1.0,-1.0,0.0,,,executed,70db0788-8f66-44b4-a031-a21618c62a35,e2f367cd-b180-4de1-97a1-6278f413165a,,,,,1778603690.448081
17f3bde5-9e00-47d0-8909-b138b266b325,0,2,3,49,2026-05-12T16:34:50.450977+00:00,order,fill,bid,,e2f367cd-b180-4de1-97a1-6278f413165a,121ddd6b-3999-4e05-a2b3-d80bdfc8efba,100.0,1.0,-1.0,0.0,,,executed,70db0788-8f66-44b4-a031-a21618c62a35,de102b30-3033-4d02-a8cb-369bd4c3efd2,,,,,1778603690.465725
9af49dc6-a1bd-40fe-b627-4a8dbdf93e45,0,2,8,134,2026-05-12T16:34:50.691136+00:00,order,add,ask,,bfbc0ff8-0e07-4c96-b56a-deb899a98376,65041421-bea3-4034-ae77-04f68c6e46fc,113.5,1.0,1.0,1.0,1,1.0,active,,,,,,,1778603690.707543
9af49dc6-a1bd-40fe-b627-4a8dbdf93e45,0,2,8,135,2026-05-12T16:34:52.458715+00:00,trade,trade,bid,B,,,113.5,1.0,,,,,,0317a359-cad6-486b-a969-43f7ab6d1fc9,,973c4ebd-4053-45f3-818d-ba66f42d5d35,bfbc0ff8-0e07-4c96-b56a-deb899a98376,a97c9f1c-5c51-47a6-b087-fa652e7a6e31,65041421-bea3-4034-ae77-04f68c6e46fc,1778603692.474822
9af49dc6-a1bd-40fe-b627-4a8dbdf93e45,0,2,8,136,2026-05-12T16:34:52.478154+00:00,order,fill,ask,,bfbc0ff8-0e07-4c96-b56a-deb899a98376,65041421-bea3-4034-ae77-04f68c6e46fc,113.5,1.0,-1.0,0.0,,,executed,0317a359-cad6-486b-a969-43f7ab6d1fc9,973c4ebd-4053-45f3-818d-ba66f42d5d35,,,,,1778603692.493614
9af49dc6-a1bd-40fe-b627-4a8dbdf93e45,0,2,8,137,2026-05-12T16:34:52.496420+00:00,order,fill,bid,,973c4ebd-4053-45f3-818d-ba66f42d5d35,a97c9f1c-5c51-47a6-b087-fa652e7a6e31,114.0,1.0,-1.0,0.0,,,executed,0317a359-cad6-486b-a969-43f7ab6d1fc9,bfbc0ff8-0e07-4c96-b56a-deb899a98376,,,,,1778603692.511038
17f3bde5-9e00-47d0-8909-b138b266b325,0,2,3,50,2026-05-12T16:34:52.573476+00:00,order,add,ask,,40fdc2c1-1211-4a26-a154-7ef07d4d659f,e4da5453-0e94-4ba4-b1bb-3b711e2a2c8d,98.0,1.0,1.0,1.0,1,1.0,active,,,,,,,1778603692.588792
17f3bde5-9e00-47d0-8909-b138b266b325,0,2,2,51,2026-05-12T16:34:52.623631+00:00,order,cancel,ask,,21102788-ff63-4a5e-a8a4-f416fcdf8320,1fee9bd8-a0b5-414d-b996-84be8a4a131f,100.0,1.0,-1.0,0.0,,,cancelled,,,,,,,1778603692.63899
17f3bde5-9e00-47d0-8909-b138b266b325,0,2,3,52,2026-05-12T16:34:52.663320+00:00,order,cancel,ask,,c32ae083-e564-4f59-acb6-bc9bb41b1aab,1fee9bd8-a0b5-414d-b996-84be8a4a131f,100.0,1.0,-1.0,0.0,,,cancelled,,,,,,,1778603692.680259
a5f35780-eeec-48f3-bd11-2a02633bc450,0,2,5,99,2026-05-12T16:34:53.641869+00:00,order,add,ask,,43773626-b97e-49fe-b130-59324915e2a6,7263bda7-ce07-4527-829d-593539f9496a,74.0,1.0,1.0,1.0,1,1.0,active,,,,,,,1778603693.658696
a5f35780-eeec-48f3-bd11-2a02633bc450,0,2,5,100,2026-05-12T16:34:55.884502+00:00,trade,trade,ask,S,,,68.0,1.0,,,,,,771778eb-86bc-4f27-9120-df4d5fa4d30f,,ea92ab85-4b61-4503-a3b7-28bfebd0cc1a,ad5d9182-773f-4433-88b2-2cb5f2b4e0ca,d896d1d1-903a-4faf-af2e-bda1e25a47cc,6a27507f-b151-4a9f-b11f-d433b22aeb62,1778603695.901147
a5f35780-eeec-48f3-bd11-2a02633bc450,0,2,5,101,2026-05-12T16:34:55.904170+00:00,order,fill,ask,,ad5d9182-773f-4433-88b2-2cb5f2b4e0ca,6a27507f-b151-4a9f-b11f-d433b22aeb62,65.0,1.0,-1.0,0.0,,,executed,771778eb-86bc-4f27-9120-df4d5fa4d30f,ea92ab85-4b61-4503-a3b7-28bfebd0cc1a,,,,,1778603695.919531
a5f35780-eeec-48f3-bd11-2a02633bc450,0,2,5,102,2026-05-12T16:34:55.922371+00:00,order,fill,bid,,ea92ab85-4b61-4503-a3b7-28bfebd0cc1a,d896d1d1-903a-4faf-af2e-bda1e25a47cc,68.0,1.0,-1.0,0.0,,,executed,771778eb-86bc-4f27-9120-df4d5fa4d30f,ad5d9182-773f-4433-88b2-2cb5f2b4e0ca,,,,,1778603695.936759
17f3bde5-9e00-47d0-8909-b138b266b325,0,2,1,53,2026-05-12T16:34:56.208905+00:00,order,cancel,bid,,2c0db549-ed4b-47b7-a5d0-5d21771b0dec,1fee9bd8-a0b5-414d-b996-84be8a4a131f,90.0,1.0,-1.0,0.0,,,cancelled,,,,,,,1778603696.225771
17f3bde5-9e00-47d0-8909-b138b266b325,0,2,3,54,2026-05-12T16:34:56.865030+00:00,order,cancel,bid,,9d686391-0ce6-4833-8c5d-7e3b87200e9f,1fee9bd8-a0b5-414d-b996-84be8a4a131f,92.0,1.0,-1.0,0.0,,,cancelled,,,,,,,1778603696.880595
17f3bde5-9e00-47d0-8909-b138b266b325,0,2,3,55,2026-05-12T16:35:00.280091+00:00,trade,trade,ask,S,,,93.0,1.0,,,,,,8df6c068-80cd-412a-afc4-59c983eebe11,,b0dd30ee-86f6-426f-b017-7880c57733ad,f80d1245-4f80-4fd5-9d01-942548e1ac98,8097813e-2f6f-40a4-be05-70c6d8d3bca7,1fee9bd8-a0b5-414d-b996-84be8a4a131f,1778603700.310321
17f3bde5-9e00-47d0-8909-b138b266b325,0,2,3,56,2026-05-12T16:35:00.314238+00:00,order,fill,ask,,f80d1245-4f80-4fd5-9d01-942548e1ac98,1fee9bd8-a0b5-414d-b996-84be8a4a131f,93.0,1.0,-1.0,0.0,,,executed,8df6c068-80cd-412a-afc4-59c983eebe11,b0dd30ee-86f6-426f-b017-7880c57733ad,,,,,1778603700.341224
17f3bde5-9e00-47d0-8909-b138b266b325,0,2,3,57,2026-05-12T16:35:00.344554+00:00,order,fill,bid,,b0dd30ee-86f6-426f-b017-7880c57733ad,8097813e-2f6f-40a4-be05-70c6d8d3bca7,93.0,1.0,-1.0,0.0,,,executed,8df6c068-80cd-412a-afc4-59c983eebe11,f80d1245-4f80-4fd5-9d01-942548e1ac98,,,,,1778603700.366317
a5f35780-eeec-48f3-bd11-2a02633bc450,0,2,4,103,2026-05-12T16:35:02.491239+00:00,order,cancel,bid,,21770984-2945-4f1a-99b3-6159f5f90aae,7263bda7-ce07-4527-829d-593539f9496a,67.0,1.0,-1.0,0.0,,,cancelled,,,,,,,1778603702.522364
a5f35780-eeec-48f3-bd11-2a02633bc450,0,2,5,104,2026-05-12T16:35:04.578569+00:00,order,add,ask,,898c1f95-755b-4a64-9ac5-30abf7b28522,7263bda7-ce07-4527-829d-593539f9496a,70.5,1.0,1.0,1.0,1,1.0,active,,,,,,,1778603704.595265
a5f35780-eeec-48f3-bd11-2a02633bc450,0,2,5,105,2026-05-12T16:35:04.964880+00:00,order,add,ask,,2bb01240-8a76-446f-86bf-36dfa1cb4097,3f3f926c-76bd-44db-b2dc-3e8e8ddbccb6,70.0,1.0,1.0,1.0,1,1.0,active,,,,,,,1778603704.98225
9af49dc6-a1bd-40fe-b627-4a8dbdf93e45,0,2,8,138,2026-05-12T16:35:06.146952+00:00,trade,trade,ask,S,,,112.0,1.0,,,,,,c11ad9cd-6114-4af6-ae19-7f14a40f084c,,24cb1407-7a28-4ecf-8c60-5f9eb1c5c41c,57d95f82-8c6e-496e-933c-c9ec4a1a3796,65041421-bea3-4034-ae77-04f68c6e46fc,a97c9f1c-5c51-47a6-b087-fa652e7a6e31,1778603706.163
9af49dc6-a1bd-40fe-b627-4a8dbdf93e45,0,2,8,139,2026-05-12T16:35:06.166172+00:00,order,fill,ask,,57d95f82-8c6e-496e-933c-c9ec4a1a3796,a97c9f1c-5c51-47a6-b087-fa652e7a6e31,112.0,1.0,-1.0,0.0,,,executed,c11ad9cd-6114-4af6-ae19-7f14a40f084c,24cb1407-7a28-4ecf-8c60-5f9eb1c5c41c,,,,,1778603706.18192
9af49dc6-a1bd-40fe-b627-4a8dbdf93e45,0,2,8,140,2026-05-12T16:35:06.184849+00:00,order,fill,bid,,24cb1407-7a28-4ecf-8c60-5f9eb1c5c41c,65041421-bea3-4034-ae77-04f68c6e46fc,112.0,1.0,-1.0,0.0,,,executed,c11ad9cd-6114-4af6-ae19-7f14a40f084c,57d95f82-8c6e-496e-933c-c9ec4a1a3796,,,,,1778603706.201378
9af49dc6-a1bd-40fe-b627-4a8dbdf93e45,0,2,8,141,2026-05-12T16:35:07.760522+00:00,order,add,bid,,c265c670-d6e4-49d7-87ff-daeae4cf239e,8199026d-b134-4c9c-8eb9-35b39d3ff423,113.0,1.0,1.0,1.0,1,1.0,active,,,,,,,1778603707.777953
17f3bde5-9e00-47d0-8909-b138b266b325,0,2,3,58,2026-05-12T16:35:08.549572+00:00,order,add,ask,,b1a9e28e-4c7d-4b6f-b9d0-70d46d43e9cb,e4da5453-0e94-4ba4-b1bb-3b711e2a2c8d,95.0,1.0,1.0,1.0,1,1.0,active,,,,,,,1778603708.567129
17f3bde5-9e00-47d0-8909-b138b266b325,0,2,3,59,2026-05-12T16:35:08.968843+00:00,order,add,bid,,6adb719b-de12-41be-8aa7-68d89f9868d4,1fee9bd8-a0b5-414d-b996-84be8a4a131f,91.0,1.0,1.0,1.0,2,2.0,active,,,,,,,1778603708.986532
17f3bde5-9e00-47d0-8909-b138b266b325,0,2,3,60,2026-05-12T16:35:09.072370+00:00,order,add,ask,,f4bee2bf-8fe6-4f70-86fd-4b49358d1c9c,8097813e-2f6f-40a4-be05-70c6d8d3bca7,97.0,1.0,1.0,1.0,1,1.0,active,,,,,,,1778603709.089735
a5f35780-eeec-48f3-bd11-2a02633bc450,0,2,5,106,2026-05-12T16:35:10.463104+00:00,order,cancel,ask,,2bb01240-8a76-446f-86bf-36dfa1cb4097,3f3f926c-76bd-44db-b2dc-3e8e8ddbccb6,70.0,1.0,-1.0,0.0,,,cancelled,,,,,,,1778603710.480211
17f3bde5-9e00-47d0-8909-b138b266b325,0,2,3,61,2026-05-12T16:35:13.385233+00:00,order,add,ask,,99b29b73-9765-4fda-9587-c33535d1eef7,1fee9bd8-a0b5-414d-b996-84be8a4a131f,95.0,1.0,1.0,1.0,2,2.0,active,,,,,,,1778603713.401646
17f3bde5-9e00-47d0-8909-b138b266b325,0,2,3,62,2026-05-12T16:35:13.766019+00:00,trade,trade,bid,B,,,95.0,1.0,,,,,,a5cadbb0-f01e-46b1-ab53-9343513b5a6a,,7ac8c1df-ea05-4bee-aa6e-282345d90d94,b1a9e28e-4c7d-4b6f-b9d0-70d46d43e9cb,121ddd6b-3999-4e05-a2b3-d80bdfc8efba,e4da5453-0e94-4ba4-b1bb-3b711e2a2c8d,1778603713.782817
17f3bde5-9e00-47d0-8909-b138b266b325,0,2,3,63,2026-05-12T16:35:13.786030+00:00,order,fill,ask,,b1a9e28e-4c7d-4b6f-b9d0-70d46d43e9cb,e4da5453-0e94-4ba4-b1bb-3b711e2a2c8d,95.0,1.0,-1.0,0.0,,,executed,a5cadbb0-f01e-46b1-ab53-9343513b5a6a,7ac8c1df-ea05-4bee-aa6e-282345d90d94,,,,,1778603713.802442
17f3bde5-9e00-47d0-8909-b138b266b325,0,2,3,64,2026-05-12T16:35:13.805415+00:00,order,fill,bid,,7ac8c1df-ea05-4bee-aa6e-282345d90d94,121ddd6b-3999-4e05-a2b3-d80bdfc8efba,95.0,1.0,-1.0,0.0,,,executed,a5cadbb0-f01e-46b1-ab53-9343513b5a6a,b1a9e28e-4c7d-4b6f-b9d0-70d46d43e9cb,,,,,1778603713.821857
9af49dc6-a1bd-40fe-b627-4a8dbdf93e45,0,2,8,142,2026-05-12T16:35:13.937312+00:00,order,cancel,bid,,c265c670-d6e4-49d7-87ff-daeae4cf239e,8199026d-b134-4c9c-8eb9-35b39d3ff423,113.0,1.0,-1.0,0.0,,,cancelled,,,,,,,1778603713.953737
a5f35780-eeec-48f3-bd11-2a02633bc450,0,2,5,107,2026-05-12T16:35:15.922668+00:00,order,add,ask,,f8b0f85b-48b2-4ca3-aa82-4126b8c3ed47,7263bda7-ce07-4527-829d-593539f9496a,70.0,1.0,1.0,1.0,1,1.0,active,,,,,,,1778603715.938274
a5f35780-eeec-48f3-bd11-2a02633bc450,0,2,5,108,2026-05-12T16:35:17.726419+00:00,trade,trade,bid,B,,,70.0,1.0,,,,,,d02fd2f4-40df-4f6c-bc19-aca11117253b,,e46c669c-ffe7-4163-bf97-98c049b09e57,f8b0f85b-48b2-4ca3-aa82-4126b8c3ed47,14a8161a-9d15-4590-8e4a-d60fa690d14e,7263bda7-ce07-4527-829d-593539f9496a,1778603717.742948
a5f35780-eeec-48f3-bd11-2a02633bc450,0,2,5,109,2026-05-12T16:35:17.746142+00:00,order,fill,ask,,f8b0f85b-48b2-4ca3-aa82-4126b8c3ed47,7263bda7-ce07-4527-829d-593539f9496a,70.0,1.0,-1.0,0.0,,,executed,d02fd2f4-40df-4f6c-bc19-aca11117253b,e46c669c-ffe7-4163-bf97-98c049b09e57,,,,,1778603717.760719
a5f35780-eeec-48f3-bd11-2a02633bc450,0,2,5,110,2026-05-12T16:35:17.763667+00:00,order,fill,bid,,e46c669c-ffe7-4163-bf97-98c049b09e57,14a8161a-9d15-4590-8e4a-d60fa690d14e,70.0,1.0,-1.0,0.0,,,executed,d02fd2f4-40df-4f6c-bc19-aca11117253b,f8b0f85b-48b2-4ca3-aa82-4126b8c3ed47,,,,,1778603717.778901
17f3bde5-9e00-47d0-8909-b138b266b325,0,2,2,65,2026-05-12T16:35:19.707585+00:00,order,cancel,ask,,7fe56d39-0cd8-4981-823c-c172481afd18,8097813e-2f6f-40a4-be05-70c6d8d3bca7,100.0,1.0,-1.0,0.0,,,cancelled,,,,,,,1778603719.723555
17f3bde5-9e00-47d0-8909-b138b266b325,0,2,3,66,2026-05-12T16:35:19.758584+00:00,order,add,ask,,034ec70d-80b9-4a8a-8803-dd67a5372b31,e4da5453-0e94-4ba4-b1bb-3b711e2a2c8d,94.0,1.0,1.0,1.0,1,1.0,active,,,,,,,1778603719.774403
a5f35780-eeec-48f3-bd11-2a02633bc450,0,2,5,111,2026-05-12T16:35:21.883764+00:00,order,add,ask,,d603dba1-a16b-4807-bb11-50d338b4a6cc,6a27507f-b151-4a9f-b11f-d433b22aeb62,69.0,1.0,1.0,1.0,1,1.0,active,,,,,,,1778603721.900339
a5f35780-eeec-48f3-bd11-2a02633bc450,0,2,5,112,2026-05-12T16:35:23.325090+00:00,trade,trade,bid,B,,,69.0,1.0,,,,,,b9ec5f86-a6fc-438c-be32-8753bb1abc4c,,e9e1913f-8816-4b37-8b66-586face1e091,d603dba1-a16b-4807-bb11-50d338b4a6cc,d896d1d1-903a-4faf-af2e-bda1e25a47cc,6a27507f-b151-4a9f-b11f-d433b22aeb62,1778603723.34101
a5f35780-eeec-48f3-bd11-2a02633bc450,0,2,5,113,2026-05-12T16:35:23.344091+00:00,order,fill,ask,,d603dba1-a16b-4807-bb11-50d338b4a6cc,6a27507f-b151-4a9f-b11f-d433b22aeb62,69.0,1.0,-1.0,0.0,,,executed,b9ec5f86-a6fc-438c-be32-8753bb1abc4c,e9e1913f-8816-4b37-8b66-586face1e091,,,,,1778603723.359986
a5f35780-eeec-48f3-bd11-2a02633bc450,0,2,5,114,2026-05-12T16:35:23.362745+00:00,order,fill,bid,,e9e1913f-8816-4b37-8b66-586face1e091,d896d1d1-903a-4faf-af2e-bda1e25a47cc,70.0,1.0,-1.0,0.0,,,executed,b9ec5f86-a6fc-438c-be32-8753bb1abc4c,d603dba1-a16b-4807-bb11-50d338b4a6cc,,,,,1778603723.378289
a5f35780-eeec-48f3-bd11-2a02633bc450,0,2,5,115,2026-05-12T16:35:26.364551+00:00,order,add,bid,,e7f6434e-ec01-4da6-9e12-175f08b366bd,d896d1d1-903a-4faf-af2e-bda1e25a47cc,67.5,1.0,1.0,1.0,1,1.0,active,,,,,,,1778603726.380643
9af49dc6-a1bd-40fe-b627-4a8dbdf93e45,0,2,9,143,2026-05-12T16:35:27.443852+00:00,trade,trade,bid,B,,,113.75,1.0,,,,,,87a2b2c7-366e-4cdd-8415-a86b8ae3a60f,,6e1d83de-750a-49d4-823c-0f00da7172de,e0de82a0-6819-45f6-888c-6204251f0819,65041421-bea3-4034-ae77-04f68c6e46fc,8199026d-b134-4c9c-8eb9-35b39d3ff423,1778603727.460083
9af49dc6-a1bd-40fe-b627-4a8dbdf93e45,0,2,9,144,2026-05-12T16:35:27.463722+00:00,order,fill,ask,,e0de82a0-6819-45f6-888c-6204251f0819,8199026d-b134-4c9c-8eb9-35b39d3ff423,113.75,1.0,-1.0,0.0,,,executed,87a2b2c7-366e-4cdd-8415-a86b8ae3a60f,6e1d83de-750a-49d4-823c-0f00da7172de,,,,,1778603727.479153
9af49dc6-a1bd-40fe-b627-4a8dbdf93e45,0,2,9,145,2026-05-12T16:35:27.482248+00:00,order,fill,bid,,6e1d83de-750a-49d4-823c-0f00da7172de,65041421-bea3-4034-ae77-04f68c6e46fc,113.75,1.0,-1.0,0.0,,,executed,87a2b2c7-366e-4cdd-8415-a86b8ae3a60f,e0de82a0-6819-45f6-888c-6204251f0819,,,,,1778603727.497893
9af49dc6-a1bd-40fe-b627-4a8dbdf93e45,0,2,9,146,2026-05-12T16:35:28.963000+00:00,trade,trade,ask,S,,,112.0,1.0,,,,,,defc8c7c-b8fd-472f-8552-d6c9f0cc3172,,cea84fa0-737e-49b9-b916-347922a08733,d11a246f-4848-4bfc-847a-270af24e8bb2,8199026d-b134-4c9c-8eb9-35b39d3ff423,a97c9f1c-5c51-47a6-b087-fa652e7a6e31,1778603728.978703
9af49dc6-a1bd-40fe-b627-4a8dbdf93e45,0,2,9,147,2026-05-12T16:35:28.981484+00:00,order,fill,ask,,d11a246f-4848-4bfc-847a-270af24e8bb2,a97c9f1c-5c51-47a6-b087-fa652e7a6e31,112.0,1.0,-1.0,0.0,,,executed,defc8c7c-b8fd-472f-8552-d6c9f0cc3172,cea84fa0-737e-49b9-b916-347922a08733,,,,,1778603728.995937
9af49dc6-a1bd-40fe-b627-4a8dbdf93e45,0,2,9,148,2026-05-12T16:35:28.998679+00:00,order,fill,bid,,cea84fa0-737e-49b9-b916-347922a08733,8199026d-b134-4c9c-8eb9-35b39d3ff423,112.0,1.0,-1.0,0.0,,,executed,defc8c7c-b8fd-472f-8552-d6c9f0cc3172,d11a246f-4848-4bfc-847a-270af24e8bb2,,,,,1778603729.013758
a5f35780-eeec-48f3-bd11-2a02633bc450,0,2,5,116,2026-05-12T16:35:30.570732+00:00,order,add,bid,,355ad790-d66e-48b0-98db-c480d01829a5,7263bda7-ce07-4527-829d-593539f9496a,64.0,1.0,1.0,1.0,1,1.0,active,,,,,,,1778603730.586902
a5f35780-eeec-48f3-bd11-2a02633bc450,0,2,5,117,2026-05-12T16:35:31.538189+00:00,trade,trade,ask,S,,,67.5,1.0,,,,,,960a1214-c3ab-459c-86d6-12825d3edfce,,e7f6434e-ec01-4da6-9e12-175f08b366bd,172b0f68-68a9-4113-894c-06fc3ccb8f1a,d896d1d1-903a-4faf-af2e-bda1e25a47cc,b051dea2-10fd-492e-a16a-123e7f6bc6ac,1778603731.55488
a5f35780-eeec-48f3-bd11-2a02633bc450,0,2,5,118,2026-05-12T16:35:31.557950+00:00,order,fill,ask,,172b0f68-68a9-4113-894c-06fc3ccb8f1a,b051dea2-10fd-492e-a16a-123e7f6bc6ac,66.0,1.0,-1.0,0.0,,,executed,960a1214-c3ab-459c-86d6-12825d3edfce,e7f6434e-ec01-4da6-9e12-175f08b366bd,,,,,1778603731.573889
a5f35780-eeec-48f3-bd11-2a02633bc450,0,2,5,119,2026-05-12T16:35:31.576794+00:00,order,fill,bid,,e7f6434e-ec01-4da6-9e12-175f08b366bd,d896d1d1-903a-4faf-af2e-bda1e25a47cc,67.5,1.0,-1.0,0.0,,,executed,960a1214-c3ab-459c-86d6-12825d3edfce,172b0f68-68a9-4113-894c-06fc3ccb8f1a,,,,,1778603731.592121
9af49dc6-a1bd-40fe-b627-4a8dbdf93e45,0,2,9,149,2026-05-12T16:35:32.993803+00:00,order,add,bid,,9ea045d0-5d54-439d-add5-0dcaff506496,a97c9f1c-5c51-47a6-b087-fa652e7a6e31,110.0,1.0,1.0,1.0,2,2.0,active,,,,,,,1778603733.010333
a5f35780-eeec-48f3-bd11-2a02633bc450,0,2,5,120,2026-05-12T16:35:33.114914+00:00,order,add,ask,,99a5582b-85e1-412c-9d44-d263e64508ac,6a27507f-b151-4a9f-b11f-d433b22aeb62,73.0,1.0,1.0,1.0,1,1.0,active,,,,,,,1778603733.131423
9af49dc6-a1bd-40fe-b627-4a8dbdf93e45,0,2,9,150,2026-05-12T16:35:33.810610+00:00,order,add,bid,,0600e316-59d8-4f9b-bde7-6ae80e1402bf,65041421-bea3-4034-ae77-04f68c6e46fc,112.88,1.0,1.0,1.0,1,1.0,active,,,,,,,1778603733.826656
a5f35780-eeec-48f3-bd11-2a02633bc450,0,2,5,121,2026-05-12T16:35:35.020149+00:00,trade,trade,bid,B,,,70.5,1.0,,,,,,47cde761-f37f-4af7-bd8a-0dc7663d30a9,,5cfe207b-c616-4492-9c20-620dda4766b4,898c1f95-755b-4a64-9ac5-30abf7b28522,d896d1d1-903a-4faf-af2e-bda1e25a47cc,7263bda7-ce07-4527-829d-593539f9496a,1778603735.036336
a5f35780-eeec-48f3-bd11-2a02633bc450,0,2,5,122,2026-05-12T16:35:35.039605+00:00,order,fill,ask,,898c1f95-755b-4a64-9ac5-30abf7b28522,7263bda7-ce07-4527-829d-593539f9496a,70.5,1.0,-1.0,0.0,,,executed,47cde761-f37f-4af7-bd8a-0dc7663d30a9,5cfe207b-c616-4492-9c20-620dda4766b4,,,,,1778603735.055436
a5f35780-eeec-48f3-bd11-2a02633bc450,0,2,5,123,2026-05-12T16:35:35.058553+00:00,order,fill,bid,,5cfe207b-c616-4492-9c20-620dda4766b4,d896d1d1-903a-4faf-af2e-bda1e25a47cc,70.5,1.0,-1.0,0.0,,,executed,47cde761-f37f-4af7-bd8a-0dc7663d30a9,898c1f95-755b-4a64-9ac5-30abf7b28522,,,,,1778603735.073905
9af49dc6-a1bd-40fe-b627-4a8dbdf93e45,0,2,9,151,2026-05-12T16:35:39.877146+00:00,order,add,bid,,34d56bd5-74dd-4bdc-b329-1c1a933c1770,a97c9f1c-5c51-47a6-b087-fa652e7a6e31,112.0,1.0,1.0,1.0,1,1.0,active,,,,,,,1778603739.892887
9af49dc6-a1bd-40fe-b627-4a8dbdf93e45,0,2,9,152,2026-05-12T16:35:40.273436+00:00,order,add,ask,,b3d704a0-39fb-430b-951a-5165c4744858,a97c9f1c-5c51-47a6-b087-fa652e7a6e31,114.0,1.0,1.0,1.0,7,7.0,active,,,,,,,1778603740.290314
9af49dc6-a1bd-40fe-b627-4a8dbdf93e45,0,2,9,153,2026-05-12T16:35:40.891866+00:00,order,add,bid,,c75d00e5-0519-4d50-a926-c2f2d76c8698,65041421-bea3-4034-ae77-04f68c6e46fc,111.5,1.0,1.0,1.0,1,1.0,active,,,,,,,1778603740.908887
9af49dc6-a1bd-40fe-b627-4a8dbdf93e45,0,2,9,154,2026-05-12T16:35:42.152601+00:00,order,add,ask,,dd8fbdb4-fe75-4042-aad2-fa3af703e4c1,8199026d-b134-4c9c-8eb9-35b39d3ff423,113.0,1.0,1.0,1.0,1,1.0,active,,,,,,,1778603742.169707
a5f35780-eeec-48f3-bd11-2a02633bc450,0,2,5,124,2026-05-12T16:35:42.274828+00:00,order,add,bid,,a1e5d751-33e4-45a8-b88d-76d96b429765,d896d1d1-903a-4faf-af2e-bda1e25a47cc,68.25,1.0,1.0,1.0,1,1.0,active,,,,,,,1778603742.290395
a5f35780-eeec-48f3-bd11-2a02633bc450,0,2,5,125,2026-05-12T16:35:44.137959+00:00,order,add,ask,,c2526cf8-ee49-4e79-9bd2-882a6906763b,7263bda7-ce07-4527-829d-593539f9496a,69.0,1.0,1.0,1.0,1,1.0,active,,,,,,,1778603744.154957
a5f35780-eeec-48f3-bd11-2a02633bc450,0,2,5,126,2026-05-12T16:35:44.908412+00:00,order,add,bid,,cffca934-e2f5-44b4-9053-aed0427fdbb4,3f3f926c-76bd-44db-b2dc-3e8e8ddbccb6,62.5,1.0,1.0,1.0,1,1.0,active,,,,,,,1778603744.92518
17f3bde5-9e00-47d0-8909-b138b266b325,0,2,3,67,2026-05-12T16:35:45.166862+00:00,order,cancel,bid,,eab7bcc2-34aa-463a-afe9-e6a9ea57439e,c5382ee4-bd5b-45e4-8232-55a805c489d8,91.0,1.0,-1.0,0.0,,,cancelled,,,,,,,1778603745.185323
a5f35780-eeec-48f3-bd11-2a02633bc450,0,2,5,127,2026-05-12T16:35:46.905940+00:00,order,add,ask,,6f137f30-6561-4318-9b2e-3e4a836b69af,7263bda7-ce07-4527-829d-593539f9496a,70.0,1.0,1.0,1.0,1,1.0,active,,,,,,,1778603746.922543
9af49dc6-a1bd-40fe-b627-4a8dbdf93e45,0,2,9,155,2026-05-12T16:35:49.449802+00:00,order,add,ask,,dcda2781-59bf-4c5e-8800-ee375a710938,a97c9f1c-5c51-47a6-b087-fa652e7a6e31,113.0,1.0,1.0,1.0,2,2.0,active,,,,,,,1778603749.465801
9af49dc6-a1bd-40fe-b627-4a8dbdf93e45,0,2,9,156,2026-05-12T16:35:51.476803+00:00,order,add,ask,,108018d0-c785-4db5-96ba-de9e2a0947ac,a97c9f1c-5c51-47a6-b087-fa652e7a6e31,113.0,1.0,1.0,1.0,3,3.0,active,,,,,,,1778603751.493668
17f3bde5-9e00-47d0-8909-b138b266b325,0,2,4,68,2026-05-12T16:35:51.945490+00:00,order,add,ask,,3e37e9c5-5d45-4334-b4af-4f4e02696fd2,1fee9bd8-a0b5-414d-b996-84be8a4a131f,94.0,1.0,1.0,1.0,2,2.0,active,,,,,,,1778603751.962593
9af49dc6-a1bd-40fe-b627-4a8dbdf93e45,0,2,9,157,2026-05-12T16:35:52.762013+00:00,order,add,ask,,bdf7cfd3-dfed-46c1-9373-d5229086fd8f,8199026d-b134-4c9c-8eb9-35b39d3ff423,113.76,1.0,1.0,1.0,1,1.0,active,,,,,,,1778603752.779079
17f3bde5-9e00-47d0-8909-b138b266b325,0,2,3,69,2026-05-12T16:35:52.815189+00:00,order,cancel,ask,,f4bee2bf-8fe6-4f70-86fd-4b49358d1c9c,8097813e-2f6f-40a4-be05-70c6d8d3bca7,97.0,1.0,-1.0,0.0,,,cancelled,,,,,,,1778603752.830874
9af49dc6-a1bd-40fe-b627-4a8dbdf93e45,0,2,9,158,2026-05-12T16:35:53.011018+00:00,order,add,ask,,504a238f-cb6d-443b-a9e8-1bc7295f1469,a97c9f1c-5c51-47a6-b087-fa652e7a6e31,113.0,1.0,1.0,1.0,4,4.0,active,,,,,,,1778603753.027863
9af49dc6-a1bd-40fe-b627-4a8dbdf93e45,0,2,9,159,2026-05-12T16:35:54.755699+00:00,trade,trade,bid,B,,,113.0,1.0,,,,,,4026b5d5-6366-46b2-803f-0fb18bdf0dd1,,3eca3b4a-7741-4eb9-9cd6-a2734d58cf49,dd8fbdb4-fe75-4042-aad2-fa3af703e4c1,a97c9f1c-5c51-47a6-b087-fa652e7a6e31,8199026d-b134-4c9c-8eb9-35b39d3ff423,1778603754.774771
9af49dc6-a1bd-40fe-b627-4a8dbdf93e45,0,2,9,160,2026-05-12T16:35:54.778088+00:00,order,fill,ask,,dd8fbdb4-fe75-4042-aad2-fa3af703e4c1,8199026d-b134-4c9c-8eb9-35b39d3ff423,113.0,1.0,-1.0,0.0,,,executed,4026b5d5-6366-46b2-803f-0fb18bdf0dd1,3eca3b4a-7741-4eb9-9cd6-a2734d58cf49,,,,,1778603754.793406
9af49dc6-a1bd-40fe-b627-4a8dbdf93e45,0,2,9,161,2026-05-12T16:35:54.796339+00:00,order,fill,bid,,3eca3b4a-7741-4eb9-9cd6-a2734d58cf49,a97c9f1c-5c51-47a6-b087-fa652e7a6e31,113.0,1.0,-1.0,0.0,,,executed,4026b5d5-6366-46b2-803f-0fb18bdf0dd1,dd8fbdb4-fe75-4042-aad2-fa3af703e4c1,,,,,1778603754.811318
17f3bde5-9e00-47d0-8909-b138b266b325,0,2,4,70,2026-05-12T16:35:55.198351+00:00,order,add,bid,,61cfd687-5d27-420c-a7fb-aa1da415bc2d,c5382ee4-bd5b-45e4-8232-55a805c489d8,90.5,1.0,1.0,1.0,1,1.0,active,,,,,,,1778603755.214366
9af49dc6-a1bd-40fe-b627-4a8dbdf93e45,0,2,9,162,2026-05-12T16:35:56.267408+00:00,order,add,ask,,76ef65a6-a730-48f3-876e-a2e8789ce08d,65041421-bea3-4034-ae77-04f68c6e46fc,113.88,1.0,1.0,1.0,1,1.0,active,,,,,,,1778603756.283437
9af49dc6-a1bd-40fe-b627-4a8dbdf93e45,0,2,5,163,2026-05-12T16:35:57.867996+00:00,order,cancel,ask,,1dca9eb4-3e9c-4b55-85f5-470a940bfaa4,65041421-bea3-4034-ae77-04f68c6e46fc,114.0,1.0,-1.0,0.0,,,cancelled,,,,,,,1778603757.884272
9af49dc6-a1bd-40fe-b627-4a8dbdf93e45,0,2,7,164,2026-05-12T16:35:57.905851+00:00,order,cancel,ask,,951915c2-9a92-4df2-a01b-b10f7aa9c567,65041421-bea3-4034-ae77-04f68c6e46fc,114.0,1.0,-1.0,0.0,,,cancelled,,,,,,,1778603757.921231
9af49dc6-a1bd-40fe-b627-4a8dbdf93e45,0,2,7,165,2026-05-12T16:35:57.953191+00:00,order,cancel,ask,,d6c969fb-2073-4ac3-ace9-855b27724241,65041421-bea3-4034-ae77-04f68c6e46fc,114.0,1.0,-1.0,0.0,,,cancelled,,,,,,,1778603757.968025
17f3bde5-9e00-47d0-8909-b138b266b325,0,2,4,71,2026-05-12T16:35:58.000274+00:00,order,add,bid,,cb645355-2825-467e-98a7-cbe71c76143b,121ddd6b-3999-4e05-a2b3-d80bdfc8efba,90.0,1.0,1.0,1.0,3,3.0,active,,,,,,,1778603758.016197
17f3bde5-9e00-47d0-8909-b138b266b325,0,2,4,72,2026-05-12T16:35:58.038862+00:00,order,add,ask,,f9dce699-7926-4ceb-b3b9-70e6a508c8be,6eb3648e-8876-4d12-96eb-7269067415d5,99.0,1.0,1.0,1.0,1,1.0,active,,,,,,,1778603758.054672
9af49dc6-a1bd-40fe-b627-4a8dbdf93e45,0,2,9,166,2026-05-12T16:35:58.076760+00:00,order,add,ask,,57ac2aaa-f5e1-4472-a7b4-b8885c79b251,a97c9f1c-5c51-47a6-b087-fa652e7a6e31,113.0,1.0,1.0,1.0,4,4.0,active,,,,,,,1778603758.092939
17f3bde5-9e00-47d0-8909-b138b266b325,0,2,4,73,2026-05-12T16:36:00.855346+00:00,order,cancel,bid,,cb645355-2825-467e-98a7-cbe71c76143b,121ddd6b-3999-4e05-a2b3-d80bdfc8efba,90.0,1.0,-1.0,0.0,,,cancelled,,,,,,,1778603760.871947
17f3bde5-9e00-47d0-8909-b138b266b325,0,2,4,74,2026-05-12T16:36:01.627188+00:00,order,add,ask,,bbd53a44-9f6c-47bb-aec5-fa24e5cb4ec0,8097813e-2f6f-40a4-be05-70c6d8d3bca7,93.0,1.0,1.0,1.0,1,1.0,active,,,,,,,1778603761.650444
17f3bde5-9e00-47d0-8909-b138b266b325,0,2,4,75,2026-05-12T16:36:01.871703+00:00,trade,trade,ask,S,,,91.0,1.0,,,,,,113c201f-1faf-4e50-bc96-9157392da49e,,6adb719b-de12-41be-8aa7-68d89f9868d4,5240c8d5-3cfa-4010-91bc-3828b2ac37fb,1fee9bd8-a0b5-414d-b996-84be8a4a131f,e4da5453-0e94-4ba4-b1bb-3b711e2a2c8d,1778603761.891573
17f3bde5-9e00-47d0-8909-b138b266b325,0,2,4,76,2026-05-12T16:36:01.896391+00:00,order,fill,ask,,5240c8d5-3cfa-4010-91bc-3828b2ac37fb,e4da5453-0e94-4ba4-b1bb-3b711e2a2c8d,91.0,1.0,-1.0,0.0,,,executed,113c201f-1faf-4e50-bc96-9157392da49e,6adb719b-de12-41be-8aa7-68d89f9868d4,,,,,1778603761.930085
17f3bde5-9e00-47d0-8909-b138b266b325,0,2,4,77,2026-05-12T16:36:01.934564+00:00,order,fill,bid,,6adb719b-de12-41be-8aa7-68d89f9868d4,1fee9bd8-a0b5-414d-b996-84be8a4a131f,91.0,1.0,-1.0,0.0,,,executed,113c201f-1faf-4e50-bc96-9157392da49e,5240c8d5-3cfa-4010-91bc-3828b2ac37fb,,,,,1778603762.020905
17f3bde5-9e00-47d0-8909-b138b266b325,0,2,3,78,2026-05-12T16:36:04.288235+00:00,order,cancel,ask,,99b29b73-9765-4fda-9587-c33535d1eef7,1fee9bd8-a0b5-414d-b996-84be8a4a131f,95.0,1.0,-1.0,0.0,,,cancelled,,,,,,,1778603764.30555
17f3bde5-9e00-47d0-8909-b138b266b325,0,2,4,79,2026-05-12T16:36:05.656833+00:00,order,cancel,ask,,3e37e9c5-5d45-4334-b4af-4f4e02696fd2,1fee9bd8-a0b5-414d-b996-84be8a4a131f,94.0,1.0,-1.0,0.0,,,cancelled,,,,,,,1778603765.67424
17f3bde5-9e00-47d0-8909-b138b266b325,0,2,4,80,2026-05-12T16:36:06.126666+00:00,order,add,bid,,754866fa-08ef-4205-9253-d0b1661a5c2d,121ddd6b-3999-4e05-a2b3-d80bdfc8efba,85.0,1.0,1.0,1.0,1,1.0,active,,,,,,,1778603766.14439
17f3bde5-9e00-47d0-8909-b138b266b325,0,2,2,81,2026-05-12T16:36:09.629707+00:00,order,cancel,ask,,f2e5f655-0769-46bc-b207-cdcb7744e576,121ddd6b-3999-4e05-a2b3-d80bdfc8efba,110.0,1.0,-1.0,0.0,,,cancelled,,,,,,,1778603769.645834
9af49dc6-a1bd-40fe-b627-4a8dbdf93e45,0,2,9,167,2026-05-12T16:36:10.067108+00:00,order,add,ask,,1eec9564-9ae9-41c8-8b3d-d22b06f61048,65041421-bea3-4034-ae77-04f68c6e46fc,113.94,1.0,1.0,1.0,1,1.0,active,,,,,,,1778603770.083509
9af49dc6-a1bd-40fe-b627-4a8dbdf93e45,0,2,9,168,2026-05-12T16:36:11.451827+00:00,order,cancel,ask,,1eec9564-9ae9-41c8-8b3d-d22b06f61048,65041421-bea3-4034-ae77-04f68c6e46fc,113.94,1.0,-1.0,0.0,,,cancelled,,,,,,,1778603771.467538
9af49dc6-a1bd-40fe-b627-4a8dbdf93e45,0,2,9,169,2026-05-12T16:36:11.503667+00:00,order,cancel,ask,,dcda2781-59bf-4c5e-8800-ee375a710938,a97c9f1c-5c51-47a6-b087-fa652e7a6e31,113.0,1.0,-1.0,0.0,,,cancelled,,,,,,,1778603771.519617
17f3bde5-9e00-47d0-8909-b138b266b325,0,2,4,82,2026-05-12T16:36:13.896341+00:00,order,add,ask,,2e397fb7-1182-4efe-8a2d-8e2d4af58fea,1fee9bd8-a0b5-414d-b996-84be8a4a131f,93.0,1.0,1.0,1.0,2,2.0,active,,,,,,,1778603773.912639
17f3bde5-9e00-47d0-8909-b138b266b325,0,2,4,83,2026-05-12T16:36:16.728582+00:00,order,add,ask,,474b588c-8b8c-415a-869d-44d161d213da,8097813e-2f6f-40a4-be05-70c6d8d3bca7,91.5,1.0,1.0,1.0,1,1.0,active,,,,,,,1778603776.746284
9af49dc6-a1bd-40fe-b627-4a8dbdf93e45,0,2,9,170,2026-05-12T16:36:17.496179+00:00,order,add,bid,,b9e3ceac-004d-40bc-9724-d94aefa09ebc,8199026d-b134-4c9c-8eb9-35b39d3ff423,112.5,1.0,1.0,1.0,1,1.0,active,,,,,,,1778603777.513605
17f3bde5-9e00-47d0-8909-b138b266b325,0,2,4,84,2026-05-12T16:36:18.057721+00:00,order,cancel,ask,,bbd53a44-9f6c-47bb-aec5-fa24e5cb4ec0,8097813e-2f6f-40a4-be05-70c6d8d3bca7,93.0,1.0,-1.0,0.0,,,cancelled,,,,,,,1778603778.074427
17f3bde5-9e00-47d0-8909-b138b266b325,0,2,4,85,2026-05-12T16:36:18.872421+00:00,order,add,bid,,fe9e5c8a-2600-4e12-b7fb-59237a02ddc5,1fee9bd8-a0b5-414d-b996-84be8a4a131f,90.5,1.0,1.0,1.0,2,2.0,active,,,,,,,1778603778.889367
a5f35780-eeec-48f3-bd11-2a02633bc450,0,2,5,128,2026-05-12T16:36:21.939959+00:00,order,cancel,bid,,a1e5d751-33e4-45a8-b88d-76d96b429765,d896d1d1-903a-4faf-af2e-bda1e25a47cc,68.25,1.0,-1.0,0.0,,,cancelled,,,,,,,1778603781.956828
17f3bde5-9e00-47d0-8909-b138b266b325,0,2,4,86,2026-05-12T16:36:22.323708+00:00,order,add,bid,,971a15c6-a036-4d4d-a8c9-af8be5f893c8,6eb3648e-8876-4d12-96eb-7269067415d5,85.0,1.0,1.0,1.0,2,2.0,active,,,,,,,1778603782.340505
a5f35780-eeec-48f3-bd11-2a02633bc450,0,2,4,129,2026-05-12T16:36:23.483861+00:00,order,cancel,bid,,9a339d91-3392-4cec-a25e-e9764517744f,d896d1d1-903a-4faf-af2e-bda1e25a47cc,66.0,1.0,-1.0,0.0,,,cancelled,,,,,,,1778603783.500449
17f3bde5-9e00-47d0-8909-b138b266b325,0,2,4,87,2026-05-12T16:36:24.205134+00:00,order,add,ask,,59cb4b21-76c1-49b3-96b8-e77ab707e5db,e4da5453-0e94-4ba4-b1bb-3b711e2a2c8d,91.0,1.0,1.0,1.0,1,1.0,active,,,,,,,1778603784.222149
a5f35780-eeec-48f3-bd11-2a02633bc450,0,2,6,130,2026-05-12T16:36:24.396706+00:00,order,add,ask,,ace2b324-38b6-49c1-8686-05c13ce6a440,3f3f926c-76bd-44db-b2dc-3e8e8ddbccb6,68.25,1.0,1.0,1.0,1,1.0,active,,,,,,,1778603784.41454
a5f35780-eeec-48f3-bd11-2a02633bc450,0,2,1,131,2026-05-12T16:36:27.212154+00:00,order,cancel,ask,,f19531a1-31ef-4acd-804c-bd73dd4d8514,d896d1d1-903a-4faf-af2e-bda1e25a47cc,102.0,1.0,-1.0,0.0,,,cancelled,,,,,,,1778603787.229004
a5f35780-eeec-48f3-bd11-2a02633bc450,0,2,6,132,2026-05-12T16:36:27.796562+00:00,order,add,ask,,fdbaa73a-3568-4476-b7c1-b6af6cd32b26,3f3f926c-76bd-44db-b2dc-3e8e8ddbccb6,67.0,1.0,1.0,1.0,1,1.0,active,,,,,,,1778603787.815684
17f3bde5-9e00-47d0-8909-b138b266b325,0,2,4,88,2026-05-12T16:36:29.079529+00:00,order,add,ask,,9e55091e-b0e0-45ce-99cc-5f3be31f7439,1fee9bd8-a0b5-414d-b996-84be8a4a131f,91.0,1.0,1.0,1.0,2,2.0,active,,,,,,,1778603789.096218
17f3bde5-9e00-47d0-8909-b138b266b325,0,2,4,89,2026-05-12T16:36:30.513674+00:00,order,cancel,ask,,2e397fb7-1182-4efe-8a2d-8e2d4af58fea,1fee9bd8-a0b5-414d-b996-84be8a4a131f,93.0,1.0,-1.0,0.0,,,cancelled,,,,,,,1778603790.529958
a5f35780-eeec-48f3-bd11-2a02633bc450,0,2,6,133,2026-05-12T16:36:30.908513+00:00,order,add,ask,,7a9027af-2229-4fba-949a-3135704099fc,3f3f926c-76bd-44db-b2dc-3e8e8ddbccb6,66.63,1.0,1.0,1.0,1,1.0,active,,,,,,,1778603790.924494
a5f35780-eeec-48f3-bd11-2a02633bc450,0,2,6,134,2026-05-12T16:36:33.547592+00:00,trade,trade,ask,S,,,65.0,1.0,,,,,,e1822fb9-15bf-4471-94dc-823bd39a3740,,e3127a48-9eba-4e8c-85df-b2a6ca5230d8,aeae728e-f6c8-46f7-9629-b4b6efabd71d,3f3f926c-76bd-44db-b2dc-3e8e8ddbccb6,6a27507f-b151-4a9f-b11f-d433b22aeb62,1778603793.563431
a5f35780-eeec-48f3-bd11-2a02633bc450,0,2,6,135,2026-05-12T16:36:33.566704+00:00,order,fill,ask,,aeae728e-f6c8-46f7-9629-b4b6efabd71d,6a27507f-b151-4a9f-b11f-d433b22aeb62,65.0,1.0,-1.0,0.0,,,executed,e1822fb9-15bf-4471-94dc-823bd39a3740,e3127a48-9eba-4e8c-85df-b2a6ca5230d8,,,,,1778603793.581959
a5f35780-eeec-48f3-bd11-2a02633bc450,0,2,6,136,2026-05-12T16:36:33.584987+00:00,order,fill,bid,,e3127a48-9eba-4e8c-85df-b2a6ca5230d8,3f3f926c-76bd-44db-b2dc-3e8e8ddbccb6,65.0,1.0,-1.0,0.0,,,executed,e1822fb9-15bf-4471-94dc-823bd39a3740,aeae728e-f6c8-46f7-9629-b4b6efabd71d,,,,,1778603793.600096
a5f35780-eeec-48f3-bd11-2a02633bc450,0,2,6,137,2026-05-12T16:36:33.647455+00:00,order,add,ask,,bb9a7048-19ea-4b38-9ee6-e33174fb5e36,7263bda7-ce07-4527-829d-593539f9496a,65.0,1.0,1.0,1.0,1,1.0,active,,,,,,,1778603793.662251
a5f35780-eeec-48f3-bd11-2a02633bc450,0,2,4,138,2026-05-12T16:36:35.884348+00:00,order,cancel,bid,,179feb1f-2c1a-4c12-b1ab-a80a864e655e,6a27507f-b151-4a9f-b11f-d433b22aeb62,63.0,1.0,-1.0,0.0,,,cancelled,,,,,,,1778603795.901629
a5f35780-eeec-48f3-bd11-2a02633bc450,0,2,6,139,2026-05-12T16:36:36.530702+00:00,order,add,ask,,cb3d3c9e-c6b9-42ae-b3cb-464daa60609e,7263bda7-ce07-4527-829d-593539f9496a,65.82,1.0,1.0,1.0,1,1.0,active,,,,,,,1778603796.550158
17f3bde5-9e00-47d0-8909-b138b266b325,0,2,4,90,2026-05-12T16:36:38.697238+00:00,trade,trade,ask,S,,,90.5,1.0,,,,,,27307074-f720-475a-ae95-9b5ec6b8eccc,,61cfd687-5d27-420c-a7fb-aa1da415bc2d,c674dd05-0a4f-47eb-807d-46547cb4843a,c5382ee4-bd5b-45e4-8232-55a805c489d8,8097813e-2f6f-40a4-be05-70c6d8d3bca7,1778603798.714221
17f3bde5-9e00-47d0-8909-b138b266b325,0,2,4,91,2026-05-12T16:36:38.717353+00:00,order,fill,ask,,c674dd05-0a4f-47eb-807d-46547cb4843a,8097813e-2f6f-40a4-be05-70c6d8d3bca7,90.0,1.0,-1.0,0.0,,,executed,27307074-f720-475a-ae95-9b5ec6b8eccc,61cfd687-5d27-420c-a7fb-aa1da415bc2d,,,,,1778603798.732264
17f3bde5-9e00-47d0-8909-b138b266b325,0,2,4,92,2026-05-12T16:36:38.735184+00:00,order,fill,bid,,61cfd687-5d27-420c-a7fb-aa1da415bc2d,c5382ee4-bd5b-45e4-8232-55a805c489d8,90.5,1.0,-1.0,0.0,,,executed,27307074-f720-475a-ae95-9b5ec6b8eccc,c674dd05-0a4f-47eb-807d-46547cb4843a,,,,,1778603798.750274
a5f35780-eeec-48f3-bd11-2a02633bc450,0,2,6,140,2026-05-12T16:36:38.890478+00:00,order,cancel,ask,,bb9a7048-19ea-4b38-9ee6-e33174fb5e36,7263bda7-ce07-4527-829d-593539f9496a,65.0,1.0,-1.0,0.0,,,cancelled,,,,,,,1778603798.906912
17f3bde5-9e00-47d0-8909-b138b266b325,0,2,4,93,2026-05-12T16:36:39.318027+00:00,order,add,bid,,f21cebfa-0c66-4282-85bd-a240bb9717b6,121ddd6b-3999-4e05-a2b3-d80bdfc8efba,84.0,1.0,1.0,1.0,1,1.0,active,,,,,,,1778603799.335265
a5f35780-eeec-48f3-bd11-2a02633bc450,0,2,6,141,2026-05-12T16:36:39.563703+00:00,order,add,bid,,504a2cb0-0804-40ee-bad9-656a30d08b07,d896d1d1-903a-4faf-af2e-bda1e25a47cc,64.0,1.0,1.0,1.0,2,2.0,active,,,,,,,1778603799.583702
a5f35780-eeec-48f3-bd11-2a02633bc450,0,2,5,142,2026-05-12T16:36:40.883573+00:00,order,cancel,ask,,c2526cf8-ee49-4e79-9bd2-882a6906763b,7263bda7-ce07-4527-829d-593539f9496a,69.0,1.0,-1.0,0.0,,,cancelled,,,,,,,1778603800.899655
a5f35780-eeec-48f3-bd11-2a02633bc450,0,2,6,143,2026-05-12T16:36:41.029354+00:00,order,add,ask,,a33ee359-5b6b-4228-9495-924d714226d3,6a27507f-b151-4a9f-b11f-d433b22aeb62,65.0,1.0,1.0,1.0,1,1.0,active,,,,,,,1778603801.046001
a5f35780-eeec-48f3-bd11-2a02633bc450,0,2,5,144,2026-05-12T16:36:41.955155+00:00,order,cancel,ask,,6f137f30-6561-4318-9b2e-3e4a836b69af,7263bda7-ce07-4527-829d-593539f9496a,70.0,1.0,-1.0,0.0,,,cancelled,,,,,,,1778603801.971272
a5f35780-eeec-48f3-bd11-2a02633bc450,0,2,5,145,2026-05-12T16:36:42.804279+00:00,order,cancel,ask,,43773626-b97e-49fe-b130-59324915e2a6,7263bda7-ce07-4527-829d-593539f9496a,74.0,1.0,-1.0,0.0,,,cancelled,,,,,,,1778603802.820381
a5f35780-eeec-48f3-bd11-2a02633bc450,0,2,6,146,2026-05-12T16:36:43.373211+00:00,order,add,bid,,68a2a7dc-9334-4645-a616-c01e7b556c48,3f3f926c-76bd-44db-b2dc-3e8e8ddbccb6,62.63,1.0,1.0,1.0,1,1.0,active,,,,,,,1778603803.389739
a5f35780-eeec-48f3-bd11-2a02633bc450,0,2,4,147,2026-05-12T16:36:43.483567+00:00,order,cancel,ask,,5ec65e33-acb7-4161-b1ba-1c6d5234a2c5,7263bda7-ce07-4527-829d-593539f9496a,78.0,1.0,-1.0,0.0,,,cancelled,,,,,,,1778603803.499211
a5f35780-eeec-48f3-bd11-2a02633bc450,0,2,5,148,2026-05-12T16:36:44.292217+00:00,order,cancel,ask,,99a5582b-85e1-412c-9d44-d263e64508ac,6a27507f-b151-4a9f-b11f-d433b22aeb62,73.0,1.0,-1.0,0.0,,,cancelled,,,,,,,1778603804.308549
a5f35780-eeec-48f3-bd11-2a02633bc450,0,2,4,149,2026-05-12T16:36:44.343194+00:00,order,cancel,ask,,be7ad362-a559-41f7-9e20-d58cfee599c9,7263bda7-ce07-4527-829d-593539f9496a,82.75,1.0,-1.0,0.0,,,cancelled,,,,,,,1778603804.3585
a5f35780-eeec-48f3-bd11-2a02633bc450,0,2,2,150,2026-05-12T16:36:45.107211+00:00,order,cancel,ask,,f4ce8363-fb14-4831-be0e-2650f9e9b62e,7263bda7-ce07-4527-829d-593539f9496a,92.5,1.0,-1.0,0.0,,,cancelled,,,,,,,1778603805.123881
a5f35780-eeec-48f3-bd11-2a02633bc450,0,2,1,151,2026-05-12T16:36:45.627129+00:00,order,cancel,ask,,00f0aa71-078b-47c9-a28d-c148813c4038,7263bda7-ce07-4527-829d-593539f9496a,100.0,1.0,-1.0,0.0,,,cancelled,,,,,,,1778603805.643011
a5f35780-eeec-48f3-bd11-2a02633bc450,0,2,6,152,2026-05-12T16:36:48.044029+00:00,order,add,bid,,091fd4ba-42bc-4935-86bb-51403ab009d5,d896d1d1-903a-4faf-af2e-bda1e25a47cc,64.91,1.0,1.0,1.0,1,1.0,active,,,,,,,1778603808.061655
a5f35780-eeec-48f3-bd11-2a02633bc450,0,2,6,153,2026-05-12T16:36:49.338936+00:00,trade,trade,ask,S,,,64.91,1.0,,,,,,ac08573e-0d60-43a4-a4d6-fa22743dc936,,091fd4ba-42bc-4935-86bb-51403ab009d5,ad29c7ad-c185-449c-a903-f64484f18ca7,d896d1d1-903a-4faf-af2e-bda1e25a47cc,7263bda7-ce07-4527-829d-593539f9496a,1778603809.357959
a5f35780-eeec-48f3-bd11-2a02633bc450,0,2,6,154,2026-05-12T16:36:49.361124+00:00,order,fill,ask,,ad29c7ad-c185-449c-a903-f64484f18ca7,7263bda7-ce07-4527-829d-593539f9496a,64.5,1.0,-1.0,0.0,,,executed,ac08573e-0d60-43a4-a4d6-fa22743dc936,091fd4ba-42bc-4935-86bb-51403ab009d5,,,,,1778603809.377139
a5f35780-eeec-48f3-bd11-2a02633bc450,0,2,6,155,2026-05-12T16:36:49.380203+00:00,order,fill,bid,,091fd4ba-42bc-4935-86bb-51403ab009d5,d896d1d1-903a-4faf-af2e-bda1e25a47cc,64.91,1.0,-1.0,0.0,,,executed,ac08573e-0d60-43a4-a4d6-fa22743dc936,ad29c7ad-c185-449c-a903-f64484f18ca7,,,,,1778603809.396261
a5f35780-eeec-48f3-bd11-2a02633bc450,0,2,6,156,2026-05-12T16:36:51.938638+00:00,order,add,ask,,b49899e7-a6ab-4971-a1ce-a11979dfe8b1,7263bda7-ce07-4527-829d-593539f9496a,64.96,1.0,1.0,1.0,1,1.0,active,,,,,,,1778603811.953694
a5f35780-eeec-48f3-bd11-2a02633bc450,0,2,6,157,2026-05-12T16:36:52.243639+00:00,order,add,ask,,4ee417ed-d7e1-4358-9937-73679f5e5ea4,6a27507f-b151-4a9f-b11f-d433b22aeb62,68.0,1.0,1.0,1.0,1,1.0,active,,,,,,,1778603812.260863
a5f35780-eeec-48f3-bd11-2a02633bc450,0,2,6,158,2026-05-12T16:36:53.378839+00:00,order,cancel,ask,,cb3d3c9e-c6b9-42ae-b3cb-464daa60609e,7263bda7-ce07-4527-829d-593539f9496a,65.82,1.0,-1.0,0.0,,,cancelled,,,,,,,1778603813.394866
a5f35780-eeec-48f3-bd11-2a02633bc450,0,2,4,159,2026-05-12T16:36:54.165209+00:00,order,cancel,ask,,e2a1896a-0f3f-4be9-9e80-182f08b7d719,3f3f926c-76bd-44db-b2dc-3e8e8ddbccb6,79.5,1.0,-1.0,0.0,,,cancelled,,,,,,,1778603814.183097
9af49dc6-a1bd-40fe-b627-4a8dbdf93e45,0,2,9,171,2026-05-12T16:36:54.342987+00:00,order,cancel,ask,,108018d0-c785-4db5-96ba-de9e2a0947ac,a97c9f1c-5c51-47a6-b087-fa652e7a6e31,113.0,1.0,-1.0,0.0,,,cancelled,,,,,,,1778603814.358841
a5f35780-eeec-48f3-bd11-2a02633bc450,0,2,4,160,2026-05-12T16:36:54.781566+00:00,order,cancel,ask,,ba340a02-e17c-45a0-8e22-92d27fc46e30,3f3f926c-76bd-44db-b2dc-3e8e8ddbccb6,75.0,1.0,-1.0,0.0,,,cancelled,,,,,,,1778603814.797507
a5f35780-eeec-48f3-bd11-2a02633bc450,0,2,6,161,2026-05-12T16:36:56.421445+00:00,order,cancel,ask,,ace2b324-38b6-49c1-8686-05c13ce6a440,3f3f926c-76bd-44db-b2dc-3e8e8ddbccb6,68.25,1.0,-1.0,0.0,,,cancelled,,,,,,,1778603816.436693
a5f35780-eeec-48f3-bd11-2a02633bc450,0,2,5,162,2026-05-12T16:36:57.769690+00:00,order,cancel,bid,,355ad790-d66e-48b0-98db-c480d01829a5,7263bda7-ce07-4527-829d-593539f9496a,64.0,1.0,-1.0,0.0,,,cancelled,,,,,,,1778603817.786575
a5f35780-eeec-48f3-bd11-2a02633bc450,0,2,6,163,2026-05-12T16:36:59.055419+00:00,order,add,ask,,988b5091-9042-4f50-a60b-9559df019f4d,14a8161a-9d15-4590-8e4a-d60fa690d14e,66.0,1.0,1.0,1.0,1,1.0,active,,,,,,,1778603819.072132
a5f35780-eeec-48f3-bd11-2a02633bc450,0,2,6,164,2026-05-12T16:37:01.987470+00:00,trade,trade,bid,B,,,64.96,1.0,,,,,,cd778785-6639-4fb5-9394-b14d55d5ee35,,c23241c0-84c0-4d88-b892-5a31ced046de,b49899e7-a6ab-4971-a1ce-a11979dfe8b1,d896d1d1-903a-4faf-af2e-bda1e25a47cc,7263bda7-ce07-4527-829d-593539f9496a,1778603822.009311
a5f35780-eeec-48f3-bd11-2a02633bc450,0,2,6,165,2026-05-12T16:37:02.013502+00:00,order,fill,ask,,b49899e7-a6ab-4971-a1ce-a11979dfe8b1,7263bda7-ce07-4527-829d-593539f9496a,64.96,1.0,-1.0,0.0,,,executed,cd778785-6639-4fb5-9394-b14d55d5ee35,c23241c0-84c0-4d88-b892-5a31ced046de,,,,,1778603822.041154
a5f35780-eeec-48f3-bd11-2a02633bc450,0,2,6,166,2026-05-12T16:37:02.044493+00:00,order,fill,bid,,c23241c0-84c0-4d88-b892-5a31ced046de,d896d1d1-903a-4faf-af2e-bda1e25a47cc,65.0,1.0,-1.0,0.0,,,executed,cd778785-6639-4fb5-9394-b14d55d5ee35,b49899e7-a6ab-4971-a1ce-a11979dfe8b1,,,,,1778603822.066334
17f3bde5-9e00-47d0-8909-b138b266b325,0,2,2,94,2026-05-12T16:37:04.662851+00:00,order,cancel,bid,,51274855-f142-4f6a-a9eb-57726f86e18e,121ddd6b-3999-4e05-a2b3-d80bdfc8efba,70.0,1.0,-1.0,0.0,,,cancelled,,,,,,,1778603824.68203
9af49dc6-a1bd-40fe-b627-4a8dbdf93e45,0,2,10,172,2026-05-12T16:37:05.111655+00:00,order,add,ask,,7e3a86c5-acfd-4ea7-baa5-2ce5472d1c77,8199026d-b134-4c9c-8eb9-35b39d3ff423,113.0,1.0,1.0,1.0,3,3.0,active,,,,,,,1778603825.127398
17f3bde5-9e00-47d0-8909-b138b266b325,0,2,4,95,2026-05-12T16:37:05.446792+00:00,order,cancel,bid,,f21cebfa-0c66-4282-85bd-a240bb9717b6,121ddd6b-3999-4e05-a2b3-d80bdfc8efba,84.0,1.0,-1.0,0.0,,,cancelled,,,,,,,1778603825.46386
a5f35780-eeec-48f3-bd11-2a02633bc450,0,2,6,167,2026-05-12T16:37:06.244240+00:00,trade,trade,bid,B,,,65.0,1.0,,,,,,dce080cd-f07e-4491-8737-8018f87e3176,,8c2f2f05-2839-45ca-9081-f8c3d4fca8c7,a33ee359-5b6b-4228-9495-924d714226d3,d896d1d1-903a-4faf-af2e-bda1e25a47cc,6a27507f-b151-4a9f-b11f-d433b22aeb62,1778603826.261201
a5f35780-eeec-48f3-bd11-2a02633bc450,0,2,6,168,2026-05-12T16:37:06.264708+00:00,order,fill,ask,,a33ee359-5b6b-4228-9495-924d714226d3,6a27507f-b151-4a9f-b11f-d433b22aeb62,65.0,1.0,-1.0,0.0,,,executed,dce080cd-f07e-4491-8737-8018f87e3176,8c2f2f05-2839-45ca-9081-f8c3d4fca8c7,,,,,1778603826.28145
a5f35780-eeec-48f3-bd11-2a02633bc450,0,2,6,169,2026-05-12T16:37:06.284442+00:00,order,fill,bid,,8c2f2f05-2839-45ca-9081-f8c3d4fca8c7,d896d1d1-903a-4faf-af2e-bda1e25a47cc,65.0,1.0,-1.0,0.0,,,executed,dce080cd-f07e-4491-8737-8018f87e3176,a33ee359-5b6b-4228-9495-924d714226d3,,,,,1778603826.301604
17f3bde5-9e00-47d0-8909-b138b266b325,0,2,4,96,2026-05-12T16:37:06.338251+00:00,order,cancel,bid,,754866fa-08ef-4205-9253-d0b1661a5c2d,121ddd6b-3999-4e05-a2b3-d80bdfc8efba,85.0,1.0,-1.0,0.0,,,cancelled,,,,,,,1778603826.354511
17f3bde5-9e00-47d0-8909-b138b266b325,0,2,5,97,2026-05-12T16:37:08.414490+00:00,order,add,bid,,7d88a419-e204-4055-8d6c-61c527541cd1,c5382ee4-bd5b-45e4-8232-55a805c489d8,85.75,1.0,1.0,1.0,1,1.0,active,,,,,,,1778603828.431135
a5f35780-eeec-48f3-bd11-2a02633bc450,0,2,6,170,2026-05-12T16:37:08.523108+00:00,trade,trade,ask,S,,,64.0,1.0,,,,,,b7a4c947-e4f5-4f51-bd59-9f3f7f7f19a2,,504a2cb0-0804-40ee-bad9-656a30d08b07,7bd72430-0b83-40cb-a6c6-051bc7e3e55a,d896d1d1-903a-4faf-af2e-bda1e25a47cc,7263bda7-ce07-4527-829d-593539f9496a,1778603828.539276
a5f35780-eeec-48f3-bd11-2a02633bc450,0,2,6,171,2026-05-12T16:37:08.586218+00:00,order,fill,ask,,7bd72430-0b83-40cb-a6c6-051bc7e3e55a,7263bda7-ce07-4527-829d-593539f9496a,64.0,1.0,-1.0,0.0,,,executed,b7a4c947-e4f5-4f51-bd59-9f3f7f7f19a2,504a2cb0-0804-40ee-bad9-656a30d08b07,,,,,1778603828.601993
a5f35780-eeec-48f3-bd11-2a02633bc450,0,2,6,172,2026-05-12T16:37:08.604919+00:00,order,fill,bid,,504a2cb0-0804-40ee-bad9-656a30d08b07,d896d1d1-903a-4faf-af2e-bda1e25a47cc,64.0,1.0,-1.0,0.0,,,executed,b7a4c947-e4f5-4f51-bd59-9f3f7f7f19a2,7bd72430-0b83-40cb-a6c6-051bc7e3e55a,,,,,1778603828.620779
9af49dc6-a1bd-40fe-b627-4a8dbdf93e45,0,2,10,173,2026-05-12T16:37:12.706746+00:00,order,add,ask,,14be54e5-985d-4f7c-b298-94e8ec8c86ca,65041421-bea3-4034-ae77-04f68c6e46fc,113.0,1.0,1.0,1.0,4,4.0,active,,,,,,,1778603832.723579
17f3bde5-9e00-47d0-8909-b138b266b325,0,2,5,98,2026-05-12T16:37:13.302039+00:00,trade,trade,ask,S,,,90.5,1.0,,,,,,c4db11e5-e495-426e-b648-001dc4a68815,,fe9e5c8a-2600-4e12-b7fb-59237a02ddc5,cde27453-919b-44a6-a4eb-cfa6f5e99ca7,1fee9bd8-a0b5-414d-b996-84be8a4a131f,121ddd6b-3999-4e05-a2b3-d80bdfc8efba,1778603833.318371
17f3bde5-9e00-47d0-8909-b138b266b325,0,2,5,99,2026-05-12T16:37:13.321404+00:00,order,fill,ask,,cde27453-919b-44a6-a4eb-cfa6f5e99ca7,121ddd6b-3999-4e05-a2b3-d80bdfc8efba,90.5,1.0,-1.0,0.0,,,executed,c4db11e5-e495-426e-b648-001dc4a68815,fe9e5c8a-2600-4e12-b7fb-59237a02ddc5,,,,,1778603833.336431
17f3bde5-9e00-47d0-8909-b138b266b325,0,2,5,100,2026-05-12T16:37:13.339235+00:00,order,fill,bid,,fe9e5c8a-2600-4e12-b7fb-59237a02ddc5,1fee9bd8-a0b5-414d-b996-84be8a4a131f,90.5,1.0,-1.0,0.0,,,executed,c4db11e5-e495-426e-b648-001dc4a68815,cde27453-919b-44a6-a4eb-cfa6f5e99ca7,,,,,1778603833.354601
17f3bde5-9e00-47d0-8909-b138b266b325,0,2,5,101,2026-05-12T16:37:13.678288+00:00,order,add,ask,,b690f25a-3ba7-467f-8eae-6dd5c850f8fa,e4da5453-0e94-4ba4-b1bb-3b711e2a2c8d,90.5,1.0,1.0,1.0,1,1.0,active,,,,,,,1778603833.694347
17f3bde5-9e00-47d0-8909-b138b266b325,0,2,5,102,2026-05-12T16:37:16.941813+00:00,order,add,ask,,717ceb19-4a76-4f42-9848-f711752074c8,121ddd6b-3999-4e05-a2b3-d80bdfc8efba,90.75,1.0,1.0,1.0,1,1.0,active,,,,,,,1778603836.957832
9af49dc6-a1bd-40fe-b627-4a8dbdf93e45,0,2,9,174,2026-05-12T16:37:17.826539+00:00,order,cancel,ask,,504a238f-cb6d-443b-a9e8-1bc7295f1469,a97c9f1c-5c51-47a6-b087-fa652e7a6e31,113.0,1.0,-1.0,0.0,,,cancelled,,,,,,,1778603837.842254
17f3bde5-9e00-47d0-8909-b138b266b325,0,2,5,103,2026-05-12T16:37:20.095221+00:00,order,cancel,ask,,717ceb19-4a76-4f42-9848-f711752074c8,121ddd6b-3999-4e05-a2b3-d80bdfc8efba,90.75,1.0,-1.0,0.0,,,cancelled,,,,,,,1778603840.111863
17f3bde5-9e00-47d0-8909-b138b266b325,0,2,4,104,2026-05-12T16:37:25.400917+00:00,order,cancel,ask,,9e55091e-b0e0-45ce-99cc-5f3be31f7439,1fee9bd8-a0b5-414d-b996-84be8a4a131f,91.0,1.0,-1.0,0.0,,,cancelled,,,,,,,1778603845.417132
17f3bde5-9e00-47d0-8909-b138b266b325,0,2,1,105,2026-05-12T16:37:25.450136+00:00,order,cancel,bid,,6fdb4b55-8205-437e-9987-a0cf6b4e514c,e4da5453-0e94-4ba4-b1bb-3b711e2a2c8d,90.0,1.0,-1.0,0.0,,,cancelled,,,,,,,1778603845.464862
9af49dc6-a1bd-40fe-b627-4a8dbdf93e45,0,2,10,175,2026-05-12T16:37:25.606359+00:00,order,add,ask,,2069fc62-f380-4c0f-b57b-e7dc761ed9a7,a97c9f1c-5c51-47a6-b087-fa652e7a6e31,113.0,1.0,1.0,1.0,4,4.0,active,,,,,,,1778603845.622012
17f3bde5-9e00-47d0-8909-b138b266b325,0,2,4,106,2026-05-12T16:37:28.055695+00:00,order,cancel,ask,,474b588c-8b8c-415a-869d-44d161d213da,8097813e-2f6f-40a4-be05-70c6d8d3bca7,91.5,1.0,-1.0,0.0,,,cancelled,,,,,,,1778603848.071725
17f3bde5-9e00-47d0-8909-b138b266b325,0,2,5,107,2026-05-12T16:37:28.479889+00:00,trade,trade,ask,S,,,90.0,1.0,,,,,,01738513-382e-4816-b8c4-08bf76ee954e,,4041fdf1-06c9-4067-ada6-2c688ebd9dd6,c429168e-f10a-47ce-9b21-866c8a97a083,6eb3648e-8876-4d12-96eb-7269067415d5,c5382ee4-bd5b-45e4-8232-55a805c489d8,1778603848.495945
17f3bde5-9e00-47d0-8909-b138b266b325,0,2,5,108,2026-05-12T16:37:28.498968+00:00,order,fill,ask,,c429168e-f10a-47ce-9b21-866c8a97a083,c5382ee4-bd5b-45e4-8232-55a805c489d8,88.5,1.0,-1.0,0.0,,,executed,01738513-382e-4816-b8c4-08bf76ee954e,4041fdf1-06c9-4067-ada6-2c688ebd9dd6,,,,,1778603848.513819
17f3bde5-9e00-47d0-8909-b138b266b325,0,2,5,109,2026-05-12T16:37:28.516538+00:00,order,fill,bid,,4041fdf1-06c9-4067-ada6-2c688ebd9dd6,6eb3648e-8876-4d12-96eb-7269067415d5,90.0,1.0,-1.0,0.0,,,executed,01738513-382e-4816-b8c4-08bf76ee954e,c429168e-f10a-47ce-9b21-866c8a97a083,,,,,1778603848.531206
9af49dc6-a1bd-40fe-b627-4a8dbdf93e45,0,2,9,176,2026-05-12T16:37:28.621408+00:00,order,cancel,ask,,57ac2aaa-f5e1-4472-a7b4-b8885c79b251,a97c9f1c-5c51-47a6-b087-fa652e7a6e31,113.0,1.0,-1.0,0.0,,,cancelled,,,,,,,1778603848.637871
9af49dc6-a1bd-40fe-b627-4a8dbdf93e45,0,2,10,177,2026-05-12T16:37:28.797404+00:00,order,add,ask,,583c0601-1b15-41ee-a88a-f79299ebddab,a97c9f1c-5c51-47a6-b087-fa652e7a6e31,113.0,1.0,1.0,1.0,4,4.0,active,,,,,,,1778603848.813807
17f3bde5-9e00-47d0-8909-b138b266b325,0,2,5,110,2026-05-12T16:37:29.760231+00:00,order,add,bid,,ec83f43a-a5d6-4631-871b-624d1a1385fc,1fee9bd8-a0b5-414d-b996-84be8a4a131f,90.0,1.0,1.0,1.0,1,1.0,active,,,,,,,1778603849.780319
17f3bde5-9e00-47d0-8909-b138b266b325,0,2,5,111,2026-05-12T16:37:30.885716+00:00,trade,trade,ask,S,,,90.0,1.0,,,,,,89fd16de-2ba8-49de-8898-e8ee53f8f789,,ec83f43a-a5d6-4631-871b-624d1a1385fc,9f14a6bf-9fcf-44be-bf97-04906dcbdf33,1fee9bd8-a0b5-414d-b996-84be8a4a131f,121ddd6b-3999-4e05-a2b3-d80bdfc8efba,1778603850.902134
17f3bde5-9e00-47d0-8909-b138b266b325,0,2,5,112,2026-05-12T16:37:30.905163+00:00,order,fill,ask,,9f14a6bf-9fcf-44be-bf97-04906dcbdf33,121ddd6b-3999-4e05-a2b3-d80bdfc8efba,90.0,1.0,-1.0,0.0,,,executed,89fd16de-2ba8-49de-8898-e8ee53f8f789,ec83f43a-a5d6-4631-871b-624d1a1385fc,,,,,1778603850.920517
17f3bde5-9e00-47d0-8909-b138b266b325,0,2,5,113,2026-05-12T16:37:30.923451+00:00,order,fill,bid,,ec83f43a-a5d6-4631-871b-624d1a1385fc,1fee9bd8-a0b5-414d-b996-84be8a4a131f,90.0,1.0,-1.0,0.0,,,executed,89fd16de-2ba8-49de-8898-e8ee53f8f789,9f14a6bf-9fcf-44be-bf97-04906dcbdf33,,,,,1778603850.938554
17f3bde5-9e00-47d0-8909-b138b266b325,0,2,5,114,2026-05-12T16:37:31.840385+00:00,order,add,ask,,24df7e10-e553-4ed1-a658-14aacf20d73c,8097813e-2f6f-40a4-be05-70c6d8d3bca7,90.0,1.0,1.0,1.0,1,1.0,active,,,,,,,1778603851.857213
17f3bde5-9e00-47d0-8909-b138b266b325,0,2,5,115,2026-05-12T16:37:33.397944+00:00,trade,trade,ask,S,,,89.0,1.0,,,,,,650ff2a4-b15c-47e7-8512-ba5e73d00cc2,,f1081073-7e78-4ce0-8413-6e6f89718ab4,1e76a7c7-4c3c-4a35-9708-9d85a838c27b,6eb3648e-8876-4d12-96eb-7269067415d5,e4da5453-0e94-4ba4-b1bb-3b711e2a2c8d,1778603853.413697
17f3bde5-9e00-47d0-8909-b138b266b325,0,2,5,116,2026-05-12T16:37:33.416941+00:00,order,fill,ask,,1e76a7c7-4c3c-4a35-9708-9d85a838c27b,e4da5453-0e94-4ba4-b1bb-3b711e2a2c8d,89.0,1.0,-1.0,0.0,,,executed,650ff2a4-b15c-47e7-8512-ba5e73d00cc2,f1081073-7e78-4ce0-8413-6e6f89718ab4,,,,,1778603853.432038
17f3bde5-9e00-47d0-8909-b138b266b325,0,2,5,117,2026-05-12T16:37:33.434815+00:00,order,fill,bid,,f1081073-7e78-4ce0-8413-6e6f89718ab4,6eb3648e-8876-4d12-96eb-7269067415d5,89.0,1.0,-1.0,0.0,,,executed,650ff2a4-b15c-47e7-8512-ba5e73d00cc2,1e76a7c7-4c3c-4a35-9708-9d85a838c27b,,,,,1778603853.449489
9af49dc6-a1bd-40fe-b627-4a8dbdf93e45,0,2,10,178,2026-05-12T16:37:34.938091+00:00,trade,trade,bid,B,,,113.0,1.0,,,,,,31d535eb-46ea-4114-96e1-b336eb590bbb,,fd3415dc-3fa0-42f6-9d71-8e14acbe6e7c,7e3a86c5-acfd-4ea7-baa5-2ce5472d1c77,a97c9f1c-5c51-47a6-b087-fa652e7a6e31,8199026d-b134-4c9c-8eb9-35b39d3ff423,1778603854.954462
9af49dc6-a1bd-40fe-b627-4a8dbdf93e45,0,2,10,179,2026-05-12T16:37:34.957759+00:00,order,fill,ask,,7e3a86c5-acfd-4ea7-baa5-2ce5472d1c77,8199026d-b134-4c9c-8eb9-35b39d3ff423,113.0,1.0,-1.0,0.0,,,executed,31d535eb-46ea-4114-96e1-b336eb590bbb,fd3415dc-3fa0-42f6-9d71-8e14acbe6e7c,,,,,1778603854.975487
9af49dc6-a1bd-40fe-b627-4a8dbdf93e45,0,2,10,180,2026-05-12T16:37:34.979009+00:00,order,fill,bid,,fd3415dc-3fa0-42f6-9d71-8e14acbe6e7c,a97c9f1c-5c51-47a6-b087-fa652e7a6e31,113.0,1.0,-1.0,0.0,,,executed,31d535eb-46ea-4114-96e1-b336eb590bbb,7e3a86c5-acfd-4ea7-baa5-2ce5472d1c77,,,,,1778603855.001994
a5f35780-eeec-48f3-bd11-2a02633bc450,0,2,6,173,2026-05-12T16:37:35.294111+00:00,order,cancel,ask,,4ee417ed-d7e1-4358-9937-73679f5e5ea4,6a27507f-b151-4a9f-b11f-d433b22aeb62,68.0,1.0,-1.0,0.0,,,cancelled,,,,,,,1778603855.31421
a5f35780-eeec-48f3-bd11-2a02633bc450,0,2,7,174,2026-05-12T16:37:37.858248+00:00,trade,trade,ask,S,,,62.63,1.0,,,,,,73efbb5b-56ca-47c9-99d9-c3fbceb8c256,,68a2a7dc-9334-4645-a616-c01e7b556c48,f02ed534-77e3-46a6-a466-c43c24c57379,3f3f926c-76bd-44db-b2dc-3e8e8ddbccb6,7263bda7-ce07-4527-829d-593539f9496a,1778603857.87449
a5f35780-eeec-48f3-bd11-2a02633bc450,0,2,7,175,2026-05-12T16:37:37.877511+00:00,order,fill,ask,,f02ed534-77e3-46a6-a466-c43c24c57379,7263bda7-ce07-4527-829d-593539f9496a,62.0,1.0,-1.0,0.0,,,executed,73efbb5b-56ca-47c9-99d9-c3fbceb8c256,68a2a7dc-9334-4645-a616-c01e7b556c48,,,,,1778603857.892887
a5f35780-eeec-48f3-bd11-2a02633bc450,0,2,7,176,2026-05-12T16:37:37.895746+00:00,order,fill,bid,,68a2a7dc-9334-4645-a616-c01e7b556c48,3f3f926c-76bd-44db-b2dc-3e8e8ddbccb6,62.63,1.0,-1.0,0.0,,,executed,73efbb5b-56ca-47c9-99d9-c3fbceb8c256,f02ed534-77e3-46a6-a466-c43c24c57379,,,,,1778603857.910434
a5f35780-eeec-48f3-bd11-2a02633bc450,0,2,7,177,2026-05-12T16:37:37.996060+00:00,order,add,ask,,da914d58-d2b7-4055-aa52-55ba66019765,3f3f926c-76bd-44db-b2dc-3e8e8ddbccb6,62.63,1.0,1.0,1.0,1,1.0,active,,,,,,,1778603858.01184
a5f35780-eeec-48f3-bd11-2a02633bc450,0,2,7,178,2026-05-12T16:37:38.203232+00:00,order,add,bid,,237aef77-7440-4661-84b4-8a6121a4fc41,d896d1d1-903a-4faf-af2e-bda1e25a47cc,62.0,1.0,1.0,1.0,1,1.0,active,,,,,,,1778603858.2188
9af49dc6-a1bd-40fe-b627-4a8dbdf93e45,0,2,10,181,2026-05-12T16:37:38.435151+00:00,trade,trade,bid,B,,,113.0,1.0,,,,,,607ce26c-7362-4d7c-9b7a-296e853f06af,,2c7b5ec7-58c4-4a41-bcbc-3e7c1caaedb2,14be54e5-985d-4f7c-b298-94e8ec8c86ca,a97c9f1c-5c51-47a6-b087-fa652e7a6e31,65041421-bea3-4034-ae77-04f68c6e46fc,1778603858.450794
9af49dc6-a1bd-40fe-b627-4a8dbdf93e45,0,2,10,182,2026-05-12T16:37:38.454022+00:00,order,fill,ask,,14be54e5-985d-4f7c-b298-94e8ec8c86ca,65041421-bea3-4034-ae77-04f68c6e46fc,113.0,1.0,-1.0,0.0,,,executed,607ce26c-7362-4d7c-9b7a-296e853f06af,2c7b5ec7-58c4-4a41-bcbc-3e7c1caaedb2,,,,,1778603858.469151
9af49dc6-a1bd-40fe-b627-4a8dbdf93e45,0,2,10,183,2026-05-12T16:37:38.471795+00:00,order,fill,bid,,2c7b5ec7-58c4-4a41-bcbc-3e7c1caaedb2,a97c9f1c-5c51-47a6-b087-fa652e7a6e31,113.0,1.0,-1.0,0.0,,,executed,607ce26c-7362-4d7c-9b7a-296e853f06af,14be54e5-985d-4f7c-b298-94e8ec8c86ca,,,,,1778603858.486321
a5f35780-eeec-48f3-bd11-2a02633bc450,0,2,6,179,2026-05-12T16:37:39.176676+00:00,order,cancel,ask,,988b5091-9042-4f50-a60b-9559df019f4d,14a8161a-9d15-4590-8e4a-d60fa690d14e,66.0,1.0,-1.0,0.0,,,cancelled,,,,,,,1778603859.193543
a5f35780-eeec-48f3-bd11-2a02633bc450,0,2,7,180,2026-05-12T16:37:40.914261+00:00,order,add,ask,,9be7604f-b22c-4146-a676-4de4cdc2e378,7263bda7-ce07-4527-829d-593539f9496a,64.32,1.0,1.0,1.0,1,1.0,active,,,,,,,1778603860.930511
a5f35780-eeec-48f3-bd11-2a02633bc450,0,2,7,181,2026-05-12T16:37:41.508432+00:00,order,cancel,ask,,da914d58-d2b7-4055-aa52-55ba66019765,3f3f926c-76bd-44db-b2dc-3e8e8ddbccb6,62.63,1.0,-1.0,0.0,,,cancelled,,,,,,,1778603861.524749
a5f35780-eeec-48f3-bd11-2a02633bc450,0,2,7,182,2026-05-12T16:37:43.499501+00:00,order,add,bid,,29a8c4ce-8a06-4108-856c-eefcf0bd0cf3,d896d1d1-903a-4faf-af2e-bda1e25a47cc,61.0,1.0,1.0,1.0,1,1.0,active,,,,,,,1778603863.515188
17f3bde5-9e00-47d0-8909-b138b266b325,0,2,5,118,2026-05-12T16:37:48.144413+00:00,order,add,bid,,6a08e6de-0b22-4601-8711-8dc8cbaa397a,8097813e-2f6f-40a4-be05-70c6d8d3bca7,88.5,1.0,1.0,1.0,1,1.0,active,,,,,,,1778603868.160192
17f3bde5-9e00-47d0-8909-b138b266b325,0,2,5,119,2026-05-12T16:37:48.327917+00:00,order,add,ask,,d2d1d15f-7234-4849-bfaa-3218eb514fa7,1fee9bd8-a0b5-414d-b996-84be8a4a131f,90.0,1.0,1.0,1.0,2,2.0,active,,,,,,,1778603868.344427
a5f35780-eeec-48f3-bd11-2a02633bc450,0,2,7,183,2026-05-12T16:37:48.492342+00:00,trade,trade,ask,S,,,62.5,1.0,,,,,,9b54efb1-9141-4a2a-9f56-e0b9c62c49a9,,cffca934-e2f5-44b4-9053-aed0427fdbb4,47b50446-a075-4e77-869d-3205ce985515,3f3f926c-76bd-44db-b2dc-3e8e8ddbccb6,6a27507f-b151-4a9f-b11f-d433b22aeb62,1778603868.511346
a5f35780-eeec-48f3-bd11-2a02633bc450,0,2,7,184,2026-05-12T16:37:48.514672+00:00,order,fill,ask,,47b50446-a075-4e77-869d-3205ce985515,6a27507f-b151-4a9f-b11f-d433b22aeb62,61.5,1.0,-1.0,0.0,,,executed,9b54efb1-9141-4a2a-9f56-e0b9c62c49a9,cffca934-e2f5-44b4-9053-aed0427fdbb4,,,,,1778603868.530348
a5f35780-eeec-48f3-bd11-2a02633bc450,0,2,7,185,2026-05-12T16:37:48.533190+00:00,order,fill,bid,,cffca934-e2f5-44b4-9053-aed0427fdbb4,3f3f926c-76bd-44db-b2dc-3e8e8ddbccb6,62.5,1.0,-1.0,0.0,,,executed,9b54efb1-9141-4a2a-9f56-e0b9c62c49a9,47b50446-a075-4e77-869d-3205ce985515,,,,,1778603868.549237
9af49dc6-a1bd-40fe-b627-4a8dbdf93e45,0,2,11,184,2026-05-12T16:37:49.937555+00:00,order,add,bid,,8323a57a-49de-4319-a514-9984719d0bcf,8199026d-b134-4c9c-8eb9-35b39d3ff423,112.94,1.0,1.0,1.0,1,1.0,active,,,,,,,1778603869.954155
a5f35780-eeec-48f3-bd11-2a02633bc450,0,2,7,186,2026-05-12T16:37:49.988408+00:00,order,cancel,bid,,237aef77-7440-4661-84b4-8a6121a4fc41,d896d1d1-903a-4faf-af2e-bda1e25a47cc,62.0,1.0,-1.0,0.0,,,cancelled,,,,,,,1778603870.003601
17f3bde5-9e00-47d0-8909-b138b266b325,0,2,5,120,2026-05-12T16:37:50.565785+00:00,trade,trade,ask,S,,,88.5,1.0,,,,,,168b2e7c-ad88-4e07-a56a-69e8314aa830,,6a08e6de-0b22-4601-8711-8dc8cbaa397a,d0933b7f-a95b-4b92-8395-33b7aefe9a6a,8097813e-2f6f-40a4-be05-70c6d8d3bca7,e4da5453-0e94-4ba4-b1bb-3b711e2a2c8d,1778603870.582011
17f3bde5-9e00-47d0-8909-b138b266b325,0,2,5,121,2026-05-12T16:37:50.585078+00:00,order,fill,ask,,d0933b7f-a95b-4b92-8395-33b7aefe9a6a,e4da5453-0e94-4ba4-b1bb-3b711e2a2c8d,88.0,1.0,-1.0,0.0,,,executed,168b2e7c-ad88-4e07-a56a-69e8314aa830,6a08e6de-0b22-4601-8711-8dc8cbaa397a,,,,,1778603870.599675
17f3bde5-9e00-47d0-8909-b138b266b325,0,2,5,122,2026-05-12T16:37:50.602435+00:00,order,fill,bid,,6a08e6de-0b22-4601-8711-8dc8cbaa397a,8097813e-2f6f-40a4-be05-70c6d8d3bca7,88.5,1.0,-1.0,0.0,,,executed,168b2e7c-ad88-4e07-a56a-69e8314aa830,d0933b7f-a95b-4b92-8395-33b7aefe9a6a,,,,,1778603870.61793
a5f35780-eeec-48f3-bd11-2a02633bc450,0,2,7,187,2026-05-12T16:37:51.923598+00:00,order,cancel,ask,,9be7604f-b22c-4146-a676-4de4cdc2e378,7263bda7-ce07-4527-829d-593539f9496a,64.32,1.0,-1.0,0.0,,,cancelled,,,,,,,1778603871.939807
a5f35780-eeec-48f3-bd11-2a02633bc450,0,2,7,188,2026-05-12T16:37:52.173340+00:00,order,add,ask,,1b88437f-1f67-43f1-a06b-b358d1225059,3f3f926c-76bd-44db-b2dc-3e8e8ddbccb6,64.5,1.0,1.0,1.0,1,1.0,active,,,,,,,1778603872.190131
a5f35780-eeec-48f3-bd11-2a02633bc450,0,2,7,189,2026-05-12T16:37:53.826109+00:00,order,add,bid,,ee3d3f7a-f0a9-4ef7-8b3f-99dc62141bbf,7263bda7-ce07-4527-829d-593539f9496a,62.66,1.0,1.0,1.0,1,1.0,active,,,,,,,1778603873.842462
17f3bde5-9e00-47d0-8909-b138b266b325,0,2,5,123,2026-05-12T16:37:54.991933+00:00,order,add,bid,,54216bab-b585-4cdf-8515-b075bd29f3e0,1fee9bd8-a0b5-414d-b996-84be8a4a131f,88.0,1.0,1.0,1.0,3,3.0,active,,,,,,,1778603875.010565
a5f35780-eeec-48f3-bd11-2a02633bc450,0,2,7,190,2026-05-12T16:37:55.139375+00:00,order,add,bid,,aed0a3e9-9a85-4a36-a286-cb67c5b7f334,d896d1d1-903a-4faf-af2e-bda1e25a47cc,60.0,1.0,1.0,1.0,1,1.0,active,,,,,,,1778603875.155875
9af49dc6-a1bd-40fe-b627-4a8dbdf93e45,0,2,11,185,2026-05-12T16:37:57.315246+00:00,order,add,bid,,5fd573ae-d93a-4502-97fe-f813fe286609,65041421-bea3-4034-ae77-04f68c6e46fc,112.94,1.0,1.0,1.0,2,2.0,active,,,,,,,1778603877.332261
9af49dc6-a1bd-40fe-b627-4a8dbdf93e45,0,2,11,186,2026-05-12T16:37:59.115033+00:00,order,cancel,bid,,5fd573ae-d93a-4502-97fe-f813fe286609,65041421-bea3-4034-ae77-04f68c6e46fc,112.94,1.0,-1.0,0.0,,,cancelled,,,,,,,1778603879.131599
a5f35780-eeec-48f3-bd11-2a02633bc450,0,2,6,191,2026-05-12T16:37:59.340808+00:00,order,cancel,ask,,fdbaa73a-3568-4476-b7c1-b6af6cd32b26,3f3f926c-76bd-44db-b2dc-3e8e8ddbccb6,67.0,1.0,-1.0,0.0,,,cancelled,,,,,,,1778603879.356795
9af49dc6-a1bd-40fe-b627-4a8dbdf93e45,0,2,11,187,2026-05-12T16:38:00.297097+00:00,order,add,ask,,86ae7b10-7669-4f83-9b28-a67e18f0c219,8199026d-b134-4c9c-8eb9-35b39d3ff423,113.2,1.0,1.0,1.0,1,1.0,active,,,,,,,1778603880.31393
a5f35780-eeec-48f3-bd11-2a02633bc450,0,2,7,192,2026-05-12T16:38:00.955776+00:00,trade,trade,ask,S,,,62.66,1.0,,,,,,a10e3a53-2779-4209-910b-79e52b952e81,,ee3d3f7a-f0a9-4ef7-8b3f-99dc62141bbf,52217047-2277-4079-add1-0f4cebaaa680,7263bda7-ce07-4527-829d-593539f9496a,6a27507f-b151-4a9f-b11f-d433b22aeb62,1778603880.970809
a5f35780-eeec-48f3-bd11-2a02633bc450,0,2,7,193,2026-05-12T16:38:00.973745+00:00,order,fill,ask,,52217047-2277-4079-add1-0f4cebaaa680,6a27507f-b151-4a9f-b11f-d433b22aeb62,61.5,1.0,-1.0,0.0,,,executed,a10e3a53-2779-4209-910b-79e52b952e81,ee3d3f7a-f0a9-4ef7-8b3f-99dc62141bbf,,,,,1778603880.988657
a5f35780-eeec-48f3-bd11-2a02633bc450,0,2,7,194,2026-05-12T16:38:00.991543+00:00,order,fill,bid,,ee3d3f7a-f0a9-4ef7-8b3f-99dc62141bbf,7263bda7-ce07-4527-829d-593539f9496a,62.66,1.0,-1.0,0.0,,,executed,a10e3a53-2779-4209-910b-79e52b952e81,52217047-2277-4079-add1-0f4cebaaa680,,,,,1778603881.006465
9af49dc6-a1bd-40fe-b627-4a8dbdf93e45,0,2,11,188,2026-05-12T16:38:01.586769+00:00,trade,trade,ask,S,,,112.94,1.0,,,,,,5ef09252-f054-4466-9e9f-f724fb799b3e,,8323a57a-49de-4319-a514-9984719d0bcf,db7f6036-c82e-4672-8686-e4f75ec2cfc1,8199026d-b134-4c9c-8eb9-35b39d3ff423,65041421-bea3-4034-ae77-04f68c6e46fc,1778603881.612668
9af49dc6-a1bd-40fe-b627-4a8dbdf93e45,0,2,11,189,2026-05-12T16:38:01.616168+00:00,order,fill,ask,,db7f6036-c82e-4672-8686-e4f75ec2cfc1,65041421-bea3-4034-ae77-04f68c6e46fc,112.94,1.0,-1.0,0.0,,,executed,5ef09252-f054-4466-9e9f-f724fb799b3e,8323a57a-49de-4319-a514-9984719d0bcf,,,,,1778603881.64874
9af49dc6-a1bd-40fe-b627-4a8dbdf93e45,0,2,11,190,2026-05-12T16:38:01.652128+00:00,order,fill,bid,,8323a57a-49de-4319-a514-9984719d0bcf,8199026d-b134-4c9c-8eb9-35b39d3ff423,112.94,1.0,-1.0,0.0,,,executed,5ef09252-f054-4466-9e9f-f724fb799b3e,db7f6036-c82e-4672-8686-e4f75ec2cfc1,,,,,1778603881.680358
a5f35780-eeec-48f3-bd11-2a02633bc450,0,2,7,195,2026-05-12T16:38:02.355855+00:00,order,add,ask,,cc2dbc62-60a7-4c90-8f29-0da23c21e067,3f3f926c-76bd-44db-b2dc-3e8e8ddbccb6,63.82,1.0,1.0,1.0,1,1.0,active,,,,,,,1778603882.373418
a5f35780-eeec-48f3-bd11-2a02633bc450,0,2,7,196,2026-05-12T16:38:04.052340+00:00,order,cancel,bid,,29a8c4ce-8a06-4108-856c-eefcf0bd0cf3,d896d1d1-903a-4faf-af2e-bda1e25a47cc,61.0,1.0,-1.0,0.0,,,cancelled,,,,,,,1778603884.069234
a5f35780-eeec-48f3-bd11-2a02633bc450,0,2,7,197,2026-05-12T16:38:05.128371+00:00,trade,trade,bid,B,,,63.82,1.0,,,,,,c5504bce-84f4-4504-9744-8d84a50e4996,,24698abb-68d8-4a4f-a294-2e8810f08195,cc2dbc62-60a7-4c90-8f29-0da23c21e067,14a8161a-9d15-4590-8e4a-d60fa690d14e,3f3f926c-76bd-44db-b2dc-3e8e8ddbccb6,1778603885.145413
a5f35780-eeec-48f3-bd11-2a02633bc450,0,2,7,198,2026-05-12T16:38:05.148619+00:00,order,fill,ask,,cc2dbc62-60a7-4c90-8f29-0da23c21e067,3f3f926c-76bd-44db-b2dc-3e8e8ddbccb6,63.82,1.0,-1.0,0.0,,,executed,c5504bce-84f4-4504-9744-8d84a50e4996,24698abb-68d8-4a4f-a294-2e8810f08195,,,,,1778603885.165357
a5f35780-eeec-48f3-bd11-2a02633bc450,0,2,7,199,2026-05-12T16:38:05.168351+00:00,order,fill,bid,,24698abb-68d8-4a4f-a294-2e8810f08195,14a8161a-9d15-4590-8e4a-d60fa690d14e,63.82,1.0,-1.0,0.0,,,executed,c5504bce-84f4-4504-9744-8d84a50e4996,cc2dbc62-60a7-4c90-8f29-0da23c21e067,,,,,1778603885.185955
a5f35780-eeec-48f3-bd11-2a02633bc450,0,2,7,200,2026-05-12T16:38:05.544804+00:00,order,add,ask,,91b33013-432c-4dfa-af19-dcec06f00a41,b051dea2-10fd-492e-a16a-123e7f6bc6ac,63.0,1.0,1.0,1.0,1,1.0,active,,,,,,,1778603885.560641
a5f35780-eeec-48f3-bd11-2a02633bc450,0,2,7,201,2026-05-12T16:38:07.122200+00:00,order,add,ask,,3c509e64-585c-4fcd-8edd-97b9c0e0de9a,7263bda7-ce07-4527-829d-593539f9496a,65.0,1.0,1.0,1.0,1,1.0,active,,,,,,,1778603887.137811
9af49dc6-a1bd-40fe-b627-4a8dbdf93e45,0,2,10,191,2026-05-12T16:38:08.972665+00:00,order,cancel,ask,,2069fc62-f380-4c0f-b57b-e7dc761ed9a7,a97c9f1c-5c51-47a6-b087-fa652e7a6e31,113.0,1.0,-1.0,0.0,,,cancelled,,,,,,,1778603888.989296
9af49dc6-a1bd-40fe-b627-4a8dbdf93e45,0,2,11,192,2026-05-12T16:38:09.643115+00:00,order,add,ask,,100f8cda-3662-4e09-aec1-75260c5c16ce,65041421-bea3-4034-ae77-04f68c6e46fc,113.97,1.0,1.0,1.0,1,1.0,active,,,,,,,1778603889.660171
a5f35780-eeec-48f3-bd11-2a02633bc450,0,2,7,202,2026-05-12T16:38:11.322717+00:00,order,add,ask,,6cbb0240-4145-4294-a2c9-5be752ecae5c,7263bda7-ce07-4527-829d-593539f9496a,67.0,1.0,1.0,1.0,1,1.0,active,,,,,,,1778603891.339323
9af49dc6-a1bd-40fe-b627-4a8dbdf93e45,0,2,11,193,2026-05-12T16:38:11.739061+00:00,order,cancel,ask,,100f8cda-3662-4e09-aec1-75260c5c16ce,65041421-bea3-4034-ae77-04f68c6e46fc,113.97,1.0,-1.0,0.0,,,cancelled,,,,,,,1778603891.755524
17f3bde5-9e00-47d0-8909-b138b266b325,0,2,6,124,2026-05-12T16:38:13.542934+00:00,trade,trade,ask,S,,,88.0,1.0,,,,,,31802e06-3187-4d47-a771-413a199eb42a,,d212c9ed-c67e-47a7-97a7-b8ea4408d0e6,4a400ee1-cfa5-4cbf-b329-1c56fda17914,e4da5453-0e94-4ba4-b1bb-3b711e2a2c8d,c5382ee4-bd5b-45e4-8232-55a805c489d8,1778603893.558918
17f3bde5-9e00-47d0-8909-b138b266b325,0,2,6,125,2026-05-12T16:38:13.562035+00:00,order,fill,ask,,4a400ee1-cfa5-4cbf-b329-1c56fda17914,c5382ee4-bd5b-45e4-8232-55a805c489d8,88.0,1.0,-1.0,0.0,,,executed,31802e06-3187-4d47-a771-413a199eb42a,d212c9ed-c67e-47a7-97a7-b8ea4408d0e6,,,,,1778603893.577827
17f3bde5-9e00-47d0-8909-b138b266b325,0,2,6,126,2026-05-12T16:38:13.580709+00:00,order,fill,bid,,d212c9ed-c67e-47a7-97a7-b8ea4408d0e6,e4da5453-0e94-4ba4-b1bb-3b711e2a2c8d,88.0,1.0,-1.0,0.0,,,executed,31802e06-3187-4d47-a771-413a199eb42a,4a400ee1-cfa5-4cbf-b329-1c56fda17914,,,,,1778603893.596082
a5f35780-eeec-48f3-bd11-2a02633bc450,0,2,7,203,2026-05-12T16:38:17.819396+00:00,order,add,ask,,1f580973-d98e-453d-95e0-816a576a7ae9,7263bda7-ce07-4527-829d-593539f9496a,62.0,1.0,1.0,1.0,1,1.0,active,,,,,,,1778603897.835836
a5f35780-eeec-48f3-bd11-2a02633bc450,0,2,7,204,2026-05-12T16:38:17.892724+00:00,order,add,ask,,3769732c-ec8a-4f6c-b366-a3b5f9b2efe1,6a27507f-b151-4a9f-b11f-d433b22aeb62,65.0,1.0,1.0,1.0,2,2.0,active,,,,,,,1778603897.909248
a5f35780-eeec-48f3-bd11-2a02633bc450,0,2,7,205,2026-05-12T16:38:19.163524+00:00,order,cancel,ask,,3c509e64-585c-4fcd-8edd-97b9c0e0de9a,7263bda7-ce07-4527-829d-593539f9496a,65.0,1.0,-1.0,0.0,,,cancelled,,,,,,,1778603899.179595
17f3bde5-9e00-47d0-8909-b138b266b325,0,2,5,127,2026-05-12T16:38:19.269912+00:00,order,cancel,bid,,7d88a419-e204-4055-8d6c-61c527541cd1,c5382ee4-bd5b-45e4-8232-55a805c489d8,85.75,1.0,-1.0,0.0,,,cancelled,,,,,,,1778603899.285802
9af49dc6-a1bd-40fe-b627-4a8dbdf93e45,0,2,9,194,2026-05-12T16:38:19.727388+00:00,order,cancel,bid,,c75d00e5-0519-4d50-a926-c2f2d76c8698,65041421-bea3-4034-ae77-04f68c6e46fc,111.5,1.0,-1.0,0.0,,,cancelled,,,,,,,1778603899.743078
a5f35780-eeec-48f3-bd11-2a02633bc450,0,2,7,206,2026-05-12T16:38:20.058991+00:00,order,cancel,ask,,6cbb0240-4145-4294-a2c9-5be752ecae5c,7263bda7-ce07-4527-829d-593539f9496a,67.0,1.0,-1.0,0.0,,,cancelled,,,,,,,1778603900.075126
17f3bde5-9e00-47d0-8909-b138b266b325,0,2,6,128,2026-05-12T16:38:20.807493+00:00,order,add,bid,,f0914d09-483e-4a33-8c5b-2f846dc8d3b3,1fee9bd8-a0b5-414d-b996-84be8a4a131f,80.0,1.0,1.0,1.0,1,1.0,active,,,,,,,1778603900.824547
a5f35780-eeec-48f3-bd11-2a02633bc450,0,2,7,207,2026-05-12T16:38:22.092524+00:00,order,add,bid,,c8412d4d-9bb6-4803-9b54-f67634a6506e,3f3f926c-76bd-44db-b2dc-3e8e8ddbccb6,61.0,1.0,1.0,1.0,1,1.0,active,,,,,,,1778603902.109118
17f3bde5-9e00-47d0-8909-b138b266b325,0,2,5,129,2026-05-12T16:38:22.720874+00:00,order,cancel,bid,,54216bab-b585-4cdf-8515-b075bd29f3e0,1fee9bd8-a0b5-414d-b996-84be8a4a131f,88.0,1.0,-1.0,0.0,,,cancelled,,,,,,,1778603902.737348
a5f35780-eeec-48f3-bd11-2a02633bc450,0,2,7,208,2026-05-12T16:38:24.113928+00:00,order,add,ask,,55c021a0-6b2b-444b-9b88-a0f8ac97c556,7263bda7-ce07-4527-829d-593539f9496a,61.5,1.0,1.0,1.0,1,1.0,active,,,,,,,1778603904.130626
a5f35780-eeec-48f3-bd11-2a02633bc450,0,2,7,209,2026-05-12T16:38:24.241585+00:00,order,add,ask,,4f666459-08e1-47a4-bf45-14d13ebcb8db,6a27507f-b151-4a9f-b11f-d433b22aeb62,63.0,1.0,1.0,1.0,2,2.0,active,,,,,,,1778603904.258604
a5f35780-eeec-48f3-bd11-2a02633bc450,0,2,7,210,2026-05-12T16:38:25.602495+00:00,order,cancel,ask,,1f580973-d98e-453d-95e0-816a576a7ae9,7263bda7-ce07-4527-829d-593539f9496a,62.0,1.0,-1.0,0.0,,,cancelled,,,,,,,1778603905.619296
17f3bde5-9e00-47d0-8909-b138b266b325,0,2,6,130,2026-05-12T16:38:25.665801+00:00,trade,trade,ask,S,,,88.0,1.0,,,,,,e68d8a22-a6e4-4c90-b7f3-b7e0ee9cdb67,,aea7fc90-efa4-48b5-8267-170dee4889fa,0e746c87-f5ed-4b6d-be2f-09fcd559ff4a,6eb3648e-8876-4d12-96eb-7269067415d5,121ddd6b-3999-4e05-a2b3-d80bdfc8efba,1778603905.683331
17f3bde5-9e00-47d0-8909-b138b266b325,0,2,6,131,2026-05-12T16:38:25.686690+00:00,order,fill,ask,,0e746c87-f5ed-4b6d-be2f-09fcd559ff4a,121ddd6b-3999-4e05-a2b3-d80bdfc8efba,88.0,1.0,-1.0,0.0,,,executed,e68d8a22-a6e4-4c90-b7f3-b7e0ee9cdb67,aea7fc90-efa4-48b5-8267-170dee4889fa,,,,,1778603905.702449
17f3bde5-9e00-47d0-8909-b138b266b325,0,2,6,132,2026-05-12T16:38:25.706137+00:00,order,fill,bid,,aea7fc90-efa4-48b5-8267-170dee4889fa,6eb3648e-8876-4d12-96eb-7269067415d5,88.0,1.0,-1.0,0.0,,,executed,e68d8a22-a6e4-4c90-b7f3-b7e0ee9cdb67,0e746c87-f5ed-4b6d-be2f-09fcd559ff4a,,,,,1778603905.720872
a5f35780-eeec-48f3-bd11-2a02633bc450,0,2,7,211,2026-05-12T16:38:26.531721+00:00,order,cancel,ask,,3769732c-ec8a-4f6c-b366-a3b5f9b2efe1,6a27507f-b151-4a9f-b11f-d433b22aeb62,65.0,1.0,-1.0,0.0,,,cancelled,,,,,,,1778603906.547416
a5f35780-eeec-48f3-bd11-2a02633bc450,0,2,7,212,2026-05-12T16:38:26.756180+00:00,trade,trade,bid,B,,,61.5,1.0,,,,,,8b47d9a1-0b99-45bc-9907-3faaf6780a8d,,40114d61-45bd-4fbf-9089-0feaf932ea77,55c021a0-6b2b-444b-9b88-a0f8ac97c556,3f3f926c-76bd-44db-b2dc-3e8e8ddbccb6,7263bda7-ce07-4527-829d-593539f9496a,1778603906.772238
a5f35780-eeec-48f3-bd11-2a02633bc450,0,2,7,213,2026-05-12T16:38:26.775475+00:00,order,fill,ask,,55c021a0-6b2b-444b-9b88-a0f8ac97c556,7263bda7-ce07-4527-829d-593539f9496a,61.5,1.0,-1.0,0.0,,,executed,8b47d9a1-0b99-45bc-9907-3faaf6780a8d,40114d61-45bd-4fbf-9089-0feaf932ea77,,,,,1778603906.790521
a5f35780-eeec-48f3-bd11-2a02633bc450,0,2,7,214,2026-05-12T16:38:26.793617+00:00,order,fill,bid,,40114d61-45bd-4fbf-9089-0feaf932ea77,3f3f926c-76bd-44db-b2dc-3e8e8ddbccb6,61.5,1.0,-1.0,0.0,,,executed,8b47d9a1-0b99-45bc-9907-3faaf6780a8d,55c021a0-6b2b-444b-9b88-a0f8ac97c556,,,,,1778603906.808323
a5f35780-eeec-48f3-bd11-2a02633bc450,0,2,7,215,2026-05-12T16:38:28.011481+00:00,trade,trade,ask,S,,,61.0,1.0,,,,,,dfc7fd49-30c7-4b67-ad3c-2676fcc576b5,,c8412d4d-9bb6-4803-9b54-f67634a6506e,f50b8a19-1556-4a28-a2a6-1bf066334fd4,3f3f926c-76bd-44db-b2dc-3e8e8ddbccb6,d896d1d1-903a-4faf-af2e-bda1e25a47cc,1778603908.028922
a5f35780-eeec-48f3-bd11-2a02633bc450,0,2,7,216,2026-05-12T16:38:28.032012+00:00,order,fill,ask,,f50b8a19-1556-4a28-a2a6-1bf066334fd4,d896d1d1-903a-4faf-af2e-bda1e25a47cc,61.0,1.0,-1.0,0.0,,,executed,dfc7fd49-30c7-4b67-ad3c-2676fcc576b5,c8412d4d-9bb6-4803-9b54-f67634a6506e,,,,,1778603908.04862
a5f35780-eeec-48f3-bd11-2a02633bc450,0,2,7,217,2026-05-12T16:38:28.051597+00:00,order,fill,bid,,c8412d4d-9bb6-4803-9b54-f67634a6506e,3f3f926c-76bd-44db-b2dc-3e8e8ddbccb6,61.0,1.0,-1.0,0.0,,,executed,dfc7fd49-30c7-4b67-ad3c-2676fcc576b5,f50b8a19-1556-4a28-a2a6-1bf066334fd4,,,,,1778603908.068158
a5f35780-eeec-48f3-bd11-2a02633bc450,0,2,7,218,2026-05-12T16:38:30.378261+00:00,order,add,ask,,b0f361b4-ebef-40ff-bda0-f2a04863310f,7263bda7-ce07-4527-829d-593539f9496a,62.0,1.0,1.0,1.0,1,1.0,active,,,,,,,1778603910.395118
9af49dc6-a1bd-40fe-b627-4a8dbdf93e45,0,2,11,195,2026-05-12T16:38:31.298395+00:00,order,add,ask,,33302ff0-eccf-4b28-84f5-1a5e09b3552b,65041421-bea3-4034-ae77-04f68c6e46fc,112.99,1.0,1.0,1.0,1,1.0,active,,,,,,,1778603911.314214
17f3bde5-9e00-47d0-8909-b138b266b325,0,2,6,133,2026-05-12T16:38:32.510903+00:00,order,add,bid,,901aeb6e-c6de-4aea-b6ea-c9f06b8db551,c5382ee4-bd5b-45e4-8232-55a805c489d8,81.0,1.0,1.0,1.0,1,1.0,active,,,,,,,1778603912.527638
17f3bde5-9e00-47d0-8909-b138b266b325,0,2,6,134,2026-05-12T16:38:33.320726+00:00,trade,trade,ask,S,,,85.0,1.0,,,,,,63856f28-dba6-4763-97f1-418332866e3c,,971a15c6-a036-4d4d-a8c9-af8be5f893c8,dd4fff09-befe-46e8-a747-8bdff2da1210,6eb3648e-8876-4d12-96eb-7269067415d5,8097813e-2f6f-40a4-be05-70c6d8d3bca7,1778603913.33993
17f3bde5-9e00-47d0-8909-b138b266b325,0,2,6,135,2026-05-12T16:38:33.342926+00:00,order,fill,ask,,dd4fff09-befe-46e8-a747-8bdff2da1210,8097813e-2f6f-40a4-be05-70c6d8d3bca7,85.0,1.0,-1.0,0.0,,,executed,63856f28-dba6-4763-97f1-418332866e3c,971a15c6-a036-4d4d-a8c9-af8be5f893c8,,,,,1778603913.35796
17f3bde5-9e00-47d0-8909-b138b266b325,0,2,6,136,2026-05-12T16:38:33.360699+00:00,order,fill,bid,,971a15c6-a036-4d4d-a8c9-af8be5f893c8,6eb3648e-8876-4d12-96eb-7269067415d5,85.0,1.0,-1.0,0.0,,,executed,63856f28-dba6-4763-97f1-418332866e3c,dd4fff09-befe-46e8-a747-8bdff2da1210,,,,,1778603913.375312
9af49dc6-a1bd-40fe-b627-4a8dbdf93e45,0,2,11,196,2026-05-12T16:38:34.014870+00:00,trade,trade,bid,B,,,112.99,1.0,,,,,,7b9aa934-8c21-43ce-bee3-5d430e334b34,,98d4fbea-f06b-43b4-850d-90daffc2c19b,33302ff0-eccf-4b28-84f5-1a5e09b3552b,a97c9f1c-5c51-47a6-b087-fa652e7a6e31,65041421-bea3-4034-ae77-04f68c6e46fc,1778603914.033634
9af49dc6-a1bd-40fe-b627-4a8dbdf93e45,0,2,11,197,2026-05-12T16:38:34.037454+00:00,order,fill,ask,,33302ff0-eccf-4b28-84f5-1a5e09b3552b,65041421-bea3-4034-ae77-04f68c6e46fc,112.99,1.0,-1.0,0.0,,,executed,7b9aa934-8c21-43ce-bee3-5d430e334b34,98d4fbea-f06b-43b4-850d-90daffc2c19b,,,,,1778603914.056573
9af49dc6-a1bd-40fe-b627-4a8dbdf93e45,0,2,11,198,2026-05-12T16:38:34.059900+00:00,order,fill,bid,,98d4fbea-f06b-43b4-850d-90daffc2c19b,a97c9f1c-5c51-47a6-b087-fa652e7a6e31,113.0,1.0,-1.0,0.0,,,executed,7b9aa934-8c21-43ce-bee3-5d430e334b34,33302ff0-eccf-4b28-84f5-1a5e09b3552b,,,,,1778603914.078666
17f3bde5-9e00-47d0-8909-b138b266b325,0,2,6,137,2026-05-12T16:38:34.368811+00:00,order,add,ask,,4ba4a09a-0510-44b8-b977-5e377f8d560f,1fee9bd8-a0b5-414d-b996-84be8a4a131f,87.0,1.0,1.0,1.0,1,1.0,active,,,,,,,1778603914.387709
17f3bde5-9e00-47d0-8909-b138b266b325,0,2,5,138,2026-05-12T16:38:35.848607+00:00,order,cancel,ask,,d2d1d15f-7234-4849-bfaa-3218eb514fa7,1fee9bd8-a0b5-414d-b996-84be8a4a131f,90.0,1.0,-1.0,0.0,,,cancelled,,,,,,,1778603915.865638
17f3bde5-9e00-47d0-8909-b138b266b325,0,2,6,139,2026-05-12T16:38:38.662432+00:00,trade,trade,ask,S,,,81.0,1.0,,,,,,35ea3409-63cb-474e-bf0a-581a6a737a38,,901aeb6e-c6de-4aea-b6ea-c9f06b8db551,cfd82dba-3912-4df4-a80f-dbf78bde065e,c5382ee4-bd5b-45e4-8232-55a805c489d8,e4da5453-0e94-4ba4-b1bb-3b711e2a2c8d,1778603918.679074
17f3bde5-9e00-47d0-8909-b138b266b325,0,2,6,140,2026-05-12T16:38:38.682015+00:00,order,fill,ask,,cfd82dba-3912-4df4-a80f-dbf78bde065e,e4da5453-0e94-4ba4-b1bb-3b711e2a2c8d,81.0,1.0,-1.0,0.0,,,executed,35ea3409-63cb-474e-bf0a-581a6a737a38,901aeb6e-c6de-4aea-b6ea-c9f06b8db551,,,,,1778603918.696962
17f3bde5-9e00-47d0-8909-b138b266b325,0,2,6,141,2026-05-12T16:38:38.700181+00:00,order,fill,bid,,901aeb6e-c6de-4aea-b6ea-c9f06b8db551,c5382ee4-bd5b-45e4-8232-55a805c489d8,81.0,1.0,-1.0,0.0,,,executed,35ea3409-63cb-474e-bf0a-581a6a737a38,cfd82dba-3912-4df4-a80f-dbf78bde065e,,,,,1778603918.714999
9af49dc6-a1bd-40fe-b627-4a8dbdf93e45,0,2,11,199,2026-05-12T16:38:45.331098+00:00,order,add,ask,,cff93c33-0f76-41ff-a87e-5cc01cdf0c90,65041421-bea3-4034-ae77-04f68c6e46fc,112.99,1.0,1.0,1.0,1,1.0,active,,,,,,,1778603925.347489
17f3bde5-9e00-47d0-8909-b138b266b325,0,2,6,142,2026-05-12T16:38:46.661497+00:00,trade,trade,ask,S,,,80.0,1.0,,,,,,51b3c3d8-6a06-44b3-9d0e-a9a0fe821202,,f0914d09-483e-4a33-8c5b-2f846dc8d3b3,3c6d1183-c898-4a17-8ca5-5289100ebcc8,1fee9bd8-a0b5-414d-b996-84be8a4a131f,121ddd6b-3999-4e05-a2b3-d80bdfc8efba,1778603926.678242
17f3bde5-9e00-47d0-8909-b138b266b325,0,2,6,143,2026-05-12T16:38:46.681398+00:00,order,fill,ask,,3c6d1183-c898-4a17-8ca5-5289100ebcc8,121ddd6b-3999-4e05-a2b3-d80bdfc8efba,80.0,1.0,-1.0,0.0,,,executed,51b3c3d8-6a06-44b3-9d0e-a9a0fe821202,f0914d09-483e-4a33-8c5b-2f846dc8d3b3,,,,,1778603926.696625
17f3bde5-9e00-47d0-8909-b138b266b325,0,2,6,144,2026-05-12T16:38:46.699417+00:00,order,fill,bid,,f0914d09-483e-4a33-8c5b-2f846dc8d3b3,1fee9bd8-a0b5-414d-b996-84be8a4a131f,80.0,1.0,-1.0,0.0,,,executed,51b3c3d8-6a06-44b3-9d0e-a9a0fe821202,3c6d1183-c898-4a17-8ca5-5289100ebcc8,,,,,1778603926.716133
17f3bde5-9e00-47d0-8909-b138b266b325,0,2,6,145,2026-05-12T16:38:46.774481+00:00,order,add,ask,,349d757e-0d17-4580-b307-ef6aa5345eab,e4da5453-0e94-4ba4-b1bb-3b711e2a2c8d,80.0,1.0,1.0,1.0,1,1.0,active,,,,,,,1778603926.789879
17f3bde5-9e00-47d0-8909-b138b266b325,0,2,6,146,2026-05-12T16:38:53.148740+00:00,trade,trade,ask,S,,,70.0,1.0,,,,,,8c7e2c21-5a11-4693-b32c-1ad2fd562096,,4d6532c0-0609-401c-9ca0-6c30ff53e967,d2c00b1f-229d-46b7-8dcf-f37f7bb4087b,6eb3648e-8876-4d12-96eb-7269067415d5,121ddd6b-3999-4e05-a2b3-d80bdfc8efba,1778603933.164928
17f3bde5-9e00-47d0-8909-b138b266b325,0,2,6,147,2026-05-12T16:38:53.167872+00:00,order,fill,ask,,d2c00b1f-229d-46b7-8dcf-f37f7bb4087b,121ddd6b-3999-4e05-a2b3-d80bdfc8efba,70.0,1.0,-1.0,0.0,,,executed,8c7e2c21-5a11-4693-b32c-1ad2fd562096,4d6532c0-0609-401c-9ca0-6c30ff53e967,,,,,1778603933.183502
17f3bde5-9e00-47d0-8909-b138b266b325,0,2,6,148,2026-05-12T16:38:53.186487+00:00,order,fill,bid,,4d6532c0-0609-401c-9ca0-6c30ff53e967,6eb3648e-8876-4d12-96eb-7269067415d5,70.0,1.0,-1.0,0.0,,,executed,8c7e2c21-5a11-4693-b32c-1ad2fd562096,d2c00b1f-229d-46b7-8dcf-f37f7bb4087b,,,,,1778603933.202303
a5f35780-eeec-48f3-bd11-2a02633bc450,0,2,7,219,2026-05-12T16:38:55.514778+00:00,order,cancel,bid,,aed0a3e9-9a85-4a36-a286-cb67c5b7f334,d896d1d1-903a-4faf-af2e-bda1e25a47cc,60.0,1.0,-1.0,0.0,,,cancelled,,,,,,,1778603935.531347
17f3bde5-9e00-47d0-8909-b138b266b325,0,2,6,149,2026-05-12T16:38:55.702459+00:00,order,add,ask,,27057ed5-7d51-4cfc-b48e-f8647b6154d2,e4da5453-0e94-4ba4-b1bb-3b711e2a2c8d,80.0,1.0,1.0,1.0,2,2.0,active,,,,,,,1778603935.718723
a5f35780-eeec-48f3-bd11-2a02633bc450,0,2,8,220,2026-05-12T16:38:57.274228+00:00,order,add,ask,,502a0408-22d6-4cc5-a588-48981bf281bc,7263bda7-ce07-4527-829d-593539f9496a,61.0,1.0,1.0,1.0,1,1.0,active,,,,,,,1778603937.290226
17f3bde5-9e00-47d0-8909-b138b266b325,0,2,6,150,2026-05-12T16:38:58.047810+00:00,order,add,bid,,7aabf07e-2d02-432a-99bf-6416a5205689,1fee9bd8-a0b5-414d-b996-84be8a4a131f,50.0,1.0,1.0,1.0,1,1.0,active,,,,,,,1778603938.064729
9af49dc6-a1bd-40fe-b627-4a8dbdf93e45,0,2,12,200,2026-05-12T16:38:58.205312+00:00,order,add,ask,,d2cf9b72-b2d7-4aff-8b83-8018db3c0363,a97c9f1c-5c51-47a6-b087-fa652e7a6e31,113.0,1.0,1.0,1.0,2,2.0,active,,,,,,,1778603938.221847
a5f35780-eeec-48f3-bd11-2a02633bc450,0,2,8,221,2026-05-12T16:39:00.698983+00:00,order,add,bid,,2206a0e5-b4ab-4d49-bdad-eb956a29eae0,d896d1d1-903a-4faf-af2e-bda1e25a47cc,50.0,1.0,1.0,1.0,1,1.0,active,,,,,,,1778603940.714077
9af49dc6-a1bd-40fe-b627-4a8dbdf93e45,0,2,12,201,2026-05-12T16:39:01.200968+00:00,order,add,bid,,e1b0f6b2-6a5c-4552-92c1-b1eed7bb1c09,8199026d-b134-4c9c-8eb9-35b39d3ff423,112.9,1.0,1.0,1.0,1,1.0,active,,,,,,,1778603941.224379
9af49dc6-a1bd-40fe-b627-4a8dbdf93e45,0,2,12,202,2026-05-12T16:39:02.493700+00:00,trade,trade,bid,B,,,112.99,1.0,,,,,,2618ea98-a772-488b-b361-43f3b1fdabd6,,41ab0d4e-0eb6-4e1c-9cf5-b7a6027c6e80,cff93c33-0f76-41ff-a87e-5cc01cdf0c90,a97c9f1c-5c51-47a6-b087-fa652e7a6e31,65041421-bea3-4034-ae77-04f68c6e46fc,1778603942.523781
9af49dc6-a1bd-40fe-b627-4a8dbdf93e45,0,2,12,203,2026-05-12T16:39:02.527365+00:00,order,fill,ask,,cff93c33-0f76-41ff-a87e-5cc01cdf0c90,65041421-bea3-4034-ae77-04f68c6e46fc,112.99,1.0,-1.0,0.0,,,executed,2618ea98-a772-488b-b361-43f3b1fdabd6,41ab0d4e-0eb6-4e1c-9cf5-b7a6027c6e80,,,,,1778603942.577156
9af49dc6-a1bd-40fe-b627-4a8dbdf93e45,0,2,12,204,2026-05-12T16:39:02.582605+00:00,order,fill,bid,,41ab0d4e-0eb6-4e1c-9cf5-b7a6027c6e80,a97c9f1c-5c51-47a6-b087-fa652e7a6e31,113.0,1.0,-1.0,0.0,,,executed,2618ea98-a772-488b-b361-43f3b1fdabd6,cff93c33-0f76-41ff-a87e-5cc01cdf0c90,,,,,1778603942.601256
17f3bde5-9e00-47d0-8909-b138b266b325,0,2,6,151,2026-05-12T16:39:03.206477+00:00,order,add,ask,,5c9271ed-a208-4f5b-b24f-1daf63cc9528,e4da5453-0e94-4ba4-b1bb-3b711e2a2c8d,75.0,1.0,1.0,1.0,1,1.0,active,,,,,,,1778603943.230109
17f3bde5-9e00-47d0-8909-b138b266b325,0,2,6,152,2026-05-12T16:39:03.777653+00:00,order,add,ask,,2a45459f-af80-4724-8ea2-fdf52019bb45,8097813e-2f6f-40a4-be05-70c6d8d3bca7,79.0,1.0,1.0,1.0,1,1.0,active,,,,,,,1778603943.795012
17f3bde5-9e00-47d0-8909-b138b266b325,0,2,6,153,2026-05-12T16:39:06.982693+00:00,order,add,bid,,54bf788a-38f6-4d14-ba62-a73c9b0d50a9,c5382ee4-bd5b-45e4-8232-55a805c489d8,60.0,1.0,1.0,1.0,1,1.0,active,,,,,,,1778603946.999152
9af49dc6-a1bd-40fe-b627-4a8dbdf93e45,0,2,10,205,2026-05-12T16:39:07.486949+00:00,order,cancel,ask,,583c0601-1b15-41ee-a88a-f79299ebddab,a97c9f1c-5c51-47a6-b087-fa652e7a6e31,113.0,1.0,-1.0,0.0,,,cancelled,,,,,,,1778603947.502895
9af49dc6-a1bd-40fe-b627-4a8dbdf93e45,0,2,12,206,2026-05-12T16:39:07.597543+00:00,order,add,ask,,48719760-37fd-4b7b-a071-f8a025413a5a,a97c9f1c-5c51-47a6-b087-fa652e7a6e31,113.0,1.0,1.0,1.0,2,2.0,active,,,,,,,1778603947.613601
17f3bde5-9e00-47d0-8909-b138b266b325,0,2,6,154,2026-05-12T16:39:08.558583+00:00,order,add,ask,,ad8921c6-bf84-43f3-8ec0-6f3e5f99576d,e4da5453-0e94-4ba4-b1bb-3b711e2a2c8d,68.0,1.0,1.0,1.0,1,1.0,active,,,,,,,1778603948.575302
a5f35780-eeec-48f3-bd11-2a02633bc450,0,2,8,222,2026-05-12T16:39:09.515957+00:00,order,add,ask,,f1ede933-95a0-4db5-9b1b-46dbae214331,3f3f926c-76bd-44db-b2dc-3e8e8ddbccb6,59.99,1.0,1.0,1.0,1,1.0,active,,,,,,,1778603949.531613
9af49dc6-a1bd-40fe-b627-4a8dbdf93e45,0,2,12,207,2026-05-12T16:39:09.749150+00:00,order,cancel,ask,,d2cf9b72-b2d7-4aff-8b83-8018db3c0363,a97c9f1c-5c51-47a6-b087-fa652e7a6e31,113.0,1.0,-1.0,0.0,,,cancelled,,,,,,,1778603949.765347
9af49dc6-a1bd-40fe-b627-4a8dbdf93e45,0,2,12,208,2026-05-12T16:39:11.832738+00:00,order,add,ask,,f8e2d208-9a90-49f2-8fad-0abe937c515a,8199026d-b134-4c9c-8eb9-35b39d3ff423,112.98,1.0,1.0,1.0,1,1.0,active,,,,,,,1778603951.849229
a5f35780-eeec-48f3-bd11-2a02633bc450,0,2,8,223,2026-05-12T16:39:13.420860+00:00,order,add,ask,,00ee6b15-a3b0-49ef-ae11-016ddde3aecf,b051dea2-10fd-492e-a16a-123e7f6bc6ac,60.0,1.0,1.0,1.0,1,1.0,active,,,,,,,1778603953.440212
a5f35780-eeec-48f3-bd11-2a02633bc450,0,2,8,224,2026-05-12T16:39:13.499330+00:00,order,add,ask,,734f5cba-f6f3-4cb2-b4db-03ef067c4d76,6a27507f-b151-4a9f-b11f-d433b22aeb62,58.0,1.0,1.0,1.0,1,1.0,active,,,,,,,1778603953.515408
a5f35780-eeec-48f3-bd11-2a02633bc450,0,2,8,225,2026-05-12T16:39:14.225465+00:00,order,add,bid,,51d2a7c6-6eaa-4884-9242-9e679c4eb76f,7263bda7-ce07-4527-829d-593539f9496a,40.0,1.0,1.0,1.0,1,1.0,active,,,,,,,1778603954.241776
9af49dc6-a1bd-40fe-b627-4a8dbdf93e45,0,2,9,209,2026-05-12T16:39:16.083210+00:00,order,cancel,ask,,76ef65a6-a730-48f3-876e-a2e8789ce08d,65041421-bea3-4034-ae77-04f68c6e46fc,113.88,1.0,-1.0,0.0,,,cancelled,,,,,,,1778603956.099554
a5f35780-eeec-48f3-bd11-2a02633bc450,0,2,7,226,2026-05-12T16:39:16.365083+00:00,order,cancel,ask,,4f666459-08e1-47a4-bf45-14d13ebcb8db,6a27507f-b151-4a9f-b11f-d433b22aeb62,63.0,1.0,-1.0,0.0,,,cancelled,,,,,,,1778603956.382499
9af49dc6-a1bd-40fe-b627-4a8dbdf93e45,0,2,12,210,2026-05-12T16:39:17.612823+00:00,order,add,ask,,24941102-6cda-44f3-ad59-f3d1ca18b991,a97c9f1c-5c51-47a6-b087-fa652e7a6e31,113.0,1.0,1.0,1.0,2,2.0,active,,,,,,,1778603957.632692
a5f35780-eeec-48f3-bd11-2a02633bc450,0,2,8,227,2026-05-12T16:39:18.212715+00:00,order,add,bid,,c0caa5d8-301b-4a25-a19a-1b72a2ab9e75,3f3f926c-76bd-44db-b2dc-3e8e8ddbccb6,57.99,1.0,1.0,1.0,1,1.0,active,,,,,,,1778603958.230199
a5f35780-eeec-48f3-bd11-2a02633bc450,0,2,8,228,2026-05-12T16:39:22.835412+00:00,trade,trade,ask,S,,,57.99,1.0,,,,,,b5b3bc0b-61c5-4545-82a8-b77989d7379b,,c0caa5d8-301b-4a25-a19a-1b72a2ab9e75,071272c4-9ba1-4a90-ae3a-8e250c564666,3f3f926c-76bd-44db-b2dc-3e8e8ddbccb6,d896d1d1-903a-4faf-af2e-bda1e25a47cc,1778603962.851398
a5f35780-eeec-48f3-bd11-2a02633bc450,0,2,8,229,2026-05-12T16:39:22.854630+00:00,order,fill,ask,,071272c4-9ba1-4a90-ae3a-8e250c564666,d896d1d1-903a-4faf-af2e-bda1e25a47cc,57.0,1.0,-1.0,0.0,,,executed,b5b3bc0b-61c5-4545-82a8-b77989d7379b,c0caa5d8-301b-4a25-a19a-1b72a2ab9e75,,,,,1778603962.86967
a5f35780-eeec-48f3-bd11-2a02633bc450,0,2,8,230,2026-05-12T16:39:22.872869+00:00,order,fill,bid,,c0caa5d8-301b-4a25-a19a-1b72a2ab9e75,3f3f926c-76bd-44db-b2dc-3e8e8ddbccb6,57.99,1.0,-1.0,0.0,,,executed,b5b3bc0b-61c5-4545-82a8-b77989d7379b,071272c4-9ba1-4a90-ae3a-8e250c564666,,,,,1778603962.8875
9af49dc6-a1bd-40fe-b627-4a8dbdf93e45,0,2,12,211,2026-05-12T16:39:24.952247+00:00,trade,trade,bid,B,,,112.98,1.0,,,,,,79776dc1-bd3f-448c-8aad-5f9ecf516f33,,7b2dc89b-2343-4093-9328-6200df59e98e,f8e2d208-9a90-49f2-8fad-0abe937c515a,a97c9f1c-5c51-47a6-b087-fa652e7a6e31,8199026d-b134-4c9c-8eb9-35b39d3ff423,1778603964.969589
9af49dc6-a1bd-40fe-b627-4a8dbdf93e45,0,2,12,212,2026-05-12T16:39:24.973116+00:00,order,fill,ask,,f8e2d208-9a90-49f2-8fad-0abe937c515a,8199026d-b134-4c9c-8eb9-35b39d3ff423,112.98,1.0,-1.0,0.0,,,executed,79776dc1-bd3f-448c-8aad-5f9ecf516f33,7b2dc89b-2343-4093-9328-6200df59e98e,,,,,1778603964.988115
9af49dc6-a1bd-40fe-b627-4a8dbdf93e45,0,2,12,213,2026-05-12T16:39:24.990903+00:00,order,fill,bid,,7b2dc89b-2343-4093-9328-6200df59e98e,a97c9f1c-5c51-47a6-b087-fa652e7a6e31,113.0,1.0,-1.0,0.0,,,executed,79776dc1-bd3f-448c-8aad-5f9ecf516f33,f8e2d208-9a90-49f2-8fad-0abe937c515a,,,,,1778603965.006515
a5f35780-eeec-48f3-bd11-2a02633bc450,0,2,8,231,2026-05-12T16:39:25.458130+00:00,order,add,ask,,579f5e0f-9cb6-486b-b78d-c38be9ba2111,7263bda7-ce07-4527-829d-593539f9496a,57.0,1.0,1.0,1.0,1,1.0,active,,,,,,,1778603965.474293
a5f35780-eeec-48f3-bd11-2a02633bc450,0,2,8,232,2026-05-12T16:39:27.249968+00:00,order,cancel,ask,,502a0408-22d6-4cc5-a588-48981bf281bc,7263bda7-ce07-4527-829d-593539f9496a,61.0,1.0,-1.0,0.0,,,cancelled,,,,,,,1778603967.270135
a5f35780-eeec-48f3-bd11-2a02633bc450,0,2,8,233,2026-05-12T16:39:27.499918+00:00,order,add,ask,,b1cc2254-c5e9-4761-872f-8d50d838ff2a,3f3f926c-76bd-44db-b2dc-3e8e8ddbccb6,57.99,1.0,1.0,1.0,1,1.0,active,,,,,,,1778603967.516491
9af49dc6-a1bd-40fe-b627-4a8dbdf93e45,0,2,1,214,2026-05-12T16:39:27.601130+00:00,order,cancel,ask,,4dd774de-50c5-4491-b2c9-cb4f9e027a16,8199026d-b134-4c9c-8eb9-35b39d3ff423,127.0,1.0,-1.0,0.0,,,cancelled,,,,,,,1778603967.616774
a5f35780-eeec-48f3-bd11-2a02633bc450,0,2,8,234,2026-05-12T16:39:27.753791+00:00,order,add,ask,,fde733af-a8a1-480a-8543-b019a53dc833,14a8161a-9d15-4590-8e4a-d60fa690d14e,57.0,1.0,1.0,1.0,2,2.0,active,,,,,,,1778603967.769855
a5f35780-eeec-48f3-bd11-2a02633bc450,0,2,7,235,2026-05-12T16:39:28.442688+00:00,order,cancel,ask,,b0f361b4-ebef-40ff-bda0-f2a04863310f,7263bda7-ce07-4527-829d-593539f9496a,62.0,1.0,-1.0,0.0,,,cancelled,,,,,,,1778603968.45778
9af49dc6-a1bd-40fe-b627-4a8dbdf93e45,0,2,12,215,2026-05-12T16:39:28.970948+00:00,order,cancel,ask,,48719760-37fd-4b7b-a071-f8a025413a5a,a97c9f1c-5c51-47a6-b087-fa652e7a6e31,113.0,1.0,-1.0,0.0,,,cancelled,,,,,,,1778603968.986554
9af49dc6-a1bd-40fe-b627-4a8dbdf93e45,0,2,12,216,2026-05-12T16:39:29.033430+00:00,order,cancel,ask,,24941102-6cda-44f3-ad59-f3d1ca18b991,a97c9f1c-5c51-47a6-b087-fa652e7a6e31,113.0,1.0,-1.0,0.0,,,cancelled,,,,,,,1778603969.049818
a5f35780-eeec-48f3-bd11-2a02633bc450,0,2,6,236,2026-05-12T16:39:29.188624+00:00,order,cancel,ask,,7a9027af-2229-4fba-949a-3135704099fc,3f3f926c-76bd-44db-b2dc-3e8e8ddbccb6,66.63,1.0,-1.0,0.0,,,cancelled,,,,,,,1778603969.204181
a5f35780-eeec-48f3-bd11-2a02633bc450,0,2,7,237,2026-05-12T16:39:29.532878+00:00,order,cancel,ask,,1b88437f-1f67-43f1-a06b-b358d1225059,3f3f926c-76bd-44db-b2dc-3e8e8ddbccb6,64.5,1.0,-1.0,0.0,,,cancelled,,,,,,,1778603969.54922
a5f35780-eeec-48f3-bd11-2a02633bc450,0,2,8,238,2026-05-12T16:39:29.819456+00:00,order,cancel,bid,,2206a0e5-b4ab-4d49-bdad-eb956a29eae0,d896d1d1-903a-4faf-af2e-bda1e25a47cc,50.0,1.0,-1.0,0.0,,,cancelled,,,,,,,1778603969.835103
a5f35780-eeec-48f3-bd11-2a02633bc450,0,2,8,239,2026-05-12T16:39:33.537497+00:00,order,cancel,ask,,00ee6b15-a3b0-49ef-ae11-016ddde3aecf,b051dea2-10fd-492e-a16a-123e7f6bc6ac,60.0,1.0,-1.0,0.0,,,cancelled,,,,,,,1778603973.558
a5f35780-eeec-48f3-bd11-2a02633bc450,0,2,8,240,2026-05-12T16:39:33.813703+00:00,trade,trade,bid,B,,,57.0,1.0,,,,,,2d32ff3c-1793-4163-a5e9-78cdfb310dbf,,a73f473e-d199-4813-af5d-6c02e32f4d41,579f5e0f-9cb6-486b-b78d-c38be9ba2111,6a27507f-b151-4a9f-b11f-d433b22aeb62,7263bda7-ce07-4527-829d-593539f9496a,1778603973.832654
a5f35780-eeec-48f3-bd11-2a02633bc450,0,2,8,241,2026-05-12T16:39:33.836407+00:00,order,fill,ask,,579f5e0f-9cb6-486b-b78d-c38be9ba2111,7263bda7-ce07-4527-829d-593539f9496a,57.0,1.0,-1.0,0.0,,,executed,2d32ff3c-1793-4163-a5e9-78cdfb310dbf,a73f473e-d199-4813-af5d-6c02e32f4d41,,,,,1778603973.855274
a5f35780-eeec-48f3-bd11-2a02633bc450,0,2,8,242,2026-05-12T16:39:33.861173+00:00,order,fill,bid,,a73f473e-d199-4813-af5d-6c02e32f4d41,6a27507f-b151-4a9f-b11f-d433b22aeb62,57.0,1.0,-1.0,0.0,,,executed,2d32ff3c-1793-4163-a5e9-78cdfb310dbf,579f5e0f-9cb6-486b-b78d-c38be9ba2111,,,,,1778603973.879204
a5f35780-eeec-48f3-bd11-2a02633bc450,0,2,7,243,2026-05-12T16:39:34.096436+00:00,order,cancel,ask,,91b33013-432c-4dfa-af19-dcec06f00a41,b051dea2-10fd-492e-a16a-123e7f6bc6ac,63.0,1.0,-1.0,0.0,,,cancelled,,,,,,,1778603974.11213
9af49dc6-a1bd-40fe-b627-4a8dbdf93e45,0,2,12,217,2026-05-12T16:39:34.679862+00:00,order,add,ask,,f11caa02-9253-4dff-b5d5-6efe5cdb183c,8199026d-b134-4c9c-8eb9-35b39d3ff423,113.0,1.0,1.0,1.0,1,1.0,active,,,,,,,1778603974.695909
17f3bde5-9e00-47d0-8909-b138b266b325,0,2,6,155,2026-05-12T16:39:35.290126+00:00,order,cancel,bid,,7aabf07e-2d02-432a-99bf-6416a5205689,1fee9bd8-a0b5-414d-b996-84be8a4a131f,50.0,1.0,-1.0,0.0,,,cancelled,,,,,,,1778603975.306203
a5f35780-eeec-48f3-bd11-2a02633bc450,0,2,8,244,2026-05-12T16:39:36.923408+00:00,order,add,bid,,2b2980eb-0096-4068-823f-c24ae9d9ebfb,d896d1d1-903a-4faf-af2e-bda1e25a47cc,45.0,1.0,1.0,1.0,1,1.0,active,,,,,,,1778603976.939356
17f3bde5-9e00-47d0-8909-b138b266b325,0,2,6,156,2026-05-12T16:39:37.296214+00:00,order,cancel,bid,,54bf788a-38f6-4d14-ba62-a73c9b0d50a9,c5382ee4-bd5b-45e4-8232-55a805c489d8,60.0,1.0,-1.0,0.0,,,cancelled,,,,,,,1778603977.311948
17f3bde5-9e00-47d0-8909-b138b266b325,0,2,7,157,2026-05-12T16:39:37.966133+00:00,order,add,ask,,2fde9237-b790-49bb-b223-a3e8f99bb05a,e4da5453-0e94-4ba4-b1bb-3b711e2a2c8d,60.0,1.0,1.0,1.0,1,1.0,active,,,,,,,1778603977.983348
17f3bde5-9e00-47d0-8909-b138b266b325,0,2,7,158,2026-05-12T16:39:40.055658+00:00,order,add,ask,,a4d3b2ed-5937-4668-9c3b-d32e8865d2e5,1fee9bd8-a0b5-414d-b996-84be8a4a131f,60.0,1.0,1.0,1.0,2,2.0,active,,,,,,,1778603980.072208
a5f35780-eeec-48f3-bd11-2a02633bc450,0,2,8,245,2026-05-12T16:39:41.320078+00:00,order,add,ask,,7ac9b6bd-0d76-4ec0-ac65-5f4a089a3026,6a27507f-b151-4a9f-b11f-d433b22aeb62,58.0,1.0,1.0,1.0,2,2.0,active,,,,,,,1778603981.335545
a5f35780-eeec-48f3-bd11-2a02633bc450,0,2,8,246,2026-05-12T16:39:42.258693+00:00,order,add,bid,,9d2d6a9d-f451-46a8-9522-316fe17a3b46,d896d1d1-903a-4faf-af2e-bda1e25a47cc,48.5,1.0,1.0,1.0,1,1.0,active,,,,,,,1778603982.274276
a5f35780-eeec-48f3-bd11-2a02633bc450,0,2,8,247,2026-05-12T16:39:43.665623+00:00,order,add,bid,,f80cfef5-f132-43e3-8671-471261a7884d,7263bda7-ce07-4527-829d-593539f9496a,46.0,1.0,1.0,1.0,1,1.0,active,,,,,,,1778603983.682161
a5f35780-eeec-48f3-bd11-2a02633bc450,0,2,8,248,2026-05-12T16:39:45.813078+00:00,order,add,bid,,766162f9-1659-41f0-b8db-10a33eb4c8d5,3f3f926c-76bd-44db-b2dc-3e8e8ddbccb6,53.0,1.0,1.0,1.0,1,1.0,active,,,,,,,1778603985.829218
17f3bde5-9e00-47d0-8909-b138b266b325,0,2,7,159,2026-05-12T16:39:46.686103+00:00,order,add,ask,,530974fe-4817-4986-a7df-5cc2f718974a,e4da5453-0e94-4ba4-b1bb-3b711e2a2c8d,58.0,1.0,1.0,1.0,1,1.0,active,,,,,,,1778603986.702788
17f3bde5-9e00-47d0-8909-b138b266b325,0,2,7,160,2026-05-12T16:39:49.771568+00:00,order,add,ask,,4f29f861-0072-4f68-ad0c-73336a1e0787,6eb3648e-8876-4d12-96eb-7269067415d5,90.0,1.0,1.0,1.0,2,2.0,active,,,,,,,1778603989.787363
17f3bde5-9e00-47d0-8909-b138b266b325,0,2,6,161,2026-05-12T16:39:49.824992+00:00,order,cancel,ask,,4ba4a09a-0510-44b8-b977-5e377f8d560f,1fee9bd8-a0b5-414d-b996-84be8a4a131f,87.0,1.0,-1.0,0.0,,,cancelled,,,,,,,1778603989.840087
17f3bde5-9e00-47d0-8909-b138b266b325,0,2,7,162,2026-05-12T16:39:51.866352+00:00,order,cancel,ask,,a4d3b2ed-5937-4668-9c3b-d32e8865d2e5,1fee9bd8-a0b5-414d-b996-84be8a4a131f,60.0,1.0,-1.0,0.0,,,cancelled,,,,,,,1778603991.882373
a5f35780-eeec-48f3-bd11-2a02633bc450,0,2,8,249,2026-05-12T16:39:52.824276+00:00,trade,trade,ask,S,,,53.0,1.0,,,,,,f3e37add-0c13-4b3f-a48d-d453e513aa42,,766162f9-1659-41f0-b8db-10a33eb4c8d5,408cb3d3-fe6c-44db-b7b8-be0a94284404,3f3f926c-76bd-44db-b2dc-3e8e8ddbccb6,b051dea2-10fd-492e-a16a-123e7f6bc6ac,1778603992.840482
a5f35780-eeec-48f3-bd11-2a02633bc450,0,2,8,250,2026-05-12T16:39:52.843687+00:00,order,fill,ask,,408cb3d3-fe6c-44db-b7b8-be0a94284404,b051dea2-10fd-492e-a16a-123e7f6bc6ac,53.0,1.0,-1.0,0.0,,,executed,f3e37add-0c13-4b3f-a48d-d453e513aa42,766162f9-1659-41f0-b8db-10a33eb4c8d5,,,,,1778603992.858836
a5f35780-eeec-48f3-bd11-2a02633bc450,0,2,8,251,2026-05-12T16:39:52.861845+00:00,order,fill,bid,,766162f9-1659-41f0-b8db-10a33eb4c8d5,3f3f926c-76bd-44db-b2dc-3e8e8ddbccb6,53.0,1.0,-1.0,0.0,,,executed,f3e37add-0c13-4b3f-a48d-d453e513aa42,408cb3d3-fe6c-44db-b7b8-be0a94284404,,,,,1778603992.877679
17f3bde5-9e00-47d0-8909-b138b266b325,0,2,7,163,2026-05-12T16:39:53.014562+00:00,order,add,bid,,dd3f7abe-3a17-4f6b-833c-91095ee0b434,c5382ee4-bd5b-45e4-8232-55a805c489d8,55.0,1.0,1.0,1.0,1,1.0,active,,,,,,,1778603993.030963
17f3bde5-9e00-47d0-8909-b138b266b325,0,2,7,164,2026-05-12T16:39:54.252649+00:00,trade,trade,bid,B,,,58.0,1.0,,,,,,49e3ccb1-455b-40a1-80fc-a740f484d13d,,87bd14c6-4d26-4b82-9963-7f02b788d1e0,530974fe-4817-4986-a7df-5cc2f718974a,121ddd6b-3999-4e05-a2b3-d80bdfc8efba,e4da5453-0e94-4ba4-b1bb-3b711e2a2c8d,1778603994.269403
17f3bde5-9e00-47d0-8909-b138b266b325,0,2,7,165,2026-05-12T16:39:54.272656+00:00,order,fill,ask,,530974fe-4817-4986-a7df-5cc2f718974a,e4da5453-0e94-4ba4-b1bb-3b711e2a2c8d,58.0,1.0,-1.0,0.0,,,executed,49e3ccb1-455b-40a1-80fc-a740f484d13d,87bd14c6-4d26-4b82-9963-7f02b788d1e0,,,,,1778603994.289225
17f3bde5-9e00-47d0-8909-b138b266b325,0,2,7,166,2026-05-12T16:39:54.292254+00:00,order,fill,bid,,87bd14c6-4d26-4b82-9963-7f02b788d1e0,121ddd6b-3999-4e05-a2b3-d80bdfc8efba,58.0,1.0,-1.0,0.0,,,executed,49e3ccb1-455b-40a1-80fc-a740f484d13d,530974fe-4817-4986-a7df-5cc2f718974a,,,,,1778603994.30819
17f3bde5-9e00-47d0-8909-b138b266b325,0,2,7,167,2026-05-12T16:39:56.062113+00:00,order,add,ask,,08f772fb-628a-4ed5-8ba1-15ec24ad3e45,e4da5453-0e94-4ba4-b1bb-3b711e2a2c8d,59.0,1.0,1.0,1.0,1,1.0,active,,,,,,,1778603996.078687
17f3bde5-9e00-47d0-8909-b138b266b325,0,2,7,168,2026-05-12T16:39:58.832468+00:00,order,add,ask,,f8f2959b-fcd0-4652-98a7-6ca67237f037,8097813e-2f6f-40a4-be05-70c6d8d3bca7,79.0,1.0,1.0,1.0,2,2.0,active,,,,,,,1778603998.848836
17f3bde5-9e00-47d0-8909-b138b266b325,0,2,7,169,2026-05-12T16:40:00.471214+00:00,trade,trade,ask,S,,,55.0,1.0,,,,,,b221b438-dbd8-4f21-985a-b9046673cdb4,,dd3f7abe-3a17-4f6b-833c-91095ee0b434,8cdf0567-60fa-469c-82a8-0168c765542d,c5382ee4-bd5b-45e4-8232-55a805c489d8,e4da5453-0e94-4ba4-b1bb-3b711e2a2c8d,1778604000.490905
17f3bde5-9e00-47d0-8909-b138b266b325,0,2,7,170,2026-05-12T16:40:00.494963+00:00,order,fill,ask,,8cdf0567-60fa-469c-82a8-0168c765542d,e4da5453-0e94-4ba4-b1bb-3b711e2a2c8d,55.0,1.0,-1.0,0.0,,,executed,b221b438-dbd8-4f21-985a-b9046673cdb4,dd3f7abe-3a17-4f6b-833c-91095ee0b434,,,,,1778604000.51463
17f3bde5-9e00-47d0-8909-b138b266b325,0,2,7,171,2026-05-12T16:40:00.518163+00:00,order,fill,bid,,dd3f7abe-3a17-4f6b-833c-91095ee0b434,c5382ee4-bd5b-45e4-8232-55a805c489d8,55.0,1.0,-1.0,0.0,,,executed,b221b438-dbd8-4f21-985a-b9046673cdb4,8cdf0567-60fa-469c-82a8-0168c765542d,,,,,1778604000.536436
17f3bde5-9e00-47d0-8909-b138b266b325,0,2,7,172,2026-05-12T16:40:00.764651+00:00,trade,trade,bid,B,,,59.0,1.0,,,,,,2a86a259-f323-4d16-872c-ff7453e2f219,,c6ab8287-b1a9-44ef-94cf-117bc56e581b,08f772fb-628a-4ed5-8ba1-15ec24ad3e45,121ddd6b-3999-4e05-a2b3-d80bdfc8efba,e4da5453-0e94-4ba4-b1bb-3b711e2a2c8d,1778604000.784144
17f3bde5-9e00-47d0-8909-b138b266b325,0,2,7,173,2026-05-12T16:40:00.787902+00:00,order,fill,ask,,08f772fb-628a-4ed5-8ba1-15ec24ad3e45,e4da5453-0e94-4ba4-b1bb-3b711e2a2c8d,59.0,1.0,-1.0,0.0,,,executed,2a86a259-f323-4d16-872c-ff7453e2f219,c6ab8287-b1a9-44ef-94cf-117bc56e581b,,,,,1778604000.806533
17f3bde5-9e00-47d0-8909-b138b266b325,0,2,7,174,2026-05-12T16:40:00.809911+00:00,order,fill,bid,,c6ab8287-b1a9-44ef-94cf-117bc56e581b,121ddd6b-3999-4e05-a2b3-d80bdfc8efba,59.0,1.0,-1.0,0.0,,,executed,2a86a259-f323-4d16-872c-ff7453e2f219,08f772fb-628a-4ed5-8ba1-15ec24ad3e45,,,,,1778604000.829185
17f3bde5-9e00-47d0-8909-b138b266b325,0,2,7,175,2026-05-12T16:40:05.113003+00:00,order,add,ask,,97132910-dc22-4f53-b576-b0d481cab802,8097813e-2f6f-40a4-be05-70c6d8d3bca7,100.0,1.0,1.0,1.0,3,3.0,active,,,,,,,1778604005.129908
17f3bde5-9e00-47d0-8909-b138b266b325,0,2,7,176,2026-05-12T16:40:08.179131+00:00,trade,trade,bid,B,,,60.0,1.0,,,,,,d614f3dd-0f47-4eff-9d1e-217d5c0e0192,,3a8d6bef-ab93-4ab1-aabf-92156a0cf0e8,2fde9237-b790-49bb-b223-a3e8f99bb05a,121ddd6b-3999-4e05-a2b3-d80bdfc8efba,e4da5453-0e94-4ba4-b1bb-3b711e2a2c8d,1778604008.195421
17f3bde5-9e00-47d0-8909-b138b266b325,0,2,7,177,2026-05-12T16:40:08.198614+00:00,order,fill,ask,,2fde9237-b790-49bb-b223-a3e8f99bb05a,e4da5453-0e94-4ba4-b1bb-3b711e2a2c8d,60.0,1.0,-1.0,0.0,,,executed,d614f3dd-0f47-4eff-9d1e-217d5c0e0192,3a8d6bef-ab93-4ab1-aabf-92156a0cf0e8,,,,,1778604008.213887
17f3bde5-9e00-47d0-8909-b138b266b325,0,2,7,178,2026-05-12T16:40:08.216952+00:00,order,fill,bid,,3a8d6bef-ab93-4ab1-aabf-92156a0cf0e8,121ddd6b-3999-4e05-a2b3-d80bdfc8efba,60.0,1.0,-1.0,0.0,,,executed,d614f3dd-0f47-4eff-9d1e-217d5c0e0192,2fde9237-b790-49bb-b223-a3e8f99bb05a,,,,,1778604008.232341
9af49dc6-a1bd-40fe-b627-4a8dbdf93e45,0,2,13,218,2026-05-12T16:40:08.882878+00:00,trade,trade,ask,S,,,112.9,1.0,,,,,,fc7869f1-6922-4621-ba68-40e2fe919e80,,e1b0f6b2-6a5c-4552-92c1-b1eed7bb1c09,52d49599-b115-47fe-9c25-5f0e2b17f783,8199026d-b134-4c9c-8eb9-35b39d3ff423,65041421-bea3-4034-ae77-04f68c6e46fc,1778604008.899989
9af49dc6-a1bd-40fe-b627-4a8dbdf93e45,0,2,13,219,2026-05-12T16:40:08.903057+00:00,order,fill,ask,,52d49599-b115-47fe-9c25-5f0e2b17f783,65041421-bea3-4034-ae77-04f68c6e46fc,112.9,1.0,-1.0,0.0,,,executed,fc7869f1-6922-4621-ba68-40e2fe919e80,e1b0f6b2-6a5c-4552-92c1-b1eed7bb1c09,,,,,1778604008.919034
9af49dc6-a1bd-40fe-b627-4a8dbdf93e45,0,2,13,220,2026-05-12T16:40:08.921979+00:00,order,fill,bid,,e1b0f6b2-6a5c-4552-92c1-b1eed7bb1c09,8199026d-b134-4c9c-8eb9-35b39d3ff423,112.9,1.0,-1.0,0.0,,,executed,fc7869f1-6922-4621-ba68-40e2fe919e80,52d49599-b115-47fe-9c25-5f0e2b17f783,,,,,1778604008.93786
17f3bde5-9e00-47d0-8909-b138b266b325,0,2,7,179,2026-05-12T16:40:09.327550+00:00,order,add,bid,,6469c669-a164-4a38-a283-04fcb1cce396,1fee9bd8-a0b5-414d-b996-84be8a4a131f,30.0,1.0,1.0,1.0,2,2.0,active,,,,,,,1778604009.344578
17f3bde5-9e00-47d0-8909-b138b266b325,0,2,7,180,2026-05-12T16:40:12.110971+00:00,order,add,bid,,4a80d9ea-8031-485d-9679-b6647eedf23c,c5382ee4-bd5b-45e4-8232-55a805c489d8,50.0,1.0,1.0,1.0,1,1.0,active,,,,,,,1778604012.1287
9af49dc6-a1bd-40fe-b627-4a8dbdf93e45,0,2,13,221,2026-05-12T16:40:13.438110+00:00,order,add,ask,,5b575088-0623-4af3-9d5c-46a6d8039217,a97c9f1c-5c51-47a6-b087-fa652e7a6e31,113.0,1.0,1.0,1.0,2,2.0,active,,,,,,,1778604013.455537
17f3bde5-9e00-47d0-8909-b138b266b325,0,2,7,181,2026-05-12T16:40:15.568686+00:00,order,add,ask,,3057e778-262f-4fae-8023-fc935216272d,8097813e-2f6f-40a4-be05-70c6d8d3bca7,86.0,1.0,1.0,1.0,1,1.0,active,,,,,,,1778604015.585734
9af49dc6-a1bd-40fe-b627-4a8dbdf93e45,0,2,13,222,2026-05-12T16:40:16.595315+00:00,trade,trade,bid,B,,,113.0,1.0,,,,,,72ef921e-dd61-42c3-9a10-b0b4d11b2bd3,,c147adcc-4478-4584-92f8-9b8a696ee6d2,f11caa02-9253-4dff-b5d5-6efe5cdb183c,65041421-bea3-4034-ae77-04f68c6e46fc,8199026d-b134-4c9c-8eb9-35b39d3ff423,1778604016.612503
9af49dc6-a1bd-40fe-b627-4a8dbdf93e45,0,2,13,223,2026-05-12T16:40:16.616200+00:00,order,fill,ask,,f11caa02-9253-4dff-b5d5-6efe5cdb183c,8199026d-b134-4c9c-8eb9-35b39d3ff423,113.0,1.0,-1.0,0.0,,,executed,72ef921e-dd61-42c3-9a10-b0b4d11b2bd3,c147adcc-4478-4584-92f8-9b8a696ee6d2,,,,,1778604016.632789
9af49dc6-a1bd-40fe-b627-4a8dbdf93e45,0,2,13,224,2026-05-12T16:40:16.636280+00:00,order,fill,bid,,c147adcc-4478-4584-92f8-9b8a696ee6d2,65041421-bea3-4034-ae77-04f68c6e46fc,113.0,1.0,-1.0,0.0,,,executed,72ef921e-dd61-42c3-9a10-b0b4d11b2bd3,f11caa02-9253-4dff-b5d5-6efe5cdb183c,,,,,1778604016.651877
17f3bde5-9e00-47d0-8909-b138b266b325,0,2,7,182,2026-05-12T16:40:17.912799+00:00,trade,trade,bid,B,,,68.0,1.0,,,,,,bd43c8d4-9301-4062-a754-ac54b5358dd0,,317c4203-2805-4d7b-8998-46b720a62bd0,ad8921c6-bf84-43f3-8ec0-6f3e5f99576d,1fee9bd8-a0b5-414d-b996-84be8a4a131f,e4da5453-0e94-4ba4-b1bb-3b711e2a2c8d,1778604017.929908
17f3bde5-9e00-47d0-8909-b138b266b325,0,2,7,183,2026-05-12T16:40:17.933513+00:00,order,fill,ask,,ad8921c6-bf84-43f3-8ec0-6f3e5f99576d,e4da5453-0e94-4ba4-b1bb-3b711e2a2c8d,68.0,1.0,-1.0,0.0,,,executed,bd43c8d4-9301-4062-a754-ac54b5358dd0,317c4203-2805-4d7b-8998-46b720a62bd0,,,,,1778604017.949604
17f3bde5-9e00-47d0-8909-b138b266b325,0,2,7,184,2026-05-12T16:40:17.953157+00:00,order,fill,bid,,317c4203-2805-4d7b-8998-46b720a62bd0,1fee9bd8-a0b5-414d-b996-84be8a4a131f,68.0,1.0,-1.0,0.0,,,executed,bd43c8d4-9301-4062-a754-ac54b5358dd0,ad8921c6-bf84-43f3-8ec0-6f3e5f99576d,,,,,1778604017.968111
a5f35780-eeec-48f3-bd11-2a02633bc450,0,2,8,252,2026-05-12T16:40:18.007109+00:00,order,cancel,ask,,734f5cba-f6f3-4cb2-b4db-03ef067c4d76,6a27507f-b151-4a9f-b11f-d433b22aeb62,58.0,1.0,-1.0,0.0,,,cancelled,,,,,,,1778604018.023098
a5f35780-eeec-48f3-bd11-2a02633bc450,0,2,8,253,2026-05-12T16:40:18.067655+00:00,order,cancel,ask,,7ac9b6bd-0d76-4ec0-ac65-5f4a089a3026,6a27507f-b151-4a9f-b11f-d433b22aeb62,58.0,1.0,-1.0,0.0,,,cancelled,,,,,,,1778604018.083195
a5f35780-eeec-48f3-bd11-2a02633bc450,0,2,9,254,2026-05-12T16:40:18.601812+00:00,order,add,ask,,44b33a3f-2e36-4810-995b-617c5311f55c,7263bda7-ce07-4527-829d-593539f9496a,100.0,1.0,1.0,1.0,1,1.0,active,,,,,,,1778604018.619194
a5f35780-eeec-48f3-bd11-2a02633bc450,0,2,8,255,2026-05-12T16:40:18.666667+00:00,order,cancel,bid,,9d2d6a9d-f451-46a8-9522-316fe17a3b46,d896d1d1-903a-4faf-af2e-bda1e25a47cc,48.5,1.0,-1.0,0.0,,,cancelled,,,,,,,1778604018.683651
a5f35780-eeec-48f3-bd11-2a02633bc450,0,2,9,256,2026-05-12T16:40:23.307631+00:00,order,add,ask,,6d423e89-5fa8-4f5c-846a-6c6f7622ed98,3f3f926c-76bd-44db-b2dc-3e8e8ddbccb6,55.5,1.0,1.0,1.0,1,1.0,active,,,,,,,1778604023.324929
17f3bde5-9e00-47d0-8909-b138b266b325,0,2,7,185,2026-05-12T16:40:23.383985+00:00,trade,trade,bid,B,,,75.0,1.0,,,,,,4aa2e8bf-d541-4a78-9546-d741941589ad,,752d6c38-906a-4aa2-9d59-7e34e7090319,5c9271ed-a208-4f5b-b24f-1daf63cc9528,1fee9bd8-a0b5-414d-b996-84be8a4a131f,e4da5453-0e94-4ba4-b1bb-3b711e2a2c8d,1778604023.400165
17f3bde5-9e00-47d0-8909-b138b266b325,0,2,7,186,2026-05-12T16:40:23.403770+00:00,order,fill,ask,,5c9271ed-a208-4f5b-b24f-1daf63cc9528,e4da5453-0e94-4ba4-b1bb-3b711e2a2c8d,75.0,1.0,-1.0,0.0,,,executed,4aa2e8bf-d541-4a78-9546-d741941589ad,752d6c38-906a-4aa2-9d59-7e34e7090319,,,,,1778604023.419955
17f3bde5-9e00-47d0-8909-b138b266b325,0,2,7,187,2026-05-12T16:40:23.423189+00:00,order,fill,bid,,752d6c38-906a-4aa2-9d59-7e34e7090319,1fee9bd8-a0b5-414d-b996-84be8a4a131f,75.0,1.0,-1.0,0.0,,,executed,4aa2e8bf-d541-4a78-9546-d741941589ad,5c9271ed-a208-4f5b-b24f-1daf63cc9528,,,,,1778604023.437924
a5f35780-eeec-48f3-bd11-2a02633bc450,0,2,8,257,2026-05-12T16:40:24.105881+00:00,order,cancel,bid,,f80cfef5-f132-43e3-8671-471261a7884d,7263bda7-ce07-4527-829d-593539f9496a,46.0,1.0,-1.0,0.0,,,cancelled,,,,,,,1778604024.122346
a5f35780-eeec-48f3-bd11-2a02633bc450,0,2,9,258,2026-05-12T16:40:24.595819+00:00,trade,trade,ask,S,,,45.0,1.0,,,,,,8017797b-4216-4703-be02-4ff972c8bbdc,,2b2980eb-0096-4068-823f-c24ae9d9ebfb,e0760ef4-764d-41af-8b33-0bced3e43a3d,d896d1d1-903a-4faf-af2e-bda1e25a47cc,6a27507f-b151-4a9f-b11f-d433b22aeb62,1778604024.612561
a5f35780-eeec-48f3-bd11-2a02633bc450,0,2,9,259,2026-05-12T16:40:24.616092+00:00,order,fill,ask,,e0760ef4-764d-41af-8b33-0bced3e43a3d,6a27507f-b151-4a9f-b11f-d433b22aeb62,45.0,1.0,-1.0,0.0,,,executed,8017797b-4216-4703-be02-4ff972c8bbdc,2b2980eb-0096-4068-823f-c24ae9d9ebfb,,,,,1778604024.632765
a5f35780-eeec-48f3-bd11-2a02633bc450,0,2,9,260,2026-05-12T16:40:24.636153+00:00,order,fill,bid,,2b2980eb-0096-4068-823f-c24ae9d9ebfb,d896d1d1-903a-4faf-af2e-bda1e25a47cc,45.0,1.0,-1.0,0.0,,,executed,8017797b-4216-4703-be02-4ff972c8bbdc,e0760ef4-764d-41af-8b33-0bced3e43a3d,,,,,1778604024.651996
9af49dc6-a1bd-40fe-b627-4a8dbdf93e45,0,2,13,225,2026-05-12T16:40:24.754873+00:00,order,cancel,ask,,5b575088-0623-4af3-9d5c-46a6d8039217,a97c9f1c-5c51-47a6-b087-fa652e7a6e31,113.0,1.0,-1.0,0.0,,,cancelled,,,,,,,1778604024.771146
a5f35780-eeec-48f3-bd11-2a02633bc450,0,2,9,261,2026-05-12T16:40:25.594757+00:00,order,add,ask,,bb7ba19d-95b0-45a8-9e04-948aa02d5fba,d896d1d1-903a-4faf-af2e-bda1e25a47cc,55.0,1.0,1.0,1.0,1,1.0,active,,,,,,,1778604025.611493
9af49dc6-a1bd-40fe-b627-4a8dbdf93e45,0,2,13,226,2026-05-12T16:40:26.448797+00:00,order,add,ask,,57d23198-56fe-4a98-b808-ebe07bfb398d,8199026d-b134-4c9c-8eb9-35b39d3ff423,112.98,1.0,1.0,1.0,1,1.0,active,,,,,,,1778604026.466258
a5f35780-eeec-48f3-bd11-2a02633bc450,0,2,9,262,2026-05-12T16:40:28.755454+00:00,order,add,ask,,0d4d5112-d1c5-4580-bd43-78473af2bd86,6a27507f-b151-4a9f-b11f-d433b22aeb62,45.0,1.0,1.0,1.0,1,1.0,active,,,,,,,1778604028.772699
9af49dc6-a1bd-40fe-b627-4a8dbdf93e45,0,2,13,227,2026-05-12T16:40:28.975813+00:00,order,add,ask,,8816b08b-4235-42ff-a386-68c20493d64b,8199026d-b134-4c9c-8eb9-35b39d3ff423,113.04,1.0,1.0,1.0,1,1.0,active,,,,,,,1778604028.992072
17f3bde5-9e00-47d0-8909-b138b266b325,0,2,7,188,2026-05-12T16:40:29.045360+00:00,order,add,bid,,859ff244-06ff-4a50-8758-bda3daa92f4e,e4da5453-0e94-4ba4-b1bb-3b711e2a2c8d,48.0,1.0,1.0,1.0,1,1.0,active,,,,,,,1778604029.062344
17f3bde5-9e00-47d0-8909-b138b266b325,0,2,7,189,2026-05-12T16:40:29.616411+00:00,trade,trade,bid,B,,,79.0,1.0,,,,,,ea0b85bf-98b5-46f5-b50c-438f32e70a0f,,260e1ca5-dda0-4f6f-8fcd-dfd287bf094c,2a45459f-af80-4724-8ea2-fdf52019bb45,1fee9bd8-a0b5-414d-b996-84be8a4a131f,8097813e-2f6f-40a4-be05-70c6d8d3bca7,1778604029.633151
17f3bde5-9e00-47d0-8909-b138b266b325,0,2,7,190,2026-05-12T16:40:29.636430+00:00,order,fill,ask,,2a45459f-af80-4724-8ea2-fdf52019bb45,8097813e-2f6f-40a4-be05-70c6d8d3bca7,79.0,1.0,-1.0,0.0,,,executed,ea0b85bf-98b5-46f5-b50c-438f32e70a0f,260e1ca5-dda0-4f6f-8fcd-dfd287bf094c,,,,,1778604029.651995
17f3bde5-9e00-47d0-8909-b138b266b325,0,2,7,191,2026-05-12T16:40:29.654876+00:00,order,fill,bid,,260e1ca5-dda0-4f6f-8fcd-dfd287bf094c,1fee9bd8-a0b5-414d-b996-84be8a4a131f,79.0,1.0,-1.0,0.0,,,executed,ea0b85bf-98b5-46f5-b50c-438f32e70a0f,2a45459f-af80-4724-8ea2-fdf52019bb45,,,,,1778604029.67014
9af49dc6-a1bd-40fe-b627-4a8dbdf93e45,0,2,13,228,2026-05-12T16:40:30.194803+00:00,trade,trade,bid,B,,,112.98,1.0,,,,,,b57fc547-8d11-4005-9959-4aa7c5e45f0d,,31d4f8da-4a6e-4db8-aaae-d09d0d0560d9,57d23198-56fe-4a98-b808-ebe07bfb398d,65041421-bea3-4034-ae77-04f68c6e46fc,8199026d-b134-4c9c-8eb9-35b39d3ff423,1778604030.210732
9af49dc6-a1bd-40fe-b627-4a8dbdf93e45,0,2,13,229,2026-05-12T16:40:30.214036+00:00,order,fill,ask,,57d23198-56fe-4a98-b808-ebe07bfb398d,8199026d-b134-4c9c-8eb9-35b39d3ff423,112.98,1.0,-1.0,0.0,,,executed,b57fc547-8d11-4005-9959-4aa7c5e45f0d,31d4f8da-4a6e-4db8-aaae-d09d0d0560d9,,,,,1778604030.230666
9af49dc6-a1bd-40fe-b627-4a8dbdf93e45,0,2,13,230,2026-05-12T16:40:30.234314+00:00,order,fill,bid,,31d4f8da-4a6e-4db8-aaae-d09d0d0560d9,65041421-bea3-4034-ae77-04f68c6e46fc,112.98,1.0,-1.0,0.0,,,executed,b57fc547-8d11-4005-9959-4aa7c5e45f0d,57d23198-56fe-4a98-b808-ebe07bfb398d,,,,,1778604030.252503
a5f35780-eeec-48f3-bd11-2a02633bc450,0,2,8,263,2026-05-12T16:40:30.802946+00:00,order,cancel,ask,,fde733af-a8a1-480a-8543-b019a53dc833,14a8161a-9d15-4590-8e4a-d60fa690d14e,57.0,1.0,-1.0,0.0,,,cancelled,,,,,,,1778604030.818951
a5f35780-eeec-48f3-bd11-2a02633bc450,0,2,9,264,2026-05-12T16:40:30.962523+00:00,trade,trade,bid,B,,,45.0,1.0,,,,,,630dc610-d4e4-4e21-a535-f6079ec78c3a,,9863c81e-8054-4521-9955-799d697495e3,0d4d5112-d1c5-4580-bd43-78473af2bd86,7263bda7-ce07-4527-829d-593539f9496a,6a27507f-b151-4a9f-b11f-d433b22aeb62,1778604030.977978
a5f35780-eeec-48f3-bd11-2a02633bc450,0,2,9,265,2026-05-12T16:40:30.980880+00:00,order,fill,ask,,0d4d5112-d1c5-4580-bd43-78473af2bd86,6a27507f-b151-4a9f-b11f-d433b22aeb62,45.0,1.0,-1.0,0.0,,,executed,630dc610-d4e4-4e21-a535-f6079ec78c3a,9863c81e-8054-4521-9955-799d697495e3,,,,,1778604030.995718
a5f35780-eeec-48f3-bd11-2a02633bc450,0,2,9,266,2026-05-12T16:40:30.998506+00:00,order,fill,bid,,9863c81e-8054-4521-9955-799d697495e3,7263bda7-ce07-4527-829d-593539f9496a,55.0,1.0,-1.0,0.0,,,executed,630dc610-d4e4-4e21-a535-f6079ec78c3a,0d4d5112-d1c5-4580-bd43-78473af2bd86,,,,,1778604031.01341
9af49dc6-a1bd-40fe-b627-4a8dbdf93e45,0,2,13,231,2026-05-12T16:40:31.124070+00:00,order,add,ask,,5989c8b6-ce5e-4c35-9614-b63a4b5e86c0,a97c9f1c-5c51-47a6-b087-fa652e7a6e31,113.0,1.0,1.0,1.0,1,1.0,active,,,,,,,1778604031.140122
9af49dc6-a1bd-40fe-b627-4a8dbdf93e45,0,2,9,232,2026-05-12T16:40:32.539397+00:00,order,cancel,bid,,0600e316-59d8-4f9b-bde7-6ae80e1402bf,65041421-bea3-4034-ae77-04f68c6e46fc,112.88,1.0,-1.0,0.0,,,cancelled,,,,,,,1778604032.555975
9af49dc6-a1bd-40fe-b627-4a8dbdf93e45,0,2,13,233,2026-05-12T16:40:33.707442+00:00,order,add,bid,,efcf7566-b4e3-4195-a522-b4e21d4935fe,65041421-bea3-4034-ae77-04f68c6e46fc,112.93,1.0,1.0,1.0,1,1.0,active,,,,,,,1778604033.723499
a5f35780-eeec-48f3-bd11-2a02633bc450,0,2,9,267,2026-05-12T16:40:34.761515+00:00,order,add,ask,,a054f922-9da0-4e0b-90d6-c58fda3ff524,b051dea2-10fd-492e-a16a-123e7f6bc6ac,45.0,1.0,1.0,1.0,1,1.0,active,,,,,,,1778604034.777337
a5f35780-eeec-48f3-bd11-2a02633bc450,0,2,9,268,2026-05-12T16:40:34.907602+00:00,order,add,ask,,68863d74-bed2-44f9-beb8-734d939ae24b,6a27507f-b151-4a9f-b11f-d433b22aeb62,46.0,1.0,1.0,1.0,1,1.0,active,,,,,,,1778604034.926778
a5f35780-eeec-48f3-bd11-2a02633bc450,0,2,9,269,2026-05-12T16:40:35.755139+00:00,trade,trade,bid,B,,,45.0,1.0,,,,,,3caaa84d-8d34-48b0-881e-443ae9b0d95d,,e3b8528c-bf11-4394-8ac7-2f28e95e13eb,a054f922-9da0-4e0b-90d6-c58fda3ff524,d896d1d1-903a-4faf-af2e-bda1e25a47cc,b051dea2-10fd-492e-a16a-123e7f6bc6ac,1778604035.770962
a5f35780-eeec-48f3-bd11-2a02633bc450,0,2,9,270,2026-05-12T16:40:35.774257+00:00,order,fill,ask,,a054f922-9da0-4e0b-90d6-c58fda3ff524,b051dea2-10fd-492e-a16a-123e7f6bc6ac,45.0,1.0,-1.0,0.0,,,executed,3caaa84d-8d34-48b0-881e-443ae9b0d95d,e3b8528c-bf11-4394-8ac7-2f28e95e13eb,,,,,1778604035.790563
a5f35780-eeec-48f3-bd11-2a02633bc450,0,2,9,271,2026-05-12T16:40:35.793507+00:00,order,fill,bid,,e3b8528c-bf11-4394-8ac7-2f28e95e13eb,d896d1d1-903a-4faf-af2e-bda1e25a47cc,45.0,1.0,-1.0,0.0,,,executed,3caaa84d-8d34-48b0-881e-443ae9b0d95d,a054f922-9da0-4e0b-90d6-c58fda3ff524,,,,,1778604035.808738
a5f35780-eeec-48f3-bd11-2a02633bc450,0,2,9,272,2026-05-12T16:40:37.338137+00:00,order,add,ask,,07e10277-1162-4d24-bdda-378a53d8953f,7263bda7-ce07-4527-829d-593539f9496a,55.0,1.0,1.0,1.0,2,2.0,active,,,,,,,1778604037.354697
a5f35780-eeec-48f3-bd11-2a02633bc450,0,2,9,273,2026-05-12T16:40:38.316632+00:00,trade,trade,bid,B,,,46.0,1.0,,,,,,f66f5dd0-3b06-4712-8840-4d9f4cddfeac,,17f42360-acf0-49bb-ba3a-bce3809e90ff,68863d74-bed2-44f9-beb8-734d939ae24b,3f3f926c-76bd-44db-b2dc-3e8e8ddbccb6,6a27507f-b151-4a9f-b11f-d433b22aeb62,1778604038.333334
a5f35780-eeec-48f3-bd11-2a02633bc450,0,2,9,274,2026-05-12T16:40:38.336517+00:00,order,fill,ask,,68863d74-bed2-44f9-beb8-734d939ae24b,6a27507f-b151-4a9f-b11f-d433b22aeb62,46.0,1.0,-1.0,0.0,,,executed,f66f5dd0-3b06-4712-8840-4d9f4cddfeac,17f42360-acf0-49bb-ba3a-bce3809e90ff,,,,,1778604038.352387
a5f35780-eeec-48f3-bd11-2a02633bc450,0,2,9,275,2026-05-12T16:40:38.355176+00:00,order,fill,bid,,17f42360-acf0-49bb-ba3a-bce3809e90ff,3f3f926c-76bd-44db-b2dc-3e8e8ddbccb6,46.0,1.0,-1.0,0.0,,,executed,f66f5dd0-3b06-4712-8840-4d9f4cddfeac,68863d74-bed2-44f9-beb8-734d939ae24b,,,,,1778604038.37079
a5f35780-eeec-48f3-bd11-2a02633bc450,0,2,9,276,2026-05-12T16:40:38.442504+00:00,order,add,bid,,b81ca34a-e077-486e-9af8-ec3a7761bc7f,d896d1d1-903a-4faf-af2e-bda1e25a47cc,42.5,1.0,1.0,1.0,1,1.0,active,,,,,,,1778604038.457786
9af49dc6-a1bd-40fe-b627-4a8dbdf93e45,0,2,13,234,2026-05-12T16:40:39.449624+00:00,order,add,ask,,28653012-8893-41d9-894f-04a58e3c7dbb,8199026d-b134-4c9c-8eb9-35b39d3ff423,112.98,1.0,1.0,1.0,1,1.0,active,,,,,,,1778604039.465327
a5f35780-eeec-48f3-bd11-2a02633bc450,0,2,9,277,2026-05-12T16:40:39.842350+00:00,order,add,ask,,000365a8-1f3f-465e-a5f8-79adf70cb4b0,7263bda7-ce07-4527-829d-593539f9496a,55.0,1.0,1.0,1.0,3,3.0,active,,,,,,,1778604039.858859
a5f35780-eeec-48f3-bd11-2a02633bc450,0,2,9,278,2026-05-12T16:40:41.976670+00:00,order,add,ask,,4a4e2c4f-79f7-479c-9109-8e024b6c9ee3,14a8161a-9d15-4590-8e4a-d60fa690d14e,50.0,1.0,1.0,1.0,1,1.0,active,,,,,,,1778604041.992081
a5f35780-eeec-48f3-bd11-2a02633bc450,0,2,9,279,2026-05-12T16:40:44.555397+00:00,order,add,ask,,f4ebff04-f998-4caf-abe5-bafc5e0503ac,3f3f926c-76bd-44db-b2dc-3e8e8ddbccb6,49.5,1.0,1.0,1.0,1,1.0,active,,,,,,,1778604044.571353
9af49dc6-a1bd-40fe-b627-4a8dbdf93e45,0,2,13,235,2026-05-12T16:40:44.824799+00:00,order,add,ask,,17384ec0-00bb-4734-9fee-4e38307ef92e,a97c9f1c-5c51-47a6-b087-fa652e7a6e31,113.0,1.0,1.0,1.0,2,2.0,active,,,,,,,1778604044.84171
17f3bde5-9e00-47d0-8909-b138b266b325,0,2,7,192,2026-05-12T16:40:48.799304+00:00,order,cancel,bid,,4a80d9ea-8031-485d-9679-b6647eedf23c,c5382ee4-bd5b-45e4-8232-55a805c489d8,50.0,1.0,-1.0,0.0,,,cancelled,,,,,,,1778604048.816007
9af49dc6-a1bd-40fe-b627-4a8dbdf93e45,0,2,13,236,2026-05-12T16:40:49.098773+00:00,order,add,bid,,da9a16d1-c76f-4a4c-8b39-337826441d6e,65041421-bea3-4034-ae77-04f68c6e46fc,112.75,1.0,1.0,1.0,1,1.0,active,,,,,,,1778604049.114278
a5f35780-eeec-48f3-bd11-2a02633bc450,0,2,9,280,2026-05-12T16:40:49.505749+00:00,order,add,bid,,23c5d703-3133-4276-b873-e2d46e32f02b,d896d1d1-903a-4faf-af2e-bda1e25a47cc,44.0,1.0,1.0,1.0,1,1.0,active,,,,,,,1778604049.522542
a5f35780-eeec-48f3-bd11-2a02633bc450,0,2,9,281,2026-05-12T16:40:49.569574+00:00,order,add,bid,,c37762e9-70f6-4349-be33-b03cf392e737,7263bda7-ce07-4527-829d-593539f9496a,42.0,1.0,1.0,1.0,1,1.0,active,,,,,,,1778604049.585371
17f3bde5-9e00-47d0-8909-b138b266b325,0,2,8,193,2026-05-12T16:40:50.176876+00:00,trade,trade,bid,B,,,79.0,1.0,,,,,,822d73e6-7a71-44ef-ba01-39ad298a0a38,,4ae001a5-9166-4078-8e49-168a3ec967b5,f8f2959b-fcd0-4652-98a7-6ca67237f037,1fee9bd8-a0b5-414d-b996-84be8a4a131f,8097813e-2f6f-40a4-be05-70c6d8d3bca7,1778604050.192947
17f3bde5-9e00-47d0-8909-b138b266b325,0,2,8,194,2026-05-12T16:40:50.196140+00:00,order,fill,ask,,f8f2959b-fcd0-4652-98a7-6ca67237f037,8097813e-2f6f-40a4-be05-70c6d8d3bca7,79.0,1.0,-1.0,0.0,,,executed,822d73e6-7a71-44ef-ba01-39ad298a0a38,4ae001a5-9166-4078-8e49-168a3ec967b5,,,,,1778604050.210604
17f3bde5-9e00-47d0-8909-b138b266b325,0,2,8,195,2026-05-12T16:40:50.213515+00:00,order,fill,bid,,4ae001a5-9166-4078-8e49-168a3ec967b5,1fee9bd8-a0b5-414d-b996-84be8a4a131f,79.0,1.0,-1.0,0.0,,,executed,822d73e6-7a71-44ef-ba01-39ad298a0a38,f8f2959b-fcd0-4652-98a7-6ca67237f037,,,,,1778604050.228218
9af49dc6-a1bd-40fe-b627-4a8dbdf93e45,0,2,13,237,2026-05-12T16:40:50.507985+00:00,order,cancel,bid,,da9a16d1-c76f-4a4c-8b39-337826441d6e,65041421-bea3-4034-ae77-04f68c6e46fc,112.75,1.0,-1.0,0.0,,,cancelled,,,,,,,1778604050.524164
a5f35780-eeec-48f3-bd11-2a02633bc450,0,2,9,282,2026-05-12T16:40:51.121604+00:00,order,add,ask,,2a03eaa3-d806-4bee-9569-24f08906b48d,14a8161a-9d15-4590-8e4a-d60fa690d14e,48.75,1.0,1.0,1.0,1,1.0,active,,,,,,,1778604051.138312
a5f35780-eeec-48f3-bd11-2a02633bc450,0,2,9,283,2026-05-12T16:40:52.744091+00:00,order,add,ask,,4bf99300-a551-48f2-a90a-5f7e7a2a1078,b051dea2-10fd-492e-a16a-123e7f6bc6ac,50.0,1.0,1.0,1.0,2,2.0,active,,,,,,,1778604052.759603
a5f35780-eeec-48f3-bd11-2a02633bc450,0,2,9,284,2026-05-12T16:40:53.659476+00:00,order,add,bid,,aaa1fad2-d4f1-4028-bfa4-3a9f4506036e,3f3f926c-76bd-44db-b2dc-3e8e8ddbccb6,44.5,1.0,1.0,1.0,1,1.0,active,,,,,,,1778604053.676608
a5f35780-eeec-48f3-bd11-2a02633bc450,0,2,9,285,2026-05-12T16:40:56.693674+00:00,order,add,ask,,e2c06f50-69c6-4268-8bb1-4929ae739002,6a27507f-b151-4a9f-b11f-d433b22aeb62,47.0,1.0,1.0,1.0,1,1.0,active,,,,,,,1778604056.710137
17f3bde5-9e00-47d0-8909-b138b266b325,0,2,8,196,2026-05-12T16:40:57.055873+00:00,order,add,bid,,02162768-a793-4b2f-95f5-a3a5872d88e9,e4da5453-0e94-4ba4-b1bb-3b711e2a2c8d,40.0,1.0,1.0,1.0,1,1.0,active,,,,,,,1778604057.072127
a5f35780-eeec-48f3-bd11-2a02633bc450,0,2,8,286,2026-05-12T16:40:57.820459+00:00,order,cancel,ask,,f1ede933-95a0-4db5-9b1b-46dbae214331,3f3f926c-76bd-44db-b2dc-3e8e8ddbccb6,59.99,1.0,-1.0,0.0,,,cancelled,,,,,,,1778604057.836142
9af49dc6-a1bd-40fe-b627-4a8dbdf93e45,0,2,13,238,2026-05-12T16:40:57.987674+00:00,order,add,bid,,7f243581-7016-4d1a-8db6-75705ff98f58,65041421-bea3-4034-ae77-04f68c6e46fc,112.96,1.0,1.0,1.0,1,1.0,active,,,,,,,1778604058.004645
9af49dc6-a1bd-40fe-b627-4a8dbdf93e45,0,2,13,239,2026-05-12T16:40:58.041940+00:00,order,add,ask,,d8266073-c18c-4c78-b26e-c3d31c37690f,8199026d-b134-4c9c-8eb9-35b39d3ff423,113.0,1.0,1.0,1.0,3,3.0,active,,,,,,,1778604058.057729
a5f35780-eeec-48f3-bd11-2a02633bc450,0,2,8,287,2026-05-12T16:40:58.180253+00:00,order,cancel,ask,,b1cc2254-c5e9-4761-872f-8d50d838ff2a,3f3f926c-76bd-44db-b2dc-3e8e8ddbccb6,57.99,1.0,-1.0,0.0,,,cancelled,,,,,,,1778604058.196857
a5f35780-eeec-48f3-bd11-2a02633bc450,0,2,9,288,2026-05-12T16:40:58.604400+00:00,order,cancel,ask,,6d423e89-5fa8-4f5c-846a-6c6f7622ed98,3f3f926c-76bd-44db-b2dc-3e8e8ddbccb6,55.5,1.0,-1.0,0.0,,,cancelled,,,,,,,1778604058.620203
17f3bde5-9e00-47d0-8909-b138b266b325,0,2,8,197,2026-05-12T16:40:58.657478+00:00,trade,trade,bid,B,,,80.0,1.0,,,,,,7498877a-d598-45c5-99dc-240c308f7367,,7e5a0983-2dc1-4b50-8647-5023088fe233,349d757e-0d17-4580-b307-ef6aa5345eab,1fee9bd8-a0b5-414d-b996-84be8a4a131f,e4da5453-0e94-4ba4-b1bb-3b711e2a2c8d,1778604058.673296
17f3bde5-9e00-47d0-8909-b138b266b325,0,2,8,198,2026-05-12T16:40:58.677288+00:00,order,fill,ask,,349d757e-0d17-4580-b307-ef6aa5345eab,e4da5453-0e94-4ba4-b1bb-3b711e2a2c8d,80.0,1.0,-1.0,0.0,,,executed,7498877a-d598-45c5-99dc-240c308f7367,7e5a0983-2dc1-4b50-8647-5023088fe233,,,,,1778604058.692183
17f3bde5-9e00-47d0-8909-b138b266b325,0,2,8,199,2026-05-12T16:40:58.695015+00:00,order,fill,bid,,7e5a0983-2dc1-4b50-8647-5023088fe233,1fee9bd8-a0b5-414d-b996-84be8a4a131f,90.0,1.0,-1.0,0.0,,,executed,7498877a-d598-45c5-99dc-240c308f7367,349d757e-0d17-4580-b307-ef6aa5345eab,,,,,1778604058.710507
a5f35780-eeec-48f3-bd11-2a02633bc450,0,2,9,289,2026-05-12T16:40:58.744683+00:00,order,add,bid,,277b9f61-b9f3-4694-981d-03225c6ff21a,7263bda7-ce07-4527-829d-593539f9496a,45.0,1.0,1.0,1.0,1,1.0,active,,,,,,,1778604058.759779
17f3bde5-9e00-47d0-8909-b138b266b325,0,2,7,200,2026-05-12T16:40:59.994067+00:00,order,cancel,bid,,6469c669-a164-4a38-a283-04fcb1cce396,1fee9bd8-a0b5-414d-b996-84be8a4a131f,30.0,1.0,-1.0,0.0,,,cancelled,,,,,,,1778604060.06031
17f3bde5-9e00-47d0-8909-b138b266b325,0,2,8,201,2026-05-12T16:41:00.113853+00:00,order,add,bid,,5c3e8bf9-51a3-4413-be63-d9c9f87af734,e4da5453-0e94-4ba4-b1bb-3b711e2a2c8d,45.0,1.0,1.0,1.0,1,1.0,active,,,,,,,1778604060.158093
17f3bde5-9e00-47d0-8909-b138b266b325,0,2,8,202,2026-05-12T16:41:01.278656+00:00,order,add,bid,,5ad78aee-982f-4ac4-9f91-d2a3c2f32a2b,c5382ee4-bd5b-45e4-8232-55a805c489d8,49.0,1.0,1.0,1.0,1,1.0,active,,,,,,,1778604061.299638
9af49dc6-a1bd-40fe-b627-4a8dbdf93e45,0,2,2,240,2026-05-12T16:41:01.505891+00:00,order,cancel,ask,,fc700a00-f5f0-43ff-801c-e4b55318a149,8199026d-b134-4c9c-8eb9-35b39d3ff423,125.0,1.0,-1.0,0.0,,,cancelled,,,,,,,1778604061.536905
17f3bde5-9e00-47d0-8909-b138b266b325,0,2,7,203,2026-05-12T16:41:01.943396+00:00,order,cancel,ask,,3057e778-262f-4fae-8023-fc935216272d,8097813e-2f6f-40a4-be05-70c6d8d3bca7,86.0,1.0,-1.0,0.0,,,cancelled,,,,,,,1778604061.970795
17f3bde5-9e00-47d0-8909-b138b266b325,0,2,8,204,2026-05-12T16:41:02.229298+00:00,order,add,bid,,847ada41-c06e-4834-9747-7a8d9a2dfd62,121ddd6b-3999-4e05-a2b3-d80bdfc8efba,50.0,1.0,1.0,1.0,1,1.0,active,,,,,,,1778604062.260251
17f3bde5-9e00-47d0-8909-b138b266b325,0,2,5,205,2026-05-12T16:41:02.696582+00:00,order,cancel,ask,,24df7e10-e553-4ed1-a658-14aacf20d73c,8097813e-2f6f-40a4-be05-70c6d8d3bca7,90.0,1.0,-1.0,0.0,,,cancelled,,,,,,,1778604062.713565
a5f35780-eeec-48f3-bd11-2a02633bc450,0,2,9,290,2026-05-12T16:41:06.242666+00:00,order,add,bid,,f9c86159-9591-4345-81c8-f0fb54c10b87,d896d1d1-903a-4faf-af2e-bda1e25a47cc,46.0,1.0,1.0,1.0,1,1.0,active,,,,,,,1778604066.258798
17f3bde5-9e00-47d0-8909-b138b266b325,0,2,8,206,2026-05-12T16:41:07.478790+00:00,order,add,bid,,a4e7b388-1904-47d0-9a8f-c9192c2ef56d,e4da5453-0e94-4ba4-b1bb-3b711e2a2c8d,58.0,1.0,1.0,1.0,1,1.0,active,,,,,,,1778604067.495332
17f3bde5-9e00-47d0-8909-b138b266b325,0,2,8,207,2026-05-12T16:41:07.584702+00:00,order,add,ask,,a847b418-df37-4059-a02c-4890772040e8,1fee9bd8-a0b5-414d-b996-84be8a4a131f,90.0,1.0,1.0,1.0,2,2.0,active,,,,,,,1778604067.600693
17f3bde5-9e00-47d0-8909-b138b266b325,0,2,8,208,2026-05-12T16:41:08.639587+00:00,order,add,bid,,e1db6ae2-fc7f-47ec-9a66-6e809202ee68,8097813e-2f6f-40a4-be05-70c6d8d3bca7,60.0,1.0,1.0,1.0,1,1.0,active,,,,,,,1778604068.656109
a5f35780-eeec-48f3-bd11-2a02633bc450,0,2,9,291,2026-05-12T16:41:09.052664+00:00,order,add,ask,,839d32f5-57b6-435f-8f61-e8a69d095a26,3f3f926c-76bd-44db-b2dc-3e8e8ddbccb6,1000.0,1.0,1.0,1.0,1,1.0,active,,,,,,,1778604069.068335
a5f35780-eeec-48f3-bd11-2a02633bc450,0,2,9,292,2026-05-12T16:41:12.072117+00:00,order,cancel,ask,,4bf99300-a551-48f2-a90a-5f7e7a2a1078,b051dea2-10fd-492e-a16a-123e7f6bc6ac,50.0,1.0,-1.0,0.0,,,cancelled,,,,,,,1778604072.088868
a5f35780-eeec-48f3-bd11-2a02633bc450,0,2,9,293,2026-05-12T16:41:12.208846+00:00,trade,trade,ask,S,,,46.0,1.0,,,,,,7091541c-b961-470d-a437-dab4d9146913,,f9c86159-9591-4345-81c8-f0fb54c10b87,f29e82bf-3683-4c08-ad3b-963a5ec1ea7f,d896d1d1-903a-4faf-af2e-bda1e25a47cc,14a8161a-9d15-4590-8e4a-d60fa690d14e,1778604072.225718
a5f35780-eeec-48f3-bd11-2a02633bc450,0,2,9,294,2026-05-12T16:41:12.229383+00:00,order,fill,ask,,f29e82bf-3683-4c08-ad3b-963a5ec1ea7f,14a8161a-9d15-4590-8e4a-d60fa690d14e,46.0,1.0,-1.0,0.0,,,executed,7091541c-b961-470d-a437-dab4d9146913,f9c86159-9591-4345-81c8-f0fb54c10b87,,,,,1778604072.244776
a5f35780-eeec-48f3-bd11-2a02633bc450,0,2,9,295,2026-05-12T16:41:12.247980+00:00,order,fill,bid,,f9c86159-9591-4345-81c8-f0fb54c10b87,d896d1d1-903a-4faf-af2e-bda1e25a47cc,46.0,1.0,-1.0,0.0,,,executed,7091541c-b961-470d-a437-dab4d9146913,f29e82bf-3683-4c08-ad3b-963a5ec1ea7f,,,,,1778604072.262997
17f3bde5-9e00-47d0-8909-b138b266b325,0,2,8,209,2026-05-12T16:41:12.720029+00:00,order,cancel,bid,,e1db6ae2-fc7f-47ec-9a66-6e809202ee68,8097813e-2f6f-40a4-be05-70c6d8d3bca7,60.0,1.0,-1.0,0.0,,,cancelled,,,,,,,1778604072.73664
17f3bde5-9e00-47d0-8909-b138b266b325,0,2,8,210,2026-05-12T16:41:13.273466+00:00,trade,trade,bid,B,,,80.0,1.0,,,,,,3c6cbba3-6f71-4297-81f5-16943c03fdf8,,9a7988d6-fa47-447e-a4d6-7a204e182420,27057ed5-7d51-4cfc-b48e-f8647b6154d2,1fee9bd8-a0b5-414d-b996-84be8a4a131f,e4da5453-0e94-4ba4-b1bb-3b711e2a2c8d,1778604073.289902
17f3bde5-9e00-47d0-8909-b138b266b325,0,2,8,211,2026-05-12T16:41:13.293386+00:00,order,fill,ask,,27057ed5-7d51-4cfc-b48e-f8647b6154d2,e4da5453-0e94-4ba4-b1bb-3b711e2a2c8d,80.0,1.0,-1.0,0.0,,,executed,3c6cbba3-6f71-4297-81f5-16943c03fdf8,9a7988d6-fa47-447e-a4d6-7a204e182420,,,,,1778604073.309521
17f3bde5-9e00-47d0-8909-b138b266b325,0,2,8,212,2026-05-12T16:41:13.312711+00:00,order,fill,bid,,9a7988d6-fa47-447e-a4d6-7a204e182420,1fee9bd8-a0b5-414d-b996-84be8a4a131f,90.0,1.0,-1.0,0.0,,,executed,3c6cbba3-6f71-4297-81f5-16943c03fdf8,27057ed5-7d51-4cfc-b48e-f8647b6154d2,,,,,1778604073.328172
17f3bde5-9e00-47d0-8909-b138b266b325,0,2,8,213,2026-05-12T16:41:13.481308+00:00,order,add,bid,,3255dd31-082d-45ad-8dd0-61d8702c9901,6eb3648e-8876-4d12-96eb-7269067415d5,30.0,1.0,1.0,1.0,2,2.0,active,,,,,,,1778604073.497797
a5f35780-eeec-48f3-bd11-2a02633bc450,0,2,9,296,2026-05-12T16:41:14.258124+00:00,trade,trade,bid,B,,,47.0,1.0,,,,,,eec0300c-6761-42c1-8af7-26f695ce99e4,,7974e463-80f2-4848-b16d-ef2d475e6a23,e2c06f50-69c6-4268-8bb1-4929ae739002,d896d1d1-903a-4faf-af2e-bda1e25a47cc,6a27507f-b151-4a9f-b11f-d433b22aeb62,1778604074.275165
a5f35780-eeec-48f3-bd11-2a02633bc450,0,2,9,297,2026-05-12T16:41:14.279120+00:00,order,fill,ask,,e2c06f50-69c6-4268-8bb1-4929ae739002,6a27507f-b151-4a9f-b11f-d433b22aeb62,47.0,1.0,-1.0,0.0,,,executed,eec0300c-6761-42c1-8af7-26f695ce99e4,7974e463-80f2-4848-b16d-ef2d475e6a23,,,,,1778604074.295591
a5f35780-eeec-48f3-bd11-2a02633bc450,0,2,9,298,2026-05-12T16:41:14.299331+00:00,order,fill,bid,,7974e463-80f2-4848-b16d-ef2d475e6a23,d896d1d1-903a-4faf-af2e-bda1e25a47cc,47.0,1.0,-1.0,0.0,,,executed,eec0300c-6761-42c1-8af7-26f695ce99e4,e2c06f50-69c6-4268-8bb1-4929ae739002,,,,,1778604074.315093
17f3bde5-9e00-47d0-8909-b138b266b325,0,2,8,214,2026-05-12T16:41:14.399791+00:00,order,add,bid,,b6187ca6-65ca-42c1-897a-540a180bc258,e4da5453-0e94-4ba4-b1bb-3b711e2a2c8d,61.0,1.0,1.0,1.0,1,1.0,active,,,,,,,1778604074.415986
a5f35780-eeec-48f3-bd11-2a02633bc450,0,2,9,299,2026-05-12T16:41:14.474409+00:00,order,add,bid,,cba4afdf-46a8-4468-be7a-3cb21c956c74,7263bda7-ce07-4527-829d-593539f9496a,46.5,1.0,1.0,1.0,1,1.0,active,,,,,,,1778604074.491378
9af49dc6-a1bd-40fe-b627-4a8dbdf93e45,0,2,13,241,2026-05-12T16:41:17.298940+00:00,order,cancel,bid,,7f243581-7016-4d1a-8db6-75705ff98f58,65041421-bea3-4034-ae77-04f68c6e46fc,112.96,1.0,-1.0,0.0,,,cancelled,,,,,,,1778604077.315744
17f3bde5-9e00-47d0-8909-b138b266b325,0,2,8,215,2026-05-12T16:41:18.599582+00:00,trade,trade,ask,S,,,61.0,1.0,,,,,,40aa5392-c82f-4162-8d65-e6389732c16e,,b6187ca6-65ca-42c1-897a-540a180bc258,af41eac9-7257-47c0-a2c2-4e2d8fe59258,e4da5453-0e94-4ba4-b1bb-3b711e2a2c8d,c5382ee4-bd5b-45e4-8232-55a805c489d8,1778604078.61598
17f3bde5-9e00-47d0-8909-b138b266b325,0,2,8,216,2026-05-12T16:41:18.619420+00:00,order,fill,ask,,af41eac9-7257-47c0-a2c2-4e2d8fe59258,c5382ee4-bd5b-45e4-8232-55a805c489d8,60.0,1.0,-1.0,0.0,,,executed,40aa5392-c82f-4162-8d65-e6389732c16e,b6187ca6-65ca-42c1-897a-540a180bc258,,,,,1778604078.634392
17f3bde5-9e00-47d0-8909-b138b266b325,0,2,8,217,2026-05-12T16:41:18.637684+00:00,order,fill,bid,,b6187ca6-65ca-42c1-897a-540a180bc258,e4da5453-0e94-4ba4-b1bb-3b711e2a2c8d,61.0,1.0,-1.0,0.0,,,executed,40aa5392-c82f-4162-8d65-e6389732c16e,af41eac9-7257-47c0-a2c2-4e2d8fe59258,,,,,1778604078.653519
17f3bde5-9e00-47d0-8909-b138b266b325,0,2,8,218,2026-05-12T16:41:20.206415+00:00,order,add,bid,,0d5d93fe-ee1f-4844-802c-e4af15de25f7,8097813e-2f6f-40a4-be05-70c6d8d3bca7,55.0,1.0,1.0,1.0,1,1.0,active,,,,,,,1778604080.22323
17f3bde5-9e00-47d0-8909-b138b266b325,0,2,8,219,2026-05-12T16:41:20.536916+00:00,trade,trade,bid,B,,,90.0,1.0,,,,,,5e229eb8-a221-4398-a20e-a82bf59d1eb0,,afcf4462-d4be-4752-8ca9-9aab2d165784,4f29f861-0072-4f68-ad0c-73336a1e0787,1fee9bd8-a0b5-414d-b996-84be8a4a131f,6eb3648e-8876-4d12-96eb-7269067415d5,1778604080.555265
17f3bde5-9e00-47d0-8909-b138b266b325,0,2,8,220,2026-05-12T16:41:20.558878+00:00,order,fill,ask,,4f29f861-0072-4f68-ad0c-73336a1e0787,6eb3648e-8876-4d12-96eb-7269067415d5,90.0,1.0,-1.0,0.0,,,executed,5e229eb8-a221-4398-a20e-a82bf59d1eb0,afcf4462-d4be-4752-8ca9-9aab2d165784,,,,,1778604080.574502
17f3bde5-9e00-47d0-8909-b138b266b325,0,2,8,221,2026-05-12T16:41:20.577867+00:00,order,fill,bid,,afcf4462-d4be-4752-8ca9-9aab2d165784,1fee9bd8-a0b5-414d-b996-84be8a4a131f,90.0,1.0,-1.0,0.0,,,executed,5e229eb8-a221-4398-a20e-a82bf59d1eb0,4f29f861-0072-4f68-ad0c-73336a1e0787,,,,,1778604080.594535
9af49dc6-a1bd-40fe-b627-4a8dbdf93e45,0,2,14,242,2026-05-12T16:41:23.000446+00:00,trade,trade,bid,B,,,112.98,1.0,,,,,,642f122a-acda-47ec-aab6-c23196551764,,c9e38ff9-774a-44d0-aa1f-b1684a948933,28653012-8893-41d9-894f-04a58e3c7dbb,a97c9f1c-5c51-47a6-b087-fa652e7a6e31,8199026d-b134-4c9c-8eb9-35b39d3ff423,1778604083.017176
9af49dc6-a1bd-40fe-b627-4a8dbdf93e45,0,2,14,243,2026-05-12T16:41:23.020555+00:00,order,fill,ask,,28653012-8893-41d9-894f-04a58e3c7dbb,8199026d-b134-4c9c-8eb9-35b39d3ff423,112.98,1.0,-1.0,0.0,,,executed,642f122a-acda-47ec-aab6-c23196551764,c9e38ff9-774a-44d0-aa1f-b1684a948933,,,,,1778604083.035686
9af49dc6-a1bd-40fe-b627-4a8dbdf93e45,0,2,14,244,2026-05-12T16:41:23.038864+00:00,order,fill,bid,,c9e38ff9-774a-44d0-aa1f-b1684a948933,a97c9f1c-5c51-47a6-b087-fa652e7a6e31,113.0,1.0,-1.0,0.0,,,executed,642f122a-acda-47ec-aab6-c23196551764,28653012-8893-41d9-894f-04a58e3c7dbb,,,,,1778604083.05422
17f3bde5-9e00-47d0-8909-b138b266b325,0,2,8,222,2026-05-12T16:41:23.094348+00:00,order,add,bid,,60369fdd-69f7-472b-86d5-e62084672e9a,e4da5453-0e94-4ba4-b1bb-3b711e2a2c8d,60.0,1.0,1.0,1.0,1,1.0,active,,,,,,,1778604083.111769
9af49dc6-a1bd-40fe-b627-4a8dbdf93e45,0,2,13,245,2026-05-12T16:41:23.743570+00:00,order,cancel,ask,,5989c8b6-ce5e-4c35-9614-b63a4b5e86c0,a97c9f1c-5c51-47a6-b087-fa652e7a6e31,113.0,1.0,-1.0,0.0,,,cancelled,,,,,,,1778604083.759616
9af49dc6-a1bd-40fe-b627-4a8dbdf93e45,0,2,14,246,2026-05-12T16:41:24.805912+00:00,order,add,ask,,7fccc545-debe-4e5b-b0f0-f2a805aa0749,a97c9f1c-5c51-47a6-b087-fa652e7a6e31,113.0,1.0,1.0,1.0,3,3.0,active,,,,,,,1778604084.822897
9af49dc6-a1bd-40fe-b627-4a8dbdf93e45,0,2,14,247,2026-05-12T16:41:25.649530+00:00,order,add,ask,,95efef6b-a1b1-42d5-b0cc-5a427104d01f,65041421-bea3-4034-ae77-04f68c6e46fc,113.97,1.0,1.0,1.0,1,1.0,active,,,,,,,1778604085.669254
17f3bde5-9e00-47d0-8909-b138b266b325,0,2,8,223,2026-05-12T16:41:26.425226+00:00,order,add,ask,,184ee14f-5aa5-495d-84ed-cd8eb4763369,1fee9bd8-a0b5-414d-b996-84be8a4a131f,100.0,1.0,1.0,1.0,4,4.0,active,,,,,,,1778604086.442553
9af49dc6-a1bd-40fe-b627-4a8dbdf93e45,0,2,14,248,2026-05-12T16:41:26.987421+00:00,order,cancel,ask,,95efef6b-a1b1-42d5-b0cc-5a427104d01f,65041421-bea3-4034-ae77-04f68c6e46fc,113.97,1.0,-1.0,0.0,,,cancelled,,,,,,,1778604087.004496
9af49dc6-a1bd-40fe-b627-4a8dbdf93e45,0,2,14,249,2026-05-12T16:41:27.912676+00:00,order,add,bid,,a9c64641-1840-49a3-98a4-5d1107c0f975,8199026d-b134-4c9c-8eb9-35b39d3ff423,112.9,1.0,1.0,1.0,1,1.0,active,,,,,,,1778604087.928737
17f3bde5-9e00-47d0-8909-b138b266b325,0,2,8,224,2026-05-12T16:41:28.545124+00:00,trade,trade,ask,S,,,60.0,1.0,,,,,,5e639931-556f-4e33-844c-98079e57485b,,60369fdd-69f7-472b-86d5-e62084672e9a,996ccd31-6d32-491c-9d68-6b7aa2ae212c,e4da5453-0e94-4ba4-b1bb-3b711e2a2c8d,c5382ee4-bd5b-45e4-8232-55a805c489d8,1778604088.561672
17f3bde5-9e00-47d0-8909-b138b266b325,0,2,8,225,2026-05-12T16:41:28.564816+00:00,order,fill,ask,,996ccd31-6d32-491c-9d68-6b7aa2ae212c,c5382ee4-bd5b-45e4-8232-55a805c489d8,60.0,1.0,-1.0,0.0,,,executed,5e639931-556f-4e33-844c-98079e57485b,60369fdd-69f7-472b-86d5-e62084672e9a,,,,,1778604088.581186
17f3bde5-9e00-47d0-8909-b138b266b325,0,2,8,226,2026-05-12T16:41:28.584235+00:00,order,fill,bid,,60369fdd-69f7-472b-86d5-e62084672e9a,e4da5453-0e94-4ba4-b1bb-3b711e2a2c8d,60.0,1.0,-1.0,0.0,,,executed,5e639931-556f-4e33-844c-98079e57485b,996ccd31-6d32-491c-9d68-6b7aa2ae212c,,,,,1778604088.599683
17f3bde5-9e00-47d0-8909-b138b266b325,0,2,8,227,2026-05-12T16:41:29.171839+00:00,order,add,bid,,f3022260-1d8a-48d0-ade9-56a7bd162ae3,6eb3648e-8876-4d12-96eb-7269067415d5,40.0,1.0,1.0,1.0,2,2.0,active,,,,,,,1778604089.187854
17f3bde5-9e00-47d0-8909-b138b266b325,0,2,8,228,2026-05-12T16:41:30.986682+00:00,order,add,ask,,e1b9891f-ad99-4b09-bbdc-b8fb8bf74754,121ddd6b-3999-4e05-a2b3-d80bdfc8efba,80.0,1.0,1.0,1.0,1,1.0,active,,,,,,,1778604091.002879
17f3bde5-9e00-47d0-8909-b138b266b325,0,2,8,229,2026-05-12T16:41:32.401264+00:00,order,cancel,ask,,184ee14f-5aa5-495d-84ed-cd8eb4763369,1fee9bd8-a0b5-414d-b996-84be8a4a131f,100.0,1.0,-1.0,0.0,,,cancelled,,,,,,,1778604092.417172
17f3bde5-9e00-47d0-8909-b138b266b325,0,2,7,230,2026-05-12T16:41:32.871807+00:00,order,cancel,ask,,97132910-dc22-4f53-b576-b0d481cab802,8097813e-2f6f-40a4-be05-70c6d8d3bca7,100.0,1.0,-1.0,0.0,,,cancelled,,,,,,,1778604092.889186
9af49dc6-a1bd-40fe-b627-4a8dbdf93e45,0,2,14,250,2026-05-12T16:41:33.123480+00:00,order,add,ask,,24604c0b-16ec-4afa-afef-40ca739d695e,65041421-bea3-4034-ae77-04f68c6e46fc,113.0,1.0,1.0,1.0,4,4.0,active,,,,,,,1778604093.14044
17f3bde5-9e00-47d0-8909-b138b266b325,0,2,8,231,2026-05-12T16:41:33.829568+00:00,order,add,bid,,953e4dde-4caa-4657-a365-f7722275225e,e4da5453-0e94-4ba4-b1bb-3b711e2a2c8d,61.0,1.0,1.0,1.0,1,1.0,active,,,,,,,1778604093.847324
9af49dc6-a1bd-40fe-b627-4a8dbdf93e45,0,2,14,251,2026-05-12T16:41:34.723455+00:00,order,add,ask,,c2756a9b-89a1-40b2-9d42-d010e8e3939f,a97c9f1c-5c51-47a6-b087-fa652e7a6e31,113.0,1.0,1.0,1.0,5,5.0,active,,,,,,,1778604094.74071
17f3bde5-9e00-47d0-8909-b138b266b325,0,2,8,232,2026-05-12T16:41:36.777358+00:00,order,add,bid,,204de613-823d-472d-9b89-edf835b501f5,6eb3648e-8876-4d12-96eb-7269067415d5,45.0,1.0,1.0,1.0,2,2.0,active,,,,,,,1778604096.794486
9af49dc6-a1bd-40fe-b627-4a8dbdf93e45,0,2,14,252,2026-05-12T16:41:38.000101+00:00,order,add,ask,,2aa2fc74-6443-43cf-8c52-fd27a1e87a3d,8199026d-b134-4c9c-8eb9-35b39d3ff423,112.98,1.0,1.0,1.0,1,1.0,active,,,,,,,1778604098.017257
a5f35780-eeec-48f3-bd11-2a02633bc450,0,2,10,300,2026-05-12T16:41:38.347712+00:00,trade,trade,ask,S,,,46.5,1.0,,,,,,df6dab3f-e3aa-469d-b770-1a9d56a89124,,cba4afdf-46a8-4468-be7a-3cb21c956c74,4fd35e3e-ed11-4228-adfd-82941f5f74c5,7263bda7-ce07-4527-829d-593539f9496a,3f3f926c-76bd-44db-b2dc-3e8e8ddbccb6,1778604098.363893
a5f35780-eeec-48f3-bd11-2a02633bc450,0,2,10,301,2026-05-12T16:41:38.367079+00:00,order,fill,ask,,4fd35e3e-ed11-4228-adfd-82941f5f74c5,3f3f926c-76bd-44db-b2dc-3e8e8ddbccb6,46.5,1.0,-1.0,0.0,,,executed,df6dab3f-e3aa-469d-b770-1a9d56a89124,cba4afdf-46a8-4468-be7a-3cb21c956c74,,,,,1778604098.38243
a5f35780-eeec-48f3-bd11-2a02633bc450,0,2,10,302,2026-05-12T16:41:38.385501+00:00,order,fill,bid,,cba4afdf-46a8-4468-be7a-3cb21c956c74,7263bda7-ce07-4527-829d-593539f9496a,46.5,1.0,-1.0,0.0,,,executed,df6dab3f-e3aa-469d-b770-1a9d56a89124,4fd35e3e-ed11-4228-adfd-82941f5f74c5,,,,,1778604098.401721
a5f35780-eeec-48f3-bd11-2a02633bc450,0,2,9,303,2026-05-12T16:41:38.803652+00:00,order,cancel,bid,,b81ca34a-e077-486e-9af8-ec3a7761bc7f,d896d1d1-903a-4faf-af2e-bda1e25a47cc,42.5,1.0,-1.0,0.0,,,cancelled,,,,,,,1778604098.819494
a5f35780-eeec-48f3-bd11-2a02633bc450,0,2,9,304,2026-05-12T16:41:39.515250+00:00,order,cancel,bid,,23c5d703-3133-4276-b873-e2d46e32f02b,d896d1d1-903a-4faf-af2e-bda1e25a47cc,44.0,1.0,-1.0,0.0,,,cancelled,,,,,,,1778604099.530924
17f3bde5-9e00-47d0-8909-b138b266b325,0,2,8,233,2026-05-12T16:41:41.461965+00:00,order,add,bid,,9287d3b3-0fb4-4cb1-b880-1cecd4b3554c,e4da5453-0e94-4ba4-b1bb-3b711e2a2c8d,58.0,1.0,1.0,1.0,2,2.0,active,,,,,,,1778604101.477779
a5f35780-eeec-48f3-bd11-2a02633bc450,0,2,10,305,2026-05-12T16:41:41.674493+00:00,order,add,ask,,9a09d9c4-9c43-43ec-9187-b4459c3f24c6,7263bda7-ce07-4527-829d-593539f9496a,47.0,1.0,1.0,1.0,1,1.0,active,,,,,,,1778604101.690359
17f3bde5-9e00-47d0-8909-b138b266b325,0,2,8,234,2026-05-12T16:41:41.891325+00:00,order,add,ask,,c70e459b-f63b-4616-9650-74c8b17176d0,121ddd6b-3999-4e05-a2b3-d80bdfc8efba,80.0,1.0,1.0,1.0,2,2.0,active,,,,,,,1778604101.907437
17f3bde5-9e00-47d0-8909-b138b266b325,0,2,8,235,2026-05-12T16:41:42.115114+00:00,order,add,bid,,b47bf769-44f8-4dc3-8abb-447c050328f5,6eb3648e-8876-4d12-96eb-7269067415d5,48.0,1.0,1.0,1.0,2,2.0,active,,,,,,,1778604102.132077
a5f35780-eeec-48f3-bd11-2a02633bc450,0,2,9,306,2026-05-12T16:41:42.995424+00:00,order,cancel,ask,,07e10277-1162-4d24-bdda-378a53d8953f,7263bda7-ce07-4527-829d-593539f9496a,55.0,1.0,-1.0,0.0,,,cancelled,,,,,,,1778604103.011535
a5f35780-eeec-48f3-bd11-2a02633bc450,0,2,9,307,2026-05-12T16:41:43.033326+00:00,order,cancel,ask,,000365a8-1f3f-465e-a5f8-79adf70cb4b0,7263bda7-ce07-4527-829d-593539f9496a,55.0,1.0,-1.0,0.0,,,cancelled,,,,,,,1778604103.048642
a5f35780-eeec-48f3-bd11-2a02633bc450,0,2,9,308,2026-05-12T16:41:43.995952+00:00,order,cancel,ask,,44b33a3f-2e36-4810-995b-617c5311f55c,7263bda7-ce07-4527-829d-593539f9496a,100.0,1.0,-1.0,0.0,,,cancelled,,,,,,,1778604104.011733
a5f35780-eeec-48f3-bd11-2a02633bc450,0,2,10,309,2026-05-12T16:41:44.307308+00:00,order,add,ask,,ca3e0b3c-5201-4bca-81f0-297d9007ebf1,3f3f926c-76bd-44db-b2dc-3e8e8ddbccb6,47.63,1.0,1.0,1.0,1,1.0,active,,,,,,,1778604104.323768
a5f35780-eeec-48f3-bd11-2a02633bc450,0,2,9,310,2026-05-12T16:41:44.883324+00:00,order,cancel,bid,,c37762e9-70f6-4349-be33-b03cf392e737,7263bda7-ce07-4527-829d-593539f9496a,42.0,1.0,-1.0,0.0,,,cancelled,,,,,,,1778604104.900335
a5f35780-eeec-48f3-bd11-2a02633bc450,0,2,8,311,2026-05-12T16:41:45.378364+00:00,order,cancel,bid,,51d2a7c6-6eaa-4884-9242-9e679c4eb76f,7263bda7-ce07-4527-829d-593539f9496a,40.0,1.0,-1.0,0.0,,,cancelled,,,,,,,1778604105.394399
9af49dc6-a1bd-40fe-b627-4a8dbdf93e45,0,2,14,253,2026-05-12T16:41:45.604963+00:00,trade,trade,bid,B,,,112.98,1.0,,,,,,c5657da8-8009-4fb8-99ed-e0b790b31357,,1e951b81-90d7-42f3-9863-9d7bc2bf0d6e,2aa2fc74-6443-43cf-8c52-fd27a1e87a3d,a97c9f1c-5c51-47a6-b087-fa652e7a6e31,8199026d-b134-4c9c-8eb9-35b39d3ff423,1778604105.6213
9af49dc6-a1bd-40fe-b627-4a8dbdf93e45,0,2,14,254,2026-05-12T16:41:45.624424+00:00,order,fill,ask,,2aa2fc74-6443-43cf-8c52-fd27a1e87a3d,8199026d-b134-4c9c-8eb9-35b39d3ff423,112.98,1.0,-1.0,0.0,,,executed,c5657da8-8009-4fb8-99ed-e0b790b31357,1e951b81-90d7-42f3-9863-9d7bc2bf0d6e,,,,,1778604105.639409
9af49dc6-a1bd-40fe-b627-4a8dbdf93e45,0,2,14,255,2026-05-12T16:41:45.642218+00:00,order,fill,bid,,1e951b81-90d7-42f3-9863-9d7bc2bf0d6e,a97c9f1c-5c51-47a6-b087-fa652e7a6e31,113.0,1.0,-1.0,0.0,,,executed,c5657da8-8009-4fb8-99ed-e0b790b31357,2aa2fc74-6443-43cf-8c52-fd27a1e87a3d,,,,,1778604105.658373
a5f35780-eeec-48f3-bd11-2a02633bc450,0,2,10,312,2026-05-12T16:41:47.226710+00:00,trade,trade,ask,S,,,45.0,1.0,,,,,,1a26690c-5fee-467d-8235-a99436d0f940,,277b9f61-b9f3-4694-981d-03225c6ff21a,5fa7c9fa-9ce6-40b9-8e8c-ba18b88d1ece,7263bda7-ce07-4527-829d-593539f9496a,d896d1d1-903a-4faf-af2e-bda1e25a47cc,1778604107.242471
a5f35780-eeec-48f3-bd11-2a02633bc450,0,2,10,313,2026-05-12T16:41:47.245491+00:00,order,fill,ask,,5fa7c9fa-9ce6-40b9-8e8c-ba18b88d1ece,d896d1d1-903a-4faf-af2e-bda1e25a47cc,45.0,1.0,-1.0,0.0,,,executed,1a26690c-5fee-467d-8235-a99436d0f940,277b9f61-b9f3-4694-981d-03225c6ff21a,,,,,1778604107.259806
a5f35780-eeec-48f3-bd11-2a02633bc450,0,2,10,314,2026-05-12T16:41:47.262351+00:00,order,fill,bid,,277b9f61-b9f3-4694-981d-03225c6ff21a,7263bda7-ce07-4527-829d-593539f9496a,45.0,1.0,-1.0,0.0,,,executed,1a26690c-5fee-467d-8235-a99436d0f940,5fa7c9fa-9ce6-40b9-8e8c-ba18b88d1ece,,,,,1778604107.276127
9af49dc6-a1bd-40fe-b627-4a8dbdf93e45,0,2,14,256,2026-05-12T16:41:49.656117+00:00,order,add,ask,,ac7e7ebb-da34-44ec-a39c-279f378e4f1c,a97c9f1c-5c51-47a6-b087-fa652e7a6e31,113.0,1.0,1.0,1.0,6,6.0,active,,,,,,,1778604109.672338
9af49dc6-a1bd-40fe-b627-4a8dbdf93e45,0,2,14,257,2026-05-12T16:41:51.665156+00:00,order,add,ask,,f6908ef2-8131-4305-ab2c-80dac5ab63c7,8199026d-b134-4c9c-8eb9-35b39d3ff423,112.98,1.0,1.0,1.0,1,1.0,active,,,,,,,1778604111.681987
a5f35780-eeec-48f3-bd11-2a02633bc450,0,2,10,315,2026-05-12T16:41:51.879501+00:00,order,add,ask,,942e63c9-6104-4c11-91b3-6c7927218285,b051dea2-10fd-492e-a16a-123e7f6bc6ac,48.0,1.0,1.0,1.0,1,1.0,active,,,,,,,1778604111.895722
a5f35780-eeec-48f3-bd11-2a02633bc450,0,2,10,316,2026-05-12T16:41:54.027187+00:00,order,add,bid,,c9e0bec5-3bbc-4635-919d-c5108044e868,3f3f926c-76bd-44db-b2dc-3e8e8ddbccb6,45.0,1.0,1.0,1.0,1,1.0,active,,,,,,,1778604114.043628
a5f35780-eeec-48f3-bd11-2a02633bc450,0,2,10,317,2026-05-12T16:41:54.834306+00:00,order,add,bid,,f788ce42-b712-40e6-8e36-64b2792dcbbf,7263bda7-ce07-4527-829d-593539f9496a,45.0,1.0,1.0,1.0,2,2.0,active,,,,,,,1778604114.85029
a5f35780-eeec-48f3-bd11-2a02633bc450,0,2,10,318,2026-05-12T16:41:57.234714+00:00,trade,trade,ask,S,,,45.0,1.0,,,,,,4ccd9128-79ed-4897-aaa3-3afbf0f67b4d,,c9e0bec5-3bbc-4635-919d-c5108044e868,cd5d0f7f-4dbc-41b4-8030-e65f4b5b6e6a,3f3f926c-76bd-44db-b2dc-3e8e8ddbccb6,d896d1d1-903a-4faf-af2e-bda1e25a47cc,1778604117.251524
a5f35780-eeec-48f3-bd11-2a02633bc450,0,2,10,319,2026-05-12T16:41:57.254541+00:00,order,fill,ask,,cd5d0f7f-4dbc-41b4-8030-e65f4b5b6e6a,d896d1d1-903a-4faf-af2e-bda1e25a47cc,45.0,1.0,-1.0,0.0,,,executed,4ccd9128-79ed-4897-aaa3-3afbf0f67b4d,c9e0bec5-3bbc-4635-919d-c5108044e868,,,,,1778604117.269737
a5f35780-eeec-48f3-bd11-2a02633bc450,0,2,10,320,2026-05-12T16:41:57.272652+00:00,order,fill,bid,,c9e0bec5-3bbc-4635-919d-c5108044e868,3f3f926c-76bd-44db-b2dc-3e8e8ddbccb6,45.0,1.0,-1.0,0.0,,,executed,4ccd9128-79ed-4897-aaa3-3afbf0f67b4d,cd5d0f7f-4dbc-41b4-8030-e65f4b5b6e6a,,,,,1778604117.287469
a5f35780-eeec-48f3-bd11-2a02633bc450,0,2,10,321,2026-05-12T16:41:58.369840+00:00,trade,trade,ask,S,,,45.0,1.0,,,,,,080cfa7a-1142-4eeb-b964-e895d9f170f9,,f788ce42-b712-40e6-8e36-64b2792dcbbf,0215f909-2bf5-426b-8861-9b80daf66610,7263bda7-ce07-4527-829d-593539f9496a,14a8161a-9d15-4590-8e4a-d60fa690d14e,1778604118.386551
a5f35780-eeec-48f3-bd11-2a02633bc450,0,2,10,322,2026-05-12T16:41:58.389683+00:00,order,fill,ask,,0215f909-2bf5-426b-8861-9b80daf66610,14a8161a-9d15-4590-8e4a-d60fa690d14e,45.0,1.0,-1.0,0.0,,,executed,080cfa7a-1142-4eeb-b964-e895d9f170f9,f788ce42-b712-40e6-8e36-64b2792dcbbf,,,,,1778604118.405677
a5f35780-eeec-48f3-bd11-2a02633bc450,0,2,10,323,2026-05-12T16:41:58.408922+00:00,order,fill,bid,,f788ce42-b712-40e6-8e36-64b2792dcbbf,7263bda7-ce07-4527-829d-593539f9496a,45.0,1.0,-1.0,0.0,,,executed,080cfa7a-1142-4eeb-b964-e895d9f170f9,0215f909-2bf5-426b-8861-9b80daf66610,,,,,1778604118.424261
9af49dc6-a1bd-40fe-b627-4a8dbdf93e45,0,2,14,258,2026-05-12T16:41:59.318115+00:00,order,add,ask,,390e1220-42c0-4a0d-9ba5-3f40c1ac3deb,a97c9f1c-5c51-47a6-b087-fa652e7a6e31,113.0,1.0,1.0,1.0,7,7.0,active,,,,,,,1778604119.335083
a5f35780-eeec-48f3-bd11-2a02633bc450,0,2,10,324,2026-05-12T16:42:00.850968+00:00,order,add,ask,,c59f6011-9e7f-4430-b0f9-b11bc3a08aa5,d896d1d1-903a-4faf-af2e-bda1e25a47cc,45.0,1.0,1.0,1.0,1,1.0,active,,,,,,,1778604120.867673
9af49dc6-a1bd-40fe-b627-4a8dbdf93e45,0,2,14,259,2026-05-12T16:42:01.145512+00:00,trade,trade,bid,B,,,112.98,1.0,,,,,,b717385c-51af-4518-b1c8-ad571740b9c5,,3b6102fd-9874-48b0-be81-fecf0d9d2cef,f6908ef2-8131-4305-ab2c-80dac5ab63c7,a97c9f1c-5c51-47a6-b087-fa652e7a6e31,8199026d-b134-4c9c-8eb9-35b39d3ff423,1778604121.165707
9af49dc6-a1bd-40fe-b627-4a8dbdf93e45,0,2,14,260,2026-05-12T16:42:01.169025+00:00,order,fill,ask,,f6908ef2-8131-4305-ab2c-80dac5ab63c7,8199026d-b134-4c9c-8eb9-35b39d3ff423,112.98,1.0,-1.0,0.0,,,executed,b717385c-51af-4518-b1c8-ad571740b9c5,3b6102fd-9874-48b0-be81-fecf0d9d2cef,,,,,1778604121.20329
9af49dc6-a1bd-40fe-b627-4a8dbdf93e45,0,2,14,261,2026-05-12T16:42:01.206838+00:00,order,fill,bid,,3b6102fd-9874-48b0-be81-fecf0d9d2cef,a97c9f1c-5c51-47a6-b087-fa652e7a6e31,113.0,1.0,-1.0,0.0,,,executed,b717385c-51af-4518-b1c8-ad571740b9c5,f6908ef2-8131-4305-ab2c-80dac5ab63c7,,,,,1778604121.266402
a5f35780-eeec-48f3-bd11-2a02633bc450,0,2,10,325,2026-05-12T16:42:01.787584+00:00,order,add,ask,,e4bbf8af-f178-4ae5-bc9e-b8d0a063bb0c,3f3f926c-76bd-44db-b2dc-3e8e8ddbccb6,45.0,1.0,1.0,1.0,2,2.0,active,,,,,,,1778604121.818654
a5f35780-eeec-48f3-bd11-2a02633bc450,0,2,10,326,2026-05-12T16:42:03.234608+00:00,order,add,ask,,db64c757-3d89-4d94-af63-4ef819c1efdf,3f3f926c-76bd-44db-b2dc-3e8e8ddbccb6,44.75,1.0,1.0,1.0,1,1.0,active,,,,,,,1778604123.263626
9af49dc6-a1bd-40fe-b627-4a8dbdf93e45,0,2,14,262,2026-05-12T16:42:03.520738+00:00,order,add,ask,,84aca42d-df06-4cce-aff5-510436df22d8,8199026d-b134-4c9c-8eb9-35b39d3ff423,112.97,1.0,1.0,1.0,1,1.0,active,,,,,,,1778604123.546434
9af49dc6-a1bd-40fe-b627-4a8dbdf93e45,0,2,14,263,2026-05-12T16:42:03.897608+00:00,order,add,ask,,0c70e066-ae14-48f3-b986-d08d1cb64af5,65041421-bea3-4034-ae77-04f68c6e46fc,112.97,1.0,1.0,1.0,2,2.0,active,,,,,,,1778604123.914422
a5f35780-eeec-48f3-bd11-2a02633bc450,0,2,10,327,2026-05-12T16:42:04.499517+00:00,order,add,ask,,23b5560b-9220-415a-836b-dc259d3ff21f,3f3f926c-76bd-44db-b2dc-3e8e8ddbccb6,44.75,1.0,1.0,1.0,2,2.0,active,,,,,,,1778604124.516119
a5f35780-eeec-48f3-bd11-2a02633bc450,0,2,10,328,2026-05-12T16:42:06.803785+00:00,order,add,ask,,906cc9c9-0396-4812-88f9-95384e909ffb,6a27507f-b151-4a9f-b11f-d433b22aeb62,46.0,1.0,1.0,1.0,1,1.0,active,,,,,,,1778604126.82126
a5f35780-eeec-48f3-bd11-2a02633bc450,0,2,10,329,2026-05-12T16:42:10.576946+00:00,order,cancel,ask,,942e63c9-6104-4c11-91b3-6c7927218285,b051dea2-10fd-492e-a16a-123e7f6bc6ac,48.0,1.0,-1.0,0.0,,,cancelled,,,,,,,1778604130.593431
a5f35780-eeec-48f3-bd11-2a02633bc450,0,2,10,330,2026-05-12T16:42:11.258426+00:00,order,add,bid,,0ee88629-bb63-4338-9cee-fd49e82b4fcb,d896d1d1-903a-4faf-af2e-bda1e25a47cc,42.0,1.0,1.0,1.0,1,1.0,active,,,,,,,1778604131.275296
17f3bde5-9e00-47d0-8909-b138b266b325,0,2,9,236,2026-05-12T16:42:14.664790+00:00,order,add,bid,,5d2af060-3b64-4a64-a614-796ca4571128,1fee9bd8-a0b5-414d-b996-84be8a4a131f,65.0,1.0,1.0,1.0,1,1.0,active,,,,,,,1778604134.682908
17f3bde5-9e00-47d0-8909-b138b266b325,0,2,9,237,2026-05-12T16:42:14.720481+00:00,order,add,bid,,7b96ce4e-4a60-4b3a-8f0c-efba1198a7bc,6eb3648e-8876-4d12-96eb-7269067415d5,49.0,1.0,1.0,1.0,2,2.0,active,,,,,,,1778604134.737813
17f3bde5-9e00-47d0-8909-b138b266b325,0,2,8,238,2026-05-12T16:42:16.407833+00:00,order,cancel,bid,,5ad78aee-982f-4ac4-9f91-d2a3c2f32a2b,c5382ee4-bd5b-45e4-8232-55a805c489d8,49.0,1.0,-1.0,0.0,,,cancelled,,,,,,,1778604136.424217
a5f35780-eeec-48f3-bd11-2a02633bc450,0,2,10,331,2026-05-12T16:42:16.769693+00:00,trade,trade,ask,S,,,44.5,1.0,,,,,,c27d65fc-ab6b-4443-9e25-69454f6a671a,,aaa1fad2-d4f1-4028-bfa4-3a9f4506036e,14aa582f-92e5-43e0-bd6b-58462f78c687,3f3f926c-76bd-44db-b2dc-3e8e8ddbccb6,d896d1d1-903a-4faf-af2e-bda1e25a47cc,1778604136.785987
a5f35780-eeec-48f3-bd11-2a02633bc450,0,2,10,332,2026-05-12T16:42:16.789415+00:00,order,fill,ask,,14aa582f-92e5-43e0-bd6b-58462f78c687,d896d1d1-903a-4faf-af2e-bda1e25a47cc,44.5,1.0,-1.0,0.0,,,executed,c27d65fc-ab6b-4443-9e25-69454f6a671a,aaa1fad2-d4f1-4028-bfa4-3a9f4506036e,,,,,1778604136.805443
a5f35780-eeec-48f3-bd11-2a02633bc450,0,2,10,333,2026-05-12T16:42:16.809007+00:00,order,fill,bid,,aaa1fad2-d4f1-4028-bfa4-3a9f4506036e,3f3f926c-76bd-44db-b2dc-3e8e8ddbccb6,44.5,1.0,-1.0,0.0,,,executed,c27d65fc-ab6b-4443-9e25-69454f6a671a,14aa582f-92e5-43e0-bd6b-58462f78c687,,,,,1778604136.826197
a5f35780-eeec-48f3-bd11-2a02633bc450,0,2,10,334,2026-05-12T16:42:17.029502+00:00,order,cancel,ask,,906cc9c9-0396-4812-88f9-95384e909ffb,6a27507f-b151-4a9f-b11f-d433b22aeb62,46.0,1.0,-1.0,0.0,,,cancelled,,,,,,,1778604137.046594
a5f35780-eeec-48f3-bd11-2a02633bc450,0,2,10,335,2026-05-12T16:42:17.457342+00:00,order,add,bid,,691e986a-648a-45dc-a975-569fdfda224f,7263bda7-ce07-4527-829d-593539f9496a,44.0,1.0,1.0,1.0,1,1.0,active,,,,,,,1778604137.475372
17f3bde5-9e00-47d0-8909-b138b266b325,0,2,9,239,2026-05-12T16:42:19.233672+00:00,order,add,bid,,ff0b6dcb-699a-4424-90b3-36b8c0679743,6eb3648e-8876-4d12-96eb-7269067415d5,50.0,1.0,1.0,1.0,2,2.0,active,,,,,,,1778604139.250427
17f3bde5-9e00-47d0-8909-b138b266b325,0,2,9,240,2026-05-12T16:42:20.750829+00:00,order,add,ask,,a846ea3a-56ec-4190-b1c9-1655f3a33c43,8097813e-2f6f-40a4-be05-70c6d8d3bca7,89.0,1.0,1.0,1.0,1,1.0,active,,,,,,,1778604140.767111
17f3bde5-9e00-47d0-8909-b138b266b325,0,2,9,241,2026-05-12T16:42:20.947825+00:00,trade,trade,ask,S,,,65.0,1.0,,,,,,c1ce345c-14dc-465d-b9ae-92a917ee051f,,5d2af060-3b64-4a64-a614-796ca4571128,b5aa6e36-4406-4d73-b355-ab14721d6a97,1fee9bd8-a0b5-414d-b996-84be8a4a131f,121ddd6b-3999-4e05-a2b3-d80bdfc8efba,1778604140.964354
17f3bde5-9e00-47d0-8909-b138b266b325,0,2,9,242,2026-05-12T16:42:20.967724+00:00,order,fill,ask,,b5aa6e36-4406-4d73-b355-ab14721d6a97,121ddd6b-3999-4e05-a2b3-d80bdfc8efba,65.0,1.0,-1.0,0.0,,,executed,c1ce345c-14dc-465d-b9ae-92a917ee051f,5d2af060-3b64-4a64-a614-796ca4571128,,,,,1778604140.984795
17f3bde5-9e00-47d0-8909-b138b266b325,0,2,9,243,2026-05-12T16:42:20.987926+00:00,order,fill,bid,,5d2af060-3b64-4a64-a614-796ca4571128,1fee9bd8-a0b5-414d-b996-84be8a4a131f,65.0,1.0,-1.0,0.0,,,executed,c1ce345c-14dc-465d-b9ae-92a917ee051f,b5aa6e36-4406-4d73-b355-ab14721d6a97,,,,,1778604141.00453
a5f35780-eeec-48f3-bd11-2a02633bc450,0,2,10,336,2026-05-12T16:42:21.938999+00:00,trade,trade,ask,S,,,44.0,1.0,,,,,,f5e87a76-515b-4fa8-ab78-bedfef1b611b,,691e986a-648a-45dc-a975-569fdfda224f,f6faea14-e4d9-437b-acc8-c4a4958d48f9,7263bda7-ce07-4527-829d-593539f9496a,d896d1d1-903a-4faf-af2e-bda1e25a47cc,1778604141.955524
a5f35780-eeec-48f3-bd11-2a02633bc450,0,2,10,337,2026-05-12T16:42:21.959242+00:00,order,fill,ask,,f6faea14-e4d9-437b-acc8-c4a4958d48f9,d896d1d1-903a-4faf-af2e-bda1e25a47cc,44.0,1.0,-1.0,0.0,,,executed,f5e87a76-515b-4fa8-ab78-bedfef1b611b,691e986a-648a-45dc-a975-569fdfda224f,,,,,1778604141.975091
a5f35780-eeec-48f3-bd11-2a02633bc450,0,2,10,338,2026-05-12T16:42:21.978323+00:00,order,fill,bid,,691e986a-648a-45dc-a975-569fdfda224f,7263bda7-ce07-4527-829d-593539f9496a,44.0,1.0,-1.0,0.0,,,executed,f5e87a76-515b-4fa8-ab78-bedfef1b611b,f6faea14-e4d9-437b-acc8-c4a4958d48f9,,,,,1778604141.99323
17f3bde5-9e00-47d0-8909-b138b266b325,0,2,9,244,2026-05-12T16:42:23.366900+00:00,order,add,ask,,44d55ea9-2e51-401d-9753-16cc7fd9e037,c5382ee4-bd5b-45e4-8232-55a805c489d8,64.0,1.0,1.0,1.0,1,1.0,active,,,,,,,1778604143.383765
17f3bde5-9e00-47d0-8909-b138b266b325,0,2,9,245,2026-05-12T16:42:24.191099+00:00,order,add,bid,,e388e671-7885-428e-be4b-e25f9d4032ef,e4da5453-0e94-4ba4-b1bb-3b711e2a2c8d,40.0,1.0,1.0,1.0,3,3.0,active,,,,,,,1778604144.208176
a5f35780-eeec-48f3-bd11-2a02633bc450,0,2,10,339,2026-05-12T16:42:25.539942+00:00,order,add,ask,,75c06d64-30d8-46b6-83ac-c295d07ef3be,6a27507f-b151-4a9f-b11f-d433b22aeb62,46.0,1.0,1.0,1.0,1,1.0,active,,,,,,,1778604145.556971
a5f35780-eeec-48f3-bd11-2a02633bc450,0,2,10,340,2026-05-12T16:42:25.596384+00:00,order,cancel,bid,,0ee88629-bb63-4338-9cee-fd49e82b4fcb,d896d1d1-903a-4faf-af2e-bda1e25a47cc,42.0,1.0,-1.0,0.0,,,cancelled,,,,,,,1778604145.612969
a5f35780-eeec-48f3-bd11-2a02633bc450,0,2,10,341,2026-05-12T16:42:25.639396+00:00,order,cancel,ask,,9a09d9c4-9c43-43ec-9187-b4459c3f24c6,7263bda7-ce07-4527-829d-593539f9496a,47.0,1.0,-1.0,0.0,,,cancelled,,,,,,,1778604145.655931
17f3bde5-9e00-47d0-8909-b138b266b325,0,2,2,246,2026-05-12T16:42:29.218396+00:00,order,cancel,ask,,26587d40-370b-4c11-bf39-9314a1d7b7d4,6eb3648e-8876-4d12-96eb-7269067415d5,100.0,1.0,-1.0,0.0,,,cancelled,,,,,,,1778604149.234819
17f3bde5-9e00-47d0-8909-b138b266b325,0,2,8,247,2026-05-12T16:42:29.406945+00:00,order,cancel,bid,,953e4dde-4caa-4657-a365-f7722275225e,e4da5453-0e94-4ba4-b1bb-3b711e2a2c8d,61.0,1.0,-1.0,0.0,,,cancelled,,,,,,,1778604149.423135
9af49dc6-a1bd-40fe-b627-4a8dbdf93e45,0,2,15,264,2026-05-12T16:42:29.705394+00:00,trade,trade,bid,B,,,112.97,1.0,,,,,,45a43084-9d2a-4ce1-a290-ee7ee642290c,,d2be9291-73a0-49c2-93aa-0c452f102edd,84aca42d-df06-4cce-aff5-510436df22d8,a97c9f1c-5c51-47a6-b087-fa652e7a6e31,8199026d-b134-4c9c-8eb9-35b39d3ff423,1778604149.721242
9af49dc6-a1bd-40fe-b627-4a8dbdf93e45,0,2,15,265,2026-05-12T16:42:29.724350+00:00,order,fill,ask,,84aca42d-df06-4cce-aff5-510436df22d8,8199026d-b134-4c9c-8eb9-35b39d3ff423,112.97,1.0,-1.0,0.0,,,executed,45a43084-9d2a-4ce1-a290-ee7ee642290c,d2be9291-73a0-49c2-93aa-0c452f102edd,,,,,1778604149.739096
9af49dc6-a1bd-40fe-b627-4a8dbdf93e45,0,2,15,266,2026-05-12T16:42:29.741886+00:00,order,fill,bid,,d2be9291-73a0-49c2-93aa-0c452f102edd,a97c9f1c-5c51-47a6-b087-fa652e7a6e31,113.0,1.0,-1.0,0.0,,,executed,45a43084-9d2a-4ce1-a290-ee7ee642290c,84aca42d-df06-4cce-aff5-510436df22d8,,,,,1778604149.756161
17f3bde5-9e00-47d0-8909-b138b266b325,0,2,4,248,2026-05-12T16:42:30.274133+00:00,order,cancel,ask,,f9dce699-7926-4ceb-b3b9-70e6a508c8be,6eb3648e-8876-4d12-96eb-7269067415d5,99.0,1.0,-1.0,0.0,,,cancelled,,,,,,,1778604150.289864
a5f35780-eeec-48f3-bd11-2a02633bc450,0,2,10,342,2026-05-12T16:42:30.585847+00:00,order,add,bid,,742b6a78-3e1d-4a60-81bd-23c027dd8b92,7263bda7-ce07-4527-829d-593539f9496a,42.0,1.0,1.0,1.0,1,1.0,active,,,,,,,1778604150.602873
a5f35780-eeec-48f3-bd11-2a02633bc450,0,2,10,343,2026-05-12T16:42:31.362567+00:00,trade,trade,ask,S,,,42.0,1.0,,,,,,c85798ed-d89f-41f7-b5a3-d3fbcfd1ab70,,742b6a78-3e1d-4a60-81bd-23c027dd8b92,0a355e74-ee00-4b1a-8fa6-215cd866a6a1,7263bda7-ce07-4527-829d-593539f9496a,d896d1d1-903a-4faf-af2e-bda1e25a47cc,1778604151.378947
a5f35780-eeec-48f3-bd11-2a02633bc450,0,2,10,344,2026-05-12T16:42:31.381975+00:00,order,fill,ask,,0a355e74-ee00-4b1a-8fa6-215cd866a6a1,d896d1d1-903a-4faf-af2e-bda1e25a47cc,41.0,1.0,-1.0,0.0,,,executed,c85798ed-d89f-41f7-b5a3-d3fbcfd1ab70,742b6a78-3e1d-4a60-81bd-23c027dd8b92,,,,,1778604151.397628
a5f35780-eeec-48f3-bd11-2a02633bc450,0,2,10,345,2026-05-12T16:42:31.400618+00:00,order,fill,bid,,742b6a78-3e1d-4a60-81bd-23c027dd8b92,7263bda7-ce07-4527-829d-593539f9496a,42.0,1.0,-1.0,0.0,,,executed,c85798ed-d89f-41f7-b5a3-d3fbcfd1ab70,0a355e74-ee00-4b1a-8fa6-215cd866a6a1,,,,,1778604151.418112
17f3bde5-9e00-47d0-8909-b138b266b325,0,2,9,249,2026-05-12T16:42:31.492345+00:00,order,add,ask,,a8a4d252-bffc-44af-9d5c-5eba5769b0c4,121ddd6b-3999-4e05-a2b3-d80bdfc8efba,78.0,1.0,1.0,1.0,1,1.0,active,,,,,,,1778604151.508397
a5f35780-eeec-48f3-bd11-2a02633bc450,0,2,9,346,2026-05-12T16:42:32.219955+00:00,order,cancel,ask,,839d32f5-57b6-435f-8f61-e8a69d095a26,3f3f926c-76bd-44db-b2dc-3e8e8ddbccb6,1000.0,1.0,-1.0,0.0,,,cancelled,,,,,,,1778604152.236978
9af49dc6-a1bd-40fe-b627-4a8dbdf93e45,0,2,15,267,2026-05-12T16:42:33.019875+00:00,order,add,ask,,425d0863-c545-4dc7-a9dd-1ccab4455619,a97c9f1c-5c51-47a6-b087-fa652e7a6e31,113.0,1.0,1.0,1.0,8,8.0,active,,,,,,,1778604153.036749
17f3bde5-9e00-47d0-8909-b138b266b325,0,2,9,250,2026-05-12T16:42:33.559899+00:00,trade,trade,bid,B,,,64.0,1.0,,,,,,8d4ccf4d-b670-4e3a-a139-af326770d0fc,,81cfc724-6d86-418b-b578-67ec82cdf141,44d55ea9-2e51-401d-9753-16cc7fd9e037,1fee9bd8-a0b5-414d-b996-84be8a4a131f,c5382ee4-bd5b-45e4-8232-55a805c489d8,1778604153.575987
17f3bde5-9e00-47d0-8909-b138b266b325,0,2,9,251,2026-05-12T16:42:33.579204+00:00,order,fill,ask,,44d55ea9-2e51-401d-9753-16cc7fd9e037,c5382ee4-bd5b-45e4-8232-55a805c489d8,64.0,1.0,-1.0,0.0,,,executed,8d4ccf4d-b670-4e3a-a139-af326770d0fc,81cfc724-6d86-418b-b578-67ec82cdf141,,,,,1778604153.594703
17f3bde5-9e00-47d0-8909-b138b266b325,0,2,9,252,2026-05-12T16:42:33.597454+00:00,order,fill,bid,,81cfc724-6d86-418b-b578-67ec82cdf141,1fee9bd8-a0b5-414d-b996-84be8a4a131f,70.0,1.0,-1.0,0.0,,,executed,8d4ccf4d-b670-4e3a-a139-af326770d0fc,44d55ea9-2e51-401d-9753-16cc7fd9e037,,,,,1778604153.612795
17f3bde5-9e00-47d0-8909-b138b266b325,0,2,9,253,2026-05-12T16:42:33.649277+00:00,order,add,ask,,51422ec0-7fdf-4577-89a4-e90667b486af,c5382ee4-bd5b-45e4-8232-55a805c489d8,60.0,1.0,1.0,1.0,1,1.0,active,,,,,,,1778604153.664874
a5f35780-eeec-48f3-bd11-2a02633bc450,0,2,9,347,2026-05-12T16:42:33.859593+00:00,order,cancel,ask,,f4ebff04-f998-4caf-abe5-bafc5e0503ac,3f3f926c-76bd-44db-b2dc-3e8e8ddbccb6,49.5,1.0,-1.0,0.0,,,cancelled,,,,,,,1778604153.875252
a5f35780-eeec-48f3-bd11-2a02633bc450,0,2,10,348,2026-05-12T16:42:34.396558+00:00,order,cancel,ask,,ca3e0b3c-5201-4bca-81f0-297d9007ebf1,3f3f926c-76bd-44db-b2dc-3e8e8ddbccb6,47.63,1.0,-1.0,0.0,,,cancelled,,,,,,,1778604154.412543
a5f35780-eeec-48f3-bd11-2a02633bc450,0,2,10,349,2026-05-12T16:42:34.962702+00:00,order,add,bid,,85b2dafb-6c03-41b5-8c1a-9b1f3c2c6b29,7263bda7-ce07-4527-829d-593539f9496a,42.0,1.0,1.0,1.0,1,1.0,active,,,,,,,1778604154.983336
17f3bde5-9e00-47d0-8909-b138b266b325,0,2,8,254,2026-05-12T16:42:36.720519+00:00,order,cancel,bid,,a4e7b388-1904-47d0-9a8f-c9192c2ef56d,e4da5453-0e94-4ba4-b1bb-3b711e2a2c8d,58.0,1.0,-1.0,0.0,,,cancelled,,,,,,,1778604156.736082
17f3bde5-9e00-47d0-8909-b138b266b325,0,2,8,255,2026-05-12T16:42:36.770627+00:00,order,cancel,bid,,9287d3b3-0fb4-4cb1-b880-1cecd4b3554c,e4da5453-0e94-4ba4-b1bb-3b711e2a2c8d,58.0,1.0,-1.0,0.0,,,cancelled,,,,,,,1778604156.785965
9af49dc6-a1bd-40fe-b627-4a8dbdf93e45,0,2,15,268,2026-05-12T16:42:37.153129+00:00,trade,trade,bid,B,,,112.97,1.0,,,,,,131eaaf3-7bc9-40df-a8c7-1dc0d18a3ff4,,1861a47e-23fb-46fc-bbcf-7d79a5ab8667,0c70e066-ae14-48f3-b986-d08d1cb64af5,8199026d-b134-4c9c-8eb9-35b39d3ff423,65041421-bea3-4034-ae77-04f68c6e46fc,1778604157.169326
9af49dc6-a1bd-40fe-b627-4a8dbdf93e45,0,2,15,269,2026-05-12T16:42:37.172339+00:00,order,fill,ask,,0c70e066-ae14-48f3-b986-d08d1cb64af5,65041421-bea3-4034-ae77-04f68c6e46fc,112.97,1.0,-1.0,0.0,,,executed,131eaaf3-7bc9-40df-a8c7-1dc0d18a3ff4,1861a47e-23fb-46fc-bbcf-7d79a5ab8667,,,,,1778604157.187326
9af49dc6-a1bd-40fe-b627-4a8dbdf93e45,0,2,15,270,2026-05-12T16:42:37.190332+00:00,order,fill,bid,,1861a47e-23fb-46fc-bbcf-7d79a5ab8667,8199026d-b134-4c9c-8eb9-35b39d3ff423,112.99,1.0,-1.0,0.0,,,executed,131eaaf3-7bc9-40df-a8c7-1dc0d18a3ff4,0c70e066-ae14-48f3-b986-d08d1cb64af5,,,,,1778604157.204616
9af49dc6-a1bd-40fe-b627-4a8dbdf93e45,0,2,15,271,2026-05-12T16:42:38.280467+00:00,order,add,ask,,84d7de04-995f-452f-a575-da657626ba04,a97c9f1c-5c51-47a6-b087-fa652e7a6e31,113.0,1.0,1.0,1.0,9,9.0,active,,,,,,,1778604158.297377
17f3bde5-9e00-47d0-8909-b138b266b325,0,2,8,256,2026-05-12T16:42:38.592406+00:00,order,cancel,bid,,0d5d93fe-ee1f-4844-802c-e4af15de25f7,8097813e-2f6f-40a4-be05-70c6d8d3bca7,55.0,1.0,-1.0,0.0,,,cancelled,,,,,,,1778604158.608619
17f3bde5-9e00-47d0-8909-b138b266b325,0,2,9,257,2026-05-12T16:42:39.169659+00:00,order,add,ask,,18a608ef-188d-4274-b718-5bc3a5621f26,6eb3648e-8876-4d12-96eb-7269067415d5,60.0,1.0,1.0,1.0,2,2.0,active,,,,,,,1778604159.186378
17f3bde5-9e00-47d0-8909-b138b266b325,0,2,9,258,2026-05-12T16:42:40.593975+00:00,trade,trade,bid,B,,,60.0,1.0,,,,,,da1499e0-0a39-44ca-b2bb-d37214d38e7c,,f1690f8b-b0de-4b22-b29b-db6920ead753,51422ec0-7fdf-4577-89a4-e90667b486af,1fee9bd8-a0b5-414d-b996-84be8a4a131f,c5382ee4-bd5b-45e4-8232-55a805c489d8,1778604160.609621
17f3bde5-9e00-47d0-8909-b138b266b325,0,2,9,259,2026-05-12T16:42:40.612520+00:00,order,fill,ask,,51422ec0-7fdf-4577-89a4-e90667b486af,c5382ee4-bd5b-45e4-8232-55a805c489d8,60.0,1.0,-1.0,0.0,,,executed,da1499e0-0a39-44ca-b2bb-d37214d38e7c,f1690f8b-b0de-4b22-b29b-db6920ead753,,,,,1778604160.62725
17f3bde5-9e00-47d0-8909-b138b266b325,0,2,9,260,2026-05-12T16:42:40.630539+00:00,order,fill,bid,,f1690f8b-b0de-4b22-b29b-db6920ead753,1fee9bd8-a0b5-414d-b996-84be8a4a131f,60.0,1.0,-1.0,0.0,,,executed,da1499e0-0a39-44ca-b2bb-d37214d38e7c,51422ec0-7fdf-4577-89a4-e90667b486af,,,,,1778604160.645292
17f3bde5-9e00-47d0-8909-b138b266b325,0,2,9,261,2026-05-12T16:42:45.477904+00:00,order,add,bid,,585c24a3-d63f-4ff9-91d7-0d8b6446819a,e4da5453-0e94-4ba4-b1bb-3b711e2a2c8d,50.0,1.0,1.0,1.0,3,3.0,active,,,,,,,1778604165.494133
17f3bde5-9e00-47d0-8909-b138b266b325,0,2,9,262,2026-05-12T16:42:45.631931+00:00,order,add,ask,,3219a704-0256-40bd-8408-8ddff397ff4e,c5382ee4-bd5b-45e4-8232-55a805c489d8,60.0,1.0,1.0,1.0,2,2.0,active,,,,,,,1778604165.648816
17f3bde5-9e00-47d0-8909-b138b266b325,0,2,9,263,2026-05-12T16:42:47.793881+00:00,order,add,bid,,8b46a56d-27d5-4570-b0db-c70bfef39a16,121ddd6b-3999-4e05-a2b3-d80bdfc8efba,48.0,1.0,1.0,1.0,3,3.0,active,,,,,,,1778604167.811405
9af49dc6-a1bd-40fe-b627-4a8dbdf93e45,0,2,15,272,2026-05-12T16:42:50.240802+00:00,order,add,ask,,ab4ccf89-f581-4f3e-9601-459a9b134dff,8199026d-b134-4c9c-8eb9-35b39d3ff423,112.98,1.0,1.0,1.0,1,1.0,active,,,,,,,1778604170.256086
17f3bde5-9e00-47d0-8909-b138b266b325,0,2,9,264,2026-05-12T16:42:51.614997+00:00,trade,trade,bid,B,,,60.0,1.0,,,,,,08c161e7-0e0f-4ec4-9984-2ce016f227f8,,62e78fed-7d6b-4e07-91ff-337bfdd492b1,18a608ef-188d-4274-b718-5bc3a5621f26,e4da5453-0e94-4ba4-b1bb-3b711e2a2c8d,6eb3648e-8876-4d12-96eb-7269067415d5,1778604171.630308
17f3bde5-9e00-47d0-8909-b138b266b325,0,2,9,265,2026-05-12T16:42:51.633481+00:00,order,fill,ask,,18a608ef-188d-4274-b718-5bc3a5621f26,6eb3648e-8876-4d12-96eb-7269067415d5,60.0,1.0,-1.0,0.0,,,executed,08c161e7-0e0f-4ec4-9984-2ce016f227f8,62e78fed-7d6b-4e07-91ff-337bfdd492b1,,,,,1778604171.649823
17f3bde5-9e00-47d0-8909-b138b266b325,0,2,9,266,2026-05-12T16:42:51.652734+00:00,order,fill,bid,,62e78fed-7d6b-4e07-91ff-337bfdd492b1,e4da5453-0e94-4ba4-b1bb-3b711e2a2c8d,60.0,1.0,-1.0,0.0,,,executed,08c161e7-0e0f-4ec4-9984-2ce016f227f8,18a608ef-188d-4274-b718-5bc3a5621f26,,,,,1778604171.669261
9af49dc6-a1bd-40fe-b627-4a8dbdf93e45,0,2,15,273,2026-05-12T16:42:52.261093+00:00,order,add,ask,,5ddc0ce1-5b44-4483-a1d8-475f63d44e3a,a97c9f1c-5c51-47a6-b087-fa652e7a6e31,113.0,1.0,1.0,1.0,10,10.0,active,,,,,,,1778604172.277179
17f3bde5-9e00-47d0-8909-b138b266b325,0,2,9,267,2026-05-12T16:42:52.962589+00:00,order,add,bid,,c7d374e4-30dd-4634-bfcf-d72b880212ef,121ddd6b-3999-4e05-a2b3-d80bdfc8efba,49.0,1.0,1.0,1.0,2,2.0,active,,,,,,,1778604172.979292
17f3bde5-9e00-47d0-8909-b138b266b325,0,2,9,268,2026-05-12T16:42:54.023214+00:00,order,add,ask,,e15f4f8e-d614-4f4a-a2c3-e8eccee18c38,c5382ee4-bd5b-45e4-8232-55a805c489d8,59.0,1.0,1.0,1.0,1,1.0,active,,,,,,,1778604174.039147
9af49dc6-a1bd-40fe-b627-4a8dbdf93e45,0,2,13,274,2026-05-12T16:42:56.819474+00:00,order,cancel,bid,,efcf7566-b4e3-4195-a522-b4e21d4935fe,65041421-bea3-4034-ae77-04f68c6e46fc,112.93,1.0,-1.0,0.0,,,cancelled,,,,,,,1778604176.835067
a5f35780-eeec-48f3-bd11-2a02633bc450,0,2,11,350,2026-05-12T16:42:59.870538+00:00,trade,trade,ask,S,,,42.0,1.0,,,,,,34e2d2a9-67fd-4c68-9f31-d3b8a6eaa4d6,,85b2dafb-6c03-41b5-8c1a-9b1f3c2c6b29,15688df9-6d91-4871-98ce-63cd3c881fca,7263bda7-ce07-4527-829d-593539f9496a,b051dea2-10fd-492e-a16a-123e7f6bc6ac,1778604179.886952
a5f35780-eeec-48f3-bd11-2a02633bc450,0,2,11,351,2026-05-12T16:42:59.890257+00:00,order,fill,ask,,15688df9-6d91-4871-98ce-63cd3c881fca,b051dea2-10fd-492e-a16a-123e7f6bc6ac,42.0,1.0,-1.0,0.0,,,executed,34e2d2a9-67fd-4c68-9f31-d3b8a6eaa4d6,85b2dafb-6c03-41b5-8c1a-9b1f3c2c6b29,,,,,1778604179.904917
a5f35780-eeec-48f3-bd11-2a02633bc450,0,2,11,352,2026-05-12T16:42:59.907935+00:00,order,fill,bid,,85b2dafb-6c03-41b5-8c1a-9b1f3c2c6b29,7263bda7-ce07-4527-829d-593539f9496a,42.0,1.0,-1.0,0.0,,,executed,34e2d2a9-67fd-4c68-9f31-d3b8a6eaa4d6,15688df9-6d91-4871-98ce-63cd3c881fca,,,,,1778604179.922098
a5f35780-eeec-48f3-bd11-2a02633bc450,0,2,10,353,2026-05-12T16:43:01.821036+00:00,order,cancel,ask,,75c06d64-30d8-46b6-83ac-c295d07ef3be,6a27507f-b151-4a9f-b11f-d433b22aeb62,46.0,1.0,-1.0,0.0,,,cancelled,,,,,,,1778604181.842284
17f3bde5-9e00-47d0-8909-b138b266b325,0,2,9,269,2026-05-12T16:43:02.942922+00:00,order,add,bid,,b8b92f65-f963-4651-9bcc-7cb6980cabf7,e4da5453-0e94-4ba4-b1bb-3b711e2a2c8d,53.0,1.0,1.0,1.0,1,1.0,active,,,,,,,1778604182.960525
17f3bde5-9e00-47d0-8909-b138b266b325,0,2,9,270,2026-05-12T16:43:04.544899+00:00,order,add,bid,,52cbeb17-d50f-4fa7-9a18-21a7139775a6,8097813e-2f6f-40a4-be05-70c6d8d3bca7,49.0,1.0,1.0,1.0,3,3.0,active,,,,,,,1778604184.562223
a5f35780-eeec-48f3-bd11-2a02633bc450,0,2,11,354,2026-05-12T16:43:04.586845+00:00,order,add,ask,,2abd7293-b453-4e42-97b6-57a0aac2ef99,7263bda7-ce07-4527-829d-593539f9496a,43.0,1.0,1.0,1.0,1,1.0,active,,,,,,,1778604184.603094
17f3bde5-9e00-47d0-8909-b138b266b325,0,2,9,271,2026-05-12T16:43:04.770539+00:00,order,add,ask,,8e4b46d3-8ee3-4e3c-baae-984197993a01,6eb3648e-8876-4d12-96eb-7269067415d5,58.0,1.0,1.0,1.0,1,1.0,active,,,,,,,1778604184.786899
9af49dc6-a1bd-40fe-b627-4a8dbdf93e45,0,2,15,275,2026-05-12T16:43:06.837281+00:00,order,add,ask,,f24d3eb5-9633-4732-baca-097d5ac163cb,a97c9f1c-5c51-47a6-b087-fa652e7a6e31,113.0,1.0,1.0,1.0,11,11.0,active,,,,,,,1778604186.85376
9af49dc6-a1bd-40fe-b627-4a8dbdf93e45,0,2,15,276,2026-05-12T16:43:06.894448+00:00,order,add,ask,,a69af1b3-6505-4207-af89-11e3b124b3ff,a97c9f1c-5c51-47a6-b087-fa652e7a6e31,113.0,1.0,1.0,1.0,12,12.0,active,,,,,,,1778604186.910168
a5f35780-eeec-48f3-bd11-2a02633bc450,0,2,11,355,2026-05-12T16:43:07.683315+00:00,order,add,ask,,8f5bb92f-0639-4bca-b355-84a5e67b66de,3f3f926c-76bd-44db-b2dc-3e8e8ddbccb6,42.99,1.0,1.0,1.0,1,1.0,active,,,,,,,1778604187.700341
a5f35780-eeec-48f3-bd11-2a02633bc450,0,2,11,356,2026-05-12T16:43:11.954034+00:00,order,add,ask,,a9ad4026-d2b7-4dc8-96a8-6a97123124e4,d896d1d1-903a-4faf-af2e-bda1e25a47cc,42.5,1.0,1.0,1.0,1,1.0,active,,,,,,,1778604191.97256
a5f35780-eeec-48f3-bd11-2a02633bc450,0,2,11,357,2026-05-12T16:43:12.465933+00:00,order,add,ask,,84af2256-68f8-432f-99cb-008a8046d3a7,7263bda7-ce07-4527-829d-593539f9496a,42.99,1.0,1.0,1.0,2,2.0,active,,,,,,,1778604192.483114
a5f35780-eeec-48f3-bd11-2a02633bc450,0,2,11,358,2026-05-12T16:43:14.092932+00:00,order,add,ask,,9083f6f6-685d-49a9-ba80-9644a2c27400,b051dea2-10fd-492e-a16a-123e7f6bc6ac,41.0,1.0,1.0,1.0,1,1.0,active,,,,,,,1778604194.110391
a5f35780-eeec-48f3-bd11-2a02633bc450,0,2,11,359,2026-05-12T16:43:16.377835+00:00,trade,trade,bid,B,,,41.0,1.0,,,,,,6a13980f-77a5-4ce6-ab34-95b656ef3db5,,9b2affe7-d92c-49b0-bcbb-4b068fc403c9,9083f6f6-685d-49a9-ba80-9644a2c27400,7263bda7-ce07-4527-829d-593539f9496a,b051dea2-10fd-492e-a16a-123e7f6bc6ac,1778604196.393804
a5f35780-eeec-48f3-bd11-2a02633bc450,0,2,11,360,2026-05-12T16:43:16.397442+00:00,order,fill,ask,,9083f6f6-685d-49a9-ba80-9644a2c27400,b051dea2-10fd-492e-a16a-123e7f6bc6ac,41.0,1.0,-1.0,0.0,,,executed,6a13980f-77a5-4ce6-ab34-95b656ef3db5,9b2affe7-d92c-49b0-bcbb-4b068fc403c9,,,,,1778604196.414983
a5f35780-eeec-48f3-bd11-2a02633bc450,0,2,11,361,2026-05-12T16:43:16.418784+00:00,order,fill,bid,,9b2affe7-d92c-49b0-bcbb-4b068fc403c9,7263bda7-ce07-4527-829d-593539f9496a,41.0,1.0,-1.0,0.0,,,executed,6a13980f-77a5-4ce6-ab34-95b656ef3db5,9083f6f6-685d-49a9-ba80-9644a2c27400,,,,,1778604196.434073
a5f35780-eeec-48f3-bd11-2a02633bc450,0,2,11,362,2026-05-12T16:43:16.471694+00:00,order,add,bid,,8f51adc9-f254-4ffc-be8b-c327de788102,3f3f926c-76bd-44db-b2dc-3e8e8ddbccb6,40.99,1.0,1.0,1.0,1,1.0,active,,,,,,,1778604196.487866
a5f35780-eeec-48f3-bd11-2a02633bc450,0,2,11,363,2026-05-12T16:43:16.635448+00:00,order,add,ask,,dd1bb836-70be-4bcf-b0e2-3fbcf07961a3,6a27507f-b151-4a9f-b11f-d433b22aeb62,41.0,1.0,1.0,1.0,1,1.0,active,,,,,,,1778604196.652398
a5f35780-eeec-48f3-bd11-2a02633bc450,0,2,11,364,2026-05-12T16:43:18.035712+00:00,trade,trade,ask,S,,,40.99,1.0,,,,,,26cc7307-b80c-470c-969d-fd545ae6e8a8,,8f51adc9-f254-4ffc-be8b-c327de788102,e9daa362-3a04-483b-98d8-168a7cef1e60,3f3f926c-76bd-44db-b2dc-3e8e8ddbccb6,14a8161a-9d15-4590-8e4a-d60fa690d14e,1778604198.051535
a5f35780-eeec-48f3-bd11-2a02633bc450,0,2,11,365,2026-05-12T16:43:18.055089+00:00,order,fill,ask,,e9daa362-3a04-483b-98d8-168a7cef1e60,14a8161a-9d15-4590-8e4a-d60fa690d14e,40.99,1.0,-1.0,0.0,,,executed,26cc7307-b80c-470c-969d-fd545ae6e8a8,8f51adc9-f254-4ffc-be8b-c327de788102,,,,,1778604198.071502
a5f35780-eeec-48f3-bd11-2a02633bc450,0,2,11,366,2026-05-12T16:43:18.074935+00:00,order,fill,bid,,8f51adc9-f254-4ffc-be8b-c327de788102,3f3f926c-76bd-44db-b2dc-3e8e8ddbccb6,40.99,1.0,-1.0,0.0,,,executed,26cc7307-b80c-470c-969d-fd545ae6e8a8,e9daa362-3a04-483b-98d8-168a7cef1e60,,,,,1778604198.090001
a5f35780-eeec-48f3-bd11-2a02633bc450,0,2,11,367,2026-05-12T16:43:21.459100+00:00,order,add,ask,,312683a0-ead2-4818-9785-3f03cdb507f3,3f3f926c-76bd-44db-b2dc-3e8e8ddbccb6,41.0,1.0,1.0,1.0,2,2.0,active,,,,,,,1778604201.475551
a5f35780-eeec-48f3-bd11-2a02633bc450,0,2,11,368,2026-05-12T16:43:22.778421+00:00,order,add,ask,,ecfc94a0-a41e-4072-9e7e-5d69d78d1fab,3f3f926c-76bd-44db-b2dc-3e8e8ddbccb6,41.0,1.0,1.0,1.0,3,3.0,active,,,,,,,1778604202.795191
a5f35780-eeec-48f3-bd11-2a02633bc450,0,2,11,369,2026-05-12T16:43:23.065469+00:00,order,add,bid,,a2a7eb54-66f7-405b-a92a-6e46fd3f83cd,d896d1d1-903a-4faf-af2e-bda1e25a47cc,37.0,1.0,1.0,1.0,1,1.0,active,,,,,,,1778604203.082172
a5f35780-eeec-48f3-bd11-2a02633bc450,0,2,11,370,2026-05-12T16:43:24.256810+00:00,order,add,ask,,f1907168-b8c4-442a-b55e-ab1f1e4ef018,7263bda7-ce07-4527-829d-593539f9496a,41.0,1.0,1.0,1.0,4,4.0,active,,,,,,,1778604204.274384
a5f35780-eeec-48f3-bd11-2a02633bc450,0,2,11,371,2026-05-12T16:43:26.930719+00:00,order,cancel,ask,,84af2256-68f8-432f-99cb-008a8046d3a7,7263bda7-ce07-4527-829d-593539f9496a,42.99,1.0,-1.0,0.0,,,cancelled,,,,,,,1778604206.94752
06f4d9ab-2d66-4d8f-845c-680ac99ec639,0,3,1,1,2026-05-12T16:43:26.984567+00:00,order,add,bid,,5414249e-d774-4a9f-8b4a-a3678d1715f5,664d5f3b-570d-4a80-9e72-387baf4c63ae,115.0,1.0,1.0,1.0,1,1.0,active,,,,,,,1778604207.000969
06f4d9ab-2d66-4d8f-845c-680ac99ec639,0,3,1,2,2026-05-12T16:43:27.039012+00:00,order,add,ask,,a1fbac14-25d0-4f8d-9a07-6c326a5bbf03,664d5f3b-570d-4a80-9e72-387baf4c63ae,125.0,1.0,1.0,1.0,1,1.0,active,,,,,,,1778604207.055783
06f4d9ab-2d66-4d8f-845c-680ac99ec639,0,3,1,3,2026-05-12T16:43:27.690329+00:00,order,add,ask,,7b877034-7eeb-42e2-bade-25c2ebe38129,664d5f3b-570d-4a80-9e72-387baf4c63ae,126.0,1.0,1.0,1.0,1,1.0,active,,,,,,,1778604207.749238
a5f35780-eeec-48f3-bd11-2a02633bc450,0,2,11,372,2026-05-12T16:43:27.916714+00:00,order,cancel,ask,,2abd7293-b453-4e42-97b6-57a0aac2ef99,7263bda7-ce07-4527-829d-593539f9496a,43.0,1.0,-1.0,0.0,,,cancelled,,,,,,,1778604207.934006
a5f35780-eeec-48f3-bd11-2a02633bc450,0,2,11,373,2026-05-12T16:43:29.002573+00:00,trade,trade,ask,S,,,37.0,1.0,,,,,,317c0a0e-460a-4f18-a1ce-5b75db254acb,,a2a7eb54-66f7-405b-a92a-6e46fd3f83cd,593f5a3c-6fb2-48dd-b655-b51dce0de297,d896d1d1-903a-4faf-af2e-bda1e25a47cc,3f3f926c-76bd-44db-b2dc-3e8e8ddbccb6,1778604209.018665
a5f35780-eeec-48f3-bd11-2a02633bc450,0,2,11,374,2026-05-12T16:43:29.021931+00:00,order,fill,ask,,593f5a3c-6fb2-48dd-b655-b51dce0de297,3f3f926c-76bd-44db-b2dc-3e8e8ddbccb6,37.0,1.0,-1.0,0.0,,,executed,317c0a0e-460a-4f18-a1ce-5b75db254acb,a2a7eb54-66f7-405b-a92a-6e46fd3f83cd,,,,,1778604209.037247
a5f35780-eeec-48f3-bd11-2a02633bc450,0,2,11,375,2026-05-12T16:43:29.040010+00:00,order,fill,bid,,a2a7eb54-66f7-405b-a92a-6e46fd3f83cd,d896d1d1-903a-4faf-af2e-bda1e25a47cc,37.0,1.0,-1.0,0.0,,,executed,317c0a0e-460a-4f18-a1ce-5b75db254acb,593f5a3c-6fb2-48dd-b655-b51dce0de297,,,,,1778604209.055406
17f3bde5-9e00-47d0-8909-b138b266b325,0,2,9,272,2026-05-12T16:43:30.299373+00:00,order,cancel,bid,,8b46a56d-27d5-4570-b0db-c70bfef39a16,121ddd6b-3999-4e05-a2b3-d80bdfc8efba,48.0,1.0,-1.0,0.0,,,cancelled,,,,,,,1778604210.315501
17f3bde5-9e00-47d0-8909-b138b266b325,0,2,9,273,2026-05-12T16:43:31.107590+00:00,order,cancel,bid,,c7d374e4-30dd-4634-bfcf-d72b880212ef,121ddd6b-3999-4e05-a2b3-d80bdfc8efba,49.0,1.0,-1.0,0.0,,,cancelled,,,,,,,1778604211.123623
17f3bde5-9e00-47d0-8909-b138b266b325,0,2,9,274,2026-05-12T16:43:31.345188+00:00,order,cancel,ask,,e15f4f8e-d614-4f4a-a2c3-e8eccee18c38,c5382ee4-bd5b-45e4-8232-55a805c489d8,59.0,1.0,-1.0,0.0,,,cancelled,,,,,,,1778604211.361446
17f3bde5-9e00-47d0-8909-b138b266b325,0,2,8,275,2026-05-12T16:43:31.626189+00:00,order,cancel,bid,,847ada41-c06e-4834-9747-7a8d9a2dfd62,121ddd6b-3999-4e05-a2b3-d80bdfc8efba,50.0,1.0,-1.0,0.0,,,cancelled,,,,,,,1778604211.643068
06f4d9ab-2d66-4d8f-845c-680ac99ec639,0,3,1,4,2026-05-12T16:43:31.679805+00:00,order,add,bid,,d0523067-fd1e-4bb4-b43d-4d1cfcb6020d,664d5f3b-570d-4a80-9e72-387baf4c63ae,113.0,1.0,1.0,1.0,1,1.0,active,,,,,,,1778604211.695821
17f3bde5-9e00-47d0-8909-b138b266b325,0,2,9,276,2026-05-12T16:43:31.808899+00:00,order,cancel,ask,,3219a704-0256-40bd-8408-8ddff397ff4e,c5382ee4-bd5b-45e4-8232-55a805c489d8,60.0,1.0,-1.0,0.0,,,cancelled,,,,,,,1778604211.824242
a5f35780-eeec-48f3-bd11-2a02633bc450,0,2,11,376,2026-05-12T16:43:32.269009+00:00,order,cancel,ask,,dd1bb836-70be-4bcf-b0e2-3fbcf07961a3,6a27507f-b151-4a9f-b11f-d433b22aeb62,41.0,1.0,-1.0,0.0,,,cancelled,,,,,,,1778604212.285232
a5f35780-eeec-48f3-bd11-2a02633bc450,0,2,11,377,2026-05-12T16:43:33.803947+00:00,order,add,bid,,f8ee51d9-483a-49cf-a77d-6d2b10848f08,d896d1d1-903a-4faf-af2e-bda1e25a47cc,37.0,1.0,1.0,1.0,1,1.0,active,,,,,,,1778604213.822867
a5f35780-eeec-48f3-bd11-2a02633bc450,0,2,11,378,2026-05-12T16:43:35.036612+00:00,order,add,ask,,5c1b59bd-911d-4c7a-86de-fec6c7dd391d,6a27507f-b151-4a9f-b11f-d433b22aeb62,40.5,1.0,1.0,1.0,1,1.0,active,,,,,,,1778604215.053652
17f3bde5-9e00-47d0-8909-b138b266b325,0,2,9,277,2026-05-12T16:43:35.911715+00:00,order,cancel,bid,,b8b92f65-f963-4651-9bcc-7cb6980cabf7,e4da5453-0e94-4ba4-b1bb-3b711e2a2c8d,53.0,1.0,-1.0,0.0,,,cancelled,,,,,,,1778604215.92732
17f3bde5-9e00-47d0-8909-b138b266b325,0,2,10,278,2026-05-12T16:43:37.473866+00:00,order,add,bid,,383f41c8-5101-4951-800d-81e0ff672418,121ddd6b-3999-4e05-a2b3-d80bdfc8efba,15.0,1.0,1.0,1.0,1,1.0,active,,,,,,,1778604217.489824
17f3bde5-9e00-47d0-8909-b138b266b325,0,2,9,279,2026-05-12T16:43:37.913099+00:00,order,cancel,bid,,52cbeb17-d50f-4fa7-9a18-21a7139775a6,8097813e-2f6f-40a4-be05-70c6d8d3bca7,49.0,1.0,-1.0,0.0,,,cancelled,,,,,,,1778604217.929463
17f3bde5-9e00-47d0-8909-b138b266b325,0,2,10,280,2026-05-12T16:43:38.055565+00:00,order,add,bid,,baa68105-e255-47b3-bddd-af3c0a014291,1fee9bd8-a0b5-414d-b996-84be8a4a131f,50.0,1.0,1.0,1.0,3,3.0,active,,,,,,,1778604218.071616
a5f35780-eeec-48f3-bd11-2a02633bc450,0,2,11,379,2026-05-12T16:43:38.201346+00:00,order,cancel,ask,,f1907168-b8c4-442a-b55e-ab1f1e4ef018,7263bda7-ce07-4527-829d-593539f9496a,41.0,1.0,-1.0,0.0,,,cancelled,,,,,,,1778604218.218061
17f3bde5-9e00-47d0-8909-b138b266b325,0,2,10,281,2026-05-12T16:43:38.527686+00:00,trade,trade,ask,S,,,50.0,1.0,,,,,,c5384053-ac8b-4a7d-9ef8-d4df0012cfcc,,ff0b6dcb-699a-4424-90b3-36b8c0679743,21e9fa7a-343d-4aba-b484-14b40dd0826a,6eb3648e-8876-4d12-96eb-7269067415d5,c5382ee4-bd5b-45e4-8232-55a805c489d8,1778604218.544528
17f3bde5-9e00-47d0-8909-b138b266b325,0,2,10,282,2026-05-12T16:43:38.547610+00:00,order,fill,ask,,21e9fa7a-343d-4aba-b484-14b40dd0826a,c5382ee4-bd5b-45e4-8232-55a805c489d8,50.0,1.0,-1.0,0.0,,,executed,c5384053-ac8b-4a7d-9ef8-d4df0012cfcc,ff0b6dcb-699a-4424-90b3-36b8c0679743,,,,,1778604218.562578
17f3bde5-9e00-47d0-8909-b138b266b325,0,2,10,283,2026-05-12T16:43:38.565792+00:00,order,fill,bid,,ff0b6dcb-699a-4424-90b3-36b8c0679743,6eb3648e-8876-4d12-96eb-7269067415d5,50.0,1.0,-1.0,0.0,,,executed,c5384053-ac8b-4a7d-9ef8-d4df0012cfcc,21e9fa7a-343d-4aba-b484-14b40dd0826a,,,,,1778604218.581658
17f3bde5-9e00-47d0-8909-b138b266b325,0,2,10,284,2026-05-12T16:43:39.137682+00:00,order,add,ask,,c6d8d2f6-735f-4a7c-9b3d-15fba84c955b,6eb3648e-8876-4d12-96eb-7269067415d5,60.0,1.0,1.0,1.0,1,1.0,active,,,,,,,1778604219.153991
06f4d9ab-2d66-4d8f-845c-680ac99ec639,0,3,1,5,2026-05-12T16:43:39.592470+00:00,order,add,ask,,d3c4c015-8b4c-4950-927c-059a23f05a48,b5eb1e0a-5002-4683-a96b-77986bde95ab,124.0,1.0,1.0,1.0,1,1.0,active,,,,,,,1778604219.60894
06f4d9ab-2d66-4d8f-845c-680ac99ec639,0,3,1,6,2026-05-12T16:43:39.761146+00:00,order,add,bid,,bb3cbd99-ad3f-47d1-acf6-84f2d91b781e,cda8f129-61a6-4153-bf08-1c1a945507c7,115.0,1.0,1.0,1.0,2,2.0,active,,,,,,,1778604219.777342
17f3bde5-9e00-47d0-8909-b138b266b325,0,2,10,285,2026-05-12T16:43:41.657149+00:00,order,add,bid,,dc9a59ce-eff1-4f22-b6d9-9e6b15c05cb0,121ddd6b-3999-4e05-a2b3-d80bdfc8efba,20.0,1.0,1.0,1.0,1,1.0,active,,,,,,,1778604221.673216
a5f35780-eeec-48f3-bd11-2a02633bc450,0,2,11,380,2026-05-12T16:43:41.713595+00:00,order,add,bid,,dde851bf-641a-41d8-9e8c-01cb4e6d6e86,3f3f926c-76bd-44db-b2dc-3e8e8ddbccb6,38.7,1.0,1.0,1.0,1,1.0,active,,,,,,,1778604221.729283
17f3bde5-9e00-47d0-8909-b138b266b325,0,2,9,286,2026-05-12T16:43:42.647817+00:00,order,cancel,bid,,585c24a3-d63f-4ff9-91d7-0d8b6446819a,e4da5453-0e94-4ba4-b1bb-3b711e2a2c8d,50.0,1.0,-1.0,0.0,,,cancelled,,,,,,,1778604222.664661
17f3bde5-9e00-47d0-8909-b138b266b325,0,2,10,287,2026-05-12T16:43:42.904554+00:00,order,add,ask,,1c0b5d39-3c22-43e6-a2f2-d4b22bf256eb,c5382ee4-bd5b-45e4-8232-55a805c489d8,54.0,1.0,1.0,1.0,1,1.0,active,,,,,,,1778604222.921329
17f3bde5-9e00-47d0-8909-b138b266b325,0,2,7,288,2026-05-12T16:43:44.247975+00:00,order,cancel,bid,,859ff244-06ff-4a50-8758-bda3daa92f4e,e4da5453-0e94-4ba4-b1bb-3b711e2a2c8d,48.0,1.0,-1.0,0.0,,,cancelled,,,,,,,1778604224.264738
a5f35780-eeec-48f3-bd11-2a02633bc450,0,2,11,381,2026-05-12T16:43:44.424777+00:00,order,add,bid,,cde2a8b9-35e3-4558-a69b-fe5c44022631,d896d1d1-903a-4faf-af2e-bda1e25a47cc,37.2,1.0,1.0,1.0,1,1.0,active,,,,,,,1778604224.441843
06f4d9ab-2d66-4d8f-845c-680ac99ec639,0,3,1,7,2026-05-12T16:43:44.968488+00:00,order,add,ask,,012aec9e-7f77-41f6-bf34-f9b654860c55,cda8f129-61a6-4153-bf08-1c1a945507c7,120.0,1.0,1.0,1.0,1,1.0,active,,,,,,,1778604224.984765
17f3bde5-9e00-47d0-8909-b138b266b325,0,2,10,289,2026-05-12T16:43:46.608368+00:00,order,add,bid,,b79d5b57-9efb-4f05-bb7c-4b7c86c20b2f,121ddd6b-3999-4e05-a2b3-d80bdfc8efba,10.0,1.0,1.0,1.0,1,1.0,active,,,,,,,1778604226.625469
06f4d9ab-2d66-4d8f-845c-680ac99ec639,0,3,1,8,2026-05-12T16:43:47.213891+00:00,order,cancel,bid,,5414249e-d774-4a9f-8b4a-a3678d1715f5,664d5f3b-570d-4a80-9e72-387baf4c63ae,115.0,1.0,-1.0,0.0,,,cancelled,,,,,,,1778604227.229978
17f3bde5-9e00-47d0-8909-b138b266b325,0,2,8,290,2026-05-12T16:43:48.259079+00:00,order,cancel,ask,,e1b9891f-ad99-4b09-bbdc-b8fb8bf74754,121ddd6b-3999-4e05-a2b3-d80bdfc8efba,80.0,1.0,-1.0,0.0,,,cancelled,,,,,,,1778604228.274803
17f3bde5-9e00-47d0-8909-b138b266b325,0,2,8,291,2026-05-12T16:43:48.297574+00:00,order,cancel,ask,,c70e459b-f63b-4616-9650-74c8b17176d0,121ddd6b-3999-4e05-a2b3-d80bdfc8efba,80.0,1.0,-1.0,0.0,,,cancelled,,,,,,,1778604228.313927
a5f35780-eeec-48f3-bd11-2a02633bc450,0,2,11,382,2026-05-12T16:43:48.356148+00:00,order,cancel,ask,,5c1b59bd-911d-4c7a-86de-fec6c7dd391d,6a27507f-b151-4a9f-b11f-d433b22aeb62,40.5,1.0,-1.0,0.0,,,cancelled,,,,,,,1778604228.371029
a5f35780-eeec-48f3-bd11-2a02633bc450,0,2,11,383,2026-05-12T16:43:49.531131+00:00,trade,trade,ask,S,,,38.7,1.0,,,,,,1df43ad9-b967-46d4-a72d-5fb78cd76528,,dde851bf-641a-41d8-9e8c-01cb4e6d6e86,6b616090-6baa-465e-bb7c-a54076f1557e,3f3f926c-76bd-44db-b2dc-3e8e8ddbccb6,14a8161a-9d15-4590-8e4a-d60fa690d14e,1778604229.546645
a5f35780-eeec-48f3-bd11-2a02633bc450,0,2,11,384,2026-05-12T16:43:49.549521+00:00,order,fill,ask,,6b616090-6baa-465e-bb7c-a54076f1557e,14a8161a-9d15-4590-8e4a-d60fa690d14e,38.7,1.0,-1.0,0.0,,,executed,1df43ad9-b967-46d4-a72d-5fb78cd76528,dde851bf-641a-41d8-9e8c-01cb4e6d6e86,,,,,1778604229.564468
a5f35780-eeec-48f3-bd11-2a02633bc450,0,2,11,385,2026-05-12T16:43:49.567275+00:00,order,fill,bid,,dde851bf-641a-41d8-9e8c-01cb4e6d6e86,3f3f926c-76bd-44db-b2dc-3e8e8ddbccb6,38.7,1.0,-1.0,0.0,,,executed,1df43ad9-b967-46d4-a72d-5fb78cd76528,6b616090-6baa-465e-bb7c-a54076f1557e,,,,,1778604229.582452
a5f35780-eeec-48f3-bd11-2a02633bc450,0,2,11,386,2026-05-12T16:43:49.828368+00:00,order,add,ask,,85829efa-e56f-4bdd-b837-98306ce5a4d8,6a27507f-b151-4a9f-b11f-d433b22aeb62,38.5,1.0,1.0,1.0,1,1.0,active,,,,,,,1778604229.844682
06f4d9ab-2d66-4d8f-845c-680ac99ec639,0,3,1,9,2026-05-12T16:43:50.296347+00:00,trade,trade,bid,B,,,120.0,1.0,,,,,,b8b14de2-90d4-4e0a-8f6d-b10b9c3a03ea,,2b259e54-6208-452d-8adf-637e1a4d6517,012aec9e-7f77-41f6-bf34-f9b654860c55,b5eb1e0a-5002-4683-a96b-77986bde95ab,cda8f129-61a6-4153-bf08-1c1a945507c7,1778604230.312419
06f4d9ab-2d66-4d8f-845c-680ac99ec639,0,3,1,10,2026-05-12T16:43:50.316244+00:00,order,fill,ask,,012aec9e-7f77-41f6-bf34-f9b654860c55,cda8f129-61a6-4153-bf08-1c1a945507c7,120.0,1.0,-1.0,0.0,,,executed,b8b14de2-90d4-4e0a-8f6d-b10b9c3a03ea,2b259e54-6208-452d-8adf-637e1a4d6517,,,,,1778604230.332143
06f4d9ab-2d66-4d8f-845c-680ac99ec639,0,3,1,11,2026-05-12T16:43:50.335083+00:00,order,fill,bid,,2b259e54-6208-452d-8adf-637e1a4d6517,b5eb1e0a-5002-4683-a96b-77986bde95ab,124.0,1.0,-1.0,0.0,,,executed,b8b14de2-90d4-4e0a-8f6d-b10b9c3a03ea,012aec9e-7f77-41f6-bf34-f9b654860c55,,,,,1778604230.350338
a5f35780-eeec-48f3-bd11-2a02633bc450,0,2,11,387,2026-05-12T16:43:51.626903+00:00,order,add,ask,,b8297790-3ebc-48ee-932e-2e4569936f67,3f3f926c-76bd-44db-b2dc-3e8e8ddbccb6,40.7,1.0,1.0,1.0,1,1.0,active,,,,,,,1778604231.643884
17f3bde5-9e00-47d0-8909-b138b266b325,0,2,9,292,2026-05-12T16:43:52.510621+00:00,order,cancel,ask,,a846ea3a-56ec-4190-b1c9-1655f3a33c43,8097813e-2f6f-40a4-be05-70c6d8d3bca7,89.0,1.0,-1.0,0.0,,,cancelled,,,,,,,1778604232.527184
17f3bde5-9e00-47d0-8909-b138b266b325,0,2,10,293,2026-05-12T16:43:52.953972+00:00,order,add,bid,,acebe81e-bc54-436e-a03c-eb9723d791ab,6eb3648e-8876-4d12-96eb-7269067415d5,20.0,1.0,1.0,1.0,2,2.0,active,,,,,,,1778604232.970294
17f3bde5-9e00-47d0-8909-b138b266b325,0,2,9,294,2026-05-12T16:43:53.370036+00:00,order,cancel,ask,,a8a4d252-bffc-44af-9d5c-5eba5769b0c4,121ddd6b-3999-4e05-a2b3-d80bdfc8efba,78.0,1.0,-1.0,0.0,,,cancelled,,,,,,,1778604233.385493
a5f35780-eeec-48f3-bd11-2a02633bc450,0,2,10,388,2026-05-12T16:43:55.035789+00:00,order,cancel,ask,,e4bbf8af-f178-4ae5-bc9e-b8d0a063bb0c,3f3f926c-76bd-44db-b2dc-3e8e8ddbccb6,45.0,1.0,-1.0,0.0,,,cancelled,,,,,,,1778604235.05562
17f3bde5-9e00-47d0-8909-b138b266b325,0,2,10,295,2026-05-12T16:43:55.097844+00:00,trade,trade,ask,S,,,50.0,1.0,,,,,,58e7333f-2396-4dee-b3a5-4ae2eb7f2834,,baa68105-e255-47b3-bddd-af3c0a014291,c9f23e98-30d9-4e03-be87-b0ed348209bc,1fee9bd8-a0b5-414d-b996-84be8a4a131f,c5382ee4-bd5b-45e4-8232-55a805c489d8,1778604235.113804
17f3bde5-9e00-47d0-8909-b138b266b325,0,2,10,296,2026-05-12T16:43:55.116935+00:00,order,fill,ask,,c9f23e98-30d9-4e03-be87-b0ed348209bc,c5382ee4-bd5b-45e4-8232-55a805c489d8,50.0,1.0,-1.0,0.0,,,executed,58e7333f-2396-4dee-b3a5-4ae2eb7f2834,baa68105-e255-47b3-bddd-af3c0a014291,,,,,1778604235.13317
17f3bde5-9e00-47d0-8909-b138b266b325,0,2,10,297,2026-05-12T16:43:55.136005+00:00,order,fill,bid,,baa68105-e255-47b3-bddd-af3c0a014291,1fee9bd8-a0b5-414d-b996-84be8a4a131f,50.0,1.0,-1.0,0.0,,,executed,58e7333f-2396-4dee-b3a5-4ae2eb7f2834,c9f23e98-30d9-4e03-be87-b0ed348209bc,,,,,1778604235.151301
a5f35780-eeec-48f3-bd11-2a02633bc450,0,2,10,389,2026-05-12T16:43:55.853076+00:00,order,cancel,ask,,db64c757-3d89-4d94-af63-4ef819c1efdf,3f3f926c-76bd-44db-b2dc-3e8e8ddbccb6,44.75,1.0,-1.0,0.0,,,cancelled,,,,,,,1778604235.868693
a5f35780-eeec-48f3-bd11-2a02633bc450,0,2,10,390,2026-05-12T16:43:55.902709+00:00,order,cancel,ask,,23b5560b-9220-415a-836b-dc259d3ff21f,3f3f926c-76bd-44db-b2dc-3e8e8ddbccb6,44.75,1.0,-1.0,0.0,,,cancelled,,,,,,,1778604235.917249
a5f35780-eeec-48f3-bd11-2a02633bc450,0,2,11,391,2026-05-12T16:43:56.161876+00:00,order,add,ask,,58c91799-24bd-41ae-b275-6326e1f700ee,7263bda7-ce07-4527-829d-593539f9496a,38.0,1.0,1.0,1.0,1,1.0,active,,,,,,,1778604236.17779
17f3bde5-9e00-47d0-8909-b138b266b325,0,2,10,298,2026-05-12T16:43:56.361087+00:00,order,add,bid,,eb29f538-0dfe-4dca-8ebf-fcbba7a3fb2f,6eb3648e-8876-4d12-96eb-7269067415d5,15.0,1.0,1.0,1.0,2,2.0,active,,,,,,,1778604236.376644
17f3bde5-9e00-47d0-8909-b138b266b325,0,2,10,299,2026-05-12T16:43:56.414173+00:00,order,add,ask,,c384fab5-1b80-41a2-87ec-782475434442,e4da5453-0e94-4ba4-b1bb-3b711e2a2c8d,50.0,1.0,1.0,1.0,1,1.0,active,,,,,,,1778604236.42919
17f3bde5-9e00-47d0-8909-b138b266b325,0,2,10,300,2026-05-12T16:43:58.367992+00:00,order,add,ask,,142b88d8-f15b-43c2-8bcc-26dd191c1cc7,1fee9bd8-a0b5-414d-b996-84be8a4a131f,54.0,1.0,1.0,1.0,2,2.0,active,,,,,,,1778604238.384069
17f3bde5-9e00-47d0-8909-b138b266b325,0,2,10,301,2026-05-12T16:43:59.570650+00:00,order,add,bid,,30f7dbc9-f13a-4e00-b72c-1215b782cd35,6eb3648e-8876-4d12-96eb-7269067415d5,10.0,1.0,1.0,1.0,2,2.0,active,,,,,,,1778604239.58634
17f3bde5-9e00-47d0-8909-b138b266b325,0,2,10,302,2026-05-12T16:44:00.145762+00:00,order,cancel,ask,,142b88d8-f15b-43c2-8bcc-26dd191c1cc7,1fee9bd8-a0b5-414d-b996-84be8a4a131f,54.0,1.0,-1.0,0.0,,,cancelled,,,,,,,1778604240.162527
17f3bde5-9e00-47d0-8909-b138b266b325,0,2,10,303,2026-05-12T16:44:01.648757+00:00,order,add,bid,,f4602a77-8d3d-4b46-95c6-a4c01b0d4063,121ddd6b-3999-4e05-a2b3-d80bdfc8efba,40.0,1.0,1.0,1.0,4,4.0,active,,,,,,,1778604241.671456
17f3bde5-9e00-47d0-8909-b138b266b325,0,2,10,304,2026-05-12T16:44:04.104301+00:00,order,add,ask,,331cd573-3d30-4218-b69a-487504a8d2b9,c5382ee4-bd5b-45e4-8232-55a805c489d8,50.0,1.0,1.0,1.0,2,2.0,active,,,,,,,1778604244.121678
06f4d9ab-2d66-4d8f-845c-680ac99ec639,0,3,1,12,2026-05-12T16:44:06.480809+00:00,order,add,ask,,54e76e67-8a7c-49e8-991b-cfedd8a1f34e,cda8f129-61a6-4153-bf08-1c1a945507c7,117.0,1.0,1.0,1.0,1,1.0,active,,,,,,,1778604246.496828
17f3bde5-9e00-47d0-8909-b138b266b325,0,2,10,305,2026-05-12T16:44:07.288397+00:00,order,cancel,ask,,1c0b5d39-3c22-43e6-a2f2-d4b22bf256eb,c5382ee4-bd5b-45e4-8232-55a805c489d8,54.0,1.0,-1.0,0.0,,,cancelled,,,,,,,1778604247.303673
06f4d9ab-2d66-4d8f-845c-680ac99ec639,0,3,1,13,2026-05-12T16:44:08.143501+00:00,trade,trade,bid,B,,,117.0,1.0,,,,,,4c65c86b-aa1c-4b3d-9dfa-2709ef77ef09,,fbace5a2-215d-4d90-beba-363fa2078828,54e76e67-8a7c-49e8-991b-cfedd8a1f34e,664d5f3b-570d-4a80-9e72-387baf4c63ae,cda8f129-61a6-4153-bf08-1c1a945507c7,1778604248.15965
06f4d9ab-2d66-4d8f-845c-680ac99ec639,0,3,1,14,2026-05-12T16:44:08.162611+00:00,order,fill,ask,,54e76e67-8a7c-49e8-991b-cfedd8a1f34e,cda8f129-61a6-4153-bf08-1c1a945507c7,117.0,1.0,-1.0,0.0,,,executed,4c65c86b-aa1c-4b3d-9dfa-2709ef77ef09,fbace5a2-215d-4d90-beba-363fa2078828,,,,,1778604248.177798
06f4d9ab-2d66-4d8f-845c-680ac99ec639,0,3,1,15,2026-05-12T16:44:08.180606+00:00,order,fill,bid,,fbace5a2-215d-4d90-beba-363fa2078828,664d5f3b-570d-4a80-9e72-387baf4c63ae,117.0,1.0,-1.0,0.0,,,executed,4c65c86b-aa1c-4b3d-9dfa-2709ef77ef09,54e76e67-8a7c-49e8-991b-cfedd8a1f34e,,,,,1778604248.196211
06f4d9ab-2d66-4d8f-845c-680ac99ec639,0,3,1,16,2026-05-12T16:44:10.559740+00:00,trade,trade,bid,B,,,124.0,1.0,,,,,,1e94a292-12ca-47ac-a29d-13c32bde3015,,21865009-21da-490f-adfc-3854a1d25fe0,d3c4c015-8b4c-4950-927c-059a23f05a48,664d5f3b-570d-4a80-9e72-387baf4c63ae,b5eb1e0a-5002-4683-a96b-77986bde95ab,1778604250.575815
06f4d9ab-2d66-4d8f-845c-680ac99ec639,0,3,1,17,2026-05-12T16:44:10.578982+00:00,order,fill,ask,,d3c4c015-8b4c-4950-927c-059a23f05a48,b5eb1e0a-5002-4683-a96b-77986bde95ab,124.0,1.0,-1.0,0.0,,,executed,1e94a292-12ca-47ac-a29d-13c32bde3015,21865009-21da-490f-adfc-3854a1d25fe0,,,,,1778604250.595386
06f4d9ab-2d66-4d8f-845c-680ac99ec639,0,3,1,18,2026-05-12T16:44:10.598699+00:00,order,fill,bid,,21865009-21da-490f-adfc-3854a1d25fe0,664d5f3b-570d-4a80-9e72-387baf4c63ae,124.0,1.0,-1.0,0.0,,,executed,1e94a292-12ca-47ac-a29d-13c32bde3015,d3c4c015-8b4c-4950-927c-059a23f05a48,,,,,1778604250.614552
17f3bde5-9e00-47d0-8909-b138b266b325,0,2,10,306,2026-05-12T16:44:10.649809+00:00,order,add,bid,,6e11ac71-af9c-4fc8-a75e-ccb6a5d400f1,121ddd6b-3999-4e05-a2b3-d80bdfc8efba,5.0,1.0,1.0,1.0,1,1.0,active,,,,,,,1778604250.665857
17f3bde5-9e00-47d0-8909-b138b266b325,0,2,10,307,2026-05-12T16:44:10.722460+00:00,order,add,ask,,1f2a99ba-dfd7-43f3-b690-9d50977ca7a5,6eb3648e-8876-4d12-96eb-7269067415d5,50.0,1.0,1.0,1.0,3,3.0,active,,,,,,,1778604250.738013
17f3bde5-9e00-47d0-8909-b138b266b325,0,2,10,308,2026-05-12T16:44:11.494837+00:00,order,add,bid,,79c210a0-776b-4390-9f6a-e896a19a17a1,8097813e-2f6f-40a4-be05-70c6d8d3bca7,48.5,1.0,1.0,1.0,1,1.0,active,,,,,,,1778604251.512482
06f4d9ab-2d66-4d8f-845c-680ac99ec639,0,3,1,19,2026-05-12T16:44:11.547150+00:00,trade,trade,ask,S,,,115.0,1.0,,,,,,04fc709e-3823-4583-a7c0-4e732edc298a,,bb3cbd99-ad3f-47d1-acf6-84f2d91b781e,2a55ebc7-405e-49ad-90ed-f1df38650fce,cda8f129-61a6-4153-bf08-1c1a945507c7,664d5f3b-570d-4a80-9e72-387baf4c63ae,1778604251.562935
06f4d9ab-2d66-4d8f-845c-680ac99ec639,0,3,1,20,2026-05-12T16:44:11.566028+00:00,order,fill,ask,,2a55ebc7-405e-49ad-90ed-f1df38650fce,664d5f3b-570d-4a80-9e72-387baf4c63ae,115.0,1.0,-1.0,0.0,,,executed,04fc709e-3823-4583-a7c0-4e732edc298a,bb3cbd99-ad3f-47d1-acf6-84f2d91b781e,,,,,1778604251.581306
06f4d9ab-2d66-4d8f-845c-680ac99ec639,0,3,1,21,2026-05-12T16:44:11.584282+00:00,order,fill,bid,,bb3cbd99-ad3f-47d1-acf6-84f2d91b781e,cda8f129-61a6-4153-bf08-1c1a945507c7,115.0,1.0,-1.0,0.0,,,executed,04fc709e-3823-4583-a7c0-4e732edc298a,2a55ebc7-405e-49ad-90ed-f1df38650fce,,,,,1778604251.599347
17f3bde5-9e00-47d0-8909-b138b266b325,0,2,10,309,2026-05-12T16:44:14.527501+00:00,order,add,bid,,78081c0a-593f-404b-be4c-34e2d81542b5,e4da5453-0e94-4ba4-b1bb-3b711e2a2c8d,38.0,1.0,1.0,1.0,1,1.0,active,,,,,,,1778604254.543404
17f3bde5-9e00-47d0-8909-b138b266b325,0,2,10,310,2026-05-12T16:44:16.985082+00:00,order,add,bid,,f510820d-336c-4f8c-8fac-d54f27a56f53,6eb3648e-8876-4d12-96eb-7269067415d5,5.0,1.0,1.0,1.0,2,2.0,active,,,,,,,1778604257.001897
06f4d9ab-2d66-4d8f-845c-680ac99ec639,0,3,1,22,2026-05-12T16:44:18.985490+00:00,order,add,bid,,bf9e43cf-95f6-41bf-8c67-998988dc4dc8,664d5f3b-570d-4a80-9e72-387baf4c63ae,109.0,1.0,1.0,1.0,1,1.0,active,,,,,,,1778604259.001768
17f3bde5-9e00-47d0-8909-b138b266b325,0,2,8,311,2026-05-12T16:44:19.647604+00:00,order,cancel,bid,,5c3e8bf9-51a3-4413-be63-d9c9f87af734,e4da5453-0e94-4ba4-b1bb-3b711e2a2c8d,45.0,1.0,-1.0,0.0,,,cancelled,,,,,,,1778604259.663556
17f3bde5-9e00-47d0-8909-b138b266b325,0,2,10,312,2026-05-12T16:44:20.679968+00:00,order,add,bid,,d53bc141-ceba-45fd-94a3-5300547d0512,c5382ee4-bd5b-45e4-8232-55a805c489d8,40.0,1.0,1.0,1.0,5,5.0,active,,,,,,,1778604260.697257
a5f35780-eeec-48f3-bd11-2a02633bc450,0,2,11,392,2026-05-12T16:44:20.786472+00:00,order,cancel,bid,,cde2a8b9-35e3-4558-a69b-fe5c44022631,d896d1d1-903a-4faf-af2e-bda1e25a47cc,37.2,1.0,-1.0,0.0,,,cancelled,,,,,,,1778604260.802386
a5f35780-eeec-48f3-bd11-2a02633bc450,0,2,11,393,2026-05-12T16:44:20.947490+00:00,order,cancel,ask,,8f5bb92f-0639-4bca-b355-84a5e67b66de,3f3f926c-76bd-44db-b2dc-3e8e8ddbccb6,42.99,1.0,-1.0,0.0,,,cancelled,,,,,,,1778604260.964034
06f4d9ab-2d66-4d8f-845c-680ac99ec639,0,3,1,23,2026-05-12T16:44:21.393698+00:00,order,add,bid,,ad13d89d-43e7-40c1-975b-044a0c4c54fc,cda8f129-61a6-4153-bf08-1c1a945507c7,117.0,1.0,1.0,1.0,1,1.0,active,,,,,,,1778604261.409786
a5f35780-eeec-48f3-bd11-2a02633bc450,0,2,11,394,2026-05-12T16:44:21.523603+00:00,order,cancel,ask,,312683a0-ead2-4818-9785-3f03cdb507f3,3f3f926c-76bd-44db-b2dc-3e8e8ddbccb6,41.0,1.0,-1.0,0.0,,,cancelled,,,,,,,1778604261.539874
a5f35780-eeec-48f3-bd11-2a02633bc450,0,2,11,395,2026-05-12T16:44:21.576454+00:00,order,cancel,ask,,ecfc94a0-a41e-4072-9e7e-5d69d78d1fab,3f3f926c-76bd-44db-b2dc-3e8e8ddbccb6,41.0,1.0,-1.0,0.0,,,cancelled,,,,,,,1778604261.593203
a5f35780-eeec-48f3-bd11-2a02633bc450,0,2,11,396,2026-05-12T16:44:21.629271+00:00,order,cancel,bid,,f8ee51d9-483a-49cf-a77d-6d2b10848f08,d896d1d1-903a-4faf-af2e-bda1e25a47cc,37.0,1.0,-1.0,0.0,,,cancelled,,,,,,,1778604261.652297
17f3bde5-9e00-47d0-8909-b138b266b325,0,2,10,313,2026-05-12T16:44:21.791071+00:00,trade,trade,ask,S,,,49.0,1.0,,,,,,e65000b7-d73a-4578-a813-c8cb463a7fde,,7b96ce4e-4a60-4b3a-8f0c-efba1198a7bc,3219dd12-c0c5-416f-9094-636b15ecce60,6eb3648e-8876-4d12-96eb-7269067415d5,8097813e-2f6f-40a4-be05-70c6d8d3bca7,1778604261.807229
17f3bde5-9e00-47d0-8909-b138b266b325,0,2,10,314,2026-05-12T16:44:21.810458+00:00,order,fill,ask,,3219dd12-c0c5-416f-9094-636b15ecce60,8097813e-2f6f-40a4-be05-70c6d8d3bca7,49.0,1.0,-1.0,0.0,,,executed,e65000b7-d73a-4578-a813-c8cb463a7fde,7b96ce4e-4a60-4b3a-8f0c-efba1198a7bc,,,,,1778604261.825736
17f3bde5-9e00-47d0-8909-b138b266b325,0,2,10,315,2026-05-12T16:44:21.828667+00:00,order,fill,bid,,7b96ce4e-4a60-4b3a-8f0c-efba1198a7bc,6eb3648e-8876-4d12-96eb-7269067415d5,49.0,1.0,-1.0,0.0,,,executed,e65000b7-d73a-4578-a813-c8cb463a7fde,3219dd12-c0c5-416f-9094-636b15ecce60,,,,,1778604261.843539
06f4d9ab-2d66-4d8f-845c-680ac99ec639,0,3,1,24,2026-05-12T16:44:22.073460+00:00,order,add,ask,,9cf04e8e-cf41-4f0b-99a3-e6fe8109f35b,b5eb1e0a-5002-4683-a96b-77986bde95ab,124.0,1.0,1.0,1.0,1,1.0,active,,,,,,,1778604262.089265
a5f35780-eeec-48f3-bd11-2a02633bc450,0,2,11,397,2026-05-12T16:44:22.533958+00:00,order,cancel,ask,,85829efa-e56f-4bdd-b837-98306ce5a4d8,6a27507f-b151-4a9f-b11f-d433b22aeb62,38.5,1.0,-1.0,0.0,,,cancelled,,,,,,,1778604262.551168
17f3bde5-9e00-47d0-8909-b138b266b325,0,2,10,316,2026-05-12T16:44:24.632179+00:00,trade,trade,ask,S,,,48.5,1.0,,,,,,02f29528-2c71-4f00-b75d-3500029fb2d1,,79c210a0-776b-4390-9f6a-e896a19a17a1,655dae89-fe85-4232-8289-c21e825327c2,8097813e-2f6f-40a4-be05-70c6d8d3bca7,6eb3648e-8876-4d12-96eb-7269067415d5,1778604264.647199
17f3bde5-9e00-47d0-8909-b138b266b325,0,2,10,317,2026-05-12T16:44:24.650197+00:00,order,fill,ask,,655dae89-fe85-4232-8289-c21e825327c2,6eb3648e-8876-4d12-96eb-7269067415d5,45.0,1.0,-1.0,0.0,,,executed,02f29528-2c71-4f00-b75d-3500029fb2d1,79c210a0-776b-4390-9f6a-e896a19a17a1,,,,,1778604264.66503
17f3bde5-9e00-47d0-8909-b138b266b325,0,2,10,318,2026-05-12T16:44:24.668201+00:00,order,fill,bid,,79c210a0-776b-4390-9f6a-e896a19a17a1,8097813e-2f6f-40a4-be05-70c6d8d3bca7,48.5,1.0,-1.0,0.0,,,executed,02f29528-2c71-4f00-b75d-3500029fb2d1,655dae89-fe85-4232-8289-c21e825327c2,,,,,1778604264.683445
a5f35780-eeec-48f3-bd11-2a02633bc450,0,2,12,398,2026-05-12T16:44:27.210946+00:00,order,add,ask,,3477cf4c-ad45-4db0-9db9-54740fedfd95,3f3f926c-76bd-44db-b2dc-3e8e8ddbccb6,35.0,1.0,1.0,1.0,1,1.0,active,,,,,,,1778604267.227705
a5f35780-eeec-48f3-bd11-2a02633bc450,0,2,12,399,2026-05-12T16:44:27.384578+00:00,order,add,bid,,6273ed3e-cf70-4620-9809-d1e50a18fbf2,d896d1d1-903a-4faf-af2e-bda1e25a47cc,30.0,1.0,1.0,1.0,1,1.0,active,,,,,,,1778604267.400708
a5f35780-eeec-48f3-bd11-2a02633bc450,0,2,12,400,2026-05-12T16:44:27.733074+00:00,order,add,ask,,e2f8f68c-8c8d-4d25-a7d2-17bfba353791,b051dea2-10fd-492e-a16a-123e7f6bc6ac,35.0,1.0,1.0,1.0,2,2.0,active,,,,,,,1778604267.749767
17f3bde5-9e00-47d0-8909-b138b266b325,0,2,10,319,2026-05-12T16:44:27.897462+00:00,trade,trade,ask,S,,,48.0,1.0,,,,,,88de5a81-9a00-438b-8436-877c419a6dbf,,b47bf769-44f8-4dc3-8abb-447c050328f5,7f470a4c-c9cc-4c9e-85c8-ed78ca0a849e,6eb3648e-8876-4d12-96eb-7269067415d5,1fee9bd8-a0b5-414d-b996-84be8a4a131f,1778604267.925865
17f3bde5-9e00-47d0-8909-b138b266b325,0,2,10,320,2026-05-12T16:44:27.930235+00:00,order,fill,ask,,7f470a4c-c9cc-4c9e-85c8-ed78ca0a849e,1fee9bd8-a0b5-414d-b996-84be8a4a131f,48.0,1.0,-1.0,0.0,,,executed,88de5a81-9a00-438b-8436-877c419a6dbf,b47bf769-44f8-4dc3-8abb-447c050328f5,,,,,1778604267.946441
17f3bde5-9e00-47d0-8909-b138b266b325,0,2,10,321,2026-05-12T16:44:27.949394+00:00,order,fill,bid,,b47bf769-44f8-4dc3-8abb-447c050328f5,6eb3648e-8876-4d12-96eb-7269067415d5,48.0,1.0,-1.0,0.0,,,executed,88de5a81-9a00-438b-8436-877c419a6dbf,7f470a4c-c9cc-4c9e-85c8-ed78ca0a849e,,,,,1778604267.965255
a5f35780-eeec-48f3-bd11-2a02633bc450,0,2,12,401,2026-05-12T16:44:28.994412+00:00,trade,trade,ask,S,,,30.0,1.0,,,,,,f08ad019-579b-434b-b076-8b4d8226a04c,,6273ed3e-cf70-4620-9809-d1e50a18fbf2,28a7b47b-e58d-4908-a9ff-c6bfef593a77,d896d1d1-903a-4faf-af2e-bda1e25a47cc,7263bda7-ce07-4527-829d-593539f9496a,1778604269.010013
a5f35780-eeec-48f3-bd11-2a02633bc450,0,2,12,402,2026-05-12T16:44:29.014024+00:00,order,fill,ask,,28a7b47b-e58d-4908-a9ff-c6bfef593a77,7263bda7-ce07-4527-829d-593539f9496a,30.0,1.0,-1.0,0.0,,,executed,f08ad019-579b-434b-b076-8b4d8226a04c,6273ed3e-cf70-4620-9809-d1e50a18fbf2,,,,,1778604269.029377
a5f35780-eeec-48f3-bd11-2a02633bc450,0,2,12,403,2026-05-12T16:44:29.032215+00:00,order,fill,bid,,6273ed3e-cf70-4620-9809-d1e50a18fbf2,d896d1d1-903a-4faf-af2e-bda1e25a47cc,30.0,1.0,-1.0,0.0,,,executed,f08ad019-579b-434b-b076-8b4d8226a04c,28a7b47b-e58d-4908-a9ff-c6bfef593a77,,,,,1778604269.047508
a5f35780-eeec-48f3-bd11-2a02633bc450,0,2,12,404,2026-05-12T16:44:32.177984+00:00,trade,trade,bid,B,,,35.0,1.0,,,,,,3bd44a6c-e416-4aa5-9668-de64ee9da656,,2dc45e7d-9a5f-4119-85dd-4bc66dd59f10,3477cf4c-ad45-4db0-9db9-54740fedfd95,7263bda7-ce07-4527-829d-593539f9496a,3f3f926c-76bd-44db-b2dc-3e8e8ddbccb6,1778604272.193819
a5f35780-eeec-48f3-bd11-2a02633bc450,0,2,12,405,2026-05-12T16:44:32.196929+00:00,order,fill,ask,,3477cf4c-ad45-4db0-9db9-54740fedfd95,3f3f926c-76bd-44db-b2dc-3e8e8ddbccb6,35.0,1.0,-1.0,0.0,,,executed,3bd44a6c-e416-4aa5-9668-de64ee9da656,2dc45e7d-9a5f-4119-85dd-4bc66dd59f10,,,,,1778604272.212122
a5f35780-eeec-48f3-bd11-2a02633bc450,0,2,12,406,2026-05-12T16:44:32.214944+00:00,order,fill,bid,,2dc45e7d-9a5f-4119-85dd-4bc66dd59f10,7263bda7-ce07-4527-829d-593539f9496a,35.0,1.0,-1.0,0.0,,,executed,3bd44a6c-e416-4aa5-9668-de64ee9da656,3477cf4c-ad45-4db0-9db9-54740fedfd95,,,,,1778604272.230558
a5f35780-eeec-48f3-bd11-2a02633bc450,0,2,12,407,2026-05-12T16:44:32.938501+00:00,order,add,bid,,55b3fffa-0cd3-4e27-ab15-df8eaedafdb8,3f3f926c-76bd-44db-b2dc-3e8e8ddbccb6,34.0,1.0,1.0,1.0,1,1.0,active,,,,,,,1778604272.958917
a5f35780-eeec-48f3-bd11-2a02633bc450,0,2,12,408,2026-05-12T16:44:33.002190+00:00,order,add,ask,,8bac0791-abd8-4c69-b5de-422bc5cb6bc4,d896d1d1-903a-4faf-af2e-bda1e25a47cc,35.0,1.0,1.0,1.0,2,2.0,active,,,,,,,1778604273.021525
06f4d9ab-2d66-4d8f-845c-680ac99ec639,0,3,2,25,2026-05-12T16:44:33.185646+00:00,order,add,ask,,4928f223-2822-486c-87ac-da2bbb2e415e,cda8f129-61a6-4153-bf08-1c1a945507c7,119.0,1.0,1.0,1.0,1,1.0,active,,,,,,,1778604273.20548
a5f35780-eeec-48f3-bd11-2a02633bc450,0,2,12,409,2026-05-12T16:44:34.787082+00:00,trade,trade,ask,S,,,34.0,1.0,,,,,,424a769a-c12c-4cdc-be15-4be318071687,,55b3fffa-0cd3-4e27-ab15-df8eaedafdb8,1ac17867-6e82-4ed1-9bb9-09ac31bd8347,3f3f926c-76bd-44db-b2dc-3e8e8ddbccb6,14a8161a-9d15-4590-8e4a-d60fa690d14e,1778604274.80309
a5f35780-eeec-48f3-bd11-2a02633bc450,0,2,12,410,2026-05-12T16:44:34.806118+00:00,order,fill,ask,,1ac17867-6e82-4ed1-9bb9-09ac31bd8347,14a8161a-9d15-4590-8e4a-d60fa690d14e,34.0,1.0,-1.0,0.0,,,executed,424a769a-c12c-4cdc-be15-4be318071687,55b3fffa-0cd3-4e27-ab15-df8eaedafdb8,,,,,1778604274.821367
a5f35780-eeec-48f3-bd11-2a02633bc450,0,2,12,411,2026-05-12T16:44:34.824847+00:00,order,fill,bid,,55b3fffa-0cd3-4e27-ab15-df8eaedafdb8,3f3f926c-76bd-44db-b2dc-3e8e8ddbccb6,34.0,1.0,-1.0,0.0,,,executed,424a769a-c12c-4cdc-be15-4be318071687,1ac17867-6e82-4ed1-9bb9-09ac31bd8347,,,,,1778604274.840386
a5f35780-eeec-48f3-bd11-2a02633bc450,0,2,12,412,2026-05-12T16:44:35.897982+00:00,trade,trade,bid,B,,,35.0,1.0,,,,,,55cf2ae3-7027-4e7a-a278-5e06a2134505,,90736796-4fee-440e-a280-0bf1dd5b0ba3,e2f8f68c-8c8d-4d25-a7d2-17bfba353791,7263bda7-ce07-4527-829d-593539f9496a,b051dea2-10fd-492e-a16a-123e7f6bc6ac,1778604275.913706
a5f35780-eeec-48f3-bd11-2a02633bc450,0,2,12,413,2026-05-12T16:44:35.916883+00:00,order,fill,ask,,e2f8f68c-8c8d-4d25-a7d2-17bfba353791,b051dea2-10fd-492e-a16a-123e7f6bc6ac,35.0,1.0,-1.0,0.0,,,executed,55cf2ae3-7027-4e7a-a278-5e06a2134505,90736796-4fee-440e-a280-0bf1dd5b0ba3,,,,,1778604275.931616
a5f35780-eeec-48f3-bd11-2a02633bc450,0,2,12,414,2026-05-12T16:44:35.934566+00:00,order,fill,bid,,90736796-4fee-440e-a280-0bf1dd5b0ba3,7263bda7-ce07-4527-829d-593539f9496a,35.0,1.0,-1.0,0.0,,,executed,55cf2ae3-7027-4e7a-a278-5e06a2134505,e2f8f68c-8c8d-4d25-a7d2-17bfba353791,,,,,1778604275.949529
a5f35780-eeec-48f3-bd11-2a02633bc450,0,2,12,415,2026-05-12T16:44:35.984610+00:00,order,add,ask,,3e897b9b-f39f-46e7-82e4-77c7d2dbe292,6a27507f-b151-4a9f-b11f-d433b22aeb62,27.0,1.0,1.0,1.0,1,1.0,active,,,,,,,1778604276.000084
a5f35780-eeec-48f3-bd11-2a02633bc450,0,2,12,416,2026-05-12T16:44:37.593713+00:00,trade,trade,bid,B,,,27.0,1.0,,,,,,f267d406-cb76-4d72-9719-11b78bd937d6,,03ad8901-07d1-4201-9f76-b961973b6cce,3e897b9b-f39f-46e7-82e4-77c7d2dbe292,7263bda7-ce07-4527-829d-593539f9496a,6a27507f-b151-4a9f-b11f-d433b22aeb62,1778604277.609546
a5f35780-eeec-48f3-bd11-2a02633bc450,0,2,12,417,2026-05-12T16:44:37.612542+00:00,order,fill,ask,,3e897b9b-f39f-46e7-82e4-77c7d2dbe292,6a27507f-b151-4a9f-b11f-d433b22aeb62,27.0,1.0,-1.0,0.0,,,executed,f267d406-cb76-4d72-9719-11b78bd937d6,03ad8901-07d1-4201-9f76-b961973b6cce,,,,,1778604277.628548
a5f35780-eeec-48f3-bd11-2a02633bc450,0,2,12,418,2026-05-12T16:44:37.631476+00:00,order,fill,bid,,03ad8901-07d1-4201-9f76-b961973b6cce,7263bda7-ce07-4527-829d-593539f9496a,35.0,1.0,-1.0,0.0,,,executed,f267d406-cb76-4d72-9719-11b78bd937d6,3e897b9b-f39f-46e7-82e4-77c7d2dbe292,,,,,1778604277.647786
06f4d9ab-2d66-4d8f-845c-680ac99ec639,0,3,2,26,2026-05-12T16:44:39.820290+00:00,trade,trade,ask,S,,,117.0,1.0,,,,,,83ffe46b-f79f-4af2-b7ea-36135bc6dce4,,ad13d89d-43e7-40c1-975b-044a0c4c54fc,4a12fa63-85ec-414c-919c-c14db8b103f6,cda8f129-61a6-4153-bf08-1c1a945507c7,664d5f3b-570d-4a80-9e72-387baf4c63ae,1778604279.836801
06f4d9ab-2d66-4d8f-845c-680ac99ec639,0,3,2,27,2026-05-12T16:44:39.840176+00:00,order,fill,ask,,4a12fa63-85ec-414c-919c-c14db8b103f6,664d5f3b-570d-4a80-9e72-387baf4c63ae,117.0,1.0,-1.0,0.0,,,executed,83ffe46b-f79f-4af2-b7ea-36135bc6dce4,ad13d89d-43e7-40c1-975b-044a0c4c54fc,,,,,1778604279.855586
06f4d9ab-2d66-4d8f-845c-680ac99ec639,0,3,2,28,2026-05-12T16:44:39.858557+00:00,order,fill,bid,,ad13d89d-43e7-40c1-975b-044a0c4c54fc,cda8f129-61a6-4153-bf08-1c1a945507c7,117.0,1.0,-1.0,0.0,,,executed,83ffe46b-f79f-4af2-b7ea-36135bc6dce4,4a12fa63-85ec-414c-919c-c14db8b103f6,,,,,1778604279.873319
a5f35780-eeec-48f3-bd11-2a02633bc450,0,2,12,419,2026-05-12T16:44:40.025024+00:00,order,add,bid,,7d728553-3481-4768-8208-dbc10758ca5d,d896d1d1-903a-4faf-af2e-bda1e25a47cc,27.0,1.0,1.0,1.0,1,1.0,active,,,,,,,1778604280.04139
a5f35780-eeec-48f3-bd11-2a02633bc450,0,2,12,420,2026-05-12T16:44:40.523731+00:00,trade,trade,bid,B,,,35.0,1.0,,,,,,acceaa61-a66e-448a-a652-2a4cb53b61d7,,e3e6e23d-80ad-43b4-b80b-734f7792366f,8bac0791-abd8-4c69-b5de-422bc5cb6bc4,7263bda7-ce07-4527-829d-593539f9496a,d896d1d1-903a-4faf-af2e-bda1e25a47cc,1778604280.538915
a5f35780-eeec-48f3-bd11-2a02633bc450,0,2,12,421,2026-05-12T16:44:40.541927+00:00,order,fill,ask,,8bac0791-abd8-4c69-b5de-422bc5cb6bc4,d896d1d1-903a-4faf-af2e-bda1e25a47cc,35.0,1.0,-1.0,0.0,,,executed,acceaa61-a66e-448a-a652-2a4cb53b61d7,e3e6e23d-80ad-43b4-b80b-734f7792366f,,,,,1778604280.556555
a5f35780-eeec-48f3-bd11-2a02633bc450,0,2,12,422,2026-05-12T16:44:40.559213+00:00,order,fill,bid,,e3e6e23d-80ad-43b4-b80b-734f7792366f,7263bda7-ce07-4527-829d-593539f9496a,35.0,1.0,-1.0,0.0,,,executed,acceaa61-a66e-448a-a652-2a4cb53b61d7,8bac0791-abd8-4c69-b5de-422bc5cb6bc4,,,,,1778604280.573817
06f4d9ab-2d66-4d8f-845c-680ac99ec639,0,3,2,29,2026-05-12T16:44:42.632590+00:00,order,add,ask,,52cfd60e-65e4-490f-aa74-0d2eed24c906,b5eb1e0a-5002-4683-a96b-77986bde95ab,119.0,1.0,1.0,1.0,2,2.0,active,,,,,,,1778604282.648286
a5f35780-eeec-48f3-bd11-2a02633bc450,0,2,12,423,2026-05-12T16:44:43.162739+00:00,trade,trade,ask,S,,,27.0,1.0,,,,,,375222b3-18d5-4e2b-bf4e-440895c56f95,,7d728553-3481-4768-8208-dbc10758ca5d,0c79af47-d7de-4c44-b60e-49870f94d11c,d896d1d1-903a-4faf-af2e-bda1e25a47cc,7263bda7-ce07-4527-829d-593539f9496a,1778604283.178859
a5f35780-eeec-48f3-bd11-2a02633bc450,0,2,12,424,2026-05-12T16:44:43.181715+00:00,order,fill,ask,,0c79af47-d7de-4c44-b60e-49870f94d11c,7263bda7-ce07-4527-829d-593539f9496a,27.0,1.0,-1.0,0.0,,,executed,375222b3-18d5-4e2b-bf4e-440895c56f95,7d728553-3481-4768-8208-dbc10758ca5d,,,,,1778604283.196657
a5f35780-eeec-48f3-bd11-2a02633bc450,0,2,12,425,2026-05-12T16:44:43.199996+00:00,order,fill,bid,,7d728553-3481-4768-8208-dbc10758ca5d,d896d1d1-903a-4faf-af2e-bda1e25a47cc,27.0,1.0,-1.0,0.0,,,executed,375222b3-18d5-4e2b-bf4e-440895c56f95,0c79af47-d7de-4c44-b60e-49870f94d11c,,,,,1778604283.215317
a5f35780-eeec-48f3-bd11-2a02633bc450,0,2,12,426,2026-05-12T16:44:43.473771+00:00,order,add,ask,,30eaad34-3754-4c13-8b0e-6be20a6567a6,3f3f926c-76bd-44db-b2dc-3e8e8ddbccb6,35.0,1.0,1.0,1.0,1,1.0,active,,,,,,,1778604283.490182
a5f35780-eeec-48f3-bd11-2a02633bc450,0,2,11,427,2026-05-12T16:44:46.178361+00:00,order,cancel,ask,,58c91799-24bd-41ae-b275-6326e1f700ee,7263bda7-ce07-4527-829d-593539f9496a,38.0,1.0,-1.0,0.0,,,cancelled,,,,,,,1778604286.194028
a5f35780-eeec-48f3-bd11-2a02633bc450,0,2,11,428,2026-05-12T16:44:47.147380+00:00,order,cancel,ask,,b8297790-3ebc-48ee-932e-2e4569936f67,3f3f926c-76bd-44db-b2dc-3e8e8ddbccb6,40.7,1.0,-1.0,0.0,,,cancelled,,,,,,,1778604287.162307
a5f35780-eeec-48f3-bd11-2a02633bc450,0,2,12,429,2026-05-12T16:44:47.702386+00:00,order,add,ask,,c2311dc5-c3cf-4587-ab61-a95370337413,b051dea2-10fd-492e-a16a-123e7f6bc6ac,30.0,1.0,1.0,1.0,1,1.0,active,,,,,,,1778604287.718811
06f4d9ab-2d66-4d8f-845c-680ac99ec639,0,3,1,30,2026-05-12T16:44:47.837583+00:00,order,cancel,bid,,d0523067-fd1e-4bb4-b43d-4d1cfcb6020d,664d5f3b-570d-4a80-9e72-387baf4c63ae,113.0,1.0,-1.0,0.0,,,cancelled,,,,,,,1778604287.853567
a5f35780-eeec-48f3-bd11-2a02633bc450,0,2,12,430,2026-05-12T16:44:47.891604+00:00,order,add,ask,,f5ed638d-81d0-43eb-9794-a808ef64918e,d896d1d1-903a-4faf-af2e-bda1e25a47cc,35.0,1.0,1.0,1.0,2,2.0,active,,,,,,,1778604287.907177
a5f35780-eeec-48f3-bd11-2a02633bc450,0,2,12,431,2026-05-12T16:44:47.942608+00:00,trade,trade,bid,B,,,30.0,1.0,,,,,,d192f528-a2ab-410c-8af6-049fbb8001f2,,ac753a20-c480-4fbb-b721-6aa0e79a843f,c2311dc5-c3cf-4587-ab61-a95370337413,7263bda7-ce07-4527-829d-593539f9496a,b051dea2-10fd-492e-a16a-123e7f6bc6ac,1778604287.959346
a5f35780-eeec-48f3-bd11-2a02633bc450,0,2,12,432,2026-05-12T16:44:47.962530+00:00,order,fill,ask,,c2311dc5-c3cf-4587-ab61-a95370337413,b051dea2-10fd-492e-a16a-123e7f6bc6ac,30.0,1.0,-1.0,0.0,,,executed,d192f528-a2ab-410c-8af6-049fbb8001f2,ac753a20-c480-4fbb-b721-6aa0e79a843f,,,,,1778604287.978232
a5f35780-eeec-48f3-bd11-2a02633bc450,0,2,12,433,2026-05-12T16:44:47.981261+00:00,order,fill,bid,,ac753a20-c480-4fbb-b721-6aa0e79a843f,7263bda7-ce07-4527-829d-593539f9496a,35.0,1.0,-1.0,0.0,,,executed,d192f528-a2ab-410c-8af6-049fbb8001f2,c2311dc5-c3cf-4587-ab61-a95370337413,,,,,1778604287.996704
06f4d9ab-2d66-4d8f-845c-680ac99ec639,0,3,2,31,2026-05-12T16:44:49.337144+00:00,order,add,bid,,1568d291-3c03-44e7-af03-fe4da7358ea9,cda8f129-61a6-4153-bf08-1c1a945507c7,117.0,1.0,1.0,1.0,1,1.0,active,,,,,,,1778604289.352794
17f3bde5-9e00-47d0-8909-b138b266b325,0,2,10,322,2026-05-12T16:44:52.801115+00:00,order,cancel,ask,,331cd573-3d30-4218-b69a-487504a8d2b9,c5382ee4-bd5b-45e4-8232-55a805c489d8,50.0,1.0,-1.0,0.0,,,cancelled,,,,,,,1778604292.816018
a5f35780-eeec-48f3-bd11-2a02633bc450,0,2,12,434,2026-05-12T16:44:53.712873+00:00,order,add,bid,,a9301a57-0f9e-492e-a88b-fd7d6be1c798,d896d1d1-903a-4faf-af2e-bda1e25a47cc,25.0,1.0,1.0,1.0,1,1.0,active,,,,,,,1778604293.729324
a5f35780-eeec-48f3-bd11-2a02633bc450,0,2,12,435,2026-05-12T16:44:54.298559+00:00,order,add,bid,,bd6eca45-d9fd-4f64-8090-55af155d93f4,7263bda7-ce07-4527-829d-593539f9496a,30.0,1.0,1.0,1.0,1,1.0,active,,,,,,,1778604294.314618
06f4d9ab-2d66-4d8f-845c-680ac99ec639,0,3,2,32,2026-05-12T16:44:55.625101+00:00,order,add,ask,,bed58d21-67f3-49ba-83fb-3a02cd1d6b32,cda8f129-61a6-4153-bf08-1c1a945507c7,120.0,1.0,1.0,1.0,1,1.0,active,,,,,,,1778604295.641311
a5f35780-eeec-48f3-bd11-2a02633bc450,0,2,12,436,2026-05-12T16:44:57.305650+00:00,order,add,bid,,de2e1a8c-9380-45c5-9cae-4fb25ac7b920,3f3f926c-76bd-44db-b2dc-3e8e8ddbccb6,30.0,1.0,1.0,1.0,2,2.0,active,,,,,,,1778604297.321821
17f3bde5-9e00-47d0-8909-b138b266b325,0,2,11,323,2026-05-12T16:44:57.904632+00:00,trade,trade,ask,S,,,45.0,1.0,,,,,,66220aae-85bf-4a3b-b673-9df606a21598,,204de613-823d-472d-9b89-edf835b501f5,9f9c1a8d-c1eb-460d-ae75-9fc63770aae9,6eb3648e-8876-4d12-96eb-7269067415d5,c5382ee4-bd5b-45e4-8232-55a805c489d8,1778604297.920638
17f3bde5-9e00-47d0-8909-b138b266b325,0,2,11,324,2026-05-12T16:44:57.923722+00:00,order,fill,ask,,9f9c1a8d-c1eb-460d-ae75-9fc63770aae9,c5382ee4-bd5b-45e4-8232-55a805c489d8,41.0,1.0,-1.0,0.0,,,executed,66220aae-85bf-4a3b-b673-9df606a21598,204de613-823d-472d-9b89-edf835b501f5,,,,,1778604297.938493
17f3bde5-9e00-47d0-8909-b138b266b325,0,2,11,325,2026-05-12T16:44:57.941374+00:00,order,fill,bid,,204de613-823d-472d-9b89-edf835b501f5,6eb3648e-8876-4d12-96eb-7269067415d5,45.0,1.0,-1.0,0.0,,,executed,66220aae-85bf-4a3b-b673-9df606a21598,9f9c1a8d-c1eb-460d-ae75-9fc63770aae9,,,,,1778604297.956751
17f3bde5-9e00-47d0-8909-b138b266b325,0,2,11,326,2026-05-12T16:44:59.281268+00:00,trade,trade,bid,B,,,50.0,1.0,,,,,,9f7430f2-5bd8-4a1e-b991-e26cc7aacb1b,,8a970cdc-a714-4ef7-96c3-3fee99f3a0b5,c384fab5-1b80-41a2-87ec-782475434442,1fee9bd8-a0b5-414d-b996-84be8a4a131f,e4da5453-0e94-4ba4-b1bb-3b711e2a2c8d,1778604299.296974
17f3bde5-9e00-47d0-8909-b138b266b325,0,2,11,327,2026-05-12T16:44:59.300030+00:00,order,fill,ask,,c384fab5-1b80-41a2-87ec-782475434442,e4da5453-0e94-4ba4-b1bb-3b711e2a2c8d,50.0,1.0,-1.0,0.0,,,executed,9f7430f2-5bd8-4a1e-b991-e26cc7aacb1b,8a970cdc-a714-4ef7-96c3-3fee99f3a0b5,,,,,1778604299.314956
17f3bde5-9e00-47d0-8909-b138b266b325,0,2,11,328,2026-05-12T16:44:59.317856+00:00,order,fill,bid,,8a970cdc-a714-4ef7-96c3-3fee99f3a0b5,1fee9bd8-a0b5-414d-b996-84be8a4a131f,50.0,1.0,-1.0,0.0,,,executed,9f7430f2-5bd8-4a1e-b991-e26cc7aacb1b,c384fab5-1b80-41a2-87ec-782475434442,,,,,1778604299.332145
17f3bde5-9e00-47d0-8909-b138b266b325,0,2,10,329,2026-05-12T16:44:59.977342+00:00,order,cancel,bid,,6e11ac71-af9c-4fc8-a75e-ccb6a5d400f1,121ddd6b-3999-4e05-a2b3-d80bdfc8efba,5.0,1.0,-1.0,0.0,,,cancelled,,,,,,,1778604299.993196
17f3bde5-9e00-47d0-8909-b138b266b325,0,2,10,330,2026-05-12T16:45:00.522468+00:00,order,cancel,bid,,b79d5b57-9efb-4f05-bb7c-4b7c86c20b2f,121ddd6b-3999-4e05-a2b3-d80bdfc8efba,10.0,1.0,-1.0,0.0,,,cancelled,,,,,,,1778604300.540995
17f3bde5-9e00-47d0-8909-b138b266b325,0,2,10,331,2026-05-12T16:45:01.001844+00:00,order,cancel,bid,,383f41c8-5101-4951-800d-81e0ff672418,121ddd6b-3999-4e05-a2b3-d80bdfc8efba,15.0,1.0,-1.0,0.0,,,cancelled,,,,,,,1778604301.018789
17f3bde5-9e00-47d0-8909-b138b266b325,0,2,10,332,2026-05-12T16:45:01.393672+00:00,order,cancel,bid,,dc9a59ce-eff1-4f22-b6d9-9e6b15c05cb0,121ddd6b-3999-4e05-a2b3-d80bdfc8efba,20.0,1.0,-1.0,0.0,,,cancelled,,,,,,,1778604301.413724
17f3bde5-9e00-47d0-8909-b138b266b325,0,2,10,333,2026-05-12T16:45:02.009720+00:00,order,cancel,bid,,f4602a77-8d3d-4b46-95c6-a4c01b0d4063,121ddd6b-3999-4e05-a2b3-d80bdfc8efba,40.0,1.0,-1.0,0.0,,,cancelled,,,,,,,1778604302.030242
a5f35780-eeec-48f3-bd11-2a02633bc450,0,2,12,437,2026-05-12T16:45:03.129919+00:00,order,add,ask,,302ddc73-cea1-4898-999a-33faeb8d7bbf,7263bda7-ce07-4527-829d-593539f9496a,31.0,1.0,1.0,1.0,1,1.0,active,,,,,,,1778604303.14638
06f4d9ab-2d66-4d8f-845c-680ac99ec639,0,3,2,33,2026-05-12T16:45:03.625569+00:00,order,add,ask,,47cf4792-55ab-47dd-af3a-bfa54e775006,b5eb1e0a-5002-4683-a96b-77986bde95ab,120.0,1.0,1.0,1.0,2,2.0,active,,,,,,,1778604303.641965
17f3bde5-9e00-47d0-8909-b138b266b325,0,2,10,334,2026-05-12T16:45:03.745648+00:00,order,cancel,bid,,d53bc141-ceba-45fd-94a3-5300547d0512,c5382ee4-bd5b-45e4-8232-55a805c489d8,40.0,1.0,-1.0,0.0,,,cancelled,,,,,,,1778604303.761896
06f4d9ab-2d66-4d8f-845c-680ac99ec639,0,3,2,34,2026-05-12T16:45:03.965702+00:00,trade,trade,bid,B,,,119.0,1.0,,,,,,e36323d4-9784-40a9-a12c-e3ca833a3c0a,,07aa2a5f-3e19-4b6a-90ee-b0bce6e00945,4928f223-2822-486c-87ac-da2bbb2e415e,664d5f3b-570d-4a80-9e72-387baf4c63ae,cda8f129-61a6-4153-bf08-1c1a945507c7,1778604303.982522
06f4d9ab-2d66-4d8f-845c-680ac99ec639,0,3,2,35,2026-05-12T16:45:03.985535+00:00,order,fill,ask,,4928f223-2822-486c-87ac-da2bbb2e415e,cda8f129-61a6-4153-bf08-1c1a945507c7,119.0,1.0,-1.0,0.0,,,executed,e36323d4-9784-40a9-a12c-e3ca833a3c0a,07aa2a5f-3e19-4b6a-90ee-b0bce6e00945,,,,,1778604304.001279
06f4d9ab-2d66-4d8f-845c-680ac99ec639,0,3,2,36,2026-05-12T16:45:04.004280+00:00,order,fill,bid,,07aa2a5f-3e19-4b6a-90ee-b0bce6e00945,664d5f3b-570d-4a80-9e72-387baf4c63ae,119.0,1.0,-1.0,0.0,,,executed,e36323d4-9784-40a9-a12c-e3ca833a3c0a,4928f223-2822-486c-87ac-da2bbb2e415e,,,,,1778604304.020151
17f3bde5-9e00-47d0-8909-b138b266b325,0,2,11,335,2026-05-12T16:45:04.087206+00:00,order,add,ask,,68740742-fa0f-4d1f-ae8a-b94f9757f169,6eb3648e-8876-4d12-96eb-7269067415d5,60.0,1.0,1.0,1.0,2,2.0,active,,,,,,,1778604304.102334
06f4d9ab-2d66-4d8f-845c-680ac99ec639,0,3,2,37,2026-05-12T16:45:04.587712+00:00,order,add,bid,,a20cdd54-100f-421c-b0e9-615129ddb6f9,664d5f3b-570d-4a80-9e72-387baf4c63ae,116.0,1.0,1.0,1.0,1,1.0,active,,,,,,,1778604304.604271
a5f35780-eeec-48f3-bd11-2a02633bc450,0,2,12,438,2026-05-12T16:45:05.522395+00:00,order,add,ask,,1a6515d6-ec6e-457a-934e-eb53c196ddd8,7263bda7-ce07-4527-829d-593539f9496a,32.5,1.0,1.0,1.0,1,1.0,active,,,,,,,1778604305.538603
a5f35780-eeec-48f3-bd11-2a02633bc450,0,2,12,439,2026-05-12T16:45:06.624721+00:00,trade,trade,bid,B,,,31.0,1.0,,,,,,fe4f4934-1da9-498d-9c49-3f9733be0878,,096e63b4-da38-46a8-9857-132327d20421,302ddc73-cea1-4898-999a-33faeb8d7bbf,d896d1d1-903a-4faf-af2e-bda1e25a47cc,7263bda7-ce07-4527-829d-593539f9496a,1778604306.640579
a5f35780-eeec-48f3-bd11-2a02633bc450,0,2,12,440,2026-05-12T16:45:06.643870+00:00,order,fill,ask,,302ddc73-cea1-4898-999a-33faeb8d7bbf,7263bda7-ce07-4527-829d-593539f9496a,31.0,1.0,-1.0,0.0,,,executed,fe4f4934-1da9-498d-9c49-3f9733be0878,096e63b4-da38-46a8-9857-132327d20421,,,,,1778604306.658179
a5f35780-eeec-48f3-bd11-2a02633bc450,0,2,12,441,2026-05-12T16:45:06.660820+00:00,order,fill,bid,,096e63b4-da38-46a8-9857-132327d20421,d896d1d1-903a-4faf-af2e-bda1e25a47cc,31.0,1.0,-1.0,0.0,,,executed,fe4f4934-1da9-498d-9c49-3f9733be0878,302ddc73-cea1-4898-999a-33faeb8d7bbf,,,,,1778604306.676148
17f3bde5-9e00-47d0-8909-b138b266b325,0,2,11,336,2026-05-12T16:45:08.014645+00:00,order,add,ask,,0442d5b4-9636-44b9-9cd3-9223ae18dad6,8097813e-2f6f-40a4-be05-70c6d8d3bca7,55.0,1.0,1.0,1.0,1,1.0,active,,,,,,,1778604308.030815
17f3bde5-9e00-47d0-8909-b138b266b325,0,2,11,337,2026-05-12T16:45:08.719198+00:00,order,add,bid,,5050a6c6-0ffd-410e-92aa-a34cb8396ff2,e4da5453-0e94-4ba4-b1bb-3b711e2a2c8d,28.0,1.0,1.0,1.0,1,1.0,active,,,,,,,1778604308.735322
17f3bde5-9e00-47d0-8909-b138b266b325,0,2,8,338,2026-05-12T16:45:10.920404+00:00,order,cancel,bid,,02162768-a793-4b2f-95f5-a3a5872d88e9,e4da5453-0e94-4ba4-b1bb-3b711e2a2c8d,40.0,1.0,-1.0,0.0,,,cancelled,,,,,,,1778604310.940339
17f3bde5-9e00-47d0-8909-b138b266b325,0,2,9,339,2026-05-12T16:45:10.970606+00:00,order,cancel,bid,,e388e671-7885-428e-be4b-e25f9d4032ef,e4da5453-0e94-4ba4-b1bb-3b711e2a2c8d,40.0,1.0,-1.0,0.0,,,cancelled,,,,,,,1778604310.990729
06f4d9ab-2d66-4d8f-845c-680ac99ec639,0,3,2,38,2026-05-12T16:45:11.144567+00:00,order,add,ask,,d32101d4-9f67-423b-b200-6bd9e10b4d3d,cda8f129-61a6-4153-bf08-1c1a945507c7,119.0,1.0,1.0,1.0,2,2.0,active,,,,,,,1778604311.161352
17f3bde5-9e00-47d0-8909-b138b266b325,0,2,11,340,2026-05-12T16:45:11.264262+00:00,trade,trade,bid,B,,,50.0,1.0,,,,,,73b17b5e-e269-4354-a8a1-4d7708d6341e,,78634def-7a44-4d73-ac33-731b412f1c98,1f2a99ba-dfd7-43f3-b690-9d50977ca7a5,121ddd6b-3999-4e05-a2b3-d80bdfc8efba,6eb3648e-8876-4d12-96eb-7269067415d5,1778604311.280398
17f3bde5-9e00-47d0-8909-b138b266b325,0,2,11,341,2026-05-12T16:45:11.283503+00:00,order,fill,ask,,1f2a99ba-dfd7-43f3-b690-9d50977ca7a5,6eb3648e-8876-4d12-96eb-7269067415d5,50.0,1.0,-1.0,0.0,,,executed,73b17b5e-e269-4354-a8a1-4d7708d6341e,78634def-7a44-4d73-ac33-731b412f1c98,,,,,1778604311.299544
17f3bde5-9e00-47d0-8909-b138b266b325,0,2,11,342,2026-05-12T16:45:11.302503+00:00,order,fill,bid,,78634def-7a44-4d73-ac33-731b412f1c98,121ddd6b-3999-4e05-a2b3-d80bdfc8efba,50.0,1.0,-1.0,0.0,,,executed,73b17b5e-e269-4354-a8a1-4d7708d6341e,1f2a99ba-dfd7-43f3-b690-9d50977ca7a5,,,,,1778604311.317826
06f4d9ab-2d66-4d8f-845c-680ac99ec639,0,3,2,39,2026-05-12T16:45:12.020790+00:00,order,add,ask,,b3c42cda-a7ee-4175-9d45-90f93b9d6020,664d5f3b-570d-4a80-9e72-387baf4c63ae,119.0,1.0,1.0,1.0,3,3.0,active,,,,,,,1778604312.037833
17f3bde5-9e00-47d0-8909-b138b266b325,0,2,11,343,2026-05-12T16:45:13.447935+00:00,order,add,bid,,0e27013e-a26b-41e3-96bb-5fe51df5468f,c5382ee4-bd5b-45e4-8232-55a805c489d8,30.0,1.0,1.0,1.0,3,3.0,active,,,,,,,1778604313.464318
17f3bde5-9e00-47d0-8909-b138b266b325,0,2,10,344,2026-05-12T16:45:13.687470+00:00,order,cancel,bid,,78081c0a-593f-404b-be4c-34e2d81542b5,e4da5453-0e94-4ba4-b1bb-3b711e2a2c8d,38.0,1.0,-1.0,0.0,,,cancelled,,,,,,,1778604313.704391
17f3bde5-9e00-47d0-8909-b138b266b325,0,2,11,345,2026-05-12T16:45:14.537029+00:00,trade,trade,bid,B,,,55.0,1.0,,,,,,e0752eda-903e-4a48-aff2-16f8d760fa06,,1f0b2cda-b912-425a-a7ff-54bf4ae42dd9,0442d5b4-9636-44b9-9cd3-9223ae18dad6,1fee9bd8-a0b5-414d-b996-84be8a4a131f,8097813e-2f6f-40a4-be05-70c6d8d3bca7,1778604314.554563
17f3bde5-9e00-47d0-8909-b138b266b325,0,2,11,346,2026-05-12T16:45:14.557800+00:00,order,fill,ask,,0442d5b4-9636-44b9-9cd3-9223ae18dad6,8097813e-2f6f-40a4-be05-70c6d8d3bca7,55.0,1.0,-1.0,0.0,,,executed,e0752eda-903e-4a48-aff2-16f8d760fa06,1f0b2cda-b912-425a-a7ff-54bf4ae42dd9,,,,,1778604314.573379
17f3bde5-9e00-47d0-8909-b138b266b325,0,2,11,347,2026-05-12T16:45:14.576372+00:00,order,fill,bid,,1f0b2cda-b912-425a-a7ff-54bf4ae42dd9,1fee9bd8-a0b5-414d-b996-84be8a4a131f,55.0,1.0,-1.0,0.0,,,executed,e0752eda-903e-4a48-aff2-16f8d760fa06,0442d5b4-9636-44b9-9cd3-9223ae18dad6,,,,,1778604314.591667
a5f35780-eeec-48f3-bd11-2a02633bc450,0,2,12,442,2026-05-12T16:45:15.108903+00:00,trade,trade,ask,S,,,30.0,1.0,,,,,,562e1227-e34d-4026-b8f0-b4c0639e740e,,bd6eca45-d9fd-4f64-8090-55af155d93f4,f7a820d8-4524-4322-98d7-1f028076e1a5,7263bda7-ce07-4527-829d-593539f9496a,14a8161a-9d15-4590-8e4a-d60fa690d14e,1778604315.125133
a5f35780-eeec-48f3-bd11-2a02633bc450,0,2,12,443,2026-05-12T16:45:15.128214+00:00,order,fill,ask,,f7a820d8-4524-4322-98d7-1f028076e1a5,14a8161a-9d15-4590-8e4a-d60fa690d14e,30.0,1.0,-1.0,0.0,,,executed,562e1227-e34d-4026-b8f0-b4c0639e740e,bd6eca45-d9fd-4f64-8090-55af155d93f4,,,,,1778604315.143596
a5f35780-eeec-48f3-bd11-2a02633bc450,0,2,12,444,2026-05-12T16:45:15.146574+00:00,order,fill,bid,,bd6eca45-d9fd-4f64-8090-55af155d93f4,7263bda7-ce07-4527-829d-593539f9496a,30.0,1.0,-1.0,0.0,,,executed,562e1227-e34d-4026-b8f0-b4c0639e740e,f7a820d8-4524-4322-98d7-1f028076e1a5,,,,,1778604315.162257
17f3bde5-9e00-47d0-8909-b138b266b325,0,2,11,348,2026-05-12T16:45:15.198580+00:00,order,add,bid,,2c062cd5-5909-49b1-8575-29e037f3123a,6eb3648e-8876-4d12-96eb-7269067415d5,28.0,1.0,1.0,1.0,2,2.0,active,,,,,,,1778604315.214033
17f3bde5-9e00-47d0-8909-b138b266b325,0,2,11,349,2026-05-12T16:45:17.847213+00:00,order,add,bid,,5d2408b6-d4e1-4a39-a75f-d09184f227e7,8097813e-2f6f-40a4-be05-70c6d8d3bca7,39.0,1.0,1.0,1.0,1,1.0,active,,,,,,,1778604317.862901
17f3bde5-9e00-47d0-8909-b138b266b325,0,2,11,350,2026-05-12T16:45:18.726239+00:00,order,add,bid,,67a6f22e-932e-44d9-a2d1-299ff31091a4,e4da5453-0e94-4ba4-b1bb-3b711e2a2c8d,30.0,1.0,1.0,1.0,4,4.0,active,,,,,,,1778604318.743731
17f3bde5-9e00-47d0-8909-b138b266b325,0,2,11,351,2026-05-12T16:45:19.728238+00:00,trade,trade,ask,S,,,40.0,1.0,,,,,,331a80a0-02ce-4952-af60-ead728a3fcde,,f3022260-1d8a-48d0-ade9-56a7bd162ae3,658cca62-5f98-4f5b-9e88-95de9251c6bd,6eb3648e-8876-4d12-96eb-7269067415d5,c5382ee4-bd5b-45e4-8232-55a805c489d8,1778604319.745252
17f3bde5-9e00-47d0-8909-b138b266b325,0,2,11,352,2026-05-12T16:45:19.748332+00:00,order,fill,ask,,658cca62-5f98-4f5b-9e88-95de9251c6bd,c5382ee4-bd5b-45e4-8232-55a805c489d8,40.0,1.0,-1.0,0.0,,,executed,331a80a0-02ce-4952-af60-ead728a3fcde,f3022260-1d8a-48d0-ade9-56a7bd162ae3,,,,,1778604319.764861
17f3bde5-9e00-47d0-8909-b138b266b325,0,2,11,353,2026-05-12T16:45:19.767731+00:00,order,fill,bid,,f3022260-1d8a-48d0-ade9-56a7bd162ae3,6eb3648e-8876-4d12-96eb-7269067415d5,40.0,1.0,-1.0,0.0,,,executed,331a80a0-02ce-4952-af60-ead728a3fcde,658cca62-5f98-4f5b-9e88-95de9251c6bd,,,,,1778604319.783187
17f3bde5-9e00-47d0-8909-b138b266b325,0,2,11,354,2026-05-12T16:45:20.807936+00:00,trade,trade,bid,B,,,58.0,1.0,,,,,,17f1e267-4528-492b-8c20-e70fa55f85c8,,876e61e0-9ed2-4585-acf0-48f9d2da917b,8e4b46d3-8ee3-4e3c-baae-984197993a01,121ddd6b-3999-4e05-a2b3-d80bdfc8efba,6eb3648e-8876-4d12-96eb-7269067415d5,1778604320.824209
17f3bde5-9e00-47d0-8909-b138b266b325,0,2,11,355,2026-05-12T16:45:20.827344+00:00,order,fill,ask,,8e4b46d3-8ee3-4e3c-baae-984197993a01,6eb3648e-8876-4d12-96eb-7269067415d5,58.0,1.0,-1.0,0.0,,,executed,17f1e267-4528-492b-8c20-e70fa55f85c8,876e61e0-9ed2-4585-acf0-48f9d2da917b,,,,,1778604320.842434
17f3bde5-9e00-47d0-8909-b138b266b325,0,2,11,356,2026-05-12T16:45:20.845405+00:00,order,fill,bid,,876e61e0-9ed2-4585-acf0-48f9d2da917b,121ddd6b-3999-4e05-a2b3-d80bdfc8efba,58.0,1.0,-1.0,0.0,,,executed,17f1e267-4528-492b-8c20-e70fa55f85c8,8e4b46d3-8ee3-4e3c-baae-984197993a01,,,,,1778604320.861175
06f4d9ab-2d66-4d8f-845c-680ac99ec639,0,3,2,40,2026-05-12T16:45:21.931750+00:00,trade,trade,ask,S,,,117.0,1.0,,,,,,81ca8a03-e95f-43d5-b41b-e8b6fb4d3cce,,1568d291-3c03-44e7-af03-fe4da7358ea9,e8906978-bd68-42d9-9d93-a1d1308908f6,cda8f129-61a6-4153-bf08-1c1a945507c7,664d5f3b-570d-4a80-9e72-387baf4c63ae,1778604321.947931
06f4d9ab-2d66-4d8f-845c-680ac99ec639,0,3,2,41,2026-05-12T16:45:21.950945+00:00,order,fill,ask,,e8906978-bd68-42d9-9d93-a1d1308908f6,664d5f3b-570d-4a80-9e72-387baf4c63ae,117.0,1.0,-1.0,0.0,,,executed,81ca8a03-e95f-43d5-b41b-e8b6fb4d3cce,1568d291-3c03-44e7-af03-fe4da7358ea9,,,,,1778604321.966349
06f4d9ab-2d66-4d8f-845c-680ac99ec639,0,3,2,42,2026-05-12T16:45:21.969284+00:00,order,fill,bid,,1568d291-3c03-44e7-af03-fe4da7358ea9,cda8f129-61a6-4153-bf08-1c1a945507c7,117.0,1.0,-1.0,0.0,,,executed,81ca8a03-e95f-43d5-b41b-e8b6fb4d3cce,e8906978-bd68-42d9-9d93-a1d1308908f6,,,,,1778604321.984439
17f3bde5-9e00-47d0-8909-b138b266b325,0,2,11,357,2026-05-12T16:45:22.770090+00:00,order,add,bid,,d5babf3f-497b-410f-93fb-ba1c5978b3e8,6eb3648e-8876-4d12-96eb-7269067415d5,39.0,1.0,1.0,1.0,2,2.0,active,,,,,,,1778604322.787799
06f4d9ab-2d66-4d8f-845c-680ac99ec639,0,3,2,43,2026-05-12T16:45:25.375486+00:00,order,add,ask,,c0af984e-ef3e-4958-b222-04b03bc7cac3,664d5f3b-570d-4a80-9e72-387baf4c63ae,119.0,1.0,1.0,1.0,4,4.0,active,,,,,,,1778604325.391585
06f4d9ab-2d66-4d8f-845c-680ac99ec639,0,3,2,44,2026-05-12T16:45:26.252652+00:00,order,cancel,bid,,a20cdd54-100f-421c-b0e9-615129ddb6f9,664d5f3b-570d-4a80-9e72-387baf4c63ae,116.0,1.0,-1.0,0.0,,,cancelled,,,,,,,1778604326.268634
17f3bde5-9e00-47d0-8909-b138b266b325,0,2,11,358,2026-05-12T16:45:26.760464+00:00,trade,trade,ask,S,,,39.0,1.0,,,,,,71ffc9e8-c055-4374-87fe-06c889b88e6f,,5d2408b6-d4e1-4a39-a75f-d09184f227e7,54e9f404-c5d1-4f1b-b87a-19136a6d099c,8097813e-2f6f-40a4-be05-70c6d8d3bca7,e4da5453-0e94-4ba4-b1bb-3b711e2a2c8d,1778604326.776544
17f3bde5-9e00-47d0-8909-b138b266b325,0,2,11,359,2026-05-12T16:45:26.779566+00:00,order,fill,ask,,54e9f404-c5d1-4f1b-b87a-19136a6d099c,e4da5453-0e94-4ba4-b1bb-3b711e2a2c8d,39.0,1.0,-1.0,0.0,,,executed,71ffc9e8-c055-4374-87fe-06c889b88e6f,5d2408b6-d4e1-4a39-a75f-d09184f227e7,,,,,1778604326.7955
17f3bde5-9e00-47d0-8909-b138b266b325,0,2,11,360,2026-05-12T16:45:26.798420+00:00,order,fill,bid,,5d2408b6-d4e1-4a39-a75f-d09184f227e7,8097813e-2f6f-40a4-be05-70c6d8d3bca7,39.0,1.0,-1.0,0.0,,,executed,71ffc9e8-c055-4374-87fe-06c889b88e6f,54e9f404-c5d1-4f1b-b87a-19136a6d099c,,,,,1778604326.812305
17f3bde5-9e00-47d0-8909-b138b266b325,0,2,11,361,2026-05-12T16:45:28.632658+00:00,order,add,ask,,3fba12d5-c22c-420f-806a-0f1a49a0747c,6eb3648e-8876-4d12-96eb-7269067415d5,60.0,1.0,1.0,1.0,3,3.0,active,,,,,,,1778604328.649389
17f3bde5-9e00-47d0-8909-b138b266b325,0,2,11,362,2026-05-12T16:45:29.824637+00:00,trade,trade,bid,B,,,60.0,1.0,,,,,,55a9c8a8-9b8c-439a-b1c6-ee817aa96286,,376b4973-e7eb-4774-8d1e-bb52d4fa8428,c6d8d2f6-735f-4a7c-9b3d-15fba84c955b,121ddd6b-3999-4e05-a2b3-d80bdfc8efba,6eb3648e-8876-4d12-96eb-7269067415d5,1778604329.840615
17f3bde5-9e00-47d0-8909-b138b266b325,0,2,11,363,2026-05-12T16:45:29.843724+00:00,order,fill,ask,,c6d8d2f6-735f-4a7c-9b3d-15fba84c955b,6eb3648e-8876-4d12-96eb-7269067415d5,60.0,1.0,-1.0,0.0,,,executed,55a9c8a8-9b8c-439a-b1c6-ee817aa96286,376b4973-e7eb-4774-8d1e-bb52d4fa8428,,,,,1778604329.859029
17f3bde5-9e00-47d0-8909-b138b266b325,0,2,11,364,2026-05-12T16:45:29.861864+00:00,order,fill,bid,,376b4973-e7eb-4774-8d1e-bb52d4fa8428,121ddd6b-3999-4e05-a2b3-d80bdfc8efba,60.0,1.0,-1.0,0.0,,,executed,55a9c8a8-9b8c-439a-b1c6-ee817aa96286,c6d8d2f6-735f-4a7c-9b3d-15fba84c955b,,,,,1778604329.876622
17f3bde5-9e00-47d0-8909-b138b266b325,0,2,11,365,2026-05-12T16:45:30.991485+00:00,order,add,ask,,79fda31f-5d31-419c-a8fe-20a666f168c7,e4da5453-0e94-4ba4-b1bb-3b711e2a2c8d,49.5,1.0,1.0,1.0,1,1.0,active,,,,,,,1778604331.009993
17f3bde5-9e00-47d0-8909-b138b266b325,0,2,11,366,2026-05-12T16:45:32.656489+00:00,order,add,ask,,cd267cf2-58bb-40c8-a1e5-699eb538cfc0,6eb3648e-8876-4d12-96eb-7269067415d5,60.0,1.0,1.0,1.0,3,3.0,active,,,,,,,1778604332.672299
17f3bde5-9e00-47d0-8909-b138b266b325,0,2,11,367,2026-05-12T16:45:33.566196+00:00,order,add,ask,,082e82ce-88ff-4a8c-bd21-56a138760dd0,8097813e-2f6f-40a4-be05-70c6d8d3bca7,91.0,1.0,1.0,1.0,2,2.0,active,,,,,,,1778604333.581775
17f3bde5-9e00-47d0-8909-b138b266b325,0,2,11,368,2026-05-12T16:45:35.256405+00:00,trade,trade,bid,B,,,49.5,1.0,,,,,,ff731b87-dc04-4e70-be8a-2ff4b2087b21,,48390e50-8e77-4db2-8885-3243c103f213,79fda31f-5d31-419c-a8fe-20a666f168c7,1fee9bd8-a0b5-414d-b996-84be8a4a131f,e4da5453-0e94-4ba4-b1bb-3b711e2a2c8d,1778604335.272915
17f3bde5-9e00-47d0-8909-b138b266b325,0,2,11,369,2026-05-12T16:45:35.276219+00:00,order,fill,ask,,79fda31f-5d31-419c-a8fe-20a666f168c7,e4da5453-0e94-4ba4-b1bb-3b711e2a2c8d,49.5,1.0,-1.0,0.0,,,executed,ff731b87-dc04-4e70-be8a-2ff4b2087b21,48390e50-8e77-4db2-8885-3243c103f213,,,,,1778604335.291819
17f3bde5-9e00-47d0-8909-b138b266b325,0,2,11,370,2026-05-12T16:45:35.294843+00:00,order,fill,bid,,48390e50-8e77-4db2-8885-3243c103f213,1fee9bd8-a0b5-414d-b996-84be8a4a131f,49.5,1.0,-1.0,0.0,,,executed,ff731b87-dc04-4e70-be8a-2ff4b2087b21,79fda31f-5d31-419c-a8fe-20a666f168c7,,,,,1778604335.3098
06f4d9ab-2d66-4d8f-845c-680ac99ec639,0,3,3,45,2026-05-12T16:45:35.672589+00:00,order,add,bid,,ff79cfb0-5335-41be-8052-c8ceba619bb0,cda8f129-61a6-4153-bf08-1c1a945507c7,110.0,1.0,1.0,1.0,1,1.0,active,,,,,,,1778604335.689417
17f3bde5-9e00-47d0-8909-b138b266b325,0,2,11,371,2026-05-12T16:45:36.232069+00:00,order,add,ask,,9586ef94-6ce6-47d2-9e8b-ab1bbfdfe4ca,6eb3648e-8876-4d12-96eb-7269067415d5,45.0,1.0,1.0,1.0,1,1.0,active,,,,,,,1778604336.248103
06f4d9ab-2d66-4d8f-845c-680ac99ec639,0,3,3,46,2026-05-12T16:45:38.912993+00:00,order,add,bid,,e253f520-3eac-4898-9e42-5c3f313cef7e,cda8f129-61a6-4153-bf08-1c1a945507c7,112.0,1.0,1.0,1.0,1,1.0,active,,,,,,,1778604338.9293
a5f35780-eeec-48f3-bd11-2a02633bc450,0,2,12,445,2026-05-12T16:45:40.571105+00:00,order,cancel,bid,,a9301a57-0f9e-492e-a88b-fd7d6be1c798,d896d1d1-903a-4faf-af2e-bda1e25a47cc,25.0,1.0,-1.0,0.0,,,cancelled,,,,,,,1778604340.588442
17f3bde5-9e00-47d0-8909-b138b266b325,0,2,11,372,2026-05-12T16:45:41.496019+00:00,trade,trade,bid,B,,,45.0,1.0,,,,,,58d44aec-14dd-4300-9303-a490ec21b8bc,,af08fa6f-5386-485a-8572-f82601be5fce,9586ef94-6ce6-47d2-9e8b-ab1bbfdfe4ca,121ddd6b-3999-4e05-a2b3-d80bdfc8efba,6eb3648e-8876-4d12-96eb-7269067415d5,1778604341.512587
17f3bde5-9e00-47d0-8909-b138b266b325,0,2,11,373,2026-05-12T16:45:41.515658+00:00,order,fill,ask,,9586ef94-6ce6-47d2-9e8b-ab1bbfdfe4ca,6eb3648e-8876-4d12-96eb-7269067415d5,45.0,1.0,-1.0,0.0,,,executed,58d44aec-14dd-4300-9303-a490ec21b8bc,af08fa6f-5386-485a-8572-f82601be5fce,,,,,1778604341.531039
17f3bde5-9e00-47d0-8909-b138b266b325,0,2,11,374,2026-05-12T16:45:41.533933+00:00,order,fill,bid,,af08fa6f-5386-485a-8572-f82601be5fce,121ddd6b-3999-4e05-a2b3-d80bdfc8efba,45.0,1.0,-1.0,0.0,,,executed,58d44aec-14dd-4300-9303-a490ec21b8bc,9586ef94-6ce6-47d2-9e8b-ab1bbfdfe4ca,,,,,1778604341.550313
17f3bde5-9e00-47d0-8909-b138b266b325,0,2,11,375,2026-05-12T16:45:41.584567+00:00,order,add,ask,,59540241-8839-4990-8b3f-d3dfb5e76d2c,c5382ee4-bd5b-45e4-8232-55a805c489d8,44.0,1.0,1.0,1.0,1,1.0,active,,,,,,,1778604341.600099
17f3bde5-9e00-47d0-8909-b138b266b325,0,2,11,376,2026-05-12T16:45:45.086936+00:00,order,add,ask,,00e0538f-360d-4724-ae00-b1a22219e270,8097813e-2f6f-40a4-be05-70c6d8d3bca7,80.0,1.0,1.0,1.0,1,1.0,active,,,,,,,1778604345.104516
06f4d9ab-2d66-4d8f-845c-680ac99ec639,0,3,3,47,2026-05-12T16:45:45.824903+00:00,order,add,ask,,04698181-6c56-4847-901d-0d0f2371f597,cda8f129-61a6-4153-bf08-1c1a945507c7,118.7,1.0,1.0,1.0,1,1.0,active,,,,,,,1778604345.840949
a5f35780-eeec-48f3-bd11-2a02633bc450,0,2,13,446,2026-05-12T16:45:45.953892+00:00,trade,trade,ask,S,,,30.0,1.0,,,,,,1e3d8a39-d959-49ee-8fa7-913a3bff060f,,de2e1a8c-9380-45c5-9cae-4fb25ac7b920,0fd50510-4e28-40d7-9735-f94a54ffbbb9,3f3f926c-76bd-44db-b2dc-3e8e8ddbccb6,d896d1d1-903a-4faf-af2e-bda1e25a47cc,1778604345.969271
a5f35780-eeec-48f3-bd11-2a02633bc450,0,2,13,447,2026-05-12T16:45:45.972061+00:00,order,fill,ask,,0fd50510-4e28-40d7-9735-f94a54ffbbb9,d896d1d1-903a-4faf-af2e-bda1e25a47cc,30.0,1.0,-1.0,0.0,,,executed,1e3d8a39-d959-49ee-8fa7-913a3bff060f,de2e1a8c-9380-45c5-9cae-4fb25ac7b920,,,,,1778604345.987103
a5f35780-eeec-48f3-bd11-2a02633bc450,0,2,13,448,2026-05-12T16:45:45.989965+00:00,order,fill,bid,,de2e1a8c-9380-45c5-9cae-4fb25ac7b920,3f3f926c-76bd-44db-b2dc-3e8e8ddbccb6,30.0,1.0,-1.0,0.0,,,executed,1e3d8a39-d959-49ee-8fa7-913a3bff060f,0fd50510-4e28-40d7-9735-f94a54ffbbb9,,,,,1778604346.005192
17f3bde5-9e00-47d0-8909-b138b266b325,0,2,11,377,2026-05-12T16:45:49.175239+00:00,order,add,ask,,a3d2fad9-680c-409d-955d-fefcddab964f,6eb3648e-8876-4d12-96eb-7269067415d5,100.0,1.0,1.0,1.0,2,2.0,active,,,,,,,1778604349.191594
a5f35780-eeec-48f3-bd11-2a02633bc450,0,2,13,449,2026-05-12T16:45:49.852757+00:00,order,add,bid,,cd71af03-6803-4c73-a216-14e44b6a981d,6a27507f-b151-4a9f-b11f-d433b22aeb62,20.0,1.0,1.0,1.0,1,1.0,active,,,,,,,1778604349.868705
06f4d9ab-2d66-4d8f-845c-680ac99ec639,0,3,3,48,2026-05-12T16:45:51.089880+00:00,order,add,bid,,964fd9c4-0b0e-4290-8de4-f2e0a262582d,b5eb1e0a-5002-4683-a96b-77986bde95ab,117.0,1.0,1.0,1.0,1,1.0,active,,,,,,,1778604351.107409
a5f35780-eeec-48f3-bd11-2a02633bc450,0,2,12,450,2026-05-12T16:45:51.457916+00:00,order,cancel,ask,,1a6515d6-ec6e-457a-934e-eb53c196ddd8,7263bda7-ce07-4527-829d-593539f9496a,32.5,1.0,-1.0,0.0,,,cancelled,,,,,,,1778604351.474399
06f4d9ab-2d66-4d8f-845c-680ac99ec639,0,3,3,49,2026-05-12T16:45:52.009887+00:00,order,add,ask,,819a6af7-cc68-4ba1-beb6-507d467c59c0,664d5f3b-570d-4a80-9e72-387baf4c63ae,119.0,1.0,1.0,1.0,5,5.0,active,,,,,,,1778604352.026336
a5f35780-eeec-48f3-bd11-2a02633bc450,0,2,13,451,2026-05-12T16:45:54.202292+00:00,order,add,bid,,180db504-bce5-4923-a008-a4f47e28398c,7263bda7-ce07-4527-829d-593539f9496a,25.0,1.0,1.0,1.0,1,1.0,active,,,,,,,1778604354.218869
06f4d9ab-2d66-4d8f-845c-680ac99ec639,0,3,1,50,2026-05-12T16:45:57.313549+00:00,order,cancel,ask,,9cf04e8e-cf41-4f0b-99a3-e6fe8109f35b,b5eb1e0a-5002-4683-a96b-77986bde95ab,124.0,1.0,-1.0,0.0,,,cancelled,,,,,,,1778604357.329593
a5f35780-eeec-48f3-bd11-2a02633bc450,0,2,13,452,2026-05-12T16:45:57.555095+00:00,order,add,ask,,6986b9e0-cb60-48d6-ab05-367a8d94e166,3f3f926c-76bd-44db-b2dc-3e8e8ddbccb6,32.99,1.0,1.0,1.0,1,1.0,active,,,,,,,1778604357.572505
a5f35780-eeec-48f3-bd11-2a02633bc450,0,2,13,453,2026-05-12T16:45:58.457429+00:00,order,add,bid,,ae5c5f67-628a-4b53-8bbe-d9d6c0187db2,d896d1d1-903a-4faf-af2e-bda1e25a47cc,21.0,1.0,1.0,1.0,1,1.0,active,,,,,,,1778604358.473913
06f4d9ab-2d66-4d8f-845c-680ac99ec639,0,3,3,51,2026-05-12T16:46:01.010128+00:00,order,add,bid,,2acb2684-4e55-4248-9e09-29e882e9ced9,cda8f129-61a6-4153-bf08-1c1a945507c7,116.0,1.0,1.0,1.0,1,1.0,active,,,,,,,1778604361.027261
a5f35780-eeec-48f3-bd11-2a02633bc450,0,2,13,454,2026-05-12T16:46:03.785274+00:00,order,add,ask,,cf96be3a-ad17-4765-b305-8e37cace50cd,7263bda7-ce07-4527-829d-593539f9496a,31.0,1.0,1.0,1.0,1,1.0,active,,,,,,,1778604363.802301
a5f35780-eeec-48f3-bd11-2a02633bc450,0,2,13,455,2026-05-12T16:46:04.612086+00:00,trade,trade,ask,S,,,25.0,1.0,,,,,,822dfb5b-0403-4389-82a3-b1854ff1edde,,180db504-bce5-4923-a008-a4f47e28398c,e4e9c743-d01d-4b44-bb9b-b5211ea51862,7263bda7-ce07-4527-829d-593539f9496a,14a8161a-9d15-4590-8e4a-d60fa690d14e,1778604364.628841
a5f35780-eeec-48f3-bd11-2a02633bc450,0,2,13,456,2026-05-12T16:46:04.631908+00:00,order,fill,ask,,e4e9c743-d01d-4b44-bb9b-b5211ea51862,14a8161a-9d15-4590-8e4a-d60fa690d14e,25.0,1.0,-1.0,0.0,,,executed,822dfb5b-0403-4389-82a3-b1854ff1edde,180db504-bce5-4923-a008-a4f47e28398c,,,,,1778604364.64733
a5f35780-eeec-48f3-bd11-2a02633bc450,0,2,13,457,2026-05-12T16:46:04.650475+00:00,order,fill,bid,,180db504-bce5-4923-a008-a4f47e28398c,7263bda7-ce07-4527-829d-593539f9496a,25.0,1.0,-1.0,0.0,,,executed,822dfb5b-0403-4389-82a3-b1854ff1edde,e4e9c743-d01d-4b44-bb9b-b5211ea51862,,,,,1778604364.666178
a5f35780-eeec-48f3-bd11-2a02633bc450,0,2,13,458,2026-05-12T16:46:04.745630+00:00,order,add,bid,,34f2f194-aca7-40ce-ab40-b804f0cb556b,3f3f926c-76bd-44db-b2dc-3e8e8ddbccb6,29.99,1.0,1.0,1.0,1,1.0,active,,,,,,,1778604364.761899
06f4d9ab-2d66-4d8f-845c-680ac99ec639,0,3,3,52,2026-05-12T16:46:05.582768+00:00,order,add,ask,,54de99a8-8a21-4c8b-8e88-2789bc52cd1d,664d5f3b-570d-4a80-9e72-387baf4c63ae,119.0,1.0,1.0,1.0,6,6.0,active,,,,,,,1778604365.599579
a5f35780-eeec-48f3-bd11-2a02633bc450,0,2,13,459,2026-05-12T16:46:10.400900+00:00,trade,trade,ask,S,,,29.99,1.0,,,,,,6f34d933-c0d6-4b15-90cc-499c95f1edae,,34f2f194-aca7-40ce-ab40-b804f0cb556b,9188ab66-f7d3-4e74-b473-31460c522cc5,3f3f926c-76bd-44db-b2dc-3e8e8ddbccb6,d896d1d1-903a-4faf-af2e-bda1e25a47cc,1778604370.416928
a5f35780-eeec-48f3-bd11-2a02633bc450,0,2,13,460,2026-05-12T16:46:10.419733+00:00,order,fill,ask,,9188ab66-f7d3-4e74-b473-31460c522cc5,d896d1d1-903a-4faf-af2e-bda1e25a47cc,29.0,1.0,-1.0,0.0,,,executed,6f34d933-c0d6-4b15-90cc-499c95f1edae,34f2f194-aca7-40ce-ab40-b804f0cb556b,,,,,1778604370.434553
a5f35780-eeec-48f3-bd11-2a02633bc450,0,2,13,461,2026-05-12T16:46:10.437485+00:00,order,fill,bid,,34f2f194-aca7-40ce-ab40-b804f0cb556b,3f3f926c-76bd-44db-b2dc-3e8e8ddbccb6,29.99,1.0,-1.0,0.0,,,executed,6f34d933-c0d6-4b15-90cc-499c95f1edae,9188ab66-f7d3-4e74-b473-31460c522cc5,,,,,1778604370.452556
06f4d9ab-2d66-4d8f-845c-680ac99ec639,0,3,3,53,2026-05-12T16:46:12.960929+00:00,order,add,bid,,56726b22-10b3-4b27-b3b4-dc14b784903b,664d5f3b-570d-4a80-9e72-387baf4c63ae,117.0,1.0,1.0,1.0,2,2.0,active,,,,,,,1778604372.976949
06f4d9ab-2d66-4d8f-845c-680ac99ec639,0,3,3,54,2026-05-12T16:46:15.640677+00:00,order,add,ask,,49afa7c1-216b-4f82-bca6-8e11a182d86b,cda8f129-61a6-4153-bf08-1c1a945507c7,117.8,1.0,1.0,1.0,1,1.0,active,,,,,,,1778604375.657768
a5f35780-eeec-48f3-bd11-2a02633bc450,0,2,13,462,2026-05-12T16:46:15.808816+00:00,order,add,ask,,62946d20-f6dd-441e-b169-9a523ad3ada9,d896d1d1-903a-4faf-af2e-bda1e25a47cc,28.0,1.0,1.0,1.0,1,1.0,active,,,,,,,1778604375.825253
a5f35780-eeec-48f3-bd11-2a02633bc450,0,2,13,463,2026-05-12T16:46:16.003898+00:00,order,add,bid,,d7ef58b2-d7bb-4f84-887d-3d2d5c035415,6a27507f-b151-4a9f-b11f-d433b22aeb62,18.0,1.0,1.0,1.0,1,1.0,active,,,,,,,1778604376.021826
a5f35780-eeec-48f3-bd11-2a02633bc450,0,2,13,464,2026-05-12T16:46:18.108218+00:00,order,cancel,bid,,cd71af03-6803-4c73-a216-14e44b6a981d,6a27507f-b151-4a9f-b11f-d433b22aeb62,20.0,1.0,-1.0,0.0,,,cancelled,,,,,,,1778604378.12535
17f3bde5-9e00-47d0-8909-b138b266b325,0,2,12,378,2026-05-12T16:46:19.368484+00:00,order,add,bid,,76732f16-fa1b-43a6-9eee-f7acb74b1c50,e4da5453-0e94-4ba4-b1bb-3b711e2a2c8d,28.0,1.0,1.0,1.0,3,3.0,active,,,,,,,1778604379.385889
a5f35780-eeec-48f3-bd11-2a02633bc450,0,2,13,465,2026-05-12T16:46:20.537665+00:00,order,add,ask,,d5dbbec6-212c-4ec1-90de-be3f18f72e1a,d896d1d1-903a-4faf-af2e-bda1e25a47cc,26.0,1.0,1.0,1.0,1,1.0,active,,,,,,,1778604380.553962
17f3bde5-9e00-47d0-8909-b138b266b325,0,2,12,379,2026-05-12T16:46:20.936241+00:00,order,add,ask,,7af9fe7b-337d-4646-8acc-b535271c14fa,6eb3648e-8876-4d12-96eb-7269067415d5,80.0,1.0,1.0,1.0,2,2.0,active,,,,,,,1778604380.953362
17f3bde5-9e00-47d0-8909-b138b266b325,0,2,12,380,2026-05-12T16:46:24.441379+00:00,order,add,ask,,b01883a3-170d-48ce-8cd6-631c3b79221a,1fee9bd8-a0b5-414d-b996-84be8a4a131f,50.0,1.0,1.0,1.0,1,1.0,active,,,,,,,1778604384.457894
17f3bde5-9e00-47d0-8909-b138b266b325,0,2,12,381,2026-05-12T16:46:25.062706+00:00,order,add,bid,,819b0284-cf6d-4f75-91ce-4c507651cc99,e4da5453-0e94-4ba4-b1bb-3b711e2a2c8d,30.0,1.0,1.0,1.0,5,5.0,active,,,,,,,1778604385.079628
17f3bde5-9e00-47d0-8909-b138b266b325,0,2,12,382,2026-05-12T16:46:25.374364+00:00,order,add,bid,,0130a66c-2d21-49a0-8a0d-facee23da5d1,8097813e-2f6f-40a4-be05-70c6d8d3bca7,39.5,1.0,1.0,1.0,1,1.0,active,,,,,,,1778604385.390516
06f4d9ab-2d66-4d8f-845c-680ac99ec639,0,3,3,55,2026-05-12T16:46:26.142691+00:00,trade,trade,ask,S,,,117.0,1.0,,,,,,e7cf5267-ab87-462d-88b0-371a19b5d424,,964fd9c4-0b0e-4290-8de4-f2e0a262582d,14418492-dd81-488d-89d5-5f93f2bf0733,b5eb1e0a-5002-4683-a96b-77986bde95ab,664d5f3b-570d-4a80-9e72-387baf4c63ae,1778604386.158122
06f4d9ab-2d66-4d8f-845c-680ac99ec639,0,3,3,56,2026-05-12T16:46:26.160926+00:00,order,fill,ask,,14418492-dd81-488d-89d5-5f93f2bf0733,664d5f3b-570d-4a80-9e72-387baf4c63ae,117.0,1.0,-1.0,0.0,,,executed,e7cf5267-ab87-462d-88b0-371a19b5d424,964fd9c4-0b0e-4290-8de4-f2e0a262582d,,,,,1778604386.175406
06f4d9ab-2d66-4d8f-845c-680ac99ec639,0,3,3,57,2026-05-12T16:46:26.178493+00:00,order,fill,bid,,964fd9c4-0b0e-4290-8de4-f2e0a262582d,b5eb1e0a-5002-4683-a96b-77986bde95ab,117.0,1.0,-1.0,0.0,,,executed,e7cf5267-ab87-462d-88b0-371a19b5d424,14418492-dd81-488d-89d5-5f93f2bf0733,,,,,1778604386.193425
06f4d9ab-2d66-4d8f-845c-680ac99ec639,0,3,3,58,2026-05-12T16:46:27.415445+00:00,order,add,ask,,442dde8d-e0e2-4924-a552-0ddab85342a1,b5eb1e0a-5002-4683-a96b-77986bde95ab,118.0,1.0,1.0,1.0,1,1.0,active,,,,,,,1778604387.432544
17f3bde5-9e00-47d0-8909-b138b266b325,0,2,12,383,2026-05-12T16:46:27.809778+00:00,trade,trade,ask,S,,,39.5,1.0,,,,,,7d4db25e-f38c-4717-95fd-a91fdb8f272b,,0130a66c-2d21-49a0-8a0d-facee23da5d1,d073b535-e964-43b6-a4a0-2fd6f2d9af14,8097813e-2f6f-40a4-be05-70c6d8d3bca7,c5382ee4-bd5b-45e4-8232-55a805c489d8,1778604387.825821
17f3bde5-9e00-47d0-8909-b138b266b325,0,2,12,384,2026-05-12T16:46:27.828830+00:00,order,fill,ask,,d073b535-e964-43b6-a4a0-2fd6f2d9af14,c5382ee4-bd5b-45e4-8232-55a805c489d8,34.0,1.0,-1.0,0.0,,,executed,7d4db25e-f38c-4717-95fd-a91fdb8f272b,0130a66c-2d21-49a0-8a0d-facee23da5d1,,,,,1778604387.844187
17f3bde5-9e00-47d0-8909-b138b266b325,0,2,12,385,2026-05-12T16:46:27.847155+00:00,order,fill,bid,,0130a66c-2d21-49a0-8a0d-facee23da5d1,8097813e-2f6f-40a4-be05-70c6d8d3bca7,39.5,1.0,-1.0,0.0,,,executed,7d4db25e-f38c-4717-95fd-a91fdb8f272b,d073b535-e964-43b6-a4a0-2fd6f2d9af14,,,,,1778604387.862488
06f4d9ab-2d66-4d8f-845c-680ac99ec639,0,3,3,59,2026-05-12T16:46:27.984739+00:00,trade,trade,bid,B,,,117.8,1.0,,,,,,0a4923ba-d176-4738-bd4e-e0d160fba3b0,,b4e1ad16-47c0-4855-b497-d1bc735188e5,49afa7c1-216b-4f82-bca6-8e11a182d86b,664d5f3b-570d-4a80-9e72-387baf4c63ae,cda8f129-61a6-4153-bf08-1c1a945507c7,1778604388.012107
06f4d9ab-2d66-4d8f-845c-680ac99ec639,0,3,3,60,2026-05-12T16:46:28.015272+00:00,order,fill,ask,,49afa7c1-216b-4f82-bca6-8e11a182d86b,cda8f129-61a6-4153-bf08-1c1a945507c7,117.8,1.0,-1.0,0.0,,,executed,0a4923ba-d176-4738-bd4e-e0d160fba3b0,b4e1ad16-47c0-4855-b497-d1bc735188e5,,,,,1778604388.03168
06f4d9ab-2d66-4d8f-845c-680ac99ec639,0,3,3,61,2026-05-12T16:46:28.034637+00:00,order,fill,bid,,b4e1ad16-47c0-4855-b497-d1bc735188e5,664d5f3b-570d-4a80-9e72-387baf4c63ae,118.0,1.0,-1.0,0.0,,,executed,0a4923ba-d176-4738-bd4e-e0d160fba3b0,49afa7c1-216b-4f82-bca6-8e11a182d86b,,,,,1778604388.051807
17f3bde5-9e00-47d0-8909-b138b266b325,0,2,12,386,2026-05-12T16:46:29.968755+00:00,trade,trade,bid,B,,,44.0,1.0,,,,,,e9952136-df69-4d8c-bd51-decb23102fd7,,577e002e-786a-4e8f-884d-e511880f88cc,59540241-8839-4990-8b3f-d3dfb5e76d2c,1fee9bd8-a0b5-414d-b996-84be8a4a131f,c5382ee4-bd5b-45e4-8232-55a805c489d8,1778604389.984987
17f3bde5-9e00-47d0-8909-b138b266b325,0,2,12,387,2026-05-12T16:46:29.988108+00:00,order,fill,ask,,59540241-8839-4990-8b3f-d3dfb5e76d2c,c5382ee4-bd5b-45e4-8232-55a805c489d8,44.0,1.0,-1.0,0.0,,,executed,e9952136-df69-4d8c-bd51-decb23102fd7,577e002e-786a-4e8f-884d-e511880f88cc,,,,,1778604390.003537
17f3bde5-9e00-47d0-8909-b138b266b325,0,2,12,388,2026-05-12T16:46:30.008024+00:00,order,fill,bid,,577e002e-786a-4e8f-884d-e511880f88cc,1fee9bd8-a0b5-414d-b996-84be8a4a131f,44.0,1.0,-1.0,0.0,,,executed,e9952136-df69-4d8c-bd51-decb23102fd7,59540241-8839-4990-8b3f-d3dfb5e76d2c,,,,,1778604390.02436
a5f35780-eeec-48f3-bd11-2a02633bc450,0,2,13,466,2026-05-12T16:46:30.378628+00:00,order,add,bid,,8b2d1a6c-42d6-4e8d-8b44-463ea8022933,d896d1d1-903a-4faf-af2e-bda1e25a47cc,21.5,1.0,1.0,1.0,1,1.0,active,,,,,,,1778604390.394478
a5f35780-eeec-48f3-bd11-2a02633bc450,0,2,13,467,2026-05-12T16:46:30.904731+00:00,order,add,bid,,61b942b1-4983-4b12-8dc8-22d21dfed096,7263bda7-ce07-4527-829d-593539f9496a,21.5,1.0,1.0,1.0,2,2.0,active,,,,,,,1778604390.920929
17f3bde5-9e00-47d0-8909-b138b266b325,0,2,12,389,2026-05-12T16:46:32.359204+00:00,order,add,bid,,d8009042-a692-4e14-aa6b-a703ababfcf5,e4da5453-0e94-4ba4-b1bb-3b711e2a2c8d,29.0,1.0,1.0,1.0,1,1.0,active,,,,,,,1778604392.375347
17f3bde5-9e00-47d0-8909-b138b266b325,0,2,12,390,2026-05-12T16:46:35.527886+00:00,order,add,bid,,abf903de-ba9c-41c9-ba09-f68a8bcd70bb,6eb3648e-8876-4d12-96eb-7269067415d5,29.0,1.0,1.0,1.0,2,2.0,active,,,,,,,1778604395.547465
17f3bde5-9e00-47d0-8909-b138b266b325,0,2,12,391,2026-05-12T16:46:36.141343+00:00,order,add,ask,,b22bd884-ee12-4a31-a5cd-a2eeb2b8b830,8097813e-2f6f-40a4-be05-70c6d8d3bca7,82.0,1.0,1.0,1.0,1,1.0,active,,,,,,,1778604396.157735
a5f35780-eeec-48f3-bd11-2a02633bc450,0,2,13,468,2026-05-12T16:46:36.194287+00:00,order,cancel,bid,,8b2d1a6c-42d6-4e8d-8b44-463ea8022933,d896d1d1-903a-4faf-af2e-bda1e25a47cc,21.5,1.0,-1.0,0.0,,,cancelled,,,,,,,1778604396.210028
17f3bde5-9e00-47d0-8909-b138b266b325,0,2,12,392,2026-05-12T16:46:36.305689+00:00,trade,trade,ask,S,,,39.0,1.0,,,,,,960591c6-90b0-4890-846d-69df547b1995,,d5babf3f-497b-410f-93fb-ba1c5978b3e8,177455dd-c1f5-4d0f-ad15-1ed66750a0c7,6eb3648e-8876-4d12-96eb-7269067415d5,c5382ee4-bd5b-45e4-8232-55a805c489d8,1778604396.32237
17f3bde5-9e00-47d0-8909-b138b266b325,0,2,12,393,2026-05-12T16:46:36.325565+00:00,order,fill,ask,,177455dd-c1f5-4d0f-ad15-1ed66750a0c7,c5382ee4-bd5b-45e4-8232-55a805c489d8,36.75,1.0,-1.0,0.0,,,executed,960591c6-90b0-4890-846d-69df547b1995,d5babf3f-497b-410f-93fb-ba1c5978b3e8,,,,,1778604396.340716
17f3bde5-9e00-47d0-8909-b138b266b325,0,2,12,394,2026-05-12T16:46:36.343537+00:00,order,fill,bid,,d5babf3f-497b-410f-93fb-ba1c5978b3e8,6eb3648e-8876-4d12-96eb-7269067415d5,39.0,1.0,-1.0,0.0,,,executed,960591c6-90b0-4890-846d-69df547b1995,177455dd-c1f5-4d0f-ad15-1ed66750a0c7,,,,,1778604396.359623
17f3bde5-9e00-47d0-8909-b138b266b325,0,2,11,395,2026-05-12T16:46:38.056507+00:00,order,cancel,bid,,0e27013e-a26b-41e3-96bb-5fe51df5468f,c5382ee4-bd5b-45e4-8232-55a805c489d8,30.0,1.0,-1.0,0.0,,,cancelled,,,,,,,1778604398.073129
17f3bde5-9e00-47d0-8909-b138b266b325,0,2,12,396,2026-05-12T16:46:42.623665+00:00,order,add,ask,,4811d5cd-9807-423f-a7cb-4142cece9f7d,6eb3648e-8876-4d12-96eb-7269067415d5,60.0,1.0,1.0,1.0,4,4.0,active,,,,,,,1778604402.63954
17f3bde5-9e00-47d0-8909-b138b266b325,0,2,12,397,2026-05-12T16:46:45.525148+00:00,order,add,ask,,24609376-8351-451c-9a26-c2f1dcb90575,8097813e-2f6f-40a4-be05-70c6d8d3bca7,59.0,1.0,1.0,1.0,1,1.0,active,,,,,,,1778604405.540844
17f3bde5-9e00-47d0-8909-b138b266b325,0,2,11,398,2026-05-12T16:46:47.693842+00:00,order,cancel,ask,,082e82ce-88ff-4a8c-bd21-56a138760dd0,8097813e-2f6f-40a4-be05-70c6d8d3bca7,91.0,1.0,-1.0,0.0,,,cancelled,,,,,,,1778604407.710471
17f3bde5-9e00-47d0-8909-b138b266b325,0,2,12,399,2026-05-12T16:46:49.368874+00:00,order,add,bid,,8bdc949d-f954-429c-98c0-a7e0f62ddf51,c5382ee4-bd5b-45e4-8232-55a805c489d8,30.0,1.0,1.0,1.0,5,5.0,active,,,,,,,1778604409.38581
06f4d9ab-2d66-4d8f-845c-680ac99ec639,0,3,3,62,2026-05-12T16:46:49.629177+00:00,order,cancel,bid,,56726b22-10b3-4b27-b3b4-dc14b784903b,664d5f3b-570d-4a80-9e72-387baf4c63ae,117.0,1.0,-1.0,0.0,,,cancelled,,,,,,,1778604409.646207
17f3bde5-9e00-47d0-8909-b138b266b325,0,2,12,400,2026-05-12T16:46:50.358618+00:00,order,add,ask,,ba1f8bd3-014c-4879-84cf-199afc478850,6eb3648e-8876-4d12-96eb-7269067415d5,70.0,1.0,1.0,1.0,1,1.0,active,,,,,,,1778604410.376065
17f3bde5-9e00-47d0-8909-b138b266b325,0,2,12,401,2026-05-12T16:46:50.414401+00:00,trade,trade,bid,B,,,50.0,1.0,,,,,,ebcd45e8-e607-45c7-928d-5e49596faaf9,,4938cfeb-1d9e-4020-b612-bc070a2aa9dd,b01883a3-170d-48ce-8cd6-631c3b79221a,e4da5453-0e94-4ba4-b1bb-3b711e2a2c8d,1fee9bd8-a0b5-414d-b996-84be8a4a131f,1778604410.429636
17f3bde5-9e00-47d0-8909-b138b266b325,0,2,12,402,2026-05-12T16:46:50.432682+00:00,order,fill,ask,,b01883a3-170d-48ce-8cd6-631c3b79221a,1fee9bd8-a0b5-414d-b996-84be8a4a131f,50.0,1.0,-1.0,0.0,,,executed,ebcd45e8-e607-45c7-928d-5e49596faaf9,4938cfeb-1d9e-4020-b612-bc070a2aa9dd,,,,,1778604410.448039
17f3bde5-9e00-47d0-8909-b138b266b325,0,2,12,403,2026-05-12T16:46:50.450694+00:00,order,fill,bid,,4938cfeb-1d9e-4020-b612-bc070a2aa9dd,e4da5453-0e94-4ba4-b1bb-3b711e2a2c8d,50.0,1.0,-1.0,0.0,,,executed,ebcd45e8-e607-45c7-928d-5e49596faaf9,b01883a3-170d-48ce-8cd6-631c3b79221a,,,,,1778604410.465118
17f3bde5-9e00-47d0-8909-b138b266b325,0,2,12,404,2026-05-12T16:46:50.646759+00:00,order,cancel,ask,,b22bd884-ee12-4a31-a5cd-a2eeb2b8b830,8097813e-2f6f-40a4-be05-70c6d8d3bca7,82.0,1.0,-1.0,0.0,,,cancelled,,,,,,,1778604410.663128
06f4d9ab-2d66-4d8f-845c-680ac99ec639,0,3,2,63,2026-05-12T16:46:52.066649+00:00,order,cancel,ask,,47cf4792-55ab-47dd-af3a-bfa54e775006,b5eb1e0a-5002-4683-a96b-77986bde95ab,120.0,1.0,-1.0,0.0,,,cancelled,,,,,,,1778604412.082629
17f3bde5-9e00-47d0-8909-b138b266b325,0,2,12,405,2026-05-12T16:46:55.607220+00:00,order,add,ask,,af4a95d0-cb66-45f4-8ef7-e31ad34e65df,6eb3648e-8876-4d12-96eb-7269067415d5,60.0,1.0,1.0,1.0,5,5.0,active,,,,,,,1778604415.623259
17f3bde5-9e00-47d0-8909-b138b266b325,0,2,12,406,2026-05-12T16:46:56.647873+00:00,trade,trade,ask,S,,,30.0,1.0,,,,,,2b13751c-c04e-44a3-b03c-9a69a9539ff8,,6bb521de-27ce-4175-8e62-1f4d292053e4,17487745-8b8d-4c92-ad0a-334bc78da1e1,6eb3648e-8876-4d12-96eb-7269067415d5,121ddd6b-3999-4e05-a2b3-d80bdfc8efba,1778604416.663777
17f3bde5-9e00-47d0-8909-b138b266b325,0,2,12,407,2026-05-12T16:46:56.666715+00:00,order,fill,ask,,17487745-8b8d-4c92-ad0a-334bc78da1e1,121ddd6b-3999-4e05-a2b3-d80bdfc8efba,30.0,1.0,-1.0,0.0,,,executed,2b13751c-c04e-44a3-b03c-9a69a9539ff8,6bb521de-27ce-4175-8e62-1f4d292053e4,,,,,1778604416.682404
17f3bde5-9e00-47d0-8909-b138b266b325,0,2,12,408,2026-05-12T16:46:56.685277+00:00,order,fill,bid,,6bb521de-27ce-4175-8e62-1f4d292053e4,6eb3648e-8876-4d12-96eb-7269067415d5,30.0,1.0,-1.0,0.0,,,executed,2b13751c-c04e-44a3-b03c-9a69a9539ff8,17487745-8b8d-4c92-ad0a-334bc78da1e1,,,,,1778604416.700139
06f4d9ab-2d66-4d8f-845c-680ac99ec639,0,3,4,64,2026-05-12T16:46:56.939595+00:00,order,add,bid,,d29efab4-089a-4977-aa9d-e3723f5af2cc,664d5f3b-570d-4a80-9e72-387baf4c63ae,115.0,1.0,1.0,1.0,1,1.0,active,,,,,,,1778604416.95531
17f3bde5-9e00-47d0-8909-b138b266b325,0,2,12,409,2026-05-12T16:46:58.504039+00:00,order,add,ask,,9be14c6b-c0e1-413b-9220-f6e8745a2dc1,1fee9bd8-a0b5-414d-b996-84be8a4a131f,70.0,1.0,1.0,1.0,2,2.0,active,,,,,,,1778604418.520606
17f3bde5-9e00-47d0-8909-b138b266b325,0,2,12,410,2026-05-12T16:46:59.197871+00:00,order,cancel,ask,,24609376-8351-451c-9a26-c2f1dcb90575,8097813e-2f6f-40a4-be05-70c6d8d3bca7,59.0,1.0,-1.0,0.0,,,cancelled,,,,,,,1778604419.214462
06f4d9ab-2d66-4d8f-845c-680ac99ec639,0,3,4,65,2026-05-12T16:46:59.968669+00:00,order,add,ask,,78f5495b-fe47-4fcb-953b-a86183b1cfec,cda8f129-61a6-4153-bf08-1c1a945507c7,118.0,1.0,1.0,1.0,2,2.0,active,,,,,,,1778604419.98485
17f3bde5-9e00-47d0-8909-b138b266b325,0,2,12,411,2026-05-12T16:47:00.431654+00:00,order,add,ask,,ce9cd070-0f1c-4fa7-b1fd-44801d0e96e6,6eb3648e-8876-4d12-96eb-7269067415d5,58.0,1.0,1.0,1.0,1,1.0,active,,,,,,,1778604420.448352
17f3bde5-9e00-47d0-8909-b138b266b325,0,2,12,412,2026-05-12T16:47:02.279231+00:00,trade,trade,ask,S,,,30.0,1.0,,,,,,fb67365b-75d1-4f29-8aee-0f2384db0162,,3255dd31-082d-45ad-8dd0-61d8702c9901,3cc6b57f-4917-4edb-9e0d-40ee110cc4dc,6eb3648e-8876-4d12-96eb-7269067415d5,121ddd6b-3999-4e05-a2b3-d80bdfc8efba,1778604422.29987
17f3bde5-9e00-47d0-8909-b138b266b325,0,2,12,413,2026-05-12T16:47:02.303266+00:00,order,fill,ask,,3cc6b57f-4917-4edb-9e0d-40ee110cc4dc,121ddd6b-3999-4e05-a2b3-d80bdfc8efba,30.0,1.0,-1.0,0.0,,,executed,fb67365b-75d1-4f29-8aee-0f2384db0162,3255dd31-082d-45ad-8dd0-61d8702c9901,,,,,1778604422.33543
17f3bde5-9e00-47d0-8909-b138b266b325,0,2,12,414,2026-05-12T16:47:02.339063+00:00,order,fill,bid,,3255dd31-082d-45ad-8dd0-61d8702c9901,6eb3648e-8876-4d12-96eb-7269067415d5,30.0,1.0,-1.0,0.0,,,executed,fb67365b-75d1-4f29-8aee-0f2384db0162,3cc6b57f-4917-4edb-9e0d-40ee110cc4dc,,,,,1778604422.360306
06f4d9ab-2d66-4d8f-845c-680ac99ec639,0,3,4,66,2026-05-12T16:47:02.628239+00:00,order,add,bid,,c9173dff-a0b9-47ce-a193-7356acd5fb75,664d5f3b-570d-4a80-9e72-387baf4c63ae,116.0,1.0,1.0,1.0,2,2.0,active,,,,,,,1778604422.650136
06f4d9ab-2d66-4d8f-845c-680ac99ec639,0,3,4,67,2026-05-12T16:47:02.846222+00:00,order,add,ask,,8628a740-ef1d-4f98-8335-d6a2bae7b541,664d5f3b-570d-4a80-9e72-387baf4c63ae,119.0,1.0,1.0,1.0,7,7.0,active,,,,,,,1778604422.862898
a5f35780-eeec-48f3-bd11-2a02633bc450,0,2,13,469,2026-05-12T16:47:03.050318+00:00,order,cancel,bid,,ae5c5f67-628a-4b53-8bbe-d9d6c0187db2,d896d1d1-903a-4faf-af2e-bda1e25a47cc,21.0,1.0,-1.0,0.0,,,cancelled,,,,,,,1778604423.067122
17f3bde5-9e00-47d0-8909-b138b266b325,0,2,12,415,2026-05-12T16:47:04.239756+00:00,order,add,ask,,b657eb81-3e63-4125-a31d-301a9524d94b,1fee9bd8-a0b5-414d-b996-84be8a4a131f,60.0,1.0,1.0,1.0,6,6.0,active,,,,,,,1778604424.256529
17f3bde5-9e00-47d0-8909-b138b266b325,0,2,12,416,2026-05-12T16:47:04.549795+00:00,order,add,ask,,29d24863-7c62-4bba-8f78-5a4ac6410aa0,8097813e-2f6f-40a4-be05-70c6d8d3bca7,61.0,1.0,1.0,1.0,1,1.0,active,,,,,,,1778604424.566947
a5f35780-eeec-48f3-bd11-2a02633bc450,0,2,14,470,2026-05-12T16:47:04.705326+00:00,order,add,ask,,f566c401-8e2f-4f5e-954d-f3a25ee3f6e0,7263bda7-ce07-4527-829d-593539f9496a,25.0,1.0,1.0,1.0,1,1.0,active,,,,,,,1778604424.7212
a5f35780-eeec-48f3-bd11-2a02633bc450,0,2,13,471,2026-05-12T16:47:04.805730+00:00,order,cancel,bid,,d7ef58b2-d7bb-4f84-887d-3d2d5c035415,6a27507f-b151-4a9f-b11f-d433b22aeb62,18.0,1.0,-1.0,0.0,,,cancelled,,,,,,,1778604424.821371
17f3bde5-9e00-47d0-8909-b138b266b325,0,2,12,417,2026-05-12T16:47:05.296462+00:00,order,add,ask,,81c63f30-4929-4b9c-a3b3-e3b56bf1e94c,c5382ee4-bd5b-45e4-8232-55a805c489d8,34.0,1.0,1.0,1.0,1,1.0,active,,,,,,,1778604425.313197
a5f35780-eeec-48f3-bd11-2a02633bc450,0,2,14,472,2026-05-12T16:47:07.050015+00:00,trade,trade,ask,S,,,21.5,1.0,,,,,,35e819f6-b606-4439-b766-50adbb6eb211,,61b942b1-4983-4b12-8dc8-22d21dfed096,6fed2393-02bc-4e6d-adf2-1508b823308b,7263bda7-ce07-4527-829d-593539f9496a,d896d1d1-903a-4faf-af2e-bda1e25a47cc,1778604427.06643
a5f35780-eeec-48f3-bd11-2a02633bc450,0,2,14,473,2026-05-12T16:47:07.069624+00:00,order,fill,ask,,6fed2393-02bc-4e6d-adf2-1508b823308b,d896d1d1-903a-4faf-af2e-bda1e25a47cc,21.5,1.0,-1.0,0.0,,,executed,35e819f6-b606-4439-b766-50adbb6eb211,61b942b1-4983-4b12-8dc8-22d21dfed096,,,,,1778604427.085552
a5f35780-eeec-48f3-bd11-2a02633bc450,0,2,14,474,2026-05-12T16:47:07.088559+00:00,order,fill,bid,,61b942b1-4983-4b12-8dc8-22d21dfed096,7263bda7-ce07-4527-829d-593539f9496a,21.5,1.0,-1.0,0.0,,,executed,35e819f6-b606-4439-b766-50adbb6eb211,6fed2393-02bc-4e6d-adf2-1508b823308b,,,,,1778604427.104363
17f3bde5-9e00-47d0-8909-b138b266b325,0,2,12,418,2026-05-12T16:47:07.391836+00:00,trade,trade,ask,S,,,30.0,1.0,,,,,,e98bc244-d8c4-43d8-8d42-594318ef443d,,67a6f22e-932e-44d9-a2d1-299ff31091a4,6b60255c-cdd2-4587-83a2-dfd10a258855,e4da5453-0e94-4ba4-b1bb-3b711e2a2c8d,121ddd6b-3999-4e05-a2b3-d80bdfc8efba,1778604427.408404
17f3bde5-9e00-47d0-8909-b138b266b325,0,2,12,419,2026-05-12T16:47:07.411408+00:00,order,fill,ask,,6b60255c-cdd2-4587-83a2-dfd10a258855,121ddd6b-3999-4e05-a2b3-d80bdfc8efba,30.0,1.0,-1.0,0.0,,,executed,e98bc244-d8c4-43d8-8d42-594318ef443d,67a6f22e-932e-44d9-a2d1-299ff31091a4,,,,,1778604427.425993
17f3bde5-9e00-47d0-8909-b138b266b325,0,2,12,420,2026-05-12T16:47:07.428813+00:00,order,fill,bid,,67a6f22e-932e-44d9-a2d1-299ff31091a4,e4da5453-0e94-4ba4-b1bb-3b711e2a2c8d,30.0,1.0,-1.0,0.0,,,executed,e98bc244-d8c4-43d8-8d42-594318ef443d,6b60255c-cdd2-4587-83a2-dfd10a258855,,,,,1778604427.443764
17f3bde5-9e00-47d0-8909-b138b266b325,0,2,12,421,2026-05-12T16:47:07.607328+00:00,order,add,ask,,82692896-2c94-4b08-9938-f5c7591a877a,1fee9bd8-a0b5-414d-b996-84be8a4a131f,60.0,1.0,1.0,1.0,7,7.0,active,,,,,,,1778604427.622995
17f3bde5-9e00-47d0-8909-b138b266b325,0,2,12,422,2026-05-12T16:47:07.879494+00:00,order,add,bid,,73b621d0-ae2e-4094-bbdf-9c3b2b34021a,6eb3648e-8876-4d12-96eb-7269067415d5,30.0,1.0,1.0,1.0,3,3.0,active,,,,,,,1778604427.896201
06f4d9ab-2d66-4d8f-845c-680ac99ec639,0,3,4,68,2026-05-12T16:47:08.149585+00:00,order,add,ask,,5ec9d5cd-a015-47ad-983b-d912ea9f3bc4,664d5f3b-570d-4a80-9e72-387baf4c63ae,118.0,1.0,1.0,1.0,3,3.0,active,,,,,,,1778604428.166235
17f3bde5-9e00-47d0-8909-b138b266b325,0,2,12,423,2026-05-12T16:47:09.469815+00:00,order,add,ask,,76cb033c-081e-4703-a87c-901bcf0ff910,8097813e-2f6f-40a4-be05-70c6d8d3bca7,50.0,1.0,1.0,1.0,1,1.0,active,,,,,,,1778604429.486599
a5f35780-eeec-48f3-bd11-2a02633bc450,0,2,14,475,2026-05-12T16:47:10.232872+00:00,order,add,ask,,f9100011-9175-4211-9f38-e9c7861fe0e4,d896d1d1-903a-4faf-af2e-bda1e25a47cc,23.25,1.0,1.0,1.0,1,1.0,active,,,,,,,1778604430.250809
a5f35780-eeec-48f3-bd11-2a02633bc450,0,2,9,476,2026-05-12T16:47:10.355910+00:00,order,cancel,ask,,4a4e2c4f-79f7-479c-9109-8e024b6c9ee3,14a8161a-9d15-4590-8e4a-d60fa690d14e,50.0,1.0,-1.0,0.0,,,cancelled,,,,,,,1778604430.372188
a5f35780-eeec-48f3-bd11-2a02633bc450,0,2,14,477,2026-05-12T16:47:10.490208+00:00,order,add,ask,,9dd7535e-d156-4d27-94be-8b5f4b1fca1a,3f3f926c-76bd-44db-b2dc-3e8e8ddbccb6,23.5,1.0,1.0,1.0,1,1.0,active,,,,,,,1778604430.507192
a5f35780-eeec-48f3-bd11-2a02633bc450,0,2,13,478,2026-05-12T16:47:11.361775+00:00,order,cancel,ask,,d5dbbec6-212c-4ec1-90de-be3f18f72e1a,d896d1d1-903a-4faf-af2e-bda1e25a47cc,26.0,1.0,-1.0,0.0,,,cancelled,,,,,,,1778604431.377259
a5f35780-eeec-48f3-bd11-2a02633bc450,0,2,9,479,2026-05-12T16:47:11.460378+00:00,order,cancel,ask,,2a03eaa3-d806-4bee-9569-24f08906b48d,14a8161a-9d15-4590-8e4a-d60fa690d14e,48.75,1.0,-1.0,0.0,,,cancelled,,,,,,,1778604431.475322
a5f35780-eeec-48f3-bd11-2a02633bc450,0,2,13,480,2026-05-12T16:47:12.145915+00:00,order,cancel,ask,,62946d20-f6dd-441e-b169-9a523ad3ada9,d896d1d1-903a-4faf-af2e-bda1e25a47cc,28.0,1.0,-1.0,0.0,,,cancelled,,,,,,,1778604432.161705
a5f35780-eeec-48f3-bd11-2a02633bc450,0,2,14,481,2026-05-12T16:47:12.802977+00:00,order,add,bid,,e597e0ba-21d9-4682-9b8d-488f2d5ac634,7263bda7-ce07-4527-829d-593539f9496a,21.0,1.0,1.0,1.0,1,1.0,active,,,,,,,1778604432.820206
a5f35780-eeec-48f3-bd11-2a02633bc450,0,2,12,482,2026-05-12T16:47:12.936150+00:00,order,cancel,ask,,f5ed638d-81d0-43eb-9794-a808ef64918e,d896d1d1-903a-4faf-af2e-bda1e25a47cc,35.0,1.0,-1.0,0.0,,,cancelled,,,,,,,1778604432.952527
a5f35780-eeec-48f3-bd11-2a02633bc450,0,2,11,483,2026-05-12T16:47:13.474386+00:00,order,cancel,ask,,a9ad4026-d2b7-4dc8-96a8-6a97123124e4,d896d1d1-903a-4faf-af2e-bda1e25a47cc,42.5,1.0,-1.0,0.0,,,cancelled,,,,,,,1778604433.491201
a5f35780-eeec-48f3-bd11-2a02633bc450,0,2,10,484,2026-05-12T16:47:13.970812+00:00,order,cancel,ask,,c59f6011-9e7f-4430-b0f9-b11bc3a08aa5,d896d1d1-903a-4faf-af2e-bda1e25a47cc,45.0,1.0,-1.0,0.0,,,cancelled,,,,,,,1778604433.987271
a5f35780-eeec-48f3-bd11-2a02633bc450,0,2,9,485,2026-05-12T16:47:14.736893+00:00,order,cancel,ask,,bb7ba19d-95b0-45a8-9e04-948aa02d5fba,d896d1d1-903a-4faf-af2e-bda1e25a47cc,55.0,1.0,-1.0,0.0,,,cancelled,,,,,,,1778604434.753963
06f4d9ab-2d66-4d8f-845c-680ac99ec639,0,3,4,69,2026-05-12T16:47:17.465949+00:00,order,add,ask,,1c4a9203-32d1-4b79-97f1-22d950676d74,cda8f129-61a6-4153-bf08-1c1a945507c7,117.9,1.0,1.0,1.0,1,1.0,active,,,,,,,1778604437.48721
a5f35780-eeec-48f3-bd11-2a02633bc450,0,2,14,486,2026-05-12T16:47:17.930807+00:00,trade,trade,ask,S,,,21.0,1.0,,,,,,bb23f729-c656-40a9-a0a8-4f039ed9ddac,,e597e0ba-21d9-4682-9b8d-488f2d5ac634,dd649f13-4669-4e3b-864e-831b6c4fd901,7263bda7-ce07-4527-829d-593539f9496a,d896d1d1-903a-4faf-af2e-bda1e25a47cc,1778604437.94672
a5f35780-eeec-48f3-bd11-2a02633bc450,0,2,14,487,2026-05-12T16:47:17.949851+00:00,order,fill,ask,,dd649f13-4669-4e3b-864e-831b6c4fd901,d896d1d1-903a-4faf-af2e-bda1e25a47cc,21.0,1.0,-1.0,0.0,,,executed,bb23f729-c656-40a9-a0a8-4f039ed9ddac,e597e0ba-21d9-4682-9b8d-488f2d5ac634,,,,,1778604437.966602
a5f35780-eeec-48f3-bd11-2a02633bc450,0,2,14,488,2026-05-12T16:47:17.969502+00:00,order,fill,bid,,e597e0ba-21d9-4682-9b8d-488f2d5ac634,7263bda7-ce07-4527-829d-593539f9496a,21.0,1.0,-1.0,0.0,,,executed,bb23f729-c656-40a9-a0a8-4f039ed9ddac,dd649f13-4669-4e3b-864e-831b6c4fd901,,,,,1778604437.984777
a5f35780-eeec-48f3-bd11-2a02633bc450,0,2,14,489,2026-05-12T16:47:20.202925+00:00,trade,trade,bid,B,,,23.25,1.0,,,,,,09cef831-e636-44bc-9d7e-cde17d2de3d1,,f524a0dd-2d7e-4ece-beb4-f5a574ae9c90,f9100011-9175-4211-9f38-e9c7861fe0e4,3f3f926c-76bd-44db-b2dc-3e8e8ddbccb6,d896d1d1-903a-4faf-af2e-bda1e25a47cc,1778604440.219323
a5f35780-eeec-48f3-bd11-2a02633bc450,0,2,14,490,2026-05-12T16:47:20.222546+00:00,order,fill,ask,,f9100011-9175-4211-9f38-e9c7861fe0e4,d896d1d1-903a-4faf-af2e-bda1e25a47cc,23.25,1.0,-1.0,0.0,,,executed,09cef831-e636-44bc-9d7e-cde17d2de3d1,f524a0dd-2d7e-4ece-beb4-f5a574ae9c90,,,,,1778604440.237783
a5f35780-eeec-48f3-bd11-2a02633bc450,0,2,14,491,2026-05-12T16:47:20.240459+00:00,order,fill,bid,,f524a0dd-2d7e-4ece-beb4-f5a574ae9c90,3f3f926c-76bd-44db-b2dc-3e8e8ddbccb6,23.25,1.0,-1.0,0.0,,,executed,09cef831-e636-44bc-9d7e-cde17d2de3d1,f9100011-9175-4211-9f38-e9c7861fe0e4,,,,,1778604440.255817
a5f35780-eeec-48f3-bd11-2a02633bc450,0,2,14,492,2026-05-12T16:47:20.344603+00:00,order,add,ask,,b1f79d54-d9f2-4d72-9cfb-f850beba261f,d896d1d1-903a-4faf-af2e-bda1e25a47cc,22.13,1.0,1.0,1.0,1,1.0,active,,,,,,,1778604440.360609
06f4d9ab-2d66-4d8f-845c-680ac99ec639,0,3,4,70,2026-05-12T16:47:26.728847+00:00,trade,trade,bid,B,,,117.9,1.0,,,,,,00950408-6a11-4120-a7cc-d4cac23ee939,,9b243ced-8f31-4ed0-926d-d0ca90c26b02,1c4a9203-32d1-4b79-97f1-22d950676d74,b5eb1e0a-5002-4683-a96b-77986bde95ab,cda8f129-61a6-4153-bf08-1c1a945507c7,1778604446.745369
06f4d9ab-2d66-4d8f-845c-680ac99ec639,0,3,4,71,2026-05-12T16:47:26.748423+00:00,order,fill,ask,,1c4a9203-32d1-4b79-97f1-22d950676d74,cda8f129-61a6-4153-bf08-1c1a945507c7,117.9,1.0,-1.0,0.0,,,executed,00950408-6a11-4120-a7cc-d4cac23ee939,9b243ced-8f31-4ed0-926d-d0ca90c26b02,,,,,1778604446.764566
06f4d9ab-2d66-4d8f-845c-680ac99ec639,0,3,4,72,2026-05-12T16:47:26.767612+00:00,order,fill,bid,,9b243ced-8f31-4ed0-926d-d0ca90c26b02,b5eb1e0a-5002-4683-a96b-77986bde95ab,117.9,1.0,-1.0,0.0,,,executed,00950408-6a11-4120-a7cc-d4cac23ee939,1c4a9203-32d1-4b79-97f1-22d950676d74,,,,,1778604446.786572
a5f35780-eeec-48f3-bd11-2a02633bc450,0,2,14,493,2026-05-12T16:47:27.028472+00:00,order,add,bid,,f782dc9c-cef2-4c2a-8fd5-52efc4ea7ab5,6a27507f-b151-4a9f-b11f-d433b22aeb62,17.0,1.0,1.0,1.0,1,1.0,active,,,,,,,1778604447.044826
a5f35780-eeec-48f3-bd11-2a02633bc450,0,2,14,494,2026-05-12T16:47:27.358786+00:00,order,add,bid,,bba7600e-c10c-48ff-8f2a-1e64dc38b31a,b051dea2-10fd-492e-a16a-123e7f6bc6ac,10.0,1.0,1.0,1.0,1,1.0,active,,,,,,,1778604447.374992
a5f35780-eeec-48f3-bd11-2a02633bc450,0,2,14,495,2026-05-12T16:47:28.360150+00:00,order,add,bid,,7d5564fc-ce3f-49c6-93ee-f9844ae23085,d896d1d1-903a-4faf-af2e-bda1e25a47cc,12.0,1.0,1.0,1.0,1,1.0,active,,,,,,,1778604448.376691
a5f35780-eeec-48f3-bd11-2a02633bc450,0,2,12,496,2026-05-12T16:47:28.488116+00:00,order,cancel,ask,,30eaad34-3754-4c13-8b0e-6be20a6567a6,3f3f926c-76bd-44db-b2dc-3e8e8ddbccb6,35.0,1.0,-1.0,0.0,,,cancelled,,,,,,,1778604448.504262
a5f35780-eeec-48f3-bd11-2a02633bc450,0,2,13,497,2026-05-12T16:47:28.938508+00:00,order,cancel,ask,,6986b9e0-cb60-48d6-ab05-367a8d94e166,3f3f926c-76bd-44db-b2dc-3e8e8ddbccb6,32.99,1.0,-1.0,0.0,,,cancelled,,,,,,,1778604448.95434
a5f35780-eeec-48f3-bd11-2a02633bc450,0,2,14,498,2026-05-12T16:47:29.072693+00:00,order,add,bid,,e6cc51d4-42f8-4755-88cb-b29cf91ccb14,7263bda7-ce07-4527-829d-593539f9496a,21.0,1.0,1.0,1.0,1,1.0,active,,,,,,,1778604449.089977
a5f35780-eeec-48f3-bd11-2a02633bc450,0,2,14,499,2026-05-12T16:47:29.940400+00:00,order,cancel,bid,,f782dc9c-cef2-4c2a-8fd5-52efc4ea7ab5,6a27507f-b151-4a9f-b11f-d433b22aeb62,17.0,1.0,-1.0,0.0,,,cancelled,,,,,,,1778604449.956801
06f4d9ab-2d66-4d8f-845c-680ac99ec639,0,3,4,73,2026-05-12T16:47:29.979876+00:00,trade,trade,ask,S,,,116.0,1.0,,,,,,3a5a855e-285b-4228-a730-6e5031e020ba,,2acb2684-4e55-4248-9e09-29e882e9ced9,c0ad4ff0-23b7-48c6-99d6-661695adf667,cda8f129-61a6-4153-bf08-1c1a945507c7,664d5f3b-570d-4a80-9e72-387baf4c63ae,1778604449.995642
06f4d9ab-2d66-4d8f-845c-680ac99ec639,0,3,4,74,2026-05-12T16:47:29.999094+00:00,order,fill,ask,,c0ad4ff0-23b7-48c6-99d6-661695adf667,664d5f3b-570d-4a80-9e72-387baf4c63ae,116.0,1.0,-1.0,0.0,,,executed,3a5a855e-285b-4228-a730-6e5031e020ba,2acb2684-4e55-4248-9e09-29e882e9ced9,,,,,1778604450.019255
06f4d9ab-2d66-4d8f-845c-680ac99ec639,0,3,4,75,2026-05-12T16:47:30.023771+00:00,order,fill,bid,,2acb2684-4e55-4248-9e09-29e882e9ced9,cda8f129-61a6-4153-bf08-1c1a945507c7,116.0,1.0,-1.0,0.0,,,executed,3a5a855e-285b-4228-a730-6e5031e020ba,c0ad4ff0-23b7-48c6-99d6-661695adf667,,,,,1778604450.043115
a5f35780-eeec-48f3-bd11-2a02633bc450,0,2,14,500,2026-05-12T16:47:32.953408+00:00,trade,trade,ask,S,,,21.0,1.0,,,,,,ad70abe3-6494-4676-a7f7-f1c77dba4bc0,,e6cc51d4-42f8-4755-88cb-b29cf91ccb14,758a7563-361f-41f6-b78e-15b0043ec4ca,7263bda7-ce07-4527-829d-593539f9496a,d896d1d1-903a-4faf-af2e-bda1e25a47cc,1778604452.969993
a5f35780-eeec-48f3-bd11-2a02633bc450,0,2,14,501,2026-05-12T16:47:32.973018+00:00,order,fill,ask,,758a7563-361f-41f6-b78e-15b0043ec4ca,d896d1d1-903a-4faf-af2e-bda1e25a47cc,21.0,1.0,-1.0,0.0,,,executed,ad70abe3-6494-4676-a7f7-f1c77dba4bc0,e6cc51d4-42f8-4755-88cb-b29cf91ccb14,,,,,1778604452.9886
a5f35780-eeec-48f3-bd11-2a02633bc450,0,2,14,502,2026-05-12T16:47:32.991555+00:00,order,fill,bid,,e6cc51d4-42f8-4755-88cb-b29cf91ccb14,7263bda7-ce07-4527-829d-593539f9496a,21.0,1.0,-1.0,0.0,,,executed,ad70abe3-6494-4676-a7f7-f1c77dba4bc0,758a7563-361f-41f6-b78e-15b0043ec4ca,,,,,1778604453.007337
a5f35780-eeec-48f3-bd11-2a02633bc450,0,2,14,503,2026-05-12T16:47:33.495033+00:00,trade,trade,bid,B,,,22.13,1.0,,,,,,43b7bed5-3a5f-4ba3-ab9e-cb184a3fd5bc,,d4a38b41-f7ce-45bd-b8dd-0dd29478bfa6,b1f79d54-d9f2-4d72-9cfb-f850beba261f,3f3f926c-76bd-44db-b2dc-3e8e8ddbccb6,d896d1d1-903a-4faf-af2e-bda1e25a47cc,1778604453.511075
a5f35780-eeec-48f3-bd11-2a02633bc450,0,2,14,504,2026-05-12T16:47:33.514183+00:00,order,fill,ask,,b1f79d54-d9f2-4d72-9cfb-f850beba261f,d896d1d1-903a-4faf-af2e-bda1e25a47cc,22.13,1.0,-1.0,0.0,,,executed,43b7bed5-3a5f-4ba3-ab9e-cb184a3fd5bc,d4a38b41-f7ce-45bd-b8dd-0dd29478bfa6,,,,,1778604453.528899
a5f35780-eeec-48f3-bd11-2a02633bc450,0,2,14,505,2026-05-12T16:47:33.531890+00:00,order,fill,bid,,d4a38b41-f7ce-45bd-b8dd-0dd29478bfa6,3f3f926c-76bd-44db-b2dc-3e8e8ddbccb6,22.13,1.0,-1.0,0.0,,,executed,43b7bed5-3a5f-4ba3-ab9e-cb184a3fd5bc,b1f79d54-d9f2-4d72-9cfb-f850beba261f,,,,,1778604453.546918
a5f35780-eeec-48f3-bd11-2a02633bc450,0,2,14,506,2026-05-12T16:47:35.001899+00:00,order,add,ask,,b0fece75-6234-43c3-9683-6542611f9c19,d896d1d1-903a-4faf-af2e-bda1e25a47cc,21.57,1.0,1.0,1.0,1,1.0,active,,,,,,,1778604455.019605
17f3bde5-9e00-47d0-8909-b138b266b325,0,2,12,424,2026-05-12T16:47:36.954864+00:00,order,cancel,ask,,81c63f30-4929-4b9c-a3b3-e3b56bf1e94c,c5382ee4-bd5b-45e4-8232-55a805c489d8,34.0,1.0,-1.0,0.0,,,cancelled,,,,,,,1778604456.970979
a5f35780-eeec-48f3-bd11-2a02633bc450,0,2,14,507,2026-05-12T16:47:37.036517+00:00,order,add,bid,,61da8366-f784-46e4-8577-43dd0f45379b,6a27507f-b151-4a9f-b11f-d433b22aeb62,7.0,1.0,1.0,1.0,1,1.0,active,,,,,,,1778604457.053629
17f3bde5-9e00-47d0-8909-b138b266b325,0,2,12,425,2026-05-12T16:47:37.713730+00:00,order,cancel,bid,,8bdc949d-f954-429c-98c0-a7e0f62ddf51,c5382ee4-bd5b-45e4-8232-55a805c489d8,30.0,1.0,-1.0,0.0,,,cancelled,,,,,,,1778604457.729755
a5f35780-eeec-48f3-bd11-2a02633bc450,0,2,14,508,2026-05-12T16:47:37.777333+00:00,order,add,ask,,7d11ece2-cd46-46e8-b5b2-d2d8060f6880,7263bda7-ce07-4527-829d-593539f9496a,21.0,1.0,1.0,1.0,1,1.0,active,,,,,,,1778604457.792836
17f3bde5-9e00-47d0-8909-b138b266b325,0,2,12,426,2026-05-12T16:47:37.936562+00:00,order,cancel,bid,,819b0284-cf6d-4f75-91ce-4c507651cc99,e4da5453-0e94-4ba4-b1bb-3b711e2a2c8d,30.0,1.0,-1.0,0.0,,,cancelled,,,,,,,1778604457.952242
17f3bde5-9e00-47d0-8909-b138b266b325,0,2,12,427,2026-05-12T16:47:38.031126+00:00,order,cancel,ask,,76cb033c-081e-4703-a87c-901bcf0ff910,8097813e-2f6f-40a4-be05-70c6d8d3bca7,50.0,1.0,-1.0,0.0,,,cancelled,,,,,,,1778604458.047699
17f3bde5-9e00-47d0-8909-b138b266b325,0,2,13,428,2026-05-12T16:47:38.160228+00:00,order,add,bid,,f2aedfe4-5f3e-4e42-94fa-870dff93231f,121ddd6b-3999-4e05-a2b3-d80bdfc8efba,30.0,1.0,1.0,1.0,2,2.0,active,,,,,,,1778604458.177194
06f4d9ab-2d66-4d8f-845c-680ac99ec639,0,3,4,76,2026-05-12T16:47:38.809290+00:00,order,add,bid,,50b9c02b-c1e6-45df-b288-8d8c9a0643d1,b5eb1e0a-5002-4683-a96b-77986bde95ab,115.95,1.0,1.0,1.0,1,1.0,active,,,,,,,1778604458.825231
17f3bde5-9e00-47d0-8909-b138b266b325,0,2,12,429,2026-05-12T16:47:40.056750+00:00,order,cancel,bid,,d8009042-a692-4e14-aa6b-a703ababfcf5,e4da5453-0e94-4ba4-b1bb-3b711e2a2c8d,29.0,1.0,-1.0,0.0,,,cancelled,,,,,,,1778604460.074027
a5f35780-eeec-48f3-bd11-2a02633bc450,0,2,14,509,2026-05-12T16:47:40.689701+00:00,order,add,ask,,6ef75d41-7e98-4c51-a9a8-1dcc9c66d9f0,d896d1d1-903a-4faf-af2e-bda1e25a47cc,20.0,1.0,1.0,1.0,1,1.0,active,,,,,,,1778604460.706759
a5f35780-eeec-48f3-bd11-2a02633bc450,0,2,14,510,2026-05-12T16:47:40.743840+00:00,trade,trade,bid,B,,,20.0,1.0,,,,,,8f7d0cd2-7f6f-4f20-98cb-72645b5a9d0a,,fb9f18df-3dd8-49bd-aab6-f205748bb899,6ef75d41-7e98-4c51-a9a8-1dcc9c66d9f0,3f3f926c-76bd-44db-b2dc-3e8e8ddbccb6,d896d1d1-903a-4faf-af2e-bda1e25a47cc,1778604460.759339
a5f35780-eeec-48f3-bd11-2a02633bc450,0,2,14,511,2026-05-12T16:47:40.762427+00:00,order,fill,ask,,6ef75d41-7e98-4c51-a9a8-1dcc9c66d9f0,d896d1d1-903a-4faf-af2e-bda1e25a47cc,20.0,1.0,-1.0,0.0,,,executed,8f7d0cd2-7f6f-4f20-98cb-72645b5a9d0a,fb9f18df-3dd8-49bd-aab6-f205748bb899,,,,,1778604460.777252
a5f35780-eeec-48f3-bd11-2a02633bc450,0,2,14,512,2026-05-12T16:47:40.779988+00:00,order,fill,bid,,fb9f18df-3dd8-49bd-aab6-f205748bb899,3f3f926c-76bd-44db-b2dc-3e8e8ddbccb6,21.0,1.0,-1.0,0.0,,,executed,8f7d0cd2-7f6f-4f20-98cb-72645b5a9d0a,6ef75d41-7e98-4c51-a9a8-1dcc9c66d9f0,,,,,1778604460.794468
17f3bde5-9e00-47d0-8909-b138b266b325,0,2,13,430,2026-05-12T16:47:41.048388+00:00,order,add,ask,,7aed9299-d17f-4304-bfc2-a5064ee984f2,1fee9bd8-a0b5-414d-b996-84be8a4a131f,50.0,1.0,1.0,1.0,1,1.0,active,,,,,,,1778604461.064576
17f3bde5-9e00-47d0-8909-b138b266b325,0,2,13,431,2026-05-12T16:47:41.902486+00:00,order,add,ask,,d1e952a0-357a-4709-8c0c-fd5d128bd59f,6eb3648e-8876-4d12-96eb-7269067415d5,70.0,1.0,1.0,1.0,3,3.0,active,,,,,,,1778604461.917783
17f3bde5-9e00-47d0-8909-b138b266b325,0,2,13,432,2026-05-12T16:47:42.006701+00:00,order,cancel,bid,,f2aedfe4-5f3e-4e42-94fa-870dff93231f,121ddd6b-3999-4e05-a2b3-d80bdfc8efba,30.0,1.0,-1.0,0.0,,,cancelled,,,,,,,1778604462.022209
17f3bde5-9e00-47d0-8909-b138b266b325,0,2,11,433,2026-05-12T16:47:42.560985+00:00,order,cancel,bid,,5050a6c6-0ffd-410e-92aa-a34cb8396ff2,e4da5453-0e94-4ba4-b1bb-3b711e2a2c8d,28.0,1.0,-1.0,0.0,,,cancelled,,,,,,,1778604462.576727
17f3bde5-9e00-47d0-8909-b138b266b325,0,2,12,434,2026-05-12T16:47:42.611786+00:00,order,cancel,bid,,76732f16-fa1b-43a6-9eee-f7acb74b1c50,e4da5453-0e94-4ba4-b1bb-3b711e2a2c8d,28.0,1.0,-1.0,0.0,,,cancelled,,,,,,,1778604462.626774
a5f35780-eeec-48f3-bd11-2a02633bc450,0,2,14,513,2026-05-12T16:47:42.792989+00:00,order,add,bid,,03a0676c-deb4-4eac-a1db-4a738704641b,7263bda7-ce07-4527-829d-593539f9496a,13.0,1.0,1.0,1.0,1,1.0,active,,,,,,,1778604462.809701
17f3bde5-9e00-47d0-8909-b138b266b325,0,2,13,435,2026-05-12T16:47:44.366442+00:00,trade,trade,bid,B,,,50.0,1.0,,,,,,5c247b86-6aa9-438a-95f5-99dbc35ac9e1,,5cd13d86-c432-4077-815e-344733192f61,7aed9299-d17f-4304-bfc2-a5064ee984f2,8097813e-2f6f-40a4-be05-70c6d8d3bca7,1fee9bd8-a0b5-414d-b996-84be8a4a131f,1778604464.382802
17f3bde5-9e00-47d0-8909-b138b266b325,0,2,13,436,2026-05-12T16:47:44.385793+00:00,order,fill,ask,,7aed9299-d17f-4304-bfc2-a5064ee984f2,1fee9bd8-a0b5-414d-b996-84be8a4a131f,50.0,1.0,-1.0,0.0,,,executed,5c247b86-6aa9-438a-95f5-99dbc35ac9e1,5cd13d86-c432-4077-815e-344733192f61,,,,,1778604464.401857
17f3bde5-9e00-47d0-8909-b138b266b325,0,2,13,437,2026-05-12T16:47:44.405293+00:00,order,fill,bid,,5cd13d86-c432-4077-815e-344733192f61,8097813e-2f6f-40a4-be05-70c6d8d3bca7,59.0,1.0,-1.0,0.0,,,executed,5c247b86-6aa9-438a-95f5-99dbc35ac9e1,7aed9299-d17f-4304-bfc2-a5064ee984f2,,,,,1778604464.421265
a5f35780-eeec-48f3-bd11-2a02633bc450,0,2,14,514,2026-05-12T16:47:45.512763+00:00,order,add,ask,,fc58c253-6af6-40a2-9833-7520c0fa3fdb,d896d1d1-903a-4faf-af2e-bda1e25a47cc,20.0,1.0,1.0,1.0,1,1.0,active,,,,,,,1778604465.528641
17f3bde5-9e00-47d0-8909-b138b266b325,0,2,13,438,2026-05-12T16:47:45.565993+00:00,trade,trade,ask,S,,,30.0,1.0,,,,,,04b6265f-22be-4224-944e-858276d1287b,,73b621d0-ae2e-4094-bbdf-9c3b2b34021a,d07fb0cb-0c76-45d7-bad5-562acd79f098,6eb3648e-8876-4d12-96eb-7269067415d5,121ddd6b-3999-4e05-a2b3-d80bdfc8efba,1778604465.581325
17f3bde5-9e00-47d0-8909-b138b266b325,0,2,13,439,2026-05-12T16:47:45.584349+00:00,order,fill,ask,,d07fb0cb-0c76-45d7-bad5-562acd79f098,121ddd6b-3999-4e05-a2b3-d80bdfc8efba,30.0,1.0,-1.0,0.0,,,executed,04b6265f-22be-4224-944e-858276d1287b,73b621d0-ae2e-4094-bbdf-9c3b2b34021a,,,,,1778604465.598867
17f3bde5-9e00-47d0-8909-b138b266b325,0,2,13,440,2026-05-12T16:47:45.601784+00:00,order,fill,bid,,73b621d0-ae2e-4094-bbdf-9c3b2b34021a,6eb3648e-8876-4d12-96eb-7269067415d5,30.0,1.0,-1.0,0.0,,,executed,04b6265f-22be-4224-944e-858276d1287b,d07fb0cb-0c76-45d7-bad5-562acd79f098,,,,,1778604465.616521
06f4d9ab-2d66-4d8f-845c-680ac99ec639,0,3,4,77,2026-05-12T16:47:45.834072+00:00,order,cancel,bid,,50b9c02b-c1e6-45df-b288-8d8c9a0643d1,b5eb1e0a-5002-4683-a96b-77986bde95ab,115.95,1.0,-1.0,0.0,,,cancelled,,,,,,,1778604465.850296
17f3bde5-9e00-47d0-8909-b138b266b325,0,2,13,441,2026-05-12T16:47:48.065015+00:00,order,add,ask,,d7676d4f-75b3-438c-a018-43d27641c987,1fee9bd8-a0b5-414d-b996-84be8a4a131f,80.0,1.0,1.0,1.0,3,3.0,active,,,,,,,1778604468.081779
17f3bde5-9e00-47d0-8909-b138b266b325,0,2,13,442,2026-05-12T16:47:49.026131+00:00,trade,trade,ask,S,,,29.0,1.0,,,,,,3877af3f-4696-4bcc-a00e-9a6ec28c066d,,abf903de-ba9c-41c9-ba09-f68a8bcd70bb,db9dea8b-8542-4fd5-b160-a534e0e30337,6eb3648e-8876-4d12-96eb-7269067415d5,c5382ee4-bd5b-45e4-8232-55a805c489d8,1778604469.041555
17f3bde5-9e00-47d0-8909-b138b266b325,0,2,13,443,2026-05-12T16:47:49.044571+00:00,order,fill,ask,,db9dea8b-8542-4fd5-b160-a534e0e30337,c5382ee4-bd5b-45e4-8232-55a805c489d8,28.0,1.0,-1.0,0.0,,,executed,3877af3f-4696-4bcc-a00e-9a6ec28c066d,abf903de-ba9c-41c9-ba09-f68a8bcd70bb,,,,,1778604469.059237
17f3bde5-9e00-47d0-8909-b138b266b325,0,2,13,444,2026-05-12T16:47:49.062352+00:00,order,fill,bid,,abf903de-ba9c-41c9-ba09-f68a8bcd70bb,6eb3648e-8876-4d12-96eb-7269067415d5,29.0,1.0,-1.0,0.0,,,executed,3877af3f-4696-4bcc-a00e-9a6ec28c066d,db9dea8b-8542-4fd5-b160-a534e0e30337,,,,,1778604469.077065
17f3bde5-9e00-47d0-8909-b138b266b325,0,2,13,445,2026-05-12T16:47:50.630196+00:00,order,add,ask,,3d8d3aad-2805-4018-a39d-9f20cf9f222f,121ddd6b-3999-4e05-a2b3-d80bdfc8efba,29.0,1.0,1.0,1.0,1,1.0,active,,,,,,,1778604470.646617
17f3bde5-9e00-47d0-8909-b138b266b325,0,2,13,446,2026-05-12T16:47:51.015836+00:00,order,add,ask,,f6b4bb57-2556-409d-afdd-774c81cdc296,e4da5453-0e94-4ba4-b1bb-3b711e2a2c8d,29.0,1.0,1.0,1.0,2,2.0,active,,,,,,,1778604471.033291
a5f35780-eeec-48f3-bd11-2a02633bc450,0,2,14,515,2026-05-12T16:47:51.329648+00:00,order,add,ask,,ca5d653a-d8fd-421b-ab98-3047798a6d8d,3f3f926c-76bd-44db-b2dc-3e8e8ddbccb6,20.0,1.0,1.0,1.0,2,2.0,active,,,,,,,1778604471.345546
a5f35780-eeec-48f3-bd11-2a02633bc450,0,2,14,516,2026-05-12T16:47:52.361531+00:00,order,cancel,ask,,9dd7535e-d156-4d27-94be-8b5f4b1fca1a,3f3f926c-76bd-44db-b2dc-3e8e8ddbccb6,23.5,1.0,-1.0,0.0,,,cancelled,,,,,,,1778604472.376406
06f4d9ab-2d66-4d8f-845c-680ac99ec639,0,3,5,78,2026-05-12T16:47:52.642710+00:00,trade,trade,bid,B,,,118.0,1.0,,,,,,c953735f-92cd-4e57-a75c-ab69aeb52b78,,9a474288-958f-4011-bd21-d1109c53018b,442dde8d-e0e2-4924-a552-0ddab85342a1,664d5f3b-570d-4a80-9e72-387baf4c63ae,b5eb1e0a-5002-4683-a96b-77986bde95ab,1778604472.659599
06f4d9ab-2d66-4d8f-845c-680ac99ec639,0,3,5,79,2026-05-12T16:47:52.662708+00:00,order,fill,ask,,442dde8d-e0e2-4924-a552-0ddab85342a1,b5eb1e0a-5002-4683-a96b-77986bde95ab,118.0,1.0,-1.0,0.0,,,executed,c953735f-92cd-4e57-a75c-ab69aeb52b78,9a474288-958f-4011-bd21-d1109c53018b,,,,,1778604472.678397
06f4d9ab-2d66-4d8f-845c-680ac99ec639,0,3,5,80,2026-05-12T16:47:52.682238+00:00,order,fill,bid,,9a474288-958f-4011-bd21-d1109c53018b,664d5f3b-570d-4a80-9e72-387baf4c63ae,118.0,1.0,-1.0,0.0,,,executed,c953735f-92cd-4e57-a75c-ab69aeb52b78,442dde8d-e0e2-4924-a552-0ddab85342a1,,,,,1778604472.696783
a5f35780-eeec-48f3-bd11-2a02633bc450,0,2,14,517,2026-05-12T16:47:53.530078+00:00,order,add,ask,,af25ca33-909f-427d-8e39-9f2ab911c230,7263bda7-ce07-4527-829d-593539f9496a,19.0,1.0,1.0,1.0,1,1.0,active,,,,,,,1778604473.546623
17f3bde5-9e00-47d0-8909-b138b266b325,0,2,13,447,2026-05-12T16:47:53.919695+00:00,order,add,ask,,e38ed8c7-16f7-473b-9406-1e084ab62cc0,e4da5453-0e94-4ba4-b1bb-3b711e2a2c8d,28.5,1.0,1.0,1.0,1,1.0,active,,,,,,,1778604473.936796
17f3bde5-9e00-47d0-8909-b138b266b325,0,2,11,448,2026-05-12T16:47:55.326688+00:00,order,cancel,ask,,00e0538f-360d-4724-ae00-b1a22219e270,8097813e-2f6f-40a4-be05-70c6d8d3bca7,80.0,1.0,-1.0,0.0,,,cancelled,,,,,,,1778604475.343008
17f3bde5-9e00-47d0-8909-b138b266b325,0,2,13,449,2026-05-12T16:47:55.415258+00:00,trade,trade,ask,S,,,28.0,1.0,,,,,,00d880a3-1360-4962-b4c3-51dd96f19a91,,2c062cd5-5909-49b1-8575-29e037f3123a,67f040d7-be79-4f3c-b1d0-8bf0e0d79a81,6eb3648e-8876-4d12-96eb-7269067415d5,121ddd6b-3999-4e05-a2b3-d80bdfc8efba,1778604475.431024
17f3bde5-9e00-47d0-8909-b138b266b325,0,2,13,450,2026-05-12T16:47:55.434181+00:00,order,fill,ask,,67f040d7-be79-4f3c-b1d0-8bf0e0d79a81,121ddd6b-3999-4e05-a2b3-d80bdfc8efba,28.0,1.0,-1.0,0.0,,,executed,00d880a3-1360-4962-b4c3-51dd96f19a91,2c062cd5-5909-49b1-8575-29e037f3123a,,,,,1778604475.450534
17f3bde5-9e00-47d0-8909-b138b266b325,0,2,13,451,2026-05-12T16:47:55.453365+00:00,order,fill,bid,,2c062cd5-5909-49b1-8575-29e037f3123a,6eb3648e-8876-4d12-96eb-7269067415d5,28.0,1.0,-1.0,0.0,,,executed,00d880a3-1360-4962-b4c3-51dd96f19a91,67f040d7-be79-4f3c-b1d0-8bf0e0d79a81,,,,,1778604475.469227
06f4d9ab-2d66-4d8f-845c-680ac99ec639,0,3,4,81,2026-05-12T16:47:55.875024+00:00,order,cancel,bid,,c9173dff-a0b9-47ce-a193-7356acd5fb75,664d5f3b-570d-4a80-9e72-387baf4c63ae,116.0,1.0,-1.0,0.0,,,cancelled,,,,,,,1778604475.890901
a5f35780-eeec-48f3-bd11-2a02633bc450,0,2,14,518,2026-05-12T16:47:56.864005+00:00,order,add,ask,,b276c09a-db53-4c4f-b016-c11ac3ae80b0,d896d1d1-903a-4faf-af2e-bda1e25a47cc,18.0,1.0,1.0,1.0,1,1.0,active,,,,,,,1778604476.88128
06f4d9ab-2d66-4d8f-845c-680ac99ec639,0,3,5,82,2026-05-12T16:47:57.482204+00:00,order,add,ask,,8445b193-a695-481f-bf03-238ed155a267,b5eb1e0a-5002-4683-a96b-77986bde95ab,118.0,1.0,1.0,1.0,3,3.0,active,,,,,,,1778604477.49839
a5f35780-eeec-48f3-bd11-2a02633bc450,0,2,14,519,2026-05-12T16:47:58.433981+00:00,trade,trade,bid,B,,,18.0,1.0,,,,,,46b5b86d-9d4f-48af-8aaf-ee8c96837211,,af62e930-fbf1-4c71-ab45-cb0030dbcfc5,b276c09a-db53-4c4f-b016-c11ac3ae80b0,3f3f926c-76bd-44db-b2dc-3e8e8ddbccb6,d896d1d1-903a-4faf-af2e-bda1e25a47cc,1778604478.450323
a5f35780-eeec-48f3-bd11-2a02633bc450,0,2,14,520,2026-05-12T16:47:58.453428+00:00,order,fill,ask,,b276c09a-db53-4c4f-b016-c11ac3ae80b0,d896d1d1-903a-4faf-af2e-bda1e25a47cc,18.0,1.0,-1.0,0.0,,,executed,46b5b86d-9d4f-48af-8aaf-ee8c96837211,af62e930-fbf1-4c71-ab45-cb0030dbcfc5,,,,,1778604478.4686
a5f35780-eeec-48f3-bd11-2a02633bc450,0,2,14,521,2026-05-12T16:47:58.471656+00:00,order,fill,bid,,af62e930-fbf1-4c71-ab45-cb0030dbcfc5,3f3f926c-76bd-44db-b2dc-3e8e8ddbccb6,19.0,1.0,-1.0,0.0,,,executed,46b5b86d-9d4f-48af-8aaf-ee8c96837211,b276c09a-db53-4c4f-b016-c11ac3ae80b0,,,,,1778604478.4863
17f3bde5-9e00-47d0-8909-b138b266b325,0,2,13,452,2026-05-12T16:47:59.194113+00:00,trade,trade,bid,B,,,28.5,1.0,,,,,,673053d5-c6ab-4ea5-a291-94adc20c0d2e,,5231a63c-3886-4b25-bc32-705f76de3764,e38ed8c7-16f7-473b-9406-1e084ab62cc0,1fee9bd8-a0b5-414d-b996-84be8a4a131f,e4da5453-0e94-4ba4-b1bb-3b711e2a2c8d,1778604479.210516
17f3bde5-9e00-47d0-8909-b138b266b325,0,2,13,453,2026-05-12T16:47:59.213477+00:00,order,fill,ask,,e38ed8c7-16f7-473b-9406-1e084ab62cc0,e4da5453-0e94-4ba4-b1bb-3b711e2a2c8d,28.5,1.0,-1.0,0.0,,,executed,673053d5-c6ab-4ea5-a291-94adc20c0d2e,5231a63c-3886-4b25-bc32-705f76de3764,,,,,1778604479.228749
17f3bde5-9e00-47d0-8909-b138b266b325,0,2,13,454,2026-05-12T16:47:59.231539+00:00,order,fill,bid,,5231a63c-3886-4b25-bc32-705f76de3764,1fee9bd8-a0b5-414d-b996-84be8a4a131f,28.5,1.0,-1.0,0.0,,,executed,673053d5-c6ab-4ea5-a291-94adc20c0d2e,e38ed8c7-16f7-473b-9406-1e084ab62cc0,,,,,1778604479.247166
06f4d9ab-2d66-4d8f-845c-680ac99ec639,0,3,5,83,2026-05-12T16:47:59.954774+00:00,trade,trade,bid,B,,,118.0,1.0,,,,,,ceea5bc5-1707-42d8-aab5-a2da53068a3b,,4cbf5b13-97ef-4b88-9af9-8184ce160342,78f5495b-fe47-4fcb-953b-a86183b1cfec,664d5f3b-570d-4a80-9e72-387baf4c63ae,cda8f129-61a6-4153-bf08-1c1a945507c7,1778604479.970715
06f4d9ab-2d66-4d8f-845c-680ac99ec639,0,3,5,84,2026-05-12T16:47:59.974003+00:00,order,fill,ask,,78f5495b-fe47-4fcb-953b-a86183b1cfec,cda8f129-61a6-4153-bf08-1c1a945507c7,118.0,1.0,-1.0,0.0,,,executed,ceea5bc5-1707-42d8-aab5-a2da53068a3b,4cbf5b13-97ef-4b88-9af9-8184ce160342,,,,,1778604479.990408
06f4d9ab-2d66-4d8f-845c-680ac99ec639,0,3,5,85,2026-05-12T16:47:59.993518+00:00,order,fill,bid,,4cbf5b13-97ef-4b88-9af9-8184ce160342,664d5f3b-570d-4a80-9e72-387baf4c63ae,118.0,1.0,-1.0,0.0,,,executed,ceea5bc5-1707-42d8-aab5-a2da53068a3b,78f5495b-fe47-4fcb-953b-a86183b1cfec,,,,,1778604480.099189
17f3bde5-9e00-47d0-8909-b138b266b325,0,2,13,455,2026-05-12T16:48:00.782363+00:00,order,add,ask,,7350fde5-7a38-4c06-aea2-e0e70842162e,8097813e-2f6f-40a4-be05-70c6d8d3bca7,80.0,1.0,1.0,1.0,3,3.0,active,,,,,,,1778604480.799496
17f3bde5-9e00-47d0-8909-b138b266b325,0,2,13,456,2026-05-12T16:48:03.839573+00:00,trade,trade,ask,S,,,20.0,1.0,,,,,,57adca3b-fd7f-45b3-8528-5c4957b24be4,,acebe81e-bc54-436e-a03c-eb9723d791ab,e61b4827-bf33-43a4-9f2f-badfc48a25d7,6eb3648e-8876-4d12-96eb-7269067415d5,121ddd6b-3999-4e05-a2b3-d80bdfc8efba,1778604483.855375
17f3bde5-9e00-47d0-8909-b138b266b325,0,2,13,457,2026-05-12T16:48:03.858805+00:00,order,fill,ask,,e61b4827-bf33-43a4-9f2f-badfc48a25d7,121ddd6b-3999-4e05-a2b3-d80bdfc8efba,20.0,1.0,-1.0,0.0,,,executed,57adca3b-fd7f-45b3-8528-5c4957b24be4,acebe81e-bc54-436e-a03c-eb9723d791ab,,,,,1778604483.874736
17f3bde5-9e00-47d0-8909-b138b266b325,0,2,13,458,2026-05-12T16:48:03.877538+00:00,order,fill,bid,,acebe81e-bc54-436e-a03c-eb9723d791ab,6eb3648e-8876-4d12-96eb-7269067415d5,20.0,1.0,-1.0,0.0,,,executed,57adca3b-fd7f-45b3-8528-5c4957b24be4,e61b4827-bf33-43a4-9f2f-badfc48a25d7,,,,,1778604483.892611
06f4d9ab-2d66-4d8f-845c-680ac99ec639,0,3,5,86,2026-05-12T16:48:04.497293+00:00,order,add,ask,,a6b175a2-e3ae-48ca-9b56-3f0ee584959f,b5eb1e0a-5002-4683-a96b-77986bde95ab,117.5,1.0,1.0,1.0,1,1.0,active,,,,,,,1778604484.513166
17f3bde5-9e00-47d0-8909-b138b266b325,0,2,13,459,2026-05-12T16:48:04.758075+00:00,order,add,ask,,9b8dbffd-75ae-4a8a-9514-72d5c705f8eb,8097813e-2f6f-40a4-be05-70c6d8d3bca7,63.0,1.0,1.0,1.0,1,1.0,active,,,,,,,1778604484.774688
17f3bde5-9e00-47d0-8909-b138b266b325,0,2,13,460,2026-05-12T16:48:06.633267+00:00,order,add,ask,,c8285491-2fb8-43c1-bfb5-c75fa2aa16cd,c5382ee4-bd5b-45e4-8232-55a805c489d8,28.0,1.0,1.0,1.0,1,1.0,active,,,,,,,1778604486.649731
06f4d9ab-2d66-4d8f-845c-680ac99ec639,0,3,5,87,2026-05-12T16:48:07.080626+00:00,order,add,bid,,a51e5fb2-f4f1-40f1-aaba-d9e5f38b9e46,cda8f129-61a6-4153-bf08-1c1a945507c7,116.0,1.0,1.0,1.0,1,1.0,active,,,,,,,1778604487.09672
17f3bde5-9e00-47d0-8909-b138b266b325,0,2,13,461,2026-05-12T16:48:09.134009+00:00,order,add,ask,,a9bed58c-2fe5-482f-a2bf-8ce90f9a26ae,8097813e-2f6f-40a4-be05-70c6d8d3bca7,59.0,1.0,1.0,1.0,1,1.0,active,,,,,,,1778604489.151142
17f3bde5-9e00-47d0-8909-b138b266b325,0,2,13,462,2026-05-12T16:48:12.942893+00:00,trade,trade,ask,S,,,15.0,1.0,,,,,,37fdd15d-9d6b-4214-b600-6cf4e3c34967,,eb29f538-0dfe-4dca-8ebf-fcbba7a3fb2f,3c44fe0b-7467-49af-b5a6-43683b273147,6eb3648e-8876-4d12-96eb-7269067415d5,121ddd6b-3999-4e05-a2b3-d80bdfc8efba,1778604492.960111
17f3bde5-9e00-47d0-8909-b138b266b325,0,2,13,463,2026-05-12T16:48:12.963421+00:00,order,fill,ask,,3c44fe0b-7467-49af-b5a6-43683b273147,121ddd6b-3999-4e05-a2b3-d80bdfc8efba,15.0,1.0,-1.0,0.0,,,executed,37fdd15d-9d6b-4214-b600-6cf4e3c34967,eb29f538-0dfe-4dca-8ebf-fcbba7a3fb2f,,,,,1778604492.979129
17f3bde5-9e00-47d0-8909-b138b266b325,0,2,13,464,2026-05-12T16:48:12.982134+00:00,order,fill,bid,,eb29f538-0dfe-4dca-8ebf-fcbba7a3fb2f,6eb3648e-8876-4d12-96eb-7269067415d5,15.0,1.0,-1.0,0.0,,,executed,37fdd15d-9d6b-4214-b600-6cf4e3c34967,3c44fe0b-7467-49af-b5a6-43683b273147,,,,,1778604492.997807
17f3bde5-9e00-47d0-8909-b138b266b325,0,2,13,465,2026-05-12T16:48:13.035618+00:00,order,add,bid,,ce1128f9-621f-40fe-b339-4fe860b1eb42,6eb3648e-8876-4d12-96eb-7269067415d5,1.0,1.0,1.0,1.0,1,1.0,active,,,,,,,1778604493.051163
17f3bde5-9e00-47d0-8909-b138b266b325,0,2,13,466,2026-05-12T16:48:13.806372+00:00,order,add,ask,,1596d242-1226-42f7-8e69-db4c858687ed,8097813e-2f6f-40a4-be05-70c6d8d3bca7,57.0,1.0,1.0,1.0,1,1.0,active,,,,,,,1778604493.822812
06f4d9ab-2d66-4d8f-845c-680ac99ec639,0,3,5,88,2026-05-12T16:48:14.377797+00:00,order,add,ask,,58e56414-5c76-4975-a470-f49d922e49a2,cda8f129-61a6-4153-bf08-1c1a945507c7,117.8,1.0,1.0,1.0,1,1.0,active,,,,,,,1778604494.393916
17f3bde5-9e00-47d0-8909-b138b266b325,0,2,13,467,2026-05-12T16:48:19.182233+00:00,order,add,ask,,e3a62b4f-6280-4212-8dbe-11db096386f2,8097813e-2f6f-40a4-be05-70c6d8d3bca7,56.0,1.0,1.0,1.0,1,1.0,active,,,,,,,1778604499.199333
06f4d9ab-2d66-4d8f-845c-680ac99ec639,0,3,5,89,2026-05-12T16:48:19.480361+00:00,order,add,ask,,50ad9c2a-f242-4b29-b8c2-abd81a86274e,664d5f3b-570d-4a80-9e72-387baf4c63ae,118.0,1.0,1.0,1.0,3,3.0,active,,,,,,,1778604499.49684
17f3bde5-9e00-47d0-8909-b138b266b325,0,2,13,468,2026-05-12T16:48:20.297096+00:00,order,add,ask,,9c9c9160-d0dc-4fa4-bea9-c9ce1bbf26d1,1fee9bd8-a0b5-414d-b996-84be8a4a131f,30.0,1.0,1.0,1.0,1,1.0,active,,,,,,,1778604500.313309
17f3bde5-9e00-47d0-8909-b138b266b325,0,2,13,469,2026-05-12T16:48:23.513785+00:00,order,cancel,ask,,d7676d4f-75b3-438c-a018-43d27641c987,1fee9bd8-a0b5-414d-b996-84be8a4a131f,80.0,1.0,-1.0,0.0,,,cancelled,,,,,,,1778604503.530319
17f3bde5-9e00-47d0-8909-b138b266b325,0,2,13,470,2026-05-12T16:48:23.593650+00:00,order,add,bid,,4d4b40eb-bf50-4fe9-9399-48af1e8c35c3,c5382ee4-bd5b-45e4-8232-55a805c489d8,20.0,1.0,1.0,1.0,1,1.0,active,,,,,,,1778604503.612541
17f3bde5-9e00-47d0-8909-b138b266b325,0,2,13,471,2026-05-12T16:48:23.741641+00:00,order,add,ask,,ef83ca71-839c-4d0e-8de5-4a0649e3a58a,8097813e-2f6f-40a4-be05-70c6d8d3bca7,55.0,1.0,1.0,1.0,1,1.0,active,,,,,,,1778604503.757902
17f3bde5-9e00-47d0-8909-b138b266b325,0,2,13,472,2026-05-12T16:48:23.878527+00:00,order,add,bid,,a57699db-1127-4b88-b6cf-854469c3d9ca,e4da5453-0e94-4ba4-b1bb-3b711e2a2c8d,14.0,1.0,1.0,1.0,1,1.0,active,,,,,,,1778604503.895038
a5f35780-eeec-48f3-bd11-2a02633bc450,0,2,14,522,2026-05-12T16:48:23.945421+00:00,order,cancel,bid,,7d5564fc-ce3f-49c6-93ee-f9844ae23085,d896d1d1-903a-4faf-af2e-bda1e25a47cc,12.0,1.0,-1.0,0.0,,,cancelled,,,,,,,1778604503.960478
17f3bde5-9e00-47d0-8909-b138b266b325,0,2,13,473,2026-05-12T16:48:25.470285+00:00,order,add,ask,,4458b50b-0c3f-4723-85f2-dd876a9dd70b,6eb3648e-8876-4d12-96eb-7269067415d5,66.0,1.0,1.0,1.0,1,1.0,active,,,,,,,1778604505.486816
a5f35780-eeec-48f3-bd11-2a02633bc450,0,2,14,523,2026-05-12T16:48:25.885776+00:00,order,cancel,bid,,bba7600e-c10c-48ff-8f2a-1e64dc38b31a,b051dea2-10fd-492e-a16a-123e7f6bc6ac,10.0,1.0,-1.0,0.0,,,cancelled,,,,,,,1778604505.901601
17f3bde5-9e00-47d0-8909-b138b266b325,0,2,12,474,2026-05-12T16:48:26.601399+00:00,order,cancel,ask,,9be14c6b-c0e1-413b-9220-f6e8745a2dc1,1fee9bd8-a0b5-414d-b996-84be8a4a131f,70.0,1.0,-1.0,0.0,,,cancelled,,,,,,,1778604506.617722
a5f35780-eeec-48f3-bd11-2a02633bc450,0,2,14,524,2026-05-12T16:48:26.766144+00:00,order,cancel,bid,,61da8366-f784-46e4-8577-43dd0f45379b,6a27507f-b151-4a9f-b11f-d433b22aeb62,7.0,1.0,-1.0,0.0,,,cancelled,,,,,,,1778604506.78232
a5f35780-eeec-48f3-bd11-2a02633bc450,0,2,15,525,2026-05-12T16:48:27.097375+00:00,order,add,ask,,0995513b-8e68-416e-b2eb-08ac72b79c8c,3f3f926c-76bd-44db-b2dc-3e8e8ddbccb6,19.0,1.0,1.0,1.0,2,2.0,active,,,,,,,1778604507.114163
17f3bde5-9e00-47d0-8909-b138b266b325,0,2,13,475,2026-05-12T16:48:27.637460+00:00,order,add,ask,,8ed831bc-08e0-439e-97a2-bc848ba0588a,8097813e-2f6f-40a4-be05-70c6d8d3bca7,54.0,1.0,1.0,1.0,1,1.0,active,,,,,,,1778604507.653762
06f4d9ab-2d66-4d8f-845c-680ac99ec639,0,3,5,90,2026-05-12T16:48:27.936509+00:00,order,add,ask,,68900afd-1ec5-431d-9f47-98000f2f06e2,664d5f3b-570d-4a80-9e72-387baf4c63ae,118.0,1.0,1.0,1.0,4,4.0,active,,,,,,,1778604507.952234
a5f35780-eeec-48f3-bd11-2a02633bc450,0,2,15,526,2026-05-12T16:48:28.489758+00:00,trade,trade,ask,S,,,13.0,1.0,,,,,,8db420c8-43f7-454e-9362-6f4b4fcebd37,,03a0676c-deb4-4eac-a1db-4a738704641b,9f53d550-61a1-4589-9568-963c2c598178,7263bda7-ce07-4527-829d-593539f9496a,d896d1d1-903a-4faf-af2e-bda1e25a47cc,1778604508.505118
a5f35780-eeec-48f3-bd11-2a02633bc450,0,2,15,527,2026-05-12T16:48:28.508179+00:00,order,fill,ask,,9f53d550-61a1-4589-9568-963c2c598178,d896d1d1-903a-4faf-af2e-bda1e25a47cc,13.0,1.0,-1.0,0.0,,,executed,8db420c8-43f7-454e-9362-6f4b4fcebd37,03a0676c-deb4-4eac-a1db-4a738704641b,,,,,1778604508.525853
a5f35780-eeec-48f3-bd11-2a02633bc450,0,2,15,528,2026-05-12T16:48:28.528721+00:00,order,fill,bid,,03a0676c-deb4-4eac-a1db-4a738704641b,7263bda7-ce07-4527-829d-593539f9496a,13.0,1.0,-1.0,0.0,,,executed,8db420c8-43f7-454e-9362-6f4b4fcebd37,9f53d550-61a1-4589-9568-963c2c598178,,,,,1778604508.545127
17f3bde5-9e00-47d0-8909-b138b266b325,0,2,13,476,2026-05-12T16:48:28.735095+00:00,trade,trade,ask,S,,,20.0,1.0,,,,,,a522786a-d4d6-4f3c-a2f8-8eba27862aff,,4d4b40eb-bf50-4fe9-9399-48af1e8c35c3,b24a5c80-2497-4e9d-b83d-a7eaeac9ab99,c5382ee4-bd5b-45e4-8232-55a805c489d8,121ddd6b-3999-4e05-a2b3-d80bdfc8efba,1778604508.751856
17f3bde5-9e00-47d0-8909-b138b266b325,0,2,13,477,2026-05-12T16:48:28.755199+00:00,order,fill,ask,,b24a5c80-2497-4e9d-b83d-a7eaeac9ab99,121ddd6b-3999-4e05-a2b3-d80bdfc8efba,20.0,1.0,-1.0,0.0,,,executed,a522786a-d4d6-4f3c-a2f8-8eba27862aff,4d4b40eb-bf50-4fe9-9399-48af1e8c35c3,,,,,1778604508.771571
17f3bde5-9e00-47d0-8909-b138b266b325,0,2,13,478,2026-05-12T16:48:28.774575+00:00,order,fill,bid,,4d4b40eb-bf50-4fe9-9399-48af1e8c35c3,c5382ee4-bd5b-45e4-8232-55a805c489d8,20.0,1.0,-1.0,0.0,,,executed,a522786a-d4d6-4f3c-a2f8-8eba27862aff,b24a5c80-2497-4e9d-b83d-a7eaeac9ab99,,,,,1778604508.789583
06f4d9ab-2d66-4d8f-845c-680ac99ec639,0,3,5,91,2026-05-12T16:48:29.600414+00:00,order,add,ask,,aa9be3ee-dc2a-4eb1-85bd-9c5b394968a7,cda8f129-61a6-4153-bf08-1c1a945507c7,118.0,1.0,1.0,1.0,5,5.0,active,,,,,,,1778604509.616392
06f4d9ab-2d66-4d8f-845c-680ac99ec639,0,3,5,92,2026-05-12T16:48:30.184788+00:00,order,add,ask,,a5f9d77a-750d-4860-befd-f1f6feddb9e7,664d5f3b-570d-4a80-9e72-387baf4c63ae,118.0,1.0,1.0,1.0,6,6.0,active,,,,,,,1778604510.200944
17f3bde5-9e00-47d0-8909-b138b266b325,0,2,13,479,2026-05-12T16:48:30.235557+00:00,order,add,bid,,3a09577a-47fa-4f4b-b93d-a6c163597342,e4da5453-0e94-4ba4-b1bb-3b711e2a2c8d,24.0,1.0,1.0,1.0,1,1.0,active,,,,,,,1778604510.251079
a5f35780-eeec-48f3-bd11-2a02633bc450,0,2,15,529,2026-05-12T16:48:30.713642+00:00,order,add,bid,,bdc4f3de-e203-471a-a092-da37644f52b1,7263bda7-ce07-4527-829d-593539f9496a,16.0,1.0,1.0,1.0,1,1.0,active,,,,,,,1778604510.730112
17f3bde5-9e00-47d0-8909-b138b266b325,0,2,13,480,2026-05-12T16:48:30.887177+00:00,order,add,bid,,905b1d95-616f-4e98-b34d-e63cc5650cdb,6eb3648e-8876-4d12-96eb-7269067415d5,14.0,1.0,1.0,1.0,2,2.0,active,,,,,,,1778604510.904314
a5f35780-eeec-48f3-bd11-2a02633bc450,0,2,15,530,2026-05-12T16:48:31.073578+00:00,order,add,ask,,3e6e0fc5-14e0-452b-8250-6272e9171884,3f3f926c-76bd-44db-b2dc-3e8e8ddbccb6,17.0,1.0,1.0,1.0,1,1.0,active,,,,,,,1778604511.089984
06f4d9ab-2d66-4d8f-845c-680ac99ec639,0,3,2,93,2026-05-12T16:48:31.185114+00:00,order,cancel,ask,,bed58d21-67f3-49ba-83fb-3a02cd1d6b32,cda8f129-61a6-4153-bf08-1c1a945507c7,120.0,1.0,-1.0,0.0,,,cancelled,,,,,,,1778604511.201153
a5f35780-eeec-48f3-bd11-2a02633bc450,0,2,15,531,2026-05-12T16:48:32.781636+00:00,order,add,bid,,af82e8cf-5b78-4646-b6f3-de62046ebe2e,b051dea2-10fd-492e-a16a-123e7f6bc6ac,1.0,1.0,1.0,1.0,1,1.0,active,,,,,,,1778604512.797993
06f4d9ab-2d66-4d8f-845c-680ac99ec639,0,3,5,94,2026-05-12T16:48:33.096394+00:00,trade,trade,bid,B,,,117.5,1.0,,,,,,6b39023f-a2e4-4c07-8603-00f0fe6eb334,,381f1564-50c4-460a-a4a5-9f60f485d99d,a6b175a2-e3ae-48ca-9b56-3f0ee584959f,664d5f3b-570d-4a80-9e72-387baf4c63ae,b5eb1e0a-5002-4683-a96b-77986bde95ab,1778604513.111953
06f4d9ab-2d66-4d8f-845c-680ac99ec639,0,3,5,95,2026-05-12T16:48:33.114809+00:00,order,fill,ask,,a6b175a2-e3ae-48ca-9b56-3f0ee584959f,b5eb1e0a-5002-4683-a96b-77986bde95ab,117.5,1.0,-1.0,0.0,,,executed,6b39023f-a2e4-4c07-8603-00f0fe6eb334,381f1564-50c4-460a-a4a5-9f60f485d99d,,,,,1778604513.1301
06f4d9ab-2d66-4d8f-845c-680ac99ec639,0,3,5,96,2026-05-12T16:48:33.133137+00:00,order,fill,bid,,381f1564-50c4-460a-a4a5-9f60f485d99d,664d5f3b-570d-4a80-9e72-387baf4c63ae,118.0,1.0,-1.0,0.0,,,executed,6b39023f-a2e4-4c07-8603-00f0fe6eb334,a6b175a2-e3ae-48ca-9b56-3f0ee584959f,,,,,1778604513.149131
a5f35780-eeec-48f3-bd11-2a02633bc450,0,2,15,532,2026-05-12T16:48:35.682517+00:00,order,cancel,ask,,3e6e0fc5-14e0-452b-8250-6272e9171884,3f3f926c-76bd-44db-b2dc-3e8e8ddbccb6,17.0,1.0,-1.0,0.0,,,cancelled,,,,,,,1778604515.698897
a5f35780-eeec-48f3-bd11-2a02633bc450,0,2,15,533,2026-05-12T16:48:37.752808+00:00,order,add,ask,,69477856-d99c-4076-985f-90f467b7227a,7263bda7-ce07-4527-829d-593539f9496a,16.8,1.0,1.0,1.0,1,1.0,active,,,,,,,1778604517.768668
a5f35780-eeec-48f3-bd11-2a02633bc450,0,2,15,534,2026-05-12T16:48:38.120635+00:00,trade,trade,ask,S,,,16.0,1.0,,,,,,ae82d0b2-df68-40a2-ace5-94584a5ed2c2,,bdc4f3de-e203-471a-a092-da37644f52b1,f530d0e7-7f27-4dda-a2af-8927d3ad225e,7263bda7-ce07-4527-829d-593539f9496a,d896d1d1-903a-4faf-af2e-bda1e25a47cc,1778604518.136808
a5f35780-eeec-48f3-bd11-2a02633bc450,0,2,15,535,2026-05-12T16:48:38.139900+00:00,order,fill,ask,,f530d0e7-7f27-4dda-a2af-8927d3ad225e,d896d1d1-903a-4faf-af2e-bda1e25a47cc,16.0,1.0,-1.0,0.0,,,executed,ae82d0b2-df68-40a2-ace5-94584a5ed2c2,bdc4f3de-e203-471a-a092-da37644f52b1,,,,,1778604518.155428
a5f35780-eeec-48f3-bd11-2a02633bc450,0,2,15,536,2026-05-12T16:48:38.158153+00:00,order,fill,bid,,bdc4f3de-e203-471a-a092-da37644f52b1,7263bda7-ce07-4527-829d-593539f9496a,16.0,1.0,-1.0,0.0,,,executed,ae82d0b2-df68-40a2-ace5-94584a5ed2c2,f530d0e7-7f27-4dda-a2af-8927d3ad225e,,,,,1778604518.172881
a5f35780-eeec-48f3-bd11-2a02633bc450,0,2,15,537,2026-05-12T16:48:39.585811+00:00,order,add,bid,,7c3a5d95-9fb2-41ca-af18-4e79b2ba34b7,3f3f926c-76bd-44db-b2dc-3e8e8ddbccb6,16.5,1.0,1.0,1.0,1,1.0,active,,,,,,,1778604519.603095
06f4d9ab-2d66-4d8f-845c-680ac99ec639,0,3,5,97,2026-05-12T16:48:40.126350+00:00,trade,trade,ask,S,,,116.0,1.0,,,,,,54d3c592-a870-48fe-a2e4-fe9186316757,,a51e5fb2-f4f1-40f1-aaba-d9e5f38b9e46,37ccbd84-6cfb-4e73-b0e3-77ae6640ce78,cda8f129-61a6-4153-bf08-1c1a945507c7,664d5f3b-570d-4a80-9e72-387baf4c63ae,1778604520.142963
06f4d9ab-2d66-4d8f-845c-680ac99ec639,0,3,5,98,2026-05-12T16:48:40.146003+00:00,order,fill,ask,,37ccbd84-6cfb-4e73-b0e3-77ae6640ce78,664d5f3b-570d-4a80-9e72-387baf4c63ae,116.0,1.0,-1.0,0.0,,,executed,54d3c592-a870-48fe-a2e4-fe9186316757,a51e5fb2-f4f1-40f1-aaba-d9e5f38b9e46,,,,,1778604520.160606
06f4d9ab-2d66-4d8f-845c-680ac99ec639,0,3,5,99,2026-05-12T16:48:40.163832+00:00,order,fill,bid,,a51e5fb2-f4f1-40f1-aaba-d9e5f38b9e46,cda8f129-61a6-4153-bf08-1c1a945507c7,116.0,1.0,-1.0,0.0,,,executed,54d3c592-a870-48fe-a2e4-fe9186316757,37ccbd84-6cfb-4e73-b0e3-77ae6640ce78,,,,,1778604520.17967
a5f35780-eeec-48f3-bd11-2a02633bc450,0,2,15,538,2026-05-12T16:48:41.041564+00:00,trade,trade,ask,S,,,16.5,1.0,,,,,,bf63ab3c-2121-4561-846a-230d5d478890,,7c3a5d95-9fb2-41ca-af18-4e79b2ba34b7,995f59a4-069e-46cd-be43-1cbd94bf4361,3f3f926c-76bd-44db-b2dc-3e8e8ddbccb6,d896d1d1-903a-4faf-af2e-bda1e25a47cc,1778604521.059603
a5f35780-eeec-48f3-bd11-2a02633bc450,0,2,15,539,2026-05-12T16:48:41.062673+00:00,order,fill,ask,,995f59a4-069e-46cd-be43-1cbd94bf4361,d896d1d1-903a-4faf-af2e-bda1e25a47cc,16.0,1.0,-1.0,0.0,,,executed,bf63ab3c-2121-4561-846a-230d5d478890,7c3a5d95-9fb2-41ca-af18-4e79b2ba34b7,,,,,1778604521.078699
a5f35780-eeec-48f3-bd11-2a02633bc450,0,2,15,540,2026-05-12T16:48:41.081955+00:00,order,fill,bid,,7c3a5d95-9fb2-41ca-af18-4e79b2ba34b7,3f3f926c-76bd-44db-b2dc-3e8e8ddbccb6,16.5,1.0,-1.0,0.0,,,executed,bf63ab3c-2121-4561-846a-230d5d478890,995f59a4-069e-46cd-be43-1cbd94bf4361,,,,,1778604521.098166
06f4d9ab-2d66-4d8f-845c-680ac99ec639,0,3,4,100,2026-05-12T16:48:41.452674+00:00,order,cancel,bid,,d29efab4-089a-4977-aa9d-e3723f5af2cc,664d5f3b-570d-4a80-9e72-387baf4c63ae,115.0,1.0,-1.0,0.0,,,cancelled,,,,,,,1778604521.468899
a5f35780-eeec-48f3-bd11-2a02633bc450,0,2,15,541,2026-05-12T16:48:44.209401+00:00,order,add,ask,,dd9fa6cd-5ae9-4dab-9266-ef3cef9d94a3,d896d1d1-903a-4faf-af2e-bda1e25a47cc,16.65,1.0,1.0,1.0,1,1.0,active,,,,,,,1778604524.226453
06f4d9ab-2d66-4d8f-845c-680ac99ec639,0,3,5,101,2026-05-12T16:48:44.526356+00:00,order,add,bid,,f26833a3-4894-4fc1-8b41-78fc9037ec93,664d5f3b-570d-4a80-9e72-387baf4c63ae,109.0,1.0,1.0,1.0,2,2.0,active,,,,,,,1778604524.542767
a5f35780-eeec-48f3-bd11-2a02633bc450,0,2,15,542,2026-05-12T16:48:46.009378+00:00,order,add,bid,,ac300b9f-d9a5-48c6-a7a6-91935cbceb37,7263bda7-ce07-4527-829d-593539f9496a,11.0,1.0,1.0,1.0,1,1.0,active,,,,,,,1778604526.025271
a5f35780-eeec-48f3-bd11-2a02633bc450,0,2,15,543,2026-05-12T16:48:50.377299+00:00,order,add,ask,,0dc41cf2-cd8f-4cac-9bc4-a92cc32fcc89,7263bda7-ce07-4527-829d-593539f9496a,16.0,1.0,1.0,1.0,1,1.0,active,,,,,,,1778604530.393843
06f4d9ab-2d66-4d8f-845c-680ac99ec639,0,3,6,102,2026-05-12T16:48:51.009349+00:00,order,add,bid,,aa5532b2-681c-481b-9f15-d4c946c2f6e6,cda8f129-61a6-4153-bf08-1c1a945507c7,114.9,1.0,1.0,1.0,1,1.0,active,,,,,,,1778604531.026019
a5f35780-eeec-48f3-bd11-2a02633bc450,0,2,15,544,2026-05-12T16:48:51.458370+00:00,trade,trade,bid,B,,,16.0,1.0,,,,,,c5692503-923f-4c66-a40b-53c45c829cb7,,72671ae0-d3f1-486f-8e89-a05c8b136d83,0dc41cf2-cd8f-4cac-9bc4-a92cc32fcc89,3f3f926c-76bd-44db-b2dc-3e8e8ddbccb6,7263bda7-ce07-4527-829d-593539f9496a,1778604531.475167
a5f35780-eeec-48f3-bd11-2a02633bc450,0,2,15,545,2026-05-12T16:48:51.478844+00:00,order,fill,ask,,0dc41cf2-cd8f-4cac-9bc4-a92cc32fcc89,7263bda7-ce07-4527-829d-593539f9496a,16.0,1.0,-1.0,0.0,,,executed,c5692503-923f-4c66-a40b-53c45c829cb7,72671ae0-d3f1-486f-8e89-a05c8b136d83,,,,,1778604531.494919
a5f35780-eeec-48f3-bd11-2a02633bc450,0,2,15,546,2026-05-12T16:48:51.498436+00:00,order,fill,bid,,72671ae0-d3f1-486f-8e89-a05c8b136d83,3f3f926c-76bd-44db-b2dc-3e8e8ddbccb6,16.65,1.0,-1.0,0.0,,,executed,c5692503-923f-4c66-a40b-53c45c829cb7,0dc41cf2-cd8f-4cac-9bc4-a92cc32fcc89,,,,,1778604531.515281
17f3bde5-9e00-47d0-8909-b138b266b325,0,2,13,481,2026-05-12T16:48:51.761713+00:00,order,cancel,ask,,c8285491-2fb8-43c1-bfb5-c75fa2aa16cd,c5382ee4-bd5b-45e4-8232-55a805c489d8,28.0,1.0,-1.0,0.0,,,cancelled,,,,,,,1778604531.77843
a5f35780-eeec-48f3-bd11-2a02633bc450,0,2,15,547,2026-05-12T16:48:52.690677+00:00,order,cancel,ask,,69477856-d99c-4076-985f-90f467b7227a,7263bda7-ce07-4527-829d-593539f9496a,16.8,1.0,-1.0,0.0,,,cancelled,,,,,,,1778604532.706851
a5f35780-eeec-48f3-bd11-2a02633bc450,0,2,14,548,2026-05-12T16:48:53.178157+00:00,order,cancel,ask,,af25ca33-909f-427d-8e39-9f2ab911c230,7263bda7-ce07-4527-829d-593539f9496a,19.0,1.0,-1.0,0.0,,,cancelled,,,,,,,1778604533.1949
06f4d9ab-2d66-4d8f-845c-680ac99ec639,0,3,6,103,2026-05-12T16:48:53.352580+00:00,order,add,bid,,034b57c4-639e-4ce1-99c6-36d7dc549784,b5eb1e0a-5002-4683-a96b-77986bde95ab,114.9,1.0,1.0,1.0,2,2.0,active,,,,,,,1778604533.372199
a5f35780-eeec-48f3-bd11-2a02633bc450,0,2,15,549,2026-05-12T16:48:53.411114+00:00,order,add,bid,,3cc7b298-3a55-4458-892e-cf2b70bd6d2d,d896d1d1-903a-4faf-af2e-bda1e25a47cc,4.0,1.0,1.0,1.0,1,1.0,active,,,,,,,1778604533.42738
17f3bde5-9e00-47d0-8909-b138b266b325,0,2,13,482,2026-05-12T16:48:53.553037+00:00,order,cancel,bid,,3a09577a-47fa-4f4b-b93d-a6c163597342,e4da5453-0e94-4ba4-b1bb-3b711e2a2c8d,24.0,1.0,-1.0,0.0,,,cancelled,,,,,,,1778604533.569385
a5f35780-eeec-48f3-bd11-2a02633bc450,0,2,14,550,2026-05-12T16:48:53.922354+00:00,order,cancel,ask,,7d11ece2-cd46-46e8-b5b2-d2d8060f6880,7263bda7-ce07-4527-829d-593539f9496a,21.0,1.0,-1.0,0.0,,,cancelled,,,,,,,1778604533.938276
a5f35780-eeec-48f3-bd11-2a02633bc450,0,2,14,551,2026-05-12T16:48:54.466434+00:00,order,cancel,ask,,f566c401-8e2f-4f5e-954d-f3a25ee3f6e0,7263bda7-ce07-4527-829d-593539f9496a,25.0,1.0,-1.0,0.0,,,cancelled,,,,,,,1778604534.483567
17f3bde5-9e00-47d0-8909-b138b266b325,0,2,13,483,2026-05-12T16:48:54.822936+00:00,order,cancel,ask,,a9bed58c-2fe5-482f-a2bf-8ce90f9a26ae,8097813e-2f6f-40a4-be05-70c6d8d3bca7,59.0,1.0,-1.0,0.0,,,cancelled,,,,,,,1778604534.838486
06f4d9ab-2d66-4d8f-845c-680ac99ec639,0,3,6,104,2026-05-12T16:48:54.874147+00:00,order,cancel,bid,,034b57c4-639e-4ce1-99c6-36d7dc549784,b5eb1e0a-5002-4683-a96b-77986bde95ab,114.9,1.0,-1.0,0.0,,,cancelled,,,,,,,1778604534.889209
a5f35780-eeec-48f3-bd11-2a02633bc450,0,2,13,552,2026-05-12T16:48:54.946666+00:00,order,cancel,ask,,cf96be3a-ad17-4765-b305-8e37cace50cd,7263bda7-ce07-4527-829d-593539f9496a,31.0,1.0,-1.0,0.0,,,cancelled,,,,,,,1778604534.962489
17f3bde5-9e00-47d0-8909-b138b266b325,0,2,13,484,2026-05-12T16:48:55.216802+00:00,order,cancel,bid,,a57699db-1127-4b88-b6cf-854469c3d9ca,e4da5453-0e94-4ba4-b1bb-3b711e2a2c8d,14.0,1.0,-1.0,0.0,,,cancelled,,,,,,,1778604535.233351
17f3bde5-9e00-47d0-8909-b138b266b325,0,2,13,485,2026-05-12T16:48:56.022618+00:00,order,cancel,ask,,e3a62b4f-6280-4212-8dbe-11db096386f2,8097813e-2f6f-40a4-be05-70c6d8d3bca7,56.0,1.0,-1.0,0.0,,,cancelled,,,,,,,1778604536.038289
a5f35780-eeec-48f3-bd11-2a02633bc450,0,2,15,553,2026-05-12T16:48:56.357792+00:00,order,cancel,bid,,af82e8cf-5b78-4646-b6f3-de62046ebe2e,b051dea2-10fd-492e-a16a-123e7f6bc6ac,1.0,1.0,-1.0,0.0,,,cancelled,,,,,,,1778604536.374281
17f3bde5-9e00-47d0-8909-b138b266b325,0,2,14,486,2026-05-12T16:48:56.533427+00:00,order,add,bid,,c5de5f14-1e95-4b4e-9970-43c860b93e4f,121ddd6b-3999-4e05-a2b3-d80bdfc8efba,24.0,1.0,1.0,1.0,1,1.0,active,,,,,,,1778604536.550232
a5f35780-eeec-48f3-bd11-2a02633bc450,0,2,15,554,2026-05-12T16:48:57.576396+00:00,order,add,ask,,63f33e04-d83e-4b61-9008-70686ea6c77c,7263bda7-ce07-4527-829d-593539f9496a,16.0,1.0,1.0,1.0,1,1.0,active,,,,,,,1778604537.593702
17f3bde5-9e00-47d0-8909-b138b266b325,0,2,13,487,2026-05-12T16:48:57.686288+00:00,order,cancel,ask,,ef83ca71-839c-4d0e-8de5-4a0649e3a58a,8097813e-2f6f-40a4-be05-70c6d8d3bca7,55.0,1.0,-1.0,0.0,,,cancelled,,,,,,,1778604537.70362
a5f35780-eeec-48f3-bd11-2a02633bc450,0,2,15,555,2026-05-12T16:48:57.864894+00:00,trade,trade,ask,S,,,11.0,1.0,,,,,,09f4783a-6ddc-4c2e-b41d-221950509ce6,,ac300b9f-d9a5-48c6-a7a6-91935cbceb37,cff4fd3e-774f-4e20-b090-8d53c86ee529,7263bda7-ce07-4527-829d-593539f9496a,d896d1d1-903a-4faf-af2e-bda1e25a47cc,1778604537.881865
a5f35780-eeec-48f3-bd11-2a02633bc450,0,2,15,556,2026-05-12T16:48:57.885128+00:00,order,fill,ask,,cff4fd3e-774f-4e20-b090-8d53c86ee529,d896d1d1-903a-4faf-af2e-bda1e25a47cc,11.0,1.0,-1.0,0.0,,,executed,09f4783a-6ddc-4c2e-b41d-221950509ce6,ac300b9f-d9a5-48c6-a7a6-91935cbceb37,,,,,1778604537.900867
a5f35780-eeec-48f3-bd11-2a02633bc450,0,2,15,557,2026-05-12T16:48:57.903628+00:00,order,fill,bid,,ac300b9f-d9a5-48c6-a7a6-91935cbceb37,7263bda7-ce07-4527-829d-593539f9496a,11.0,1.0,-1.0,0.0,,,executed,09f4783a-6ddc-4c2e-b41d-221950509ce6,cff4fd3e-774f-4e20-b090-8d53c86ee529,,,,,1778604537.918966
a5f35780-eeec-48f3-bd11-2a02633bc450,0,2,15,558,2026-05-12T16:48:57.941084+00:00,order,add,ask,,d45bb8d9-25a5-4088-b32f-93c0340f1cf4,3f3f926c-76bd-44db-b2dc-3e8e8ddbccb6,16.0,1.0,1.0,1.0,2,2.0,active,,,,,,,1778604537.956757
17f3bde5-9e00-47d0-8909-b138b266b325,0,2,14,488,2026-05-12T16:48:58.319773+00:00,order,cancel,bid,,c5de5f14-1e95-4b4e-9970-43c860b93e4f,121ddd6b-3999-4e05-a2b3-d80bdfc8efba,24.0,1.0,-1.0,0.0,,,cancelled,,,,,,,1778604538.335545
17f3bde5-9e00-47d0-8909-b138b266b325,0,2,14,489,2026-05-12T16:48:58.774856+00:00,order,add,bid,,2354e866-ada0-4e19-a9a1-e5a6b2a92845,6eb3648e-8876-4d12-96eb-7269067415d5,24.0,1.0,1.0,1.0,1,1.0,active,,,,,,,1778604538.79158
17f3bde5-9e00-47d0-8909-b138b266b325,0,2,14,490,2026-05-12T16:48:59.721003+00:00,order,add,bid,,c4ce3991-15f6-4011-835a-0c3c618ba4df,c5382ee4-bd5b-45e4-8232-55a805c489d8,10.0,1.0,1.0,1.0,2,2.0,active,,,,,,,1778604539.737383
a5f35780-eeec-48f3-bd11-2a02633bc450,0,2,15,559,2026-05-12T16:49:00.212754+00:00,order,add,bid,,9367be4f-3bc6-4347-a07c-49583c8b4641,b051dea2-10fd-492e-a16a-123e7f6bc6ac,0.01,1.0,1.0,1.0,1,1.0,active,,,,,,,1778604540.230912
a5f35780-eeec-48f3-bd11-2a02633bc450,0,2,15,560,2026-05-12T16:49:00.377915+00:00,order,add,ask,,9eaa89cb-7ea9-4f10-9a0c-cffc87b883e0,d896d1d1-903a-4faf-af2e-bda1e25a47cc,13.5,1.0,1.0,1.0,1,1.0,active,,,,,,,1778604540.395107
17f3bde5-9e00-47d0-8909-b138b266b325,0,2,14,491,2026-05-12T16:49:00.807200+00:00,trade,trade,ask,S,,,24.0,1.0,,,,,,3462c1da-6e24-48fc-9e55-48d8767c3820,,2354e866-ada0-4e19-a9a1-e5a6b2a92845,0d43ee7f-512b-44ae-aa97-a613f106e730,6eb3648e-8876-4d12-96eb-7269067415d5,121ddd6b-3999-4e05-a2b3-d80bdfc8efba,1778604540.823604
17f3bde5-9e00-47d0-8909-b138b266b325,0,2,14,492,2026-05-12T16:49:00.826701+00:00,order,fill,ask,,0d43ee7f-512b-44ae-aa97-a613f106e730,121ddd6b-3999-4e05-a2b3-d80bdfc8efba,24.0,1.0,-1.0,0.0,,,executed,3462c1da-6e24-48fc-9e55-48d8767c3820,2354e866-ada0-4e19-a9a1-e5a6b2a92845,,,,,1778604540.8418
17f3bde5-9e00-47d0-8909-b138b266b325,0,2,14,493,2026-05-12T16:49:00.845225+00:00,order,fill,bid,,2354e866-ada0-4e19-a9a1-e5a6b2a92845,6eb3648e-8876-4d12-96eb-7269067415d5,24.0,1.0,-1.0,0.0,,,executed,3462c1da-6e24-48fc-9e55-48d8767c3820,0d43ee7f-512b-44ae-aa97-a613f106e730,,,,,1778604540.860879
17f3bde5-9e00-47d0-8909-b138b266b325,0,2,14,494,2026-05-12T16:49:00.895876+00:00,order,add,ask,,feb29867-4933-4286-80b3-c06a06938829,e4da5453-0e94-4ba4-b1bb-3b711e2a2c8d,24.0,1.0,1.0,1.0,1,1.0,active,,,,,,,1778604540.911777
17f3bde5-9e00-47d0-8909-b138b266b325,0,2,14,495,2026-05-12T16:49:01.506506+00:00,order,add,ask,,3609168b-90e2-4737-bcc3-3af876735ad3,1fee9bd8-a0b5-414d-b996-84be8a4a131f,40.0,1.0,1.0,1.0,1,1.0,active,,,,,,,1778604541.524357
a5f35780-eeec-48f3-bd11-2a02633bc450,0,2,15,561,2026-05-12T16:49:02.056704+00:00,order,add,bid,,e08c0f78-080a-4809-8183-add2a53d8d2d,7263bda7-ce07-4527-829d-593539f9496a,4.0,1.0,1.0,1.0,2,2.0,active,,,,,,,1778604542.093347
06f4d9ab-2d66-4d8f-845c-680ac99ec639,0,3,6,105,2026-05-12T16:49:02.697591+00:00,order,add,ask,,834447ea-f673-4722-b827-3bfd811c18b5,cda8f129-61a6-4153-bf08-1c1a945507c7,117.5,1.0,1.0,1.0,1,1.0,active,,,,,,,1778604542.715414
06f4d9ab-2d66-4d8f-845c-680ac99ec639,0,3,6,106,2026-05-12T16:49:02.912713+00:00,order,add,ask,,294d606b-5093-45a1-b012-ddd844926f35,b5eb1e0a-5002-4683-a96b-77986bde95ab,116.9,1.0,1.0,1.0,1,1.0,active,,,,,,,1778604542.929569
a5f35780-eeec-48f3-bd11-2a02633bc450,0,2,15,562,2026-05-12T16:49:04.042658+00:00,trade,trade,bid,B,,,13.5,1.0,,,,,,3f4665b3-6f95-4071-9543-4bb2905b5846,,85b9ef4f-cebf-4daa-8aeb-1a4c88e1a455,9eaa89cb-7ea9-4f10-9a0c-cffc87b883e0,3f3f926c-76bd-44db-b2dc-3e8e8ddbccb6,d896d1d1-903a-4faf-af2e-bda1e25a47cc,1778604544.060667
a5f35780-eeec-48f3-bd11-2a02633bc450,0,2,15,563,2026-05-12T16:49:04.063823+00:00,order,fill,ask,,9eaa89cb-7ea9-4f10-9a0c-cffc87b883e0,d896d1d1-903a-4faf-af2e-bda1e25a47cc,13.5,1.0,-1.0,0.0,,,executed,3f4665b3-6f95-4071-9543-4bb2905b5846,85b9ef4f-cebf-4daa-8aeb-1a4c88e1a455,,,,,1778604544.08013
a5f35780-eeec-48f3-bd11-2a02633bc450,0,2,15,564,2026-05-12T16:49:04.082806+00:00,order,fill,bid,,85b9ef4f-cebf-4daa-8aeb-1a4c88e1a455,3f3f926c-76bd-44db-b2dc-3e8e8ddbccb6,13.5,1.0,-1.0,0.0,,,executed,3f4665b3-6f95-4071-9543-4bb2905b5846,9eaa89cb-7ea9-4f10-9a0c-cffc87b883e0,,,,,1778604544.097691
06f4d9ab-2d66-4d8f-845c-680ac99ec639,0,3,2,107,2026-05-12T16:49:05.847884+00:00,order,cancel,ask,,52cfd60e-65e4-490f-aa74-0d2eed24c906,b5eb1e0a-5002-4683-a96b-77986bde95ab,119.0,1.0,-1.0,0.0,,,cancelled,,,,,,,1778604545.86523
17f3bde5-9e00-47d0-8909-b138b266b325,0,2,14,496,2026-05-12T16:49:06.525667+00:00,trade,trade,ask,S,,,14.0,1.0,,,,,,7b41c5b8-e3f9-4e49-8eee-65b2fbd56507,,905b1d95-616f-4e98-b34d-e63cc5650cdb,041d2d74-15c5-468e-bca4-932a6e102f4b,6eb3648e-8876-4d12-96eb-7269067415d5,121ddd6b-3999-4e05-a2b3-d80bdfc8efba,1778604546.542239
17f3bde5-9e00-47d0-8909-b138b266b325,0,2,14,497,2026-05-12T16:49:06.545483+00:00,order,fill,ask,,041d2d74-15c5-468e-bca4-932a6e102f4b,121ddd6b-3999-4e05-a2b3-d80bdfc8efba,14.0,1.0,-1.0,0.0,,,executed,7b41c5b8-e3f9-4e49-8eee-65b2fbd56507,905b1d95-616f-4e98-b34d-e63cc5650cdb,,,,,1778604546.561747
17f3bde5-9e00-47d0-8909-b138b266b325,0,2,14,498,2026-05-12T16:49:06.564679+00:00,order,fill,bid,,905b1d95-616f-4e98-b34d-e63cc5650cdb,6eb3648e-8876-4d12-96eb-7269067415d5,14.0,1.0,-1.0,0.0,,,executed,7b41c5b8-e3f9-4e49-8eee-65b2fbd56507,041d2d74-15c5-468e-bca4-932a6e102f4b,,,,,1778604546.580114
17f3bde5-9e00-47d0-8909-b138b266b325,0,2,14,499,2026-05-12T16:49:07.257209+00:00,order,add,bid,,b62118ef-9c93-4ab2-9ba4-3926301f2cf2,1fee9bd8-a0b5-414d-b996-84be8a4a131f,14.0,1.0,1.0,1.0,1,1.0,active,,,,,,,1778604547.27392
a5f35780-eeec-48f3-bd11-2a02633bc450,0,2,15,565,2026-05-12T16:49:08.056677+00:00,order,add,ask,,5ecad985-b7b0-43bd-abe3-d56ec06b88fa,d896d1d1-903a-4faf-af2e-bda1e25a47cc,14.0,1.0,1.0,1.0,1,1.0,active,,,,,,,1778604548.074611
17f3bde5-9e00-47d0-8909-b138b266b325,0,2,14,500,2026-05-12T16:49:09.942250+00:00,order,add,bid,,91f1b06a-93ec-4483-bc1b-d6ec0237f841,6eb3648e-8876-4d12-96eb-7269067415d5,14.0,1.0,1.0,1.0,2,2.0,active,,,,,,,1778604549.958519
06f4d9ab-2d66-4d8f-845c-680ac99ec639,0,3,6,108,2026-05-12T16:49:10.164968+00:00,trade,trade,bid,B,,,116.9,1.0,,,,,,ea219722-db47-4135-93ef-b340a95d797f,,1918afed-25b5-448a-99bd-d2a407cdcdeb,294d606b-5093-45a1-b012-ddd844926f35,664d5f3b-570d-4a80-9e72-387baf4c63ae,b5eb1e0a-5002-4683-a96b-77986bde95ab,1778604550.182659
06f4d9ab-2d66-4d8f-845c-680ac99ec639,0,3,6,109,2026-05-12T16:49:10.185644+00:00,order,fill,ask,,294d606b-5093-45a1-b012-ddd844926f35,b5eb1e0a-5002-4683-a96b-77986bde95ab,116.9,1.0,-1.0,0.0,,,executed,ea219722-db47-4135-93ef-b340a95d797f,1918afed-25b5-448a-99bd-d2a407cdcdeb,,,,,1778604550.201134
06f4d9ab-2d66-4d8f-845c-680ac99ec639,0,3,6,110,2026-05-12T16:49:10.203984+00:00,order,fill,bid,,1918afed-25b5-448a-99bd-d2a407cdcdeb,664d5f3b-570d-4a80-9e72-387baf4c63ae,117.0,1.0,-1.0,0.0,,,executed,ea219722-db47-4135-93ef-b340a95d797f,294d606b-5093-45a1-b012-ddd844926f35,,,,,1778604550.21916
a5f35780-eeec-48f3-bd11-2a02633bc450,0,2,15,566,2026-05-12T16:49:10.705566+00:00,trade,trade,bid,B,,,14.0,1.0,,,,,,cd5060df-1b4c-4b50-96ba-8f529fb55b15,,33f3db1c-55e3-4aea-9378-dd914b6a213b,5ecad985-b7b0-43bd-abe3-d56ec06b88fa,3f3f926c-76bd-44db-b2dc-3e8e8ddbccb6,d896d1d1-903a-4faf-af2e-bda1e25a47cc,1778604550.721571
a5f35780-eeec-48f3-bd11-2a02633bc450,0,2,15,567,2026-05-12T16:49:10.724605+00:00,order,fill,ask,,5ecad985-b7b0-43bd-abe3-d56ec06b88fa,d896d1d1-903a-4faf-af2e-bda1e25a47cc,14.0,1.0,-1.0,0.0,,,executed,cd5060df-1b4c-4b50-96ba-8f529fb55b15,33f3db1c-55e3-4aea-9378-dd914b6a213b,,,,,1778604550.740145
a5f35780-eeec-48f3-bd11-2a02633bc450,0,2,15,568,2026-05-12T16:49:10.742861+00:00,order,fill,bid,,33f3db1c-55e3-4aea-9378-dd914b6a213b,3f3f926c-76bd-44db-b2dc-3e8e8ddbccb6,14.0,1.0,-1.0,0.0,,,executed,cd5060df-1b4c-4b50-96ba-8f529fb55b15,5ecad985-b7b0-43bd-abe3-d56ec06b88fa,,,,,1778604550.758694
06f4d9ab-2d66-4d8f-845c-680ac99ec639,0,3,6,111,2026-05-12T16:49:11.299338+00:00,order,add,bid,,9545f96a-2c8b-444b-ae37-6b5a2bd72e57,664d5f3b-570d-4a80-9e72-387baf4c63ae,114.0,1.0,1.0,1.0,1,1.0,active,,,,,,,1778604551.316305
17f3bde5-9e00-47d0-8909-b138b266b325,0,2,14,501,2026-05-12T16:49:12.182793+00:00,trade,trade,ask,S,,,14.0,1.0,,,,,,8e364787-dda2-42b5-872c-e6b6fd1371cf,,b62118ef-9c93-4ab2-9ba4-3926301f2cf2,783de789-0b80-48f9-81a1-28fbbfd9889d,1fee9bd8-a0b5-414d-b996-84be8a4a131f,121ddd6b-3999-4e05-a2b3-d80bdfc8efba,1778604552.201853
17f3bde5-9e00-47d0-8909-b138b266b325,0,2,14,502,2026-05-12T16:49:12.205071+00:00,order,fill,ask,,783de789-0b80-48f9-81a1-28fbbfd9889d,121ddd6b-3999-4e05-a2b3-d80bdfc8efba,14.0,1.0,-1.0,0.0,,,executed,8e364787-dda2-42b5-872c-e6b6fd1371cf,b62118ef-9c93-4ab2-9ba4-3926301f2cf2,,,,,1778604552.22064
17f3bde5-9e00-47d0-8909-b138b266b325,0,2,14,503,2026-05-12T16:49:12.223837+00:00,order,fill,bid,,b62118ef-9c93-4ab2-9ba4-3926301f2cf2,1fee9bd8-a0b5-414d-b996-84be8a4a131f,14.0,1.0,-1.0,0.0,,,executed,8e364787-dda2-42b5-872c-e6b6fd1371cf,783de789-0b80-48f9-81a1-28fbbfd9889d,,,,,1778604552.240059
17f3bde5-9e00-47d0-8909-b138b266b325,0,2,14,504,2026-05-12T16:49:13.071689+00:00,order,add,bid,,39b6fc33-d39a-4bf0-bd67-863c4a543a33,e4da5453-0e94-4ba4-b1bb-3b711e2a2c8d,10.0,1.0,1.0,1.0,3,3.0,active,,,,,,,1778604553.08845
a5f35780-eeec-48f3-bd11-2a02633bc450,0,2,15,569,2026-05-12T16:49:13.289382+00:00,order,add,ask,,7959e797-765c-47d2-9e1c-a5ff29ba038e,d896d1d1-903a-4faf-af2e-bda1e25a47cc,15.0,1.0,1.0,1.0,1,1.0,active,,,,,,,1778604553.306144
17f3bde5-9e00-47d0-8909-b138b266b325,0,2,14,505,2026-05-12T16:49:13.945515+00:00,order,add,ask,,1b893f50-74cb-4a78-93ba-adc563506599,c5382ee4-bd5b-45e4-8232-55a805c489d8,16.0,1.0,1.0,1.0,1,1.0,active,,,,,,,1778604553.961203
06f4d9ab-2d66-4d8f-845c-680ac99ec639,0,3,6,112,2026-05-12T16:49:14.736599+00:00,order,add,ask,,20b515ee-efcd-4631-93a2-b5312b5147be,b5eb1e0a-5002-4683-a96b-77986bde95ab,116.2,1.0,1.0,1.0,1,1.0,active,,,,,,,1778604554.754316
a5f35780-eeec-48f3-bd11-2a02633bc450,0,2,15,570,2026-05-12T16:49:15.137404+00:00,trade,trade,bid,B,,,15.0,1.0,,,,,,d58fb6c3-960e-422a-8a2a-689da948fa58,,caa1811c-9f48-4d5e-a940-5d729c95c4f2,7959e797-765c-47d2-9e1c-a5ff29ba038e,3f3f926c-76bd-44db-b2dc-3e8e8ddbccb6,d896d1d1-903a-4faf-af2e-bda1e25a47cc,1778604555.153327
a5f35780-eeec-48f3-bd11-2a02633bc450,0,2,15,571,2026-05-12T16:49:15.156369+00:00,order,fill,ask,,7959e797-765c-47d2-9e1c-a5ff29ba038e,d896d1d1-903a-4faf-af2e-bda1e25a47cc,15.0,1.0,-1.0,0.0,,,executed,d58fb6c3-960e-422a-8a2a-689da948fa58,caa1811c-9f48-4d5e-a940-5d729c95c4f2,,,,,1778604555.170911
a5f35780-eeec-48f3-bd11-2a02633bc450,0,2,15,572,2026-05-12T16:49:15.174001+00:00,order,fill,bid,,caa1811c-9f48-4d5e-a940-5d729c95c4f2,3f3f926c-76bd-44db-b2dc-3e8e8ddbccb6,15.0,1.0,-1.0,0.0,,,executed,d58fb6c3-960e-422a-8a2a-689da948fa58,7959e797-765c-47d2-9e1c-a5ff29ba038e,,,,,1778604555.188639
17f3bde5-9e00-47d0-8909-b138b266b325,0,2,14,506,2026-05-12T16:49:16.615489+00:00,order,add,bid,,d3a8ec4f-ad8e-41b2-a6ff-bc605990374a,e4da5453-0e94-4ba4-b1bb-3b711e2a2c8d,10.0,1.0,1.0,1.0,4,4.0,active,,,,,,,1778604556.632453
a5f35780-eeec-48f3-bd11-2a02633bc450,0,2,15,573,2026-05-12T16:49:17.689730+00:00,order,add,ask,,3def51f0-c608-4c79-a8fc-1276ff7ee922,d896d1d1-903a-4faf-af2e-bda1e25a47cc,15.0,1.0,1.0,1.0,1,1.0,active,,,,,,,1778604557.709376
17f3bde5-9e00-47d0-8909-b138b266b325,0,2,14,507,2026-05-12T16:49:17.745157+00:00,order,add,ask,,f44e70a7-ea7e-44a2-b2a4-fcba6208e6a6,8097813e-2f6f-40a4-be05-70c6d8d3bca7,35.0,1.0,1.0,1.0,1,1.0,active,,,,,,,1778604557.761211
17f3bde5-9e00-47d0-8909-b138b266b325,0,2,14,508,2026-05-12T16:49:18.157954+00:00,trade,trade,ask,S,,,14.0,1.0,,,,,,ee4f385e-6583-4afa-bdb3-f693412391c7,,91f1b06a-93ec-4483-bc1b-d6ec0237f841,7b0b6f1c-60a7-4624-802e-f5f25e22b67b,6eb3648e-8876-4d12-96eb-7269067415d5,121ddd6b-3999-4e05-a2b3-d80bdfc8efba,1778604558.174398
17f3bde5-9e00-47d0-8909-b138b266b325,0,2,14,509,2026-05-12T16:49:18.177551+00:00,order,fill,ask,,7b0b6f1c-60a7-4624-802e-f5f25e22b67b,121ddd6b-3999-4e05-a2b3-d80bdfc8efba,14.0,1.0,-1.0,0.0,,,executed,ee4f385e-6583-4afa-bdb3-f693412391c7,91f1b06a-93ec-4483-bc1b-d6ec0237f841,,,,,1778604558.195314
17f3bde5-9e00-47d0-8909-b138b266b325,0,2,14,510,2026-05-12T16:49:18.201170+00:00,order,fill,bid,,91f1b06a-93ec-4483-bc1b-d6ec0237f841,6eb3648e-8876-4d12-96eb-7269067415d5,14.0,1.0,-1.0,0.0,,,executed,ee4f385e-6583-4afa-bdb3-f693412391c7,7b0b6f1c-60a7-4624-802e-f5f25e22b67b,,,,,1778604558.217201
a5f35780-eeec-48f3-bd11-2a02633bc450,0,2,15,574,2026-05-12T16:49:19.840802+00:00,order,add,ask,,b2b0de96-7eca-4f87-845f-3f63ce4b5d50,3f3f926c-76bd-44db-b2dc-3e8e8ddbccb6,15.0,1.0,1.0,1.0,2,2.0,active,,,,,,,1778604559.857255
06f4d9ab-2d66-4d8f-845c-680ac99ec639,0,3,3,113,2026-05-12T16:49:20.345392+00:00,order,cancel,bid,,ff79cfb0-5335-41be-8052-c8ceba619bb0,cda8f129-61a6-4153-bf08-1c1a945507c7,110.0,1.0,-1.0,0.0,,,cancelled,,,,,,,1778604560.361306
17f3bde5-9e00-47d0-8909-b138b266b325,0,2,14,511,2026-05-12T16:49:21.429271+00:00,order,add,ask,,e79957df-20ab-4737-8328-abf4d501f96a,8097813e-2f6f-40a4-be05-70c6d8d3bca7,25.0,1.0,1.0,1.0,1,1.0,active,,,,,,,1778604561.44518
a5f35780-eeec-48f3-bd11-2a02633bc450,0,2,15,575,2026-05-12T16:49:21.602491+00:00,order,add,ask,,70c9828d-252a-4408-b6e8-8368822ce471,7263bda7-ce07-4527-829d-593539f9496a,14.8,1.0,1.0,1.0,1,1.0,active,,,,,,,1778604561.621756
17f3bde5-9e00-47d0-8909-b138b266b325,0,2,14,512,2026-05-12T16:49:22.583296+00:00,trade,trade,ask,S,,,10.0,1.0,,,,,,685afdf2-dfed-40a1-9e6d-bd62e7177847,,30f7dbc9-f13a-4e00-b72c-1215b782cd35,86a821fe-0b2e-4ed2-91f0-84a5f227eb44,6eb3648e-8876-4d12-96eb-7269067415d5,121ddd6b-3999-4e05-a2b3-d80bdfc8efba,1778604562.599872
17f3bde5-9e00-47d0-8909-b138b266b325,0,2,14,513,2026-05-12T16:49:22.602861+00:00,order,fill,ask,,86a821fe-0b2e-4ed2-91f0-84a5f227eb44,121ddd6b-3999-4e05-a2b3-d80bdfc8efba,10.0,1.0,-1.0,0.0,,,executed,685afdf2-dfed-40a1-9e6d-bd62e7177847,30f7dbc9-f13a-4e00-b72c-1215b782cd35,,,,,1778604562.617206
17f3bde5-9e00-47d0-8909-b138b266b325,0,2,14,514,2026-05-12T16:49:22.619928+00:00,order,fill,bid,,30f7dbc9-f13a-4e00-b72c-1215b782cd35,6eb3648e-8876-4d12-96eb-7269067415d5,10.0,1.0,-1.0,0.0,,,executed,685afdf2-dfed-40a1-9e6d-bd62e7177847,86a821fe-0b2e-4ed2-91f0-84a5f227eb44,,,,,1778604562.634424
06f4d9ab-2d66-4d8f-845c-680ac99ec639,0,3,6,114,2026-05-12T16:49:23.851496+00:00,order,add,bid,,bd06d6f4-ddb2-4213-9ba5-8f2fe8384709,664d5f3b-570d-4a80-9e72-387baf4c63ae,115.0,1.0,1.0,1.0,1,1.0,active,,,,,,,1778604563.86829
06f4d9ab-2d66-4d8f-845c-680ac99ec639,0,3,6,115,2026-05-12T16:49:24.191139+00:00,order,add,bid,,47517ff8-88d7-4821-9f43-6575d9f9d20d,664d5f3b-570d-4a80-9e72-387baf4c63ae,115.0,1.0,1.0,1.0,2,2.0,active,,,,,,,1778604564.208257
17f3bde5-9e00-47d0-8909-b138b266b325,0,2,14,515,2026-05-12T16:49:26.069725+00:00,order,add,bid,,6f27e68b-58e5-41f3-a9e9-dc5b950201d8,6eb3648e-8876-4d12-96eb-7269067415d5,10.0,1.0,1.0,1.0,4,4.0,active,,,,,,,1778604566.087204
06f4d9ab-2d66-4d8f-845c-680ac99ec639,0,3,6,116,2026-05-12T16:49:28.952440+00:00,order,add,ask,,6838dffa-ce6f-459e-92ea-f788e9b4e7be,cda8f129-61a6-4153-bf08-1c1a945507c7,117.2,1.0,1.0,1.0,1,1.0,active,,,,,,,1778604568.968719
17f3bde5-9e00-47d0-8909-b138b266b325,0,2,14,516,2026-05-12T16:49:30.473893+00:00,trade,trade,bid,B,,,16.0,1.0,,,,,,5db5f166-9928-4f3d-bc5e-e1b7a70f0121,,1426cdca-651f-4c46-ab79-762854b18d20,1b893f50-74cb-4a78-93ba-adc563506599,1fee9bd8-a0b5-414d-b996-84be8a4a131f,c5382ee4-bd5b-45e4-8232-55a805c489d8,1778604570.489924
17f3bde5-9e00-47d0-8909-b138b266b325,0,2,14,517,2026-05-12T16:49:30.492973+00:00,order,fill,ask,,1b893f50-74cb-4a78-93ba-adc563506599,c5382ee4-bd5b-45e4-8232-55a805c489d8,16.0,1.0,-1.0,0.0,,,executed,5db5f166-9928-4f3d-bc5e-e1b7a70f0121,1426cdca-651f-4c46-ab79-762854b18d20,,,,,1778604570.508683
17f3bde5-9e00-47d0-8909-b138b266b325,0,2,14,518,2026-05-12T16:49:30.511610+00:00,order,fill,bid,,1426cdca-651f-4c46-ab79-762854b18d20,1fee9bd8-a0b5-414d-b996-84be8a4a131f,16.0,1.0,-1.0,0.0,,,executed,5db5f166-9928-4f3d-bc5e-e1b7a70f0121,1b893f50-74cb-4a78-93ba-adc563506599,,,,,1778604570.52697
06f4d9ab-2d66-4d8f-845c-680ac99ec639,0,3,6,117,2026-05-12T16:49:30.820672+00:00,order,add,ask,,fb0817df-fc58-4796-8d83-b6cc8ff6ce21,664d5f3b-570d-4a80-9e72-387baf4c63ae,116.0,1.0,1.0,1.0,1,1.0,active,,,,,,,1778604570.837204
17f3bde5-9e00-47d0-8909-b138b266b325,0,2,14,519,2026-05-12T16:49:31.684915+00:00,trade,trade,ask,S,,,10.0,1.0,,,,,,7797e36a-3120-4d2b-9d2e-918847fe78da,,c4ce3991-15f6-4011-835a-0c3c618ba4df,9886ec86-f812-4385-8041-c3d99831ff48,c5382ee4-bd5b-45e4-8232-55a805c489d8,121ddd6b-3999-4e05-a2b3-d80bdfc8efba,1778604571.701305
17f3bde5-9e00-47d0-8909-b138b266b325,0,2,14,520,2026-05-12T16:49:31.704597+00:00,order,fill,ask,,9886ec86-f812-4385-8041-c3d99831ff48,121ddd6b-3999-4e05-a2b3-d80bdfc8efba,10.0,1.0,-1.0,0.0,,,executed,7797e36a-3120-4d2b-9d2e-918847fe78da,c4ce3991-15f6-4011-835a-0c3c618ba4df,,,,,1778604571.720183
17f3bde5-9e00-47d0-8909-b138b266b325,0,2,14,521,2026-05-12T16:49:31.722993+00:00,order,fill,bid,,c4ce3991-15f6-4011-835a-0c3c618ba4df,c5382ee4-bd5b-45e4-8232-55a805c489d8,10.0,1.0,-1.0,0.0,,,executed,7797e36a-3120-4d2b-9d2e-918847fe78da,9886ec86-f812-4385-8041-c3d99831ff48,,,,,1778604571.737931
17f3bde5-9e00-47d0-8909-b138b266b325,0,2,14,522,2026-05-12T16:49:33.703782+00:00,order,add,bid,,4391c791-2f53-43f0-93e9-2d1c4a04675d,e4da5453-0e94-4ba4-b1bb-3b711e2a2c8d,10.0,1.0,1.0,1.0,4,4.0,active,,,,,,,1778604573.726568
06f4d9ab-2d66-4d8f-845c-680ac99ec639,0,3,6,118,2026-05-12T16:49:36.136537+00:00,trade,trade,bid,B,,,116.0,1.0,,,,,,85571cd7-3efc-4425-8725-c4fae97e3c42,,4856fb84-62f1-4201-bfb4-c36df81f893d,fb0817df-fc58-4796-8d83-b6cc8ff6ce21,cda8f129-61a6-4153-bf08-1c1a945507c7,664d5f3b-570d-4a80-9e72-387baf4c63ae,1778604576.152764
06f4d9ab-2d66-4d8f-845c-680ac99ec639,0,3,6,119,2026-05-12T16:49:36.155881+00:00,order,fill,ask,,fb0817df-fc58-4796-8d83-b6cc8ff6ce21,664d5f3b-570d-4a80-9e72-387baf4c63ae,116.0,1.0,-1.0,0.0,,,executed,85571cd7-3efc-4425-8725-c4fae97e3c42,4856fb84-62f1-4201-bfb4-c36df81f893d,,,,,1778604576.1714
06f4d9ab-2d66-4d8f-845c-680ac99ec639,0,3,6,120,2026-05-12T16:49:36.174270+00:00,order,fill,bid,,4856fb84-62f1-4201-bfb4-c36df81f893d,cda8f129-61a6-4153-bf08-1c1a945507c7,116.0,1.0,-1.0,0.0,,,executed,85571cd7-3efc-4425-8725-c4fae97e3c42,fb0817df-fc58-4796-8d83-b6cc8ff6ce21,,,,,1778604576.189374
06f4d9ab-2d66-4d8f-845c-680ac99ec639,0,3,6,121,2026-05-12T16:49:37.747705+00:00,order,add,bid,,a3b1f530-338b-4ab6-ab23-bf6d898c68eb,664d5f3b-570d-4a80-9e72-387baf4c63ae,115.0,1.0,1.0,1.0,3,3.0,active,,,,,,,1778604577.763701
17f3bde5-9e00-47d0-8909-b138b266b325,0,2,14,523,2026-05-12T16:49:38.262461+00:00,order,cancel,ask,,e79957df-20ab-4737-8328-abf4d501f96a,8097813e-2f6f-40a4-be05-70c6d8d3bca7,25.0,1.0,-1.0,0.0,,,cancelled,,,,,,,1778604578.279472
17f3bde5-9e00-47d0-8909-b138b266b325,0,2,14,524,2026-05-12T16:49:39.260376+00:00,order,add,ask,,cbbe3e0b-b3c5-463d-ab3b-bd32866629d6,121ddd6b-3999-4e05-a2b3-d80bdfc8efba,17.0,1.0,1.0,1.0,1,1.0,active,,,,,,,1778604579.276716
17f3bde5-9e00-47d0-8909-b138b266b325,0,2,14,525,2026-05-12T16:49:40.608953+00:00,order,add,ask,,cf20e17a-48a1-4949-b3cf-b3b378f23248,c5382ee4-bd5b-45e4-8232-55a805c489d8,16.0,1.0,1.0,1.0,1,1.0,active,,,,,,,1778604580.626636
17f3bde5-9e00-47d0-8909-b138b266b325,0,2,14,526,2026-05-12T16:49:44.292448+00:00,order,add,ask,,1439cb60-460b-4576-bcfb-e0d55defade2,121ddd6b-3999-4e05-a2b3-d80bdfc8efba,15.0,1.0,1.0,1.0,1,1.0,active,,,,,,,1778604584.309513
17f3bde5-9e00-47d0-8909-b138b266b325,0,2,14,527,2026-05-12T16:49:45.200765+00:00,order,add,ask,,b5acdef5-a368-4036-9824-f3cec6c52766,1fee9bd8-a0b5-414d-b996-84be8a4a131f,15.0,1.0,1.0,1.0,2,2.0,active,,,,,,,1778604585.218001
17f3bde5-9e00-47d0-8909-b138b266b325,0,2,14,528,2026-05-12T16:49:45.582510+00:00,order,add,bid,,68b04467-4d81-4d9c-b383-0dcaea5c150f,e4da5453-0e94-4ba4-b1bb-3b711e2a2c8d,6.0,1.0,1.0,1.0,1,1.0,active,,,,,,,1778604585.601197
06f4d9ab-2d66-4d8f-845c-680ac99ec639,0,3,6,122,2026-05-12T16:49:45.637871+00:00,order,add,bid,,c034686d-67fe-4f79-8d8c-41e85e710650,664d5f3b-570d-4a80-9e72-387baf4c63ae,115.0,1.0,1.0,1.0,4,4.0,active,,,,,,,1778604585.653796
06f4d9ab-2d66-4d8f-845c-680ac99ec639,0,3,6,123,2026-05-12T16:49:46.325379+00:00,order,add,bid,,487e9269-79df-4f28-abdf-4303024aa9a0,664d5f3b-570d-4a80-9e72-387baf4c63ae,116.0,1.0,1.0,1.0,1,1.0,active,,,,,,,1778604586.342576
06f4d9ab-2d66-4d8f-845c-680ac99ec639,0,3,6,124,2026-05-12T16:49:46.511554+00:00,order,add,bid,,8c39835e-71ab-4fe6-9f89-bd77cfd98073,cda8f129-61a6-4153-bf08-1c1a945507c7,115.5,1.0,1.0,1.0,1,1.0,active,,,,,,,1778604586.528793
17f3bde5-9e00-47d0-8909-b138b266b325,0,2,14,529,2026-05-12T16:49:47.325829+00:00,order,add,ask,,01107c4e-1de4-4522-875d-6cb2a99d40fe,8097813e-2f6f-40a4-be05-70c6d8d3bca7,15.0,1.0,1.0,1.0,3,3.0,active,,,,,,,1778604587.342511
17f3bde5-9e00-47d0-8909-b138b266b325,0,2,14,530,2026-05-12T16:49:48.381360+00:00,order,add,ask,,8832ae7c-923b-4cd4-8763-0cd93153a334,121ddd6b-3999-4e05-a2b3-d80bdfc8efba,14.0,1.0,1.0,1.0,1,1.0,active,,,,,,,1778604588.397379
17f3bde5-9e00-47d0-8909-b138b266b325,0,2,14,531,2026-05-12T16:49:48.432727+00:00,order,add,bid,,dcdc74c5-93bb-4532-af1c-3f1a0c66d1df,6eb3648e-8876-4d12-96eb-7269067415d5,6.0,1.0,1.0,1.0,2,2.0,active,,,,,,,1778604588.447641
520e90a9-5e9e-4bfa-8244-34e70674e93f,0,3,1,1,2026-05-12T16:49:50.802085+00:00,order,add,ask,,70c414dd-b531-4f69-96ca-673c2a862ac4,6b8a7a0e-6534-4c7f-ba8e-d90a38b5b936,200.0,1.0,1.0,1.0,1,1.0,active,,,,,,,1778604590.817984
520e90a9-5e9e-4bfa-8244-34e70674e93f,0,3,1,2,2026-05-12T16:49:52.375893+00:00,order,add,ask,,450d426b-f421-4328-ae76-e00aeec9c0be,1a600171-9cfa-44bf-a3d4-b7322acefe1a,125.0,1.0,1.0,1.0,1,1.0,active,,,,,,,1778604592.393231
520e90a9-5e9e-4bfa-8244-34e70674e93f,0,3,1,3,2026-05-12T16:49:55.875174+00:00,order,add,ask,,392a5cc1-81f3-4310-8eda-9ec48a85a7fe,a7efec93-ac3e-45ce-84ac-eb2844742dd5,100.0,1.0,1.0,1.0,1,1.0,active,,,,,,,1778604595.89147
520e90a9-5e9e-4bfa-8244-34e70674e93f,0,3,1,4,2026-05-12T16:49:56.205086+00:00,order,add,ask,,6b643e00-8568-4186-83b9-81936243ec34,c9677d60-b255-4563-955c-c09e7b64f2df,110.0,1.0,1.0,1.0,1,1.0,active,,,,,,,1778604596.221252
520e90a9-5e9e-4bfa-8244-34e70674e93f,0,3,1,5,2026-05-12T16:49:59.082510+00:00,trade,trade,bid,B,,,100.0,1.0,,,,,,cf315e89-fe7a-4500-b68a-ed16cbccaa35,,ce1cb2bc-433b-4dea-9db0-58e8ec228311,392a5cc1-81f3-4310-8eda-9ec48a85a7fe,6b8a7a0e-6534-4c7f-ba8e-d90a38b5b936,a7efec93-ac3e-45ce-84ac-eb2844742dd5,1778604599.09786
520e90a9-5e9e-4bfa-8244-34e70674e93f,0,3,1,6,2026-05-12T16:49:59.100686+00:00,order,fill,ask,,392a5cc1-81f3-4310-8eda-9ec48a85a7fe,a7efec93-ac3e-45ce-84ac-eb2844742dd5,100.0,1.0,-1.0,0.0,,,executed,cf315e89-fe7a-4500-b68a-ed16cbccaa35,ce1cb2bc-433b-4dea-9db0-58e8ec228311,,,,,1778604599.11499
520e90a9-5e9e-4bfa-8244-34e70674e93f,0,3,1,7,2026-05-12T16:49:59.117849+00:00,order,fill,bid,,ce1cb2bc-433b-4dea-9db0-58e8ec228311,6b8a7a0e-6534-4c7f-ba8e-d90a38b5b936,125.0,1.0,-1.0,0.0,,,executed,cf315e89-fe7a-4500-b68a-ed16cbccaa35,392a5cc1-81f3-4310-8eda-9ec48a85a7fe,,,,,1778604599.133723
520e90a9-5e9e-4bfa-8244-34e70674e93f,0,3,1,8,2026-05-12T16:50:01.065841+00:00,order,add,bid,,c7e668be-e75b-4462-98e4-c32b7a61ef7a,6b8a7a0e-6534-4c7f-ba8e-d90a38b5b936,100.0,1.0,1.0,1.0,1,1.0,active,,,,,,,1778604601.086772
520e90a9-5e9e-4bfa-8244-34e70674e93f,0,3,1,9,2026-05-12T16:50:01.157913+00:00,order,add,bid,,a6c4a96d-5c75-43e0-a243-096ce1a38b73,a7efec93-ac3e-45ce-84ac-eb2844742dd5,85.0,1.0,1.0,1.0,1,1.0,active,,,,,,,1778604601.218432
520e90a9-5e9e-4bfa-8244-34e70674e93f,0,3,1,10,2026-05-12T16:50:02.312498+00:00,trade,trade,bid,B,,,110.0,1.0,,,,,,4cdbe99d-1b0a-4ca9-bfa6-497d2b785f3c,,cb850902-4a87-4003-aa18-547a1fdb3dd1,6b643e00-8568-4186-83b9-81936243ec34,1a600171-9cfa-44bf-a3d4-b7322acefe1a,c9677d60-b255-4563-955c-c09e7b64f2df,1778604602.339035
520e90a9-5e9e-4bfa-8244-34e70674e93f,0,3,1,11,2026-05-12T16:50:02.343305+00:00,order,fill,ask,,6b643e00-8568-4186-83b9-81936243ec34,c9677d60-b255-4563-955c-c09e7b64f2df,110.0,1.0,-1.0,0.0,,,executed,4cdbe99d-1b0a-4ca9-bfa6-497d2b785f3c,cb850902-4a87-4003-aa18-547a1fdb3dd1,,,,,1778604602.385371
520e90a9-5e9e-4bfa-8244-34e70674e93f,0,3,1,12,2026-05-12T16:50:02.392595+00:00,order,fill,bid,,cb850902-4a87-4003-aa18-547a1fdb3dd1,1a600171-9cfa-44bf-a3d4-b7322acefe1a,110.0,1.0,-1.0,0.0,,,executed,4cdbe99d-1b0a-4ca9-bfa6-497d2b785f3c,6b643e00-8568-4186-83b9-81936243ec34,,,,,1778604602.419923
520e90a9-5e9e-4bfa-8244-34e70674e93f,0,3,1,13,2026-05-12T16:50:04.719764+00:00,order,add,bid,,24cb8f00-741a-4dec-ae05-d00c1f7e9f05,1a600171-9cfa-44bf-a3d4-b7322acefe1a,105.0,1.0,1.0,1.0,1,1.0,active,,,,,,,1778604604.736802
520e90a9-5e9e-4bfa-8244-34e70674e93f,0,3,1,14,2026-05-12T16:50:05.608418+00:00,order,add,bid,,badc5e6d-c28f-4bf8-8f28-6d7701420411,6b8a7a0e-6534-4c7f-ba8e-d90a38b5b936,110.0,1.0,1.0,1.0,1,1.0,active,,,,,,,1778604605.624682
520e90a9-5e9e-4bfa-8244-34e70674e93f,0,3,1,15,2026-05-12T16:50:06.188978+00:00,order,add,ask,,c24a496b-3ee9-4662-8ed1-6ef239c44f89,cb46e42c-c695-4491-ae41-767eb4004474,500.0,1.0,1.0,1.0,1,1.0,active,,,,,,,1778604606.206224
520e90a9-5e9e-4bfa-8244-34e70674e93f,0,3,1,16,2026-05-12T16:50:06.697694+00:00,order,cancel,bid,,badc5e6d-c28f-4bf8-8f28-6d7701420411,6b8a7a0e-6534-4c7f-ba8e-d90a38b5b936,110.0,1.0,-1.0,0.0,,,cancelled,,,,,,,1778604606.715544
520e90a9-5e9e-4bfa-8244-34e70674e93f,0,3,1,17,2026-05-12T16:50:08.871976+00:00,order,add,bid,,e5ec0230-cc76-4ef5-b123-86bffd1d3c86,a7efec93-ac3e-45ce-84ac-eb2844742dd5,100.0,1.0,1.0,1.0,2,2.0,active,,,,,,,1778604608.889326
06f4d9ab-2d66-4d8f-845c-680ac99ec639,0,3,7,125,2026-05-12T16:50:10.685035+00:00,order,add,bid,,f2400175-d23e-40e4-998d-95e606cf1ad9,664d5f3b-570d-4a80-9e72-387baf4c63ae,116.0,1.0,1.0,1.0,2,2.0,active,,,,,,,1778604610.704155
520e90a9-5e9e-4bfa-8244-34e70674e93f,0,3,1,18,2026-05-12T16:50:11.329153+00:00,order,add,ask,,210e5576-d379-468c-a315-7cdf67cbdf2e,6b8a7a0e-6534-4c7f-ba8e-d90a38b5b936,120.0,1.0,1.0,1.0,1,1.0,active,,,,,,,1778604611.345411
520e90a9-5e9e-4bfa-8244-34e70674e93f,0,3,1,19,2026-05-12T16:50:12.599236+00:00,order,add,bid,,7040f264-ee25-4166-9920-8d8cb481e6fd,1a600171-9cfa-44bf-a3d4-b7322acefe1a,104.0,1.0,1.0,1.0,1,1.0,active,,,,,,,1778604612.615798
06f4d9ab-2d66-4d8f-845c-680ac99ec639,0,3,7,126,2026-05-12T16:50:12.878164+00:00,order,add,bid,,00ab3ce1-1815-490a-9bd7-f8a9114f358a,664d5f3b-570d-4a80-9e72-387baf4c63ae,116.0,1.0,1.0,1.0,3,3.0,active,,,,,,,1778604612.895079
520e90a9-5e9e-4bfa-8244-34e70674e93f,0,3,1,20,2026-05-12T16:50:13.277325+00:00,order,add,bid,,41fdfe52-5c0c-40bb-b23d-3bd2e3f6f2f8,c9677d60-b255-4563-955c-c09e7b64f2df,80.0,1.0,1.0,1.0,1,1.0,active,,,,,,,1778604613.293293
17f3bde5-9e00-47d0-8909-b138b266b325,0,2,14,532,2026-05-12T16:50:13.774428+00:00,order,cancel,ask,,01107c4e-1de4-4522-875d-6cb2a99d40fe,8097813e-2f6f-40a4-be05-70c6d8d3bca7,15.0,1.0,-1.0,0.0,,,cancelled,,,,,,,1778604613.791
520e90a9-5e9e-4bfa-8244-34e70674e93f,0,3,1,21,2026-05-12T16:50:13.920982+00:00,order,add,ask,,c281f192-c0c2-40c3-a9f1-25ed3fe654b5,a7efec93-ac3e-45ce-84ac-eb2844742dd5,125.0,1.0,1.0,1.0,2,2.0,active,,,,,,,1778604613.937653
520e90a9-5e9e-4bfa-8244-34e70674e93f,0,3,1,22,2026-05-12T16:50:14.460943+00:00,order,add,ask,,baeaa642-4e67-4832-8655-764bc7bf24f7,5e6b5ec7-66f5-446f-b458-3b18596521a3,120.0,1.0,1.0,1.0,2,2.0,active,,,,,,,1778604614.478131
17f3bde5-9e00-47d0-8909-b138b266b325,0,2,14,533,2026-05-12T16:50:14.890832+00:00,order,cancel,ask,,cf20e17a-48a1-4949-b3cf-b3b378f23248,c5382ee4-bd5b-45e4-8232-55a805c489d8,16.0,1.0,-1.0,0.0,,,cancelled,,,,,,,1778604614.908179
17f3bde5-9e00-47d0-8909-b138b266b325,0,2,14,534,2026-05-12T16:50:16.161762+00:00,order,cancel,bid,,39b6fc33-d39a-4bf0-bd67-863c4a543a33,e4da5453-0e94-4ba4-b1bb-3b711e2a2c8d,10.0,1.0,-1.0,0.0,,,cancelled,,,,,,,1778604616.178199
17f3bde5-9e00-47d0-8909-b138b266b325,0,2,14,535,2026-05-12T16:50:16.213925+00:00,order,cancel,bid,,d3a8ec4f-ad8e-41b2-a6ff-bc605990374a,e4da5453-0e94-4ba4-b1bb-3b711e2a2c8d,10.0,1.0,-1.0,0.0,,,cancelled,,,,,,,1778604616.229312
17f3bde5-9e00-47d0-8909-b138b266b325,0,2,14,536,2026-05-12T16:50:16.265012+00:00,order,cancel,bid,,4391c791-2f53-43f0-93e9-2d1c4a04675d,e4da5453-0e94-4ba4-b1bb-3b711e2a2c8d,10.0,1.0,-1.0,0.0,,,cancelled,,,,,,,1778604616.280188
06f4d9ab-2d66-4d8f-845c-680ac99ec639,0,3,7,127,2026-05-12T16:50:16.505630+00:00,order,add,bid,,1205925e-d1bb-4d78-a5cf-9401ff68f2ab,cda8f129-61a6-4153-bf08-1c1a945507c7,116.1,1.0,1.0,1.0,1,1.0,active,,,,,,,1778604616.521729
17f3bde5-9e00-47d0-8909-b138b266b325,0,2,15,537,2026-05-12T16:50:16.652142+00:00,order,add,bid,,e1e0f8b8-11f1-47ec-9129-d421736ec0d7,121ddd6b-3999-4e05-a2b3-d80bdfc8efba,10.0,1.0,1.0,1.0,2,2.0,active,,,,,,,1778604616.668805
520e90a9-5e9e-4bfa-8244-34e70674e93f,0,3,1,23,2026-05-12T16:50:17.569189+00:00,order,add,bid,,8e2b2282-1d25-447e-9e75-893f6ce8a1f8,6b8a7a0e-6534-4c7f-ba8e-d90a38b5b936,110.0,1.0,1.0,1.0,1,1.0,active,,,,,,,1778604617.58942
17f3bde5-9e00-47d0-8909-b138b266b325,0,2,13,538,2026-05-12T16:50:17.626706+00:00,order,cancel,ask,,1596d242-1226-42f7-8e69-db4c858687ed,8097813e-2f6f-40a4-be05-70c6d8d3bca7,57.0,1.0,-1.0,0.0,,,cancelled,,,,,,,1778604617.642128
06f4d9ab-2d66-4d8f-845c-680ac99ec639,0,3,7,128,2026-05-12T16:50:17.984566+00:00,order,add,ask,,ac1e3ff2-bbe3-4e86-9da9-53c10cc0f1e3,b5eb1e0a-5002-4683-a96b-77986bde95ab,116.2,1.0,1.0,1.0,2,2.0,active,,,,,,,1778604618.000889
17f3bde5-9e00-47d0-8909-b138b266b325,0,2,12,539,2026-05-12T16:50:18.294377+00:00,order,cancel,ask,,29d24863-7c62-4bba-8f78-5a4ac6410aa0,8097813e-2f6f-40a4-be05-70c6d8d3bca7,61.0,1.0,-1.0,0.0,,,cancelled,,,,,,,1778604618.311564
520e90a9-5e9e-4bfa-8244-34e70674e93f,0,3,1,24,2026-05-12T16:50:18.662127+00:00,order,cancel,bid,,41fdfe52-5c0c-40bb-b23d-3bd2e3f6f2f8,c9677d60-b255-4563-955c-c09e7b64f2df,80.0,1.0,-1.0,0.0,,,cancelled,,,,,,,1778604618.677912
17f3bde5-9e00-47d0-8909-b138b266b325,0,2,15,540,2026-05-12T16:50:18.821172+00:00,order,cancel,bid,,e1e0f8b8-11f1-47ec-9129-d421736ec0d7,121ddd6b-3999-4e05-a2b3-d80bdfc8efba,10.0,1.0,-1.0,0.0,,,cancelled,,,,,,,1778604618.836468
17f3bde5-9e00-47d0-8909-b138b266b325,0,2,13,541,2026-05-12T16:50:19.229622+00:00,order,cancel,ask,,9b8dbffd-75ae-4a8a-9514-72d5c705f8eb,8097813e-2f6f-40a4-be05-70c6d8d3bca7,63.0,1.0,-1.0,0.0,,,cancelled,,,,,,,1778604619.24643
520e90a9-5e9e-4bfa-8244-34e70674e93f,0,3,1,25,2026-05-12T16:50:19.682452+00:00,order,cancel,bid,,c7e668be-e75b-4462-98e4-c32b7a61ef7a,6b8a7a0e-6534-4c7f-ba8e-d90a38b5b936,100.0,1.0,-1.0,0.0,,,cancelled,,,,,,,1778604619.699111
17f3bde5-9e00-47d0-8909-b138b266b325,0,2,15,542,2026-05-12T16:50:19.761392+00:00,order,add,bid,,01e340aa-eec3-4d1b-a99c-239eb0fdf7cc,c5382ee4-bd5b-45e4-8232-55a805c489d8,7.0,1.0,1.0,1.0,1,1.0,active,,,,,,,1778604619.778081
17f3bde5-9e00-47d0-8909-b138b266b325,0,2,13,543,2026-05-12T16:50:20.069927+00:00,order,cancel,ask,,7350fde5-7a38-4c06-aea2-e0e70842162e,8097813e-2f6f-40a4-be05-70c6d8d3bca7,80.0,1.0,-1.0,0.0,,,cancelled,,,,,,,1778604620.086136
520e90a9-5e9e-4bfa-8244-34e70674e93f,0,3,1,26,2026-05-12T16:50:21.680392+00:00,order,add,ask,,28192797-ab1f-4e91-a227-3bcad2335062,a7efec93-ac3e-45ce-84ac-eb2844742dd5,10000000000.0,1.0,1.0,1.0,1,1.0,active,,,,,,,1778604621.698419
17f3bde5-9e00-47d0-8909-b138b266b325,0,2,15,544,2026-05-12T16:50:21.924530+00:00,trade,trade,ask,S,,,10.0,1.0,,,,,,a15640f7-ae6f-422f-a5d1-5d0cd5bb6867,,6f27e68b-58e5-41f3-a9e9-dc5b950201d8,25ddd4ae-5731-414b-92da-c16efdce16a0,6eb3648e-8876-4d12-96eb-7269067415d5,121ddd6b-3999-4e05-a2b3-d80bdfc8efba,1778604621.940518
17f3bde5-9e00-47d0-8909-b138b266b325,0,2,15,545,2026-05-12T16:50:21.943661+00:00,order,fill,ask,,25ddd4ae-5731-414b-92da-c16efdce16a0,121ddd6b-3999-4e05-a2b3-d80bdfc8efba,10.0,1.0,-1.0,0.0,,,executed,a15640f7-ae6f-422f-a5d1-5d0cd5bb6867,6f27e68b-58e5-41f3-a9e9-dc5b950201d8,,,,,1778604621.959773
17f3bde5-9e00-47d0-8909-b138b266b325,0,2,15,546,2026-05-12T16:50:21.962726+00:00,order,fill,bid,,6f27e68b-58e5-41f3-a9e9-dc5b950201d8,6eb3648e-8876-4d12-96eb-7269067415d5,10.0,1.0,-1.0,0.0,,,executed,a15640f7-ae6f-422f-a5d1-5d0cd5bb6867,25ddd4ae-5731-414b-92da-c16efdce16a0,,,,,1778604621.977836
17f3bde5-9e00-47d0-8909-b138b266b325,0,2,15,547,2026-05-12T16:50:22.039060+00:00,order,add,bid,,9ad8e6aa-d937-43c6-ba46-b4b0a1d04149,6eb3648e-8876-4d12-96eb-7269067415d5,7.0,1.0,1.0,1.0,2,2.0,active,,,,,,,1778604622.05462
17f3bde5-9e00-47d0-8909-b138b266b325,0,2,15,548,2026-05-12T16:50:24.369507+00:00,order,add,ask,,5b041312-1e07-4413-b8d9-90ac1a20c561,c5382ee4-bd5b-45e4-8232-55a805c489d8,10.0,1.0,1.0,1.0,1,1.0,active,,,,,,,1778604624.385582
17f3bde5-9e00-47d0-8909-b138b266b325,0,2,15,549,2026-05-12T16:50:24.752447+00:00,order,add,bid,,5cb4637a-e0f9-4c75-93ad-07fe317322dd,e4da5453-0e94-4ba4-b1bb-3b711e2a2c8d,7.0,1.0,1.0,1.0,3,3.0,active,,,,,,,1778604624.768777
520e90a9-5e9e-4bfa-8244-34e70674e93f,0,3,1,27,2026-05-12T16:50:24.844693+00:00,order,add,bid,,efd747c6-f4a3-42ef-89c5-dcdc469589e6,c9677d60-b255-4563-955c-c09e7b64f2df,89.0,1.0,1.0,1.0,1,1.0,active,,,,,,,1778604624.860941
06f4d9ab-2d66-4d8f-845c-680ac99ec639,0,3,7,129,2026-05-12T16:50:25.920082+00:00,order,add,bid,,c79a9b97-0431-4cce-91bf-bdf83517b48e,664d5f3b-570d-4a80-9e72-387baf4c63ae,116.0,1.0,1.0,1.0,4,4.0,active,,,,,,,1778604625.937283
06f4d9ab-2d66-4d8f-845c-680ac99ec639,0,3,7,130,2026-05-12T16:50:26.664731+00:00,order,add,ask,,99e35eaf-78c6-40d0-901f-1215e0dabb09,cda8f129-61a6-4153-bf08-1c1a945507c7,116.98,1.0,1.0,1.0,1,1.0,active,,,,,,,1778604626.681207
17f3bde5-9e00-47d0-8909-b138b266b325,0,2,15,550,2026-05-12T16:50:26.720124+00:00,trade,trade,ask,S,,,7.0,1.0,,,,,,b81ff242-87b2-4e9d-831f-3116e2b4dc01,,01e340aa-eec3-4d1b-a99c-239eb0fdf7cc,ec071f61-97c7-43ef-bbb5-ceae6ee3ced1,c5382ee4-bd5b-45e4-8232-55a805c489d8,121ddd6b-3999-4e05-a2b3-d80bdfc8efba,1778604626.735441
17f3bde5-9e00-47d0-8909-b138b266b325,0,2,15,551,2026-05-12T16:50:26.738762+00:00,order,fill,ask,,ec071f61-97c7-43ef-bbb5-ceae6ee3ced1,121ddd6b-3999-4e05-a2b3-d80bdfc8efba,7.0,1.0,-1.0,0.0,,,executed,b81ff242-87b2-4e9d-831f-3116e2b4dc01,01e340aa-eec3-4d1b-a99c-239eb0fdf7cc,,,,,1778604626.75414
17f3bde5-9e00-47d0-8909-b138b266b325,0,2,15,552,2026-05-12T16:50:26.757315+00:00,order,fill,bid,,01e340aa-eec3-4d1b-a99c-239eb0fdf7cc,c5382ee4-bd5b-45e4-8232-55a805c489d8,7.0,1.0,-1.0,0.0,,,executed,b81ff242-87b2-4e9d-831f-3116e2b4dc01,ec071f61-97c7-43ef-bbb5-ceae6ee3ced1,,,,,1778604626.772477
17f3bde5-9e00-47d0-8909-b138b266b325,0,2,15,553,2026-05-12T16:50:26.865815+00:00,order,add,ask,,ede8b39e-5740-4a74-8603-b9b1ed02c5c9,1fee9bd8-a0b5-414d-b996-84be8a4a131f,10.0,1.0,1.0,1.0,2,2.0,active,,,,,,,1778604626.882305
17f3bde5-9e00-47d0-8909-b138b266b325,0,2,15,554,2026-05-12T16:50:28.637333+00:00,trade,trade,ask,S,,,7.0,1.0,,,,,,4afe4238-25db-4b83-91f8-d6e6516b7904,,9ad8e6aa-d937-43c6-ba46-b4b0a1d04149,e42dd17f-c343-4a99-a765-34e118dc9514,6eb3648e-8876-4d12-96eb-7269067415d5,121ddd6b-3999-4e05-a2b3-d80bdfc8efba,1778604628.652942
17f3bde5-9e00-47d0-8909-b138b266b325,0,2,15,555,2026-05-12T16:50:28.655871+00:00,order,fill,ask,,e42dd17f-c343-4a99-a765-34e118dc9514,121ddd6b-3999-4e05-a2b3-d80bdfc8efba,7.0,1.0,-1.0,0.0,,,executed,4afe4238-25db-4b83-91f8-d6e6516b7904,9ad8e6aa-d937-43c6-ba46-b4b0a1d04149,,,,,1778604628.670754
17f3bde5-9e00-47d0-8909-b138b266b325,0,2,15,556,2026-05-12T16:50:28.673487+00:00,order,fill,bid,,9ad8e6aa-d937-43c6-ba46-b4b0a1d04149,6eb3648e-8876-4d12-96eb-7269067415d5,7.0,1.0,-1.0,0.0,,,executed,4afe4238-25db-4b83-91f8-d6e6516b7904,e42dd17f-c343-4a99-a765-34e118dc9514,,,,,1778604628.688871
06f4d9ab-2d66-4d8f-845c-680ac99ec639,0,3,7,131,2026-05-12T16:50:28.801992+00:00,order,add,bid,,d7c8edbd-ad8f-43df-b9e2-09a8a1b6a3ce,664d5f3b-570d-4a80-9e72-387baf4c63ae,116.0,1.0,1.0,1.0,5,5.0,active,,,,,,,1778604628.81783
17f3bde5-9e00-47d0-8909-b138b266b325,0,2,15,557,2026-05-12T16:50:28.852567+00:00,order,add,ask,,b7e69fdd-d0ff-490f-97c8-e5148d85b698,8097813e-2f6f-40a4-be05-70c6d8d3bca7,13.0,1.0,1.0,1.0,1,1.0,active,,,,,,,1778604628.868393
17f3bde5-9e00-47d0-8909-b138b266b325,0,2,15,558,2026-05-12T16:50:30.053973+00:00,trade,trade,ask,S,,,7.0,1.0,,,,,,a08f779f-3460-41ed-9758-f5d650055875,,5cb4637a-e0f9-4c75-93ad-07fe317322dd,0c1c80a0-1601-400a-9aa2-c9e583ad82d9,e4da5453-0e94-4ba4-b1bb-3b711e2a2c8d,121ddd6b-3999-4e05-a2b3-d80bdfc8efba,1778604630.070202
17f3bde5-9e00-47d0-8909-b138b266b325,0,2,15,559,2026-05-12T16:50:30.073432+00:00,order,fill,ask,,0c1c80a0-1601-400a-9aa2-c9e583ad82d9,121ddd6b-3999-4e05-a2b3-d80bdfc8efba,7.0,1.0,-1.0,0.0,,,executed,a08f779f-3460-41ed-9758-f5d650055875,5cb4637a-e0f9-4c75-93ad-07fe317322dd,,,,,1778604630.089162
17f3bde5-9e00-47d0-8909-b138b266b325,0,2,15,560,2026-05-12T16:50:30.092111+00:00,order,fill,bid,,5cb4637a-e0f9-4c75-93ad-07fe317322dd,e4da5453-0e94-4ba4-b1bb-3b711e2a2c8d,7.0,1.0,-1.0,0.0,,,executed,a08f779f-3460-41ed-9758-f5d650055875,0c1c80a0-1601-400a-9aa2-c9e583ad82d9,,,,,1778604630.10686
520e90a9-5e9e-4bfa-8244-34e70674e93f,0,3,1,28,2026-05-12T16:50:30.192084+00:00,order,add,ask,,eff2ac37-6b2a-49a0-9c0c-87a2fd406c15,a7efec93-ac3e-45ce-84ac-eb2844742dd5,1e+87,1.0,1.0,1.0,1,1.0,active,,,,,,,1778604630.208484
17f3bde5-9e00-47d0-8909-b138b266b325,0,2,15,561,2026-05-12T16:50:30.688703+00:00,order,add,bid,,0fe9637a-db3c-45ed-b22f-e0800942e956,e4da5453-0e94-4ba4-b1bb-3b711e2a2c8d,6.5,1.0,1.0,1.0,1,1.0,active,,,,,,,1778604630.704983
17f3bde5-9e00-47d0-8909-b138b266b325,0,2,15,562,2026-05-12T16:50:30.958535+00:00,order,add,bid,,f6d46ea2-8ca0-49b8-a5da-e1b2b9878c5d,6eb3648e-8876-4d12-96eb-7269067415d5,7.0,1.0,1.0,1.0,1,1.0,active,,,,,,,1778604630.975536
520e90a9-5e9e-4bfa-8244-34e70674e93f,0,3,1,29,2026-05-12T16:50:32.684412+00:00,order,cancel,ask,,c24a496b-3ee9-4662-8ed1-6ef239c44f89,cb46e42c-c695-4491-ae41-767eb4004474,500.0,1.0,-1.0,0.0,,,cancelled,,,,,,,1778604632.700687
06f4d9ab-2d66-4d8f-845c-680ac99ec639,0,3,7,132,2026-05-12T16:50:34.208184+00:00,order,add,bid,,29ec8583-0e42-4724-b6df-140db2218886,664d5f3b-570d-4a80-9e72-387baf4c63ae,116.0,1.0,1.0,1.0,6,6.0,active,,,,,,,1778604634.224716
17f3bde5-9e00-47d0-8909-b138b266b325,0,2,15,563,2026-05-12T16:50:34.758916+00:00,order,add,bid,,ac252f08-148d-49d2-a3e0-2b3496959562,6eb3648e-8876-4d12-96eb-7269067415d5,6.5,1.0,1.0,1.0,2,2.0,active,,,,,,,1778604634.778003
17f3bde5-9e00-47d0-8909-b138b266b325,0,2,15,564,2026-05-12T16:50:35.365892+00:00,trade,trade,ask,S,,,7.0,1.0,,,,,,213c8b13-26b0-436b-8ae8-3dbb15fc9739,,f6d46ea2-8ca0-49b8-a5da-e1b2b9878c5d,815f7ce0-e9e6-4be3-85cd-5bc507bda768,6eb3648e-8876-4d12-96eb-7269067415d5,121ddd6b-3999-4e05-a2b3-d80bdfc8efba,1778604635.383513
17f3bde5-9e00-47d0-8909-b138b266b325,0,2,15,565,2026-05-12T16:50:35.388592+00:00,order,fill,ask,,815f7ce0-e9e6-4be3-85cd-5bc507bda768,121ddd6b-3999-4e05-a2b3-d80bdfc8efba,7.0,1.0,-1.0,0.0,,,executed,213c8b13-26b0-436b-8ae8-3dbb15fc9739,f6d46ea2-8ca0-49b8-a5da-e1b2b9878c5d,,,,,1778604635.407659
17f3bde5-9e00-47d0-8909-b138b266b325,0,2,15,566,2026-05-12T16:50:35.412218+00:00,order,fill,bid,,f6d46ea2-8ca0-49b8-a5da-e1b2b9878c5d,6eb3648e-8876-4d12-96eb-7269067415d5,7.0,1.0,-1.0,0.0,,,executed,213c8b13-26b0-436b-8ae8-3dbb15fc9739,815f7ce0-e9e6-4be3-85cd-5bc507bda768,,,,,1778604635.431603
17f3bde5-9e00-47d0-8909-b138b266b325,0,2,15,567,2026-05-12T16:50:36.025004+00:00,order,add,bid,,6716d2cf-3dc9-432d-8013-44217b6c80ea,e4da5453-0e94-4ba4-b1bb-3b711e2a2c8d,6.0,1.0,1.0,1.0,3,3.0,active,,,,,,,1778604636.041122
17f3bde5-9e00-47d0-8909-b138b266b325,0,2,15,568,2026-05-12T16:50:36.386646+00:00,order,add,bid,,ebd4f98d-c896-4989-96b2-17bb604ab4a6,c5382ee4-bd5b-45e4-8232-55a805c489d8,7.0,1.0,1.0,1.0,1,1.0,active,,,,,,,1778604636.404001
520e90a9-5e9e-4bfa-8244-34e70674e93f,0,3,1,30,2026-05-12T16:50:38.183254+00:00,order,add,bid,,5fc1f61e-0dd0-474e-bee2-e1f7a5f9be8b,1a600171-9cfa-44bf-a3d4-b7322acefe1a,112.0,1.0,1.0,1.0,1,1.0,active,,,,,,,1778604638.200176
17f3bde5-9e00-47d0-8909-b138b266b325,0,2,15,569,2026-05-12T16:50:38.806479+00:00,order,add,bid,,5026e102-1bd5-4bf8-a33e-929ed85b5757,6eb3648e-8876-4d12-96eb-7269067415d5,7.0,1.0,1.0,1.0,2,2.0,active,,,,,,,1778604638.822771
17f3bde5-9e00-47d0-8909-b138b266b325,0,2,15,570,2026-05-12T16:50:38.967670+00:00,order,add,bid,,f6a32be0-b75b-4a13-9e1b-8823c9282e04,e4da5453-0e94-4ba4-b1bb-3b711e2a2c8d,4.0,1.0,1.0,1.0,1,1.0,active,,,,,,,1778604638.984257
17f3bde5-9e00-47d0-8909-b138b266b325,0,2,15,571,2026-05-12T16:50:41.688499+00:00,order,add,bid,,788037be-d75f-4845-add7-4cab651e7282,6eb3648e-8876-4d12-96eb-7269067415d5,4.0,1.0,1.0,1.0,2,2.0,active,,,,,,,1778604641.705495
520e90a9-5e9e-4bfa-8244-34e70674e93f,0,3,1,31,2026-05-12T16:50:41.879725+00:00,order,add,bid,,a3eabd3d-4ddd-461c-88e8-62bf1e8dc5c1,1a600171-9cfa-44bf-a3d4-b7322acefe1a,113.0,1.0,1.0,1.0,1,1.0,active,,,,,,,1778604641.896658
520e90a9-5e9e-4bfa-8244-34e70674e93f,0,3,1,32,2026-05-12T16:50:42.161689+00:00,order,add,bid,,65558a01-0453-40c0-af65-a076b407cca8,6b8a7a0e-6534-4c7f-ba8e-d90a38b5b936,112.5,1.0,1.0,1.0,1,1.0,active,,,,,,,1778604642.178327
17f3bde5-9e00-47d0-8909-b138b266b325,0,2,15,572,2026-05-12T16:50:47.092906+00:00,trade,trade,ask,S,,,7.0,1.0,,,,,,ea1e038c-ee18-412c-8112-94b061e30395,,ebd4f98d-c896-4989-96b2-17bb604ab4a6,4e47f1f7-35a0-4ca5-9bc3-fd19d19dceba,c5382ee4-bd5b-45e4-8232-55a805c489d8,121ddd6b-3999-4e05-a2b3-d80bdfc8efba,1778604647.108777
17f3bde5-9e00-47d0-8909-b138b266b325,0,2,15,573,2026-05-12T16:50:47.112186+00:00,order,fill,ask,,4e47f1f7-35a0-4ca5-9bc3-fd19d19dceba,121ddd6b-3999-4e05-a2b3-d80bdfc8efba,7.0,1.0,-1.0,0.0,,,executed,ea1e038c-ee18-412c-8112-94b061e30395,ebd4f98d-c896-4989-96b2-17bb604ab4a6,,,,,1778604647.127457
17f3bde5-9e00-47d0-8909-b138b266b325,0,2,15,574,2026-05-12T16:50:47.131073+00:00,order,fill,bid,,ebd4f98d-c896-4989-96b2-17bb604ab4a6,c5382ee4-bd5b-45e4-8232-55a805c489d8,7.0,1.0,-1.0,0.0,,,executed,ea1e038c-ee18-412c-8112-94b061e30395,4e47f1f7-35a0-4ca5-9bc3-fd19d19dceba,,,,,1778604647.146842
17f3bde5-9e00-47d0-8909-b138b266b325,0,2,15,575,2026-05-12T16:50:47.399650+00:00,order,add,bid,,983b349d-7480-44a1-b55a-f614c505d15e,e4da5453-0e94-4ba4-b1bb-3b711e2a2c8d,2.0,1.0,1.0,1.0,1,1.0,active,,,,,,,1778604647.415844
17f3bde5-9e00-47d0-8909-b138b266b325,0,2,15,576,2026-05-12T16:50:48.741405+00:00,trade,trade,ask,S,,,7.0,1.0,,,,,,c573bf83-25a3-40c6-b3cc-58984231d2bf,,5026e102-1bd5-4bf8-a33e-929ed85b5757,3c1ec722-54cc-4445-bbc7-de1a05ca2988,6eb3648e-8876-4d12-96eb-7269067415d5,121ddd6b-3999-4e05-a2b3-d80bdfc8efba,1778604648.757841
17f3bde5-9e00-47d0-8909-b138b266b325,0,2,15,577,2026-05-12T16:50:48.761807+00:00,order,fill,ask,,3c1ec722-54cc-4445-bbc7-de1a05ca2988,121ddd6b-3999-4e05-a2b3-d80bdfc8efba,7.0,1.0,-1.0,0.0,,,executed,c573bf83-25a3-40c6-b3cc-58984231d2bf,5026e102-1bd5-4bf8-a33e-929ed85b5757,,,,,1778604648.777267
17f3bde5-9e00-47d0-8909-b138b266b325,0,2,15,578,2026-05-12T16:50:48.780630+00:00,order,fill,bid,,5026e102-1bd5-4bf8-a33e-929ed85b5757,6eb3648e-8876-4d12-96eb-7269067415d5,7.0,1.0,-1.0,0.0,,,executed,c573bf83-25a3-40c6-b3cc-58984231d2bf,3c1ec722-54cc-4445-bbc7-de1a05ca2988,,,,,1778604648.797265
17f3bde5-9e00-47d0-8909-b138b266b325,0,2,15,579,2026-05-12T16:50:49.056823+00:00,order,add,bid,,1468df25-b8cf-40e4-96bc-06844e99add9,e4da5453-0e94-4ba4-b1bb-3b711e2a2c8d,3.0,1.0,1.0,1.0,1,1.0,active,,,,,,,1778604649.074448
17f3bde5-9e00-47d0-8909-b138b266b325,0,2,15,580,2026-05-12T16:50:49.430763+00:00,order,add,bid,,61ca2bd7-e796-415a-aed9-733130712523,6eb3648e-8876-4d12-96eb-7269067415d5,2.0,1.0,1.0,1.0,2,2.0,active,,,,,,,1778604649.447551
06f4d9ab-2d66-4d8f-845c-680ac99ec639,0,3,7,133,2026-05-12T16:50:50.274944+00:00,trade,trade,ask,S,,,116.1,1.0,,,,,,073ab873-a353-4c00-aa38-bc6c7b7b5c7c,,1205925e-d1bb-4d78-a5cf-9401ff68f2ab,a4b3d6ab-69a2-4a88-ac51-597525e5ae48,cda8f129-61a6-4153-bf08-1c1a945507c7,664d5f3b-570d-4a80-9e72-387baf4c63ae,1778604650.292174
06f4d9ab-2d66-4d8f-845c-680ac99ec639,0,3,7,134,2026-05-12T16:50:50.295534+00:00,order,fill,ask,,a4b3d6ab-69a2-4a88-ac51-597525e5ae48,664d5f3b-570d-4a80-9e72-387baf4c63ae,116.0,1.0,-1.0,0.0,,,executed,073ab873-a353-4c00-aa38-bc6c7b7b5c7c,1205925e-d1bb-4d78-a5cf-9401ff68f2ab,,,,,1778604650.311746
06f4d9ab-2d66-4d8f-845c-680ac99ec639,0,3,7,135,2026-05-12T16:50:50.314942+00:00,order,fill,bid,,1205925e-d1bb-4d78-a5cf-9401ff68f2ab,cda8f129-61a6-4153-bf08-1c1a945507c7,116.1,1.0,-1.0,0.0,,,executed,073ab873-a353-4c00-aa38-bc6c7b7b5c7c,a4b3d6ab-69a2-4a88-ac51-597525e5ae48,,,,,1778604650.330494
17f3bde5-9e00-47d0-8909-b138b266b325,0,2,15,581,2026-05-12T16:50:50.845455+00:00,trade,trade,ask,S,,,6.5,1.0,,,,,,88b98be2-e37d-45c2-9580-e48f6c8d23ad,,0fe9637a-db3c-45ed-b22f-e0800942e956,5f396118-1e7f-40e3-9e63-c52efcec78a3,e4da5453-0e94-4ba4-b1bb-3b711e2a2c8d,121ddd6b-3999-4e05-a2b3-d80bdfc8efba,1778604650.861914
17f3bde5-9e00-47d0-8909-b138b266b325,0,2,15,582,2026-05-12T16:50:50.865448+00:00,order,fill,ask,,5f396118-1e7f-40e3-9e63-c52efcec78a3,121ddd6b-3999-4e05-a2b3-d80bdfc8efba,6.5,1.0,-1.0,0.0,,,executed,88b98be2-e37d-45c2-9580-e48f6c8d23ad,0fe9637a-db3c-45ed-b22f-e0800942e956,,,,,1778604650.881346
17f3bde5-9e00-47d0-8909-b138b266b325,0,2,15,583,2026-05-12T16:50:50.884958+00:00,order,fill,bid,,0fe9637a-db3c-45ed-b22f-e0800942e956,e4da5453-0e94-4ba4-b1bb-3b711e2a2c8d,6.5,1.0,-1.0,0.0,,,executed,88b98be2-e37d-45c2-9580-e48f6c8d23ad,5f396118-1e7f-40e3-9e63-c52efcec78a3,,,,,1778604650.900777
17f3bde5-9e00-47d0-8909-b138b266b325,0,2,15,584,2026-05-12T16:50:51.129943+00:00,trade,trade,bid,B,,,10.0,1.0,,,,,,b03490ec-6e23-419c-aeb9-982234bee247,,a6e45db3-c184-4943-892c-5315a64445c7,5b041312-1e07-4413-b8d9-90ac1a20c561,1fee9bd8-a0b5-414d-b996-84be8a4a131f,c5382ee4-bd5b-45e4-8232-55a805c489d8,1778604651.146481
17f3bde5-9e00-47d0-8909-b138b266b325,0,2,15,585,2026-05-12T16:50:51.150236+00:00,order,fill,ask,,5b041312-1e07-4413-b8d9-90ac1a20c561,c5382ee4-bd5b-45e4-8232-55a805c489d8,10.0,1.0,-1.0,0.0,,,executed,b03490ec-6e23-419c-aeb9-982234bee247,a6e45db3-c184-4943-892c-5315a64445c7,,,,,1778604651.166368
17f3bde5-9e00-47d0-8909-b138b266b325,0,2,15,586,2026-05-12T16:50:51.169752+00:00,order,fill,bid,,a6e45db3-c184-4943-892c-5315a64445c7,1fee9bd8-a0b5-414d-b996-84be8a4a131f,10.0,1.0,-1.0,0.0,,,executed,b03490ec-6e23-419c-aeb9-982234bee247,5b041312-1e07-4413-b8d9-90ac1a20c561,,,,,1778604651.187802
17f3bde5-9e00-47d0-8909-b138b266b325,0,2,15,587,2026-05-12T16:50:51.702196+00:00,order,add,bid,,c1b9994e-49c5-4239-849d-9d0d5c99a2af,6eb3648e-8876-4d12-96eb-7269067415d5,3.0,1.0,1.0,1.0,2,2.0,active,,,,,,,1778604651.720381
06f4d9ab-2d66-4d8f-845c-680ac99ec639,0,3,6,136,2026-05-12T16:50:55.857920+00:00,order,cancel,ask,,834447ea-f673-4722-b827-3bfd811c18b5,cda8f129-61a6-4153-bf08-1c1a945507c7,117.5,1.0,-1.0,0.0,,,cancelled,,,,,,,1778604655.874063
06f4d9ab-2d66-4d8f-845c-680ac99ec639,0,3,7,137,2026-05-12T16:50:56.851801+00:00,order,add,bid,,82ae8985-13b0-4335-9ae7-7f9fdd0e1494,664d5f3b-570d-4a80-9e72-387baf4c63ae,116.0,1.0,1.0,1.0,7,7.0,active,,,,,,,1778604656.868924
06f4d9ab-2d66-4d8f-845c-680ac99ec639,0,3,5,138,2026-05-12T16:50:57.471329+00:00,order,cancel,ask,,8445b193-a695-481f-bf03-238ed155a267,b5eb1e0a-5002-4683-a96b-77986bde95ab,118.0,1.0,-1.0,0.0,,,cancelled,,,,,,,1778604657.48833
17f3bde5-9e00-47d0-8909-b138b266b325,0,2,15,588,2026-05-12T16:50:57.698218+00:00,order,add,bid,,17b04500-2846-4946-856c-13dc21e99a84,c5382ee4-bd5b-45e4-8232-55a805c489d8,7.0,1.0,1.0,1.0,1,1.0,active,,,,,,,1778604657.716203
17f3bde5-9e00-47d0-8909-b138b266b325,0,2,15,589,2026-05-12T16:50:59.120806+00:00,order,add,bid,,30df3228-f5d8-4811-8051-9755bec12a02,e4da5453-0e94-4ba4-b1bb-3b711e2a2c8d,4.0,1.0,1.0,1.0,3,3.0,active,,,,,,,1778604659.137212
17f3bde5-9e00-47d0-8909-b138b266b325,0,2,15,590,2026-05-12T16:50:59.710456+00:00,order,add,bid,,6bcac86a-a34a-4f7a-9844-3b54fc2c6de0,6eb3648e-8876-4d12-96eb-7269067415d5,7.0,1.0,1.0,1.0,2,2.0,active,,,,,,,1778604659.726854
17f3bde5-9e00-47d0-8909-b138b266b325,0,2,15,591,2026-05-12T16:51:00.713460+00:00,trade,trade,ask,S,,,7.0,1.0,,,,,,5919ae58-5a08-4371-81d9-2630001b9e0f,,17b04500-2846-4946-856c-13dc21e99a84,8913037a-57ff-4c52-97b0-e9eeebac79f9,c5382ee4-bd5b-45e4-8232-55a805c489d8,1fee9bd8-a0b5-414d-b996-84be8a4a131f,1778604660.729936
17f3bde5-9e00-47d0-8909-b138b266b325,0,2,15,592,2026-05-12T16:51:00.733336+00:00,order,fill,ask,,8913037a-57ff-4c52-97b0-e9eeebac79f9,1fee9bd8-a0b5-414d-b996-84be8a4a131f,7.0,1.0,-1.0,0.0,,,executed,5919ae58-5a08-4371-81d9-2630001b9e0f,17b04500-2846-4946-856c-13dc21e99a84,,,,,1778604660.748755
17f3bde5-9e00-47d0-8909-b138b266b325,0,2,15,593,2026-05-12T16:51:00.751987+00:00,order,fill,bid,,17b04500-2846-4946-856c-13dc21e99a84,c5382ee4-bd5b-45e4-8232-55a805c489d8,7.0,1.0,-1.0,0.0,,,executed,5919ae58-5a08-4371-81d9-2630001b9e0f,8913037a-57ff-4c52-97b0-e9eeebac79f9,,,,,1778604660.766784
17f3bde5-9e00-47d0-8909-b138b266b325,0,2,15,594,2026-05-12T16:51:01.153243+00:00,order,add,bid,,637507f0-90ba-4f5d-8367-9733357fcad8,e4da5453-0e94-4ba4-b1bb-3b711e2a2c8d,5.0,1.0,1.0,1.0,2,2.0,active,,,,,,,1778604661.176976
17f3bde5-9e00-47d0-8909-b138b266b325,0,2,15,595,2026-05-12T16:51:07.461721+00:00,order,add,ask,,b62849bc-88c4-4ef4-90b4-7f2d321408a4,8097813e-2f6f-40a4-be05-70c6d8d3bca7,9.9,1.0,1.0,1.0,1,1.0,active,,,,,,,1778604667.478365
17f3bde5-9e00-47d0-8909-b138b266b325,0,2,15,596,2026-05-12T16:51:07.929775+00:00,trade,trade,ask,S,,,7.0,1.0,,,,,,145ef681-ad7d-4788-a588-86094548e75f,,6bcac86a-a34a-4f7a-9844-3b54fc2c6de0,41b40491-2ff4-40b2-867f-48d9a2b2f75b,6eb3648e-8876-4d12-96eb-7269067415d5,1fee9bd8-a0b5-414d-b996-84be8a4a131f,1778604667.946476
17f3bde5-9e00-47d0-8909-b138b266b325,0,2,15,597,2026-05-12T16:51:07.950104+00:00,order,fill,ask,,41b40491-2ff4-40b2-867f-48d9a2b2f75b,1fee9bd8-a0b5-414d-b996-84be8a4a131f,7.0,1.0,-1.0,0.0,,,executed,145ef681-ad7d-4788-a588-86094548e75f,6bcac86a-a34a-4f7a-9844-3b54fc2c6de0,,,,,1778604667.965347
17f3bde5-9e00-47d0-8909-b138b266b325,0,2,15,598,2026-05-12T16:51:07.968658+00:00,order,fill,bid,,6bcac86a-a34a-4f7a-9844-3b54fc2c6de0,6eb3648e-8876-4d12-96eb-7269067415d5,7.0,1.0,-1.0,0.0,,,executed,145ef681-ad7d-4788-a588-86094548e75f,41b40491-2ff4-40b2-867f-48d9a2b2f75b,,,,,1778604667.98472
17f3bde5-9e00-47d0-8909-b138b266b325,0,2,15,599,2026-05-12T16:51:08.364230+00:00,order,add,ask,,1a91b873-7f98-4863-b18c-96f35bb044ba,121ddd6b-3999-4e05-a2b3-d80bdfc8efba,7.0,1.0,1.0,1.0,1,1.0,active,,,,,,,1778604668.380901
520e90a9-5e9e-4bfa-8244-34e70674e93f,0,3,1,33,2026-05-12T16:51:09.800349+00:00,order,cancel,bid,,a3eabd3d-4ddd-461c-88e8-62bf1e8dc5c1,1a600171-9cfa-44bf-a3d4-b7322acefe1a,113.0,1.0,-1.0,0.0,,,cancelled,,,,,,,1778604669.816963
520e90a9-5e9e-4bfa-8244-34e70674e93f,0,3,2,34,2026-05-12T16:51:10.551712+00:00,order,add,bid,,6578d69d-46c9-4df4-96bc-0071b56a52bc,a7efec93-ac3e-45ce-84ac-eb2844742dd5,116.5,1.0,1.0,1.0,1,1.0,active,,,,,,,1778604670.570847
520e90a9-5e9e-4bfa-8244-34e70674e93f,0,3,2,35,2026-05-12T16:51:12.348556+00:00,trade,trade,ask,S,,,116.5,1.0,,,,,,a82acd73-30c4-4c51-9bbf-f6e5ab353bdc,,6578d69d-46c9-4df4-96bc-0071b56a52bc,f911080d-5bfa-41eb-a276-20d5f71e2abe,a7efec93-ac3e-45ce-84ac-eb2844742dd5,cb46e42c-c695-4491-ae41-767eb4004474,1778604672.364792
520e90a9-5e9e-4bfa-8244-34e70674e93f,0,3,2,36,2026-05-12T16:51:12.368296+00:00,order,fill,ask,,f911080d-5bfa-41eb-a276-20d5f71e2abe,cb46e42c-c695-4491-ae41-767eb4004474,116.5,1.0,-1.0,0.0,,,executed,a82acd73-30c4-4c51-9bbf-f6e5ab353bdc,6578d69d-46c9-4df4-96bc-0071b56a52bc,,,,,1778604672.38425
520e90a9-5e9e-4bfa-8244-34e70674e93f,0,3,2,37,2026-05-12T16:51:12.387497+00:00,order,fill,bid,,6578d69d-46c9-4df4-96bc-0071b56a52bc,a7efec93-ac3e-45ce-84ac-eb2844742dd5,116.5,1.0,-1.0,0.0,,,executed,a82acd73-30c4-4c51-9bbf-f6e5ab353bdc,f911080d-5bfa-41eb-a276-20d5f71e2abe,,,,,1778604672.404298
520e90a9-5e9e-4bfa-8244-34e70674e93f,0,3,2,38,2026-05-12T16:51:12.561632+00:00,order,add,bid,,783edb1d-7940-435b-9246-3e835ea1995a,6b8a7a0e-6534-4c7f-ba8e-d90a38b5b936,117.0,1.0,1.0,1.0,1,1.0,active,,,,,,,1778604672.578587
520e90a9-5e9e-4bfa-8244-34e70674e93f,0,3,2,39,2026-05-12T16:51:13.904749+00:00,trade,trade,ask,S,,,117.0,1.0,,,,,,c2470735-31ed-445a-8818-414292897b44,,783edb1d-7940-435b-9246-3e835ea1995a,3b3920b5-dcec-4f0a-b8f3-3cc1d96fe268,6b8a7a0e-6534-4c7f-ba8e-d90a38b5b936,a7efec93-ac3e-45ce-84ac-eb2844742dd5,1778604673.922537
520e90a9-5e9e-4bfa-8244-34e70674e93f,0,3,2,40,2026-05-12T16:51:13.926345+00:00,order,fill,ask,,3b3920b5-dcec-4f0a-b8f3-3cc1d96fe268,a7efec93-ac3e-45ce-84ac-eb2844742dd5,116.5,1.0,-1.0,0.0,,,executed,c2470735-31ed-445a-8818-414292897b44,783edb1d-7940-435b-9246-3e835ea1995a,,,,,1778604673.942619
520e90a9-5e9e-4bfa-8244-34e70674e93f,0,3,2,41,2026-05-12T16:51:13.946088+00:00,order,fill,bid,,783edb1d-7940-435b-9246-3e835ea1995a,6b8a7a0e-6534-4c7f-ba8e-d90a38b5b936,117.0,1.0,-1.0,0.0,,,executed,c2470735-31ed-445a-8818-414292897b44,3b3920b5-dcec-4f0a-b8f3-3cc1d96fe268,,,,,1778604673.962586
520e90a9-5e9e-4bfa-8244-34e70674e93f,0,3,2,42,2026-05-12T16:51:14.448332+00:00,order,add,ask,,dd8b8d87-4895-45b4-b67a-36494d2802d1,1a600171-9cfa-44bf-a3d4-b7322acefe1a,117.0,1.0,1.0,1.0,1,1.0,active,,,,,,,1778604674.466453
520e90a9-5e9e-4bfa-8244-34e70674e93f,0,3,1,43,2026-05-12T16:51:15.050074+00:00,order,cancel,bid,,8e2b2282-1d25-447e-9e75-893f6ce8a1f8,6b8a7a0e-6534-4c7f-ba8e-d90a38b5b936,110.0,1.0,-1.0,0.0,,,cancelled,,,,,,,1778604675.068579
06f4d9ab-2d66-4d8f-845c-680ac99ec639,0,3,8,139,2026-05-12T16:51:15.970663+00:00,order,add,bid,,b4ada98c-90dc-494d-97f2-e6cf0fe9917d,664d5f3b-570d-4a80-9e72-387baf4c63ae,116.0,1.0,1.0,1.0,8,8.0,active,,,,,,,1778604675.987691
520e90a9-5e9e-4bfa-8244-34e70674e93f,0,3,2,44,2026-05-12T16:51:16.792204+00:00,order,add,ask,,66ee5298-66a1-43bc-9250-234c04166e4b,a7efec93-ac3e-45ce-84ac-eb2844742dd5,118.5,1.0,1.0,1.0,1,1.0,active,,,,,,,1778604676.809347
06f4d9ab-2d66-4d8f-845c-680ac99ec639,0,3,8,140,2026-05-12T16:51:17.704711+00:00,order,add,ask,,6cca4bf5-fade-4529-a636-800b7062aef7,cda8f129-61a6-4153-bf08-1c1a945507c7,116.9,1.0,1.0,1.0,1,1.0,active,,,,,,,1778604677.721665
520e90a9-5e9e-4bfa-8244-34e70674e93f,0,3,2,45,2026-05-12T16:51:18.276553+00:00,trade,trade,ask,S,,,112.5,1.0,,,,,,2975dbce-cb1c-4eb7-b362-f448ccc11e0c,,65558a01-0453-40c0-af65-a076b407cca8,885ad4d0-0bf3-4162-afd3-886bcad94633,6b8a7a0e-6534-4c7f-ba8e-d90a38b5b936,c9677d60-b255-4563-955c-c09e7b64f2df,1778604678.294293
520e90a9-5e9e-4bfa-8244-34e70674e93f,0,3,2,46,2026-05-12T16:51:18.297894+00:00,order,fill,ask,,885ad4d0-0bf3-4162-afd3-886bcad94633,c9677d60-b255-4563-955c-c09e7b64f2df,105.0,1.0,-1.0,0.0,,,executed,2975dbce-cb1c-4eb7-b362-f448ccc11e0c,65558a01-0453-40c0-af65-a076b407cca8,,,,,1778604678.314547
520e90a9-5e9e-4bfa-8244-34e70674e93f,0,3,2,47,2026-05-12T16:51:18.318164+00:00,order,fill,bid,,65558a01-0453-40c0-af65-a076b407cca8,6b8a7a0e-6534-4c7f-ba8e-d90a38b5b936,112.5,1.0,-1.0,0.0,,,executed,2975dbce-cb1c-4eb7-b362-f448ccc11e0c,885ad4d0-0bf3-4162-afd3-886bcad94633,,,,,1778604678.334606
520e90a9-5e9e-4bfa-8244-34e70674e93f,0,3,1,48,2026-05-12T16:51:19.368462+00:00,order,cancel,bid,,5fc1f61e-0dd0-474e-bee2-e1f7a5f9be8b,1a600171-9cfa-44bf-a3d4-b7322acefe1a,112.0,1.0,-1.0,0.0,,,cancelled,,,,,,,1778604679.384739
520e90a9-5e9e-4bfa-8244-34e70674e93f,0,3,2,49,2026-05-12T16:51:19.736844+00:00,order,add,ask,,e14fe90e-1276-46cc-9879-189dbd8eb667,6b8a7a0e-6534-4c7f-ba8e-d90a38b5b936,116.0,1.0,1.0,1.0,1,1.0,active,,,,,,,1778604679.753353
520e90a9-5e9e-4bfa-8244-34e70674e93f,0,3,1,50,2026-05-12T16:51:20.655794+00:00,order,cancel,bid,,24cb8f00-741a-4dec-ae05-d00c1f7e9f05,1a600171-9cfa-44bf-a3d4-b7322acefe1a,105.0,1.0,-1.0,0.0,,,cancelled,,,,,,,1778604680.672988
520e90a9-5e9e-4bfa-8244-34e70674e93f,0,3,1,51,2026-05-12T16:51:21.478280+00:00,order,cancel,bid,,efd747c6-f4a3-42ef-89c5-dcdc469589e6,c9677d60-b255-4563-955c-c09e7b64f2df,89.0,1.0,-1.0,0.0,,,cancelled,,,,,,,1778604681.495638
520e90a9-5e9e-4bfa-8244-34e70674e93f,0,3,1,52,2026-05-12T16:51:21.536025+00:00,order,cancel,bid,,7040f264-ee25-4166-9920-8d8cb481e6fd,1a600171-9cfa-44bf-a3d4-b7322acefe1a,104.0,1.0,-1.0,0.0,,,cancelled,,,,,,,1778604681.553078
520e90a9-5e9e-4bfa-8244-34e70674e93f,0,3,1,53,2026-05-12T16:51:22.497499+00:00,order,cancel,ask,,210e5576-d379-468c-a315-7cdf67cbdf2e,6b8a7a0e-6534-4c7f-ba8e-d90a38b5b936,120.0,1.0,-1.0,0.0,,,cancelled,,,,,,,1778604682.513923
520e90a9-5e9e-4bfa-8244-34e70674e93f,0,3,1,54,2026-05-12T16:51:23.474078+00:00,order,cancel,ask,,70c414dd-b531-4f69-96ca-673c2a862ac4,6b8a7a0e-6534-4c7f-ba8e-d90a38b5b936,200.0,1.0,-1.0,0.0,,,cancelled,,,,,,,1778604683.490138
06f4d9ab-2d66-4d8f-845c-680ac99ec639,0,3,8,141,2026-05-12T16:51:26.488856+00:00,order,add,bid,,13c1a910-7c05-41f6-a8c4-6f3e05e6db27,cda8f129-61a6-4153-bf08-1c1a945507c7,116.1,1.0,1.0,1.0,1,1.0,active,,,,,,,1778604686.506059
520e90a9-5e9e-4bfa-8244-34e70674e93f,0,3,2,55,2026-05-12T16:51:27.456733+00:00,order,add,bid,,4f6e7b97-6d0d-412c-ac5a-c8b4e285bfe4,6b8a7a0e-6534-4c7f-ba8e-d90a38b5b936,101.0,1.0,1.0,1.0,1,1.0,active,,,,,,,1778604687.473998
520e90a9-5e9e-4bfa-8244-34e70674e93f,0,3,2,56,2026-05-12T16:51:28.079296+00:00,order,add,bid,,354d6784-a848-46be-9419-35ef045773cd,1a600171-9cfa-44bf-a3d4-b7322acefe1a,101.0,1.0,1.0,1.0,2,2.0,active,,,,,,,1778604688.096486
06f4d9ab-2d66-4d8f-845c-680ac99ec639,0,3,8,142,2026-05-12T16:51:30.924110+00:00,trade,trade,ask,S,,,116.1,1.0,,,,,,e6b980f7-4a5c-4a39-9fd0-285e04521cd8,,13c1a910-7c05-41f6-a8c4-6f3e05e6db27,ecb158d0-0084-4099-92e5-77d0ffb46131,cda8f129-61a6-4153-bf08-1c1a945507c7,664d5f3b-570d-4a80-9e72-387baf4c63ae,1778604690.940242
06f4d9ab-2d66-4d8f-845c-680ac99ec639,0,3,8,143,2026-05-12T16:51:30.943807+00:00,order,fill,ask,,ecb158d0-0084-4099-92e5-77d0ffb46131,664d5f3b-570d-4a80-9e72-387baf4c63ae,116.0,1.0,-1.0,0.0,,,executed,e6b980f7-4a5c-4a39-9fd0-285e04521cd8,13c1a910-7c05-41f6-a8c4-6f3e05e6db27,,,,,1778604690.959695
06f4d9ab-2d66-4d8f-845c-680ac99ec639,0,3,8,144,2026-05-12T16:51:30.962568+00:00,order,fill,bid,,13c1a910-7c05-41f6-a8c4-6f3e05e6db27,cda8f129-61a6-4153-bf08-1c1a945507c7,116.1,1.0,-1.0,0.0,,,executed,e6b980f7-4a5c-4a39-9fd0-285e04521cd8,ecb158d0-0084-4099-92e5-77d0ffb46131,,,,,1778604690.977837
06f4d9ab-2d66-4d8f-845c-680ac99ec639,0,3,6,145,2026-05-12T16:51:31.165477+00:00,order,cancel,bid,,487e9269-79df-4f28-abdf-4303024aa9a0,664d5f3b-570d-4a80-9e72-387baf4c63ae,116.0,1.0,-1.0,0.0,,,cancelled,,,,,,,1778604691.181373
520e90a9-5e9e-4bfa-8244-34e70674e93f,0,3,2,57,2026-05-12T16:51:32.423976+00:00,order,add,bid,,d49628ee-6e30-4237-bd68-9779104bb799,a7efec93-ac3e-45ce-84ac-eb2844742dd5,114.0,1.0,1.0,1.0,1,1.0,active,,,,,,,1778604692.440503
520e90a9-5e9e-4bfa-8244-34e70674e93f,0,3,2,58,2026-05-12T16:51:32.590572+00:00,order,add,ask,,ad7e52a5-5f49-4349-a1ea-7f1fa32293d1,1a600171-9cfa-44bf-a3d4-b7322acefe1a,115.0,1.0,1.0,1.0,1,1.0,active,,,,,,,1778604692.60659
520e90a9-5e9e-4bfa-8244-34e70674e93f,0,3,1,59,2026-05-12T16:51:34.162942+00:00,order,cancel,bid,,a6c4a96d-5c75-43e0-a243-096ce1a38b73,a7efec93-ac3e-45ce-84ac-eb2844742dd5,85.0,1.0,-1.0,0.0,,,cancelled,,,,,,,1778604694.181996
520e90a9-5e9e-4bfa-8244-34e70674e93f,0,3,1,60,2026-05-12T16:51:34.673264+00:00,order,cancel,bid,,e5ec0230-cc76-4ef5-b123-86bffd1d3c86,a7efec93-ac3e-45ce-84ac-eb2844742dd5,100.0,1.0,-1.0,0.0,,,cancelled,,,,,,,1778604694.692971
06f4d9ab-2d66-4d8f-845c-680ac99ec639,0,3,8,146,2026-05-12T16:51:36.936437+00:00,order,add,bid,,5877576d-ff6b-44b1-ada4-37129f51abec,664d5f3b-570d-4a80-9e72-387baf4c63ae,116.0,1.0,1.0,1.0,8,8.0,active,,,,,,,1778604696.953687
520e90a9-5e9e-4bfa-8244-34e70674e93f,0,3,2,61,2026-05-12T16:51:37.113074+00:00,trade,trade,bid,B,,,115.0,1.0,,,,,,86030475-3c4f-470e-8975-fd8fe7f394d2,,5d97c424-01b9-414f-846f-6b7fc31735ff,ad7e52a5-5f49-4349-a1ea-7f1fa32293d1,6b8a7a0e-6534-4c7f-ba8e-d90a38b5b936,1a600171-9cfa-44bf-a3d4-b7322acefe1a,1778604697.12989
520e90a9-5e9e-4bfa-8244-34e70674e93f,0,3,2,62,2026-05-12T16:51:37.133386+00:00,order,fill,ask,,ad7e52a5-5f49-4349-a1ea-7f1fa32293d1,1a600171-9cfa-44bf-a3d4-b7322acefe1a,115.0,1.0,-1.0,0.0,,,executed,86030475-3c4f-470e-8975-fd8fe7f394d2,5d97c424-01b9-414f-846f-6b7fc31735ff,,,,,1778604697.148718
520e90a9-5e9e-4bfa-8244-34e70674e93f,0,3,2,63,2026-05-12T16:51:37.151832+00:00,order,fill,bid,,5d97c424-01b9-414f-846f-6b7fc31735ff,6b8a7a0e-6534-4c7f-ba8e-d90a38b5b936,115.0,1.0,-1.0,0.0,,,executed,86030475-3c4f-470e-8975-fd8fe7f394d2,ad7e52a5-5f49-4349-a1ea-7f1fa32293d1,,,,,1778604697.16696
520e90a9-5e9e-4bfa-8244-34e70674e93f,0,3,2,64,2026-05-12T16:51:38.079770+00:00,trade,trade,ask,S,,,114.0,1.0,,,,,,2922d611-2a84-473f-acbd-6910ff56ad75,,d49628ee-6e30-4237-bd68-9779104bb799,65fea7b6-f6d7-4089-8623-56be939b7edb,a7efec93-ac3e-45ce-84ac-eb2844742dd5,1a600171-9cfa-44bf-a3d4-b7322acefe1a,1778604698.097683
520e90a9-5e9e-4bfa-8244-34e70674e93f,0,3,2,65,2026-05-12T16:51:38.101190+00:00,order,fill,ask,,65fea7b6-f6d7-4089-8623-56be939b7edb,1a600171-9cfa-44bf-a3d4-b7322acefe1a,114.0,1.0,-1.0,0.0,,,executed,2922d611-2a84-473f-acbd-6910ff56ad75,d49628ee-6e30-4237-bd68-9779104bb799,,,,,1778604698.117241
520e90a9-5e9e-4bfa-8244-34e70674e93f,0,3,2,66,2026-05-12T16:51:38.120412+00:00,order,fill,bid,,d49628ee-6e30-4237-bd68-9779104bb799,a7efec93-ac3e-45ce-84ac-eb2844742dd5,114.0,1.0,-1.0,0.0,,,executed,2922d611-2a84-473f-acbd-6910ff56ad75,65fea7b6-f6d7-4089-8623-56be939b7edb,,,,,1778604698.136367
520e90a9-5e9e-4bfa-8244-34e70674e93f,0,3,2,67,2026-05-12T16:51:41.255020+00:00,order,add,ask,,dea3a522-a997-4487-8d62-b2c4cd979fa6,1a600171-9cfa-44bf-a3d4-b7322acefe1a,115.0,1.0,1.0,1.0,1,1.0,active,,,,,,,1778604701.272251
06f4d9ab-2d66-4d8f-845c-680ac99ec639,0,3,7,147,2026-05-12T16:51:41.385320+00:00,order,cancel,bid,,f2400175-d23e-40e4-998d-95e606cf1ad9,664d5f3b-570d-4a80-9e72-387baf4c63ae,116.0,1.0,-1.0,0.0,,,cancelled,,,,,,,1778604701.401804
06f4d9ab-2d66-4d8f-845c-680ac99ec639,0,3,8,148,2026-05-12T16:51:41.895597+00:00,order,add,bid,,61243fc3-335c-42ab-b2a7-416f5b897c58,cda8f129-61a6-4153-bf08-1c1a945507c7,115.9,1.0,1.0,1.0,1,1.0,active,,,,,,,1778604701.913305
520e90a9-5e9e-4bfa-8244-34e70674e93f,0,3,2,68,2026-05-12T16:51:44.396174+00:00,order,add,bid,,58367e31-3fea-4097-804b-bc852dc9c30b,c9677d60-b255-4563-955c-c09e7b64f2df,99.0,1.0,1.0,1.0,1,1.0,active,,,,,,,1778604704.413598
520e90a9-5e9e-4bfa-8244-34e70674e93f,0,3,2,69,2026-05-12T16:51:44.505854+00:00,order,add,ask,,07671821-205a-4a8a-a19e-5f6e74c3e73f,6b8a7a0e-6534-4c7f-ba8e-d90a38b5b936,114.0,1.0,1.0,1.0,1,1.0,active,,,,,,,1778604704.522705
06f4d9ab-2d66-4d8f-845c-680ac99ec639,0,3,8,149,2026-05-12T16:51:45.215678+00:00,order,add,bid,,95f151e8-002d-4931-a647-02e4de211ea3,664d5f3b-570d-4a80-9e72-387baf4c63ae,116.0,1.0,1.0,1.0,8,8.0,active,,,,,,,1778604705.232583
520e90a9-5e9e-4bfa-8244-34e70674e93f,0,3,2,70,2026-05-12T16:51:47.839586+00:00,order,add,bid,,5fe3e53a-81bf-4367-ac2f-0232995a2c72,1a600171-9cfa-44bf-a3d4-b7322acefe1a,102.0,1.0,1.0,1.0,1,1.0,active,,,,,,,1778604707.856351
5273b4e4-2b4f-47fa-834f-bd0d84d237b0,0,3,1,1,2026-05-12T16:51:48.479234+00:00,order,add,bid,,fc7e5bc0-1dd7-4eed-b3fc-599dffb5e618,bc7d5ce5-ff5f-43da-8411-1cc4780872be,118.0,1.0,1.0,1.0,1,1.0,active,,,,,,,1778604708.499906
520e90a9-5e9e-4bfa-8244-34e70674e93f,0,3,2,71,2026-05-12T16:51:48.869586+00:00,order,cancel,bid,,58367e31-3fea-4097-804b-bc852dc9c30b,c9677d60-b255-4563-955c-c09e7b64f2df,99.0,1.0,-1.0,0.0,,,cancelled,,,,,,,1778604708.885226
5273b4e4-2b4f-47fa-834f-bd0d84d237b0,0,3,1,2,2026-05-12T16:51:49.619610+00:00,order,add,ask,,afc3b84f-3331-491a-bde8-c1908172fc00,ede5b087-a2ea-49eb-9494-a67b961bfc79,125.0,1.0,1.0,1.0,1,1.0,active,,,,,,,1778604709.635329
520e90a9-5e9e-4bfa-8244-34e70674e93f,0,3,2,72,2026-05-12T16:51:49.848402+00:00,order,add,ask,,bd06623f-5193-47b7-865c-791328b9d455,a7efec93-ac3e-45ce-84ac-eb2844742dd5,110.0,1.0,1.0,1.0,1,1.0,active,,,,,,,1778604709.864751
520e90a9-5e9e-4bfa-8244-34e70674e93f,0,3,2,73,2026-05-12T16:51:50.729287+00:00,order,add,bid,,a10c9ef0-78fc-48ca-9a8b-f97f97ce074c,6b8a7a0e-6534-4c7f-ba8e-d90a38b5b936,103.0,1.0,1.0,1.0,1,1.0,active,,,,,,,1778604710.746238
06f4d9ab-2d66-4d8f-845c-680ac99ec639,0,3,8,150,2026-05-12T16:51:50.964291+00:00,order,add,bid,,915c5ec6-1b4d-4c55-9512-153737253a11,664d5f3b-570d-4a80-9e72-387baf4c63ae,116.0,1.0,1.0,1.0,9,9.0,active,,,,,,,1778604710.981319
520e90a9-5e9e-4bfa-8244-34e70674e93f,0,3,2,74,2026-05-12T16:51:52.282381+00:00,order,cancel,bid,,4f6e7b97-6d0d-412c-ac5a-c8b4e285bfe4,6b8a7a0e-6534-4c7f-ba8e-d90a38b5b936,101.0,1.0,-1.0,0.0,,,cancelled,,,,,,,1778604712.299036
520e90a9-5e9e-4bfa-8244-34e70674e93f,0,3,2,75,2026-05-12T16:51:52.394407+00:00,order,add,ask,,8817ad97-d382-4367-9db0-d2c5514f5853,cb46e42c-c695-4491-ae41-767eb4004474,120.0,1.0,1.0,1.0,2,2.0,active,,,,,,,1778604712.410818
06f4d9ab-2d66-4d8f-845c-680ac99ec639,0,3,6,151,2026-05-12T16:51:52.847583+00:00,order,cancel,ask,,20b515ee-efcd-4631-93a2-b5312b5147be,b5eb1e0a-5002-4683-a96b-77986bde95ab,116.2,1.0,-1.0,0.0,,,cancelled,,,,,,,1778604712.864218
520e90a9-5e9e-4bfa-8244-34e70674e93f,0,3,2,76,2026-05-12T16:51:53.788571+00:00,order,add,bid,,7cb0e1ca-2382-4f45-9acd-cc84012f9053,c9677d60-b255-4563-955c-c09e7b64f2df,92.0,1.0,1.0,1.0,1,1.0,active,,,,,,,1778604713.805553
5273b4e4-2b4f-47fa-834f-bd0d84d237b0,0,3,1,3,2026-05-12T16:51:53.999845+00:00,order,add,bid,,3cf627a7-fffe-4922-a539-e89a4db6cccc,bc7d5ce5-ff5f-43da-8411-1cc4780872be,119.0,1.0,1.0,1.0,1,1.0,active,,,,,,,1778604714.017852
06f4d9ab-2d66-4d8f-845c-680ac99ec639,0,3,7,152,2026-05-12T16:51:54.183976+00:00,order,cancel,bid,,00ab3ce1-1815-490a-9bd7-f8a9114f358a,664d5f3b-570d-4a80-9e72-387baf4c63ae,116.0,1.0,-1.0,0.0,,,cancelled,,,,,,,1778604714.200586
5273b4e4-2b4f-47fa-834f-bd0d84d237b0,0,3,1,4,2026-05-12T16:51:54.730627+00:00,order,add,bid,,3644a464-fa54-4d84-8ba4-549f81dea128,1893c9fa-143a-45ae-8599-dfedb6054045,112.0,1.0,1.0,1.0,1,1.0,active,,,,,,,1778604714.747107
520e90a9-5e9e-4bfa-8244-34e70674e93f,0,3,2,77,2026-05-12T16:51:54.934956+00:00,order,add,bid,,9c211230-942e-415d-a976-1cfe8f606222,1a600171-9cfa-44bf-a3d4-b7322acefe1a,104.0,1.0,1.0,1.0,1,1.0,active,,,,,,,1778604714.952181
5273b4e4-2b4f-47fa-834f-bd0d84d237b0,0,3,1,5,2026-05-12T16:51:55.920893+00:00,order,add,ask,,33fa2974-ee50-4515-991c-390e29adaee7,4c5c436f-ca6c-40f1-9cb5-b8bc15205ad4,125.0,1.0,1.0,1.0,2,2.0,active,,,,,,,1778604715.937352
5273b4e4-2b4f-47fa-834f-bd0d84d237b0,0,3,1,6,2026-05-12T16:51:57.318593+00:00,order,add,ask,,eae4a3f6-c614-4f4d-bc17-df1246d68159,d00142cb-036c-42b2-986f-4d8449293679,130.0,1.0,1.0,1.0,1,1.0,active,,,,,,,1778604717.334833
520e90a9-5e9e-4bfa-8244-34e70674e93f,0,3,2,78,2026-05-12T16:51:58.087553+00:00,order,cancel,bid,,5fe3e53a-81bf-4367-ac2f-0232995a2c72,1a600171-9cfa-44bf-a3d4-b7322acefe1a,102.0,1.0,-1.0,0.0,,,cancelled,,,,,,,1778604718.103315
5273b4e4-2b4f-47fa-834f-bd0d84d237b0,0,3,1,7,2026-05-12T16:51:59.063390+00:00,order,add,bid,,162148a1-61e4-4a85-9df9-3505c3491d72,bc7d5ce5-ff5f-43da-8411-1cc4780872be,115.0,1.0,1.0,1.0,1,1.0,active,,,,,,,1778604719.079642
520e90a9-5e9e-4bfa-8244-34e70674e93f,0,3,2,79,2026-05-12T16:51:59.496748+00:00,order,add,ask,,54cfa318-10ce-4946-a1a2-efd889e1aa66,6b8a7a0e-6534-4c7f-ba8e-d90a38b5b936,109.0,1.0,1.0,1.0,1,1.0,active,,,,,,,1778604719.512844
520e90a9-5e9e-4bfa-8244-34e70674e93f,0,3,2,80,2026-05-12T16:51:59.671376+00:00,trade,trade,ask,S,,,104.0,1.0,,,,,,c79a7e02-c5fa-4874-9ba2-fc932e19775e,,9c211230-942e-415d-a976-1cfe8f606222,79a796d6-f45d-45fa-961e-1f9512b65feb,1a600171-9cfa-44bf-a3d4-b7322acefe1a,5e6b5ec7-66f5-446f-b458-3b18596521a3,1778604719.689373
520e90a9-5e9e-4bfa-8244-34e70674e93f,0,3,2,81,2026-05-12T16:51:59.692810+00:00,order,fill,ask,,79a796d6-f45d-45fa-961e-1f9512b65feb,5e6b5ec7-66f5-446f-b458-3b18596521a3,104.0,1.0,-1.0,0.0,,,executed,c79a7e02-c5fa-4874-9ba2-fc932e19775e,9c211230-942e-415d-a976-1cfe8f606222,,,,,1778604719.70923
520e90a9-5e9e-4bfa-8244-34e70674e93f,0,3,2,82,2026-05-12T16:51:59.713157+00:00,order,fill,bid,,9c211230-942e-415d-a976-1cfe8f606222,1a600171-9cfa-44bf-a3d4-b7322acefe1a,104.0,1.0,-1.0,0.0,,,executed,c79a7e02-c5fa-4874-9ba2-fc932e19775e,79a796d6-f45d-45fa-961e-1f9512b65feb,,,,,1778604719.728985
5273b4e4-2b4f-47fa-834f-bd0d84d237b0,0,3,1,8,2026-05-12T16:52:00.226169+00:00,order,add,bid,,930a3b21-7e87-4e2b-9993-ad78ec633acb,4c5c436f-ca6c-40f1-9cb5-b8bc15205ad4,119.0,1.0,1.0,1.0,2,2.0,active,,,,,,,1778604720.24738
5273b4e4-2b4f-47fa-834f-bd0d84d237b0,0,3,1,9,2026-05-12T16:52:00.733892+00:00,order,add,bid,,9f8f0884-b74f-4bd1-88cb-5f8cbc1a30c6,18711e8c-d4a6-4e40-ac02-472f81cda568,99.0,1.0,1.0,1.0,1,1.0,active,,,,,,,1778604720.750469
5273b4e4-2b4f-47fa-834f-bd0d84d237b0,0,3,1,10,2026-05-12T16:52:01.466373+00:00,trade,trade,ask,S,,,119.0,1.0,,,,,,064499a3-6141-4289-a78e-d6c15df0cde6,,3cf627a7-fffe-4922-a539-e89a4db6cccc,0a5dfa0c-e277-4163-a759-695e9e72dcf5,bc7d5ce5-ff5f-43da-8411-1cc4780872be,1893c9fa-143a-45ae-8599-dfedb6054045,1778604721.500832
5273b4e4-2b4f-47fa-834f-bd0d84d237b0,0,3,1,11,2026-05-12T16:52:01.507774+00:00,order,fill,ask,,0a5dfa0c-e277-4163-a759-695e9e72dcf5,1893c9fa-143a-45ae-8599-dfedb6054045,118.0,1.0,-1.0,0.0,,,executed,064499a3-6141-4289-a78e-d6c15df0cde6,3cf627a7-fffe-4922-a539-e89a4db6cccc,,,,,1778604721.558616
5273b4e4-2b4f-47fa-834f-bd0d84d237b0,0,3,1,12,2026-05-12T16:52:01.562666+00:00,order,fill,bid,,3cf627a7-fffe-4922-a539-e89a4db6cccc,bc7d5ce5-ff5f-43da-8411-1cc4780872be,119.0,1.0,-1.0,0.0,,,executed,064499a3-6141-4289-a78e-d6c15df0cde6,0a5dfa0c-e277-4163-a759-695e9e72dcf5,,,,,1778604721.614252
520e90a9-5e9e-4bfa-8244-34e70674e93f,0,3,2,83,2026-05-12T16:52:01.667114+00:00,order,cancel,ask,,e14fe90e-1276-46cc-9879-189dbd8eb667,6b8a7a0e-6534-4c7f-ba8e-d90a38b5b936,116.0,1.0,-1.0,0.0,,,cancelled,,,,,,,1778604721.702234
520e90a9-5e9e-4bfa-8244-34e70674e93f,0,3,2,84,2026-05-12T16:52:01.800639+00:00,order,cancel,ask,,8817ad97-d382-4367-9db0-d2c5514f5853,cb46e42c-c695-4491-ae41-767eb4004474,120.0,1.0,-1.0,0.0,,,cancelled,,,,,,,1778604721.837161
520e90a9-5e9e-4bfa-8244-34e70674e93f,0,3,2,85,2026-05-12T16:52:01.998739+00:00,order,add,bid,,7a029b13-056d-4175-b6a8-ae3a5fc2b285,a7efec93-ac3e-45ce-84ac-eb2844742dd5,107.0,1.0,1.0,1.0,1,1.0,active,,,,,,,1778604722.015319
520e90a9-5e9e-4bfa-8244-34e70674e93f,0,3,2,86,2026-05-12T16:52:02.401313+00:00,order,cancel,ask,,07671821-205a-4a8a-a19e-5f6e74c3e73f,6b8a7a0e-6534-4c7f-ba8e-d90a38b5b936,114.0,1.0,-1.0,0.0,,,cancelled,,,,,,,1778604722.427782
5273b4e4-2b4f-47fa-834f-bd0d84d237b0,0,3,1,13,2026-05-12T16:52:03.821677+00:00,order,add,bid,,fc61cbda-efc4-4c48-95b8-8e8ebc99bb2e,d00142cb-036c-42b2-986f-4d8449293679,99.0,1.0,1.0,1.0,2,2.0,active,,,,,,,1778604723.838516
06f4d9ab-2d66-4d8f-845c-680ac99ec639,0,3,8,153,2026-05-12T16:52:04.751213+00:00,order,add,ask,,b194c32c-7b83-4b37-92ba-cbf3689310df,b5eb1e0a-5002-4683-a96b-77986bde95ab,116.6,1.0,1.0,1.0,1,1.0,active,,,,,,,1778604724.768538
520e90a9-5e9e-4bfa-8244-34e70674e93f,0,3,2,87,2026-05-12T16:52:06.320172+00:00,order,cancel,bid,,354d6784-a848-46be-9419-35ef045773cd,1a600171-9cfa-44bf-a3d4-b7322acefe1a,101.0,1.0,-1.0,0.0,,,cancelled,,,,,,,1778604726.336404
5273b4e4-2b4f-47fa-834f-bd0d84d237b0,0,3,1,14,2026-05-12T16:52:08.105946+00:00,order,add,ask,,8bb04b62-fb46-4ea4-9a5c-b12cd978fa46,4c5c436f-ca6c-40f1-9cb5-b8bc15205ad4,125.0,1.0,1.0,1.0,3,3.0,active,,,,,,,1778604728.122229
5273b4e4-2b4f-47fa-834f-bd0d84d237b0,0,3,1,15,2026-05-12T16:52:10.952442+00:00,order,add,bid,,2969f55d-e72f-44a0-be95-3c63c3cadb1a,bc7d5ce5-ff5f-43da-8411-1cc4780872be,112.0,1.0,1.0,1.0,2,2.0,active,,,,,,,1778604730.971791
06f4d9ab-2d66-4d8f-845c-680ac99ec639,0,3,8,154,2026-05-12T16:52:11.168229+00:00,order,cancel,ask,,b194c32c-7b83-4b37-92ba-cbf3689310df,b5eb1e0a-5002-4683-a96b-77986bde95ab,116.6,1.0,-1.0,0.0,,,cancelled,,,,,,,1778604731.185292
5273b4e4-2b4f-47fa-834f-bd0d84d237b0,0,3,1,16,2026-05-12T16:52:12.252792+00:00,order,add,ask,,a1424fd4-7768-4bda-8a08-3802594dc314,18711e8c-d4a6-4e40-ac02-472f81cda568,125.0,1.0,1.0,1.0,4,4.0,active,,,,,,,1778604732.269724
5273b4e4-2b4f-47fa-834f-bd0d84d237b0,0,3,1,17,2026-05-12T16:52:15.427882+00:00,order,add,bid,,70e5daa3-176d-4457-9743-3b7d6b01632d,ede5b087-a2ea-49eb-9494-a67b961bfc79,110.0,1.0,1.0,1.0,1,1.0,active,,,,,,,1778604735.444518
5273b4e4-2b4f-47fa-834f-bd0d84d237b0,0,3,1,18,2026-05-12T16:52:15.480382+00:00,order,add,bid,,e86b3148-d6bb-4065-9ae1-894891b09950,4c5c436f-ca6c-40f1-9cb5-b8bc15205ad4,119.0,1.0,1.0,1.0,2,2.0,active,,,,,,,1778604735.497124
5273b4e4-2b4f-47fa-834f-bd0d84d237b0,0,3,1,19,2026-05-12T16:52:17.074801+00:00,order,add,ask,,072c0864-1572-4de1-87a8-4a2a1cd247eb,1893c9fa-143a-45ae-8599-dfedb6054045,120.0,1.0,1.0,1.0,1,1.0,active,,,,,,,1778604737.092943
06f4d9ab-2d66-4d8f-845c-680ac99ec639,0,3,7,155,2026-05-12T16:52:18.152233+00:00,order,cancel,ask,,ac1e3ff2-bbe3-4e86-9da9-53c10cc0f1e3,b5eb1e0a-5002-4683-a96b-77986bde95ab,116.2,1.0,-1.0,0.0,,,cancelled,,,,,,,1778604738.168648
5273b4e4-2b4f-47fa-834f-bd0d84d237b0,0,3,1,20,2026-05-12T16:52:20.660862+00:00,order,add,ask,,ea585525-1260-4015-8400-160d3f3cae93,18711e8c-d4a6-4e40-ac02-472f81cda568,122.0,1.0,1.0,1.0,1,1.0,active,,,,,,,1778604740.679659
06f4d9ab-2d66-4d8f-845c-680ac99ec639,0,3,7,156,2026-05-12T16:52:20.832986+00:00,order,cancel,bid,,c79a9b97-0431-4cce-91bf-bdf83517b48e,664d5f3b-570d-4a80-9e72-387baf4c63ae,116.0,1.0,-1.0,0.0,,,cancelled,,,,,,,1778604740.85055
5273b4e4-2b4f-47fa-834f-bd0d84d237b0,0,3,1,21,2026-05-12T16:52:21.853871+00:00,order,cancel,ask,,a1424fd4-7768-4bda-8a08-3802594dc314,18711e8c-d4a6-4e40-ac02-472f81cda568,125.0,1.0,-1.0,0.0,,,cancelled,,,,,,,1778604741.870515
06f4d9ab-2d66-4d8f-845c-680ac99ec639,0,3,9,157,2026-05-12T16:52:24.617179+00:00,order,add,ask,,2bfd32fb-ff0f-4aba-933f-6204841f39c3,cda8f129-61a6-4153-bf08-1c1a945507c7,116.6,1.0,1.0,1.0,1,1.0,active,,,,,,,1778604744.634289
06f4d9ab-2d66-4d8f-845c-680ac99ec639,0,3,9,158,2026-05-12T16:52:25.787679+00:00,trade,trade,bid,B,,,116.6,1.0,,,,,,8cd20d0c-0827-4960-a8d7-26e89b653a8c,,788e8da2-07bb-4ce8-959a-602a41c69d10,2bfd32fb-ff0f-4aba-933f-6204841f39c3,664d5f3b-570d-4a80-9e72-387baf4c63ae,cda8f129-61a6-4153-bf08-1c1a945507c7,1778604745.803911
06f4d9ab-2d66-4d8f-845c-680ac99ec639,0,3,9,159,2026-05-12T16:52:25.807359+00:00,order,fill,ask,,2bfd32fb-ff0f-4aba-933f-6204841f39c3,cda8f129-61a6-4153-bf08-1c1a945507c7,116.6,1.0,-1.0,0.0,,,executed,8cd20d0c-0827-4960-a8d7-26e89b653a8c,788e8da2-07bb-4ce8-959a-602a41c69d10,,,,,1778604745.822077
06f4d9ab-2d66-4d8f-845c-680ac99ec639,0,3,9,160,2026-05-12T16:52:25.825377+00:00,order,fill,bid,,788e8da2-07bb-4ce8-959a-602a41c69d10,664d5f3b-570d-4a80-9e72-387baf4c63ae,117.0,1.0,-1.0,0.0,,,executed,8cd20d0c-0827-4960-a8d7-26e89b653a8c,2bfd32fb-ff0f-4aba-933f-6204841f39c3,,,,,1778604745.840294
5273b4e4-2b4f-47fa-834f-bd0d84d237b0,0,3,1,22,2026-05-12T16:52:26.320204+00:00,order,add,bid,,8d1cab26-5c80-4d7e-bf34-6083b57d1306,bc7d5ce5-ff5f-43da-8411-1cc4780872be,110.0,1.0,1.0,1.0,2,2.0,active,,,,,,,1778604746.337336
06f4d9ab-2d66-4d8f-845c-680ac99ec639,0,3,9,161,2026-05-12T16:52:26.583421+00:00,order,add,bid,,ece577b9-21f5-4dfe-97ad-a5252828e57b,b5eb1e0a-5002-4683-a96b-77986bde95ab,116.6,1.0,1.0,1.0,1,1.0,active,,,,,,,1778604746.601234
5273b4e4-2b4f-47fa-834f-bd0d84d237b0,0,3,1,23,2026-05-12T16:52:27.419105+00:00,trade,trade,ask,S,,,119.0,1.0,,,,,,19ad8022-49da-4dcf-b1b7-a390c2434f70,,930a3b21-7e87-4e2b-9993-ad78ec633acb,2fb9abb5-217f-49c8-9db4-2f1bfae96c6f,4c5c436f-ca6c-40f1-9cb5-b8bc15205ad4,ede5b087-a2ea-49eb-9494-a67b961bfc79,1778604747.436027
5273b4e4-2b4f-47fa-834f-bd0d84d237b0,0,3,1,24,2026-05-12T16:52:27.439400+00:00,order,fill,ask,,2fb9abb5-217f-49c8-9db4-2f1bfae96c6f,ede5b087-a2ea-49eb-9494-a67b961bfc79,119.0,1.0,-1.0,0.0,,,executed,19ad8022-49da-4dcf-b1b7-a390c2434f70,930a3b21-7e87-4e2b-9993-ad78ec633acb,,,,,1778604747.455018
5273b4e4-2b4f-47fa-834f-bd0d84d237b0,0,3,1,25,2026-05-12T16:52:27.458319+00:00,order,fill,bid,,930a3b21-7e87-4e2b-9993-ad78ec633acb,4c5c436f-ca6c-40f1-9cb5-b8bc15205ad4,119.0,1.0,-1.0,0.0,,,executed,19ad8022-49da-4dcf-b1b7-a390c2434f70,2fb9abb5-217f-49c8-9db4-2f1bfae96c6f,,,,,1778604747.47376
06f4d9ab-2d66-4d8f-845c-680ac99ec639,0,3,9,162,2026-05-12T16:52:28.256341+00:00,order,cancel,bid,,ece577b9-21f5-4dfe-97ad-a5252828e57b,b5eb1e0a-5002-4683-a96b-77986bde95ab,116.6,1.0,-1.0,0.0,,,cancelled,,,,,,,1778604748.272823
5273b4e4-2b4f-47fa-834f-bd0d84d237b0,0,3,1,26,2026-05-12T16:52:30.376948+00:00,trade,trade,bid,B,,,120.0,1.0,,,,,,90388afb-4b61-4d91-80d1-e5849c7d0524,,83aedd4c-ebc0-44cb-a41c-03b26ffd155a,072c0864-1572-4de1-87a8-4a2a1cd247eb,4c5c436f-ca6c-40f1-9cb5-b8bc15205ad4,1893c9fa-143a-45ae-8599-dfedb6054045,1778604750.393453
5273b4e4-2b4f-47fa-834f-bd0d84d237b0,0,3,1,27,2026-05-12T16:52:30.396756+00:00,order,fill,ask,,072c0864-1572-4de1-87a8-4a2a1cd247eb,1893c9fa-143a-45ae-8599-dfedb6054045,120.0,1.0,-1.0,0.0,,,executed,90388afb-4b61-4d91-80d1-e5849c7d0524,83aedd4c-ebc0-44cb-a41c-03b26ffd155a,,,,,1778604750.412127
5273b4e4-2b4f-47fa-834f-bd0d84d237b0,0,3,1,28,2026-05-12T16:52:30.415106+00:00,order,fill,bid,,83aedd4c-ebc0-44cb-a41c-03b26ffd155a,4c5c436f-ca6c-40f1-9cb5-b8bc15205ad4,120.0,1.0,-1.0,0.0,,,executed,90388afb-4b61-4d91-80d1-e5849c7d0524,072c0864-1572-4de1-87a8-4a2a1cd247eb,,,,,1778604750.430504
520e90a9-5e9e-4bfa-8244-34e70674e93f,0,3,3,88,2026-05-12T16:52:31.913411+00:00,order,add,bid,,bacbee35-11c7-4d61-9b75-ba261121349f,a7efec93-ac3e-45ce-84ac-eb2844742dd5,108.0,1.0,1.0,1.0,1,1.0,active,,,,,,,1778604751.929283
5273b4e4-2b4f-47fa-834f-bd0d84d237b0,0,3,1,29,2026-05-12T16:52:31.989121+00:00,order,add,bid,,717d8d6c-7603-4b63-b81f-1868432570a5,18711e8c-d4a6-4e40-ac02-472f81cda568,120.0,1.0,1.0,1.0,1,1.0,active,,,,,,,1778604752.005619
06f4d9ab-2d66-4d8f-845c-680ac99ec639,0,3,9,163,2026-05-12T16:52:32.391892+00:00,order,add,ask,,3055a587-d12f-4dfc-8f31-e6df74182cce,b5eb1e0a-5002-4683-a96b-77986bde95ab,116.6,1.0,1.0,1.0,1,1.0,active,,,,,,,1778604752.408358
06f4d9ab-2d66-4d8f-845c-680ac99ec639,0,3,9,164,2026-05-12T16:52:33.835778+00:00,order,add,ask,,7274508c-16ff-45fc-84ab-c3c1e53ad6cc,664d5f3b-570d-4a80-9e72-387baf4c63ae,117.0,1.0,1.0,1.0,1,1.0,active,,,,,,,1778604753.856683
520e90a9-5e9e-4bfa-8244-34e70674e93f,0,3,3,89,2026-05-12T16:52:35.093342+00:00,trade,trade,ask,S,,,108.0,1.0,,,,,,a0ca30ce-24c2-44e0-8495-55faefcfed82,,bacbee35-11c7-4d61-9b75-ba261121349f,bc5bc4b8-f2bb-41dc-9129-ea4e3dbf0eab,a7efec93-ac3e-45ce-84ac-eb2844742dd5,c9677d60-b255-4563-955c-c09e7b64f2df,1778604755.109533
520e90a9-5e9e-4bfa-8244-34e70674e93f,0,3,3,90,2026-05-12T16:52:35.112760+00:00,order,fill,ask,,bc5bc4b8-f2bb-41dc-9129-ea4e3dbf0eab,c9677d60-b255-4563-955c-c09e7b64f2df,104.0,1.0,-1.0,0.0,,,executed,a0ca30ce-24c2-44e0-8495-55faefcfed82,bacbee35-11c7-4d61-9b75-ba261121349f,,,,,1778604755.128914
520e90a9-5e9e-4bfa-8244-34e70674e93f,0,3,3,91,2026-05-12T16:52:35.131966+00:00,order,fill,bid,,bacbee35-11c7-4d61-9b75-ba261121349f,a7efec93-ac3e-45ce-84ac-eb2844742dd5,108.0,1.0,-1.0,0.0,,,executed,a0ca30ce-24c2-44e0-8495-55faefcfed82,bc5bc4b8-f2bb-41dc-9129-ea4e3dbf0eab,,,,,1778604755.147099
06f4d9ab-2d66-4d8f-845c-680ac99ec639,0,3,9,165,2026-05-12T16:52:35.218171+00:00,order,add,ask,,51288a32-c759-4542-be13-6f38b8142cd4,b5eb1e0a-5002-4683-a96b-77986bde95ab,116.45,1.0,1.0,1.0,1,1.0,active,,,,,,,1778604755.236499
520e90a9-5e9e-4bfa-8244-34e70674e93f,0,3,3,92,2026-05-12T16:52:35.543887+00:00,trade,trade,bid,B,,,109.0,1.0,,,,,,98b74068-cd58-4673-a545-0fcb4b33768a,,aa072bbb-a0c9-4d4e-af3c-1cce35245e18,54cfa318-10ce-4946-a1a2-efd889e1aa66,a7efec93-ac3e-45ce-84ac-eb2844742dd5,6b8a7a0e-6534-4c7f-ba8e-d90a38b5b936,1778604755.560805
520e90a9-5e9e-4bfa-8244-34e70674e93f,0,3,3,93,2026-05-12T16:52:35.564158+00:00,order,fill,ask,,54cfa318-10ce-4946-a1a2-efd889e1aa66,6b8a7a0e-6534-4c7f-ba8e-d90a38b5b936,109.0,1.0,-1.0,0.0,,,executed,98b74068-cd58-4673-a545-0fcb4b33768a,aa072bbb-a0c9-4d4e-af3c-1cce35245e18,,,,,1778604755.580909
520e90a9-5e9e-4bfa-8244-34e70674e93f,0,3,3,94,2026-05-12T16:52:35.583886+00:00,order,fill,bid,,aa072bbb-a0c9-4d4e-af3c-1cce35245e18,a7efec93-ac3e-45ce-84ac-eb2844742dd5,109.0,1.0,-1.0,0.0,,,executed,98b74068-cd58-4673-a545-0fcb4b33768a,54cfa318-10ce-4946-a1a2-efd889e1aa66,,,,,1778604755.600857
06f4d9ab-2d66-4d8f-845c-680ac99ec639,0,3,9,166,2026-05-12T16:52:36.666840+00:00,order,add,bid,,f530b8fc-105d-4116-8638-795a4caa1265,664d5f3b-570d-4a80-9e72-387baf4c63ae,116.0,1.0,1.0,1.0,8,8.0,active,,,,,,,1778604756.684008
06f4d9ab-2d66-4d8f-845c-680ac99ec639,0,3,9,167,2026-05-12T16:52:36.721576+00:00,order,cancel,ask,,51288a32-c759-4542-be13-6f38b8142cd4,b5eb1e0a-5002-4683-a96b-77986bde95ab,116.45,1.0,-1.0,0.0,,,cancelled,,,,,,,1778604756.737714
520e90a9-5e9e-4bfa-8244-34e70674e93f,0,3,2,95,2026-05-12T16:52:36.774272+00:00,order,cancel,bid,,7cb0e1ca-2382-4f45-9acd-cc84012f9053,c9677d60-b255-4563-955c-c09e7b64f2df,92.0,1.0,-1.0,0.0,,,cancelled,,,,,,,1778604756.789713
520e90a9-5e9e-4bfa-8244-34e70674e93f,0,3,3,96,2026-05-12T16:52:37.152690+00:00,order,add,bid,,a19322c1-3de5-461f-a2f6-aa26b77314a2,a7efec93-ac3e-45ce-84ac-eb2844742dd5,108.0,1.0,1.0,1.0,1,1.0,active,,,,,,,1778604757.169902
06f4d9ab-2d66-4d8f-845c-680ac99ec639,0,3,9,168,2026-05-12T16:52:38.057247+00:00,order,add,ask,,2c07d9a5-2652-4d78-93d2-9c00db62cdbc,cda8f129-61a6-4153-bf08-1c1a945507c7,116.6,1.0,1.0,1.0,2,2.0,active,,,,,,,1778604758.075389
06f4d9ab-2d66-4d8f-845c-680ac99ec639,0,3,9,169,2026-05-12T16:52:39.234359+00:00,order,add,bid,,e05525aa-a473-4376-9e31-c05fe2497dc4,664d5f3b-570d-4a80-9e72-387baf4c63ae,116.0,1.0,1.0,1.0,9,9.0,active,,,,,,,1778604759.251185
520e90a9-5e9e-4bfa-8244-34e70674e93f,0,3,3,97,2026-05-12T16:52:39.508478+00:00,trade,trade,ask,S,,,108.0,1.0,,,,,,8d029ab4-84e8-47ce-ad33-89319f6c3fec,,a19322c1-3de5-461f-a2f6-aa26b77314a2,34edb4c0-3378-48a1-9b83-afd2d466e97d,a7efec93-ac3e-45ce-84ac-eb2844742dd5,cb46e42c-c695-4491-ae41-767eb4004474,1778604759.524789
520e90a9-5e9e-4bfa-8244-34e70674e93f,0,3,3,98,2026-05-12T16:52:39.527987+00:00,order,fill,ask,,34edb4c0-3378-48a1-9b83-afd2d466e97d,cb46e42c-c695-4491-ae41-767eb4004474,108.0,1.0,-1.0,0.0,,,executed,8d029ab4-84e8-47ce-ad33-89319f6c3fec,a19322c1-3de5-461f-a2f6-aa26b77314a2,,,,,1778604759.543477
520e90a9-5e9e-4bfa-8244-34e70674e93f,0,3,3,99,2026-05-12T16:52:39.546523+00:00,order,fill,bid,,a19322c1-3de5-461f-a2f6-aa26b77314a2,a7efec93-ac3e-45ce-84ac-eb2844742dd5,108.0,1.0,-1.0,0.0,,,executed,8d029ab4-84e8-47ce-ad33-89319f6c3fec,34edb4c0-3378-48a1-9b83-afd2d466e97d,,,,,1778604759.562506
520e90a9-5e9e-4bfa-8244-34e70674e93f,0,3,3,100,2026-05-12T16:52:39.758658+00:00,order,add,ask,,50258795-10a0-4258-b65c-9d0c37192ec7,1a600171-9cfa-44bf-a3d4-b7322acefe1a,108.0,1.0,1.0,1.0,1,1.0,active,,,,,,,1778604759.775767
520e90a9-5e9e-4bfa-8244-34e70674e93f,0,3,3,101,2026-05-12T16:52:39.811727+00:00,trade,trade,bid,B,,,108.0,1.0,,,,,,2150e575-c051-4a82-bcdc-4eec7f28cf41,,1592d40c-cf72-4ff5-824d-0f5724557f79,50258795-10a0-4258-b65c-9d0c37192ec7,a7efec93-ac3e-45ce-84ac-eb2844742dd5,1a600171-9cfa-44bf-a3d4-b7322acefe1a,1778604759.827554
520e90a9-5e9e-4bfa-8244-34e70674e93f,0,3,3,102,2026-05-12T16:52:39.830613+00:00,order,fill,ask,,50258795-10a0-4258-b65c-9d0c37192ec7,1a600171-9cfa-44bf-a3d4-b7322acefe1a,108.0,1.0,-1.0,0.0,,,executed,2150e575-c051-4a82-bcdc-4eec7f28cf41,1592d40c-cf72-4ff5-824d-0f5724557f79,,,,,1778604759.84593
520e90a9-5e9e-4bfa-8244-34e70674e93f,0,3,3,103,2026-05-12T16:52:39.848835+00:00,order,fill,bid,,1592d40c-cf72-4ff5-824d-0f5724557f79,a7efec93-ac3e-45ce-84ac-eb2844742dd5,108.5,1.0,-1.0,0.0,,,executed,2150e575-c051-4a82-bcdc-4eec7f28cf41,50258795-10a0-4258-b65c-9d0c37192ec7,,,,,1778604759.864307
520e90a9-5e9e-4bfa-8244-34e70674e93f,0,3,3,104,2026-05-12T16:52:40.177118+00:00,order,add,bid,,c3f9fcfe-244e-48ba-9327-d7e7bdf87b36,6b8a7a0e-6534-4c7f-ba8e-d90a38b5b936,108.5,1.0,1.0,1.0,1,1.0,active,,,,,,,1778604760.194341
520e90a9-5e9e-4bfa-8244-34e70674e93f,0,3,3,105,2026-05-12T16:52:42.391416+00:00,trade,trade,ask,S,,,108.5,1.0,,,,,,b1bd0888-b5f6-4a71-bfbf-69dbd1232444,,c3f9fcfe-244e-48ba-9327-d7e7bdf87b36,a0379e4a-9567-40f3-9467-69570497797d,6b8a7a0e-6534-4c7f-ba8e-d90a38b5b936,1a600171-9cfa-44bf-a3d4-b7322acefe1a,1778604762.408427
520e90a9-5e9e-4bfa-8244-34e70674e93f,0,3,3,106,2026-05-12T16:52:42.411649+00:00,order,fill,ask,,a0379e4a-9567-40f3-9467-69570497797d,1a600171-9cfa-44bf-a3d4-b7322acefe1a,108.5,1.0,-1.0,0.0,,,executed,b1bd0888-b5f6-4a71-bfbf-69dbd1232444,c3f9fcfe-244e-48ba-9327-d7e7bdf87b36,,,,,1778604762.426137
520e90a9-5e9e-4bfa-8244-34e70674e93f,0,3,3,107,2026-05-12T16:52:42.429083+00:00,order,fill,bid,,c3f9fcfe-244e-48ba-9327-d7e7bdf87b36,6b8a7a0e-6534-4c7f-ba8e-d90a38b5b936,108.5,1.0,-1.0,0.0,,,executed,b1bd0888-b5f6-4a71-bfbf-69dbd1232444,a0379e4a-9567-40f3-9467-69570497797d,,,,,1778604762.444099
06f4d9ab-2d66-4d8f-845c-680ac99ec639,0,3,9,170,2026-05-12T16:52:43.823367+00:00,order,add,ask,,a3c53d6f-a3c9-4699-9328-cffe2f2a2aeb,b5eb1e0a-5002-4683-a96b-77986bde95ab,116.55,1.0,1.0,1.0,1,1.0,active,,,,,,,1778604763.840363
06f4d9ab-2d66-4d8f-845c-680ac99ec639,0,3,5,171,2026-05-12T16:52:43.906276+00:00,order,cancel,ask,,58e56414-5c76-4975-a470-f49d922e49a2,cda8f129-61a6-4153-bf08-1c1a945507c7,117.8,1.0,-1.0,0.0,,,cancelled,,,,,,,1778604763.9226
520e90a9-5e9e-4bfa-8244-34e70674e93f,0,3,3,108,2026-05-12T16:52:43.959614+00:00,order,add,ask,,270e3712-019d-4c5b-997b-a059d70359fd,a7efec93-ac3e-45ce-84ac-eb2844742dd5,108.5,1.0,1.0,1.0,1,1.0,active,,,,,,,1778604763.97558
520e90a9-5e9e-4bfa-8244-34e70674e93f,0,3,3,109,2026-05-12T16:52:44.802896+00:00,order,add,ask,,87d41787-eab4-4c26-aabf-5de1820e1cef,6b8a7a0e-6534-4c7f-ba8e-d90a38b5b936,110.0,1.0,1.0,1.0,2,2.0,active,,,,,,,1778604764.820233
520e90a9-5e9e-4bfa-8244-34e70674e93f,0,3,3,110,2026-05-12T16:52:46.793592+00:00,order,add,ask,,7f9722b8-f776-452f-8c50-8f333ab82d83,6b8a7a0e-6534-4c7f-ba8e-d90a38b5b936,107.75,1.0,1.0,1.0,1,1.0,active,,,,,,,1778604766.81209
06f4d9ab-2d66-4d8f-845c-680ac99ec639,0,3,2,172,2026-05-12T16:52:47.441731+00:00,order,cancel,ask,,d32101d4-9f67-423b-b200-6bd9e10b4d3d,cda8f129-61a6-4153-bf08-1c1a945507c7,119.0,1.0,-1.0,0.0,,,cancelled,,,,,,,1778604767.460164
520e90a9-5e9e-4bfa-8244-34e70674e93f,0,3,3,111,2026-05-12T16:52:48.368926+00:00,order,cancel,ask,,87d41787-eab4-4c26-aabf-5de1820e1cef,6b8a7a0e-6534-4c7f-ba8e-d90a38b5b936,110.0,1.0,-1.0,0.0,,,cancelled,,,,,,,1778604768.385366
520e90a9-5e9e-4bfa-8244-34e70674e93f,0,3,2,112,2026-05-12T16:52:49.683553+00:00,order,cancel,bid,,a10c9ef0-78fc-48ca-9a8b-f97f97ce074c,6b8a7a0e-6534-4c7f-ba8e-d90a38b5b936,103.0,1.0,-1.0,0.0,,,cancelled,,,,,,,1778604769.701476
520e90a9-5e9e-4bfa-8244-34e70674e93f,0,3,3,113,2026-05-12T16:52:49.855660+00:00,order,add,bid,,b96b3f6e-7ae4-4c43-bb6d-3220bf1c23b8,c9677d60-b255-4563-955c-c09e7b64f2df,95.0,1.0,1.0,1.0,1,1.0,active,,,,,,,1778604769.872118
520e90a9-5e9e-4bfa-8244-34e70674e93f,0,3,3,114,2026-05-12T16:52:50.384562+00:00,trade,trade,bid,B,,,107.75,1.0,,,,,,1b8040a6-8934-411b-9b3d-dda5f102cba7,,b406c3d9-6396-4d2c-8268-f8924ae1553b,7f9722b8-f776-452f-8c50-8f333ab82d83,a7efec93-ac3e-45ce-84ac-eb2844742dd5,6b8a7a0e-6534-4c7f-ba8e-d90a38b5b936,1778604770.401771
520e90a9-5e9e-4bfa-8244-34e70674e93f,0,3,3,115,2026-05-12T16:52:50.404982+00:00,order,fill,ask,,7f9722b8-f776-452f-8c50-8f333ab82d83,6b8a7a0e-6534-4c7f-ba8e-d90a38b5b936,107.75,1.0,-1.0,0.0,,,executed,1b8040a6-8934-411b-9b3d-dda5f102cba7,b406c3d9-6396-4d2c-8268-f8924ae1553b,,,,,1778604770.420102
520e90a9-5e9e-4bfa-8244-34e70674e93f,0,3,3,116,2026-05-12T16:52:50.423105+00:00,order,fill,bid,,b406c3d9-6396-4d2c-8268-f8924ae1553b,a7efec93-ac3e-45ce-84ac-eb2844742dd5,108.5,1.0,-1.0,0.0,,,executed,1b8040a6-8934-411b-9b3d-dda5f102cba7,7f9722b8-f776-452f-8c50-8f333ab82d83,,,,,1778604770.438536
06f4d9ab-2d66-4d8f-845c-680ac99ec639,0,3,9,173,2026-05-12T16:52:52.524734+00:00,order,add,ask,,16e6b37a-f666-444d-b642-00fda69b320b,664d5f3b-570d-4a80-9e72-387baf4c63ae,117.0,1.0,1.0,1.0,2,2.0,active,,,,,,,1778604772.540539
520e90a9-5e9e-4bfa-8244-34e70674e93f,0,3,3,117,2026-05-12T16:52:53.395563+00:00,order,add,ask,,fcb62f32-b03d-4b42-9c5e-6f00a04f6d60,cb46e42c-c695-4491-ae41-767eb4004474,110.0,1.0,1.0,1.0,2,2.0,active,,,,,,,1778604773.41142
520e90a9-5e9e-4bfa-8244-34e70674e93f,0,3,2,118,2026-05-12T16:52:53.720958+00:00,order,cancel,bid,,7a029b13-056d-4175-b6a8-ae3a5fc2b285,a7efec93-ac3e-45ce-84ac-eb2844742dd5,107.0,1.0,-1.0,0.0,,,cancelled,,,,,,,1778604773.737303
5273b4e4-2b4f-47fa-834f-bd0d84d237b0,0,3,1,30,2026-05-12T16:52:54.288534+00:00,order,cancel,bid,,fc7e5bc0-1dd7-4eed-b3fc-599dffb5e618,bc7d5ce5-ff5f-43da-8411-1cc4780872be,118.0,1.0,-1.0,0.0,,,cancelled,,,,,,,1778604774.303923
520e90a9-5e9e-4bfa-8244-34e70674e93f,0,3,3,119,2026-05-12T16:52:54.694515+00:00,order,add,ask,,e665986e-7f41-464b-afce-06c2dfe53634,1a600171-9cfa-44bf-a3d4-b7322acefe1a,107.0,1.0,1.0,1.0,1,1.0,active,,,,,,,1778604774.710721
520e90a9-5e9e-4bfa-8244-34e70674e93f,0,3,3,120,2026-05-12T16:52:54.929877+00:00,order,add,ask,,5d8c1857-27ec-463b-a339-0e46eceaf6f9,6b8a7a0e-6534-4c7f-ba8e-d90a38b5b936,108.0,1.0,1.0,1.0,1,1.0,active,,,,,,,1778604774.947256
5273b4e4-2b4f-47fa-834f-bd0d84d237b0,0,3,1,31,2026-05-12T16:52:55.889577+00:00,order,cancel,bid,,162148a1-61e4-4a85-9df9-3505c3491d72,bc7d5ce5-ff5f-43da-8411-1cc4780872be,115.0,1.0,-1.0,0.0,,,cancelled,,,,,,,1778604775.905685
06f4d9ab-2d66-4d8f-845c-680ac99ec639,0,3,9,174,2026-05-12T16:52:56.209868+00:00,order,add,ask,,ac4e1eb2-330c-4d7e-bf3e-387aefbe8ca9,664d5f3b-570d-4a80-9e72-387baf4c63ae,117.0,1.0,1.0,1.0,3,3.0,active,,,,,,,1778604776.226798
06f4d9ab-2d66-4d8f-845c-680ac99ec639,0,3,9,175,2026-05-12T16:52:56.954646+00:00,order,add,bid,,dde0767d-e786-4307-bffc-465628a06954,664d5f3b-570d-4a80-9e72-387baf4c63ae,116.0,1.0,1.0,1.0,10,10.0,active,,,,,,,1778604776.971622
520e90a9-5e9e-4bfa-8244-34e70674e93f,0,3,3,121,2026-05-12T16:52:57.208247+00:00,trade,trade,bid,B,,,107.0,1.0,,,,,,b5f0a1e4-fdf0-4d60-8857-769ef42b23f2,,a17979d2-fa55-42a1-868b-71c854c09457,e665986e-7f41-464b-afce-06c2dfe53634,a7efec93-ac3e-45ce-84ac-eb2844742dd5,1a600171-9cfa-44bf-a3d4-b7322acefe1a,1778604777.225849
520e90a9-5e9e-4bfa-8244-34e70674e93f,0,3,3,122,2026-05-12T16:52:57.229171+00:00,order,fill,ask,,e665986e-7f41-464b-afce-06c2dfe53634,1a600171-9cfa-44bf-a3d4-b7322acefe1a,107.0,1.0,-1.0,0.0,,,executed,b5f0a1e4-fdf0-4d60-8857-769ef42b23f2,a17979d2-fa55-42a1-868b-71c854c09457,,,,,1778604777.24467
520e90a9-5e9e-4bfa-8244-34e70674e93f,0,3,3,123,2026-05-12T16:52:57.247633+00:00,order,fill,bid,,a17979d2-fa55-42a1-868b-71c854c09457,a7efec93-ac3e-45ce-84ac-eb2844742dd5,107.0,1.0,-1.0,0.0,,,executed,b5f0a1e4-fdf0-4d60-8857-769ef42b23f2,e665986e-7f41-464b-afce-06c2dfe53634,,,,,1778604777.263933
5273b4e4-2b4f-47fa-834f-bd0d84d237b0,0,3,2,32,2026-05-12T16:52:59.578854+00:00,trade,trade,ask,S,,,120.0,1.0,,,,,,c1a26403-8051-46df-884e-4f8d3b8bf32f,,717d8d6c-7603-4b63-b81f-1868432570a5,3826ffb0-b858-4398-a97c-bc6bf87c103d,18711e8c-d4a6-4e40-ac02-472f81cda568,1893c9fa-143a-45ae-8599-dfedb6054045,1778604779.595149
5273b4e4-2b4f-47fa-834f-bd0d84d237b0,0,3,2,33,2026-05-12T16:52:59.598410+00:00,order,fill,ask,,3826ffb0-b858-4398-a97c-bc6bf87c103d,1893c9fa-143a-45ae-8599-dfedb6054045,115.0,1.0,-1.0,0.0,,,executed,c1a26403-8051-46df-884e-4f8d3b8bf32f,717d8d6c-7603-4b63-b81f-1868432570a5,,,,,1778604779.613296
5273b4e4-2b4f-47fa-834f-bd0d84d237b0,0,3,2,34,2026-05-12T16:52:59.616207+00:00,order,fill,bid,,717d8d6c-7603-4b63-b81f-1868432570a5,18711e8c-d4a6-4e40-ac02-472f81cda568,120.0,1.0,-1.0,0.0,,,executed,c1a26403-8051-46df-884e-4f8d3b8bf32f,3826ffb0-b858-4398-a97c-bc6bf87c103d,,,,,1778604779.631678
520e90a9-5e9e-4bfa-8244-34e70674e93f,0,3,3,124,2026-05-12T16:53:01.270339+00:00,order,add,bid,,3a5a6331-d4da-4f4d-83bd-b84db6490252,1a600171-9cfa-44bf-a3d4-b7322acefe1a,96.0,1.0,1.0,1.0,1,1.0,active,,,,,,,1778604781.288524
520e90a9-5e9e-4bfa-8244-34e70674e93f,0,3,3,125,2026-05-12T16:53:02.097486+00:00,order,add,bid,,c552537f-ef24-4ce1-beac-9f2448ade818,6b8a7a0e-6534-4c7f-ba8e-d90a38b5b936,96.0,1.0,1.0,1.0,2,2.0,active,,,,,,,1778604782.12769
5273b4e4-2b4f-47fa-834f-bd0d84d237b0,0,3,1,35,2026-05-12T16:53:02.249066+00:00,order,cancel,bid,,9f8f0884-b74f-4bd1-88cb-5f8cbc1a30c6,18711e8c-d4a6-4e40-ac02-472f81cda568,99.0,1.0,-1.0,0.0,,,cancelled,,,,,,,1778604782.283036
5273b4e4-2b4f-47fa-834f-bd0d84d237b0,0,3,2,36,2026-05-12T16:53:02.591404+00:00,order,add,bid,,0aac2685-63e3-402c-a199-684d69bed593,bc7d5ce5-ff5f-43da-8411-1cc4780872be,114.0,1.0,1.0,1.0,1,1.0,active,,,,,,,1778604782.611177
5273b4e4-2b4f-47fa-834f-bd0d84d237b0,0,3,2,37,2026-05-12T16:53:02.889424+00:00,trade,trade,ask,S,,,119.0,1.0,,,,,,170bd7dc-99c8-4f0b-b4a1-e6fbc33c47a4,,e86b3148-d6bb-4065-9ae1-894891b09950,fb178d1f-1879-4ce6-b6bc-13012fafd98f,4c5c436f-ca6c-40f1-9cb5-b8bc15205ad4,1893c9fa-143a-45ae-8599-dfedb6054045,1778604782.905822
5273b4e4-2b4f-47fa-834f-bd0d84d237b0,0,3,2,38,2026-05-12T16:53:02.909206+00:00,order,fill,ask,,fb178d1f-1879-4ce6-b6bc-13012fafd98f,1893c9fa-143a-45ae-8599-dfedb6054045,116.0,1.0,-1.0,0.0,,,executed,170bd7dc-99c8-4f0b-b4a1-e6fbc33c47a4,e86b3148-d6bb-4065-9ae1-894891b09950,,,,,1778604782.925287
5273b4e4-2b4f-47fa-834f-bd0d84d237b0,0,3,2,39,2026-05-12T16:53:02.928404+00:00,order,fill,bid,,e86b3148-d6bb-4065-9ae1-894891b09950,4c5c436f-ca6c-40f1-9cb5-b8bc15205ad4,119.0,1.0,-1.0,0.0,,,executed,170bd7dc-99c8-4f0b-b4a1-e6fbc33c47a4,fb178d1f-1879-4ce6-b6bc-13012fafd98f,,,,,1778604782.943921
520e90a9-5e9e-4bfa-8244-34e70674e93f,0,3,3,126,2026-05-12T16:53:03.109687+00:00,order,cancel,bid,,b96b3f6e-7ae4-4c43-bb6d-3220bf1c23b8,c9677d60-b255-4563-955c-c09e7b64f2df,95.0,1.0,-1.0,0.0,,,cancelled,,,,,,,1778604783.125783
5273b4e4-2b4f-47fa-834f-bd0d84d237b0,0,3,1,40,2026-05-12T16:53:05.029867+00:00,order,cancel,ask,,ea585525-1260-4015-8400-160d3f3cae93,18711e8c-d4a6-4e40-ac02-472f81cda568,122.0,1.0,-1.0,0.0,,,cancelled,,,,,,,1778604785.046371
520e90a9-5e9e-4bfa-8244-34e70674e93f,0,3,3,127,2026-05-12T16:53:05.089746+00:00,order,add,ask,,46110be4-4e6a-4f79-b0f1-ef2e9a8672a2,a7efec93-ac3e-45ce-84ac-eb2844742dd5,103.0,1.0,1.0,1.0,1,1.0,active,,,,,,,1778604785.105797
5273b4e4-2b4f-47fa-834f-bd0d84d237b0,0,3,2,41,2026-05-12T16:53:05.266298+00:00,order,add,ask,,00405a1b-15a8-4acc-9718-2d0dd50a1e73,1893c9fa-143a-45ae-8599-dfedb6054045,115.5,1.0,1.0,1.0,1,1.0,active,,,,,,,1778604785.283489
06f4d9ab-2d66-4d8f-845c-680ac99ec639,0,3,7,176,2026-05-12T16:53:05.413592+00:00,order,cancel,bid,,d7c8edbd-ad8f-43df-b9e2-09a8a1b6a3ce,664d5f3b-570d-4a80-9e72-387baf4c63ae,116.0,1.0,-1.0,0.0,,,cancelled,,,,,,,1778604785.430389
06f4d9ab-2d66-4d8f-845c-680ac99ec639,0,3,9,177,2026-05-12T16:53:05.635113+00:00,trade,trade,bid,B,,,116.55,1.0,,,,,,0d9c18df-e181-4bc5-aa1e-65230178a3f4,,643f9691-e3c9-4de6-9a5f-930eae12608b,a3c53d6f-a3c9-4699-9328-cffe2f2a2aeb,664d5f3b-570d-4a80-9e72-387baf4c63ae,b5eb1e0a-5002-4683-a96b-77986bde95ab,1778604785.652251
06f4d9ab-2d66-4d8f-845c-680ac99ec639,0,3,9,178,2026-05-12T16:53:05.655342+00:00,order,fill,ask,,a3c53d6f-a3c9-4699-9328-cffe2f2a2aeb,b5eb1e0a-5002-4683-a96b-77986bde95ab,116.55,1.0,-1.0,0.0,,,executed,0d9c18df-e181-4bc5-aa1e-65230178a3f4,643f9691-e3c9-4de6-9a5f-930eae12608b,,,,,1778604785.671367
06f4d9ab-2d66-4d8f-845c-680ac99ec639,0,3,9,179,2026-05-12T16:53:05.674387+00:00,order,fill,bid,,643f9691-e3c9-4de6-9a5f-930eae12608b,664d5f3b-570d-4a80-9e72-387baf4c63ae,117.0,1.0,-1.0,0.0,,,executed,0d9c18df-e181-4bc5-aa1e-65230178a3f4,a3c53d6f-a3c9-4699-9328-cffe2f2a2aeb,,,,,1778604785.690338
5273b4e4-2b4f-47fa-834f-bd0d84d237b0,0,3,2,42,2026-05-12T16:53:08.908917+00:00,order,add,ask,,cba57b01-24cb-4684-a16b-00a0ab37b788,d00142cb-036c-42b2-986f-4d8449293679,130.0,1.0,1.0,1.0,2,2.0,active,,,,,,,1778604788.925024
5273b4e4-2b4f-47fa-834f-bd0d84d237b0,0,3,2,43,2026-05-12T16:53:10.348759+00:00,trade,trade,ask,S,,,114.0,1.0,,,,,,50fee7db-55fd-4648-9395-f85e5725ee4d,,0aac2685-63e3-402c-a199-684d69bed593,63010123-e6d9-4470-8823-366c05b6e610,bc7d5ce5-ff5f-43da-8411-1cc4780872be,18711e8c-d4a6-4e40-ac02-472f81cda568,1778604790.365495
5273b4e4-2b4f-47fa-834f-bd0d84d237b0,0,3,2,44,2026-05-12T16:53:10.368864+00:00,order,fill,ask,,63010123-e6d9-4470-8823-366c05b6e610,18711e8c-d4a6-4e40-ac02-472f81cda568,114.0,1.0,-1.0,0.0,,,executed,50fee7db-55fd-4648-9395-f85e5725ee4d,0aac2685-63e3-402c-a199-684d69bed593,,,,,1778604790.385952
5273b4e4-2b4f-47fa-834f-bd0d84d237b0,0,3,2,45,2026-05-12T16:53:10.389207+00:00,order,fill,bid,,0aac2685-63e3-402c-a199-684d69bed593,bc7d5ce5-ff5f-43da-8411-1cc4780872be,114.0,1.0,-1.0,0.0,,,executed,50fee7db-55fd-4648-9395-f85e5725ee4d,63010123-e6d9-4470-8823-366c05b6e610,,,,,1778604790.40629
5273b4e4-2b4f-47fa-834f-bd0d84d237b0,0,3,2,46,2026-05-12T16:53:11.201900+00:00,trade,trade,ask,S,,,112.0,1.0,,,,,,3d9a9c26-bcc3-4809-81e7-2ff927d8be58,,3644a464-fa54-4d84-8ba4-549f81dea128,0cf4de57-0537-487c-a87d-3c818bd86afa,1893c9fa-143a-45ae-8599-dfedb6054045,ede5b087-a2ea-49eb-9494-a67b961bfc79,1778604791.218875
5273b4e4-2b4f-47fa-834f-bd0d84d237b0,0,3,2,47,2026-05-12T16:53:11.222278+00:00,order,fill,ask,,0cf4de57-0537-487c-a87d-3c818bd86afa,ede5b087-a2ea-49eb-9494-a67b961bfc79,112.0,1.0,-1.0,0.0,,,executed,3d9a9c26-bcc3-4809-81e7-2ff927d8be58,3644a464-fa54-4d84-8ba4-549f81dea128,,,,,1778604791.237097
5273b4e4-2b4f-47fa-834f-bd0d84d237b0,0,3,2,48,2026-05-12T16:53:11.240278+00:00,order,fill,bid,,3644a464-fa54-4d84-8ba4-549f81dea128,1893c9fa-143a-45ae-8599-dfedb6054045,112.0,1.0,-1.0,0.0,,,executed,3d9a9c26-bcc3-4809-81e7-2ff927d8be58,0cf4de57-0537-487c-a87d-3c818bd86afa,,,,,1778604791.255184
520e90a9-5e9e-4bfa-8244-34e70674e93f,0,3,3,128,2026-05-12T16:53:12.102549+00:00,order,add,ask,,6d137c47-240e-495f-aebe-6ba79909027e,1a600171-9cfa-44bf-a3d4-b7322acefe1a,107.0,1.0,1.0,1.0,1,1.0,active,,,,,,,1778604792.120331
520e90a9-5e9e-4bfa-8244-34e70674e93f,0,3,3,129,2026-05-12T16:53:12.257201+00:00,order,add,ask,,dece2f7c-8634-4634-afae-73540b9ca431,6b8a7a0e-6534-4c7f-ba8e-d90a38b5b936,102.0,1.0,1.0,1.0,1,1.0,active,,,,,,,1778604792.274341
520e90a9-5e9e-4bfa-8244-34e70674e93f,0,3,3,130,2026-05-12T16:53:13.785117+00:00,order,cancel,ask,,5d8c1857-27ec-463b-a339-0e46eceaf6f9,6b8a7a0e-6534-4c7f-ba8e-d90a38b5b936,108.0,1.0,-1.0,0.0,,,cancelled,,,,,,,1778604793.801754
520e90a9-5e9e-4bfa-8244-34e70674e93f,0,3,3,131,2026-05-12T16:53:14.383993+00:00,trade,trade,bid,B,,,102.0,1.0,,,,,,6d89ab4a-d981-4fd2-9da0-b1674407594f,,ab193a69-72ad-4397-8620-60e4a4deb8f8,dece2f7c-8634-4634-afae-73540b9ca431,a7efec93-ac3e-45ce-84ac-eb2844742dd5,6b8a7a0e-6534-4c7f-ba8e-d90a38b5b936,1778604794.401241
520e90a9-5e9e-4bfa-8244-34e70674e93f,0,3,3,132,2026-05-12T16:53:14.404717+00:00,order,fill,ask,,dece2f7c-8634-4634-afae-73540b9ca431,6b8a7a0e-6534-4c7f-ba8e-d90a38b5b936,102.0,1.0,-1.0,0.0,,,executed,6d89ab4a-d981-4fd2-9da0-b1674407594f,ab193a69-72ad-4397-8620-60e4a4deb8f8,,,,,1778604794.420257
520e90a9-5e9e-4bfa-8244-34e70674e93f,0,3,3,133,2026-05-12T16:53:14.423520+00:00,order,fill,bid,,ab193a69-72ad-4397-8620-60e4a4deb8f8,a7efec93-ac3e-45ce-84ac-eb2844742dd5,102.99,1.0,-1.0,0.0,,,executed,6d89ab4a-d981-4fd2-9da0-b1674407594f,dece2f7c-8634-4634-afae-73540b9ca431,,,,,1778604794.440166
5273b4e4-2b4f-47fa-834f-bd0d84d237b0,0,3,2,49,2026-05-12T16:53:15.492908+00:00,order,add,ask,,e6b04092-fbbd-4577-a47b-5487e8590b70,18711e8c-d4a6-4e40-ac02-472f81cda568,125.0,1.0,1.0,1.0,4,4.0,active,,,,,,,1778604795.510426
5273b4e4-2b4f-47fa-834f-bd0d84d237b0,0,3,2,50,2026-05-12T16:53:15.729405+00:00,order,add,bid,,2f9da021-2536-4ba1-9604-a780c6c78d2d,bc7d5ce5-ff5f-43da-8411-1cc4780872be,105.0,1.0,1.0,1.0,1,1.0,active,,,,,,,1778604795.749586
520e90a9-5e9e-4bfa-8244-34e70674e93f,0,3,3,134,2026-05-12T16:53:16.036765+00:00,trade,trade,ask,S,,,96.0,1.0,,,,,,c7ef0957-bda9-48f9-af0a-62a9bd5017f8,,3a5a6331-d4da-4f4d-83bd-b84db6490252,2126b9a8-06eb-4009-8158-3df1ea6ba749,1a600171-9cfa-44bf-a3d4-b7322acefe1a,c9677d60-b255-4563-955c-c09e7b64f2df,1778604796.053161
520e90a9-5e9e-4bfa-8244-34e70674e93f,0,3,3,135,2026-05-12T16:53:16.056679+00:00,order,fill,ask,,2126b9a8-06eb-4009-8158-3df1ea6ba749,c9677d60-b255-4563-955c-c09e7b64f2df,93.0,1.0,-1.0,0.0,,,executed,c7ef0957-bda9-48f9-af0a-62a9bd5017f8,3a5a6331-d4da-4f4d-83bd-b84db6490252,,,,,1778604796.07365
520e90a9-5e9e-4bfa-8244-34e70674e93f,0,3,3,136,2026-05-12T16:53:16.077121+00:00,order,fill,bid,,3a5a6331-d4da-4f4d-83bd-b84db6490252,1a600171-9cfa-44bf-a3d4-b7322acefe1a,96.0,1.0,-1.0,0.0,,,executed,c7ef0957-bda9-48f9-af0a-62a9bd5017f8,2126b9a8-06eb-4009-8158-3df1ea6ba749,,,,,1778604796.092508
5273b4e4-2b4f-47fa-834f-bd0d84d237b0,0,3,2,51,2026-05-12T16:53:16.534248+00:00,order,add,ask,,178d95ca-9083-49bb-9e8d-24bb2331f1f3,d00142cb-036c-42b2-986f-4d8449293679,140.0,1.0,1.0,1.0,1,1.0,active,,,,,,,1778604796.551
5273b4e4-2b4f-47fa-834f-bd0d84d237b0,0,3,1,52,2026-05-12T16:53:18.073746+00:00,order,cancel,bid,,2969f55d-e72f-44a0-be95-3c63c3cadb1a,bc7d5ce5-ff5f-43da-8411-1cc4780872be,112.0,1.0,-1.0,0.0,,,cancelled,,,,,,,1778604798.090631
520e90a9-5e9e-4bfa-8244-34e70674e93f,0,3,3,137,2026-05-12T16:53:18.185183+00:00,order,add,ask,,2f94fa24-c0a7-4812-bc96-f3dbc6a41fe3,6b8a7a0e-6534-4c7f-ba8e-d90a38b5b936,102.0,1.0,1.0,1.0,1,1.0,active,,,,,,,1778604798.202628
5273b4e4-2b4f-47fa-834f-bd0d84d237b0,0,3,2,53,2026-05-12T16:53:19.395966+00:00,order,add,ask,,7f277505-dfbf-4dff-8d60-b097b64ce6d0,18711e8c-d4a6-4e40-ac02-472f81cda568,130.0,1.0,1.0,1.0,3,3.0,active,,,,,,,1778604799.413753
5273b4e4-2b4f-47fa-834f-bd0d84d237b0,0,3,1,54,2026-05-12T16:53:22.426515+00:00,order,cancel,bid,,8d1cab26-5c80-4d7e-bf34-6083b57d1306,bc7d5ce5-ff5f-43da-8411-1cc4780872be,110.0,1.0,-1.0,0.0,,,cancelled,,,,,,,1778604802.443129
5273b4e4-2b4f-47fa-834f-bd0d84d237b0,0,3,1,55,2026-05-12T16:53:22.996213+00:00,order,cancel,bid,,70e5daa3-176d-4457-9743-3b7d6b01632d,ede5b087-a2ea-49eb-9494-a67b961bfc79,110.0,1.0,-1.0,0.0,,,cancelled,,,,,,,1778604803.01302
5273b4e4-2b4f-47fa-834f-bd0d84d237b0,0,3,2,56,2026-05-12T16:53:23.276456+00:00,order,add,ask,,7f2d1732-4226-4ab2-b17a-484dcaba3dcc,18711e8c-d4a6-4e40-ac02-472f81cda568,129.0,1.0,1.0,1.0,1,1.0,active,,,,,,,1778604803.2939
520e90a9-5e9e-4bfa-8244-34e70674e93f,0,3,3,138,2026-05-12T16:53:24.167667+00:00,order,add,ask,,8dd1a061-64d6-4395-b479-ffdd8e025035,5e6b5ec7-66f5-446f-b458-3b18596521a3,100.0,1.0,1.0,1.0,1,1.0,active,,,,,,,1778604804.184799
520e90a9-5e9e-4bfa-8244-34e70674e93f,0,3,3,139,2026-05-12T16:53:24.568297+00:00,trade,trade,ask,S,,,96.0,1.0,,,,,,a4a32e22-c49d-4052-ba38-2662a35004d1,,c552537f-ef24-4ce1-beac-9f2448ade818,47f161e0-e4fc-40f4-80f2-8eb8bcce7d43,6b8a7a0e-6534-4c7f-ba8e-d90a38b5b936,a7efec93-ac3e-45ce-84ac-eb2844742dd5,1778604804.58523
520e90a9-5e9e-4bfa-8244-34e70674e93f,0,3,3,140,2026-05-12T16:53:24.588767+00:00,order,fill,ask,,47f161e0-e4fc-40f4-80f2-8eb8bcce7d43,a7efec93-ac3e-45ce-84ac-eb2844742dd5,96.0,1.0,-1.0,0.0,,,executed,a4a32e22-c49d-4052-ba38-2662a35004d1,c552537f-ef24-4ce1-beac-9f2448ade818,,,,,1778604804.604123
520e90a9-5e9e-4bfa-8244-34e70674e93f,0,3,3,141,2026-05-12T16:53:24.607407+00:00,order,fill,bid,,c552537f-ef24-4ce1-beac-9f2448ade818,6b8a7a0e-6534-4c7f-ba8e-d90a38b5b936,96.0,1.0,-1.0,0.0,,,executed,a4a32e22-c49d-4052-ba38-2662a35004d1,47f161e0-e4fc-40f4-80f2-8eb8bcce7d43,,,,,1778604804.622948
5273b4e4-2b4f-47fa-834f-bd0d84d237b0,0,3,2,57,2026-05-12T16:53:26.395897+00:00,order,add,ask,,0f9c54f5-787d-42b1-a51c-2899a2ad8fc4,18711e8c-d4a6-4e40-ac02-472f81cda568,131.0,1.0,1.0,1.0,1,1.0,active,,,,,,,1778604806.412141
520e90a9-5e9e-4bfa-8244-34e70674e93f,0,3,3,142,2026-05-12T16:53:26.456112+00:00,order,add,bid,,0d868856-2de7-4f6f-84dc-f8e68868d2ca,1a600171-9cfa-44bf-a3d4-b7322acefe1a,96.0,1.0,1.0,1.0,1,1.0,active,,,,,,,1778604806.471754
5273b4e4-2b4f-47fa-834f-bd0d84d237b0,0,3,2,58,2026-05-12T16:53:27.290483+00:00,order,add,bid,,62b892ce-4fae-48a5-aab4-90dcdbf3dd67,1893c9fa-143a-45ae-8599-dfedb6054045,108.0,1.0,1.0,1.0,1,1.0,active,,,,,,,1778604807.306292
06f4d9ab-2d66-4d8f-845c-680ac99ec639,0,3,10,180,2026-05-12T16:53:27.935473+00:00,order,add,bid,,c017c5eb-78f1-47ab-b03e-377c04237b36,664d5f3b-570d-4a80-9e72-387baf4c63ae,116.0,1.0,1.0,1.0,10,10.0,active,,,,,,,1778604807.952985
06f4d9ab-2d66-4d8f-845c-680ac99ec639,0,3,10,181,2026-05-12T16:53:28.595993+00:00,trade,trade,bid,B,,,116.6,1.0,,,,,,ac55bb8e-90ca-4368-8f83-0777ffb9cf86,,c2d5184a-223f-4b6d-840d-647f62a0d0be,3055a587-d12f-4dfc-8f31-e6df74182cce,cda8f129-61a6-4153-bf08-1c1a945507c7,b5eb1e0a-5002-4683-a96b-77986bde95ab,1778604808.612735
06f4d9ab-2d66-4d8f-845c-680ac99ec639,0,3,10,182,2026-05-12T16:53:28.616135+00:00,order,fill,ask,,3055a587-d12f-4dfc-8f31-e6df74182cce,b5eb1e0a-5002-4683-a96b-77986bde95ab,116.6,1.0,-1.0,0.0,,,executed,ac55bb8e-90ca-4368-8f83-0777ffb9cf86,c2d5184a-223f-4b6d-840d-647f62a0d0be,,,,,1778604808.631536
06f4d9ab-2d66-4d8f-845c-680ac99ec639,0,3,10,183,2026-05-12T16:53:28.634860+00:00,order,fill,bid,,c2d5184a-223f-4b6d-840d-647f62a0d0be,cda8f129-61a6-4153-bf08-1c1a945507c7,116.75,1.0,-1.0,0.0,,,executed,ac55bb8e-90ca-4368-8f83-0777ffb9cf86,3055a587-d12f-4dfc-8f31-e6df74182cce,,,,,1778604808.65155
5273b4e4-2b4f-47fa-834f-bd0d84d237b0,0,3,2,59,2026-05-12T16:53:31.186170+00:00,trade,trade,ask,S,,,108.0,1.0,,,,,,55ae0cff-c329-4db4-94bb-45e578ca4ebd,,62b892ce-4fae-48a5-aab4-90dcdbf3dd67,265686a0-ef8d-4b8a-8a89-96e5a68fc6dc,1893c9fa-143a-45ae-8599-dfedb6054045,ede5b087-a2ea-49eb-9494-a67b961bfc79,1778604811.203742
5273b4e4-2b4f-47fa-834f-bd0d84d237b0,0,3,2,60,2026-05-12T16:53:31.206824+00:00,order,fill,ask,,265686a0-ef8d-4b8a-8a89-96e5a68fc6dc,ede5b087-a2ea-49eb-9494-a67b961bfc79,102.0,1.0,-1.0,0.0,,,executed,55ae0cff-c329-4db4-94bb-45e578ca4ebd,62b892ce-4fae-48a5-aab4-90dcdbf3dd67,,,,,1778604811.222761
5273b4e4-2b4f-47fa-834f-bd0d84d237b0,0,3,2,61,2026-05-12T16:53:31.225695+00:00,order,fill,bid,,62b892ce-4fae-48a5-aab4-90dcdbf3dd67,1893c9fa-143a-45ae-8599-dfedb6054045,108.0,1.0,-1.0,0.0,,,executed,55ae0cff-c329-4db4-94bb-45e578ca4ebd,265686a0-ef8d-4b8a-8a89-96e5a68fc6dc,,,,,1778604811.241518
5273b4e4-2b4f-47fa-834f-bd0d84d237b0,0,3,2,62,2026-05-12T16:53:31.985391+00:00,order,add,bid,,6d5513dd-6e1a-45d5-9ff6-7005fb3795dd,4c5c436f-ca6c-40f1-9cb5-b8bc15205ad4,108.0,1.0,1.0,1.0,1,1.0,active,,,,,,,1778604812.00197
06f4d9ab-2d66-4d8f-845c-680ac99ec639,0,3,10,184,2026-05-12T16:53:32.040291+00:00,order,add,bid,,a9943cc5-6c33-4534-aba6-7288a5188138,664d5f3b-570d-4a80-9e72-387baf4c63ae,116.0,1.0,1.0,1.0,11,11.0,active,,,,,,,1778604812.056892
5273b4e4-2b4f-47fa-834f-bd0d84d237b0,0,3,2,63,2026-05-12T16:53:32.508211+00:00,order,add,bid,,76d8c5ca-8309-41d5-b074-8e8c4d6de3d9,d00142cb-036c-42b2-986f-4d8449293679,80.0,1.0,1.0,1.0,1,1.0,active,,,,,,,1778604812.523966
5273b4e4-2b4f-47fa-834f-bd0d84d237b0,0,3,2,64,2026-05-12T16:53:34.577007+00:00,order,add,bid,,c37488bd-c2b9-4d65-b6cd-e2727d4f46a6,4c5c436f-ca6c-40f1-9cb5-b8bc15205ad4,108.0,1.0,1.0,1.0,2,2.0,active,,,,,,,1778604814.593148
06f4d9ab-2d66-4d8f-845c-680ac99ec639,0,3,10,185,2026-05-12T16:53:36.888945+00:00,order,add,ask,,22aecb7a-5aa7-4a12-bae6-16b8bb6210b7,b5eb1e0a-5002-4683-a96b-77986bde95ab,116.5,1.0,1.0,1.0,1,1.0,active,,,,,,,1778604816.905246
5273b4e4-2b4f-47fa-834f-bd0d84d237b0,0,3,2,65,2026-05-12T16:53:37.083793+00:00,order,add,ask,,5dcc4512-3203-489d-b03d-353dcacb03ea,18711e8c-d4a6-4e40-ac02-472f81cda568,124.0,1.0,1.0,1.0,1,1.0,active,,,,,,,1778604817.099826
5273b4e4-2b4f-47fa-834f-bd0d84d237b0,0,3,2,66,2026-05-12T16:53:39.488662+00:00,order,add,ask,,1259f60a-d729-45be-8a13-49c1611f1678,4c5c436f-ca6c-40f1-9cb5-b8bc15205ad4,115.0,1.0,1.0,1.0,1,1.0,active,,,,,,,1778604819.504524
5273b4e4-2b4f-47fa-834f-bd0d84d237b0,0,3,2,67,2026-05-12T16:53:40.492719+00:00,order,add,ask,,bda3208f-71f7-45c2-b709-3f7a4c047298,18711e8c-d4a6-4e40-ac02-472f81cda568,125.0,1.0,1.0,1.0,5,5.0,active,,,,,,,1778604820.508914
06f4d9ab-2d66-4d8f-845c-680ac99ec639,0,3,10,186,2026-05-12T16:53:42.759422+00:00,order,add,ask,,759b4ef1-2060-4ef0-9043-d585e073e4ed,b5eb1e0a-5002-4683-a96b-77986bde95ab,116.5,1.0,1.0,1.0,2,2.0,active,,,,,,,1778604822.775592
5273b4e4-2b4f-47fa-834f-bd0d84d237b0,0,3,2,68,2026-05-12T16:53:44.455705+00:00,order,add,ask,,dfc83fee-afcb-47b5-b7b2-912045caf2ef,18711e8c-d4a6-4e40-ac02-472f81cda568,123.0,1.0,1.0,1.0,1,1.0,active,,,,,,,1778604824.472806
5273b4e4-2b4f-47fa-834f-bd0d84d237b0,0,3,2,69,2026-05-12T16:53:45.940418+00:00,order,add,bid,,adcdb3e5-20bd-4e91-b3a8-50539c5f0e41,d00142cb-036c-42b2-986f-4d8449293679,50.0,1.0,1.0,1.0,1,1.0,active,,,,,,,1778604825.956888
5273b4e4-2b4f-47fa-834f-bd0d84d237b0,0,3,2,70,2026-05-12T16:53:46.040571+00:00,order,add,ask,,f05962dd-4fff-4bd0-82ff-a59019983f69,4c5c436f-ca6c-40f1-9cb5-b8bc15205ad4,115.0,1.0,1.0,1.0,2,2.0,active,,,,,,,1778604826.056755
5273b4e4-2b4f-47fa-834f-bd0d84d237b0,0,3,2,71,2026-05-12T16:53:48.692330+00:00,order,add,ask,,49c23d43-13f2-41a7-b832-3ff5ea9d060f,18711e8c-d4a6-4e40-ac02-472f81cda568,120.0,1.0,1.0,1.0,1,1.0,active,,,,,,,1778604828.709176
520e90a9-5e9e-4bfa-8244-34e70674e93f,0,3,3,143,2026-05-12T16:53:52.016021+00:00,order,cancel,bid,,0d868856-2de7-4f6f-84dc-f8e68868d2ca,1a600171-9cfa-44bf-a3d4-b7322acefe1a,96.0,1.0,-1.0,0.0,,,cancelled,,,,,,,1778604832.031867
520e90a9-5e9e-4bfa-8244-34e70674e93f,0,3,4,144,2026-05-12T16:53:54.057270+00:00,order,add,ask,,58ba92e6-794e-4e7e-8d87-c09ead0e832a,6b8a7a0e-6534-4c7f-ba8e-d90a38b5b936,96.0,1.0,1.0,1.0,1,1.0,active,,,,,,,1778604834.073258
06f4d9ab-2d66-4d8f-845c-680ac99ec639,0,3,10,187,2026-05-12T16:53:54.872599+00:00,order,add,ask,,46eb32ad-1281-4ff7-b9ea-351b3d147f08,cda8f129-61a6-4153-bf08-1c1a945507c7,116.48,1.0,1.0,1.0,1,1.0,active,,,,,,,1778604834.888868
06f4d9ab-2d66-4d8f-845c-680ac99ec639,0,3,10,188,2026-05-12T16:53:55.572124+00:00,order,add,ask,,e0df7a86-f034-4d0c-82a2-b668e18b6bdb,664d5f3b-570d-4a80-9e72-387baf4c63ae,117.0,1.0,1.0,1.0,4,4.0,active,,,,,,,1778604835.588266
520e90a9-5e9e-4bfa-8244-34e70674e93f,0,3,4,145,2026-05-12T16:53:56.167456+00:00,order,add,bid,,6ea254b5-4aa0-49c7-b35b-0042281f85a5,1a600171-9cfa-44bf-a3d4-b7322acefe1a,90.0,1.0,1.0,1.0,1,1.0,active,,,,,,,1778604836.183392
06f4d9ab-2d66-4d8f-845c-680ac99ec639,0,3,10,189,2026-05-12T16:53:57.279058+00:00,order,add,bid,,ed212f86-c802-4326-aa6c-5b70a692e338,664d5f3b-570d-4a80-9e72-387baf4c63ae,116.0,1.0,1.0,1.0,12,12.0,active,,,,,,,1778604837.296036
06f4d9ab-2d66-4d8f-845c-680ac99ec639,0,3,10,190,2026-05-12T16:53:58.609393+00:00,order,cancel,ask,,46eb32ad-1281-4ff7-b9ea-351b3d147f08,cda8f129-61a6-4153-bf08-1c1a945507c7,116.48,1.0,-1.0,0.0,,,cancelled,,,,,,,1778604838.625421
06f4d9ab-2d66-4d8f-845c-680ac99ec639,0,3,7,191,2026-05-12T16:54:00.338928+00:00,order,cancel,bid,,29ec8583-0e42-4724-b6df-140db2218886,664d5f3b-570d-4a80-9e72-387baf4c63ae,116.0,1.0,-1.0,0.0,,,cancelled,,,,,,,1778604840.355455
520e90a9-5e9e-4bfa-8244-34e70674e93f,0,3,4,146,2026-05-12T16:54:02.356929+00:00,order,add,ask,,c041a243-2cfe-4d1a-9392-301cd76aebd5,cb46e42c-c695-4491-ae41-767eb4004474,95.0,1.0,1.0,1.0,1,1.0,active,,,,,,,1778604842.43061
520e90a9-5e9e-4bfa-8244-34e70674e93f,0,3,4,147,2026-05-12T16:54:03.162716+00:00,order,add,bid,,cb92254d-b938-47a1-988e-ff2ed9f624cf,6b8a7a0e-6534-4c7f-ba8e-d90a38b5b936,80.0,1.0,1.0,1.0,1,1.0,active,,,,,,,1778604843.179458
06f4d9ab-2d66-4d8f-845c-680ac99ec639,0,3,10,192,2026-05-12T16:54:03.719586+00:00,order,add,ask,,47ce4709-d350-428b-8b61-837b4cbdde9d,b5eb1e0a-5002-4683-a96b-77986bde95ab,116.45,1.0,1.0,1.0,1,1.0,active,,,,,,,1778604843.736062
06f4d9ab-2d66-4d8f-845c-680ac99ec639,0,3,10,193,2026-05-12T16:54:05.075339+00:00,order,cancel,ask,,22aecb7a-5aa7-4a12-bae6-16b8bb6210b7,b5eb1e0a-5002-4683-a96b-77986bde95ab,116.5,1.0,-1.0,0.0,,,cancelled,,,,,,,1778604845.092394
06f4d9ab-2d66-4d8f-845c-680ac99ec639,0,3,10,194,2026-05-12T16:54:05.129717+00:00,order,cancel,ask,,759b4ef1-2060-4ef0-9043-d585e073e4ed,b5eb1e0a-5002-4683-a96b-77986bde95ab,116.5,1.0,-1.0,0.0,,,cancelled,,,,,,,1778604845.147032
06f4d9ab-2d66-4d8f-845c-680ac99ec639,0,3,10,195,2026-05-12T16:54:05.401289+00:00,order,add,ask,,46f98849-f5ca-489f-b23d-6ac42414c501,cda8f129-61a6-4153-bf08-1c1a945507c7,116.7,1.0,1.0,1.0,1,1.0,active,,,,,,,1778604845.419124
520e90a9-5e9e-4bfa-8244-34e70674e93f,0,3,4,148,2026-05-12T16:54:05.480732+00:00,trade,trade,bid,B,,,95.0,1.0,,,,,,160d69fb-f643-49a9-b2b3-118b72ca0de1,,f298ac8d-a8b8-4b43-bad9-1dec11fa6637,c041a243-2cfe-4d1a-9392-301cd76aebd5,a7efec93-ac3e-45ce-84ac-eb2844742dd5,cb46e42c-c695-4491-ae41-767eb4004474,1778604845.496939
520e90a9-5e9e-4bfa-8244-34e70674e93f,0,3,4,149,2026-05-12T16:54:05.500137+00:00,order,fill,ask,,c041a243-2cfe-4d1a-9392-301cd76aebd5,cb46e42c-c695-4491-ae41-767eb4004474,95.0,1.0,-1.0,0.0,,,executed,160d69fb-f643-49a9-b2b3-118b72ca0de1,f298ac8d-a8b8-4b43-bad9-1dec11fa6637,,,,,1778604845.516793
520e90a9-5e9e-4bfa-8244-34e70674e93f,0,3,4,150,2026-05-12T16:54:05.519761+00:00,order,fill,bid,,f298ac8d-a8b8-4b43-bad9-1dec11fa6637,a7efec93-ac3e-45ce-84ac-eb2844742dd5,96.0,1.0,-1.0,0.0,,,executed,160d69fb-f643-49a9-b2b3-118b72ca0de1,c041a243-2cfe-4d1a-9392-301cd76aebd5,,,,,1778604845.53515
5273b4e4-2b4f-47fa-834f-bd0d84d237b0,0,3,1,72,2026-05-12T16:54:05.666803+00:00,order,cancel,ask,,afc3b84f-3331-491a-bde8-c1908172fc00,ede5b087-a2ea-49eb-9494-a67b961bfc79,125.0,1.0,-1.0,0.0,,,cancelled,,,,,,,1778604845.684204
5273b4e4-2b4f-47fa-834f-bd0d84d237b0,0,3,2,73,2026-05-12T16:54:06.033897+00:00,order,cancel,bid,,2f9da021-2536-4ba1-9604-a780c6c78d2d,bc7d5ce5-ff5f-43da-8411-1cc4780872be,105.0,1.0,-1.0,0.0,,,cancelled,,,,,,,1778604846.049387
520e90a9-5e9e-4bfa-8244-34e70674e93f,0,3,4,151,2026-05-12T16:54:06.742630+00:00,order,add,ask,,3e09d7b9-1fd1-404e-9684-1e7228f00bf6,1a600171-9cfa-44bf-a3d4-b7322acefe1a,95.0,1.0,1.0,1.0,1,1.0,active,,,,,,,1778604846.758921
06f4d9ab-2d66-4d8f-845c-680ac99ec639,0,3,10,196,2026-05-12T16:54:08.583429+00:00,order,add,ask,,8162ed5e-b9d0-44ed-ae16-36d13ff090d7,b5eb1e0a-5002-4683-a96b-77986bde95ab,116.45,1.0,1.0,1.0,2,2.0,active,,,,,,,1778604848.601811
520e90a9-5e9e-4bfa-8244-34e70674e93f,0,3,4,152,2026-05-12T16:54:08.640071+00:00,trade,trade,ask,S,,,90.0,1.0,,,,,,91d323cf-cdad-474b-be45-931ca5d98438,,6ea254b5-4aa0-49c7-b35b-0042281f85a5,76a4f06e-ba17-4c82-a066-1ff7da4fb33a,1a600171-9cfa-44bf-a3d4-b7322acefe1a,a7efec93-ac3e-45ce-84ac-eb2844742dd5,1778604848.657215
520e90a9-5e9e-4bfa-8244-34e70674e93f,0,3,4,153,2026-05-12T16:54:08.660481+00:00,order,fill,ask,,76a4f06e-ba17-4c82-a066-1ff7da4fb33a,a7efec93-ac3e-45ce-84ac-eb2844742dd5,90.0,1.0,-1.0,0.0,,,executed,91d323cf-cdad-474b-be45-931ca5d98438,6ea254b5-4aa0-49c7-b35b-0042281f85a5,,,,,1778604848.676306
520e90a9-5e9e-4bfa-8244-34e70674e93f,0,3,4,154,2026-05-12T16:54:08.679222+00:00,order,fill,bid,,6ea254b5-4aa0-49c7-b35b-0042281f85a5,1a600171-9cfa-44bf-a3d4-b7322acefe1a,90.0,1.0,-1.0,0.0,,,executed,91d323cf-cdad-474b-be45-931ca5d98438,76a4f06e-ba17-4c82-a066-1ff7da4fb33a,,,,,1778604848.695566
520e90a9-5e9e-4bfa-8244-34e70674e93f,0,3,3,155,2026-05-12T16:54:09.003936+00:00,order,cancel,ask,,fcb62f32-b03d-4b42-9c5e-6f00a04f6d60,cb46e42c-c695-4491-ae41-767eb4004474,110.0,1.0,-1.0,0.0,,,cancelled,,,,,,,1778604849.020806
520e90a9-5e9e-4bfa-8244-34e70674e93f,0,3,4,156,2026-05-12T16:54:09.362544+00:00,order,add,ask,,e5c756d5-780f-44df-b489-820f969c9299,6b8a7a0e-6534-4c7f-ba8e-d90a38b5b936,94.0,1.0,1.0,1.0,1,1.0,active,,,,,,,1778604849.379119
520e90a9-5e9e-4bfa-8244-34e70674e93f,0,3,4,157,2026-05-12T16:54:10.672928+00:00,order,cancel,ask,,58ba92e6-794e-4e7e-8d87-c09ead0e832a,6b8a7a0e-6534-4c7f-ba8e-d90a38b5b936,96.0,1.0,-1.0,0.0,,,cancelled,,,,,,,1778604850.694031
520e90a9-5e9e-4bfa-8244-34e70674e93f,0,3,3,158,2026-05-12T16:54:11.346227+00:00,order,cancel,ask,,2f94fa24-c0a7-4812-bc96-f3dbc6a41fe3,6b8a7a0e-6534-4c7f-ba8e-d90a38b5b936,102.0,1.0,-1.0,0.0,,,cancelled,,,,,,,1778604851.362519
520e90a9-5e9e-4bfa-8244-34e70674e93f,0,3,4,159,2026-05-12T16:54:11.976876+00:00,order,add,ask,,a0b9b10f-4238-4541-b071-a0a4d4ae9aa1,a7efec93-ac3e-45ce-84ac-eb2844742dd5,92.5,1.0,1.0,1.0,1,1.0,active,,,,,,,1778604851.993513
520e90a9-5e9e-4bfa-8244-34e70674e93f,0,3,4,160,2026-05-12T16:54:15.024886+00:00,order,cancel,ask,,a0b9b10f-4238-4541-b071-a0a4d4ae9aa1,a7efec93-ac3e-45ce-84ac-eb2844742dd5,92.5,1.0,-1.0,0.0,,,cancelled,,,,,,,1778604855.041322
5273b4e4-2b4f-47fa-834f-bd0d84d237b0,0,3,3,74,2026-05-12T16:54:15.097487+00:00,order,add,bid,,4b8e9592-d996-49d5-bc3d-8f8015a52817,4c5c436f-ca6c-40f1-9cb5-b8bc15205ad4,100.0,1.0,1.0,1.0,1,1.0,active,,,,,,,1778604855.11336
5273b4e4-2b4f-47fa-834f-bd0d84d237b0,0,3,3,75,2026-05-12T16:54:15.317779+00:00,order,add,bid,,738a1566-95c8-44f1-92a7-3be7696f2433,d00142cb-036c-42b2-986f-4d8449293679,10.0,1.0,1.0,1.0,1,1.0,active,,,,,,,1778604855.333524
5273b4e4-2b4f-47fa-834f-bd0d84d237b0,0,3,3,76,2026-05-12T16:54:16.410484+00:00,order,add,bid,,53a9e510-bc5f-4043-a1c9-9b74af907356,1893c9fa-143a-45ae-8599-dfedb6054045,110.0,1.0,1.0,1.0,1,1.0,active,,,,,,,1778604856.425998
520e90a9-5e9e-4bfa-8244-34e70674e93f,0,3,4,161,2026-05-12T16:54:16.637745+00:00,order,add,bid,,1370cd56-c880-419c-8212-e253b53e028c,1a600171-9cfa-44bf-a3d4-b7322acefe1a,85.0,1.0,1.0,1.0,1,1.0,active,,,,,,,1778604856.65368
5273b4e4-2b4f-47fa-834f-bd0d84d237b0,0,3,3,77,2026-05-12T16:54:16.728421+00:00,order,add,bid,,71c218e6-1cb5-4c4e-af0d-520e2728aa70,bc7d5ce5-ff5f-43da-8411-1cc4780872be,102.0,1.0,1.0,1.0,1,1.0,active,,,,,,,1778604856.744328
06f4d9ab-2d66-4d8f-845c-680ac99ec639,0,3,10,197,2026-05-12T16:54:17.064801+00:00,order,add,bid,,2bdfe96e-d5b1-48f4-b5a6-568ef3bb3f7a,cda8f129-61a6-4153-bf08-1c1a945507c7,116.2,1.0,1.0,1.0,1,1.0,active,,,,,,,1778604857.081231
520e90a9-5e9e-4bfa-8244-34e70674e93f,0,3,4,162,2026-05-12T16:54:17.393738+00:00,order,add,bid,,abf33f03-7daf-43b9-872f-91dfa7f08f77,a7efec93-ac3e-45ce-84ac-eb2844742dd5,86.25,1.0,1.0,1.0,1,1.0,active,,,,,,,1778604857.409474
520e90a9-5e9e-4bfa-8244-34e70674e93f,0,3,4,163,2026-05-12T16:54:17.904894+00:00,order,add,ask,,c057cd75-3245-43db-b1d6-e21ac300181a,6b8a7a0e-6534-4c7f-ba8e-d90a38b5b936,93.0,1.0,1.0,1.0,1,1.0,active,,,,,,,1778604857.922213
06f4d9ab-2d66-4d8f-845c-680ac99ec639,0,3,3,198,2026-05-12T16:54:19.161759+00:00,order,cancel,bid,,e253f520-3eac-4898-9e42-5c3f313cef7e,cda8f129-61a6-4153-bf08-1c1a945507c7,112.0,1.0,-1.0,0.0,,,cancelled,,,,,,,1778604859.177781
5273b4e4-2b4f-47fa-834f-bd0d84d237b0,0,3,3,78,2026-05-12T16:54:20.874151+00:00,order,cancel,bid,,53a9e510-bc5f-4043-a1c9-9b74af907356,1893c9fa-143a-45ae-8599-dfedb6054045,110.0,1.0,-1.0,0.0,,,cancelled,,,,,,,1778604860.890968
520e90a9-5e9e-4bfa-8244-34e70674e93f,0,3,4,164,2026-05-12T16:54:21.356840+00:00,order,add,ask,,c5c5e601-9184-4411-879b-6348af86dfca,c9677d60-b255-4563-955c-c09e7b64f2df,92.0,1.0,1.0,1.0,1,1.0,active,,,,,,,1778604861.373936
5273b4e4-2b4f-47fa-834f-bd0d84d237b0,0,3,3,79,2026-05-12T16:54:21.962370+00:00,order,cancel,bid,,4b8e9592-d996-49d5-bc3d-8f8015a52817,4c5c436f-ca6c-40f1-9cb5-b8bc15205ad4,100.0,1.0,-1.0,0.0,,,cancelled,,,,,,,1778604861.981846
5273b4e4-2b4f-47fa-834f-bd0d84d237b0,0,3,3,80,2026-05-12T16:54:22.209705+00:00,order,add,bid,,ee263ac8-dcf8-438f-8f57-ac34ae39ff2e,bc7d5ce5-ff5f-43da-8411-1cc4780872be,105.0,1.0,1.0,1.0,1,1.0,active,,,,,,,1778604862.2253
520e90a9-5e9e-4bfa-8244-34e70674e93f,0,3,4,165,2026-05-12T16:54:23.032611+00:00,order,add,ask,,6264d400-6492-4fb9-a8d9-272f071ec9e2,a7efec93-ac3e-45ce-84ac-eb2844742dd5,89.25,1.0,1.0,1.0,1,1.0,active,,,,,,,1778604863.04854
5273b4e4-2b4f-47fa-834f-bd0d84d237b0,0,3,3,81,2026-05-12T16:54:23.644645+00:00,order,add,bid,,b9114920-00d7-4a28-86e1-a1658478d1d7,18711e8c-d4a6-4e40-ac02-472f81cda568,111.5,1.0,1.0,1.0,1,1.0,active,,,,,,,1778604863.660542
520e90a9-5e9e-4bfa-8244-34e70674e93f,0,3,4,166,2026-05-12T16:54:23.698911+00:00,order,add,bid,,c158d614-9da1-4126-a3ca-25e40a35adec,6b8a7a0e-6534-4c7f-ba8e-d90a38b5b936,87.0,1.0,1.0,1.0,1,1.0,active,,,,,,,1778604863.714763
5273b4e4-2b4f-47fa-834f-bd0d84d237b0,0,3,3,82,2026-05-12T16:54:24.637447+00:00,order,add,bid,,f8c215f2-e2b3-4c98-bf08-f6a002818815,d00142cb-036c-42b2-986f-4d8449293679,5.0,1.0,1.0,1.0,1,1.0,active,,,,,,,1778604864.653983
5273b4e4-2b4f-47fa-834f-bd0d84d237b0,0,3,3,83,2026-05-12T16:54:26.450904+00:00,trade,trade,ask,S,,,111.5,1.0,,,,,,79e180a6-d7c2-424a-b3e3-1f9d4922d2e8,,b9114920-00d7-4a28-86e1-a1658478d1d7,75d4e5a9-3fdb-4114-a13f-249e0f6f6cd9,18711e8c-d4a6-4e40-ac02-472f81cda568,ede5b087-a2ea-49eb-9494-a67b961bfc79,1778604866.467664
5273b4e4-2b4f-47fa-834f-bd0d84d237b0,0,3,3,84,2026-05-12T16:54:26.470856+00:00,order,fill,ask,,75d4e5a9-3fdb-4114-a13f-249e0f6f6cd9,ede5b087-a2ea-49eb-9494-a67b961bfc79,111.5,1.0,-1.0,0.0,,,executed,79e180a6-d7c2-424a-b3e3-1f9d4922d2e8,b9114920-00d7-4a28-86e1-a1658478d1d7,,,,,1778604866.486712
5273b4e4-2b4f-47fa-834f-bd0d84d237b0,0,3,3,85,2026-05-12T16:54:26.489623+00:00,order,fill,bid,,b9114920-00d7-4a28-86e1-a1658478d1d7,18711e8c-d4a6-4e40-ac02-472f81cda568,111.5,1.0,-1.0,0.0,,,executed,79e180a6-d7c2-424a-b3e3-1f9d4922d2e8,75d4e5a9-3fdb-4114-a13f-249e0f6f6cd9,,,,,1778604866.505222
520e90a9-5e9e-4bfa-8244-34e70674e93f,0,3,4,167,2026-05-12T16:54:26.657213+00:00,order,add,ask,,0acc4504-091d-40a7-ab6b-8f4d79913469,6b8a7a0e-6534-4c7f-ba8e-d90a38b5b936,88.0,1.0,1.0,1.0,1,1.0,active,,,,,,,1778604866.674338
5273b4e4-2b4f-47fa-834f-bd0d84d237b0,0,3,3,86,2026-05-12T16:54:27.649267+00:00,order,add,bid,,e9b37b0e-9cb1-4b25-b2b4-caa4a8503c46,4c5c436f-ca6c-40f1-9cb5-b8bc15205ad4,110.0,1.0,1.0,1.0,1,1.0,active,,,,,,,1778604867.665961
520e90a9-5e9e-4bfa-8244-34e70674e93f,0,3,4,168,2026-05-12T16:54:27.723318+00:00,order,add,ask,,a652ffa1-49e9-49df-97a1-63de2aae5a82,cb46e42c-c695-4491-ae41-767eb4004474,92.0,1.0,1.0,1.0,2,2.0,active,,,,,,,1778604867.739502
5273b4e4-2b4f-47fa-834f-bd0d84d237b0,0,3,3,87,2026-05-12T16:54:28.627867+00:00,order,add,bid,,e8a61a89-e738-4f12-b75c-ca11d38f7b04,1893c9fa-143a-45ae-8599-dfedb6054045,107.0,1.0,1.0,1.0,1,1.0,active,,,,,,,1778604868.644199
5273b4e4-2b4f-47fa-834f-bd0d84d237b0,0,3,3,88,2026-05-12T16:54:28.720973+00:00,order,add,bid,,49808927-bba1-46a8-82d0-7777850a58f3,4c5c436f-ca6c-40f1-9cb5-b8bc15205ad4,111.5,1.0,1.0,1.0,1,1.0,active,,,,,,,1778604868.737664
520e90a9-5e9e-4bfa-8244-34e70674e93f,0,3,4,169,2026-05-12T16:54:28.865873+00:00,order,cancel,bid,,cb92254d-b938-47a1-988e-ff2ed9f624cf,6b8a7a0e-6534-4c7f-ba8e-d90a38b5b936,80.0,1.0,-1.0,0.0,,,cancelled,,,,,,,1778604868.882715
520e90a9-5e9e-4bfa-8244-34e70674e93f,0,3,4,170,2026-05-12T16:54:29.701614+00:00,order,cancel,ask,,c5c5e601-9184-4411-879b-6348af86dfca,c9677d60-b255-4563-955c-c09e7b64f2df,92.0,1.0,-1.0,0.0,,,cancelled,,,,,,,1778604869.71726
520e90a9-5e9e-4bfa-8244-34e70674e93f,0,3,4,171,2026-05-12T16:54:30.480671+00:00,trade,trade,bid,B,,,88.0,1.0,,,,,,03e8d1d6-7f38-4dbc-843a-24bd8092e394,,9ea7a081-828b-4347-bb4a-f57e3e60d010,0acc4504-091d-40a7-ab6b-8f4d79913469,a7efec93-ac3e-45ce-84ac-eb2844742dd5,6b8a7a0e-6534-4c7f-ba8e-d90a38b5b936,1778604870.497337
520e90a9-5e9e-4bfa-8244-34e70674e93f,0,3,4,172,2026-05-12T16:54:30.500253+00:00,order,fill,ask,,0acc4504-091d-40a7-ab6b-8f4d79913469,6b8a7a0e-6534-4c7f-ba8e-d90a38b5b936,88.0,1.0,-1.0,0.0,,,executed,03e8d1d6-7f38-4dbc-843a-24bd8092e394,9ea7a081-828b-4347-bb4a-f57e3e60d010,,,,,1778604870.515938
520e90a9-5e9e-4bfa-8244-34e70674e93f,0,3,4,173,2026-05-12T16:54:30.518788+00:00,order,fill,bid,,9ea7a081-828b-4347-bb4a-f57e3e60d010,a7efec93-ac3e-45ce-84ac-eb2844742dd5,88.0,1.0,-1.0,0.0,,,executed,03e8d1d6-7f38-4dbc-843a-24bd8092e394,0acc4504-091d-40a7-ab6b-8f4d79913469,,,,,1778604870.533732
520e90a9-5e9e-4bfa-8244-34e70674e93f,0,3,4,174,2026-05-12T16:54:30.568363+00:00,order,cancel,ask,,c057cd75-3245-43db-b1d6-e21ac300181a,6b8a7a0e-6534-4c7f-ba8e-d90a38b5b936,93.0,1.0,-1.0,0.0,,,cancelled,,,,,,,1778604870.583637
5273b4e4-2b4f-47fa-834f-bd0d84d237b0,0,3,3,89,2026-05-12T16:54:31.106210+00:00,trade,trade,ask,S,,,111.5,1.0,,,,,,032dca5f-6bda-4e12-a111-bd120f0b1e78,,49808927-bba1-46a8-82d0-7777850a58f3,ac37885d-6e7f-44e0-bf03-2775af8cf628,4c5c436f-ca6c-40f1-9cb5-b8bc15205ad4,ede5b087-a2ea-49eb-9494-a67b961bfc79,1778604871.123764
5273b4e4-2b4f-47fa-834f-bd0d84d237b0,0,3,3,90,2026-05-12T16:54:31.126978+00:00,order,fill,ask,,ac37885d-6e7f-44e0-bf03-2775af8cf628,ede5b087-a2ea-49eb-9494-a67b961bfc79,111.5,1.0,-1.0,0.0,,,executed,032dca5f-6bda-4e12-a111-bd120f0b1e78,49808927-bba1-46a8-82d0-7777850a58f3,,,,,1778604871.14377
5273b4e4-2b4f-47fa-834f-bd0d84d237b0,0,3,3,91,2026-05-12T16:54:31.147292+00:00,order,fill,bid,,49808927-bba1-46a8-82d0-7777850a58f3,4c5c436f-ca6c-40f1-9cb5-b8bc15205ad4,111.5,1.0,-1.0,0.0,,,executed,032dca5f-6bda-4e12-a111-bd120f0b1e78,ac37885d-6e7f-44e0-bf03-2775af8cf628,,,,,1778604871.164243
5273b4e4-2b4f-47fa-834f-bd0d84d237b0,0,3,3,92,2026-05-12T16:54:31.251175+00:00,order,add,bid,,aa225e39-c5e7-42bf-bb3b-9c9fb36a5f2a,d00142cb-036c-42b2-986f-4d8449293679,5.0,1.0,1.0,1.0,2,2.0,active,,,,,,,1778604871.267397
520e90a9-5e9e-4bfa-8244-34e70674e93f,0,3,3,175,2026-05-12T16:54:32.942953+00:00,order,cancel,ask,,6d137c47-240e-495f-aebe-6ba79909027e,1a600171-9cfa-44bf-a3d4-b7322acefe1a,107.0,1.0,-1.0,0.0,,,cancelled,,,,,,,1778604872.96197
520e90a9-5e9e-4bfa-8244-34e70674e93f,0,3,4,176,2026-05-12T16:54:34.006439+00:00,trade,trade,ask,S,,,87.0,1.0,,,,,,2d4b2bcb-83e1-4889-83f2-1ccc971f6c38,,c158d614-9da1-4126-a3ca-25e40a35adec,3cc4d159-f2cc-464c-86ad-780db2e5ef6d,6b8a7a0e-6534-4c7f-ba8e-d90a38b5b936,c9677d60-b255-4563-955c-c09e7b64f2df,1778604874.025346
520e90a9-5e9e-4bfa-8244-34e70674e93f,0,3,4,177,2026-05-12T16:54:34.029099+00:00,order,fill,ask,,3cc4d159-f2cc-464c-86ad-780db2e5ef6d,c9677d60-b255-4563-955c-c09e7b64f2df,85.0,1.0,-1.0,0.0,,,executed,2d4b2bcb-83e1-4889-83f2-1ccc971f6c38,c158d614-9da1-4126-a3ca-25e40a35adec,,,,,1778604874.049808
520e90a9-5e9e-4bfa-8244-34e70674e93f,0,3,4,178,2026-05-12T16:54:34.053232+00:00,order,fill,bid,,c158d614-9da1-4126-a3ca-25e40a35adec,6b8a7a0e-6534-4c7f-ba8e-d90a38b5b936,87.0,1.0,-1.0,0.0,,,executed,2d4b2bcb-83e1-4889-83f2-1ccc971f6c38,3cc4d159-f2cc-464c-86ad-780db2e5ef6d,,,,,1778604874.071659
5273b4e4-2b4f-47fa-834f-bd0d84d237b0,0,3,3,93,2026-05-12T16:54:34.234093+00:00,trade,trade,ask,S,,,110.0,1.0,,,,,,d6e08bd7-069a-4364-84f1-65962760ee7e,,e9b37b0e-9cb1-4b25-b2b4-caa4a8503c46,80869872-785c-4878-8ed8-f5d9ddcee3d2,4c5c436f-ca6c-40f1-9cb5-b8bc15205ad4,ede5b087-a2ea-49eb-9494-a67b961bfc79,1778604874.252993
5273b4e4-2b4f-47fa-834f-bd0d84d237b0,0,3,3,94,2026-05-12T16:54:34.258517+00:00,order,fill,ask,,80869872-785c-4878-8ed8-f5d9ddcee3d2,ede5b087-a2ea-49eb-9494-a67b961bfc79,110.0,1.0,-1.0,0.0,,,executed,d6e08bd7-069a-4364-84f1-65962760ee7e,e9b37b0e-9cb1-4b25-b2b4-caa4a8503c46,,,,,1778604874.276336
5273b4e4-2b4f-47fa-834f-bd0d84d237b0,0,3,3,95,2026-05-12T16:54:34.279573+00:00,order,fill,bid,,e9b37b0e-9cb1-4b25-b2b4-caa4a8503c46,4c5c436f-ca6c-40f1-9cb5-b8bc15205ad4,110.0,1.0,-1.0,0.0,,,executed,d6e08bd7-069a-4364-84f1-65962760ee7e,80869872-785c-4878-8ed8-f5d9ddcee3d2,,,,,1778604874.296975
520e90a9-5e9e-4bfa-8244-34e70674e93f,0,3,4,179,2026-05-12T16:54:34.419059+00:00,order,cancel,ask,,e5c756d5-780f-44df-b489-820f969c9299,6b8a7a0e-6534-4c7f-ba8e-d90a38b5b936,94.0,1.0,-1.0,0.0,,,cancelled,,,,,,,1778604874.439295
5273b4e4-2b4f-47fa-834f-bd0d84d237b0,0,3,3,96,2026-05-12T16:54:34.756559+00:00,order,add,ask,,49b25f1b-6d2f-4679-8195-60fd3169e672,18711e8c-d4a6-4e40-ac02-472f81cda568,119.0,1.0,1.0,1.0,1,1.0,active,,,,,,,1778604874.772292
5273b4e4-2b4f-47fa-834f-bd0d84d237b0,0,3,2,97,2026-05-12T16:54:35.186504+00:00,order,cancel,ask,,1259f60a-d729-45be-8a13-49c1611f1678,4c5c436f-ca6c-40f1-9cb5-b8bc15205ad4,115.0,1.0,-1.0,0.0,,,cancelled,,,,,,,1778604875.203128
5273b4e4-2b4f-47fa-834f-bd0d84d237b0,0,3,3,98,2026-05-12T16:54:35.241032+00:00,order,add,bid,,7e19cab9-2fc6-44fa-be4d-73a290786bda,d00142cb-036c-42b2-986f-4d8449293679,10.0,1.0,1.0,1.0,2,2.0,active,,,,,,,1778604875.25652
5273b4e4-2b4f-47fa-834f-bd0d84d237b0,0,3,3,99,2026-05-12T16:54:37.098521+00:00,trade,trade,ask,S,,,108.0,1.0,,,,,,b464dd74-b054-4878-bc8e-cd03e232b60a,,6d5513dd-6e1a-45d5-9ff6-7005fb3795dd,7f3dce5d-a7ff-445a-b531-5ed59ae8f19d,4c5c436f-ca6c-40f1-9cb5-b8bc15205ad4,ede5b087-a2ea-49eb-9494-a67b961bfc79,1778604877.115094
5273b4e4-2b4f-47fa-834f-bd0d84d237b0,0,3,3,100,2026-05-12T16:54:37.118070+00:00,order,fill,ask,,7f3dce5d-a7ff-445a-b531-5ed59ae8f19d,ede5b087-a2ea-49eb-9494-a67b961bfc79,108.0,1.0,-1.0,0.0,,,executed,b464dd74-b054-4878-bc8e-cd03e232b60a,6d5513dd-6e1a-45d5-9ff6-7005fb3795dd,,,,,1778604877.132678
5273b4e4-2b4f-47fa-834f-bd0d84d237b0,0,3,3,101,2026-05-12T16:54:37.135655+00:00,order,fill,bid,,6d5513dd-6e1a-45d5-9ff6-7005fb3795dd,4c5c436f-ca6c-40f1-9cb5-b8bc15205ad4,108.0,1.0,-1.0,0.0,,,executed,b464dd74-b054-4878-bc8e-cd03e232b60a,7f3dce5d-a7ff-445a-b531-5ed59ae8f19d,,,,,1778604877.151111
520e90a9-5e9e-4bfa-8244-34e70674e93f,0,3,4,180,2026-05-12T16:54:37.570715+00:00,order,add,ask,,9b7925ad-ac17-4477-8a68-a69ce153c0dc,6b8a7a0e-6534-4c7f-ba8e-d90a38b5b936,88.0,1.0,1.0,1.0,1,1.0,active,,,,,,,1778604877.58702
5273b4e4-2b4f-47fa-834f-bd0d84d237b0,0,3,3,102,2026-05-12T16:54:37.968938+00:00,order,add,bid,,899e0a83-bba7-4c6a-b324-ac5a891f47ca,4c5c436f-ca6c-40f1-9cb5-b8bc15205ad4,111.5,1.0,1.0,1.0,1,1.0,active,,,,,,,1778604877.984835
5273b4e4-2b4f-47fa-834f-bd0d84d237b0,0,3,3,103,2026-05-12T16:54:38.835704+00:00,order,add,ask,,86c09be2-6e0b-41a7-b1cf-3970868db326,18711e8c-d4a6-4e40-ac02-472f81cda568,120.0,1.0,1.0,1.0,2,2.0,active,,,,,,,1778604878.851594
5273b4e4-2b4f-47fa-834f-bd0d84d237b0,0,3,3,104,2026-05-12T16:54:39.818800+00:00,trade,trade,ask,S,,,111.5,1.0,,,,,,1777327a-270b-46df-af5a-0d6f7c83b006,,899e0a83-bba7-4c6a-b324-ac5a891f47ca,4f42eb43-6016-4321-8848-a2708b83f06e,4c5c436f-ca6c-40f1-9cb5-b8bc15205ad4,ede5b087-a2ea-49eb-9494-a67b961bfc79,1778604879.834508
5273b4e4-2b4f-47fa-834f-bd0d84d237b0,0,3,3,105,2026-05-12T16:54:39.837982+00:00,order,fill,ask,,4f42eb43-6016-4321-8848-a2708b83f06e,ede5b087-a2ea-49eb-9494-a67b961bfc79,111.5,1.0,-1.0,0.0,,,executed,1777327a-270b-46df-af5a-0d6f7c83b006,899e0a83-bba7-4c6a-b324-ac5a891f47ca,,,,,1778604879.852824
5273b4e4-2b4f-47fa-834f-bd0d84d237b0,0,3,3,106,2026-05-12T16:54:39.855725+00:00,order,fill,bid,,899e0a83-bba7-4c6a-b324-ac5a891f47ca,4c5c436f-ca6c-40f1-9cb5-b8bc15205ad4,111.5,1.0,-1.0,0.0,,,executed,1777327a-270b-46df-af5a-0d6f7c83b006,4f42eb43-6016-4321-8848-a2708b83f06e,,,,,1778604879.870836
520e90a9-5e9e-4bfa-8244-34e70674e93f,0,3,4,181,2026-05-12T16:54:40.159872+00:00,order,add,ask,,4d1071fd-c20f-4d91-bd9c-90b169776396,a7efec93-ac3e-45ce-84ac-eb2844742dd5,100000.0,1.0,1.0,1.0,1,1.0,active,,,,,,,1778604880.175618
5273b4e4-2b4f-47fa-834f-bd0d84d237b0,0,3,3,107,2026-05-12T16:54:40.289435+00:00,order,add,ask,,14ef1973-0a80-4350-9483-2e96cf3f32b2,4c5c436f-ca6c-40f1-9cb5-b8bc15205ad4,111.5,1.0,1.0,1.0,1,1.0,active,,,,,,,1778604880.306746
520e90a9-5e9e-4bfa-8244-34e70674e93f,0,3,4,182,2026-05-12T16:54:40.767829+00:00,trade,trade,bid,B,,,88.0,1.0,,,,,,08f144fe-5ac0-42c1-a728-239105469d10,,8b7a5e61-2cd4-4efd-a810-efe94a5c89e3,9b7925ad-ac17-4477-8a68-a69ce153c0dc,1a600171-9cfa-44bf-a3d4-b7322acefe1a,6b8a7a0e-6534-4c7f-ba8e-d90a38b5b936,1778604880.783964
520e90a9-5e9e-4bfa-8244-34e70674e93f,0,3,4,183,2026-05-12T16:54:40.787009+00:00,order,fill,ask,,9b7925ad-ac17-4477-8a68-a69ce153c0dc,6b8a7a0e-6534-4c7f-ba8e-d90a38b5b936,88.0,1.0,-1.0,0.0,,,executed,08f144fe-5ac0-42c1-a728-239105469d10,8b7a5e61-2cd4-4efd-a810-efe94a5c89e3,,,,,1778604880.801705
520e90a9-5e9e-4bfa-8244-34e70674e93f,0,3,4,184,2026-05-12T16:54:40.804772+00:00,order,fill,bid,,8b7a5e61-2cd4-4efd-a810-efe94a5c89e3,1a600171-9cfa-44bf-a3d4-b7322acefe1a,88.0,1.0,-1.0,0.0,,,executed,08f144fe-5ac0-42c1-a728-239105469d10,9b7925ad-ac17-4477-8a68-a69ce153c0dc,,,,,1778604880.819236
520e90a9-5e9e-4bfa-8244-34e70674e93f,0,3,4,185,2026-05-12T16:54:40.855234+00:00,order,add,bid,,1dfd8c7b-e24c-4ecb-9103-5c5f19c2f4bc,6b8a7a0e-6534-4c7f-ba8e-d90a38b5b936,87.0,1.0,1.0,1.0,1,1.0,active,,,,,,,1778604880.870484
520e90a9-5e9e-4bfa-8244-34e70674e93f,0,3,4,186,2026-05-12T16:54:42.508513+00:00,order,add,bid,,28e63332-890f-4ce0-b7d5-9432dc045001,c9677d60-b255-4563-955c-c09e7b64f2df,70.0,1.0,1.0,1.0,1,1.0,active,,,,,,,1778604882.524164
5273b4e4-2b4f-47fa-834f-bd0d84d237b0,0,3,3,108,2026-05-12T16:54:42.818981+00:00,trade,trade,ask,S,,,108.0,1.0,,,,,,92c2b876-7917-4de2-bd98-194133cc74f6,,c37488bd-c2b9-4d65-b6cd-e2727d4f46a6,f9010ef5-6ff2-46b1-b352-61cec5646e1b,4c5c436f-ca6c-40f1-9cb5-b8bc15205ad4,1893c9fa-143a-45ae-8599-dfedb6054045,1778604882.83499
5273b4e4-2b4f-47fa-834f-bd0d84d237b0,0,3,3,109,2026-05-12T16:54:42.837963+00:00,order,fill,ask,,f9010ef5-6ff2-46b1-b352-61cec5646e1b,1893c9fa-143a-45ae-8599-dfedb6054045,108.0,1.0,-1.0,0.0,,,executed,92c2b876-7917-4de2-bd98-194133cc74f6,c37488bd-c2b9-4d65-b6cd-e2727d4f46a6,,,,,1778604882.852475
5273b4e4-2b4f-47fa-834f-bd0d84d237b0,0,3,3,110,2026-05-12T16:54:42.855346+00:00,order,fill,bid,,c37488bd-c2b9-4d65-b6cd-e2727d4f46a6,4c5c436f-ca6c-40f1-9cb5-b8bc15205ad4,108.0,1.0,-1.0,0.0,,,executed,92c2b876-7917-4de2-bd98-194133cc74f6,f9010ef5-6ff2-46b1-b352-61cec5646e1b,,,,,1778604882.86988
5273b4e4-2b4f-47fa-834f-bd0d84d237b0,0,3,1,111,2026-05-12T16:54:42.941120+00:00,order,cancel,bid,,fc61cbda-efc4-4c48-95b8-8e8ebc99bb2e,d00142cb-036c-42b2-986f-4d8449293679,99.0,1.0,-1.0,0.0,,,cancelled,,,,,,,1778604882.956379
5273b4e4-2b4f-47fa-834f-bd0d84d237b0,0,3,3,112,2026-05-12T16:54:43.164214+00:00,order,add,ask,,88725200-f6bc-4ed5-88ad-6d26c550cd1f,18711e8c-d4a6-4e40-ac02-472f81cda568,123.0,1.0,1.0,1.0,2,2.0,active,,,,,,,1778604883.181445
520e90a9-5e9e-4bfa-8244-34e70674e93f,0,3,4,187,2026-05-12T16:54:44.384778+00:00,order,add,ask,,d4fb9376-06b0-4d3d-a368-62a7602203fe,6b8a7a0e-6534-4c7f-ba8e-d90a38b5b936,89.0,1.0,1.0,1.0,1,1.0,active,,,,,,,1778604884.400864
5273b4e4-2b4f-47fa-834f-bd0d84d237b0,0,3,3,113,2026-05-12T16:54:44.955319+00:00,order,cancel,bid,,e8a61a89-e738-4f12-b75c-ca11d38f7b04,1893c9fa-143a-45ae-8599-dfedb6054045,107.0,1.0,-1.0,0.0,,,cancelled,,,,,,,1778604884.970844
520e90a9-5e9e-4bfa-8244-34e70674e93f,0,3,4,188,2026-05-12T16:54:46.167859+00:00,order,add,ask,,687a73d1-c264-45f7-a973-58b193f41335,a7efec93-ac3e-45ce-84ac-eb2844742dd5,10000.0,1.0,1.0,1.0,1,1.0,active,,,,,,,1778604886.184306
5273b4e4-2b4f-47fa-834f-bd0d84d237b0,0,3,3,114,2026-05-12T16:54:46.409879+00:00,order,add,ask,,8879c4ba-ce85-4775-817d-76c560452f26,ede5b087-a2ea-49eb-9494-a67b961bfc79,107.0,1.0,1.0,1.0,1,1.0,active,,,,,,,1778604886.425759
520e90a9-5e9e-4bfa-8244-34e70674e93f,0,3,1,189,2026-05-12T16:54:47.640170+00:00,order,cancel,ask,,eff2ac37-6b2a-49a0-9c0c-87a2fd406c15,a7efec93-ac3e-45ce-84ac-eb2844742dd5,1e+87,1.0,-1.0,0.0,,,cancelled,,,,,,,1778604887.656432
5273b4e4-2b4f-47fa-834f-bd0d84d237b0,0,3,3,115,2026-05-12T16:54:48.292682+00:00,order,add,ask,,d20e7fc3-d698-468c-a4c3-3b269ae94914,18711e8c-d4a6-4e40-ac02-472f81cda568,118.0,1.0,1.0,1.0,1,1.0,active,,,,,,,1778604888.309469
520e90a9-5e9e-4bfa-8244-34e70674e93f,0,3,1,190,2026-05-12T16:54:48.346371+00:00,order,cancel,ask,,28192797-ab1f-4e91-a227-3bcad2335062,a7efec93-ac3e-45ce-84ac-eb2844742dd5,10000000000.0,1.0,-1.0,0.0,,,cancelled,,,,,,,1778604888.361834
06f4d9ab-2d66-4d8f-845c-680ac99ec639,0,3,11,199,2026-05-12T16:54:48.698421+00:00,order,add,ask,,ae31bf93-1b5d-472c-aa43-59c876235a52,cda8f129-61a6-4153-bf08-1c1a945507c7,116.5,1.0,1.0,1.0,1,1.0,active,,,,,,,1778604888.714767
520e90a9-5e9e-4bfa-8244-34e70674e93f,0,3,4,191,2026-05-12T16:54:48.920555+00:00,order,cancel,ask,,4d1071fd-c20f-4d91-bd9c-90b169776396,a7efec93-ac3e-45ce-84ac-eb2844742dd5,100000.0,1.0,-1.0,0.0,,,cancelled,,,,,,,1778604888.936867
520e90a9-5e9e-4bfa-8244-34e70674e93f,0,3,4,192,2026-05-12T16:54:49.442381+00:00,order,cancel,ask,,687a73d1-c264-45f7-a973-58b193f41335,a7efec93-ac3e-45ce-84ac-eb2844742dd5,10000.0,1.0,-1.0,0.0,,,cancelled,,,,,,,1778604889.458527
520e90a9-5e9e-4bfa-8244-34e70674e93f,0,3,1,193,2026-05-12T16:54:49.961000+00:00,order,cancel,ask,,c281f192-c0c2-40c3-a9f1-25ed3fe654b5,a7efec93-ac3e-45ce-84ac-eb2844742dd5,125.0,1.0,-1.0,0.0,,,cancelled,,,,,,,1778604889.976894
5273b4e4-2b4f-47fa-834f-bd0d84d237b0,0,3,3,116,2026-05-12T16:54:51.594594+00:00,order,cancel,ask,,8879c4ba-ce85-4775-817d-76c560452f26,ede5b087-a2ea-49eb-9494-a67b961bfc79,107.0,1.0,-1.0,0.0,,,cancelled,,,,,,,1778604891.610353
5273b4e4-2b4f-47fa-834f-bd0d84d237b0,0,3,3,117,2026-05-12T16:54:51.989404+00:00,order,add,bid,,e7a1614c-0d20-46eb-b498-a42e13a4e965,d00142cb-036c-42b2-986f-4d8449293679,60.0,1.0,1.0,1.0,1,1.0,active,,,,,,,1778604892.005307
5273b4e4-2b4f-47fa-834f-bd0d84d237b0,0,3,3,118,2026-05-12T16:54:52.266383+00:00,order,add,bid,,6cff873d-3a1d-44b9-9367-8cd4d7210f42,4c5c436f-ca6c-40f1-9cb5-b8bc15205ad4,107.0,1.0,1.0,1.0,1,1.0,active,,,,,,,1778604892.282852
5273b4e4-2b4f-47fa-834f-bd0d84d237b0,0,3,2,119,2026-05-12T16:54:53.870169+00:00,order,cancel,bid,,76d8c5ca-8309-41d5-b074-8e8c4d6de3d9,d00142cb-036c-42b2-986f-4d8449293679,80.0,1.0,-1.0,0.0,,,cancelled,,,,,,,1778604893.885579
5273b4e4-2b4f-47fa-834f-bd0d84d237b0,0,3,3,120,2026-05-12T16:54:56.313401+00:00,order,add,ask,,d48fdda7-6f43-42f6-b12c-efcca4e0a342,4c5c436f-ca6c-40f1-9cb5-b8bc15205ad4,110.0,1.0,1.0,1.0,1,1.0,active,,,,,,,1778604896.328632
06f4d9ab-2d66-4d8f-845c-680ac99ec639,0,3,11,200,2026-05-12T16:54:56.414204+00:00,order,add,bid,,79c5d9ac-99f0-4709-9081-7e1bc29d0814,664d5f3b-570d-4a80-9e72-387baf4c63ae,116.0,1.0,1.0,1.0,12,12.0,active,,,,,,,1778604896.430363
5273b4e4-2b4f-47fa-834f-bd0d84d237b0,0,3,3,121,2026-05-12T16:54:57.684459+00:00,order,add,ask,,61640c8d-6b82-4622-bc95-59c59bed9397,18711e8c-d4a6-4e40-ac02-472f81cda568,117.0,1.0,1.0,1.0,1,1.0,active,,,,,,,1778604897.701295
5273b4e4-2b4f-47fa-834f-bd0d84d237b0,0,3,3,122,2026-05-12T16:54:57.749770+00:00,order,add,bid,,228f892d-61b2-464d-9dd6-5654581a071f,d00142cb-036c-42b2-986f-4d8449293679,60.0,1.0,1.0,1.0,2,2.0,active,,,,,,,1778604897.765931
5273b4e4-2b4f-47fa-834f-bd0d84d237b0,0,3,3,123,2026-05-12T16:54:58.201816+00:00,order,add,bid,,531f422d-6f28-4ae6-bd47-314d21922f21,1893c9fa-143a-45ae-8599-dfedb6054045,101.1,1.0,1.0,1.0,1,1.0,active,,,,,,,1778604898.218139
5273b4e4-2b4f-47fa-834f-bd0d84d237b0,0,3,3,124,2026-05-12T16:54:59.529919+00:00,order,cancel,ask,,d48fdda7-6f43-42f6-b12c-efcca4e0a342,4c5c436f-ca6c-40f1-9cb5-b8bc15205ad4,110.0,1.0,-1.0,0.0,,,cancelled,,,,,,,1778604899.546507
5273b4e4-2b4f-47fa-834f-bd0d84d237b0,0,3,3,125,2026-05-12T16:54:59.616557+00:00,order,add,bid,,fd9324c3-48c7-44b2-85ae-dc4ddde2cec9,bc7d5ce5-ff5f-43da-8411-1cc4780872be,104.0,1.0,1.0,1.0,1,1.0,active,,,,,,,1778604899.63516
06f4d9ab-2d66-4d8f-845c-680ac99ec639,0,3,11,201,2026-05-12T16:55:11.122543+00:00,trade,trade,ask,S,,,116.2,1.0,,,,,,2b0b4863-5cc1-43b1-974c-401a16b20f80,,2bdfe96e-d5b1-48f4-b5a6-568ef3bb3f7a,83c16725-88e4-425b-8764-749ad3515d9c,cda8f129-61a6-4153-bf08-1c1a945507c7,664d5f3b-570d-4a80-9e72-387baf4c63ae,1778604911.138372
06f4d9ab-2d66-4d8f-845c-680ac99ec639,0,3,11,202,2026-05-12T16:55:11.141592+00:00,order,fill,ask,,83c16725-88e4-425b-8764-749ad3515d9c,664d5f3b-570d-4a80-9e72-387baf4c63ae,116.0,1.0,-1.0,0.0,,,executed,2b0b4863-5cc1-43b1-974c-401a16b20f80,2bdfe96e-d5b1-48f4-b5a6-568ef3bb3f7a,,,,,1778604911.157403
06f4d9ab-2d66-4d8f-845c-680ac99ec639,0,3,11,203,2026-05-12T16:55:11.160351+00:00,order,fill,bid,,2bdfe96e-d5b1-48f4-b5a6-568ef3bb3f7a,cda8f129-61a6-4153-bf08-1c1a945507c7,116.2,1.0,-1.0,0.0,,,executed,2b0b4863-5cc1-43b1-974c-401a16b20f80,83c16725-88e4-425b-8764-749ad3515d9c,,,,,1778604911.17618
520e90a9-5e9e-4bfa-8244-34e70674e93f,0,3,4,194,2026-05-12T16:55:13.887876+00:00,order,cancel,bid,,1370cd56-c880-419c-8212-e253b53e028c,1a600171-9cfa-44bf-a3d4-b7322acefe1a,85.0,1.0,-1.0,0.0,,,cancelled,,,,,,,1778604913.904796
520e90a9-5e9e-4bfa-8244-34e70674e93f,0,3,4,195,2026-05-12T16:55:15.437822+00:00,order,cancel,bid,,28e63332-890f-4ce0-b7d5-9432dc045001,c9677d60-b255-4563-955c-c09e7b64f2df,70.0,1.0,-1.0,0.0,,,cancelled,,,,,,,1778604915.455001
520e90a9-5e9e-4bfa-8244-34e70674e93f,0,3,5,196,2026-05-12T16:55:15.768662+00:00,trade,trade,ask,S,,,87.0,1.0,,,,,,e0e1a4c4-4df2-4c3a-87c7-980aa78fd81f,,1dfd8c7b-e24c-4ecb-9103-5c5f19c2f4bc,2b2c3854-abca-4376-b6a5-82c7d855282d,6b8a7a0e-6534-4c7f-ba8e-d90a38b5b936,a7efec93-ac3e-45ce-84ac-eb2844742dd5,1778604915.785939
520e90a9-5e9e-4bfa-8244-34e70674e93f,0,3,5,197,2026-05-12T16:55:15.789378+00:00,order,fill,ask,,2b2c3854-abca-4376-b6a5-82c7d855282d,a7efec93-ac3e-45ce-84ac-eb2844742dd5,87.0,1.0,-1.0,0.0,,,executed,e0e1a4c4-4df2-4c3a-87c7-980aa78fd81f,1dfd8c7b-e24c-4ecb-9103-5c5f19c2f4bc,,,,,1778604915.805874
520e90a9-5e9e-4bfa-8244-34e70674e93f,0,3,5,198,2026-05-12T16:55:15.809287+00:00,order,fill,bid,,1dfd8c7b-e24c-4ecb-9103-5c5f19c2f4bc,6b8a7a0e-6534-4c7f-ba8e-d90a38b5b936,87.0,1.0,-1.0,0.0,,,executed,e0e1a4c4-4df2-4c3a-87c7-980aa78fd81f,2b2c3854-abca-4376-b6a5-82c7d855282d,,,,,1778604915.824767
520e90a9-5e9e-4bfa-8244-34e70674e93f,0,3,4,199,2026-05-12T16:55:15.862691+00:00,order,cancel,ask,,3e09d7b9-1fd1-404e-9684-1e7228f00bf6,1a600171-9cfa-44bf-a3d4-b7322acefe1a,95.0,1.0,-1.0,0.0,,,cancelled,,,,,,,1778604915.878416
520e90a9-5e9e-4bfa-8244-34e70674e93f,0,3,5,200,2026-05-12T16:55:17.816644+00:00,trade,trade,ask,S,,,86.25,1.0,,,,,,1577f435-606a-4034-a8f9-29f6a1c46592,,abf33f03-7daf-43b9-872f-91dfa7f08f77,50e264a4-e9af-482a-a7e0-372848afd5f3,a7efec93-ac3e-45ce-84ac-eb2844742dd5,5e6b5ec7-66f5-446f-b458-3b18596521a3,1778604917.83388
520e90a9-5e9e-4bfa-8244-34e70674e93f,0,3,5,201,2026-05-12T16:55:17.837416+00:00,order,fill,ask,,50e264a4-e9af-482a-a7e0-372848afd5f3,5e6b5ec7-66f5-446f-b458-3b18596521a3,86.25,1.0,-1.0,0.0,,,executed,1577f435-606a-4034-a8f9-29f6a1c46592,abf33f03-7daf-43b9-872f-91dfa7f08f77,,,,,1778604917.853715
520e90a9-5e9e-4bfa-8244-34e70674e93f,0,3,5,202,2026-05-12T16:55:17.857156+00:00,order,fill,bid,,abf33f03-7daf-43b9-872f-91dfa7f08f77,a7efec93-ac3e-45ce-84ac-eb2844742dd5,86.25,1.0,-1.0,0.0,,,executed,1577f435-606a-4034-a8f9-29f6a1c46592,50e264a4-e9af-482a-a7e0-372848afd5f3,,,,,1778604917.873278
520e90a9-5e9e-4bfa-8244-34e70674e93f,0,3,2,203,2026-05-12T16:55:19.568008+00:00,order,cancel,ask,,66ee5298-66a1-43bc-9250-234c04166e4b,a7efec93-ac3e-45ce-84ac-eb2844742dd5,118.5,1.0,-1.0,0.0,,,cancelled,,,,,,,1778604919.584207
520e90a9-5e9e-4bfa-8244-34e70674e93f,0,3,2,204,2026-05-12T16:55:20.248278+00:00,order,cancel,ask,,bd06623f-5193-47b7-865c-791328b9d455,a7efec93-ac3e-45ce-84ac-eb2844742dd5,110.0,1.0,-1.0,0.0,,,cancelled,,,,,,,1778604920.264969
520e90a9-5e9e-4bfa-8244-34e70674e93f,0,3,3,205,2026-05-12T16:55:20.752038+00:00,order,cancel,ask,,270e3712-019d-4c5b-997b-a059d70359fd,a7efec93-ac3e-45ce-84ac-eb2844742dd5,108.5,1.0,-1.0,0.0,,,cancelled,,,,,,,1778604920.768899
520e90a9-5e9e-4bfa-8244-34e70674e93f,0,3,3,206,2026-05-12T16:55:21.152296+00:00,order,cancel,ask,,46110be4-4e6a-4f79-b0f1-ef2e9a8672a2,a7efec93-ac3e-45ce-84ac-eb2844742dd5,103.0,1.0,-1.0,0.0,,,cancelled,,,,,,,1778604921.168744
520e90a9-5e9e-4bfa-8244-34e70674e93f,0,3,5,207,2026-05-12T16:55:21.206574+00:00,order,add,bid,,3c4aab1b-76a7-4cbc-8b50-a3dacac27ab0,1a600171-9cfa-44bf-a3d4-b7322acefe1a,80.0,1.0,1.0,1.0,1,1.0,active,,,,,,,1778604921.222414
520e90a9-5e9e-4bfa-8244-34e70674e93f,0,3,5,208,2026-05-12T16:55:23.281857+00:00,order,add,bid,,bd4a5451-4a41-41e7-b89c-667087d4275c,6b8a7a0e-6534-4c7f-ba8e-d90a38b5b936,81.0,1.0,1.0,1.0,1,1.0,active,,,,,,,1778604923.298442
06f4d9ab-2d66-4d8f-845c-680ac99ec639,0,3,11,204,2026-05-12T16:55:24.199541+00:00,order,add,ask,,a5f8c714-b100-4b05-8aa9-27d0832afe8a,664d5f3b-570d-4a80-9e72-387baf4c63ae,117.0,1.0,1.0,1.0,5,5.0,active,,,,,,,1778604924.216781
520e90a9-5e9e-4bfa-8244-34e70674e93f,0,3,5,209,2026-05-12T16:55:24.782324+00:00,order,add,bid,,c359a58d-7cbc-4ff1-98d5-58a35a74b1db,1a600171-9cfa-44bf-a3d4-b7322acefe1a,75.0,1.0,1.0,1.0,1,1.0,active,,,,,,,1778604924.799133
5273b4e4-2b4f-47fa-834f-bd0d84d237b0,0,3,3,126,2026-05-12T16:55:25.355064+00:00,order,cancel,bid,,ee263ac8-dcf8-438f-8f57-ac34ae39ff2e,bc7d5ce5-ff5f-43da-8411-1cc4780872be,105.0,1.0,-1.0,0.0,,,cancelled,,,,,,,1778604925.372249
06f4d9ab-2d66-4d8f-845c-680ac99ec639,0,3,11,205,2026-05-12T16:55:25.413163+00:00,order,add,ask,,b43e089a-e2aa-40ab-9f3d-c68cf92e0347,cda8f129-61a6-4153-bf08-1c1a945507c7,116.43,1.0,1.0,1.0,1,1.0,active,,,,,,,1778604925.429324
520e90a9-5e9e-4bfa-8244-34e70674e93f,0,3,5,210,2026-05-12T16:55:26.786394+00:00,order,add,ask,,c7057134-d8e8-4aad-8ea8-1fae276b1b90,cb46e42c-c695-4491-ae41-767eb4004474,85.0,1.0,1.0,1.0,1,1.0,active,,,,,,,1778604926.803039
520e90a9-5e9e-4bfa-8244-34e70674e93f,0,3,5,211,2026-05-12T16:55:27.815702+00:00,trade,trade,bid,B,,,85.0,1.0,,,,,,78a10dd7-ff7c-47a9-b250-e76cc172af54,,3471c77c-1d06-4ecf-8e95-c74c7346d1bc,c7057134-d8e8-4aad-8ea8-1fae276b1b90,a7efec93-ac3e-45ce-84ac-eb2844742dd5,cb46e42c-c695-4491-ae41-767eb4004474,1778604927.83287
520e90a9-5e9e-4bfa-8244-34e70674e93f,0,3,5,212,2026-05-12T16:55:27.836342+00:00,order,fill,ask,,c7057134-d8e8-4aad-8ea8-1fae276b1b90,cb46e42c-c695-4491-ae41-767eb4004474,85.0,1.0,-1.0,0.0,,,executed,78a10dd7-ff7c-47a9-b250-e76cc172af54,3471c77c-1d06-4ecf-8e95-c74c7346d1bc,,,,,1778604927.853626
520e90a9-5e9e-4bfa-8244-34e70674e93f,0,3,5,213,2026-05-12T16:55:27.856894+00:00,order,fill,bid,,3471c77c-1d06-4ecf-8e95-c74c7346d1bc,a7efec93-ac3e-45ce-84ac-eb2844742dd5,85.0,1.0,-1.0,0.0,,,executed,78a10dd7-ff7c-47a9-b250-e76cc172af54,c7057134-d8e8-4aad-8ea8-1fae276b1b90,,,,,1778604927.871763
5273b4e4-2b4f-47fa-834f-bd0d84d237b0,0,3,3,127,2026-05-12T16:55:28.099219+00:00,order,cancel,bid,,531f422d-6f28-4ae6-bd47-314d21922f21,1893c9fa-143a-45ae-8599-dfedb6054045,101.1,1.0,-1.0,0.0,,,cancelled,,,,,,,1778604928.11562
5273b4e4-2b4f-47fa-834f-bd0d84d237b0,0,3,4,128,2026-05-12T16:55:28.199085+00:00,order,add,bid,,526c5bb0-fd5b-4041-88a0-d6732a3f0898,4c5c436f-ca6c-40f1-9cb5-b8bc15205ad4,105.0,1.0,1.0,1.0,1,1.0,active,,,,,,,1778604928.215064
5273b4e4-2b4f-47fa-834f-bd0d84d237b0,0,3,4,129,2026-05-12T16:55:28.713418+00:00,trade,trade,ask,S,,,107.0,1.0,,,,,,a085d677-4dcd-40a1-8c97-a80e2f90114c,,6cff873d-3a1d-44b9-9367-8cd4d7210f42,25e382e7-600e-4860-9a5e-2edd3d8e8ab8,4c5c436f-ca6c-40f1-9cb5-b8bc15205ad4,ede5b087-a2ea-49eb-9494-a67b961bfc79,1778604928.730539
5273b4e4-2b4f-47fa-834f-bd0d84d237b0,0,3,4,130,2026-05-12T16:55:28.734086+00:00,order,fill,ask,,25e382e7-600e-4860-9a5e-2edd3d8e8ab8,ede5b087-a2ea-49eb-9494-a67b961bfc79,107.0,1.0,-1.0,0.0,,,executed,a085d677-4dcd-40a1-8c97-a80e2f90114c,6cff873d-3a1d-44b9-9367-8cd4d7210f42,,,,,1778604928.750336
5273b4e4-2b4f-47fa-834f-bd0d84d237b0,0,3,4,131,2026-05-12T16:55:28.753625+00:00,order,fill,bid,,6cff873d-3a1d-44b9-9367-8cd4d7210f42,4c5c436f-ca6c-40f1-9cb5-b8bc15205ad4,107.0,1.0,-1.0,0.0,,,executed,a085d677-4dcd-40a1-8c97-a80e2f90114c,25e382e7-600e-4860-9a5e-2edd3d8e8ab8,,,,,1778604928.769949
5273b4e4-2b4f-47fa-834f-bd0d84d237b0,0,3,2,132,2026-05-12T16:55:28.883382+00:00,order,cancel,ask,,00405a1b-15a8-4acc-9718-2d0dd50a1e73,1893c9fa-143a-45ae-8599-dfedb6054045,115.5,1.0,-1.0,0.0,,,cancelled,,,,,,,1778604928.900711
520e90a9-5e9e-4bfa-8244-34e70674e93f,0,3,4,214,2026-05-12T16:55:29.163098+00:00,order,cancel,ask,,a652ffa1-49e9-49df-97a1-63de2aae5a82,cb46e42c-c695-4491-ae41-767eb4004474,92.0,1.0,-1.0,0.0,,,cancelled,,,,,,,1778604929.179475
5273b4e4-2b4f-47fa-834f-bd0d84d237b0,0,3,4,133,2026-05-12T16:55:31.808315+00:00,order,add,bid,,3ff48377-dc92-4ace-8cd0-85f697d81653,bc7d5ce5-ff5f-43da-8411-1cc4780872be,100.0,1.0,1.0,1.0,1,1.0,active,,,,,,,1778604931.824706
5273b4e4-2b4f-47fa-834f-bd0d84d237b0,0,3,4,134,2026-05-12T16:55:31.904932+00:00,trade,trade,ask,S,,,105.0,1.0,,,,,,0f8582ed-42e0-45c8-b4ab-5bf68318744e,,526c5bb0-fd5b-4041-88a0-d6732a3f0898,5974e784-314c-4ee3-8534-533fc6ae3b20,4c5c436f-ca6c-40f1-9cb5-b8bc15205ad4,ede5b087-a2ea-49eb-9494-a67b961bfc79,1778604931.920654
5273b4e4-2b4f-47fa-834f-bd0d84d237b0,0,3,4,135,2026-05-12T16:55:31.923906+00:00,order,fill,ask,,5974e784-314c-4ee3-8534-533fc6ae3b20,ede5b087-a2ea-49eb-9494-a67b961bfc79,105.0,1.0,-1.0,0.0,,,executed,0f8582ed-42e0-45c8-b4ab-5bf68318744e,526c5bb0-fd5b-4041-88a0-d6732a3f0898,,,,,1778604931.939349
5273b4e4-2b4f-47fa-834f-bd0d84d237b0,0,3,4,136,2026-05-12T16:55:31.942448+00:00,order,fill,bid,,526c5bb0-fd5b-4041-88a0-d6732a3f0898,4c5c436f-ca6c-40f1-9cb5-b8bc15205ad4,105.0,1.0,-1.0,0.0,,,executed,0f8582ed-42e0-45c8-b4ab-5bf68318744e,5974e784-314c-4ee3-8534-533fc6ae3b20,,,,,1778604931.957609
5273b4e4-2b4f-47fa-834f-bd0d84d237b0,0,3,3,137,2026-05-12T16:55:32.913997+00:00,order,cancel,bid,,fd9324c3-48c7-44b2-85ae-dc4ddde2cec9,bc7d5ce5-ff5f-43da-8411-1cc4780872be,104.0,1.0,-1.0,0.0,,,cancelled,,,,,,,1778604932.934147
520e90a9-5e9e-4bfa-8244-34e70674e93f,0,3,1,215,2026-05-12T16:55:34.064884+00:00,order,cancel,ask,,baeaa642-4e67-4832-8655-764bc7bf24f7,5e6b5ec7-66f5-446f-b458-3b18596521a3,120.0,1.0,-1.0,0.0,,,cancelled,,,,,,,1778604934.081785
520e90a9-5e9e-4bfa-8244-34e70674e93f,0,3,5,216,2026-05-12T16:55:34.351544+00:00,order,add,ask,,5a927443-fe2e-472b-944f-5c96e328f4d6,a7efec93-ac3e-45ce-84ac-eb2844742dd5,88.0,1.0,1.0,1.0,1,1.0,active,,,,,,,1778604934.368167
5273b4e4-2b4f-47fa-834f-bd0d84d237b0,0,3,4,138,2026-05-12T16:55:35.682578+00:00,order,add,ask,,91fdfdfb-de6d-4fde-816a-f982055cc875,1893c9fa-143a-45ae-8599-dfedb6054045,104.0,1.0,1.0,1.0,1,1.0,active,,,,,,,1778604935.699487
5273b4e4-2b4f-47fa-834f-bd0d84d237b0,0,3,4,139,2026-05-12T16:55:35.809721+00:00,trade,trade,ask,S,,,102.0,1.0,,,,,,36cf22d2-92aa-4d0e-8b37-e61f609a425d,,71c218e6-1cb5-4c4e-af0d-520e2728aa70,97994f8c-3214-4e84-9cc4-21f36f0a45f8,bc7d5ce5-ff5f-43da-8411-1cc4780872be,ede5b087-a2ea-49eb-9494-a67b961bfc79,1778604935.825774
5273b4e4-2b4f-47fa-834f-bd0d84d237b0,0,3,4,140,2026-05-12T16:55:35.829102+00:00,order,fill,ask,,97994f8c-3214-4e84-9cc4-21f36f0a45f8,ede5b087-a2ea-49eb-9494-a67b961bfc79,102.0,1.0,-1.0,0.0,,,executed,36cf22d2-92aa-4d0e-8b37-e61f609a425d,71c218e6-1cb5-4c4e-af0d-520e2728aa70,,,,,1778604935.844833
5273b4e4-2b4f-47fa-834f-bd0d84d237b0,0,3,4,141,2026-05-12T16:55:35.847898+00:00,order,fill,bid,,71c218e6-1cb5-4c4e-af0d-520e2728aa70,bc7d5ce5-ff5f-43da-8411-1cc4780872be,102.0,1.0,-1.0,0.0,,,executed,36cf22d2-92aa-4d0e-8b37-e61f609a425d,97994f8c-3214-4e84-9cc4-21f36f0a45f8,,,,,1778604935.866023
520e90a9-5e9e-4bfa-8244-34e70674e93f,0,3,5,217,2026-05-12T16:55:37.024856+00:00,order,add,ask,,2a77ca54-c0d4-47d1-9142-b2f409dae4bb,6b8a7a0e-6534-4c7f-ba8e-d90a38b5b936,87.0,1.0,1.0,1.0,1,1.0,active,,,,,,,1778604937.041276
520e90a9-5e9e-4bfa-8244-34e70674e93f,0,3,4,218,2026-05-12T16:55:38.402757+00:00,order,cancel,ask,,d4fb9376-06b0-4d3d-a368-62a7602203fe,6b8a7a0e-6534-4c7f-ba8e-d90a38b5b936,89.0,1.0,-1.0,0.0,,,cancelled,,,,,,,1778604938.418977
5273b4e4-2b4f-47fa-834f-bd0d84d237b0,0,3,4,142,2026-05-12T16:55:39.556518+00:00,trade,trade,ask,S,,,100.0,1.0,,,,,,ee906505-33c6-4bed-a882-bc47914ae84f,,3ff48377-dc92-4ace-8cd0-85f697d81653,688592cb-d233-468f-986c-932aebded67c,bc7d5ce5-ff5f-43da-8411-1cc4780872be,d00142cb-036c-42b2-986f-4d8449293679,1778604939.572514
5273b4e4-2b4f-47fa-834f-bd0d84d237b0,0,3,4,143,2026-05-12T16:55:39.576009+00:00,order,fill,ask,,688592cb-d233-468f-986c-932aebded67c,d00142cb-036c-42b2-986f-4d8449293679,90.0,1.0,-1.0,0.0,,,executed,ee906505-33c6-4bed-a882-bc47914ae84f,3ff48377-dc92-4ace-8cd0-85f697d81653,,,,,1778604939.590908
5273b4e4-2b4f-47fa-834f-bd0d84d237b0,0,3,4,144,2026-05-12T16:55:39.593736+00:00,order,fill,bid,,3ff48377-dc92-4ace-8cd0-85f697d81653,bc7d5ce5-ff5f-43da-8411-1cc4780872be,100.0,1.0,-1.0,0.0,,,executed,ee906505-33c6-4bed-a882-bc47914ae84f,688592cb-d233-468f-986c-932aebded67c,,,,,1778604939.608201
5273b4e4-2b4f-47fa-834f-bd0d84d237b0,0,3,4,145,2026-05-12T16:55:39.819179+00:00,order,add,bid,,e82b2f7d-e405-41ef-bc56-81237a2343d5,1893c9fa-143a-45ae-8599-dfedb6054045,100.0,1.0,1.0,1.0,1,1.0,active,,,,,,,1778604939.834856
520e90a9-5e9e-4bfa-8244-34e70674e93f,0,3,5,219,2026-05-12T16:55:42.887560+00:00,order,add,bid,,8c25ab6a-4a9d-431c-b1f0-a0773d8ad590,1a600171-9cfa-44bf-a3d4-b7322acefe1a,82.0,1.0,1.0,1.0,1,1.0,active,,,,,,,1778604942.904603
5273b4e4-2b4f-47fa-834f-bd0d84d237b0,0,3,4,146,2026-05-12T16:55:42.961310+00:00,trade,trade,ask,S,,,100.0,1.0,,,,,,1ee43f7e-98ed-425b-b23b-3280025b0e44,,e82b2f7d-e405-41ef-bc56-81237a2343d5,c94ac597-e333-46c8-ab84-8d6830562451,1893c9fa-143a-45ae-8599-dfedb6054045,ede5b087-a2ea-49eb-9494-a67b961bfc79,1778604942.977607
5273b4e4-2b4f-47fa-834f-bd0d84d237b0,0,3,4,147,2026-05-12T16:55:42.980683+00:00,order,fill,ask,,c94ac597-e333-46c8-ab84-8d6830562451,ede5b087-a2ea-49eb-9494-a67b961bfc79,100.0,1.0,-1.0,0.0,,,executed,1ee43f7e-98ed-425b-b23b-3280025b0e44,e82b2f7d-e405-41ef-bc56-81237a2343d5,,,,,1778604942.996114
5273b4e4-2b4f-47fa-834f-bd0d84d237b0,0,3,4,148,2026-05-12T16:55:42.999126+00:00,order,fill,bid,,e82b2f7d-e405-41ef-bc56-81237a2343d5,1893c9fa-143a-45ae-8599-dfedb6054045,100.0,1.0,-1.0,0.0,,,executed,1ee43f7e-98ed-425b-b23b-3280025b0e44,c94ac597-e333-46c8-ab84-8d6830562451,,,,,1778604943.015067
5273b4e4-2b4f-47fa-834f-bd0d84d237b0,0,3,4,149,2026-05-12T16:55:43.068948+00:00,order,add,bid,,b7d41aab-0944-4e6a-aa14-1d9f7957e668,bc7d5ce5-ff5f-43da-8411-1cc4780872be,100.0,1.0,1.0,1.0,1,1.0,active,,,,,,,1778604943.083608
5273b4e4-2b4f-47fa-834f-bd0d84d237b0,0,3,4,150,2026-05-12T16:55:43.699684+00:00,order,add,ask,,e9f2998d-3d94-4a2e-ac31-763292270f21,18711e8c-d4a6-4e40-ac02-472f81cda568,116.0,1.0,1.0,1.0,1,1.0,active,,,,,,,1778604943.715776
5273b4e4-2b4f-47fa-834f-bd0d84d237b0,0,3,4,151,2026-05-12T16:55:45.048822+00:00,trade,trade,bid,B,,,104.0,1.0,,,,,,303e7a97-8ab5-4bd4-810c-082cd90429a9,,5f59bf5e-4e85-4ecc-9b18-cf1922144dcb,91fdfdfb-de6d-4fde-816a-f982055cc875,4c5c436f-ca6c-40f1-9cb5-b8bc15205ad4,1893c9fa-143a-45ae-8599-dfedb6054045,1778604945.066565
5273b4e4-2b4f-47fa-834f-bd0d84d237b0,0,3,4,152,2026-05-12T16:55:45.070111+00:00,order,fill,ask,,91fdfdfb-de6d-4fde-816a-f982055cc875,1893c9fa-143a-45ae-8599-dfedb6054045,104.0,1.0,-1.0,0.0,,,executed,303e7a97-8ab5-4bd4-810c-082cd90429a9,5f59bf5e-4e85-4ecc-9b18-cf1922144dcb,,,,,1778604945.086542
5273b4e4-2b4f-47fa-834f-bd0d84d237b0,0,3,4,153,2026-05-12T16:55:45.089972+00:00,order,fill,bid,,5f59bf5e-4e85-4ecc-9b18-cf1922144dcb,4c5c436f-ca6c-40f1-9cb5-b8bc15205ad4,104.0,1.0,-1.0,0.0,,,executed,303e7a97-8ab5-4bd4-810c-082cd90429a9,91fdfdfb-de6d-4fde-816a-f982055cc875,,,,,1778604945.105344
520e90a9-5e9e-4bfa-8244-34e70674e93f,0,3,5,220,2026-05-12T16:55:46.936498+00:00,order,add,bid,,6ec8277c-761f-45f0-bdea-632672cbb030,6b8a7a0e-6534-4c7f-ba8e-d90a38b5b936,83.0,1.0,1.0,1.0,1,1.0,active,,,,,,,1778604946.952969
520e90a9-5e9e-4bfa-8244-34e70674e93f,0,3,5,221,2026-05-12T16:55:47.967759+00:00,order,add,bid,,346c73c7-13ee-461d-bc37-0d9b75eeec88,a7efec93-ac3e-45ce-84ac-eb2844742dd5,85.0,1.0,1.0,1.0,1,1.0,active,,,,,,,1778604947.983683
520e90a9-5e9e-4bfa-8244-34e70674e93f,0,3,5,222,2026-05-12T16:55:49.225546+00:00,order,cancel,bid,,bd4a5451-4a41-41e7-b89c-667087d4275c,6b8a7a0e-6534-4c7f-ba8e-d90a38b5b936,81.0,1.0,-1.0,0.0,,,cancelled,,,,,,,1778604949.24063
5273b4e4-2b4f-47fa-834f-bd0d84d237b0,0,3,4,154,2026-05-12T16:55:50.128448+00:00,order,add,bid,,c1d29975-6d74-461f-8fb0-387b15631ea3,4c5c436f-ca6c-40f1-9cb5-b8bc15205ad4,100.0,1.0,1.0,1.0,2,2.0,active,,,,,,,1778604950.144734
520e90a9-5e9e-4bfa-8244-34e70674e93f,0,3,5,223,2026-05-12T16:55:50.208649+00:00,trade,trade,ask,S,,,85.0,1.0,,,,,,e47f4e7e-adc6-484f-ab62-580b6c135f5d,,346c73c7-13ee-461d-bc37-0d9b75eeec88,c1eb686d-1dbd-4125-b295-013c19d1dc22,a7efec93-ac3e-45ce-84ac-eb2844742dd5,5e6b5ec7-66f5-446f-b458-3b18596521a3,1778604950.225292
520e90a9-5e9e-4bfa-8244-34e70674e93f,0,3,5,224,2026-05-12T16:55:50.228497+00:00,order,fill,ask,,c1eb686d-1dbd-4125-b295-013c19d1dc22,5e6b5ec7-66f5-446f-b458-3b18596521a3,85.0,1.0,-1.0,0.0,,,executed,e47f4e7e-adc6-484f-ab62-580b6c135f5d,346c73c7-13ee-461d-bc37-0d9b75eeec88,,,,,1778604950.243688
520e90a9-5e9e-4bfa-8244-34e70674e93f,0,3,5,225,2026-05-12T16:55:50.246626+00:00,order,fill,bid,,346c73c7-13ee-461d-bc37-0d9b75eeec88,a7efec93-ac3e-45ce-84ac-eb2844742dd5,85.0,1.0,-1.0,0.0,,,executed,e47f4e7e-adc6-484f-ab62-580b6c135f5d,c1eb686d-1dbd-4125-b295-013c19d1dc22,,,,,1778604950.262219
5273b4e4-2b4f-47fa-834f-bd0d84d237b0,0,3,4,155,2026-05-12T16:55:52.336621+00:00,order,add,bid,,e0901df3-1258-4578-b5e7-ab71f81ffd59,4c5c436f-ca6c-40f1-9cb5-b8bc15205ad4,105.75,1.0,1.0,1.0,1,1.0,active,,,,,,,1778604952.35313
5273b4e4-2b4f-47fa-834f-bd0d84d237b0,0,3,4,156,2026-05-12T16:55:52.627680+00:00,order,add,ask,,fd1157e1-11a5-46de-a14f-db4fac3cdd88,18711e8c-d4a6-4e40-ac02-472f81cda568,117.0,1.0,1.0,1.0,2,2.0,active,,,,,,,1778604952.646541
06f4d9ab-2d66-4d8f-845c-680ac99ec639,0,3,12,206,2026-05-12T16:55:53.384663+00:00,order,add,bid,,7d1e8826-49fd-412d-98b8-c81e8b1790e1,cda8f129-61a6-4153-bf08-1c1a945507c7,116.0,1.0,1.0,1.0,13,13.0,active,,,,,,,1778604953.400622
5273b4e4-2b4f-47fa-834f-bd0d84d237b0,0,3,4,157,2026-05-12T16:55:53.482390+00:00,order,add,bid,,5ebfcb81-4934-44fa-9c05-5f41ceefb9c0,1893c9fa-143a-45ae-8599-dfedb6054045,90.0,1.0,1.0,1.0,1,1.0,active,,,,,,,1778604953.49921
520e90a9-5e9e-4bfa-8244-34e70674e93f,0,3,5,226,2026-05-12T16:55:53.535680+00:00,order,add,ask,,f14343d3-b2d6-441e-93d4-fcf4249720c3,cb46e42c-c695-4491-ae41-767eb4004474,85.0,1.0,1.0,1.0,1,1.0,active,,,,,,,1778604953.551186
06f4d9ab-2d66-4d8f-845c-680ac99ec639,0,3,12,207,2026-05-12T16:55:54.175926+00:00,trade,trade,ask,S,,,116.0,1.0,,,,,,e5f374db-1779-4464-879e-193521fc6980,,82ae8985-13b0-4335-9ae7-7f9fdd0e1494,1148fe06-de2f-4521-94d3-f919069c6d58,664d5f3b-570d-4a80-9e72-387baf4c63ae,b5eb1e0a-5002-4683-a96b-77986bde95ab,1778604954.191869
06f4d9ab-2d66-4d8f-845c-680ac99ec639,0,3,12,208,2026-05-12T16:55:54.194929+00:00,order,fill,ask,,1148fe06-de2f-4521-94d3-f919069c6d58,b5eb1e0a-5002-4683-a96b-77986bde95ab,116.0,1.0,-1.0,0.0,,,executed,e5f374db-1779-4464-879e-193521fc6980,82ae8985-13b0-4335-9ae7-7f9fdd0e1494,,,,,1778604954.209973
06f4d9ab-2d66-4d8f-845c-680ac99ec639,0,3,12,209,2026-05-12T16:55:54.212738+00:00,order,fill,bid,,82ae8985-13b0-4335-9ae7-7f9fdd0e1494,664d5f3b-570d-4a80-9e72-387baf4c63ae,116.0,1.0,-1.0,0.0,,,executed,e5f374db-1779-4464-879e-193521fc6980,1148fe06-de2f-4521-94d3-f919069c6d58,,,,,1778604954.227806
520e90a9-5e9e-4bfa-8244-34e70674e93f,0,3,5,227,2026-05-12T16:55:54.649869+00:00,trade,trade,bid,B,,,85.0,1.0,,,,,,42e8b7b3-91d4-4ba7-8e8d-e0226edd4a98,,dc2dca83-37ea-4545-9154-b59f8b7ca480,f14343d3-b2d6-441e-93d4-fcf4249720c3,a7efec93-ac3e-45ce-84ac-eb2844742dd5,cb46e42c-c695-4491-ae41-767eb4004474,1778604954.665916
520e90a9-5e9e-4bfa-8244-34e70674e93f,0,3,5,228,2026-05-12T16:55:54.668920+00:00,order,fill,ask,,f14343d3-b2d6-441e-93d4-fcf4249720c3,cb46e42c-c695-4491-ae41-767eb4004474,85.0,1.0,-1.0,0.0,,,executed,42e8b7b3-91d4-4ba7-8e8d-e0226edd4a98,dc2dca83-37ea-4545-9154-b59f8b7ca480,,,,,1778604954.684716
520e90a9-5e9e-4bfa-8244-34e70674e93f,0,3,5,229,2026-05-12T16:55:54.688803+00:00,order,fill,bid,,dc2dca83-37ea-4545-9154-b59f8b7ca480,a7efec93-ac3e-45ce-84ac-eb2844742dd5,85.0,1.0,-1.0,0.0,,,executed,42e8b7b3-91d4-4ba7-8e8d-e0226edd4a98,f14343d3-b2d6-441e-93d4-fcf4249720c3,,,,,1778604954.703928
520e90a9-5e9e-4bfa-8244-34e70674e93f,0,3,2,230,2026-05-12T16:55:56.310704+00:00,order,cancel,ask,,dd8b8d87-4895-45b4-b67a-36494d2802d1,1a600171-9cfa-44bf-a3d4-b7322acefe1a,117.0,1.0,-1.0,0.0,,,cancelled,,,,,,,1778604956.326132
520e90a9-5e9e-4bfa-8244-34e70674e93f,0,3,2,231,2026-05-12T16:55:57.006324+00:00,order,cancel,ask,,dea3a522-a997-4487-8d62-b2c4cd979fa6,1a600171-9cfa-44bf-a3d4-b7322acefe1a,115.0,1.0,-1.0,0.0,,,cancelled,,,,,,,1778604957.022617
5273b4e4-2b4f-47fa-834f-bd0d84d237b0,0,3,4,158,2026-05-12T16:55:57.115590+00:00,order,add,ask,,d8533f99-0945-416d-81b9-40a1d9ecbf04,18711e8c-d4a6-4e40-ac02-472f81cda568,114.0,1.0,1.0,1.0,1,1.0,active,,,,,,,1778604957.131913
520e90a9-5e9e-4bfa-8244-34e70674e93f,0,3,1,232,2026-05-12T16:55:57.830548+00:00,order,cancel,ask,,450d426b-f421-4328-ae76-e00aeec9c0be,1a600171-9cfa-44bf-a3d4-b7322acefe1a,125.0,1.0,-1.0,0.0,,,cancelled,,,,,,,1778604957.846921
5273b4e4-2b4f-47fa-834f-bd0d84d237b0,0,3,4,159,2026-05-12T16:55:58.625499+00:00,trade,trade,ask,S,,,105.75,1.0,,,,,,f4eb0416-9fa8-4d46-a625-e81a1560ca2e,,e0901df3-1258-4578-b5e7-ab71f81ffd59,8621c32d-8972-4509-9e32-27330f4ac07e,4c5c436f-ca6c-40f1-9cb5-b8bc15205ad4,ede5b087-a2ea-49eb-9494-a67b961bfc79,1778604958.642588
5273b4e4-2b4f-47fa-834f-bd0d84d237b0,0,3,4,160,2026-05-12T16:55:58.645951+00:00,order,fill,ask,,8621c32d-8972-4509-9e32-27330f4ac07e,ede5b087-a2ea-49eb-9494-a67b961bfc79,105.75,1.0,-1.0,0.0,,,executed,f4eb0416-9fa8-4d46-a625-e81a1560ca2e,e0901df3-1258-4578-b5e7-ab71f81ffd59,,,,,1778604958.662328
5273b4e4-2b4f-47fa-834f-bd0d84d237b0,0,3,4,161,2026-05-12T16:55:58.665236+00:00,order,fill,bid,,e0901df3-1258-4578-b5e7-ab71f81ffd59,4c5c436f-ca6c-40f1-9cb5-b8bc15205ad4,105.75,1.0,-1.0,0.0,,,executed,f4eb0416-9fa8-4d46-a625-e81a1560ca2e,8621c32d-8972-4509-9e32-27330f4ac07e,,,,,1778604958.683927
520e90a9-5e9e-4bfa-8244-34e70674e93f,0,3,5,233,2026-05-12T16:55:58.847617+00:00,order,add,bid,,4b942156-3328-46e7-97e7-d89f704be6d6,a7efec93-ac3e-45ce-84ac-eb2844742dd5,84.0,1.0,1.0,1.0,1,1.0,active,,,,,,,1778604958.865256
06f4d9ab-2d66-4d8f-845c-680ac99ec639,0,3,12,210,2026-05-12T16:55:59.683583+00:00,order,add,bid,,a87100e2-a251-4e9a-a97f-4691f3b41200,664d5f3b-570d-4a80-9e72-387baf4c63ae,116.0,1.0,1.0,1.0,13,13.0,active,,,,,,,1778604959.701264
520e90a9-5e9e-4bfa-8244-34e70674e93f,0,3,5,234,2026-05-12T16:55:59.752605+00:00,order,add,ask,,4ef80717-cba8-4f4d-9296-d012fa2aedc3,6b8a7a0e-6534-4c7f-ba8e-d90a38b5b936,86.0,1.0,1.0,1.0,1,1.0,active,,,,,,,1778604959.768092
520e90a9-5e9e-4bfa-8244-34e70674e93f,0,3,5,235,2026-05-12T16:56:00.029115+00:00,trade,trade,ask,S,,,84.0,1.0,,,,,,c567ad3d-b111-4eed-b17f-7b1bd642e149,,4b942156-3328-46e7-97e7-d89f704be6d6,9f90d618-46bd-4e4c-a8f6-ad56faa37e4a,a7efec93-ac3e-45ce-84ac-eb2844742dd5,c9677d60-b255-4563-955c-c09e7b64f2df,1778604960.071035
520e90a9-5e9e-4bfa-8244-34e70674e93f,0,3,5,236,2026-05-12T16:56:00.076005+00:00,order,fill,ask,,9f90d618-46bd-4e4c-a8f6-ad56faa37e4a,c9677d60-b255-4563-955c-c09e7b64f2df,83.0,1.0,-1.0,0.0,,,executed,c567ad3d-b111-4eed-b17f-7b1bd642e149,4b942156-3328-46e7-97e7-d89f704be6d6,,,,,1778604960.114485
520e90a9-5e9e-4bfa-8244-34e70674e93f,0,3,5,237,2026-05-12T16:56:00.117557+00:00,order,fill,bid,,4b942156-3328-46e7-97e7-d89f704be6d6,a7efec93-ac3e-45ce-84ac-eb2844742dd5,84.0,1.0,-1.0,0.0,,,executed,c567ad3d-b111-4eed-b17f-7b1bd642e149,9f90d618-46bd-4e4c-a8f6-ad56faa37e4a,,,,,1778604960.136982
5273b4e4-2b4f-47fa-834f-bd0d84d237b0,0,3,4,162,2026-05-12T16:56:00.206756+00:00,trade,trade,ask,S,,,100.0,1.0,,,,,,03a0e046-2ef0-4f2f-bca7-b804a6b8e174,,b7d41aab-0944-4e6a-aa14-1d9f7957e668,c8f323bc-3d92-403b-b6b5-a025ff324cc2,bc7d5ce5-ff5f-43da-8411-1cc4780872be,1893c9fa-143a-45ae-8599-dfedb6054045,1778604960.230343
5273b4e4-2b4f-47fa-834f-bd0d84d237b0,0,3,4,163,2026-05-12T16:56:00.233782+00:00,order,fill,ask,,c8f323bc-3d92-403b-b6b5-a025ff324cc2,1893c9fa-143a-45ae-8599-dfedb6054045,100.0,1.0,-1.0,0.0,,,executed,03a0e046-2ef0-4f2f-bca7-b804a6b8e174,b7d41aab-0944-4e6a-aa14-1d9f7957e668,,,,,1778604960.250378
5273b4e4-2b4f-47fa-834f-bd0d84d237b0,0,3,4,164,2026-05-12T16:56:00.253551+00:00,order,fill,bid,,b7d41aab-0944-4e6a-aa14-1d9f7957e668,bc7d5ce5-ff5f-43da-8411-1cc4780872be,100.0,1.0,-1.0,0.0,,,executed,03a0e046-2ef0-4f2f-bca7-b804a6b8e174,c8f323bc-3d92-403b-b6b5-a025ff324cc2,,,,,1778604960.279986
520e90a9-5e9e-4bfa-8244-34e70674e93f,0,3,5,238,2026-05-12T16:56:02.085914+00:00,order,add,bid,,de70f74c-6019-4778-864c-d94116e3371f,1a600171-9cfa-44bf-a3d4-b7322acefe1a,84.0,1.0,1.0,1.0,1,1.0,active,,,,,,,1778604962.106197
06f4d9ab-2d66-4d8f-845c-680ac99ec639,0,3,8,211,2026-05-12T16:56:02.265252+00:00,order,cancel,bid,,b4ada98c-90dc-494d-97f2-e6cf0fe9917d,664d5f3b-570d-4a80-9e72-387baf4c63ae,116.0,1.0,-1.0,0.0,,,cancelled,,,,,,,1778604962.298212
5273b4e4-2b4f-47fa-834f-bd0d84d237b0,0,3,4,165,2026-05-12T16:56:03.988226+00:00,order,add,ask,,dc3cecbc-6d43-4429-9156-ac11068c52f6,d00142cb-036c-42b2-986f-4d8449293679,110.0,1.0,1.0,1.0,1,1.0,active,,,,,,,1778604964.005335
520e90a9-5e9e-4bfa-8244-34e70674e93f,0,3,5,239,2026-05-12T16:56:04.273676+00:00,order,add,bid,,dd1a7d68-59c5-4234-886c-2c8f79fc5d07,6b8a7a0e-6534-4c7f-ba8e-d90a38b5b936,85.0,1.0,1.0,1.0,1,1.0,active,,,,,,,1778604964.291455
5273b4e4-2b4f-47fa-834f-bd0d84d237b0,0,3,4,166,2026-05-12T16:56:04.595290+00:00,trade,trade,ask,S,,,100.0,1.0,,,,,,ab4142c6-8206-4ede-a13d-853726b890c4,,c1d29975-6d74-461f-8fb0-387b15631ea3,2c20fc1d-1dec-442b-92a7-24c203e6ca78,4c5c436f-ca6c-40f1-9cb5-b8bc15205ad4,1893c9fa-143a-45ae-8599-dfedb6054045,1778604964.611724
5273b4e4-2b4f-47fa-834f-bd0d84d237b0,0,3,4,167,2026-05-12T16:56:04.614663+00:00,order,fill,ask,,2c20fc1d-1dec-442b-92a7-24c203e6ca78,1893c9fa-143a-45ae-8599-dfedb6054045,100.0,1.0,-1.0,0.0,,,executed,ab4142c6-8206-4ede-a13d-853726b890c4,c1d29975-6d74-461f-8fb0-387b15631ea3,,,,,1778604964.630313
5273b4e4-2b4f-47fa-834f-bd0d84d237b0,0,3,4,168,2026-05-12T16:56:04.633424+00:00,order,fill,bid,,c1d29975-6d74-461f-8fb0-387b15631ea3,4c5c436f-ca6c-40f1-9cb5-b8bc15205ad4,100.0,1.0,-1.0,0.0,,,executed,ab4142c6-8206-4ede-a13d-853726b890c4,2c20fc1d-1dec-442b-92a7-24c203e6ca78,,,,,1778604964.6489
520e90a9-5e9e-4bfa-8244-34e70674e93f,0,3,5,240,2026-05-12T16:56:05.783330+00:00,trade,trade,ask,S,,,85.0,1.0,,,,,,5d0ab24c-798e-42af-9d0e-7703f9317bba,,dd1a7d68-59c5-4234-886c-2c8f79fc5d07,ba08def3-83e0-41d7-baef-4016ce322e2f,6b8a7a0e-6534-4c7f-ba8e-d90a38b5b936,a7efec93-ac3e-45ce-84ac-eb2844742dd5,1778604965.799544
520e90a9-5e9e-4bfa-8244-34e70674e93f,0,3,5,241,2026-05-12T16:56:05.802691+00:00,order,fill,ask,,ba08def3-83e0-41d7-baef-4016ce322e2f,a7efec93-ac3e-45ce-84ac-eb2844742dd5,85.0,1.0,-1.0,0.0,,,executed,5d0ab24c-798e-42af-9d0e-7703f9317bba,dd1a7d68-59c5-4234-886c-2c8f79fc5d07,,,,,1778604965.817562
520e90a9-5e9e-4bfa-8244-34e70674e93f,0,3,5,242,2026-05-12T16:56:05.820439+00:00,order,fill,bid,,dd1a7d68-59c5-4234-886c-2c8f79fc5d07,6b8a7a0e-6534-4c7f-ba8e-d90a38b5b936,85.0,1.0,-1.0,0.0,,,executed,5d0ab24c-798e-42af-9d0e-7703f9317bba,ba08def3-83e0-41d7-baef-4016ce322e2f,,,,,1778604965.834964
06f4d9ab-2d66-4d8f-845c-680ac99ec639,0,3,3,212,2026-05-12T16:56:07.873557+00:00,order,cancel,ask,,04698181-6c56-4847-901d-0d0f2371f597,cda8f129-61a6-4153-bf08-1c1a945507c7,118.7,1.0,-1.0,0.0,,,cancelled,,,,,,,1778604967.889885
520e90a9-5e9e-4bfa-8244-34e70674e93f,0,3,5,243,2026-05-12T16:56:07.925521+00:00,order,add,ask,,e784bdd5-5587-45c4-a476-b163855ea1f2,a7efec93-ac3e-45ce-84ac-eb2844742dd5,85.5,1.0,1.0,1.0,1,1.0,active,,,,,,,1778604967.941551
5273b4e4-2b4f-47fa-834f-bd0d84d237b0,0,3,4,169,2026-05-12T16:56:08.200533+00:00,order,add,ask,,903c950f-85a9-4f28-8471-38907f2a68d5,4c5c436f-ca6c-40f1-9cb5-b8bc15205ad4,110.0,1.0,1.0,1.0,2,2.0,active,,,,,,,1778604968.216841
06f4d9ab-2d66-4d8f-845c-680ac99ec639,0,3,8,213,2026-05-12T16:56:08.834177+00:00,order,cancel,bid,,5877576d-ff6b-44b1-ada4-37129f51abec,664d5f3b-570d-4a80-9e72-387baf4c63ae,116.0,1.0,-1.0,0.0,,,cancelled,,,,,,,1778604968.850841
5273b4e4-2b4f-47fa-834f-bd0d84d237b0,0,3,4,170,2026-05-12T16:56:09.338882+00:00,order,add,ask,,b730b9c3-f68f-4286-aa73-25e48820a628,18711e8c-d4a6-4e40-ac02-472f81cda568,113.0,1.0,1.0,1.0,1,1.0,active,,,,,,,1778604969.355534
520e90a9-5e9e-4bfa-8244-34e70674e93f,0,3,5,244,2026-05-12T16:56:09.573109+00:00,order,add,bid,,d4f49fff-3824-496a-b413-fa84872e0961,c9677d60-b255-4563-955c-c09e7b64f2df,71.0,1.0,1.0,1.0,1,1.0,active,,,,,,,1778604969.590634
06f4d9ab-2d66-4d8f-845c-680ac99ec639,0,3,12,214,2026-05-12T16:56:10.357870+00:00,order,add,ask,,4edddbe6-0639-40c5-8465-44296232dec6,b5eb1e0a-5002-4683-a96b-77986bde95ab,116.22,1.0,1.0,1.0,1,1.0,active,,,,,,,1778604970.375108
520e90a9-5e9e-4bfa-8244-34e70674e93f,0,3,5,245,2026-05-12T16:56:10.415413+00:00,order,add,ask,,973d840e-cdee-493d-b934-1132b0603a8b,a7efec93-ac3e-45ce-84ac-eb2844742dd5,85.0,1.0,1.0,1.0,1,1.0,active,,,,,,,1778604970.430641
520e90a9-5e9e-4bfa-8244-34e70674e93f,0,3,5,246,2026-05-12T16:56:11.927316+00:00,order,add,ask,,8b3b292c-74d5-4a4b-9712-62043bb8eda7,a7efec93-ac3e-45ce-84ac-eb2844742dd5,84.75,1.0,1.0,1.0,1,1.0,active,,,,,,,1778604971.944198
5273b4e4-2b4f-47fa-834f-bd0d84d237b0,0,3,4,171,2026-05-12T16:56:12.008812+00:00,trade,trade,bid,B,,,110.0,1.0,,,,,,945bded6-da35-46a2-8642-fe3d4e7f0a03,,b4e001ab-eb1e-4ac5-9584-a6b963e20f29,dc3cecbc-6d43-4429-9156-ac11068c52f6,4c5c436f-ca6c-40f1-9cb5-b8bc15205ad4,d00142cb-036c-42b2-986f-4d8449293679,1778604972.024509
5273b4e4-2b4f-47fa-834f-bd0d84d237b0,0,3,4,172,2026-05-12T16:56:12.027743+00:00,order,fill,ask,,dc3cecbc-6d43-4429-9156-ac11068c52f6,d00142cb-036c-42b2-986f-4d8449293679,110.0,1.0,-1.0,0.0,,,executed,945bded6-da35-46a2-8642-fe3d4e7f0a03,b4e001ab-eb1e-4ac5-9584-a6b963e20f29,,,,,1778604972.042407
5273b4e4-2b4f-47fa-834f-bd0d84d237b0,0,3,4,173,2026-05-12T16:56:12.045261+00:00,order,fill,bid,,b4e001ab-eb1e-4ac5-9584-a6b963e20f29,4c5c436f-ca6c-40f1-9cb5-b8bc15205ad4,120.0,1.0,-1.0,0.0,,,executed,945bded6-da35-46a2-8642-fe3d4e7f0a03,dc3cecbc-6d43-4429-9156-ac11068c52f6,,,,,1778604972.061114
06f4d9ab-2d66-4d8f-845c-680ac99ec639,0,3,10,215,2026-05-12T16:56:12.286442+00:00,order,cancel,ask,,47ce4709-d350-428b-8b61-837b4cbdde9d,b5eb1e0a-5002-4683-a96b-77986bde95ab,116.45,1.0,-1.0,0.0,,,cancelled,,,,,,,1778604972.302523
06f4d9ab-2d66-4d8f-845c-680ac99ec639,0,3,10,216,2026-05-12T16:56:12.337030+00:00,order,cancel,ask,,8162ed5e-b9d0-44ed-ae16-36d13ff090d7,b5eb1e0a-5002-4683-a96b-77986bde95ab,116.45,1.0,-1.0,0.0,,,cancelled,,,,,,,1778604972.352872
5273b4e4-2b4f-47fa-834f-bd0d84d237b0,0,3,4,174,2026-05-12T16:56:13.987408+00:00,order,add,ask,,1c64c7ba-a5e2-4990-bd26-f05f56796571,18711e8c-d4a6-4e40-ac02-472f81cda568,114.0,1.0,1.0,1.0,2,2.0,active,,,,,,,1778604974.00371
5273b4e4-2b4f-47fa-834f-bd0d84d237b0,0,3,4,175,2026-05-12T16:56:14.259025+00:00,order,add,ask,,64e6972b-509f-4b17-bedd-29b2384bea64,1893c9fa-143a-45ae-8599-dfedb6054045,100.0,1.0,1.0,1.0,1,1.0,active,,,,,,,1778604974.274975
5273b4e4-2b4f-47fa-834f-bd0d84d237b0,0,3,4,176,2026-05-12T16:56:15.376780+00:00,order,add,bid,,d3d04ab8-de35-4c76-b491-4798b2a4704c,ede5b087-a2ea-49eb-9494-a67b961bfc79,90.0,1.0,1.0,1.0,2,2.0,active,,,,,,,1778604975.392966
06f4d9ab-2d66-4d8f-845c-680ac99ec639,0,3,12,217,2026-05-12T16:56:16.686712+00:00,order,add,bid,,dc5786f6-3f71-4aff-ada5-c39f24890ecd,664d5f3b-570d-4a80-9e72-387baf4c63ae,116.0,1.0,1.0,1.0,12,12.0,active,,,,,,,1778604976.702871
5273b4e4-2b4f-47fa-834f-bd0d84d237b0,0,3,4,177,2026-05-12T16:56:17.355854+00:00,order,add,ask,,fb930008-f4fa-4af5-9cdd-7fd35971c164,18711e8c-d4a6-4e40-ac02-472f81cda568,112.0,1.0,1.0,1.0,1,1.0,active,,,,,,,1778604977.371229
5273b4e4-2b4f-47fa-834f-bd0d84d237b0,0,3,4,178,2026-05-12T16:56:19.923547+00:00,order,cancel,bid,,5ebfcb81-4934-44fa-9c05-5f41ceefb9c0,1893c9fa-143a-45ae-8599-dfedb6054045,90.0,1.0,-1.0,0.0,,,cancelled,,,,,,,1778604979.939286
5273b4e4-2b4f-47fa-834f-bd0d84d237b0,0,3,4,179,2026-05-12T16:56:22.123467+00:00,order,add,ask,,9be786dc-2110-4006-a22d-6a4f2fbecd36,18711e8c-d4a6-4e40-ac02-472f81cda568,109.0,1.0,1.0,1.0,1,1.0,active,,,,,,,1778604982.138924
5273b4e4-2b4f-47fa-834f-bd0d84d237b0,0,3,4,180,2026-05-12T16:56:22.805210+00:00,order,add,bid,,7710dbd5-8be3-4051-93e0-90eabb95e4ed,d00142cb-036c-42b2-986f-4d8449293679,50.0,1.0,1.0,1.0,2,2.0,active,,,,,,,1778604982.821608
06f4d9ab-2d66-4d8f-845c-680ac99ec639,0,3,8,218,2026-05-12T16:56:24.392447+00:00,order,cancel,bid,,95f151e8-002d-4931-a647-02e4de211ea3,664d5f3b-570d-4a80-9e72-387baf4c63ae,116.0,1.0,-1.0,0.0,,,cancelled,,,,,,,1778604984.408156
06f4d9ab-2d66-4d8f-845c-680ac99ec639,0,3,12,219,2026-05-12T16:56:29.902972+00:00,order,add,bid,,ef1d8b48-e3b9-4ea8-a3c4-0233a3536101,664d5f3b-570d-4a80-9e72-387baf4c63ae,116.0,1.0,1.0,1.0,12,12.0,active,,,,,,,1778604989.919284
06f4d9ab-2d66-4d8f-845c-680ac99ec639,0,3,12,220,2026-05-12T16:56:31.248689+00:00,order,add,bid,,674036e0-4dec-4c6a-b900-660249426aec,cda8f129-61a6-4153-bf08-1c1a945507c7,116.0,1.0,1.0,1.0,13,13.0,active,,,,,,,1778604991.264916
06f4d9ab-2d66-4d8f-845c-680ac99ec639,0,3,8,221,2026-05-12T16:56:33.497934+00:00,order,cancel,bid,,915c5ec6-1b4d-4c55-9512-153737253a11,664d5f3b-570d-4a80-9e72-387baf4c63ae,116.0,1.0,-1.0,0.0,,,cancelled,,,,,,,1778604993.513256
5273b4e4-2b4f-47fa-834f-bd0d84d237b0,0,3,4,181,2026-05-12T16:56:35.564985+00:00,order,cancel,ask,,64e6972b-509f-4b17-bedd-29b2384bea64,1893c9fa-143a-45ae-8599-dfedb6054045,100.0,1.0,-1.0,0.0,,,cancelled,,,,,,,1778604995.586534
520e90a9-5e9e-4bfa-8244-34e70674e93f,0,3,4,247,2026-05-12T16:56:35.624164+00:00,order,cancel,ask,,6264d400-6492-4fb9-a8d9-272f071ec9e2,a7efec93-ac3e-45ce-84ac-eb2844742dd5,89.25,1.0,-1.0,0.0,,,cancelled,,,,,,,1778604995.641786
520e90a9-5e9e-4bfa-8244-34e70674e93f,0,3,5,248,2026-05-12T16:56:36.223023+00:00,order,cancel,ask,,5a927443-fe2e-472b-944f-5c96e328f4d6,a7efec93-ac3e-45ce-84ac-eb2844742dd5,88.0,1.0,-1.0,0.0,,,cancelled,,,,,,,1778604996.238248
520e90a9-5e9e-4bfa-8244-34e70674e93f,0,3,5,249,2026-05-12T16:56:36.589089+00:00,order,cancel,bid,,d4f49fff-3824-496a-b413-fa84872e0961,c9677d60-b255-4563-955c-c09e7b64f2df,71.0,1.0,-1.0,0.0,,,cancelled,,,,,,,1778604996.604744
5273b4e4-2b4f-47fa-834f-bd0d84d237b0,0,3,4,182,2026-05-12T16:56:36.708158+00:00,order,cancel,ask,,9be786dc-2110-4006-a22d-6a4f2fbecd36,18711e8c-d4a6-4e40-ac02-472f81cda568,109.0,1.0,-1.0,0.0,,,cancelled,,,,,,,1778604996.723394
520e90a9-5e9e-4bfa-8244-34e70674e93f,0,3,6,250,2026-05-12T16:56:37.074166+00:00,trade,trade,ask,S,,,84.0,1.0,,,,,,a061095d-a0b1-430b-8587-b776c9b987ef,,de70f74c-6019-4778-864c-d94116e3371f,2e38a5b5-e32f-4c23-aca9-af95a1d17e1c,1a600171-9cfa-44bf-a3d4-b7322acefe1a,6b8a7a0e-6534-4c7f-ba8e-d90a38b5b936,1778604997.090272
520e90a9-5e9e-4bfa-8244-34e70674e93f,0,3,6,251,2026-05-12T16:56:37.093527+00:00,order,fill,ask,,2e38a5b5-e32f-4c23-aca9-af95a1d17e1c,6b8a7a0e-6534-4c7f-ba8e-d90a38b5b936,84.0,1.0,-1.0,0.0,,,executed,a061095d-a0b1-430b-8587-b776c9b987ef,de70f74c-6019-4778-864c-d94116e3371f,,,,,1778604997.108078
520e90a9-5e9e-4bfa-8244-34e70674e93f,0,3,6,252,2026-05-12T16:56:37.110913+00:00,order,fill,bid,,de70f74c-6019-4778-864c-d94116e3371f,1a600171-9cfa-44bf-a3d4-b7322acefe1a,84.0,1.0,-1.0,0.0,,,executed,a061095d-a0b1-430b-8587-b776c9b987ef,2e38a5b5-e32f-4c23-aca9-af95a1d17e1c,,,,,1778604997.126466
520e90a9-5e9e-4bfa-8244-34e70674e93f,0,3,5,253,2026-05-12T16:56:37.162577+00:00,order,cancel,ask,,e784bdd5-5587-45c4-a476-b163855ea1f2,a7efec93-ac3e-45ce-84ac-eb2844742dd5,85.5,1.0,-1.0,0.0,,,cancelled,,,,,,,1778604997.177905
06f4d9ab-2d66-4d8f-845c-680ac99ec639,0,3,12,222,2026-05-12T16:56:37.198653+00:00,order,add,bid,,b723573a-615b-4a76-a9a6-7be3ff0fbd0e,664d5f3b-570d-4a80-9e72-387baf4c63ae,116.0,1.0,1.0,1.0,13,13.0,active,,,,,,,1778604997.213769
06f4d9ab-2d66-4d8f-845c-680ac99ec639,0,3,5,223,2026-05-12T16:56:37.320458+00:00,order,cancel,ask,,aa9be3ee-dc2a-4eb1-85bd-9c5b394968a7,cda8f129-61a6-4153-bf08-1c1a945507c7,118.0,1.0,-1.0,0.0,,,cancelled,,,,,,,1778604997.336775
5273b4e4-2b4f-47fa-834f-bd0d84d237b0,0,3,4,183,2026-05-12T16:56:37.562513+00:00,order,cancel,bid,,d3d04ab8-de35-4c76-b491-4798b2a4704c,ede5b087-a2ea-49eb-9494-a67b961bfc79,90.0,1.0,-1.0,0.0,,,cancelled,,,,,,,1778604997.578981
5273b4e4-2b4f-47fa-834f-bd0d84d237b0,0,3,5,184,2026-05-12T16:56:37.736868+00:00,order,add,bid,,1a32552b-acda-4217-a8da-52802df6152a,bc7d5ce5-ff5f-43da-8411-1cc4780872be,85.0,1.0,1.0,1.0,1,1.0,active,,,,,,,1778604997.753192
520e90a9-5e9e-4bfa-8244-34e70674e93f,0,3,5,254,2026-05-12T16:56:39.055368+00:00,order,cancel,bid,,8c25ab6a-4a9d-431c-b1f0-a0773d8ad590,1a600171-9cfa-44bf-a3d4-b7322acefe1a,82.0,1.0,-1.0,0.0,,,cancelled,,,,,,,1778604999.072269
520e90a9-5e9e-4bfa-8244-34e70674e93f,0,3,5,255,2026-05-12T16:56:39.838247+00:00,order,cancel,bid,,3c4aab1b-76a7-4cbc-8b50-a3dacac27ab0,1a600171-9cfa-44bf-a3d4-b7322acefe1a,80.0,1.0,-1.0,0.0,,,cancelled,,,,,,,1778604999.85377
06f4d9ab-2d66-4d8f-845c-680ac99ec639,0,3,6,224,2026-05-12T16:56:39.890927+00:00,order,cancel,ask,,6838dffa-ce6f-459e-92ea-f788e9b4e7be,cda8f129-61a6-4153-bf08-1c1a945507c7,117.2,1.0,-1.0,0.0,,,cancelled,,,,,,,1778604999.906338
5273b4e4-2b4f-47fa-834f-bd0d84d237b0,0,3,5,185,2026-05-12T16:56:39.940556+00:00,order,cancel,bid,,1a32552b-acda-4217-a8da-52802df6152a,bc7d5ce5-ff5f-43da-8411-1cc4780872be,85.0,1.0,-1.0,0.0,,,cancelled,,,,,,,1778604999.956166
06f4d9ab-2d66-4d8f-845c-680ac99ec639,0,3,12,225,2026-05-12T16:56:41.859168+00:00,order,add,bid,,5373846b-0bef-421f-8c4b-2a3dc9905e3e,664d5f3b-570d-4a80-9e72-387baf4c63ae,116.0,1.0,1.0,1.0,14,14.0,active,,,,,,,1778605001.875323
520e90a9-5e9e-4bfa-8244-34e70674e93f,0,3,6,256,2026-05-12T16:56:42.176608+00:00,order,add,bid,,54236606-d2d8-4630-b343-a093f0c5925d,6b8a7a0e-6534-4c7f-ba8e-d90a38b5b936,84.0,1.0,1.0,1.0,1,1.0,active,,,,,,,1778605002.19327
520e90a9-5e9e-4bfa-8244-34e70674e93f,0,3,6,257,2026-05-12T16:56:42.721502+00:00,trade,trade,ask,S,,,84.0,1.0,,,,,,3e3b17bc-6dd6-4179-aa3c-84f4349539a8,,54236606-d2d8-4630-b343-a093f0c5925d,95ac589b-6b77-4e40-ae48-3149869cf475,6b8a7a0e-6534-4c7f-ba8e-d90a38b5b936,5e6b5ec7-66f5-446f-b458-3b18596521a3,1778605002.737388
520e90a9-5e9e-4bfa-8244-34e70674e93f,0,3,6,258,2026-05-12T16:56:42.740934+00:00,order,fill,ask,,95ac589b-6b77-4e40-ae48-3149869cf475,5e6b5ec7-66f5-446f-b458-3b18596521a3,83.0,1.0,-1.0,0.0,,,executed,3e3b17bc-6dd6-4179-aa3c-84f4349539a8,54236606-d2d8-4630-b343-a093f0c5925d,,,,,1778605002.756346
520e90a9-5e9e-4bfa-8244-34e70674e93f,0,3,6,259,2026-05-12T16:56:42.759449+00:00,order,fill,bid,,54236606-d2d8-4630-b343-a093f0c5925d,6b8a7a0e-6534-4c7f-ba8e-d90a38b5b936,84.0,1.0,-1.0,0.0,,,executed,3e3b17bc-6dd6-4179-aa3c-84f4349539a8,95ac589b-6b77-4e40-ae48-3149869cf475,,,,,1778605002.776889
5273b4e4-2b4f-47fa-834f-bd0d84d237b0,0,3,5,186,2026-05-12T16:56:43.426027+00:00,order,add,bid,,c4dfe821-b6f0-48da-a694-c46a6c610745,4c5c436f-ca6c-40f1-9cb5-b8bc15205ad4,50.0,1.0,1.0,1.0,3,3.0,active,,,,,,,1778605003.44222
5273b4e4-2b4f-47fa-834f-bd0d84d237b0,0,3,5,187,2026-05-12T16:56:45.232600+00:00,order,add,bid,,0d2b47b9-ec31-4fbd-90f3-d13025dfcadb,bc7d5ce5-ff5f-43da-8411-1cc4780872be,65.0,1.0,1.0,1.0,1,1.0,active,,,,,,,1778605005.2495
5273b4e4-2b4f-47fa-834f-bd0d84d237b0,0,3,5,188,2026-05-12T16:56:45.610771+00:00,order,add,bid,,aa35ecbd-6a6d-4f42-92e8-490f94768268,1893c9fa-143a-45ae-8599-dfedb6054045,90.0,1.0,1.0,1.0,1,1.0,active,,,,,,,1778605005.627135
520e90a9-5e9e-4bfa-8244-34e70674e93f,0,3,6,260,2026-05-12T16:56:45.798495+00:00,trade,trade,ask,S,,,83.0,1.0,,,,,,7b60d1ee-3ac9-4f16-b5cd-1116510d8ce1,,6ec8277c-761f-45f0-bdea-632672cbb030,d8cd46f1-fd99-49fc-a1c2-35eba8739486,6b8a7a0e-6534-4c7f-ba8e-d90a38b5b936,a7efec93-ac3e-45ce-84ac-eb2844742dd5,1778605005.814925
520e90a9-5e9e-4bfa-8244-34e70674e93f,0,3,6,261,2026-05-12T16:56:45.818570+00:00,order,fill,ask,,d8cd46f1-fd99-49fc-a1c2-35eba8739486,a7efec93-ac3e-45ce-84ac-eb2844742dd5,83.0,1.0,-1.0,0.0,,,executed,7b60d1ee-3ac9-4f16-b5cd-1116510d8ce1,6ec8277c-761f-45f0-bdea-632672cbb030,,,,,1778605005.833872
520e90a9-5e9e-4bfa-8244-34e70674e93f,0,3,6,262,2026-05-12T16:56:45.836744+00:00,order,fill,bid,,6ec8277c-761f-45f0-bdea-632672cbb030,6b8a7a0e-6534-4c7f-ba8e-d90a38b5b936,83.0,1.0,-1.0,0.0,,,executed,7b60d1ee-3ac9-4f16-b5cd-1116510d8ce1,d8cd46f1-fd99-49fc-a1c2-35eba8739486,,,,,1778605005.85177
5273b4e4-2b4f-47fa-834f-bd0d84d237b0,0,3,5,189,2026-05-12T16:56:45.886584+00:00,order,add,bid,,d5dc7244-4431-45b1-bca2-e230e6d65c6f,ede5b087-a2ea-49eb-9494-a67b961bfc79,70.0,1.0,1.0,1.0,1,1.0,active,,,,,,,1778605005.902631
520e90a9-5e9e-4bfa-8244-34e70674e93f,0,3,6,263,2026-05-12T16:56:46.485333+00:00,order,add,ask,,ac877a42-9910-4463-9c25-d4be0504fcbb,1a600171-9cfa-44bf-a3d4-b7322acefe1a,83.0,1.0,1.0,1.0,1,1.0,active,,,,,,,1778605006.501125
520e90a9-5e9e-4bfa-8244-34e70674e93f,0,3,6,264,2026-05-12T16:56:46.535382+00:00,order,add,ask,,7fd42794-530a-4317-a7d8-8545350d305c,c9677d60-b255-4563-955c-c09e7b64f2df,81.0,1.0,1.0,1.0,1,1.0,active,,,,,,,1778605006.550989
5273b4e4-2b4f-47fa-834f-bd0d84d237b0,0,3,5,190,2026-05-12T16:56:47.955991+00:00,order,add,ask,,8419a9af-0d8f-41ce-b349-946abe6006c3,d00142cb-036c-42b2-986f-4d8449293679,100.0,1.0,1.0,1.0,1,1.0,active,,,,,,,1778605007.972895
5273b4e4-2b4f-47fa-834f-bd0d84d237b0,0,3,5,191,2026-05-12T16:56:48.123373+00:00,order,cancel,bid,,aa35ecbd-6a6d-4f42-92e8-490f94768268,1893c9fa-143a-45ae-8599-dfedb6054045,90.0,1.0,-1.0,0.0,,,cancelled,,,,,,,1778605008.139784
520e90a9-5e9e-4bfa-8244-34e70674e93f,0,3,6,265,2026-05-12T16:56:49.754399+00:00,order,add,ask,,4ff30284-e14d-4c9c-a610-dfca41bf4cca,6b8a7a0e-6534-4c7f-ba8e-d90a38b5b936,80.0,1.0,1.0,1.0,1,1.0,active,,,,,,,1778605009.770478
520e90a9-5e9e-4bfa-8244-34e70674e93f,0,3,6,266,2026-05-12T16:56:49.805226+00:00,trade,trade,bid,B,,,80.0,1.0,,,,,,cb542b6d-fcc0-472b-9bb6-8d5c5e4f035b,,ea86ef29-cbf7-4147-9677-a101c6224c34,4ff30284-e14d-4c9c-a610-dfca41bf4cca,a7efec93-ac3e-45ce-84ac-eb2844742dd5,6b8a7a0e-6534-4c7f-ba8e-d90a38b5b936,1778605009.820011
520e90a9-5e9e-4bfa-8244-34e70674e93f,0,3,6,267,2026-05-12T16:56:49.822971+00:00,order,fill,ask,,4ff30284-e14d-4c9c-a610-dfca41bf4cca,6b8a7a0e-6534-4c7f-ba8e-d90a38b5b936,80.0,1.0,-1.0,0.0,,,executed,cb542b6d-fcc0-472b-9bb6-8d5c5e4f035b,ea86ef29-cbf7-4147-9677-a101c6224c34,,,,,1778605009.837726
520e90a9-5e9e-4bfa-8244-34e70674e93f,0,3,6,268,2026-05-12T16:56:49.840493+00:00,order,fill,bid,,ea86ef29-cbf7-4147-9677-a101c6224c34,a7efec93-ac3e-45ce-84ac-eb2844742dd5,81.0,1.0,-1.0,0.0,,,executed,cb542b6d-fcc0-472b-9bb6-8d5c5e4f035b,4ff30284-e14d-4c9c-a610-dfca41bf4cca,,,,,1778605009.855877
5273b4e4-2b4f-47fa-834f-bd0d84d237b0,0,3,5,192,2026-05-12T16:56:50.971458+00:00,order,add,ask,,4189b2bd-e6e2-48a4-8278-49841ca220dc,1893c9fa-143a-45ae-8599-dfedb6054045,90.0,1.0,1.0,1.0,1,1.0,active,,,,,,,1778605010.988272
5273b4e4-2b4f-47fa-834f-bd0d84d237b0,0,3,5,193,2026-05-12T16:56:52.208718+00:00,order,add,ask,,f80e46db-bf36-49a9-8fa1-6a3b9ba95d43,4c5c436f-ca6c-40f1-9cb5-b8bc15205ad4,100.0,1.0,1.0,1.0,2,2.0,active,,,,,,,1778605012.224803
520e90a9-5e9e-4bfa-8244-34e70674e93f,0,3,6,269,2026-05-12T16:56:52.592223+00:00,order,add,bid,,44eea9c3-c81b-4f6a-aa36-898ba2d57174,a7efec93-ac3e-45ce-84ac-eb2844742dd5,78.0,1.0,1.0,1.0,1,1.0,active,,,,,,,1778605012.608803
5273b4e4-2b4f-47fa-834f-bd0d84d237b0,0,3,5,194,2026-05-12T16:56:52.939591+00:00,trade,trade,bid,B,,,90.0,1.0,,,,,,e75abdfd-59ff-4bb3-84f3-039abbb61568,,e7fb2fb0-e2b5-4a10-8ce1-8823f668e83a,4189b2bd-e6e2-48a4-8278-49841ca220dc,18711e8c-d4a6-4e40-ac02-472f81cda568,1893c9fa-143a-45ae-8599-dfedb6054045,1778605012.955715
5273b4e4-2b4f-47fa-834f-bd0d84d237b0,0,3,5,195,2026-05-12T16:56:52.959015+00:00,order,fill,ask,,4189b2bd-e6e2-48a4-8278-49841ca220dc,1893c9fa-143a-45ae-8599-dfedb6054045,90.0,1.0,-1.0,0.0,,,executed,e75abdfd-59ff-4bb3-84f3-039abbb61568,e7fb2fb0-e2b5-4a10-8ce1-8823f668e83a,,,,,1778605012.973693
5273b4e4-2b4f-47fa-834f-bd0d84d237b0,0,3,5,196,2026-05-12T16:56:52.976499+00:00,order,fill,bid,,e7fb2fb0-e2b5-4a10-8ce1-8823f668e83a,18711e8c-d4a6-4e40-ac02-472f81cda568,111.0,1.0,-1.0,0.0,,,executed,e75abdfd-59ff-4bb3-84f3-039abbb61568,4189b2bd-e6e2-48a4-8278-49841ca220dc,,,,,1778605012.992484
520e90a9-5e9e-4bfa-8244-34e70674e93f,0,3,6,270,2026-05-12T16:56:53.656769+00:00,order,add,bid,,55d14bf4-670e-4eca-897a-cdf23d0afe6d,6b8a7a0e-6534-4c7f-ba8e-d90a38b5b936,76.0,1.0,1.0,1.0,1,1.0,active,,,,,,,1778605013.673369
5273b4e4-2b4f-47fa-834f-bd0d84d237b0,0,3,5,197,2026-05-12T16:56:55.596067+00:00,order,add,ask,,bb366281-491f-4843-bfc7-348ade0abc17,1893c9fa-143a-45ae-8599-dfedb6054045,90.0,1.0,1.0,1.0,1,1.0,active,,,,,,,1778605015.612519
5273b4e4-2b4f-47fa-834f-bd0d84d237b0,0,3,5,198,2026-05-12T16:56:55.816114+00:00,order,add,bid,,4747db32-29b8-4d84-806f-0a965e40c20a,bc7d5ce5-ff5f-43da-8411-1cc4780872be,70.0,1.0,1.0,1.0,2,2.0,active,,,,,,,1778605015.832486
520e90a9-5e9e-4bfa-8244-34e70674e93f,0,3,6,271,2026-05-12T16:56:58.136791+00:00,order,add,ask,,8353f213-992b-40e2-a912-9d07717f5feb,6b8a7a0e-6534-4c7f-ba8e-d90a38b5b936,80.0,1.0,1.0,1.0,1,1.0,active,,,,,,,1778605018.153244
5273b4e4-2b4f-47fa-834f-bd0d84d237b0,0,3,5,199,2026-05-12T16:56:58.640241+00:00,order,add,ask,,cab71815-caba-4978-90c1-f0e4f87d8fb9,4c5c436f-ca6c-40f1-9cb5-b8bc15205ad4,95.0,1.0,1.0,1.0,1,1.0,active,,,,,,,1778605018.656426
5273b4e4-2b4f-47fa-834f-bd0d84d237b0,0,3,5,200,2026-05-12T16:56:58.691447+00:00,order,add,ask,,fe46ff0d-6572-455a-9f0b-2f993fd951bb,d00142cb-036c-42b2-986f-4d8449293679,100.0,1.0,1.0,1.0,3,3.0,active,,,,,,,1778605018.706329
5273b4e4-2b4f-47fa-834f-bd0d84d237b0,0,3,5,201,2026-05-12T16:56:59.907388+00:00,trade,trade,bid,B,,,90.0,1.0,,,,,,23e84784-c160-4fe7-9d35-4e3e82c74553,,ef07fb35-eb4b-4811-912f-86ee9d4858ac,bb366281-491f-4843-bfc7-348ade0abc17,18711e8c-d4a6-4e40-ac02-472f81cda568,1893c9fa-143a-45ae-8599-dfedb6054045,1778605019.923569
5273b4e4-2b4f-47fa-834f-bd0d84d237b0,0,3,5,202,2026-05-12T16:56:59.926731+00:00,order,fill,ask,,bb366281-491f-4843-bfc7-348ade0abc17,1893c9fa-143a-45ae-8599-dfedb6054045,90.0,1.0,-1.0,0.0,,,executed,23e84784-c160-4fe7-9d35-4e3e82c74553,ef07fb35-eb4b-4811-912f-86ee9d4858ac,,,,,1778605019.941408
5273b4e4-2b4f-47fa-834f-bd0d84d237b0,0,3,5,203,2026-05-12T16:56:59.944290+00:00,order,fill,bid,,ef07fb35-eb4b-4811-912f-86ee9d4858ac,18711e8c-d4a6-4e40-ac02-472f81cda568,109.0,1.0,-1.0,0.0,,,executed,23e84784-c160-4fe7-9d35-4e3e82c74553,bb366281-491f-4843-bfc7-348ade0abc17,,,,,1778605019.959108
520e90a9-5e9e-4bfa-8244-34e70674e93f,0,3,6,272,2026-05-12T16:56:59.994846+00:00,order,add,ask,,caa3eff3-61e5-473a-893d-2d4e6419258c,a7efec93-ac3e-45ce-84ac-eb2844742dd5,79.0,1.0,1.0,1.0,1,1.0,active,,,,,,,1778605020.038957
5273b4e4-2b4f-47fa-834f-bd0d84d237b0,0,3,5,204,2026-05-12T16:57:00.929063+00:00,order,add,bid,,0b131ff0-7bdf-479a-adbf-5fc7a02b5c04,ede5b087-a2ea-49eb-9494-a67b961bfc79,65.0,1.0,1.0,1.0,2,2.0,active,,,,,,,1778605020.945388
5273b4e4-2b4f-47fa-834f-bd0d84d237b0,0,3,5,205,2026-05-12T16:57:01.390196+00:00,order,add,ask,,15422530-4543-44e4-a2a8-76decbd38b7a,1893c9fa-143a-45ae-8599-dfedb6054045,90.0,1.0,1.0,1.0,1,1.0,active,,,,,,,1778605021.412881
520e90a9-5e9e-4bfa-8244-34e70674e93f,0,3,6,273,2026-05-12T16:57:01.505297+00:00,trade,trade,bid,B,,,79.0,1.0,,,,,,4a5da809-bb29-442e-adaf-3c8740320493,,ffa9dc35-5036-44ed-bae1-dc1d5987a1d4,caa3eff3-61e5-473a-893d-2d4e6419258c,6b8a7a0e-6534-4c7f-ba8e-d90a38b5b936,a7efec93-ac3e-45ce-84ac-eb2844742dd5,1778605021.527425
520e90a9-5e9e-4bfa-8244-34e70674e93f,0,3,6,274,2026-05-12T16:57:01.531206+00:00,order,fill,ask,,caa3eff3-61e5-473a-893d-2d4e6419258c,a7efec93-ac3e-45ce-84ac-eb2844742dd5,79.0,1.0,-1.0,0.0,,,executed,4a5da809-bb29-442e-adaf-3c8740320493,ffa9dc35-5036-44ed-bae1-dc1d5987a1d4,,,,,1778605021.549403
520e90a9-5e9e-4bfa-8244-34e70674e93f,0,3,6,275,2026-05-12T16:57:01.552662+00:00,order,fill,bid,,ffa9dc35-5036-44ed-bae1-dc1d5987a1d4,6b8a7a0e-6534-4c7f-ba8e-d90a38b5b936,79.0,1.0,-1.0,0.0,,,executed,4a5da809-bb29-442e-adaf-3c8740320493,caa3eff3-61e5-473a-893d-2d4e6419258c,,,,,1778605021.581321
520e90a9-5e9e-4bfa-8244-34e70674e93f,0,3,6,276,2026-05-12T16:57:02.188352+00:00,order,add,ask,,9e6c624d-c673-4330-85df-70dfe7d109f1,c9677d60-b255-4563-955c-c09e7b64f2df,79.0,1.0,1.0,1.0,1,1.0,active,,,,,,,1778605022.206699
06f4d9ab-2d66-4d8f-845c-680ac99ec639,0,3,13,226,2026-05-12T16:57:02.368253+00:00,order,add,ask,,023551ba-7574-4437-9bab-95c4d4ec451c,cda8f129-61a6-4153-bf08-1c1a945507c7,116.2,1.0,1.0,1.0,1,1.0,active,,,,,,,1778605022.384759
520e90a9-5e9e-4bfa-8244-34e70674e93f,0,3,5,277,2026-05-12T16:57:02.480091+00:00,order,cancel,ask,,8b3b292c-74d5-4a4b-9712-62043bb8eda7,a7efec93-ac3e-45ce-84ac-eb2844742dd5,84.75,1.0,-1.0,0.0,,,cancelled,,,,,,,1778605022.496317
520e90a9-5e9e-4bfa-8244-34e70674e93f,0,3,5,278,2026-05-12T16:57:03.441274+00:00,order,cancel,ask,,973d840e-cdee-493d-b934-1132b0603a8b,a7efec93-ac3e-45ce-84ac-eb2844742dd5,85.0,1.0,-1.0,0.0,,,cancelled,,,,,,,1778605023.45794
520e90a9-5e9e-4bfa-8244-34e70674e93f,0,3,6,279,2026-05-12T16:57:03.661760+00:00,order,cancel,ask,,7fd42794-530a-4317-a7d8-8545350d305c,c9677d60-b255-4563-955c-c09e7b64f2df,81.0,1.0,-1.0,0.0,,,cancelled,,,,,,,1778605023.678406
5273b4e4-2b4f-47fa-834f-bd0d84d237b0,0,3,5,206,2026-05-12T16:57:04.480635+00:00,order,add,bid,,0e46a247-74ff-43d0-9dc2-9bf3074c20f5,bc7d5ce5-ff5f-43da-8411-1cc4780872be,71.0,1.0,1.0,1.0,1,1.0,active,,,,,,,1778605024.497586
5273b4e4-2b4f-47fa-834f-bd0d84d237b0,0,3,5,207,2026-05-12T16:57:04.678313+00:00,order,add,bid,,bd165da5-ae03-434c-82dd-027e25bb55fd,d00142cb-036c-42b2-986f-4d8449293679,50.0,1.0,1.0,1.0,4,4.0,active,,,,,,,1778605024.695071
520e90a9-5e9e-4bfa-8244-34e70674e93f,0,3,6,280,2026-05-12T16:57:07.034383+00:00,trade,trade,bid,B,,,79.0,1.0,,,,,,5d5bb209-7391-4ac2-a88b-27a4c9cee5a1,,4ec5b966-b98e-4cde-ad59-0c0f481dfc52,9e6c624d-c673-4330-85df-70dfe7d109f1,5e6b5ec7-66f5-446f-b458-3b18596521a3,c9677d60-b255-4563-955c-c09e7b64f2df,1778605027.050734
520e90a9-5e9e-4bfa-8244-34e70674e93f,0,3,6,281,2026-05-12T16:57:07.053974+00:00,order,fill,ask,,9e6c624d-c673-4330-85df-70dfe7d109f1,c9677d60-b255-4563-955c-c09e7b64f2df,79.0,1.0,-1.0,0.0,,,executed,5d5bb209-7391-4ac2-a88b-27a4c9cee5a1,4ec5b966-b98e-4cde-ad59-0c0f481dfc52,,,,,1778605027.068729
520e90a9-5e9e-4bfa-8244-34e70674e93f,0,3,6,282,2026-05-12T16:57:07.071927+00:00,order,fill,bid,,4ec5b966-b98e-4cde-ad59-0c0f481dfc52,5e6b5ec7-66f5-446f-b458-3b18596521a3,79.0,1.0,-1.0,0.0,,,executed,5d5bb209-7391-4ac2-a88b-27a4c9cee5a1,9e6c624d-c673-4330-85df-70dfe7d109f1,,,,,1778605027.087062
5273b4e4-2b4f-47fa-834f-bd0d84d237b0,0,3,5,208,2026-05-12T16:57:07.400899+00:00,order,add,bid,,7179f2a8-7be0-407b-8a5f-fa3368ae3160,ede5b087-a2ea-49eb-9494-a67b961bfc79,68.0,1.0,1.0,1.0,1,1.0,active,,,,,,,1778605027.417454
5273b4e4-2b4f-47fa-834f-bd0d84d237b0,0,3,5,209,2026-05-12T16:57:07.746583+00:00,order,add,ask,,f5a6de31-89ed-4164-bea8-54bd3a8263b1,4c5c436f-ca6c-40f1-9cb5-b8bc15205ad4,90.0,1.0,1.0,1.0,2,2.0,active,,,,,,,1778605027.76306
5273b4e4-2b4f-47fa-834f-bd0d84d237b0,0,3,5,210,2026-05-12T16:57:07.860716+00:00,order,add,bid,,d8df0c69-ff60-488f-952e-d93cf97bd233,d00142cb-036c-42b2-986f-4d8449293679,60.0,1.0,1.0,1.0,3,3.0,active,,,,,,,1778605027.877286
06f4d9ab-2d66-4d8f-845c-680ac99ec639,0,3,13,227,2026-05-12T16:57:08.480159+00:00,order,add,bid,,4a972a28-e04b-4d40-921f-42d198050f7c,664d5f3b-570d-4a80-9e72-387baf4c63ae,116.0,1.0,1.0,1.0,15,15.0,active,,,,,,,1778605028.496829
06f4d9ab-2d66-4d8f-845c-680ac99ec639,0,3,13,228,2026-05-12T16:57:09.376441+00:00,order,add,ask,,c2151945-6a6b-4d1c-8287-ffa7ef3d6474,cda8f129-61a6-4153-bf08-1c1a945507c7,116.2,1.0,1.0,1.0,2,2.0,active,,,,,,,1778605029.393619
520e90a9-5e9e-4bfa-8244-34e70674e93f,0,3,6,283,2026-05-12T16:57:09.679838+00:00,order,add,ask,,da69cc0a-ca73-4980-875c-b75b4207a350,a7efec93-ac3e-45ce-84ac-eb2844742dd5,79.0,1.0,1.0,1.0,1,1.0,active,,,,,,,1778605029.70064
5273b4e4-2b4f-47fa-834f-bd0d84d237b0,0,3,5,211,2026-05-12T16:57:10.600839+00:00,order,cancel,ask,,f5a6de31-89ed-4164-bea8-54bd3a8263b1,4c5c436f-ca6c-40f1-9cb5-b8bc15205ad4,90.0,1.0,-1.0,0.0,,,cancelled,,,,,,,1778605030.617274
5273b4e4-2b4f-47fa-834f-bd0d84d237b0,0,3,5,212,2026-05-12T16:57:10.929321+00:00,order,add,bid,,4a851b0e-c409-442f-ad9b-d8b4c00e9c38,bc7d5ce5-ff5f-43da-8411-1cc4780872be,68.0,1.0,1.0,1.0,2,2.0,active,,,,,,,1778605030.948012
520e90a9-5e9e-4bfa-8244-34e70674e93f,0,3,6,284,2026-05-12T16:57:10.988528+00:00,order,add,ask,,b75733a7-9529-498d-a4cc-9c5e76dfa1f3,a7efec93-ac3e-45ce-84ac-eb2844742dd5,79.0,1.0,1.0,1.0,2,2.0,active,,,,,,,1778605031.004974
520e90a9-5e9e-4bfa-8244-34e70674e93f,0,3,6,285,2026-05-12T16:57:11.042008+00:00,trade,trade,bid,B,,,79.0,1.0,,,,,,3a1669dc-b637-4123-850f-4a5c6f3f83a2,,d5e216b1-8a43-4fac-9c11-977374deb4ef,da69cc0a-ca73-4980-875c-b75b4207a350,1a600171-9cfa-44bf-a3d4-b7322acefe1a,a7efec93-ac3e-45ce-84ac-eb2844742dd5,1778605031.056883
520e90a9-5e9e-4bfa-8244-34e70674e93f,0,3,6,286,2026-05-12T16:57:11.060158+00:00,order,fill,ask,,da69cc0a-ca73-4980-875c-b75b4207a350,a7efec93-ac3e-45ce-84ac-eb2844742dd5,79.0,1.0,-1.0,0.0,,,executed,3a1669dc-b637-4123-850f-4a5c6f3f83a2,d5e216b1-8a43-4fac-9c11-977374deb4ef,,,,,1778605031.075082
520e90a9-5e9e-4bfa-8244-34e70674e93f,0,3,6,287,2026-05-12T16:57:11.077764+00:00,order,fill,bid,,d5e216b1-8a43-4fac-9c11-977374deb4ef,1a600171-9cfa-44bf-a3d4-b7322acefe1a,80.0,1.0,-1.0,0.0,,,executed,3a1669dc-b637-4123-850f-4a5c6f3f83a2,da69cc0a-ca73-4980-875c-b75b4207a350,,,,,1778605031.092985
06f4d9ab-2d66-4d8f-845c-680ac99ec639,0,3,13,229,2026-05-12T16:57:11.131337+00:00,trade,trade,bid,B,,,116.2,1.0,,,,,,9635f5b4-f3f4-4173-b396-621f82a894dc,,e0c08c5a-6769-498c-bfda-860c90c72982,023551ba-7574-4437-9bab-95c4d4ec451c,b5eb1e0a-5002-4683-a96b-77986bde95ab,cda8f129-61a6-4153-bf08-1c1a945507c7,1778605031.146477
06f4d9ab-2d66-4d8f-845c-680ac99ec639,0,3,13,230,2026-05-12T16:57:11.149444+00:00,order,fill,ask,,023551ba-7574-4437-9bab-95c4d4ec451c,cda8f129-61a6-4153-bf08-1c1a945507c7,116.2,1.0,-1.0,0.0,,,executed,9635f5b4-f3f4-4173-b396-621f82a894dc,e0c08c5a-6769-498c-bfda-860c90c72982,,,,,1778605031.164478
06f4d9ab-2d66-4d8f-845c-680ac99ec639,0,3,13,231,2026-05-12T16:57:11.167228+00:00,order,fill,bid,,e0c08c5a-6769-498c-bfda-860c90c72982,b5eb1e0a-5002-4683-a96b-77986bde95ab,116.2,1.0,-1.0,0.0,,,executed,9635f5b4-f3f4-4173-b396-621f82a894dc,023551ba-7574-4437-9bab-95c4d4ec451c,,,,,1778605031.183762
06f4d9ab-2d66-4d8f-845c-680ac99ec639,0,3,9,232,2026-05-12T16:57:11.531582+00:00,order,cancel,bid,,f530b8fc-105d-4116-8638-795a4caa1265,664d5f3b-570d-4a80-9e72-387baf4c63ae,116.0,1.0,-1.0,0.0,,,cancelled,,,,,,,1778605031.550529
5273b4e4-2b4f-47fa-834f-bd0d84d237b0,0,3,5,213,2026-05-12T16:57:12.080608+00:00,order,add,bid,,46d15f19-01f1-4e6e-91d2-9ce1ab41967d,ede5b087-a2ea-49eb-9494-a67b961bfc79,69.0,1.0,1.0,1.0,1,1.0,active,,,,,,,1778605032.097706
520e90a9-5e9e-4bfa-8244-34e70674e93f,0,3,6,288,2026-05-12T16:57:12.704918+00:00,trade,trade,bid,B,,,79.0,1.0,,,,,,62d56c16-3350-4f19-8dfe-8dab9581ca0a,,cb7db769-028d-4cab-a6ed-abf51b4dc0f4,b75733a7-9529-498d-a4cc-9c5e76dfa1f3,6b8a7a0e-6534-4c7f-ba8e-d90a38b5b936,a7efec93-ac3e-45ce-84ac-eb2844742dd5,1778605032.721556
520e90a9-5e9e-4bfa-8244-34e70674e93f,0,3,6,289,2026-05-12T16:57:12.724962+00:00,order,fill,ask,,b75733a7-9529-498d-a4cc-9c5e76dfa1f3,a7efec93-ac3e-45ce-84ac-eb2844742dd5,79.0,1.0,-1.0,0.0,,,executed,62d56c16-3350-4f19-8dfe-8dab9581ca0a,cb7db769-028d-4cab-a6ed-abf51b4dc0f4,,,,,1778605032.740102
520e90a9-5e9e-4bfa-8244-34e70674e93f,0,3,6,290,2026-05-12T16:57:12.743108+00:00,order,fill,bid,,cb7db769-028d-4cab-a6ed-abf51b4dc0f4,6b8a7a0e-6534-4c7f-ba8e-d90a38b5b936,79.0,1.0,-1.0,0.0,,,executed,62d56c16-3350-4f19-8dfe-8dab9581ca0a,b75733a7-9529-498d-a4cc-9c5e76dfa1f3,,,,,1778605032.757808
5273b4e4-2b4f-47fa-834f-bd0d84d237b0,0,3,5,214,2026-05-12T16:57:14.196680+00:00,order,add,bid,,ae53bf68-e212-4242-89c4-0aa9c1996098,1893c9fa-143a-45ae-8599-dfedb6054045,70.5,1.0,1.0,1.0,1,1.0,active,,,,,,,1778605034.21329
520e90a9-5e9e-4bfa-8244-34e70674e93f,0,3,6,291,2026-05-12T16:57:14.273824+00:00,order,add,bid,,eea4cf7f-49fd-43b4-bfbb-f33fec320c99,cb46e42c-c695-4491-ae41-767eb4004474,75.0,1.0,1.0,1.0,2,2.0,active,,,,,,,1778605034.288897
06f4d9ab-2d66-4d8f-845c-680ac99ec639,0,3,9,233,2026-05-12T16:57:14.713229+00:00,order,cancel,bid,,e05525aa-a473-4376-9e31-c05fe2497dc4,664d5f3b-570d-4a80-9e72-387baf4c63ae,116.0,1.0,-1.0,0.0,,,cancelled,,,,,,,1778605034.729586
5273b4e4-2b4f-47fa-834f-bd0d84d237b0,0,3,5,215,2026-05-12T16:57:14.811695+00:00,order,add,ask,,c740a9b1-51fb-425f-a723-28c0893d4437,18711e8c-d4a6-4e40-ac02-472f81cda568,120.0,1.0,1.0,1.0,3,3.0,active,,,,,,,1778605034.828107
5273b4e4-2b4f-47fa-834f-bd0d84d237b0,0,3,5,216,2026-05-12T16:57:15.760518+00:00,order,add,ask,,02418737-cf71-473e-adb8-fb27da16f7ec,4c5c436f-ca6c-40f1-9cb5-b8bc15205ad4,90.0,1.0,1.0,1.0,2,2.0,active,,,,,,,1778605035.778984
06f4d9ab-2d66-4d8f-845c-680ac99ec639,0,3,13,234,2026-05-12T16:57:15.819562+00:00,trade,trade,bid,B,,,116.2,1.0,,,,,,7fb4d534-f005-4413-b87f-755707b0b330,,e4ed7c87-6b2c-4269-9f0f-831af15f17ff,c2151945-6a6b-4d1c-8287-ffa7ef3d6474,b5eb1e0a-5002-4683-a96b-77986bde95ab,cda8f129-61a6-4153-bf08-1c1a945507c7,1778605035.835108
06f4d9ab-2d66-4d8f-845c-680ac99ec639,0,3,13,235,2026-05-12T16:57:15.838179+00:00,order,fill,ask,,c2151945-6a6b-4d1c-8287-ffa7ef3d6474,cda8f129-61a6-4153-bf08-1c1a945507c7,116.2,1.0,-1.0,0.0,,,executed,7fb4d534-f005-4413-b87f-755707b0b330,e4ed7c87-6b2c-4269-9f0f-831af15f17ff,,,,,1778605035.852835
06f4d9ab-2d66-4d8f-845c-680ac99ec639,0,3,13,236,2026-05-12T16:57:15.855622+00:00,order,fill,bid,,e4ed7c87-6b2c-4269-9f0f-831af15f17ff,b5eb1e0a-5002-4683-a96b-77986bde95ab,116.2,1.0,-1.0,0.0,,,executed,7fb4d534-f005-4413-b87f-755707b0b330,c2151945-6a6b-4d1c-8287-ffa7ef3d6474,,,,,1778605035.870824
520e90a9-5e9e-4bfa-8244-34e70674e93f,0,3,6,292,2026-05-12T16:57:15.957204+00:00,order,add,bid,,33acd29f-0e3a-4970-8397-b1c3aae604e0,c9677d60-b255-4563-955c-c09e7b64f2df,65.0,1.0,1.0,1.0,1,1.0,active,,,,,,,1778605035.973883
06f4d9ab-2d66-4d8f-845c-680ac99ec639,0,3,13,237,2026-05-12T16:57:17.336023+00:00,order,add,ask,,9c9016e3-df12-4c01-8b87-eb6648d3bfb2,cda8f129-61a6-4153-bf08-1c1a945507c7,116.2,1.0,1.0,1.0,1,1.0,active,,,,,,,1778605037.352938
520e90a9-5e9e-4bfa-8244-34e70674e93f,0,3,6,293,2026-05-12T16:57:17.807496+00:00,order,add,ask,,8b85c124-2e72-47d4-bc8d-5e061432c152,a7efec93-ac3e-45ce-84ac-eb2844742dd5,79.99,1.0,1.0,1.0,1,1.0,active,,,,,,,1778605037.82498
520e90a9-5e9e-4bfa-8244-34e70674e93f,0,3,6,294,2026-05-12T16:57:17.860647+00:00,order,add,ask,,c8327e6c-e576-4a85-8f2e-dbe61612bf36,6b8a7a0e-6534-4c7f-ba8e-d90a38b5b936,79.0,1.0,1.0,1.0,1,1.0,active,,,,,,,1778605037.875909
520e90a9-5e9e-4bfa-8244-34e70674e93f,0,3,6,295,2026-05-12T16:57:19.519575+00:00,order,add,ask,,62c16110-7c39-482f-b6d8-5d01484c4a08,a7efec93-ac3e-45ce-84ac-eb2844742dd5,79.0,1.0,1.0,1.0,2,2.0,active,,,,,,,1778605039.536428
520e90a9-5e9e-4bfa-8244-34e70674e93f,0,3,6,296,2026-05-12T16:57:19.575908+00:00,order,cancel,ask,,8353f213-992b-40e2-a912-9d07717f5feb,6b8a7a0e-6534-4c7f-ba8e-d90a38b5b936,80.0,1.0,-1.0,0.0,,,cancelled,,,,,,,1778605039.590986
5273b4e4-2b4f-47fa-834f-bd0d84d237b0,0,3,5,217,2026-05-12T16:57:19.905772+00:00,order,add,ask,,0cfdb07f-5fac-42a1-a33b-5e07838d1a6a,4c5c436f-ca6c-40f1-9cb5-b8bc15205ad4,80.5,1.0,1.0,1.0,1,1.0,active,,,,,,,1778605039.922474
520e90a9-5e9e-4bfa-8244-34e70674e93f,0,3,5,297,2026-05-12T16:57:20.313701+00:00,order,cancel,ask,,4ef80717-cba8-4f4d-9296-d012fa2aedc3,6b8a7a0e-6534-4c7f-ba8e-d90a38b5b936,86.0,1.0,-1.0,0.0,,,cancelled,,,,,,,1778605040.329355
06f4d9ab-2d66-4d8f-845c-680ac99ec639,0,3,13,238,2026-05-12T16:57:20.448640+00:00,order,add,ask,,94af8348-3e02-4468-8102-70252275e58e,cda8f129-61a6-4153-bf08-1c1a945507c7,116.2,1.0,1.0,1.0,2,2.0,active,,,,,,,1778605040.464642
5273b4e4-2b4f-47fa-834f-bd0d84d237b0,0,3,5,218,2026-05-12T16:57:20.500613+00:00,order,add,ask,,661bb8a6-bf91-4fb6-a6db-180b86824894,d00142cb-036c-42b2-986f-4d8449293679,90.0,1.0,1.0,1.0,3,3.0,active,,,,,,,1778605040.517319
520e90a9-5e9e-4bfa-8244-34e70674e93f,0,3,6,298,2026-05-12T16:57:20.677563+00:00,order,add,bid,,e60feb6e-6889-4bc9-bea5-418c04044c89,1a600171-9cfa-44bf-a3d4-b7322acefe1a,78.5,1.0,1.0,1.0,1,1.0,active,,,,,,,1778605040.69566
06f4d9ab-2d66-4d8f-845c-680ac99ec639,0,3,13,239,2026-05-12T16:57:20.789257+00:00,order,add,bid,,b75cb090-b063-4de9-b7c0-59edf91c5107,664d5f3b-570d-4a80-9e72-387baf4c63ae,116.0,1.0,1.0,1.0,14,14.0,active,,,,,,,1778605040.806201
520e90a9-5e9e-4bfa-8244-34e70674e93f,0,3,5,299,2026-05-12T16:57:20.844402+00:00,order,cancel,ask,,2a77ca54-c0d4-47d1-9142-b2f409dae4bb,6b8a7a0e-6534-4c7f-ba8e-d90a38b5b936,87.0,1.0,-1.0,0.0,,,cancelled,,,,,,,1778605040.859725
5273b4e4-2b4f-47fa-834f-bd0d84d237b0,0,3,5,219,2026-05-12T16:57:20.893809+00:00,order,add,ask,,a4f4a3d4-ed51-49a9-8e95-a98673de1035,1893c9fa-143a-45ae-8599-dfedb6054045,895.0,1.0,1.0,1.0,1,1.0,active,,,,,,,1778605040.90937
06f4d9ab-2d66-4d8f-845c-680ac99ec639,0,3,13,240,2026-05-12T16:57:20.974080+00:00,trade,trade,bid,B,,,116.2,1.0,,,,,,95622992-c7cf-4f80-bb9b-ce4983630f16,,a1f54749-0a89-49d3-90ba-0667ba5992f1,9c9016e3-df12-4c01-8b87-eb6648d3bfb2,b5eb1e0a-5002-4683-a96b-77986bde95ab,cda8f129-61a6-4153-bf08-1c1a945507c7,1778605040.989802
06f4d9ab-2d66-4d8f-845c-680ac99ec639,0,3,13,241,2026-05-12T16:57:20.992816+00:00,order,fill,ask,,9c9016e3-df12-4c01-8b87-eb6648d3bfb2,cda8f129-61a6-4153-bf08-1c1a945507c7,116.2,1.0,-1.0,0.0,,,executed,95622992-c7cf-4f80-bb9b-ce4983630f16,a1f54749-0a89-49d3-90ba-0667ba5992f1,,,,,1778605041.008373
06f4d9ab-2d66-4d8f-845c-680ac99ec639,0,3,13,242,2026-05-12T16:57:21.011462+00:00,order,fill,bid,,a1f54749-0a89-49d3-90ba-0667ba5992f1,b5eb1e0a-5002-4683-a96b-77986bde95ab,116.2,1.0,-1.0,0.0,,,executed,95622992-c7cf-4f80-bb9b-ce4983630f16,9c9016e3-df12-4c01-8b87-eb6648d3bfb2,,,,,1778605041.027035
520e90a9-5e9e-4bfa-8244-34e70674e93f,0,3,6,300,2026-05-12T16:57:21.063515+00:00,trade,trade,ask,S,,,78.5,1.0,,,,,,11b021ee-ff3d-4f45-a2bd-3c0efd428556,,e60feb6e-6889-4bc9-bea5-418c04044c89,eaded615-c807-4850-80f4-313b78a05893,1a600171-9cfa-44bf-a3d4-b7322acefe1a,a7efec93-ac3e-45ce-84ac-eb2844742dd5,1778605041.079089
520e90a9-5e9e-4bfa-8244-34e70674e93f,0,3,6,301,2026-05-12T16:57:21.082241+00:00,order,fill,ask,,eaded615-c807-4850-80f4-313b78a05893,a7efec93-ac3e-45ce-84ac-eb2844742dd5,78.5,1.0,-1.0,0.0,,,executed,11b021ee-ff3d-4f45-a2bd-3c0efd428556,e60feb6e-6889-4bc9-bea5-418c04044c89,,,,,1778605041.098092
520e90a9-5e9e-4bfa-8244-34e70674e93f,0,3,6,302,2026-05-12T16:57:21.101180+00:00,order,fill,bid,,e60feb6e-6889-4bc9-bea5-418c04044c89,1a600171-9cfa-44bf-a3d4-b7322acefe1a,78.5,1.0,-1.0,0.0,,,executed,11b021ee-ff3d-4f45-a2bd-3c0efd428556,eaded615-c807-4850-80f4-313b78a05893,,,,,1778605041.117004
5273b4e4-2b4f-47fa-834f-bd0d84d237b0,0,3,5,220,2026-05-12T16:57:21.868790+00:00,order,add,ask,,8215e4c8-26a5-44bc-bf8c-339edbc8c579,18711e8c-d4a6-4e40-ac02-472f81cda568,99.0,1.0,1.0,1.0,1,1.0,active,,,,,,,1778605041.886495
5273b4e4-2b4f-47fa-834f-bd0d84d237b0,0,3,5,221,2026-05-12T16:57:24.775710+00:00,order,add,bid,,19efef2f-3ba4-47ee-bafa-94856fc79d89,ede5b087-a2ea-49eb-9494-a67b961bfc79,69.5,1.0,1.0,1.0,1,1.0,active,,,,,,,1778605044.791806
06f4d9ab-2d66-4d8f-845c-680ac99ec639,0,3,13,243,2026-05-12T16:57:26.694933+00:00,trade,trade,bid,B,,,116.2,1.0,,,,,,031c9532-6d72-4cd7-bb13-1aed286cca7d,,4a44d0f9-48ec-4442-9b4a-38910549ac29,94af8348-3e02-4468-8102-70252275e58e,b5eb1e0a-5002-4683-a96b-77986bde95ab,cda8f129-61a6-4153-bf08-1c1a945507c7,1778605046.710449
06f4d9ab-2d66-4d8f-845c-680ac99ec639,0,3,13,244,2026-05-12T16:57:26.713411+00:00,order,fill,ask,,94af8348-3e02-4468-8102-70252275e58e,cda8f129-61a6-4153-bf08-1c1a945507c7,116.2,1.0,-1.0,0.0,,,executed,031c9532-6d72-4cd7-bb13-1aed286cca7d,4a44d0f9-48ec-4442-9b4a-38910549ac29,,,,,1778605046.728629
06f4d9ab-2d66-4d8f-845c-680ac99ec639,0,3,13,245,2026-05-12T16:57:26.731568+00:00,order,fill,bid,,4a44d0f9-48ec-4442-9b4a-38910549ac29,b5eb1e0a-5002-4683-a96b-77986bde95ab,116.2,1.0,-1.0,0.0,,,executed,031c9532-6d72-4cd7-bb13-1aed286cca7d,94af8348-3e02-4468-8102-70252275e58e,,,,,1778605046.74615
5273b4e4-2b4f-47fa-834f-bd0d84d237b0,0,3,5,222,2026-05-12T16:57:28.556541+00:00,order,add,ask,,65d85232-556d-4af5-b4cb-5998931b18ba,d00142cb-036c-42b2-986f-4d8449293679,79.0,1.0,1.0,1.0,1,1.0,active,,,,,,,1778605048.572585
5273b4e4-2b4f-47fa-834f-bd0d84d237b0,0,3,5,223,2026-05-12T16:57:28.690451+00:00,order,add,ask,,a18b5804-4826-47ca-a564-19dcddf57eab,1893c9fa-143a-45ae-8599-dfedb6054045,89.6,1.0,1.0,1.0,1,1.0,active,,,,,,,1778605048.707008
5273b4e4-2b4f-47fa-834f-bd0d84d237b0,0,3,5,224,2026-05-12T16:57:29.067489+00:00,order,add,ask,,319087d3-e6f6-468c-8c1b-6770fa3e8383,18711e8c-d4a6-4e40-ac02-472f81cda568,100.0,1.0,1.0,1.0,4,4.0,active,,,,,,,1778605049.08328
5273b4e4-2b4f-47fa-834f-bd0d84d237b0,0,3,5,225,2026-05-12T16:57:31.203847+00:00,order,cancel,ask,,15422530-4543-44e4-a2a8-76decbd38b7a,1893c9fa-143a-45ae-8599-dfedb6054045,90.0,1.0,-1.0,0.0,,,cancelled,,,,,,,1778605051.219238
5273b4e4-2b4f-47fa-834f-bd0d84d237b0,0,3,5,226,2026-05-12T16:57:32.655722+00:00,order,add,bid,,2049a3a1-399e-467b-ad79-50b79814c95b,ede5b087-a2ea-49eb-9494-a67b961bfc79,69.7,1.0,1.0,1.0,1,1.0,active,,,,,,,1778605052.671522
06f4d9ab-2d66-4d8f-845c-680ac99ec639,0,3,9,246,2026-05-12T16:57:36.514142+00:00,order,cancel,bid,,dde0767d-e786-4307-bffc-465628a06954,664d5f3b-570d-4a80-9e72-387baf4c63ae,116.0,1.0,-1.0,0.0,,,cancelled,,,,,,,1778605056.529666
06f4d9ab-2d66-4d8f-845c-680ac99ec639,0,3,13,247,2026-05-12T16:57:39.675224+00:00,order,add,bid,,8fd1bb2a-10d2-4319-b69d-c255a710ab26,664d5f3b-570d-4a80-9e72-387baf4c63ae,116.0,1.0,1.0,1.0,14,14.0,active,,,,,,,1778605059.692536
06f4d9ab-2d66-4d8f-845c-680ac99ec639,0,3,13,248,2026-05-12T16:57:40.518842+00:00,order,add,ask,,efcca675-3529-4da4-825f-c7170f9cf051,b5eb1e0a-5002-4683-a96b-77986bde95ab,116.2,1.0,1.0,1.0,1,1.0,active,,,,,,,1778605060.535263
06f4d9ab-2d66-4d8f-845c-680ac99ec639,0,3,12,249,2026-05-12T16:57:42.791249+00:00,order,cancel,ask,,4edddbe6-0639-40c5-8465-44296232dec6,b5eb1e0a-5002-4683-a96b-77986bde95ab,116.22,1.0,-1.0,0.0,,,cancelled,,,,,,,1778605062.806894
06f4d9ab-2d66-4d8f-845c-680ac99ec639,0,3,13,250,2026-05-12T16:57:45.608588+00:00,order,add,ask,,a81a5b02-6b15-480b-a470-d41bd69374c2,cda8f129-61a6-4153-bf08-1c1a945507c7,116.3,1.0,1.0,1.0,1,1.0,active,,,,,,,1778605065.624497
5273b4e4-2b4f-47fa-834f-bd0d84d237b0,0,3,6,227,2026-05-12T16:57:51.667108+00:00,order,add,bid,,aa9130f7-2674-401c-9816-2cef5e078ac4,4c5c436f-ca6c-40f1-9cb5-b8bc15205ad4,70.0,1.0,1.0,1.0,3,3.0,active,,,,,,,1778605071.683769
06f4d9ab-2d66-4d8f-845c-680ac99ec639,0,3,10,251,2026-05-12T16:57:54.158474+00:00,order,cancel,bid,,c017c5eb-78f1-47ab-b03e-377c04237b36,664d5f3b-570d-4a80-9e72-387baf4c63ae,116.0,1.0,-1.0,0.0,,,cancelled,,,,,,,1778605074.174501
5273b4e4-2b4f-47fa-834f-bd0d84d237b0,0,3,5,228,2026-05-12T16:57:54.412860+00:00,order,cancel,ask,,a18b5804-4826-47ca-a564-19dcddf57eab,1893c9fa-143a-45ae-8599-dfedb6054045,89.6,1.0,-1.0,0.0,,,cancelled,,,,,,,1778605074.429815
06f4d9ab-2d66-4d8f-845c-680ac99ec639,0,3,13,252,2026-05-12T16:57:54.759118+00:00,order,add,ask,,8c8f1346-7ac5-4f99-afe3-c9c02a77e4d6,b5eb1e0a-5002-4683-a96b-77986bde95ab,116.11,1.0,1.0,1.0,1,1.0,active,,,,,,,1778605074.77678
5273b4e4-2b4f-47fa-834f-bd0d84d237b0,0,3,5,229,2026-05-12T16:57:56.449842+00:00,order,cancel,bid,,0e46a247-74ff-43d0-9dc2-9bf3074c20f5,bc7d5ce5-ff5f-43da-8411-1cc4780872be,71.0,1.0,-1.0,0.0,,,cancelled,,,,,,,1778605076.465806
520e90a9-5e9e-4bfa-8244-34e70674e93f,0,3,5,303,2026-05-12T16:57:57.326786+00:00,order,cancel,bid,,c359a58d-7cbc-4ff1-98d5-58a35a74b1db,1a600171-9cfa-44bf-a3d4-b7322acefe1a,75.0,1.0,-1.0,0.0,,,cancelled,,,,,,,1778605077.34399
5273b4e4-2b4f-47fa-834f-bd0d84d237b0,0,3,6,230,2026-05-12T16:57:58.377336+00:00,order,add,ask,,14e7773c-f9b6-4632-ae8e-d8add8cff6f7,4c5c436f-ca6c-40f1-9cb5-b8bc15205ad4,80.0,1.0,1.0,1.0,1,1.0,active,,,,,,,1778605078.394646
5273b4e4-2b4f-47fa-834f-bd0d84d237b0,0,3,5,231,2026-05-12T16:57:58.818933+00:00,order,cancel,ask,,65d85232-556d-4af5-b4cb-5998931b18ba,d00142cb-036c-42b2-986f-4d8449293679,79.0,1.0,-1.0,0.0,,,cancelled,,,,,,,1778605078.834567
5273b4e4-2b4f-47fa-834f-bd0d84d237b0,0,3,6,232,2026-05-12T16:58:00.162601+00:00,order,add,ask,,9e4534b1-1214-47cd-9904-3e48c19b0ea6,1893c9fa-143a-45ae-8599-dfedb6054045,84.0,1.0,1.0,1.0,1,1.0,active,,,,,,,1778605080.184658
5273b4e4-2b4f-47fa-834f-bd0d84d237b0,0,3,6,233,2026-05-12T16:58:00.322554+00:00,order,add,bid,,b5627c5b-1348-4de4-9913-25f652acde84,bc7d5ce5-ff5f-43da-8411-1cc4780872be,68.0,1.0,1.0,1.0,3,3.0,active,,,,,,,1778605080.340381
520e90a9-5e9e-4bfa-8244-34e70674e93f,0,3,7,304,2026-05-12T16:58:00.461588+00:00,trade,trade,ask,S,,,78.0,1.0,,,,,,e57b0849-1f9c-4014-82f7-2fa24cfae8a3,,44eea9c3-c81b-4f6a-aa36-898ba2d57174,404dc517-270a-4a9f-8cb2-de817458d351,a7efec93-ac3e-45ce-84ac-eb2844742dd5,1a600171-9cfa-44bf-a3d4-b7322acefe1a,1778605080.481242
520e90a9-5e9e-4bfa-8244-34e70674e93f,0,3,7,305,2026-05-12T16:58:00.484613+00:00,order,fill,ask,,404dc517-270a-4a9f-8cb2-de817458d351,1a600171-9cfa-44bf-a3d4-b7322acefe1a,78.0,1.0,-1.0,0.0,,,executed,e57b0849-1f9c-4014-82f7-2fa24cfae8a3,44eea9c3-c81b-4f6a-aa36-898ba2d57174,,,,,1778605080.500829
520e90a9-5e9e-4bfa-8244-34e70674e93f,0,3,7,306,2026-05-12T16:58:00.504127+00:00,order,fill,bid,,44eea9c3-c81b-4f6a-aa36-898ba2d57174,a7efec93-ac3e-45ce-84ac-eb2844742dd5,78.0,1.0,-1.0,0.0,,,executed,e57b0849-1f9c-4014-82f7-2fa24cfae8a3,404dc517-270a-4a9f-8cb2-de817458d351,,,,,1778605080.519884
520e90a9-5e9e-4bfa-8244-34e70674e93f,0,3,7,307,2026-05-12T16:58:00.727388+00:00,order,add,ask,,ad6c2e0b-4b54-4d58-bf4c-13988c72bee6,a7efec93-ac3e-45ce-84ac-eb2844742dd5,78.0,1.0,1.0,1.0,1,1.0,active,,,,,,,1778605080.744799
06f4d9ab-2d66-4d8f-845c-680ac99ec639,0,3,14,253,2026-05-12T16:58:01.657353+00:00,order,add,bid,,42fdbfed-adb0-4692-8c70-37e76700fa49,cda8f129-61a6-4153-bf08-1c1a945507c7,116.06,1.0,1.0,1.0,1,1.0,active,,,,,,,1778605081.684087
520e90a9-5e9e-4bfa-8244-34e70674e93f,0,3,6,308,2026-05-12T16:58:01.795156+00:00,order,cancel,bid,,eea4cf7f-49fd-43b4-bfbb-f33fec320c99,cb46e42c-c695-4491-ae41-767eb4004474,75.0,1.0,-1.0,0.0,,,cancelled,,,,,,,1778605081.814708
520e90a9-5e9e-4bfa-8244-34e70674e93f,0,3,7,309,2026-05-12T16:58:02.648478+00:00,order,add,bid,,04df56b9-58dd-4a3a-8f23-3a71f2f69ca8,6b8a7a0e-6534-4c7f-ba8e-d90a38b5b936,77.0,1.0,1.0,1.0,1,1.0,active,,,,,,,1778605082.665701
5273b4e4-2b4f-47fa-834f-bd0d84d237b0,0,3,6,234,2026-05-12T16:58:02.949911+00:00,order,cancel,ask,,9e4534b1-1214-47cd-9904-3e48c19b0ea6,1893c9fa-143a-45ae-8599-dfedb6054045,84.0,1.0,-1.0,0.0,,,cancelled,,,,,,,1778605082.968537
520e90a9-5e9e-4bfa-8244-34e70674e93f,0,3,7,310,2026-05-12T16:58:04.045633+00:00,trade,trade,ask,S,,,77.0,1.0,,,,,,580e442a-73b6-4f05-84c2-f6eb6ee01264,,04df56b9-58dd-4a3a-8f23-3a71f2f69ca8,0d3ba5ee-42b0-48fa-b40a-dfb88cc7dc18,6b8a7a0e-6534-4c7f-ba8e-d90a38b5b936,1a600171-9cfa-44bf-a3d4-b7322acefe1a,1778605084.061233
520e90a9-5e9e-4bfa-8244-34e70674e93f,0,3,7,311,2026-05-12T16:58:04.064305+00:00,order,fill,ask,,0d3ba5ee-42b0-48fa-b40a-dfb88cc7dc18,1a600171-9cfa-44bf-a3d4-b7322acefe1a,76.0,1.0,-1.0,0.0,,,executed,580e442a-73b6-4f05-84c2-f6eb6ee01264,04df56b9-58dd-4a3a-8f23-3a71f2f69ca8,,,,,1778605084.07988
520e90a9-5e9e-4bfa-8244-34e70674e93f,0,3,7,312,2026-05-12T16:58:04.082893+00:00,order,fill,bid,,04df56b9-58dd-4a3a-8f23-3a71f2f69ca8,6b8a7a0e-6534-4c7f-ba8e-d90a38b5b936,77.0,1.0,-1.0,0.0,,,executed,580e442a-73b6-4f05-84c2-f6eb6ee01264,0d3ba5ee-42b0-48fa-b40a-dfb88cc7dc18,,,,,1778605084.098328
5273b4e4-2b4f-47fa-834f-bd0d84d237b0,0,3,6,235,2026-05-12T16:58:05.339937+00:00,order,add,ask,,b57fe0db-1056-4fb0-99eb-963aa9c91efd,18711e8c-d4a6-4e40-ac02-472f81cda568,96.0,1.0,1.0,1.0,1,1.0,active,,,,,,,1778605085.356242
520e90a9-5e9e-4bfa-8244-34e70674e93f,0,3,7,313,2026-05-12T16:58:05.824719+00:00,order,cancel,ask,,ad6c2e0b-4b54-4d58-bf4c-13988c72bee6,a7efec93-ac3e-45ce-84ac-eb2844742dd5,78.0,1.0,-1.0,0.0,,,cancelled,,,,,,,1778605085.840466
5273b4e4-2b4f-47fa-834f-bd0d84d237b0,0,3,6,236,2026-05-12T16:58:05.874903+00:00,order,cancel,bid,,aa9130f7-2674-401c-9816-2cef5e078ac4,4c5c436f-ca6c-40f1-9cb5-b8bc15205ad4,70.0,1.0,-1.0,0.0,,,cancelled,,,,,,,1778605085.889954
5273b4e4-2b4f-47fa-834f-bd0d84d237b0,0,3,6,237,2026-05-12T16:58:06.259468+00:00,order,add,ask,,b4643243-9027-43c9-bdb5-56167fd8afd4,1893c9fa-143a-45ae-8599-dfedb6054045,81.0,1.0,1.0,1.0,1,1.0,active,,,,,,,1778605086.276296
5273b4e4-2b4f-47fa-834f-bd0d84d237b0,0,3,6,238,2026-05-12T16:58:07.336655+00:00,order,add,bid,,420c64a7-e4c2-4b85-8f87-4edeb9f50f78,bc7d5ce5-ff5f-43da-8411-1cc4780872be,65.0,1.0,1.0,1.0,3,3.0,active,,,,,,,1778605087.354068
520e90a9-5e9e-4bfa-8244-34e70674e93f,0,3,7,314,2026-05-12T16:58:08.119547+00:00,order,add,bid,,b4fc5521-ab5d-47e4-8c90-62bca639d159,a7efec93-ac3e-45ce-84ac-eb2844742dd5,77.0,1.0,1.0,1.0,1,1.0,active,,,,,,,1778605088.135761
5273b4e4-2b4f-47fa-834f-bd0d84d237b0,0,3,6,239,2026-05-12T16:58:08.363628+00:00,order,add,bid,,eeb7a89d-4bfe-4a1f-992b-ef75634e12ce,d00142cb-036c-42b2-986f-4d8449293679,50.0,1.0,1.0,1.0,5,5.0,active,,,,,,,1778605088.380249
06f4d9ab-2d66-4d8f-845c-680ac99ec639,0,3,14,254,2026-05-12T16:58:08.904014+00:00,order,add,bid,,96f0b6f6-e5e5-48b4-959b-236c3e8a1f27,cda8f129-61a6-4153-bf08-1c1a945507c7,116.1,1.0,1.0,1.0,1,1.0,active,,,,,,,1778605088.921374
520e90a9-5e9e-4bfa-8244-34e70674e93f,0,3,7,315,2026-05-12T16:58:09.021641+00:00,trade,trade,ask,S,,,77.0,1.0,,,,,,6063ffd4-3da3-4182-8649-d5b68cff7f50,,b4fc5521-ab5d-47e4-8c90-62bca639d159,fb291932-a148-44b9-bcbe-a873ce19a90b,a7efec93-ac3e-45ce-84ac-eb2844742dd5,5e6b5ec7-66f5-446f-b458-3b18596521a3,1778605089.037194
520e90a9-5e9e-4bfa-8244-34e70674e93f,0,3,7,316,2026-05-12T16:58:09.040276+00:00,order,fill,ask,,fb291932-a148-44b9-bcbe-a873ce19a90b,5e6b5ec7-66f5-446f-b458-3b18596521a3,77.0,1.0,-1.0,0.0,,,executed,6063ffd4-3da3-4182-8649-d5b68cff7f50,b4fc5521-ab5d-47e4-8c90-62bca639d159,,,,,1778605089.055495
520e90a9-5e9e-4bfa-8244-34e70674e93f,0,3,7,317,2026-05-12T16:58:09.058477+00:00,order,fill,bid,,b4fc5521-ab5d-47e4-8c90-62bca639d159,a7efec93-ac3e-45ce-84ac-eb2844742dd5,77.0,1.0,-1.0,0.0,,,executed,6063ffd4-3da3-4182-8649-d5b68cff7f50,fb291932-a148-44b9-bcbe-a873ce19a90b,,,,,1778605089.074224
520e90a9-5e9e-4bfa-8244-34e70674e93f,0,3,7,318,2026-05-12T16:58:09.544771+00:00,order,add,ask,,e5eb6571-763f-41e6-8870-7f2abfa94e61,6b8a7a0e-6534-4c7f-ba8e-d90a38b5b936,79.0,1.0,1.0,1.0,3,3.0,active,,,,,,,1778605089.561819
520e90a9-5e9e-4bfa-8244-34e70674e93f,0,3,7,319,2026-05-12T16:58:09.608144+00:00,trade,trade,ask,S,,,76.0,1.0,,,,,,c4a77de5-e27a-407e-a023-c643288fb192,,55d14bf4-670e-4eca-897a-cdf23d0afe6d,be92cc6a-5fbb-485b-92f6-fbbe637ff028,6b8a7a0e-6534-4c7f-ba8e-d90a38b5b936,1a600171-9cfa-44bf-a3d4-b7322acefe1a,1778605089.623642
520e90a9-5e9e-4bfa-8244-34e70674e93f,0,3,7,320,2026-05-12T16:58:09.626765+00:00,order,fill,ask,,be92cc6a-5fbb-485b-92f6-fbbe637ff028,1a600171-9cfa-44bf-a3d4-b7322acefe1a,76.0,1.0,-1.0,0.0,,,executed,c4a77de5-e27a-407e-a023-c643288fb192,55d14bf4-670e-4eca-897a-cdf23d0afe6d,,,,,1778605089.642462
520e90a9-5e9e-4bfa-8244-34e70674e93f,0,3,7,321,2026-05-12T16:58:09.645420+00:00,order,fill,bid,,55d14bf4-670e-4eca-897a-cdf23d0afe6d,6b8a7a0e-6534-4c7f-ba8e-d90a38b5b936,76.0,1.0,-1.0,0.0,,,executed,c4a77de5-e27a-407e-a023-c643288fb192,be92cc6a-5fbb-485b-92f6-fbbe637ff028,,,,,1778605089.660879
06f4d9ab-2d66-4d8f-845c-680ac99ec639,0,3,14,255,2026-05-12T16:58:10.007484+00:00,order,add,bid,,b3cd8c36-aaa5-49b9-8c35-a6a47a50965a,664d5f3b-570d-4a80-9e72-387baf4c63ae,116.0,1.0,1.0,1.0,14,14.0,active,,,,,,,1778605090.024375
520e90a9-5e9e-4bfa-8244-34e70674e93f,0,3,7,322,2026-05-12T16:58:10.126789+00:00,order,add,ask,,4e9c4ef6-2400-4c9d-94ed-962ae387f22f,c9677d60-b255-4563-955c-c09e7b64f2df,76.5,1.0,1.0,1.0,1,1.0,active,,,,,,,1778605090.14477
5273b4e4-2b4f-47fa-834f-bd0d84d237b0,0,3,6,240,2026-05-12T16:58:10.852715+00:00,order,add,ask,,877cf8ca-7848-4b0b-9286-c02137103a80,18711e8c-d4a6-4e40-ac02-472f81cda568,94.0,1.0,1.0,1.0,1,1.0,active,,,,,,,1778605090.875758
520e90a9-5e9e-4bfa-8244-34e70674e93f,0,3,7,323,2026-05-12T16:58:11.581693+00:00,order,add,ask,,ff319c18-f8d2-40b5-864e-86d16f636c75,1a600171-9cfa-44bf-a3d4-b7322acefe1a,77.5,1.0,1.0,1.0,1,1.0,active,,,,,,,1778605091.599314
06f4d9ab-2d66-4d8f-845c-680ac99ec639,0,3,14,256,2026-05-12T16:58:13.645621+00:00,order,add,bid,,27051490-6cb0-4c92-b6d5-32f19c32df4b,664d5f3b-570d-4a80-9e72-387baf4c63ae,116.0,1.0,1.0,1.0,15,15.0,active,,,,,,,1778605093.663613
520e90a9-5e9e-4bfa-8244-34e70674e93f,0,3,7,324,2026-05-12T16:58:13.921650+00:00,order,add,bid,,4621fa6d-a6fe-4504-8414-789befa0ffff,6b8a7a0e-6534-4c7f-ba8e-d90a38b5b936,66.0,1.0,1.0,1.0,1,1.0,active,,,,,,,1778605093.938272
5273b4e4-2b4f-47fa-834f-bd0d84d237b0,0,3,6,241,2026-05-12T16:58:14.579417+00:00,order,add,bid,,05d1c96c-507b-4e42-8a5c-3366c87cabc2,1893c9fa-143a-45ae-8599-dfedb6054045,70.6,1.0,1.0,1.0,1,1.0,active,,,,,,,1778605094.596266
06f4d9ab-2d66-4d8f-845c-680ac99ec639,0,3,14,257,2026-05-12T16:58:14.917867+00:00,trade,trade,ask,S,,,116.1,1.0,,,,,,d868837a-a6fb-49af-9a86-b7f1cd28569f,,96f0b6f6-e5e5-48b4-959b-236c3e8a1f27,f440b14f-2fd2-4a22-b31e-fbc34f1fcaa1,cda8f129-61a6-4153-bf08-1c1a945507c7,664d5f3b-570d-4a80-9e72-387baf4c63ae,1778605094.935302
06f4d9ab-2d66-4d8f-845c-680ac99ec639,0,3,14,258,2026-05-12T16:58:14.938569+00:00,order,fill,ask,,f440b14f-2fd2-4a22-b31e-fbc34f1fcaa1,664d5f3b-570d-4a80-9e72-387baf4c63ae,116.0,1.0,-1.0,0.0,,,executed,d868837a-a6fb-49af-9a86-b7f1cd28569f,96f0b6f6-e5e5-48b4-959b-236c3e8a1f27,,,,,1778605094.954415
06f4d9ab-2d66-4d8f-845c-680ac99ec639,0,3,14,259,2026-05-12T16:58:14.957398+00:00,order,fill,bid,,96f0b6f6-e5e5-48b4-959b-236c3e8a1f27,cda8f129-61a6-4153-bf08-1c1a945507c7,116.1,1.0,-1.0,0.0,,,executed,d868837a-a6fb-49af-9a86-b7f1cd28569f,f440b14f-2fd2-4a22-b31e-fbc34f1fcaa1,,,,,1778605094.972728
520e90a9-5e9e-4bfa-8244-34e70674e93f,0,3,7,325,2026-05-12T16:58:15.269932+00:00,order,add,ask,,a8353988-ceca-4357-bff6-c233269cfed8,1a600171-9cfa-44bf-a3d4-b7322acefe1a,76.0,1.0,1.0,1.0,1,1.0,active,,,,,,,1778605095.286908
5273b4e4-2b4f-47fa-834f-bd0d84d237b0,0,3,6,242,2026-05-12T16:58:15.354906+00:00,order,add,ask,,f3cb4b47-bee1-4d0a-926a-9b72c3c8210f,18711e8c-d4a6-4e40-ac02-472f81cda568,91.0,1.0,1.0,1.0,1,1.0,active,,,,,,,1778605095.371904
5273b4e4-2b4f-47fa-834f-bd0d84d237b0,0,3,5,243,2026-05-12T16:58:15.811366+00:00,order,cancel,bid,,ae53bf68-e212-4242-89c4-0aa9c1996098,1893c9fa-143a-45ae-8599-dfedb6054045,70.5,1.0,-1.0,0.0,,,cancelled,,,,,,,1778605095.827963
520e90a9-5e9e-4bfa-8244-34e70674e93f,0,3,6,326,2026-05-12T16:58:16.277437+00:00,order,cancel,bid,,33acd29f-0e3a-4970-8397-b1c3aae604e0,c9677d60-b255-4563-955c-c09e7b64f2df,65.0,1.0,-1.0,0.0,,,cancelled,,,,,,,1778605096.293747
520e90a9-5e9e-4bfa-8244-34e70674e93f,0,3,6,327,2026-05-12T16:58:16.414587+00:00,order,cancel,ask,,ac877a42-9910-4463-9c25-d4be0504fcbb,1a600171-9cfa-44bf-a3d4-b7322acefe1a,83.0,1.0,-1.0,0.0,,,cancelled,,,,,,,1778605096.430282
5273b4e4-2b4f-47fa-834f-bd0d84d237b0,0,3,6,244,2026-05-12T16:58:16.514519+00:00,order,add,bid,,6d3f2bed-d1f4-4b6d-b7c3-4cdce559eed1,d00142cb-036c-42b2-986f-4d8449293679,60.0,1.0,1.0,1.0,4,4.0,active,,,,,,,1778605096.530407
5273b4e4-2b4f-47fa-834f-bd0d84d237b0,0,3,6,245,2026-05-12T16:58:16.566654+00:00,order,add,bid,,d4939605-3eba-44c0-b998-7db3e761b8fd,4c5c436f-ca6c-40f1-9cb5-b8bc15205ad4,70.0,1.0,1.0,1.0,3,3.0,active,,,,,,,1778605096.582207
520e90a9-5e9e-4bfa-8244-34e70674e93f,0,3,7,328,2026-05-12T16:58:17.197910+00:00,order,cancel,ask,,ff319c18-f8d2-40b5-864e-86d16f636c75,1a600171-9cfa-44bf-a3d4-b7322acefe1a,77.5,1.0,-1.0,0.0,,,cancelled,,,,,,,1778605097.21385
06f4d9ab-2d66-4d8f-845c-680ac99ec639,0,3,14,260,2026-05-12T16:58:17.315201+00:00,order,add,bid,,ef1386a1-241d-4deb-9fc7-a1949b1d1bc5,664d5f3b-570d-4a80-9e72-387baf4c63ae,116.0,1.0,1.0,1.0,16,16.0,active,,,,,,,1778605097.331994
06f4d9ab-2d66-4d8f-845c-680ac99ec639,0,3,14,261,2026-05-12T16:58:17.736672+00:00,order,add,ask,,6a74da61-5eb2-49f0-b920-918eabd6ac0d,cda8f129-61a6-4153-bf08-1c1a945507c7,116.15,1.0,1.0,1.0,1,1.0,active,,,,,,,1778605097.752668
5273b4e4-2b4f-47fa-834f-bd0d84d237b0,0,3,6,246,2026-05-12T16:58:19.452401+00:00,order,add,ask,,77693a5e-4c40-420b-aa64-4d9a3a0d2f36,18711e8c-d4a6-4e40-ac02-472f81cda568,99.0,1.0,1.0,1.0,2,2.0,active,,,,,,,1778605099.469441
520e90a9-5e9e-4bfa-8244-34e70674e93f,0,3,7,329,2026-05-12T16:58:20.045932+00:00,order,add,bid,,b661b61b-3818-4f67-96bc-da9d6f39b1b0,c9677d60-b255-4563-955c-c09e7b64f2df,60.0,1.0,1.0,1.0,1,1.0,active,,,,,,,1778605100.062865
520e90a9-5e9e-4bfa-8244-34e70674e93f,0,3,7,330,2026-05-12T16:58:23.549507+00:00,order,cancel,ask,,4e9c4ef6-2400-4c9d-94ed-962ae387f22f,c9677d60-b255-4563-955c-c09e7b64f2df,76.5,1.0,-1.0,0.0,,,cancelled,,,,,,,1778605103.565138
06f4d9ab-2d66-4d8f-845c-680ac99ec639,0,3,14,262,2026-05-12T16:58:23.901294+00:00,trade,trade,ask,S,,,116.06,1.0,,,,,,31df4062-7988-454c-8092-01c4805ebb09,,42fdbfed-adb0-4692-8c70-37e76700fa49,0774d03d-8d27-4fbe-8ae6-9cf523a40575,cda8f129-61a6-4153-bf08-1c1a945507c7,664d5f3b-570d-4a80-9e72-387baf4c63ae,1778605103.917795
06f4d9ab-2d66-4d8f-845c-680ac99ec639,0,3,14,263,2026-05-12T16:58:23.920909+00:00,order,fill,ask,,0774d03d-8d27-4fbe-8ae6-9cf523a40575,664d5f3b-570d-4a80-9e72-387baf4c63ae,116.0,1.0,-1.0,0.0,,,executed,31df4062-7988-454c-8092-01c4805ebb09,42fdbfed-adb0-4692-8c70-37e76700fa49,,,,,1778605103.936125
06f4d9ab-2d66-4d8f-845c-680ac99ec639,0,3,14,264,2026-05-12T16:58:23.939098+00:00,order,fill,bid,,42fdbfed-adb0-4692-8c70-37e76700fa49,cda8f129-61a6-4153-bf08-1c1a945507c7,116.06,1.0,-1.0,0.0,,,executed,31df4062-7988-454c-8092-01c4805ebb09,0774d03d-8d27-4fbe-8ae6-9cf523a40575,,,,,1778605103.954529
520e90a9-5e9e-4bfa-8244-34e70674e93f,0,3,7,331,2026-05-12T16:58:24.741295+00:00,order,add,bid,,8bc8048f-353b-446c-a722-21d3580cde9e,1a600171-9cfa-44bf-a3d4-b7322acefe1a,70.0,1.0,1.0,1.0,1,1.0,active,,,,,,,1778605104.758957
520e90a9-5e9e-4bfa-8244-34e70674e93f,0,3,7,332,2026-05-12T16:58:24.797430+00:00,order,add,ask,,db7bcd5b-b753-4be6-801c-f4ab5c3f8bdf,6b8a7a0e-6534-4c7f-ba8e-d90a38b5b936,77.0,1.0,1.0,1.0,1,1.0,active,,,,,,,1778605104.813911
5273b4e4-2b4f-47fa-834f-bd0d84d237b0,0,3,6,247,2026-05-12T16:58:25.178658+00:00,order,add,bid,,b6786fd5-15e9-4f5a-92d8-848c509db6aa,4c5c436f-ca6c-40f1-9cb5-b8bc15205ad4,69.0,1.0,1.0,1.0,2,2.0,active,,,,,,,1778605105.196672
06f4d9ab-2d66-4d8f-845c-680ac99ec639,0,3,6,265,2026-05-12T16:58:25.353277+00:00,order,cancel,bid,,aa5532b2-681c-481b-9f15-d4c946c2f6e6,cda8f129-61a6-4153-bf08-1c1a945507c7,114.9,1.0,-1.0,0.0,,,cancelled,,,,,,,1778605105.369362
5273b4e4-2b4f-47fa-834f-bd0d84d237b0,0,3,6,248,2026-05-12T16:58:26.890644+00:00,order,add,ask,,080d9b27-4287-47ca-aad4-0c7ae93a046d,d00142cb-036c-42b2-986f-4d8449293679,79.9,1.0,1.0,1.0,1,1.0,active,,,,,,,1778605106.907844
520e90a9-5e9e-4bfa-8244-34e70674e93f,0,3,7,333,2026-05-12T16:58:27.433139+00:00,order,add,ask,,6108f561-c10d-44d2-b01b-d7b130b2127a,cb46e42c-c695-4491-ae41-767eb4004474,72.0,1.0,1.0,1.0,1,1.0,active,,,,,,,1778605107.450273
520e90a9-5e9e-4bfa-8244-34e70674e93f,0,3,7,334,2026-05-12T16:58:27.487296+00:00,order,add,ask,,256eb0b5-76cd-4223-98dc-ba56fdbad623,c9677d60-b255-4563-955c-c09e7b64f2df,72.0,1.0,1.0,1.0,2,2.0,active,,,,,,,1778605107.503159
520e90a9-5e9e-4bfa-8244-34e70674e93f,0,3,7,335,2026-05-12T16:58:28.233710+00:00,trade,trade,ask,S,,,70.0,1.0,,,,,,be34521c-c344-47a5-8f1d-c694849fc037,,8bc8048f-353b-446c-a722-21d3580cde9e,be483731-308c-46cd-adc9-11c061621f21,1a600171-9cfa-44bf-a3d4-b7322acefe1a,5e6b5ec7-66f5-446f-b458-3b18596521a3,1778605108.249683
520e90a9-5e9e-4bfa-8244-34e70674e93f,0,3,7,336,2026-05-12T16:58:28.252897+00:00,order,fill,ask,,be483731-308c-46cd-adc9-11c061621f21,5e6b5ec7-66f5-446f-b458-3b18596521a3,70.0,1.0,-1.0,0.0,,,executed,be34521c-c344-47a5-8f1d-c694849fc037,8bc8048f-353b-446c-a722-21d3580cde9e,,,,,1778605108.267832
520e90a9-5e9e-4bfa-8244-34e70674e93f,0,3,7,337,2026-05-12T16:58:28.270797+00:00,order,fill,bid,,8bc8048f-353b-446c-a722-21d3580cde9e,1a600171-9cfa-44bf-a3d4-b7322acefe1a,70.0,1.0,-1.0,0.0,,,executed,be34521c-c344-47a5-8f1d-c694849fc037,be483731-308c-46cd-adc9-11c061621f21,,,,,1778605108.285525
520e90a9-5e9e-4bfa-8244-34e70674e93f,0,3,7,338,2026-05-12T16:58:28.962304+00:00,order,add,ask,,55ec39b5-725a-4468-b871-0b109e9e41d8,6b8a7a0e-6534-4c7f-ba8e-d90a38b5b936,75.0,1.0,1.0,1.0,1,1.0,active,,,,,,,1778605108.979138
06f4d9ab-2d66-4d8f-845c-680ac99ec639,0,3,10,266,2026-05-12T16:58:29.044031+00:00,order,cancel,bid,,a9943cc5-6c33-4534-aba6-7288a5188138,664d5f3b-570d-4a80-9e72-387baf4c63ae,116.0,1.0,-1.0,0.0,,,cancelled,,,,,,,1778605109.061328
5273b4e4-2b4f-47fa-834f-bd0d84d237b0,0,3,6,249,2026-05-12T16:58:29.411542+00:00,order,add,bid,,e6136b91-7ca0-4be1-8a95-b4373e1c7454,1893c9fa-143a-45ae-8599-dfedb6054045,70.01,1.0,1.0,1.0,1,1.0,active,,,,,,,1778605109.427271
06f4d9ab-2d66-4d8f-845c-680ac99ec639,0,3,14,267,2026-05-12T16:58:30.413535+00:00,order,add,bid,,f4350ac2-8448-456b-8a06-6399b8288463,664d5f3b-570d-4a80-9e72-387baf4c63ae,116.0,1.0,1.0,1.0,16,16.0,active,,,,,,,1778605110.430288
520e90a9-5e9e-4bfa-8244-34e70674e93f,0,3,7,339,2026-05-12T16:58:30.561969+00:00,order,cancel,ask,,6108f561-c10d-44d2-b01b-d7b130b2127a,cb46e42c-c695-4491-ae41-767eb4004474,72.0,1.0,-1.0,0.0,,,cancelled,,,,,,,1778605110.578245
520e90a9-5e9e-4bfa-8244-34e70674e93f,0,3,7,340,2026-05-12T16:58:31.455852+00:00,trade,trade,bid,B,,,72.0,1.0,,,,,,2037c178-9fa2-4d22-adec-7e3bc52d2055,,c4676a22-7bf1-480b-8721-a0bc72b08826,256eb0b5-76cd-4223-98dc-ba56fdbad623,a7efec93-ac3e-45ce-84ac-eb2844742dd5,c9677d60-b255-4563-955c-c09e7b64f2df,1778605111.47219
520e90a9-5e9e-4bfa-8244-34e70674e93f,0,3,7,341,2026-05-12T16:58:31.475351+00:00,order,fill,ask,,256eb0b5-76cd-4223-98dc-ba56fdbad623,c9677d60-b255-4563-955c-c09e7b64f2df,72.0,1.0,-1.0,0.0,,,executed,2037c178-9fa2-4d22-adec-7e3bc52d2055,c4676a22-7bf1-480b-8721-a0bc72b08826,,,,,1778605111.491013
520e90a9-5e9e-4bfa-8244-34e70674e93f,0,3,7,342,2026-05-12T16:58:31.494029+00:00,order,fill,bid,,c4676a22-7bf1-480b-8721-a0bc72b08826,a7efec93-ac3e-45ce-84ac-eb2844742dd5,72.0,1.0,-1.0,0.0,,,executed,2037c178-9fa2-4d22-adec-7e3bc52d2055,256eb0b5-76cd-4223-98dc-ba56fdbad623,,,,,1778605111.50974
5273b4e4-2b4f-47fa-834f-bd0d84d237b0,0,3,5,250,2026-05-12T16:58:32.249504+00:00,order,cancel,ask,,f80e46db-bf36-49a9-8fa1-6a3b9ba95d43,4c5c436f-ca6c-40f1-9cb5-b8bc15205ad4,100.0,1.0,-1.0,0.0,,,cancelled,,,,,,,1778605112.265215
5273b4e4-2b4f-47fa-834f-bd0d84d237b0,0,3,5,251,2026-05-12T16:58:33.010561+00:00,order,cancel,bid,,4747db32-29b8-4d84-806f-0a965e40c20a,bc7d5ce5-ff5f-43da-8411-1cc4780872be,70.0,1.0,-1.0,0.0,,,cancelled,,,,,,,1778605113.028088
5273b4e4-2b4f-47fa-834f-bd0d84d237b0,0,3,6,252,2026-05-12T16:58:33.274506+00:00,order,add,ask,,ccb7bba2-a58f-4ba9-9a66-b0e79d88db45,18711e8c-d4a6-4e40-ac02-472f81cda568,81.0,1.0,1.0,1.0,2,2.0,active,,,,,,,1778605113.29113
5273b4e4-2b4f-47fa-834f-bd0d84d237b0,0,3,6,253,2026-05-12T16:58:34.028170+00:00,order,cancel,bid,,05d1c96c-507b-4e42-8a5c-3366c87cabc2,1893c9fa-143a-45ae-8599-dfedb6054045,70.6,1.0,-1.0,0.0,,,cancelled,,,,,,,1778605114.044168
5273b4e4-2b4f-47fa-834f-bd0d84d237b0,0,3,4,254,2026-05-12T16:58:34.138447+00:00,order,cancel,ask,,903c950f-85a9-4f28-8471-38907f2a68d5,4c5c436f-ca6c-40f1-9cb5-b8bc15205ad4,110.0,1.0,-1.0,0.0,,,cancelled,,,,,,,1778605114.15453
06f4d9ab-2d66-4d8f-845c-680ac99ec639,0,3,14,268,2026-05-12T16:58:34.242085+00:00,order,add,bid,,fc77bf2f-cc1d-4c48-b812-a0a8c776bb68,664d5f3b-570d-4a80-9e72-387baf4c63ae,116.0,1.0,1.0,1.0,17,17.0,active,,,,,,,1778605114.258737
5273b4e4-2b4f-47fa-834f-bd0d84d237b0,0,3,3,255,2026-05-12T16:58:34.561137+00:00,order,cancel,ask,,14ef1973-0a80-4350-9483-2e96cf3f32b2,4c5c436f-ca6c-40f1-9cb5-b8bc15205ad4,111.5,1.0,-1.0,0.0,,,cancelled,,,,,,,1778605114.57732
520e90a9-5e9e-4bfa-8244-34e70674e93f,0,3,7,343,2026-05-12T16:58:34.614719+00:00,order,add,bid,,4f789f60-9ce3-4845-a1c4-4556cd79987f,a7efec93-ac3e-45ce-84ac-eb2844742dd5,69.0,1.0,1.0,1.0,1,1.0,active,,,,,,,1778605114.629648
520e90a9-5e9e-4bfa-8244-34e70674e93f,0,3,7,344,2026-05-12T16:58:34.729481+00:00,order,add,ask,,2debe724-c653-4752-9dca-f54df3bb2df2,cb46e42c-c695-4491-ae41-767eb4004474,73.0,1.0,1.0,1.0,1,1.0,active,,,,,,,1778605114.745769
5273b4e4-2b4f-47fa-834f-bd0d84d237b0,0,3,6,256,2026-05-12T16:58:35.834406+00:00,order,add,ask,,1207b187-6e82-4636-b9d4-fbe35875c051,d00142cb-036c-42b2-986f-4d8449293679,79.9,1.0,1.0,1.0,2,2.0,active,,,,,,,1778605115.851351
520e90a9-5e9e-4bfa-8244-34e70674e93f,0,3,7,345,2026-05-12T16:58:35.958121+00:00,order,cancel,bid,,b661b61b-3818-4f67-96bc-da9d6f39b1b0,c9677d60-b255-4563-955c-c09e7b64f2df,60.0,1.0,-1.0,0.0,,,cancelled,,,,,,,1778605115.974129
5273b4e4-2b4f-47fa-834f-bd0d84d237b0,0,3,5,257,2026-05-12T16:58:36.723373+00:00,order,cancel,ask,,8215e4c8-26a5-44bc-bf8c-339edbc8c579,18711e8c-d4a6-4e40-ac02-472f81cda568,99.0,1.0,-1.0,0.0,,,cancelled,,,,,,,1778605116.739527
5273b4e4-2b4f-47fa-834f-bd0d84d237b0,0,3,6,258,2026-05-12T16:58:36.762663+00:00,order,cancel,ask,,77693a5e-4c40-420b-aa64-4d9a3a0d2f36,18711e8c-d4a6-4e40-ac02-472f81cda568,99.0,1.0,-1.0,0.0,,,cancelled,,,,,,,1778605116.77811
5273b4e4-2b4f-47fa-834f-bd0d84d237b0,0,3,5,259,2026-05-12T16:58:36.891612+00:00,order,cancel,ask,,319087d3-e6f6-468c-8c1b-6770fa3e8383,18711e8c-d4a6-4e40-ac02-472f81cda568,100.0,1.0,-1.0,0.0,,,cancelled,,,,,,,1778605116.906752
06f4d9ab-2d66-4d8f-845c-680ac99ec639,0,3,14,269,2026-05-12T16:58:38.096859+00:00,order,add,ask,,3ad66bc9-37ac-4669-a967-2c5bb63339a4,cda8f129-61a6-4153-bf08-1c1a945507c7,116.2,1.0,1.0,1.0,2,2.0,active,,,,,,,1778605118.113324
5273b4e4-2b4f-47fa-834f-bd0d84d237b0,0,3,6,260,2026-05-12T16:58:38.163678+00:00,order,add,bid,,6ea5b2aa-1130-45b7-bc1a-c717846ebc14,ede5b087-a2ea-49eb-9494-a67b961bfc79,71.0,1.0,1.0,1.0,1,1.0,active,,,,,,,1778605118.179631
5273b4e4-2b4f-47fa-834f-bd0d84d237b0,0,3,6,261,2026-05-12T16:58:38.253147+00:00,order,cancel,ask,,b57fe0db-1056-4fb0-99eb-963aa9c91efd,18711e8c-d4a6-4e40-ac02-472f81cda568,96.0,1.0,-1.0,0.0,,,cancelled,,,,,,,1778605118.269347
06f4d9ab-2d66-4d8f-845c-680ac99ec639,0,3,14,270,2026-05-12T16:58:38.353787+00:00,order,add,bid,,6c5b39f0-7e4f-4d8d-830e-de3658bf33df,664d5f3b-570d-4a80-9e72-387baf4c63ae,116.0,1.0,1.0,1.0,18,18.0,active,,,,,,,1778605118.369295
5273b4e4-2b4f-47fa-834f-bd0d84d237b0,0,3,4,262,2026-05-12T16:58:39.036108+00:00,order,cancel,ask,,fb930008-f4fa-4af5-9cdd-7fd35971c164,18711e8c-d4a6-4e40-ac02-472f81cda568,112.0,1.0,-1.0,0.0,,,cancelled,,,,,,,1778605119.052671
06f4d9ab-2d66-4d8f-845c-680ac99ec639,0,3,14,271,2026-05-12T16:58:40.009913+00:00,order,cancel,ask,,3ad66bc9-37ac-4669-a967-2c5bb63339a4,cda8f129-61a6-4153-bf08-1c1a945507c7,116.2,1.0,-1.0,0.0,,,cancelled,,,,,,,1778605120.026558
520e90a9-5e9e-4bfa-8244-34e70674e93f,0,3,7,346,2026-05-12T16:58:41.770124+00:00,order,cancel,ask,,2debe724-c653-4752-9dca-f54df3bb2df2,cb46e42c-c695-4491-ae41-767eb4004474,73.0,1.0,-1.0,0.0,,,cancelled,,,,,,,1778605121.786624
5273b4e4-2b4f-47fa-834f-bd0d84d237b0,0,3,2,263,2026-05-12T16:58:42.827653+00:00,order,cancel,ask,,0f9c54f5-787d-42b1-a51c-2899a2ad8fc4,18711e8c-d4a6-4e40-ac02-472f81cda568,131.0,1.0,-1.0,0.0,,,cancelled,,,,,,,1778605122.843463
5273b4e4-2b4f-47fa-834f-bd0d84d237b0,0,3,2,264,2026-05-12T16:58:43.444970+00:00,order,cancel,ask,,7f2d1732-4226-4ab2-b17a-484dcaba3dcc,18711e8c-d4a6-4e40-ac02-472f81cda568,129.0,1.0,-1.0,0.0,,,cancelled,,,,,,,1778605123.46146
5273b4e4-2b4f-47fa-834f-bd0d84d237b0,0,3,2,265,2026-05-12T16:58:43.763187+00:00,order,cancel,ask,,e6b04092-fbbd-4577-a47b-5487e8590b70,18711e8c-d4a6-4e40-ac02-472f81cda568,125.0,1.0,-1.0,0.0,,,cancelled,,,,,,,1778605123.780128
5273b4e4-2b4f-47fa-834f-bd0d84d237b0,0,3,2,266,2026-05-12T16:58:43.803923+00:00,order,cancel,ask,,bda3208f-71f7-45c2-b709-3f7a4c047298,18711e8c-d4a6-4e40-ac02-472f81cda568,125.0,1.0,-1.0,0.0,,,cancelled,,,,,,,1778605123.819507
520e90a9-5e9e-4bfa-8244-34e70674e93f,0,3,7,347,2026-05-12T16:58:44.808493+00:00,order,add,bid,,c7ceb9f0-d4d0-4e78-a390-11b2ad0f4172,6b8a7a0e-6534-4c7f-ba8e-d90a38b5b936,69.6,1.0,1.0,1.0,1,1.0,active,,,,,,,1778605124.824319
5273b4e4-2b4f-47fa-834f-bd0d84d237b0,0,3,2,267,2026-05-12T16:58:44.861754+00:00,order,cancel,ask,,5dcc4512-3203-489d-b03d-353dcacb03ea,18711e8c-d4a6-4e40-ac02-472f81cda568,124.0,1.0,-1.0,0.0,,,cancelled,,,,,,,1778605124.877168
06f4d9ab-2d66-4d8f-845c-680ac99ec639,0,3,14,272,2026-05-12T16:58:45.033364+00:00,order,add,ask,,e8f4fd1b-1aa6-4044-b36e-64c70ee5b0aa,cda8f129-61a6-4153-bf08-1c1a945507c7,116.15,1.0,1.0,1.0,2,2.0,active,,,,,,,1778605125.050447
520e90a9-5e9e-4bfa-8244-34e70674e93f,0,3,7,348,2026-05-12T16:58:45.816646+00:00,order,cancel,bid,,4621fa6d-a6fe-4504-8414-789befa0ffff,6b8a7a0e-6534-4c7f-ba8e-d90a38b5b936,66.0,1.0,-1.0,0.0,,,cancelled,,,,,,,1778605125.83323
520e90a9-5e9e-4bfa-8244-34e70674e93f,0,3,7,349,2026-05-12T16:58:45.871509+00:00,order,add,bid,,bfebe882-826b-46a7-a296-6c696687ef6f,c9677d60-b255-4563-955c-c09e7b64f2df,57.0,1.0,1.0,1.0,1,1.0,active,,,,,,,1778605125.8882
520e90a9-5e9e-4bfa-8244-34e70674e93f,0,3,7,350,2026-05-12T16:58:46.938721+00:00,order,add,ask,,fd9c1b23-c550-4b60-a307-1f7bf371bd7d,cb46e42c-c695-4491-ae41-767eb4004474,74.5,1.0,1.0,1.0,1,1.0,active,,,,,,,1778605126.956436
520e90a9-5e9e-4bfa-8244-34e70674e93f,0,3,7,351,2026-05-12T16:58:48.950589+00:00,order,add,ask,,609b6386-ac47-4d2f-9182-b77b596d7038,a7efec93-ac3e-45ce-84ac-eb2844742dd5,73.0,1.0,1.0,1.0,1,1.0,active,,,,,,,1778605128.967098
06f4d9ab-2d66-4d8f-845c-680ac99ec639,0,3,7,273,2026-05-12T16:58:50.017823+00:00,order,cancel,ask,,99e35eaf-78c6-40d0-901f-1215e0dabb09,cda8f129-61a6-4153-bf08-1c1a945507c7,116.98,1.0,-1.0,0.0,,,cancelled,,,,,,,1778605130.0344
520e90a9-5e9e-4bfa-8244-34e70674e93f,0,3,7,352,2026-05-12T16:58:51.056181+00:00,order,add,ask,,e17532f7-c790-4b26-95c2-75977097a021,6b8a7a0e-6534-4c7f-ba8e-d90a38b5b936,73.0,1.0,1.0,1.0,2,2.0,active,,,,,,,1778605131.073445
520e90a9-5e9e-4bfa-8244-34e70674e93f,0,3,7,353,2026-05-12T16:58:52.476603+00:00,order,add,bid,,ca80b128-fb29-411a-a6b3-076358126777,1a600171-9cfa-44bf-a3d4-b7322acefe1a,71.0,1.0,1.0,1.0,1,1.0,active,,,,,,,1778605132.493016
520e90a9-5e9e-4bfa-8244-34e70674e93f,0,3,7,354,2026-05-12T16:58:52.738134+00:00,order,cancel,ask,,db7bcd5b-b753-4be6-801c-f4ab5c3f8bdf,6b8a7a0e-6534-4c7f-ba8e-d90a38b5b936,77.0,1.0,-1.0,0.0,,,cancelled,,,,,,,1778605132.753805
520e90a9-5e9e-4bfa-8244-34e70674e93f,0,3,7,355,2026-05-12T16:58:53.110946+00:00,order,add,bid,,7e74c840-451c-4770-a4b0-27d839eddea7,a7efec93-ac3e-45ce-84ac-eb2844742dd5,71.0,1.0,1.0,1.0,2,2.0,active,,,,,,,1778605133.129266
520e90a9-5e9e-4bfa-8244-34e70674e93f,0,3,6,356,2026-05-12T16:58:53.337248+00:00,order,cancel,ask,,c8327e6c-e576-4a85-8f2e-dbe61612bf36,6b8a7a0e-6534-4c7f-ba8e-d90a38b5b936,79.0,1.0,-1.0,0.0,,,cancelled,,,,,,,1778605133.353424
520e90a9-5e9e-4bfa-8244-34e70674e93f,0,3,7,357,2026-05-12T16:58:53.375866+00:00,order,cancel,ask,,e5eb6571-763f-41e6-8870-7f2abfa94e61,6b8a7a0e-6534-4c7f-ba8e-d90a38b5b936,79.0,1.0,-1.0,0.0,,,cancelled,,,,,,,1778605133.390976
06f4d9ab-2d66-4d8f-845c-680ac99ec639,0,3,14,274,2026-05-12T16:58:56.525654+00:00,order,add,ask,,650784a5-807e-43c2-8f5e-8a966dd142a0,b5eb1e0a-5002-4683-a96b-77986bde95ab,116.08,1.0,1.0,1.0,1,1.0,active,,,,,,,1778605136.541915
06f4d9ab-2d66-4d8f-845c-680ac99ec639,0,3,10,275,2026-05-12T16:58:56.773939+00:00,order,cancel,bid,,ed212f86-c802-4326-aa6c-5b70a692e338,664d5f3b-570d-4a80-9e72-387baf4c63ae,116.0,1.0,-1.0,0.0,,,cancelled,,,,,,,1778605136.789974
520e90a9-5e9e-4bfa-8244-34e70674e93f,0,3,7,358,2026-05-12T16:58:56.942070+00:00,order,cancel,bid,,bfebe882-826b-46a7-a296-6c696687ef6f,c9677d60-b255-4563-955c-c09e7b64f2df,57.0,1.0,-1.0,0.0,,,cancelled,,,,,,,1778605136.957986
06f4d9ab-2d66-4d8f-845c-680ac99ec639,0,3,11,276,2026-05-12T16:59:19.385272+00:00,order,cancel,bid,,79c5d9ac-99f0-4709-9081-7e1bc29d0814,664d5f3b-570d-4a80-9e72-387baf4c63ae,116.0,1.0,-1.0,0.0,,,cancelled,,,,,,,1778605159.40243
5273b4e4-2b4f-47fa-834f-bd0d84d237b0,0,3,6,268,2026-05-12T16:59:20.324477+00:00,order,cancel,bid,,e6136b91-7ca0-4be1-8a95-b4373e1c7454,1893c9fa-143a-45ae-8599-dfedb6054045,70.01,1.0,-1.0,0.0,,,cancelled,,,,,,,1778605160.340631
5273b4e4-2b4f-47fa-834f-bd0d84d237b0,0,3,7,269,2026-05-12T16:59:21.281364+00:00,order,add,ask,,7a9af975-dc2f-437f-b752-03c742a518bb,4c5c436f-ca6c-40f1-9cb5-b8bc15205ad4,78.0,1.0,1.0,1.0,1,1.0,active,,,,,,,1778605161.297827
5273b4e4-2b4f-47fa-834f-bd0d84d237b0,0,3,6,270,2026-05-12T16:59:21.333794+00:00,order,cancel,ask,,b4643243-9027-43c9-bdb5-56167fd8afd4,1893c9fa-143a-45ae-8599-dfedb6054045,81.0,1.0,-1.0,0.0,,,cancelled,,,,,,,1778605161.351315
5273b4e4-2b4f-47fa-834f-bd0d84d237b0,0,3,7,271,2026-05-12T16:59:21.462586+00:00,order,add,bid,,6620b24d-86c2-4dd3-b25a-6c969136ee23,bc7d5ce5-ff5f-43da-8411-1cc4780872be,65.0,1.0,1.0,1.0,4,4.0,active,,,,,,,1778605161.479395
06f4d9ab-2d66-4d8f-845c-680ac99ec639,0,3,15,277,2026-05-12T16:59:22.570844+00:00,trade,trade,ask,S,,,116.0,1.0,,,,,,ab621994-8a33-4c66-a782-6a169df352e9,,7d1e8826-49fd-412d-98b8-c81e8b1790e1,9b3a10f1-ffcc-4b02-b3f7-cd001cfa60ce,cda8f129-61a6-4153-bf08-1c1a945507c7,664d5f3b-570d-4a80-9e72-387baf4c63ae,1778605162.587552
06f4d9ab-2d66-4d8f-845c-680ac99ec639,0,3,15,278,2026-05-12T16:59:22.590840+00:00,order,fill,ask,,9b3a10f1-ffcc-4b02-b3f7-cd001cfa60ce,664d5f3b-570d-4a80-9e72-387baf4c63ae,116.0,1.0,-1.0,0.0,,,executed,ab621994-8a33-4c66-a782-6a169df352e9,7d1e8826-49fd-412d-98b8-c81e8b1790e1,,,,,1778605162.60751
06f4d9ab-2d66-4d8f-845c-680ac99ec639,0,3,15,279,2026-05-12T16:59:22.610696+00:00,order,fill,bid,,7d1e8826-49fd-412d-98b8-c81e8b1790e1,cda8f129-61a6-4153-bf08-1c1a945507c7,116.0,1.0,-1.0,0.0,,,executed,ab621994-8a33-4c66-a782-6a169df352e9,9b3a10f1-ffcc-4b02-b3f7-cd001cfa60ce,,,,,1778605162.62596
5273b4e4-2b4f-47fa-834f-bd0d84d237b0,0,3,5,272,2026-05-12T16:59:22.729889+00:00,order,cancel,bid,,4a851b0e-c409-442f-ad9b-d8b4c00e9c38,bc7d5ce5-ff5f-43da-8411-1cc4780872be,68.0,1.0,-1.0,0.0,,,cancelled,,,,,,,1778605162.745774
5273b4e4-2b4f-47fa-834f-bd0d84d237b0,0,3,6,273,2026-05-12T16:59:22.781505+00:00,order,cancel,bid,,b5627c5b-1348-4de4-9913-25f652acde84,bc7d5ce5-ff5f-43da-8411-1cc4780872be,68.0,1.0,-1.0,0.0,,,cancelled,,,,,,,1778605162.79665
5273b4e4-2b4f-47fa-834f-bd0d84d237b0,0,3,7,274,2026-05-12T16:59:26.483077+00:00,order,add,bid,,c8ffe299-b852-4ae4-a0a5-820323c47e62,1893c9fa-143a-45ae-8599-dfedb6054045,71.0,1.0,1.0,1.0,2,2.0,active,,,,,,,1778605166.49903
5273b4e4-2b4f-47fa-834f-bd0d84d237b0,0,3,7,275,2026-05-12T16:59:28.513526+00:00,order,add,ask,,f3378c21-a3a9-4179-a421-53f0041e1997,4c5c436f-ca6c-40f1-9cb5-b8bc15205ad4,78.0,1.0,1.0,1.0,2,2.0,active,,,,,,,1778605168.529919
520e90a9-5e9e-4bfa-8244-34e70674e93f,0,3,3,359,2026-05-12T16:59:28.682734+00:00,order,cancel,ask,,8dd1a061-64d6-4395-b479-ffdd8e025035,5e6b5ec7-66f5-446f-b458-3b18596521a3,100.0,1.0,-1.0,0.0,,,cancelled,,,,,,,1778605168.700786
5273b4e4-2b4f-47fa-834f-bd0d84d237b0,0,3,7,276,2026-05-12T16:59:28.738808+00:00,order,add,bid,,2fdba916-a09e-457e-8477-1a5af40eccb1,bc7d5ce5-ff5f-43da-8411-1cc4780872be,65.0,1.0,1.0,1.0,5,5.0,active,,,,,,,1778605168.754906
06f4d9ab-2d66-4d8f-845c-680ac99ec639,0,3,15,280,2026-05-12T16:59:29.481594+00:00,order,add,bid,,df6518c9-d6be-45ce-97d1-cc5d7ead5a12,664d5f3b-570d-4a80-9e72-387baf4c63ae,116.0,1.0,1.0,1.0,16,16.0,active,,,,,,,1778605169.497856
06f4d9ab-2d66-4d8f-845c-680ac99ec639,0,3,12,281,2026-05-12T16:59:29.725847+00:00,order,cancel,bid,,a87100e2-a251-4e9a-a97f-4691f3b41200,664d5f3b-570d-4a80-9e72-387baf4c63ae,116.0,1.0,-1.0,0.0,,,cancelled,,,,,,,1778605169.742257
520e90a9-5e9e-4bfa-8244-34e70674e93f,0,3,6,360,2026-05-12T16:59:31.127932+00:00,order,cancel,ask,,8b85c124-2e72-47d4-bc8d-5e061432c152,a7efec93-ac3e-45ce-84ac-eb2844742dd5,79.99,1.0,-1.0,0.0,,,cancelled,,,,,,,1778605171.143929
520e90a9-5e9e-4bfa-8244-34e70674e93f,0,3,6,361,2026-05-12T16:59:31.583375+00:00,order,cancel,ask,,62c16110-7c39-482f-b6d8-5d01484c4a08,a7efec93-ac3e-45ce-84ac-eb2844742dd5,79.0,1.0,-1.0,0.0,,,cancelled,,,,,,,1778605171.599607
06f4d9ab-2d66-4d8f-845c-680ac99ec639,0,3,15,282,2026-05-12T16:59:31.840822+00:00,order,add,ask,,938f30dd-a8af-46ab-a114-07dea8b1edf9,cda8f129-61a6-4153-bf08-1c1a945507c7,116.08,1.0,1.0,1.0,2,2.0,active,,,,,,,1778605171.857826
520e90a9-5e9e-4bfa-8244-34e70674e93f,0,3,7,362,2026-05-12T16:59:32.365947+00:00,order,cancel,bid,,ca80b128-fb29-411a-a6b3-076358126777,1a600171-9cfa-44bf-a3d4-b7322acefe1a,71.0,1.0,-1.0,0.0,,,cancelled,,,,,,,1778605172.382362
5273b4e4-2b4f-47fa-834f-bd0d84d237b0,0,3,7,277,2026-05-12T16:59:33.010169+00:00,order,add,ask,,04643dff-731a-4c6e-9751-241349a46e41,d00142cb-036c-42b2-986f-4d8449293679,77.9,1.0,1.0,1.0,1,1.0,active,,,,,,,1778605173.027654
520e90a9-5e9e-4bfa-8244-34e70674e93f,0,3,8,363,2026-05-12T16:59:33.100823+00:00,trade,trade,ask,S,,,71.0,1.0,,,,,,6555b22d-ab5e-4de1-8ddb-c7ab831466c0,,7e74c840-451c-4770-a4b0-27d839eddea7,17664b31-05bd-41b0-853d-5864734f57e4,a7efec93-ac3e-45ce-84ac-eb2844742dd5,c9677d60-b255-4563-955c-c09e7b64f2df,1778605173.117829
520e90a9-5e9e-4bfa-8244-34e70674e93f,0,3,8,364,2026-05-12T16:59:33.120986+00:00,order,fill,ask,,17664b31-05bd-41b0-853d-5864734f57e4,c9677d60-b255-4563-955c-c09e7b64f2df,69.0,1.0,-1.0,0.0,,,executed,6555b22d-ab5e-4de1-8ddb-c7ab831466c0,7e74c840-451c-4770-a4b0-27d839eddea7,,,,,1778605173.137211
520e90a9-5e9e-4bfa-8244-34e70674e93f,0,3,8,365,2026-05-12T16:59:33.140139+00:00,order,fill,bid,,7e74c840-451c-4770-a4b0-27d839eddea7,a7efec93-ac3e-45ce-84ac-eb2844742dd5,71.0,1.0,-1.0,0.0,,,executed,6555b22d-ab5e-4de1-8ddb-c7ab831466c0,17664b31-05bd-41b0-853d-5864734f57e4,,,,,1778605173.156021
5273b4e4-2b4f-47fa-834f-bd0d84d237b0,0,3,7,278,2026-05-12T16:59:33.340309+00:00,order,add,ask,,c251ac25-11ec-45a6-a512-a9414d18e055,1893c9fa-143a-45ae-8599-dfedb6054045,80.0,1.0,1.0,1.0,2,2.0,active,,,,,,,1778605173.357242
06f4d9ab-2d66-4d8f-845c-680ac99ec639,0,3,15,283,2026-05-12T16:59:33.647778+00:00,order,add,bid,,e0994a32-149f-4672-9394-2628c49202f0,664d5f3b-570d-4a80-9e72-387baf4c63ae,116.0,1.0,1.0,1.0,16,16.0,active,,,,,,,1778605173.667344
520e90a9-5e9e-4bfa-8244-34e70674e93f,0,3,7,366,2026-05-12T16:59:34.874663+00:00,order,cancel,ask,,fd9c1b23-c550-4b60-a307-1f7bf371bd7d,cb46e42c-c695-4491-ae41-767eb4004474,74.5,1.0,-1.0,0.0,,,cancelled,,,,,,,1778605174.891211
5273b4e4-2b4f-47fa-834f-bd0d84d237b0,0,3,7,279,2026-05-12T16:59:34.927390+00:00,order,add,ask,,b3aae831-61c3-4768-9478-7773e77a572e,18711e8c-d4a6-4e40-ac02-472f81cda568,99.0,1.0,1.0,1.0,1,1.0,active,,,,,,,1778605174.943834
520e90a9-5e9e-4bfa-8244-34e70674e93f,0,3,8,367,2026-05-12T16:59:35.671137+00:00,order,add,bid,,0ab69124-0918-43e5-b4fa-1ec331f04158,a7efec93-ac3e-45ce-84ac-eb2844742dd5,72.0,1.0,1.0,1.0,1,1.0,active,,,,,,,1778605175.688841
06f4d9ab-2d66-4d8f-845c-680ac99ec639,0,3,15,284,2026-05-12T16:59:36.888256+00:00,order,add,bid,,5b9d4393-f475-455f-831b-599380ed61fa,664d5f3b-570d-4a80-9e72-387baf4c63ae,116.0,1.0,1.0,1.0,17,17.0,active,,,,,,,1778605176.906583
520e90a9-5e9e-4bfa-8244-34e70674e93f,0,3,8,368,2026-05-12T16:59:37.245768+00:00,trade,trade,ask,S,,,72.0,1.0,,,,,,699a7667-c0c3-46ae-9a1e-210c92729c8a,,0ab69124-0918-43e5-b4fa-1ec331f04158,3565ed43-b7dc-4260-b068-5975e47e9e7f,a7efec93-ac3e-45ce-84ac-eb2844742dd5,1a600171-9cfa-44bf-a3d4-b7322acefe1a,1778605177.261795
520e90a9-5e9e-4bfa-8244-34e70674e93f,0,3,8,369,2026-05-12T16:59:37.264995+00:00,order,fill,ask,,3565ed43-b7dc-4260-b068-5975e47e9e7f,1a600171-9cfa-44bf-a3d4-b7322acefe1a,72.0,1.0,-1.0,0.0,,,executed,699a7667-c0c3-46ae-9a1e-210c92729c8a,0ab69124-0918-43e5-b4fa-1ec331f04158,,,,,1778605177.280465
520e90a9-5e9e-4bfa-8244-34e70674e93f,0,3,8,370,2026-05-12T16:59:37.283398+00:00,order,fill,bid,,0ab69124-0918-43e5-b4fa-1ec331f04158,a7efec93-ac3e-45ce-84ac-eb2844742dd5,72.0,1.0,-1.0,0.0,,,executed,699a7667-c0c3-46ae-9a1e-210c92729c8a,3565ed43-b7dc-4260-b068-5975e47e9e7f,,,,,1778605177.298381
520e90a9-5e9e-4bfa-8244-34e70674e93f,0,3,8,371,2026-05-12T16:59:37.465324+00:00,order,add,ask,,b1382873-cb3b-49a2-98a0-a4fff709dc83,5e6b5ec7-66f5-446f-b458-3b18596521a3,72.0,1.0,1.0,1.0,1,1.0,active,,,,,,,1778605177.481283
520e90a9-5e9e-4bfa-8244-34e70674e93f,0,3,8,372,2026-05-12T16:59:38.841939+00:00,order,add,bid,,23afba59-5ca5-401a-9073-8dfc706c22a5,6b8a7a0e-6534-4c7f-ba8e-d90a38b5b936,71.0,1.0,1.0,1.0,1,1.0,active,,,,,,,1778605178.858999
520e90a9-5e9e-4bfa-8244-34e70674e93f,0,3,8,373,2026-05-12T16:59:39.094636+00:00,order,add,ask,,87fb851c-484d-4159-9360-3757306b8555,a7efec93-ac3e-45ce-84ac-eb2844742dd5,72.0,1.0,1.0,1.0,2,2.0,active,,,,,,,1778605179.110648
5273b4e4-2b4f-47fa-834f-bd0d84d237b0,0,3,7,280,2026-05-12T16:59:39.395089+00:00,order,add,ask,,8326fef5-0fe4-4c68-b767-65e374d9b54c,1893c9fa-143a-45ae-8599-dfedb6054045,79.0,1.0,1.0,1.0,1,1.0,active,,,,,,,1778605179.410844
520e90a9-5e9e-4bfa-8244-34e70674e93f,0,3,8,374,2026-05-12T16:59:40.137136+00:00,order,cancel,bid,,23afba59-5ca5-401a-9073-8dfc706c22a5,6b8a7a0e-6534-4c7f-ba8e-d90a38b5b936,71.0,1.0,-1.0,0.0,,,cancelled,,,,,,,1778605180.153292
5273b4e4-2b4f-47fa-834f-bd0d84d237b0,0,3,7,281,2026-05-12T16:59:41.011551+00:00,order,cancel,ask,,c251ac25-11ec-45a6-a512-a9414d18e055,1893c9fa-143a-45ae-8599-dfedb6054045,80.0,1.0,-1.0,0.0,,,cancelled,,,,,,,1778605181.027348
5273b4e4-2b4f-47fa-834f-bd0d84d237b0,0,3,7,282,2026-05-12T16:59:41.528714+00:00,order,add,ask,,13f89cf0-3d20-49ff-83c7-f830325b6a78,4c5c436f-ca6c-40f1-9cb5-b8bc15205ad4,76.99,1.0,1.0,1.0,1,1.0,active,,,,,,,1778605181.544827
520e90a9-5e9e-4bfa-8244-34e70674e93f,0,3,8,375,2026-05-12T16:59:41.854746+00:00,trade,trade,bid,B,,,72.0,1.0,,,,,,1897cae0-e73f-45c6-9798-a5e55d4e7fcb,,b4c0529e-a3c4-4af6-bdd7-a1afaaf4dfcc,b1382873-cb3b-49a2-98a0-a4fff709dc83,a7efec93-ac3e-45ce-84ac-eb2844742dd5,5e6b5ec7-66f5-446f-b458-3b18596521a3,1778605181.870512
520e90a9-5e9e-4bfa-8244-34e70674e93f,0,3,8,376,2026-05-12T16:59:41.873622+00:00,order,fill,ask,,b1382873-cb3b-49a2-98a0-a4fff709dc83,5e6b5ec7-66f5-446f-b458-3b18596521a3,72.0,1.0,-1.0,0.0,,,executed,1897cae0-e73f-45c6-9798-a5e55d4e7fcb,b4c0529e-a3c4-4af6-bdd7-a1afaaf4dfcc,,,,,1778605181.888939
520e90a9-5e9e-4bfa-8244-34e70674e93f,0,3,8,377,2026-05-12T16:59:41.891698+00:00,order,fill,bid,,b4c0529e-a3c4-4af6-bdd7-a1afaaf4dfcc,a7efec93-ac3e-45ce-84ac-eb2844742dd5,72.0,1.0,-1.0,0.0,,,executed,1897cae0-e73f-45c6-9798-a5e55d4e7fcb,b1382873-cb3b-49a2-98a0-a4fff709dc83,,,,,1778605181.907312
5273b4e4-2b4f-47fa-834f-bd0d84d237b0,0,3,7,283,2026-05-12T16:59:41.942403+00:00,order,add,ask,,5d9f78a3-973d-41d5-bd86-9a46c3d4171c,18711e8c-d4a6-4e40-ac02-472f81cda568,99.0,1.0,1.0,1.0,2,2.0,active,,,,,,,1778605181.958324
520e90a9-5e9e-4bfa-8244-34e70674e93f,0,3,8,378,2026-05-12T16:59:42.860655+00:00,order,add,ask,,97fd8caf-6b04-4973-bffc-830a68f55fc3,1a600171-9cfa-44bf-a3d4-b7322acefe1a,71.0,1.0,1.0,1.0,1,1.0,active,,,,,,,1778605182.876803
520e90a9-5e9e-4bfa-8244-34e70674e93f,0,3,8,379,2026-05-12T16:59:42.969490+00:00,order,add,ask,,8d5ab6ff-34df-4b77-95b0-27de0cfef338,cb46e42c-c695-4491-ae41-767eb4004474,72.0,1.0,1.0,1.0,2,2.0,active,,,,,,,1778605182.985881
520e90a9-5e9e-4bfa-8244-34e70674e93f,0,3,8,380,2026-05-12T16:59:44.759205+00:00,order,add,bid,,a339378a-4b1d-454d-b6ae-e1028ecacbfe,a7efec93-ac3e-45ce-84ac-eb2844742dd5,70.8,1.0,1.0,1.0,1,1.0,active,,,,,,,1778605184.775425
520e90a9-5e9e-4bfa-8244-34e70674e93f,0,3,8,381,2026-05-12T16:59:44.962140+00:00,order,add,ask,,819a83ab-a933-4d0a-b65d-fa891d4f8241,6b8a7a0e-6534-4c7f-ba8e-d90a38b5b936,71.0,1.0,1.0,1.0,2,2.0,active,,,,,,,1778605184.9789
5273b4e4-2b4f-47fa-834f-bd0d84d237b0,0,3,7,284,2026-05-12T16:59:45.498990+00:00,order,cancel,ask,,7a9af975-dc2f-437f-b752-03c742a518bb,4c5c436f-ca6c-40f1-9cb5-b8bc15205ad4,78.0,1.0,-1.0,0.0,,,cancelled,,,,,,,1778605185.514735
5273b4e4-2b4f-47fa-834f-bd0d84d237b0,0,3,7,285,2026-05-12T16:59:45.536528+00:00,order,cancel,ask,,f3378c21-a3a9-4179-a421-53f0041e1997,4c5c436f-ca6c-40f1-9cb5-b8bc15205ad4,78.0,1.0,-1.0,0.0,,,cancelled,,,,,,,1778605185.551065
5273b4e4-2b4f-47fa-834f-bd0d84d237b0,0,3,7,286,2026-05-12T16:59:45.626358+00:00,order,add,ask,,ecd6de0c-dec8-4940-ad58-ada3d20ea17d,18711e8c-d4a6-4e40-ac02-472f81cda568,89.0,1.0,1.0,1.0,1,1.0,active,,,,,,,1778605185.64593
520e90a9-5e9e-4bfa-8244-34e70674e93f,0,3,7,382,2026-05-12T16:59:46.496369+00:00,order,cancel,ask,,e17532f7-c790-4b26-95c2-75977097a021,6b8a7a0e-6534-4c7f-ba8e-d90a38b5b936,73.0,1.0,-1.0,0.0,,,cancelled,,,,,,,1778605186.51262
5273b4e4-2b4f-47fa-834f-bd0d84d237b0,0,3,7,287,2026-05-12T16:59:46.585487+00:00,order,add,bid,,b5e8004d-4dba-4b73-b41d-1f329dacd240,d00142cb-036c-42b2-986f-4d8449293679,60.0,1.0,1.0,1.0,5,5.0,active,,,,,,,1778605186.60155
520e90a9-5e9e-4bfa-8244-34e70674e93f,0,3,7,383,2026-05-12T16:59:47.442122+00:00,order,cancel,ask,,55ec39b5-725a-4468-b871-0b109e9e41d8,6b8a7a0e-6534-4c7f-ba8e-d90a38b5b936,75.0,1.0,-1.0,0.0,,,cancelled,,,,,,,1778605187.458409
520e90a9-5e9e-4bfa-8244-34e70674e93f,0,3,8,384,2026-05-12T16:59:47.981106+00:00,trade,trade,ask,S,,,70.8,1.0,,,,,,ab27ea2e-1442-4760-ba12-bb565f111ac2,,a339378a-4b1d-454d-b6ae-e1028ecacbfe,647dbe9a-73a1-4a8c-86d2-8e26b67c9673,a7efec93-ac3e-45ce-84ac-eb2844742dd5,1a600171-9cfa-44bf-a3d4-b7322acefe1a,1778605187.996826
520e90a9-5e9e-4bfa-8244-34e70674e93f,0,3,8,385,2026-05-12T16:59:47.999829+00:00,order,fill,ask,,647dbe9a-73a1-4a8c-86d2-8e26b67c9673,1a600171-9cfa-44bf-a3d4-b7322acefe1a,70.8,1.0,-1.0,0.0,,,executed,ab27ea2e-1442-4760-ba12-bb565f111ac2,a339378a-4b1d-454d-b6ae-e1028ecacbfe,,,,,1778605188.015696
520e90a9-5e9e-4bfa-8244-34e70674e93f,0,3,8,386,2026-05-12T16:59:48.018488+00:00,order,fill,bid,,a339378a-4b1d-454d-b6ae-e1028ecacbfe,a7efec93-ac3e-45ce-84ac-eb2844742dd5,70.8,1.0,-1.0,0.0,,,executed,ab27ea2e-1442-4760-ba12-bb565f111ac2,647dbe9a-73a1-4a8c-86d2-8e26b67c9673,,,,,1778605188.033264
520e90a9-5e9e-4bfa-8244-34e70674e93f,0,3,8,387,2026-05-12T16:59:49.557610+00:00,trade,trade,ask,S,,,69.6,1.0,,,,,,c8bbb71a-7836-497d-a063-7e9ee34098f5,,c7ceb9f0-d4d0-4e78-a390-11b2ad0f4172,64b3960f-a9b6-4d44-8055-8a0654283a0c,6b8a7a0e-6534-4c7f-ba8e-d90a38b5b936,c9677d60-b255-4563-955c-c09e7b64f2df,1778605189.573902
520e90a9-5e9e-4bfa-8244-34e70674e93f,0,3,8,388,2026-05-12T16:59:49.576965+00:00,order,fill,ask,,64b3960f-a9b6-4d44-8055-8a0654283a0c,c9677d60-b255-4563-955c-c09e7b64f2df,69.0,1.0,-1.0,0.0,,,executed,c8bbb71a-7836-497d-a063-7e9ee34098f5,c7ceb9f0-d4d0-4e78-a390-11b2ad0f4172,,,,,1778605189.5914
520e90a9-5e9e-4bfa-8244-34e70674e93f,0,3,8,389,2026-05-12T16:59:49.594145+00:00,order,fill,bid,,c7ceb9f0-d4d0-4e78-a390-11b2ad0f4172,6b8a7a0e-6534-4c7f-ba8e-d90a38b5b936,69.6,1.0,-1.0,0.0,,,executed,c8bbb71a-7836-497d-a063-7e9ee34098f5,64b3960f-a9b6-4d44-8055-8a0654283a0c,,,,,1778605189.609247
06f4d9ab-2d66-4d8f-845c-680ac99ec639,0,3,15,285,2026-05-12T16:59:49.736400+00:00,order,add,ask,,c58c5f1e-69be-4f36-bb92-b5196775c443,cda8f129-61a6-4153-bf08-1c1a945507c7,116.1,1.0,1.0,1.0,1,1.0,active,,,,,,,1778605189.751355
06f4d9ab-2d66-4d8f-845c-680ac99ec639,0,3,15,286,2026-05-12T16:59:50.772881+00:00,order,add,bid,,0f809076-5343-47cd-a701-6c57b7b63770,664d5f3b-570d-4a80-9e72-387baf4c63ae,116.0,1.0,1.0,1.0,18,18.0,active,,,,,,,1778605190.788719
5273b4e4-2b4f-47fa-834f-bd0d84d237b0,0,3,5,288,2026-05-12T16:59:51.049199+00:00,order,cancel,bid,,0b131ff0-7bdf-479a-adbf-5fc7a02b5c04,ede5b087-a2ea-49eb-9494-a67b961bfc79,65.0,1.0,-1.0,0.0,,,cancelled,,,,,,,1778605191.065643
520e90a9-5e9e-4bfa-8244-34e70674e93f,0,3,8,390,2026-05-12T16:59:51.597510+00:00,order,add,ask,,4882ea15-f245-4487-9958-55f12e040c49,1a600171-9cfa-44bf-a3d4-b7322acefe1a,70.9,1.0,1.0,1.0,1,1.0,active,,,,,,,1778605191.613708
5273b4e4-2b4f-47fa-834f-bd0d84d237b0,0,3,5,289,2026-05-12T16:59:51.958212+00:00,order,cancel,bid,,7179f2a8-7be0-407b-8a5f-fa3368ae3160,ede5b087-a2ea-49eb-9494-a67b961bfc79,68.0,1.0,-1.0,0.0,,,cancelled,,,,,,,1778605191.97456
5273b4e4-2b4f-47fa-834f-bd0d84d237b0,0,3,5,290,2026-05-12T16:59:52.471484+00:00,order,cancel,bid,,46d15f19-01f1-4e6e-91d2-9ce1ab41967d,ede5b087-a2ea-49eb-9494-a67b961bfc79,69.0,1.0,-1.0,0.0,,,cancelled,,,,,,,1778605192.488068
5273b4e4-2b4f-47fa-834f-bd0d84d237b0,0,3,7,291,2026-05-12T16:59:52.598295+00:00,order,cancel,bid,,c8ffe299-b852-4ae4-a0a5-820323c47e62,1893c9fa-143a-45ae-8599-dfedb6054045,71.0,1.0,-1.0,0.0,,,cancelled,,,,,,,1778605192.614735
5273b4e4-2b4f-47fa-834f-bd0d84d237b0,0,3,5,292,2026-05-12T16:59:53.487345+00:00,order,cancel,bid,,2049a3a1-399e-467b-ad79-50b79814c95b,ede5b087-a2ea-49eb-9494-a67b961bfc79,69.7,1.0,-1.0,0.0,,,cancelled,,,,,,,1778605193.503196
520e90a9-5e9e-4bfa-8244-34e70674e93f,0,3,8,391,2026-05-12T16:59:53.927292+00:00,trade,trade,bid,B,,,70.9,1.0,,,,,,f1b065d3-18ab-403c-9f9b-a253734240e3,,eb256a14-f106-47c9-a301-045fb3ee8ab1,4882ea15-f245-4487-9958-55f12e040c49,a7efec93-ac3e-45ce-84ac-eb2844742dd5,1a600171-9cfa-44bf-a3d4-b7322acefe1a,1778605193.943316
520e90a9-5e9e-4bfa-8244-34e70674e93f,0,3,8,392,2026-05-12T16:59:53.946567+00:00,order,fill,ask,,4882ea15-f245-4487-9958-55f12e040c49,1a600171-9cfa-44bf-a3d4-b7322acefe1a,70.9,1.0,-1.0,0.0,,,executed,f1b065d3-18ab-403c-9f9b-a253734240e3,eb256a14-f106-47c9-a301-045fb3ee8ab1,,,,,1778605193.96213
520e90a9-5e9e-4bfa-8244-34e70674e93f,0,3,8,393,2026-05-12T16:59:53.964831+00:00,order,fill,bid,,eb256a14-f106-47c9-a301-045fb3ee8ab1,a7efec93-ac3e-45ce-84ac-eb2844742dd5,71.3,1.0,-1.0,0.0,,,executed,f1b065d3-18ab-403c-9f9b-a253734240e3,4882ea15-f245-4487-9958-55f12e040c49,,,,,1778605193.979924
5273b4e4-2b4f-47fa-834f-bd0d84d237b0,0,3,5,293,2026-05-12T16:59:54.042925+00:00,order,cancel,bid,,19efef2f-3ba4-47ee-bafa-94856fc79d89,ede5b087-a2ea-49eb-9494-a67b961bfc79,69.5,1.0,-1.0,0.0,,,cancelled,,,,,,,1778605194.058164
5273b4e4-2b4f-47fa-834f-bd0d84d237b0,0,3,5,294,2026-05-12T16:59:54.567237+00:00,order,cancel,bid,,d5dc7244-4431-45b1-bca2-e230e6d65c6f,ede5b087-a2ea-49eb-9494-a67b961bfc79,70.0,1.0,-1.0,0.0,,,cancelled,,,,,,,1778605194.582835
5273b4e4-2b4f-47fa-834f-bd0d84d237b0,0,3,5,295,2026-05-12T16:59:54.906818+00:00,order,cancel,ask,,02418737-cf71-473e-adb8-fb27da16f7ec,4c5c436f-ca6c-40f1-9cb5-b8bc15205ad4,90.0,1.0,-1.0,0.0,,,cancelled,,,,,,,1778605194.922473
5273b4e4-2b4f-47fa-834f-bd0d84d237b0,0,3,6,296,2026-05-12T16:59:55.023179+00:00,order,cancel,bid,,6ea5b2aa-1130-45b7-bc1a-c717846ebc14,ede5b087-a2ea-49eb-9494-a67b961bfc79,71.0,1.0,-1.0,0.0,,,cancelled,,,,,,,1778605195.038831
5273b4e4-2b4f-47fa-834f-bd0d84d237b0,0,3,7,297,2026-05-12T16:59:55.074709+00:00,order,add,ask,,02512cdd-16f5-44a8-9dfd-fa5368e05981,18711e8c-d4a6-4e40-ac02-472f81cda568,82.0,1.0,1.0,1.0,1,1.0,active,,,,,,,1778605195.090728
5273b4e4-2b4f-47fa-834f-bd0d84d237b0,0,3,7,298,2026-05-12T16:59:56.690265+00:00,order,add,ask,,894ceaba-2125-4bca-a796-c95e4ed3e603,d00142cb-036c-42b2-986f-4d8449293679,76.98,1.0,1.0,1.0,1,1.0,active,,,,,,,1778605196.708256
520e90a9-5e9e-4bfa-8244-34e70674e93f,0,3,8,394,2026-05-12T16:59:56.815969+00:00,order,add,bid,,3efe865b-1baf-4498-8c6f-d9b790414ecd,6b8a7a0e-6534-4c7f-ba8e-d90a38b5b936,70.0,1.0,1.0,1.0,1,1.0,active,,,,,,,1778605196.832284
5273b4e4-2b4f-47fa-834f-bd0d84d237b0,0,3,5,299,2026-05-12T16:59:56.881340+00:00,order,cancel,bid,,0d2b47b9-ec31-4fbd-90f3-d13025dfcadb,bc7d5ce5-ff5f-43da-8411-1cc4780872be,65.0,1.0,-1.0,0.0,,,cancelled,,,,,,,1778605196.897988
5273b4e4-2b4f-47fa-834f-bd0d84d237b0,0,3,6,300,2026-05-12T16:59:56.933724+00:00,order,cancel,bid,,420c64a7-e4c2-4b85-8f87-4edeb9f50f78,bc7d5ce5-ff5f-43da-8411-1cc4780872be,65.0,1.0,-1.0,0.0,,,cancelled,,,,,,,1778605196.94875
5273b4e4-2b4f-47fa-834f-bd0d84d237b0,0,3,7,301,2026-05-12T16:59:56.974176+00:00,order,cancel,bid,,6620b24d-86c2-4dd3-b25a-6c969136ee23,bc7d5ce5-ff5f-43da-8411-1cc4780872be,65.0,1.0,-1.0,0.0,,,cancelled,,,,,,,1778605196.989369
5273b4e4-2b4f-47fa-834f-bd0d84d237b0,0,3,7,302,2026-05-12T16:59:57.036222+00:00,order,cancel,bid,,2fdba916-a09e-457e-8477-1a5af40eccb1,bc7d5ce5-ff5f-43da-8411-1cc4780872be,65.0,1.0,-1.0,0.0,,,cancelled,,,,,,,1778605197.051185
520e90a9-5e9e-4bfa-8244-34e70674e93f,0,3,8,395,2026-05-12T16:59:57.165949+00:00,order,add,bid,,85790592-5f61-46a0-aff6-84725fdc84ca,c9677d60-b255-4563-955c-c09e7b64f2df,50.0,1.0,1.0,1.0,1,1.0,active,,,,,,,1778605197.183656
520e90a9-5e9e-4bfa-8244-34e70674e93f,0,3,8,396,2026-05-12T16:59:59.309615+00:00,trade,trade,ask,S,,,70.0,1.0,,,,,,ecc24e7d-d6c8-4184-8a78-b560b19dea28,,3efe865b-1baf-4498-8c6f-d9b790414ecd,f8d71d48-dcee-4358-87ad-61f4fa4ff952,6b8a7a0e-6534-4c7f-ba8e-d90a38b5b936,1a600171-9cfa-44bf-a3d4-b7322acefe1a,1778605199.325942
520e90a9-5e9e-4bfa-8244-34e70674e93f,0,3,8,397,2026-05-12T16:59:59.329431+00:00,order,fill,ask,,f8d71d48-dcee-4358-87ad-61f4fa4ff952,1a600171-9cfa-44bf-a3d4-b7322acefe1a,70.0,1.0,-1.0,0.0,,,executed,ecc24e7d-d6c8-4184-8a78-b560b19dea28,3efe865b-1baf-4498-8c6f-d9b790414ecd,,,,,1778605199.345628
520e90a9-5e9e-4bfa-8244-34e70674e93f,0,3,8,398,2026-05-12T16:59:59.348763+00:00,order,fill,bid,,3efe865b-1baf-4498-8c6f-d9b790414ecd,6b8a7a0e-6534-4c7f-ba8e-d90a38b5b936,70.0,1.0,-1.0,0.0,,,executed,ecc24e7d-d6c8-4184-8a78-b560b19dea28,f8d71d48-dcee-4358-87ad-61f4fa4ff952,,,,,1778605199.363946
06f4d9ab-2d66-4d8f-845c-680ac99ec639,0,3,15,287,2026-05-12T16:59:59.665296+00:00,order,add,bid,,9b83d298-a930-4fba-8699-693c3eb16d4c,664d5f3b-570d-4a80-9e72-387baf4c63ae,116.0,1.0,1.0,1.0,19,19.0,active,,,,,,,1778605199.681984
520e90a9-5e9e-4bfa-8244-34e70674e93f,0,3,8,399,2026-05-12T17:00:00.310708+00:00,order,cancel,bid,,85790592-5f61-46a0-aff6-84725fdc84ca,c9677d60-b255-4563-955c-c09e7b64f2df,50.0,1.0,-1.0,0.0,,,cancelled,,,,,,,1778605200.340848
06f4d9ab-2d66-4d8f-845c-680ac99ec639,0,3,15,288,2026-05-12T17:00:00.582876+00:00,order,add,bid,,3968dba5-a402-4b1e-af32-1d45808080eb,664d5f3b-570d-4a80-9e72-387baf4c63ae,116.0,1.0,1.0,1.0,20,20.0,active,,,,,,,1778605200.603611
06f4d9ab-2d66-4d8f-845c-680ac99ec639,0,3,12,289,2026-05-12T17:00:01.026596+00:00,order,cancel,bid,,dc5786f6-3f71-4aff-ada5-c39f24890ecd,664d5f3b-570d-4a80-9e72-387baf4c63ae,116.0,1.0,-1.0,0.0,,,cancelled,,,,,,,1778605201.045453
5273b4e4-2b4f-47fa-834f-bd0d84d237b0,0,3,7,303,2026-05-12T17:00:01.292213+00:00,order,add,bid,,3697260b-5298-4315-9b8c-d0168918c0ab,1893c9fa-143a-45ae-8599-dfedb6054045,69.5,1.0,1.0,1.0,1,1.0,active,,,,,,,1778605201.311665
5273b4e4-2b4f-47fa-834f-bd0d84d237b0,0,3,7,304,2026-05-12T17:00:01.361201+00:00,order,add,ask,,e4ba2e90-03eb-474f-ba84-49d4f8852290,18711e8c-d4a6-4e40-ac02-472f81cda568,79.0,1.0,1.0,1.0,2,2.0,active,,,,,,,1778605201.386702
5273b4e4-2b4f-47fa-834f-bd0d84d237b0,0,3,7,305,2026-05-12T17:00:01.818577+00:00,order,add,bid,,23194b0e-6c68-41fc-9845-3cc38492c36b,ede5b087-a2ea-49eb-9494-a67b961bfc79,56.0,1.0,1.0,1.0,1,1.0,active,,,,,,,1778605201.943695
520e90a9-5e9e-4bfa-8244-34e70674e93f,0,3,8,400,2026-05-12T17:00:02.051715+00:00,order,add,bid,,7db2b4a4-c152-4745-abde-614cc83f03a2,a7efec93-ac3e-45ce-84ac-eb2844742dd5,70.0,1.0,1.0,1.0,1,1.0,active,,,,,,,1778605202.146162
520e90a9-5e9e-4bfa-8244-34e70674e93f,0,3,8,401,2026-05-12T17:00:03.781669+00:00,order,add,bid,,d37514f9-d497-4754-91ac-72c668790792,c9677d60-b255-4563-955c-c09e7b64f2df,60.0,1.0,1.0,1.0,1,1.0,active,,,,,,,1778605203.805953
5273b4e4-2b4f-47fa-834f-bd0d84d237b0,0,3,7,306,2026-05-12T17:00:04.294583+00:00,order,add,bid,,c225412f-72e8-4fd3-a7f4-c53434ead7ca,ede5b087-a2ea-49eb-9494-a67b961bfc79,55.0,1.0,1.0,1.0,1,1.0,active,,,,,,,1778605204.317624
520e90a9-5e9e-4bfa-8244-34e70674e93f,0,3,8,402,2026-05-12T17:00:04.384585+00:00,order,add,bid,,4ea60976-e5be-4ee9-897f-2df0bdf147fc,6b8a7a0e-6534-4c7f-ba8e-d90a38b5b936,70.0,1.0,1.0,1.0,2,2.0,active,,,,,,,1778605204.437398
520e90a9-5e9e-4bfa-8244-34e70674e93f,0,3,8,403,2026-05-12T17:00:05.128877+00:00,order,add,ask,,3aaa7459-0007-4f66-a1b8-314da8f8d485,cb46e42c-c695-4491-ae41-767eb4004474,70.8,1.0,1.0,1.0,1,1.0,active,,,,,,,1778605205.14757
520e90a9-5e9e-4bfa-8244-34e70674e93f,0,3,8,404,2026-05-12T17:00:05.195845+00:00,order,cancel,bid,,7db2b4a4-c152-4745-abde-614cc83f03a2,a7efec93-ac3e-45ce-84ac-eb2844742dd5,70.0,1.0,-1.0,0.0,,,cancelled,,,,,,,1778605205.214922
06f4d9ab-2d66-4d8f-845c-680ac99ec639,0,3,15,290,2026-05-12T17:00:05.432803+00:00,order,add,bid,,8a7d896b-a056-4779-be9c-e9963b658dd4,cda8f129-61a6-4153-bf08-1c1a945507c7,116.0,1.0,1.0,1.0,20,20.0,active,,,,,,,1778605205.454954
520e90a9-5e9e-4bfa-8244-34e70674e93f,0,3,8,405,2026-05-12T17:00:06.555379+00:00,trade,trade,ask,S,,,70.0,1.0,,,,,,d59aecd1-d113-4d20-bb06-7166418f3334,,4ea60976-e5be-4ee9-897f-2df0bdf147fc,311f3f2f-bb6b-4fd6-b2d3-266d7d56a9b9,6b8a7a0e-6534-4c7f-ba8e-d90a38b5b936,5e6b5ec7-66f5-446f-b458-3b18596521a3,1778605206.580884
520e90a9-5e9e-4bfa-8244-34e70674e93f,0,3,8,406,2026-05-12T17:00:06.584757+00:00,order,fill,ask,,311f3f2f-bb6b-4fd6-b2d3-266d7d56a9b9,5e6b5ec7-66f5-446f-b458-3b18596521a3,70.0,1.0,-1.0,0.0,,,executed,d59aecd1-d113-4d20-bb06-7166418f3334,4ea60976-e5be-4ee9-897f-2df0bdf147fc,,,,,1778605206.615996
520e90a9-5e9e-4bfa-8244-34e70674e93f,0,3,8,407,2026-05-12T17:00:06.624459+00:00,order,fill,bid,,4ea60976-e5be-4ee9-897f-2df0bdf147fc,6b8a7a0e-6534-4c7f-ba8e-d90a38b5b936,70.0,1.0,-1.0,0.0,,,executed,d59aecd1-d113-4d20-bb06-7166418f3334,311f3f2f-bb6b-4fd6-b2d3-266d7d56a9b9,,,,,1778605206.645803
5273b4e4-2b4f-47fa-834f-bd0d84d237b0,0,3,7,307,2026-05-12T17:00:06.722996+00:00,order,add,bid,,55439cae-f693-49a4-8490-42e123a67cbb,bc7d5ce5-ff5f-43da-8411-1cc4780872be,45.0,1.0,1.0,1.0,1,1.0,active,,,,,,,1778605206.761551
520e90a9-5e9e-4bfa-8244-34e70674e93f,0,3,8,408,2026-05-12T17:00:06.829957+00:00,order,add,ask,,4c596be0-4c39-4264-82e1-ff4ae05b2163,1a600171-9cfa-44bf-a3d4-b7322acefe1a,70.0,1.0,1.0,1.0,1,1.0,active,,,,,,,1778605206.85639
520e90a9-5e9e-4bfa-8244-34e70674e93f,0,3,8,409,2026-05-12T17:00:07.030473+00:00,order,cancel,ask,,8d5ab6ff-34df-4b77-95b0-27de0cfef338,cb46e42c-c695-4491-ae41-767eb4004474,72.0,1.0,-1.0,0.0,,,cancelled,,,,,,,1778605207.062223
5273b4e4-2b4f-47fa-834f-bd0d84d237b0,0,3,7,308,2026-05-12T17:00:08.126879+00:00,order,add,bid,,484231d3-63ea-45a8-9bc8-68f3e07177b2,ede5b087-a2ea-49eb-9494-a67b961bfc79,54.0,1.0,1.0,1.0,1,1.0,active,,,,,,,1778605208.148339
520e90a9-5e9e-4bfa-8244-34e70674e93f,0,3,8,410,2026-05-12T17:00:08.188082+00:00,trade,trade,bid,B,,,70.0,1.0,,,,,,d52a7f7b-45e0-4e2b-be15-40d7cd316fdf,,fa489b49-d872-4dec-a26a-a48a99ae9d4b,4c596be0-4c39-4264-82e1-ff4ae05b2163,a7efec93-ac3e-45ce-84ac-eb2844742dd5,1a600171-9cfa-44bf-a3d4-b7322acefe1a,1778605208.204756
520e90a9-5e9e-4bfa-8244-34e70674e93f,0,3,8,411,2026-05-12T17:00:08.208165+00:00,order,fill,ask,,4c596be0-4c39-4264-82e1-ff4ae05b2163,1a600171-9cfa-44bf-a3d4-b7322acefe1a,70.0,1.0,-1.0,0.0,,,executed,d52a7f7b-45e0-4e2b-be15-40d7cd316fdf,fa489b49-d872-4dec-a26a-a48a99ae9d4b,,,,,1778605208.223472
520e90a9-5e9e-4bfa-8244-34e70674e93f,0,3,8,412,2026-05-12T17:00:08.226942+00:00,order,fill,bid,,fa489b49-d872-4dec-a26a-a48a99ae9d4b,a7efec93-ac3e-45ce-84ac-eb2844742dd5,70.8,1.0,-1.0,0.0,,,executed,d52a7f7b-45e0-4e2b-be15-40d7cd316fdf,4c596be0-4c39-4264-82e1-ff4ae05b2163,,,,,1778605208.242657
520e90a9-5e9e-4bfa-8244-34e70674e93f,0,3,8,413,2026-05-12T17:00:08.413458+00:00,order,add,ask,,21d4e49f-c1bb-4e51-b048-24d11d5a3de9,1a600171-9cfa-44bf-a3d4-b7322acefe1a,70.4,1.0,1.0,1.0,1,1.0,active,,,,,,,1778605208.431472
520e90a9-5e9e-4bfa-8244-34e70674e93f,0,3,7,414,2026-05-12T17:00:10.935227+00:00,order,cancel,bid,,4f789f60-9ce3-4845-a1c4-4556cd79987f,a7efec93-ac3e-45ce-84ac-eb2844742dd5,69.0,1.0,-1.0,0.0,,,cancelled,,,,,,,1778605210.959218
520e90a9-5e9e-4bfa-8244-34e70674e93f,0,3,8,415,2026-05-12T17:00:11.784852+00:00,order,add,ask,,bb211fe2-4d83-4399-af6b-b2d1a80eeca0,6b8a7a0e-6534-4c7f-ba8e-d90a38b5b936,70.3,1.0,1.0,1.0,1,1.0,active,,,,,,,1778605211.802574
520e90a9-5e9e-4bfa-8244-34e70674e93f,0,3,8,416,2026-05-12T17:00:12.837125+00:00,order,add,bid,,e0a3f1b4-a6df-4c2c-82da-44ac2d99b3c6,c9677d60-b255-4563-955c-c09e7b64f2df,65.0,1.0,1.0,1.0,1,1.0,active,,,,,,,1778605212.854006
520e90a9-5e9e-4bfa-8244-34e70674e93f,0,3,8,417,2026-05-12T17:00:13.014255+00:00,order,add,ask,,f5259778-20fa-4b7f-917b-f5c4528913f8,a7efec93-ac3e-45ce-84ac-eb2844742dd5,69.7,1.0,1.0,1.0,1,1.0,active,,,,,,,1778605213.03224
5273b4e4-2b4f-47fa-834f-bd0d84d237b0,0,3,7,309,2026-05-12T17:00:13.278790+00:00,trade,trade,ask,S,,,70.0,1.0,,,,,,24649996-4e02-45ab-b64e-ed2a378ec834,,d4939605-3eba-44c0-b998-7db3e761b8fd,728384b7-2060-4730-b688-e0c41e6edb8d,4c5c436f-ca6c-40f1-9cb5-b8bc15205ad4,ede5b087-a2ea-49eb-9494-a67b961bfc79,1778605213.29613
5273b4e4-2b4f-47fa-834f-bd0d84d237b0,0,3,7,310,2026-05-12T17:00:13.299503+00:00,order,fill,ask,,728384b7-2060-4730-b688-e0c41e6edb8d,ede5b087-a2ea-49eb-9494-a67b961bfc79,70.0,1.0,-1.0,0.0,,,executed,24649996-4e02-45ab-b64e-ed2a378ec834,d4939605-3eba-44c0-b998-7db3e761b8fd,,,,,1778605213.315815
5273b4e4-2b4f-47fa-834f-bd0d84d237b0,0,3,7,311,2026-05-12T17:00:13.319413+00:00,order,fill,bid,,d4939605-3eba-44c0-b998-7db3e761b8fd,4c5c436f-ca6c-40f1-9cb5-b8bc15205ad4,70.0,1.0,-1.0,0.0,,,executed,24649996-4e02-45ab-b64e-ed2a378ec834,728384b7-2060-4730-b688-e0c41e6edb8d,,,,,1778605213.339687
520e90a9-5e9e-4bfa-8244-34e70674e93f,0,3,8,418,2026-05-12T17:00:14.509762+00:00,order,cancel,bid,,d37514f9-d497-4754-91ac-72c668790792,c9677d60-b255-4563-955c-c09e7b64f2df,60.0,1.0,-1.0,0.0,,,cancelled,,,,,,,1778605214.525978
520e90a9-5e9e-4bfa-8244-34e70674e93f,0,3,8,419,2026-05-12T17:00:14.620460+00:00,order,add,ask,,397b6151-27e4-4b14-8a8d-9a33f80201bb,1a600171-9cfa-44bf-a3d4-b7322acefe1a,69.9,1.0,1.0,1.0,1,1.0,active,,,,,,,1778605214.636802
5273b4e4-2b4f-47fa-834f-bd0d84d237b0,0,3,7,312,2026-05-12T17:00:15.574881+00:00,trade,trade,ask,S,,,69.5,1.0,,,,,,c9d40a55-f3a0-4b4b-a1c6-f427d563bae7,,3697260b-5298-4315-9b8c-d0168918c0ab,0084fc05-b15a-45b2-a41f-c2450e7051a9,1893c9fa-143a-45ae-8599-dfedb6054045,ede5b087-a2ea-49eb-9494-a67b961bfc79,1778605215.591492
5273b4e4-2b4f-47fa-834f-bd0d84d237b0,0,3,7,313,2026-05-12T17:00:15.595438+00:00,order,fill,ask,,0084fc05-b15a-45b2-a41f-c2450e7051a9,ede5b087-a2ea-49eb-9494-a67b961bfc79,69.5,1.0,-1.0,0.0,,,executed,c9d40a55-f3a0-4b4b-a1c6-f427d563bae7,3697260b-5298-4315-9b8c-d0168918c0ab,,,,,1778605215.611632
5273b4e4-2b4f-47fa-834f-bd0d84d237b0,0,3,7,314,2026-05-12T17:00:15.614816+00:00,order,fill,bid,,3697260b-5298-4315-9b8c-d0168918c0ab,1893c9fa-143a-45ae-8599-dfedb6054045,69.5,1.0,-1.0,0.0,,,executed,c9d40a55-f3a0-4b4b-a1c6-f427d563bae7,0084fc05-b15a-45b2-a41f-c2450e7051a9,,,,,1778605215.629895
520e90a9-5e9e-4bfa-8244-34e70674e93f,0,3,8,420,2026-05-12T17:00:16.103941+00:00,order,add,bid,,3c3228f4-9d26-4a33-9b34-783e03cf66df,6b8a7a0e-6534-4c7f-ba8e-d90a38b5b936,66.0,1.0,1.0,1.0,1,1.0,active,,,,,,,1778605216.120733
520e90a9-5e9e-4bfa-8244-34e70674e93f,0,3,8,421,2026-05-12T17:00:17.279247+00:00,order,add,bid,,7269c849-0248-4802-803f-834fa80ecd84,a7efec93-ac3e-45ce-84ac-eb2844742dd5,67.7,1.0,1.0,1.0,1,1.0,active,,,,,,,1778605217.295894
520e90a9-5e9e-4bfa-8244-34e70674e93f,0,3,8,422,2026-05-12T17:00:20.896778+00:00,order,add,ask,,2bfefb39-d1c3-4e52-81b3-cf05bc17109a,cb46e42c-c695-4491-ae41-767eb4004474,69.0,1.0,1.0,1.0,1,1.0,active,,,,,,,1778605220.913118
520e90a9-5e9e-4bfa-8244-34e70674e93f,0,3,8,423,2026-05-12T17:00:21.053851+00:00,order,cancel,bid,,e0a3f1b4-a6df-4c2c-82da-44ac2d99b3c6,c9677d60-b255-4563-955c-c09e7b64f2df,65.0,1.0,-1.0,0.0,,,cancelled,,,,,,,1778605221.070988
520e90a9-5e9e-4bfa-8244-34e70674e93f,0,3,8,424,2026-05-12T17:00:21.307939+00:00,trade,trade,ask,S,,,67.7,1.0,,,,,,185a535c-cc2b-4742-ae72-0fac27519b7b,,7269c849-0248-4802-803f-834fa80ecd84,8a768156-1aa3-482e-92a6-55d9bb068608,a7efec93-ac3e-45ce-84ac-eb2844742dd5,5e6b5ec7-66f5-446f-b458-3b18596521a3,1778605221.325326
520e90a9-5e9e-4bfa-8244-34e70674e93f,0,3,8,425,2026-05-12T17:00:21.329189+00:00,order,fill,ask,,8a768156-1aa3-482e-92a6-55d9bb068608,5e6b5ec7-66f5-446f-b458-3b18596521a3,67.7,1.0,-1.0,0.0,,,executed,185a535c-cc2b-4742-ae72-0fac27519b7b,7269c849-0248-4802-803f-834fa80ecd84,,,,,1778605221.346353
520e90a9-5e9e-4bfa-8244-34e70674e93f,0,3,8,426,2026-05-12T17:00:21.350013+00:00,order,fill,bid,,7269c849-0248-4802-803f-834fa80ecd84,a7efec93-ac3e-45ce-84ac-eb2844742dd5,67.7,1.0,-1.0,0.0,,,executed,185a535c-cc2b-4742-ae72-0fac27519b7b,8a768156-1aa3-482e-92a6-55d9bb068608,,,,,1778605221.367135
520e90a9-5e9e-4bfa-8244-34e70674e93f,0,3,8,427,2026-05-12T17:00:22.281185+00:00,order,cancel,ask,,3aaa7459-0007-4f66-a1b8-314da8f8d485,cb46e42c-c695-4491-ae41-767eb4004474,70.8,1.0,-1.0,0.0,,,cancelled,,,,,,,1778605222.298624
520e90a9-5e9e-4bfa-8244-34e70674e93f,0,3,8,428,2026-05-12T17:00:23.167806+00:00,order,add,ask,,935c74c7-a627-442e-9859-36c4dcdc5f24,6b8a7a0e-6534-4c7f-ba8e-d90a38b5b936,68.0,1.0,1.0,1.0,1,1.0,active,,,,,,,1778605223.188653
520e90a9-5e9e-4bfa-8244-34e70674e93f,0,3,8,429,2026-05-12T17:00:26.246764+00:00,trade,trade,bid,B,,,68.0,1.0,,,,,,f23529a7-0e4f-4c80-b187-fd137c803083,,a70184e3-8e28-4533-bc1d-a9da3ee49904,935c74c7-a627-442e-9859-36c4dcdc5f24,a7efec93-ac3e-45ce-84ac-eb2844742dd5,6b8a7a0e-6534-4c7f-ba8e-d90a38b5b936,1778605226.263465
520e90a9-5e9e-4bfa-8244-34e70674e93f,0,3,8,430,2026-05-12T17:00:26.267007+00:00,order,fill,ask,,935c74c7-a627-442e-9859-36c4dcdc5f24,6b8a7a0e-6534-4c7f-ba8e-d90a38b5b936,68.0,1.0,-1.0,0.0,,,executed,f23529a7-0e4f-4c80-b187-fd137c803083,a70184e3-8e28-4533-bc1d-a9da3ee49904,,,,,1778605226.282828
520e90a9-5e9e-4bfa-8244-34e70674e93f,0,3,8,431,2026-05-12T17:00:26.286200+00:00,order,fill,bid,,a70184e3-8e28-4533-bc1d-a9da3ee49904,a7efec93-ac3e-45ce-84ac-eb2844742dd5,68.0,1.0,-1.0,0.0,,,executed,f23529a7-0e4f-4c80-b187-fd137c803083,935c74c7-a627-442e-9859-36c4dcdc5f24,,,,,1778605226.302507
5273b4e4-2b4f-47fa-834f-bd0d84d237b0,0,3,6,315,2026-05-12T17:00:32.739580+00:00,order,cancel,ask,,ccb7bba2-a58f-4ba9-9a66-b0e79d88db45,18711e8c-d4a6-4e40-ac02-472f81cda568,81.0,1.0,-1.0,0.0,,,cancelled,,,,,,,1778605232.755556
5273b4e4-2b4f-47fa-834f-bd0d84d237b0,0,3,8,316,2026-05-12T17:00:32.791412+00:00,order,add,bid,,0378505a-d8d8-4219-bc66-b803e5ddffcd,bc7d5ce5-ff5f-43da-8411-1cc4780872be,40.0,1.0,1.0,1.0,1,1.0,active,,,,,,,1778605232.80742
5273b4e4-2b4f-47fa-834f-bd0d84d237b0,0,3,7,317,2026-05-12T17:00:33.557552+00:00,order,cancel,ask,,8326fef5-0fe4-4c68-b767-65e374d9b54c,1893c9fa-143a-45ae-8599-dfedb6054045,79.0,1.0,-1.0,0.0,,,cancelled,,,,,,,1778605233.573371
5273b4e4-2b4f-47fa-834f-bd0d84d237b0,0,3,8,318,2026-05-12T17:00:34.007688+00:00,trade,trade,ask,S,,,69.0,1.0,,,,,,3546ee12-3547-4ffd-aa44-18158408628c,,b6786fd5-15e9-4f5a-92d8-848c509db6aa,ef3c26d4-375d-4407-932b-a676247aa2d1,4c5c436f-ca6c-40f1-9cb5-b8bc15205ad4,ede5b087-a2ea-49eb-9494-a67b961bfc79,1778605234.027175
5273b4e4-2b4f-47fa-834f-bd0d84d237b0,0,3,8,319,2026-05-12T17:00:34.030776+00:00,order,fill,ask,,ef3c26d4-375d-4407-932b-a676247aa2d1,ede5b087-a2ea-49eb-9494-a67b961bfc79,69.0,1.0,-1.0,0.0,,,executed,3546ee12-3547-4ffd-aa44-18158408628c,b6786fd5-15e9-4f5a-92d8-848c509db6aa,,,,,1778605234.048961
5273b4e4-2b4f-47fa-834f-bd0d84d237b0,0,3,8,320,2026-05-12T17:00:34.052599+00:00,order,fill,bid,,b6786fd5-15e9-4f5a-92d8-848c509db6aa,4c5c436f-ca6c-40f1-9cb5-b8bc15205ad4,69.0,1.0,-1.0,0.0,,,executed,3546ee12-3547-4ffd-aa44-18158408628c,ef3c26d4-375d-4407-932b-a676247aa2d1,,,,,1778605234.071078
5273b4e4-2b4f-47fa-834f-bd0d84d237b0,0,3,7,321,2026-05-12T17:00:37.238667+00:00,order,cancel,bid,,23194b0e-6c68-41fc-9845-3cc38492c36b,ede5b087-a2ea-49eb-9494-a67b961bfc79,56.0,1.0,-1.0,0.0,,,cancelled,,,,,,,1778605237.254763
5273b4e4-2b4f-47fa-834f-bd0d84d237b0,0,3,8,322,2026-05-12T17:00:37.433640+00:00,order,add,bid,,4b7bd4b9-5d33-4e73-a6c4-dcdda7de575c,bc7d5ce5-ff5f-43da-8411-1cc4780872be,32.0,1.0,1.0,1.0,1,1.0,active,,,,,,,1778605237.450616
5273b4e4-2b4f-47fa-834f-bd0d84d237b0,0,3,7,323,2026-05-12T17:00:37.670640+00:00,order,cancel,bid,,c225412f-72e8-4fd3-a7f4-c53434ead7ca,ede5b087-a2ea-49eb-9494-a67b961bfc79,55.0,1.0,-1.0,0.0,,,cancelled,,,,,,,1778605237.686547
5273b4e4-2b4f-47fa-834f-bd0d84d237b0,0,3,7,324,2026-05-12T17:00:38.301402+00:00,order,cancel,bid,,484231d3-63ea-45a8-9bc8-68f3e07177b2,ede5b087-a2ea-49eb-9494-a67b961bfc79,54.0,1.0,-1.0,0.0,,,cancelled,,,,,,,1778605238.317373
5273b4e4-2b4f-47fa-834f-bd0d84d237b0,0,3,8,325,2026-05-12T17:00:40.899590+00:00,order,add,ask,,95febacc-d5ea-4aa9-8ffa-32e86b3ebc01,1893c9fa-143a-45ae-8599-dfedb6054045,70.0,1.0,1.0,1.0,1,1.0,active,,,,,,,1778605240.916716
5273b4e4-2b4f-47fa-834f-bd0d84d237b0,0,3,7,326,2026-05-12T17:00:44.778286+00:00,order,cancel,bid,,55439cae-f693-49a4-8490-42e123a67cbb,bc7d5ce5-ff5f-43da-8411-1cc4780872be,45.0,1.0,-1.0,0.0,,,cancelled,,,,,,,1778605244.794431
5273b4e4-2b4f-47fa-834f-bd0d84d237b0,0,3,8,327,2026-05-12T17:00:45.950818+00:00,order,add,bid,,f0de8757-7fcf-4a4b-8992-868ba29653a8,ede5b087-a2ea-49eb-9494-a67b961bfc79,40.0,1.0,1.0,1.0,2,2.0,active,,,,,,,1778605245.967851
5273b4e4-2b4f-47fa-834f-bd0d84d237b0,0,3,8,328,2026-05-12T17:00:46.186132+00:00,order,add,bid,,8bd1eaa5-ed8a-4b18-b00b-b1dedf43939d,4c5c436f-ca6c-40f1-9cb5-b8bc15205ad4,40.0,1.0,1.0,1.0,3,3.0,active,,,,,,,1778605246.203331
5273b4e4-2b4f-47fa-834f-bd0d84d237b0,0,3,8,329,2026-05-12T17:00:48.614288+00:00,order,add,bid,,677dd725-7517-41fe-95fc-0e0e5b527b11,ede5b087-a2ea-49eb-9494-a67b961bfc79,45.0,1.0,1.0,1.0,1,1.0,active,,,,,,,1778605248.631557
5273b4e4-2b4f-47fa-834f-bd0d84d237b0,0,3,8,330,2026-05-12T17:00:48.755444+00:00,order,add,bid,,a194af20-4fc7-4981-b424-72f7a7823b37,1893c9fa-143a-45ae-8599-dfedb6054045,55.0,1.0,1.0,1.0,1,1.0,active,,,,,,,1778605248.771012
5273b4e4-2b4f-47fa-834f-bd0d84d237b0,0,3,8,331,2026-05-12T17:00:50.853255+00:00,order,add,bid,,85719520-caea-4033-aaee-bbf506fe9f50,ede5b087-a2ea-49eb-9494-a67b961bfc79,44.0,1.0,1.0,1.0,1,1.0,active,,,,,,,1778605250.869793
5273b4e4-2b4f-47fa-834f-bd0d84d237b0,0,3,8,332,2026-05-12T17:00:50.905482+00:00,order,add,bid,,68cd5b90-2420-4bb6-a320-53ba65010594,bc7d5ce5-ff5f-43da-8411-1cc4780872be,42.0,1.0,1.0,1.0,1,1.0,active,,,,,,,1778605250.92054
5273b4e4-2b4f-47fa-834f-bd0d84d237b0,0,3,8,333,2026-05-12T17:00:51.217791+00:00,order,add,bid,,c2f6984a-01d4-498b-b8c7-51d1fe0d1fab,d00142cb-036c-42b2-986f-4d8449293679,50.0,1.0,1.0,1.0,6,6.0,active,,,,,,,1778605251.234911
5273b4e4-2b4f-47fa-834f-bd0d84d237b0,0,3,8,334,2026-05-12T17:00:52.209618+00:00,order,add,bid,,022e2391-de40-403e-b6ff-5501fa3cd9d8,4c5c436f-ca6c-40f1-9cb5-b8bc15205ad4,20.0,1.0,1.0,1.0,1,1.0,active,,,,,,,1778605252.225967
5273b4e4-2b4f-47fa-834f-bd0d84d237b0,0,3,8,335,2026-05-12T17:00:52.505465+00:00,order,add,ask,,47e56a69-eb89-41d5-8c7f-614791ea02db,18711e8c-d4a6-4e40-ac02-472f81cda568,78.0,1.0,1.0,1.0,1,1.0,active,,,,,,,1778605252.521836
5273b4e4-2b4f-47fa-834f-bd0d84d237b0,0,3,8,336,2026-05-12T17:00:53.421072+00:00,order,add,bid,,8f7eced5-a707-4226-81d6-f20944abe900,ede5b087-a2ea-49eb-9494-a67b961bfc79,43.0,1.0,1.0,1.0,1,1.0,active,,,,,,,1778605253.439994
5273b4e4-2b4f-47fa-834f-bd0d84d237b0,0,3,8,337,2026-05-12T17:00:55.785784+00:00,order,add,bid,,506fd0a0-be33-499c-9c96-9f0e5bdfd58e,d00142cb-036c-42b2-986f-4d8449293679,50.0,1.0,1.0,1.0,7,7.0,active,,,,,,,1778605255.803608
5273b4e4-2b4f-47fa-834f-bd0d84d237b0,0,3,8,338,2026-05-12T17:00:57.577698+00:00,order,add,ask,,0370a086-902b-4ced-8d05-adb163f1c6d1,18711e8c-d4a6-4e40-ac02-472f81cda568,77.0,1.0,1.0,1.0,1,1.0,active,,,,,,,1778605257.595027
520e90a9-5e9e-4bfa-8244-34e70674e93f,0,3,9,432,2026-05-12T17:00:58.478084+00:00,trade,trade,ask,S,,,66.0,1.0,,,,,,df56be89-56a6-4866-92af-da35d326b77e,,3c3228f4-9d26-4a33-9b34-783e03cf66df,5e21b93e-c958-40e9-8ffc-a3742ab56bd5,6b8a7a0e-6534-4c7f-ba8e-d90a38b5b936,1a600171-9cfa-44bf-a3d4-b7322acefe1a,1778605258.493806
520e90a9-5e9e-4bfa-8244-34e70674e93f,0,3,9,433,2026-05-12T17:00:58.496891+00:00,order,fill,ask,,5e21b93e-c958-40e9-8ffc-a3742ab56bd5,1a600171-9cfa-44bf-a3d4-b7322acefe1a,66.0,1.0,-1.0,0.0,,,executed,df56be89-56a6-4866-92af-da35d326b77e,3c3228f4-9d26-4a33-9b34-783e03cf66df,,,,,1778605258.511639
520e90a9-5e9e-4bfa-8244-34e70674e93f,0,3,9,434,2026-05-12T17:00:58.514441+00:00,order,fill,bid,,3c3228f4-9d26-4a33-9b34-783e03cf66df,6b8a7a0e-6534-4c7f-ba8e-d90a38b5b936,66.0,1.0,-1.0,0.0,,,executed,df56be89-56a6-4866-92af-da35d326b77e,5e21b93e-c958-40e9-8ffc-a3742ab56bd5,,,,,1778605258.529788
520e90a9-5e9e-4bfa-8244-34e70674e93f,0,3,9,435,2026-05-12T17:00:58.735657+00:00,order,add,ask,,eb93aa70-cb88-4d5b-8ee4-4e2cc7d4e71b,6b8a7a0e-6534-4c7f-ba8e-d90a38b5b936,69.0,1.0,1.0,1.0,2,2.0,active,,,,,,,1778605258.752213
5273b4e4-2b4f-47fa-834f-bd0d84d237b0,0,3,8,339,2026-05-12T17:00:59.133725+00:00,order,add,bid,,1a14b500-d973-4c11-bd71-863d47328a5a,ede5b087-a2ea-49eb-9494-a67b961bfc79,41.0,1.0,1.0,1.0,1,1.0,active,,,,,,,1778605259.151558
5273b4e4-2b4f-47fa-834f-bd0d84d237b0,0,3,8,340,2026-05-12T17:01:00.442394+00:00,order,add,bid,,c7b2c1c8-ce34-4449-a936-07d0798a5ce7,bc7d5ce5-ff5f-43da-8411-1cc4780872be,45.0,1.0,1.0,1.0,2,2.0,active,,,,,,,1778605260.459836
520e90a9-5e9e-4bfa-8244-34e70674e93f,0,3,9,436,2026-05-12T17:01:02.095911+00:00,order,add,bid,,9b0e3027-57a8-485b-b40b-5de11282221d,6b8a7a0e-6534-4c7f-ba8e-d90a38b5b936,60.0,1.0,1.0,1.0,1,1.0,active,,,,,,,1778605262.192387
520e90a9-5e9e-4bfa-8244-34e70674e93f,0,3,9,437,2026-05-12T17:01:02.732884+00:00,order,add,ask,,f01cbf9c-834f-421d-b321-f87470d271ec,1a600171-9cfa-44bf-a3d4-b7322acefe1a,66.0,1.0,1.0,1.0,1,1.0,active,,,,,,,1778605262.751588
5273b4e4-2b4f-47fa-834f-bd0d84d237b0,0,3,8,341,2026-05-12T17:01:03.058189+00:00,order,add,ask,,8d19f51b-6ed2-4351-bd64-ba45b38ec4de,18711e8c-d4a6-4e40-ac02-472f81cda568,76.0,1.0,1.0,1.0,1,1.0,active,,,,,,,1778605263.106092
520e90a9-5e9e-4bfa-8244-34e70674e93f,0,3,9,438,2026-05-12T17:01:04.239236+00:00,trade,trade,bid,B,,,66.0,1.0,,,,,,8901d18f-1246-4447-bf42-d1dd6a8580af,,f27d46b1-c229-48fa-a239-fa8c6861ac24,f01cbf9c-834f-421d-b321-f87470d271ec,a7efec93-ac3e-45ce-84ac-eb2844742dd5,1a600171-9cfa-44bf-a3d4-b7322acefe1a,1778605264.257317
520e90a9-5e9e-4bfa-8244-34e70674e93f,0,3,9,439,2026-05-12T17:01:04.260625+00:00,order,fill,ask,,f01cbf9c-834f-421d-b321-f87470d271ec,1a600171-9cfa-44bf-a3d4-b7322acefe1a,66.0,1.0,-1.0,0.0,,,executed,8901d18f-1246-4447-bf42-d1dd6a8580af,f27d46b1-c229-48fa-a239-fa8c6861ac24,,,,,1778605264.277863
520e90a9-5e9e-4bfa-8244-34e70674e93f,0,3,9,440,2026-05-12T17:01:04.280772+00:00,order,fill,bid,,f27d46b1-c229-48fa-a239-fa8c6861ac24,a7efec93-ac3e-45ce-84ac-eb2844742dd5,67.5,1.0,-1.0,0.0,,,executed,8901d18f-1246-4447-bf42-d1dd6a8580af,f01cbf9c-834f-421d-b321-f87470d271ec,,,,,1778605264.2972
5273b4e4-2b4f-47fa-834f-bd0d84d237b0,0,3,8,342,2026-05-12T17:01:05.668492+00:00,order,add,ask,,82c9731b-ba08-4662-9e96-b33c95015357,1893c9fa-143a-45ae-8599-dfedb6054045,67.0,1.0,1.0,1.0,1,1.0,active,,,,,,,1778605265.685217
520e90a9-5e9e-4bfa-8244-34e70674e93f,0,3,9,441,2026-05-12T17:01:07.316616+00:00,order,add,ask,,f462bc83-63c7-4f69-bf6b-4dfab12d8def,1a600171-9cfa-44bf-a3d4-b7322acefe1a,66.0,1.0,1.0,1.0,1,1.0,active,,,,,,,1778605267.333156
5273b4e4-2b4f-47fa-834f-bd0d84d237b0,0,3,8,343,2026-05-12T17:01:08.249540+00:00,order,add,ask,,d673dd5d-66e4-4934-ab6a-c27e68cb130a,4c5c436f-ca6c-40f1-9cb5-b8bc15205ad4,70.0,1.0,1.0,1.0,2,2.0,active,,,,,,,1778605268.266981
520e90a9-5e9e-4bfa-8244-34e70674e93f,0,3,9,442,2026-05-12T17:01:08.877409+00:00,order,add,bid,,9d2843ad-3473-4488-9c66-caafa10a7342,c9677d60-b255-4563-955c-c09e7b64f2df,57.0,1.0,1.0,1.0,1,1.0,active,,,,,,,1778605268.893376
520e90a9-5e9e-4bfa-8244-34e70674e93f,0,3,9,443,2026-05-12T17:01:09.608428+00:00,order,add,ask,,8f073f87-5531-4eaa-8baf-be7768059f45,6b8a7a0e-6534-4c7f-ba8e-d90a38b5b936,65.0,1.0,1.0,1.0,1,1.0,active,,,,,,,1778605269.624502
520e90a9-5e9e-4bfa-8244-34e70674e93f,0,3,8,444,2026-05-12T17:01:10.785572+00:00,order,cancel,ask,,bb211fe2-4d83-4399-af6b-b2d1a80eeca0,6b8a7a0e-6534-4c7f-ba8e-d90a38b5b936,70.3,1.0,-1.0,0.0,,,cancelled,,,,,,,1778605270.803556
5273b4e4-2b4f-47fa-834f-bd0d84d237b0,0,3,8,344,2026-05-12T17:01:11.098454+00:00,trade,trade,ask,S,,,60.0,1.0,,,,,,bdff0e0d-19e7-4e1b-89c8-b75ef45c18ef,,e7a1614c-0d20-46eb-b498-a42e13a4e965,ad817e8a-e4fa-4b15-aac3-129ee2f7ab30,d00142cb-036c-42b2-986f-4d8449293679,bc7d5ce5-ff5f-43da-8411-1cc4780872be,1778605271.115025
5273b4e4-2b4f-47fa-834f-bd0d84d237b0,0,3,8,345,2026-05-12T17:01:11.118152+00:00,order,fill,ask,,ad817e8a-e4fa-4b15-aac3-129ee2f7ab30,bc7d5ce5-ff5f-43da-8411-1cc4780872be,60.0,1.0,-1.0,0.0,,,executed,bdff0e0d-19e7-4e1b-89c8-b75ef45c18ef,e7a1614c-0d20-46eb-b498-a42e13a4e965,,,,,1778605271.132781
5273b4e4-2b4f-47fa-834f-bd0d84d237b0,0,3,8,346,2026-05-12T17:01:11.135607+00:00,order,fill,bid,,e7a1614c-0d20-46eb-b498-a42e13a4e965,d00142cb-036c-42b2-986f-4d8449293679,60.0,1.0,-1.0,0.0,,,executed,bdff0e0d-19e7-4e1b-89c8-b75ef45c18ef,ad817e8a-e4fa-4b15-aac3-129ee2f7ab30,,,,,1778605271.150525
520e90a9-5e9e-4bfa-8244-34e70674e93f,0,3,8,445,2026-05-12T17:01:11.591931+00:00,order,cancel,ask,,819a83ab-a933-4d0a-b65d-fa891d4f8241,6b8a7a0e-6534-4c7f-ba8e-d90a38b5b936,71.0,1.0,-1.0,0.0,,,cancelled,,,,,,,1778605271.607358
520e90a9-5e9e-4bfa-8244-34e70674e93f,0,3,9,446,2026-05-12T17:01:12.259870+00:00,order,add,ask,,fb89e1aa-a468-4813-97f6-4eb766ad1f52,1a600171-9cfa-44bf-a3d4-b7322acefe1a,64.5,1.0,1.0,1.0,1,1.0,active,,,,,,,1778605272.277259
5273b4e4-2b4f-47fa-834f-bd0d84d237b0,0,3,8,347,2026-05-12T17:01:13.082294+00:00,order,add,ask,,2a23284d-2d45-427f-90bf-267d002354f4,bc7d5ce5-ff5f-43da-8411-1cc4780872be,63.5,1.0,1.0,1.0,1,1.0,active,,,,,,,1778605273.099118
520e90a9-5e9e-4bfa-8244-34e70674e93f,0,3,9,447,2026-05-12T17:01:14.601018+00:00,order,add,ask,,322c4076-140d-4d94-8f48-ded2f944b2d3,6b8a7a0e-6534-4c7f-ba8e-d90a38b5b936,63.0,1.0,1.0,1.0,1,1.0,active,,,,,,,1778605274.617596
520e90a9-5e9e-4bfa-8244-34e70674e93f,0,3,9,448,2026-05-12T17:01:15.199085+00:00,trade,trade,bid,B,,,63.0,1.0,,,,,,a68a0881-3d44-479b-b13b-ff38191471b3,,7caed9ff-c7d6-44b0-ab80-66a0aef6484b,322c4076-140d-4d94-8f48-ded2f944b2d3,a7efec93-ac3e-45ce-84ac-eb2844742dd5,6b8a7a0e-6534-4c7f-ba8e-d90a38b5b936,1778605275.215525
520e90a9-5e9e-4bfa-8244-34e70674e93f,0,3,9,449,2026-05-12T17:01:15.218577+00:00,order,fill,ask,,322c4076-140d-4d94-8f48-ded2f944b2d3,6b8a7a0e-6534-4c7f-ba8e-d90a38b5b936,63.0,1.0,-1.0,0.0,,,executed,a68a0881-3d44-479b-b13b-ff38191471b3,7caed9ff-c7d6-44b0-ab80-66a0aef6484b,,,,,1778605275.234542
520e90a9-5e9e-4bfa-8244-34e70674e93f,0,3,9,450,2026-05-12T17:01:15.238111+00:00,order,fill,bid,,7caed9ff-c7d6-44b0-ab80-66a0aef6484b,a7efec93-ac3e-45ce-84ac-eb2844742dd5,63.0,1.0,-1.0,0.0,,,executed,a68a0881-3d44-479b-b13b-ff38191471b3,322c4076-140d-4d94-8f48-ded2f944b2d3,,,,,1778605275.253649
5273b4e4-2b4f-47fa-834f-bd0d84d237b0,0,3,8,348,2026-05-12T17:01:15.721703+00:00,order,add,ask,,8d371ecd-63f7-46d8-8d0e-19fd8f4eb7ca,18711e8c-d4a6-4e40-ac02-472f81cda568,77.0,1.0,1.0,1.0,2,2.0,active,,,,,,,1778605275.738982
5273b4e4-2b4f-47fa-834f-bd0d84d237b0,0,3,8,349,2026-05-12T17:01:18.346242+00:00,order,add,bid,,5c8858be-3271-4b50-99e7-5dea7793826d,d00142cb-036c-42b2-986f-4d8449293679,20.0,1.0,1.0,1.0,2,2.0,active,,,,,,,1778605278.36422
520e90a9-5e9e-4bfa-8244-34e70674e93f,0,3,9,451,2026-05-12T17:01:18.545065+00:00,order,add,ask,,e1fa1eab-8be3-472f-9edc-0b7a74af5999,6b8a7a0e-6534-4c7f-ba8e-d90a38b5b936,62.25,1.0,1.0,1.0,1,1.0,active,,,,,,,1778605278.561412
520e90a9-5e9e-4bfa-8244-34e70674e93f,0,3,9,452,2026-05-12T17:01:19.976590+00:00,order,cancel,ask,,8f073f87-5531-4eaa-8baf-be7768059f45,6b8a7a0e-6534-4c7f-ba8e-d90a38b5b936,65.0,1.0,-1.0,0.0,,,cancelled,,,,,,,1778605279.992617
520e90a9-5e9e-4bfa-8244-34e70674e93f,0,3,9,453,2026-05-12T17:01:20.665244+00:00,order,cancel,ask,,eb93aa70-cb88-4d5b-8ee4-4e2cc7d4e71b,6b8a7a0e-6534-4c7f-ba8e-d90a38b5b936,69.0,1.0,-1.0,0.0,,,cancelled,,,,,,,1778605280.681896
5273b4e4-2b4f-47fa-834f-bd0d84d237b0,0,3,8,350,2026-05-12T17:01:22.065547+00:00,order,add,bid,,a63a81b0-3e21-470d-91b2-33b15d43669e,d00142cb-036c-42b2-986f-4d8449293679,32.0,1.0,1.0,1.0,2,2.0,active,,,,,,,1778605282.082234
5273b4e4-2b4f-47fa-834f-bd0d84d237b0,0,3,8,351,2026-05-12T17:01:22.144600+00:00,trade,trade,ask,S,,,60.0,1.0,,,,,,8bab27fb-529d-494b-990d-bd3478aa0633,,228f892d-61b2-464d-9dd6-5654581a071f,b6d8d89e-7440-427a-a4d8-920fefb08084,d00142cb-036c-42b2-986f-4d8449293679,bc7d5ce5-ff5f-43da-8411-1cc4780872be,1778605282.161189
5273b4e4-2b4f-47fa-834f-bd0d84d237b0,0,3,8,352,2026-05-12T17:01:22.164682+00:00,order,fill,ask,,b6d8d89e-7440-427a-a4d8-920fefb08084,bc7d5ce5-ff5f-43da-8411-1cc4780872be,60.0,1.0,-1.0,0.0,,,executed,8bab27fb-529d-494b-990d-bd3478aa0633,228f892d-61b2-464d-9dd6-5654581a071f,,,,,1778605282.180179
5273b4e4-2b4f-47fa-834f-bd0d84d237b0,0,3,8,353,2026-05-12T17:01:22.182946+00:00,order,fill,bid,,228f892d-61b2-464d-9dd6-5654581a071f,d00142cb-036c-42b2-986f-4d8449293679,60.0,1.0,-1.0,0.0,,,executed,8bab27fb-529d-494b-990d-bd3478aa0633,b6d8d89e-7440-427a-a4d8-920fefb08084,,,,,1778605282.19815
5273b4e4-2b4f-47fa-834f-bd0d84d237b0,0,3,8,354,2026-05-12T17:01:23.041787+00:00,order,add,ask,,06a2b13e-377c-4d96-a4f1-c680ce64a205,4c5c436f-ca6c-40f1-9cb5-b8bc15205ad4,63.5,1.0,1.0,1.0,2,2.0,active,,,,,,,1778605283.059382
5273b4e4-2b4f-47fa-834f-bd0d84d237b0,0,3,8,355,2026-05-12T17:01:24.372715+00:00,order,add,ask,,d7c966d8-7c49-4994-acd7-5450f092bc23,1893c9fa-143a-45ae-8599-dfedb6054045,63.4,1.0,1.0,1.0,1,1.0,active,,,,,,,1778605284.390892
520e90a9-5e9e-4bfa-8244-34e70674e93f,0,3,9,454,2026-05-12T17:01:25.302224+00:00,order,cancel,bid,,9d2843ad-3473-4488-9c66-caafa10a7342,c9677d60-b255-4563-955c-c09e7b64f2df,57.0,1.0,-1.0,0.0,,,cancelled,,,,,,,1778605285.319686
520e90a9-5e9e-4bfa-8244-34e70674e93f,0,3,9,455,2026-05-12T17:01:25.613724+00:00,order,cancel,ask,,fb89e1aa-a468-4813-97f6-4eb766ad1f52,1a600171-9cfa-44bf-a3d4-b7322acefe1a,64.5,1.0,-1.0,0.0,,,cancelled,,,,,,,1778605285.631097
5273b4e4-2b4f-47fa-834f-bd0d84d237b0,0,3,8,356,2026-05-12T17:01:26.131619+00:00,order,add,bid,,25edffee-e8b2-49cc-8a88-3ff7da72d4f8,d00142cb-036c-42b2-986f-4d8449293679,40.0,1.0,1.0,1.0,4,4.0,active,,,,,,,1778605286.148411
520e90a9-5e9e-4bfa-8244-34e70674e93f,0,3,9,456,2026-05-12T17:01:26.285573+00:00,order,add,ask,,6a5944d8-4032-4459-a81b-f98f038df156,a7efec93-ac3e-45ce-84ac-eb2844742dd5,64.0,1.0,1.0,1.0,1,1.0,active,,,,,,,1778605286.302036
5273b4e4-2b4f-47fa-834f-bd0d84d237b0,0,3,8,357,2026-05-12T17:01:26.444622+00:00,order,cancel,ask,,95febacc-d5ea-4aa9-8ffa-32e86b3ebc01,1893c9fa-143a-45ae-8599-dfedb6054045,70.0,1.0,-1.0,0.0,,,cancelled,,,,,,,1778605286.461559
520e90a9-5e9e-4bfa-8244-34e70674e93f,0,3,8,457,2026-05-12T17:01:27.209094+00:00,order,cancel,ask,,2bfefb39-d1c3-4e52-81b3-cf05bc17109a,cb46e42c-c695-4491-ae41-767eb4004474,69.0,1.0,-1.0,0.0,,,cancelled,,,,,,,1778605287.225035
520e90a9-5e9e-4bfa-8244-34e70674e93f,0,3,9,458,2026-05-12T17:01:28.476397+00:00,order,add,bid,,3057af9b-7506-416f-a9c2-c88a82a09e32,c9677d60-b255-4563-955c-c09e7b64f2df,55.0,1.0,1.0,1.0,1,1.0,active,,,,,,,1778605288.492788
520e90a9-5e9e-4bfa-8244-34e70674e93f,0,3,9,459,2026-05-12T17:01:28.516999+00:00,trade,trade,bid,B,,,62.25,1.0,,,,,,9e294b7b-1191-437a-9fe0-8e2b4b3996e7,,f4837a32-956d-446d-9a05-d9be9e130245,e1fa1eab-8be3-472f-9edc-0b7a74af5999,a7efec93-ac3e-45ce-84ac-eb2844742dd5,6b8a7a0e-6534-4c7f-ba8e-d90a38b5b936,1778605288.533781
520e90a9-5e9e-4bfa-8244-34e70674e93f,0,3,9,460,2026-05-12T17:01:28.536790+00:00,order,fill,ask,,e1fa1eab-8be3-472f-9edc-0b7a74af5999,6b8a7a0e-6534-4c7f-ba8e-d90a38b5b936,62.25,1.0,-1.0,0.0,,,executed,9e294b7b-1191-437a-9fe0-8e2b4b3996e7,f4837a32-956d-446d-9a05-d9be9e130245,,,,,1778605288.552213
520e90a9-5e9e-4bfa-8244-34e70674e93f,0,3,9,461,2026-05-12T17:01:28.555142+00:00,order,fill,bid,,f4837a32-956d-446d-9a05-d9be9e130245,a7efec93-ac3e-45ce-84ac-eb2844742dd5,62.25,1.0,-1.0,0.0,,,executed,9e294b7b-1191-437a-9fe0-8e2b4b3996e7,e1fa1eab-8be3-472f-9edc-0b7a74af5999,,,,,1778605288.57035
520e90a9-5e9e-4bfa-8244-34e70674e93f,0,3,9,462,2026-05-12T17:01:28.795571+00:00,trade,trade,ask,S,,,60.0,1.0,,,,,,dccdbb9e-c7f0-42f9-880b-5dc7c0da4dcd,,9b0e3027-57a8-485b-b40b-5de11282221d,92ea8be1-6417-4fce-b73e-bcc9de9a0956,6b8a7a0e-6534-4c7f-ba8e-d90a38b5b936,5e6b5ec7-66f5-446f-b458-3b18596521a3,1778605288.811654
520e90a9-5e9e-4bfa-8244-34e70674e93f,0,3,9,463,2026-05-12T17:01:28.814749+00:00,order,fill,ask,,92ea8be1-6417-4fce-b73e-bcc9de9a0956,5e6b5ec7-66f5-446f-b458-3b18596521a3,60.0,1.0,-1.0,0.0,,,executed,dccdbb9e-c7f0-42f9-880b-5dc7c0da4dcd,9b0e3027-57a8-485b-b40b-5de11282221d,,,,,1778605288.829953
520e90a9-5e9e-4bfa-8244-34e70674e93f,0,3,9,464,2026-05-12T17:01:28.833195+00:00,order,fill,bid,,9b0e3027-57a8-485b-b40b-5de11282221d,6b8a7a0e-6534-4c7f-ba8e-d90a38b5b936,60.0,1.0,-1.0,0.0,,,executed,dccdbb9e-c7f0-42f9-880b-5dc7c0da4dcd,92ea8be1-6417-4fce-b73e-bcc9de9a0956,,,,,1778605288.848932
520e90a9-5e9e-4bfa-8244-34e70674e93f,0,3,9,465,2026-05-12T17:01:32.055758+00:00,order,add,bid,,57218dae-59d5-4d03-af13-c222cb37c0ff,6b8a7a0e-6534-4c7f-ba8e-d90a38b5b936,56.0,1.0,1.0,1.0,1,1.0,active,,,,,,,1778605292.07213
520e90a9-5e9e-4bfa-8244-34e70674e93f,0,3,9,466,2026-05-12T17:01:32.680335+00:00,order,add,ask,,57ad3b76-4a46-4935-89b5-4d83012bb1bb,cb46e42c-c695-4491-ae41-767eb4004474,62.0,1.0,1.0,1.0,1,1.0,active,,,,,,,1778605292.697621
520e90a9-5e9e-4bfa-8244-34e70674e93f,0,3,9,467,2026-05-12T17:01:33.684782+00:00,order,add,ask,,01b266c5-102a-482d-8c8e-b16c45e3275d,1a600171-9cfa-44bf-a3d4-b7322acefe1a,63.0,1.0,1.0,1.0,1,1.0,active,,,,,,,1778605293.705243
520e90a9-5e9e-4bfa-8244-34e70674e93f,0,3,9,468,2026-05-12T17:01:36.616371+00:00,order,add,ask,,bb9b08f3-a846-4136-8742-b752f675ce29,6b8a7a0e-6534-4c7f-ba8e-d90a38b5b936,63.0,1.0,1.0,1.0,2,2.0,active,,,,,,,1778605296.632562
520e90a9-5e9e-4bfa-8244-34e70674e93f,0,3,9,469,2026-05-12T17:01:36.725687+00:00,order,add,bid,,18479132-c436-4a1f-b44d-70d85aa05a29,c9677d60-b255-4563-955c-c09e7b64f2df,51.0,1.0,1.0,1.0,1,1.0,active,,,,,,,1778605296.741921
520e90a9-5e9e-4bfa-8244-34e70674e93f,0,3,9,470,2026-05-12T17:01:38.535201+00:00,order,cancel,bid,,3057af9b-7506-416f-a9c2-c88a82a09e32,c9677d60-b255-4563-955c-c09e7b64f2df,55.0,1.0,-1.0,0.0,,,cancelled,,,,,,,1778605298.552173
520e90a9-5e9e-4bfa-8244-34e70674e93f,0,3,9,471,2026-05-12T17:01:38.840364+00:00,order,add,ask,,721b58fd-bc96-404e-a176-46357da43db7,6b8a7a0e-6534-4c7f-ba8e-d90a38b5b936,61.0,1.0,1.0,1.0,1,1.0,active,,,,,,,1778605298.857754
520e90a9-5e9e-4bfa-8244-34e70674e93f,0,3,9,472,2026-05-12T17:01:39.928948+00:00,order,cancel,ask,,bb9b08f3-a846-4136-8742-b752f675ce29,6b8a7a0e-6534-4c7f-ba8e-d90a38b5b936,63.0,1.0,-1.0,0.0,,,cancelled,,,,,,,1778605299.945372
520e90a9-5e9e-4bfa-8244-34e70674e93f,0,3,8,473,2026-05-12T17:01:40.364553+00:00,order,cancel,ask,,97fd8caf-6b04-4973-bffc-830a68f55fc3,1a600171-9cfa-44bf-a3d4-b7322acefe1a,71.0,1.0,-1.0,0.0,,,cancelled,,,,,,,1778605300.380979
520e90a9-5e9e-4bfa-8244-34e70674e93f,0,3,8,474,2026-05-12T17:01:40.964939+00:00,order,cancel,ask,,21d4e49f-c1bb-4e51-b048-24d11d5a3de9,1a600171-9cfa-44bf-a3d4-b7322acefe1a,70.4,1.0,-1.0,0.0,,,cancelled,,,,,,,1778605300.981693
520e90a9-5e9e-4bfa-8244-34e70674e93f,0,3,8,475,2026-05-12T17:01:41.460739+00:00,order,cancel,ask,,397b6151-27e4-4b14-8a8d-9a33f80201bb,1a600171-9cfa-44bf-a3d4-b7322acefe1a,69.9,1.0,-1.0,0.0,,,cancelled,,,,,,,1778605301.476788
520e90a9-5e9e-4bfa-8244-34e70674e93f,0,3,9,476,2026-05-12T17:01:42.238593+00:00,order,add,ask,,3c572393-d361-4c1d-814a-c44078995fbb,a7efec93-ac3e-45ce-84ac-eb2844742dd5,60.0,1.0,1.0,1.0,1,1.0,active,,,,,,,1778605302.254867
5273b4e4-2b4f-47fa-834f-bd0d84d237b0,0,3,8,358,2026-05-12T17:01:42.574286+00:00,order,cancel,ask,,d7c966d8-7c49-4994-acd7-5450f092bc23,1893c9fa-143a-45ae-8599-dfedb6054045,63.4,1.0,-1.0,0.0,,,cancelled,,,,,,,1778605302.591922
5273b4e4-2b4f-47fa-834f-bd0d84d237b0,0,3,8,359,2026-05-12T17:01:42.766157+00:00,order,cancel,bid,,677dd725-7517-41fe-95fc-0e0e5b527b11,ede5b087-a2ea-49eb-9494-a67b961bfc79,45.0,1.0,-1.0,0.0,,,cancelled,,,,,,,1778605302.781345
5273b4e4-2b4f-47fa-834f-bd0d84d237b0,0,3,8,360,2026-05-12T17:01:43.517658+00:00,order,cancel,bid,,a194af20-4fc7-4981-b424-72f7a7823b37,1893c9fa-143a-45ae-8599-dfedb6054045,55.0,1.0,-1.0,0.0,,,cancelled,,,,,,,1778605303.534528
5273b4e4-2b4f-47fa-834f-bd0d84d237b0,0,3,8,361,2026-05-12T17:01:43.668767+00:00,order,cancel,bid,,8f7eced5-a707-4226-81d6-f20944abe900,ede5b087-a2ea-49eb-9494-a67b961bfc79,43.0,1.0,-1.0,0.0,,,cancelled,,,,,,,1778605303.685204
520e90a9-5e9e-4bfa-8244-34e70674e93f,0,3,7,477,2026-05-12T17:01:43.709518+00:00,order,cancel,ask,,a8353988-ceca-4357-bff6-c233269cfed8,1a600171-9cfa-44bf-a3d4-b7322acefe1a,76.0,1.0,-1.0,0.0,,,cancelled,,,,,,,1778605303.725147
520e90a9-5e9e-4bfa-8244-34e70674e93f,0,3,9,478,2026-05-12T17:01:44.296124+00:00,order,add,ask,,3262dd45-8b04-4dd4-85e5-c297e2088122,6b8a7a0e-6534-4c7f-ba8e-d90a38b5b936,59.0,1.0,1.0,1.0,1,1.0,active,,,,,,,1778605304.313434
5273b4e4-2b4f-47fa-834f-bd0d84d237b0,0,3,8,362,2026-05-12T17:01:44.373118+00:00,order,cancel,ask,,82c9731b-ba08-4662-9e96-b33c95015357,1893c9fa-143a-45ae-8599-dfedb6054045,67.0,1.0,-1.0,0.0,,,cancelled,,,,,,,1778605304.38922
5273b4e4-2b4f-47fa-834f-bd0d84d237b0,0,3,8,363,2026-05-12T17:01:44.491077+00:00,order,cancel,bid,,c7b2c1c8-ce34-4449-a936-07d0798a5ce7,bc7d5ce5-ff5f-43da-8411-1cc4780872be,45.0,1.0,-1.0,0.0,,,cancelled,,,,,,,1778605304.507596
5273b4e4-2b4f-47fa-834f-bd0d84d237b0,0,3,8,364,2026-05-12T17:01:44.544086+00:00,order,cancel,bid,,85719520-caea-4033-aaee-bbf506fe9f50,ede5b087-a2ea-49eb-9494-a67b961bfc79,44.0,1.0,-1.0,0.0,,,cancelled,,,,,,,1778605304.56014
5273b4e4-2b4f-47fa-834f-bd0d84d237b0,0,3,8,365,2026-05-12T17:01:45.397147+00:00,order,cancel,bid,,1a14b500-d973-4c11-bd71-863d47328a5a,ede5b087-a2ea-49eb-9494-a67b961bfc79,41.0,1.0,-1.0,0.0,,,cancelled,,,,,,,1778605305.413593
520e90a9-5e9e-4bfa-8244-34e70674e93f,0,3,9,479,2026-05-12T17:01:45.541483+00:00,order,cancel,ask,,721b58fd-bc96-404e-a176-46357da43db7,6b8a7a0e-6534-4c7f-ba8e-d90a38b5b936,61.0,1.0,-1.0,0.0,,,cancelled,,,,,,,1778605305.558214
5273b4e4-2b4f-47fa-834f-bd0d84d237b0,0,3,8,366,2026-05-12T17:01:45.786308+00:00,order,cancel,bid,,68cd5b90-2420-4bb6-a320-53ba65010594,bc7d5ce5-ff5f-43da-8411-1cc4780872be,42.0,1.0,-1.0,0.0,,,cancelled,,,,,,,1778605305.80258
5273b4e4-2b4f-47fa-834f-bd0d84d237b0,0,3,9,367,2026-05-12T17:01:46.497485+00:00,order,add,bid,,486007f9-7ad0-4d75-abd1-9ae4be3c252d,d00142cb-036c-42b2-986f-4d8449293679,41.0,1.0,1.0,1.0,1,1.0,active,,,,,,,1778605306.515356
5273b4e4-2b4f-47fa-834f-bd0d84d237b0,0,3,8,368,2026-05-12T17:01:46.612095+00:00,order,cancel,bid,,f0de8757-7fcf-4a4b-8992-868ba29653a8,ede5b087-a2ea-49eb-9494-a67b961bfc79,40.0,1.0,-1.0,0.0,,,cancelled,,,,,,,1778605306.628004
5273b4e4-2b4f-47fa-834f-bd0d84d237b0,0,3,8,369,2026-05-12T17:01:46.762125+00:00,order,cancel,ask,,06a2b13e-377c-4d96-a4f1-c680ce64a205,4c5c436f-ca6c-40f1-9cb5-b8bc15205ad4,63.5,1.0,-1.0,0.0,,,cancelled,,,,,,,1778605306.778313
520e90a9-5e9e-4bfa-8244-34e70674e93f,0,3,9,480,2026-05-12T17:01:47.121434+00:00,trade,trade,ask,S,,,56.0,1.0,,,,,,80804e4a-451e-4428-90ff-5f9ffe766875,,57218dae-59d5-4d03-af13-c222cb37c0ff,9750a591-33ef-4ec5-988b-25fe3dfeeb7d,6b8a7a0e-6534-4c7f-ba8e-d90a38b5b936,cb46e42c-c695-4491-ae41-767eb4004474,1778605307.137708
520e90a9-5e9e-4bfa-8244-34e70674e93f,0,3,9,481,2026-05-12T17:01:47.140831+00:00,order,fill,ask,,9750a591-33ef-4ec5-988b-25fe3dfeeb7d,cb46e42c-c695-4491-ae41-767eb4004474,56.0,1.0,-1.0,0.0,,,executed,80804e4a-451e-4428-90ff-5f9ffe766875,57218dae-59d5-4d03-af13-c222cb37c0ff,,,,,1778605307.157127
520e90a9-5e9e-4bfa-8244-34e70674e93f,0,3,9,482,2026-05-12T17:01:47.160146+00:00,order,fill,bid,,57218dae-59d5-4d03-af13-c222cb37c0ff,6b8a7a0e-6534-4c7f-ba8e-d90a38b5b936,56.0,1.0,-1.0,0.0,,,executed,80804e4a-451e-4428-90ff-5f9ffe766875,9750a591-33ef-4ec5-988b-25fe3dfeeb7d,,,,,1778605307.17558
5273b4e4-2b4f-47fa-834f-bd0d84d237b0,0,3,9,370,2026-05-12T17:01:49.076510+00:00,order,add,bid,,9155c8a4-e192-4813-bb3d-4c7853e96709,1893c9fa-143a-45ae-8599-dfedb6054045,47.0,1.0,1.0,1.0,1,1.0,active,,,,,,,1778605309.093589
520e90a9-5e9e-4bfa-8244-34e70674e93f,0,3,9,483,2026-05-12T17:01:50.121425+00:00,order,cancel,ask,,57ad3b76-4a46-4935-89b5-4d83012bb1bb,cb46e42c-c695-4491-ae41-767eb4004474,62.0,1.0,-1.0,0.0,,,cancelled,,,,,,,1778605310.137301
520e90a9-5e9e-4bfa-8244-34e70674e93f,0,3,9,484,2026-05-12T17:01:51.552666+00:00,order,add,bid,,ff5f0a58-c67c-4667-af85-68c44119730c,6b8a7a0e-6534-4c7f-ba8e-d90a38b5b936,52.0,1.0,1.0,1.0,1,1.0,active,,,,,,,1778605311.568354
520e90a9-5e9e-4bfa-8244-34e70674e93f,0,3,9,485,2026-05-12T17:01:52.150391+00:00,order,add,bid,,0854a39e-a61c-46fe-a3a0-c85cb709fa04,a7efec93-ac3e-45ce-84ac-eb2844742dd5,58.0,1.0,1.0,1.0,1,1.0,active,,,,,,,1778605312.16602
5273b4e4-2b4f-47fa-834f-bd0d84d237b0,0,3,9,371,2026-05-12T17:01:52.857599+00:00,order,add,ask,,552fcbd7-2b9d-4c3e-a5a8-4cf20684cdc8,18711e8c-d4a6-4e40-ac02-472f81cda568,77.0,1.0,1.0,1.0,3,3.0,active,,,,,,,1778605312.87454
5273b4e4-2b4f-47fa-834f-bd0d84d237b0,0,3,9,372,2026-05-12T17:01:53.994923+00:00,trade,trade,ask,S,,,60.0,1.0,,,,,,d9d72368-7936-4a6a-b393-0c6ad0973670,,d8df0c69-ff60-488f-952e-d93cf97bd233,5cda30e3-de89-4f83-8262-3e0411780c16,d00142cb-036c-42b2-986f-4d8449293679,bc7d5ce5-ff5f-43da-8411-1cc4780872be,1778605314.01164
5273b4e4-2b4f-47fa-834f-bd0d84d237b0,0,3,9,373,2026-05-12T17:01:54.014953+00:00,order,fill,ask,,5cda30e3-de89-4f83-8262-3e0411780c16,bc7d5ce5-ff5f-43da-8411-1cc4780872be,60.0,1.0,-1.0,0.0,,,executed,d9d72368-7936-4a6a-b393-0c6ad0973670,d8df0c69-ff60-488f-952e-d93cf97bd233,,,,,1778605314.031616
5273b4e4-2b4f-47fa-834f-bd0d84d237b0,0,3,9,374,2026-05-12T17:01:54.034407+00:00,order,fill,bid,,d8df0c69-ff60-488f-952e-d93cf97bd233,d00142cb-036c-42b2-986f-4d8449293679,60.0,1.0,-1.0,0.0,,,executed,d9d72368-7936-4a6a-b393-0c6ad0973670,5cda30e3-de89-4f83-8262-3e0411780c16,,,,,1778605314.04925
5273b4e4-2b4f-47fa-834f-bd0d84d237b0,0,3,9,375,2026-05-12T17:01:54.730970+00:00,order,add,bid,,8e8623f8-4d5d-4afb-94da-702739525304,d00142cb-036c-42b2-986f-4d8449293679,47.0,1.0,1.0,1.0,2,2.0,active,,,,,,,1778605314.747423
5273b4e4-2b4f-47fa-834f-bd0d84d237b0,0,3,9,376,2026-05-12T17:01:54.984955+00:00,order,add,ask,,8ef3a7df-113c-4568-b02c-6a90f1aa0243,bc7d5ce5-ff5f-43da-8411-1cc4780872be,61.75,1.0,1.0,1.0,1,1.0,active,,,,,,,1778605315.002288
5273b4e4-2b4f-47fa-834f-bd0d84d237b0,0,3,9,377,2026-05-12T17:01:59.305225+00:00,trade,trade,ask,S,,,60.0,1.0,,,,,,8ef36dee-f033-42ff-ae19-9908d4cc2239,,6d3f2bed-d1f4-4b6d-b7c3-4cdce559eed1,7d3f8a8a-8fca-4fcf-81b6-5df02b51b64f,d00142cb-036c-42b2-986f-4d8449293679,bc7d5ce5-ff5f-43da-8411-1cc4780872be,1778605319.322329
5273b4e4-2b4f-47fa-834f-bd0d84d237b0,0,3,9,378,2026-05-12T17:01:59.325512+00:00,order,fill,ask,,7d3f8a8a-8fca-4fcf-81b6-5df02b51b64f,bc7d5ce5-ff5f-43da-8411-1cc4780872be,60.0,1.0,-1.0,0.0,,,executed,8ef36dee-f033-42ff-ae19-9908d4cc2239,6d3f2bed-d1f4-4b6d-b7c3-4cdce559eed1,,,,,1778605319.341602
5273b4e4-2b4f-47fa-834f-bd0d84d237b0,0,3,9,379,2026-05-12T17:01:59.344694+00:00,order,fill,bid,,6d3f2bed-d1f4-4b6d-b7c3-4cdce559eed1,d00142cb-036c-42b2-986f-4d8449293679,60.0,1.0,-1.0,0.0,,,executed,8ef36dee-f033-42ff-ae19-9908d4cc2239,7d3f8a8a-8fca-4fcf-81b6-5df02b51b64f,,,,,1778605319.36058
5273b4e4-2b4f-47fa-834f-bd0d84d237b0,0,3,9,380,2026-05-12T17:01:59.922503+00:00,order,add,ask,,5e63d91a-4a60-4070-8999-8d291d967dc4,18711e8c-d4a6-4e40-ac02-472f81cda568,71.0,1.0,1.0,1.0,1,1.0,active,,,,,,,1778605319.939617
5273b4e4-2b4f-47fa-834f-bd0d84d237b0,0,3,9,381,2026-05-12T17:02:01.386144+00:00,order,add,ask,,136bbd4f-f75d-4909-8a86-60dd58fbf5df,bc7d5ce5-ff5f-43da-8411-1cc4780872be,60.88,1.0,1.0,1.0,1,1.0,active,,,,,,,1778605321.404598
5273b4e4-2b4f-47fa-834f-bd0d84d237b0,0,3,9,382,2026-05-12T17:02:02.973229+00:00,trade,trade,ask,S,,,60.0,1.0,,,,,,988da71a-07ab-4364-a975-9c2e96fbcde4,,b5e8004d-4dba-4b73-b41d-1f329dacd240,730a4649-f0c1-43bc-b7d5-84d0fd51a3a0,d00142cb-036c-42b2-986f-4d8449293679,1893c9fa-143a-45ae-8599-dfedb6054045,1778605322.989642
5273b4e4-2b4f-47fa-834f-bd0d84d237b0,0,3,9,383,2026-05-12T17:02:02.992564+00:00,order,fill,ask,,730a4649-f0c1-43bc-b7d5-84d0fd51a3a0,1893c9fa-143a-45ae-8599-dfedb6054045,57.0,1.0,-1.0,0.0,,,executed,988da71a-07ab-4364-a975-9c2e96fbcde4,b5e8004d-4dba-4b73-b41d-1f329dacd240,,,,,1778605323.009381
5273b4e4-2b4f-47fa-834f-bd0d84d237b0,0,3,9,384,2026-05-12T17:02:03.012605+00:00,order,fill,bid,,b5e8004d-4dba-4b73-b41d-1f329dacd240,d00142cb-036c-42b2-986f-4d8449293679,60.0,1.0,-1.0,0.0,,,executed,988da71a-07ab-4364-a975-9c2e96fbcde4,730a4649-f0c1-43bc-b7d5-84d0fd51a3a0,,,,,1778605323.02836
5273b4e4-2b4f-47fa-834f-bd0d84d237b0,0,3,9,385,2026-05-12T17:02:05.931297+00:00,order,add,ask,,468fdace-6795-4d04-93e2-bd3808efab2c,18711e8c-d4a6-4e40-ac02-472f81cda568,73.0,1.0,1.0,1.0,1,1.0,active,,,,,,,1778605325.947459
5273b4e4-2b4f-47fa-834f-bd0d84d237b0,0,3,9,386,2026-05-12T17:02:06.049478+00:00,order,add,ask,,277bbf1e-dcf4-4257-b0ac-806190918a0c,bc7d5ce5-ff5f-43da-8411-1cc4780872be,60.0,1.0,1.0,1.0,1,1.0,active,,,,,,,1778605326.066225
5273b4e4-2b4f-47fa-834f-bd0d84d237b0,0,3,9,387,2026-05-12T17:02:09.642060+00:00,order,add,ask,,585fd98b-5c8c-42a5-91be-e8b2490fa42b,bc7d5ce5-ff5f-43da-8411-1cc4780872be,60.0,1.0,1.0,1.0,2,2.0,active,,,,,,,1778605329.660472
5273b4e4-2b4f-47fa-834f-bd0d84d237b0,0,3,9,388,2026-05-12T17:02:10.860733+00:00,order,add,ask,,38d25c88-89bf-487c-8926-40af67d9b506,1893c9fa-143a-45ae-8599-dfedb6054045,59.0,1.0,1.0,1.0,1,1.0,active,,,,,,,1778605330.880158
5273b4e4-2b4f-47fa-834f-bd0d84d237b0,0,3,9,389,2026-05-12T17:02:12.985497+00:00,trade,trade,ask,S,,,50.0,1.0,,,,,,516eafaa-9b2d-4f1d-b36f-4f68b78c07b0,,adcdb3e5-20bd-4e91-b3a8-50539c5f0e41,83e39f2c-9fff-408b-964d-eb38a3d48ce8,d00142cb-036c-42b2-986f-4d8449293679,4c5c436f-ca6c-40f1-9cb5-b8bc15205ad4,1778605333.002488
5273b4e4-2b4f-47fa-834f-bd0d84d237b0,0,3,9,390,2026-05-12T17:02:13.006210+00:00,order,fill,ask,,83e39f2c-9fff-408b-964d-eb38a3d48ce8,4c5c436f-ca6c-40f1-9cb5-b8bc15205ad4,50.0,1.0,-1.0,0.0,,,executed,516eafaa-9b2d-4f1d-b36f-4f68b78c07b0,adcdb3e5-20bd-4e91-b3a8-50539c5f0e41,,,,,1778605333.023599
5273b4e4-2b4f-47fa-834f-bd0d84d237b0,0,3,9,391,2026-05-12T17:02:13.026540+00:00,order,fill,bid,,adcdb3e5-20bd-4e91-b3a8-50539c5f0e41,d00142cb-036c-42b2-986f-4d8449293679,50.0,1.0,-1.0,0.0,,,executed,516eafaa-9b2d-4f1d-b36f-4f68b78c07b0,83e39f2c-9fff-408b-964d-eb38a3d48ce8,,,,,1778605333.041892
5273b4e4-2b4f-47fa-834f-bd0d84d237b0,0,3,9,392,2026-05-12T17:02:14.995323+00:00,order,cancel,ask,,277bbf1e-dcf4-4257-b0ac-806190918a0c,bc7d5ce5-ff5f-43da-8411-1cc4780872be,60.0,1.0,-1.0,0.0,,,cancelled,,,,,,,1778605335.012797
5273b4e4-2b4f-47fa-834f-bd0d84d237b0,0,3,9,393,2026-05-12T17:02:15.053477+00:00,order,cancel,ask,,585fd98b-5c8c-42a5-91be-e8b2490fa42b,bc7d5ce5-ff5f-43da-8411-1cc4780872be,60.0,1.0,-1.0,0.0,,,cancelled,,,,,,,1778605335.069791
5273b4e4-2b4f-47fa-834f-bd0d84d237b0,0,3,9,394,2026-05-12T17:02:15.781081+00:00,order,add,ask,,f0e54388-7e48-4abf-9a48-957af934fe0a,1893c9fa-143a-45ae-8599-dfedb6054045,58.0,1.0,1.0,1.0,1,1.0,active,,,,,,,1778605335.798184
520e90a9-5e9e-4bfa-8244-34e70674e93f,0,3,10,486,2026-05-12T17:02:17.353065+00:00,trade,trade,ask,S,,,58.0,1.0,,,,,,4c1eff85-f1d6-485f-8f9e-09acca191617,,0854a39e-a61c-46fe-a3a0-c85cb709fa04,4ad54dd4-689d-4014-8608-8ed629942983,a7efec93-ac3e-45ce-84ac-eb2844742dd5,6b8a7a0e-6534-4c7f-ba8e-d90a38b5b936,1778605337.369635
520e90a9-5e9e-4bfa-8244-34e70674e93f,0,3,10,487,2026-05-12T17:02:17.372730+00:00,order,fill,ask,,4ad54dd4-689d-4014-8608-8ed629942983,6b8a7a0e-6534-4c7f-ba8e-d90a38b5b936,58.0,1.0,-1.0,0.0,,,executed,4c1eff85-f1d6-485f-8f9e-09acca191617,0854a39e-a61c-46fe-a3a0-c85cb709fa04,,,,,1778605337.387795
520e90a9-5e9e-4bfa-8244-34e70674e93f,0,3,10,488,2026-05-12T17:02:17.390687+00:00,order,fill,bid,,0854a39e-a61c-46fe-a3a0-c85cb709fa04,a7efec93-ac3e-45ce-84ac-eb2844742dd5,58.0,1.0,-1.0,0.0,,,executed,4c1eff85-f1d6-485f-8f9e-09acca191617,4ad54dd4-689d-4014-8608-8ed629942983,,,,,1778605337.40587
520e90a9-5e9e-4bfa-8244-34e70674e93f,0,3,10,489,2026-05-12T17:02:17.442030+00:00,order,add,ask,,9e6f01a5-fefd-4071-87b5-9d795274544a,1a600171-9cfa-44bf-a3d4-b7322acefe1a,58.0,1.0,1.0,1.0,1,1.0,active,,,,,,,1778605337.457334
520e90a9-5e9e-4bfa-8244-34e70674e93f,0,3,10,490,2026-05-12T17:02:17.527114+00:00,order,add,ask,,950ac504-0699-46eb-bb0b-a1b005f5a4a1,cb46e42c-c695-4491-ae41-767eb4004474,58.0,1.0,1.0,1.0,2,2.0,active,,,,,,,1778605337.543215
520e90a9-5e9e-4bfa-8244-34e70674e93f,0,3,8,491,2026-05-12T17:02:17.831307+00:00,order,cancel,ask,,87fb851c-484d-4159-9360-3757306b8555,a7efec93-ac3e-45ce-84ac-eb2844742dd5,72.0,1.0,-1.0,0.0,,,cancelled,,,,,,,1778605337.847179
520e90a9-5e9e-4bfa-8244-34e70674e93f,0,3,7,492,2026-05-12T17:02:18.534948+00:00,order,cancel,ask,,609b6386-ac47-4d2f-9182-b77b596d7038,a7efec93-ac3e-45ce-84ac-eb2844742dd5,73.0,1.0,-1.0,0.0,,,cancelled,,,,,,,1778605338.550599
520e90a9-5e9e-4bfa-8244-34e70674e93f,0,3,8,493,2026-05-12T17:02:19.078556+00:00,order,cancel,ask,,f5259778-20fa-4b7f-917b-f5c4528913f8,a7efec93-ac3e-45ce-84ac-eb2844742dd5,69.7,1.0,-1.0,0.0,,,cancelled,,,,,,,1778605339.094735
5273b4e4-2b4f-47fa-834f-bd0d84d237b0,0,3,9,395,2026-05-12T17:02:21.189825+00:00,order,cancel,ask,,38d25c88-89bf-487c-8926-40af67d9b506,1893c9fa-143a-45ae-8599-dfedb6054045,59.0,1.0,-1.0,0.0,,,cancelled,,,,,,,1778605341.205734
520e90a9-5e9e-4bfa-8244-34e70674e93f,0,3,10,494,2026-05-12T17:02:21.606626+00:00,trade,trade,bid,B,,,58.0,1.0,,,,,,f1030bf9-4887-4b7a-93cc-7df303d95fcb,,27d4e307-9dbe-4c39-94d8-7613ef81884e,9e6f01a5-fefd-4071-87b5-9d795274544a,a7efec93-ac3e-45ce-84ac-eb2844742dd5,1a600171-9cfa-44bf-a3d4-b7322acefe1a,1778605341.622569
520e90a9-5e9e-4bfa-8244-34e70674e93f,0,3,10,495,2026-05-12T17:02:21.625879+00:00,order,fill,ask,,9e6f01a5-fefd-4071-87b5-9d795274544a,1a600171-9cfa-44bf-a3d4-b7322acefe1a,58.0,1.0,-1.0,0.0,,,executed,f1030bf9-4887-4b7a-93cc-7df303d95fcb,27d4e307-9dbe-4c39-94d8-7613ef81884e,,,,,1778605341.642075
520e90a9-5e9e-4bfa-8244-34e70674e93f,0,3,10,496,2026-05-12T17:02:21.645174+00:00,order,fill,bid,,27d4e307-9dbe-4c39-94d8-7613ef81884e,a7efec93-ac3e-45ce-84ac-eb2844742dd5,58.5,1.0,-1.0,0.0,,,executed,f1030bf9-4887-4b7a-93cc-7df303d95fcb,9e6f01a5-fefd-4071-87b5-9d795274544a,,,,,1778605341.660558
520e90a9-5e9e-4bfa-8244-34e70674e93f,0,3,10,497,2026-05-12T17:02:23.088930+00:00,order,add,ask,,b16d12d4-78ca-4875-9a2e-0e1c3ac8dcf5,6b8a7a0e-6534-4c7f-ba8e-d90a38b5b936,58.0,1.0,1.0,1.0,2,2.0,active,,,,,,,1778605343.105195
520e90a9-5e9e-4bfa-8244-34e70674e93f,0,3,10,498,2026-05-12T17:02:24.916829+00:00,order,add,ask,,3bd6d588-da85-4170-a1a1-1e597c4b811e,1a600171-9cfa-44bf-a3d4-b7322acefe1a,57.0,1.0,1.0,1.0,1,1.0,active,,,,,,,1778605344.933637
520e90a9-5e9e-4bfa-8244-34e70674e93f,0,3,9,499,2026-05-12T17:02:24.970586+00:00,order,cancel,ask,,3262dd45-8b04-4dd4-85e5-c297e2088122,6b8a7a0e-6534-4c7f-ba8e-d90a38b5b936,59.0,1.0,-1.0,0.0,,,cancelled,,,,,,,1778605344.986475
5273b4e4-2b4f-47fa-834f-bd0d84d237b0,0,3,9,396,2026-05-12T17:02:25.404787+00:00,order,add,bid,,692632e9-ae8f-48db-8f76-8df834c89027,ede5b087-a2ea-49eb-9494-a67b961bfc79,51.0,1.0,1.0,1.0,1,1.0,active,,,,,,,1778605345.421951
5273b4e4-2b4f-47fa-834f-bd0d84d237b0,0,3,9,397,2026-05-12T17:02:25.513352+00:00,order,add,ask,,7185ac6f-213b-4143-aa53-8a3ed1b1c60e,18711e8c-d4a6-4e40-ac02-472f81cda568,66.0,1.0,1.0,1.0,1,1.0,active,,,,,,,1778605345.52983
520e90a9-5e9e-4bfa-8244-34e70674e93f,0,3,10,500,2026-05-12T17:02:25.793317+00:00,order,cancel,ask,,b16d12d4-78ca-4875-9a2e-0e1c3ac8dcf5,6b8a7a0e-6534-4c7f-ba8e-d90a38b5b936,58.0,1.0,-1.0,0.0,,,cancelled,,,,,,,1778605345.809256
520e90a9-5e9e-4bfa-8244-34e70674e93f,0,3,10,501,2026-05-12T17:02:26.253687+00:00,trade,trade,ask,S,,,52.0,1.0,,,,,,ac51d0e2-6f77-45aa-ba48-32a61625649b,,ff5f0a58-c67c-4667-af85-68c44119730c,aa3be225-42a4-44d0-8ebb-6882bbd3c2c9,6b8a7a0e-6534-4c7f-ba8e-d90a38b5b936,a7efec93-ac3e-45ce-84ac-eb2844742dd5,1778605346.269815
520e90a9-5e9e-4bfa-8244-34e70674e93f,0,3,10,502,2026-05-12T17:02:26.272905+00:00,order,fill,ask,,aa3be225-42a4-44d0-8ebb-6882bbd3c2c9,a7efec93-ac3e-45ce-84ac-eb2844742dd5,52.0,1.0,-1.0,0.0,,,executed,ac51d0e2-6f77-45aa-ba48-32a61625649b,ff5f0a58-c67c-4667-af85-68c44119730c,,,,,1778605346.287604
520e90a9-5e9e-4bfa-8244-34e70674e93f,0,3,10,503,2026-05-12T17:02:26.290516+00:00,order,fill,bid,,ff5f0a58-c67c-4667-af85-68c44119730c,6b8a7a0e-6534-4c7f-ba8e-d90a38b5b936,52.0,1.0,-1.0,0.0,,,executed,ac51d0e2-6f77-45aa-ba48-32a61625649b,aa3be225-42a4-44d0-8ebb-6882bbd3c2c9,,,,,1778605346.305391
520e90a9-5e9e-4bfa-8244-34e70674e93f,0,3,9,504,2026-05-12T17:02:26.340699+00:00,order,cancel,bid,,18479132-c436-4a1f-b44d-70d85aa05a29,c9677d60-b255-4563-955c-c09e7b64f2df,51.0,1.0,-1.0,0.0,,,cancelled,,,,,,,1778605346.355404
5273b4e4-2b4f-47fa-834f-bd0d84d237b0,0,3,9,398,2026-05-12T17:02:28.778690+00:00,order,add,bid,,6b284d07-de1c-4784-994a-c345a4d7c2e9,bc7d5ce5-ff5f-43da-8411-1cc4780872be,38.0,1.0,1.0,1.0,1,1.0,active,,,,,,,1778605348.795379
520e90a9-5e9e-4bfa-8244-34e70674e93f,0,3,10,505,2026-05-12T17:02:28.847738+00:00,order,add,ask,,874621b6-5a7d-4a5f-b856-24f89f09e7c8,6b8a7a0e-6534-4c7f-ba8e-d90a38b5b936,56.0,1.0,1.0,1.0,1,1.0,active,,,,,,,1778605348.863585
5273b4e4-2b4f-47fa-834f-bd0d84d237b0,0,3,9,399,2026-05-12T17:02:29.009324+00:00,order,add,bid,,77e63d00-02bf-4dc5-9036-710a650d7bfb,d00142cb-036c-42b2-986f-4d8449293679,51.0,1.0,1.0,1.0,2,2.0,active,,,,,,,1778605349.025104
5273b4e4-2b4f-47fa-834f-bd0d84d237b0,0,3,9,400,2026-05-12T17:02:29.246074+00:00,order,add,bid,,422f92e6-50f8-4a38-8c89-47f52cc65b71,ede5b087-a2ea-49eb-9494-a67b961bfc79,52.0,1.0,1.0,1.0,1,1.0,active,,,,,,,1778605349.262823
520e90a9-5e9e-4bfa-8244-34e70674e93f,0,3,10,506,2026-05-12T17:02:30.259807+00:00,order,add,ask,,7b0ae765-4006-446c-b7a6-129e5c779df5,1a600171-9cfa-44bf-a3d4-b7322acefe1a,55.0,1.0,1.0,1.0,1,1.0,active,,,,,,,1778605350.27558
520e90a9-5e9e-4bfa-8244-34e70674e93f,0,3,10,507,2026-05-12T17:02:30.405588+00:00,trade,trade,bid,B,,,55.0,1.0,,,,,,9a0eff6a-e556-4221-a9ef-f693b47efde7,,c3883ab5-a87b-43dd-9592-9d6a030bd5f5,7b0ae765-4006-446c-b7a6-129e5c779df5,a7efec93-ac3e-45ce-84ac-eb2844742dd5,1a600171-9cfa-44bf-a3d4-b7322acefe1a,1778605350.421939
520e90a9-5e9e-4bfa-8244-34e70674e93f,0,3,10,508,2026-05-12T17:02:30.425130+00:00,order,fill,ask,,7b0ae765-4006-446c-b7a6-129e5c779df5,1a600171-9cfa-44bf-a3d4-b7322acefe1a,55.0,1.0,-1.0,0.0,,,executed,9a0eff6a-e556-4221-a9ef-f693b47efde7,c3883ab5-a87b-43dd-9592-9d6a030bd5f5,,,,,1778605350.440212
520e90a9-5e9e-4bfa-8244-34e70674e93f,0,3,10,509,2026-05-12T17:02:30.443130+00:00,order,fill,bid,,c3883ab5-a87b-43dd-9592-9d6a030bd5f5,a7efec93-ac3e-45ce-84ac-eb2844742dd5,56.0,1.0,-1.0,0.0,,,executed,9a0eff6a-e556-4221-a9ef-f693b47efde7,7b0ae765-4006-446c-b7a6-129e5c779df5,,,,,1778605350.458831
520e90a9-5e9e-4bfa-8244-34e70674e93f,0,3,9,510,2026-05-12T17:02:31.917262+00:00,order,cancel,ask,,01b266c5-102a-482d-8c8e-b16c45e3275d,1a600171-9cfa-44bf-a3d4-b7322acefe1a,63.0,1.0,-1.0,0.0,,,cancelled,,,,,,,1778605351.933334
5273b4e4-2b4f-47fa-834f-bd0d84d237b0,0,3,9,401,2026-05-12T17:02:32.105276+00:00,order,add,bid,,51c72335-210e-451e-9af5-7eb9815873a2,d00142cb-036c-42b2-986f-4d8449293679,38.0,1.0,1.0,1.0,2,2.0,active,,,,,,,1778605352.122429
520e90a9-5e9e-4bfa-8244-34e70674e93f,0,3,10,511,2026-05-12T17:02:32.157816+00:00,order,add,bid,,377b6d90-b7cf-4301-8f2c-36a5314081cd,a7efec93-ac3e-45ce-84ac-eb2844742dd5,55.0,1.0,1.0,1.0,1,1.0,active,,,,,,,1778605352.173608
520e90a9-5e9e-4bfa-8244-34e70674e93f,0,3,10,512,2026-05-12T17:02:32.904318+00:00,order,add,bid,,f9532a14-a3da-4ca8-8a25-b77afcdcb97b,6b8a7a0e-6534-4c7f-ba8e-d90a38b5b936,30.0,1.0,1.0,1.0,1,1.0,active,,,,,,,1778605352.920194
520e90a9-5e9e-4bfa-8244-34e70674e93f,0,3,10,513,2026-05-12T17:02:34.228354+00:00,trade,trade,ask,S,,,55.0,1.0,,,,,,935446c9-dab5-478a-b983-b80471dad87e,,377b6d90-b7cf-4301-8f2c-36a5314081cd,f88be74e-bad3-4039-a603-d3cb2f191d17,a7efec93-ac3e-45ce-84ac-eb2844742dd5,5e6b5ec7-66f5-446f-b458-3b18596521a3,1778605354.2446
520e90a9-5e9e-4bfa-8244-34e70674e93f,0,3,10,514,2026-05-12T17:02:34.248138+00:00,order,fill,ask,,f88be74e-bad3-4039-a603-d3cb2f191d17,5e6b5ec7-66f5-446f-b458-3b18596521a3,55.0,1.0,-1.0,0.0,,,executed,935446c9-dab5-478a-b983-b80471dad87e,377b6d90-b7cf-4301-8f2c-36a5314081cd,,,,,1778605354.266363
520e90a9-5e9e-4bfa-8244-34e70674e93f,0,3,10,515,2026-05-12T17:02:34.269993+00:00,order,fill,bid,,377b6d90-b7cf-4301-8f2c-36a5314081cd,a7efec93-ac3e-45ce-84ac-eb2844742dd5,55.0,1.0,-1.0,0.0,,,executed,935446c9-dab5-478a-b983-b80471dad87e,f88be74e-bad3-4039-a603-d3cb2f191d17,,,,,1778605354.288498
520e90a9-5e9e-4bfa-8244-34e70674e93f,0,3,10,516,2026-05-12T17:02:34.535807+00:00,trade,trade,bid,B,,,56.0,1.0,,,,,,1f6b354c-784d-4475-ae07-a2c723cd409b,,61c179e9-a00a-4cbe-a71a-624dad120843,874621b6-5a7d-4a5f-b856-24f89f09e7c8,a7efec93-ac3e-45ce-84ac-eb2844742dd5,6b8a7a0e-6534-4c7f-ba8e-d90a38b5b936,1778605354.554385
520e90a9-5e9e-4bfa-8244-34e70674e93f,0,3,10,517,2026-05-12T17:02:34.558117+00:00,order,fill,ask,,874621b6-5a7d-4a5f-b856-24f89f09e7c8,6b8a7a0e-6534-4c7f-ba8e-d90a38b5b936,56.0,1.0,-1.0,0.0,,,executed,1f6b354c-784d-4475-ae07-a2c723cd409b,61c179e9-a00a-4cbe-a71a-624dad120843,,,,,1778605354.575679
520e90a9-5e9e-4bfa-8244-34e70674e93f,0,3,10,518,2026-05-12T17:02:34.578826+00:00,order,fill,bid,,61c179e9-a00a-4cbe-a71a-624dad120843,a7efec93-ac3e-45ce-84ac-eb2844742dd5,56.0,1.0,-1.0,0.0,,,executed,1f6b354c-784d-4475-ae07-a2c723cd409b,874621b6-5a7d-4a5f-b856-24f89f09e7c8,,,,,1778605354.601904
5273b4e4-2b4f-47fa-834f-bd0d84d237b0,0,3,9,402,2026-05-12T17:02:34.639950+00:00,trade,trade,bid,B,,,58.0,1.0,,,,,,943c2e76-10a8-4175-bf03-77b384f55f02,,6baa9cf9-c25f-4bae-a6f4-ecb1f52859f3,f0e54388-7e48-4abf-9a48-957af934fe0a,4c5c436f-ca6c-40f1-9cb5-b8bc15205ad4,1893c9fa-143a-45ae-8599-dfedb6054045,1778605354.655563
5273b4e4-2b4f-47fa-834f-bd0d84d237b0,0,3,9,403,2026-05-12T17:02:34.658773+00:00,order,fill,ask,,f0e54388-7e48-4abf-9a48-957af934fe0a,1893c9fa-143a-45ae-8599-dfedb6054045,58.0,1.0,-1.0,0.0,,,executed,943c2e76-10a8-4175-bf03-77b384f55f02,6baa9cf9-c25f-4bae-a6f4-ecb1f52859f3,,,,,1778605354.678704
5273b4e4-2b4f-47fa-834f-bd0d84d237b0,0,3,9,404,2026-05-12T17:02:34.681925+00:00,order,fill,bid,,6baa9cf9-c25f-4bae-a6f4-ecb1f52859f3,4c5c436f-ca6c-40f1-9cb5-b8bc15205ad4,58.0,1.0,-1.0,0.0,,,executed,943c2e76-10a8-4175-bf03-77b384f55f02,f0e54388-7e48-4abf-9a48-957af934fe0a,,,,,1778605354.699389
520e90a9-5e9e-4bfa-8244-34e70674e93f,0,3,10,519,2026-05-12T17:02:35.163976+00:00,order,add,ask,,616003a7-5a9e-4e5d-9b01-7715b09f5bbe,1a600171-9cfa-44bf-a3d4-b7322acefe1a,55.0,1.0,1.0,1.0,1,1.0,active,,,,,,,1778605355.180092
5273b4e4-2b4f-47fa-834f-bd0d84d237b0,0,3,9,405,2026-05-12T17:02:35.257220+00:00,order,add,bid,,e3d9702c-b7c7-4613-980b-cb38ae9f4445,d00142cb-036c-42b2-986f-4d8449293679,52.0,1.0,1.0,1.0,2,2.0,active,,,,,,,1778605355.273728
520e90a9-5e9e-4bfa-8244-34e70674e93f,0,3,10,520,2026-05-12T17:02:36.237007+00:00,order,add,bid,,0a1e590a-f5e5-4e8d-80d4-e97028054ad1,a7efec93-ac3e-45ce-84ac-eb2844742dd5,43.0,1.0,1.0,1.0,1,1.0,active,,,,,,,1778605356.254403
520e90a9-5e9e-4bfa-8244-34e70674e93f,0,3,10,521,2026-05-12T17:02:38.704192+00:00,order,add,ask,,1c668e4d-a6b4-44c8-bc92-3048f6f7cb7e,6b8a7a0e-6534-4c7f-ba8e-d90a38b5b936,54.0,1.0,1.0,1.0,1,1.0,active,,,,,,,1778605358.722308
5273b4e4-2b4f-47fa-834f-bd0d84d237b0,0,3,9,406,2026-05-12T17:02:39.659175+00:00,order,add,ask,,c90c2f6d-d9fb-46d5-85cb-ddce49af4e3b,bc7d5ce5-ff5f-43da-8411-1cc4780872be,60.0,1.0,1.0,1.0,1,1.0,active,,,,,,,1778605359.67659
520e90a9-5e9e-4bfa-8244-34e70674e93f,0,3,10,522,2026-05-12T17:02:41.296225+00:00,order,add,bid,,a10e9b83-baa6-476b-9a98-c4fb480d67ca,a7efec93-ac3e-45ce-84ac-eb2844742dd5,53.5,1.0,1.0,1.0,1,1.0,active,,,,,,,1778605361.315427
520e90a9-5e9e-4bfa-8244-34e70674e93f,0,3,10,523,2026-05-12T17:02:41.992579+00:00,order,add,bid,,4893dece-9a80-4fc0-8159-4085b2b48d5e,6b8a7a0e-6534-4c7f-ba8e-d90a38b5b936,44.0,1.0,1.0,1.0,1,1.0,active,,,,,,,1778605362.010743
520e90a9-5e9e-4bfa-8244-34e70674e93f,0,3,10,524,2026-05-12T17:02:43.232981+00:00,order,cancel,ask,,950ac504-0699-46eb-bb0b-a1b005f5a4a1,cb46e42c-c695-4491-ae41-767eb4004474,58.0,1.0,-1.0,0.0,,,cancelled,,,,,,,1778605363.249108
520e90a9-5e9e-4bfa-8244-34e70674e93f,0,3,10,525,2026-05-12T17:02:44.534243+00:00,order,cancel,bid,,a10e9b83-baa6-476b-9a98-c4fb480d67ca,a7efec93-ac3e-45ce-84ac-eb2844742dd5,53.5,1.0,-1.0,0.0,,,cancelled,,,,,,,1778605364.549724
520e90a9-5e9e-4bfa-8244-34e70674e93f,0,3,10,526,2026-05-12T17:02:45.664654+00:00,order,add,ask,,e1c124c6-5e55-429a-bff4-a2230e8d232c,cb46e42c-c695-4491-ae41-767eb4004474,53.5,1.0,1.0,1.0,1,1.0,active,,,,,,,1778605365.682246
520e90a9-5e9e-4bfa-8244-34e70674e93f,0,3,9,527,2026-05-12T17:02:45.861732+00:00,order,cancel,ask,,3c572393-d361-4c1d-814a-c44078995fbb,a7efec93-ac3e-45ce-84ac-eb2844742dd5,60.0,1.0,-1.0,0.0,,,cancelled,,,,,,,1778605365.879016
520e90a9-5e9e-4bfa-8244-34e70674e93f,0,3,10,528,2026-05-12T17:02:46.118243+00:00,order,add,bid,,efc26add-7956-4abf-8e28-3aa16d467513,c9677d60-b255-4563-955c-c09e7b64f2df,52.0,1.0,1.0,1.0,1,1.0,active,,,,,,,1778605366.137342
520e90a9-5e9e-4bfa-8244-34e70674e93f,0,3,9,529,2026-05-12T17:02:46.471992+00:00,order,cancel,ask,,6a5944d8-4032-4459-a81b-f98f038df156,a7efec93-ac3e-45ce-84ac-eb2844742dd5,64.0,1.0,-1.0,0.0,,,cancelled,,,,,,,1778605366.488479
520e90a9-5e9e-4bfa-8244-34e70674e93f,0,3,10,530,2026-05-12T17:02:47.773957+00:00,order,add,ask,,725244c7-9f8f-4a5a-b680-f6c974d43407,a7efec93-ac3e-45ce-84ac-eb2844742dd5,53.75,1.0,1.0,1.0,1,1.0,active,,,,,,,1778605367.791496
520e90a9-5e9e-4bfa-8244-34e70674e93f,0,3,10,531,2026-05-12T17:02:48.171506+00:00,order,add,bid,,caf351a5-a085-439e-be66-265fd2140cab,1a600171-9cfa-44bf-a3d4-b7322acefe1a,47.0,1.0,1.0,1.0,1,1.0,active,,,,,,,1778605368.188185
520e90a9-5e9e-4bfa-8244-34e70674e93f,0,3,10,532,2026-05-12T17:02:48.424478+00:00,order,cancel,ask,,e1c124c6-5e55-429a-bff4-a2230e8d232c,cb46e42c-c695-4491-ae41-767eb4004474,53.5,1.0,-1.0,0.0,,,cancelled,,,,,,,1778605368.440844
520e90a9-5e9e-4bfa-8244-34e70674e93f,0,3,10,533,2026-05-12T17:02:48.764275+00:00,trade,trade,ask,S,,,52.0,1.0,,,,,,082e0b32-45a6-4c56-966b-b06a2d54800d,,efc26add-7956-4abf-8e28-3aa16d467513,418aee30-2cbc-4ab0-bde2-2e12717eddf6,c9677d60-b255-4563-955c-c09e7b64f2df,5e6b5ec7-66f5-446f-b458-3b18596521a3,1778605368.781248
520e90a9-5e9e-4bfa-8244-34e70674e93f,0,3,10,534,2026-05-12T17:02:48.784335+00:00,order,fill,ask,,418aee30-2cbc-4ab0-bde2-2e12717eddf6,5e6b5ec7-66f5-446f-b458-3b18596521a3,52.0,1.0,-1.0,0.0,,,executed,082e0b32-45a6-4c56-966b-b06a2d54800d,efc26add-7956-4abf-8e28-3aa16d467513,,,,,1778605368.799829
520e90a9-5e9e-4bfa-8244-34e70674e93f,0,3,10,535,2026-05-12T17:02:48.802872+00:00,order,fill,bid,,efc26add-7956-4abf-8e28-3aa16d467513,c9677d60-b255-4563-955c-c09e7b64f2df,52.0,1.0,-1.0,0.0,,,executed,082e0b32-45a6-4c56-966b-b06a2d54800d,418aee30-2cbc-4ab0-bde2-2e12717eddf6,,,,,1778605368.818292
520e90a9-5e9e-4bfa-8244-34e70674e93f,0,3,10,536,2026-05-12T17:02:48.927896+00:00,order,add,ask,,43fc5e6e-d26f-4497-9489-4be8a3e6347b,6b8a7a0e-6534-4c7f-ba8e-d90a38b5b936,53.0,1.0,1.0,1.0,1,1.0,active,,,,,,,1778605368.94452
520e90a9-5e9e-4bfa-8244-34e70674e93f,0,3,10,537,2026-05-12T17:02:50.840466+00:00,order,cancel,ask,,1c668e4d-a6b4-44c8-bc92-3048f6f7cb7e,6b8a7a0e-6534-4c7f-ba8e-d90a38b5b936,54.0,1.0,-1.0,0.0,,,cancelled,,,,,,,1778605370.856848
520e90a9-5e9e-4bfa-8244-34e70674e93f,0,3,10,538,2026-05-12T17:02:51.102731+00:00,trade,trade,bid,B,,,53.0,1.0,,,,,,4c543283-79ef-451f-a5ee-f768162219b5,,60074360-2b40-4412-8635-3e7e8723f1f5,43fc5e6e-d26f-4497-9489-4be8a3e6347b,a7efec93-ac3e-45ce-84ac-eb2844742dd5,6b8a7a0e-6534-4c7f-ba8e-d90a38b5b936,1778605371.120125
520e90a9-5e9e-4bfa-8244-34e70674e93f,0,3,10,539,2026-05-12T17:02:51.123327+00:00,order,fill,ask,,43fc5e6e-d26f-4497-9489-4be8a3e6347b,6b8a7a0e-6534-4c7f-ba8e-d90a38b5b936,53.0,1.0,-1.0,0.0,,,executed,4c543283-79ef-451f-a5ee-f768162219b5,60074360-2b40-4412-8635-3e7e8723f1f5,,,,,1778605371.138388
520e90a9-5e9e-4bfa-8244-34e70674e93f,0,3,10,540,2026-05-12T17:02:51.141448+00:00,order,fill,bid,,60074360-2b40-4412-8635-3e7e8723f1f5,a7efec93-ac3e-45ce-84ac-eb2844742dd5,53.0,1.0,-1.0,0.0,,,executed,4c543283-79ef-451f-a5ee-f768162219b5,43fc5e6e-d26f-4497-9489-4be8a3e6347b,,,,,1778605371.157327
520e90a9-5e9e-4bfa-8244-34e70674e93f,0,3,10,541,2026-05-12T17:02:53.672981+00:00,order,cancel,bid,,f9532a14-a3da-4ca8-8a25-b77afcdcb97b,6b8a7a0e-6534-4c7f-ba8e-d90a38b5b936,30.0,1.0,-1.0,0.0,,,cancelled,,,,,,,1778605373.689334
520e90a9-5e9e-4bfa-8244-34e70674e93f,0,3,10,542,2026-05-12T17:02:56.005773+00:00,order,add,bid,,ff3cce6d-86e3-421a-8d17-2006f76bb6d1,a7efec93-ac3e-45ce-84ac-eb2844742dd5,50.0,1.0,1.0,1.0,1,1.0,active,,,,,,,1778605376.021326
520e90a9-5e9e-4bfa-8244-34e70674e93f,0,3,10,543,2026-05-12T17:02:57.324226+00:00,order,add,bid,,811ea339-ebdc-4681-bada-094a097073ac,1a600171-9cfa-44bf-a3d4-b7322acefe1a,48.0,1.0,1.0,1.0,1,1.0,active,,,,,,,1778605377.341524
520e90a9-5e9e-4bfa-8244-34e70674e93f,0,3,10,544,2026-05-12T17:02:59.320077+00:00,order,add,bid,,c8130836-d2b3-44dd-b287-85bc5b6eb8ae,6b8a7a0e-6534-4c7f-ba8e-d90a38b5b936,51.0,1.0,1.0,1.0,1,1.0,active,,,,,,,1778605379.336813
520e90a9-5e9e-4bfa-8244-34e70674e93f,0,3,10,545,2026-05-12T17:02:59.956429+00:00,trade,trade,ask,S,,,51.0,1.0,,,,,,6c317fb4-68b9-4845-8de5-18a30d3bd7d3,,c8130836-d2b3-44dd-b287-85bc5b6eb8ae,0f31a7bf-9b9f-49d7-85ef-f13739b4e432,6b8a7a0e-6534-4c7f-ba8e-d90a38b5b936,1a600171-9cfa-44bf-a3d4-b7322acefe1a,1778605379.97242
520e90a9-5e9e-4bfa-8244-34e70674e93f,0,3,10,546,2026-05-12T17:02:59.975941+00:00,order,fill,ask,,0f31a7bf-9b9f-49d7-85ef-f13739b4e432,1a600171-9cfa-44bf-a3d4-b7322acefe1a,50.0,1.0,-1.0,0.0,,,executed,6c317fb4-68b9-4845-8de5-18a30d3bd7d3,c8130836-d2b3-44dd-b287-85bc5b6eb8ae,,,,,1778605379.99126
520e90a9-5e9e-4bfa-8244-34e70674e93f,0,3,10,547,2026-05-12T17:02:59.994201+00:00,order,fill,bid,,c8130836-d2b3-44dd-b287-85bc5b6eb8ae,6b8a7a0e-6534-4c7f-ba8e-d90a38b5b936,51.0,1.0,-1.0,0.0,,,executed,6c317fb4-68b9-4845-8de5-18a30d3bd7d3,0f31a7bf-9b9f-49d7-85ef-f13739b4e432,,,,,1778605380.05899
520e90a9-5e9e-4bfa-8244-34e70674e93f,0,3,10,548,2026-05-12T17:03:00.415801+00:00,trade,trade,ask,S,,,50.0,1.0,,,,,,ee6d29c4-8228-4b2b-bed9-8c13b3afb11d,,ff3cce6d-86e3-421a-8d17-2006f76bb6d1,6d9b5672-3c2f-4805-bc7d-e56f42e96311,a7efec93-ac3e-45ce-84ac-eb2844742dd5,cb46e42c-c695-4491-ae41-767eb4004474,1778605380.433221
520e90a9-5e9e-4bfa-8244-34e70674e93f,0,3,10,549,2026-05-12T17:03:00.436511+00:00,order,fill,ask,,6d9b5672-3c2f-4805-bc7d-e56f42e96311,cb46e42c-c695-4491-ae41-767eb4004474,50.0,1.0,-1.0,0.0,,,executed,ee6d29c4-8228-4b2b-bed9-8c13b3afb11d,ff3cce6d-86e3-421a-8d17-2006f76bb6d1,,,,,1778605380.452375
520e90a9-5e9e-4bfa-8244-34e70674e93f,0,3,10,550,2026-05-12T17:03:00.455336+00:00,order,fill,bid,,ff3cce6d-86e3-421a-8d17-2006f76bb6d1,a7efec93-ac3e-45ce-84ac-eb2844742dd5,50.0,1.0,-1.0,0.0,,,executed,ee6d29c4-8228-4b2b-bed9-8c13b3afb11d,6d9b5672-3c2f-4805-bc7d-e56f42e96311,,,,,1778605380.471119
520e90a9-5e9e-4bfa-8244-34e70674e93f,0,3,10,551,2026-05-12T17:03:01.592178+00:00,order,cancel,bid,,4893dece-9a80-4fc0-8159-4085b2b48d5e,6b8a7a0e-6534-4c7f-ba8e-d90a38b5b936,44.0,1.0,-1.0,0.0,,,cancelled,,,,,,,1778605381.623155
520e90a9-5e9e-4bfa-8244-34e70674e93f,0,3,10,552,2026-05-12T17:03:02.508503+00:00,order,add,ask,,84629f7d-533a-4ee8-abc5-e0e3cc357b25,1a600171-9cfa-44bf-a3d4-b7322acefe1a,52.38,1.0,1.0,1.0,1,1.0,active,,,,,,,1778605382.525124
5273b4e4-2b4f-47fa-834f-bd0d84d237b0,0,3,9,407,2026-05-12T17:03:04.293819+00:00,order,cancel,bid,,9155c8a4-e192-4813-bb3d-4c7853e96709,1893c9fa-143a-45ae-8599-dfedb6054045,47.0,1.0,-1.0,0.0,,,cancelled,,,,,,,1778605384.309487
520e90a9-5e9e-4bfa-8244-34e70674e93f,0,3,10,553,2026-05-12T17:03:05.413493+00:00,order,add,ask,,ec4664ce-6d5b-4f04-a481-7a0f682a2f9d,c9677d60-b255-4563-955c-c09e7b64f2df,54.0,1.0,1.0,1.0,1,1.0,active,,,,,,,1778605385.429907
520e90a9-5e9e-4bfa-8244-34e70674e93f,0,3,10,554,2026-05-12T17:03:06.192811+00:00,order,add,bid,,94c36e96-9203-460d-85ae-f11faae5aa17,6b8a7a0e-6534-4c7f-ba8e-d90a38b5b936,49.0,1.0,1.0,1.0,1,1.0,active,,,,,,,1778605386.209428
520e90a9-5e9e-4bfa-8244-34e70674e93f,0,3,10,555,2026-05-12T17:03:06.539768+00:00,order,add,ask,,31b641be-3a37-41a9-bf70-46dcc1651535,1a600171-9cfa-44bf-a3d4-b7322acefe1a,50.88,1.0,1.0,1.0,1,1.0,active,,,,,,,1778605386.55607
5273b4e4-2b4f-47fa-834f-bd0d84d237b0,0,3,9,408,2026-05-12T17:03:06.965219+00:00,order,cancel,bid,,692632e9-ae8f-48db-8f76-8df834c89027,ede5b087-a2ea-49eb-9494-a67b961bfc79,51.0,1.0,-1.0,0.0,,,cancelled,,,,,,,1778605386.9817
5273b4e4-2b4f-47fa-834f-bd0d84d237b0,0,3,9,409,2026-05-12T17:03:07.597419+00:00,order,cancel,bid,,422f92e6-50f8-4a38-8c89-47f52cc65b71,ede5b087-a2ea-49eb-9494-a67b961bfc79,52.0,1.0,-1.0,0.0,,,cancelled,,,,,,,1778605387.614148
5273b4e4-2b4f-47fa-834f-bd0d84d237b0,0,3,10,410,2026-05-12T17:03:07.905467+00:00,order,add,bid,,8e4ca816-96e0-4f4a-b6d0-257a5b488e4b,4c5c436f-ca6c-40f1-9cb5-b8bc15205ad4,52.0,1.0,1.0,1.0,2,2.0,active,,,,,,,1778605387.923189
5273b4e4-2b4f-47fa-834f-bd0d84d237b0,0,3,10,411,2026-05-12T17:03:08.780606+00:00,order,add,bid,,446450bb-72b4-48c3-851d-7c4e931e9646,1893c9fa-143a-45ae-8599-dfedb6054045,39.0,1.0,1.0,1.0,1,1.0,active,,,,,,,1778605388.797846
520e90a9-5e9e-4bfa-8244-34e70674e93f,0,3,10,556,2026-05-12T17:03:11.019705+00:00,trade,trade,ask,S,,,49.0,1.0,,,,,,88b002f0-aeac-4b97-a45b-90766a085b4d,,94c36e96-9203-460d-85ae-f11faae5aa17,4ab079ef-5cd2-4e39-9129-98507f7f5dbd,6b8a7a0e-6534-4c7f-ba8e-d90a38b5b936,1a600171-9cfa-44bf-a3d4-b7322acefe1a,1778605391.035913
520e90a9-5e9e-4bfa-8244-34e70674e93f,0,3,10,557,2026-05-12T17:03:11.039208+00:00,order,fill,ask,,4ab079ef-5cd2-4e39-9129-98507f7f5dbd,1a600171-9cfa-44bf-a3d4-b7322acefe1a,49.0,1.0,-1.0,0.0,,,executed,88b002f0-aeac-4b97-a45b-90766a085b4d,94c36e96-9203-460d-85ae-f11faae5aa17,,,,,1778605391.054332
520e90a9-5e9e-4bfa-8244-34e70674e93f,0,3,10,558,2026-05-12T17:03:11.057360+00:00,order,fill,bid,,94c36e96-9203-460d-85ae-f11faae5aa17,6b8a7a0e-6534-4c7f-ba8e-d90a38b5b936,49.0,1.0,-1.0,0.0,,,executed,88b002f0-aeac-4b97-a45b-90766a085b4d,4ab079ef-5cd2-4e39-9129-98507f7f5dbd,,,,,1778605391.072134
520e90a9-5e9e-4bfa-8244-34e70674e93f,0,3,10,559,2026-05-12T17:03:11.107315+00:00,order,add,ask,,2e7c1fad-83c3-4673-89f3-78493be62c66,6b8a7a0e-6534-4c7f-ba8e-d90a38b5b936,51.0,1.0,1.0,1.0,1,1.0,active,,,,,,,1778605391.122936
5273b4e4-2b4f-47fa-834f-bd0d84d237b0,0,3,10,412,2026-05-12T17:03:11.861244+00:00,trade,trade,ask,S,,,52.0,1.0,,,,,,391f1033-9eb4-4e77-baca-1ec4b3c0c96f,,e3d9702c-b7c7-4613-980b-cb38ae9f4445,4da32933-8d49-4945-99f4-2df10b710d9b,d00142cb-036c-42b2-986f-4d8449293679,1893c9fa-143a-45ae-8599-dfedb6054045,1778605391.876712
5273b4e4-2b4f-47fa-834f-bd0d84d237b0,0,3,10,413,2026-05-12T17:03:11.879615+00:00,order,fill,ask,,4da32933-8d49-4945-99f4-2df10b710d9b,1893c9fa-143a-45ae-8599-dfedb6054045,52.0,1.0,-1.0,0.0,,,executed,391f1033-9eb4-4e77-baca-1ec4b3c0c96f,e3d9702c-b7c7-4613-980b-cb38ae9f4445,,,,,1778605391.894652
5273b4e4-2b4f-47fa-834f-bd0d84d237b0,0,3,10,414,2026-05-12T17:03:11.897693+00:00,order,fill,bid,,e3d9702c-b7c7-4613-980b-cb38ae9f4445,d00142cb-036c-42b2-986f-4d8449293679,52.0,1.0,-1.0,0.0,,,executed,391f1033-9eb4-4e77-baca-1ec4b3c0c96f,4da32933-8d49-4945-99f4-2df10b710d9b,,,,,1778605391.912268
5273b4e4-2b4f-47fa-834f-bd0d84d237b0,0,3,10,415,2026-05-12T17:03:11.962910+00:00,order,cancel,bid,,8e4ca816-96e0-4f4a-b6d0-257a5b488e4b,4c5c436f-ca6c-40f1-9cb5-b8bc15205ad4,52.0,1.0,-1.0,0.0,,,cancelled,,,,,,,1778605391.979209
520e90a9-5e9e-4bfa-8244-34e70674e93f,0,3,10,560,2026-05-12T17:03:12.023508+00:00,order,add,ask,,cf0581d2-5b2c-47a3-a872-48a9048fc849,a7efec93-ac3e-45ce-84ac-eb2844742dd5,49.0,1.0,1.0,1.0,1,1.0,active,,,,,,,1778605392.038879
5273b4e4-2b4f-47fa-834f-bd0d84d237b0,0,3,8,416,2026-05-12T17:03:12.835858+00:00,order,cancel,bid,,0378505a-d8d8-4219-bc66-b803e5ddffcd,bc7d5ce5-ff5f-43da-8411-1cc4780872be,40.0,1.0,-1.0,0.0,,,cancelled,,,,,,,1778605392.852013
5273b4e4-2b4f-47fa-834f-bd0d84d237b0,0,3,10,417,2026-05-12T17:03:14.093613+00:00,order,add,bid,,32329c42-5515-4dca-b745-0fd6460436be,ede5b087-a2ea-49eb-9494-a67b961bfc79,5.0,1.0,1.0,1.0,3,3.0,active,,,,,,,1778605394.110119
5273b4e4-2b4f-47fa-834f-bd0d84d237b0,0,3,10,418,2026-05-12T17:03:14.609083+00:00,order,add,ask,,ae30da58-c95f-49f1-af64-c076973f2577,d00142cb-036c-42b2-986f-4d8449293679,59.0,1.0,1.0,1.0,1,1.0,active,,,,,,,1778605394.624747
5273b4e4-2b4f-47fa-834f-bd0d84d237b0,0,3,10,419,2026-05-12T17:03:15.341254+00:00,trade,trade,ask,S,,,51.0,1.0,,,,,,7665b9eb-feb0-4d12-8cc9-0655d2b91d73,,77e63d00-02bf-4dc5-9036-710a650d7bfb,01c76005-85ea-482e-a01b-a820ce3a6741,d00142cb-036c-42b2-986f-4d8449293679,1893c9fa-143a-45ae-8599-dfedb6054045,1778605395.357751
5273b4e4-2b4f-47fa-834f-bd0d84d237b0,0,3,10,420,2026-05-12T17:03:15.360824+00:00,order,fill,ask,,01c76005-85ea-482e-a01b-a820ce3a6741,1893c9fa-143a-45ae-8599-dfedb6054045,51.0,1.0,-1.0,0.0,,,executed,7665b9eb-feb0-4d12-8cc9-0655d2b91d73,77e63d00-02bf-4dc5-9036-710a650d7bfb,,,,,1778605395.376111
5273b4e4-2b4f-47fa-834f-bd0d84d237b0,0,3,10,421,2026-05-12T17:03:15.379167+00:00,order,fill,bid,,77e63d00-02bf-4dc5-9036-710a650d7bfb,d00142cb-036c-42b2-986f-4d8449293679,51.0,1.0,-1.0,0.0,,,executed,7665b9eb-feb0-4d12-8cc9-0655d2b91d73,01c76005-85ea-482e-a01b-a820ce3a6741,,,,,1778605395.394261
5273b4e4-2b4f-47fa-834f-bd0d84d237b0,0,3,10,422,2026-05-12T17:03:16.698679+00:00,order,add,bid,,312b94de-5d05-43dc-a34b-3095661010f5,4c5c436f-ca6c-40f1-9cb5-b8bc15205ad4,51.0,1.0,1.0,1.0,1,1.0,active,,,,,,,1778605396.717608
5273b4e4-2b4f-47fa-834f-bd0d84d237b0,0,3,10,423,2026-05-12T17:03:16.892231+00:00,order,add,bid,,280fc72f-1fd7-4746-874c-3fa02337bbfb,ede5b087-a2ea-49eb-9494-a67b961bfc79,6.0,1.0,1.0,1.0,1,1.0,active,,,,,,,1778605396.90873
5273b4e4-2b4f-47fa-834f-bd0d84d237b0,0,3,10,424,2026-05-12T17:03:17.941918+00:00,trade,trade,ask,S,,,51.0,1.0,,,,,,32b1e021-46b2-4d86-be92-440f25cfd3f3,,312b94de-5d05-43dc-a34b-3095661010f5,6d70295b-8825-4ac2-bed6-67931ad16b7e,4c5c436f-ca6c-40f1-9cb5-b8bc15205ad4,1893c9fa-143a-45ae-8599-dfedb6054045,1778605397.959165
5273b4e4-2b4f-47fa-834f-bd0d84d237b0,0,3,10,425,2026-05-12T17:03:17.962845+00:00,order,fill,ask,,6d70295b-8825-4ac2-bed6-67931ad16b7e,1893c9fa-143a-45ae-8599-dfedb6054045,50.0,1.0,-1.0,0.0,,,executed,32b1e021-46b2-4d86-be92-440f25cfd3f3,312b94de-5d05-43dc-a34b-3095661010f5,,,,,1778605397.979579
5273b4e4-2b4f-47fa-834f-bd0d84d237b0,0,3,10,426,2026-05-12T17:03:17.982579+00:00,order,fill,bid,,312b94de-5d05-43dc-a34b-3095661010f5,4c5c436f-ca6c-40f1-9cb5-b8bc15205ad4,51.0,1.0,-1.0,0.0,,,executed,32b1e021-46b2-4d86-be92-440f25cfd3f3,6d70295b-8825-4ac2-bed6-67931ad16b7e,,,,,1778605397.9979
5273b4e4-2b4f-47fa-834f-bd0d84d237b0,0,3,10,427,2026-05-12T17:03:18.038257+00:00,order,add,bid,,e6756b26-8236-432e-b3d2-61524c29e055,d00142cb-036c-42b2-986f-4d8449293679,39.0,1.0,1.0,1.0,2,2.0,active,,,,,,,1778605398.05386
5273b4e4-2b4f-47fa-834f-bd0d84d237b0,0,3,10,428,2026-05-12T17:03:18.353810+00:00,order,add,ask,,4627caa8-798c-451f-9938-d41fad305db6,18711e8c-d4a6-4e40-ac02-472f81cda568,62.0,1.0,1.0,1.0,1,1.0,active,,,,,,,1778605398.371239
5273b4e4-2b4f-47fa-834f-bd0d84d237b0,0,3,10,429,2026-05-12T17:03:19.899656+00:00,order,add,bid,,e8270625-ad3e-4721-a380-719292a8641d,ede5b087-a2ea-49eb-9494-a67b961bfc79,7.0,1.0,1.0,1.0,1,1.0,active,,,,,,,1778605399.916802
5273b4e4-2b4f-47fa-834f-bd0d84d237b0,0,3,10,430,2026-05-12T17:03:20.138373+00:00,order,add,bid,,c97fddeb-d42c-4fa0-a7cc-3b8518e0a30c,bc7d5ce5-ff5f-43da-8411-1cc4780872be,30.0,1.0,1.0,1.0,1,1.0,active,,,,,,,1778605400.155435
5273b4e4-2b4f-47fa-834f-bd0d84d237b0,0,3,10,431,2026-05-12T17:03:20.190789+00:00,order,add,ask,,61d36c36-4e9b-458b-a951-7a56069beded,1893c9fa-143a-45ae-8599-dfedb6054045,55.0,1.0,1.0,1.0,1,1.0,active,,,,,,,1778605400.205858
5273b4e4-2b4f-47fa-834f-bd0d84d237b0,0,3,10,432,2026-05-12T17:03:20.937178+00:00,order,add,bid,,17b08c16-2f5f-4f72-a3b6-eaa06531f8ee,d00142cb-036c-42b2-986f-4d8449293679,6.0,1.0,1.0,1.0,2,2.0,active,,,,,,,1778605400.953696
5273b4e4-2b4f-47fa-834f-bd0d84d237b0,0,3,10,433,2026-05-12T17:03:23.066871+00:00,order,add,bid,,264e0ceb-a08a-4621-adae-a165abe60248,bc7d5ce5-ff5f-43da-8411-1cc4780872be,30.0,1.0,1.0,1.0,2,2.0,active,,,,,,,1778605403.082853
5273b4e4-2b4f-47fa-834f-bd0d84d237b0,0,3,10,434,2026-05-12T17:03:23.800863+00:00,order,add,bid,,3a963c8f-ee24-4cfe-9407-7f7d78e32228,d00142cb-036c-42b2-986f-4d8449293679,7.0,1.0,1.0,1.0,2,2.0,active,,,,,,,1778605403.819599
5273b4e4-2b4f-47fa-834f-bd0d84d237b0,0,3,10,435,2026-05-12T17:03:24.436768+00:00,trade,trade,ask,S,,,50.0,1.0,,,,,,c9761d11-155e-44c7-9e45-5b9b1591e5fd,,7710dbd5-8be3-4051-93e0-90eabb95e4ed,ba01b5f0-4d44-4434-aa1b-7ecc879750d4,d00142cb-036c-42b2-986f-4d8449293679,1893c9fa-143a-45ae-8599-dfedb6054045,1778605404.452336
5273b4e4-2b4f-47fa-834f-bd0d84d237b0,0,3,10,436,2026-05-12T17:03:24.455503+00:00,order,fill,ask,,ba01b5f0-4d44-4434-aa1b-7ecc879750d4,1893c9fa-143a-45ae-8599-dfedb6054045,50.0,1.0,-1.0,0.0,,,executed,c9761d11-155e-44c7-9e45-5b9b1591e5fd,7710dbd5-8be3-4051-93e0-90eabb95e4ed,,,,,1778605404.470867
5273b4e4-2b4f-47fa-834f-bd0d84d237b0,0,3,10,437,2026-05-12T17:03:24.473720+00:00,order,fill,bid,,7710dbd5-8be3-4051-93e0-90eabb95e4ed,d00142cb-036c-42b2-986f-4d8449293679,50.0,1.0,-1.0,0.0,,,executed,c9761d11-155e-44c7-9e45-5b9b1591e5fd,ba01b5f0-4d44-4434-aa1b-7ecc879750d4,,,,,1778605404.489081
5273b4e4-2b4f-47fa-834f-bd0d84d237b0,0,3,10,438,2026-05-12T17:03:24.552888+00:00,order,add,ask,,92d401d8-c964-4797-ae98-755f9c0bf734,18711e8c-d4a6-4e40-ac02-472f81cda568,61.0,1.0,1.0,1.0,1,1.0,active,,,,,,,1778605404.568739
5273b4e4-2b4f-47fa-834f-bd0d84d237b0,0,3,10,439,2026-05-12T17:03:24.836255+00:00,order,add,bid,,1a838540-6e0a-404a-a496-793cfb9f7c48,ede5b087-a2ea-49eb-9494-a67b961bfc79,8.0,1.0,1.0,1.0,1,1.0,active,,,,,,,1778605404.852567
5273b4e4-2b4f-47fa-834f-bd0d84d237b0,0,3,5,440,2026-05-12T17:03:25.202185+00:00,order,cancel,bid,,c4dfe821-b6f0-48da-a694-c46a6c610745,4c5c436f-ca6c-40f1-9cb5-b8bc15205ad4,50.0,1.0,-1.0,0.0,,,cancelled,,,,,,,1778605405.218265
5273b4e4-2b4f-47fa-834f-bd0d84d237b0,0,3,9,441,2026-05-12T17:03:26.107479+00:00,order,cancel,bid,,6b284d07-de1c-4784-994a-c345a4d7c2e9,bc7d5ce5-ff5f-43da-8411-1cc4780872be,38.0,1.0,-1.0,0.0,,,cancelled,,,,,,,1778605406.12332
5273b4e4-2b4f-47fa-834f-bd0d84d237b0,0,3,10,442,2026-05-12T17:03:27.325316+00:00,trade,trade,ask,S,,,50.0,1.0,,,,,,01ed0eed-14f1-436b-a6ce-6fa5d94216d0,,bd165da5-ae03-434c-82dd-027e25bb55fd,b64afc20-73bf-48d1-983d-3b03d4925f38,d00142cb-036c-42b2-986f-4d8449293679,1893c9fa-143a-45ae-8599-dfedb6054045,1778605407.341859
5273b4e4-2b4f-47fa-834f-bd0d84d237b0,0,3,10,443,2026-05-12T17:03:27.344968+00:00,order,fill,ask,,b64afc20-73bf-48d1-983d-3b03d4925f38,1893c9fa-143a-45ae-8599-dfedb6054045,50.0,1.0,-1.0,0.0,,,executed,01ed0eed-14f1-436b-a6ce-6fa5d94216d0,bd165da5-ae03-434c-82dd-027e25bb55fd,,,,,1778605407.360375
5273b4e4-2b4f-47fa-834f-bd0d84d237b0,0,3,10,444,2026-05-12T17:03:27.363488+00:00,order,fill,bid,,bd165da5-ae03-434c-82dd-027e25bb55fd,d00142cb-036c-42b2-986f-4d8449293679,50.0,1.0,-1.0,0.0,,,executed,01ed0eed-14f1-436b-a6ce-6fa5d94216d0,b64afc20-73bf-48d1-983d-3b03d4925f38,,,,,1778605407.378535
5273b4e4-2b4f-47fa-834f-bd0d84d237b0,0,3,10,445,2026-05-12T17:03:27.865075+00:00,order,add,bid,,f68ae6a6-99c9-474f-a567-7385445d41e2,d00142cb-036c-42b2-986f-4d8449293679,8.0,1.0,1.0,1.0,2,2.0,active,,,,,,,1778605407.881753
5273b4e4-2b4f-47fa-834f-bd0d84d237b0,0,3,2,446,2026-05-12T17:03:29.850500+00:00,order,cancel,ask,,dfc83fee-afcb-47b5-b7b2-912045caf2ef,18711e8c-d4a6-4e40-ac02-472f81cda568,123.0,1.0,-1.0,0.0,,,cancelled,,,,,,,1778605409.867728
5273b4e4-2b4f-47fa-834f-bd0d84d237b0,0,3,3,447,2026-05-12T17:03:29.893434+00:00,order,cancel,ask,,88725200-f6bc-4ed5-88ad-6d26c550cd1f,18711e8c-d4a6-4e40-ac02-472f81cda568,123.0,1.0,-1.0,0.0,,,cancelled,,,,,,,1778605409.909329
5273b4e4-2b4f-47fa-834f-bd0d84d237b0,0,3,2,448,2026-05-12T17:03:30.321949+00:00,order,cancel,ask,,49c23d43-13f2-41a7-b832-3ff5ea9d060f,18711e8c-d4a6-4e40-ac02-472f81cda568,120.0,1.0,-1.0,0.0,,,cancelled,,,,,,,1778605410.339116
5273b4e4-2b4f-47fa-834f-bd0d84d237b0,0,3,3,449,2026-05-12T17:03:30.363684+00:00,order,cancel,ask,,86c09be2-6e0b-41a7-b1cf-3970868db326,18711e8c-d4a6-4e40-ac02-472f81cda568,120.0,1.0,-1.0,0.0,,,cancelled,,,,,,,1778605410.380206
5273b4e4-2b4f-47fa-834f-bd0d84d237b0,0,3,5,450,2026-05-12T17:03:30.415808+00:00,order,cancel,ask,,c740a9b1-51fb-425f-a723-28c0893d4437,18711e8c-d4a6-4e40-ac02-472f81cda568,120.0,1.0,-1.0,0.0,,,cancelled,,,,,,,1778605410.433141
5273b4e4-2b4f-47fa-834f-bd0d84d237b0,0,3,3,451,2026-05-12T17:03:30.626898+00:00,order,cancel,ask,,49b25f1b-6d2f-4679-8195-60fd3169e672,18711e8c-d4a6-4e40-ac02-472f81cda568,119.0,1.0,-1.0,0.0,,,cancelled,,,,,,,1778605410.643119
5273b4e4-2b4f-47fa-834f-bd0d84d237b0,0,3,3,452,2026-05-12T17:03:30.994909+00:00,order,cancel,ask,,d20e7fc3-d698-468c-a4c3-3b269ae94914,18711e8c-d4a6-4e40-ac02-472f81cda568,118.0,1.0,-1.0,0.0,,,cancelled,,,,,,,1778605411.011511
5273b4e4-2b4f-47fa-834f-bd0d84d237b0,0,3,3,453,2026-05-12T17:03:31.308709+00:00,order,cancel,ask,,61640c8d-6b82-4622-bc95-59c59bed9397,18711e8c-d4a6-4e40-ac02-472f81cda568,117.0,1.0,-1.0,0.0,,,cancelled,,,,,,,1778605411.324428
5273b4e4-2b4f-47fa-834f-bd0d84d237b0,0,3,4,454,2026-05-12T17:03:31.347618+00:00,order,cancel,ask,,fd1157e1-11a5-46de-a14f-db4fac3cdd88,18711e8c-d4a6-4e40-ac02-472f81cda568,117.0,1.0,-1.0,0.0,,,cancelled,,,,,,,1778605411.363166
5273b4e4-2b4f-47fa-834f-bd0d84d237b0,0,3,4,455,2026-05-12T17:03:31.626447+00:00,order,cancel,ask,,e9f2998d-3d94-4a2e-ac31-763292270f21,18711e8c-d4a6-4e40-ac02-472f81cda568,116.0,1.0,-1.0,0.0,,,cancelled,,,,,,,1778605411.642529
5273b4e4-2b4f-47fa-834f-bd0d84d237b0,0,3,4,456,2026-05-12T17:03:32.571160+00:00,order,cancel,ask,,d8533f99-0945-416d-81b9-40a1d9ecbf04,18711e8c-d4a6-4e40-ac02-472f81cda568,114.0,1.0,-1.0,0.0,,,cancelled,,,,,,,1778605412.587938
5273b4e4-2b4f-47fa-834f-bd0d84d237b0,0,3,4,457,2026-05-12T17:03:32.611771+00:00,order,cancel,ask,,1c64c7ba-a5e2-4990-bd26-f05f56796571,18711e8c-d4a6-4e40-ac02-472f81cda568,114.0,1.0,-1.0,0.0,,,cancelled,,,,,,,1778605412.626482
5273b4e4-2b4f-47fa-834f-bd0d84d237b0,0,3,10,458,2026-05-12T17:03:32.906163+00:00,trade,trade,ask,S,,,50.0,1.0,,,,,,b5df4c25-e4db-4d78-9a77-a894c7505d30,,eeb7a89d-4bfe-4a1f-992b-ef75634e12ce,fc41a794-7219-41b1-9a45-59d627e0d964,d00142cb-036c-42b2-986f-4d8449293679,4c5c436f-ca6c-40f1-9cb5-b8bc15205ad4,1778605412.923305
5273b4e4-2b4f-47fa-834f-bd0d84d237b0,0,3,10,459,2026-05-12T17:03:32.926783+00:00,order,fill,ask,,fc41a794-7219-41b1-9a45-59d627e0d964,4c5c436f-ca6c-40f1-9cb5-b8bc15205ad4,40.0,1.0,-1.0,0.0,,,executed,b5df4c25-e4db-4d78-9a77-a894c7505d30,eeb7a89d-4bfe-4a1f-992b-ef75634e12ce,,,,,1778605412.942568
5273b4e4-2b4f-47fa-834f-bd0d84d237b0,0,3,10,460,2026-05-12T17:03:32.945640+00:00,order,fill,bid,,eeb7a89d-4bfe-4a1f-992b-ef75634e12ce,d00142cb-036c-42b2-986f-4d8449293679,50.0,1.0,-1.0,0.0,,,executed,b5df4c25-e4db-4d78-9a77-a894c7505d30,fc41a794-7219-41b1-9a45-59d627e0d964,,,,,1778605412.961689
5273b4e4-2b4f-47fa-834f-bd0d84d237b0,0,3,4,461,2026-05-12T17:03:32.999755+00:00,order,cancel,ask,,b730b9c3-f68f-4286-aa73-25e48820a628,18711e8c-d4a6-4e40-ac02-472f81cda568,113.0,1.0,-1.0,0.0,,,cancelled,,,,,,,1778605413.015736
5273b4e4-2b4f-47fa-834f-bd0d84d237b0,0,3,10,462,2026-05-12T17:03:33.282401+00:00,trade,trade,ask,S,,,50.0,1.0,,,,,,7347b1f1-144a-4aa4-8b19-4261514d0b28,,c2f6984a-01d4-498b-b8c7-51d1fe0d1fab,a302540f-f1d6-48e1-8a82-a97d03d692d6,d00142cb-036c-42b2-986f-4d8449293679,bc7d5ce5-ff5f-43da-8411-1cc4780872be,1778605413.298348
5273b4e4-2b4f-47fa-834f-bd0d84d237b0,0,3,10,463,2026-05-12T17:03:33.301450+00:00,order,fill,ask,,a302540f-f1d6-48e1-8a82-a97d03d692d6,bc7d5ce5-ff5f-43da-8411-1cc4780872be,50.0,1.0,-1.0,0.0,,,executed,7347b1f1-144a-4aa4-8b19-4261514d0b28,c2f6984a-01d4-498b-b8c7-51d1fe0d1fab,,,,,1778605413.316353
5273b4e4-2b4f-47fa-834f-bd0d84d237b0,0,3,10,464,2026-05-12T17:03:33.319358+00:00,order,fill,bid,,c2f6984a-01d4-498b-b8c7-51d1fe0d1fab,d00142cb-036c-42b2-986f-4d8449293679,50.0,1.0,-1.0,0.0,,,executed,7347b1f1-144a-4aa4-8b19-4261514d0b28,a302540f-f1d6-48e1-8a82-a97d03d692d6,,,,,1778605413.334506
5273b4e4-2b4f-47fa-834f-bd0d84d237b0,0,3,7,465,2026-05-12T17:03:33.874217+00:00,order,cancel,ask,,b3aae831-61c3-4768-9478-7773e77a572e,18711e8c-d4a6-4e40-ac02-472f81cda568,99.0,1.0,-1.0,0.0,,,cancelled,,,,,,,1778605413.890395
5273b4e4-2b4f-47fa-834f-bd0d84d237b0,0,3,7,466,2026-05-12T17:03:33.913554+00:00,order,cancel,ask,,5d9f78a3-973d-41d5-bd86-9a46c3d4171c,18711e8c-d4a6-4e40-ac02-472f81cda568,99.0,1.0,-1.0,0.0,,,cancelled,,,,,,,1778605413.928688
5273b4e4-2b4f-47fa-834f-bd0d84d237b0,0,3,2,467,2026-05-12T17:03:34.763205+00:00,order,cancel,ask,,7f277505-dfbf-4dff-8d60-b097b64ce6d0,18711e8c-d4a6-4e40-ac02-472f81cda568,130.0,1.0,-1.0,0.0,,,cancelled,,,,,,,1778605414.779509
5273b4e4-2b4f-47fa-834f-bd0d84d237b0,0,3,10,468,2026-05-12T17:03:34.816292+00:00,trade,trade,ask,S,,,50.0,1.0,,,,,,fba2182d-eeb5-4f3d-94e8-9b6c879592ad,,506fd0a0-be33-499c-9c96-9f0e5bdfd58e,8faad5f8-c57c-4b38-b1b2-a5cfa2dbebd9,d00142cb-036c-42b2-986f-4d8449293679,ede5b087-a2ea-49eb-9494-a67b961bfc79,1778605414.830928
5273b4e4-2b4f-47fa-834f-bd0d84d237b0,0,3,10,469,2026-05-12T17:03:34.834164+00:00,order,fill,ask,,8faad5f8-c57c-4b38-b1b2-a5cfa2dbebd9,ede5b087-a2ea-49eb-9494-a67b961bfc79,50.0,1.0,-1.0,0.0,,,executed,fba2182d-eeb5-4f3d-94e8-9b6c879592ad,506fd0a0-be33-499c-9c96-9f0e5bdfd58e,,,,,1778605414.849257
5273b4e4-2b4f-47fa-834f-bd0d84d237b0,0,3,10,470,2026-05-12T17:03:34.852020+00:00,order,fill,bid,,506fd0a0-be33-499c-9c96-9f0e5bdfd58e,d00142cb-036c-42b2-986f-4d8449293679,50.0,1.0,-1.0,0.0,,,executed,fba2182d-eeb5-4f3d-94e8-9b6c879592ad,8faad5f8-c57c-4b38-b1b2-a5cfa2dbebd9,,,,,1778605414.868223
5273b4e4-2b4f-47fa-834f-bd0d84d237b0,0,3,6,471,2026-05-12T17:03:35.603158+00:00,order,cancel,ask,,877cf8ca-7848-4b0b-9286-c02137103a80,18711e8c-d4a6-4e40-ac02-472f81cda568,94.0,1.0,-1.0,0.0,,,cancelled,,,,,,,1778605415.619482
5273b4e4-2b4f-47fa-834f-bd0d84d237b0,0,3,6,472,2026-05-12T17:03:36.001518+00:00,order,cancel,ask,,f3cb4b47-bee1-4d0a-926a-9b72c3c8210f,18711e8c-d4a6-4e40-ac02-472f81cda568,91.0,1.0,-1.0,0.0,,,cancelled,,,,,,,1778605416.017921
5273b4e4-2b4f-47fa-834f-bd0d84d237b0,0,3,7,473,2026-05-12T17:03:36.761567+00:00,order,cancel,ask,,ecd6de0c-dec8-4940-ad58-ada3d20ea17d,18711e8c-d4a6-4e40-ac02-472f81cda568,89.0,1.0,-1.0,0.0,,,cancelled,,,,,,,1778605416.777404
5273b4e4-2b4f-47fa-834f-bd0d84d237b0,0,3,7,474,2026-05-12T17:03:37.474718+00:00,order,cancel,ask,,02512cdd-16f5-44a8-9dfd-fa5368e05981,18711e8c-d4a6-4e40-ac02-472f81cda568,82.0,1.0,-1.0,0.0,,,cancelled,,,,,,,1778605417.490486
5273b4e4-2b4f-47fa-834f-bd0d84d237b0,0,3,7,475,2026-05-12T17:03:38.186710+00:00,order,cancel,ask,,e4ba2e90-03eb-474f-ba84-49d4f8852290,18711e8c-d4a6-4e40-ac02-472f81cda568,79.0,1.0,-1.0,0.0,,,cancelled,,,,,,,1778605418.202215
5273b4e4-2b4f-47fa-834f-bd0d84d237b0,0,3,10,476,2026-05-12T17:03:38.425231+00:00,order,add,ask,,72901e8b-07bf-4761-a811-571b206c6dcd,d00142cb-036c-42b2-986f-4d8449293679,49.0,1.0,1.0,1.0,1,1.0,active,,,,,,,1778605418.441731
5273b4e4-2b4f-47fa-834f-bd0d84d237b0,0,3,10,477,2026-05-12T17:03:38.659138+00:00,order,add,ask,,4a614662-cfb3-4808-bc63-0b65f5be28f0,bc7d5ce5-ff5f-43da-8411-1cc4780872be,52.5,1.0,1.0,1.0,1,1.0,active,,,,,,,1778605418.675073
520e90a9-5e9e-4bfa-8244-34e70674e93f,0,3,10,561,2026-05-12T17:03:38.980244+00:00,order,cancel,bid,,811ea339-ebdc-4681-bada-094a097073ac,1a600171-9cfa-44bf-a3d4-b7322acefe1a,48.0,1.0,-1.0,0.0,,,cancelled,,,,,,,1778605418.996803
5273b4e4-2b4f-47fa-834f-bd0d84d237b0,0,3,8,478,2026-05-12T17:03:39.395394+00:00,order,cancel,ask,,0370a086-902b-4ced-8d05-adb163f1c6d1,18711e8c-d4a6-4e40-ac02-472f81cda568,77.0,1.0,-1.0,0.0,,,cancelled,,,,,,,1778605419.410103
5273b4e4-2b4f-47fa-834f-bd0d84d237b0,0,3,8,479,2026-05-12T17:03:39.432937+00:00,order,cancel,ask,,8d371ecd-63f7-46d8-8d0e-19fd8f4eb7ca,18711e8c-d4a6-4e40-ac02-472f81cda568,77.0,1.0,-1.0,0.0,,,cancelled,,,,,,,1778605419.447779
5273b4e4-2b4f-47fa-834f-bd0d84d237b0,0,3,9,480,2026-05-12T17:03:39.479701+00:00,order,cancel,ask,,552fcbd7-2b9d-4c3e-a5a8-4cf20684cdc8,18711e8c-d4a6-4e40-ac02-472f81cda568,77.0,1.0,-1.0,0.0,,,cancelled,,,,,,,1778605419.494354
520e90a9-5e9e-4bfa-8244-34e70674e93f,0,3,11,562,2026-05-12T17:03:39.640415+00:00,order,add,ask,,0754fae4-4b87-42ca-bb9b-34106a7b5da0,6b8a7a0e-6534-4c7f-ba8e-d90a38b5b936,48.0,1.0,1.0,1.0,1,1.0,active,,,,,,,1778605419.656397
5273b4e4-2b4f-47fa-834f-bd0d84d237b0,0,3,8,481,2026-05-12T17:03:40.218298+00:00,order,cancel,ask,,8d19f51b-6ed2-4351-bd64-ba45b38ec4de,18711e8c-d4a6-4e40-ac02-472f81cda568,76.0,1.0,-1.0,0.0,,,cancelled,,,,,,,1778605420.235568
520e90a9-5e9e-4bfa-8244-34e70674e93f,0,3,10,563,2026-05-12T17:03:41.486751+00:00,order,cancel,ask,,ec4664ce-6d5b-4f04-a481-7a0f682a2f9d,c9677d60-b255-4563-955c-c09e7b64f2df,54.0,1.0,-1.0,0.0,,,cancelled,,,,,,,1778605421.502427
520e90a9-5e9e-4bfa-8244-34e70674e93f,0,3,10,564,2026-05-12T17:03:41.836396+00:00,order,cancel,bid,,caf351a5-a085-439e-be66-265fd2140cab,1a600171-9cfa-44bf-a3d4-b7322acefe1a,47.0,1.0,-1.0,0.0,,,cancelled,,,,,,,1778605421.852428
5273b4e4-2b4f-47fa-834f-bd0d84d237b0,0,3,8,482,2026-05-12T17:03:41.887194+00:00,order,cancel,ask,,2a23284d-2d45-427f-90bf-267d002354f4,bc7d5ce5-ff5f-43da-8411-1cc4780872be,63.5,1.0,-1.0,0.0,,,cancelled,,,,,,,1778605421.902115
520e90a9-5e9e-4bfa-8244-34e70674e93f,0,3,11,565,2026-05-12T17:03:41.941647+00:00,trade,trade,bid,B,,,48.0,1.0,,,,,,5b8c32ec-2fac-43c9-b510-c808a9a0dc98,,3cbebfba-03f7-4c8c-bdfd-9284692fae96,0754fae4-4b87-42ca-bb9b-34106a7b5da0,a7efec93-ac3e-45ce-84ac-eb2844742dd5,6b8a7a0e-6534-4c7f-ba8e-d90a38b5b936,1778605421.957179
520e90a9-5e9e-4bfa-8244-34e70674e93f,0,3,11,566,2026-05-12T17:03:41.960166+00:00,order,fill,ask,,0754fae4-4b87-42ca-bb9b-34106a7b5da0,6b8a7a0e-6534-4c7f-ba8e-d90a38b5b936,48.0,1.0,-1.0,0.0,,,executed,5b8c32ec-2fac-43c9-b510-c808a9a0dc98,3cbebfba-03f7-4c8c-bdfd-9284692fae96,,,,,1778605421.974913
520e90a9-5e9e-4bfa-8244-34e70674e93f,0,3,11,567,2026-05-12T17:03:41.977822+00:00,order,fill,bid,,3cbebfba-03f7-4c8c-bdfd-9284692fae96,a7efec93-ac3e-45ce-84ac-eb2844742dd5,48.5,1.0,-1.0,0.0,,,executed,5b8c32ec-2fac-43c9-b510-c808a9a0dc98,0754fae4-4b87-42ca-bb9b-34106a7b5da0,,,,,1778605421.992686
5273b4e4-2b4f-47fa-834f-bd0d84d237b0,0,3,10,483,2026-05-12T17:03:42.393686+00:00,order,add,ask,,18863786-e36f-4564-acb0-3dd7b9f59868,4c5c436f-ca6c-40f1-9cb5-b8bc15205ad4,52.5,1.0,1.0,1.0,2,2.0,active,,,,,,,1778605422.409945
520e90a9-5e9e-4bfa-8244-34e70674e93f,0,3,11,568,2026-05-12T17:03:46.008834+00:00,order,add,bid,,0c162358-2dd8-49dd-9640-04d784365f37,6b8a7a0e-6534-4c7f-ba8e-d90a38b5b936,44.0,1.0,1.0,1.0,1,1.0,active,,,,,,,1778605426.025916
5273b4e4-2b4f-47fa-834f-bd0d84d237b0,0,3,10,484,2026-05-12T17:03:46.321707+00:00,order,add,ask,,596e7c70-629f-4ccf-be1f-0aba22c3c7b5,18711e8c-d4a6-4e40-ac02-472f81cda568,62.0,1.0,1.0,1.0,2,2.0,active,,,,,,,1778605426.339188
520e90a9-5e9e-4bfa-8244-34e70674e93f,0,3,11,569,2026-05-12T17:03:46.453096+00:00,order,add,ask,,1371d160-3dab-452e-9e2c-c69e25b0c4f8,a7efec93-ac3e-45ce-84ac-eb2844742dd5,45.0,1.0,1.0,1.0,1,1.0,active,,,,,,,1778605426.46964
5273b4e4-2b4f-47fa-834f-bd0d84d237b0,0,3,10,485,2026-05-12T17:03:48.464398+00:00,order,add,bid,,1bcf1982-dc5c-44ff-a5ae-febe145a41ac,d00142cb-036c-42b2-986f-4d8449293679,30.0,1.0,1.0,1.0,3,3.0,active,,,,,,,1778605428.481693
520e90a9-5e9e-4bfa-8244-34e70674e93f,0,3,11,570,2026-05-12T17:03:49.974890+00:00,order,add,ask,,14df5a4f-4012-4429-87cf-36ee6ee626cf,cb46e42c-c695-4491-ae41-767eb4004474,49.0,1.0,1.0,1.0,2,2.0,active,,,,,,,1778605429.991768
5273b4e4-2b4f-47fa-834f-bd0d84d237b0,0,3,10,486,2026-05-12T17:03:50.418724+00:00,order,add,ask,,d8f13aa2-7712-4531-9e9f-d762bc8b2d52,bc7d5ce5-ff5f-43da-8411-1cc4780872be,48.0,1.0,1.0,1.0,1,1.0,active,,,,,,,1778605430.435548
520e90a9-5e9e-4bfa-8244-34e70674e93f,0,3,11,571,2026-05-12T17:03:50.472486+00:00,trade,trade,ask,S,,,44.0,1.0,,,,,,5e1f652c-906b-43b6-a938-14a11f86c86d,,0c162358-2dd8-49dd-9640-04d784365f37,e9ddb5bf-718e-43c0-be8d-c690a3b3c28a,6b8a7a0e-6534-4c7f-ba8e-d90a38b5b936,1a600171-9cfa-44bf-a3d4-b7322acefe1a,1778605430.48809
520e90a9-5e9e-4bfa-8244-34e70674e93f,0,3,11,572,2026-05-12T17:03:50.491384+00:00,order,fill,ask,,e9ddb5bf-718e-43c0-be8d-c690a3b3c28a,1a600171-9cfa-44bf-a3d4-b7322acefe1a,44.0,1.0,-1.0,0.0,,,executed,5e1f652c-906b-43b6-a938-14a11f86c86d,0c162358-2dd8-49dd-9640-04d784365f37,,,,,1778605430.506248
520e90a9-5e9e-4bfa-8244-34e70674e93f,0,3,11,573,2026-05-12T17:03:50.509131+00:00,order,fill,bid,,0c162358-2dd8-49dd-9640-04d784365f37,6b8a7a0e-6534-4c7f-ba8e-d90a38b5b936,44.0,1.0,-1.0,0.0,,,executed,5e1f652c-906b-43b6-a938-14a11f86c86d,e9ddb5bf-718e-43c0-be8d-c690a3b3c28a,,,,,1778605430.52423
520e90a9-5e9e-4bfa-8244-34e70674e93f,0,3,11,574,2026-05-12T17:03:50.773094+00:00,order,add,ask,,8dcea3d6-3fd9-46c3-973d-3bb4effeb4c1,a7efec93-ac3e-45ce-84ac-eb2844742dd5,44.0,1.0,1.0,1.0,1,1.0,active,,,,,,,1778605430.789938
5273b4e4-2b4f-47fa-834f-bd0d84d237b0,0,3,10,487,2026-05-12T17:03:51.651281+00:00,order,add,ask,,92c2ed04-6273-4362-9210-26405f0df1f9,18711e8c-d4a6-4e40-ac02-472f81cda568,58.0,1.0,1.0,1.0,1,1.0,active,,,,,,,1778605431.668213
520e90a9-5e9e-4bfa-8244-34e70674e93f,0,3,11,575,2026-05-12T17:03:51.992586+00:00,order,add,ask,,67e45396-7020-450d-bd8e-afc4d323f94a,6b8a7a0e-6534-4c7f-ba8e-d90a38b5b936,44.0,1.0,1.0,1.0,2,2.0,active,,,,,,,1778605432.010377
520e90a9-5e9e-4bfa-8244-34e70674e93f,0,3,10,576,2026-05-12T17:03:52.542302+00:00,order,cancel,ask,,725244c7-9f8f-4a5a-b680-f6c974d43407,a7efec93-ac3e-45ce-84ac-eb2844742dd5,53.75,1.0,-1.0,0.0,,,cancelled,,,,,,,1778605432.5584
520e90a9-5e9e-4bfa-8244-34e70674e93f,0,3,10,577,2026-05-12T17:03:53.222145+00:00,order,cancel,ask,,cf0581d2-5b2c-47a3-a872-48a9048fc849,a7efec93-ac3e-45ce-84ac-eb2844742dd5,49.0,1.0,-1.0,0.0,,,cancelled,,,,,,,1778605433.238234
520e90a9-5e9e-4bfa-8244-34e70674e93f,0,3,11,578,2026-05-12T17:03:53.459887+00:00,trade,trade,ask,S,,,43.0,1.0,,,,,,ea536763-b179-4f27-a30d-1d3a5c6e0a6e,,0a1e590a-f5e5-4e8d-80d4-e97028054ad1,25dda34a-8e88-4998-a5ce-1ce1f120d240,a7efec93-ac3e-45ce-84ac-eb2844742dd5,1a600171-9cfa-44bf-a3d4-b7322acefe1a,1778605433.475634
520e90a9-5e9e-4bfa-8244-34e70674e93f,0,3,11,579,2026-05-12T17:03:53.478788+00:00,order,fill,ask,,25dda34a-8e88-4998-a5ce-1ce1f120d240,1a600171-9cfa-44bf-a3d4-b7322acefe1a,43.0,1.0,-1.0,0.0,,,executed,ea536763-b179-4f27-a30d-1d3a5c6e0a6e,0a1e590a-f5e5-4e8d-80d4-e97028054ad1,,,,,1778605433.494101
520e90a9-5e9e-4bfa-8244-34e70674e93f,0,3,11,580,2026-05-12T17:03:53.497132+00:00,order,fill,bid,,0a1e590a-f5e5-4e8d-80d4-e97028054ad1,a7efec93-ac3e-45ce-84ac-eb2844742dd5,43.0,1.0,-1.0,0.0,,,executed,ea536763-b179-4f27-a30d-1d3a5c6e0a6e,25dda34a-8e88-4998-a5ce-1ce1f120d240,,,,,1778605433.514695
520e90a9-5e9e-4bfa-8244-34e70674e93f,0,3,11,581,2026-05-12T17:03:53.789169+00:00,order,add,ask,,8e91929b-8cc9-4959-8727-d5ee455cc122,c9677d60-b255-4563-955c-c09e7b64f2df,50.0,1.0,1.0,1.0,1,1.0,active,,,,,,,1778605433.805853
5273b4e4-2b4f-47fa-834f-bd0d84d237b0,0,3,9,488,2026-05-12T17:03:54.410034+00:00,order,cancel,bid,,8e8623f8-4d5d-4afb-94da-702739525304,d00142cb-036c-42b2-986f-4d8449293679,47.0,1.0,-1.0,0.0,,,cancelled,,,,,,,1778605434.425853
5273b4e4-2b4f-47fa-834f-bd0d84d237b0,0,3,10,489,2026-05-12T17:03:55.857021+00:00,order,add,ask,,303fab1d-8338-4454-800e-bfb6c232301a,18711e8c-d4a6-4e40-ac02-472f81cda568,59.0,1.0,1.0,1.0,2,2.0,active,,,,,,,1778605435.873503
520e90a9-5e9e-4bfa-8244-34e70674e93f,0,3,10,582,2026-05-12T17:03:55.911304+00:00,order,cancel,ask,,84629f7d-533a-4ee8-abc5-e0e3cc357b25,1a600171-9cfa-44bf-a3d4-b7322acefe1a,52.38,1.0,-1.0,0.0,,,cancelled,,,,,,,1778605435.926879
520e90a9-5e9e-4bfa-8244-34e70674e93f,0,3,10,583,2026-05-12T17:03:56.332615+00:00,order,cancel,ask,,616003a7-5a9e-4e5d-9b01-7715b09f5bbe,1a600171-9cfa-44bf-a3d4-b7322acefe1a,55.0,1.0,-1.0,0.0,,,cancelled,,,,,,,1778605436.348238
520e90a9-5e9e-4bfa-8244-34e70674e93f,0,3,10,584,2026-05-12T17:03:56.548325+00:00,order,cancel,ask,,3bd6d588-da85-4170-a1a1-1e597c4b811e,1a600171-9cfa-44bf-a3d4-b7322acefe1a,57.0,1.0,-1.0,0.0,,,cancelled,,,,,,,1778605436.564924
520e90a9-5e9e-4bfa-8244-34e70674e93f,0,3,11,585,2026-05-12T17:03:56.647759+00:00,order,add,bid,,59dd261c-975c-4700-b4b0-9c0de100cb5a,6b8a7a0e-6534-4c7f-ba8e-d90a38b5b936,30.0,1.0,1.0,1.0,1,1.0,active,,,,,,,1778605436.664146
520e90a9-5e9e-4bfa-8244-34e70674e93f,0,3,9,586,2026-05-12T17:03:56.779363+00:00,order,cancel,ask,,f462bc83-63c7-4f69-bf6b-4dfab12d8def,1a600171-9cfa-44bf-a3d4-b7322acefe1a,66.0,1.0,-1.0,0.0,,,cancelled,,,,,,,1778605436.79573
520e90a9-5e9e-4bfa-8244-34e70674e93f,0,3,10,587,2026-05-12T17:03:57.828516+00:00,order,cancel,ask,,31b641be-3a37-41a9-bf70-46dcc1651535,1a600171-9cfa-44bf-a3d4-b7322acefe1a,50.88,1.0,-1.0,0.0,,,cancelled,,,,,,,1778605437.844577
5273b4e4-2b4f-47fa-834f-bd0d84d237b0,0,3,10,490,2026-05-12T17:04:00.546079+00:00,order,add,ask,,40bc85f9-4314-4420-8dd7-b39760815a94,bc7d5ce5-ff5f-43da-8411-1cc4780872be,48.0,1.0,1.0,1.0,2,2.0,active,,,,,,,1778605440.562674
5273b4e4-2b4f-47fa-834f-bd0d84d237b0,0,3,10,491,2026-05-12T17:04:00.624435+00:00,order,add,ask,,b2c28293-cb97-4362-8686-83f7dff94119,d00142cb-036c-42b2-986f-4d8449293679,46.0,1.0,1.0,1.0,1,1.0,active,,,,,,,1778605440.64096
5273b4e4-2b4f-47fa-834f-bd0d84d237b0,0,3,10,492,2026-05-12T17:04:00.664633+00:00,order,add,ask,,8704a2da-31ca-4af1-9510-54175b74d0d5,18711e8c-d4a6-4e40-ac02-472f81cda568,53.0,1.0,1.0,1.0,1,1.0,active,,,,,,,1778605440.680904
520e90a9-5e9e-4bfa-8244-34e70674e93f,0,3,11,588,2026-05-12T17:04:02.148264+00:00,order,add,bid,,15694663-9eb5-4b3c-81a8-ececdedbe598,1a600171-9cfa-44bf-a3d4-b7322acefe1a,35.0,1.0,1.0,1.0,1,1.0,active,,,,,,,1778605442.168023
520e90a9-5e9e-4bfa-8244-34e70674e93f,0,3,11,589,2026-05-12T17:04:04.173613+00:00,order,add,bid,,741c20cc-893a-4db4-b895-45b044f27ae6,a7efec93-ac3e-45ce-84ac-eb2844742dd5,39.0,1.0,1.0,1.0,1,1.0,active,,,,,,,1778605444.190741
520e90a9-5e9e-4bfa-8244-34e70674e93f,0,3,11,590,2026-05-12T17:04:05.974247+00:00,trade,trade,ask,S,,,39.0,1.0,,,,,,d6ddc764-39b6-4051-9874-44153c22bef6,,741c20cc-893a-4db4-b895-45b044f27ae6,134621c8-0003-43be-bba5-82a12a3d4cf2,a7efec93-ac3e-45ce-84ac-eb2844742dd5,5e6b5ec7-66f5-446f-b458-3b18596521a3,1778605445.990704
520e90a9-5e9e-4bfa-8244-34e70674e93f,0,3,11,591,2026-05-12T17:04:05.994448+00:00,order,fill,ask,,134621c8-0003-43be-bba5-82a12a3d4cf2,5e6b5ec7-66f5-446f-b458-3b18596521a3,39.0,1.0,-1.0,0.0,,,executed,d6ddc764-39b6-4051-9874-44153c22bef6,741c20cc-893a-4db4-b895-45b044f27ae6,,,,,1778605446.010371
520e90a9-5e9e-4bfa-8244-34e70674e93f,0,3,11,592,2026-05-12T17:04:06.013440+00:00,order,fill,bid,,741c20cc-893a-4db4-b895-45b044f27ae6,a7efec93-ac3e-45ce-84ac-eb2844742dd5,39.0,1.0,-1.0,0.0,,,executed,d6ddc764-39b6-4051-9874-44153c22bef6,134621c8-0003-43be-bba5-82a12a3d4cf2,,,,,1778605446.028575
520e90a9-5e9e-4bfa-8244-34e70674e93f,0,3,11,593,2026-05-12T17:04:06.509300+00:00,order,cancel,ask,,8e91929b-8cc9-4959-8727-d5ee455cc122,c9677d60-b255-4563-955c-c09e7b64f2df,50.0,1.0,-1.0,0.0,,,cancelled,,,,,,,1778605446.525193
520e90a9-5e9e-4bfa-8244-34e70674e93f,0,3,11,594,2026-05-12T17:04:07.456814+00:00,order,add,bid,,18154de8-3bfd-4d86-b6d9-f20641edc07a,6b8a7a0e-6534-4c7f-ba8e-d90a38b5b936,40.0,1.0,1.0,1.0,1,1.0,active,,,,,,,1778605447.473715
520e90a9-5e9e-4bfa-8244-34e70674e93f,0,3,11,595,2026-05-12T17:04:07.937326+00:00,order,cancel,ask,,14df5a4f-4012-4429-87cf-36ee6ee626cf,cb46e42c-c695-4491-ae41-767eb4004474,49.0,1.0,-1.0,0.0,,,cancelled,,,,,,,1778605447.953788
520e90a9-5e9e-4bfa-8244-34e70674e93f,0,3,11,596,2026-05-12T17:04:08.309251+00:00,order,add,ask,,713e4b27-309f-45d8-a9da-767705b6e6c7,c9677d60-b255-4563-955c-c09e7b64f2df,43.0,1.0,1.0,1.0,1,1.0,active,,,,,,,1778605448.326261
520e90a9-5e9e-4bfa-8244-34e70674e93f,0,3,11,597,2026-05-12T17:04:10.803661+00:00,order,add,ask,,aad4c524-8928-4ae1-b76d-3956f7156ad4,1a600171-9cfa-44bf-a3d4-b7322acefe1a,43.5,1.0,1.0,1.0,1,1.0,active,,,,,,,1778605450.820995
520e90a9-5e9e-4bfa-8244-34e70674e93f,0,3,11,598,2026-05-12T17:04:12.544204+00:00,order,add,ask,,fec589de-2153-48a1-aeba-b5dba4eb7bd1,6b8a7a0e-6534-4c7f-ba8e-d90a38b5b936,43.0,1.0,1.0,1.0,2,2.0,active,,,,,,,1778605452.560873
520e90a9-5e9e-4bfa-8244-34e70674e93f,0,3,11,599,2026-05-12T17:04:13.208029+00:00,trade,trade,ask,S,,,40.0,1.0,,,,,,f0e9f560-0e01-42dd-8e87-92a05152ecd2,,18154de8-3bfd-4d86-b6d9-f20641edc07a,14f212b1-2c15-4b88-bd5f-416377b1e09e,6b8a7a0e-6534-4c7f-ba8e-d90a38b5b936,cb46e42c-c695-4491-ae41-767eb4004474,1778605453.224951
520e90a9-5e9e-4bfa-8244-34e70674e93f,0,3,11,600,2026-05-12T17:04:13.228160+00:00,order,fill,ask,,14f212b1-2c15-4b88-bd5f-416377b1e09e,cb46e42c-c695-4491-ae41-767eb4004474,40.0,1.0,-1.0,0.0,,,executed,f0e9f560-0e01-42dd-8e87-92a05152ecd2,18154de8-3bfd-4d86-b6d9-f20641edc07a,,,,,1778605453.243455
520e90a9-5e9e-4bfa-8244-34e70674e93f,0,3,11,601,2026-05-12T17:04:13.246376+00:00,order,fill,bid,,18154de8-3bfd-4d86-b6d9-f20641edc07a,6b8a7a0e-6534-4c7f-ba8e-d90a38b5b936,40.0,1.0,-1.0,0.0,,,executed,f0e9f560-0e01-42dd-8e87-92a05152ecd2,14f212b1-2c15-4b88-bd5f-416377b1e09e,,,,,1778605453.261915
520e90a9-5e9e-4bfa-8244-34e70674e93f,0,3,10,602,2026-05-12T17:04:14.336302+00:00,order,cancel,ask,,2e7c1fad-83c3-4673-89f3-78493be62c66,6b8a7a0e-6534-4c7f-ba8e-d90a38b5b936,51.0,1.0,-1.0,0.0,,,cancelled,,,,,,,1778605454.352859
520e90a9-5e9e-4bfa-8244-34e70674e93f,0,3,11,603,2026-05-12T17:04:16.443705+00:00,order,add,ask,,4cf3d34b-40a4-4bcc-84fb-4ccff2fd2905,1a600171-9cfa-44bf-a3d4-b7322acefe1a,42.5,1.0,1.0,1.0,1,1.0,active,,,,,,,1778605456.459836
5273b4e4-2b4f-47fa-834f-bd0d84d237b0,0,3,10,493,2026-05-12T17:04:17.758158+00:00,order,cancel,bid,,446450bb-72b4-48c3-851d-7c4e931e9646,1893c9fa-143a-45ae-8599-dfedb6054045,39.0,1.0,-1.0,0.0,,,cancelled,,,,,,,1778605457.775702
5273b4e4-2b4f-47fa-834f-bd0d84d237b0,0,3,8,494,2026-05-12T17:04:18.804324+00:00,order,cancel,bid,,4b7bd4b9-5d33-4e73-a6c4-dcdda7de575c,bc7d5ce5-ff5f-43da-8411-1cc4780872be,32.0,1.0,-1.0,0.0,,,cancelled,,,,,,,1778605458.821641
520e90a9-5e9e-4bfa-8244-34e70674e93f,0,3,11,604,2026-05-12T17:04:19.165449+00:00,order,cancel,bid,,15694663-9eb5-4b3c-81a8-ececdedbe598,1a600171-9cfa-44bf-a3d4-b7322acefe1a,35.0,1.0,-1.0,0.0,,,cancelled,,,,,,,1778605459.182012
520e90a9-5e9e-4bfa-8244-34e70674e93f,0,3,11,605,2026-05-12T17:04:19.640012+00:00,order,add,bid,,84c1ba32-e039-4af5-8614-29256dd781cf,6b8a7a0e-6534-4c7f-ba8e-d90a38b5b936,36.0,1.0,1.0,1.0,1,1.0,active,,,,,,,1778605459.657173
5273b4e4-2b4f-47fa-834f-bd0d84d237b0,0,3,11,495,2026-05-12T17:04:20.484674+00:00,order,add,bid,,072fe630-dcc4-4e36-a5d6-4f9e8ab67b7b,1893c9fa-143a-45ae-8599-dfedb6054045,31.0,1.0,1.0,1.0,1,1.0,active,,,,,,,1778605460.501783
520e90a9-5e9e-4bfa-8244-34e70674e93f,0,3,11,606,2026-05-12T17:04:21.806276+00:00,order,add,ask,,d8b37bf2-46aa-4a93-9dac-dc3d9c352e3d,c9677d60-b255-4563-955c-c09e7b64f2df,41.0,1.0,1.0,1.0,1,1.0,active,,,,,,,1778605461.822377
5273b4e4-2b4f-47fa-834f-bd0d84d237b0,0,3,10,496,2026-05-12T17:04:22.758132+00:00,order,cancel,ask,,61d36c36-4e9b-458b-a951-7a56069beded,1893c9fa-143a-45ae-8599-dfedb6054045,55.0,1.0,-1.0,0.0,,,cancelled,,,,,,,1778605462.774945
5273b4e4-2b4f-47fa-834f-bd0d84d237b0,0,3,11,497,2026-05-12T17:04:22.873696+00:00,order,add,bid,,99f44404-887e-44fe-bb2e-7748f9a17e7f,d00142cb-036c-42b2-986f-4d8449293679,31.0,1.0,1.0,1.0,2,2.0,active,,,,,,,1778605462.890361
520e90a9-5e9e-4bfa-8244-34e70674e93f,0,3,11,607,2026-05-12T17:04:22.944676+00:00,order,cancel,bid,,84c1ba32-e039-4af5-8614-29256dd781cf,6b8a7a0e-6534-4c7f-ba8e-d90a38b5b936,36.0,1.0,-1.0,0.0,,,cancelled,,,,,,,1778605462.960115
520e90a9-5e9e-4bfa-8244-34e70674e93f,0,3,11,608,2026-05-12T17:04:23.429076+00:00,order,cancel,ask,,713e4b27-309f-45d8-a9da-767705b6e6c7,c9677d60-b255-4563-955c-c09e7b64f2df,43.0,1.0,-1.0,0.0,,,cancelled,,,,,,,1778605463.445153
5273b4e4-2b4f-47fa-834f-bd0d84d237b0,0,3,11,498,2026-05-12T17:04:25.579492+00:00,order,add,bid,,215d3522-a79c-4aef-95e7-c6ed23117668,bc7d5ce5-ff5f-43da-8411-1cc4780872be,24.0,1.0,1.0,1.0,1,1.0,active,,,,,,,1778605465.595937
5273b4e4-2b4f-47fa-834f-bd0d84d237b0,0,3,11,499,2026-05-12T17:04:28.154602+00:00,trade,trade,ask,S,,,41.0,1.0,,,,,,c7277703-1de3-46e4-9330-d815a95b7ba5,,486007f9-7ad0-4d75-abd1-9ae4be3c252d,7f9ec021-8709-4c0e-b403-7a692e49d604,d00142cb-036c-42b2-986f-4d8449293679,4c5c436f-ca6c-40f1-9cb5-b8bc15205ad4,1778605468.170474
5273b4e4-2b4f-47fa-834f-bd0d84d237b0,0,3,11,500,2026-05-12T17:04:28.173413+00:00,order,fill,ask,,7f9ec021-8709-4c0e-b403-7a692e49d604,4c5c436f-ca6c-40f1-9cb5-b8bc15205ad4,41.0,1.0,-1.0,0.0,,,executed,c7277703-1de3-46e4-9330-d815a95b7ba5,486007f9-7ad0-4d75-abd1-9ae4be3c252d,,,,,1778605468.188134
5273b4e4-2b4f-47fa-834f-bd0d84d237b0,0,3,11,501,2026-05-12T17:04:28.190891+00:00,order,fill,bid,,486007f9-7ad0-4d75-abd1-9ae4be3c252d,d00142cb-036c-42b2-986f-4d8449293679,41.0,1.0,-1.0,0.0,,,executed,c7277703-1de3-46e4-9330-d815a95b7ba5,7f9ec021-8709-4c0e-b403-7a692e49d604,,,,,1778605468.205411
520e90a9-5e9e-4bfa-8244-34e70674e93f,0,3,11,609,2026-05-12T17:04:28.242270+00:00,order,cancel,ask,,d8b37bf2-46aa-4a93-9dac-dc3d9c352e3d,c9677d60-b255-4563-955c-c09e7b64f2df,41.0,1.0,-1.0,0.0,,,cancelled,,,,,,,1778605468.257447
520e90a9-5e9e-4bfa-8244-34e70674e93f,0,3,11,610,2026-05-12T17:04:28.352410+00:00,order,add,ask,,1d549a60-dd3a-4205-b1e4-092e5e4cf9eb,6b8a7a0e-6534-4c7f-ba8e-d90a38b5b936,40.0,1.0,1.0,1.0,1,1.0,active,,,,,,,1778605468.368487
5273b4e4-2b4f-47fa-834f-bd0d84d237b0,0,3,11,502,2026-05-12T17:04:28.747677+00:00,order,add,ask,,293095d8-4996-441f-b7e4-a222f6c900a6,ede5b087-a2ea-49eb-9494-a67b961bfc79,41.0,1.0,1.0,1.0,1,1.0,active,,,,,,,1778605468.76466
5273b4e4-2b4f-47fa-834f-bd0d84d237b0,0,3,11,503,2026-05-12T17:04:29.002260+00:00,order,add,bid,,5e34a806-c22a-49f7-aa98-4b5e74c9f282,bc7d5ce5-ff5f-43da-8411-1cc4780872be,25.0,1.0,1.0,1.0,1,1.0,active,,,,,,,1778605469.019102
5273b4e4-2b4f-47fa-834f-bd0d84d237b0,0,3,11,504,2026-05-12T17:04:29.673100+00:00,order,add,bid,,fc3fcae3-fd28-4c57-8929-382d56472f6d,d00142cb-036c-42b2-986f-4d8449293679,24.0,1.0,1.0,1.0,2,2.0,active,,,,,,,1778605469.688885
5273b4e4-2b4f-47fa-834f-bd0d84d237b0,0,3,10,505,2026-05-12T17:04:29.986356+00:00,order,cancel,bid,,c97fddeb-d42c-4fa0-a7cc-3b8518e0a30c,bc7d5ce5-ff5f-43da-8411-1cc4780872be,30.0,1.0,-1.0,0.0,,,cancelled,,,,,,,1778605470.001883
5273b4e4-2b4f-47fa-834f-bd0d84d237b0,0,3,10,506,2026-05-12T17:04:30.052963+00:00,order,cancel,bid,,264e0ceb-a08a-4621-adae-a165abe60248,bc7d5ce5-ff5f-43da-8411-1cc4780872be,30.0,1.0,-1.0,0.0,,,cancelled,,,,,,,1778605470.069892
5273b4e4-2b4f-47fa-834f-bd0d84d237b0,0,3,11,507,2026-05-12T17:04:30.257939+00:00,order,add,ask,,1fb1974d-a6fa-4103-88cf-ce85d4d959a2,18711e8c-d4a6-4e40-ac02-472f81cda568,48.0,1.0,1.0,1.0,3,3.0,active,,,,,,,1778605470.274438
5273b4e4-2b4f-47fa-834f-bd0d84d237b0,0,3,11,508,2026-05-12T17:04:30.394866+00:00,trade,trade,ask,S,,,40.0,1.0,,,,,,cc4e5f0b-72ea-476f-9dd0-c6e083b190a3,,8bd1eaa5-ed8a-4b18-b00b-b1dedf43939d,14638d42-5502-4ad1-8add-d9a858468772,4c5c436f-ca6c-40f1-9cb5-b8bc15205ad4,ede5b087-a2ea-49eb-9494-a67b961bfc79,1778605470.413491
5273b4e4-2b4f-47fa-834f-bd0d84d237b0,0,3,11,509,2026-05-12T17:04:30.417077+00:00,order,fill,ask,,14638d42-5502-4ad1-8add-d9a858468772,ede5b087-a2ea-49eb-9494-a67b961bfc79,40.0,1.0,-1.0,0.0,,,executed,cc4e5f0b-72ea-476f-9dd0-c6e083b190a3,8bd1eaa5-ed8a-4b18-b00b-b1dedf43939d,,,,,1778605470.433443
5273b4e4-2b4f-47fa-834f-bd0d84d237b0,0,3,11,510,2026-05-12T17:04:30.436411+00:00,order,fill,bid,,8bd1eaa5-ed8a-4b18-b00b-b1dedf43939d,4c5c436f-ca6c-40f1-9cb5-b8bc15205ad4,40.0,1.0,-1.0,0.0,,,executed,cc4e5f0b-72ea-476f-9dd0-c6e083b190a3,14638d42-5502-4ad1-8add-d9a858468772,,,,,1778605470.452243
520e90a9-5e9e-4bfa-8244-34e70674e93f,0,3,11,611,2026-05-12T17:04:30.551823+00:00,order,cancel,ask,,67e45396-7020-450d-bd8e-afc4d323f94a,6b8a7a0e-6534-4c7f-ba8e-d90a38b5b936,44.0,1.0,-1.0,0.0,,,cancelled,,,,,,,1778605470.568243
520e90a9-5e9e-4bfa-8244-34e70674e93f,0,3,11,612,2026-05-12T17:04:31.232873+00:00,order,cancel,ask,,fec589de-2153-48a1-aeba-b5dba4eb7bd1,6b8a7a0e-6534-4c7f-ba8e-d90a38b5b936,43.0,1.0,-1.0,0.0,,,cancelled,,,,,,,1778605471.248913
5273b4e4-2b4f-47fa-834f-bd0d84d237b0,0,3,11,511,2026-05-12T17:04:31.332831+00:00,order,add,ask,,a5b4ee9e-14f1-4693-93cc-ad55bee0a617,1893c9fa-143a-45ae-8599-dfedb6054045,41.0,1.0,1.0,1.0,2,2.0,active,,,,,,,1778605471.349511
520e90a9-5e9e-4bfa-8244-34e70674e93f,0,3,11,613,2026-05-12T17:04:31.483358+00:00,order,add,bid,,0db10966-0745-4c77-9dbd-a1751c36e42b,1a600171-9cfa-44bf-a3d4-b7322acefe1a,33.0,1.0,1.0,1.0,1,1.0,active,,,,,,,1778605471.500343
5273b4e4-2b4f-47fa-834f-bd0d84d237b0,0,3,11,512,2026-05-12T17:04:31.747261+00:00,trade,trade,ask,S,,,40.0,1.0,,,,,,36feaa79-90db-4915-a5bd-2eec20ed930e,,25edffee-e8b2-49cc-8a88-3ff7da72d4f8,13f6d5d3-8401-44a6-8684-087709607967,d00142cb-036c-42b2-986f-4d8449293679,ede5b087-a2ea-49eb-9494-a67b961bfc79,1778605471.764115
5273b4e4-2b4f-47fa-834f-bd0d84d237b0,0,3,11,513,2026-05-12T17:04:31.767234+00:00,order,fill,ask,,13f6d5d3-8401-44a6-8684-087709607967,ede5b087-a2ea-49eb-9494-a67b961bfc79,40.0,1.0,-1.0,0.0,,,executed,36feaa79-90db-4915-a5bd-2eec20ed930e,25edffee-e8b2-49cc-8a88-3ff7da72d4f8,,,,,1778605471.782729
5273b4e4-2b4f-47fa-834f-bd0d84d237b0,0,3,11,514,2026-05-12T17:04:31.785742+00:00,order,fill,bid,,25edffee-e8b2-49cc-8a88-3ff7da72d4f8,d00142cb-036c-42b2-986f-4d8449293679,40.0,1.0,-1.0,0.0,,,executed,36feaa79-90db-4915-a5bd-2eec20ed930e,13f6d5d3-8401-44a6-8684-087709607967,,,,,1778605471.80124
5273b4e4-2b4f-47fa-834f-bd0d84d237b0,0,3,11,515,2026-05-12T17:04:32.513721+00:00,order,add,bid,,416d6369-82d6-4578-bb8f-14faa5f58679,d00142cb-036c-42b2-986f-4d8449293679,25.0,1.0,1.0,1.0,2,2.0,active,,,,,,,1778605472.530272
520e90a9-5e9e-4bfa-8244-34e70674e93f,0,3,11,614,2026-05-12T17:04:33.420217+00:00,order,cancel,bid,,0db10966-0745-4c77-9dbd-a1751c36e42b,1a600171-9cfa-44bf-a3d4-b7322acefe1a,33.0,1.0,-1.0,0.0,,,cancelled,,,,,,,1778605473.4373
520e90a9-5e9e-4bfa-8244-34e70674e93f,0,3,11,615,2026-05-12T17:04:34.554006+00:00,order,add,bid,,76289e9c-9a71-4991-997b-9d7e61d58ded,6b8a7a0e-6534-4c7f-ba8e-d90a38b5b936,34.0,1.0,1.0,1.0,1,1.0,active,,,,,,,1778605474.572932
520e90a9-5e9e-4bfa-8244-34e70674e93f,0,3,11,616,2026-05-12T17:04:35.003858+00:00,order,cancel,ask,,aad4c524-8928-4ae1-b76d-3956f7156ad4,1a600171-9cfa-44bf-a3d4-b7322acefe1a,43.5,1.0,-1.0,0.0,,,cancelled,,,,,,,1778605475.020497
5273b4e4-2b4f-47fa-834f-bd0d84d237b0,0,3,11,516,2026-05-12T17:04:35.265245+00:00,order,add,ask,,daaf40aa-7f7d-4ae1-87bb-72fad05d9021,18711e8c-d4a6-4e40-ac02-472f81cda568,47.0,1.0,1.0,1.0,1,1.0,active,,,,,,,1778605475.281743
5273b4e4-2b4f-47fa-834f-bd0d84d237b0,0,3,11,517,2026-05-12T17:04:35.385775+00:00,order,add,bid,,8759a6e5-0e3e-4e1a-9097-7a2a39eacdc5,4c5c436f-ca6c-40f1-9cb5-b8bc15205ad4,40.0,1.0,1.0,1.0,1,1.0,active,,,,,,,1778605475.402355
5273b4e4-2b4f-47fa-834f-bd0d84d237b0,0,3,11,518,2026-05-12T17:04:35.675695+00:00,trade,trade,ask,S,,,40.0,1.0,,,,,,4bd6f6a9-7810-4697-b42e-dd91e64f115a,,8759a6e5-0e3e-4e1a-9097-7a2a39eacdc5,461b31c8-c9ca-4b45-a411-f8ae66b4191e,4c5c436f-ca6c-40f1-9cb5-b8bc15205ad4,bc7d5ce5-ff5f-43da-8411-1cc4780872be,1778605475.69227
5273b4e4-2b4f-47fa-834f-bd0d84d237b0,0,3,11,519,2026-05-12T17:04:35.695830+00:00,order,fill,ask,,461b31c8-c9ca-4b45-a411-f8ae66b4191e,bc7d5ce5-ff5f-43da-8411-1cc4780872be,39.0,1.0,-1.0,0.0,,,executed,4bd6f6a9-7810-4697-b42e-dd91e64f115a,8759a6e5-0e3e-4e1a-9097-7a2a39eacdc5,,,,,1778605475.711524
5273b4e4-2b4f-47fa-834f-bd0d84d237b0,0,3,11,520,2026-05-12T17:04:35.714381+00:00,order,fill,bid,,8759a6e5-0e3e-4e1a-9097-7a2a39eacdc5,4c5c436f-ca6c-40f1-9cb5-b8bc15205ad4,40.0,1.0,-1.0,0.0,,,executed,4bd6f6a9-7810-4697-b42e-dd91e64f115a,461b31c8-c9ca-4b45-a411-f8ae66b4191e,,,,,1778605475.730373
5273b4e4-2b4f-47fa-834f-bd0d84d237b0,0,3,11,521,2026-05-12T17:04:37.594023+00:00,order,add,bid,,979c747e-e672-4b98-abdf-d19c96a4ca2f,4c5c436f-ca6c-40f1-9cb5-b8bc15205ad4,40.0,1.0,1.0,1.0,1,1.0,active,,,,,,,1778605477.612392
5273b4e4-2b4f-47fa-834f-bd0d84d237b0,0,3,11,522,2026-05-12T17:04:38.009453+00:00,trade,trade,ask,S,,,40.0,1.0,,,,,,8fc3e3b2-b6d3-4448-8f82-d988bf86b2fa,,979c747e-e672-4b98-abdf-d19c96a4ca2f,1731744e-560f-4a9c-b007-be5d16552de0,4c5c436f-ca6c-40f1-9cb5-b8bc15205ad4,d00142cb-036c-42b2-986f-4d8449293679,1778605478.025724
5273b4e4-2b4f-47fa-834f-bd0d84d237b0,0,3,11,523,2026-05-12T17:04:38.028670+00:00,order,fill,ask,,1731744e-560f-4a9c-b007-be5d16552de0,d00142cb-036c-42b2-986f-4d8449293679,40.0,1.0,-1.0,0.0,,,executed,8fc3e3b2-b6d3-4448-8f82-d988bf86b2fa,979c747e-e672-4b98-abdf-d19c96a4ca2f,,,,,1778605478.044106
5273b4e4-2b4f-47fa-834f-bd0d84d237b0,0,3,11,524,2026-05-12T17:04:38.046851+00:00,order,fill,bid,,979c747e-e672-4b98-abdf-d19c96a4ca2f,4c5c436f-ca6c-40f1-9cb5-b8bc15205ad4,40.0,1.0,-1.0,0.0,,,executed,8fc3e3b2-b6d3-4448-8f82-d988bf86b2fa,1731744e-560f-4a9c-b007-be5d16552de0,,,,,1778605478.062207
5273b4e4-2b4f-47fa-834f-bd0d84d237b0,0,3,11,525,2026-05-12T17:04:38.905796+00:00,order,add,bid,,e0b699b0-a440-47b2-b761-a835e32b6a7c,4c5c436f-ca6c-40f1-9cb5-b8bc15205ad4,40.0,1.0,1.0,1.0,1,1.0,active,,,,,,,1778605478.923224
5273b4e4-2b4f-47fa-834f-bd0d84d237b0,0,3,11,526,2026-05-12T17:04:38.963710+00:00,order,add,ask,,82d6bb80-a7a1-4dc7-b2ca-842216601d20,bc7d5ce5-ff5f-43da-8411-1cc4780872be,40.5,1.0,1.0,1.0,1,1.0,active,,,,,,,1778605478.979379
5273b4e4-2b4f-47fa-834f-bd0d84d237b0,0,3,11,527,2026-05-12T17:04:39.410186+00:00,order,add,ask,,9e442551-0106-4236-95c6-5727cddd9f6c,18711e8c-d4a6-4e40-ac02-472f81cda568,45.0,1.0,1.0,1.0,1,1.0,active,,,,,,,1778605479.426364
5273b4e4-2b4f-47fa-834f-bd0d84d237b0,0,3,11,528,2026-05-12T17:04:40.877019+00:00,trade,trade,ask,S,,,40.0,1.0,,,,,,3fc7b232-315b-490a-9dd8-661ddc0b15e6,,e0b699b0-a440-47b2-b761-a835e32b6a7c,c0bf820c-20c9-424c-a9d4-395ec74a103f,4c5c436f-ca6c-40f1-9cb5-b8bc15205ad4,1893c9fa-143a-45ae-8599-dfedb6054045,1778605480.892711
5273b4e4-2b4f-47fa-834f-bd0d84d237b0,0,3,11,529,2026-05-12T17:04:40.896142+00:00,order,fill,ask,,c0bf820c-20c9-424c-a9d4-395ec74a103f,1893c9fa-143a-45ae-8599-dfedb6054045,40.0,1.0,-1.0,0.0,,,executed,3fc7b232-315b-490a-9dd8-661ddc0b15e6,e0b699b0-a440-47b2-b761-a835e32b6a7c,,,,,1778605480.910967
5273b4e4-2b4f-47fa-834f-bd0d84d237b0,0,3,11,530,2026-05-12T17:04:40.913775+00:00,order,fill,bid,,e0b699b0-a440-47b2-b761-a835e32b6a7c,4c5c436f-ca6c-40f1-9cb5-b8bc15205ad4,40.0,1.0,-1.0,0.0,,,executed,3fc7b232-315b-490a-9dd8-661ddc0b15e6,c0bf820c-20c9-424c-a9d4-395ec74a103f,,,,,1778605480.929795
5273b4e4-2b4f-47fa-834f-bd0d84d237b0,0,3,11,531,2026-05-12T17:04:41.274975+00:00,order,add,ask,,fa644cae-b525-47b8-88cf-5cfca08ff5bc,bc7d5ce5-ff5f-43da-8411-1cc4780872be,40.0,1.0,1.0,1.0,1,1.0,active,,,,,,,1778605481.291375
5273b4e4-2b4f-47fa-834f-bd0d84d237b0,0,3,11,532,2026-05-12T17:04:41.714663+00:00,trade,trade,bid,B,,,40.0,1.0,,,,,,b66c2c9f-c35a-4ff1-946b-c809337634c2,,d940b0e5-9f20-469f-b57b-4efd9e09a920,fa644cae-b525-47b8-88cf-5cfca08ff5bc,4c5c436f-ca6c-40f1-9cb5-b8bc15205ad4,bc7d5ce5-ff5f-43da-8411-1cc4780872be,1778605481.730917
5273b4e4-2b4f-47fa-834f-bd0d84d237b0,0,3,11,533,2026-05-12T17:04:41.734108+00:00,order,fill,ask,,fa644cae-b525-47b8-88cf-5cfca08ff5bc,bc7d5ce5-ff5f-43da-8411-1cc4780872be,40.0,1.0,-1.0,0.0,,,executed,b66c2c9f-c35a-4ff1-946b-c809337634c2,d940b0e5-9f20-469f-b57b-4efd9e09a920,,,,,1778605481.749251
5273b4e4-2b4f-47fa-834f-bd0d84d237b0,0,3,11,534,2026-05-12T17:04:41.752217+00:00,order,fill,bid,,d940b0e5-9f20-469f-b57b-4efd9e09a920,4c5c436f-ca6c-40f1-9cb5-b8bc15205ad4,40.0,1.0,-1.0,0.0,,,executed,b66c2c9f-c35a-4ff1-946b-c809337634c2,fa644cae-b525-47b8-88cf-5cfca08ff5bc,,,,,1778605481.767402
5273b4e4-2b4f-47fa-834f-bd0d84d237b0,0,3,11,535,2026-05-12T17:04:43.179755+00:00,trade,trade,bid,B,,,40.5,1.0,,,,,,16df9835-f0ba-4a50-a748-a2ceffee93ea,,c71eb0ea-dcca-429c-97c0-73ee1c81c071,82d6bb80-a7a1-4dc7-b2ca-842216601d20,ede5b087-a2ea-49eb-9494-a67b961bfc79,bc7d5ce5-ff5f-43da-8411-1cc4780872be,1778605483.195387
5273b4e4-2b4f-47fa-834f-bd0d84d237b0,0,3,11,536,2026-05-12T17:04:43.198541+00:00,order,fill,ask,,82d6bb80-a7a1-4dc7-b2ca-842216601d20,bc7d5ce5-ff5f-43da-8411-1cc4780872be,40.5,1.0,-1.0,0.0,,,executed,16df9835-f0ba-4a50-a748-a2ceffee93ea,c71eb0ea-dcca-429c-97c0-73ee1c81c071,,,,,1778605483.213353
5273b4e4-2b4f-47fa-834f-bd0d84d237b0,0,3,11,537,2026-05-12T17:04:43.216299+00:00,order,fill,bid,,c71eb0ea-dcca-429c-97c0-73ee1c81c071,ede5b087-a2ea-49eb-9494-a67b961bfc79,40.5,1.0,-1.0,0.0,,,executed,16df9835-f0ba-4a50-a748-a2ceffee93ea,82d6bb80-a7a1-4dc7-b2ca-842216601d20,,,,,1778605483.231891
5273b4e4-2b4f-47fa-834f-bd0d84d237b0,0,3,11,538,2026-05-12T17:04:44.185856+00:00,order,add,bid,,39af7e25-5b76-4840-9edc-9187125bfd8f,4c5c436f-ca6c-40f1-9cb5-b8bc15205ad4,39.5,1.0,1.0,1.0,1,1.0,active,,,,,,,1778605484.202812
5273b4e4-2b4f-47fa-834f-bd0d84d237b0,0,3,11,539,2026-05-12T17:04:44.514717+00:00,order,add,ask,,f2837b85-1029-4cf0-8746-c9cd02e035d1,bc7d5ce5-ff5f-43da-8411-1cc4780872be,39.75,1.0,1.0,1.0,1,1.0,active,,,,,,,1778605484.53084
5273b4e4-2b4f-47fa-834f-bd0d84d237b0,0,3,11,540,2026-05-12T17:04:44.885335+00:00,trade,trade,bid,B,,,39.75,1.0,,,,,,c0a37c1a-956a-4306-b9cc-b4880fa6ec43,,73c1769a-3b0e-4d1a-a407-2916a42089af,f2837b85-1029-4cf0-8746-c9cd02e035d1,4c5c436f-ca6c-40f1-9cb5-b8bc15205ad4,bc7d5ce5-ff5f-43da-8411-1cc4780872be,1778605484.902239
5273b4e4-2b4f-47fa-834f-bd0d84d237b0,0,3,11,541,2026-05-12T17:04:44.905353+00:00,order,fill,ask,,f2837b85-1029-4cf0-8746-c9cd02e035d1,bc7d5ce5-ff5f-43da-8411-1cc4780872be,39.75,1.0,-1.0,0.0,,,executed,c0a37c1a-956a-4306-b9cc-b4880fa6ec43,73c1769a-3b0e-4d1a-a407-2916a42089af,,,,,1778605484.920573
5273b4e4-2b4f-47fa-834f-bd0d84d237b0,0,3,11,542,2026-05-12T17:04:44.923494+00:00,order,fill,bid,,73c1769a-3b0e-4d1a-a407-2916a42089af,4c5c436f-ca6c-40f1-9cb5-b8bc15205ad4,40.0,1.0,-1.0,0.0,,,executed,c0a37c1a-956a-4306-b9cc-b4880fa6ec43,f2837b85-1029-4cf0-8746-c9cd02e035d1,,,,,1778605484.938285
5273b4e4-2b4f-47fa-834f-bd0d84d237b0,0,3,11,543,2026-05-12T17:04:45.522071+00:00,order,add,bid,,5e31be5f-9091-4f31-a0c1-b5481e2f5589,4c5c436f-ca6c-40f1-9cb5-b8bc15205ad4,39.63,1.0,1.0,1.0,1,1.0,active,,,,,,,1778605485.537896
5273b4e4-2b4f-47fa-834f-bd0d84d237b0,0,3,11,544,2026-05-12T17:04:46.273389+00:00,order,add,bid,,05108b5c-fa9e-4e89-aaf9-7f71ca2d79d7,4c5c436f-ca6c-40f1-9cb5-b8bc15205ad4,40.25,1.0,1.0,1.0,1,1.0,active,,,,,,,1778605486.289683
5273b4e4-2b4f-47fa-834f-bd0d84d237b0,0,3,10,545,2026-05-12T17:04:48.340243+00:00,order,cancel,bid,,32329c42-5515-4dca-b745-0fd6460436be,ede5b087-a2ea-49eb-9494-a67b961bfc79,5.0,1.0,-1.0,0.0,,,cancelled,,,,,,,1778605488.355338
5273b4e4-2b4f-47fa-834f-bd0d84d237b0,0,3,11,546,2026-05-12T17:04:48.618606+00:00,order,cancel,ask,,9e442551-0106-4236-95c6-5727cddd9f6c,18711e8c-d4a6-4e40-ac02-472f81cda568,45.0,1.0,-1.0,0.0,,,cancelled,,,,,,,1778605488.633551
5273b4e4-2b4f-47fa-834f-bd0d84d237b0,0,3,10,547,2026-05-12T17:04:48.867908+00:00,order,cancel,bid,,280fc72f-1fd7-4746-874c-3fa02337bbfb,ede5b087-a2ea-49eb-9494-a67b961bfc79,6.0,1.0,-1.0,0.0,,,cancelled,,,,,,,1778605488.884554
5273b4e4-2b4f-47fa-834f-bd0d84d237b0,0,3,10,548,2026-05-12T17:04:49.331810+00:00,order,cancel,bid,,e8270625-ad3e-4721-a380-719292a8641d,ede5b087-a2ea-49eb-9494-a67b961bfc79,7.0,1.0,-1.0,0.0,,,cancelled,,,,,,,1778605489.347144
5273b4e4-2b4f-47fa-834f-bd0d84d237b0,0,3,11,549,2026-05-12T17:04:49.605826+00:00,trade,trade,ask,S,,,40.25,1.0,,,,,,52aa2868-8500-48e7-8de6-f0cb916e4d50,,05108b5c-fa9e-4e89-aaf9-7f71ca2d79d7,d8463295-f1e9-450a-a476-e3888e288da1,4c5c436f-ca6c-40f1-9cb5-b8bc15205ad4,1893c9fa-143a-45ae-8599-dfedb6054045,1778605489.621197
5273b4e4-2b4f-47fa-834f-bd0d84d237b0,0,3,11,550,2026-05-12T17:04:49.624238+00:00,order,fill,ask,,d8463295-f1e9-450a-a476-e3888e288da1,1893c9fa-143a-45ae-8599-dfedb6054045,40.0,1.0,-1.0,0.0,,,executed,52aa2868-8500-48e7-8de6-f0cb916e4d50,05108b5c-fa9e-4e89-aaf9-7f71ca2d79d7,,,,,1778605489.639416
5273b4e4-2b4f-47fa-834f-bd0d84d237b0,0,3,11,551,2026-05-12T17:04:49.642560+00:00,order,fill,bid,,05108b5c-fa9e-4e89-aaf9-7f71ca2d79d7,4c5c436f-ca6c-40f1-9cb5-b8bc15205ad4,40.25,1.0,-1.0,0.0,,,executed,52aa2868-8500-48e7-8de6-f0cb916e4d50,d8463295-f1e9-450a-a476-e3888e288da1,,,,,1778605489.658764
5273b4e4-2b4f-47fa-834f-bd0d84d237b0,0,3,11,552,2026-05-12T17:04:50.139481+00:00,order,add,ask,,dddfd927-8308-40f0-af4a-f16d8964caaa,bc7d5ce5-ff5f-43da-8411-1cc4780872be,44.0,1.0,1.0,1.0,1,1.0,active,,,,,,,1778605490.15613
5273b4e4-2b4f-47fa-834f-bd0d84d237b0,0,3,11,553,2026-05-12T17:04:51.947231+00:00,order,cancel,ask,,293095d8-4996-441f-b7e4-a222f6c900a6,ede5b087-a2ea-49eb-9494-a67b961bfc79,41.0,1.0,-1.0,0.0,,,cancelled,,,,,,,1778605491.963334
5273b4e4-2b4f-47fa-834f-bd0d84d237b0,0,3,11,554,2026-05-12T17:04:54.035310+00:00,order,cancel,bid,,5e31be5f-9091-4f31-a0c1-b5481e2f5589,4c5c436f-ca6c-40f1-9cb5-b8bc15205ad4,39.63,1.0,-1.0,0.0,,,cancelled,,,,,,,1778605494.051289
5273b4e4-2b4f-47fa-834f-bd0d84d237b0,0,3,11,555,2026-05-12T17:04:55.089250+00:00,order,add,ask,,7a79c895-c2b0-4ae5-bebf-4e7fcbdcc2f9,d00142cb-036c-42b2-986f-4d8449293679,40.0,1.0,1.0,1.0,1,1.0,active,,,,,,,1778605495.105621
5273b4e4-2b4f-47fa-834f-bd0d84d237b0,0,3,11,556,2026-05-12T17:04:55.730065+00:00,order,cancel,bid,,39af7e25-5b76-4840-9edc-9187125bfd8f,4c5c436f-ca6c-40f1-9cb5-b8bc15205ad4,39.5,1.0,-1.0,0.0,,,cancelled,,,,,,,1778605495.745857
5273b4e4-2b4f-47fa-834f-bd0d84d237b0,0,3,11,557,2026-05-12T17:04:58.451442+00:00,trade,trade,bid,B,,,40.0,1.0,,,,,,7b92f36b-1ae1-4cd1-bc1e-93e42d34bdff,,c1a09a3e-14f3-4024-859d-9ffc41643bde,7a79c895-c2b0-4ae5-bebf-4e7fcbdcc2f9,ede5b087-a2ea-49eb-9494-a67b961bfc79,d00142cb-036c-42b2-986f-4d8449293679,1778605498.467747
5273b4e4-2b4f-47fa-834f-bd0d84d237b0,0,3,11,558,2026-05-12T17:04:58.470935+00:00,order,fill,ask,,7a79c895-c2b0-4ae5-bebf-4e7fcbdcc2f9,d00142cb-036c-42b2-986f-4d8449293679,40.0,1.0,-1.0,0.0,,,executed,7b92f36b-1ae1-4cd1-bc1e-93e42d34bdff,c1a09a3e-14f3-4024-859d-9ffc41643bde,,,,,1778605498.486271
5273b4e4-2b4f-47fa-834f-bd0d84d237b0,0,3,11,559,2026-05-12T17:04:58.489178+00:00,order,fill,bid,,c1a09a3e-14f3-4024-859d-9ffc41643bde,ede5b087-a2ea-49eb-9494-a67b961bfc79,40.0,1.0,-1.0,0.0,,,executed,7b92f36b-1ae1-4cd1-bc1e-93e42d34bdff,7a79c895-c2b0-4ae5-bebf-4e7fcbdcc2f9,,,,,1778605498.504037
520e90a9-5e9e-4bfa-8244-34e70674e93f,0,3,11,617,2026-05-12T17:05:01.153554+00:00,order,cancel,bid,,76289e9c-9a71-4991-997b-9d7e61d58ded,6b8a7a0e-6534-4c7f-ba8e-d90a38b5b936,34.0,1.0,-1.0,0.0,,,cancelled,,,,,,,1778605501.204433
5273b4e4-2b4f-47fa-834f-bd0d84d237b0,0,3,11,560,2026-05-12T17:05:02.620086+00:00,order,add,ask,,463cdce3-378a-4aca-8b98-1c2dc4bd0b6f,4c5c436f-ca6c-40f1-9cb5-b8bc15205ad4,41.0,1.0,1.0,1.0,2,2.0,active,,,,,,,1778605502.641362
5273b4e4-2b4f-47fa-834f-bd0d84d237b0,0,3,11,561,2026-05-12T17:05:03.553535+00:00,order,add,ask,,481d4dca-10a3-4bdc-badd-8f92cd9272e1,d00142cb-036c-42b2-986f-4d8449293679,42.0,1.0,1.0,1.0,1,1.0,active,,,,,,,1778605503.570414
5273b4e4-2b4f-47fa-834f-bd0d84d237b0,0,3,11,562,2026-05-12T17:05:03.842153+00:00,order,add,ask,,682d0809-8bc8-4997-8052-20590e1b59d9,4c5c436f-ca6c-40f1-9cb5-b8bc15205ad4,40.0,1.0,1.0,1.0,1,1.0,active,,,,,,,1778605503.860688
520e90a9-5e9e-4bfa-8244-34e70674e93f,0,3,12,618,2026-05-12T17:05:04.043539+00:00,order,add,ask,,4be8cfae-592f-4167-b891-fb97d3fdae81,1a600171-9cfa-44bf-a3d4-b7322acefe1a,39.0,1.0,1.0,1.0,1,1.0,active,,,,,,,1778605504.06423
520e90a9-5e9e-4bfa-8244-34e70674e93f,0,3,12,619,2026-05-12T17:05:04.138837+00:00,trade,trade,bid,B,,,39.0,1.0,,,,,,701c38e3-c907-4eba-a32b-7fab4f9b04f1,,e67febc0-042e-4e87-bfd9-12b06051aa10,4be8cfae-592f-4167-b891-fb97d3fdae81,a7efec93-ac3e-45ce-84ac-eb2844742dd5,1a600171-9cfa-44bf-a3d4-b7322acefe1a,1778605504.155754
520e90a9-5e9e-4bfa-8244-34e70674e93f,0,3,12,620,2026-05-12T17:05:04.159093+00:00,order,fill,ask,,4be8cfae-592f-4167-b891-fb97d3fdae81,1a600171-9cfa-44bf-a3d4-b7322acefe1a,39.0,1.0,-1.0,0.0,,,executed,701c38e3-c907-4eba-a32b-7fab4f9b04f1,e67febc0-042e-4e87-bfd9-12b06051aa10,,,,,1778605504.17555
520e90a9-5e9e-4bfa-8244-34e70674e93f,0,3,12,621,2026-05-12T17:05:04.178666+00:00,order,fill,bid,,e67febc0-042e-4e87-bfd9-12b06051aa10,a7efec93-ac3e-45ce-84ac-eb2844742dd5,39.0,1.0,-1.0,0.0,,,executed,701c38e3-c907-4eba-a32b-7fab4f9b04f1,4be8cfae-592f-4167-b891-fb97d3fdae81,,,,,1778605504.19558
5273b4e4-2b4f-47fa-834f-bd0d84d237b0,0,3,11,563,2026-05-12T17:05:04.754742+00:00,order,add,bid,,709f4931-1c91-4e21-ac47-4b123d15db58,bc7d5ce5-ff5f-43da-8411-1cc4780872be,32.0,1.0,1.0,1.0,2,2.0,active,,,,,,,1778605504.772431
5273b4e4-2b4f-47fa-834f-bd0d84d237b0,0,3,11,564,2026-05-12T17:05:04.811731+00:00,order,add,ask,,e737f18a-824b-4674-979a-17d0f1d0f990,4c5c436f-ca6c-40f1-9cb5-b8bc15205ad4,40.0,1.0,1.0,1.0,2,2.0,active,,,,,,,1778605504.827779
5273b4e4-2b4f-47fa-834f-bd0d84d237b0,0,3,11,565,2026-05-12T17:05:05.410220+00:00,order,add,ask,,49ed9581-4f45-4555-86c5-002a2e0d7d1f,4c5c436f-ca6c-40f1-9cb5-b8bc15205ad4,39.5,1.0,1.0,1.0,1,1.0,active,,,,,,,1778605505.426939
520e90a9-5e9e-4bfa-8244-34e70674e93f,0,3,12,622,2026-05-12T17:05:05.502623+00:00,order,add,ask,,e95b598a-27b1-4eab-bf9e-ea190807444d,cb46e42c-c695-4491-ae41-767eb4004474,36.0,1.0,1.0,1.0,1,1.0,active,,,,,,,1778605505.520189
520e90a9-5e9e-4bfa-8244-34e70674e93f,0,3,12,623,2026-05-12T17:05:07.619444+00:00,trade,trade,bid,B,,,36.0,1.0,,,,,,e15a4e19-0450-4601-98a1-65854d3e6815,,2bfb544c-d7a0-419e-a624-61e64203cac3,e95b598a-27b1-4eab-bf9e-ea190807444d,a7efec93-ac3e-45ce-84ac-eb2844742dd5,cb46e42c-c695-4491-ae41-767eb4004474,1778605507.635641
520e90a9-5e9e-4bfa-8244-34e70674e93f,0,3,12,624,2026-05-12T17:05:07.639000+00:00,order,fill,ask,,e95b598a-27b1-4eab-bf9e-ea190807444d,cb46e42c-c695-4491-ae41-767eb4004474,36.0,1.0,-1.0,0.0,,,executed,e15a4e19-0450-4601-98a1-65854d3e6815,2bfb544c-d7a0-419e-a624-61e64203cac3,,,,,1778605507.654812
520e90a9-5e9e-4bfa-8244-34e70674e93f,0,3,12,625,2026-05-12T17:05:07.657819+00:00,order,fill,bid,,2bfb544c-d7a0-419e-a624-61e64203cac3,a7efec93-ac3e-45ce-84ac-eb2844742dd5,36.0,1.0,-1.0,0.0,,,executed,e15a4e19-0450-4601-98a1-65854d3e6815,e95b598a-27b1-4eab-bf9e-ea190807444d,,,,,1778605507.673163
5273b4e4-2b4f-47fa-834f-bd0d84d237b0,0,3,11,566,2026-05-12T17:05:07.710652+00:00,order,add,ask,,c8bd3e2a-c034-4882-8812-ddffd6e59598,4c5c436f-ca6c-40f1-9cb5-b8bc15205ad4,39.5,1.0,1.0,1.0,2,2.0,active,,,,,,,1778605507.72672
5273b4e4-2b4f-47fa-834f-bd0d84d237b0,0,3,11,567,2026-05-12T17:05:07.897998+00:00,order,add,ask,,42a909b2-9f0c-4e93-abf7-b5a55cb5baf3,4c5c436f-ca6c-40f1-9cb5-b8bc15205ad4,39.25,1.0,1.0,1.0,1,1.0,active,,,,,,,1778605507.91533
520e90a9-5e9e-4bfa-8244-34e70674e93f,0,3,12,626,2026-05-12T17:05:08.563810+00:00,order,add,ask,,bad2646b-2e70-4150-a9a7-7313a67d9819,1a600171-9cfa-44bf-a3d4-b7322acefe1a,38.0,1.0,1.0,1.0,1,1.0,active,,,,,,,1778605508.580159
5273b4e4-2b4f-47fa-834f-bd0d84d237b0,0,3,11,568,2026-05-12T17:05:08.857552+00:00,order,add,ask,,224b8cf3-dadd-4712-a720-f0d2187e924d,18711e8c-d4a6-4e40-ac02-472f81cda568,45.0,1.0,1.0,1.0,1,1.0,active,,,,,,,1778605508.873866
520e90a9-5e9e-4bfa-8244-34e70674e93f,0,3,12,627,2026-05-12T17:05:09.040355+00:00,order,add,ask,,86b71707-54da-4178-88fc-731741b61e68,6b8a7a0e-6534-4c7f-ba8e-d90a38b5b936,35.0,1.0,1.0,1.0,1,1.0,active,,,,,,,1778605509.056735
5273b4e4-2b4f-47fa-834f-bd0d84d237b0,0,3,11,569,2026-05-12T17:05:10.619328+00:00,order,add,ask,,2b6dff3f-e12e-4938-a2d9-bc19ac7142e5,4c5c436f-ca6c-40f1-9cb5-b8bc15205ad4,39.25,1.0,1.0,1.0,2,2.0,active,,,,,,,1778605510.636135
520e90a9-5e9e-4bfa-8244-34e70674e93f,0,3,12,628,2026-05-12T17:05:10.673892+00:00,order,cancel,ask,,86b71707-54da-4178-88fc-731741b61e68,6b8a7a0e-6534-4c7f-ba8e-d90a38b5b936,35.0,1.0,-1.0,0.0,,,cancelled,,,,,,,1778605510.689184
520e90a9-5e9e-4bfa-8244-34e70674e93f,0,3,12,629,2026-05-12T17:05:10.825239+00:00,order,add,bid,,37041e83-7f31-4f5c-b0c7-5f7b92bdc943,a7efec93-ac3e-45ce-84ac-eb2844742dd5,35.0,1.0,1.0,1.0,1,1.0,active,,,,,,,1778605510.844128
520e90a9-5e9e-4bfa-8244-34e70674e93f,0,3,12,630,2026-05-12T17:05:12.133855+00:00,trade,trade,ask,S,,,35.0,1.0,,,,,,abc55940-4c2a-4c9a-bf04-ea78498f33c0,,37041e83-7f31-4f5c-b0c7-5f7b92bdc943,9c373423-fa49-489d-86e9-eab25e52f76d,a7efec93-ac3e-45ce-84ac-eb2844742dd5,c9677d60-b255-4563-955c-c09e7b64f2df,1778605512.15073
520e90a9-5e9e-4bfa-8244-34e70674e93f,0,3,12,631,2026-05-12T17:05:12.153928+00:00,order,fill,ask,,9c373423-fa49-489d-86e9-eab25e52f76d,c9677d60-b255-4563-955c-c09e7b64f2df,31.0,1.0,-1.0,0.0,,,executed,abc55940-4c2a-4c9a-bf04-ea78498f33c0,37041e83-7f31-4f5c-b0c7-5f7b92bdc943,,,,,1778605512.170422
520e90a9-5e9e-4bfa-8244-34e70674e93f,0,3,12,632,2026-05-12T17:05:12.173841+00:00,order,fill,bid,,37041e83-7f31-4f5c-b0c7-5f7b92bdc943,a7efec93-ac3e-45ce-84ac-eb2844742dd5,35.0,1.0,-1.0,0.0,,,executed,abc55940-4c2a-4c9a-bf04-ea78498f33c0,9c373423-fa49-489d-86e9-eab25e52f76d,,,,,1778605512.189743
5273b4e4-2b4f-47fa-834f-bd0d84d237b0,0,3,11,570,2026-05-12T17:05:12.644736+00:00,trade,trade,ask,S,,,39.0,1.0,,,,,,b4828251-9d66-4d76-87f5-64c3299ef71f,,e6756b26-8236-432e-b3d2-61524c29e055,e7ae196b-d028-4fb3-8f79-6075ad41c227,d00142cb-036c-42b2-986f-4d8449293679,bc7d5ce5-ff5f-43da-8411-1cc4780872be,1778605512.662292
5273b4e4-2b4f-47fa-834f-bd0d84d237b0,0,3,11,571,2026-05-12T17:05:12.665465+00:00,order,fill,ask,,e7ae196b-d028-4fb3-8f79-6075ad41c227,bc7d5ce5-ff5f-43da-8411-1cc4780872be,39.0,1.0,-1.0,0.0,,,executed,b4828251-9d66-4d76-87f5-64c3299ef71f,e6756b26-8236-432e-b3d2-61524c29e055,,,,,1778605512.681609
5273b4e4-2b4f-47fa-834f-bd0d84d237b0,0,3,11,572,2026-05-12T17:05:12.684556+00:00,order,fill,bid,,e6756b26-8236-432e-b3d2-61524c29e055,d00142cb-036c-42b2-986f-4d8449293679,39.0,1.0,-1.0,0.0,,,executed,b4828251-9d66-4d76-87f5-64c3299ef71f,e7ae196b-d028-4fb3-8f79-6075ad41c227,,,,,1778605512.700511
520e90a9-5e9e-4bfa-8244-34e70674e93f,0,3,12,633,2026-05-12T17:05:13.231844+00:00,order,add,ask,,15a38136-0d27-4302-afe7-7baf8aa92be3,6b8a7a0e-6534-4c7f-ba8e-d90a38b5b936,36.0,1.0,1.0,1.0,1,1.0,active,,,,,,,1778605513.249377
5273b4e4-2b4f-47fa-834f-bd0d84d237b0,0,3,11,573,2026-05-12T17:05:13.898240+00:00,order,add,ask,,38e1956e-3d0b-4d87-bf7f-1c2d3572f6b5,4c5c436f-ca6c-40f1-9cb5-b8bc15205ad4,39.13,1.0,1.0,1.0,1,1.0,active,,,,,,,1778605513.915118
520e90a9-5e9e-4bfa-8244-34e70674e93f,0,3,12,634,2026-05-12T17:05:17.112646+00:00,order,add,ask,,2f4c99bb-a357-45f9-85b2-8da381f459f0,a7efec93-ac3e-45ce-84ac-eb2844742dd5,35.0,1.0,1.0,1.0,1,1.0,active,,,,,,,1778605517.128624
520e90a9-5e9e-4bfa-8244-34e70674e93f,0,3,12,635,2026-05-12T17:05:19.248527+00:00,order,add,ask,,dc46e642-52a1-4b4e-8360-9b07cc2d0104,6b8a7a0e-6534-4c7f-ba8e-d90a38b5b936,34.0,1.0,1.0,1.0,1,1.0,active,,,,,,,1778605519.265772
520e90a9-5e9e-4bfa-8244-34e70674e93f,0,3,12,636,2026-05-12T17:05:19.593269+00:00,order,add,ask,,cb48a062-04d7-4a34-a593-b382a4be2c7a,a7efec93-ac3e-45ce-84ac-eb2844742dd5,35.0,1.0,1.0,1.0,2,2.0,active,,,,,,,1778605519.609627
520e90a9-5e9e-4bfa-8244-34e70674e93f,0,3,11,637,2026-05-12T17:05:20.673008+00:00,order,cancel,ask,,1d549a60-dd3a-4205-b1e4-092e5e4cf9eb,6b8a7a0e-6534-4c7f-ba8e-d90a38b5b936,40.0,1.0,-1.0,0.0,,,cancelled,,,,,,,1778605520.68961
520e90a9-5e9e-4bfa-8244-34e70674e93f,0,3,11,638,2026-05-12T17:05:21.587871+00:00,order,cancel,ask,,4cf3d34b-40a4-4bcc-84fb-4ccff2fd2905,1a600171-9cfa-44bf-a3d4-b7322acefe1a,42.5,1.0,-1.0,0.0,,,cancelled,,,,,,,1778605521.603586
520e90a9-5e9e-4bfa-8244-34e70674e93f,0,3,12,639,2026-05-12T17:05:21.663832+00:00,order,cancel,ask,,15a38136-0d27-4302-afe7-7baf8aa92be3,6b8a7a0e-6534-4c7f-ba8e-d90a38b5b936,36.0,1.0,-1.0,0.0,,,cancelled,,,,,,,1778605521.68016
520e90a9-5e9e-4bfa-8244-34e70674e93f,0,3,12,640,2026-05-12T17:05:22.098753+00:00,order,add,ask,,4c87e249-6ca3-4834-8fc0-533b17dec068,a7efec93-ac3e-45ce-84ac-eb2844742dd5,32.0,1.0,1.0,1.0,1,1.0,active,,,,,,,1778605522.116202
520e90a9-5e9e-4bfa-8244-34e70674e93f,0,3,12,641,2026-05-12T17:05:23.281145+00:00,order,add,ask,,6a4449c5-4351-4d84-9f07-a83458f21f41,a7efec93-ac3e-45ce-84ac-eb2844742dd5,32.0,1.0,1.0,1.0,2,2.0,active,,,,,,,1778605523.29847
520e90a9-5e9e-4bfa-8244-34e70674e93f,0,3,12,642,2026-05-12T17:05:24.289720+00:00,order,add,ask,,76270247-72bf-48c0-a9e8-e1804b94c68e,a7efec93-ac3e-45ce-84ac-eb2844742dd5,31.0,1.0,1.0,1.0,1,1.0,active,,,,,,,1778605524.309898
520e90a9-5e9e-4bfa-8244-34e70674e93f,0,3,11,643,2026-05-12T17:05:25.793453+00:00,order,cancel,ask,,1371d160-3dab-452e-9e2c-c69e25b0c4f8,a7efec93-ac3e-45ce-84ac-eb2844742dd5,45.0,1.0,-1.0,0.0,,,cancelled,,,,,,,1778605525.810894
520e90a9-5e9e-4bfa-8244-34e70674e93f,0,3,12,644,2026-05-12T17:05:26.136696+00:00,order,add,ask,,aecc8144-4fa1-4668-8a6e-5b0dd5eb004a,6b8a7a0e-6534-4c7f-ba8e-d90a38b5b936,31.0,1.0,1.0,1.0,2,2.0,active,,,,,,,1778605526.153735
520e90a9-5e9e-4bfa-8244-34e70674e93f,0,3,12,645,2026-05-12T17:05:26.188709+00:00,order,add,bid,,2ed20b3d-53ec-44dc-bf97-296ea7eac671,c9677d60-b255-4563-955c-c09e7b64f2df,25.0,1.0,1.0,1.0,1,1.0,active,,,,,,,1778605526.204575
520e90a9-5e9e-4bfa-8244-34e70674e93f,0,3,11,646,2026-05-12T17:05:26.242710+00:00,order,cancel,ask,,8dcea3d6-3fd9-46c3-973d-3bb4effeb4c1,a7efec93-ac3e-45ce-84ac-eb2844742dd5,44.0,1.0,-1.0,0.0,,,cancelled,,,,,,,1778605526.257756
520e90a9-5e9e-4bfa-8244-34e70674e93f,0,3,12,647,2026-05-12T17:05:26.761315+00:00,order,cancel,ask,,2f4c99bb-a357-45f9-85b2-8da381f459f0,a7efec93-ac3e-45ce-84ac-eb2844742dd5,35.0,1.0,-1.0,0.0,,,cancelled,,,,,,,1778605526.776787
520e90a9-5e9e-4bfa-8244-34e70674e93f,0,3,12,648,2026-05-12T17:05:26.799746+00:00,order,cancel,ask,,cb48a062-04d7-4a34-a593-b382a4be2c7a,a7efec93-ac3e-45ce-84ac-eb2844742dd5,35.0,1.0,-1.0,0.0,,,cancelled,,,,,,,1778605526.815367
520e90a9-5e9e-4bfa-8244-34e70674e93f,0,3,12,649,2026-05-12T17:05:27.313077+00:00,order,cancel,ask,,dc46e642-52a1-4b4e-8360-9b07cc2d0104,6b8a7a0e-6534-4c7f-ba8e-d90a38b5b936,34.0,1.0,-1.0,0.0,,,cancelled,,,,,,,1778605527.329185
5273b4e4-2b4f-47fa-834f-bd0d84d237b0,0,3,12,574,2026-05-12T17:05:31.011854+00:00,trade,trade,ask,S,,,38.0,1.0,,,,,,3d27e3dc-c4f5-44bc-b325-c40460e8d8b1,,51c72335-210e-451e-9af5-7eb9815873a2,9d7a5634-1df2-4055-8ae5-d6f39f6bf5eb,d00142cb-036c-42b2-986f-4d8449293679,bc7d5ce5-ff5f-43da-8411-1cc4780872be,1778605531.028314
5273b4e4-2b4f-47fa-834f-bd0d84d237b0,0,3,12,575,2026-05-12T17:05:31.031448+00:00,order,fill,ask,,9d7a5634-1df2-4055-8ae5-d6f39f6bf5eb,bc7d5ce5-ff5f-43da-8411-1cc4780872be,38.0,1.0,-1.0,0.0,,,executed,3d27e3dc-c4f5-44bc-b325-c40460e8d8b1,51c72335-210e-451e-9af5-7eb9815873a2,,,,,1778605531.047242
5273b4e4-2b4f-47fa-834f-bd0d84d237b0,0,3,12,576,2026-05-12T17:05:31.050228+00:00,order,fill,bid,,51c72335-210e-451e-9af5-7eb9815873a2,d00142cb-036c-42b2-986f-4d8449293679,38.0,1.0,-1.0,0.0,,,executed,3d27e3dc-c4f5-44bc-b325-c40460e8d8b1,9d7a5634-1df2-4055-8ae5-d6f39f6bf5eb,,,,,1778605531.066087
5273b4e4-2b4f-47fa-834f-bd0d84d237b0,0,3,11,577,2026-05-12T17:05:32.142350+00:00,order,cancel,bid,,072fe630-dcc4-4e36-a5d6-4f9e8ab67b7b,1893c9fa-143a-45ae-8599-dfedb6054045,31.0,1.0,-1.0,0.0,,,cancelled,,,,,,,1778605532.158326
5273b4e4-2b4f-47fa-834f-bd0d84d237b0,0,3,11,578,2026-05-12T17:05:33.067496+00:00,order,cancel,bid,,709f4931-1c91-4e21-ac47-4b123d15db58,bc7d5ce5-ff5f-43da-8411-1cc4780872be,32.0,1.0,-1.0,0.0,,,cancelled,,,,,,,1778605533.083367
5273b4e4-2b4f-47fa-834f-bd0d84d237b0,0,3,12,579,2026-05-12T17:05:35.474893+00:00,order,add,ask,,5fc528e6-ec26-4f7d-b63f-d25176484eab,bc7d5ce5-ff5f-43da-8411-1cc4780872be,38.57,1.0,1.0,1.0,1,1.0,active,,,,,,,1778605535.492124
5273b4e4-2b4f-47fa-834f-bd0d84d237b0,0,3,12,580,2026-05-12T17:05:35.742940+00:00,order,add,bid,,475621d3-0dd2-4e8f-b27f-0e96edd5a47f,1893c9fa-143a-45ae-8599-dfedb6054045,27.0,1.0,1.0,1.0,1,1.0,active,,,,,,,1778605535.758996
520e90a9-5e9e-4bfa-8244-34e70674e93f,0,3,12,650,2026-05-12T17:05:37.270511+00:00,order,add,bid,,04bc5108-c7dd-4a76-a3e8-02fe310d0776,1a600171-9cfa-44bf-a3d4-b7322acefe1a,20.0,1.0,1.0,1.0,1,1.0,active,,,,,,,1778605537.286943
520e90a9-5e9e-4bfa-8244-34e70674e93f,0,3,12,651,2026-05-12T17:05:37.688987+00:00,trade,trade,bid,B,,,31.0,1.0,,,,,,8b4d2ca6-f2d1-465c-b606-5f05f9adc71d,,de6c2822-2b5b-49c5-a2ee-733f3a1c776c,76270247-72bf-48c0-a9e8-e1804b94c68e,6b8a7a0e-6534-4c7f-ba8e-d90a38b5b936,a7efec93-ac3e-45ce-84ac-eb2844742dd5,1778605537.707127
520e90a9-5e9e-4bfa-8244-34e70674e93f,0,3,12,652,2026-05-12T17:05:37.710180+00:00,order,fill,ask,,76270247-72bf-48c0-a9e8-e1804b94c68e,a7efec93-ac3e-45ce-84ac-eb2844742dd5,31.0,1.0,-1.0,0.0,,,executed,8b4d2ca6-f2d1-465c-b606-5f05f9adc71d,de6c2822-2b5b-49c5-a2ee-733f3a1c776c,,,,,1778605537.72471
520e90a9-5e9e-4bfa-8244-34e70674e93f,0,3,12,653,2026-05-12T17:05:37.727749+00:00,order,fill,bid,,de6c2822-2b5b-49c5-a2ee-733f3a1c776c,6b8a7a0e-6534-4c7f-ba8e-d90a38b5b936,31.0,1.0,-1.0,0.0,,,executed,8b4d2ca6-f2d1-465c-b606-5f05f9adc71d,76270247-72bf-48c0-a9e8-e1804b94c68e,,,,,1778605537.743132
520e90a9-5e9e-4bfa-8244-34e70674e93f,0,3,12,654,2026-05-12T17:05:37.865091+00:00,order,add,bid,,5e293340-46a7-45ed-bae1-beaf8e94309a,a7efec93-ac3e-45ce-84ac-eb2844742dd5,30.4,1.0,1.0,1.0,1,1.0,active,,,,,,,1778605537.881774
5273b4e4-2b4f-47fa-834f-bd0d84d237b0,0,3,12,581,2026-05-12T17:05:38.082956+00:00,order,add,bid,,f350841c-4d35-4793-9448-0fa067c328a4,d00142cb-036c-42b2-986f-4d8449293679,27.0,1.0,1.0,1.0,2,2.0,active,,,,,,,1778605538.100454
5273b4e4-2b4f-47fa-834f-bd0d84d237b0,0,3,11,582,2026-05-12T17:05:38.742679+00:00,order,cancel,ask,,a5b4ee9e-14f1-4693-93cc-ad55bee0a617,1893c9fa-143a-45ae-8599-dfedb6054045,41.0,1.0,-1.0,0.0,,,cancelled,,,,,,,1778605538.759785
5273b4e4-2b4f-47fa-834f-bd0d84d237b0,0,3,12,583,2026-05-12T17:05:39.410137+00:00,order,add,ask,,82f75ffa-697e-4124-ae70-8cd628bcae49,4c5c436f-ca6c-40f1-9cb5-b8bc15205ad4,35.0,1.0,1.0,1.0,1,1.0,active,,,,,,,1778605539.426867
520e90a9-5e9e-4bfa-8244-34e70674e93f,0,3,12,655,2026-05-12T17:05:39.709425+00:00,trade,trade,ask,S,,,30.4,1.0,,,,,,42aa6d7d-9073-406e-9f49-6243a35ffd74,,5e293340-46a7-45ed-bae1-beaf8e94309a,3537eb0b-986d-4086-981f-746292839c4c,a7efec93-ac3e-45ce-84ac-eb2844742dd5,5e6b5ec7-66f5-446f-b458-3b18596521a3,1778605539.725807
520e90a9-5e9e-4bfa-8244-34e70674e93f,0,3,12,656,2026-05-12T17:05:39.728764+00:00,order,fill,ask,,3537eb0b-986d-4086-981f-746292839c4c,5e6b5ec7-66f5-446f-b458-3b18596521a3,30.4,1.0,-1.0,0.0,,,executed,42aa6d7d-9073-406e-9f49-6243a35ffd74,5e293340-46a7-45ed-bae1-beaf8e94309a,,,,,1778605539.744129
520e90a9-5e9e-4bfa-8244-34e70674e93f,0,3,12,657,2026-05-12T17:05:39.747060+00:00,order,fill,bid,,5e293340-46a7-45ed-bae1-beaf8e94309a,a7efec93-ac3e-45ce-84ac-eb2844742dd5,30.4,1.0,-1.0,0.0,,,executed,42aa6d7d-9073-406e-9f49-6243a35ffd74,3537eb0b-986d-4086-981f-746292839c4c,,,,,1778605539.762182
520e90a9-5e9e-4bfa-8244-34e70674e93f,0,3,12,658,2026-05-12T17:05:39.824795+00:00,order,add,bid,,675cb916-68bd-4557-9fe5-711612fe9b38,6b8a7a0e-6534-4c7f-ba8e-d90a38b5b936,30.5,1.0,1.0,1.0,1,1.0,active,,,,,,,1778605539.841557
5273b4e4-2b4f-47fa-834f-bd0d84d237b0,0,3,12,584,2026-05-12T17:05:41.290897+00:00,order,add,ask,,6bcb6f74-c7db-4b2f-a49b-c6675d75cff7,4c5c436f-ca6c-40f1-9cb5-b8bc15205ad4,35.28,1.0,1.0,1.0,1,1.0,active,,,,,,,1778605541.307551
520e90a9-5e9e-4bfa-8244-34e70674e93f,0,3,12,659,2026-05-12T17:05:41.375756+00:00,order,cancel,bid,,2ed20b3d-53ec-44dc-bf97-296ea7eac671,c9677d60-b255-4563-955c-c09e7b64f2df,25.0,1.0,-1.0,0.0,,,cancelled,,,,,,,1778605541.391539
5273b4e4-2b4f-47fa-834f-bd0d84d237b0,0,3,12,585,2026-05-12T17:05:41.628151+00:00,trade,trade,ask,S,,,32.0,1.0,,,,,,5ab4f9fe-d8d7-47b4-ac1d-b1d64215b89b,,a63a81b0-3e21-470d-91b2-33b15d43669e,0836ac84-f533-46ca-81ab-d3d153673d4c,d00142cb-036c-42b2-986f-4d8449293679,ede5b087-a2ea-49eb-9494-a67b961bfc79,1778605541.644665
5273b4e4-2b4f-47fa-834f-bd0d84d237b0,0,3,12,586,2026-05-12T17:05:41.648127+00:00,order,fill,ask,,0836ac84-f533-46ca-81ab-d3d153673d4c,ede5b087-a2ea-49eb-9494-a67b961bfc79,32.0,1.0,-1.0,0.0,,,executed,5ab4f9fe-d8d7-47b4-ac1d-b1d64215b89b,a63a81b0-3e21-470d-91b2-33b15d43669e,,,,,1778605541.664446
5273b4e4-2b4f-47fa-834f-bd0d84d237b0,0,3,12,587,2026-05-12T17:05:41.668472+00:00,order,fill,bid,,a63a81b0-3e21-470d-91b2-33b15d43669e,d00142cb-036c-42b2-986f-4d8449293679,32.0,1.0,-1.0,0.0,,,executed,5ab4f9fe-d8d7-47b4-ac1d-b1d64215b89b,0836ac84-f533-46ca-81ab-d3d153673d4c,,,,,1778605541.684293
5273b4e4-2b4f-47fa-834f-bd0d84d237b0,0,3,12,588,2026-05-12T17:05:42.522187+00:00,order,add,ask,,aca1b488-eaf8-4865-a3f9-337b16691aff,4c5c436f-ca6c-40f1-9cb5-b8bc15205ad4,33.5,1.0,1.0,1.0,1,1.0,active,,,,,,,1778605542.541021
5273b4e4-2b4f-47fa-834f-bd0d84d237b0,0,3,12,589,2026-05-12T17:05:42.780863+00:00,order,add,ask,,aa6c52a6-cd37-477d-ad7d-df0248bf19bd,1893c9fa-143a-45ae-8599-dfedb6054045,32.0,1.0,1.0,1.0,1,1.0,active,,,,,,,1778605542.799697
5273b4e4-2b4f-47fa-834f-bd0d84d237b0,0,3,12,590,2026-05-12T17:05:43.721612+00:00,order,add,ask,,be8ec378-8f69-4e97-ba58-bc4fc560c7d8,18711e8c-d4a6-4e40-ac02-472f81cda568,39.0,1.0,1.0,1.0,1,1.0,active,,,,,,,1778605543.738086
520e90a9-5e9e-4bfa-8244-34e70674e93f,0,3,12,660,2026-05-12T17:05:44.648834+00:00,order,add,bid,,18bbc6f3-0b4b-404f-b487-6dc8bcaf8362,a7efec93-ac3e-45ce-84ac-eb2844742dd5,30.5,1.0,1.0,1.0,2,2.0,active,,,,,,,1778605544.666578
520e90a9-5e9e-4bfa-8244-34e70674e93f,0,3,12,661,2026-05-12T17:05:44.773140+00:00,order,add,bid,,e6c74295-79d6-4e1d-8eaf-cfba276379b2,c9677d60-b255-4563-955c-c09e7b64f2df,28.0,1.0,1.0,1.0,1,1.0,active,,,,,,,1778605544.79002
5273b4e4-2b4f-47fa-834f-bd0d84d237b0,0,3,12,591,2026-05-12T17:05:45.288991+00:00,order,add,ask,,39246e30-31cb-44d0-8ab7-aebe9694269d,d00142cb-036c-42b2-986f-4d8449293679,34.9,1.0,1.0,1.0,1,1.0,active,,,,,,,1778605545.305359
5273b4e4-2b4f-47fa-834f-bd0d84d237b0,0,3,12,592,2026-05-12T17:05:46.322761+00:00,order,add,ask,,a9aff69e-6d6e-4687-8ad2-f4f7123081ab,bc7d5ce5-ff5f-43da-8411-1cc4780872be,35.0,1.0,1.0,1.0,2,2.0,active,,,,,,,1778605546.339081
520e90a9-5e9e-4bfa-8244-34e70674e93f,0,3,12,662,2026-05-12T17:05:46.561137+00:00,order,cancel,bid,,675cb916-68bd-4557-9fe5-711612fe9b38,6b8a7a0e-6534-4c7f-ba8e-d90a38b5b936,30.5,1.0,-1.0,0.0,,,cancelled,,,,,,,1778605546.577704
520e90a9-5e9e-4bfa-8244-34e70674e93f,0,3,12,663,2026-05-12T17:05:48.730291+00:00,order,cancel,bid,,18bbc6f3-0b4b-404f-b487-6dc8bcaf8362,a7efec93-ac3e-45ce-84ac-eb2844742dd5,30.5,1.0,-1.0,0.0,,,cancelled,,,,,,,1778605548.746797
520e90a9-5e9e-4bfa-8244-34e70674e93f,0,3,12,664,2026-05-12T17:05:49.135443+00:00,order,add,bid,,71a04f04-cc54-4521-aefe-8a063502496a,6b8a7a0e-6534-4c7f-ba8e-d90a38b5b936,30.7,1.0,1.0,1.0,1,1.0,active,,,,,,,1778605549.15294
520e90a9-5e9e-4bfa-8244-34e70674e93f,0,3,12,665,2026-05-12T17:05:50.019123+00:00,order,add,ask,,4c4e73e4-d705-4017-815f-a5b286ad883c,a7efec93-ac3e-45ce-84ac-eb2844742dd5,30.75,1.0,1.0,1.0,1,1.0,active,,,,,,,1778605550.03641
5273b4e4-2b4f-47fa-834f-bd0d84d237b0,0,3,12,593,2026-05-12T17:05:50.737996+00:00,order,add,ask,,f28ee1b8-7277-4862-b01c-8f543af12be6,18711e8c-d4a6-4e40-ac02-472f81cda568,38.0,1.0,1.0,1.0,1,1.0,active,,,,,,,1778605550.754487
5273b4e4-2b4f-47fa-834f-bd0d84d237b0,0,3,12,594,2026-05-12T17:05:52.202095+00:00,order,add,ask,,722e8f3f-1be6-48f0-b65d-6845157b63f3,4c5c436f-ca6c-40f1-9cb5-b8bc15205ad4,33.0,1.0,1.0,1.0,1,1.0,active,,,,,,,1778605552.217844
520e90a9-5e9e-4bfa-8244-34e70674e93f,0,3,12,666,2026-05-12T17:05:52.858446+00:00,order,add,ask,,343ddee2-7499-4941-8046-6b7519b72ab5,a7efec93-ac3e-45ce-84ac-eb2844742dd5,30.85,1.0,1.0,1.0,1,1.0,active,,,,,,,1778605552.874377
5273b4e4-2b4f-47fa-834f-bd0d84d237b0,0,3,12,595,2026-05-12T17:05:54.050409+00:00,trade,trade,bid,B,,,32.0,1.0,,,,,,0b18437a-4e3f-475b-a2eb-c60913ef4137,,7387b64b-9f4b-4a8b-9fc2-7a7c95a1d8e9,aa6c52a6-cd37-477d-ad7d-df0248bf19bd,ede5b087-a2ea-49eb-9494-a67b961bfc79,1893c9fa-143a-45ae-8599-dfedb6054045,1778605554.068099
5273b4e4-2b4f-47fa-834f-bd0d84d237b0,0,3,12,596,2026-05-12T17:05:54.071517+00:00,order,fill,ask,,aa6c52a6-cd37-477d-ad7d-df0248bf19bd,1893c9fa-143a-45ae-8599-dfedb6054045,32.0,1.0,-1.0,0.0,,,executed,0b18437a-4e3f-475b-a2eb-c60913ef4137,7387b64b-9f4b-4a8b-9fc2-7a7c95a1d8e9,,,,,1778605554.089998
5273b4e4-2b4f-47fa-834f-bd0d84d237b0,0,3,12,597,2026-05-12T17:05:54.093226+00:00,order,fill,bid,,7387b64b-9f4b-4a8b-9fc2-7a7c95a1d8e9,ede5b087-a2ea-49eb-9494-a67b961bfc79,32.0,1.0,-1.0,0.0,,,executed,0b18437a-4e3f-475b-a2eb-c60913ef4137,aa6c52a6-cd37-477d-ad7d-df0248bf19bd,,,,,1778605554.109728
5273b4e4-2b4f-47fa-834f-bd0d84d237b0,0,3,12,598,2026-05-12T17:05:55.066640+00:00,trade,trade,ask,S,,,31.0,1.0,,,,,,6766bcb8-b5ba-47ff-bb86-11a9948eb920,,99f44404-887e-44fe-bb2e-7748f9a17e7f,e5a58815-7f6e-43fd-88ad-5e7be57957ab,d00142cb-036c-42b2-986f-4d8449293679,bc7d5ce5-ff5f-43da-8411-1cc4780872be,1778605555.08484
5273b4e4-2b4f-47fa-834f-bd0d84d237b0,0,3,12,599,2026-05-12T17:05:55.088140+00:00,order,fill,ask,,e5a58815-7f6e-43fd-88ad-5e7be57957ab,bc7d5ce5-ff5f-43da-8411-1cc4780872be,31.0,1.0,-1.0,0.0,,,executed,6766bcb8-b5ba-47ff-bb86-11a9948eb920,99f44404-887e-44fe-bb2e-7748f9a17e7f,,,,,1778605555.104092
5273b4e4-2b4f-47fa-834f-bd0d84d237b0,0,3,12,600,2026-05-12T17:05:55.106917+00:00,order,fill,bid,,99f44404-887e-44fe-bb2e-7748f9a17e7f,d00142cb-036c-42b2-986f-4d8449293679,31.0,1.0,-1.0,0.0,,,executed,6766bcb8-b5ba-47ff-bb86-11a9948eb920,e5a58815-7f6e-43fd-88ad-5e7be57957ab,,,,,1778605555.124722
520e90a9-5e9e-4bfa-8244-34e70674e93f,0,3,12,667,2026-05-12T17:05:55.545698+00:00,order,add,ask,,3e7f6153-dfc0-4fe2-982a-e9c4ef79504c,a7efec93-ac3e-45ce-84ac-eb2844742dd5,30.73,1.0,1.0,1.0,1,1.0,active,,,,,,,1778605555.562365
520e90a9-5e9e-4bfa-8244-34e70674e93f,0,3,12,668,2026-05-12T17:05:56.145346+00:00,order,add,ask,,dc479fcb-54a7-4f47-909e-e518a0a4b368,a7efec93-ac3e-45ce-84ac-eb2844742dd5,30.73,1.0,1.0,1.0,2,2.0,active,,,,,,,1778605556.1617
520e90a9-5e9e-4bfa-8244-34e70674e93f,0,3,12,669,2026-05-12T17:05:56.945505+00:00,order,add,ask,,be4fa482-b06d-4334-98e5-30f676d8d5b0,a7efec93-ac3e-45ce-84ac-eb2844742dd5,30.72,1.0,1.0,1.0,1,1.0,active,,,,,,,1778605556.961435
5273b4e4-2b4f-47fa-834f-bd0d84d237b0,0,3,11,601,2026-05-12T17:05:59.243392+00:00,order,cancel,ask,,42a909b2-9f0c-4e93-abf7-b5a55cb5baf3,4c5c436f-ca6c-40f1-9cb5-b8bc15205ad4,39.25,1.0,-1.0,0.0,,,cancelled,,,,,,,1778605559.259344
5273b4e4-2b4f-47fa-834f-bd0d84d237b0,0,3,11,602,2026-05-12T17:05:59.282229+00:00,order,cancel,ask,,2b6dff3f-e12e-4938-a2d9-bc19ac7142e5,4c5c436f-ca6c-40f1-9cb5-b8bc15205ad4,39.25,1.0,-1.0,0.0,,,cancelled,,,,,,,1778605559.297643
5273b4e4-2b4f-47fa-834f-bd0d84d237b0,0,3,11,603,2026-05-12T17:05:59.434918+00:00,order,cancel,ask,,49ed9581-4f45-4555-86c5-002a2e0d7d1f,4c5c436f-ca6c-40f1-9cb5-b8bc15205ad4,39.5,1.0,-1.0,0.0,,,cancelled,,,,,,,1778605559.4532
5273b4e4-2b4f-47fa-834f-bd0d84d237b0,0,3,11,604,2026-05-12T17:05:59.481075+00:00,order,cancel,ask,,c8bd3e2a-c034-4882-8812-ddffd6e59598,4c5c436f-ca6c-40f1-9cb5-b8bc15205ad4,39.5,1.0,-1.0,0.0,,,cancelled,,,,,,,1778605559.498672
5273b4e4-2b4f-47fa-834f-bd0d84d237b0,0,3,11,605,2026-05-12T17:05:59.755606+00:00,order,cancel,ask,,682d0809-8bc8-4997-8052-20590e1b59d9,4c5c436f-ca6c-40f1-9cb5-b8bc15205ad4,40.0,1.0,-1.0,0.0,,,cancelled,,,,,,,1778605559.770869
5273b4e4-2b4f-47fa-834f-bd0d84d237b0,0,3,11,606,2026-05-12T17:05:59.792732+00:00,order,cancel,ask,,e737f18a-824b-4674-979a-17d0f1d0f990,4c5c436f-ca6c-40f1-9cb5-b8bc15205ad4,40.0,1.0,-1.0,0.0,,,cancelled,,,,,,,1778605559.808031
5273b4e4-2b4f-47fa-834f-bd0d84d237b0,0,3,11,607,2026-05-12T17:06:00.436101+00:00,order,cancel,ask,,463cdce3-378a-4aca-8b98-1c2dc4bd0b6f,4c5c436f-ca6c-40f1-9cb5-b8bc15205ad4,41.0,1.0,-1.0,0.0,,,cancelled,,,,,,,1778605560.452505
5273b4e4-2b4f-47fa-834f-bd0d84d237b0,0,3,8,608,2026-05-12T17:06:01.515318+00:00,order,cancel,ask,,47e56a69-eb89-41d5-8c7f-614791ea02db,18711e8c-d4a6-4e40-ac02-472f81cda568,78.0,1.0,-1.0,0.0,,,cancelled,,,,,,,1778605561.750242
5273b4e4-2b4f-47fa-834f-bd0d84d237b0,0,3,12,609,2026-05-12T17:06:02.052492+00:00,order,add,ask,,c5aad69c-f626-4df7-83b9-c55a24139be2,1893c9fa-143a-45ae-8599-dfedb6054045,32.25,1.0,1.0,1.0,1,1.0,active,,,,,,,1778605562.141407
5273b4e4-2b4f-47fa-834f-bd0d84d237b0,0,3,9,610,2026-05-12T17:06:02.584998+00:00,order,cancel,ask,,5e63d91a-4a60-4070-8999-8d291d967dc4,18711e8c-d4a6-4e40-ac02-472f81cda568,71.0,1.0,-1.0,0.0,,,cancelled,,,,,,,1778605562.73916
5273b4e4-2b4f-47fa-834f-bd0d84d237b0,0,3,9,611,2026-05-12T17:06:03.690245+00:00,order,cancel,ask,,468fdace-6795-4d04-93e2-bd3808efab2c,18711e8c-d4a6-4e40-ac02-472f81cda568,73.0,1.0,-1.0,0.0,,,cancelled,,,,,,,1778605563.71344
5273b4e4-2b4f-47fa-834f-bd0d84d237b0,0,3,11,612,2026-05-12T17:06:07.172096+00:00,order,cancel,bid,,5e34a806-c22a-49f7-aa98-4b5e74c9f282,bc7d5ce5-ff5f-43da-8411-1cc4780872be,25.0,1.0,-1.0,0.0,,,cancelled,,,,,,,1778605567.18988
5273b4e4-2b4f-47fa-834f-bd0d84d237b0,0,3,12,613,2026-05-12T17:06:09.338381+00:00,trade,trade,ask,S,,,30.0,1.0,,,,,,80c6d71d-bc1c-454b-bf47-84cf2408c883,,1bcf1982-dc5c-44ff-a5ae-febe145a41ac,c8604c1e-7650-4f8d-aacb-e5f50edf7bd1,d00142cb-036c-42b2-986f-4d8449293679,4c5c436f-ca6c-40f1-9cb5-b8bc15205ad4,1778605569.354555
5273b4e4-2b4f-47fa-834f-bd0d84d237b0,0,3,12,614,2026-05-12T17:06:09.357708+00:00,order,fill,ask,,c8604c1e-7650-4f8d-aacb-e5f50edf7bd1,4c5c436f-ca6c-40f1-9cb5-b8bc15205ad4,30.0,1.0,-1.0,0.0,,,executed,80c6d71d-bc1c-454b-bf47-84cf2408c883,1bcf1982-dc5c-44ff-a5ae-febe145a41ac,,,,,1778605569.372163
5273b4e4-2b4f-47fa-834f-bd0d84d237b0,0,3,12,615,2026-05-12T17:06:09.375076+00:00,order,fill,bid,,1bcf1982-dc5c-44ff-a5ae-febe145a41ac,d00142cb-036c-42b2-986f-4d8449293679,30.0,1.0,-1.0,0.0,,,executed,80c6d71d-bc1c-454b-bf47-84cf2408c883,c8604c1e-7650-4f8d-aacb-e5f50edf7bd1,,,,,1778605569.389575
5273b4e4-2b4f-47fa-834f-bd0d84d237b0,0,3,12,616,2026-05-12T17:06:10.897191+00:00,order,add,ask,,85f62ea8-b36e-4263-a401-4761f718a7b8,18711e8c-d4a6-4e40-ac02-472f81cda568,34.0,1.0,1.0,1.0,1,1.0,active,,,,,,,1778605570.916697
5273b4e4-2b4f-47fa-834f-bd0d84d237b0,0,3,12,617,2026-05-12T17:06:13.971018+00:00,order,add,ask,,f65dd564-2347-4f49-a87f-393046a61d40,18711e8c-d4a6-4e40-ac02-472f81cda568,45.0,1.0,1.0,1.0,2,2.0,active,,,,,,,1778605573.987419
5273b4e4-2b4f-47fa-834f-bd0d84d237b0,0,3,12,618,2026-05-12T17:06:17.824762+00:00,order,add,ask,,db392acf-8f2c-4556-b247-3ee7e096775f,18711e8c-d4a6-4e40-ac02-472f81cda568,45.0,1.0,1.0,1.0,3,3.0,active,,,,,,,1778605577.841854
5273b4e4-2b4f-47fa-834f-bd0d84d237b0,0,3,12,619,2026-05-12T17:06:20.936571+00:00,order,add,ask,,acb2aab1-41f1-4951-93d1-6d213fd4ff53,18711e8c-d4a6-4e40-ac02-472f81cda568,35.0,1.0,1.0,1.0,3,3.0,active,,,,,,,1778605580.952531
5273b4e4-2b4f-47fa-834f-bd0d84d237b0,0,3,12,620,2026-05-12T17:06:23.129644+00:00,order,add,ask,,c96940d7-d021-4324-898f-ba499206265c,d00142cb-036c-42b2-986f-4d8449293679,32.0,1.0,1.0,1.0,1,1.0,active,,,,,,,1778605583.146468
520e90a9-5e9e-4bfa-8244-34e70674e93f,0,3,12,670,2026-05-12T17:06:23.444362+00:00,order,cancel,bid,,04bc5108-c7dd-4a76-a3e8-02fe310d0776,1a600171-9cfa-44bf-a3d4-b7322acefe1a,20.0,1.0,-1.0,0.0,,,cancelled,,,,,,,1778605583.460229
5273b4e4-2b4f-47fa-834f-bd0d84d237b0,0,3,12,621,2026-05-12T17:06:24.091663+00:00,order,add,ask,,9b4f2e6e-126f-4548-b673-f50db64f533a,4c5c436f-ca6c-40f1-9cb5-b8bc15205ad4,31.13,1.0,1.0,1.0,1,1.0,active,,,,,,,1778605584.107916
520e90a9-5e9e-4bfa-8244-34e70674e93f,0,3,12,671,2026-05-12T17:06:24.627802+00:00,order,cancel,ask,,4c87e249-6ca3-4834-8fc0-533b17dec068,a7efec93-ac3e-45ce-84ac-eb2844742dd5,32.0,1.0,-1.0,0.0,,,cancelled,,,,,,,1778605584.645218
520e90a9-5e9e-4bfa-8244-34e70674e93f,0,3,12,672,2026-05-12T17:06:24.667911+00:00,order,cancel,ask,,6a4449c5-4351-4d84-9f07-a83458f21f41,a7efec93-ac3e-45ce-84ac-eb2844742dd5,32.0,1.0,-1.0,0.0,,,cancelled,,,,,,,1778605584.684267
520e90a9-5e9e-4bfa-8244-34e70674e93f,0,3,12,673,2026-05-12T17:06:24.865465+00:00,order,cancel,bid,,71a04f04-cc54-4521-aefe-8a063502496a,6b8a7a0e-6534-4c7f-ba8e-d90a38b5b936,30.7,1.0,-1.0,0.0,,,cancelled,,,,,,,1778605584.881952
5273b4e4-2b4f-47fa-834f-bd0d84d237b0,0,3,12,622,2026-05-12T17:06:25.147488+00:00,order,add,ask,,e1dcd7cd-ec71-4d6c-a75a-f7c404874390,bc7d5ce5-ff5f-43da-8411-1cc4780872be,30.0,1.0,1.0,1.0,1,1.0,active,,,,,,,1778605585.164325
520e90a9-5e9e-4bfa-8244-34e70674e93f,0,3,13,674,2026-05-12T17:06:26.419310+00:00,trade,trade,ask,S,,,30.0,1.0,,,,,,7c635057-29ad-4e48-b794-f24d587bce5e,,59dd261c-975c-4700-b4b0-9c0de100cb5a,fcada57c-3b36-4b2d-9527-faf57db03cd2,6b8a7a0e-6534-4c7f-ba8e-d90a38b5b936,1a600171-9cfa-44bf-a3d4-b7322acefe1a,1778605586.435477
520e90a9-5e9e-4bfa-8244-34e70674e93f,0,3,13,675,2026-05-12T17:06:26.438453+00:00,order,fill,ask,,fcada57c-3b36-4b2d-9527-faf57db03cd2,1a600171-9cfa-44bf-a3d4-b7322acefe1a,30.0,1.0,-1.0,0.0,,,executed,7c635057-29ad-4e48-b794-f24d587bce5e,59dd261c-975c-4700-b4b0-9c0de100cb5a,,,,,1778605586.452816
520e90a9-5e9e-4bfa-8244-34e70674e93f,0,3,13,676,2026-05-12T17:06:26.455735+00:00,order,fill,bid,,59dd261c-975c-4700-b4b0-9c0de100cb5a,6b8a7a0e-6534-4c7f-ba8e-d90a38b5b936,30.0,1.0,-1.0,0.0,,,executed,7c635057-29ad-4e48-b794-f24d587bce5e,fcada57c-3b36-4b2d-9527-faf57db03cd2,,,,,1778605586.470807
520e90a9-5e9e-4bfa-8244-34e70674e93f,0,3,12,677,2026-05-12T17:06:27.703230+00:00,order,cancel,bid,,e6c74295-79d6-4e1d-8eaf-cfba276379b2,c9677d60-b255-4563-955c-c09e7b64f2df,28.0,1.0,-1.0,0.0,,,cancelled,,,,,,,1778605587.719673
5273b4e4-2b4f-47fa-834f-bd0d84d237b0,0,3,12,623,2026-05-12T17:06:28.330818+00:00,order,add,ask,,8c86954e-ae6c-4335-bac1-24d2a44d8005,18711e8c-d4a6-4e40-ac02-472f81cda568,34.6,1.0,1.0,1.0,1,1.0,active,,,,,,,1778605588.347787
520e90a9-5e9e-4bfa-8244-34e70674e93f,0,3,13,678,2026-05-12T17:06:30.187774+00:00,order,add,bid,,62ded405-fbce-4f58-a09c-66cdac1ee5ec,a7efec93-ac3e-45ce-84ac-eb2844742dd5,30.62,1.0,1.0,1.0,1,1.0,active,,,,,,,1778605590.213245
520e90a9-5e9e-4bfa-8244-34e70674e93f,0,3,13,679,2026-05-12T17:06:30.717127+00:00,trade,trade,ask,S,,,30.62,1.0,,,,,,954429a7-936e-475d-ad83-d599aec7a817,,62ded405-fbce-4f58-a09c-66cdac1ee5ec,196f9699-0922-4f62-9495-4be222784f6e,a7efec93-ac3e-45ce-84ac-eb2844742dd5,1a600171-9cfa-44bf-a3d4-b7322acefe1a,1778605590.733429
520e90a9-5e9e-4bfa-8244-34e70674e93f,0,3,13,680,2026-05-12T17:06:30.736631+00:00,order,fill,ask,,196f9699-0922-4f62-9495-4be222784f6e,1a600171-9cfa-44bf-a3d4-b7322acefe1a,28.0,1.0,-1.0,0.0,,,executed,954429a7-936e-475d-ad83-d599aec7a817,62ded405-fbce-4f58-a09c-66cdac1ee5ec,,,,,1778605590.751428
520e90a9-5e9e-4bfa-8244-34e70674e93f,0,3,13,681,2026-05-12T17:06:30.754303+00:00,order,fill,bid,,62ded405-fbce-4f58-a09c-66cdac1ee5ec,a7efec93-ac3e-45ce-84ac-eb2844742dd5,30.62,1.0,-1.0,0.0,,,executed,954429a7-936e-475d-ad83-d599aec7a817,196f9699-0922-4f62-9495-4be222784f6e,,,,,1778605590.769094
520e90a9-5e9e-4bfa-8244-34e70674e93f,0,3,13,682,2026-05-12T17:06:32.224658+00:00,order,add,bid,,9a487000-de1e-4052-a6d0-b9dfc78b490b,6b8a7a0e-6534-4c7f-ba8e-d90a38b5b936,20.0,1.0,1.0,1.0,1,1.0,active,,,,,,,1778605592.241501
520e90a9-5e9e-4bfa-8244-34e70674e93f,0,3,13,683,2026-05-12T17:06:32.738956+00:00,order,add,ask,,9a581dce-1508-4452-bdcb-1a8554e933fb,1a600171-9cfa-44bf-a3d4-b7322acefe1a,30.67,1.0,1.0,1.0,1,1.0,active,,,,,,,1778605592.755412
520e90a9-5e9e-4bfa-8244-34e70674e93f,0,3,13,684,2026-05-12T17:06:33.013770+00:00,order,add,bid,,56689b21-62f9-459c-8c8a-78a990b1b46a,c9677d60-b255-4563-955c-c09e7b64f2df,27.0,1.0,1.0,1.0,1,1.0,active,,,,,,,1778605593.031082
520e90a9-5e9e-4bfa-8244-34e70674e93f,0,3,13,685,2026-05-12T17:06:33.753919+00:00,trade,trade,bid,B,,,30.67,1.0,,,,,,886b7d87-cfaa-4055-a4c1-d47eed4418d7,,90214529-80d9-4edc-9d78-5b776eff45ec,9a581dce-1508-4452-bdcb-1a8554e933fb,a7efec93-ac3e-45ce-84ac-eb2844742dd5,1a600171-9cfa-44bf-a3d4-b7322acefe1a,1778605593.7704
520e90a9-5e9e-4bfa-8244-34e70674e93f,0,3,13,686,2026-05-12T17:06:33.773409+00:00,order,fill,ask,,9a581dce-1508-4452-bdcb-1a8554e933fb,1a600171-9cfa-44bf-a3d4-b7322acefe1a,30.67,1.0,-1.0,0.0,,,executed,886b7d87-cfaa-4055-a4c1-d47eed4418d7,90214529-80d9-4edc-9d78-5b776eff45ec,,,,,1778605593.788514
520e90a9-5e9e-4bfa-8244-34e70674e93f,0,3,13,687,2026-05-12T17:06:33.791563+00:00,order,fill,bid,,90214529-80d9-4edc-9d78-5b776eff45ec,a7efec93-ac3e-45ce-84ac-eb2844742dd5,30.72,1.0,-1.0,0.0,,,executed,886b7d87-cfaa-4055-a4c1-d47eed4418d7,9a581dce-1508-4452-bdcb-1a8554e933fb,,,,,1778605593.806917
520e90a9-5e9e-4bfa-8244-34e70674e93f,0,3,13,688,2026-05-12T17:06:35.799662+00:00,order,add,bid,,d4b7e11c-c825-4dbe-baa5-6cd66c14dcbf,6b8a7a0e-6534-4c7f-ba8e-d90a38b5b936,28.0,1.0,1.0,1.0,1,1.0,active,,,,,,,1778605595.815796
520e90a9-5e9e-4bfa-8244-34e70674e93f,0,3,13,689,2026-05-12T17:06:37.638774+00:00,trade,trade,ask,S,,,28.0,1.0,,,,,,75c43801-3335-4246-99b5-f6d8c8b4205c,,d4b7e11c-c825-4dbe-baa5-6cd66c14dcbf,9d3ea63a-d0de-4b3c-8cfd-778c4ea81601,6b8a7a0e-6534-4c7f-ba8e-d90a38b5b936,5e6b5ec7-66f5-446f-b458-3b18596521a3,1778605597.654979
520e90a9-5e9e-4bfa-8244-34e70674e93f,0,3,13,690,2026-05-12T17:06:37.657952+00:00,order,fill,ask,,9d3ea63a-d0de-4b3c-8cfd-778c4ea81601,5e6b5ec7-66f5-446f-b458-3b18596521a3,28.0,1.0,-1.0,0.0,,,executed,75c43801-3335-4246-99b5-f6d8c8b4205c,d4b7e11c-c825-4dbe-baa5-6cd66c14dcbf,,,,,1778605597.67287
520e90a9-5e9e-4bfa-8244-34e70674e93f,0,3,13,691,2026-05-12T17:06:37.675777+00:00,order,fill,bid,,d4b7e11c-c825-4dbe-baa5-6cd66c14dcbf,6b8a7a0e-6534-4c7f-ba8e-d90a38b5b936,28.0,1.0,-1.0,0.0,,,executed,75c43801-3335-4246-99b5-f6d8c8b4205c,9d3ea63a-d0de-4b3c-8cfd-778c4ea81601,,,,,1778605597.691811
520e90a9-5e9e-4bfa-8244-34e70674e93f,0,3,13,692,2026-05-12T17:06:39.218285+00:00,order,add,ask,,b91ef5fa-f522-467f-b8de-df4ee007a71f,1a600171-9cfa-44bf-a3d4-b7322acefe1a,28.0,1.0,1.0,1.0,1,1.0,active,,,,,,,1778605599.234768
520e90a9-5e9e-4bfa-8244-34e70674e93f,0,3,13,693,2026-05-12T17:06:41.656662+00:00,trade,trade,bid,B,,,28.0,1.0,,,,,,ef2e346c-8751-415d-8222-40853c6a706c,,bace3768-705b-4889-9623-f965f276cfde,b91ef5fa-f522-467f-b8de-df4ee007a71f,6b8a7a0e-6534-4c7f-ba8e-d90a38b5b936,1a600171-9cfa-44bf-a3d4-b7322acefe1a,1778605601.673373
520e90a9-5e9e-4bfa-8244-34e70674e93f,0,3,13,694,2026-05-12T17:06:41.676522+00:00,order,fill,ask,,b91ef5fa-f522-467f-b8de-df4ee007a71f,1a600171-9cfa-44bf-a3d4-b7322acefe1a,28.0,1.0,-1.0,0.0,,,executed,ef2e346c-8751-415d-8222-40853c6a706c,bace3768-705b-4889-9623-f965f276cfde,,,,,1778605601.691649
520e90a9-5e9e-4bfa-8244-34e70674e93f,0,3,13,695,2026-05-12T17:06:41.694488+00:00,order,fill,bid,,bace3768-705b-4889-9623-f965f276cfde,6b8a7a0e-6534-4c7f-ba8e-d90a38b5b936,28.0,1.0,-1.0,0.0,,,executed,ef2e346c-8751-415d-8222-40853c6a706c,b91ef5fa-f522-467f-b8de-df4ee007a71f,,,,,1778605601.71109
520e90a9-5e9e-4bfa-8244-34e70674e93f,0,3,13,696,2026-05-12T17:06:41.793282+00:00,order,add,bid,,80310e7e-d978-467c-a137-c45219141977,a7efec93-ac3e-45ce-84ac-eb2844742dd5,28.84,1.0,1.0,1.0,1,1.0,active,,,,,,,1778605601.808865
520e90a9-5e9e-4bfa-8244-34e70674e93f,0,3,12,697,2026-05-12T17:06:44.074634+00:00,order,cancel,ask,,343ddee2-7499-4941-8046-6b7519b72ab5,a7efec93-ac3e-45ce-84ac-eb2844742dd5,30.85,1.0,-1.0,0.0,,,cancelled,,,,,,,1778605604.090844
520e90a9-5e9e-4bfa-8244-34e70674e93f,0,3,12,698,2026-05-12T17:06:44.579576+00:00,order,cancel,ask,,4c4e73e4-d705-4017-815f-a5b286ad883c,a7efec93-ac3e-45ce-84ac-eb2844742dd5,30.75,1.0,-1.0,0.0,,,cancelled,,,,,,,1778605604.595994
520e90a9-5e9e-4bfa-8244-34e70674e93f,0,3,13,699,2026-05-12T17:06:45.251510+00:00,order,add,ask,,b84113f4-316c-496f-89d6-35d9a9beb84a,1a600171-9cfa-44bf-a3d4-b7322acefe1a,28.86,1.0,1.0,1.0,1,1.0,active,,,,,,,1778605605.268734
520e90a9-5e9e-4bfa-8244-34e70674e93f,0,3,13,700,2026-05-12T17:06:47.312964+00:00,trade,trade,ask,S,,,28.84,1.0,,,,,,01e4d581-4934-4d35-ad7b-742be6074450,,80310e7e-d978-467c-a137-c45219141977,89fdedd1-c3a7-4c60-871f-931f1b956285,a7efec93-ac3e-45ce-84ac-eb2844742dd5,6b8a7a0e-6534-4c7f-ba8e-d90a38b5b936,1778605607.328814
520e90a9-5e9e-4bfa-8244-34e70674e93f,0,3,13,701,2026-05-12T17:06:47.331816+00:00,order,fill,ask,,89fdedd1-c3a7-4c60-871f-931f1b956285,6b8a7a0e-6534-4c7f-ba8e-d90a38b5b936,28.0,1.0,-1.0,0.0,,,executed,01e4d581-4934-4d35-ad7b-742be6074450,80310e7e-d978-467c-a137-c45219141977,,,,,1778605607.346206
520e90a9-5e9e-4bfa-8244-34e70674e93f,0,3,13,702,2026-05-12T17:06:47.349269+00:00,order,fill,bid,,80310e7e-d978-467c-a137-c45219141977,a7efec93-ac3e-45ce-84ac-eb2844742dd5,28.84,1.0,-1.0,0.0,,,executed,01e4d581-4934-4d35-ad7b-742be6074450,89fdedd1-c3a7-4c60-871f-931f1b956285,,,,,1778605607.364102
520e90a9-5e9e-4bfa-8244-34e70674e93f,0,3,13,703,2026-05-12T17:06:50.280684+00:00,order,add,ask,,003d8fbd-2657-4195-bef0-3fcfec1ff84f,6b8a7a0e-6534-4c7f-ba8e-d90a38b5b936,28.85,1.0,1.0,1.0,1,1.0,active,,,,,,,1778605610.305244
520e90a9-5e9e-4bfa-8244-34e70674e93f,0,3,13,704,2026-05-12T17:06:50.498981+00:00,trade,trade,ask,S,,,27.0,1.0,,,,,,a08a63c9-3c96-47e7-939b-9ac4111ae8f5,,56689b21-62f9-459c-8c8a-78a990b1b46a,fe88127f-e320-4212-9fe8-7f501d92413d,c9677d60-b255-4563-955c-c09e7b64f2df,1a600171-9cfa-44bf-a3d4-b7322acefe1a,1778605610.514353
520e90a9-5e9e-4bfa-8244-34e70674e93f,0,3,13,705,2026-05-12T17:06:50.517597+00:00,order,fill,ask,,fe88127f-e320-4212-9fe8-7f501d92413d,1a600171-9cfa-44bf-a3d4-b7322acefe1a,27.0,1.0,-1.0,0.0,,,executed,a08a63c9-3c96-47e7-939b-9ac4111ae8f5,56689b21-62f9-459c-8c8a-78a990b1b46a,,,,,1778605610.532896
520e90a9-5e9e-4bfa-8244-34e70674e93f,0,3,13,706,2026-05-12T17:06:50.535662+00:00,order,fill,bid,,56689b21-62f9-459c-8c8a-78a990b1b46a,c9677d60-b255-4563-955c-c09e7b64f2df,27.0,1.0,-1.0,0.0,,,executed,a08a63c9-3c96-47e7-939b-9ac4111ae8f5,fe88127f-e320-4212-9fe8-7f501d92413d,,,,,1778605610.550607
520e90a9-5e9e-4bfa-8244-34e70674e93f,0,3,13,707,2026-05-12T17:06:52.634729+00:00,order,add,ask,,c07e2224-2919-4568-a382-82e56e9a707c,a7efec93-ac3e-45ce-84ac-eb2844742dd5,27.0,1.0,1.0,1.0,1,1.0,active,,,,,,,1778605612.651461
5273b4e4-2b4f-47fa-834f-bd0d84d237b0,0,3,12,624,2026-05-12T17:06:52.709895+00:00,order,cancel,bid,,475621d3-0dd2-4e8f-b27f-0e96edd5a47f,1893c9fa-143a-45ae-8599-dfedb6054045,27.0,1.0,-1.0,0.0,,,cancelled,,,,,,,1778605612.725911
5273b4e4-2b4f-47fa-834f-bd0d84d237b0,0,3,11,625,2026-05-12T17:06:53.828374+00:00,order,cancel,bid,,215d3522-a79c-4aef-95e7-c6ed23117668,bc7d5ce5-ff5f-43da-8411-1cc4780872be,24.0,1.0,-1.0,0.0,,,cancelled,,,,,,,1778605613.844114
520e90a9-5e9e-4bfa-8244-34e70674e93f,0,3,13,708,2026-05-12T17:06:55.395598+00:00,order,add,ask,,0e463b5a-a133-4ed0-857a-5318d3729770,1a600171-9cfa-44bf-a3d4-b7322acefe1a,28.0,1.0,1.0,1.0,1,1.0,active,,,,,,,1778605615.41232
5273b4e4-2b4f-47fa-834f-bd0d84d237b0,0,3,13,626,2026-05-12T17:06:55.821542+00:00,order,add,bid,,4a587d96-520a-4919-8710-329b46a4f8a1,1893c9fa-143a-45ae-8599-dfedb6054045,19.0,1.0,1.0,1.0,1,1.0,active,,,,,,,1778605615.837743
520e90a9-5e9e-4bfa-8244-34e70674e93f,0,3,13,709,2026-05-12T17:06:56.567837+00:00,order,add,ask,,dc8f6436-50ca-40f1-a364-6f59bb36954e,6b8a7a0e-6534-4c7f-ba8e-d90a38b5b936,26.0,1.0,1.0,1.0,1,1.0,active,,,,,,,1778605616.584724
520e90a9-5e9e-4bfa-8244-34e70674e93f,0,3,13,710,2026-05-12T17:06:57.576850+00:00,order,cancel,ask,,003d8fbd-2657-4195-bef0-3fcfec1ff84f,6b8a7a0e-6534-4c7f-ba8e-d90a38b5b936,28.85,1.0,-1.0,0.0,,,cancelled,,,,,,,1778605617.594109
520e90a9-5e9e-4bfa-8244-34e70674e93f,0,3,12,711,2026-05-12T17:06:58.241194+00:00,order,cancel,ask,,aecc8144-4fa1-4668-8a6e-5b0dd5eb004a,6b8a7a0e-6534-4c7f-ba8e-d90a38b5b936,31.0,1.0,-1.0,0.0,,,cancelled,,,,,,,1778605618.257913
5273b4e4-2b4f-47fa-834f-bd0d84d237b0,0,3,13,627,2026-05-12T17:06:58.396200+00:00,trade,trade,ask,S,,,27.0,1.0,,,,,,ad4078a8-4ef4-4685-8e75-3f91408d3fca,,f350841c-4d35-4793-9448-0fa067c328a4,15769bd3-6967-4a28-8bfe-9ae31d2ffe06,d00142cb-036c-42b2-986f-4d8449293679,bc7d5ce5-ff5f-43da-8411-1cc4780872be,1778605618.413127
5273b4e4-2b4f-47fa-834f-bd0d84d237b0,0,3,13,628,2026-05-12T17:06:58.416366+00:00,order,fill,ask,,15769bd3-6967-4a28-8bfe-9ae31d2ffe06,bc7d5ce5-ff5f-43da-8411-1cc4780872be,27.0,1.0,-1.0,0.0,,,executed,ad4078a8-4ef4-4685-8e75-3f91408d3fca,f350841c-4d35-4793-9448-0fa067c328a4,,,,,1778605618.432214
5273b4e4-2b4f-47fa-834f-bd0d84d237b0,0,3,13,629,2026-05-12T17:06:58.435037+00:00,order,fill,bid,,f350841c-4d35-4793-9448-0fa067c328a4,d00142cb-036c-42b2-986f-4d8449293679,27.0,1.0,-1.0,0.0,,,executed,ad4078a8-4ef4-4685-8e75-3f91408d3fca,15769bd3-6967-4a28-8bfe-9ae31d2ffe06,,,,,1778605618.451171
5273b4e4-2b4f-47fa-834f-bd0d84d237b0,0,3,13,630,2026-05-12T17:06:59.432297+00:00,order,add,bid,,eae9d2b3-84dc-422d-bb16-07abece171fd,d00142cb-036c-42b2-986f-4d8449293679,19.0,1.0,1.0,1.0,2,2.0,active,,,,,,,1778605619.448756
5273b4e4-2b4f-47fa-834f-bd0d84d237b0,0,3,13,631,2026-05-12T17:06:59.594516+00:00,order,add,ask,,ebbe7e04-1e63-49fd-aa7a-cc8b4effc6f4,bc7d5ce5-ff5f-43da-8411-1cc4780872be,28.5,1.0,1.0,1.0,1,1.0,active,,,,,,,1778605619.613853
520e90a9-5e9e-4bfa-8244-34e70674e93f,0,3,13,712,2026-05-12T17:07:01.546520+00:00,trade,trade,bid,B,,,26.0,1.0,,,,,,935dd729-917b-4a1a-a8bb-a244e137c487,,a96d21a3-70cd-431e-94ae-61f409ca9450,dc8f6436-50ca-40f1-a364-6f59bb36954e,a7efec93-ac3e-45ce-84ac-eb2844742dd5,6b8a7a0e-6534-4c7f-ba8e-d90a38b5b936,1778605621.567873
520e90a9-5e9e-4bfa-8244-34e70674e93f,0,3,13,713,2026-05-12T17:07:01.571327+00:00,order,fill,ask,,dc8f6436-50ca-40f1-a364-6f59bb36954e,6b8a7a0e-6534-4c7f-ba8e-d90a38b5b936,26.0,1.0,-1.0,0.0,,,executed,935dd729-917b-4a1a-a8bb-a244e137c487,a96d21a3-70cd-431e-94ae-61f409ca9450,,,,,1778605621.598931
520e90a9-5e9e-4bfa-8244-34e70674e93f,0,3,13,714,2026-05-12T17:07:01.602533+00:00,order,fill,bid,,a96d21a3-70cd-431e-94ae-61f409ca9450,a7efec93-ac3e-45ce-84ac-eb2844742dd5,26.0,1.0,-1.0,0.0,,,executed,935dd729-917b-4a1a-a8bb-a244e137c487,dc8f6436-50ca-40f1-a364-6f59bb36954e,,,,,1778605621.623523
5273b4e4-2b4f-47fa-834f-bd0d84d237b0,0,3,12,632,2026-05-12T17:07:01.712769+00:00,order,cancel,ask,,c5aad69c-f626-4df7-83b9-c55a24139be2,1893c9fa-143a-45ae-8599-dfedb6054045,32.25,1.0,-1.0,0.0,,,cancelled,,,,,,,1778605621.733319
5273b4e4-2b4f-47fa-834f-bd0d84d237b0,0,3,13,633,2026-05-12T17:07:02.618632+00:00,order,add,ask,,9c05b461-7dbe-4691-bae4-bf1ef39ac454,4c5c436f-ca6c-40f1-9cb5-b8bc15205ad4,27.0,1.0,1.0,1.0,1,1.0,active,,,,,,,1778605622.635161
5273b4e4-2b4f-47fa-834f-bd0d84d237b0,0,3,13,634,2026-05-12T17:07:03.451313+00:00,trade,trade,ask,S,,,25.0,1.0,,,,,,cd6fe030-7a25-4265-8715-3f71cc255376,,416d6369-82d6-4578-bb8f-14faa5f58679,e6b46ce5-fd20-488e-a3ba-bf681fe75282,d00142cb-036c-42b2-986f-4d8449293679,bc7d5ce5-ff5f-43da-8411-1cc4780872be,1778605623.519166
5273b4e4-2b4f-47fa-834f-bd0d84d237b0,0,3,13,635,2026-05-12T17:07:03.522698+00:00,order,fill,ask,,e6b46ce5-fd20-488e-a3ba-bf681fe75282,bc7d5ce5-ff5f-43da-8411-1cc4780872be,25.0,1.0,-1.0,0.0,,,executed,cd6fe030-7a25-4265-8715-3f71cc255376,416d6369-82d6-4578-bb8f-14faa5f58679,,,,,1778605623.538508
5273b4e4-2b4f-47fa-834f-bd0d84d237b0,0,3,13,636,2026-05-12T17:07:03.541390+00:00,order,fill,bid,,416d6369-82d6-4578-bb8f-14faa5f58679,d00142cb-036c-42b2-986f-4d8449293679,25.0,1.0,-1.0,0.0,,,executed,cd6fe030-7a25-4265-8715-3f71cc255376,e6b46ce5-fd20-488e-a3ba-bf681fe75282,,,,,1778605623.557649
520e90a9-5e9e-4bfa-8244-34e70674e93f,0,3,13,715,2026-05-12T17:07:03.681433+00:00,order,add,bid,,5b358e67-ebb4-44a9-8df7-109fd7788696,a7efec93-ac3e-45ce-84ac-eb2844742dd5,23.0,1.0,1.0,1.0,1,1.0,active,,,,,,,1778605623.699335
5273b4e4-2b4f-47fa-834f-bd0d84d237b0,0,3,12,637,2026-05-12T17:07:05.779727+00:00,order,cancel,ask,,e1dcd7cd-ec71-4d6c-a75a-f7c404874390,bc7d5ce5-ff5f-43da-8411-1cc4780872be,30.0,1.0,-1.0,0.0,,,cancelled,,,,,,,1778605625.796204
520e90a9-5e9e-4bfa-8244-34e70674e93f,0,3,13,716,2026-05-12T17:07:06.288686+00:00,order,add,ask,,97e20f7a-b758-489b-93de-213d78940f1d,6b8a7a0e-6534-4c7f-ba8e-d90a38b5b936,26.0,1.0,1.0,1.0,1,1.0,active,,,,,,,1778605626.305379
5273b4e4-2b4f-47fa-834f-bd0d84d237b0,0,3,12,638,2026-05-12T17:07:06.667979+00:00,order,cancel,ask,,a9aff69e-6d6e-4687-8ad2-f4f7123081ab,bc7d5ce5-ff5f-43da-8411-1cc4780872be,35.0,1.0,-1.0,0.0,,,cancelled,,,,,,,1778605626.683765
5273b4e4-2b4f-47fa-834f-bd0d84d237b0,0,3,13,639,2026-05-12T17:07:07.184796+00:00,order,add,bid,,2cd36b1d-687e-456b-bc6e-81e9c6a6a3bf,ede5b087-a2ea-49eb-9494-a67b961bfc79,22.0,1.0,1.0,1.0,1,1.0,active,,,,,,,1778605627.201388
5273b4e4-2b4f-47fa-834f-bd0d84d237b0,0,3,13,640,2026-05-12T17:07:07.342423+00:00,trade,trade,ask,S,,,24.0,1.0,,,,,,68e76d40-3718-4ef3-9c84-61f7cba8866c,,fc3fcae3-fd28-4c57-8929-382d56472f6d,93e2276d-26e3-44b7-af41-d12ecb375ac4,d00142cb-036c-42b2-986f-4d8449293679,1893c9fa-143a-45ae-8599-dfedb6054045,1778605627.358494
5273b4e4-2b4f-47fa-834f-bd0d84d237b0,0,3,13,641,2026-05-12T17:07:07.361824+00:00,order,fill,ask,,93e2276d-26e3-44b7-af41-d12ecb375ac4,1893c9fa-143a-45ae-8599-dfedb6054045,24.0,1.0,-1.0,0.0,,,executed,68e76d40-3718-4ef3-9c84-61f7cba8866c,fc3fcae3-fd28-4c57-8929-382d56472f6d,,,,,1778605627.376709
5273b4e4-2b4f-47fa-834f-bd0d84d237b0,0,3,13,642,2026-05-12T17:07:07.379547+00:00,order,fill,bid,,fc3fcae3-fd28-4c57-8929-382d56472f6d,d00142cb-036c-42b2-986f-4d8449293679,24.0,1.0,-1.0,0.0,,,executed,68e76d40-3718-4ef3-9c84-61f7cba8866c,93e2276d-26e3-44b7-af41-d12ecb375ac4,,,,,1778605627.394633
5273b4e4-2b4f-47fa-834f-bd0d84d237b0,0,3,12,643,2026-05-12T17:07:07.460544+00:00,order,cancel,ask,,5fc528e6-ec26-4f7d-b63f-d25176484eab,bc7d5ce5-ff5f-43da-8411-1cc4780872be,38.57,1.0,-1.0,0.0,,,cancelled,,,,,,,1778605627.475783
520e90a9-5e9e-4bfa-8244-34e70674e93f,0,3,13,717,2026-05-12T17:07:08.281684+00:00,order,add,ask,,467e2c60-0c0c-4772-a96e-2bb56833a1ae,a7efec93-ac3e-45ce-84ac-eb2844742dd5,24.0,1.0,1.0,1.0,1,1.0,active,,,,,,,1778605628.301209
5273b4e4-2b4f-47fa-834f-bd0d84d237b0,0,3,11,644,2026-05-12T17:07:08.531847+00:00,order,cancel,ask,,dddfd927-8308-40f0-af4a-f16d8964caaa,bc7d5ce5-ff5f-43da-8411-1cc4780872be,44.0,1.0,-1.0,0.0,,,cancelled,,,,,,,1778605628.548922
520e90a9-5e9e-4bfa-8244-34e70674e93f,0,3,13,718,2026-05-12T17:07:09.369556+00:00,order,add,ask,,b51722ba-68a2-4542-b0b7-0de93caffc2a,a7efec93-ac3e-45ce-84ac-eb2844742dd5,24.5,1.0,1.0,1.0,1,1.0,active,,,,,,,1778605629.386429
520e90a9-5e9e-4bfa-8244-34e70674e93f,0,3,13,719,2026-05-12T17:07:09.560759+00:00,trade,trade,bid,B,,,24.0,1.0,,,,,,2684209b-dd31-43b9-a3c4-d6d7e130b5eb,,eb073104-95ff-48b1-a6a9-ccbc704dabd0,467e2c60-0c0c-4772-a96e-2bb56833a1ae,6b8a7a0e-6534-4c7f-ba8e-d90a38b5b936,a7efec93-ac3e-45ce-84ac-eb2844742dd5,1778605629.578825
520e90a9-5e9e-4bfa-8244-34e70674e93f,0,3,13,720,2026-05-12T17:07:09.582217+00:00,order,fill,ask,,467e2c60-0c0c-4772-a96e-2bb56833a1ae,a7efec93-ac3e-45ce-84ac-eb2844742dd5,24.0,1.0,-1.0,0.0,,,executed,2684209b-dd31-43b9-a3c4-d6d7e130b5eb,eb073104-95ff-48b1-a6a9-ccbc704dabd0,,,,,1778605629.598545
520e90a9-5e9e-4bfa-8244-34e70674e93f,0,3,13,721,2026-05-12T17:07:09.601761+00:00,order,fill,bid,,eb073104-95ff-48b1-a6a9-ccbc704dabd0,6b8a7a0e-6534-4c7f-ba8e-d90a38b5b936,24.0,1.0,-1.0,0.0,,,executed,2684209b-dd31-43b9-a3c4-d6d7e130b5eb,467e2c60-0c0c-4772-a96e-2bb56833a1ae,,,,,1778605629.618135
520e90a9-5e9e-4bfa-8244-34e70674e93f,0,3,13,722,2026-05-12T17:07:09.766483+00:00,trade,trade,ask,S,,,23.0,1.0,,,,,,d4c130ea-aec3-4f78-9dcb-a7f3325798ea,,5b358e67-ebb4-44a9-8df7-109fd7788696,81bc7fd3-fc11-4c37-8b57-9de8256dfc65,a7efec93-ac3e-45ce-84ac-eb2844742dd5,c9677d60-b255-4563-955c-c09e7b64f2df,1778605629.782553
520e90a9-5e9e-4bfa-8244-34e70674e93f,0,3,13,723,2026-05-12T17:07:09.785707+00:00,order,fill,ask,,81bc7fd3-fc11-4c37-8b57-9de8256dfc65,c9677d60-b255-4563-955c-c09e7b64f2df,23.0,1.0,-1.0,0.0,,,executed,d4c130ea-aec3-4f78-9dcb-a7f3325798ea,5b358e67-ebb4-44a9-8df7-109fd7788696,,,,,1778605629.801757
520e90a9-5e9e-4bfa-8244-34e70674e93f,0,3,13,724,2026-05-12T17:07:09.804527+00:00,order,fill,bid,,5b358e67-ebb4-44a9-8df7-109fd7788696,a7efec93-ac3e-45ce-84ac-eb2844742dd5,23.0,1.0,-1.0,0.0,,,executed,d4c130ea-aec3-4f78-9dcb-a7f3325798ea,81bc7fd3-fc11-4c37-8b57-9de8256dfc65,,,,,1778605629.819475
5273b4e4-2b4f-47fa-834f-bd0d84d237b0,0,3,13,645,2026-05-12T17:07:09.977467+00:00,order,add,bid,,1206401d-95ba-4486-bc53-05fa0c251d2b,ede5b087-a2ea-49eb-9494-a67b961bfc79,21.0,1.0,1.0,1.0,1,1.0,active,,,,,,,1778605629.994723
5273b4e4-2b4f-47fa-834f-bd0d84d237b0,0,3,13,646,2026-05-12T17:07:10.590144+00:00,order,add,ask,,6b9345a9-ffb2-4fee-80bf-9e5432c67b72,1893c9fa-143a-45ae-8599-dfedb6054045,25.5,1.0,1.0,1.0,1,1.0,active,,,,,,,1778605630.610303
520e90a9-5e9e-4bfa-8244-34e70674e93f,0,3,13,725,2026-05-12T17:07:11.274341+00:00,order,add,ask,,924dd894-30c4-4381-8974-f686484e6a57,a7efec93-ac3e-45ce-84ac-eb2844742dd5,23.5,1.0,1.0,1.0,1,1.0,active,,,,,,,1778605631.290973
5273b4e4-2b4f-47fa-834f-bd0d84d237b0,0,3,10,647,2026-05-12T17:07:11.387726+00:00,order,cancel,ask,,d8f13aa2-7712-4531-9e9f-d762bc8b2d52,bc7d5ce5-ff5f-43da-8411-1cc4780872be,48.0,1.0,-1.0,0.0,,,cancelled,,,,,,,1778605631.404374
5273b4e4-2b4f-47fa-834f-bd0d84d237b0,0,3,10,648,2026-05-12T17:07:11.440669+00:00,order,cancel,ask,,40bc85f9-4314-4420-8dd7-b39760815a94,bc7d5ce5-ff5f-43da-8411-1cc4780872be,48.0,1.0,-1.0,0.0,,,cancelled,,,,,,,1778605631.456804
5273b4e4-2b4f-47fa-834f-bd0d84d237b0,0,3,10,649,2026-05-12T17:07:12.083259+00:00,order,cancel,ask,,4a614662-cfb3-4808-bc63-0b65f5be28f0,bc7d5ce5-ff5f-43da-8411-1cc4780872be,52.5,1.0,-1.0,0.0,,,cancelled,,,,,,,1778605632.099485
5273b4e4-2b4f-47fa-834f-bd0d84d237b0,0,3,13,650,2026-05-12T17:07:12.177918+00:00,order,add,bid,,8edd5cfe-5699-4355-a31c-0eca02242e3a,4c5c436f-ca6c-40f1-9cb5-b8bc15205ad4,20.0,1.0,1.0,1.0,3,3.0,active,,,,,,,1778605632.194324
5273b4e4-2b4f-47fa-834f-bd0d84d237b0,0,3,13,651,2026-05-12T17:07:12.887807+00:00,order,add,bid,,5d2e2c96-7ad7-4fb2-822e-2875b189675c,d00142cb-036c-42b2-986f-4d8449293679,21.0,1.0,1.0,1.0,2,2.0,active,,,,,,,1778605632.905325
520e90a9-5e9e-4bfa-8244-34e70674e93f,0,3,13,726,2026-05-12T17:07:14.943739+00:00,order,add,ask,,be46f0e5-9763-416c-ab1a-4bfd1e010175,6b8a7a0e-6534-4c7f-ba8e-d90a38b5b936,24.0,1.0,1.0,1.0,1,1.0,active,,,,,,,1778605634.960823
5273b4e4-2b4f-47fa-834f-bd0d84d237b0,0,3,13,652,2026-05-12T17:07:15.001036+00:00,order,add,bid,,660429f3-ee82-49c7-970d-ce48a99ffad2,d00142cb-036c-42b2-986f-4d8449293679,22.0,1.0,1.0,1.0,2,2.0,active,,,,,,,1778605635.022377
5273b4e4-2b4f-47fa-834f-bd0d84d237b0,0,3,13,653,2026-05-12T17:07:15.326508+00:00,order,add,ask,,50d0b57a-6f77-488e-88f7-cd144ac9e1bd,1893c9fa-143a-45ae-8599-dfedb6054045,23.0,1.0,1.0,1.0,1,1.0,active,,,,,,,1778605635.343516
520e90a9-5e9e-4bfa-8244-34e70674e93f,0,3,13,727,2026-05-12T17:07:15.450625+00:00,order,add,bid,,d2532a64-cc97-427e-ab18-c8da1a044816,1a600171-9cfa-44bf-a3d4-b7322acefe1a,21.0,1.0,1.0,1.0,1,1.0,active,,,,,,,1778605635.467646
5273b4e4-2b4f-47fa-834f-bd0d84d237b0,0,3,13,654,2026-05-12T17:07:16.184831+00:00,order,add,bid,,6adf7f05-009b-4f0d-b7d0-2143b438618b,ede5b087-a2ea-49eb-9494-a67b961bfc79,20.0,1.0,1.0,1.0,4,4.0,active,,,,,,,1778605636.204221
5273b4e4-2b4f-47fa-834f-bd0d84d237b0,0,3,13,655,2026-05-12T17:07:16.371459+00:00,order,add,bid,,00a9b487-65de-440c-aac1-bc4cf6140ba1,4c5c436f-ca6c-40f1-9cb5-b8bc15205ad4,22.0,1.0,1.0,1.0,3,3.0,active,,,,,,,1778605636.388694
5273b4e4-2b4f-47fa-834f-bd0d84d237b0,0,3,13,656,2026-05-12T17:07:16.780197+00:00,trade,trade,ask,S,,,22.0,1.0,,,,,,91d2a9ba-0a8f-4ba2-9065-24a03fc2d69f,,2cd36b1d-687e-456b-bc6e-81e9c6a6a3bf,86dff776-6244-4478-9bce-8fa404ad59cb,ede5b087-a2ea-49eb-9494-a67b961bfc79,bc7d5ce5-ff5f-43da-8411-1cc4780872be,1778605636.797665
5273b4e4-2b4f-47fa-834f-bd0d84d237b0,0,3,13,657,2026-05-12T17:07:16.800728+00:00,order,fill,ask,,86dff776-6244-4478-9bce-8fa404ad59cb,bc7d5ce5-ff5f-43da-8411-1cc4780872be,22.0,1.0,-1.0,0.0,,,executed,91d2a9ba-0a8f-4ba2-9065-24a03fc2d69f,2cd36b1d-687e-456b-bc6e-81e9c6a6a3bf,,,,,1778605636.816896
5273b4e4-2b4f-47fa-834f-bd0d84d237b0,0,3,13,658,2026-05-12T17:07:16.819648+00:00,order,fill,bid,,2cd36b1d-687e-456b-bc6e-81e9c6a6a3bf,ede5b087-a2ea-49eb-9494-a67b961bfc79,22.0,1.0,-1.0,0.0,,,executed,91d2a9ba-0a8f-4ba2-9065-24a03fc2d69f,86dff776-6244-4478-9bce-8fa404ad59cb,,,,,1778605636.835001
5273b4e4-2b4f-47fa-834f-bd0d84d237b0,0,3,13,659,2026-05-12T17:07:17.333317+00:00,trade,trade,ask,S,,,22.0,1.0,,,,,,c33e9665-9c18-49f7-8490-3eb6492013da,,660429f3-ee82-49c7-970d-ce48a99ffad2,43ecfd59-8c4b-468f-b38c-88f217db2bc0,d00142cb-036c-42b2-986f-4d8449293679,1893c9fa-143a-45ae-8599-dfedb6054045,1778605637.349234
5273b4e4-2b4f-47fa-834f-bd0d84d237b0,0,3,13,660,2026-05-12T17:07:17.352176+00:00,order,fill,ask,,43ecfd59-8c4b-468f-b38c-88f217db2bc0,1893c9fa-143a-45ae-8599-dfedb6054045,22.0,1.0,-1.0,0.0,,,executed,c33e9665-9c18-49f7-8490-3eb6492013da,660429f3-ee82-49c7-970d-ce48a99ffad2,,,,,1778605637.367186
5273b4e4-2b4f-47fa-834f-bd0d84d237b0,0,3,13,661,2026-05-12T17:07:17.370036+00:00,order,fill,bid,,660429f3-ee82-49c7-970d-ce48a99ffad2,d00142cb-036c-42b2-986f-4d8449293679,22.0,1.0,-1.0,0.0,,,executed,c33e9665-9c18-49f7-8490-3eb6492013da,43ecfd59-8c4b-468f-b38c-88f217db2bc0,,,,,1778605637.384507
520e90a9-5e9e-4bfa-8244-34e70674e93f,0,3,13,728,2026-05-12T17:07:17.448731+00:00,order,add,ask,,6eecb8d7-5d8f-4a22-8fa7-a3541dc079c2,cb46e42c-c695-4491-ae41-767eb4004474,25.0,1.0,1.0,1.0,1,1.0,active,,,,,,,1778605637.46433
5273b4e4-2b4f-47fa-834f-bd0d84d237b0,0,3,13,662,2026-05-12T17:07:18.351997+00:00,order,add,ask,,cf2935c6-d29c-45ef-92ab-95dd97f02898,18711e8c-d4a6-4e40-ac02-472f81cda568,29.0,1.0,1.0,1.0,1,1.0,active,,,,,,,1778605638.369562
5273b4e4-2b4f-47fa-834f-bd0d84d237b0,0,3,13,663,2026-05-12T17:07:19.702694+00:00,order,cancel,ask,,6b9345a9-ffb2-4fee-80bf-9e5432c67b72,1893c9fa-143a-45ae-8599-dfedb6054045,25.5,1.0,-1.0,0.0,,,cancelled,,,,,,,1778605639.719278
520e90a9-5e9e-4bfa-8244-34e70674e93f,0,3,13,729,2026-05-12T17:07:19.875446+00:00,order,add,bid,,44bfaf55-e164-4ac5-9dd5-72d8d7fc3740,1a600171-9cfa-44bf-a3d4-b7322acefe1a,21.75,1.0,1.0,1.0,1,1.0,active,,,,,,,1778605639.894393
5273b4e4-2b4f-47fa-834f-bd0d84d237b0,0,3,13,664,2026-05-12T17:07:20.135976+00:00,order,add,bid,,e06e4b9b-e76e-42fb-ad3f-f4d7747bf3d4,d00142cb-036c-42b2-986f-4d8449293679,22.0,1.0,1.0,1.0,2,2.0,active,,,,,,,1778605640.15339
5273b4e4-2b4f-47fa-834f-bd0d84d237b0,0,3,13,665,2026-05-12T17:07:21.933790+00:00,order,add,bid,,7a8ab47d-c4aa-4e22-9bd9-508006f6988e,ede5b087-a2ea-49eb-9494-a67b961bfc79,22.0,1.0,1.0,1.0,3,3.0,active,,,,,,,1778605641.950144
5273b4e4-2b4f-47fa-834f-bd0d84d237b0,0,3,13,666,2026-05-12T17:07:22.266350+00:00,order,cancel,ask,,ebbe7e04-1e63-49fd-aa7a-cc8b4effc6f4,bc7d5ce5-ff5f-43da-8411-1cc4780872be,28.5,1.0,-1.0,0.0,,,cancelled,,,,,,,1778605642.28229
5273b4e4-2b4f-47fa-834f-bd0d84d237b0,0,3,13,667,2026-05-12T17:07:23.281565+00:00,order,add,bid,,2d6e4600-1164-4879-bb05-4c952e8496e8,4c5c436f-ca6c-40f1-9cb5-b8bc15205ad4,22.0,1.0,1.0,1.0,4,4.0,active,,,,,,,1778605643.297863
5273b4e4-2b4f-47fa-834f-bd0d84d237b0,0,3,13,668,2026-05-12T17:07:23.398616+00:00,order,cancel,ask,,50d0b57a-6f77-488e-88f7-cd144ac9e1bd,1893c9fa-143a-45ae-8599-dfedb6054045,23.0,1.0,-1.0,0.0,,,cancelled,,,,,,,1778605643.415026
5273b4e4-2b4f-47fa-834f-bd0d84d237b0,0,3,13,669,2026-05-12T17:07:26.117336+00:00,order,add,ask,,96922c67-4659-47c1-b8f6-85c0ea99c0c3,1893c9fa-143a-45ae-8599-dfedb6054045,23.0,1.0,1.0,1.0,1,1.0,active,,,,,,,1778605646.133088
5273b4e4-2b4f-47fa-834f-bd0d84d237b0,0,3,13,670,2026-05-12T17:07:27.347421+00:00,order,cancel,ask,,9c05b461-7dbe-4691-bae4-bf1ef39ac454,4c5c436f-ca6c-40f1-9cb5-b8bc15205ad4,27.0,1.0,-1.0,0.0,,,cancelled,,,,,,,1778605647.363432
5273b4e4-2b4f-47fa-834f-bd0d84d237b0,0,3,13,671,2026-05-12T17:07:27.448806+00:00,order,add,bid,,41585b2e-d40d-4bae-ad14-8dabef954bdd,ede5b087-a2ea-49eb-9494-a67b961bfc79,20.0,1.0,1.0,1.0,5,5.0,active,,,,,,,1778605647.468764
5273b4e4-2b4f-47fa-834f-bd0d84d237b0,0,3,13,672,2026-05-12T17:07:29.456486+00:00,order,add,ask,,c02437a2-cd85-4817-abc2-38246770332a,18711e8c-d4a6-4e40-ac02-472f81cda568,31.0,1.0,1.0,1.0,1,1.0,active,,,,,,,1778605649.473162
5273b4e4-2b4f-47fa-834f-bd0d84d237b0,0,3,13,673,2026-05-12T17:07:29.997942+00:00,order,add,ask,,3a429c9a-65d2-48e3-8a7d-f6177a63003f,1893c9fa-143a-45ae-8599-dfedb6054045,24.0,1.0,1.0,1.0,1,1.0,active,,,,,,,1778605650.018179
5273b4e4-2b4f-47fa-834f-bd0d84d237b0,0,3,13,674,2026-05-12T17:07:31.878774+00:00,order,cancel,ask,,96922c67-4659-47c1-b8f6-85c0ea99c0c3,1893c9fa-143a-45ae-8599-dfedb6054045,23.0,1.0,-1.0,0.0,,,cancelled,,,,,,,1778605651.89589
5273b4e4-2b4f-47fa-834f-bd0d84d237b0,0,3,13,675,2026-05-12T17:07:31.934946+00:00,order,add,ask,,89a22816-75bb-47f3-a51e-f8003a6b1965,4c5c436f-ca6c-40f1-9cb5-b8bc15205ad4,23.0,1.0,1.0,1.0,1,1.0,active,,,,,,,1778605651.951842
5273b4e4-2b4f-47fa-834f-bd0d84d237b0,0,3,13,676,2026-05-12T17:07:32.416940+00:00,order,add,bid,,36c2f733-d08e-4ad5-af11-8bb4eaf4fd94,ede5b087-a2ea-49eb-9494-a67b961bfc79,20.0,1.0,1.0,1.0,6,6.0,active,,,,,,,1778605652.434819
5273b4e4-2b4f-47fa-834f-bd0d84d237b0,0,3,13,677,2026-05-12T17:07:35.180160+00:00,order,add,bid,,8005682b-5118-4cbe-a4bf-bf905386f2a9,bc7d5ce5-ff5f-43da-8411-1cc4780872be,18.0,1.0,1.0,1.0,1,1.0,active,,,,,,,1778605655.200086
5273b4e4-2b4f-47fa-834f-bd0d84d237b0,0,3,13,678,2026-05-12T17:07:35.802933+00:00,order,add,ask,,8d0a4083-c42a-4f91-a568-01a045d16891,18711e8c-d4a6-4e40-ac02-472f81cda568,28.0,1.0,1.0,1.0,1,1.0,active,,,,,,,1778605655.822753
5273b4e4-2b4f-47fa-834f-bd0d84d237b0,0,3,13,679,2026-05-12T17:07:38.216576+00:00,order,add,bid,,093e862b-0c5c-44d8-9ebc-c56334cedbee,ede5b087-a2ea-49eb-9494-a67b961bfc79,20.0,1.0,1.0,1.0,7,7.0,active,,,,,,,1778605658.233626
5273b4e4-2b4f-47fa-834f-bd0d84d237b0,0,3,13,680,2026-05-12T17:07:38.457745+00:00,order,add,ask,,f8137a24-76b7-4c46-bb70-058267013e07,4c5c436f-ca6c-40f1-9cb5-b8bc15205ad4,24.0,1.0,1.0,1.0,2,2.0,active,,,,,,,1778605658.473914
5273b4e4-2b4f-47fa-834f-bd0d84d237b0,0,3,13,681,2026-05-12T17:07:39.328763+00:00,order,add,bid,,d148874c-52ea-4b92-bdf9-68fa4b644845,d00142cb-036c-42b2-986f-4d8449293679,18.0,1.0,1.0,1.0,2,2.0,active,,,,,,,1778605659.345278
5273b4e4-2b4f-47fa-834f-bd0d84d237b0,0,3,12,682,2026-05-12T17:07:39.507362+00:00,order,cancel,ask,,722e8f3f-1be6-48f0-b65d-6845157b63f3,4c5c436f-ca6c-40f1-9cb5-b8bc15205ad4,33.0,1.0,-1.0,0.0,,,cancelled,,,,,,,1778605659.523232
5273b4e4-2b4f-47fa-834f-bd0d84d237b0,0,3,12,683,2026-05-12T17:07:39.699281+00:00,order,cancel,ask,,aca1b488-eaf8-4865-a3f9-337b16691aff,4c5c436f-ca6c-40f1-9cb5-b8bc15205ad4,33.5,1.0,-1.0,0.0,,,cancelled,,,,,,,1778605659.715087
5273b4e4-2b4f-47fa-834f-bd0d84d237b0,0,3,13,684,2026-05-12T17:07:39.751429+00:00,order,add,ask,,4aa02225-86d2-4c65-93ad-b63c64a27b0e,18711e8c-d4a6-4e40-ac02-472f81cda568,26.0,1.0,1.0,1.0,1,1.0,active,,,,,,,1778605659.766472
5273b4e4-2b4f-47fa-834f-bd0d84d237b0,0,3,12,685,2026-05-12T17:07:40.555253+00:00,order,cancel,ask,,9b4f2e6e-126f-4548-b673-f50db64f533a,4c5c436f-ca6c-40f1-9cb5-b8bc15205ad4,31.13,1.0,-1.0,0.0,,,cancelled,,,,,,,1778605660.571865
5273b4e4-2b4f-47fa-834f-bd0d84d237b0,0,3,13,686,2026-05-12T17:07:40.609060+00:00,order,add,bid,,f44bb838-a7bf-4f8d-b20e-2f01936e07de,bc7d5ce5-ff5f-43da-8411-1cc4780872be,20.0,1.0,1.0,1.0,8,8.0,active,,,,,,,1778605660.624807
5273b4e4-2b4f-47fa-834f-bd0d84d237b0,0,3,13,687,2026-05-12T17:07:42.816526+00:00,order,add,ask,,e0c3181c-a132-4a1e-9e8f-af531b37dc74,18711e8c-d4a6-4e40-ac02-472f81cda568,25.0,1.0,1.0,1.0,1,1.0,active,,,,,,,1778605662.839474
5273b4e4-2b4f-47fa-834f-bd0d84d237b0,0,3,13,688,2026-05-12T17:07:43.209806+00:00,order,add,bid,,e70fc883-1677-4802-8839-36e3b95a7662,ede5b087-a2ea-49eb-9494-a67b961bfc79,18.0,1.0,1.0,1.0,3,3.0,active,,,,,,,1778605663.226149
520e90a9-5e9e-4bfa-8244-34e70674e93f,0,3,13,730,2026-05-12T17:07:44.811595+00:00,order,cancel,bid,,44bfaf55-e164-4ac5-9dd5-72d8d7fc3740,1a600171-9cfa-44bf-a3d4-b7322acefe1a,21.75,1.0,-1.0,0.0,,,cancelled,,,,,,,1778605664.828319
520e90a9-5e9e-4bfa-8244-34e70674e93f,0,3,12,731,2026-05-12T17:07:45.244192+00:00,order,cancel,ask,,3e7f6153-dfc0-4fe2-982a-e9c4ef79504c,a7efec93-ac3e-45ce-84ac-eb2844742dd5,30.73,1.0,-1.0,0.0,,,cancelled,,,,,,,1778605665.260183
520e90a9-5e9e-4bfa-8244-34e70674e93f,0,3,12,732,2026-05-12T17:07:45.282485+00:00,order,cancel,ask,,dc479fcb-54a7-4f47-909e-e518a0a4b368,a7efec93-ac3e-45ce-84ac-eb2844742dd5,30.73,1.0,-1.0,0.0,,,cancelled,,,,,,,1778605665.297188
520e90a9-5e9e-4bfa-8244-34e70674e93f,0,3,13,733,2026-05-12T17:07:45.339843+00:00,order,cancel,bid,,d2532a64-cc97-427e-ab18-c8da1a044816,1a600171-9cfa-44bf-a3d4-b7322acefe1a,21.0,1.0,-1.0,0.0,,,cancelled,,,,,,,1778605665.354936
520e90a9-5e9e-4bfa-8244-34e70674e93f,0,3,12,734,2026-05-12T17:07:45.882226+00:00,order,cancel,ask,,be4fa482-b06d-4334-98e5-30f676d8d5b0,a7efec93-ac3e-45ce-84ac-eb2844742dd5,30.72,1.0,-1.0,0.0,,,cancelled,,,,,,,1778605665.898503
520e90a9-5e9e-4bfa-8244-34e70674e93f,0,3,13,735,2026-05-12T17:07:46.826985+00:00,order,cancel,ask,,c07e2224-2919-4568-a382-82e56e9a707c,a7efec93-ac3e-45ce-84ac-eb2844742dd5,27.0,1.0,-1.0,0.0,,,cancelled,,,,,,,1778605666.843534
5273b4e4-2b4f-47fa-834f-bd0d84d237b0,0,3,13,689,2026-05-12T17:07:46.977537+00:00,order,add,bid,,96246322-3d43-4de7-b716-f73a098aaa3e,ede5b087-a2ea-49eb-9494-a67b961bfc79,17.0,1.0,1.0,1.0,1,1.0,active,,,,,,,1778605666.993762
520e90a9-5e9e-4bfa-8244-34e70674e93f,0,3,14,736,2026-05-12T17:07:47.726088+00:00,trade,trade,ask,S,,,20.0,1.0,,,,,,cdaca497-465c-455f-a932-92281c8ae889,,9a487000-de1e-4052-a6d0-b9dfc78b490b,8be38ddc-78e0-421a-9741-51f471a95989,6b8a7a0e-6534-4c7f-ba8e-d90a38b5b936,5e6b5ec7-66f5-446f-b458-3b18596521a3,1778605667.742258
520e90a9-5e9e-4bfa-8244-34e70674e93f,0,3,14,737,2026-05-12T17:07:47.745360+00:00,order,fill,ask,,8be38ddc-78e0-421a-9741-51f471a95989,5e6b5ec7-66f5-446f-b458-3b18596521a3,20.0,1.0,-1.0,0.0,,,executed,cdaca497-465c-455f-a932-92281c8ae889,9a487000-de1e-4052-a6d0-b9dfc78b490b,,,,,1778605667.760629
520e90a9-5e9e-4bfa-8244-34e70674e93f,0,3,14,738,2026-05-12T17:07:47.763417+00:00,order,fill,bid,,9a487000-de1e-4052-a6d0-b9dfc78b490b,6b8a7a0e-6534-4c7f-ba8e-d90a38b5b936,20.0,1.0,-1.0,0.0,,,executed,cdaca497-465c-455f-a932-92281c8ae889,8be38ddc-78e0-421a-9741-51f471a95989,,,,,1778605667.778862
520e90a9-5e9e-4bfa-8244-34e70674e93f,0,3,13,739,2026-05-12T17:07:48.267417+00:00,order,cancel,ask,,b51722ba-68a2-4542-b0b7-0de93caffc2a,a7efec93-ac3e-45ce-84ac-eb2844742dd5,24.5,1.0,-1.0,0.0,,,cancelled,,,,,,,1778605668.284168
520e90a9-5e9e-4bfa-8244-34e70674e93f,0,3,14,740,2026-05-12T17:07:50.106123+00:00,order,add,ask,,3a809442-668d-44b1-8174-30fd1035ace2,a7efec93-ac3e-45ce-84ac-eb2844742dd5,23.5,1.0,1.0,1.0,2,2.0,active,,,,,,,1778605670.122877
5273b4e4-2b4f-47fa-834f-bd0d84d237b0,0,3,13,690,2026-05-12T17:07:50.424470+00:00,order,add,bid,,fd6ff25c-002e-4f2a-bb34-27eb0973d4fd,d00142cb-036c-42b2-986f-4d8449293679,17.0,1.0,1.0,1.0,2,2.0,active,,,,,,,1778605670.4419
5273b4e4-2b4f-47fa-834f-bd0d84d237b0,0,3,13,691,2026-05-12T17:07:50.600555+00:00,order,add,bid,,c1c4a73a-7265-4faf-87c7-ea596e6d08b0,ede5b087-a2ea-49eb-9494-a67b961bfc79,15.0,1.0,1.0,1.0,1,1.0,active,,,,,,,1778605670.617274
520e90a9-5e9e-4bfa-8244-34e70674e93f,0,3,14,741,2026-05-12T17:07:51.233952+00:00,order,add,ask,,92639675-fafb-4c44-9655-2396b6f4b57a,a7efec93-ac3e-45ce-84ac-eb2844742dd5,23.5,1.0,1.0,1.0,3,3.0,active,,,,,,,1778605671.252714
520e90a9-5e9e-4bfa-8244-34e70674e93f,0,3,14,742,2026-05-12T17:07:51.703831+00:00,order,add,bid,,a4c0d614-3c8c-4954-8fc4-358640cc1349,6b8a7a0e-6534-4c7f-ba8e-d90a38b5b936,18.0,1.0,1.0,1.0,1,1.0,active,,,,,,,1778605671.7203
520e90a9-5e9e-4bfa-8244-34e70674e93f,0,3,14,743,2026-05-12T17:07:52.113486+00:00,order,add,ask,,ecaece75-458e-47e3-b24a-8f8e07a672e7,a7efec93-ac3e-45ce-84ac-eb2844742dd5,23.5,1.0,1.0,1.0,4,4.0,active,,,,,,,1778605672.130956
520e90a9-5e9e-4bfa-8244-34e70674e93f,0,3,14,744,2026-05-12T17:07:53.597852+00:00,order,add,bid,,a53e7673-458b-410d-9aa3-af441cad294c,c9677d60-b255-4563-955c-c09e7b64f2df,18.0,1.0,1.0,1.0,2,2.0,active,,,,,,,1778605673.614313
520e90a9-5e9e-4bfa-8244-34e70674e93f,0,3,14,745,2026-05-12T17:07:55.033709+00:00,order,add,ask,,1bd64385-7ab4-454b-b18e-e98bdc32f897,1a600171-9cfa-44bf-a3d4-b7322acefe1a,21.0,1.0,1.0,1.0,1,1.0,active,,,,,,,1778605675.051425
520e90a9-5e9e-4bfa-8244-34e70674e93f,0,3,14,746,2026-05-12T17:07:55.781473+00:00,order,add,ask,,af6a47ac-e15c-43c1-beb6-4654f8c5c028,cb46e42c-c695-4491-ae41-767eb4004474,20.0,1.0,1.0,1.0,1,1.0,active,,,,,,,1778605675.798269
520e90a9-5e9e-4bfa-8244-34e70674e93f,0,3,13,747,2026-05-12T17:07:56.919647+00:00,order,cancel,ask,,6eecb8d7-5d8f-4a22-8fa7-a3541dc079c2,cb46e42c-c695-4491-ae41-767eb4004474,25.0,1.0,-1.0,0.0,,,cancelled,,,,,,,1778605676.936184
520e90a9-5e9e-4bfa-8244-34e70674e93f,0,3,14,748,2026-05-12T17:07:58.514230+00:00,order,add,ask,,6531ad26-f0ab-4d5b-9270-282e86ba7b57,a7efec93-ac3e-45ce-84ac-eb2844742dd5,20.75,1.0,1.0,1.0,1,1.0,active,,,,,,,1778605678.530756
520e90a9-5e9e-4bfa-8244-34e70674e93f,0,3,14,749,2026-05-12T17:07:59.795707+00:00,trade,trade,bid,B,,,20.0,1.0,,,,,,1c98ea23-0a01-4a93-b20e-45050073885f,,576c84dd-9c4a-4a17-be5e-93c598b7ffeb,af6a47ac-e15c-43c1-beb6-4654f8c5c028,a7efec93-ac3e-45ce-84ac-eb2844742dd5,cb46e42c-c695-4491-ae41-767eb4004474,1778605679.812138
520e90a9-5e9e-4bfa-8244-34e70674e93f,0,3,14,750,2026-05-12T17:07:59.815112+00:00,order,fill,ask,,af6a47ac-e15c-43c1-beb6-4654f8c5c028,cb46e42c-c695-4491-ae41-767eb4004474,20.0,1.0,-1.0,0.0,,,executed,1c98ea23-0a01-4a93-b20e-45050073885f,576c84dd-9c4a-4a17-be5e-93c598b7ffeb,,,,,1778605679.829648
520e90a9-5e9e-4bfa-8244-34e70674e93f,0,3,14,751,2026-05-12T17:07:59.832384+00:00,order,fill,bid,,576c84dd-9c4a-4a17-be5e-93c598b7ffeb,a7efec93-ac3e-45ce-84ac-eb2844742dd5,20.0,1.0,-1.0,0.0,,,executed,1c98ea23-0a01-4a93-b20e-45050073885f,af6a47ac-e15c-43c1-beb6-4654f8c5c028,,,,,1778605679.846972
520e90a9-5e9e-4bfa-8244-34e70674e93f,0,3,14,752,2026-05-12T17:08:00.231210+00:00,order,add,ask,,e154f9fe-9cbe-4457-98a9-9ff484936f43,6b8a7a0e-6534-4c7f-ba8e-d90a38b5b936,20.0,1.0,1.0,1.0,1,1.0,active,,,,,,,1778605680.249312
520e90a9-5e9e-4bfa-8244-34e70674e93f,0,3,14,753,2026-05-12T17:08:00.385511+00:00,trade,trade,ask,S,,,18.0,1.0,,,,,,fe310774-1e87-444a-beac-d735a8a680b2,,a4c0d614-3c8c-4954-8fc4-358640cc1349,0010838c-5f84-4445-9875-1f381d10e79b,6b8a7a0e-6534-4c7f-ba8e-d90a38b5b936,1a600171-9cfa-44bf-a3d4-b7322acefe1a,1778605680.402197
520e90a9-5e9e-4bfa-8244-34e70674e93f,0,3,14,754,2026-05-12T17:08:00.405517+00:00,order,fill,ask,,0010838c-5f84-4445-9875-1f381d10e79b,1a600171-9cfa-44bf-a3d4-b7322acefe1a,18.0,1.0,-1.0,0.0,,,executed,fe310774-1e87-444a-beac-d735a8a680b2,a4c0d614-3c8c-4954-8fc4-358640cc1349,,,,,1778605680.42087
520e90a9-5e9e-4bfa-8244-34e70674e93f,0,3,14,755,2026-05-12T17:08:00.423809+00:00,order,fill,bid,,a4c0d614-3c8c-4954-8fc4-358640cc1349,6b8a7a0e-6534-4c7f-ba8e-d90a38b5b936,18.0,1.0,-1.0,0.0,,,executed,fe310774-1e87-444a-beac-d735a8a680b2,0010838c-5f84-4445-9875-1f381d10e79b,,,,,1778605680.439495
520e90a9-5e9e-4bfa-8244-34e70674e93f,0,3,14,756,2026-05-12T17:08:01.986976+00:00,order,add,bid,,d6a512e9-a9f9-418d-93e2-5cfba7ef1152,a7efec93-ac3e-45ce-84ac-eb2844742dd5,19.0,1.0,1.0,1.0,1,1.0,active,,,,,,,1778605682.028647
520e90a9-5e9e-4bfa-8244-34e70674e93f,0,3,13,757,2026-05-12T17:08:03.283114+00:00,order,cancel,ask,,0e463b5a-a133-4ed0-857a-5318d3729770,1a600171-9cfa-44bf-a3d4-b7322acefe1a,28.0,1.0,-1.0,0.0,,,cancelled,,,,,,,1778605683.300293
520e90a9-5e9e-4bfa-8244-34e70674e93f,0,3,13,758,2026-05-12T17:08:03.707100+00:00,order,cancel,ask,,b84113f4-316c-496f-89d6-35d9a9beb84a,1a600171-9cfa-44bf-a3d4-b7322acefe1a,28.86,1.0,-1.0,0.0,,,cancelled,,,,,,,1778605683.723581
520e90a9-5e9e-4bfa-8244-34e70674e93f,0,3,12,759,2026-05-12T17:08:04.059108+00:00,order,cancel,ask,,bad2646b-2e70-4150-a9a7-7313a67d9819,1a600171-9cfa-44bf-a3d4-b7322acefe1a,38.0,1.0,-1.0,0.0,,,cancelled,,,,,,,1778605684.075036
5273b4e4-2b4f-47fa-834f-bd0d84d237b0,0,3,13,692,2026-05-12T17:08:04.299929+00:00,order,cancel,bid,,f44bb838-a7bf-4f8d-b20e-2f01936e07de,bc7d5ce5-ff5f-43da-8411-1cc4780872be,20.0,1.0,-1.0,0.0,,,cancelled,,,,,,,1778605684.316325
520e90a9-5e9e-4bfa-8244-34e70674e93f,0,3,14,760,2026-05-12T17:08:04.529121+00:00,order,cancel,ask,,e154f9fe-9cbe-4457-98a9-9ff484936f43,6b8a7a0e-6534-4c7f-ba8e-d90a38b5b936,20.0,1.0,-1.0,0.0,,,cancelled,,,,,,,1778605684.547289
520e90a9-5e9e-4bfa-8244-34e70674e93f,0,3,13,761,2026-05-12T17:08:05.532231+00:00,order,cancel,ask,,924dd894-30c4-4381-8974-f686484e6a57,a7efec93-ac3e-45ce-84ac-eb2844742dd5,23.5,1.0,-1.0,0.0,,,cancelled,,,,,,,1778605685.549109
520e90a9-5e9e-4bfa-8244-34e70674e93f,0,3,14,762,2026-05-12T17:08:05.573877+00:00,order,cancel,ask,,3a809442-668d-44b1-8174-30fd1035ace2,a7efec93-ac3e-45ce-84ac-eb2844742dd5,23.5,1.0,-1.0,0.0,,,cancelled,,,,,,,1778605685.588593
520e90a9-5e9e-4bfa-8244-34e70674e93f,0,3,14,763,2026-05-12T17:08:05.622903+00:00,order,cancel,ask,,92639675-fafb-4c44-9655-2396b6f4b57a,a7efec93-ac3e-45ce-84ac-eb2844742dd5,23.5,1.0,-1.0,0.0,,,cancelled,,,,,,,1778605685.638374
520e90a9-5e9e-4bfa-8244-34e70674e93f,0,3,14,764,2026-05-12T17:08:05.671865+00:00,order,cancel,ask,,ecaece75-458e-47e3-b24a-8f8e07a672e7,a7efec93-ac3e-45ce-84ac-eb2844742dd5,23.5,1.0,-1.0,0.0,,,cancelled,,,,,,,1778605685.686954
5273b4e4-2b4f-47fa-834f-bd0d84d237b0,0,3,13,693,2026-05-12T17:08:05.767128+00:00,order,cancel,bid,,4a587d96-520a-4919-8710-329b46a4f8a1,1893c9fa-143a-45ae-8599-dfedb6054045,19.0,1.0,-1.0,0.0,,,cancelled,,,,,,,1778605685.783481
5273b4e4-2b4f-47fa-834f-bd0d84d237b0,0,3,13,694,2026-05-12T17:08:06.436133+00:00,order,cancel,bid,,8005682b-5118-4cbe-a4bf-bf905386f2a9,bc7d5ce5-ff5f-43da-8411-1cc4780872be,18.0,1.0,-1.0,0.0,,,cancelled,,,,,,,1778605686.453372
520e90a9-5e9e-4bfa-8244-34e70674e93f,0,3,14,765,2026-05-12T17:08:06.591370+00:00,order,add,bid,,77a7b641-5aa7-426c-b159-9abe4076349d,6b8a7a0e-6534-4c7f-ba8e-d90a38b5b936,19.5,1.0,1.0,1.0,1,1.0,active,,,,,,,1778605686.608481
520e90a9-5e9e-4bfa-8244-34e70674e93f,0,3,14,766,2026-05-12T17:08:06.674889+00:00,order,cancel,ask,,1bd64385-7ab4-454b-b18e-e98bdc32f897,1a600171-9cfa-44bf-a3d4-b7322acefe1a,21.0,1.0,-1.0,0.0,,,cancelled,,,,,,,1778605686.692464
5273b4e4-2b4f-47fa-834f-bd0d84d237b0,0,3,14,695,2026-05-12T17:08:06.887945+00:00,order,add,bid,,f230c348-8806-4fa1-a8c7-1c4eab2b37de,d00142cb-036c-42b2-986f-4d8449293679,15.0,1.0,1.0,1.0,2,2.0,active,,,,,,,1778605686.904843
520e90a9-5e9e-4bfa-8244-34e70674e93f,0,3,14,767,2026-05-12T17:08:07.531698+00:00,trade,trade,ask,S,,,19.5,1.0,,,,,,52717dc6-df03-4305-b8ee-e49abae4514a,,77a7b641-5aa7-426c-b159-9abe4076349d,b22f2d6b-a582-472d-a24c-f495a66d65f6,6b8a7a0e-6534-4c7f-ba8e-d90a38b5b936,a7efec93-ac3e-45ce-84ac-eb2844742dd5,1778605687.548578
520e90a9-5e9e-4bfa-8244-34e70674e93f,0,3,14,768,2026-05-12T17:08:07.551839+00:00,order,fill,ask,,b22f2d6b-a582-472d-a24c-f495a66d65f6,a7efec93-ac3e-45ce-84ac-eb2844742dd5,19.0,1.0,-1.0,0.0,,,executed,52717dc6-df03-4305-b8ee-e49abae4514a,77a7b641-5aa7-426c-b159-9abe4076349d,,,,,1778605687.567827
520e90a9-5e9e-4bfa-8244-34e70674e93f,0,3,14,769,2026-05-12T17:08:07.570903+00:00,order,fill,bid,,77a7b641-5aa7-426c-b159-9abe4076349d,6b8a7a0e-6534-4c7f-ba8e-d90a38b5b936,19.5,1.0,-1.0,0.0,,,executed,52717dc6-df03-4305-b8ee-e49abae4514a,b22f2d6b-a582-472d-a24c-f495a66d65f6,,,,,1778605687.586924
5273b4e4-2b4f-47fa-834f-bd0d84d237b0,0,3,14,696,2026-05-12T17:08:08.974014+00:00,order,add,bid,,13bd8833-63aa-455b-ae7d-01b596d88fc2,1893c9fa-143a-45ae-8599-dfedb6054045,12.0,1.0,1.0,1.0,1,1.0,active,,,,,,,1778605688.991205
520e90a9-5e9e-4bfa-8244-34e70674e93f,0,3,14,770,2026-05-12T17:08:09.524190+00:00,order,add,ask,,adde5f09-7ef0-467d-8eac-f42341551048,a7efec93-ac3e-45ce-84ac-eb2844742dd5,20.13,1.0,1.0,1.0,1,1.0,active,,,,,,,1778605689.54385
5273b4e4-2b4f-47fa-834f-bd0d84d237b0,0,3,14,697,2026-05-12T17:08:10.601624+00:00,trade,trade,ask,S,,,22.0,1.0,,,,,,38ac3be4-57cd-4d3d-91eb-5dbf4ab96c34,,00a9b487-65de-440c-aac1-bc4cf6140ba1,04de9140-2729-46c1-8199-28e98a298322,4c5c436f-ca6c-40f1-9cb5-b8bc15205ad4,ede5b087-a2ea-49eb-9494-a67b961bfc79,1778605690.618193
5273b4e4-2b4f-47fa-834f-bd0d84d237b0,0,3,14,698,2026-05-12T17:08:10.621974+00:00,order,fill,ask,,04de9140-2729-46c1-8199-28e98a298322,ede5b087-a2ea-49eb-9494-a67b961bfc79,22.0,1.0,-1.0,0.0,,,executed,38ac3be4-57cd-4d3d-91eb-5dbf4ab96c34,00a9b487-65de-440c-aac1-bc4cf6140ba1,,,,,1778605690.637154
5273b4e4-2b4f-47fa-834f-bd0d84d237b0,0,3,14,699,2026-05-12T17:08:10.639934+00:00,order,fill,bid,,00a9b487-65de-440c-aac1-bc4cf6140ba1,4c5c436f-ca6c-40f1-9cb5-b8bc15205ad4,22.0,1.0,-1.0,0.0,,,executed,38ac3be4-57cd-4d3d-91eb-5dbf4ab96c34,04de9140-2729-46c1-8199-28e98a298322,,,,,1778605690.655427
520e90a9-5e9e-4bfa-8244-34e70674e93f,0,3,14,771,2026-05-12T17:08:11.243009+00:00,order,add,ask,,d4a87459-362b-46dd-a498-271e03b4a8ee,a7efec93-ac3e-45ce-84ac-eb2844742dd5,19.88,1.0,1.0,1.0,1,1.0,active,,,,,,,1778605691.258687
520e90a9-5e9e-4bfa-8244-34e70674e93f,0,3,14,772,2026-05-12T17:08:11.697298+00:00,order,add,ask,,2bd51f5a-8918-4517-96c7-6fc655692a54,1a600171-9cfa-44bf-a3d4-b7322acefe1a,20.0,1.0,1.0,1.0,1,1.0,active,,,,,,,1778605691.715561
5273b4e4-2b4f-47fa-834f-bd0d84d237b0,0,3,14,700,2026-05-12T17:08:11.752490+00:00,order,add,bid,,6ebca58f-1e3e-4afd-a048-590cb3922b69,d00142cb-036c-42b2-986f-4d8449293679,12.0,1.0,1.0,1.0,2,2.0,active,,,,,,,1778605691.768684
5273b4e4-2b4f-47fa-834f-bd0d84d237b0,0,3,14,701,2026-05-12T17:08:11.807126+00:00,trade,trade,ask,S,,,22.0,1.0,,,,,,06fffa00-181c-44be-9544-f4b1490028e6,,e06e4b9b-e76e-42fb-ad3f-f4d7747bf3d4,5830069c-d3e1-434a-8648-83a177af44ee,d00142cb-036c-42b2-986f-4d8449293679,ede5b087-a2ea-49eb-9494-a67b961bfc79,1778605691.822731
5273b4e4-2b4f-47fa-834f-bd0d84d237b0,0,3,14,702,2026-05-12T17:08:11.825954+00:00,order,fill,ask,,5830069c-d3e1-434a-8648-83a177af44ee,ede5b087-a2ea-49eb-9494-a67b961bfc79,22.0,1.0,-1.0,0.0,,,executed,06fffa00-181c-44be-9544-f4b1490028e6,e06e4b9b-e76e-42fb-ad3f-f4d7747bf3d4,,,,,1778605691.840906
5273b4e4-2b4f-47fa-834f-bd0d84d237b0,0,3,14,703,2026-05-12T17:08:11.843947+00:00,order,fill,bid,,e06e4b9b-e76e-42fb-ad3f-f4d7747bf3d4,d00142cb-036c-42b2-986f-4d8449293679,22.0,1.0,-1.0,0.0,,,executed,06fffa00-181c-44be-9544-f4b1490028e6,5830069c-d3e1-434a-8648-83a177af44ee,,,,,1778605691.858931
5273b4e4-2b4f-47fa-834f-bd0d84d237b0,0,3,14,704,2026-05-12T17:08:12.049363+00:00,order,add,ask,,0f980dab-d4e5-44f7-b3e7-86df1709db26,4c5c436f-ca6c-40f1-9cb5-b8bc15205ad4,23.0,1.0,1.0,1.0,2,2.0,active,,,,,,,1778605692.066707
520e90a9-5e9e-4bfa-8244-34e70674e93f,0,3,14,773,2026-05-12T17:08:12.667360+00:00,order,cancel,ask,,6531ad26-f0ab-4d5b-9270-282e86ba7b57,a7efec93-ac3e-45ce-84ac-eb2844742dd5,20.75,1.0,-1.0,0.0,,,cancelled,,,,,,,1778605692.683548
5273b4e4-2b4f-47fa-834f-bd0d84d237b0,0,3,14,705,2026-05-12T17:08:13.001143+00:00,order,add,ask,,d94ab3f1-3cc6-41b2-b8a7-9d8ae74c329a,18711e8c-d4a6-4e40-ac02-472f81cda568,24.0,1.0,1.0,1.0,3,3.0,active,,,,,,,1778605693.018628
5273b4e4-2b4f-47fa-834f-bd0d84d237b0,0,3,13,706,2026-05-12T17:08:13.043371+00:00,order,cancel,bid,,7a8ab47d-c4aa-4e22-9bd9-508006f6988e,ede5b087-a2ea-49eb-9494-a67b961bfc79,22.0,1.0,-1.0,0.0,,,cancelled,,,,,,,1778605693.059857
5273b4e4-2b4f-47fa-834f-bd0d84d237b0,0,3,14,707,2026-05-12T17:08:13.227163+00:00,order,add,bid,,8509edd0-b6a7-47c6-a2cb-5d772c448e0c,bc7d5ce5-ff5f-43da-8411-1cc4780872be,10.0,1.0,1.0,1.0,3,3.0,active,,,,,,,1778605693.244265
520e90a9-5e9e-4bfa-8244-34e70674e93f,0,3,14,774,2026-05-12T17:08:13.982809+00:00,order,add,ask,,2cea2c2b-b2b5-4f59-ba04-864bbe58bc36,6b8a7a0e-6534-4c7f-ba8e-d90a38b5b936,29.0,1.0,1.0,1.0,1,1.0,active,,,,,,,1778605693.999509
520e90a9-5e9e-4bfa-8244-34e70674e93f,0,3,14,775,2026-05-12T17:08:14.106968+00:00,order,add,ask,,7de3a1ff-ef52-4c6a-8e41-f181a0eabfe8,a7efec93-ac3e-45ce-84ac-eb2844742dd5,19.56,1.0,1.0,1.0,1,1.0,active,,,,,,,1778605694.122935
5273b4e4-2b4f-47fa-834f-bd0d84d237b0,0,3,14,708,2026-05-12T17:08:14.208973+00:00,trade,trade,ask,S,,,22.0,1.0,,,,,,755e8624-2009-45e5-8b85-c8e627eb9ecc,,2d6e4600-1164-4879-bb05-4c952e8496e8,86001835-4427-4515-96c6-31ed82310879,4c5c436f-ca6c-40f1-9cb5-b8bc15205ad4,ede5b087-a2ea-49eb-9494-a67b961bfc79,1778605694.225347
5273b4e4-2b4f-47fa-834f-bd0d84d237b0,0,3,14,709,2026-05-12T17:08:14.228421+00:00,order,fill,ask,,86001835-4427-4515-96c6-31ed82310879,ede5b087-a2ea-49eb-9494-a67b961bfc79,22.0,1.0,-1.0,0.0,,,executed,755e8624-2009-45e5-8b85-c8e627eb9ecc,2d6e4600-1164-4879-bb05-4c952e8496e8,,,,,1778605694.243869
5273b4e4-2b4f-47fa-834f-bd0d84d237b0,0,3,14,710,2026-05-12T17:08:14.246923+00:00,order,fill,bid,,2d6e4600-1164-4879-bb05-4c952e8496e8,4c5c436f-ca6c-40f1-9cb5-b8bc15205ad4,22.0,1.0,-1.0,0.0,,,executed,755e8624-2009-45e5-8b85-c8e627eb9ecc,86001835-4427-4515-96c6-31ed82310879,,,,,1778605694.262431
520e90a9-5e9e-4bfa-8244-34e70674e93f,0,3,14,776,2026-05-12T17:08:15.284280+00:00,order,add,ask,,b31b79f7-cb63-458a-8481-381aacc630c0,a7efec93-ac3e-45ce-84ac-eb2844742dd5,19.44,1.0,1.0,1.0,1,1.0,active,,,,,,,1778605695.300915
520e90a9-5e9e-4bfa-8244-34e70674e93f,0,3,14,777,2026-05-12T17:08:16.106528+00:00,order,add,ask,,d04eec50-99d9-45dc-922a-8d2b92c7317a,a7efec93-ac3e-45ce-84ac-eb2844742dd5,19.28,1.0,1.0,1.0,1,1.0,active,,,,,,,1778605696.123093
520e90a9-5e9e-4bfa-8244-34e70674e93f,0,3,14,778,2026-05-12T17:08:17.104348+00:00,trade,trade,bid,B,,,19.28,1.0,,,,,,9b11e021-f9ac-46fc-ae7c-8e0497367336,,18fe9deb-8cc1-4419-9e7a-378fa96c5815,d04eec50-99d9-45dc-922a-8d2b92c7317a,6b8a7a0e-6534-4c7f-ba8e-d90a38b5b936,a7efec93-ac3e-45ce-84ac-eb2844742dd5,1778605697.123686
520e90a9-5e9e-4bfa-8244-34e70674e93f,0,3,14,779,2026-05-12T17:08:17.126835+00:00,order,fill,ask,,d04eec50-99d9-45dc-922a-8d2b92c7317a,a7efec93-ac3e-45ce-84ac-eb2844742dd5,19.28,1.0,-1.0,0.0,,,executed,9b11e021-f9ac-46fc-ae7c-8e0497367336,18fe9deb-8cc1-4419-9e7a-378fa96c5815,,,,,1778605697.144557
520e90a9-5e9e-4bfa-8244-34e70674e93f,0,3,14,780,2026-05-12T17:08:17.147793+00:00,order,fill,bid,,18fe9deb-8cc1-4419-9e7a-378fa96c5815,6b8a7a0e-6534-4c7f-ba8e-d90a38b5b936,19.56,1.0,-1.0,0.0,,,executed,9b11e021-f9ac-46fc-ae7c-8e0497367336,d04eec50-99d9-45dc-922a-8d2b92c7317a,,,,,1778605697.162926
5273b4e4-2b4f-47fa-834f-bd0d84d237b0,0,3,14,711,2026-05-12T17:08:17.185444+00:00,order,add,bid,,5114d486-057a-4293-83b1-1405c393756e,bc7d5ce5-ff5f-43da-8411-1cc4780872be,10.0,1.0,1.0,1.0,4,4.0,active,,,,,,,1778605697.200748
5273b4e4-2b4f-47fa-834f-bd0d84d237b0,0,3,14,712,2026-05-12T17:08:18.850788+00:00,order,add,ask,,7d44a052-8520-40fd-ba58-4fcde3ffc3f3,4c5c436f-ca6c-40f1-9cb5-b8bc15205ad4,22.5,1.0,1.0,1.0,1,1.0,active,,,,,,,1778605698.868581
520e90a9-5e9e-4bfa-8244-34e70674e93f,0,3,14,781,2026-05-12T17:08:19.611546+00:00,order,cancel,ask,,b31b79f7-cb63-458a-8481-381aacc630c0,a7efec93-ac3e-45ce-84ac-eb2844742dd5,19.44,1.0,-1.0,0.0,,,cancelled,,,,,,,1778605699.627772
5273b4e4-2b4f-47fa-834f-bd0d84d237b0,0,3,14,713,2026-05-12T17:08:19.711103+00:00,order,add,ask,,1b22fc78-e906-45f4-8761-95e60b53509b,18711e8c-d4a6-4e40-ac02-472f81cda568,24.0,1.0,1.0,1.0,4,4.0,active,,,,,,,1778605699.72806
520e90a9-5e9e-4bfa-8244-34e70674e93f,0,3,14,782,2026-05-12T17:08:20.640345+00:00,order,add,bid,,19c67f72-6a25-4ea3-b7c8-399cfa060936,6b8a7a0e-6534-4c7f-ba8e-d90a38b5b936,19.14,1.0,1.0,1.0,1,1.0,active,,,,,,,1778605700.656534
520e90a9-5e9e-4bfa-8244-34e70674e93f,0,3,14,783,2026-05-12T17:08:20.818364+00:00,order,cancel,ask,,2bd51f5a-8918-4517-96c7-6fc655692a54,1a600171-9cfa-44bf-a3d4-b7322acefe1a,20.0,1.0,-1.0,0.0,,,cancelled,,,,,,,1778605700.83473
5273b4e4-2b4f-47fa-834f-bd0d84d237b0,0,3,14,714,2026-05-12T17:08:20.913500+00:00,order,add,bid,,edae7b13-3f75-48ae-bab1-5176d8a77e6c,bc7d5ce5-ff5f-43da-8411-1cc4780872be,10.0,1.0,1.0,1.0,5,5.0,active,,,,,,,1778605700.929824
5273b4e4-2b4f-47fa-834f-bd0d84d237b0,0,3,14,715,2026-05-12T17:08:21.623293+00:00,trade,trade,ask,S,,,21.0,1.0,,,,,,20038c3b-f764-40b0-a3b2-d6e9b373c062,,1206401d-95ba-4486-bc53-05fa0c251d2b,c62c30b9-d48c-4699-b822-9f298aa2e1fd,ede5b087-a2ea-49eb-9494-a67b961bfc79,1893c9fa-143a-45ae-8599-dfedb6054045,1778605701.63982
5273b4e4-2b4f-47fa-834f-bd0d84d237b0,0,3,14,716,2026-05-12T17:08:21.643008+00:00,order,fill,ask,,c62c30b9-d48c-4699-b822-9f298aa2e1fd,1893c9fa-143a-45ae-8599-dfedb6054045,21.0,1.0,-1.0,0.0,,,executed,20038c3b-f764-40b0-a3b2-d6e9b373c062,1206401d-95ba-4486-bc53-05fa0c251d2b,,,,,1778605701.6589
5273b4e4-2b4f-47fa-834f-bd0d84d237b0,0,3,14,717,2026-05-12T17:08:21.661958+00:00,order,fill,bid,,1206401d-95ba-4486-bc53-05fa0c251d2b,ede5b087-a2ea-49eb-9494-a67b961bfc79,21.0,1.0,-1.0,0.0,,,executed,20038c3b-f764-40b0-a3b2-d6e9b373c062,c62c30b9-d48c-4699-b822-9f298aa2e1fd,,,,,1778605701.677299
520e90a9-5e9e-4bfa-8244-34e70674e93f,0,3,14,784,2026-05-12T17:08:22.441752+00:00,order,add,bid,,7d480857-5eef-476b-8452-8362638bc7e8,a7efec93-ac3e-45ce-84ac-eb2844742dd5,19.22,1.0,1.0,1.0,1,1.0,active,,,,,,,1778605702.458317
5273b4e4-2b4f-47fa-834f-bd0d84d237b0,0,3,14,718,2026-05-12T17:08:22.890720+00:00,order,add,bid,,8507f267-46e9-490e-b203-f04287b720de,bc7d5ce5-ff5f-43da-8411-1cc4780872be,8.0,1.0,1.0,1.0,3,3.0,active,,,,,,,1778605702.907659
5273b4e4-2b4f-47fa-834f-bd0d84d237b0,0,3,14,719,2026-05-12T17:08:22.968845+00:00,trade,trade,ask,S,,,21.0,1.0,,,,,,72bf6dff-1d8e-4475-9648-90c6d644450a,,5d2e2c96-7ad7-4fb2-822e-2875b189675c,344f4f82-9b77-42c9-9b15-504bcd78dc23,d00142cb-036c-42b2-986f-4d8449293679,ede5b087-a2ea-49eb-9494-a67b961bfc79,1778605702.984759
5273b4e4-2b4f-47fa-834f-bd0d84d237b0,0,3,14,720,2026-05-12T17:08:22.987849+00:00,order,fill,ask,,344f4f82-9b77-42c9-9b15-504bcd78dc23,ede5b087-a2ea-49eb-9494-a67b961bfc79,21.0,1.0,-1.0,0.0,,,executed,72bf6dff-1d8e-4475-9648-90c6d644450a,5d2e2c96-7ad7-4fb2-822e-2875b189675c,,,,,1778605703.003931
5273b4e4-2b4f-47fa-834f-bd0d84d237b0,0,3,14,721,2026-05-12T17:08:23.007018+00:00,order,fill,bid,,5d2e2c96-7ad7-4fb2-822e-2875b189675c,d00142cb-036c-42b2-986f-4d8449293679,21.0,1.0,-1.0,0.0,,,executed,72bf6dff-1d8e-4475-9648-90c6d644450a,344f4f82-9b77-42c9-9b15-504bcd78dc23,,,,,1778605703.023265
5273b4e4-2b4f-47fa-834f-bd0d84d237b0,0,3,14,722,2026-05-12T17:08:23.598011+00:00,trade,trade,ask,S,,,20.0,1.0,,,,,,cfabd9b9-537c-436d-a113-a49319c155ac,,022e2391-de40-403e-b6ff-5501fa3cd9d8,660a6724-96e4-4546-ad0b-fa6d5e33bd19,4c5c436f-ca6c-40f1-9cb5-b8bc15205ad4,1893c9fa-143a-45ae-8599-dfedb6054045,1778605703.613823
5273b4e4-2b4f-47fa-834f-bd0d84d237b0,0,3,14,723,2026-05-12T17:08:23.616895+00:00,order,fill,ask,,660a6724-96e4-4546-ad0b-fa6d5e33bd19,1893c9fa-143a-45ae-8599-dfedb6054045,20.0,1.0,-1.0,0.0,,,executed,cfabd9b9-537c-436d-a113-a49319c155ac,022e2391-de40-403e-b6ff-5501fa3cd9d8,,,,,1778605703.631905
5273b4e4-2b4f-47fa-834f-bd0d84d237b0,0,3,14,724,2026-05-12T17:08:23.635117+00:00,order,fill,bid,,022e2391-de40-403e-b6ff-5501fa3cd9d8,4c5c436f-ca6c-40f1-9cb5-b8bc15205ad4,20.0,1.0,-1.0,0.0,,,executed,cfabd9b9-537c-436d-a113-a49319c155ac,660a6724-96e4-4546-ad0b-fa6d5e33bd19,,,,,1778605703.649656
5273b4e4-2b4f-47fa-834f-bd0d84d237b0,0,3,14,725,2026-05-12T17:08:24.240937+00:00,trade,trade,ask,S,,,20.0,1.0,,,,,,ab49a54d-8b01-4799-b4fa-1b2af139e862,,5c8858be-3271-4b50-99e7-5dea7793826d,b07c51ed-b877-4772-ab44-e803b21107ad,d00142cb-036c-42b2-986f-4d8449293679,ede5b087-a2ea-49eb-9494-a67b961bfc79,1778605704.257875
5273b4e4-2b4f-47fa-834f-bd0d84d237b0,0,3,14,726,2026-05-12T17:08:24.260919+00:00,order,fill,ask,,b07c51ed-b877-4772-ab44-e803b21107ad,ede5b087-a2ea-49eb-9494-a67b961bfc79,20.0,1.0,-1.0,0.0,,,executed,ab49a54d-8b01-4799-b4fa-1b2af139e862,5c8858be-3271-4b50-99e7-5dea7793826d,,,,,1778605704.276201
5273b4e4-2b4f-47fa-834f-bd0d84d237b0,0,3,14,727,2026-05-12T17:08:24.279068+00:00,order,fill,bid,,5c8858be-3271-4b50-99e7-5dea7793826d,d00142cb-036c-42b2-986f-4d8449293679,20.0,1.0,-1.0,0.0,,,executed,ab49a54d-8b01-4799-b4fa-1b2af139e862,b07c51ed-b877-4772-ab44-e803b21107ad,,,,,1778605704.295121
5273b4e4-2b4f-47fa-834f-bd0d84d237b0,0,3,14,728,2026-05-12T17:08:24.551924+00:00,order,add,ask,,c7e59e04-e2fa-4e70-bc46-52e7a86ea25e,18711e8c-d4a6-4e40-ac02-472f81cda568,23.0,1.0,1.0,1.0,3,3.0,active,,,,,,,1778605704.569834
520e90a9-5e9e-4bfa-8244-34e70674e93f,0,3,14,785,2026-05-12T17:08:25.074744+00:00,order,add,ask,,16db821c-fd0b-427d-ac28-cc253ea8ad2f,1a600171-9cfa-44bf-a3d4-b7322acefe1a,19.44,1.0,1.0,1.0,1,1.0,active,,,,,,,1778605705.090888
520e90a9-5e9e-4bfa-8244-34e70674e93f,0,3,14,786,2026-05-12T17:08:26.435226+00:00,order,cancel,bid,,7d480857-5eef-476b-8452-8362638bc7e8,a7efec93-ac3e-45ce-84ac-eb2844742dd5,19.22,1.0,-1.0,0.0,,,cancelled,,,,,,,1778605706.451775
520e90a9-5e9e-4bfa-8244-34e70674e93f,0,3,14,787,2026-05-12T17:08:26.565570+00:00,trade,trade,bid,B,,,19.44,1.0,,,,,,1e3e0013-76a3-42dd-be31-0e3fbe457fb8,,63e8b01d-a330-42c8-944f-eeb952428a8a,16db821c-fd0b-427d-ac28-cc253ea8ad2f,6b8a7a0e-6534-4c7f-ba8e-d90a38b5b936,1a600171-9cfa-44bf-a3d4-b7322acefe1a,1778605706.582292
520e90a9-5e9e-4bfa-8244-34e70674e93f,0,3,14,788,2026-05-12T17:08:26.585408+00:00,order,fill,ask,,16db821c-fd0b-427d-ac28-cc253ea8ad2f,1a600171-9cfa-44bf-a3d4-b7322acefe1a,19.44,1.0,-1.0,0.0,,,executed,1e3e0013-76a3-42dd-be31-0e3fbe457fb8,63e8b01d-a330-42c8-944f-eeb952428a8a,,,,,1778605706.601189
520e90a9-5e9e-4bfa-8244-34e70674e93f,0,3,14,789,2026-05-12T17:08:26.604652+00:00,order,fill,bid,,63e8b01d-a330-42c8-944f-eeb952428a8a,6b8a7a0e-6534-4c7f-ba8e-d90a38b5b936,19.44,1.0,-1.0,0.0,,,executed,1e3e0013-76a3-42dd-be31-0e3fbe457fb8,16db821c-fd0b-427d-ac28-cc253ea8ad2f,,,,,1778605706.620714
5273b4e4-2b4f-47fa-834f-bd0d84d237b0,0,3,13,729,2026-05-12T17:08:27.215762+00:00,order,cancel,ask,,3a429c9a-65d2-48e3-8a7d-f6177a63003f,1893c9fa-143a-45ae-8599-dfedb6054045,24.0,1.0,-1.0,0.0,,,cancelled,,,,,,,1778605707.232206
5273b4e4-2b4f-47fa-834f-bd0d84d237b0,0,3,13,730,2026-05-12T17:08:27.881439+00:00,order,cancel,bid,,6adf7f05-009b-4f0d-b7d0-2143b438618b,ede5b087-a2ea-49eb-9494-a67b961bfc79,20.0,1.0,-1.0,0.0,,,cancelled,,,,,,,1778605707.897769
5273b4e4-2b4f-47fa-834f-bd0d84d237b0,0,3,13,731,2026-05-12T17:08:27.921031+00:00,order,cancel,bid,,41585b2e-d40d-4bae-ad14-8dabef954bdd,ede5b087-a2ea-49eb-9494-a67b961bfc79,20.0,1.0,-1.0,0.0,,,cancelled,,,,,,,1778605707.935656
5273b4e4-2b4f-47fa-834f-bd0d84d237b0,0,3,13,732,2026-05-12T17:08:27.968841+00:00,order,cancel,bid,,36c2f733-d08e-4ad5-af11-8bb4eaf4fd94,ede5b087-a2ea-49eb-9494-a67b961bfc79,20.0,1.0,-1.0,0.0,,,cancelled,,,,,,,1778605707.984532
5273b4e4-2b4f-47fa-834f-bd0d84d237b0,0,3,13,733,2026-05-12T17:08:28.018667+00:00,order,cancel,bid,,093e862b-0c5c-44d8-9ebc-c56334cedbee,ede5b087-a2ea-49eb-9494-a67b961bfc79,20.0,1.0,-1.0,0.0,,,cancelled,,,,,,,1778605708.03322
5273b4e4-2b4f-47fa-834f-bd0d84d237b0,0,3,14,734,2026-05-12T17:08:28.156889+00:00,order,add,bid,,370db73a-74df-4a32-b3e2-e2dcc1cc99f0,d00142cb-036c-42b2-986f-4d8449293679,20.0,1.0,1.0,1.0,2,2.0,active,,,,,,,1778605708.173205
520e90a9-5e9e-4bfa-8244-34e70674e93f,0,3,14,790,2026-05-12T17:08:29.139765+00:00,order,add,ask,,2147e8fa-4e99-4578-a8ef-e84bf7b0f1e8,a7efec93-ac3e-45ce-84ac-eb2844742dd5,19.33,1.0,1.0,1.0,1,1.0,active,,,,,,,1778605709.15586
520e90a9-5e9e-4bfa-8244-34e70674e93f,0,3,14,791,2026-05-12T17:08:30.077594+00:00,order,cancel,bid,,a53e7673-458b-410d-9aa3-af441cad294c,c9677d60-b255-4563-955c-c09e7b64f2df,18.0,1.0,-1.0,0.0,,,cancelled,,,,,,,1778605710.095235
520e90a9-5e9e-4bfa-8244-34e70674e93f,0,3,14,792,2026-05-12T17:08:31.011846+00:00,order,cancel,ask,,adde5f09-7ef0-467d-8eac-f42341551048,a7efec93-ac3e-45ce-84ac-eb2844742dd5,20.13,1.0,-1.0,0.0,,,cancelled,,,,,,,1778605711.028829
520e90a9-5e9e-4bfa-8244-34e70674e93f,0,3,14,793,2026-05-12T17:08:31.308211+00:00,order,cancel,ask,,d4a87459-362b-46dd-a498-271e03b4a8ee,a7efec93-ac3e-45ce-84ac-eb2844742dd5,19.88,1.0,-1.0,0.0,,,cancelled,,,,,,,1778605711.324499
5273b4e4-2b4f-47fa-834f-bd0d84d237b0,0,3,13,735,2026-05-12T17:08:31.865074+00:00,order,cancel,bid,,e70fc883-1677-4802-8839-36e3b95a7662,ede5b087-a2ea-49eb-9494-a67b961bfc79,18.0,1.0,-1.0,0.0,,,cancelled,,,,,,,1778605711.881401
5273b4e4-2b4f-47fa-834f-bd0d84d237b0,0,3,13,736,2026-05-12T17:08:33.497260+00:00,order,cancel,bid,,96246322-3d43-4de7-b716-f73a098aaa3e,ede5b087-a2ea-49eb-9494-a67b961bfc79,17.0,1.0,-1.0,0.0,,,cancelled,,,,,,,1778605713.513383
520e90a9-5e9e-4bfa-8244-34e70674e93f,0,3,14,794,2026-05-12T17:08:33.798110+00:00,order,add,bid,,3a8886cd-7c4f-4a26-a239-4bf1d0f2b672,c9677d60-b255-4563-955c-c09e7b64f2df,19.0,1.0,1.0,1.0,2,2.0,active,,,,,,,1778605713.814953
520e90a9-5e9e-4bfa-8244-34e70674e93f,0,3,14,795,2026-05-12T17:08:36.487721+00:00,trade,trade,bid,B,,,19.33,1.0,,,,,,27fc7395-1818-4fd7-a0de-cf70958ad3f6,,7408f349-22dc-42f2-9872-96d830362a1f,2147e8fa-4e99-4578-a8ef-e84bf7b0f1e8,6b8a7a0e-6534-4c7f-ba8e-d90a38b5b936,a7efec93-ac3e-45ce-84ac-eb2844742dd5,1778605716.504233
520e90a9-5e9e-4bfa-8244-34e70674e93f,0,3,14,796,2026-05-12T17:08:36.507334+00:00,order,fill,ask,,2147e8fa-4e99-4578-a8ef-e84bf7b0f1e8,a7efec93-ac3e-45ce-84ac-eb2844742dd5,19.33,1.0,-1.0,0.0,,,executed,27fc7395-1818-4fd7-a0de-cf70958ad3f6,7408f349-22dc-42f2-9872-96d830362a1f,,,,,1778605716.521892
520e90a9-5e9e-4bfa-8244-34e70674e93f,0,3,14,797,2026-05-12T17:08:36.524648+00:00,order,fill,bid,,7408f349-22dc-42f2-9872-96d830362a1f,6b8a7a0e-6534-4c7f-ba8e-d90a38b5b936,19.33,1.0,-1.0,0.0,,,executed,27fc7395-1818-4fd7-a0de-cf70958ad3f6,2147e8fa-4e99-4578-a8ef-e84bf7b0f1e8,,,,,1778605716.540926
5273b4e4-2b4f-47fa-834f-bd0d84d237b0,0,3,14,737,2026-05-12T17:08:36.626177+00:00,order,cancel,ask,,7d44a052-8520-40fd-ba58-4fcde3ffc3f3,4c5c436f-ca6c-40f1-9cb5-b8bc15205ad4,22.5,1.0,-1.0,0.0,,,cancelled,,,,,,,1778605716.641798
5273b4e4-2b4f-47fa-834f-bd0d84d237b0,0,3,14,738,2026-05-12T17:08:36.897957+00:00,order,add,bid,,7b54e09c-1c72-424f-af0b-03b69b55b1b2,bc7d5ce5-ff5f-43da-8411-1cc4780872be,10.0,1.0,1.0,1.0,6,6.0,active,,,,,,,1778605716.91478
520e90a9-5e9e-4bfa-8244-34e70674e93f,0,3,14,798,2026-05-12T17:08:36.952585+00:00,order,cancel,bid,,3a8886cd-7c4f-4a26-a239-4bf1d0f2b672,c9677d60-b255-4563-955c-c09e7b64f2df,19.0,1.0,-1.0,0.0,,,cancelled,,,,,,,1778605716.96794
5273b4e4-2b4f-47fa-834f-bd0d84d237b0,0,3,13,739,2026-05-12T17:08:37.288367+00:00,order,cancel,bid,,c1c4a73a-7265-4faf-87c7-ea596e6d08b0,ede5b087-a2ea-49eb-9494-a67b961bfc79,15.0,1.0,-1.0,0.0,,,cancelled,,,,,,,1778605717.304757
5273b4e4-2b4f-47fa-834f-bd0d84d237b0,0,3,14,740,2026-05-12T17:08:37.369184+00:00,order,add,ask,,0800a370-8743-4294-8890-7139be417b5f,18711e8c-d4a6-4e40-ac02-472f81cda568,32.0,1.0,1.0,1.0,2,2.0,active,,,,,,,1778605717.385175
520e90a9-5e9e-4bfa-8244-34e70674e93f,0,3,14,799,2026-05-12T17:08:38.266013+00:00,order,add,bid,,76a2c51e-1567-4a02-99f3-74c10e12383c,a7efec93-ac3e-45ce-84ac-eb2844742dd5,18.0,1.0,1.0,1.0,1,1.0,active,,,,,,,1778605718.282844
5273b4e4-2b4f-47fa-834f-bd0d84d237b0,0,3,10,741,2026-05-12T17:08:38.584232+00:00,order,cancel,bid,,1a838540-6e0a-404a-a496-793cfb9f7c48,ede5b087-a2ea-49eb-9494-a67b961bfc79,8.0,1.0,-1.0,0.0,,,cancelled,,,,,,,1778605718.600306
5273b4e4-2b4f-47fa-834f-bd0d84d237b0,0,3,14,742,2026-05-12T17:08:38.639651+00:00,order,cancel,ask,,c7e59e04-e2fa-4e70-bc46-52e7a86ea25e,18711e8c-d4a6-4e40-ac02-472f81cda568,23.0,1.0,-1.0,0.0,,,cancelled,,,,,,,1778605718.655512
5273b4e4-2b4f-47fa-834f-bd0d84d237b0,0,3,14,743,2026-05-12T17:08:39.144490+00:00,order,cancel,ask,,d94ab3f1-3cc6-41b2-b8a7-9d8ae74c329a,18711e8c-d4a6-4e40-ac02-472f81cda568,24.0,1.0,-1.0,0.0,,,cancelled,,,,,,,1778605719.161235
5273b4e4-2b4f-47fa-834f-bd0d84d237b0,0,3,14,744,2026-05-12T17:08:39.184403+00:00,order,cancel,ask,,1b22fc78-e906-45f4-8761-95e60b53509b,18711e8c-d4a6-4e40-ac02-472f81cda568,24.0,1.0,-1.0,0.0,,,cancelled,,,,,,,1778605719.200898
520e90a9-5e9e-4bfa-8244-34e70674e93f,0,3,14,800,2026-05-12T17:08:40.568673+00:00,order,cancel,bid,,19c67f72-6a25-4ea3-b7c8-399cfa060936,6b8a7a0e-6534-4c7f-ba8e-d90a38b5b936,19.14,1.0,-1.0,0.0,,,cancelled,,,,,,,1778605720.58481
5273b4e4-2b4f-47fa-834f-bd0d84d237b0,0,3,14,745,2026-05-12T17:08:41.138727+00:00,order,add,bid,,8d1af7ed-1558-4c87-a38e-6db583cb8669,4c5c436f-ca6c-40f1-9cb5-b8bc15205ad4,20.0,1.0,1.0,1.0,3,3.0,active,,,,,,,1778605721.155662
520e90a9-5e9e-4bfa-8244-34e70674e93f,0,3,14,801,2026-05-12T17:08:41.195678+00:00,order,add,bid,,989d008d-39a4-4b3d-bb4c-dd642ad1475b,c9677d60-b255-4563-955c-c09e7b64f2df,19.5,1.0,1.0,1.0,1,1.0,active,,,,,,,1778605721.211735
520e90a9-5e9e-4bfa-8244-34e70674e93f,0,3,14,802,2026-05-12T17:08:44.545110+00:00,trade,trade,ask,S,,,19.5,1.0,,,,,,7fc5bd51-08d1-441d-a476-033e07e2cb8b,,989d008d-39a4-4b3d-bb4c-dd642ad1475b,a9168c2b-a87f-4b1a-9af4-6273e6c7e159,c9677d60-b255-4563-955c-c09e7b64f2df,6b8a7a0e-6534-4c7f-ba8e-d90a38b5b936,1778605724.561703
520e90a9-5e9e-4bfa-8244-34e70674e93f,0,3,14,803,2026-05-12T17:08:44.564812+00:00,order,fill,ask,,a9168c2b-a87f-4b1a-9af4-6273e6c7e159,6b8a7a0e-6534-4c7f-ba8e-d90a38b5b936,19.35,1.0,-1.0,0.0,,,executed,7fc5bd51-08d1-441d-a476-033e07e2cb8b,989d008d-39a4-4b3d-bb4c-dd642ad1475b,,,,,1778605724.580131
520e90a9-5e9e-4bfa-8244-34e70674e93f,0,3,14,804,2026-05-12T17:08:44.582905+00:00,order,fill,bid,,989d008d-39a4-4b3d-bb4c-dd642ad1475b,c9677d60-b255-4563-955c-c09e7b64f2df,19.5,1.0,-1.0,0.0,,,executed,7fc5bd51-08d1-441d-a476-033e07e2cb8b,a9168c2b-a87f-4b1a-9af4-6273e6c7e159,,,,,1778605724.59843
5273b4e4-2b4f-47fa-834f-bd0d84d237b0,0,3,14,746,2026-05-12T17:08:44.744775+00:00,order,add,bid,,9039abb5-e059-4b70-93b2-b6c04cb5a41a,4c5c436f-ca6c-40f1-9cb5-b8bc15205ad4,21.5,1.0,1.0,1.0,1,1.0,active,,,,,,,1778605724.75975
5273b4e4-2b4f-47fa-834f-bd0d84d237b0,0,3,14,747,2026-05-12T17:08:46.566709+00:00,order,add,ask,,79d1f0d7-4046-437a-acb3-ba2d42a9a36e,18711e8c-d4a6-4e40-ac02-472f81cda568,23.0,1.0,1.0,1.0,3,3.0,active,,,,,,,1778605726.583025
520e90a9-5e9e-4bfa-8244-34e70674e93f,0,3,14,805,2026-05-12T17:08:47.144026+00:00,order,add,ask,,cceadfb6-4435-41f4-8abf-dee9d4d69b29,6b8a7a0e-6534-4c7f-ba8e-d90a38b5b936,19.53,1.0,1.0,1.0,1,1.0,active,,,,,,,1778605727.160079
5273b4e4-2b4f-47fa-834f-bd0d84d237b0,0,3,14,748,2026-05-12T17:08:49.256123+00:00,order,add,ask,,93b2817c-eff3-43c4-95fd-effd212ac802,18711e8c-d4a6-4e40-ac02-472f81cda568,24.0,1.0,1.0,1.0,2,2.0,active,,,,,,,1778605729.272026
5273b4e4-2b4f-47fa-834f-bd0d84d237b0,0,3,14,749,2026-05-12T17:08:59.841199+00:00,order,cancel,ask,,79d1f0d7-4046-437a-acb3-ba2d42a9a36e,18711e8c-d4a6-4e40-ac02-472f81cda568,23.0,1.0,-1.0,0.0,,,cancelled,,,,,,,1778605739.856574
520e90a9-5e9e-4bfa-8244-34e70674e93f,0,3,14,806,2026-05-12T17:09:12.435539+00:00,order,cancel,bid,,d6a512e9-a9f9-418d-93e2-5cfba7ef1152,a7efec93-ac3e-45ce-84ac-eb2844742dd5,19.0,1.0,-1.0,0.0,,,cancelled,,,,,,,1778605752.452799
520e90a9-5e9e-4bfa-8244-34e70674e93f,0,3,15,807,2026-05-12T17:09:14.258541+00:00,order,add,ask,,94bfcf31-625f-435d-9a98-a28b74bd2eaa,a7efec93-ac3e-45ce-84ac-eb2844742dd5,19.27,1.0,1.0,1.0,1,1.0,active,,,,,,,1778605754.27493
5273b4e4-2b4f-47fa-834f-bd0d84d237b0,0,3,14,750,2026-05-12T17:09:14.660768+00:00,order,cancel,bid,,8509edd0-b6a7-47c6-a2cb-5d772c448e0c,bc7d5ce5-ff5f-43da-8411-1cc4780872be,10.0,1.0,-1.0,0.0,,,cancelled,,,,,,,1778605754.677643
5273b4e4-2b4f-47fa-834f-bd0d84d237b0,0,3,14,751,2026-05-12T17:09:14.715404+00:00,order,cancel,bid,,5114d486-057a-4293-83b1-1405c393756e,bc7d5ce5-ff5f-43da-8411-1cc4780872be,10.0,1.0,-1.0,0.0,,,cancelled,,,,,,,1778605754.734394
5273b4e4-2b4f-47fa-834f-bd0d84d237b0,0,3,14,752,2026-05-12T17:09:14.760958+00:00,order,cancel,bid,,edae7b13-3f75-48ae-bab1-5176d8a77e6c,bc7d5ce5-ff5f-43da-8411-1cc4780872be,10.0,1.0,-1.0,0.0,,,cancelled,,,,,,,1778605754.776483
5273b4e4-2b4f-47fa-834f-bd0d84d237b0,0,3,14,753,2026-05-12T17:09:14.822995+00:00,order,cancel,bid,,7b54e09c-1c72-424f-af0b-03b69b55b1b2,bc7d5ce5-ff5f-43da-8411-1cc4780872be,10.0,1.0,-1.0,0.0,,,cancelled,,,,,,,1778605754.837832
520e90a9-5e9e-4bfa-8244-34e70674e93f,0,3,15,808,2026-05-12T17:09:16.519628+00:00,order,add,bid,,7231a481-c678-4e97-a969-07997124b6fd,6b8a7a0e-6534-4c7f-ba8e-d90a38b5b936,19.0,1.0,1.0,1.0,1,1.0,active,,,,,,,1778605756.536808
5273b4e4-2b4f-47fa-834f-bd0d84d237b0,0,3,14,754,2026-05-12T17:09:16.595881+00:00,order,cancel,bid,,8507f267-46e9-490e-b203-f04287b720de,bc7d5ce5-ff5f-43da-8411-1cc4780872be,8.0,1.0,-1.0,0.0,,,cancelled,,,,,,,1778605756.612217
5273b4e4-2b4f-47fa-834f-bd0d84d237b0,0,3,14,755,2026-05-12T17:09:17.760922+00:00,order,cancel,bid,,13bd8833-63aa-455b-ae7d-01b596d88fc2,1893c9fa-143a-45ae-8599-dfedb6054045,12.0,1.0,-1.0,0.0,,,cancelled,,,,,,,1778605757.777128
520e90a9-5e9e-4bfa-8244-34e70674e93f,0,3,15,809,2026-05-12T17:09:17.813746+00:00,trade,trade,ask,S,,,19.0,1.0,,,,,,355b15d8-63ca-4e3b-9c25-c34728aef8a6,,7231a481-c678-4e97-a969-07997124b6fd,24f30036-9310-4efe-9ff4-58a843cda055,6b8a7a0e-6534-4c7f-ba8e-d90a38b5b936,5e6b5ec7-66f5-446f-b458-3b18596521a3,1778605757.829629
520e90a9-5e9e-4bfa-8244-34e70674e93f,0,3,15,810,2026-05-12T17:09:17.832884+00:00,order,fill,ask,,24f30036-9310-4efe-9ff4-58a843cda055,5e6b5ec7-66f5-446f-b458-3b18596521a3,18.0,1.0,-1.0,0.0,,,executed,355b15d8-63ca-4e3b-9c25-c34728aef8a6,7231a481-c678-4e97-a969-07997124b6fd,,,,,1778605757.851521
520e90a9-5e9e-4bfa-8244-34e70674e93f,0,3,15,811,2026-05-12T17:09:17.854629+00:00,order,fill,bid,,7231a481-c678-4e97-a969-07997124b6fd,6b8a7a0e-6534-4c7f-ba8e-d90a38b5b936,19.0,1.0,-1.0,0.0,,,executed,355b15d8-63ca-4e3b-9c25-c34728aef8a6,24f30036-9310-4efe-9ff4-58a843cda055,,,,,1778605757.869148
5273b4e4-2b4f-47fa-834f-bd0d84d237b0,0,3,15,756,2026-05-12T17:09:19.699448+00:00,order,add,bid,,d9fb0296-eb14-4ba9-adc6-9b902ddd2b4c,bc7d5ce5-ff5f-43da-8411-1cc4780872be,6.0,1.0,1.0,1.0,2,2.0,active,,,,,,,1778605759.715998
520e90a9-5e9e-4bfa-8244-34e70674e93f,0,3,15,812,2026-05-12T17:09:20.735174+00:00,order,add,ask,,ec0e2a04-42e1-4b08-8f09-797179c29c0a,6b8a7a0e-6534-4c7f-ba8e-d90a38b5b936,19.0,1.0,1.0,1.0,1,1.0,active,,,,,,,1778605760.752372
5273b4e4-2b4f-47fa-834f-bd0d84d237b0,0,3,15,757,2026-05-12T17:09:21.787140+00:00,order,add,bid,,55de3b81-d6d0-4749-9c5f-42449ab622e2,bc7d5ce5-ff5f-43da-8411-1cc4780872be,6.0,1.0,1.0,1.0,3,3.0,active,,,,,,,1778605761.803077
520e90a9-5e9e-4bfa-8244-34e70674e93f,0,3,15,813,2026-05-12T17:09:21.987460+00:00,trade,trade,bid,B,,,19.0,1.0,,,,,,12c6edb0-d81a-4dc2-a70d-99302e2820df,,f8ebc6b5-aa9f-4953-8a65-f6fc334e1ad9,ec0e2a04-42e1-4b08-8f09-797179c29c0a,a7efec93-ac3e-45ce-84ac-eb2844742dd5,6b8a7a0e-6534-4c7f-ba8e-d90a38b5b936,1778605762.003352
520e90a9-5e9e-4bfa-8244-34e70674e93f,0,3,15,814,2026-05-12T17:09:22.006627+00:00,order,fill,ask,,ec0e2a04-42e1-4b08-8f09-797179c29c0a,6b8a7a0e-6534-4c7f-ba8e-d90a38b5b936,19.0,1.0,-1.0,0.0,,,executed,12c6edb0-d81a-4dc2-a70d-99302e2820df,f8ebc6b5-aa9f-4953-8a65-f6fc334e1ad9,,,,,1778605762.022381
520e90a9-5e9e-4bfa-8244-34e70674e93f,0,3,15,815,2026-05-12T17:09:22.025314+00:00,order,fill,bid,,f8ebc6b5-aa9f-4953-8a65-f6fc334e1ad9,a7efec93-ac3e-45ce-84ac-eb2844742dd5,19.0,1.0,-1.0,0.0,,,executed,12c6edb0-d81a-4dc2-a70d-99302e2820df,ec0e2a04-42e1-4b08-8f09-797179c29c0a,,,,,1778605762.040685
5273b4e4-2b4f-47fa-834f-bd0d84d237b0,0,3,15,758,2026-05-12T17:09:22.669885+00:00,order,add,bid,,a9957b32-bcbc-46af-9aae-028cf01fd04f,1893c9fa-143a-45ae-8599-dfedb6054045,7.0,1.0,1.0,1.0,2,2.0,active,,,,,,,1778605762.687075
520e90a9-5e9e-4bfa-8244-34e70674e93f,0,3,15,816,2026-05-12T17:09:22.921821+00:00,order,add,bid,,d32e7fb3-17f8-465a-9a04-33ec8b5180ef,1a600171-9cfa-44bf-a3d4-b7322acefe1a,4.0,1.0,1.0,1.0,1,1.0,active,,,,,,,1778605762.938277
5273b4e4-2b4f-47fa-834f-bd0d84d237b0,0,3,15,759,2026-05-12T17:09:23.923545+00:00,order,add,bid,,60e1f548-a23f-4d07-a0e3-11f2e90d6be0,bc7d5ce5-ff5f-43da-8411-1cc4780872be,8.0,1.0,1.0,1.0,2,2.0,active,,,,,,,1778605763.941852
520e90a9-5e9e-4bfa-8244-34e70674e93f,0,3,15,817,2026-05-12T17:09:24.091433+00:00,order,add,bid,,5b2045de-95d3-460c-bfb6-3730c5b3f1b3,a7efec93-ac3e-45ce-84ac-eb2844742dd5,18.5,1.0,1.0,1.0,1,1.0,active,,,,,,,1778605764.107229
5273b4e4-2b4f-47fa-834f-bd0d84d237b0,0,3,15,760,2026-05-12T17:09:25.715820+00:00,order,add,bid,,eacdea32-f29b-4717-83b2-606f08f2b4db,bc7d5ce5-ff5f-43da-8411-1cc4780872be,9.0,1.0,1.0,1.0,1,1.0,active,,,,,,,1778605765.733605
520e90a9-5e9e-4bfa-8244-34e70674e93f,0,3,15,818,2026-05-12T17:09:27.071613+00:00,order,add,bid,,f6d727f4-3902-401a-8250-53101be4040a,6b8a7a0e-6534-4c7f-ba8e-d90a38b5b936,18.6,1.0,1.0,1.0,1,1.0,active,,,,,,,1778605767.088889
520e90a9-5e9e-4bfa-8244-34e70674e93f,0,3,15,819,2026-05-12T17:09:28.794376+00:00,order,add,ask,,d9356cad-62d2-424e-823b-46853b4b1e2e,a7efec93-ac3e-45ce-84ac-eb2844742dd5,19.0,1.0,1.0,1.0,1,1.0,active,,,,,,,1778605768.810961
5273b4e4-2b4f-47fa-834f-bd0d84d237b0,0,3,15,761,2026-05-12T17:09:29.062763+00:00,order,add,bid,,215e0c7a-b05f-48ab-937e-3fbd8cc9e30c,d00142cb-036c-42b2-986f-4d8449293679,9.0,1.0,1.0,1.0,2,2.0,active,,,,,,,1778605769.078281
520e90a9-5e9e-4bfa-8244-34e70674e93f,0,3,15,820,2026-05-12T17:09:30.866794+00:00,order,add,ask,,f6322ea2-d98b-40c0-a189-d628ddfe1a2a,a7efec93-ac3e-45ce-84ac-eb2844742dd5,18.94,1.0,1.0,1.0,1,1.0,active,,,,,,,1778605770.883538
520e90a9-5e9e-4bfa-8244-34e70674e93f,0,3,15,821,2026-05-12T17:09:31.714619+00:00,order,add,bid,,76741011-604d-41ae-956f-8de44b36fd55,1a600171-9cfa-44bf-a3d4-b7322acefe1a,2.0,1.0,1.0,1.0,1,1.0,active,,,,,,,1778605771.730935
520e90a9-5e9e-4bfa-8244-34e70674e93f,0,3,14,822,2026-05-12T17:09:31.916015+00:00,order,cancel,ask,,7de3a1ff-ef52-4c6a-8e41-f181a0eabfe8,a7efec93-ac3e-45ce-84ac-eb2844742dd5,19.56,1.0,-1.0,0.0,,,cancelled,,,,,,,1778605771.932135
520e90a9-5e9e-4bfa-8244-34e70674e93f,0,3,15,823,2026-05-12T17:09:32.407553+00:00,order,add,ask,,c6517d34-dcbc-45f9-a45c-6c53d2705f2e,6b8a7a0e-6534-4c7f-ba8e-d90a38b5b936,19.1,1.0,1.0,1.0,1,1.0,active,,,,,,,1778605772.424951
520e90a9-5e9e-4bfa-8244-34e70674e93f,0,3,15,824,2026-05-12T17:09:32.464568+00:00,order,cancel,ask,,94bfcf31-625f-435d-9a98-a28b74bd2eaa,a7efec93-ac3e-45ce-84ac-eb2844742dd5,19.27,1.0,-1.0,0.0,,,cancelled,,,,,,,1778605772.480352
520e90a9-5e9e-4bfa-8244-34e70674e93f,0,3,14,825,2026-05-12T17:09:34.376618+00:00,order,cancel,ask,,cceadfb6-4435-41f4-8abf-dee9d4d69b29,6b8a7a0e-6534-4c7f-ba8e-d90a38b5b936,19.53,1.0,-1.0,0.0,,,cancelled,,,,,,,1778605774.392764
520e90a9-5e9e-4bfa-8244-34e70674e93f,0,3,13,826,2026-05-12T17:09:34.687781+00:00,order,cancel,ask,,be46f0e5-9763-416c-ab1a-4bfd1e010175,6b8a7a0e-6534-4c7f-ba8e-d90a38b5b936,24.0,1.0,-1.0,0.0,,,cancelled,,,,,,,1778605774.704269
520e90a9-5e9e-4bfa-8244-34e70674e93f,0,3,13,827,2026-05-12T17:09:34.921186+00:00,order,cancel,ask,,97e20f7a-b758-489b-93de-213d78940f1d,6b8a7a0e-6534-4c7f-ba8e-d90a38b5b936,26.0,1.0,-1.0,0.0,,,cancelled,,,,,,,1778605774.937836
520e90a9-5e9e-4bfa-8244-34e70674e93f,0,3,14,828,2026-05-12T17:09:35.161731+00:00,order,cancel,ask,,2cea2c2b-b2b5-4f59-ba04-864bbe58bc36,6b8a7a0e-6534-4c7f-ba8e-d90a38b5b936,29.0,1.0,-1.0,0.0,,,cancelled,,,,,,,1778605775.178162
520e90a9-5e9e-4bfa-8244-34e70674e93f,0,3,15,829,2026-05-12T17:09:36.001150+00:00,order,cancel,ask,,c6517d34-dcbc-45f9-a45c-6c53d2705f2e,6b8a7a0e-6534-4c7f-ba8e-d90a38b5b936,19.1,1.0,-1.0,0.0,,,cancelled,,,,,,,1778605776.017173
5273b4e4-2b4f-47fa-834f-bd0d84d237b0,0,3,15,762,2026-05-12T17:09:36.762181+00:00,trade,trade,bid,B,,,23.0,1.0,,,,,,d1e296e6-1e2c-495b-81ad-c18ca6632c4c,,c640aef3-1bbe-43b5-b3b0-8a03e63d8408,89a22816-75bb-47f3-a51e-f8003a6b1965,18711e8c-d4a6-4e40-ac02-472f81cda568,4c5c436f-ca6c-40f1-9cb5-b8bc15205ad4,1778605776.778028
5273b4e4-2b4f-47fa-834f-bd0d84d237b0,0,3,15,763,2026-05-12T17:09:36.781135+00:00,order,fill,ask,,89a22816-75bb-47f3-a51e-f8003a6b1965,4c5c436f-ca6c-40f1-9cb5-b8bc15205ad4,23.0,1.0,-1.0,0.0,,,executed,d1e296e6-1e2c-495b-81ad-c18ca6632c4c,c640aef3-1bbe-43b5-b3b0-8a03e63d8408,,,,,1778605776.796328
5273b4e4-2b4f-47fa-834f-bd0d84d237b0,0,3,15,764,2026-05-12T17:09:36.799296+00:00,order,fill,bid,,c640aef3-1bbe-43b5-b3b0-8a03e63d8408,18711e8c-d4a6-4e40-ac02-472f81cda568,25.0,1.0,-1.0,0.0,,,executed,d1e296e6-1e2c-495b-81ad-c18ca6632c4c,89a22816-75bb-47f3-a51e-f8003a6b1965,,,,,1778605776.814856
5273b4e4-2b4f-47fa-834f-bd0d84d237b0,0,3,15,765,2026-05-12T17:09:39.897951+00:00,order,add,ask,,6a5b0baf-c808-452b-86fb-a724a2bf81a8,d00142cb-036c-42b2-986f-4d8449293679,22.5,1.0,1.0,1.0,1,1.0,active,,,,,,,1778605779.914538
520e90a9-5e9e-4bfa-8244-34e70674e93f,0,3,15,830,2026-05-12T17:09:40.942414+00:00,trade,trade,ask,S,,,18.6,1.0,,,,,,39e607e4-1f8f-4861-bb9c-c9a7261d4d7e,,f6d727f4-3902-401a-8250-53101be4040a,b64df3f4-b24d-4edb-a113-6f2907c34237,6b8a7a0e-6534-4c7f-ba8e-d90a38b5b936,c9677d60-b255-4563-955c-c09e7b64f2df,1778605780.958813
520e90a9-5e9e-4bfa-8244-34e70674e93f,0,3,15,831,2026-05-12T17:09:40.961961+00:00,order,fill,ask,,b64df3f4-b24d-4edb-a113-6f2907c34237,c9677d60-b255-4563-955c-c09e7b64f2df,18.6,1.0,-1.0,0.0,,,executed,39e607e4-1f8f-4861-bb9c-c9a7261d4d7e,f6d727f4-3902-401a-8250-53101be4040a,,,,,1778605780.976374
520e90a9-5e9e-4bfa-8244-34e70674e93f,0,3,15,832,2026-05-12T17:09:40.979136+00:00,order,fill,bid,,f6d727f4-3902-401a-8250-53101be4040a,6b8a7a0e-6534-4c7f-ba8e-d90a38b5b936,18.6,1.0,-1.0,0.0,,,executed,39e607e4-1f8f-4861-bb9c-c9a7261d4d7e,b64df3f4-b24d-4edb-a113-6f2907c34237,,,,,1778605780.99455
520e90a9-5e9e-4bfa-8244-34e70674e93f,0,3,15,833,2026-05-12T17:09:42.495086+00:00,order,add,ask,,c9ac029d-8169-4d2f-8864-8880df86235a,5e6b5ec7-66f5-446f-b458-3b18596521a3,18.6,1.0,1.0,1.0,1,1.0,active,,,,,,,1778605782.511608
520e90a9-5e9e-4bfa-8244-34e70674e93f,0,3,15,834,2026-05-12T17:09:45.201326+00:00,trade,trade,bid,B,,,18.6,1.0,,,,,,c71f8029-5825-446c-aa22-171b4e1ed05d,,0703fffb-a39d-4c42-970c-392e7de72118,c9ac029d-8169-4d2f-8864-8880df86235a,6b8a7a0e-6534-4c7f-ba8e-d90a38b5b936,5e6b5ec7-66f5-446f-b458-3b18596521a3,1778605785.217952
520e90a9-5e9e-4bfa-8244-34e70674e93f,0,3,15,835,2026-05-12T17:09:45.221001+00:00,order,fill,ask,,c9ac029d-8169-4d2f-8864-8880df86235a,5e6b5ec7-66f5-446f-b458-3b18596521a3,18.6,1.0,-1.0,0.0,,,executed,c71f8029-5825-446c-aa22-171b4e1ed05d,0703fffb-a39d-4c42-970c-392e7de72118,,,,,1778605785.235869
520e90a9-5e9e-4bfa-8244-34e70674e93f,0,3,15,836,2026-05-12T17:09:45.238852+00:00,order,fill,bid,,0703fffb-a39d-4c42-970c-392e7de72118,6b8a7a0e-6534-4c7f-ba8e-d90a38b5b936,18.6,1.0,-1.0,0.0,,,executed,c71f8029-5825-446c-aa22-171b4e1ed05d,c9ac029d-8169-4d2f-8864-8880df86235a,,,,,1778605785.253384
520e90a9-5e9e-4bfa-8244-34e70674e93f,0,3,15,837,2026-05-12T17:09:46.211781+00:00,order,cancel,ask,,f6322ea2-d98b-40c0-a189-d628ddfe1a2a,a7efec93-ac3e-45ce-84ac-eb2844742dd5,18.94,1.0,-1.0,0.0,,,cancelled,,,,,,,1778605786.228849
5273b4e4-2b4f-47fa-834f-bd0d84d237b0,0,3,15,766,2026-05-12T17:09:48.184409+00:00,order,add,bid,,15460be6-441c-4b34-8bdf-cefb803b0b90,d00142cb-036c-42b2-986f-4d8449293679,21.5,1.0,1.0,1.0,2,2.0,active,,,,,,,1778605788.20132
5273b4e4-2b4f-47fa-834f-bd0d84d237b0,0,3,15,767,2026-05-12T17:09:48.362566+00:00,order,add,bid,,4e78b71f-4886-47c5-a09f-871ac900c70c,4c5c436f-ca6c-40f1-9cb5-b8bc15205ad4,21.5,1.0,1.0,1.0,3,3.0,active,,,,,,,1778605788.378746
520e90a9-5e9e-4bfa-8244-34e70674e93f,0,3,15,838,2026-05-12T17:09:52.432873+00:00,order,add,ask,,59f547bf-f865-46cf-bed8-02a2464954dd,6b8a7a0e-6534-4c7f-ba8e-d90a38b5b936,19.0,1.0,1.0,1.0,2,2.0,active,,,,,,,1778605792.449338
5273b4e4-2b4f-47fa-834f-bd0d84d237b0,0,3,15,768,2026-05-12T17:09:53.080152+00:00,order,add,ask,,c3b09bd8-6dce-43ab-bb1a-a561a4cc7a38,18711e8c-d4a6-4e40-ac02-472f81cda568,23.0,1.0,1.0,1.0,2,2.0,active,,,,,,,1778605793.097341
520e90a9-5e9e-4bfa-8244-34e70674e93f,0,3,15,839,2026-05-12T17:09:54.177470+00:00,order,cancel,bid,,d32e7fb3-17f8-465a-9a04-33ec8b5180ef,1a600171-9cfa-44bf-a3d4-b7322acefe1a,4.0,1.0,-1.0,0.0,,,cancelled,,,,,,,1778605794.193817
520e90a9-5e9e-4bfa-8244-34e70674e93f,0,3,15,840,2026-05-12T17:09:55.059163+00:00,order,cancel,bid,,5b2045de-95d3-460c-bfb6-3730c5b3f1b3,a7efec93-ac3e-45ce-84ac-eb2844742dd5,18.5,1.0,-1.0,0.0,,,cancelled,,,,,,,1778605795.076423
5273b4e4-2b4f-47fa-834f-bd0d84d237b0,0,3,15,769,2026-05-12T17:09:56.432026+00:00,order,add,ask,,5d931c18-570b-4e0c-a442-4238c04672c7,18711e8c-d4a6-4e40-ac02-472f81cda568,23.0,1.0,1.0,1.0,3,3.0,active,,,,,,,1778605796.44926
520e90a9-5e9e-4bfa-8244-34e70674e93f,0,3,15,841,2026-05-12T17:09:56.570729+00:00,order,add,ask,,3b4d4b07-15f4-4423-b407-4a3ebc2c5ec3,a7efec93-ac3e-45ce-84ac-eb2844742dd5,18.75,1.0,1.0,1.0,1,1.0,active,,,,,,,1778605796.587113
520e90a9-5e9e-4bfa-8244-34e70674e93f,0,3,15,842,2026-05-12T17:09:57.480088+00:00,order,add,ask,,7c20cff6-cd5d-453a-b1aa-d3aabff61fdd,6b8a7a0e-6534-4c7f-ba8e-d90a38b5b936,20.0,1.0,1.0,1.0,1,1.0,active,,,,,,,1778605797.496832
5273b4e4-2b4f-47fa-834f-bd0d84d237b0,0,3,15,770,2026-05-12T17:09:59.992627+00:00,order,add,ask,,afa900a8-1ce5-4445-a6d8-abda4e145b93,18711e8c-d4a6-4e40-ac02-472f81cda568,23.0,1.0,1.0,1.0,4,4.0,active,,,,,,,1778605800.046241
520e90a9-5e9e-4bfa-8244-34e70674e93f,0,3,15,843,2026-05-12T17:10:01.216749+00:00,order,add,ask,,afdff0fd-7061-461b-9d6a-be97f84095be,6b8a7a0e-6534-4c7f-ba8e-d90a38b5b936,18.6,1.0,1.0,1.0,1,1.0,active,,,,,,,1778605801.255269
5273b4e4-2b4f-47fa-834f-bd0d84d237b0,0,3,15,771,2026-05-12T17:10:01.975650+00:00,order,add,bid,,0ded9cc2-cf02-4d5b-ae54-2883e3653801,d00142cb-036c-42b2-986f-4d8449293679,2.0,1.0,1.0,1.0,1,1.0,active,,,,,,,1778605802.213527
520e90a9-5e9e-4bfa-8244-34e70674e93f,0,3,15,844,2026-05-12T17:10:02.410943+00:00,order,add,bid,,fa8ac4e8-aa41-47af-b636-c2606d25f8b9,a7efec93-ac3e-45ce-84ac-eb2844742dd5,18.15,1.0,1.0,1.0,1,1.0,active,,,,,,,1778605802.468544
5273b4e4-2b4f-47fa-834f-bd0d84d237b0,0,3,15,772,2026-05-12T17:10:02.887965+00:00,order,add,ask,,06101b22-9b7e-48e3-a72a-1bef32909c98,18711e8c-d4a6-4e40-ac02-472f81cda568,23.0,1.0,1.0,1.0,5,5.0,active,,,,,,,1778605802.910782
520e90a9-5e9e-4bfa-8244-34e70674e93f,0,3,15,845,2026-05-12T17:10:04.033015+00:00,order,cancel,ask,,59f547bf-f865-46cf-bed8-02a2464954dd,6b8a7a0e-6534-4c7f-ba8e-d90a38b5b936,19.0,1.0,-1.0,0.0,,,cancelled,,,,,,,1778605804.050607
520e90a9-5e9e-4bfa-8244-34e70674e93f,0,3,15,846,2026-05-12T17:10:05.447388+00:00,trade,trade,ask,S,,,18.15,1.0,,,,,,2da58382-3390-4540-8b18-f6d8eefe003f,,fa8ac4e8-aa41-47af-b636-c2606d25f8b9,e881e77e-d45d-44ef-92e3-1d21f7082228,a7efec93-ac3e-45ce-84ac-eb2844742dd5,5e6b5ec7-66f5-446f-b458-3b18596521a3,1778605805.466518
520e90a9-5e9e-4bfa-8244-34e70674e93f,0,3,15,847,2026-05-12T17:10:05.470005+00:00,order,fill,ask,,e881e77e-d45d-44ef-92e3-1d21f7082228,5e6b5ec7-66f5-446f-b458-3b18596521a3,18.15,1.0,-1.0,0.0,,,executed,2da58382-3390-4540-8b18-f6d8eefe003f,fa8ac4e8-aa41-47af-b636-c2606d25f8b9,,,,,1778605805.48836
520e90a9-5e9e-4bfa-8244-34e70674e93f,0,3,15,848,2026-05-12T17:10:05.491529+00:00,order,fill,bid,,fa8ac4e8-aa41-47af-b636-c2606d25f8b9,a7efec93-ac3e-45ce-84ac-eb2844742dd5,18.15,1.0,-1.0,0.0,,,executed,2da58382-3390-4540-8b18-f6d8eefe003f,e881e77e-d45d-44ef-92e3-1d21f7082228,,,,,1778605805.507671
5273b4e4-2b4f-47fa-834f-bd0d84d237b0,0,3,15,773,2026-05-12T17:10:06.319344+00:00,order,add,bid,,470d6292-4702-41ae-a41a-59b18da003ce,d00142cb-036c-42b2-986f-4d8449293679,1.0,1.0,1.0,1.0,1,1.0,active,,,,,,,1778605806.336959
5273b4e4-2b4f-47fa-834f-bd0d84d237b0,0,3,15,774,2026-05-12T17:10:08.680619+00:00,order,add,bid,,7f3f5aca-814d-4344-8f1f-093c0fe3a110,d00142cb-036c-42b2-986f-4d8449293679,2.0,1.0,1.0,1.0,2,2.0,active,,,,,,,1778605808.69798
5273b4e4-2b4f-47fa-834f-bd0d84d237b0,0,3,15,775,2026-05-12T17:10:10.008811+00:00,order,add,ask,,cc47ed16-685b-414d-b3b2-8b71a3e54db5,18711e8c-d4a6-4e40-ac02-472f81cda568,25.0,1.0,1.0,1.0,2,2.0,active,,,,,,,1778605810.025806
5273b4e4-2b4f-47fa-834f-bd0d84d237b0,0,3,13,776,2026-05-12T17:10:10.547361+00:00,order,cancel,ask,,f8137a24-76b7-4c46-bb70-058267013e07,4c5c436f-ca6c-40f1-9cb5-b8bc15205ad4,24.0,1.0,-1.0,0.0,,,cancelled,,,,,,,1778605810.564857
5273b4e4-2b4f-47fa-834f-bd0d84d237b0,0,3,15,777,2026-05-12T17:10:11.023914+00:00,order,add,bid,,428cb9e7-8e92-45d0-ac46-d5dacb844d02,d00142cb-036c-42b2-986f-4d8449293679,1.0,1.0,1.0,1.0,2,2.0,active,,,,,,,1778605811.041849
