session_code,participant_code,market_uuid,trader_uuid,gamified,treatment,trading_day,payoff,initial_cash,forecast,forecast_confidence,current_cash,num_shares,trade_payoff,fin_quiz_score,self_assessment,overconfidence,cq_attempt_count,gender_female,age,finance_course,trading_experience,high_education,hedonic,price_notifications,repetition,n_buys,n_sells,net_position,n_trades_market,avg_trade_price,avg_mispricing,avg_abs_mispricing,closing_price,opening_price,max_price,min_price,fundamental_value,price_L1,price_L2,price_next,return,abs_mispricing_ratio,surge,crash,normalized_mispricing,bubble_period,bubble_start,wealth_day,gini,feedback_flag,speculator_flag,fundamental_flag,other_flag
ffe5xhmq,viseix7p,a5f35780-eeec-48f3-bd11-2a02633bc450,3f3f926c-76bd-44db-b2dc-3e8e8ddbccb6,1,ghp,1,4068.0,2600.0,,,2600.0,20.0,3958.0,0.75,0.0,-0.75,1,0,18.0,0.0,0.0,1,1,1,1,0.0,0.0,0.0,1.0,86.0,-34.0,34.0,86.0,86.0,86.0,86.0,120,,,84.99,,0.2833333333333333,0,0,-0.2833333333333333,0,0,5000.0,0.0077953447518664,0.0,0.0,1.0,0.0
ffe5xhmq,qhz5zte3,a5f35780-eeec-48f3-bd11-2a02633bc450,7263bda7-ce07-4527-829d-593539f9496a,1,ghp,1,5491.0,3800.0,,,3714.0,12.0,5381.0,0.75,0.0,-0.75,2,1,18.0,0.0,0.0,1,1,1,1,1.0,0.0,1.0,1.0,86.0,-34.0,34.0,86.0,86.0,86.0,86.0,120,,,84.99,,0.2833333333333333,0,0,-0.2833333333333333,0,0,5154.0,0.0077953447518664,0.0,0.0,1.0,0.0
ffe5xhmq,kmcc2p31,a5f35780-eeec-48f3-bd11-2a02633bc450,d896d1d1-903a-4faf-af2e-bda1e25a47cc,1,ghp,1,6177.0,2600.0,,,2600.0,21.0,5957.0,1.0,7.0,-0.3,1,0,39.0,0.0,1.0,1,1,1,1,0.0,0.0,0.0,1.0,86.0,-34.0,34.0,86.0,86.0,86.0,86.0,120,,,84.99,,0.2833333333333333,0,0,-0.2833333333333333,0,0,5120.0,0.0077953447518664,0.0,0.0,1.0,0.0
ffe5xhmq,snooaw5j,a5f35780-eeec-48f3-bd11-2a02633bc450,b051dea2-10fd-492e-a16a-123e7f6bc6ac,1,ghp,1,5310.0,3800.0,,,3886.0,9.0,5110.0,1.0,6.0,-0.4,1,0,28.0,0.0,1.0,1,1,1,1,0.0,1.0,-1.0,1.0,86.0,-34.0,34.0,86.0,86.0,86.0,86.0,120,,,84.99,,0.2833333333333333,0,0,-0.2833333333333333,0,0,4966.0,0.0077953447518664,0.0,1.0,0.0,0.0
ffe5xhmq,twrkr7hz,a5f35780-eeec-48f3-bd11-2a02633bc450,14a8161a-9d15-4590-8e4a-d60fa690d14e,1,ghp,1,5777.0,2600.0,,,2600.0,21.0,5687.0,0.75,3.0,-0.45,1,1,20.0,1.0,0.0,1,1,1,1,0.0,0.0,0.0,1.0,86.0,-34.0,34.0,86.0,86.0,86.0,86.0,120,,,84.99,,0.2833333333333333,0,0,-0.2833333333333333,0,0,5120.0,0.0077953447518664,0.0,1.0,0.0,0.0
ffe5xhmq,hk3teh8u,a5f35780-eeec-48f3-bd11-2a02633bc450,6a27507f-b151-4a9f-b11f-d433b22aeb62,1,ghp,1,5073.0,3800.0,,,3800.0,10.0,4943.0,0.4166666666666667,8.0,0.3833333333333333,3,1,23.0,1.0,0.0,0,1,1,1,0.0,0.0,0.0,1.0,86.0,-34.0,34.0,86.0,86.0,86.0,86.0,120,,,84.99,,0.2833333333333333,0,0,-0.2833333333333333,0,0,5000.0,0.0077953447518664,0.5,0.5,0.0,0.0
ffe5xhmq,6kvq85km,17f3bde5-9e00-47d0-8909-b138b266b325,c5382ee4-bd5b-45e4-8232-55a805c489d8,0,ng,1,5884.0,2600.0,,,2600.0,20.0,5744.0,0.8333333333333334,6.0,-0.2333333333333334,1,0,32.0,1.0,0.0,1,0,0,1,0.0,0.0,0.0,2.0,105.5,-14.5,14.5,112.0,99.0,112.0,99.0,120,,,112.0,,0.1208333333333333,0,0,-0.1208333333333333,0,0,5000.0,0.0132461873638344,0.0,0.5,0.5,0.0
ffe5xhmq,7dpcven3,17f3bde5-9e00-47d0-8909-b138b266b325,8097813e-2f6f-40a4-be05-70c6d8d3bca7,0,ng,1,5168.0,3800.0,,,3800.0,10.0,5088.0,0.5,0.0,-0.5,2,0,26.0,0.0,0.0,1,0,0,1,0.0,0.0,0.0,2.0,105.5,-14.5,14.5,112.0,99.0,112.0,99.0,120,,,112.0,,0.1208333333333333,0,0,-0.1208333333333333,0,0,5000.0,0.0132461873638344,0.0,0.0,0.0,1.0
ffe5xhmq,2mz5up3e,17f3bde5-9e00-47d0-8909-b138b266b325,121ddd6b-3999-4e05-a2b3-d80bdfc8efba,0,ng,1,5955.0,2600.0,,,2389.0,23.0,5815.0,0.8333333333333334,3.0,-0.5333333333333334,1,0,25.0,0.0,0.0,1,0,0,1,2.0,0.0,2.0,2.0,105.5,-14.5,14.5,112.0,99.0,112.0,99.0,120,,,112.0,,0.1208333333333333,0,0,-0.1208333333333333,0,0,5149.0,0.0132461873638344,1.0,0.0,0.0,0.0
ffe5xhmq,keffe6of,17f3bde5-9e00-47d0-8909-b138b266b325,6eb3648e-8876-4d12-96eb-7269067415d5,0,ng,1,4719.0,3800.0,,,3899.0,9.0,4639.0,0.6666666666666666,3.0,-0.3666666666666666,3,0,40.0,0.0,0.0,1,0,0,1,0.0,1.0,-1.0,2.0,105.5,-14.5,14.5,112.0,99.0,112.0,99.0,120,,,112.0,,0.1208333333333333,0,0,-0.1208333333333333,0,0,4979.0,0.0132461873638344,0.0,0.0,1.0,0.0
ffe5xhmq,quvmw080,17f3bde5-9e00-47d0-8909-b138b266b325,1fee9bd8-a0b5-414d-b996-84be8a4a131f,0,ng,1,5573.0,2600.0,,,2600.0,21.0,5503.0,0.5833333333333334,10.0,0.4166666666666666,6,1,21.0,0.0,0.0,1,0,0,1,0.0,0.0,0.0,2.0,105.5,-14.5,14.5,112.0,99.0,112.0,99.0,120,,,112.0,,0.1208333333333333,0,0,-0.1208333333333333,0,0,5120.0,0.0132461873638344,0.0,0.0,0.0,1.0
ffe5xhmq,zmzx9bpp,17f3bde5-9e00-47d0-8909-b138b266b325,e4da5453-0e94-4ba4-b1bb-3b711e2a2c8d,0,ng,1,5011.0,3800.0,,,3912.0,12.0,4901.0,0.9166666666666666,7.0,-0.2166666666666666,1,0,31.0,1.0,0.0,1,0,0,1,0.0,1.0,-1.0,2.0,105.5,-14.5,14.5,112.0,99.0,112.0,99.0,120,,,112.0,,0.1208333333333333,0,0,-0.1208333333333333,0,0,5352.0,0.0132461873638344,0.0,1.0,0.0,0.0
ffe5xhmq,viseix7p,a5f35780-eeec-48f3-bd11-2a02633bc450,3f3f926c-76bd-44db-b2dc-3e8e8ddbccb6,1,ghp,2,4068.0,2600.0,,,2765.0,21.0,3958.0,0.75,0.0,-0.75,1,0,18.0,0.0,0.0,1,1,1,1,1.0,1.0,0.0,3.0,87.66000000000001,-24.340000000000003,24.340000000000003,84.99,89.99,89.99,84.99,112,86.0,,72.0,-0.0117441860465117,0.2173214285714286,0,0,-0.2173214285714284,0,0,5117.0,0.0078288317962231,0.0,0.0,1.0,0.0
ffe5xhmq,qhz5zte3,a5f35780-eeec-48f3-bd11-2a02633bc450,7263bda7-ce07-4527-829d-593539f9496a,1,ghp,2,5491.0,3800.0,,,3898.0,11.0,5381.0,0.75,0.0,-0.75,2,1,18.0,0.0,0.0,1,1,1,1,0.0,1.0,-1.0,3.0,87.66000000000001,-24.340000000000003,24.340000000000003,84.99,89.99,89.99,84.99,112,86.0,,72.0,-0.0117441860465117,0.2173214285714286,0,0,-0.2173214285714284,0,0,5130.0,0.0078288317962231,0.0,0.0,1.0,0.0
ffe5xhmq,kmcc2p31,a5f35780-eeec-48f3-bd11-2a02633bc450,d896d1d1-903a-4faf-af2e-bda1e25a47cc,1,ghp,2,6177.0,2600.0,,,2768.0,20.0,5957.0,1.0,7.0,-0.3,1,0,39.0,0.0,1.0,1,1,1,1,0.0,0.0,0.0,3.0,87.66000000000001,-24.340000000000003,24.340000000000003,84.99,89.99,89.99,84.99,112,86.0,,72.0,-0.0117441860465117,0.2173214285714286,0,0,-0.2173214285714284,0,0,5008.0,0.0078288317962231,0.0,0.0,1.0,0.0
ffe5xhmq,snooaw5j,a5f35780-eeec-48f3-bd11-2a02633bc450,b051dea2-10fd-492e-a16a-123e7f6bc6ac,1,ghp,2,5310.0,3800.0,,,4042.99,8.0,5110.0,1.0,6.0,-0.4,1,0,28.0,0.0,1.0,1,1,1,1,0.0,1.0,-1.0,3.0,87.66000000000001,-24.340000000000003,24.340000000000003,84.99,89.99,89.99,84.99,112,86.0,,72.0,-0.0117441860465117,0.2173214285714286,0,0,-0.2173214285714284,0,0,4938.99,0.0078288317962231,0.0,1.0,0.0,0.0
ffe5xhmq,twrkr7hz,a5f35780-eeec-48f3-bd11-2a02633bc450,14a8161a-9d15-4590-8e4a-d60fa690d14e,1,ghp,2,5777.0,2600.0,,,2680.0,21.0,5687.0,0.75,3.0,-0.45,1,1,20.0,1.0,0.0,1,1,1,1,1.0,0.0,1.0,3.0,87.66000000000001,-24.340000000000003,24.340000000000003,84.99,89.99,89.99,84.99,112,86.0,,72.0,-0.0117441860465117,0.2173214285714286,0,0,-0.2173214285714284,0,0,5032.0,0.0078288317962231,0.0,1.0,0.0,0.0
ffe5xhmq,hk3teh8u,a5f35780-eeec-48f3-bd11-2a02633bc450,6a27507f-b151-4a9f-b11f-d433b22aeb62,1,ghp,2,5073.0,3800.0,,,3790.01,12.0,4943.0,0.4166666666666667,8.0,0.3833333333333333,3,1,23.0,1.0,0.0,0,1,1,1,1.0,0.0,1.0,3.0,87.66000000000001,-24.340000000000003,24.340000000000003,84.99,89.99,89.99,84.99,112,86.0,,72.0,-0.0117441860465117,0.2173214285714286,0,0,-0.2173214285714284,0,0,5134.01,0.0078288317962231,0.5,0.5,0.0,0.0
ffe5xhmq,6kvq85km,17f3bde5-9e00-47d0-8909-b138b266b325,c5382ee4-bd5b-45e4-8232-55a805c489d8,0,ng,2,5884.0,2600.0,,,2760.0,20.0,5744.0,0.8333333333333334,6.0,-0.2333333333333334,1,0,32.0,1.0,0.0,1,0,0,1,0.0,0.0,0.0,0.0,,,,112.0,,,,112,112.0,,95.0,0.0,,0,0,,0,0,5000.0,0.0105004758197075,0.0,0.5,0.5,0.0
ffe5xhmq,7dpcven3,17f3bde5-9e00-47d0-8909-b138b266b325,8097813e-2f6f-40a4-be05-70c6d8d3bca7,0,ng,2,5168.0,3800.0,,,3880.0,11.0,5088.0,0.5,0.0,-0.5,2,0,26.0,0.0,0.0,1,0,0,1,0.0,0.0,0.0,0.0,,,,112.0,,,,112,112.0,,95.0,0.0,,0,0,,0,0,5112.0,0.0105004758197075,0.0,0.0,0.0,1.0
ffe5xhmq,2mz5up3e,17f3bde5-9e00-47d0-8909-b138b266b325,121ddd6b-3999-4e05-a2b3-d80bdfc8efba,0,ng,2,5955.0,2600.0,,,2573.0,23.0,5815.0,0.8333333333333334,3.0,-0.5333333333333334,1,0,25.0,0.0,0.0,1,0,0,1,0.0,0.0,0.0,0.0,,,,112.0,,,,112,112.0,,95.0,0.0,,0,0,,0,0,5149.0,0.0105004758197075,1.0,0.0,0.0,0.0
ffe5xhmq,keffe6of,17f3bde5-9e00-47d0-8909-b138b266b325,6eb3648e-8876-4d12-96eb-7269067415d5,0,ng,2,4719.0,3800.0,,,3971.0,10.0,4639.0,0.6666666666666666,3.0,-0.3666666666666666,3,0,40.0,0.0,0.0,1,0,0,1,0.0,0.0,0.0,0.0,,,,112.0,,,,112,112.0,,95.0,0.0,,0,0,,0,0,5091.0,0.0105004758197075,0.0,0.0,1.0,0.0
ffe5xhmq,quvmw080,17f3bde5-9e00-47d0-8909-b138b266b325,1fee9bd8-a0b5-414d-b996-84be8a4a131f,0,ng,2,5573.0,2600.0,,,2768.0,21.0,5503.0,0.5833333333333334,10.0,0.4166666666666666,6,1,21.0,0.0,0.0,1,0,0,1,0.0,0.0,0.0,0.0,,,,112.0,,,,112,112.0,,95.0,0.0,,0,0,,0,0,5120.0,0.0105004758197075,0.0,0.0,0.0,1.0
ffe5xhmq,zmzx9bpp,17f3bde5-9e00-47d0-8909-b138b266b325,e4da5453-0e94-4ba4-b1bb-3b711e2a2c8d,0,ng,2,5011.0,3800.0,,,4008.0,12.0,4901.0,0.9166666666666666,7.0,-0.2166666666666666,1,0,31.0,1.0,0.0,1,0,0,1,0.0,0.0,0.0,0.0,,,,112.0,,,,112,112.0,,95.0,0.0,,0,0,,0,0,5352.0,0.0105004758197075,0.0,1.0,0.0,0.0
ffe5xhmq,viseix7p,a5f35780-eeec-48f3-bd11-2a02633bc450,3f3f926c-76bd-44db-b2dc-3e8e8ddbccb6,1,ghp,3,4068.0,2600.0,0.0,0.0,2940.01,20.0,3958.0,0.75,0.0,-0.75,1,0,18.0,0.0,0.0,1,1,1,1,1.0,1.0,0.0,6.0,84.665,-19.335,19.335,72.0,88.0,89.0,72.0,104,84.99,86.0,67.0,-0.1528415107659724,0.1859134615384615,0,0,-0.1859134615384614,0,0,5020.01,0.0052181170956044,0.0,0.0,1.0,0.0
ffe5xhmq,qhz5zte3,a5f35780-eeec-48f3-bd11-2a02633bc450,7263bda7-ce07-4527-829d-593539f9496a,1,ghp,3,5491.0,3800.0,0.0,0.0,3631.0,14.0,5381.0,0.75,0.0,-0.75,2,1,18.0,0.0,0.0,1,1,1,1,4.0,0.0,4.0,6.0,84.665,-19.335,19.335,72.0,88.0,89.0,72.0,104,84.99,86.0,67.0,-0.1528415107659724,0.1859134615384615,0,0,-0.1859134615384614,0,0,5087.0,0.0052181170956044,0.0,0.0,1.0,0.0
ffe5xhmq,kmcc2p31,a5f35780-eeec-48f3-bd11-2a02633bc450,d896d1d1-903a-4faf-af2e-bda1e25a47cc,1,ghp,3,6177.0,2600.0,0.0,0.0,3186.99,18.0,5957.0,1.0,7.0,-0.3,1,0,39.0,0.0,1.0,1,1,1,1,0.0,3.0,-3.0,6.0,84.665,-19.335,19.335,72.0,88.0,89.0,72.0,104,84.99,86.0,67.0,-0.1528415107659724,0.1859134615384615,0,0,-0.1859134615384614,0,0,5058.99,0.0052181170956044,0.0,0.0,1.0,0.0
ffe5xhmq,snooaw5j,a5f35780-eeec-48f3-bd11-2a02633bc450,b051dea2-10fd-492e-a16a-123e7f6bc6ac,1,ghp,3,5310.0,3800.0,0.0,0.0,4106.99,8.0,5110.0,1.0,6.0,-0.4,1,0,28.0,0.0,1.0,1,1,1,1,0.0,0.0,0.0,6.0,84.665,-19.335,19.335,72.0,88.0,89.0,72.0,104,84.99,86.0,67.0,-0.1528415107659724,0.1859134615384615,0,0,-0.1859134615384614,0,0,4938.99,0.0052181170956044,0.0,1.0,0.0,0.0
ffe5xhmq,twrkr7hz,a5f35780-eeec-48f3-bd11-2a02633bc450,14a8161a-9d15-4590-8e4a-d60fa690d14e,1,ghp,3,5777.0,2600.0,0.0,0.0,2920.0,20.0,5687.0,0.75,3.0,-0.45,1,1,20.0,1.0,0.0,1,1,1,1,0.0,1.0,-1.0,6.0,84.665,-19.335,19.335,72.0,88.0,89.0,72.0,104,84.99,86.0,67.0,-0.1528415107659724,0.1859134615384615,0,0,-0.1859134615384614,0,0,5000.0,0.0052181170956044,0.0,1.0,0.0,0.0
ffe5xhmq,hk3teh8u,a5f35780-eeec-48f3-bd11-2a02633bc450,6a27507f-b151-4a9f-b11f-d433b22aeb62,1,ghp,3,5073.0,3800.0,0.0,0.0,3903.01,11.0,4943.0,0.4166666666666667,8.0,0.3833333333333333,3,1,23.0,1.0,0.0,0,1,1,1,1.0,1.0,0.0,6.0,84.665,-19.335,19.335,72.0,88.0,89.0,72.0,104,84.99,86.0,67.0,-0.1528415107659724,0.1859134615384615,0,0,-0.1859134615384614,0,0,5047.01,0.0052181170956044,0.5,0.5,0.0,0.0
ffe5xhmq,6kvq85km,17f3bde5-9e00-47d0-8909-b138b266b325,c5382ee4-bd5b-45e4-8232-55a805c489d8,0,ng,3,5884.0,2600.0,0.0,0.0,2920.0,20.0,5744.0,0.8333333333333334,6.0,-0.2333333333333334,1,0,32.0,1.0,0.0,1,0,0,1,0.0,0.0,0.0,3.0,96.0,-8.0,8.0,95.0,100.0,100.0,93.0,104,112.0,112.0,90.5,-0.1517857142857143,0.0769230769230769,0,0,-0.0769230769230769,0,0,5000.0,0.0088025081119003,0.0,0.5,0.5,0.0
ffe5xhmq,7dpcven3,17f3bde5-9e00-47d0-8909-b138b266b325,8097813e-2f6f-40a4-be05-70c6d8d3bca7,0,ng,3,5168.0,3800.0,90.0,3.0,3875.0,11.0,5088.0,0.5,0.0,-0.5,2,0,26.0,0.0,0.0,1,0,0,1,1.0,0.0,1.0,3.0,96.0,-8.0,8.0,95.0,100.0,100.0,93.0,104,112.0,112.0,90.5,-0.1517857142857143,0.0769230769230769,0,0,-0.0769230769230769,0,0,5019.0,0.0088025081119003,0.0,0.0,0.0,1.0
ffe5xhmq,2mz5up3e,17f3bde5-9e00-47d0-8909-b138b266b325,121ddd6b-3999-4e05-a2b3-d80bdfc8efba,0,ng,3,5955.0,2600.0,0.0,0.0,2562.0,24.0,5815.0,0.8333333333333334,3.0,-0.5333333333333334,1,0,25.0,0.0,0.0,1,0,0,1,2.0,0.0,2.0,3.0,96.0,-8.0,8.0,95.0,100.0,100.0,93.0,104,112.0,112.0,90.5,-0.1517857142857143,0.0769230769230769,0,0,-0.0769230769230769,0,0,5058.0,0.0088025081119003,1.0,0.0,0.0,0.0
ffe5xhmq,keffe6of,17f3bde5-9e00-47d0-8909-b138b266b325,6eb3648e-8876-4d12-96eb-7269067415d5,0,ng,3,4719.0,3800.0,0.0,0.0,4051.0,9.0,4639.0,0.6666666666666666,3.0,-0.3666666666666666,3,0,40.0,0.0,0.0,1,0,0,1,0.0,0.0,0.0,3.0,96.0,-8.0,8.0,95.0,100.0,100.0,93.0,104,112.0,112.0,90.5,-0.1517857142857143,0.0769230769230769,0,0,-0.0769230769230769,0,0,4987.0,0.0088025081119003,0.0,0.0,1.0,0.0
ffe5xhmq,quvmw080,17f3bde5-9e00-47d0-8909-b138b266b325,1fee9bd8-a0b5-414d-b996-84be8a4a131f,0,ng,3,5573.0,2600.0,0.0,0.0,3029.0,20.0,5503.0,0.5833333333333334,10.0,0.4166666666666666,6,1,21.0,0.0,0.0,1,0,0,1,0.0,1.0,-1.0,3.0,96.0,-8.0,8.0,95.0,100.0,100.0,93.0,104,112.0,112.0,90.5,-0.1517857142857143,0.0769230769230769,0,0,-0.0769230769230769,0,0,5109.0,0.0088025081119003,0.0,0.0,0.0,1.0
ffe5xhmq,zmzx9bpp,17f3bde5-9e00-47d0-8909-b138b266b325,e4da5453-0e94-4ba4-b1bb-3b711e2a2c8d,0,ng,3,5011.0,3800.0,0.0,0.0,4299.0,9.0,4901.0,0.9166666666666666,7.0,-0.2166666666666666,1,0,31.0,1.0,0.0,1,0,0,1,0.0,2.0,-2.0,3.0,96.0,-8.0,8.0,95.0,100.0,100.0,93.0,104,112.0,112.0,90.5,-0.1517857142857143,0.0769230769230769,0,0,-0.0769230769230769,0,0,5235.0,0.0088025081119003,0.0,1.0,0.0,0.0
ffe5xhmq,viseix7p,a5f35780-eeec-48f3-bd11-2a02633bc450,3f3f926c-76bd-44db-b2dc-3e8e8ddbccb6,1,ghp,4,4068.0,2600.0,,,3486.01,20.0,3958.0,0.75,0.0,-0.75,1,0,18.0,0.0,0.0,1,1,1,1,0.0,2.0,-2.0,4.0,72.75,-23.25,23.25,67.0,79.0,79.0,67.0,96,72.0,84.99,70.5,-0.0694444444444444,0.2421875,0,0,-0.2421875,0,0,5406.01,0.0155612288046006,0.0,0.0,1.0,0.0
ffe5xhmq,qhz5zte3,a5f35780-eeec-48f3-bd11-2a02633bc450,7263bda7-ce07-4527-829d-593539f9496a,1,ghp,4,5491.0,3800.0,,,3911.0,16.0,5381.0,0.75,0.0,-0.75,2,1,18.0,0.0,0.0,1,1,1,1,0.0,0.0,0.0,4.0,72.75,-23.25,23.25,67.0,79.0,79.0,67.0,96,72.0,84.99,70.5,-0.0694444444444444,0.2421875,0,0,-0.2421875,0,0,5447.0,0.0155612288046006,0.0,0.0,1.0,0.0
ffe5xhmq,kmcc2p31,a5f35780-eeec-48f3-bd11-2a02633bc450,d896d1d1-903a-4faf-af2e-bda1e25a47cc,1,ghp,4,6177.0,2600.0,,,3330.99,20.0,5957.0,1.0,7.0,-0.3,1,0,39.0,0.0,1.0,1,1,1,1,3.0,0.0,3.0,4.0,72.75,-23.25,23.25,67.0,79.0,79.0,67.0,96,72.0,84.99,70.5,-0.0694444444444444,0.2421875,0,0,-0.2421875,0,0,5250.99,0.0155612288046006,0.0,0.0,1.0,0.0
ffe5xhmq,snooaw5j,a5f35780-eeec-48f3-bd11-2a02633bc450,b051dea2-10fd-492e-a16a-123e7f6bc6ac,1,ghp,4,5310.0,3800.0,,,4336.99,7.0,5110.0,1.0,6.0,-0.4,1,0,28.0,0.0,1.0,1,1,1,1,0.0,1.0,-1.0,4.0,72.75,-23.25,23.25,67.0,79.0,79.0,67.0,96,72.0,84.99,70.5,-0.0694444444444444,0.2421875,0,0,-0.2421875,0,0,5008.99,0.0155612288046006,0.0,1.0,0.0,0.0
ffe5xhmq,twrkr7hz,a5f35780-eeec-48f3-bd11-2a02633bc450,14a8161a-9d15-4590-8e4a-d60fa690d14e,1,ghp,4,5777.0,2600.0,,,3245.0,21.0,5687.0,0.75,3.0,-0.45,1,1,20.0,1.0,0.0,1,1,1,1,1.0,0.0,1.0,4.0,72.75,-23.25,23.25,67.0,79.0,79.0,67.0,96,72.0,84.99,70.5,-0.0694444444444444,0.2421875,0,0,-0.2421875,0,0,5261.0,0.0155612288046006,0.0,1.0,0.0,0.0
ffe5xhmq,hk3teh8u,a5f35780-eeec-48f3-bd11-2a02633bc450,6a27507f-b151-4a9f-b11f-d433b22aeb62,1,ghp,4,5073.0,3800.0,,,4198.01,10.0,4943.0,0.4166666666666667,8.0,0.3833333333333333,3,1,23.0,1.0,0.0,0,1,1,1,0.0,1.0,-1.0,4.0,72.75,-23.25,23.25,67.0,79.0,79.0,67.0,96,72.0,84.99,70.5,-0.0694444444444444,0.2421875,0,0,-0.2421875,0,0,5158.01,0.0155612288046006,0.5,0.5,0.0,0.0
ffe5xhmq,6kvq85km,17f3bde5-9e00-47d0-8909-b138b266b325,c5382ee4-bd5b-45e4-8232-55a805c489d8,0,ng,4,5884.0,2600.0,,,3229.5,21.0,5744.0,0.8333333333333334,6.0,-0.2333333333333334,1,0,32.0,1.0,0.0,1,0,0,1,1.0,0.0,1.0,2.0,90.75,-5.25,5.25,90.5,91.0,91.0,90.5,96,95.0,112.0,88.5,-0.0473684210526316,0.0546875,0,0,-0.0546875,0,0,5245.5,0.0059666877503689,0.0,0.5,0.5,0.0
ffe5xhmq,7dpcven3,17f3bde5-9e00-47d0-8909-b138b266b325,8097813e-2f6f-40a4-be05-70c6d8d3bca7,0,ng,4,5168.0,3800.0,,,4185.5,11.0,5088.0,0.5,0.0,-0.5,2,0,26.0,0.0,0.0,1,0,0,1,0.0,1.0,-1.0,2.0,90.75,-5.25,5.25,90.5,91.0,91.0,90.5,96,95.0,112.0,88.5,-0.0473684210526316,0.0546875,0,0,-0.0546875,0,0,5241.5,0.0059666877503689,0.0,0.0,0.0,1.0
ffe5xhmq,2mz5up3e,17f3bde5-9e00-47d0-8909-b138b266b325,121ddd6b-3999-4e05-a2b3-d80bdfc8efba,0,ng,4,5955.0,2600.0,,,3042.0,24.0,5815.0,0.8333333333333334,3.0,-0.5333333333333334,1,0,25.0,0.0,0.0,1,0,0,1,0.0,0.0,0.0,2.0,90.75,-5.25,5.25,90.5,91.0,91.0,90.5,96,95.0,112.0,88.5,-0.0473684210526316,0.0546875,0,0,-0.0546875,0,0,5346.0,0.0059666877503689,1.0,0.0,0.0,0.0
ffe5xhmq,keffe6of,17f3bde5-9e00-47d0-8909-b138b266b325,6eb3648e-8876-4d12-96eb-7269067415d5,0,ng,4,4719.0,3800.0,,,4231.0,10.0,4639.0,0.6666666666666666,3.0,-0.3666666666666666,3,0,40.0,0.0,0.0,1,0,0,1,0.0,0.0,0.0,2.0,90.75,-5.25,5.25,90.5,91.0,91.0,90.5,96,95.0,112.0,88.5,-0.0473684210526316,0.0546875,0,0,-0.0546875,0,0,5191.0,0.0059666877503689,0.0,0.0,1.0,0.0
ffe5xhmq,quvmw080,17f3bde5-9e00-47d0-8909-b138b266b325,1fee9bd8-a0b5-414d-b996-84be8a4a131f,0,ng,4,5573.0,2600.0,,,3338.0,21.0,5503.0,0.5833333333333334,10.0,0.4166666666666666,6,1,21.0,0.0,0.0,1,0,0,1,1.0,0.0,1.0,2.0,90.75,-5.25,5.25,90.5,91.0,91.0,90.5,96,95.0,112.0,88.5,-0.0473684210526316,0.0546875,0,0,-0.0546875,0,0,5354.0,0.0059666877503689,0.0,0.0,0.0,1.0
ffe5xhmq,zmzx9bpp,17f3bde5-9e00-47d0-8909-b138b266b325,e4da5453-0e94-4ba4-b1bb-3b711e2a2c8d,0,ng,4,5011.0,3800.0,,,4570.0,7.0,4901.0,0.9166666666666666,7.0,-0.2166666666666666,1,0,31.0,1.0,0.0,1,0,0,1,0.0,1.0,-1.0,2.0,90.75,-5.25,5.25,90.5,91.0,91.0,90.5,96,95.0,112.0,88.5,-0.0473684210526316,0.0546875,0,0,-0.0546875,0,0,5242.0,0.0059666877503689,0.0,1.0,0.0,0.0
ffe5xhmq,viseix7p,a5f35780-eeec-48f3-bd11-2a02633bc450,3f3f926c-76bd-44db-b2dc-3e8e8ddbccb6,1,ghp,5,4068.0,2600.0,,,3886.01,18.0,3958.0,0.75,0.0,-0.75,1,0,18.0,0.0,0.0,1,1,1,1,0.0,0.0,0.0,5.0,69.0,-19.0,19.0,70.5,68.0,70.5,67.5,88,67.0,72.0,64.0,0.0522388059701492,0.2159090909090909,0,0,-0.2159090909090909,0,0,5470.01,0.0197947540314349,0.0,0.0,1.0,0.0
ffe5xhmq,qhz5zte3,a5f35780-eeec-48f3-bd11-2a02633bc450,7263bda7-ce07-4527-829d-593539f9496a,1,ghp,5,5491.0,3800.0,,,4371.5,15.0,5381.0,0.75,0.0,-0.75,2,1,18.0,0.0,0.0,1,1,1,1,0.0,2.0,-2.0,5.0,69.0,-19.0,19.0,70.5,68.0,70.5,67.5,88,67.0,72.0,64.0,0.0522388059701492,0.2159090909090909,0,0,-0.2159090909090909,0,0,5691.5,0.0197947540314349,0.0,0.0,1.0,0.0
ffe5xhmq,kmcc2p31,a5f35780-eeec-48f3-bd11-2a02633bc450,d896d1d1-903a-4faf-af2e-bda1e25a47cc,1,ghp,5,6177.0,2600.0,,,3455.99,24.0,5957.0,1.0,7.0,-0.3,1,0,39.0,0.0,1.0,1,1,1,1,4.0,0.0,4.0,5.0,69.0,-19.0,19.0,70.5,68.0,70.5,67.5,88,67.0,72.0,64.0,0.0522388059701492,0.2159090909090909,0,0,-0.2159090909090909,0,0,5567.99,0.0197947540314349,0.0,0.0,1.0,0.0
ffe5xhmq,snooaw5j,a5f35780-eeec-48f3-bd11-2a02633bc450,b051dea2-10fd-492e-a16a-123e7f6bc6ac,1,ghp,5,5310.0,3800.0,,,4544.49,6.0,5110.0,1.0,6.0,-0.4,1,0,28.0,0.0,1.0,1,1,1,1,0.0,1.0,-1.0,5.0,69.0,-19.0,19.0,70.5,68.0,70.5,67.5,88,67.0,72.0,64.0,0.0522388059701492,0.2159090909090909,0,0,-0.2159090909090909,0,0,5072.49,0.0197947540314349,0.0,1.0,0.0,0.0
ffe5xhmq,twrkr7hz,a5f35780-eeec-48f3-bd11-2a02633bc450,14a8161a-9d15-4590-8e4a-d60fa690d14e,1,ghp,5,5777.0,2600.0,,,3595.0,22.0,5687.0,0.75,3.0,-0.45,1,1,20.0,1.0,0.0,1,1,1,1,1.0,0.0,1.0,5.0,69.0,-19.0,19.0,70.5,68.0,70.5,67.5,88,67.0,72.0,64.0,0.0522388059701492,0.2159090909090909,0,0,-0.2159090909090909,0,0,5531.0,0.0197947540314349,0.0,1.0,0.0,0.0
ffe5xhmq,hk3teh8u,a5f35780-eeec-48f3-bd11-2a02633bc450,6a27507f-b151-4a9f-b11f-d433b22aeb62,1,ghp,5,5073.0,3800.0,,,4535.01,9.0,4943.0,0.4166666666666667,8.0,0.3833333333333333,3,1,23.0,1.0,0.0,0,1,1,1,0.0,2.0,-2.0,5.0,69.0,-19.0,19.0,70.5,68.0,70.5,67.5,88,67.0,72.0,64.0,0.0522388059701492,0.2159090909090909,0,0,-0.2159090909090909,0,0,5327.01,0.0197947540314349,0.5,0.5,0.0,0.0
ffe5xhmq,6kvq85km,17f3bde5-9e00-47d0-8909-b138b266b325,c5382ee4-bd5b-45e4-8232-55a805c489d8,0,ng,5,5884.0,2600.0,,,3739.5,20.0,5744.0,0.8333333333333334,6.0,-0.2333333333333334,1,0,32.0,1.0,0.0,1,0,0,1,0.0,1.0,-1.0,5.0,89.6,1.6,1.6,88.5,90.5,90.5,88.5,88,90.5,95.0,70.0,-0.0220994475138122,0.0181818181818181,0,0,0.0181818181818181,0,0,5499.5,0.0155184731577873,0.0,0.5,0.5,0.0
ffe5xhmq,7dpcven3,17f3bde5-9e00-47d0-8909-b138b266b325,8097813e-2f6f-40a4-be05-70c6d8d3bca7,0,ng,5,5168.0,3800.0,,,4317.0,12.0,5088.0,0.5,0.0,-0.5,2,0,26.0,0.0,0.0,1,0,0,1,1.0,0.0,1.0,5.0,89.6,1.6,1.6,88.5,90.5,90.5,88.5,88,90.5,95.0,70.0,-0.0220994475138122,0.0181818181818181,0,0,0.0181818181818181,0,0,5373.0,0.0155184731577873,0.0,0.0,0.0,1.0
ffe5xhmq,2mz5up3e,17f3bde5-9e00-47d0-8909-b138b266b325,121ddd6b-3999-4e05-a2b3-d80bdfc8efba,0,ng,5,5955.0,2600.0,,,3702.5,22.0,5815.0,0.8333333333333334,3.0,-0.5333333333333334,1,0,25.0,0.0,0.0,1,0,0,1,0.0,2.0,-2.0,5.0,89.6,1.6,1.6,88.5,90.5,90.5,88.5,88,90.5,95.0,70.0,-0.0220994475138122,0.0181818181818181,0,0,0.0181818181818181,0,0,5638.5,0.0155184731577873,1.0,0.0,0.0,0.0
ffe5xhmq,keffe6of,17f3bde5-9e00-47d0-8909-b138b266b325,6eb3648e-8876-4d12-96eb-7269067415d5,0,ng,5,4719.0,3800.0,,,4252.0,11.0,4639.0,0.6666666666666666,3.0,-0.3666666666666666,3,0,40.0,0.0,0.0,1,0,0,1,2.0,0.0,2.0,5.0,89.6,1.6,1.6,88.5,90.5,90.5,88.5,88,90.5,95.0,70.0,-0.0220994475138122,0.0181818181818181,0,0,0.0181818181818181,0,0,5220.0,0.0155184731577873,0.0,0.0,1.0,0.0
ffe5xhmq,quvmw080,17f3bde5-9e00-47d0-8909-b138b266b325,1fee9bd8-a0b5-414d-b996-84be8a4a131f,0,ng,5,5573.0,2600.0,,,3577.5,23.0,5503.0,0.5833333333333334,10.0,0.4166666666666666,6,1,21.0,0.0,0.0,1,0,0,1,2.0,0.0,2.0,5.0,89.6,1.6,1.6,88.5,90.5,90.5,88.5,88,90.5,95.0,70.0,-0.0220994475138122,0.0181818181818181,0,0,0.0181818181818181,0,0,5601.5,0.0155184731577873,0.0,0.0,0.0,1.0
ffe5xhmq,zmzx9bpp,17f3bde5-9e00-47d0-8909-b138b266b325,e4da5453-0e94-4ba4-b1bb-3b711e2a2c8d,0,ng,5,5011.0,3800.0,,,4887.5,5.0,4901.0,0.9166666666666666,7.0,-0.2166666666666666,1,0,31.0,1.0,0.0,1,0,0,1,0.0,2.0,-2.0,5.0,89.6,1.6,1.6,88.5,90.5,90.5,88.5,88,90.5,95.0,70.0,-0.0220994475138122,0.0181818181818181,0,0,0.0181818181818181,0,0,5327.5,0.0155184731577873,0.0,1.0,0.0,0.0
ffe5xhmq,viseix7p,a5f35780-eeec-48f3-bd11-2a02633bc450,3f3f926c-76bd-44db-b2dc-3e8e8ddbccb6,1,ghp,6,4068.0,2600.0,3950.0,3.0,3893.01,19.0,3958.0,0.75,0.0,-0.75,1,0,18.0,0.0,0.0,1,1,1,1,1.0,0.0,1.0,5.0,64.774,-15.226000000000004,15.226000000000004,64.0,65.0,65.0,64.0,80,70.5,67.0,61.0,-0.0921985815602837,0.190325,0,0,-0.190325,0,0,5413.01,0.0182913077851287,0.0,0.0,1.0,0.0
ffe5xhmq,qhz5zte3,a5f35780-eeec-48f3-bd11-2a02633bc450,7263bda7-ce07-4527-829d-593539f9496a,1,ghp,6,5491.0,3800.0,0.0,0.0,4625.37,9.0,5381.0,0.75,0.0,-0.75,2,1,18.0,0.0,0.0,1,1,1,1,0.0,3.0,-3.0,5.0,64.774,-15.226000000000004,15.226000000000004,64.0,65.0,65.0,64.0,80,70.5,67.0,61.0,-0.0921985815602837,0.190325,0,0,-0.190325,0,0,5345.37,0.0182913077851287,0.0,0.0,1.0,0.0
ffe5xhmq,kmcc2p31,a5f35780-eeec-48f3-bd11-2a02633bc450,d896d1d1-903a-4faf-af2e-bda1e25a47cc,1,ghp,6,6177.0,2600.0,60.0,5.0,3293.12,28.0,5957.0,1.0,7.0,-0.3,1,0,39.0,0.0,1.0,1,1,1,1,4.0,0.0,4.0,5.0,64.774,-15.226000000000004,15.226000000000004,64.0,65.0,65.0,64.0,80,70.5,67.0,61.0,-0.0921985815602837,0.190325,0,0,-0.190325,0,0,5533.12,0.0182913077851287,0.0,0.0,1.0,0.0
ffe5xhmq,snooaw5j,a5f35780-eeec-48f3-bd11-2a02633bc450,b051dea2-10fd-492e-a16a-123e7f6bc6ac,1,ghp,6,5310.0,3800.0,62.0,4.0,4568.49,6.0,5110.0,1.0,6.0,-0.4,1,0,28.0,0.0,1.0,1,1,1,1,0.0,0.0,0.0,5.0,64.774,-15.226000000000004,15.226000000000004,64.0,65.0,65.0,64.0,80,70.5,67.0,61.0,-0.0921985815602837,0.190325,0,0,-0.190325,0,0,5048.49,0.0182913077851287,0.0,1.0,0.0,0.0
ffe5xhmq,twrkr7hz,a5f35780-eeec-48f3-bd11-2a02633bc450,14a8161a-9d15-4590-8e4a-d60fa690d14e,1,ghp,6,5777.0,2600.0,69.0,1.0,3683.0,23.0,5687.0,0.75,3.0,-0.45,1,1,20.0,1.0,0.0,1,1,1,1,0.0,0.0,0.0,5.0,64.774,-15.226000000000004,15.226000000000004,64.0,65.0,65.0,64.0,80,70.5,67.0,61.0,-0.0921985815602837,0.190325,0,0,-0.190325,0,0,5523.0,0.0182913077851287,0.0,1.0,0.0,0.0
ffe5xhmq,hk3teh8u,a5f35780-eeec-48f3-bd11-2a02633bc450,6a27507f-b151-4a9f-b11f-d433b22aeb62,1,ghp,6,5073.0,3800.0,61.0,4.0,4701.01,6.0,4943.0,0.4166666666666667,8.0,0.3833333333333333,3,1,23.0,1.0,0.0,0,1,1,1,0.0,2.0,-2.0,5.0,64.774,-15.226000000000004,15.226000000000004,64.0,65.0,65.0,64.0,80,70.5,67.0,61.0,-0.0921985815602837,0.190325,0,0,-0.190325,0,0,5181.01,0.0182913077851287,0.5,0.5,0.0,0.0
ffe5xhmq,6kvq85km,17f3bde5-9e00-47d0-8909-b138b266b325,c5382ee4-bd5b-45e4-8232-55a805c489d8,0,ng,6,5884.0,2600.0,70.0,3.0,3826.5,20.0,5744.0,0.8333333333333334,6.0,-0.2333333333333334,1,0,32.0,1.0,0.0,1,0,0,1,1.0,1.0,0.0,6.0,82.0,2.0,5.333333333333333,70.0,88.0,88.0,70.0,80,88.5,90.5,79.0,-0.2090395480225988,0.0666666666666666,0,0,0.025,0,0,5426.5,0.0129026955950032,0.0,0.5,0.5,0.0
ffe5xhmq,7dpcven3,17f3bde5-9e00-47d0-8909-b138b266b325,8097813e-2f6f-40a4-be05-70c6d8d3bca7,0,ng,6,5168.0,3800.0,70.0,3.0,4450.0,11.0,5088.0,0.5,0.0,-0.5,2,0,26.0,0.0,0.0,1,0,0,1,0.0,1.0,-1.0,6.0,82.0,2.0,5.333333333333333,70.0,88.0,88.0,70.0,80,88.5,90.5,79.0,-0.2090395480225988,0.0666666666666666,0,0,0.025,0,0,5330.0,0.0129026955950032,0.0,0.0,0.0,1.0
ffe5xhmq,2mz5up3e,17f3bde5-9e00-47d0-8909-b138b266b325,121ddd6b-3999-4e05-a2b3-d80bdfc8efba,0,ng,6,5955.0,2600.0,80.0,5.0,4028.5,19.0,5815.0,0.8333333333333334,3.0,-0.5333333333333334,1,0,25.0,0.0,0.0,1,0,0,1,0.0,3.0,-3.0,6.0,82.0,2.0,5.333333333333333,70.0,88.0,88.0,70.0,80,88.5,90.5,79.0,-0.2090395480225988,0.0666666666666666,0,0,0.025,0,0,5548.5,0.0129026955950032,1.0,0.0,0.0,0.0
ffe5xhmq,keffe6of,17f3bde5-9e00-47d0-8909-b138b266b325,6eb3648e-8876-4d12-96eb-7269067415d5,0,ng,6,4719.0,3800.0,0.0,0.0,4053.0,14.0,4639.0,0.6666666666666666,3.0,-0.3666666666666666,3,0,40.0,0.0,0.0,1,0,0,1,3.0,0.0,3.0,6.0,82.0,2.0,5.333333333333333,70.0,88.0,88.0,70.0,80,88.5,90.5,79.0,-0.2090395480225988,0.0666666666666666,0,0,0.025,0,0,5173.0,0.0129026955950032,0.0,0.0,1.0,0.0
ffe5xhmq,quvmw080,17f3bde5-9e00-47d0-8909-b138b266b325,1fee9bd8-a0b5-414d-b996-84be8a4a131f,0,ng,6,5573.0,2600.0,4050.0,1.0,3589.5,23.0,5503.0,0.5833333333333334,10.0,0.4166666666666666,6,1,21.0,0.0,0.0,1,0,0,1,1.0,0.0,1.0,6.0,82.0,2.0,5.333333333333333,70.0,88.0,88.0,70.0,80,88.5,90.5,79.0,-0.2090395480225988,0.0666666666666666,0,0,0.025,0,0,5429.5,0.0129026955950032,0.0,0.0,0.0,1.0
ffe5xhmq,zmzx9bpp,17f3bde5-9e00-47d0-8909-b138b266b325,e4da5453-0e94-4ba4-b1bb-3b711e2a2c8d,0,ng,6,5011.0,3800.0,60.0,4.0,4900.5,8.0,4901.0,0.9166666666666666,7.0,-0.2166666666666666,1,0,31.0,1.0,0.0,1,0,0,1,1.0,1.0,0.0,6.0,82.0,2.0,5.333333333333333,70.0,88.0,88.0,70.0,80,88.5,90.5,79.0,-0.2090395480225988,0.0666666666666666,0,0,0.025,0,0,5540.5,0.0129026955950032,0.0,1.0,0.0,0.0
ffe5xhmq,viseix7p,a5f35780-eeec-48f3-bd11-2a02633bc450,3f3f926c-76bd-44db-b2dc-3e8e8ddbccb6,1,ghp,7,4068.0,2600.0,,,4089.2,22.0,3958.0,0.75,0.0,-0.75,1,0,18.0,0.0,0.0,1,1,1,1,4.0,1.0,3.0,6.0,62.35166666666667,-9.648333333333332,9.648333333333332,61.0,62.63,63.82,61.0,72,64.0,70.5,53.0,-0.046875,0.1340046296296296,0,0,-0.1340046296296296,0,0,5673.2,0.0239059495192307,0.0,0.0,1.0,0.0
ffe5xhmq,qhz5zte3,a5f35780-eeec-48f3-bd11-2a02633bc450,7263bda7-ce07-4527-829d-593539f9496a,1,ghp,7,5491.0,3800.0,,,4866.84,9.0,5381.0,0.75,0.0,-0.75,2,1,18.0,0.0,0.0,1,1,1,1,1.0,2.0,-1.0,6.0,62.35166666666667,-9.648333333333332,9.648333333333332,61.0,62.63,63.82,61.0,72,64.0,70.5,53.0,-0.046875,0.1340046296296296,0,0,-0.1340046296296296,0,0,5514.84,0.0239059495192307,0.0,0.0,1.0,0.0
ffe5xhmq,kmcc2p31,a5f35780-eeec-48f3-bd11-2a02633bc450,d896d1d1-903a-4faf-af2e-bda1e25a47cc,1,ghp,7,6177.0,2600.0,,,3914.12,27.0,5957.0,1.0,7.0,-0.3,1,0,39.0,0.0,1.0,1,1,1,1,0.0,1.0,-1.0,6.0,62.35166666666667,-9.648333333333332,9.648333333333332,61.0,62.63,63.82,61.0,72,64.0,70.5,53.0,-0.046875,0.1340046296296296,0,0,-0.1340046296296296,0,0,5858.12,0.0239059495192307,0.0,0.0,1.0,0.0
ffe5xhmq,snooaw5j,a5f35780-eeec-48f3-bd11-2a02633bc450,b051dea2-10fd-492e-a16a-123e7f6bc6ac,1,ghp,7,5310.0,3800.0,,,4688.49,7.0,5110.0,1.0,6.0,-0.4,1,0,28.0,0.0,1.0,1,1,1,1,0.0,0.0,0.0,6.0,62.35166666666667,-9.648333333333332,9.648333333333332,61.0,62.63,63.82,61.0,72,64.0,70.5,53.0,-0.046875,0.1340046296296296,0,0,-0.1340046296296296,0,0,5192.49,0.0239059495192307,0.0,1.0,0.0,0.0
ffe5xhmq,twrkr7hz,a5f35780-eeec-48f3-bd11-2a02633bc450,14a8161a-9d15-4590-8e4a-d60fa690d14e,1,ghp,7,5777.0,2600.0,,,4079.18,23.0,5687.0,0.75,3.0,-0.45,1,1,20.0,1.0,0.0,1,1,1,1,1.0,0.0,1.0,6.0,62.35166666666667,-9.648333333333332,9.648333333333332,61.0,62.63,63.82,61.0,72,64.0,70.5,53.0,-0.046875,0.1340046296296296,0,0,-0.1340046296296296,0,0,5735.18,0.0239059495192307,0.0,1.0,0.0,0.0
ffe5xhmq,hk3teh8u,a5f35780-eeec-48f3-bd11-2a02633bc450,6a27507f-b151-4a9f-b11f-d433b22aeb62,1,ghp,7,5073.0,3800.0,,,4946.17,5.0,4943.0,0.4166666666666667,8.0,0.3833333333333333,3,1,23.0,1.0,0.0,0,1,1,1,0.0,2.0,-2.0,6.0,62.35166666666667,-9.648333333333332,9.648333333333332,61.0,62.63,63.82,61.0,72,64.0,70.5,53.0,-0.046875,0.1340046296296296,0,0,-0.1340046296296296,0,0,5306.17,0.0239059495192307,0.5,0.5,0.0,0.0
ffe5xhmq,6kvq85km,17f3bde5-9e00-47d0-8909-b138b266b325,c5382ee4-bd5b-45e4-8232-55a805c489d8,0,ng,7,5884.0,2600.0,,,4171.5,21.0,5744.0,0.8333333333333334,6.0,-0.2333333333333334,1,0,32.0,1.0,0.0,1,0,0,1,1.0,0.0,1.0,7.0,64.85714285714286,-7.142857142857143,10.0,79.0,58.0,79.0,55.0,72,70.0,88.5,60.0,0.1285714285714285,0.1388888888888889,0,0,-0.0992063492063491,0,0,5683.5,0.0146232781548965,0.0,0.5,0.5,0.0
ffe5xhmq,7dpcven3,17f3bde5-9e00-47d0-8909-b138b266b325,8097813e-2f6f-40a4-be05-70c6d8d3bca7,0,ng,7,5168.0,3800.0,,,4749.0,11.0,5088.0,0.5,0.0,-0.5,2,0,26.0,0.0,0.0,1,0,0,1,0.0,1.0,-1.0,7.0,64.85714285714286,-7.142857142857143,10.0,79.0,58.0,79.0,55.0,72,70.0,88.5,60.0,0.1285714285714285,0.1388888888888889,0,0,-0.0992063492063491,0,0,5541.0,0.0146232781548965,0.0,0.0,0.0,1.0
ffe5xhmq,2mz5up3e,17f3bde5-9e00-47d0-8909-b138b266b325,121ddd6b-3999-4e05-a2b3-d80bdfc8efba,0,ng,7,5955.0,2600.0,,,4231.5,22.0,5815.0,0.8333333333333334,3.0,-0.5333333333333334,1,0,25.0,0.0,0.0,1,0,0,1,3.0,0.0,3.0,7.0,64.85714285714286,-7.142857142857143,10.0,79.0,58.0,79.0,55.0,72,70.0,88.5,60.0,0.1285714285714285,0.1388888888888889,0,0,-0.0992063492063491,0,0,5815.5,0.0146232781548965,1.0,0.0,0.0,0.0
ffe5xhmq,keffe6of,17f3bde5-9e00-47d0-8909-b138b266b325,6eb3648e-8876-4d12-96eb-7269067415d5,0,ng,7,4719.0,3800.0,,,4333.0,15.0,4639.0,0.6666666666666666,3.0,-0.3666666666666666,3,0,40.0,0.0,0.0,1,0,0,1,0.0,0.0,0.0,7.0,64.85714285714286,-7.142857142857143,10.0,79.0,58.0,79.0,55.0,72,70.0,88.5,60.0,0.1285714285714285,0.1388888888888889,0,0,-0.0992063492063491,0,0,5413.0,0.0146232781548965,0.0,0.0,1.0,0.0
ffe5xhmq,quvmw080,17f3bde5-9e00-47d0-8909-b138b266b325,1fee9bd8-a0b5-414d-b996-84be8a4a131f,0,ng,7,5573.0,2600.0,,,3827.5,26.0,5503.0,0.5833333333333334,10.0,0.4166666666666666,6,1,21.0,0.0,0.0,1,0,0,1,3.0,0.0,3.0,7.0,64.85714285714286,-7.142857142857143,10.0,79.0,58.0,79.0,55.0,72,70.0,88.5,60.0,0.1285714285714285,0.1388888888888889,0,0,-0.0992063492063491,0,0,5699.5,0.0146232781548965,0.0,0.0,0.0,1.0
ffe5xhmq,zmzx9bpp,17f3bde5-9e00-47d0-8909-b138b266b325,e4da5453-0e94-4ba4-b1bb-3b711e2a2c8d,0,ng,7,5011.0,3800.0,,,5435.5,0.0,4901.0,0.9166666666666666,7.0,-0.2166666666666666,1,0,31.0,1.0,0.0,1,0,0,1,0.0,6.0,-6.0,7.0,64.85714285714286,-7.142857142857143,10.0,79.0,58.0,79.0,55.0,72,70.0,88.5,60.0,0.1285714285714285,0.1388888888888889,0,0,-0.0992063492063491,0,0,5435.5,0.0146232781548965,0.0,1.0,0.0,0.0
ffe5xhmq,viseix7p,a5f35780-eeec-48f3-bd11-2a02633bc450,3f3f926c-76bd-44db-b2dc-3e8e8ddbccb6,1,ghp,8,4068.0,2600.0,,,4066.21,24.0,3958.0,0.75,0.0,-0.75,1,0,18.0,0.0,0.0,1,1,1,1,2.0,0.0,2.0,3.0,55.99666666666667,-8.003333333333332,8.003333333333332,53.0,57.99,57.99,53.0,64,61.0,64.0,47.0,-0.1311475409836066,0.1250520833333333,0,0,-0.1250520833333332,0,0,5602.21,0.0238983274469208,0.0,0.0,1.0,0.0
ffe5xhmq,qhz5zte3,a5f35780-eeec-48f3-bd11-2a02633bc450,7263bda7-ce07-4527-829d-593539f9496a,1,ghp,8,5491.0,3800.0,,,4959.84,7.0,5381.0,0.75,0.0,-0.75,2,1,18.0,0.0,0.0,1,1,1,1,0.0,1.0,-1.0,3.0,55.99666666666667,-8.003333333333332,8.003333333333332,53.0,57.99,57.99,53.0,64,61.0,64.0,47.0,-0.1311475409836066,0.1250520833333333,0,0,-0.1250520833333332,0,0,5407.84,0.0238983274469208,0.0,0.0,1.0,0.0
ffe5xhmq,kmcc2p31,a5f35780-eeec-48f3-bd11-2a02633bc450,d896d1d1-903a-4faf-af2e-bda1e25a47cc,1,ghp,8,6177.0,2600.0,,,4080.11,26.0,5957.0,1.0,7.0,-0.3,1,0,39.0,0.0,1.0,1,1,1,1,0.0,1.0,-1.0,3.0,55.99666666666667,-8.003333333333332,8.003333333333332,53.0,57.99,57.99,53.0,64,61.0,64.0,47.0,-0.1311475409836066,0.1250520833333333,0,0,-0.1250520833333332,0,0,5744.110000000001,0.0238983274469208,0.0,0.0,1.0,0.0
ffe5xhmq,snooaw5j,a5f35780-eeec-48f3-bd11-2a02633bc450,b051dea2-10fd-492e-a16a-123e7f6bc6ac,1,ghp,8,5310.0,3800.0,,,4769.49,5.0,5110.0,1.0,6.0,-0.4,1,0,28.0,0.0,1.0,1,1,1,1,0.0,1.0,-1.0,3.0,55.99666666666667,-8.003333333333332,8.003333333333332,53.0,57.99,57.99,53.0,64,61.0,64.0,47.0,-0.1311475409836066,0.1250520833333333,0,0,-0.1250520833333332,0,0,5089.49,0.0238983274469208,0.0,1.0,0.0,0.0
ffe5xhmq,twrkr7hz,a5f35780-eeec-48f3-bd11-2a02633bc450,14a8161a-9d15-4590-8e4a-d60fa690d14e,1,ghp,8,5777.0,2600.0,,,4171.18,24.0,5687.0,0.75,3.0,-0.45,1,1,20.0,1.0,0.0,1,1,1,1,0.0,0.0,0.0,3.0,55.99666666666667,-8.003333333333332,8.003333333333332,53.0,57.99,57.99,53.0,64,61.0,64.0,47.0,-0.1311475409836066,0.1250520833333333,0,0,-0.1250520833333332,0,0,5707.18,0.0238983274469208,0.0,1.0,0.0,0.0
ffe5xhmq,hk3teh8u,a5f35780-eeec-48f3-bd11-2a02633bc450,6a27507f-b151-4a9f-b11f-d433b22aeb62,1,ghp,8,5073.0,3800.0,,,4909.17,6.0,4943.0,0.4166666666666667,8.0,0.3833333333333333,3,1,23.0,1.0,0.0,0,1,1,1,1.0,0.0,1.0,3.0,55.99666666666667,-8.003333333333332,8.003333333333332,53.0,57.99,57.99,53.0,64,61.0,64.0,47.0,-0.1311475409836066,0.1250520833333333,0,0,-0.1250520833333332,0,0,5293.17,0.0238983274469208,0.5,0.5,0.0,0.0
ffe5xhmq,6kvq85km,17f3bde5-9e00-47d0-8909-b138b266b325,c5382ee4-bd5b-45e4-8232-55a805c489d8,0,ng,8,5884.0,2600.0,,,4376.5,19.0,5744.0,0.8333333333333334,6.0,-0.2333333333333334,1,0,32.0,1.0,0.0,1,0,0,1,0.0,2.0,-2.0,6.0,75.0,11.0,13.333333333333334,60.0,79.0,90.0,60.0,64,79.0,70.0,60.0,-0.240506329113924,0.2083333333333333,0,0,0.171875,0,0,5592.5,0.0168186545076393,0.0,0.5,0.5,0.0
ffe5xhmq,7dpcven3,17f3bde5-9e00-47d0-8909-b138b266b325,8097813e-2f6f-40a4-be05-70c6d8d3bca7,0,ng,8,5168.0,3800.0,,,4872.0,8.0,5088.0,0.5,0.0,-0.5,2,0,26.0,0.0,0.0,1,0,0,1,0.0,1.0,-1.0,6.0,75.0,11.0,13.333333333333334,60.0,79.0,90.0,60.0,64,79.0,70.0,60.0,-0.240506329113924,0.2083333333333333,0,0,0.171875,0,0,5384.0,0.0168186545076393,0.0,0.0,0.0,1.0
ffe5xhmq,2mz5up3e,17f3bde5-9e00-47d0-8909-b138b266b325,121ddd6b-3999-4e05-a2b3-d80bdfc8efba,0,ng,8,5955.0,2600.0,,,4319.5,24.0,5815.0,0.8333333333333334,3.0,-0.5333333333333334,1,0,25.0,0.0,0.0,1,0,0,1,0.0,0.0,0.0,6.0,75.0,11.0,13.333333333333334,60.0,79.0,90.0,60.0,64,79.0,70.0,60.0,-0.240506329113924,0.2083333333333333,0,0,0.171875,0,0,5855.5,0.0168186545076393,1.0,0.0,0.0,0.0
ffe5xhmq,keffe6of,17f3bde5-9e00-47d0-8909-b138b266b325,6eb3648e-8876-4d12-96eb-7269067415d5,0,ng,8,4719.0,3800.0,,,4483.0,13.0,4639.0,0.6666666666666666,3.0,-0.3666666666666666,3,0,40.0,0.0,0.0,1,0,0,1,0.0,1.0,-1.0,6.0,75.0,11.0,13.333333333333334,60.0,79.0,90.0,60.0,64,79.0,70.0,60.0,-0.240506329113924,0.2083333333333333,0,0,0.171875,0,0,5315.0,0.0168186545076393,0.0,0.0,1.0,0.0
ffe5xhmq,quvmw080,17f3bde5-9e00-47d0-8909-b138b266b325,1fee9bd8-a0b5-414d-b996-84be8a4a131f,0,ng,8,5573.0,2600.0,,,3602.5,31.0,5503.0,0.5833333333333334,10.0,0.4166666666666666,6,1,21.0,0.0,0.0,1,0,0,1,4.0,0.0,4.0,6.0,75.0,11.0,13.333333333333334,60.0,79.0,90.0,60.0,64,79.0,70.0,60.0,-0.240506329113924,0.2083333333333333,0,0,0.171875,0,0,5586.5,0.0168186545076393,0.0,0.0,0.0,1.0
ffe5xhmq,zmzx9bpp,17f3bde5-9e00-47d0-8909-b138b266b325,e4da5453-0e94-4ba4-b1bb-3b711e2a2c8d,0,ng,8,5011.0,3800.0,,,5474.5,2.0,4901.0,0.9166666666666666,7.0,-0.2166666666666666,1,0,31.0,1.0,0.0,1,0,0,1,2.0,2.0,0.0,6.0,75.0,11.0,13.333333333333334,60.0,79.0,90.0,60.0,64,79.0,70.0,60.0,-0.240506329113924,0.2083333333333333,0,0,0.171875,0,0,5602.5,0.0168186545076393,0.0,1.0,0.0,0.0
ffe5xhmq,viseix7p,a5f35780-eeec-48f3-bd11-2a02633bc450,3f3f926c-76bd-44db-b2dc-3e8e8ddbccb6,1,ghp,9,4068.0,2600.0,20.0,3.0,4500.21,26.0,3958.0,0.75,0.0,-0.75,1,0,18.0,0.0,0.0,1,1,1,1,1.0,0.0,1.0,6.0,45.666666666666664,-10.333333333333334,10.333333333333334,47.0,45.0,47.0,45.0,56,53.0,61.0,42.0,-0.1132075471698113,0.1845238095238095,0,0,-0.1845238095238095,0,0,5956.21,0.0373841104748548,0.0,0.0,1.0,0.0
ffe5xhmq,qhz5zte3,a5f35780-eeec-48f3-bd11-2a02633bc450,7263bda7-ce07-4527-829d-593539f9496a,1,ghp,9,5491.0,3800.0,45.0,3.0,5054.84,11.0,5381.0,0.75,0.0,-0.75,2,1,18.0,0.0,0.0,1,1,1,1,1.0,0.0,1.0,6.0,45.666666666666664,-10.333333333333334,10.333333333333334,47.0,45.0,47.0,45.0,56,53.0,61.0,42.0,-0.1132075471698113,0.1845238095238095,0,0,-0.1845238095238095,0,0,5670.84,0.0373841104748548,0.0,0.0,1.0,0.0
ffe5xhmq,kmcc2p31,a5f35780-eeec-48f3-bd11-2a02633bc450,d896d1d1-903a-4faf-af2e-bda1e25a47cc,1,ghp,9,6177.0,2600.0,41.0,4.0,4417.11,31.0,5957.0,1.0,7.0,-0.3,1,0,39.0,0.0,1.0,1,1,1,1,4.0,0.0,4.0,6.0,45.666666666666664,-10.333333333333334,10.333333333333334,47.0,45.0,47.0,45.0,56,53.0,61.0,42.0,-0.1132075471698113,0.1845238095238095,0,0,-0.1845238095238095,0,0,6153.11,0.0373841104748548,0.0,0.0,1.0,0.0
ffe5xhmq,snooaw5j,a5f35780-eeec-48f3-bd11-2a02633bc450,b051dea2-10fd-492e-a16a-123e7f6bc6ac,1,ghp,9,5310.0,3800.0,40.0,4.0,4914.49,4.0,5110.0,1.0,6.0,-0.4,1,0,28.0,0.0,1.0,1,1,1,1,0.0,1.0,-1.0,6.0,45.666666666666664,-10.333333333333334,10.333333333333334,47.0,45.0,47.0,45.0,56,53.0,61.0,42.0,-0.1132075471698113,0.1845238095238095,0,0,-0.1845238095238095,0,0,5138.49,0.0373841104748548,0.0,1.0,0.0,0.0
ffe5xhmq,twrkr7hz,a5f35780-eeec-48f3-bd11-2a02633bc450,14a8161a-9d15-4590-8e4a-d60fa690d14e,1,ghp,9,5777.0,2600.0,45.0,1.0,4697.18,24.0,5687.0,0.75,3.0,-0.45,1,1,20.0,1.0,0.0,1,1,1,1,0.0,1.0,-1.0,6.0,45.666666666666664,-10.333333333333334,10.333333333333334,47.0,45.0,47.0,45.0,56,53.0,61.0,42.0,-0.1132075471698113,0.1845238095238095,0,0,-0.1845238095238095,0,0,6041.18,0.0373841104748548,0.0,1.0,0.0,0.0
ffe5xhmq,hk3teh8u,a5f35780-eeec-48f3-bd11-2a02633bc450,6a27507f-b151-4a9f-b11f-d433b22aeb62,1,ghp,9,5073.0,3800.0,40.0,4.0,5212.17,1.0,4943.0,0.4166666666666667,8.0,0.3833333333333333,3,1,23.0,1.0,0.0,0,1,1,1,0.0,4.0,-4.0,6.0,45.666666666666664,-10.333333333333334,10.333333333333334,47.0,45.0,47.0,45.0,56,53.0,61.0,42.0,-0.1132075471698113,0.1845238095238095,0,0,-0.1845238095238095,0,0,5268.17,0.0373841104748548,0.5,0.5,0.0,0.0
ffe5xhmq,6kvq85km,17f3bde5-9e00-47d0-8909-b138b266b325,c5382ee4-bd5b-45e4-8232-55a805c489d8,0,ng,9,5884.0,2600.0,48.0,3.0,4880.5,19.0,5744.0,0.8333333333333334,6.0,-0.2333333333333334,1,0,32.0,1.0,0.0,1,0,0,1,0.0,2.0,-2.0,4.0,62.25,6.25,6.25,60.0,65.0,65.0,60.0,56,60.0,79.0,48.0,0.0,0.1116071428571428,0,0,0.1116071428571428,0,0,5944.5,0.0207635116915135,0.0,0.5,0.5,0.0
ffe5xhmq,7dpcven3,17f3bde5-9e00-47d0-8909-b138b266b325,8097813e-2f6f-40a4-be05-70c6d8d3bca7,0,ng,9,5168.0,3800.0,70.0,3.0,5032.0,9.0,5088.0,0.5,0.0,-0.5,2,0,26.0,0.0,0.0,1,0,0,1,0.0,0.0,0.0,4.0,62.25,6.25,6.25,60.0,65.0,65.0,60.0,56,60.0,79.0,48.0,0.0,0.1116071428571428,0,0,0.1116071428571428,0,0,5536.0,0.0207635116915135,0.0,0.0,0.0,1.0
ffe5xhmq,2mz5up3e,17f3bde5-9e00-47d0-8909-b138b266b325,121ddd6b-3999-4e05-a2b3-d80bdfc8efba,0,ng,9,5955.0,2600.0,60.0,4.0,4864.5,22.0,5815.0,0.8333333333333334,3.0,-0.5333333333333334,1,0,25.0,0.0,0.0,1,0,0,1,0.0,1.0,-1.0,4.0,62.25,6.25,6.25,60.0,65.0,65.0,60.0,56,60.0,79.0,48.0,0.0,0.1116071428571428,0,0,0.1116071428571428,0,0,6096.5,0.0207635116915135,1.0,0.0,0.0,0.0
ffe5xhmq,keffe6of,17f3bde5-9e00-47d0-8909-b138b266b325,6eb3648e-8876-4d12-96eb-7269067415d5,0,ng,9,4719.0,3800.0,3.0,1.0,4803.0,13.0,4639.0,0.6666666666666666,3.0,-0.3666666666666666,3,0,40.0,0.0,0.0,1,0,0,1,0.0,1.0,-1.0,4.0,62.25,6.25,6.25,60.0,65.0,65.0,60.0,56,60.0,79.0,48.0,0.0,0.1116071428571428,0,0,0.1116071428571428,0,0,5531.0,0.0207635116915135,0.0,0.0,1.0,0.0
ffe5xhmq,quvmw080,17f3bde5-9e00-47d0-8909-b138b266b325,1fee9bd8-a0b5-414d-b996-84be8a4a131f,0,ng,9,5573.0,2600.0,4033.0,1.0,4033.5,33.0,5503.0,0.5833333333333334,10.0,0.4166666666666666,6,1,21.0,0.0,0.0,1,0,0,1,3.0,0.0,3.0,4.0,62.25,6.25,6.25,60.0,65.0,65.0,60.0,56,60.0,79.0,48.0,0.0,0.1116071428571428,0,0,0.1116071428571428,0,0,5881.5,0.0207635116915135,0.0,0.0,0.0,1.0
ffe5xhmq,zmzx9bpp,17f3bde5-9e00-47d0-8909-b138b266b325,e4da5453-0e94-4ba4-b1bb-3b711e2a2c8d,0,ng,9,5011.0,3800.0,38.0,4.0,5454.5,3.0,4901.0,0.9166666666666666,7.0,-0.2166666666666666,1,0,31.0,1.0,0.0,1,0,0,1,1.0,0.0,1.0,4.0,62.25,6.25,6.25,60.0,65.0,65.0,60.0,56,60.0,79.0,48.0,0.0,0.1116071428571428,0,0,0.1116071428571428,0,0,5622.5,0.0207635116915135,0.0,1.0,0.0,0.0
ffe5xhmq,viseix7p,a5f35780-eeec-48f3-bd11-2a02633bc450,3f3f926c-76bd-44db-b2dc-3e8e8ddbccb6,1,ghp,10,4068.0,2600.0,,,4457.21,27.0,3958.0,0.75,0.0,-0.75,1,0,18.0,0.0,0.0,1,1,1,1,2.0,1.0,1.0,7.0,44.57142857142857,-3.4285714285714284,3.4285714285714284,42.0,46.5,46.5,42.0,48,47.0,53.0,38.7,-0.1063829787234043,0.0714285714285714,0,0,-0.0714285714285714,0,0,5753.21,0.027683704149128,0.0,0.0,1.0,0.0
ffe5xhmq,qhz5zte3,a5f35780-eeec-48f3-bd11-2a02633bc450,7263bda7-ce07-4527-829d-593539f9496a,1,ghp,10,5491.0,3800.0,,,4832.34,13.0,5381.0,0.75,0.0,-0.75,2,1,18.0,0.0,0.0,1,1,1,1,5.0,0.0,5.0,7.0,44.57142857142857,-3.4285714285714284,3.4285714285714284,42.0,46.5,46.5,42.0,48,47.0,53.0,38.7,-0.1063829787234043,0.0714285714285714,0,0,-0.0714285714285714,0,0,5456.34,0.027683704149128,0.0,0.0,1.0,0.0
ffe5xhmq,kmcc2p31,a5f35780-eeec-48f3-bd11-2a02633bc450,d896d1d1-903a-4faf-af2e-bda1e25a47cc,1,ghp,10,6177.0,2600.0,,,4637.61,26.0,5957.0,1.0,7.0,-0.3,1,0,39.0,0.0,1.0,1,1,1,1,0.0,5.0,-5.0,7.0,44.57142857142857,-3.4285714285714284,3.4285714285714284,42.0,46.5,46.5,42.0,48,47.0,53.0,38.7,-0.1063829787234043,0.0714285714285714,0,0,-0.0714285714285714,0,0,5885.61,0.027683704149128,0.0,0.0,1.0,0.0
ffe5xhmq,snooaw5j,a5f35780-eeec-48f3-bd11-2a02633bc450,b051dea2-10fd-492e-a16a-123e7f6bc6ac,1,ghp,10,5310.0,3800.0,,,4914.49,4.0,5110.0,1.0,6.0,-0.4,1,0,28.0,0.0,1.0,1,1,1,1,0.0,0.0,0.0,7.0,44.57142857142857,-3.4285714285714284,3.4285714285714284,42.0,46.5,46.5,42.0,48,47.0,53.0,38.7,-0.1063829787234043,0.0714285714285714,0,0,-0.0714285714285714,0,0,5106.49,0.027683704149128,0.0,1.0,0.0,0.0
ffe5xhmq,twrkr7hz,a5f35780-eeec-48f3-bd11-2a02633bc450,14a8161a-9d15-4590-8e4a-d60fa690d14e,1,ghp,10,5777.0,2600.0,,,4742.18,21.0,5687.0,0.75,3.0,-0.45,1,1,20.0,1.0,0.0,1,1,1,1,0.0,1.0,-1.0,7.0,44.57142857142857,-3.4285714285714284,3.4285714285714284,42.0,46.5,46.5,42.0,48,47.0,53.0,38.7,-0.1063829787234043,0.0714285714285714,0,0,-0.0714285714285714,0,0,5750.18,0.027683704149128,0.0,1.0,0.0,0.0
ffe5xhmq,hk3teh8u,a5f35780-eeec-48f3-bd11-2a02633bc450,6a27507f-b151-4a9f-b11f-d433b22aeb62,1,ghp,10,5073.0,3800.0,,,5212.17,2.0,4943.0,0.4166666666666667,8.0,0.3833333333333333,3,1,23.0,1.0,0.0,0,1,1,1,0.0,0.0,0.0,7.0,44.57142857142857,-3.4285714285714284,3.4285714285714284,42.0,46.5,46.5,42.0,48,47.0,53.0,38.7,-0.1063829787234043,0.0714285714285714,0,0,-0.0714285714285714,0,0,5308.17,0.027683704149128,0.5,0.5,0.0,0.0
ffe5xhmq,6kvq85km,17f3bde5-9e00-47d0-8909-b138b266b325,c5382ee4-bd5b-45e4-8232-55a805c489d8,0,ng,10,5884.0,2600.0,,,4980.5,16.0,5744.0,0.8333333333333334,6.0,-0.2333333333333334,1,0,32.0,1.0,0.0,1,0,0,1,0.0,2.0,-2.0,5.0,49.1,1.1,1.1,48.0,50.0,50.0,48.0,48,60.0,60.0,45.0,-0.1999999999999999,0.0229166666666666,0,0,0.0229166666666666,0,0,5748.5,0.0154911366417939,0.0,0.5,0.5,0.0
ffe5xhmq,7dpcven3,17f3bde5-9e00-47d0-8909-b138b266b325,8097813e-2f6f-40a4-be05-70c6d8d3bca7,0,ng,10,5168.0,3800.0,,,5032.5,8.0,5088.0,0.5,0.0,-0.5,2,0,26.0,0.0,0.0,1,0,0,1,1.0,1.0,0.0,5.0,49.1,1.1,1.1,48.0,50.0,50.0,48.0,48,60.0,60.0,45.0,-0.1999999999999999,0.0229166666666666,0,0,0.0229166666666666,0,0,5416.5,0.0154911366417939,0.0,0.0,0.0,1.0
ffe5xhmq,2mz5up3e,17f3bde5-9e00-47d0-8909-b138b266b325,121ddd6b-3999-4e05-a2b3-d80bdfc8efba,0,ng,10,5955.0,2600.0,,,4864.5,21.0,5815.0,0.8333333333333334,3.0,-0.5333333333333334,1,0,25.0,0.0,0.0,1,0,0,1,0.0,0.0,0.0,5.0,49.1,1.1,1.1,48.0,50.0,50.0,48.0,48,60.0,60.0,45.0,-0.1999999999999999,0.0229166666666666,0,0,0.0229166666666666,0,0,5872.5,0.0154911366417939,1.0,0.0,0.0,0.0
ffe5xhmq,keffe6of,17f3bde5-9e00-47d0-8909-b138b266b325,6eb3648e-8876-4d12-96eb-7269067415d5,0,ng,10,4719.0,3800.0,,,4704.5,16.0,4639.0,0.6666666666666666,3.0,-0.3666666666666666,3,0,40.0,0.0,0.0,1,0,0,1,3.0,1.0,2.0,5.0,49.1,1.1,1.1,48.0,50.0,50.0,48.0,48,60.0,60.0,45.0,-0.1999999999999999,0.0229166666666666,0,0,0.0229166666666666,0,0,5472.5,0.0154911366417939,0.0,0.0,1.0,0.0
ffe5xhmq,quvmw080,17f3bde5-9e00-47d0-8909-b138b266b325,1fee9bd8-a0b5-414d-b996-84be8a4a131f,0,ng,10,5573.0,2600.0,,,4031.5,33.0,5503.0,0.5833333333333334,10.0,0.4166666666666666,6,1,21.0,0.0,0.0,1,0,0,1,1.0,1.0,0.0,5.0,49.1,1.1,1.1,48.0,50.0,50.0,48.0,48,60.0,60.0,45.0,-0.1999999999999999,0.0229166666666666,0,0,0.0229166666666666,0,0,5615.5,0.0154911366417939,0.0,0.0,0.0,1.0
ffe5xhmq,zmzx9bpp,17f3bde5-9e00-47d0-8909-b138b266b325,e4da5453-0e94-4ba4-b1bb-3b711e2a2c8d,0,ng,10,5011.0,3800.0,,,5454.5,4.0,4901.0,0.9166666666666666,7.0,-0.2166666666666666,1,0,31.0,1.0,0.0,1,0,0,1,0.0,0.0,0.0,5.0,49.1,1.1,1.1,48.0,50.0,50.0,48.0,48,60.0,60.0,45.0,-0.1999999999999999,0.0229166666666666,0,0,0.0229166666666666,0,0,5646.5,0.0154911366417939,0.0,1.0,0.0,0.0
ffe5xhmq,viseix7p,a5f35780-eeec-48f3-bd11-2a02633bc450,3f3f926c-76bd-44db-b2dc-3e8e8ddbccb6,1,ghp,11,4068.0,2600.0,,,4630.52,28.0,3958.0,0.75,0.0,-0.75,1,0,18.0,0.0,0.0,1,1,1,1,2.0,1.0,1.0,5.0,39.938,-0.061999999999999,1.658,38.7,42.0,42.0,37.0,40,42.0,47.0,30.0,-0.0785714285714285,0.04145,0,0,-0.0015499999999999,0,0,5750.52,0.0274233233233233,0.0,0.0,1.0,0.0
ffe5xhmq,qhz5zte3,a5f35780-eeec-48f3-bd11-2a02633bc450,7263bda7-ce07-4527-829d-593539f9496a,1,ghp,11,5491.0,3800.0,,,4853.34,16.0,5381.0,0.75,0.0,-0.75,2,1,18.0,0.0,0.0,1,1,1,1,2.0,0.0,2.0,5.0,39.938,-0.061999999999999,1.658,38.7,42.0,42.0,37.0,40,42.0,47.0,30.0,-0.0785714285714285,0.04145,0,0,-0.0015499999999999,0,0,5493.34,0.0274233233233233,0.0,0.0,1.0,0.0
ffe5xhmq,kmcc2p31,a5f35780-eeec-48f3-bd11-2a02633bc450,d896d1d1-903a-4faf-af2e-bda1e25a47cc,1,ghp,11,6177.0,2600.0,,,4808.61,27.0,5957.0,1.0,7.0,-0.3,1,0,39.0,0.0,1.0,1,1,1,1,1.0,0.0,1.0,5.0,39.938,-0.061999999999999,1.658,38.7,42.0,42.0,37.0,40,42.0,47.0,30.0,-0.0785714285714285,0.04145,0,0,-0.0015499999999999,0,0,5888.61,0.0274233233233233,0.0,0.0,1.0,0.0
ffe5xhmq,snooaw5j,a5f35780-eeec-48f3-bd11-2a02633bc450,b051dea2-10fd-492e-a16a-123e7f6bc6ac,1,ghp,11,5310.0,3800.0,,,5029.49,2.0,5110.0,1.0,6.0,-0.4,1,0,28.0,0.0,1.0,1,1,1,1,0.0,2.0,-2.0,5.0,39.938,-0.061999999999999,1.658,38.7,42.0,42.0,37.0,40,42.0,47.0,30.0,-0.0785714285714285,0.04145,0,0,-0.0015499999999999,0,0,5109.49,0.0274233233233233,0.0,1.0,0.0,0.0
ffe5xhmq,twrkr7hz,a5f35780-eeec-48f3-bd11-2a02633bc450,14a8161a-9d15-4590-8e4a-d60fa690d14e,1,ghp,11,5777.0,2600.0,,,4989.87,19.0,5687.0,0.75,3.0,-0.45,1,1,20.0,1.0,0.0,1,1,1,1,0.0,2.0,-2.0,5.0,39.938,-0.061999999999999,1.658,38.7,42.0,42.0,37.0,40,42.0,47.0,30.0,-0.0785714285714285,0.04145,0,0,-0.0015499999999999,0,0,5749.87,0.0274233233233233,0.0,1.0,0.0,0.0
ffe5xhmq,hk3teh8u,a5f35780-eeec-48f3-bd11-2a02633bc450,6a27507f-b151-4a9f-b11f-d433b22aeb62,1,ghp,11,5073.0,3800.0,,,5228.17,2.0,4943.0,0.4166666666666667,8.0,0.3833333333333333,3,1,23.0,1.0,0.0,0,1,1,1,0.0,0.0,0.0,5.0,39.938,-0.061999999999999,1.658,38.7,42.0,42.0,37.0,40,42.0,47.0,30.0,-0.0785714285714285,0.04145,0,0,-0.0015499999999999,0,0,5308.17,0.0274233233233233,0.5,0.5,0.0,0.0
ffe5xhmq,6kvq85km,17f3bde5-9e00-47d0-8909-b138b266b325,c5382ee4-bd5b-45e4-8232-55a805c489d8,0,ng,11,5884.0,2600.0,,,5193.5,14.0,5744.0,0.8333333333333334,6.0,-0.2333333333333334,1,0,32.0,1.0,0.0,1,0,0,1,0.0,2.0,-2.0,10.0,49.15,9.15,9.35,45.0,45.0,60.0,39.0,40,48.0,60.0,30.0,-0.0625,0.2337499999999999,0,0,0.2287499999999999,0,0,5753.5,0.0112287550770929,0.0,0.5,0.5,0.0
ffe5xhmq,7dpcven3,17f3bde5-9e00-47d0-8909-b138b266b325,8097813e-2f6f-40a4-be05-70c6d8d3bca7,0,ng,11,5168.0,3800.0,,,5112.5,10.0,5088.0,0.5,0.0,-0.5,2,0,26.0,0.0,0.0,1,0,0,1,1.0,1.0,0.0,10.0,49.15,9.15,9.35,45.0,45.0,60.0,39.0,40,48.0,60.0,30.0,-0.0625,0.2337499999999999,0,0,0.2287499999999999,0,0,5512.5,0.0112287550770929,0.0,0.0,0.0,1.0
ffe5xhmq,2mz5up3e,17f3bde5-9e00-47d0-8909-b138b266b325,121ddd6b-3999-4e05-a2b3-d80bdfc8efba,0,ng,11,5955.0,2600.0,,,4819.5,25.0,5815.0,0.8333333333333334,3.0,-0.5333333333333334,1,0,25.0,0.0,0.0,1,0,0,1,4.0,0.0,4.0,10.0,49.15,9.15,9.35,45.0,45.0,60.0,39.0,40,48.0,60.0,30.0,-0.0625,0.2337499999999999,0,0,0.2287499999999999,0,0,5819.5,0.0112287550770929,1.0,0.0,0.0,0.0
ffe5xhmq,keffe6of,17f3bde5-9e00-47d0-8909-b138b266b325,6eb3648e-8876-4d12-96eb-7269067415d5,0,ng,11,4719.0,3800.0,,,4960.5,14.0,4639.0,0.6666666666666666,3.0,-0.3666666666666666,3,0,40.0,0.0,0.0,1,0,0,1,2.0,4.0,-2.0,10.0,49.15,9.15,9.35,45.0,45.0,60.0,39.0,40,48.0,60.0,30.0,-0.0625,0.2337499999999999,0,0,0.2287499999999999,0,0,5520.5,0.0112287550770929,0.0,0.0,1.0,0.0
ffe5xhmq,quvmw080,17f3bde5-9e00-47d0-8909-b138b266b325,1fee9bd8-a0b5-414d-b996-84be8a4a131f,0,ng,11,5573.0,2600.0,,,4141.0,36.0,5503.0,0.5833333333333334,10.0,0.4166666666666666,6,1,21.0,0.0,0.0,1,0,0,1,3.0,0.0,3.0,10.0,49.15,9.15,9.35,45.0,45.0,60.0,39.0,40,48.0,60.0,30.0,-0.0625,0.2337499999999999,0,0,0.2287499999999999,0,0,5581.0,0.0112287550770929,0.0,0.0,0.0,1.0
ffe5xhmq,zmzx9bpp,17f3bde5-9e00-47d0-8909-b138b266b325,e4da5453-0e94-4ba4-b1bb-3b711e2a2c8d,0,ng,11,5011.0,3800.0,,,5625.0,0.0,4901.0,0.9166666666666666,7.0,-0.2166666666666666,1,0,31.0,1.0,0.0,1,0,0,1,0.0,3.0,-3.0,10.0,49.15,9.15,9.35,45.0,45.0,60.0,39.0,40,48.0,60.0,30.0,-0.0625,0.2337499999999999,0,0,0.2287499999999999,0,0,5625.0,0.0112287550770929,0.0,1.0,0.0,0.0
ffe5xhmq,viseix7p,a5f35780-eeec-48f3-bd11-2a02633bc450,3f3f926c-76bd-44db-b2dc-3e8e8ddbccb6,1,ghp,12,4068.0,2600.0,27.0,5.0,4855.52,27.0,3958.0,0.75,0.0,-0.75,1,0,18.0,0.0,0.0,1,1,1,1,1.0,1.0,0.0,10.0,31.4,-0.6,2.8,30.0,30.0,35.0,27.0,32,38.7,42.0,29.99,-0.2248062015503876,0.0875,0,0,-0.01875,0,0,5719.52,0.0281616319653387,0.0,0.0,1.0,0.0
ffe5xhmq,qhz5zte3,a5f35780-eeec-48f3-bd11-2a02633bc450,7263bda7-ce07-4527-829d-593539f9496a,1,ghp,12,5491.0,3800.0,30.0,3.0,4877.34,19.0,5381.0,0.75,0.0,-0.75,2,1,18.0,0.0,0.0,1,1,1,1,6.0,3.0,3.0,10.0,31.4,-0.6,2.8,30.0,30.0,35.0,27.0,32,38.7,42.0,29.99,-0.2248062015503876,0.0875,0,0,-0.01875,0,0,5485.34,0.0281616319653387,0.0,0.0,1.0,0.0
ffe5xhmq,kmcc2p31,a5f35780-eeec-48f3-bd11-2a02633bc450,d896d1d1-903a-4faf-af2e-bda1e25a47cc,1,ghp,12,6177.0,2600.0,24.0,4.0,4971.61,29.0,5957.0,1.0,7.0,-0.3,1,0,39.0,0.0,1.0,1,1,1,1,3.0,1.0,2.0,10.0,31.4,-0.6,2.8,30.0,30.0,35.0,27.0,32,38.7,42.0,29.99,-0.2248062015503876,0.0875,0,0,-0.01875,0,0,5899.61,0.0281616319653387,0.0,0.0,1.0,0.0
ffe5xhmq,snooaw5j,a5f35780-eeec-48f3-bd11-2a02633bc450,b051dea2-10fd-492e-a16a-123e7f6bc6ac,1,ghp,12,5310.0,3800.0,15.0,4.0,5110.49,0.0,5110.0,1.0,6.0,-0.4,1,0,28.0,0.0,1.0,1,1,1,1,0.0,2.0,-2.0,10.0,31.4,-0.6,2.8,30.0,30.0,35.0,27.0,32,38.7,42.0,29.99,-0.2248062015503876,0.0875,0,0,-0.01875,0,0,5110.49,0.0281616319653387,0.0,1.0,0.0,0.0
ffe5xhmq,twrkr7hz,a5f35780-eeec-48f3-bd11-2a02633bc450,14a8161a-9d15-4590-8e4a-d60fa690d14e,1,ghp,12,5777.0,2600.0,25.0,2.0,5205.87,17.0,5687.0,0.75,3.0,-0.45,1,1,20.0,1.0,0.0,1,1,1,1,0.0,2.0,-2.0,10.0,31.4,-0.6,2.8,30.0,30.0,35.0,27.0,32,38.7,42.0,29.99,-0.2248062015503876,0.0875,0,0,-0.01875,0,0,5749.87,0.0281616319653387,0.0,1.0,0.0,0.0
ffe5xhmq,hk3teh8u,a5f35780-eeec-48f3-bd11-2a02633bc450,6a27507f-b151-4a9f-b11f-d433b22aeb62,1,ghp,12,5073.0,3800.0,25.0,4.0,5271.17,0.0,4943.0,0.4166666666666667,8.0,0.3833333333333333,3,1,23.0,1.0,0.0,0,1,1,1,0.0,1.0,-1.0,10.0,31.4,-0.6,2.8,30.0,30.0,35.0,27.0,32,38.7,42.0,29.99,-0.2248062015503876,0.0875,0,0,-0.01875,0,0,5271.17,0.0281616319653387,0.5,0.5,0.0,0.0
ffe5xhmq,6kvq85km,17f3bde5-9e00-47d0-8909-b138b266b325,c5382ee4-bd5b-45e4-8232-55a805c489d8,0,ng,12,5884.0,2600.0,35.0,3.0,5428.0,11.0,5744.0,0.8333333333333334,6.0,-0.2333333333333334,1,0,32.0,1.0,0.0,1,0,0,1,0.0,3.0,-3.0,7.0,37.5,5.5,7.214285714285714,30.0,39.5,50.0,30.0,32,45.0,48.0,20.0,-0.3333333333333333,0.2254464285714285,0,0,0.171875,0,0,5780.0,0.0104154413206289,0.0,0.5,0.5,0.0
ffe5xhmq,7dpcven3,17f3bde5-9e00-47d0-8909-b138b266b325,8097813e-2f6f-40a4-be05-70c6d8d3bca7,0,ng,12,5168.0,3800.0,50.0,3.0,5153.0,11.0,5088.0,0.5,0.0,-0.5,2,0,26.0,0.0,0.0,1,0,0,1,1.0,0.0,1.0,7.0,37.5,5.5,7.214285714285714,30.0,39.5,50.0,30.0,32,45.0,48.0,20.0,-0.3333333333333333,0.2254464285714285,0,0,0.171875,0,0,5505.0,0.0104154413206289,0.0,0.0,0.0,1.0
ffe5xhmq,2mz5up3e,17f3bde5-9e00-47d0-8909-b138b266b325,121ddd6b-3999-4e05-a2b3-d80bdfc8efba,0,ng,12,5955.0,2600.0,0.0,0.0,5109.5,22.0,5815.0,0.8333333333333334,3.0,-0.5333333333333334,1,0,25.0,0.0,0.0,1,0,0,1,0.0,3.0,-3.0,7.0,37.5,5.5,7.214285714285714,30.0,39.5,50.0,30.0,32,45.0,48.0,20.0,-0.3333333333333333,0.2254464285714285,0,0,0.171875,0,0,5813.5,0.0104154413206289,1.0,0.0,0.0,0.0
ffe5xhmq,keffe6of,17f3bde5-9e00-47d0-8909-b138b266b325,6eb3648e-8876-4d12-96eb-7269067415d5,0,ng,12,4719.0,3800.0,2.0,1.0,4973.5,20.0,4639.0,0.6666666666666666,3.0,-0.3666666666666666,3,0,40.0,0.0,0.0,1,0,0,1,3.0,0.0,3.0,7.0,37.5,5.5,7.214285714285714,30.0,39.5,50.0,30.0,32,45.0,48.0,20.0,-0.3333333333333333,0.2254464285714285,0,0,0.171875,0,0,5613.5,0.0104154413206289,0.0,0.0,1.0,0.0
ffe5xhmq,quvmw080,17f3bde5-9e00-47d0-8909-b138b266b325,1fee9bd8-a0b5-414d-b996-84be8a4a131f,0,ng,12,5573.0,2600.0,4747.0,2.0,4435.0,39.0,5503.0,0.5833333333333334,10.0,0.4166666666666666,6,1,21.0,0.0,0.0,1,0,0,1,1.0,1.0,0.0,7.0,37.5,5.5,7.214285714285714,30.0,39.5,50.0,30.0,32,45.0,48.0,20.0,-0.3333333333333333,0.2254464285714285,0,0,0.171875,0,0,5683.0,0.0104154413206289,0.0,0.0,0.0,1.0
ffe5xhmq,zmzx9bpp,17f3bde5-9e00-47d0-8909-b138b266b325,e4da5453-0e94-4ba4-b1bb-3b711e2a2c8d,0,ng,12,5011.0,3800.0,22.0,5.0,5545.0,2.0,4901.0,0.9166666666666666,7.0,-0.2166666666666666,1,0,31.0,1.0,0.0,1,0,0,1,2.0,0.0,2.0,7.0,37.5,5.5,7.214285714285714,30.0,39.5,50.0,30.0,32,45.0,48.0,20.0,-0.3333333333333333,0.2254464285714285,0,0,0.171875,0,0,5609.0,0.0104154413206289,0.0,1.0,0.0,0.0
ffe5xhmq,viseix7p,a5f35780-eeec-48f3-bd11-2a02633bc450,3f3f926c-76bd-44db-b2dc-3e8e8ddbccb6,1,ghp,13,4068.0,2600.0,,,5011.530000000001,30.0,3958.0,0.75,0.0,-0.75,1,0,18.0,0.0,0.0,1,1,1,1,2.0,0.0,2.0,3.0,28.33,4.329999999999999,4.329999999999999,29.99,30.0,30.0,25.0,24,30.0,38.7,18.0,-0.0003333333333334,0.1804166666666666,0,0,0.1804166666666666,0,0,5731.530000000001,0.0291022713616151,0.0,0.0,1.0,0.0
ffe5xhmq,qhz5zte3,a5f35780-eeec-48f3-bd11-2a02633bc450,7263bda7-ce07-4527-829d-593539f9496a,1,ghp,13,5491.0,3800.0,,,5004.34,20.0,5381.0,0.75,0.0,-0.75,2,1,18.0,0.0,0.0,1,1,1,1,1.0,0.0,1.0,3.0,28.33,4.329999999999999,4.329999999999999,29.99,30.0,30.0,25.0,24,30.0,38.7,18.0,-0.0003333333333334,0.1804166666666666,0,0,0.1804166666666666,0,0,5484.34,0.0291022713616151,0.0,0.0,1.0,0.0
ffe5xhmq,kmcc2p31,a5f35780-eeec-48f3-bd11-2a02633bc450,d896d1d1-903a-4faf-af2e-bda1e25a47cc,1,ghp,13,6177.0,2600.0,,,5263.599999999999,28.0,5957.0,1.0,7.0,-0.3,1,0,39.0,0.0,1.0,1,1,1,1,0.0,2.0,-2.0,3.0,28.33,4.329999999999999,4.329999999999999,29.99,30.0,30.0,25.0,24,30.0,38.7,18.0,-0.0003333333333334,0.1804166666666666,0,0,0.1804166666666666,0,0,5935.599999999999,0.0291022713616151,0.0,0.0,1.0,0.0
ffe5xhmq,snooaw5j,a5f35780-eeec-48f3-bd11-2a02633bc450,b051dea2-10fd-492e-a16a-123e7f6bc6ac,1,ghp,13,5310.0,3800.0,,,5110.49,0.0,5110.0,1.0,6.0,-0.4,1,0,28.0,0.0,1.0,1,1,1,1,0.0,0.0,0.0,3.0,28.33,4.329999999999999,4.329999999999999,29.99,30.0,30.0,25.0,24,30.0,38.7,18.0,-0.0003333333333334,0.1804166666666666,0,0,0.1804166666666666,0,0,5110.49,0.0291022713616151,0.0,1.0,0.0,0.0
ffe5xhmq,twrkr7hz,a5f35780-eeec-48f3-bd11-2a02633bc450,14a8161a-9d15-4590-8e4a-d60fa690d14e,1,ghp,13,5777.0,2600.0,,,5366.87,16.0,5687.0,0.75,3.0,-0.45,1,1,20.0,1.0,0.0,1,1,1,1,0.0,1.0,-1.0,3.0,28.33,4.329999999999999,4.329999999999999,29.99,30.0,30.0,25.0,24,30.0,38.7,18.0,-0.0003333333333334,0.1804166666666666,0,0,0.1804166666666666,0,0,5750.87,0.0291022713616151,0.0,1.0,0.0,0.0
ffe5xhmq,hk3teh8u,a5f35780-eeec-48f3-bd11-2a02633bc450,6a27507f-b151-4a9f-b11f-d433b22aeb62,1,ghp,13,5073.0,3800.0,,,5271.17,0.0,4943.0,0.4166666666666667,8.0,0.3833333333333333,3,1,23.0,1.0,0.0,0,1,1,1,0.0,0.0,0.0,3.0,28.33,4.329999999999999,4.329999999999999,29.99,30.0,30.0,25.0,24,30.0,38.7,18.0,-0.0003333333333334,0.1804166666666666,0,0,0.1804166666666666,0,0,5271.17,0.0291022713616151,0.5,0.5,0.0,0.0
ffe5xhmq,6kvq85km,17f3bde5-9e00-47d0-8909-b138b266b325,c5382ee4-bd5b-45e4-8232-55a805c489d8,0,ng,13,5884.0,2600.0,,,5525.0,11.0,5744.0,0.8333333333333334,6.0,-0.2333333333333334,1,0,32.0,1.0,0.0,1,0,0,1,1.0,1.0,0.0,8.0,27.5625,3.5625,7.8125,20.0,50.0,50.0,15.0,24,30.0,45.0,10.0,-0.3333333333333333,0.3255208333333333,0,0,0.1484375,0,0,5789.0,0.0099427922103365,0.0,0.5,0.5,0.0
ffe5xhmq,7dpcven3,17f3bde5-9e00-47d0-8909-b138b266b325,8097813e-2f6f-40a4-be05-70c6d8d3bca7,0,ng,13,5168.0,3800.0,,,5191.0,17.0,5088.0,0.5,0.0,-0.5,2,0,26.0,0.0,0.0,1,0,0,1,1.0,0.0,1.0,8.0,27.5625,3.5625,7.8125,20.0,50.0,50.0,15.0,24,30.0,45.0,10.0,-0.3333333333333333,0.3255208333333333,0,0,0.1484375,0,0,5599.0,0.0099427922103365,0.0,0.0,0.0,1.0
ffe5xhmq,2mz5up3e,17f3bde5-9e00-47d0-8909-b138b266b325,121ddd6b-3999-4e05-a2b3-d80bdfc8efba,0,ng,13,5955.0,2600.0,,,5398.5,18.0,5815.0,0.8333333333333334,3.0,-0.5333333333333334,1,0,25.0,0.0,0.0,1,0,0,1,0.0,5.0,-5.0,8.0,27.5625,3.5625,7.8125,20.0,50.0,50.0,15.0,24,30.0,45.0,10.0,-0.3333333333333333,0.3255208333333333,0,0,0.1484375,0,0,5830.5,0.0099427922103365,1.0,0.0,0.0,0.0
ffe5xhmq,keffe6of,17f3bde5-9e00-47d0-8909-b138b266b325,6eb3648e-8876-4d12-96eb-7269067415d5,0,ng,13,4719.0,3800.0,,,5011.5,22.0,4639.0,0.6666666666666666,3.0,-0.3666666666666666,3,0,40.0,0.0,0.0,1,0,0,1,5.0,0.0,5.0,8.0,27.5625,3.5625,7.8125,20.0,50.0,50.0,15.0,24,30.0,45.0,10.0,-0.3333333333333333,0.3255208333333333,0,0,0.1484375,0,0,5539.5,0.0099427922103365,0.0,0.0,1.0,0.0
ffe5xhmq,quvmw080,17f3bde5-9e00-47d0-8909-b138b266b325,1fee9bd8-a0b5-414d-b996-84be8a4a131f,0,ng,13,5573.0,2600.0,,,4768.5,36.0,5503.0,0.5833333333333334,10.0,0.4166666666666666,6,1,21.0,0.0,0.0,1,0,0,1,1.0,1.0,0.0,8.0,27.5625,3.5625,7.8125,20.0,50.0,50.0,15.0,24,30.0,45.0,10.0,-0.3333333333333333,0.3255208333333333,0,0,0.1484375,0,0,5632.5,0.0099427922103365,0.0,0.0,0.0,1.0
ffe5xhmq,zmzx9bpp,17f3bde5-9e00-47d0-8909-b138b266b325,e4da5453-0e94-4ba4-b1bb-3b711e2a2c8d,0,ng,13,5011.0,3800.0,,,5589.5,2.0,4901.0,0.9166666666666666,7.0,-0.2166666666666666,1,0,31.0,1.0,0.0,1,0,0,1,0.0,1.0,-1.0,8.0,27.5625,3.5625,7.8125,20.0,50.0,50.0,15.0,24,30.0,45.0,10.0,-0.3333333333333333,0.3255208333333333,0,0,0.1484375,0,0,5637.5,0.0099427922103365,0.0,1.0,0.0,0.0
ffe5xhmq,viseix7p,a5f35780-eeec-48f3-bd11-2a02633bc450,3f3f926c-76bd-44db-b2dc-3e8e8ddbccb6,1,ghp,14,4068.0,2600.0,,,5168.150000000001,33.0,3958.0,0.75,0.0,-0.75,1,0,18.0,0.0,0.0,1,1,1,1,4.0,0.0,4.0,7.0,20.982857142857146,4.982857142857142,4.982857142857142,18.0,21.5,23.25,18.0,16,29.99,30.0,15.0,-0.3997999333111036,0.3114285714285714,0,0,0.3114285714285714,0,0,5696.150000000001,0.0297015015015014,0.0,0.0,1.0,0.0
ffe5xhmq,qhz5zte3,a5f35780-eeec-48f3-bd11-2a02633bc450,7263bda7-ce07-4527-829d-593539f9496a,1,ghp,14,5491.0,3800.0,,,5100.84,25.0,5381.0,0.75,0.0,-0.75,2,1,18.0,0.0,0.0,1,1,1,1,3.0,0.0,3.0,7.0,20.982857142857146,4.982857142857142,4.982857142857142,18.0,21.5,23.25,18.0,16,29.99,30.0,15.0,-0.3997999333111036,0.3114285714285714,0,0,0.3114285714285714,0,0,5500.84,0.0297015015015014,0.0,0.0,1.0,0.0
ffe5xhmq,kmcc2p31,a5f35780-eeec-48f3-bd11-2a02633bc450,d896d1d1-903a-4faf-af2e-bda1e25a47cc,1,ghp,14,6177.0,2600.0,,,5634.48,21.0,5957.0,1.0,7.0,-0.3,1,0,39.0,0.0,1.0,1,1,1,1,0.0,7.0,-7.0,7.0,20.982857142857146,4.982857142857142,4.982857142857142,18.0,21.5,23.25,18.0,16,29.99,30.0,15.0,-0.3997999333111036,0.3114285714285714,0,0,0.3114285714285714,0,0,5970.48,0.0297015015015014,0.0,0.0,1.0,0.0
ffe5xhmq,snooaw5j,a5f35780-eeec-48f3-bd11-2a02633bc450,b051dea2-10fd-492e-a16a-123e7f6bc6ac,1,ghp,14,5310.0,3800.0,,,5110.49,0.0,5110.0,1.0,6.0,-0.4,1,0,28.0,0.0,1.0,1,1,1,1,0.0,0.0,0.0,7.0,20.982857142857146,4.982857142857142,4.982857142857142,18.0,21.5,23.25,18.0,16,29.99,30.0,15.0,-0.3997999333111036,0.3114285714285714,0,0,0.3114285714285714,0,0,5110.49,0.0297015015015014,0.0,1.0,0.0,0.0
ffe5xhmq,twrkr7hz,a5f35780-eeec-48f3-bd11-2a02633bc450,14a8161a-9d15-4590-8e4a-d60fa690d14e,1,ghp,14,5777.0,2600.0,,,5494.87,16.0,5687.0,0.75,3.0,-0.45,1,1,20.0,1.0,0.0,1,1,1,1,0.0,0.0,0.0,7.0,20.982857142857146,4.982857142857142,4.982857142857142,18.0,21.5,23.25,18.0,16,29.99,30.0,15.0,-0.3997999333111036,0.3114285714285714,0,0,0.3114285714285714,0,0,5750.87,0.0297015015015014,0.0,1.0,0.0,0.0
ffe5xhmq,hk3teh8u,a5f35780-eeec-48f3-bd11-2a02633bc450,6a27507f-b151-4a9f-b11f-d433b22aeb62,1,ghp,14,5073.0,3800.0,,,5271.17,0.0,4943.0,0.4166666666666667,8.0,0.3833333333333333,3,1,23.0,1.0,0.0,0,1,1,1,0.0,0.0,0.0,7.0,20.982857142857146,4.982857142857142,4.982857142857142,18.0,21.5,23.25,18.0,16,29.99,30.0,15.0,-0.3997999333111036,0.3114285714285714,0,0,0.3114285714285714,0,0,5271.17,0.0297015015015014,0.5,0.5,0.0,0.0
ffe5xhmq,6kvq85km,17f3bde5-9e00-47d0-8909-b138b266b325,c5382ee4-bd5b-45e4-8232-55a805c489d8,0,ng,14,5884.0,2600.0,,,5619.0,11.0,5744.0,0.8333333333333334,6.0,-0.2333333333333334,1,0,32.0,1.0,0.0,1,0,0,1,1.0,1.0,0.0,7.0,14.571428571428571,-1.4285714285714286,3.7142857142857144,10.0,24.0,24.0,10.0,16,20.0,30.0,7.0,-0.5,0.2321428571428571,0,0,-0.0892857142857143,0,0,5795.0,0.0126152638807141,0.0,0.5,0.5,0.0
ffe5xhmq,7dpcven3,17f3bde5-9e00-47d0-8909-b138b266b325,8097813e-2f6f-40a4-be05-70c6d8d3bca7,0,ng,14,5168.0,3800.0,,,5327.0,12.0,5088.0,0.5,0.0,-0.5,2,0,26.0,0.0,0.0,1,0,0,1,0.0,0.0,0.0,7.0,14.571428571428571,-1.4285714285714286,3.7142857142857144,10.0,24.0,24.0,10.0,16,20.0,30.0,7.0,-0.5,0.2321428571428571,0,0,-0.0892857142857143,0,0,5519.0,0.0126152638807141,0.0,0.0,0.0,1.0
ffe5xhmq,2mz5up3e,17f3bde5-9e00-47d0-8909-b138b266b325,121ddd6b-3999-4e05-a2b3-d80bdfc8efba,0,ng,14,5955.0,2600.0,,,5628.5,14.0,5815.0,0.8333333333333334,3.0,-0.5333333333333334,1,0,25.0,0.0,0.0,1,0,0,1,0.0,6.0,-6.0,7.0,14.571428571428571,-1.4285714285714286,3.7142857142857144,10.0,24.0,24.0,10.0,16,20.0,30.0,7.0,-0.5,0.2321428571428571,0,0,-0.0892857142857143,0,0,5852.5,0.0126152638807141,1.0,0.0,0.0,0.0
ffe5xhmq,keffe6of,17f3bde5-9e00-47d0-8909-b138b266b325,6eb3648e-8876-4d12-96eb-7269067415d5,0,ng,14,4719.0,3800.0,,,5125.5,24.0,4639.0,0.6666666666666666,3.0,-0.3666666666666666,3,0,40.0,0.0,0.0,1,0,0,1,4.0,0.0,4.0,7.0,14.571428571428571,-1.4285714285714286,3.7142857142857144,10.0,24.0,24.0,10.0,16,20.0,30.0,7.0,-0.5,0.2321428571428571,0,0,-0.0892857142857143,0,0,5509.5,0.0126152638807141,0.0,0.0,1.0,0.0
ffe5xhmq,quvmw080,17f3bde5-9e00-47d0-8909-b138b266b325,1fee9bd8-a0b5-414d-b996-84be8a4a131f,0,ng,14,5573.0,2600.0,,,5026.5,40.0,5503.0,0.5833333333333334,10.0,0.4166666666666666,6,1,21.0,0.0,0.0,1,0,0,1,2.0,0.0,2.0,7.0,14.571428571428571,-1.4285714285714286,3.7142857142857144,10.0,24.0,24.0,10.0,16,20.0,30.0,7.0,-0.5,0.2321428571428571,0,0,-0.0892857142857143,0,0,5666.5,0.0126152638807141,0.0,0.0,0.0,1.0
ffe5xhmq,zmzx9bpp,17f3bde5-9e00-47d0-8909-b138b266b325,e4da5453-0e94-4ba4-b1bb-3b711e2a2c8d,0,ng,14,5011.0,3800.0,,,5605.5,2.0,4901.0,0.9166666666666666,7.0,-0.2166666666666666,1,0,31.0,1.0,0.0,1,0,0,1,0.0,0.0,0.0,7.0,14.571428571428571,-1.4285714285714286,3.7142857142857144,10.0,24.0,24.0,10.0,16,20.0,30.0,7.0,-0.5,0.2321428571428571,0,0,-0.0892857142857143,0,0,5637.5,0.0126152638807141,0.0,1.0,0.0,0.0
ffe5xhmq,viseix7p,a5f35780-eeec-48f3-bd11-2a02633bc450,3f3f926c-76bd-44db-b2dc-3e8e8ddbccb6,1,ghp,15,4068.0,2600.0,,,5357.150000000001,41.0,3958.0,0.75,0.0,-0.75,1,0,18.0,0.0,0.0,1,1,1,1,5.0,0.0,5.0,8.0,14.375,6.375,6.375,15.0,13.0,16.5,11.0,8,18.0,29.99,,-0.1666666666666666,0.796875,0,0,0.796875,1,1,5685.150000000001,0.0307878096610237,0.0,0.0,1.0,0.0
ffe5xhmq,qhz5zte3,a5f35780-eeec-48f3-bd11-2a02633bc450,7263bda7-ce07-4527-829d-593539f9496a,1,ghp,15,5491.0,3800.0,,,5276.84,26.0,5381.0,0.75,0.0,-0.75,2,1,18.0,0.0,0.0,1,1,1,1,3.0,1.0,2.0,8.0,14.375,6.375,6.375,15.0,13.0,16.5,11.0,8,18.0,29.99,,-0.1666666666666666,0.796875,0,0,0.796875,1,1,5484.84,0.0307878096610237,0.0,0.0,1.0,0.0
ffe5xhmq,kmcc2p31,a5f35780-eeec-48f3-bd11-2a02633bc450,d896d1d1-903a-4faf-af2e-bda1e25a47cc,1,ghp,15,6177.0,2600.0,,,5901.48,14.0,5957.0,1.0,7.0,-0.3,1,0,39.0,0.0,1.0,1,1,1,1,0.0,7.0,-7.0,8.0,14.375,6.375,6.375,15.0,13.0,16.5,11.0,8,18.0,29.99,,-0.1666666666666666,0.796875,0,0,0.796875,1,1,6013.48,0.0307878096610237,0.0,0.0,1.0,0.0
ffe5xhmq,snooaw5j,a5f35780-eeec-48f3-bd11-2a02633bc450,b051dea2-10fd-492e-a16a-123e7f6bc6ac,1,ghp,15,5310.0,3800.0,,,5110.49,0.0,5110.0,1.0,6.0,-0.4,1,0,28.0,0.0,1.0,1,1,1,1,0.0,0.0,0.0,8.0,14.375,6.375,6.375,15.0,13.0,16.5,11.0,8,18.0,29.99,,-0.1666666666666666,0.796875,0,0,0.796875,1,1,5110.49,0.0307878096610237,0.0,1.0,0.0,0.0
ffe5xhmq,twrkr7hz,a5f35780-eeec-48f3-bd11-2a02633bc450,14a8161a-9d15-4590-8e4a-d60fa690d14e,1,ghp,15,5777.0,2600.0,,,5622.87,16.0,5687.0,0.75,3.0,-0.45,1,1,20.0,1.0,0.0,1,1,1,1,0.0,0.0,0.0,8.0,14.375,6.375,6.375,15.0,13.0,16.5,11.0,8,18.0,29.99,,-0.1666666666666666,0.796875,0,0,0.796875,1,1,5750.87,0.0307878096610237,0.0,1.0,0.0,0.0
ffe5xhmq,hk3teh8u,a5f35780-eeec-48f3-bd11-2a02633bc450,6a27507f-b151-4a9f-b11f-d433b22aeb62,1,ghp,15,5073.0,3800.0,,,5271.17,0.0,4943.0,0.4166666666666667,8.0,0.3833333333333333,3,1,23.0,1.0,0.0,0,1,1,1,0.0,0.0,0.0,8.0,14.375,6.375,6.375,15.0,13.0,16.5,11.0,8,18.0,29.99,,-0.1666666666666666,0.796875,0,0,0.796875,1,1,5271.17,0.0307878096610237,0.5,0.5,0.0,0.0
ffe5xhmq,6kvq85km,17f3bde5-9e00-47d0-8909-b138b266b325,c5382ee4-bd5b-45e4-8232-55a805c489d8,0,ng,15,5884.0,2600.0,,,5696.0,12.0,5744.0,0.8333333333333334,6.0,-0.2333333333333334,1,0,32.0,1.0,0.0,1,0,0,1,3.0,1.0,2.0,11.0,7.5,-0.5,1.2272727272727273,7.0,10.0,10.0,6.5,8,10.0,20.0,,-0.3,0.1534090909090909,0,0,-0.0625,0,0,5792.0,0.0119770182675309,0.0,0.5,0.5,0.0
ffe5xhmq,7dpcven3,17f3bde5-9e00-47d0-8909-b138b266b325,8097813e-2f6f-40a4-be05-70c6d8d3bca7,0,ng,15,5168.0,3800.0,,,5423.0,12.0,5088.0,0.5,0.0,-0.5,2,0,26.0,0.0,0.0,1,0,0,1,0.0,0.0,0.0,11.0,7.5,-0.5,1.2272727272727273,7.0,10.0,10.0,6.5,8,10.0,20.0,,-0.3,0.1534090909090909,0,0,-0.0625,0,0,5519.0,0.0119770182675309,0.0,0.0,0.0,1.0
ffe5xhmq,2mz5up3e,17f3bde5-9e00-47d0-8909-b138b266b325,121ddd6b-3999-4e05-a2b3-d80bdfc8efba,0,ng,15,5955.0,2600.0,,,5799.0,4.0,5815.0,0.8333333333333334,3.0,-0.5333333333333334,1,0,25.0,0.0,0.0,1,0,0,1,0.0,8.0,-8.0,11.0,7.5,-0.5,1.2272727272727273,7.0,10.0,10.0,6.5,8,10.0,20.0,,-0.3,0.1534090909090909,0,0,-0.0625,0,0,5831.0,0.0119770182675309,1.0,0.0,0.0,0.0
ffe5xhmq,keffe6of,17f3bde5-9e00-47d0-8909-b138b266b325,6eb3648e-8876-4d12-96eb-7269067415d5,0,ng,15,4719.0,3800.0,,,5279.5,29.0,4639.0,0.6666666666666666,3.0,-0.3666666666666666,3,0,40.0,0.0,0.0,1,0,0,1,5.0,0.0,5.0,11.0,7.5,-0.5,1.2272727272727273,7.0,10.0,10.0,6.5,8,10.0,20.0,,-0.3,0.1534090909090909,0,0,-0.0625,0,0,5511.5,0.0119770182675309,0.0,0.0,1.0,0.0
ffe5xhmq,quvmw080,17f3bde5-9e00-47d0-8909-b138b266b325,1fee9bd8-a0b5-414d-b996-84be8a4a131f,0,ng,15,5573.0,2600.0,,,5350.5,38.0,5503.0,0.5833333333333334,10.0,0.4166666666666666,6,1,21.0,0.0,0.0,1,0,0,1,1.0,2.0,-1.0,11.0,7.5,-0.5,1.2272727272727273,7.0,10.0,10.0,6.5,8,10.0,20.0,,-0.3,0.1534090909090909,0,0,-0.0625,0,0,5654.5,0.0119770182675309,0.0,0.0,0.0,1.0
ffe5xhmq,zmzx9bpp,17f3bde5-9e00-47d0-8909-b138b266b325,e4da5453-0e94-4ba4-b1bb-3b711e2a2c8d,0,ng,15,5011.0,3800.0,,,5608.0,3.0,4901.0,0.9166666666666666,7.0,-0.2166666666666666,1,0,31.0,1.0,0.0,1,0,0,1,2.0,0.0,2.0,11.0,7.5,-0.5,1.2272727272727273,7.0,10.0,10.0,6.5,8,10.0,20.0,,-0.3,0.1534090909090909,0,0,-0.0625,0,0,5632.0,0.0119770182675309,0.0,1.0,0.0,0.0
ffe5xhmq,viseix7p,520e90a9-5e9e-4bfa-8244-34e70674e93f,a7efec93-ac3e-45ce-84ac-eb2844742dd5,1,ghp,1,4068.0,2600.0,,,2700.0,22.0,3958.0,0.75,0.0,-0.75,1,0,18.0,0.0,0.0,1,1,1,2,0.0,1.0,-1.0,2.0,105.0,-15.0,15.0,110.0,100.0,110.0,100.0,120,,,104.0,,0.125,0,0,-0.125,0,0,5340.0,0.0137267617812364,0.0,0.0,1.0,0.0
ffe5xhmq,qhz5zte3,520e90a9-5e9e-4bfa-8244-34e70674e93f,6b8a7a0e-6534-4c7f-ba8e-d90a38b5b936,1,ghp,1,5491.0,3800.0,,,3700.0,13.0,5381.0,0.75,0.0,-0.75,2,1,18.0,0.0,0.0,1,1,1,2,1.0,0.0,1.0,2.0,105.0,-15.0,15.0,110.0,100.0,110.0,100.0,120,,,104.0,,0.125,0,0,-0.125,0,0,5260.0,0.0137267617812364,0.0,0.0,1.0,0.0
ffe5xhmq,kmcc2p31,520e90a9-5e9e-4bfa-8244-34e70674e93f,1a600171-9cfa-44bf-a3d4-b7322acefe1a,1,ghp,1,6177.0,2600.0,,,2490.0,22.0,5957.0,1.0,7.0,-0.3,1,0,39.0,0.0,1.0,1,1,1,2,1.0,0.0,1.0,2.0,105.0,-15.0,15.0,110.0,100.0,110.0,100.0,120,,,104.0,,0.125,0,0,-0.125,0,0,5130.0,0.0137267617812364,0.0,1.0,0.0,0.0
ffe5xhmq,snooaw5j,520e90a9-5e9e-4bfa-8244-34e70674e93f,cb46e42c-c695-4491-ae41-767eb4004474,1,ghp,1,5310.0,3800.0,,,3800.0,10.0,5110.0,1.0,6.0,-0.4,1,0,28.0,0.0,1.0,1,1,1,2,0.0,0.0,0.0,2.0,105.0,-15.0,15.0,110.0,100.0,110.0,100.0,120,,,104.0,,0.125,0,0,-0.125,0,0,5000.0,0.0137267617812364,0.0,1.0,0.0,0.0
ffe5xhmq,twrkr7hz,520e90a9-5e9e-4bfa-8244-34e70674e93f,5e6b5ec7-66f5-446f-b458-3b18596521a3,1,ghp,1,5777.0,2600.0,,,2600.0,21.0,5687.0,0.75,3.0,-0.45,1,1,20.0,1.0,0.0,1,1,1,2,0.0,0.0,0.0,2.0,105.0,-15.0,15.0,110.0,100.0,110.0,100.0,120,,,104.0,,0.125,0,0,-0.125,0,0,5120.0,0.0137267617812364,0.5,0.5,0.0,0.0
ffe5xhmq,hk3teh8u,520e90a9-5e9e-4bfa-8244-34e70674e93f,c9677d60-b255-4563-955c-c09e7b64f2df,1,ghp,1,5073.0,3800.0,,,3910.0,9.0,4943.0,0.4166666666666667,8.0,0.3833333333333333,3,1,23.0,1.0,0.0,0,1,1,2,0.0,1.0,-1.0,2.0,105.0,-15.0,15.0,110.0,100.0,110.0,100.0,120,,,104.0,,0.125,0,0,-0.125,0,0,4990.0,0.0137267617812364,0.0,1.0,0.0,0.0
ffe5xhmq,6kvq85km,5273b4e4-2b4f-47fa-834f-bd0d84d237b0,1893c9fa-143a-45ae-8599-dfedb6054045,0,ng,1,5884.0,2600.0,,,2839.0,18.0,5744.0,0.8333333333333334,6.0,-0.2333333333333334,1,0,32.0,1.0,0.0,1,0,0,2,0.0,2.0,-2.0,3.0,119.33333333333331,-0.6666666666666666,0.6666666666666666,120.0,119.0,120.0,119.0,120,,,108.0,,0.0055555555555555,0,0,-0.0055555555555555,0,0,4999.0,0.0085403050108932,0.3333333333333333,0.3333333333333333,0.3333333333333333,0.0
ffe5xhmq,7dpcven3,5273b4e4-2b4f-47fa-834f-bd0d84d237b0,18711e8c-d4a6-4e40-ac02-472f81cda568,0,ng,1,5168.0,3800.0,,,3800.0,11.0,5088.0,0.5,0.0,-0.5,2,0,26.0,0.0,0.0,1,0,0,2,0.0,0.0,0.0,3.0,119.33333333333331,-0.6666666666666666,0.6666666666666666,120.0,119.0,120.0,119.0,120,,,108.0,,0.0055555555555555,0,0,-0.0055555555555555,0,0,5120.0,0.0085403050108932,0.0,0.0,0.0,1.0
ffe5xhmq,2mz5up3e,5273b4e4-2b4f-47fa-834f-bd0d84d237b0,ede5b087-a2ea-49eb-9494-a67b961bfc79,0,ng,1,5955.0,2600.0,,,2719.0,20.0,5815.0,0.8333333333333334,3.0,-0.5333333333333334,1,0,25.0,0.0,0.0,1,0,0,2,0.0,1.0,-1.0,3.0,119.33333333333331,-0.6666666666666666,0.6666666666666666,120.0,119.0,120.0,119.0,120,,,108.0,,0.0055555555555555,0,0,-0.0055555555555555,0,0,5119.0,0.0085403050108932,0.0,0.5,0.5,0.0
ffe5xhmq,keffe6of,5273b4e4-2b4f-47fa-834f-bd0d84d237b0,d00142cb-036c-42b2-986f-4d8449293679,0,ng,1,4719.0,3800.0,,,3800.0,11.0,4639.0,0.6666666666666666,3.0,-0.3666666666666666,3,0,40.0,0.0,0.0,1,0,0,2,0.0,0.0,0.0,3.0,119.33333333333331,-0.6666666666666666,0.6666666666666666,120.0,119.0,120.0,119.0,120,,,108.0,,0.0055555555555555,0,0,-0.0055555555555555,0,0,5120.0,0.0085403050108932,0.0,0.0,1.0,0.0
ffe5xhmq,quvmw080,5273b4e4-2b4f-47fa-834f-bd0d84d237b0,4c5c436f-ca6c-40f1-9cb5-b8bc15205ad4,0,ng,1,5573.0,2600.0,,,2361.0,24.0,5503.0,0.5833333333333334,10.0,0.4166666666666666,6,1,21.0,0.0,0.0,1,0,0,2,2.0,0.0,2.0,3.0,119.33333333333331,-0.6666666666666666,0.6666666666666666,120.0,119.0,120.0,119.0,120,,,108.0,,0.0055555555555555,0,0,-0.0055555555555555,0,0,5241.0,0.0085403050108932,0.0,0.0,1.0,0.0
ffe5xhmq,zmzx9bpp,5273b4e4-2b4f-47fa-834f-bd0d84d237b0,bc7d5ce5-ff5f-43da-8411-1cc4780872be,0,ng,1,5011.0,3800.0,,,3681.0,11.0,4901.0,0.9166666666666666,7.0,-0.2166666666666666,1,0,31.0,1.0,0.0,1,0,0,2,1.0,0.0,1.0,3.0,119.33333333333331,-0.6666666666666666,0.6666666666666666,120.0,119.0,120.0,119.0,120,,,108.0,,0.0055555555555555,0,0,-0.0055555555555555,0,0,5001.0,0.0085403050108932,0.5,0.5,0.0,0.0
ffe5xhmq,viseix7p,520e90a9-5e9e-4bfa-8244-34e70674e93f,a7efec93-ac3e-45ce-84ac-eb2844742dd5,1,ghp,2,4068.0,2600.0,,,2674.5,22.0,3958.0,0.75,0.0,-0.75,1,0,18.0,0.0,0.0,1,1,1,2,2.0,1.0,1.0,6.0,113.16666666666669,1.1666666666666667,3.8333333333333335,104.0,116.5,117.0,104.0,112,110.0,,96.0,-0.0545454545454545,0.0342261904761904,0,0,0.0104166666666667,0,0,5138.5,0.0100610970912471,0.0,0.0,1.0,0.0
ffe5xhmq,qhz5zte3,520e90a9-5e9e-4bfa-8244-34e70674e93f,6b8a7a0e-6534-4c7f-ba8e-d90a38b5b936,1,ghp,2,5491.0,3800.0,,,3407.5,14.0,5381.0,0.75,0.0,-0.75,2,1,18.0,0.0,0.0,1,1,1,2,3.0,0.0,3.0,6.0,113.16666666666669,1.1666666666666667,3.8333333333333335,104.0,116.5,117.0,104.0,112,110.0,,96.0,-0.0545454545454545,0.0342261904761904,0,0,0.0104166666666667,0,0,4975.5,0.0100610970912471,0.0,0.0,1.0,0.0
ffe5xhmq,kmcc2p31,520e90a9-5e9e-4bfa-8244-34e70674e93f,1a600171-9cfa-44bf-a3d4-b7322acefe1a,1,ghp,2,6177.0,2600.0,,,2703.0,22.0,5957.0,1.0,7.0,-0.3,1,0,39.0,0.0,1.0,1,1,1,2,1.0,2.0,-1.0,6.0,113.16666666666669,1.1666666666666667,3.8333333333333335,104.0,116.5,117.0,104.0,112,110.0,,96.0,-0.0545454545454545,0.0342261904761904,0,0,0.0104166666666667,0,0,5167.0,0.0100610970912471,0.0,1.0,0.0,0.0
ffe5xhmq,snooaw5j,520e90a9-5e9e-4bfa-8244-34e70674e93f,cb46e42c-c695-4491-ae41-767eb4004474,1,ghp,2,5310.0,3800.0,,,3956.5,9.0,5110.0,1.0,6.0,-0.4,1,0,28.0,0.0,1.0,1,1,1,2,0.0,1.0,-1.0,6.0,113.16666666666669,1.1666666666666667,3.8333333333333335,104.0,116.5,117.0,104.0,112,110.0,,96.0,-0.0545454545454545,0.0342261904761904,0,0,0.0104166666666667,0,0,4964.5,0.0100610970912471,0.0,1.0,0.0,0.0
ffe5xhmq,twrkr7hz,520e90a9-5e9e-4bfa-8244-34e70674e93f,5e6b5ec7-66f5-446f-b458-3b18596521a3,1,ghp,2,5777.0,2600.0,,,2788.0,19.0,5687.0,0.75,3.0,-0.45,1,1,20.0,1.0,0.0,1,1,1,2,0.0,1.0,-1.0,6.0,113.16666666666669,1.1666666666666667,3.8333333333333335,104.0,116.5,117.0,104.0,112,110.0,,96.0,-0.0545454545454545,0.0342261904761904,0,0,0.0104166666666667,0,0,4916.0,0.0100610970912471,0.5,0.5,0.0,0.0
ffe5xhmq,hk3teh8u,520e90a9-5e9e-4bfa-8244-34e70674e93f,c9677d60-b255-4563-955c-c09e7b64f2df,1,ghp,2,5073.0,3800.0,,,4058.5,8.0,4943.0,0.4166666666666667,8.0,0.3833333333333333,3,1,23.0,1.0,0.0,0,1,1,2,0.0,1.0,-1.0,6.0,113.16666666666669,1.1666666666666667,3.8333333333333335,104.0,116.5,117.0,104.0,112,110.0,,96.0,-0.0545454545454545,0.0342261904761904,0,0,0.0104166666666667,0,0,4954.5,0.0100610970912471,0.0,1.0,0.0,0.0
ffe5xhmq,6kvq85km,5273b4e4-2b4f-47fa-834f-bd0d84d237b0,1893c9fa-143a-45ae-8599-dfedb6054045,0,ng,2,5884.0,2600.0,,,2930.0,19.0,5744.0,0.8333333333333334,6.0,-0.2333333333333334,1,0,32.0,1.0,0.0,1,0,0,2,2.0,2.0,0.0,5.0,114.6,2.6,4.2,108.0,120.0,120.0,108.0,112,120.0,,108.0,-0.0999999999999999,0.0375,0,0,0.0232142857142856,0,0,5058.0,0.0291061404636414,0.3333333333333333,0.3333333333333333,0.3333333333333333,0.0
ffe5xhmq,7dpcven3,5273b4e4-2b4f-47fa-834f-bd0d84d237b0,18711e8c-d4a6-4e40-ac02-472f81cda568,0,ng,2,5168.0,3800.0,,,3838.0,18.0,5088.0,0.5,0.0,-0.5,2,0,26.0,0.0,0.0,1,0,0,2,1.0,1.0,0.0,5.0,114.6,2.6,4.2,108.0,120.0,120.0,108.0,112,120.0,,108.0,-0.0999999999999999,0.0375,0,0,0.0232142857142856,0,0,5854.0,0.0291061404636414,0.0,0.0,0.0,1.0
ffe5xhmq,2mz5up3e,5273b4e4-2b4f-47fa-834f-bd0d84d237b0,ede5b087-a2ea-49eb-9494-a67b961bfc79,0,ng,2,5955.0,2600.0,,,3019.0,17.0,5815.0,0.8333333333333334,3.0,-0.5333333333333334,1,0,25.0,0.0,0.0,1,0,0,2,0.0,2.0,-2.0,5.0,114.6,2.6,4.2,108.0,120.0,120.0,108.0,112,120.0,,108.0,-0.0999999999999999,0.0375,0,0,0.0232142857142856,0,0,4923.0,0.0291061404636414,0.0,0.5,0.5,0.0
ffe5xhmq,keffe6of,5273b4e4-2b4f-47fa-834f-bd0d84d237b0,d00142cb-036c-42b2-986f-4d8449293679,0,ng,2,4719.0,3800.0,,,3844.0,12.0,4639.0,0.6666666666666666,3.0,-0.3666666666666666,3,0,40.0,0.0,0.0,1,0,0,2,0.0,0.0,0.0,5.0,114.6,2.6,4.2,108.0,120.0,120.0,108.0,112,120.0,,108.0,-0.0999999999999999,0.0375,0,0,0.0232142857142856,0,0,5188.0,0.0291061404636414,0.0,0.0,1.0,0.0
ffe5xhmq,quvmw080,5273b4e4-2b4f-47fa-834f-bd0d84d237b0,4c5c436f-ca6c-40f1-9cb5-b8bc15205ad4,0,ng,2,5573.0,2600.0,,,2338.0,25.0,5503.0,0.5833333333333334,10.0,0.4166666666666666,6,1,21.0,0.0,0.0,1,0,0,2,1.0,0.0,1.0,5.0,114.6,2.6,4.2,108.0,120.0,120.0,108.0,112,120.0,,108.0,-0.0999999999999999,0.0375,0,0,0.0232142857142856,0,0,5138.0,0.0291061404636414,0.0,0.0,1.0,0.0
ffe5xhmq,zmzx9bpp,5273b4e4-2b4f-47fa-834f-bd0d84d237b0,bc7d5ce5-ff5f-43da-8411-1cc4780872be,0,ng,2,5011.0,3800.0,,,3611.0,12.0,4901.0,0.9166666666666666,7.0,-0.2166666666666666,1,0,31.0,1.0,0.0,1,0,0,2,1.0,0.0,1.0,5.0,114.6,2.6,4.2,108.0,120.0,120.0,108.0,112,120.0,,108.0,-0.0999999999999999,0.0375,0,0,0.0232142857142856,0,0,4955.0,0.0291061404636414,0.5,0.5,0.0,0.0
ffe5xhmq,viseix7p,520e90a9-5e9e-4bfa-8244-34e70674e93f,a7efec93-ac3e-45ce-84ac-eb2844742dd5,1,ghp,3,4068.0,2600.0,25.0,5.0,2460.75,28.0,3958.0,0.75,0.0,-0.75,1,0,18.0,0.0,0.0,1,1,1,2,7.0,1.0,6.0,10.0,105.025,1.025,4.625,96.0,108.0,109.0,96.0,104,104.0,110.0,88.0,-0.0769230769230768,0.0444711538461538,0,0,0.0098557692307692,0,0,5372.75,0.0113347322904743,0.0,0.0,1.0,0.0
ffe5xhmq,qhz5zte3,520e90a9-5e9e-4bfa-8244-34e70674e93f,6b8a7a0e-6534-4c7f-ba8e-d90a38b5b936,1,ghp,3,5491.0,3800.0,0.0,0.0,3801.75,14.0,5381.0,0.75,0.0,-0.75,2,1,18.0,0.0,0.0,1,1,1,2,2.0,3.0,-1.0,10.0,105.025,1.025,4.625,96.0,108.0,109.0,96.0,104,104.0,110.0,88.0,-0.0769230769230768,0.0444711538461538,0,0,0.0098557692307692,0,0,5257.75,0.0113347322904743,0.0,0.0,1.0,0.0
ffe5xhmq,kmcc2p31,520e90a9-5e9e-4bfa-8244-34e70674e93f,1a600171-9cfa-44bf-a3d4-b7322acefe1a,1,ghp,3,6177.0,2600.0,100.0,5.0,3370.5,19.0,5957.0,1.0,7.0,-0.3,1,0,39.0,0.0,1.0,1,1,1,2,1.0,3.0,-2.0,10.0,105.025,1.025,4.625,96.0,108.0,109.0,96.0,104,104.0,110.0,88.0,-0.0769230769230768,0.0444711538461538,0,0,0.0098557692307692,0,0,5346.5,0.0113347322904743,0.0,1.0,0.0,0.0
ffe5xhmq,snooaw5j,520e90a9-5e9e-4bfa-8244-34e70674e93f,cb46e42c-c695-4491-ae41-767eb4004474,1,ghp,3,5310.0,3800.0,90.0,4.0,4244.5,9.0,5110.0,1.0,6.0,-0.4,1,0,28.0,0.0,1.0,1,1,1,2,0.0,1.0,-1.0,10.0,105.025,1.025,4.625,96.0,108.0,109.0,96.0,104,104.0,110.0,88.0,-0.0769230769230768,0.0444711538461538,0,0,0.0098557692307692,0,0,5180.5,0.0113347322904743,0.0,1.0,0.0,0.0
ffe5xhmq,twrkr7hz,520e90a9-5e9e-4bfa-8244-34e70674e93f,5e6b5ec7-66f5-446f-b458-3b18596521a3,1,ghp,3,5777.0,2600.0,75.0,1.0,3168.0,20.0,5687.0,0.75,3.0,-0.45,1,1,20.0,1.0,0.0,1,1,1,2,0.0,0.0,0.0,10.0,105.025,1.025,4.625,96.0,108.0,109.0,96.0,104,104.0,110.0,88.0,-0.0769230769230768,0.0444711538461538,0,0,0.0098557692307692,0,0,5248.0,0.0113347322904743,0.5,0.5,0.0,0.0
ffe5xhmq,hk3teh8u,520e90a9-5e9e-4bfa-8244-34e70674e93f,c9677d60-b255-4563-955c-c09e7b64f2df,1,ghp,3,5073.0,3800.0,90.0,5.0,4422.5,6.0,4943.0,0.4166666666666667,8.0,0.3833333333333333,3,1,23.0,1.0,0.0,0,1,1,2,0.0,2.0,-2.0,10.0,105.025,1.025,4.625,96.0,108.0,109.0,96.0,104,104.0,110.0,88.0,-0.0769230769230768,0.0444711538461538,0,0,0.0098557692307692,0,0,5046.5,0.0113347322904743,0.0,1.0,0.0,0.0
ffe5xhmq,6kvq85km,5273b4e4-2b4f-47fa-834f-bd0d84d237b0,1893c9fa-143a-45ae-8599-dfedb6054045,0,ng,3,5884.0,2600.0,95.0,3.0,3418.0,17.0,5744.0,0.8333333333333334,6.0,-0.2333333333333334,1,0,32.0,1.0,0.0,1,0,0,2,0.0,1.0,-1.0,6.0,110.08333333333331,6.083333333333333,6.083333333333333,108.0,111.5,111.5,108.0,104,108.0,120.0,110.0,0.0,0.0584935897435897,0,0,0.0584935897435896,0,0,5186.0,0.0201692807150687,0.3333333333333333,0.3333333333333333,0.3333333333333333,0.0
ffe5xhmq,7dpcven3,5273b4e4-2b4f-47fa-834f-bd0d84d237b0,18711e8c-d4a6-4e40-ac02-472f81cda568,0,ng,3,5168.0,3800.0,100.0,3.0,4086.5,16.0,5088.0,0.5,0.0,-0.5,2,0,26.0,0.0,0.0,1,0,0,2,1.0,0.0,1.0,6.0,110.08333333333331,6.083333333333333,6.083333333333333,108.0,111.5,111.5,108.0,104,108.0,120.0,110.0,0.0,0.0584935897435897,0,0,0.0584935897435896,0,0,5750.5,0.0201692807150687,0.0,0.0,0.0,1.0
ffe5xhmq,2mz5up3e,5273b4e4-2b4f-47fa-834f-bd0d84d237b0,ede5b087-a2ea-49eb-9494-a67b961bfc79,0,ng,3,5955.0,2600.0,100.0,4.0,3911.5,12.0,5815.0,0.8333333333333334,3.0,-0.5333333333333334,1,0,25.0,0.0,0.0,1,0,0,2,0.0,5.0,-5.0,6.0,110.08333333333331,6.083333333333333,6.083333333333333,108.0,111.5,111.5,108.0,104,108.0,120.0,110.0,0.0,0.0584935897435897,0,0,0.0584935897435896,0,0,5159.5,0.0201692807150687,0.0,0.5,0.5,0.0
ffe5xhmq,keffe6of,5273b4e4-2b4f-47fa-834f-bd0d84d237b0,d00142cb-036c-42b2-986f-4d8449293679,0,ng,3,4719.0,3800.0,3.0,1.0,4084.0,10.0,4639.0,0.6666666666666666,3.0,-0.3666666666666666,3,0,40.0,0.0,0.0,1,0,0,2,0.0,0.0,0.0,6.0,110.08333333333331,6.083333333333333,6.083333333333333,108.0,111.5,111.5,108.0,104,108.0,120.0,110.0,0.0,0.0584935897435897,0,0,0.0584935897435896,0,0,5124.0,0.0201692807150687,0.0,0.0,1.0,0.0
ffe5xhmq,quvmw080,5273b4e4-2b4f-47fa-834f-bd0d84d237b0,4c5c436f-ca6c-40f1-9cb5-b8bc15205ad4,0,ng,3,5573.0,2600.0,2289.0,1.0,2289.0,29.0,5503.0,0.5833333333333334,10.0,0.4166666666666666,6,1,21.0,0.0,0.0,1,0,0,2,5.0,0.0,5.0,6.0,110.08333333333331,6.083333333333333,6.083333333333333,108.0,111.5,111.5,108.0,104,108.0,120.0,110.0,0.0,0.0584935897435897,0,0,0.0584935897435896,0,0,5305.0,0.0201692807150687,0.0,0.0,1.0,0.0
ffe5xhmq,zmzx9bpp,5273b4e4-2b4f-47fa-834f-bd0d84d237b0,bc7d5ce5-ff5f-43da-8411-1cc4780872be,0,ng,3,5011.0,3800.0,102.0,4.0,3851.0,12.0,4901.0,0.9166666666666666,7.0,-0.2166666666666666,1,0,31.0,1.0,0.0,1,0,0,2,0.0,0.0,0.0,6.0,110.08333333333331,6.083333333333333,6.083333333333333,108.0,111.5,111.5,108.0,104,108.0,120.0,110.0,0.0,0.0584935897435897,0,0,0.0584935897435896,0,0,5099.0,0.0201692807150687,0.5,0.5,0.0,0.0
ffe5xhmq,viseix7p,520e90a9-5e9e-4bfa-8244-34e70674e93f,a7efec93-ac3e-45ce-84ac-eb2844742dd5,1,ghp,4,4068.0,2600.0,,,2367.75,27.0,3958.0,0.75,0.0,-0.75,1,0,18.0,0.0,0.0,1,1,1,2,2.0,1.0,1.0,5.0,89.6,-6.4,6.4,88.0,95.0,95.0,87.0,96,96.0,104.0,85.0,-0.0833333333333333,0.0666666666666666,0,0,-0.0666666666666667,0,0,4959.75,0.00758800880088,0.0,0.0,1.0,0.0
ffe5xhmq,qhz5zte3,520e90a9-5e9e-4bfa-8244-34e70674e93f,6b8a7a0e-6534-4c7f-ba8e-d90a38b5b936,1,ghp,4,5491.0,3800.0,,,3890.75,13.0,5381.0,0.75,0.0,-0.75,2,1,18.0,0.0,0.0,1,1,1,2,1.0,2.0,-1.0,5.0,89.6,-6.4,6.4,88.0,95.0,95.0,87.0,96,96.0,104.0,85.0,-0.0833333333333333,0.0666666666666666,0,0,-0.0666666666666667,0,0,5138.75,0.00758800880088,0.0,0.0,1.0,0.0
ffe5xhmq,kmcc2p31,520e90a9-5e9e-4bfa-8244-34e70674e93f,1a600171-9cfa-44bf-a3d4-b7322acefe1a,1,ghp,4,6177.0,2600.0,,,3192.5,20.0,5957.0,1.0,7.0,-0.3,1,0,39.0,0.0,1.0,1,1,1,2,2.0,0.0,2.0,5.0,89.6,-6.4,6.4,88.0,95.0,95.0,87.0,96,96.0,104.0,85.0,-0.0833333333333333,0.0666666666666666,0,0,-0.0666666666666667,0,0,5112.5,0.00758800880088,0.0,1.0,0.0,0.0
ffe5xhmq,snooaw5j,520e90a9-5e9e-4bfa-8244-34e70674e93f,cb46e42c-c695-4491-ae41-767eb4004474,1,ghp,4,5310.0,3800.0,,,4339.5,8.0,5110.0,1.0,6.0,-0.4,1,0,28.0,0.0,1.0,1,1,1,2,0.0,1.0,-1.0,5.0,89.6,-6.4,6.4,88.0,95.0,95.0,87.0,96,96.0,104.0,85.0,-0.0833333333333333,0.0666666666666666,0,0,-0.0666666666666667,0,0,5107.5,0.00758800880088,0.0,1.0,0.0,0.0
ffe5xhmq,twrkr7hz,520e90a9-5e9e-4bfa-8244-34e70674e93f,5e6b5ec7-66f5-446f-b458-3b18596521a3,1,ghp,4,5777.0,2600.0,,,3168.0,19.0,5687.0,0.75,3.0,-0.45,1,1,20.0,1.0,0.0,1,1,1,2,0.0,0.0,0.0,5.0,89.6,-6.4,6.4,88.0,95.0,95.0,87.0,96,96.0,104.0,85.0,-0.0833333333333333,0.0666666666666666,0,0,-0.0666666666666667,0,0,4992.0,0.00758800880088,0.5,0.5,0.0,0.0
ffe5xhmq,hk3teh8u,520e90a9-5e9e-4bfa-8244-34e70674e93f,c9677d60-b255-4563-955c-c09e7b64f2df,1,ghp,4,5073.0,3800.0,,,4509.5,5.0,4943.0,0.4166666666666667,8.0,0.3833333333333333,3,1,23.0,1.0,0.0,0,1,1,2,0.0,1.0,-1.0,5.0,89.6,-6.4,6.4,88.0,95.0,95.0,87.0,96,96.0,104.0,85.0,-0.0833333333333333,0.0666666666666666,0,0,-0.0666666666666667,0,0,4989.5,0.00758800880088,0.0,1.0,0.0,0.0
ffe5xhmq,6kvq85km,5273b4e4-2b4f-47fa-834f-bd0d84d237b0,1893c9fa-143a-45ae-8599-dfedb6054045,0,ng,4,5884.0,2600.0,,,3622.0,16.0,5744.0,0.8333333333333334,6.0,-0.2333333333333334,1,0,32.0,1.0,0.0,1,0,0,2,1.0,3.0,-2.0,10.0,103.375,7.375,7.375,110.0,107.0,110.0,100.0,96,108.0,108.0,90.0,0.0185185185185186,0.0768229166666666,0,0,0.0768229166666666,0,0,5158.0,0.0245686702628649,0.3333333333333333,0.3333333333333333,0.3333333333333333,0.0
ffe5xhmq,7dpcven3,5273b4e4-2b4f-47fa-834f-bd0d84d237b0,18711e8c-d4a6-4e40-ac02-472f81cda568,0,ng,4,5168.0,3800.0,,,4086.5,18.0,5088.0,0.5,0.0,-0.5,2,0,26.0,0.0,0.0,1,0,0,2,0.0,0.0,0.0,10.0,103.375,7.375,7.375,110.0,107.0,110.0,100.0,96,108.0,108.0,90.0,0.0185185185185186,0.0768229166666666,0,0,0.0768229166666666,0,0,5814.5,0.0245686702628649,0.0,0.0,0.0,1.0
ffe5xhmq,2mz5up3e,5273b4e4-2b4f-47fa-834f-bd0d84d237b0,ede5b087-a2ea-49eb-9494-a67b961bfc79,0,ng,4,5955.0,2600.0,,,4431.25,7.0,5815.0,0.8333333333333334,3.0,-0.5333333333333334,1,0,25.0,0.0,0.0,1,0,0,2,0.0,5.0,-5.0,10.0,103.375,7.375,7.375,110.0,107.0,110.0,100.0,96,108.0,108.0,90.0,0.0185185185185186,0.0768229166666666,0,0,0.0768229166666666,0,0,5103.25,0.0245686702628649,0.0,0.5,0.5,0.0
ffe5xhmq,keffe6of,5273b4e4-2b4f-47fa-834f-bd0d84d237b0,d00142cb-036c-42b2-986f-4d8449293679,0,ng,4,4719.0,3800.0,,,4294.0,8.0,4639.0,0.6666666666666666,3.0,-0.3666666666666666,3,0,40.0,0.0,0.0,1,0,0,2,0.0,2.0,-2.0,10.0,103.375,7.375,7.375,110.0,107.0,110.0,100.0,96,108.0,108.0,90.0,0.0185185185185186,0.0768229166666666,0,0,0.0768229166666666,0,0,5062.0,0.0245686702628649,0.0,0.0,1.0,0.0
ffe5xhmq,quvmw080,5273b4e4-2b4f-47fa-834f-bd0d84d237b0,4c5c436f-ca6c-40f1-9cb5-b8bc15205ad4,0,ng,4,5573.0,2600.0,,,1657.25,35.0,5503.0,0.5833333333333334,10.0,0.4166666666666666,6,1,21.0,0.0,0.0,1,0,0,2,6.0,0.0,6.0,10.0,103.375,7.375,7.375,110.0,107.0,110.0,100.0,96,108.0,108.0,90.0,0.0185185185185186,0.0768229166666666,0,0,0.0768229166666666,0,0,5017.25,0.0245686702628649,0.0,0.0,1.0,0.0
ffe5xhmq,zmzx9bpp,5273b4e4-2b4f-47fa-834f-bd0d84d237b0,bc7d5ce5-ff5f-43da-8411-1cc4780872be,0,ng,4,5011.0,3800.0,,,3549.0,15.0,4901.0,0.9166666666666666,7.0,-0.2166666666666666,1,0,31.0,1.0,0.0,1,0,0,2,3.0,0.0,3.0,10.0,103.375,7.375,7.375,110.0,107.0,110.0,100.0,96,108.0,108.0,90.0,0.0185185185185186,0.0768229166666666,0,0,0.0768229166666666,0,0,4989.0,0.0245686702628649,0.5,0.5,0.0,0.0
ffe5xhmq,viseix7p,520e90a9-5e9e-4bfa-8244-34e70674e93f,a7efec93-ac3e-45ce-84ac-eb2844742dd5,1,ghp,5,4068.0,2600.0,,,2114.5,34.0,3958.0,0.75,0.0,-0.75,1,0,18.0,0.0,0.0,1,1,1,2,5.0,2.0,3.0,7.0,85.32142857142857,-2.6785714285714284,2.6785714285714284,85.0,87.0,87.0,84.0,88,88.0,96.0,78.5,-0.034090909090909,0.0304383116883116,0,0,-0.0304383116883117,0,0,5106.5,0.0091580617764069,0.0,0.0,1.0,0.0
ffe5xhmq,qhz5zte3,520e90a9-5e9e-4bfa-8244-34e70674e93f,6b8a7a0e-6534-4c7f-ba8e-d90a38b5b936,1,ghp,5,5491.0,3800.0,,,3718.75,15.0,5381.0,0.75,0.0,-0.75,2,1,18.0,0.0,0.0,1,1,1,2,2.0,0.0,2.0,7.0,85.32142857142857,-2.6785714285714284,2.6785714285714284,85.0,87.0,87.0,84.0,88,88.0,96.0,78.5,-0.034090909090909,0.0304383116883116,0,0,-0.0304383116883117,0,0,5038.75,0.0091580617764069,0.0,0.0,1.0,0.0
ffe5xhmq,kmcc2p31,520e90a9-5e9e-4bfa-8244-34e70674e93f,1a600171-9cfa-44bf-a3d4-b7322acefe1a,1,ghp,5,6177.0,2600.0,,,3192.5,20.0,5957.0,1.0,7.0,-0.3,1,0,39.0,0.0,1.0,1,1,1,2,0.0,0.0,0.0,7.0,85.32142857142857,-2.6785714285714284,2.6785714285714284,85.0,87.0,87.0,84.0,88,88.0,96.0,78.5,-0.034090909090909,0.0304383116883116,0,0,-0.0304383116883117,0,0,4952.5,0.0091580617764069,0.0,1.0,0.0,0.0
ffe5xhmq,snooaw5j,520e90a9-5e9e-4bfa-8244-34e70674e93f,cb46e42c-c695-4491-ae41-767eb4004474,1,ghp,5,5310.0,3800.0,,,4509.5,5.0,5110.0,1.0,6.0,-0.4,1,0,28.0,0.0,1.0,1,1,1,2,0.0,2.0,-2.0,7.0,85.32142857142857,-2.6785714285714284,2.6785714285714284,85.0,87.0,87.0,84.0,88,88.0,96.0,78.5,-0.034090909090909,0.0304383116883116,0,0,-0.0304383116883117,0,0,4949.5,0.0091580617764069,0.0,1.0,0.0,0.0
ffe5xhmq,twrkr7hz,520e90a9-5e9e-4bfa-8244-34e70674e93f,5e6b5ec7-66f5-446f-b458-3b18596521a3,1,ghp,5,5777.0,2600.0,,,3339.25,17.0,5687.0,0.75,3.0,-0.45,1,1,20.0,1.0,0.0,1,1,1,2,0.0,2.0,-2.0,7.0,85.32142857142857,-2.6785714285714284,2.6785714285714284,85.0,87.0,87.0,84.0,88,88.0,96.0,78.5,-0.034090909090909,0.0304383116883116,0,0,-0.0304383116883117,0,0,4835.25,0.0091580617764069,0.5,0.5,0.0,0.0
ffe5xhmq,hk3teh8u,520e90a9-5e9e-4bfa-8244-34e70674e93f,c9677d60-b255-4563-955c-c09e7b64f2df,1,ghp,5,5073.0,3800.0,,,4593.5,4.0,4943.0,0.4166666666666667,8.0,0.3833333333333333,3,1,23.0,1.0,0.0,0,1,1,2,0.0,1.0,-1.0,7.0,85.32142857142857,-2.6785714285714284,2.6785714285714284,85.0,87.0,87.0,84.0,88,88.0,96.0,78.5,-0.034090909090909,0.0304383116883116,0,0,-0.0304383116883117,0,0,4945.5,0.0091580617764069,0.0,1.0,0.0,0.0
ffe5xhmq,6kvq85km,5273b4e4-2b4f-47fa-834f-bd0d84d237b0,1893c9fa-143a-45ae-8599-dfedb6054045,0,ng,5,5884.0,2600.0,,,3802.0,15.0,5744.0,0.8333333333333334,6.0,-0.2333333333333334,1,0,32.0,1.0,0.0,1,0,0,2,0.0,2.0,-2.0,2.0,90.0,2.0,2.0,90.0,90.0,90.0,90.0,88,110.0,108.0,90.0,-0.1818181818181817,0.0227272727272727,0,0,0.0227272727272727,0,0,5122.0,0.0185616423484453,0.3333333333333333,0.3333333333333333,0.3333333333333333,0.0
ffe5xhmq,7dpcven3,5273b4e4-2b4f-47fa-834f-bd0d84d237b0,18711e8c-d4a6-4e40-ac02-472f81cda568,0,ng,5,5168.0,3800.0,,,3906.5,16.0,5088.0,0.5,0.0,-0.5,2,0,26.0,0.0,0.0,1,0,0,2,2.0,0.0,2.0,2.0,90.0,2.0,2.0,90.0,90.0,90.0,90.0,88,110.0,108.0,90.0,-0.1818181818181817,0.0227272727272727,0,0,0.0227272727272727,0,0,5314.5,0.0185616423484453,0.0,0.0,0.0,1.0
ffe5xhmq,2mz5up3e,5273b4e4-2b4f-47fa-834f-bd0d84d237b0,ede5b087-a2ea-49eb-9494-a67b961bfc79,0,ng,5,5955.0,2600.0,,,4431.25,7.0,5815.0,0.8333333333333334,3.0,-0.5333333333333334,1,0,25.0,0.0,0.0,1,0,0,2,0.0,0.0,0.0,2.0,90.0,2.0,2.0,90.0,90.0,90.0,90.0,88,110.0,108.0,90.0,-0.1818181818181817,0.0227272727272727,0,0,0.0227272727272727,0,0,5047.25,0.0185616423484453,0.0,0.5,0.5,0.0
ffe5xhmq,keffe6of,5273b4e4-2b4f-47fa-834f-bd0d84d237b0,d00142cb-036c-42b2-986f-4d8449293679,0,ng,5,4719.0,3800.0,,,4294.0,12.0,4639.0,0.6666666666666666,3.0,-0.3666666666666666,3,0,40.0,0.0,0.0,1,0,0,2,0.0,0.0,0.0,2.0,90.0,2.0,2.0,90.0,90.0,90.0,90.0,88,110.0,108.0,90.0,-0.1818181818181817,0.0227272727272727,0,0,0.0227272727272727,0,0,5350.0,0.0185616423484453,0.0,0.0,1.0,0.0
ffe5xhmq,quvmw080,5273b4e4-2b4f-47fa-834f-bd0d84d237b0,4c5c436f-ca6c-40f1-9cb5-b8bc15205ad4,0,ng,5,5573.0,2600.0,,,1657.25,38.0,5503.0,0.5833333333333334,10.0,0.4166666666666666,6,1,21.0,0.0,0.0,1,0,0,2,0.0,0.0,0.0,2.0,90.0,2.0,2.0,90.0,90.0,90.0,90.0,88,110.0,108.0,90.0,-0.1818181818181817,0.0227272727272727,0,0,0.0227272727272727,0,0,5001.25,0.0185616423484453,0.0,0.0,1.0,0.0
ffe5xhmq,zmzx9bpp,5273b4e4-2b4f-47fa-834f-bd0d84d237b0,bc7d5ce5-ff5f-43da-8411-1cc4780872be,0,ng,5,5011.0,3800.0,,,3549.0,15.0,4901.0,0.9166666666666666,7.0,-0.2166666666666666,1,0,31.0,1.0,0.0,1,0,0,2,0.0,0.0,0.0,2.0,90.0,2.0,2.0,90.0,90.0,90.0,90.0,88,110.0,108.0,90.0,-0.1818181818181817,0.0227272727272727,0,0,0.0227272727272727,0,0,4869.0,0.0185616423484453,0.5,0.5,0.0,0.0
ffe5xhmq,viseix7p,520e90a9-5e9e-4bfa-8244-34e70674e93f,a7efec93-ac3e-45ce-84ac-eb2844742dd5,1,ghp,6,4068.0,2600.0,69.0,5.0,2705.0,28.0,3958.0,0.75,0.0,-0.75,1,0,18.0,0.0,0.0,1,1,1,2,1.0,5.0,-4.0,9.0,80.61111111111111,0.6111111111111112,1.8333333333333333,78.5,84.0,84.0,78.5,80,85.0,88.0,72.0,-0.076470588235294,0.0229166666666666,0,0,0.0076388888888889,0,0,4945.0,0.0056064895959732,0.0,0.0,1.0,0.0
ffe5xhmq,qhz5zte3,520e90a9-5e9e-4bfa-8244-34e70674e93f,6b8a7a0e-6534-4c7f-ba8e-d90a38b5b936,1,ghp,6,5491.0,3800.0,59.0,4.0,3677.75,16.0,5381.0,0.75,0.0,-0.75,2,1,18.0,0.0,0.0,1,1,1,2,4.0,2.0,2.0,9.0,80.61111111111111,0.6111111111111112,1.8333333333333333,78.5,84.0,84.0,78.5,80,85.0,88.0,72.0,-0.076470588235294,0.0229166666666666,0,0,0.0076388888888889,0,0,4957.75,0.0056064895959732,0.0,0.0,1.0,0.0
ffe5xhmq,kmcc2p31,520e90a9-5e9e-4bfa-8244-34e70674e93f,1a600171-9cfa-44bf-a3d4-b7322acefe1a,1,ghp,6,6177.0,2600.0,72.0,4.0,3111.0,24.0,5957.0,1.0,7.0,-0.3,1,0,39.0,0.0,1.0,1,1,1,2,3.0,0.0,3.0,9.0,80.61111111111111,0.6111111111111112,1.8333333333333333,78.5,84.0,84.0,78.5,80,85.0,88.0,72.0,-0.076470588235294,0.0229166666666666,0,0,0.0076388888888889,0,0,5031.0,0.0056064895959732,0.0,1.0,0.0,0.0
ffe5xhmq,snooaw5j,520e90a9-5e9e-4bfa-8244-34e70674e93f,cb46e42c-c695-4491-ae41-767eb4004474,1,ghp,6,5310.0,3800.0,80.0,4.0,4549.5,5.0,5110.0,1.0,6.0,-0.4,1,0,28.0,0.0,1.0,1,1,1,2,0.0,0.0,0.0,9.0,80.61111111111111,0.6111111111111112,1.8333333333333333,78.5,84.0,84.0,78.5,80,85.0,88.0,72.0,-0.076470588235294,0.0229166666666666,0,0,0.0076388888888889,0,0,4949.5,0.0056064895959732,0.0,1.0,0.0,0.0
ffe5xhmq,twrkr7hz,520e90a9-5e9e-4bfa-8244-34e70674e93f,5e6b5ec7-66f5-446f-b458-3b18596521a3,1,ghp,6,5777.0,2600.0,0.0,0.0,3480.25,17.0,5687.0,0.75,3.0,-0.45,1,1,20.0,1.0,0.0,1,1,1,2,1.0,1.0,0.0,9.0,80.61111111111111,0.6111111111111112,1.8333333333333333,78.5,84.0,84.0,78.5,80,85.0,88.0,72.0,-0.076470588235294,0.0229166666666666,0,0,0.0076388888888889,0,0,4840.25,0.0056064895959732,0.5,0.5,0.0,0.0
ffe5xhmq,hk3teh8u,520e90a9-5e9e-4bfa-8244-34e70674e93f,c9677d60-b255-4563-955c-c09e7b64f2df,1,ghp,6,5073.0,3800.0,70.0,4.0,4704.5,3.0,4943.0,0.4166666666666667,8.0,0.3833333333333333,3,1,23.0,1.0,0.0,0,1,1,2,0.0,1.0,-1.0,9.0,80.61111111111111,0.6111111111111112,1.8333333333333333,78.5,84.0,84.0,78.5,80,85.0,88.0,72.0,-0.076470588235294,0.0229166666666666,0,0,0.0076388888888889,0,0,4944.5,0.0056064895959732,0.0,1.0,0.0,0.0
ffe5xhmq,6kvq85km,5273b4e4-2b4f-47fa-834f-bd0d84d237b0,1893c9fa-143a-45ae-8599-dfedb6054045,0,ng,6,5884.0,2600.0,71.0,3.0,3922.0,14.0,5744.0,0.8333333333333334,6.0,-0.2333333333333334,1,0,32.0,1.0,0.0,1,0,0,2,0.0,0.0,0.0,0.0,,,,90.0,,,,80,90.0,110.0,69.5,0.0,,0,0,,0,0,5042.0,0.017642567326556,0.3333333333333333,0.3333333333333333,0.3333333333333333,0.0
ffe5xhmq,7dpcven3,5273b4e4-2b4f-47fa-834f-bd0d84d237b0,18711e8c-d4a6-4e40-ac02-472f81cda568,0,ng,6,5168.0,3800.0,99.0,3.0,4034.5,13.0,5088.0,0.5,0.0,-0.5,2,0,26.0,0.0,0.0,1,0,0,2,0.0,0.0,0.0,0.0,,,,90.0,,,,80,90.0,110.0,69.5,0.0,,0,0,,0,0,5074.5,0.017642567326556,0.0,0.0,0.0,1.0
ffe5xhmq,2mz5up3e,5273b4e4-2b4f-47fa-834f-bd0d84d237b0,ede5b087-a2ea-49eb-9494-a67b961bfc79,0,ng,6,5955.0,2600.0,70.0,4.0,4487.25,7.0,5815.0,0.8333333333333334,3.0,-0.5333333333333334,1,0,25.0,0.0,0.0,1,0,0,2,0.0,0.0,0.0,0.0,,,,90.0,,,,80,90.0,110.0,69.5,0.0,,0,0,,0,0,5047.25,0.017642567326556,0.0,0.5,0.5,0.0
ffe5xhmq,keffe6of,5273b4e4-2b4f-47fa-834f-bd0d84d237b0,d00142cb-036c-42b2-986f-4d8449293679,0,ng,6,4719.0,3800.0,2.0,1.0,4390.0,10.0,4639.0,0.6666666666666666,3.0,-0.3666666666666666,3,0,40.0,0.0,0.0,1,0,0,2,0.0,0.0,0.0,0.0,,,,90.0,,,,80,90.0,110.0,69.5,0.0,,0,0,,0,0,5190.0,0.017642567326556,0.0,0.0,1.0,0.0
ffe5xhmq,quvmw080,5273b4e4-2b4f-47fa-834f-bd0d84d237b0,4c5c436f-ca6c-40f1-9cb5-b8bc15205ad4,0,ng,6,5573.0,2600.0,0.0,0.0,1961.25,34.0,5503.0,0.5833333333333334,10.0,0.4166666666666666,6,1,21.0,0.0,0.0,1,0,0,2,0.0,0.0,0.0,0.0,,,,90.0,,,,80,90.0,110.0,69.5,0.0,,0,0,,0,0,4681.25,0.017642567326556,0.0,0.0,1.0,0.0
ffe5xhmq,zmzx9bpp,5273b4e4-2b4f-47fa-834f-bd0d84d237b0,bc7d5ce5-ff5f-43da-8411-1cc4780872be,0,ng,6,5011.0,3800.0,65.0,4.0,3669.0,15.0,4901.0,0.9166666666666666,7.0,-0.2166666666666666,1,0,31.0,1.0,0.0,1,0,0,2,0.0,0.0,0.0,0.0,,,,90.0,,,,80,90.0,110.0,69.5,0.0,,0,0,,0,0,4869.0,0.017642567326556,0.5,0.5,0.0,0.0
ffe5xhmq,viseix7p,520e90a9-5e9e-4bfa-8244-34e70674e93f,a7efec93-ac3e-45ce-84ac-eb2844742dd5,1,ghp,7,4068.0,2600.0,,,2590.0,30.0,3958.0,0.75,0.0,-0.75,1,0,18.0,0.0,0.0,1,1,1,2,3.0,0.0,3.0,6.0,75.0,3.0,3.6666666666666665,72.0,78.0,78.0,70.0,72,78.5,85.0,68.0,-0.0828025477707006,0.0509259259259259,0,0,0.0416666666666666,0,0,4750.0,0.0105503595485162,0.0,0.0,1.0,0.0
ffe5xhmq,qhz5zte3,520e90a9-5e9e-4bfa-8244-34e70674e93f,6b8a7a0e-6534-4c7f-ba8e-d90a38b5b936,1,ghp,7,5491.0,3800.0,,,3588.75,19.0,5381.0,0.75,0.0,-0.75,2,1,18.0,0.0,0.0,1,1,1,2,2.0,0.0,2.0,6.0,75.0,3.0,3.6666666666666665,72.0,78.0,78.0,70.0,72,78.5,85.0,68.0,-0.0828025477707006,0.0509259259259259,0,0,0.0416666666666666,0,0,4956.75,0.0105503595485162,0.0,0.0,1.0,0.0
ffe5xhmq,kmcc2p31,520e90a9-5e9e-4bfa-8244-34e70674e93f,1a600171-9cfa-44bf-a3d4-b7322acefe1a,1,ghp,7,6177.0,2600.0,,,3368.0,21.0,5957.0,1.0,7.0,-0.3,1,0,39.0,0.0,1.0,1,1,1,2,1.0,3.0,-2.0,6.0,75.0,3.0,3.6666666666666665,72.0,78.0,78.0,70.0,72,78.5,85.0,68.0,-0.0828025477707006,0.0509259259259259,0,0,0.0416666666666666,0,0,4880.0,0.0105503595485162,0.0,1.0,0.0,0.0
ffe5xhmq,snooaw5j,520e90a9-5e9e-4bfa-8244-34e70674e93f,cb46e42c-c695-4491-ae41-767eb4004474,1,ghp,7,5310.0,3800.0,,,4569.5,6.0,5110.0,1.0,6.0,-0.4,1,0,28.0,0.0,1.0,1,1,1,2,0.0,0.0,0.0,6.0,75.0,3.0,3.6666666666666665,72.0,78.0,78.0,70.0,72,78.5,85.0,68.0,-0.0828025477707006,0.0509259259259259,0,0,0.0416666666666666,0,0,5001.5,0.0105503595485162,0.0,1.0,0.0,0.0
ffe5xhmq,twrkr7hz,520e90a9-5e9e-4bfa-8244-34e70674e93f,5e6b5ec7-66f5-446f-b458-3b18596521a3,1,ghp,7,5777.0,2600.0,,,3695.25,15.0,5687.0,0.75,3.0,-0.45,1,1,20.0,1.0,0.0,1,1,1,2,0.0,2.0,-2.0,6.0,75.0,3.0,3.6666666666666665,72.0,78.0,78.0,70.0,72,78.5,85.0,68.0,-0.0828025477707006,0.0509259259259259,0,0,0.0416666666666666,0,0,4775.25,0.0105503595485162,0.5,0.5,0.0,0.0
ffe5xhmq,hk3teh8u,520e90a9-5e9e-4bfa-8244-34e70674e93f,c9677d60-b255-4563-955c-c09e7b64f2df,1,ghp,7,5073.0,3800.0,,,4788.5,2.0,4943.0,0.4166666666666667,8.0,0.3833333333333333,3,1,23.0,1.0,0.0,0,1,1,2,0.0,1.0,-1.0,6.0,75.0,3.0,3.6666666666666665,72.0,78.0,78.0,70.0,72,78.5,85.0,68.0,-0.0828025477707006,0.0509259259259259,0,0,0.0416666666666666,0,0,4932.5,0.0105503595485162,0.0,1.0,0.0,0.0
ffe5xhmq,6kvq85km,5273b4e4-2b4f-47fa-834f-bd0d84d237b0,1893c9fa-143a-45ae-8599-dfedb6054045,0,ng,7,5884.0,2600.0,,,3908.5,15.0,5744.0,0.8333333333333334,6.0,-0.2333333333333334,1,0,32.0,1.0,0.0,1,0,0,2,1.0,0.0,1.0,2.0,69.75,-2.25,2.25,69.5,70.0,70.0,69.5,72,90.0,90.0,60.0,-0.2277777777777777,0.03125,0,0,-0.03125,0,0,4988.5,0.0291354431508987,0.3333333333333333,0.3333333333333333,0.3333333333333333,0.0
ffe5xhmq,7dpcven3,5273b4e4-2b4f-47fa-834f-bd0d84d237b0,18711e8c-d4a6-4e40-ac02-472f81cda568,0,ng,7,5168.0,3800.0,,,4086.5,18.0,5088.0,0.5,0.0,-0.5,2,0,26.0,0.0,0.0,1,0,0,2,0.0,0.0,0.0,2.0,69.75,-2.25,2.25,69.5,70.0,70.0,69.5,72,90.0,90.0,60.0,-0.2277777777777777,0.03125,0,0,-0.03125,0,0,5382.5,0.0291354431508987,0.0,0.0,0.0,1.0
ffe5xhmq,2mz5up3e,5273b4e4-2b4f-47fa-834f-bd0d84d237b0,ede5b087-a2ea-49eb-9494-a67b961bfc79,0,ng,7,5955.0,2600.0,,,4654.75,5.0,5815.0,0.8333333333333334,3.0,-0.5333333333333334,1,0,25.0,0.0,0.0,1,0,0,2,0.0,2.0,-2.0,2.0,69.75,-2.25,2.25,69.5,70.0,70.0,69.5,72,90.0,90.0,60.0,-0.2277777777777777,0.03125,0,0,-0.03125,0,0,5014.75,0.0291354431508987,0.0,0.5,0.5,0.0
ffe5xhmq,keffe6of,5273b4e4-2b4f-47fa-834f-bd0d84d237b0,d00142cb-036c-42b2-986f-4d8449293679,0,ng,7,4719.0,3800.0,,,4430.0,10.0,4639.0,0.6666666666666666,3.0,-0.3666666666666666,3,0,40.0,0.0,0.0,1,0,0,2,0.0,0.0,0.0,2.0,69.75,-2.25,2.25,69.5,70.0,70.0,69.5,72,90.0,90.0,60.0,-0.2277777777777777,0.03125,0,0,-0.03125,0,0,5150.0,0.0291354431508987,0.0,0.0,1.0,0.0
ffe5xhmq,quvmw080,5273b4e4-2b4f-47fa-834f-bd0d84d237b0,4c5c436f-ca6c-40f1-9cb5-b8bc15205ad4,0,ng,7,5573.0,2600.0,,,2027.25,35.0,5503.0,0.5833333333333334,10.0,0.4166666666666666,6,1,21.0,0.0,0.0,1,0,0,2,1.0,0.0,1.0,2.0,69.75,-2.25,2.25,69.5,70.0,70.0,69.5,72,90.0,90.0,60.0,-0.2277777777777777,0.03125,0,0,-0.03125,0,0,4547.25,0.0291354431508987,0.0,0.0,1.0,0.0
ffe5xhmq,zmzx9bpp,5273b4e4-2b4f-47fa-834f-bd0d84d237b0,bc7d5ce5-ff5f-43da-8411-1cc4780872be,0,ng,7,5011.0,3800.0,,,3729.0,15.0,4901.0,0.9166666666666666,7.0,-0.2166666666666666,1,0,31.0,1.0,0.0,1,0,0,2,0.0,0.0,0.0,2.0,69.75,-2.25,2.25,69.5,70.0,70.0,69.5,72,90.0,90.0,60.0,-0.2277777777777777,0.03125,0,0,-0.03125,0,0,4809.0,0.0291354431508987,0.5,0.5,0.0,0.0
ffe5xhmq,viseix7p,520e90a9-5e9e-4bfa-8244-34e70674e93f,a7efec93-ac3e-45ce-84ac-eb2844742dd5,1,ghp,8,4068.0,2600.0,,,2147.6,39.0,3958.0,0.75,0.0,-0.75,1,0,18.0,0.0,0.0,1,1,1,2,8.0,0.0,8.0,11.0,70.18181818181819,6.181818181818182,6.181818181818182,68.0,71.0,72.0,67.7,64,72.0,78.5,56.0,-0.0555555555555555,0.096590909090909,0,0,0.0965909090909091,0,0,4643.6,0.0153878227096184,0.0,0.0,1.0,0.0
ffe5xhmq,qhz5zte3,520e90a9-5e9e-4bfa-8244-34e70674e93f,6b8a7a0e-6534-4c7f-ba8e-d90a38b5b936,1,ghp,8,5491.0,3800.0,,,3523.15,21.0,5381.0,0.75,0.0,-0.75,2,1,18.0,0.0,0.0,1,1,1,2,3.0,1.0,2.0,11.0,70.18181818181819,6.181818181818182,6.181818181818182,68.0,71.0,72.0,67.7,64,72.0,78.5,56.0,-0.0555555555555555,0.096590909090909,0,0,0.0965909090909091,0,0,4867.15,0.0153878227096184,0.0,0.0,1.0,0.0
ffe5xhmq,kmcc2p31,520e90a9-5e9e-4bfa-8244-34e70674e93f,1a600171-9cfa-44bf-a3d4-b7322acefe1a,1,ghp,8,6177.0,2600.0,,,3805.7,19.0,5957.0,1.0,7.0,-0.3,1,0,39.0,0.0,1.0,1,1,1,2,0.0,5.0,-5.0,11.0,70.18181818181819,6.181818181818182,6.181818181818182,68.0,71.0,72.0,67.7,64,72.0,78.5,56.0,-0.0555555555555555,0.096590909090909,0,0,0.0965909090909091,0,0,5021.7,0.0153878227096184,0.0,1.0,0.0,0.0
ffe5xhmq,snooaw5j,520e90a9-5e9e-4bfa-8244-34e70674e93f,cb46e42c-c695-4491-ae41-767eb4004474,1,ghp,8,5310.0,3800.0,,,4593.5,6.0,5110.0,1.0,6.0,-0.4,1,0,28.0,0.0,1.0,1,1,1,2,0.0,0.0,0.0,11.0,70.18181818181819,6.181818181818182,6.181818181818182,68.0,71.0,72.0,67.7,64,72.0,78.5,56.0,-0.0555555555555555,0.096590909090909,0,0,0.0965909090909091,0,0,4977.5,0.0153878227096184,0.0,1.0,0.0,0.0
ffe5xhmq,twrkr7hz,520e90a9-5e9e-4bfa-8244-34e70674e93f,5e6b5ec7-66f5-446f-b458-3b18596521a3,1,ghp,8,5777.0,2600.0,,,3964.95,12.0,5687.0,0.75,3.0,-0.45,1,1,20.0,1.0,0.0,1,1,1,2,0.0,3.0,-3.0,11.0,70.18181818181819,6.181818181818182,6.181818181818182,68.0,71.0,72.0,67.7,64,72.0,78.5,56.0,-0.0555555555555555,0.096590909090909,0,0,0.0965909090909091,0,0,4732.95,0.0153878227096184,0.5,0.5,0.0,0.0
ffe5xhmq,hk3teh8u,520e90a9-5e9e-4bfa-8244-34e70674e93f,c9677d60-b255-4563-955c-c09e7b64f2df,1,ghp,8,5073.0,3800.0,,,4937.1,0.0,4943.0,0.4166666666666667,8.0,0.3833333333333333,3,1,23.0,1.0,0.0,0,1,1,2,0.0,2.0,-2.0,11.0,70.18181818181819,6.181818181818182,6.181818181818182,68.0,71.0,72.0,67.7,64,72.0,78.5,56.0,-0.0555555555555555,0.096590909090909,0,0,0.0965909090909091,0,0,4937.1,0.0153878227096184,0.0,1.0,0.0,0.0
ffe5xhmq,6kvq85km,5273b4e4-2b4f-47fa-834f-bd0d84d237b0,1893c9fa-143a-45ae-8599-dfedb6054045,0,ng,8,5884.0,2600.0,,,3968.5,16.0,5744.0,0.8333333333333334,6.0,-0.2333333333333334,1,0,32.0,1.0,0.0,1,0,0,2,0.0,0.0,0.0,3.0,63.0,-1.0,4.333333333333333,60.0,69.0,69.0,60.0,64,69.5,90.0,58.0,-0.1366906474820144,0.0677083333333333,0,0,-0.015625,0,0,4992.5,0.0234970459567942,0.3333333333333333,0.3333333333333333,0.3333333333333333,0.0
ffe5xhmq,7dpcven3,5273b4e4-2b4f-47fa-834f-bd0d84d237b0,18711e8c-d4a6-4e40-ac02-472f81cda568,0,ng,8,5168.0,3800.0,,,4158.5,17.0,5088.0,0.5,0.0,-0.5,2,0,26.0,0.0,0.0,1,0,0,2,0.0,0.0,0.0,3.0,63.0,-1.0,4.333333333333333,60.0,69.0,69.0,60.0,64,69.5,90.0,58.0,-0.1366906474820144,0.0677083333333333,0,0,-0.015625,0,0,5246.5,0.0234970459567942,0.0,0.0,0.0,1.0
ffe5xhmq,2mz5up3e,5273b4e4-2b4f-47fa-834f-bd0d84d237b0,ede5b087-a2ea-49eb-9494-a67b961bfc79,0,ng,8,5955.0,2600.0,,,4743.75,4.0,5815.0,0.8333333333333334,3.0,-0.5333333333333334,1,0,25.0,0.0,0.0,1,0,0,2,0.0,1.0,-1.0,3.0,63.0,-1.0,4.333333333333333,60.0,69.0,69.0,60.0,64,69.5,90.0,58.0,-0.1366906474820144,0.0677083333333333,0,0,-0.015625,0,0,4999.75,0.0234970459567942,0.0,0.5,0.5,0.0
ffe5xhmq,keffe6of,5273b4e4-2b4f-47fa-834f-bd0d84d237b0,d00142cb-036c-42b2-986f-4d8449293679,0,ng,8,4719.0,3800.0,,,4350.0,10.0,4639.0,0.6666666666666666,3.0,-0.3666666666666666,3,0,40.0,0.0,0.0,1,0,0,2,2.0,0.0,2.0,3.0,63.0,-1.0,4.333333333333333,60.0,69.0,69.0,60.0,64,69.5,90.0,58.0,-0.1366906474820144,0.0677083333333333,0,0,-0.015625,0,0,4990.0,0.0234970459567942,0.0,0.0,1.0,0.0
ffe5xhmq,quvmw080,5273b4e4-2b4f-47fa-834f-bd0d84d237b0,4c5c436f-ca6c-40f1-9cb5-b8bc15205ad4,0,ng,8,5573.0,2600.0,,,2098.25,38.0,5503.0,0.5833333333333334,10.0,0.4166666666666666,6,1,21.0,0.0,0.0,1,0,0,2,1.0,0.0,1.0,3.0,63.0,-1.0,4.333333333333333,60.0,69.0,69.0,60.0,64,69.5,90.0,58.0,-0.1366906474820144,0.0677083333333333,0,0,-0.015625,0,0,4530.25,0.0234970459567942,0.0,0.0,1.0,0.0
ffe5xhmq,zmzx9bpp,5273b4e4-2b4f-47fa-834f-bd0d84d237b0,bc7d5ce5-ff5f-43da-8411-1cc4780872be,0,ng,8,5011.0,3800.0,,,3909.0,14.0,4901.0,0.9166666666666666,7.0,-0.2166666666666666,1,0,31.0,1.0,0.0,1,0,0,2,0.0,2.0,-2.0,3.0,63.0,-1.0,4.333333333333333,60.0,69.0,69.0,60.0,64,69.5,90.0,58.0,-0.1366906474820144,0.0677083333333333,0,0,-0.015625,0,0,4805.0,0.0234970459567942,0.5,0.5,0.0,0.0
ffe5xhmq,viseix7p,520e90a9-5e9e-4bfa-8244-34e70674e93f,a7efec93-ac3e-45ce-84ac-eb2844742dd5,1,ghp,9,4068.0,2600.0,40.0,4.0,2112.35,42.0,3958.0,0.75,0.0,-0.75,1,0,18.0,0.0,0.0,1,1,1,2,3.0,0.0,3.0,6.0,62.208333333333336,6.208333333333333,6.208333333333333,56.0,66.0,66.0,56.0,56,68.0,72.0,49.0,-0.1764705882352941,0.1108630952380952,0,0,0.1108630952380952,0,0,4464.35,0.0175295202090917,0.0,0.0,1.0,0.0
ffe5xhmq,qhz5zte3,520e90a9-5e9e-4bfa-8244-34e70674e93f,6b8a7a0e-6534-4c7f-ba8e-d90a38b5b936,1,ghp,9,5491.0,3800.0,27.0,3.0,3550.4,22.0,5381.0,0.75,0.0,-0.75,2,1,18.0,0.0,0.0,1,1,1,2,3.0,2.0,1.0,6.0,62.208333333333336,6.208333333333333,6.208333333333333,56.0,66.0,66.0,56.0,56,68.0,72.0,49.0,-0.1764705882352941,0.1108630952380952,0,0,0.1108630952380952,0,0,4782.4,0.0175295202090917,0.0,0.0,1.0,0.0
ffe5xhmq,kmcc2p31,520e90a9-5e9e-4bfa-8244-34e70674e93f,1a600171-9cfa-44bf-a3d4-b7322acefe1a,1,ghp,9,6177.0,2600.0,50.0,5.0,4013.7000000000007,14.0,5957.0,1.0,7.0,-0.3,1,0,39.0,0.0,1.0,1,1,1,2,0.0,2.0,-2.0,6.0,62.208333333333336,6.208333333333333,6.208333333333333,56.0,66.0,66.0,56.0,56,68.0,72.0,49.0,-0.1764705882352941,0.1108630952380952,0,0,0.1108630952380952,0,0,4797.700000000001,0.0175295202090917,0.0,1.0,0.0,0.0
ffe5xhmq,snooaw5j,520e90a9-5e9e-4bfa-8244-34e70674e93f,cb46e42c-c695-4491-ae41-767eb4004474,1,ghp,9,5310.0,3800.0,50.0,4.0,4673.5,4.0,5110.0,1.0,6.0,-0.4,1,0,28.0,0.0,1.0,1,1,1,2,0.0,1.0,-1.0,6.0,62.208333333333336,6.208333333333333,6.208333333333333,56.0,66.0,66.0,56.0,56,68.0,72.0,49.0,-0.1764705882352941,0.1108630952380952,0,0,0.1108630952380952,0,0,4897.5,0.0175295202090917,0.0,1.0,0.0,0.0
ffe5xhmq,twrkr7hz,520e90a9-5e9e-4bfa-8244-34e70674e93f,5e6b5ec7-66f5-446f-b458-3b18596521a3,1,ghp,9,5777.0,2600.0,34.0,1.0,4072.95,11.0,5687.0,0.75,3.0,-0.45,1,1,20.0,1.0,0.0,1,1,1,2,0.0,1.0,-1.0,6.0,62.208333333333336,6.208333333333333,6.208333333333333,56.0,66.0,66.0,56.0,56,68.0,72.0,49.0,-0.1764705882352941,0.1108630952380952,0,0,0.1108630952380952,0,0,4688.95,0.0175295202090917,0.5,0.5,0.0,0.0
ffe5xhmq,hk3teh8u,520e90a9-5e9e-4bfa-8244-34e70674e93f,c9677d60-b255-4563-955c-c09e7b64f2df,1,ghp,9,5073.0,3800.0,55.0,5.0,4937.1,0.0,4943.0,0.4166666666666667,8.0,0.3833333333333333,3,1,23.0,1.0,0.0,0,1,1,2,0.0,0.0,0.0,6.0,62.208333333333336,6.208333333333333,6.208333333333333,56.0,66.0,66.0,56.0,56,68.0,72.0,49.0,-0.1764705882352941,0.1108630952380952,0,0,0.1108630952380952,0,0,4937.1,0.0175295202090917,0.0,1.0,0.0,0.0
ffe5xhmq,6kvq85km,5273b4e4-2b4f-47fa-834f-bd0d84d237b0,1893c9fa-143a-45ae-8599-dfedb6054045,0,ng,9,5884.0,2600.0,45.0,3.0,4150.5,12.0,5744.0,0.8333333333333334,6.0,-0.2333333333333334,1,0,32.0,1.0,0.0,1,0,0,2,0.0,2.0,-2.0,5.0,57.6,1.6,4.0,58.0,60.0,60.0,50.0,56,60.0,69.5,50.0,-0.0333333333333333,0.0714285714285714,0,0,0.0285714285714286,0,0,4822.5,0.0295980176211453,0.3333333333333333,0.3333333333333333,0.3333333333333333,0.0
ffe5xhmq,7dpcven3,5273b4e4-2b4f-47fa-834f-bd0d84d237b0,18711e8c-d4a6-4e40-ac02-472f81cda568,0,ng,9,5168.0,3800.0,60.0,3.0,4226.5,17.0,5088.0,0.5,0.0,-0.5,2,0,26.0,0.0,0.0,1,0,0,2,0.0,0.0,0.0,5.0,57.6,1.6,4.0,58.0,60.0,60.0,50.0,56,60.0,69.5,50.0,-0.0333333333333333,0.0714285714285714,0,0,0.0285714285714286,0,0,5178.5,0.0295980176211453,0.0,0.0,0.0,1.0
ffe5xhmq,2mz5up3e,5273b4e4-2b4f-47fa-834f-bd0d84d237b0,ede5b087-a2ea-49eb-9494-a67b961bfc79,0,ng,9,5955.0,2600.0,0.0,0.0,4759.75,4.0,5815.0,0.8333333333333334,3.0,-0.5333333333333334,1,0,25.0,0.0,0.0,1,0,0,2,0.0,0.0,0.0,5.0,57.6,1.6,4.0,58.0,60.0,60.0,50.0,56,60.0,69.5,50.0,-0.0333333333333333,0.0714285714285714,0,0,0.0285714285714286,0,0,4983.75,0.0295980176211453,0.0,0.5,0.5,0.0
ffe5xhmq,keffe6of,5273b4e4-2b4f-47fa-834f-bd0d84d237b0,d00142cb-036c-42b2-986f-4d8449293679,0,ng,9,4719.0,3800.0,2.0,1.0,4160.0,14.0,4639.0,0.6666666666666666,3.0,-0.3666666666666666,3,0,40.0,0.0,0.0,1,0,0,2,4.0,0.0,4.0,5.0,57.6,1.6,4.0,58.0,60.0,60.0,50.0,56,60.0,69.5,50.0,-0.0333333333333333,0.0714285714285714,0,0,0.0285714285714286,0,0,4944.0,0.0295980176211453,0.0,0.0,1.0,0.0
ffe5xhmq,quvmw080,5273b4e4-2b4f-47fa-834f-bd0d84d237b0,4c5c436f-ca6c-40f1-9cb5-b8bc15205ad4,0,ng,9,5573.0,2600.0,58.0,2.0,2242.25,36.0,5503.0,0.5833333333333334,10.0,0.4166666666666666,6,1,21.0,0.0,0.0,1,0,0,2,1.0,1.0,0.0,5.0,57.6,1.6,4.0,58.0,60.0,60.0,50.0,56,60.0,69.5,50.0,-0.0333333333333333,0.0714285714285714,0,0,0.0285714285714286,0,0,4258.25,0.0295980176211453,0.0,0.0,1.0,0.0
ffe5xhmq,zmzx9bpp,5273b4e4-2b4f-47fa-834f-bd0d84d237b0,bc7d5ce5-ff5f-43da-8411-1cc4780872be,0,ng,9,5011.0,3800.0,38.0,4.0,4085.0,14.0,4901.0,0.9166666666666666,7.0,-0.2166666666666666,1,0,31.0,1.0,0.0,1,0,0,2,0.0,2.0,-2.0,5.0,57.6,1.6,4.0,58.0,60.0,60.0,50.0,56,60.0,69.5,50.0,-0.0333333333333333,0.0714285714285714,0,0,0.0285714285714286,0,0,4869.0,0.0295980176211453,0.5,0.5,0.0,0.0
ffe5xhmq,viseix7p,520e90a9-5e9e-4bfa-8244-34e70674e93f,a7efec93-ac3e-45ce-84ac-eb2844742dd5,1,ghp,10,4068.0,2600.0,,,2619.35,48.0,3958.0,0.75,0.0,-0.75,1,0,18.0,0.0,0.0,1,1,1,2,7.0,1.0,6.0,11.0,53.54545454545455,5.545454545454546,5.545454545454546,49.0,58.0,58.0,49.0,48,56.0,68.0,40.0,-0.125,0.115530303030303,0,0,0.115530303030303,0,0,4923.35,0.0108308787432498,0.0,0.0,1.0,0.0
ffe5xhmq,qhz5zte3,520e90a9-5e9e-4bfa-8244-34e70674e93f,6b8a7a0e-6534-4c7f-ba8e-d90a38b5b936,1,ghp,10,5491.0,3800.0,,,4005.4,22.0,5381.0,0.75,0.0,-0.75,2,1,18.0,0.0,0.0,1,1,1,2,3.0,3.0,0.0,11.0,53.54545454545455,5.545454545454546,5.545454545454546,49.0,58.0,58.0,49.0,48,56.0,68.0,40.0,-0.125,0.115530303030303,0,0,0.115530303030303,0,0,5061.4,0.0108308787432498,0.0,0.0,1.0,0.0
ffe5xhmq,kmcc2p31,520e90a9-5e9e-4bfa-8244-34e70674e93f,1a600171-9cfa-44bf-a3d4-b7322acefe1a,1,ghp,10,6177.0,2600.0,,,4506.700000000001,13.0,5957.0,1.0,7.0,-0.3,1,0,39.0,0.0,1.0,1,1,1,2,0.0,4.0,-4.0,11.0,53.54545454545455,5.545454545454546,5.545454545454546,49.0,58.0,58.0,49.0,48,56.0,68.0,40.0,-0.125,0.115530303030303,0,0,0.115530303030303,0,0,5130.700000000001,0.0108308787432498,0.0,1.0,0.0,0.0
ffe5xhmq,snooaw5j,520e90a9-5e9e-4bfa-8244-34e70674e93f,cb46e42c-c695-4491-ae41-767eb4004474,1,ghp,10,5310.0,3800.0,,,4803.5,3.0,5110.0,1.0,6.0,-0.4,1,0,28.0,0.0,1.0,1,1,1,2,0.0,1.0,-1.0,11.0,53.54545454545455,5.545454545454546,5.545454545454546,49.0,58.0,58.0,49.0,48,56.0,68.0,40.0,-0.125,0.115530303030303,0,0,0.115530303030303,0,0,4947.5,0.0108308787432498,0.0,1.0,0.0,0.0
ffe5xhmq,twrkr7hz,520e90a9-5e9e-4bfa-8244-34e70674e93f,5e6b5ec7-66f5-446f-b458-3b18596521a3,1,ghp,10,5777.0,2600.0,,,4399.95,9.0,5687.0,0.75,3.0,-0.45,1,1,20.0,1.0,0.0,1,1,1,2,0.0,2.0,-2.0,11.0,53.54545454545455,5.545454545454546,5.545454545454546,49.0,58.0,58.0,49.0,48,56.0,68.0,40.0,-0.125,0.115530303030303,0,0,0.115530303030303,0,0,4831.95,0.0108308787432498,0.5,0.5,0.0,0.0
ffe5xhmq,hk3teh8u,520e90a9-5e9e-4bfa-8244-34e70674e93f,c9677d60-b255-4563-955c-c09e7b64f2df,1,ghp,10,5073.0,3800.0,,,4885.1,2.0,4943.0,0.4166666666666667,8.0,0.3833333333333333,3,1,23.0,1.0,0.0,0,1,1,2,1.0,0.0,1.0,11.0,53.54545454545455,5.545454545454546,5.545454545454546,49.0,58.0,58.0,49.0,48,56.0,68.0,40.0,-0.125,0.115530303030303,0,0,0.115530303030303,0,0,4981.1,0.0108308787432498,0.0,1.0,0.0,0.0
ffe5xhmq,6kvq85km,5273b4e4-2b4f-47fa-834f-bd0d84d237b0,1893c9fa-143a-45ae-8599-dfedb6054045,0,ng,10,5884.0,2600.0,,,4644.5,8.0,5744.0,0.8333333333333334,6.0,-0.2333333333333334,1,0,32.0,1.0,0.0,1,0,0,2,0.0,5.0,-5.0,8.0,50.5,2.5,2.5,50.0,52.0,52.0,50.0,48,58.0,60.0,39.0,-0.1379310344827586,0.0520833333333333,0,0,0.0520833333333333,0,0,5028.5,0.0217869042921653,0.3333333333333333,0.3333333333333333,0.3333333333333333,0.0
ffe5xhmq,7dpcven3,5273b4e4-2b4f-47fa-834f-bd0d84d237b0,18711e8c-d4a6-4e40-ac02-472f81cda568,0,ng,10,5168.0,3800.0,,,4566.5,17.0,5088.0,0.5,0.0,-0.5,2,0,26.0,0.0,0.0,1,0,0,2,0.0,0.0,0.0,8.0,50.5,2.5,2.5,50.0,52.0,52.0,50.0,48,58.0,60.0,39.0,-0.1379310344827586,0.0520833333333333,0,0,0.0520833333333333,0,0,5382.5,0.0217869042921653,0.0,0.0,0.0,1.0
ffe5xhmq,2mz5up3e,5273b4e4-2b4f-47fa-834f-bd0d84d237b0,ede5b087-a2ea-49eb-9494-a67b961bfc79,0,ng,10,5955.0,2600.0,,,4889.75,3.0,5815.0,0.8333333333333334,3.0,-0.5333333333333334,1,0,25.0,0.0,0.0,1,0,0,2,0.0,1.0,-1.0,8.0,50.5,2.5,2.5,50.0,52.0,52.0,50.0,48,58.0,60.0,39.0,-0.1379310344827586,0.0520833333333333,0,0,0.0520833333333333,0,0,5033.75,0.0217869042921653,0.0,0.5,0.5,0.0
ffe5xhmq,keffe6of,5273b4e4-2b4f-47fa-834f-bd0d84d237b0,d00142cb-036c-42b2-986f-4d8449293679,0,ng,10,4719.0,3800.0,,,4087.0,24.0,4639.0,0.6666666666666666,3.0,-0.3666666666666666,3,0,40.0,0.0,0.0,1,0,0,2,7.0,0.0,7.0,8.0,50.5,2.5,2.5,50.0,52.0,52.0,50.0,48,58.0,60.0,39.0,-0.1379310344827586,0.0520833333333333,0,0,0.0520833333333333,0,0,5239.0,0.0217869042921653,0.0,0.0,1.0,0.0
ffe5xhmq,quvmw080,5273b4e4-2b4f-47fa-834f-bd0d84d237b0,4c5c436f-ca6c-40f1-9cb5-b8bc15205ad4,0,ng,10,5573.0,2600.0,,,2961.25,37.0,5503.0,0.5833333333333334,10.0,0.4166666666666666,6,1,21.0,0.0,0.0,1,0,0,2,1.0,1.0,0.0,8.0,50.5,2.5,2.5,50.0,52.0,52.0,50.0,48,58.0,60.0,39.0,-0.1379310344827586,0.0520833333333333,0,0,0.0520833333333333,0,0,4737.25,0.0217869042921653,0.0,0.0,1.0,0.0
ffe5xhmq,zmzx9bpp,5273b4e4-2b4f-47fa-834f-bd0d84d237b0,bc7d5ce5-ff5f-43da-8411-1cc4780872be,0,ng,10,5011.0,3800.0,,,4415.0,12.0,4901.0,0.9166666666666666,7.0,-0.2166666666666666,1,0,31.0,1.0,0.0,1,0,0,2,0.0,1.0,-1.0,8.0,50.5,2.5,2.5,50.0,52.0,52.0,50.0,48,58.0,60.0,39.0,-0.1379310344827586,0.0520833333333333,0,0,0.0520833333333333,0,0,4991.0,0.0217869042921653,0.5,0.5,0.0,0.0
ffe5xhmq,viseix7p,520e90a9-5e9e-4bfa-8244-34e70674e93f,a7efec93-ac3e-45ce-84ac-eb2844742dd5,1,ghp,11,4068.0,2600.0,,,2873.35,49.0,3958.0,0.75,0.0,-0.75,1,0,18.0,0.0,0.0,1,1,1,2,3.0,0.0,3.0,5.0,42.8,2.8,3.2,40.0,48.0,48.0,39.0,40,49.0,56.0,30.4,-0.183673469387755,0.08,0,0,0.0699999999999999,0,0,4833.35,0.0096521122958564,0.0,0.0,1.0,0.0
ffe5xhmq,qhz5zte3,520e90a9-5e9e-4bfa-8244-34e70674e93f,6b8a7a0e-6534-4c7f-ba8e-d90a38b5b936,1,ghp,11,5491.0,3800.0,,,4145.4,22.0,5381.0,0.75,0.0,-0.75,2,1,18.0,0.0,0.0,1,1,1,2,2.0,1.0,1.0,5.0,42.8,2.8,3.2,40.0,48.0,48.0,39.0,40,49.0,56.0,30.4,-0.183673469387755,0.08,0,0,0.0699999999999999,0,0,5025.4,0.0096521122958564,0.0,0.0,1.0,0.0
ffe5xhmq,kmcc2p31,520e90a9-5e9e-4bfa-8244-34e70674e93f,1a600171-9cfa-44bf-a3d4-b7322acefe1a,1,ghp,11,6177.0,2600.0,,,4697.700000000001,9.0,5957.0,1.0,7.0,-0.3,1,0,39.0,0.0,1.0,1,1,1,2,0.0,2.0,-2.0,5.0,42.8,2.8,3.2,40.0,48.0,48.0,39.0,40,49.0,56.0,30.4,-0.183673469387755,0.08,0,0,0.0699999999999999,0,0,5057.700000000001,0.0096521122958564,0.0,1.0,0.0,0.0
ffe5xhmq,snooaw5j,520e90a9-5e9e-4bfa-8244-34e70674e93f,cb46e42c-c695-4491-ae41-767eb4004474,1,ghp,11,5310.0,3800.0,,,4867.5,2.0,5110.0,1.0,6.0,-0.4,1,0,28.0,0.0,1.0,1,1,1,2,0.0,1.0,-1.0,5.0,42.8,2.8,3.2,40.0,48.0,48.0,39.0,40,49.0,56.0,30.4,-0.183673469387755,0.08,0,0,0.0699999999999999,0,0,4947.5,0.0096521122958564,0.0,1.0,0.0,0.0
ffe5xhmq,twrkr7hz,520e90a9-5e9e-4bfa-8244-34e70674e93f,5e6b5ec7-66f5-446f-b458-3b18596521a3,1,ghp,11,5777.0,2600.0,,,4510.95,8.0,5687.0,0.75,3.0,-0.45,1,1,20.0,1.0,0.0,1,1,1,2,0.0,1.0,-1.0,5.0,42.8,2.8,3.2,40.0,48.0,48.0,39.0,40,49.0,56.0,30.4,-0.183673469387755,0.08,0,0,0.0699999999999999,0,0,4830.95,0.0096521122958564,0.5,0.5,0.0,0.0
ffe5xhmq,hk3teh8u,520e90a9-5e9e-4bfa-8244-34e70674e93f,c9677d60-b255-4563-955c-c09e7b64f2df,1,ghp,11,5073.0,3800.0,,,4901.1,1.0,4943.0,0.4166666666666667,8.0,0.3833333333333333,3,1,23.0,1.0,0.0,0,1,1,2,0.0,0.0,0.0,5.0,42.8,2.8,3.2,40.0,48.0,48.0,39.0,40,49.0,56.0,30.4,-0.183673469387755,0.08,0,0,0.0699999999999999,0,0,4941.1,0.0096521122958564,0.0,1.0,0.0,0.0
ffe5xhmq,6kvq85km,5273b4e4-2b4f-47fa-834f-bd0d84d237b0,1893c9fa-143a-45ae-8599-dfedb6054045,0,ng,11,5884.0,2600.0,,,4788.75,6.0,5744.0,0.8333333333333334,6.0,-0.2333333333333334,1,0,32.0,1.0,0.0,1,0,0,2,0.0,2.0,-2.0,12.0,40.041666666666664,0.0416666666666666,0.25,39.0,41.0,41.0,39.0,40,50.0,58.0,30.0,-0.2199999999999999,0.00625,0,0,0.0010416666666666,0,0,5028.75,0.0130355037337875,0.3333333333333333,0.3333333333333333,0.3333333333333333,0.0
ffe5xhmq,7dpcven3,5273b4e4-2b4f-47fa-834f-bd0d84d237b0,18711e8c-d4a6-4e40-ac02-472f81cda568,0,ng,11,5168.0,3800.0,,,4702.5,16.0,5088.0,0.5,0.0,-0.5,2,0,26.0,0.0,0.0,1,0,0,2,0.0,0.0,0.0,12.0,40.041666666666664,0.0416666666666666,0.25,39.0,41.0,41.0,39.0,40,50.0,58.0,30.0,-0.2199999999999999,0.00625,0,0,0.0010416666666666,0,0,5342.5,0.0130355037337875,0.0,0.0,0.0,1.0
ffe5xhmq,2mz5up3e,5273b4e4-2b4f-47fa-834f-bd0d84d237b0,ede5b087-a2ea-49eb-9494-a67b961bfc79,0,ng,11,5955.0,2600.0,,,4913.25,3.0,5815.0,0.8333333333333334,3.0,-0.5333333333333334,1,0,25.0,0.0,0.0,1,0,0,2,2.0,2.0,0.0,12.0,40.041666666666664,0.0416666666666666,0.25,39.0,41.0,41.0,39.0,40,50.0,58.0,30.0,-0.2199999999999999,0.00625,0,0,0.0010416666666666,0,0,5033.25,0.0130355037337875,0.0,0.5,0.5,0.0
ffe5xhmq,keffe6of,5273b4e4-2b4f-47fa-834f-bd0d84d237b0,d00142cb-036c-42b2-986f-4d8449293679,0,ng,11,4719.0,3800.0,,,4239.0,23.0,4639.0,0.6666666666666666,3.0,-0.3666666666666666,3,0,40.0,0.0,0.0,1,0,0,2,3.0,2.0,1.0,12.0,40.041666666666664,0.0416666666666666,0.25,39.0,41.0,41.0,39.0,40,50.0,58.0,30.0,-0.2199999999999999,0.00625,0,0,0.0010416666666666,0,0,5159.0,0.0130355037337875,0.0,0.0,1.0,0.0
ffe5xhmq,quvmw080,5273b4e4-2b4f-47fa-834f-bd0d84d237b0,4c5c436f-ca6c-40f1-9cb5-b8bc15205ad4,0,ng,11,5573.0,2600.0,,,3018.25,50.0,5503.0,0.5833333333333334,10.0,0.4166666666666666,6,1,21.0,0.0,0.0,1,0,0,2,7.0,1.0,6.0,12.0,40.041666666666664,0.0416666666666666,0.25,39.0,41.0,41.0,39.0,40,50.0,58.0,30.0,-0.2199999999999999,0.00625,0,0,0.0010416666666666,0,0,5018.25,0.0130355037337875,0.0,0.0,1.0,0.0
ffe5xhmq,zmzx9bpp,5273b4e4-2b4f-47fa-834f-bd0d84d237b0,bc7d5ce5-ff5f-43da-8411-1cc4780872be,0,ng,11,5011.0,3800.0,,,4710.25,6.0,4901.0,0.9166666666666666,7.0,-0.2166666666666666,1,0,31.0,1.0,0.0,1,0,0,2,0.0,5.0,-5.0,12.0,40.041666666666664,0.0416666666666666,0.25,39.0,41.0,41.0,39.0,40,50.0,58.0,30.0,-0.2199999999999999,0.00625,0,0,0.0010416666666666,0,0,4950.25,0.0130355037337875,0.5,0.5,0.0,0.0
ffe5xhmq,viseix7p,520e90a9-5e9e-4bfa-8244-34e70674e93f,a7efec93-ac3e-45ce-84ac-eb2844742dd5,1,ghp,12,4068.0,2600.0,26.0,5.0,3155.95,57.0,3958.0,0.75,0.0,-0.75,1,0,18.0,0.0,0.0,1,1,1,2,4.0,1.0,3.0,5.0,34.28,2.28,3.3200000000000003,30.4,39.0,39.0,30.4,32,40.0,49.0,23.0,-0.24,0.10375,0,0,0.07125,0,0,4979.95,0.007235250638355,0.0,0.0,1.0,0.0
ffe5xhmq,qhz5zte3,520e90a9-5e9e-4bfa-8244-34e70674e93f,6b8a7a0e-6534-4c7f-ba8e-d90a38b5b936,1,ghp,12,5491.0,3800.0,15.0,3.0,4290.4,23.0,5381.0,0.75,0.0,-0.75,2,1,18.0,0.0,0.0,1,1,1,2,1.0,0.0,1.0,5.0,34.28,2.28,3.3200000000000003,30.4,39.0,39.0,30.4,32,40.0,49.0,23.0,-0.24,0.10375,0,0,0.07125,0,0,5026.4,0.007235250638355,0.0,0.0,1.0,0.0
ffe5xhmq,kmcc2p31,520e90a9-5e9e-4bfa-8244-34e70674e93f,1a600171-9cfa-44bf-a3d4-b7322acefe1a,1,ghp,12,6177.0,2600.0,22.0,4.0,4808.700000000001,7.0,5957.0,1.0,7.0,-0.3,1,0,39.0,0.0,1.0,1,1,1,2,0.0,1.0,-1.0,5.0,34.28,2.28,3.3200000000000003,30.4,39.0,39.0,30.4,32,40.0,49.0,23.0,-0.24,0.10375,0,0,0.07125,0,0,5032.700000000001,0.007235250638355,0.0,1.0,0.0,0.0
ffe5xhmq,snooaw5j,520e90a9-5e9e-4bfa-8244-34e70674e93f,cb46e42c-c695-4491-ae41-767eb4004474,1,ghp,12,5310.0,3800.0,25.0,4.0,4919.5,1.0,5110.0,1.0,6.0,-0.4,1,0,28.0,0.0,1.0,1,1,1,2,0.0,1.0,-1.0,5.0,34.28,2.28,3.3200000000000003,30.4,39.0,39.0,30.4,32,40.0,49.0,23.0,-0.24,0.10375,0,0,0.07125,0,0,4951.5,0.007235250638355,0.0,1.0,0.0,0.0
ffe5xhmq,twrkr7hz,520e90a9-5e9e-4bfa-8244-34e70674e93f,5e6b5ec7-66f5-446f-b458-3b18596521a3,1,ghp,12,5777.0,2600.0,19.0,2.0,4605.349999999999,7.0,5687.0,0.75,3.0,-0.45,1,1,20.0,1.0,0.0,1,1,1,2,0.0,1.0,-1.0,5.0,34.28,2.28,3.3200000000000003,30.4,39.0,39.0,30.4,32,40.0,49.0,23.0,-0.24,0.10375,0,0,0.07125,0,0,4829.349999999999,0.007235250638355,0.5,0.5,0.0,0.0
ffe5xhmq,hk3teh8u,520e90a9-5e9e-4bfa-8244-34e70674e93f,c9677d60-b255-4563-955c-c09e7b64f2df,1,ghp,12,5073.0,3800.0,38.0,4.0,4944.1,0.0,4943.0,0.4166666666666667,8.0,0.3833333333333333,3,1,23.0,1.0,0.0,0,1,1,2,0.0,1.0,-1.0,5.0,34.28,2.28,3.3200000000000003,30.4,39.0,39.0,30.4,32,40.0,49.0,23.0,-0.24,0.10375,0,0,0.07125,0,0,4944.1,0.007235250638355,0.0,1.0,0.0,0.0
ffe5xhmq,6kvq85km,5273b4e4-2b4f-47fa-834f-bd0d84d237b0,1893c9fa-143a-45ae-8599-dfedb6054045,0,ng,12,5884.0,2600.0,25.0,3.0,4868.75,5.0,5744.0,0.8333333333333334,6.0,-0.2333333333333334,1,0,32.0,1.0,0.0,1,0,0,2,0.0,1.0,-1.0,5.0,32.6,0.6,1.8,30.0,38.0,38.0,30.0,32,39.0,50.0,22.0,-0.2307692307692307,0.05625,0,0,0.01875,0,0,5028.75,0.0195943284757778,0.3333333333333333,0.3333333333333333,0.3333333333333333,0.0
ffe5xhmq,7dpcven3,5273b4e4-2b4f-47fa-834f-bd0d84d237b0,18711e8c-d4a6-4e40-ac02-472f81cda568,0,ng,12,5168.0,3800.0,0.0,0.0,4830.5,18.0,5088.0,0.5,0.0,-0.5,2,0,26.0,0.0,0.0,1,0,0,2,0.0,0.0,0.0,5.0,32.6,0.6,1.8,30.0,38.0,38.0,30.0,32,39.0,50.0,22.0,-0.2307692307692307,0.05625,0,0,0.01875,0,0,5406.5,0.0195943284757778,0.0,0.0,0.0,1.0
ffe5xhmq,2mz5up3e,5273b4e4-2b4f-47fa-834f-bd0d84d237b0,ede5b087-a2ea-49eb-9494-a67b961bfc79,0,ng,12,5955.0,2600.0,0.0,0.0,4937.25,3.0,5815.0,0.8333333333333334,3.0,-0.5333333333333334,1,0,25.0,0.0,0.0,1,0,0,2,1.0,1.0,0.0,5.0,32.6,0.6,1.8,30.0,38.0,38.0,30.0,32,39.0,50.0,22.0,-0.2307692307692307,0.05625,0,0,0.01875,0,0,5033.25,0.0195943284757778,0.0,0.5,0.5,0.0
ffe5xhmq,keffe6of,5273b4e4-2b4f-47fa-834f-bd0d84d237b0,d00142cb-036c-42b2-986f-4d8449293679,0,ng,12,4719.0,3800.0,2.0,1.0,4292.0,28.0,4639.0,0.6666666666666666,3.0,-0.3666666666666666,3,0,40.0,0.0,0.0,1,0,0,2,4.0,0.0,4.0,5.0,32.6,0.6,1.8,30.0,38.0,38.0,30.0,32,39.0,50.0,22.0,-0.2307692307692307,0.05625,0,0,0.01875,0,0,5188.0,0.0195943284757778,0.0,0.0,1.0,0.0
ffe5xhmq,quvmw080,5273b4e4-2b4f-47fa-834f-bd0d84d237b0,4c5c436f-ca6c-40f1-9cb5-b8bc15205ad4,0,ng,12,5573.0,2600.0,30.0,2.0,3448.25,42.0,5503.0,0.5833333333333334,10.0,0.4166666666666666,6,1,21.0,0.0,0.0,1,0,0,2,0.0,1.0,-1.0,5.0,32.6,0.6,1.8,30.0,38.0,38.0,30.0,32,39.0,50.0,22.0,-0.2307692307692307,0.05625,0,0,0.01875,0,0,4792.25,0.0195943284757778,0.0,0.0,1.0,0.0
ffe5xhmq,zmzx9bpp,5273b4e4-2b4f-47fa-834f-bd0d84d237b0,bc7d5ce5-ff5f-43da-8411-1cc4780872be,0,ng,12,5011.0,3800.0,18.0,4.0,4827.25,6.0,4901.0,0.9166666666666666,7.0,-0.2166666666666666,1,0,31.0,1.0,0.0,1,0,0,2,0.0,2.0,-2.0,5.0,32.6,0.6,1.8,30.0,38.0,38.0,30.0,32,39.0,50.0,22.0,-0.2307692307692307,0.05625,0,0,0.01875,0,0,5019.25,0.0195943284757778,0.5,0.5,0.0,0.0
ffe5xhmq,viseix7p,520e90a9-5e9e-4bfa-8244-34e70674e93f,a7efec93-ac3e-45ce-84ac-eb2844742dd5,1,ghp,13,4068.0,2600.0,,,3040.8199999999997,59.0,3958.0,0.75,0.0,-0.75,1,0,18.0,0.0,0.0,1,1,1,2,5.0,1.0,4.0,10.0,27.613,3.613,3.813,23.0,30.0,30.67,23.0,24,30.4,40.0,19.5,-0.2434210526315788,0.158875,0,0,0.1505416666666666,0,0,4456.82,0.0206250286605218,0.0,0.0,1.0,0.0
ffe5xhmq,qhz5zte3,520e90a9-5e9e-4bfa-8244-34e70674e93f,6b8a7a0e-6534-4c7f-ba8e-d90a38b5b936,1,ghp,13,5491.0,3800.0,,,4235.24,27.0,5381.0,0.75,0.0,-0.75,2,1,18.0,0.0,0.0,1,1,1,2,4.0,2.0,2.0,10.0,27.613,3.613,3.813,23.0,30.0,30.67,23.0,24,30.4,40.0,19.5,-0.2434210526315788,0.158875,0,0,0.1505416666666666,0,0,4883.24,0.0206250286605218,0.0,0.0,1.0,0.0
ffe5xhmq,kmcc2p31,520e90a9-5e9e-4bfa-8244-34e70674e93f,1a600171-9cfa-44bf-a3d4-b7322acefe1a,1,ghp,13,6177.0,2600.0,,,4954.990000000001,4.0,5957.0,1.0,7.0,-0.3,1,0,39.0,0.0,1.0,1,1,1,2,0.0,5.0,-5.0,10.0,27.613,3.613,3.813,23.0,30.0,30.67,23.0,24,30.4,40.0,19.5,-0.2434210526315788,0.158875,0,0,0.1505416666666666,0,0,5050.990000000001,0.0206250286605218,0.0,1.0,0.0,0.0
ffe5xhmq,snooaw5j,520e90a9-5e9e-4bfa-8244-34e70674e93f,cb46e42c-c695-4491-ae41-767eb4004474,1,ghp,13,5310.0,3800.0,,,4919.5,2.0,5110.0,1.0,6.0,-0.4,1,0,28.0,0.0,1.0,1,1,1,2,0.0,0.0,0.0,10.0,27.613,3.613,3.813,23.0,30.0,30.67,23.0,24,30.4,40.0,19.5,-0.2434210526315788,0.158875,0,0,0.1505416666666666,0,0,4967.5,0.0206250286605218,0.0,1.0,0.0,0.0
ffe5xhmq,twrkr7hz,520e90a9-5e9e-4bfa-8244-34e70674e93f,5e6b5ec7-66f5-446f-b458-3b18596521a3,1,ghp,13,5777.0,2600.0,,,4633.349999999999,6.0,5687.0,0.75,3.0,-0.45,1,1,20.0,1.0,0.0,1,1,1,2,0.0,1.0,-1.0,10.0,27.613,3.613,3.813,23.0,30.0,30.67,23.0,24,30.4,40.0,19.5,-0.2434210526315788,0.158875,0,0,0.1505416666666666,0,0,4777.349999999999,0.0206250286605218,0.5,0.5,0.0,0.0
ffe5xhmq,hk3teh8u,520e90a9-5e9e-4bfa-8244-34e70674e93f,c9677d60-b255-4563-955c-c09e7b64f2df,1,ghp,13,5073.0,3800.0,,,4940.1,0.0,4943.0,0.4166666666666667,8.0,0.3833333333333333,3,1,23.0,1.0,0.0,0,1,1,2,1.0,1.0,0.0,10.0,27.613,3.613,3.813,23.0,30.0,30.67,23.0,24,30.4,40.0,19.5,-0.2434210526315788,0.158875,0,0,0.1505416666666666,0,0,4940.1,0.0206250286605218,0.0,1.0,0.0,0.0
ffe5xhmq,6kvq85km,5273b4e4-2b4f-47fa-834f-bd0d84d237b0,1893c9fa-143a-45ae-8599-dfedb6054045,0,ng,13,5884.0,2600.0,,,4914.75,3.0,5744.0,0.8333333333333334,6.0,-0.2333333333333334,1,0,32.0,1.0,0.0,1,0,0,2,0.0,2.0,-2.0,5.0,24.0,0.0,1.6,22.0,27.0,27.0,22.0,24,30.0,39.0,20.0,-0.2666666666666667,0.0666666666666666,0,0,0.0,0,0,4986.75,0.0257218381455876,0.3333333333333333,0.3333333333333333,0.3333333333333333,0.0
ffe5xhmq,7dpcven3,5273b4e4-2b4f-47fa-834f-bd0d84d237b0,18711e8c-d4a6-4e40-ac02-472f81cda568,0,ng,13,5168.0,3800.0,,,4830.5,18.0,5088.0,0.5,0.0,-0.5,2,0,26.0,0.0,0.0,1,0,0,2,0.0,0.0,0.0,5.0,24.0,0.0,1.6,22.0,27.0,27.0,22.0,24,30.0,39.0,20.0,-0.2666666666666667,0.0666666666666666,0,0,0.0,0,0,5262.5,0.0257218381455876,0.0,0.0,0.0,1.0
ffe5xhmq,2mz5up3e,5273b4e4-2b4f-47fa-834f-bd0d84d237b0,ede5b087-a2ea-49eb-9494-a67b961bfc79,0,ng,13,5955.0,2600.0,,,4915.25,4.0,5815.0,0.8333333333333334,3.0,-0.5333333333333334,1,0,25.0,0.0,0.0,1,0,0,2,1.0,0.0,1.0,5.0,24.0,0.0,1.6,22.0,27.0,27.0,22.0,24,30.0,39.0,20.0,-0.2666666666666667,0.0666666666666666,0,0,0.0,0,0,5011.25,0.0257218381455876,0.0,0.5,0.5,0.0
ffe5xhmq,keffe6of,5273b4e4-2b4f-47fa-834f-bd0d84d237b0,d00142cb-036c-42b2-986f-4d8449293679,0,ng,13,4719.0,3800.0,,,4194.0,30.0,4639.0,0.6666666666666666,3.0,-0.3666666666666666,3,0,40.0,0.0,0.0,1,0,0,2,4.0,0.0,4.0,5.0,24.0,0.0,1.6,22.0,27.0,27.0,22.0,24,30.0,39.0,20.0,-0.2666666666666667,0.0666666666666666,0,0,0.0,0,0,4914.0,0.0257218381455876,0.0,0.0,1.0,0.0
ffe5xhmq,quvmw080,5273b4e4-2b4f-47fa-834f-bd0d84d237b0,4c5c436f-ca6c-40f1-9cb5-b8bc15205ad4,0,ng,13,5573.0,2600.0,,,3448.25,41.0,5503.0,0.5833333333333334,10.0,0.4166666666666666,6,1,21.0,0.0,0.0,1,0,0,2,0.0,0.0,0.0,5.0,24.0,0.0,1.6,22.0,27.0,27.0,22.0,24,30.0,39.0,20.0,-0.2666666666666667,0.0666666666666666,0,0,0.0,0,0,4432.25,0.0257218381455876,0.0,0.0,1.0,0.0
ffe5xhmq,zmzx9bpp,5273b4e4-2b4f-47fa-834f-bd0d84d237b0,bc7d5ce5-ff5f-43da-8411-1cc4780872be,0,ng,13,5011.0,3800.0,,,4901.25,0.0,4901.0,0.9166666666666666,7.0,-0.2166666666666666,1,0,31.0,1.0,0.0,1,0,0,2,0.0,3.0,-3.0,5.0,24.0,0.0,1.6,22.0,27.0,27.0,22.0,24,30.0,39.0,20.0,-0.2666666666666667,0.0666666666666666,0,0,0.0,0,0,4901.25,0.0257218381455876,0.5,0.5,0.0,0.0
ffe5xhmq,viseix7p,520e90a9-5e9e-4bfa-8244-34e70674e93f,a7efec93-ac3e-45ce-84ac-eb2844742dd5,1,ghp,14,4068.0,2600.0,,,3550.93,54.0,3958.0,0.75,0.0,-0.75,1,0,18.0,0.0,0.0,1,1,1,2,1.0,3.0,-2.0,8.0,19.38125,3.38125,3.38125,19.5,20.0,20.0,18.0,16,23.0,30.4,18.15,-0.1521739130434782,0.211328125,0,0,0.2113281250000001,0,0,4414.93,0.0209302967563837,0.0,0.0,1.0,0.0
ffe5xhmq,qhz5zte3,520e90a9-5e9e-4bfa-8244-34e70674e93f,6b8a7a0e-6534-4c7f-ba8e-d90a38b5b936,1,ghp,14,5491.0,3800.0,,,4355.1900000000005,32.0,5381.0,0.75,0.0,-0.75,2,1,18.0,0.0,0.0,1,1,1,2,6.0,1.0,5.0,8.0,19.38125,3.38125,3.38125,19.5,20.0,20.0,18.0,16,23.0,30.4,18.15,-0.1521739130434782,0.211328125,0,0,0.2113281250000001,0,0,4867.1900000000005,0.0209302967563837,0.0,0.0,1.0,0.0
ffe5xhmq,kmcc2p31,520e90a9-5e9e-4bfa-8244-34e70674e93f,1a600171-9cfa-44bf-a3d4-b7322acefe1a,1,ghp,14,6177.0,2600.0,,,5024.43,0.0,5957.0,1.0,7.0,-0.3,1,0,39.0,0.0,1.0,1,1,1,2,0.0,2.0,-2.0,8.0,19.38125,3.38125,3.38125,19.5,20.0,20.0,18.0,16,23.0,30.4,18.15,-0.1521739130434782,0.211328125,0,0,0.2113281250000001,0,0,5024.43,0.0209302967563837,0.0,1.0,0.0,0.0
ffe5xhmq,snooaw5j,520e90a9-5e9e-4bfa-8244-34e70674e93f,cb46e42c-c695-4491-ae41-767eb4004474,1,ghp,14,5310.0,3800.0,,,4955.5,0.0,5110.0,1.0,6.0,-0.4,1,0,28.0,0.0,1.0,1,1,1,2,0.0,1.0,-1.0,8.0,19.38125,3.38125,3.38125,19.5,20.0,20.0,18.0,16,23.0,30.4,18.15,-0.1521739130434782,0.211328125,0,0,0.2113281250000001,0,0,4955.5,0.0209302967563837,0.0,1.0,0.0,0.0
ffe5xhmq,twrkr7hz,520e90a9-5e9e-4bfa-8244-34e70674e93f,5e6b5ec7-66f5-446f-b458-3b18596521a3,1,ghp,14,5777.0,2600.0,,,4701.349999999999,5.0,5687.0,0.75,3.0,-0.45,1,1,20.0,1.0,0.0,1,1,1,2,0.0,1.0,-1.0,8.0,19.38125,3.38125,3.38125,19.5,20.0,20.0,18.0,16,23.0,30.4,18.15,-0.1521739130434782,0.211328125,0,0,0.2113281250000001,0,0,4781.349999999999,0.0209302967563837,0.5,0.5,0.0,0.0
ffe5xhmq,hk3teh8u,520e90a9-5e9e-4bfa-8244-34e70674e93f,c9677d60-b255-4563-955c-c09e7b64f2df,1,ghp,14,5073.0,3800.0,,,4920.6,1.0,4943.0,0.4166666666666667,8.0,0.3833333333333333,3,1,23.0,1.0,0.0,0,1,1,2,1.0,0.0,1.0,8.0,19.38125,3.38125,3.38125,19.5,20.0,20.0,18.0,16,23.0,30.4,18.15,-0.1521739130434782,0.211328125,0,0,0.2113281250000001,0,0,4936.6,0.0209302967563837,0.0,1.0,0.0,0.0
ffe5xhmq,6kvq85km,5273b4e4-2b4f-47fa-834f-bd0d84d237b0,1893c9fa-143a-45ae-8599-dfedb6054045,0,ng,14,5884.0,2600.0,,,4979.75,0.0,5744.0,0.8333333333333334,6.0,-0.2333333333333334,1,0,32.0,1.0,0.0,1,0,0,2,0.0,2.0,-2.0,7.0,21.142857142857142,5.142857142857143,5.142857142857143,20.0,22.0,22.0,20.0,16,22.0,30.0,23.0,-0.0909090909090909,0.3214285714285714,0,0,0.3214285714285714,0,0,4979.75,0.0248500792034396,0.3333333333333333,0.3333333333333333,0.3333333333333333,0.0
ffe5xhmq,7dpcven3,5273b4e4-2b4f-47fa-834f-bd0d84d237b0,18711e8c-d4a6-4e40-ac02-472f81cda568,0,ng,14,5168.0,3800.0,,,4974.5,15.0,5088.0,0.5,0.0,-0.5,2,0,26.0,0.0,0.0,1,0,0,2,0.0,0.0,0.0,7.0,21.142857142857142,5.142857142857143,5.142857142857143,20.0,22.0,22.0,20.0,16,22.0,30.0,23.0,-0.0909090909090909,0.3214285714285714,0,0,0.3214285714285714,0,0,5214.5,0.0248500792034396,0.0,0.0,0.0,1.0
ffe5xhmq,2mz5up3e,5273b4e4-2b4f-47fa-834f-bd0d84d237b0,ede5b087-a2ea-49eb-9494-a67b961bfc79,0,ng,14,5955.0,2600.0,,,5033.25,0.0,5815.0,0.8333333333333334,3.0,-0.5333333333333334,1,0,25.0,0.0,0.0,1,0,0,2,1.0,5.0,-4.0,7.0,21.142857142857142,5.142857142857143,5.142857142857143,20.0,22.0,22.0,20.0,16,22.0,30.0,23.0,-0.0909090909090909,0.3214285714285714,0,0,0.3214285714285714,0,0,5033.25,0.0248500792034396,0.0,0.5,0.5,0.0
ffe5xhmq,keffe6of,5273b4e4-2b4f-47fa-834f-bd0d84d237b0,d00142cb-036c-42b2-986f-4d8449293679,0,ng,14,4719.0,3800.0,,,4371.0,33.0,4639.0,0.6666666666666666,3.0,-0.3666666666666666,3,0,40.0,0.0,0.0,1,0,0,2,3.0,0.0,3.0,7.0,21.142857142857142,5.142857142857143,5.142857142857143,20.0,22.0,22.0,20.0,16,22.0,30.0,23.0,-0.0909090909090909,0.3214285714285714,0,0,0.3214285714285714,0,0,4899.0,0.0248500792034396,0.0,0.0,1.0,0.0
ffe5xhmq,quvmw080,5273b4e4-2b4f-47fa-834f-bd0d84d237b0,4c5c436f-ca6c-40f1-9cb5-b8bc15205ad4,0,ng,14,5573.0,2600.0,,,3712.25,45.0,5503.0,0.5833333333333334,10.0,0.4166666666666666,6,1,21.0,0.0,0.0,1,0,0,2,3.0,0.0,3.0,7.0,21.142857142857142,5.142857142857143,5.142857142857143,20.0,22.0,22.0,20.0,16,22.0,30.0,23.0,-0.0909090909090909,0.3214285714285714,0,0,0.3214285714285714,0,0,4432.25,0.0248500792034396,0.0,0.0,1.0,0.0
ffe5xhmq,zmzx9bpp,5273b4e4-2b4f-47fa-834f-bd0d84d237b0,bc7d5ce5-ff5f-43da-8411-1cc4780872be,0,ng,14,5011.0,3800.0,,,4901.25,0.0,4901.0,0.9166666666666666,7.0,-0.2166666666666666,1,0,31.0,1.0,0.0,1,0,0,2,0.0,0.0,0.0,7.0,21.142857142857142,5.142857142857143,5.142857142857143,20.0,22.0,22.0,20.0,16,22.0,30.0,23.0,-0.0909090909090909,0.3214285714285714,0,0,0.3214285714285714,0,0,4901.25,0.0248500792034396,0.5,0.5,0.0,0.0
ffe5xhmq,viseix7p,520e90a9-5e9e-4bfa-8244-34e70674e93f,a7efec93-ac3e-45ce-84ac-eb2844742dd5,1,ghp,15,4068.0,2600.0,,,3729.78,57.0,3958.0,0.75,0.0,-0.75,1,0,18.0,0.0,0.0,1,1,1,2,2.0,0.0,2.0,5.0,18.67,10.67,10.67,18.15,19.0,19.0,18.15,8,19.5,23.0,,-0.0692307692307693,1.33375,0,0,1.3337499999999998,1,1,4185.780000000001,0.0294425809457256,0.0,0.0,1.0,0.0
ffe5xhmq,qhz5zte3,520e90a9-5e9e-4bfa-8244-34e70674e93f,6b8a7a0e-6534-4c7f-ba8e-d90a38b5b936,1,ghp,15,5491.0,3800.0,,,4445.99,34.0,5381.0,0.75,0.0,-0.75,2,1,18.0,0.0,0.0,1,1,1,2,3.0,1.0,2.0,5.0,18.67,10.67,10.67,18.15,19.0,19.0,18.15,8,19.5,23.0,,-0.0692307692307693,1.33375,0,0,1.3337499999999998,1,1,4717.99,0.0294425809457256,0.0,0.0,1.0,0.0
ffe5xhmq,kmcc2p31,520e90a9-5e9e-4bfa-8244-34e70674e93f,1a600171-9cfa-44bf-a3d4-b7322acefe1a,1,ghp,15,6177.0,2600.0,,,5024.43,0.0,5957.0,1.0,7.0,-0.3,1,0,39.0,0.0,1.0,1,1,1,2,0.0,0.0,0.0,5.0,18.67,10.67,10.67,18.15,19.0,19.0,18.15,8,19.5,23.0,,-0.0692307692307693,1.33375,0,0,1.3337499999999998,1,1,5024.43,0.0294425809457256,0.0,1.0,0.0,0.0
ffe5xhmq,snooaw5j,520e90a9-5e9e-4bfa-8244-34e70674e93f,cb46e42c-c695-4491-ae41-767eb4004474,1,ghp,15,5310.0,3800.0,,,4955.5,0.0,5110.0,1.0,6.0,-0.4,1,0,28.0,0.0,1.0,1,1,1,2,0.0,0.0,0.0,5.0,18.67,10.67,10.67,18.15,19.0,19.0,18.15,8,19.5,23.0,,-0.0692307692307693,1.33375,0,0,1.3337499999999998,1,1,4955.5,0.0294425809457256,0.0,1.0,0.0,0.0
ffe5xhmq,twrkr7hz,520e90a9-5e9e-4bfa-8244-34e70674e93f,5e6b5ec7-66f5-446f-b458-3b18596521a3,1,ghp,15,5777.0,2600.0,,,4777.099999999999,2.0,5687.0,0.75,3.0,-0.45,1,1,20.0,1.0,0.0,1,1,1,2,0.0,3.0,-3.0,5.0,18.67,10.67,10.67,18.15,19.0,19.0,18.15,8,19.5,23.0,,-0.0692307692307693,1.33375,0,0,1.3337499999999998,1,1,4793.099999999999,0.0294425809457256,0.5,0.5,0.0,0.0
ffe5xhmq,hk3teh8u,520e90a9-5e9e-4bfa-8244-34e70674e93f,c9677d60-b255-4563-955c-c09e7b64f2df,1,ghp,15,5073.0,3800.0,,,4943.200000000001,0.0,4943.0,0.4166666666666667,8.0,0.3833333333333333,3,1,23.0,1.0,0.0,0,1,1,2,0.0,1.0,-1.0,5.0,18.67,10.67,10.67,18.15,19.0,19.0,18.15,8,19.5,23.0,,-0.0692307692307693,1.33375,0,0,1.3337499999999998,1,1,4943.200000000001,0.0294425809457256,0.0,1.0,0.0,0.0
ffe5xhmq,6kvq85km,5273b4e4-2b4f-47fa-834f-bd0d84d237b0,1893c9fa-143a-45ae-8599-dfedb6054045,0,ng,15,5884.0,2600.0,,,4979.75,0.0,5744.0,0.8333333333333334,6.0,-0.2333333333333334,1,0,32.0,1.0,0.0,1,0,0,2,0.0,0.0,0.0,1.0,23.0,15.0,15.0,23.0,23.0,23.0,23.0,8,20.0,22.0,,0.1499999999999999,1.875,1,0,1.875,1,1,4979.75,0.0307690986534762,0.3333333333333333,0.3333333333333333,0.3333333333333333,0.0
ffe5xhmq,7dpcven3,5273b4e4-2b4f-47fa-834f-bd0d84d237b0,18711e8c-d4a6-4e40-ac02-472f81cda568,0,ng,15,5168.0,3800.0,,,5011.5,19.0,5088.0,0.5,0.0,-0.5,2,0,26.0,0.0,0.0,1,0,0,2,1.0,0.0,1.0,1.0,23.0,15.0,15.0,23.0,23.0,23.0,23.0,8,20.0,22.0,,0.1499999999999999,1.875,1,0,1.875,1,1,5163.5,0.0307690986534762,0.0,0.0,0.0,1.0
ffe5xhmq,2mz5up3e,5273b4e4-2b4f-47fa-834f-bd0d84d237b0,ede5b087-a2ea-49eb-9494-a67b961bfc79,0,ng,15,5955.0,2600.0,,,5033.25,0.0,5815.0,0.8333333333333334,3.0,-0.5333333333333334,1,0,25.0,0.0,0.0,1,0,0,2,0.0,0.0,0.0,1.0,23.0,15.0,15.0,23.0,23.0,23.0,23.0,8,20.0,22.0,,0.1499999999999999,1.875,1,0,1.875,1,1,5033.25,0.0307690986534762,0.0,0.5,0.5,0.0
ffe5xhmq,keffe6of,5273b4e4-2b4f-47fa-834f-bd0d84d237b0,d00142cb-036c-42b2-986f-4d8449293679,0,ng,15,4719.0,3800.0,,,4503.0,34.0,4639.0,0.6666666666666666,3.0,-0.3666666666666666,3,0,40.0,0.0,0.0,1,0,0,2,0.0,0.0,0.0,1.0,23.0,15.0,15.0,23.0,23.0,23.0,23.0,8,20.0,22.0,,0.1499999999999999,1.875,1,0,1.875,1,1,4775.0,0.0307690986534762,0.0,0.0,1.0,0.0
ffe5xhmq,quvmw080,5273b4e4-2b4f-47fa-834f-bd0d84d237b0,4c5c436f-ca6c-40f1-9cb5-b8bc15205ad4,0,ng,15,5573.0,2600.0,,,3915.25,43.0,5503.0,0.5833333333333334,10.0,0.4166666666666666,6,1,21.0,0.0,0.0,1,0,0,2,0.0,1.0,-1.0,1.0,23.0,15.0,15.0,23.0,23.0,23.0,23.0,8,20.0,22.0,,0.1499999999999999,1.875,1,0,1.875,1,1,4259.25,0.0307690986534762,0.0,0.0,1.0,0.0
ffe5xhmq,zmzx9bpp,5273b4e4-2b4f-47fa-834f-bd0d84d237b0,bc7d5ce5-ff5f-43da-8411-1cc4780872be,0,ng,15,5011.0,3800.0,,,4901.25,0.0,4901.0,0.9166666666666666,7.0,-0.2166666666666666,1,0,31.0,1.0,0.0,1,0,0,2,0.0,0.0,0.0,1.0,23.0,15.0,15.0,23.0,23.0,23.0,23.0,8,20.0,22.0,,0.1499999999999999,1.875,1,0,1.875,1,1,4901.25,0.0307690986534762,0.5,0.5,0.0,0.0
mn8370qr,e4rzuiqc,a05edde7-d925-45e5-bd12-37b4af942736,6ab180f8-7112-4499-b7f9-b9540b122777,0,gh,1,5538.0,2600.0,,,2730.0,19.0,5418.0,1.0,8.0,-0.1999999999999999,1,0,27.0,1.0,1.0,1,1,0,1,0.0,1.0,-1.0,6.0,118.33333333333331,-1.6666666666666667,15.0,150.0,110.0,150.0,80.0,120,,,100.0,,0.125,0,0,-0.0138888888888889,0,0,5010.0,0.0047777777777777,0.0,0.0,1.0,0.0
mn8370qr,j6o1gu35,a05edde7-d925-45e5-bd12-37b4af942736,73efef72-11c9-496a-80d8-178d281ae4d1,0,gh,1,1136.0,3800.0,,,3600.0,11.0,1106.0,0.25,3.0,0.0499999999999999,3,1,19.0,0.0,0.0,0,1,0,1,3.0,2.0,1.0,6.0,118.33333333333331,-1.6666666666666667,15.0,150.0,110.0,150.0,80.0,120,,,100.0,,0.125,0,0,-0.0138888888888889,0,0,4920.0,0.0047777777777777,0.0,0.0,0.0,1.0
mn8370qr,z9n52ebr,a05edde7-d925-45e5-bd12-37b4af942736,c8eb7dce-7793-4314-ad7f-d135dbb2ba47,0,gh,1,5326.0,2600.0,,,2710.0,19.0,5216.0,0.75,7.0,-0.05,2,0,18.0,0.0,1.0,1,1,0,1,1.0,2.0,-1.0,6.0,118.33333333333331,-1.6666666666666667,15.0,150.0,110.0,150.0,80.0,120,,,100.0,,0.125,0,0,-0.0138888888888889,0,0,4990.0,0.0047777777777777,0.0,0.5,0.5,0.0
mn8370qr,lh92b709,a05edde7-d925-45e5-bd12-37b4af942736,0c8329d9-01d0-4ade-9746-adcd76979d55,0,gh,1,5744.0,3800.0,,,3760.0,11.0,5574.0,0.9166666666666666,5.0,-0.4166666666666666,4,0,19.0,1.0,1.0,1,1,0,1,2.0,1.0,1.0,6.0,118.33333333333331,-1.6666666666666667,15.0,150.0,110.0,150.0,80.0,120,,,100.0,,0.125,0,0,-0.0138888888888889,0,0,5080.0,0.0047777777777777,0.0,0.0,1.0,0.0
mn8370qr,729v3r7i,a05edde7-d925-45e5-bd12-37b4af942736,f5a1d5e6-a183-421a-a699-8e50db4fb1c8,0,gh,1,5824.0,2600.0,,,2600.0,20.0,5714.0,0.9166666666666666,9.0,-0.0166666666666666,1,0,20.0,1.0,1.0,0,1,0,1,0.0,0.0,0.0,6.0,118.33333333333331,-1.6666666666666667,15.0,150.0,110.0,150.0,80.0,120,,,100.0,,0.125,0,0,-0.0138888888888889,0,0,5000.0,0.0047777777777777,0.0,0.0,1.0,0.0
mn8370qr,aac2mc3k,a05edde7-d925-45e5-bd12-37b4af942736,8eb4c26e-1145-412e-a646-d50005ec9ba2,0,gh,1,5288.0,3800.0,,,3800.0,10.0,5168.0,0.8333333333333334,1.0,-0.7333333333333334,2,0,26.0,0.0,0.0,1,1,0,1,0.0,0.0,0.0,6.0,118.33333333333331,-1.6666666666666667,15.0,150.0,110.0,150.0,80.0,120,,,100.0,,0.125,0,0,-0.0138888888888889,0,0,5000.0,0.0047777777777777,0.0,0.0,0.0,1.0
mn8370qr,bs9r1rdm,98308155-5ef4-4781-92b2-15de5ba68a70,8bcaf73d-b674-4326-bd4f-acb83b510b57,0,gp,1,4422.0,2600.0,,,2563.0,20.0,4352.0,0.5833333333333334,7.0,0.1166666666666665,2,1,21.0,1.0,1.0,0,0,1,1,1.0,2.0,-1.0,6.0,64.66666666666667,-55.333333333333336,55.333333333333336,80.0,100.0,100.0,30.0,120,,,70.0,,0.4611111111111111,0,0,-0.4611111111111111,0,0,4963.0,0.0094117647058823,0.0,1.0,0.0,0.0
mn8370qr,9uh6p1vm,98308155-5ef4-4781-92b2-15de5ba68a70,bc3147b7-5256-41ba-98cd-f8ffcee3c4a6,0,gp,1,5926.0,3800.0,,,3792.0,11.0,5796.0,0.75,6.0,-0.15,1,1,19.0,0.0,0.0,1,0,1,1,2.0,1.0,1.0,6.0,64.66666666666667,-55.333333333333336,55.333333333333336,80.0,100.0,100.0,30.0,120,,,70.0,,0.4611111111111111,0,0,-0.4611111111111111,0,0,5112.0,0.0094117647058823,0.0,0.0,1.0,0.0
mn8370qr,kb2z64e8,98308155-5ef4-4781-92b2-15de5ba68a70,22db997d-e3e3-4d59-aae0-6cf6af50ce83,0,gp,1,6101.0,2600.0,,,2545.0,22.0,6021.0,0.6666666666666666,8.0,0.1333333333333334,15,1,26.0,0.0,1.0,1,0,1,1,1.0,0.0,1.0,6.0,64.66666666666667,-55.333333333333336,55.333333333333336,80.0,100.0,100.0,30.0,120,,,70.0,,0.4611111111111111,0,0,-0.4611111111111111,0,0,5185.0,0.0094117647058823,0.0,1.0,0.0,0.0
mn8370qr,ai0il249,98308155-5ef4-4781-92b2-15de5ba68a70,f31a815e-6425-437b-901f-67ac478997d1,0,gp,1,5172.0,3800.0,,,3630.0,13.0,5042.0,0.75,2.0,-0.55,3,0,18.0,0.0,1.0,1,0,1,1,2.0,0.0,2.0,6.0,64.66666666666667,-55.333333333333336,55.333333333333336,80.0,100.0,100.0,30.0,120,,,70.0,,0.4611111111111111,0,0,-0.4611111111111111,0,0,5190.0,0.0094117647058823,0.0,0.0,1.0,0.0
mn8370qr,pqnknbrr,98308155-5ef4-4781-92b2-15de5ba68a70,e33cbc6c-84e2-461b-b46a-773696dbb034,0,gp,1,4810.0,2600.0,,,2600.0,20.0,4710.0,0.6666666666666666,7.0,0.0333333333333333,3,0,22.0,1.0,1.0,1,0,1,1,0.0,0.0,0.0,6.0,64.66666666666667,-55.333333333333336,55.333333333333336,80.0,100.0,100.0,30.0,120,,,70.0,,0.4611111111111111,0,0,-0.4611111111111111,0,0,5000.0,0.0094117647058823,0.0,1.0,0.0,0.0
mn8370qr,whc9aveo,98308155-5ef4-4781-92b2-15de5ba68a70,f2e7f80c-211c-4c81-bc5c-0ba136ad3833,0,gp,1,6139.0,3800.0,,,4070.0,9.0,5989.0,0.9166666666666666,7.0,-0.2166666666666666,1,0,34.0,1.0,1.0,1,0,1,1,0.0,3.0,-3.0,6.0,64.66666666666667,-55.333333333333336,55.333333333333336,80.0,100.0,100.0,30.0,120,,,70.0,,0.4611111111111111,0,0,-0.4611111111111111,0,0,5150.0,0.0094117647058823,0.0,0.0,1.0,0.0
mn8370qr,e4rzuiqc,a05edde7-d925-45e5-bd12-37b4af942736,6ab180f8-7112-4499-b7f9-b9540b122777,0,gh,2,5538.0,2600.0,,,2886.0,19.0,5418.0,1.0,8.0,-0.1999999999999999,1,0,27.0,1.0,1.0,1,1,0,1,1.0,1.0,0.0,6.0,116.5,4.5,9.166666666666666,100.0,110.0,130.0,100.0,112,150.0,,130.0,-0.3333333333333333,0.0818452380952381,0,0,0.0401785714285714,0,0,5014.0,0.0126610199400035,0.0,0.0,1.0,0.0
mn8370qr,j6o1gu35,a05edde7-d925-45e5-bd12-37b4af942736,73efef72-11c9-496a-80d8-178d281ae4d1,0,gh,2,1136.0,3800.0,,,3523.0,12.0,1106.0,0.25,3.0,0.0499999999999999,3,1,19.0,0.0,0.0,0,1,0,1,3.0,2.0,1.0,6.0,116.5,4.5,9.166666666666666,100.0,110.0,130.0,100.0,112,150.0,,130.0,-0.3333333333333333,0.0818452380952381,0,0,0.0401785714285714,0,0,4867.0,0.0126610199400035,0.0,0.0,0.0,1.0
mn8370qr,z9n52ebr,a05edde7-d925-45e5-bd12-37b4af942736,c8eb7dce-7793-4314-ad7f-d135dbb2ba47,0,gh,2,5326.0,2600.0,,,2982.0,18.0,5216.0,0.75,7.0,-0.05,2,0,18.0,0.0,1.0,1,1,0,1,0.0,1.0,-1.0,6.0,116.5,4.5,9.166666666666666,100.0,110.0,130.0,100.0,112,150.0,,130.0,-0.3333333333333333,0.0818452380952381,0,0,0.0401785714285714,0,0,4998.0,0.0126610199400035,0.0,0.5,0.5,0.0
mn8370qr,lh92b709,a05edde7-d925-45e5-bd12-37b4af942736,0c8329d9-01d0-4ade-9746-adcd76979d55,0,gh,2,5744.0,3800.0,,,3634.0,15.0,5574.0,0.9166666666666666,5.0,-0.4166666666666666,4,0,19.0,1.0,1.0,1,1,0,1,2.0,0.0,2.0,6.0,116.5,4.5,9.166666666666666,100.0,110.0,130.0,100.0,112,150.0,,130.0,-0.3333333333333333,0.0818452380952381,0,0,0.0401785714285714,0,0,5314.0,0.0126610199400035,0.0,0.0,1.0,0.0
mn8370qr,729v3r7i,a05edde7-d925-45e5-bd12-37b4af942736,f5a1d5e6-a183-421a-a699-8e50db4fb1c8,0,gh,2,5824.0,2600.0,,,2885.0,19.0,5714.0,0.9166666666666666,9.0,-0.0166666666666666,1,0,20.0,1.0,1.0,0,1,0,1,0.0,1.0,-1.0,6.0,116.5,4.5,9.166666666666666,100.0,110.0,130.0,100.0,112,150.0,,130.0,-0.3333333333333333,0.0818452380952381,0,0,0.0401785714285714,0,0,5013.0,0.0126610199400035,0.0,0.0,1.0,0.0
mn8370qr,aac2mc3k,a05edde7-d925-45e5-bd12-37b4af942736,8eb4c26e-1145-412e-a646-d50005ec9ba2,0,gh,2,5288.0,3800.0,,,4010.0,9.0,5168.0,0.8333333333333334,1.0,-0.7333333333333334,2,0,26.0,0.0,0.0,1,1,0,1,0.0,1.0,-1.0,6.0,116.5,4.5,9.166666666666666,100.0,110.0,130.0,100.0,112,150.0,,130.0,-0.3333333333333333,0.0818452380952381,0,0,0.0401785714285714,0,0,5018.0,0.0126610199400035,0.0,0.0,0.0,1.0
mn8370qr,bs9r1rdm,98308155-5ef4-4781-92b2-15de5ba68a70,8bcaf73d-b674-4326-bd4f-acb83b510b57,0,gp,2,4422.0,2600.0,,,2704.13,20.0,4352.0,0.5833333333333334,7.0,0.1166666666666665,2,1,21.0,1.0,1.0,0,0,1,1,2.0,2.0,0.0,8.0,76.07875,-35.92125,35.92125,70.0,80.0,95.0,50.0,112,80.0,,85.0,-0.125,0.3207254464285714,0,0,-0.3207254464285714,0,0,4944.13,0.0104568571674855,0.0,1.0,0.0,0.0
mn8370qr,9uh6p1vm,98308155-5ef4-4781-92b2-15de5ba68a70,bc3147b7-5256-41ba-98cd-f8ffcee3c4a6,0,gp,2,5926.0,3800.0,,,4011.5,11.0,5796.0,0.75,6.0,-0.15,1,1,19.0,0.0,0.0,1,0,1,1,2.0,3.0,-1.0,8.0,76.07875,-35.92125,35.92125,70.0,80.0,95.0,50.0,112,80.0,,85.0,-0.125,0.3207254464285714,0,0,-0.3207254464285714,0,0,5243.5,0.0104568571674855,0.0,0.0,1.0,0.0
mn8370qr,kb2z64e8,98308155-5ef4-4781-92b2-15de5ba68a70,22db997d-e3e3-4d59-aae0-6cf6af50ce83,0,gp,2,6101.0,2600.0,,,2544.87,24.0,6021.0,0.6666666666666666,8.0,0.1333333333333334,15,1,26.0,0.0,1.0,1,0,1,1,2.0,0.0,2.0,8.0,76.07875,-35.92125,35.92125,70.0,80.0,95.0,50.0,112,80.0,,85.0,-0.125,0.3207254464285714,0,0,-0.3207254464285714,0,0,5232.87,0.0104568571674855,0.0,1.0,0.0,0.0
mn8370qr,ai0il249,98308155-5ef4-4781-92b2-15de5ba68a70,f31a815e-6425-437b-901f-67ac478997d1,0,gp,2,5172.0,3800.0,,,3734.0,13.0,5042.0,0.75,2.0,-0.55,3,0,18.0,0.0,1.0,1,0,1,1,0.0,0.0,0.0,8.0,76.07875,-35.92125,35.92125,70.0,80.0,95.0,50.0,112,80.0,,85.0,-0.125,0.3207254464285714,0,0,-0.3207254464285714,0,0,5190.0,0.0104568571674855,0.0,0.0,1.0,0.0
mn8370qr,pqnknbrr,98308155-5ef4-4781-92b2-15de5ba68a70,e33cbc6c-84e2-461b-b46a-773696dbb034,0,gp,2,4810.0,2600.0,,,2633.5,22.0,4710.0,0.6666666666666666,7.0,0.0333333333333333,3,0,22.0,1.0,1.0,1,0,1,1,2.0,1.0,1.0,8.0,76.07875,-35.92125,35.92125,70.0,80.0,95.0,50.0,112,80.0,,85.0,-0.125,0.3207254464285714,0,0,-0.3207254464285714,0,0,5097.5,0.0104568571674855,0.0,1.0,0.0,0.0
mn8370qr,whc9aveo,98308155-5ef4-4781-92b2-15de5ba68a70,f2e7f80c-211c-4c81-bc5c-0ba136ad3833,0,gp,2,6139.0,3800.0,,,4332.0,8.0,5989.0,0.9166666666666666,7.0,-0.2166666666666666,1,0,34.0,1.0,1.0,1,0,1,1,0.0,2.0,-2.0,8.0,76.07875,-35.92125,35.92125,70.0,80.0,95.0,50.0,112,80.0,,85.0,-0.125,0.3207254464285714,0,0,-0.3207254464285714,0,0,5228.0,0.0104568571674855,0.0,0.0,1.0,0.0
mn8370qr,e4rzuiqc,a05edde7-d925-45e5-bd12-37b4af942736,6ab180f8-7112-4499-b7f9-b9540b122777,0,gh,3,5538.0,2600.0,0.0,0.0,3148.0,18.0,5418.0,1.0,8.0,-0.1999999999999999,1,0,27.0,1.0,1.0,1,1,0,1,0.0,1.0,-1.0,7.0,125.28571428571428,21.285714285714285,21.285714285714285,130.0,135.0,140.0,110.0,104,100.0,150.0,110.0,0.3,0.2046703296703296,0,0,0.2046703296703297,0,0,5020.0,0.0143536963258078,0.0,0.0,1.0,0.0
mn8370qr,j6o1gu35,a05edde7-d925-45e5-bd12-37b4af942736,73efef72-11c9-496a-80d8-178d281ae4d1,0,gh,3,1136.0,3800.0,0.0,0.0,3441.0,13.0,1106.0,0.25,3.0,0.0499999999999999,3,1,19.0,0.0,0.0,0,1,0,1,3.0,2.0,1.0,7.0,125.28571428571428,21.285714285714285,21.285714285714285,130.0,135.0,140.0,110.0,104,100.0,150.0,110.0,0.3,0.2046703296703296,0,0,0.2046703296703297,0,0,4793.0,0.0143536963258078,0.0,0.0,0.0,1.0
mn8370qr,z9n52ebr,a05edde7-d925-45e5-bd12-37b4af942736,c8eb7dce-7793-4314-ad7f-d135dbb2ba47,0,gh,3,5326.0,2600.0,0.0,0.0,3031.0,19.0,5216.0,0.75,7.0,-0.05,2,0,18.0,0.0,1.0,1,1,0,1,2.0,1.0,1.0,7.0,125.28571428571428,21.285714285714285,21.285714285714285,130.0,135.0,140.0,110.0,104,100.0,150.0,110.0,0.3,0.2046703296703296,0,0,0.2046703296703297,0,0,5007.0,0.0143536963258078,0.0,0.5,0.5,0.0
mn8370qr,lh92b709,a05edde7-d925-45e5-bd12-37b4af942736,0c8329d9-01d0-4ade-9746-adcd76979d55,0,gh,3,5744.0,3800.0,0.0,0.0,3917.0,13.0,5574.0,0.9166666666666666,5.0,-0.4166666666666666,4,0,19.0,1.0,1.0,1,1,0,1,1.0,2.0,-1.0,7.0,125.28571428571428,21.285714285714285,21.285714285714285,130.0,135.0,140.0,110.0,104,100.0,150.0,110.0,0.3,0.2046703296703296,0,0,0.2046703296703297,0,0,5269.0,0.0143536963258078,0.0,0.0,1.0,0.0
mn8370qr,729v3r7i,a05edde7-d925-45e5-bd12-37b4af942736,f5a1d5e6-a183-421a-a699-8e50db4fb1c8,0,gh,3,5824.0,2600.0,130.0,3.0,2902.0,20.0,5714.0,0.9166666666666666,9.0,-0.0166666666666666,1,0,20.0,1.0,1.0,0,1,0,1,1.0,0.0,1.0,7.0,125.28571428571428,21.285714285714285,21.285714285714285,130.0,135.0,140.0,110.0,104,100.0,150.0,110.0,0.3,0.2046703296703296,0,0,0.2046703296703297,0,0,4982.0,0.0143536963258078,0.0,0.0,1.0,0.0
mn8370qr,aac2mc3k,a05edde7-d925-45e5-bd12-37b4af942736,8eb4c26e-1145-412e-a646-d50005ec9ba2,0,gh,3,5288.0,3800.0,0.0,0.0,4217.0,8.0,5168.0,0.8333333333333334,1.0,-0.7333333333333334,2,0,26.0,0.0,0.0,1,1,0,1,0.0,1.0,-1.0,7.0,125.28571428571428,21.285714285714285,21.285714285714285,130.0,135.0,140.0,110.0,104,100.0,150.0,110.0,0.3,0.2046703296703296,0,0,0.2046703296703297,0,0,5049.0,0.0143536963258078,0.0,0.0,0.0,1.0
mn8370qr,bs9r1rdm,98308155-5ef4-4781-92b2-15de5ba68a70,8bcaf73d-b674-4326-bd4f-acb83b510b57,0,gp,3,4422.0,2600.0,0.0,0.0,3203.63,13.0,4352.0,0.5833333333333334,7.0,0.1166666666666665,2,1,21.0,1.0,1.0,0,0,1,1,1.0,7.0,-6.0,10.0,68.2,-35.8,35.8,85.0,70.0,87.0,50.0,104,70.0,80.0,88.0,0.2142857142857142,0.3442307692307692,0,0,-0.3442307692307692,0,0,4555.63,0.0233743205330527,0.0,1.0,0.0,0.0
mn8370qr,9uh6p1vm,98308155-5ef4-4781-92b2-15de5ba68a70,bc3147b7-5256-41ba-98cd-f8ffcee3c4a6,0,gp,3,5926.0,3800.0,0.0,0.0,3973.25,12.0,5796.0,0.75,6.0,-0.15,1,1,19.0,0.0,0.0,1,0,1,1,2.0,0.0,2.0,10.0,68.2,-35.8,35.8,85.0,70.0,87.0,50.0,104,70.0,80.0,88.0,0.2142857142857142,0.3442307692307692,0,0,-0.3442307692307692,0,0,5221.25,0.0233743205330527,0.0,0.0,1.0,0.0
mn8370qr,kb2z64e8,98308155-5ef4-4781-92b2-15de5ba68a70,22db997d-e3e3-4d59-aae0-6cf6af50ce83,0,gp,3,6101.0,2600.0,0.0,0.0,2738.37,23.0,6021.0,0.6666666666666666,8.0,0.1333333333333334,15,1,26.0,0.0,1.0,1,0,1,1,1.0,1.0,0.0,10.0,68.2,-35.8,35.8,85.0,70.0,87.0,50.0,104,70.0,80.0,88.0,0.2142857142857142,0.3442307692307692,0,0,-0.3442307692307692,0,0,5130.37,0.0233743205330527,0.0,1.0,0.0,0.0
mn8370qr,ai0il249,98308155-5ef4-4781-92b2-15de5ba68a70,f31a815e-6425-437b-901f-67ac478997d1,0,gp,3,5172.0,3800.0,85.0,3.0,3768.0,13.0,5042.0,0.75,2.0,-0.55,3,0,18.0,0.0,1.0,1,0,1,1,1.0,0.0,1.0,10.0,68.2,-35.8,35.8,85.0,70.0,87.0,50.0,104,70.0,80.0,88.0,0.2142857142857142,0.3442307692307692,0,0,-0.3442307692307692,0,0,5120.0,0.0233743205330527,0.0,0.0,1.0,0.0
mn8370qr,pqnknbrr,98308155-5ef4-4781-92b2-15de5ba68a70,e33cbc6c-84e2-461b-b46a-773696dbb034,0,gp,3,4810.0,2600.0,80.0,1.0,2679.75,23.0,4710.0,0.6666666666666666,7.0,0.0333333333333333,3,0,22.0,1.0,1.0,1,0,1,1,3.0,1.0,2.0,10.0,68.2,-35.8,35.8,85.0,70.0,87.0,50.0,104,70.0,80.0,88.0,0.2142857142857142,0.3442307692307692,0,0,-0.3442307692307692,0,0,5071.75,0.0233743205330527,0.0,1.0,0.0,0.0
mn8370qr,whc9aveo,98308155-5ef4-4781-92b2-15de5ba68a70,f2e7f80c-211c-4c81-bc5c-0ba136ad3833,0,gp,3,6139.0,3800.0,90.0,4.0,4381.0,9.0,5989.0,0.9166666666666666,7.0,-0.2166666666666666,1,0,34.0,1.0,1.0,1,0,1,1,2.0,1.0,1.0,10.0,68.2,-35.8,35.8,85.0,70.0,87.0,50.0,104,70.0,80.0,88.0,0.2142857142857142,0.3442307692307692,0,0,-0.3442307692307692,0,0,5317.0,0.0233743205330527,0.0,0.0,1.0,0.0
mn8370qr,e4rzuiqc,a05edde7-d925-45e5-bd12-37b4af942736,6ab180f8-7112-4499-b7f9-b9540b122777,0,gh,4,5538.0,2600.0,,,3508.0,18.0,5418.0,1.0,8.0,-0.1999999999999999,1,0,27.0,1.0,1.0,1,1,0,1,0.0,0.0,0.0,9.0,130.36111111111111,34.361111111111114,34.361111111111114,110.0,140.0,145.0,110.0,96,130.0,100.0,115.0,-0.1538461538461538,0.3579282407407407,0,0,0.3579282407407407,0,0,5236.0,0.0207033074342971,0.0,0.0,1.0,0.0
mn8370qr,j6o1gu35,a05edde7-d925-45e5-bd12-37b4af942736,73efef72-11c9-496a-80d8-178d281ae4d1,0,gh,4,1136.0,3800.0,,,3612.25,13.0,1106.0,0.25,3.0,0.0499999999999999,3,1,19.0,0.0,0.0,0,1,0,1,3.0,3.0,0.0,9.0,130.36111111111111,34.361111111111114,34.361111111111114,110.0,140.0,145.0,110.0,96,130.0,100.0,115.0,-0.1538461538461538,0.3579282407407407,0,0,0.3579282407407407,0,0,4860.25,0.0207033074342971,0.0,0.0,0.0,1.0
mn8370qr,z9n52ebr,a05edde7-d925-45e5-bd12-37b4af942736,c8eb7dce-7793-4314-ad7f-d135dbb2ba47,0,gh,4,5326.0,2600.0,,,2886.5,24.0,5216.0,0.75,7.0,-0.05,2,0,18.0,0.0,1.0,1,1,0,1,4.0,0.0,4.0,9.0,130.36111111111111,34.361111111111114,34.361111111111114,110.0,140.0,145.0,110.0,96,130.0,100.0,115.0,-0.1538461538461538,0.3579282407407407,0,0,0.3579282407407407,0,0,5190.5,0.0207033074342971,0.0,0.5,0.5,0.0
mn8370qr,lh92b709,a05edde7-d925-45e5-bd12-37b4af942736,0c8329d9-01d0-4ade-9746-adcd76979d55,0,gh,4,5744.0,3800.0,,,4514.0,11.0,5574.0,0.9166666666666666,5.0,-0.4166666666666666,4,0,19.0,1.0,1.0,1,1,0,1,2.0,4.0,-2.0,9.0,130.36111111111111,34.361111111111114,34.361111111111114,110.0,140.0,145.0,110.0,96,130.0,100.0,115.0,-0.1538461538461538,0.3579282407407407,0,0,0.3579282407407407,0,0,5570.0,0.0207033074342971,0.0,0.0,1.0,0.0
mn8370qr,729v3r7i,a05edde7-d925-45e5-bd12-37b4af942736,f5a1d5e6-a183-421a-a699-8e50db4fb1c8,0,gh,4,5824.0,2600.0,,,3578.25,18.0,5714.0,0.9166666666666666,9.0,-0.0166666666666666,1,0,20.0,1.0,1.0,0,1,0,1,0.0,2.0,-2.0,9.0,130.36111111111111,34.361111111111114,34.361111111111114,110.0,140.0,145.0,110.0,96,130.0,100.0,115.0,-0.1538461538461538,0.3579282407407407,0,0,0.3579282407407407,0,0,5306.25,0.0207033074342971,0.0,0.0,1.0,0.0
mn8370qr,aac2mc3k,a05edde7-d925-45e5-bd12-37b4af942736,8eb4c26e-1145-412e-a646-d50005ec9ba2,0,gh,4,5288.0,3800.0,,,4377.0,9.0,5168.0,0.8333333333333334,1.0,-0.7333333333333334,2,0,26.0,0.0,0.0,1,1,0,1,0.0,0.0,0.0,9.0,130.36111111111111,34.361111111111114,34.361111111111114,110.0,140.0,145.0,110.0,96,130.0,100.0,115.0,-0.1538461538461538,0.3579282407407407,0,0,0.3579282407407407,0,0,5241.0,0.0207033074342971,0.0,0.0,0.0,1.0
mn8370qr,bs9r1rdm,98308155-5ef4-4781-92b2-15de5ba68a70,8bcaf73d-b674-4326-bd4f-acb83b510b57,0,gp,4,4422.0,2600.0,,,3467.82,11.0,4352.0,0.5833333333333334,7.0,0.1166666666666665,2,1,21.0,1.0,1.0,0,0,1,1,4.0,6.0,-2.0,22.0,68.45227272727273,-27.547727272727272,27.547727272727272,88.0,78.13,88.0,20.0,96,85.0,70.0,50.0,0.0352941176470589,0.2869554924242424,0,0,-0.2869554924242424,0,0,4523.82,0.0250403105722186,0.0,1.0,0.0,0.0
mn8370qr,9uh6p1vm,98308155-5ef4-4781-92b2-15de5ba68a70,bc3147b7-5256-41ba-98cd-f8ffcee3c4a6,0,gp,4,5926.0,3800.0,,,4065.5,14.0,5796.0,0.75,6.0,-0.15,1,1,19.0,0.0,0.0,1,0,1,1,8.0,6.0,2.0,22.0,68.45227272727273,-27.547727272727272,27.547727272727272,88.0,78.13,88.0,20.0,96,85.0,70.0,50.0,0.0352941176470589,0.2869554924242424,0,0,-0.2869554924242424,0,0,5409.5,0.0250403105722186,0.0,0.0,1.0,0.0
mn8370qr,kb2z64e8,98308155-5ef4-4781-92b2-15de5ba68a70,22db997d-e3e3-4d59-aae0-6cf6af50ce83,0,gp,4,6101.0,2600.0,,,3370.37,21.0,6021.0,0.6666666666666666,8.0,0.1333333333333334,15,1,26.0,0.0,1.0,1,0,1,1,0.0,2.0,-2.0,22.0,68.45227272727273,-27.547727272727272,27.547727272727272,88.0,78.13,88.0,20.0,96,85.0,70.0,50.0,0.0352941176470589,0.2869554924242424,0,0,-0.2869554924242424,0,0,5386.37,0.0250403105722186,0.0,1.0,0.0,0.0
mn8370qr,ai0il249,98308155-5ef4-4781-92b2-15de5ba68a70,f31a815e-6425-437b-901f-67ac478997d1,0,gp,4,5172.0,3800.0,,,3993.0,14.0,5042.0,0.75,2.0,-0.55,3,0,18.0,0.0,1.0,1,0,1,1,2.0,1.0,1.0,22.0,68.45227272727273,-27.547727272727272,27.547727272727272,88.0,78.13,88.0,20.0,96,85.0,70.0,50.0,0.0352941176470589,0.2869554924242424,0,0,-0.2869554924242424,0,0,5337.0,0.0250403105722186,0.0,0.0,1.0,0.0
mn8370qr,pqnknbrr,98308155-5ef4-4781-92b2-15de5ba68a70,e33cbc6c-84e2-461b-b46a-773696dbb034,0,gp,4,4810.0,2600.0,,,3098.31,23.0,4710.0,0.6666666666666666,7.0,0.0333333333333333,3,0,22.0,1.0,1.0,1,0,1,1,5.0,5.0,0.0,22.0,68.45227272727273,-27.547727272727272,27.547727272727272,88.0,78.13,88.0,20.0,96,85.0,70.0,50.0,0.0352941176470589,0.2869554924242424,0,0,-0.2869554924242424,0,0,5306.3099999999995,0.0250403105722186,0.0,1.0,0.0,0.0
mn8370qr,whc9aveo,98308155-5ef4-4781-92b2-15de5ba68a70,f2e7f80c-211c-4c81-bc5c-0ba136ad3833,0,gp,4,6139.0,3800.0,,,4609.0,8.0,5989.0,0.9166666666666666,7.0,-0.2166666666666666,1,0,34.0,1.0,1.0,1,0,1,1,3.0,2.0,1.0,22.0,68.45227272727273,-27.547727272727272,27.547727272727272,88.0,78.13,88.0,20.0,96,85.0,70.0,50.0,0.0352941176470589,0.2869554924242424,0,0,-0.2869554924242424,0,0,5377.0,0.0250403105722186,0.0,0.0,1.0,0.0
mn8370qr,e4rzuiqc,a05edde7-d925-45e5-bd12-37b4af942736,6ab180f8-7112-4499-b7f9-b9540b122777,0,gh,5,5538.0,2600.0,,,3868.0,18.0,5418.0,1.0,8.0,-0.1999999999999999,1,0,27.0,1.0,1.0,1,1,0,1,0.0,0.0,0.0,7.0,124.32142857142856,36.32142857142857,36.32142857142857,115.0,125.0,135.25,105.0,88,110.0,130.0,110.0,0.0454545454545454,0.4127435064935065,0,0,0.4127435064935065,0,0,5452.0,0.0282174952592959,0.0,0.0,1.0,0.0
mn8370qr,j6o1gu35,a05edde7-d925-45e5-bd12-37b4af942736,73efef72-11c9-496a-80d8-178d281ae4d1,0,gh,5,1136.0,3800.0,,,3692.0,14.0,1106.0,0.25,3.0,0.0499999999999999,3,1,19.0,0.0,0.0,0,1,0,1,3.0,2.0,1.0,7.0,124.32142857142856,36.32142857142857,36.32142857142857,115.0,125.0,135.25,105.0,88,110.0,130.0,110.0,0.0454545454545454,0.4127435064935065,0,0,0.4127435064935065,0,0,4924.0,0.0282174952592959,0.0,0.0,0.0,1.0
mn8370qr,z9n52ebr,a05edde7-d925-45e5-bd12-37b4af942736,c8eb7dce-7793-4314-ad7f-d135dbb2ba47,0,gh,5,5326.0,2600.0,,,3251.5,24.0,5216.0,0.75,7.0,-0.05,2,0,18.0,0.0,1.0,1,1,0,1,2.0,1.0,1.0,7.0,124.32142857142856,36.32142857142857,36.32142857142857,115.0,125.0,135.25,105.0,88,110.0,130.0,110.0,0.0454545454545454,0.4127435064935065,0,0,0.4127435064935065,0,0,5363.5,0.0282174952592959,0.0,0.5,0.5,0.0
mn8370qr,lh92b709,a05edde7-d925-45e5-bd12-37b4af942736,0c8329d9-01d0-4ade-9746-adcd76979d55,0,gh,5,5744.0,3800.0,,,4889.0,10.0,5574.0,0.9166666666666666,5.0,-0.4166666666666666,4,0,19.0,1.0,1.0,1,1,0,1,1.0,2.0,-1.0,7.0,124.32142857142856,36.32142857142857,36.32142857142857,115.0,125.0,135.25,105.0,88,110.0,130.0,110.0,0.0454545454545454,0.4127435064935065,0,0,0.4127435064935065,0,0,5769.0,0.0282174952592959,0.0,0.0,1.0,0.0
mn8370qr,729v3r7i,a05edde7-d925-45e5-bd12-37b4af942736,f5a1d5e6-a183-421a-a699-8e50db4fb1c8,0,gh,5,5824.0,2600.0,,,4203.5,16.0,5714.0,0.9166666666666666,9.0,-0.0166666666666666,1,0,20.0,1.0,1.0,0,1,0,1,0.0,2.0,-2.0,7.0,124.32142857142856,36.32142857142857,36.32142857142857,115.0,125.0,135.25,105.0,88,110.0,130.0,110.0,0.0454545454545454,0.4127435064935065,0,0,0.4127435064935065,0,0,5611.5,0.0282174952592959,0.0,0.0,1.0,0.0
mn8370qr,aac2mc3k,a05edde7-d925-45e5-bd12-37b4af942736,8eb4c26e-1145-412e-a646-d50005ec9ba2,0,gh,5,5288.0,3800.0,,,4432.0,9.0,5168.0,0.8333333333333334,1.0,-0.7333333333333334,2,0,26.0,0.0,0.0,1,1,0,1,1.0,0.0,1.0,7.0,124.32142857142856,36.32142857142857,36.32142857142857,115.0,125.0,135.25,105.0,88,110.0,130.0,110.0,0.0454545454545454,0.4127435064935065,0,0,0.4127435064935065,0,0,5224.0,0.0282174952592959,0.0,0.0,0.0,1.0
mn8370qr,bs9r1rdm,98308155-5ef4-4781-92b2-15de5ba68a70,8bcaf73d-b674-4326-bd4f-acb83b510b57,0,gp,5,4422.0,2600.0,,,3868.920000000001,5.0,4352.0,0.5833333333333334,7.0,0.1166666666666665,2,1,21.0,1.0,1.0,0,0,1,1,3.0,9.0,-6.0,14.0,62.96714285714285,-25.032857142857143,25.747142857142855,50.0,46.88,90.0,34.0,88,88.0,85.0,78.0,-0.4318181818181817,0.2925811688311688,0,0,-0.2844642857142858,0,0,4308.920000000001,0.042322783022674,0.0,1.0,0.0,0.0
mn8370qr,9uh6p1vm,98308155-5ef4-4781-92b2-15de5ba68a70,bc3147b7-5256-41ba-98cd-f8ffcee3c4a6,0,gp,5,5926.0,3800.0,,,4361.06,14.0,5796.0,0.75,6.0,-0.15,1,1,19.0,0.0,0.0,1,0,1,1,1.0,1.0,0.0,14.0,62.96714285714285,-25.032857142857143,25.747142857142855,50.0,46.88,90.0,34.0,88,88.0,85.0,78.0,-0.4318181818181817,0.2925811688311688,0,0,-0.2844642857142858,0,0,5593.06,0.042322783022674,0.0,0.0,1.0,0.0
mn8370qr,kb2z64e8,98308155-5ef4-4781-92b2-15de5ba68a70,22db997d-e3e3-4d59-aae0-6cf6af50ce83,0,gp,5,6101.0,2600.0,,,3879.37,21.0,6021.0,0.6666666666666666,8.0,0.1333333333333334,15,1,26.0,0.0,1.0,1,0,1,1,0.0,1.0,-1.0,14.0,62.96714285714285,-25.032857142857143,25.747142857142855,50.0,46.88,90.0,34.0,88,88.0,85.0,78.0,-0.4318181818181817,0.2925811688311688,0,0,-0.2844642857142858,0,0,5727.37,0.042322783022674,0.0,1.0,0.0,0.0
mn8370qr,ai0il249,98308155-5ef4-4781-92b2-15de5ba68a70,f31a815e-6425-437b-901f-67ac478997d1,0,gp,5,5172.0,3800.0,,,4088.0,19.0,5042.0,0.75,2.0,-0.55,3,0,18.0,0.0,1.0,1,0,1,1,3.0,0.0,3.0,14.0,62.96714285714285,-25.032857142857143,25.747142857142855,50.0,46.88,90.0,34.0,88,88.0,85.0,78.0,-0.4318181818181817,0.2925811688311688,0,0,-0.2844642857142858,0,0,5760.0,0.042322783022674,0.0,0.0,1.0,0.0
mn8370qr,pqnknbrr,98308155-5ef4-4781-92b2-15de5ba68a70,e33cbc6c-84e2-461b-b46a-773696dbb034,0,gp,5,4810.0,2600.0,,,3477.6499999999996,27.0,4710.0,0.6666666666666666,7.0,0.0333333333333333,3,0,22.0,1.0,1.0,1,0,1,1,3.0,1.0,2.0,14.0,62.96714285714285,-25.032857142857143,25.747142857142855,50.0,46.88,90.0,34.0,88,88.0,85.0,78.0,-0.4318181818181817,0.2925811688311688,0,0,-0.2844642857142858,0,0,5853.65,0.042322783022674,0.0,1.0,0.0,0.0
mn8370qr,whc9aveo,98308155-5ef4-4781-92b2-15de5ba68a70,f2e7f80c-211c-4c81-bc5c-0ba136ad3833,0,gp,5,6139.0,3800.0,,,4749.0,12.0,5989.0,0.9166666666666666,7.0,-0.2166666666666666,1,0,34.0,1.0,1.0,1,0,1,1,4.0,2.0,2.0,14.0,62.96714285714285,-25.032857142857143,25.747142857142855,50.0,46.88,90.0,34.0,88,88.0,85.0,78.0,-0.4318181818181817,0.2925811688311688,0,0,-0.2844642857142858,0,0,5805.0,0.042322783022674,0.0,0.0,1.0,0.0
mn8370qr,e4rzuiqc,a05edde7-d925-45e5-bd12-37b4af942736,6ab180f8-7112-4499-b7f9-b9540b122777,0,gh,6,5538.0,2600.0,80.0,3.0,3940.0,18.0,5418.0,1.0,8.0,-0.1999999999999999,1,0,27.0,1.0,1.0,1,1,0,1,0.0,0.0,0.0,7.0,124.71428571428572,44.714285714285715,44.714285714285715,110.0,135.0,138.0,110.0,80,115.0,110.0,130.0,-0.0434782608695651,0.5589285714285714,0,0,0.5589285714285713,0,0,5380.0,0.0327525409666044,0.0,0.0,1.0,0.0
mn8370qr,j6o1gu35,a05edde7-d925-45e5-bd12-37b4af942736,73efef72-11c9-496a-80d8-178d281ae4d1,0,gh,6,1136.0,3800.0,3900.0,3.0,3555.0,15.0,1106.0,0.25,3.0,0.0499999999999999,3,1,19.0,0.0,0.0,0,1,0,1,4.0,3.0,1.0,7.0,124.71428571428572,44.714285714285715,44.714285714285715,110.0,135.0,138.0,110.0,80,115.0,110.0,130.0,-0.0434782608695651,0.5589285714285714,0,0,0.5589285714285713,0,0,4755.0,0.0327525409666044,0.0,0.0,0.0,1.0
mn8370qr,z9n52ebr,a05edde7-d925-45e5-bd12-37b4af942736,c8eb7dce-7793-4314-ad7f-d135dbb2ba47,0,gh,6,5326.0,2600.0,135.0,4.0,3362.5,25.0,5216.0,0.75,7.0,-0.05,2,0,18.0,0.0,1.0,1,1,0,1,1.0,1.0,0.0,7.0,124.71428571428572,44.714285714285715,44.714285714285715,110.0,135.0,138.0,110.0,80,115.0,110.0,130.0,-0.0434782608695651,0.5589285714285714,0,0,0.5589285714285713,0,0,5362.5,0.0327525409666044,0.0,0.5,0.5,0.0
mn8370qr,lh92b709,a05edde7-d925-45e5-bd12-37b4af942736,0c8329d9-01d0-4ade-9746-adcd76979d55,0,gh,6,5744.0,3800.0,120.0,3.0,5067.0,9.0,5574.0,0.9166666666666666,5.0,-0.4166666666666666,4,0,19.0,1.0,1.0,1,1,0,1,0.0,1.0,-1.0,7.0,124.71428571428572,44.714285714285715,44.714285714285715,110.0,135.0,138.0,110.0,80,115.0,110.0,130.0,-0.0434782608695651,0.5589285714285714,0,0,0.5589285714285713,0,0,5787.0,0.0327525409666044,0.0,0.0,1.0,0.0
mn8370qr,729v3r7i,a05edde7-d925-45e5-bd12-37b4af942736,f5a1d5e6-a183-421a-a699-8e50db4fb1c8,0,gh,6,5824.0,2600.0,0.0,0.0,4177.5,18.0,5714.0,0.9166666666666666,9.0,-0.0166666666666666,1,0,20.0,1.0,1.0,0,1,0,1,2.0,1.0,1.0,7.0,124.71428571428572,44.714285714285715,44.714285714285715,110.0,135.0,138.0,110.0,80,115.0,110.0,130.0,-0.0434782608695651,0.5589285714285714,0,0,0.5589285714285713,0,0,5617.5,0.0327525409666044,0.0,0.0,1.0,0.0
mn8370qr,aac2mc3k,a05edde7-d925-45e5-bd12-37b4af942736,8eb4c26e-1145-412e-a646-d50005ec9ba2,0,gh,6,5288.0,3800.0,128.0,3.0,4598.0,8.0,5168.0,0.8333333333333334,1.0,-0.7333333333333334,2,0,26.0,0.0,0.0,1,1,0,1,0.0,1.0,-1.0,7.0,124.71428571428572,44.714285714285715,44.714285714285715,110.0,135.0,138.0,110.0,80,115.0,110.0,130.0,-0.0434782608695651,0.5589285714285714,0,0,0.5589285714285713,0,0,5238.0,0.0327525409666044,0.0,0.0,0.0,1.0
mn8370qr,bs9r1rdm,98308155-5ef4-4781-92b2-15de5ba68a70,8bcaf73d-b674-4326-bd4f-acb83b510b57,0,gp,6,4422.0,2600.0,3800.0,1.0,3849.420000000001,5.0,4352.0,0.5833333333333334,7.0,0.1166666666666665,2,1,21.0,1.0,1.0,0,0,1,1,2.0,2.0,0.0,10.0,69.75,-10.25,10.25,78.0,65.0,78.0,50.0,80,50.0,88.0,10.0,0.56,0.128125,0,0,-0.128125,0,0,4249.420000000001,0.0432212169702937,0.0,1.0,0.0,0.0
mn8370qr,9uh6p1vm,98308155-5ef4-4781-92b2-15de5ba68a70,bc3147b7-5256-41ba-98cd-f8ffcee3c4a6,0,gp,6,5926.0,3800.0,0.0,0.0,4775.56,9.0,5796.0,0.75,6.0,-0.15,1,1,19.0,0.0,0.0,1,0,1,1,0.0,5.0,-5.0,10.0,69.75,-10.25,10.25,78.0,65.0,78.0,50.0,80,50.0,88.0,10.0,0.56,0.128125,0,0,-0.128125,0,0,5495.56,0.0432212169702937,0.0,0.0,1.0,0.0
mn8370qr,kb2z64e8,98308155-5ef4-4781-92b2-15de5ba68a70,22db997d-e3e3-4d59-aae0-6cf6af50ce83,0,gp,6,6101.0,2600.0,0.0,0.0,4047.37,19.0,6021.0,0.6666666666666666,8.0,0.1333333333333334,15,1,26.0,0.0,1.0,1,0,1,1,1.0,2.0,-1.0,10.0,69.75,-10.25,10.25,78.0,65.0,78.0,50.0,80,50.0,88.0,10.0,0.56,0.128125,0,0,-0.128125,0,0,5567.37,0.0432212169702937,0.0,1.0,0.0,0.0
mn8370qr,ai0il249,98308155-5ef4-4781-92b2-15de5ba68a70,f31a815e-6425-437b-901f-67ac478997d1,0,gp,6,5172.0,3800.0,85.0,1.0,3989.0,21.0,5042.0,0.75,2.0,-0.55,3,0,18.0,0.0,1.0,1,0,1,1,3.0,0.0,3.0,10.0,69.75,-10.25,10.25,78.0,65.0,78.0,50.0,80,50.0,88.0,10.0,0.56,0.128125,0,0,-0.128125,0,0,5669.0,0.0432212169702937,0.0,0.0,1.0,0.0
mn8370qr,pqnknbrr,98308155-5ef4-4781-92b2-15de5ba68a70,e33cbc6c-84e2-461b-b46a-773696dbb034,0,gp,6,4810.0,2600.0,70.0,2.0,3357.6499999999996,30.0,4710.0,0.6666666666666666,7.0,0.0333333333333333,3,0,22.0,1.0,1.0,1,0,1,1,4.0,1.0,3.0,10.0,69.75,-10.25,10.25,78.0,65.0,78.0,50.0,80,50.0,88.0,10.0,0.56,0.128125,0,0,-0.128125,0,0,5757.65,0.0432212169702937,0.0,1.0,0.0,0.0
mn8370qr,whc9aveo,98308155-5ef4-4781-92b2-15de5ba68a70,f2e7f80c-211c-4c81-bc5c-0ba136ad3833,0,gp,6,6139.0,3800.0,80.0,4.0,4797.0,12.0,5989.0,0.9166666666666666,7.0,-0.2166666666666666,1,0,34.0,1.0,1.0,1,0,1,1,0.0,0.0,0.0,10.0,69.75,-10.25,10.25,78.0,65.0,78.0,50.0,80,50.0,88.0,10.0,0.56,0.128125,0,0,-0.128125,0,0,5757.0,0.0432212169702937,0.0,0.0,1.0,0.0
mn8370qr,e4rzuiqc,a05edde7-d925-45e5-bd12-37b4af942736,6ab180f8-7112-4499-b7f9-b9540b122777,0,gh,7,5538.0,2600.0,,,4415.0,17.0,5418.0,1.0,8.0,-0.1999999999999999,1,0,27.0,1.0,1.0,1,1,0,1,0.0,1.0,-1.0,6.0,124.66666666666669,52.666666666666664,52.666666666666664,130.0,125.0,130.0,115.0,72,110.0,115.0,125.0,0.1818181818181818,0.7314814814814814,0,0,0.7314814814814815,0,0,5639.0,0.0364570749778529,0.0,0.0,1.0,0.0
mn8370qr,j6o1gu35,a05edde7-d925-45e5-bd12-37b4af942736,73efef72-11c9-496a-80d8-178d281ae4d1,0,gh,7,1136.0,3800.0,,,3583.0,17.0,1106.0,0.25,3.0,0.0499999999999999,3,1,19.0,0.0,0.0,0,1,0,1,3.0,1.0,2.0,6.0,124.66666666666669,52.666666666666664,52.666666666666664,130.0,125.0,130.0,115.0,72,110.0,115.0,125.0,0.1818181818181818,0.7314814814814814,0,0,0.7314814814814815,0,0,4807.0,0.0364570749778529,0.0,0.0,0.0,1.0
mn8370qr,z9n52ebr,a05edde7-d925-45e5-bd12-37b4af942736,c8eb7dce-7793-4314-ad7f-d135dbb2ba47,0,gh,7,5326.0,2600.0,,,4004.5,23.0,5216.0,0.75,7.0,-0.05,2,0,18.0,0.0,1.0,1,1,0,1,1.0,2.0,-1.0,6.0,124.66666666666669,52.666666666666664,52.666666666666664,130.0,125.0,130.0,115.0,72,110.0,115.0,125.0,0.1818181818181818,0.7314814814814814,0,0,0.7314814814814815,0,0,5660.5,0.0364570749778529,0.0,0.5,0.5,0.0
mn8370qr,lh92b709,a05edde7-d925-45e5-bd12-37b4af942736,0c8329d9-01d0-4ade-9746-adcd76979d55,0,gh,7,5744.0,3800.0,,,5387.0,8.0,5574.0,0.9166666666666666,5.0,-0.4166666666666666,4,0,19.0,1.0,1.0,1,1,0,1,1.0,2.0,-1.0,6.0,124.66666666666669,52.666666666666664,52.666666666666664,130.0,125.0,130.0,115.0,72,110.0,115.0,125.0,0.1818181818181818,0.7314814814814814,0,0,0.7314814814814815,0,0,5963.0,0.0364570749778529,0.0,0.0,1.0,0.0
mn8370qr,729v3r7i,a05edde7-d925-45e5-bd12-37b4af942736,f5a1d5e6-a183-421a-a699-8e50db4fb1c8,0,gh,7,5824.0,2600.0,,,4537.5,17.0,5714.0,0.9166666666666666,9.0,-0.0166666666666666,1,0,20.0,1.0,1.0,0,1,0,1,0.0,0.0,0.0,6.0,124.66666666666669,52.666666666666664,52.666666666666664,130.0,125.0,130.0,115.0,72,110.0,115.0,125.0,0.1818181818181818,0.7314814814814814,0,0,0.7314814814814815,0,0,5761.5,0.0364570749778529,0.0,0.0,1.0,0.0
mn8370qr,aac2mc3k,a05edde7-d925-45e5-bd12-37b4af942736,8eb4c26e-1145-412e-a646-d50005ec9ba2,0,gh,7,5288.0,3800.0,,,4633.0,9.0,5168.0,0.8333333333333334,1.0,-0.7333333333333334,2,0,26.0,0.0,0.0,1,1,0,1,1.0,0.0,1.0,6.0,124.66666666666669,52.666666666666664,52.666666666666664,130.0,125.0,130.0,115.0,72,110.0,115.0,125.0,0.1818181818181818,0.7314814814814814,0,0,0.7314814814814815,0,0,5281.0,0.0364570749778529,0.0,0.0,0.0,1.0
mn8370qr,bs9r1rdm,98308155-5ef4-4781-92b2-15de5ba68a70,8bcaf73d-b674-4326-bd4f-acb83b510b57,0,gp,7,4422.0,2600.0,,,3834.670000000001,4.0,4352.0,0.5833333333333334,7.0,0.1166666666666665,2,1,21.0,1.0,1.0,0,0,1,1,6.0,7.0,-1.0,19.0,63.35526315789474,-8.644736842105264,12.276315789473683,10.0,68.0,79.0,10.0,72,78.0,50.0,60.5,-0.8717948717948718,0.1705043859649123,0,0,-0.1200657894736841,0,0,4122.670000000001,0.0536122055078,0.0,1.0,0.0,0.0
mn8370qr,9uh6p1vm,98308155-5ef4-4781-92b2-15de5ba68a70,bc3147b7-5256-41ba-98cd-f8ffcee3c4a6,0,gp,7,5926.0,3800.0,,,4902.56,11.0,5796.0,0.75,6.0,-0.15,1,1,19.0,0.0,0.0,1,0,1,1,4.0,3.0,1.0,19.0,63.35526315789474,-8.644736842105264,12.276315789473683,10.0,68.0,79.0,10.0,72,78.0,50.0,60.5,-0.8717948717948718,0.1705043859649123,0,0,-0.1200657894736841,0,0,5694.56,0.0536122055078,0.0,0.0,1.0,0.0
mn8370qr,kb2z64e8,98308155-5ef4-4781-92b2-15de5ba68a70,22db997d-e3e3-4d59-aae0-6cf6af50ce83,0,gp,7,6101.0,2600.0,,,4731.37,15.0,6021.0,0.6666666666666666,8.0,0.1333333333333334,15,1,26.0,0.0,1.0,1,0,1,1,0.0,4.0,-4.0,19.0,63.35526315789474,-8.644736842105264,12.276315789473683,10.0,68.0,79.0,10.0,72,78.0,50.0,60.5,-0.8717948717948718,0.1705043859649123,0,0,-0.1200657894736841,0,0,5811.37,0.0536122055078,0.0,1.0,0.0,0.0
mn8370qr,ai0il249,98308155-5ef4-4781-92b2-15de5ba68a70,f31a815e-6425-437b-901f-67ac478997d1,0,gp,7,5172.0,3800.0,,,4304.0,23.0,5042.0,0.75,2.0,-0.55,3,0,18.0,0.0,1.0,1,0,1,1,2.0,0.0,2.0,19.0,63.35526315789474,-8.644736842105264,12.276315789473683,10.0,68.0,79.0,10.0,72,78.0,50.0,60.5,-0.8717948717948718,0.1705043859649123,0,0,-0.1200657894736841,0,0,5960.0,0.0536122055078,0.0,0.0,1.0,0.0
mn8370qr,pqnknbrr,98308155-5ef4-4781-92b2-15de5ba68a70,e33cbc6c-84e2-461b-b46a-773696dbb034,0,gp,7,4810.0,2600.0,,,3812.4,32.0,4710.0,0.6666666666666666,7.0,0.0333333333333333,3,0,22.0,1.0,1.0,1,0,1,1,4.0,2.0,2.0,19.0,63.35526315789474,-8.644736842105264,12.276315789473683,10.0,68.0,79.0,10.0,72,78.0,50.0,60.5,-0.8717948717948718,0.1705043859649123,0,0,-0.1200657894736841,0,0,6116.4,0.0536122055078,0.0,1.0,0.0,0.0
mn8370qr,whc9aveo,98308155-5ef4-4781-92b2-15de5ba68a70,f2e7f80c-211c-4c81-bc5c-0ba136ad3833,0,gp,7,6139.0,3800.0,,,5151.0,9.0,5989.0,0.9166666666666666,7.0,-0.2166666666666666,1,0,34.0,1.0,1.0,1,0,1,1,3.0,3.0,0.0,19.0,63.35526315789474,-8.644736842105264,12.276315789473683,10.0,68.0,79.0,10.0,72,78.0,50.0,60.5,-0.8717948717948718,0.1705043859649123,0,0,-0.1200657894736841,0,0,5799.0,0.0536122055078,0.0,0.0,1.0,0.0
mn8370qr,e4rzuiqc,a05edde7-d925-45e5-bd12-37b4af942736,6ab180f8-7112-4499-b7f9-b9540b122777,0,gh,8,5538.0,2600.0,,,4602.0,16.0,5418.0,1.0,8.0,-0.1999999999999999,1,0,27.0,1.0,1.0,1,1,0,1,0.0,1.0,-1.0,6.0,123.5,59.5,59.5,125.0,132.0,132.0,115.0,64,130.0,110.0,123.0,-0.0384615384615384,0.9296875,0,0,0.9296875,0,0,5626.0,0.037669145434597,0.0,0.0,1.0,0.0
mn8370qr,j6o1gu35,a05edde7-d925-45e5-bd12-37b4af942736,73efef72-11c9-496a-80d8-178d281ae4d1,0,gh,8,1136.0,3800.0,,,3641.0,17.0,1106.0,0.25,3.0,0.0499999999999999,3,1,19.0,0.0,0.0,0,1,0,1,1.0,1.0,0.0,6.0,123.5,59.5,59.5,125.0,132.0,132.0,115.0,64,130.0,110.0,123.0,-0.0384615384615384,0.9296875,0,0,0.9296875,0,0,4729.0,0.037669145434597,0.0,0.0,0.0,1.0
mn8370qr,z9n52ebr,a05edde7-d925-45e5-bd12-37b4af942736,c8eb7dce-7793-4314-ad7f-d135dbb2ba47,0,gh,8,5326.0,2600.0,,,4238.5,22.0,5216.0,0.75,7.0,-0.05,2,0,18.0,0.0,1.0,1,1,0,1,1.0,2.0,-1.0,6.0,123.5,59.5,59.5,125.0,132.0,132.0,115.0,64,130.0,110.0,123.0,-0.0384615384615384,0.9296875,0,0,0.9296875,0,0,5646.5,0.037669145434597,0.0,0.5,0.5,0.0
mn8370qr,lh92b709,a05edde7-d925-45e5-bd12-37b4af942736,0c8329d9-01d0-4ade-9746-adcd76979d55,0,gh,8,5744.0,3800.0,,,5042.0,11.0,5574.0,0.9166666666666666,5.0,-0.4166666666666666,4,0,19.0,1.0,1.0,1,1,0,1,3.0,0.0,3.0,6.0,123.5,59.5,59.5,125.0,132.0,132.0,115.0,64,130.0,110.0,123.0,-0.0384615384615384,0.9296875,0,0,0.9296875,0,0,5746.0,0.037669145434597,0.0,0.0,1.0,0.0
mn8370qr,729v3r7i,a05edde7-d925-45e5-bd12-37b4af942736,f5a1d5e6-a183-421a-a699-8e50db4fb1c8,0,gh,8,5824.0,2600.0,,,4850.5,16.0,5714.0,0.9166666666666666,9.0,-0.0166666666666666,1,0,20.0,1.0,1.0,0,1,0,1,0.0,2.0,-2.0,6.0,123.5,59.5,59.5,125.0,132.0,132.0,115.0,64,130.0,110.0,123.0,-0.0384615384615384,0.9296875,0,0,0.9296875,0,0,5874.5,0.037669145434597,0.0,0.0,1.0,0.0
mn8370qr,aac2mc3k,a05edde7-d925-45e5-bd12-37b4af942736,8eb4c26e-1145-412e-a646-d50005ec9ba2,0,gh,8,5288.0,3800.0,,,4550.0,10.0,5168.0,0.8333333333333334,1.0,-0.7333333333333334,2,0,26.0,0.0,0.0,1,1,0,1,1.0,0.0,1.0,6.0,123.5,59.5,59.5,125.0,132.0,132.0,115.0,64,130.0,110.0,123.0,-0.0384615384615384,0.9296875,0,0,0.9296875,0,0,5190.0,0.037669145434597,0.0,0.0,0.0,1.0
mn8370qr,bs9r1rdm,98308155-5ef4-4781-92b2-15de5ba68a70,8bcaf73d-b674-4326-bd4f-acb83b510b57,0,gp,8,4422.0,2600.0,,,3492.6700000000005,12.0,4352.0,0.5833333333333334,7.0,0.1166666666666665,2,1,21.0,1.0,1.0,0,0,1,1,7.0,1.0,6.0,14.0,58.785714285714285,-5.214285714285714,5.785714285714286,60.5,44.0,68.0,44.0,64,10.0,78.0,49.0,5.05,0.0904017857142857,1,0,-0.0814732142857143,0,0,4260.67,0.0470375785788175,0.0,1.0,0.0,0.0
mn8370qr,9uh6p1vm,98308155-5ef4-4781-92b2-15de5ba68a70,bc3147b7-5256-41ba-98cd-f8ffcee3c4a6,0,gp,8,5926.0,3800.0,,,4714.06,14.0,5796.0,0.75,6.0,-0.15,1,1,19.0,0.0,0.0,1,0,1,1,5.0,1.0,4.0,14.0,58.785714285714285,-5.214285714285714,5.785714285714286,60.5,44.0,68.0,44.0,64,10.0,78.0,49.0,5.05,0.0904017857142857,1,0,-0.0814732142857143,0,0,5610.06,0.0470375785788175,0.0,0.0,1.0,0.0
mn8370qr,kb2z64e8,98308155-5ef4-4781-92b2-15de5ba68a70,22db997d-e3e3-4d59-aae0-6cf6af50ce83,0,gp,8,6101.0,2600.0,,,4929.37,15.0,6021.0,0.6666666666666666,8.0,0.1333333333333334,15,1,26.0,0.0,1.0,1,0,1,1,1.0,3.0,-2.0,14.0,58.785714285714285,-5.214285714285714,5.785714285714286,60.5,44.0,68.0,44.0,64,10.0,78.0,49.0,5.05,0.0904017857142857,1,0,-0.0814732142857143,0,0,5889.37,0.0470375785788175,0.0,1.0,0.0,0.0
mn8370qr,ai0il249,98308155-5ef4-4781-92b2-15de5ba68a70,f31a815e-6425-437b-901f-67ac478997d1,0,gp,8,5172.0,3800.0,,,4459.0,23.0,5042.0,0.75,2.0,-0.55,3,0,18.0,0.0,1.0,1,0,1,1,0.0,1.0,-1.0,14.0,58.785714285714285,-5.214285714285714,5.785714285714286,60.5,44.0,68.0,44.0,64,10.0,78.0,49.0,5.05,0.0904017857142857,1,0,-0.0814732142857143,0,0,5931.0,0.0470375785788175,0.0,0.0,1.0,0.0
mn8370qr,pqnknbrr,98308155-5ef4-4781-92b2-15de5ba68a70,e33cbc6c-84e2-461b-b46a-773696dbb034,0,gp,8,4810.0,2600.0,,,4329.9,24.0,4710.0,0.6666666666666666,7.0,0.0333333333333333,3,0,22.0,1.0,1.0,1,0,1,1,1.0,8.0,-7.0,14.0,58.785714285714285,-5.214285714285714,5.785714285714286,60.5,44.0,68.0,44.0,64,10.0,78.0,49.0,5.05,0.0904017857142857,1,0,-0.0814732142857143,0,0,5865.9,0.0470375785788175,0.0,1.0,0.0,0.0
mn8370qr,whc9aveo,98308155-5ef4-4781-92b2-15de5ba68a70,f2e7f80c-211c-4c81-bc5c-0ba136ad3833,0,gp,8,6139.0,3800.0,,,5187.0,12.0,5989.0,0.9166666666666666,7.0,-0.2166666666666666,1,0,34.0,1.0,1.0,1,0,1,1,0.0,0.0,0.0,14.0,58.785714285714285,-5.214285714285714,5.785714285714286,60.5,44.0,68.0,44.0,64,10.0,78.0,49.0,5.05,0.0904017857142857,1,0,-0.0814732142857143,0,0,5955.0,0.0470375785788175,0.0,0.0,1.0,0.0
mn8370qr,e4rzuiqc,a05edde7-d925-45e5-bd12-37b4af942736,6ab180f8-7112-4499-b7f9-b9540b122777,0,gh,9,5538.0,2600.0,56.0,5.0,5154.0,14.0,5418.0,1.0,8.0,-0.1999999999999999,1,0,27.0,1.0,1.0,1,1,0,1,0.0,2.0,-2.0,9.0,121.11111111111111,65.11111111111111,65.11111111111111,123.0,120.0,125.0,112.0,56,125.0,130.0,120.0,-0.016,1.1626984126984128,0,0,1.1626984126984128,0,0,5938.0,0.0498400643667333,0.0,0.0,1.0,0.0
mn8370qr,j6o1gu35,a05edde7-d925-45e5-bd12-37b4af942736,73efef72-11c9-496a-80d8-178d281ae4d1,0,gh,9,1136.0,3800.0,3800.0,4.0,3728.0,20.0,1106.0,0.25,3.0,0.0499999999999999,3,1,19.0,0.0,0.0,0,1,0,1,3.0,1.0,2.0,9.0,121.11111111111111,65.11111111111111,65.11111111111111,123.0,120.0,125.0,112.0,56,125.0,130.0,120.0,-0.016,1.1626984126984128,0,0,1.1626984126984128,0,0,4848.0,0.0498400643667333,0.0,0.0,0.0,1.0
mn8370qr,z9n52ebr,a05edde7-d925-45e5-bd12-37b4af942736,c8eb7dce-7793-4314-ad7f-d135dbb2ba47,0,gh,9,5326.0,2600.0,100.0,3.0,4686.5,23.0,5216.0,0.75,7.0,-0.05,2,0,18.0,0.0,1.0,1,1,0,1,1.0,1.0,0.0,9.0,121.11111111111111,65.11111111111111,65.11111111111111,123.0,120.0,125.0,112.0,56,125.0,130.0,120.0,-0.016,1.1626984126984128,0,0,1.1626984126984128,0,0,5974.5,0.0498400643667333,0.0,0.5,0.5,0.0
mn8370qr,lh92b709,a05edde7-d925-45e5-bd12-37b4af942736,0c8329d9-01d0-4ade-9746-adcd76979d55,0,gh,9,5744.0,3800.0,123.0,4.0,4900.0,14.0,5574.0,0.9166666666666666,5.0,-0.4166666666666666,4,0,19.0,1.0,1.0,1,1,0,1,3.0,0.0,3.0,9.0,121.11111111111111,65.11111111111111,65.11111111111111,123.0,120.0,125.0,112.0,56,125.0,130.0,120.0,-0.016,1.1626984126984128,0,0,1.1626984126984128,0,0,5684.0,0.0498400643667333,0.0,0.0,1.0,0.0
mn8370qr,729v3r7i,a05edde7-d925-45e5-bd12-37b4af942736,f5a1d5e6-a183-421a-a699-8e50db4fb1c8,0,gh,9,5824.0,2600.0,100.0,4.0,5790.5,10.0,5714.0,0.9166666666666666,9.0,-0.0166666666666666,1,0,20.0,1.0,1.0,0,1,0,1,0.0,5.0,-5.0,9.0,121.11111111111111,65.11111111111111,65.11111111111111,123.0,120.0,125.0,112.0,56,125.0,130.0,120.0,-0.016,1.1626984126984128,0,0,1.1626984126984128,0,0,6350.5,0.0498400643667333,0.0,0.0,1.0,0.0
mn8370qr,aac2mc3k,a05edde7-d925-45e5-bd12-37b4af942736,8eb4c26e-1145-412e-a646-d50005ec9ba2,0,gh,9,5288.0,3800.0,110.0,2.0,4505.0,12.0,5168.0,0.8333333333333334,1.0,-0.7333333333333334,2,0,26.0,0.0,0.0,1,1,0,1,2.0,0.0,2.0,9.0,121.11111111111111,65.11111111111111,65.11111111111111,123.0,120.0,125.0,112.0,56,125.0,130.0,120.0,-0.016,1.1626984126984128,0,0,1.1626984126984128,0,0,5177.0,0.0498400643667333,0.0,0.0,0.0,1.0
mn8370qr,bs9r1rdm,98308155-5ef4-4781-92b2-15de5ba68a70,8bcaf73d-b674-4326-bd4f-acb83b510b57,0,gp,9,4422.0,2600.0,60.0,4.0,3458.7900000000004,13.0,4352.0,0.5833333333333334,7.0,0.1166666666666665,2,1,21.0,1.0,1.0,0,0,1,1,10.0,7.0,3.0,23.0,55.52739130434783,-0.4726086956521738,7.0056521739130435,49.0,62.0,65.0,35.0,56,60.5,10.0,55.88,-0.1900826446280992,0.1251009316770186,0,0,-0.0084394409937887,0,0,4186.790000000001,0.0520182865537771,0.0,1.0,0.0,0.0
mn8370qr,9uh6p1vm,98308155-5ef4-4781-92b2-15de5ba68a70,bc3147b7-5256-41ba-98cd-f8ffcee3c4a6,0,gp,9,5926.0,3800.0,58.0,3.0,5140.31,13.0,5796.0,0.75,6.0,-0.15,1,1,19.0,0.0,0.0,1,0,1,1,2.0,4.0,-2.0,23.0,55.52739130434783,-0.4726086956521738,7.0056521739130435,49.0,62.0,65.0,35.0,56,60.5,10.0,55.88,-0.1900826446280992,0.1251009316770186,0,0,-0.0084394409937887,0,0,5868.31,0.0520182865537771,0.0,0.0,1.0,0.0
mn8370qr,kb2z64e8,98308155-5ef4-4781-92b2-15de5ba68a70,22db997d-e3e3-4d59-aae0-6cf6af50ce83,0,gp,9,6101.0,2600.0,40.0,5.0,5467.37,10.0,6021.0,0.6666666666666666,8.0,0.1333333333333334,15,1,26.0,0.0,1.0,1,0,1,1,1.0,5.0,-4.0,23.0,55.52739130434783,-0.4726086956521738,7.0056521739130435,49.0,62.0,65.0,35.0,56,60.5,10.0,55.88,-0.1900826446280992,0.1251009316770186,0,0,-0.0084394409937887,0,0,6027.37,0.0520182865537771,0.0,1.0,0.0,0.0
mn8370qr,ai0il249,98308155-5ef4-4781-92b2-15de5ba68a70,f31a815e-6425-437b-901f-67ac478997d1,0,gp,9,5172.0,3800.0,30.0,3.0,4920.38,22.0,5042.0,0.75,2.0,-0.55,3,0,18.0,0.0,1.0,1,0,1,1,4.0,3.0,1.0,23.0,55.52739130434783,-0.4726086956521738,7.0056521739130435,49.0,62.0,65.0,35.0,56,60.5,10.0,55.88,-0.1900826446280992,0.1251009316770186,0,0,-0.0084394409937887,0,0,6152.38,0.0520182865537771,0.0,0.0,1.0,0.0
mn8370qr,pqnknbrr,98308155-5ef4-4781-92b2-15de5ba68a70,e33cbc6c-84e2-461b-b46a-773696dbb034,0,gp,9,4810.0,2600.0,40.0,2.0,4698.15,25.0,4710.0,0.6666666666666666,7.0,0.0333333333333333,3,0,22.0,1.0,1.0,1,0,1,1,6.0,4.0,2.0,23.0,55.52739130434783,-0.4726086956521738,7.0056521739130435,49.0,62.0,65.0,35.0,56,60.5,10.0,55.88,-0.1900826446280992,0.1251009316770186,0,0,-0.0084394409937887,0,0,6098.15,0.0520182865537771,0.0,1.0,0.0,0.0
mn8370qr,whc9aveo,98308155-5ef4-4781-92b2-15de5ba68a70,f2e7f80c-211c-4c81-bc5c-0ba136ad3833,0,gp,9,6139.0,3800.0,50.0,4.0,5427.0,13.0,5989.0,0.9166666666666666,7.0,-0.2166666666666666,1,0,34.0,1.0,1.0,1,0,1,1,0.0,0.0,0.0,23.0,55.52739130434783,-0.4726086956521738,7.0056521739130435,49.0,62.0,65.0,35.0,56,60.5,10.0,55.88,-0.1900826446280992,0.1251009316770186,0,0,-0.0084394409937887,0,0,6155.0,0.0520182865537771,0.0,0.0,1.0,0.0
mn8370qr,e4rzuiqc,a05edde7-d925-45e5-bd12-37b4af942736,6ab180f8-7112-4499-b7f9-b9540b122777,0,gh,10,5538.0,2600.0,,,5264.0,13.0,5418.0,1.0,8.0,-0.1999999999999999,1,0,27.0,1.0,1.0,1,1,0,1,0.0,1.0,-1.0,9.0,116.66666666666669,68.66666666666667,68.66666666666667,120.0,110.0,129.0,110.0,48,123.0,125.0,120.0,-0.024390243902439,1.4305555555555556,0,0,1.4305555555555556,0,0,5888.0,0.0569900886802295,0.0,0.0,1.0,0.0
mn8370qr,j6o1gu35,a05edde7-d925-45e5-bd12-37b4af942736,73efef72-11c9-496a-80d8-178d281ae4d1,0,gh,10,1136.0,3800.0,,,3794.0,18.0,1106.0,0.25,3.0,0.0499999999999999,3,1,19.0,0.0,0.0,0,1,0,1,3.0,4.0,-1.0,9.0,116.66666666666669,68.66666666666667,68.66666666666667,120.0,110.0,129.0,110.0,48,123.0,125.0,120.0,-0.024390243902439,1.4305555555555556,0,0,1.4305555555555556,0,0,4658.0,0.0569900886802295,0.0,0.0,0.0,1.0
mn8370qr,z9n52ebr,a05edde7-d925-45e5-bd12-37b4af942736,c8eb7dce-7793-4314-ad7f-d135dbb2ba47,0,gh,10,5326.0,2600.0,,,4830.5,22.0,5216.0,0.75,7.0,-0.05,2,0,18.0,0.0,1.0,1,1,0,1,1.0,2.0,-1.0,9.0,116.66666666666669,68.66666666666667,68.66666666666667,120.0,110.0,129.0,110.0,48,123.0,125.0,120.0,-0.024390243902439,1.4305555555555556,0,0,1.4305555555555556,0,0,5886.5,0.0569900886802295,0.0,0.5,0.5,0.0
mn8370qr,lh92b709,a05edde7-d925-45e5-bd12-37b4af942736,0c8329d9-01d0-4ade-9746-adcd76979d55,0,gh,10,5744.0,3800.0,,,4670.0,15.0,5574.0,0.9166666666666666,5.0,-0.4166666666666666,4,0,19.0,1.0,1.0,1,1,0,1,2.0,0.0,2.0,9.0,116.66666666666669,68.66666666666667,68.66666666666667,120.0,110.0,129.0,110.0,48,123.0,125.0,120.0,-0.024390243902439,1.4305555555555556,0,0,1.4305555555555556,0,0,5390.0,0.0569900886802295,0.0,0.0,1.0,0.0
mn8370qr,729v3r7i,a05edde7-d925-45e5-bd12-37b4af942736,f5a1d5e6-a183-421a-a699-8e50db4fb1c8,0,gh,10,5824.0,2600.0,,,5810.5,11.0,5714.0,0.9166666666666666,9.0,-0.0166666666666666,1,0,20.0,1.0,1.0,0,1,0,1,2.0,2.0,0.0,9.0,116.66666666666669,68.66666666666667,68.66666666666667,120.0,110.0,129.0,110.0,48,123.0,125.0,120.0,-0.024390243902439,1.4305555555555556,0,0,1.4305555555555556,0,0,6338.5,0.0569900886802295,0.0,0.0,1.0,0.0
mn8370qr,aac2mc3k,a05edde7-d925-45e5-bd12-37b4af942736,8eb4c26e-1145-412e-a646-d50005ec9ba2,0,gh,10,5288.0,3800.0,,,4395.0,14.0,5168.0,0.8333333333333334,1.0,-0.7333333333333334,2,0,26.0,0.0,0.0,1,1,0,1,1.0,0.0,1.0,9.0,116.66666666666669,68.66666666666667,68.66666666666667,120.0,110.0,129.0,110.0,48,123.0,125.0,120.0,-0.024390243902439,1.4305555555555556,0,0,1.4305555555555556,0,0,5067.0,0.0569900886802295,0.0,0.0,0.0,1.0
mn8370qr,bs9r1rdm,98308155-5ef4-4781-92b2-15de5ba68a70,8bcaf73d-b674-4326-bd4f-acb83b510b57,0,gp,10,4422.0,2600.0,,,3453.4100000000003,13.0,4352.0,0.5833333333333334,7.0,0.1166666666666665,2,1,21.0,1.0,1.0,0,0,1,1,2.0,2.0,0.0,14.0,55.92928571428571,7.929285714285714,7.929285714285714,55.88,50.0,60.0,50.0,48,49.0,60.5,43.25,0.1404081632653062,0.1651934523809523,0,0,0.1651934523809523,0,0,4077.41,0.0543420374335791,0.0,1.0,0.0,0.0
mn8370qr,9uh6p1vm,98308155-5ef4-4781-92b2-15de5ba68a70,bc3147b7-5256-41ba-98cd-f8ffcee3c4a6,0,gp,10,5926.0,3800.0,,,4621.18,21.0,5796.0,0.75,6.0,-0.15,1,1,19.0,0.0,0.0,1,0,1,1,9.0,0.0,9.0,14.0,55.92928571428571,7.929285714285714,7.929285714285714,55.88,50.0,60.0,50.0,48,49.0,60.5,43.25,0.1404081632653062,0.1651934523809523,0,0,0.1651934523809523,0,0,5629.18,0.0543420374335791,0.0,0.0,1.0,0.0
mn8370qr,kb2z64e8,98308155-5ef4-4781-92b2-15de5ba68a70,22db997d-e3e3-4d59-aae0-6cf6af50ce83,0,gp,10,6101.0,2600.0,,,5586.37,7.0,6021.0,0.6666666666666666,8.0,0.1333333333333334,15,1,26.0,0.0,1.0,1,0,1,1,1.0,3.0,-2.0,14.0,55.92928571428571,7.929285714285714,7.929285714285714,55.88,50.0,60.0,50.0,48,49.0,60.5,43.25,0.1404081632653062,0.1651934523809523,0,0,0.1651934523809523,0,0,5922.37,0.0543420374335791,0.0,1.0,0.0,0.0
mn8370qr,ai0il249,98308155-5ef4-4781-92b2-15de5ba68a70,f31a815e-6425-437b-901f-67ac478997d1,0,gp,10,5172.0,3800.0,,,5142.51,19.0,5042.0,0.75,2.0,-0.55,3,0,18.0,0.0,1.0,1,0,1,1,0.0,4.0,-4.0,14.0,55.92928571428571,7.929285714285714,7.929285714285714,55.88,50.0,60.0,50.0,48,49.0,60.5,43.25,0.1404081632653062,0.1651934523809523,0,0,0.1651934523809523,0,0,6054.51,0.0543420374335791,0.0,0.0,1.0,0.0
mn8370qr,pqnknbrr,98308155-5ef4-4781-92b2-15de5ba68a70,e33cbc6c-84e2-461b-b46a-773696dbb034,0,gp,10,4810.0,2600.0,,,4821.53,24.0,4710.0,0.6666666666666666,7.0,0.0333333333333333,3,0,22.0,1.0,1.0,1,0,1,1,2.0,4.0,-2.0,14.0,55.92928571428571,7.929285714285714,7.929285714285714,55.88,50.0,60.0,50.0,48,49.0,60.5,43.25,0.1404081632653062,0.1651934523809523,0,0,0.1651934523809523,0,0,5973.53,0.0543420374335791,0.0,1.0,0.0,0.0
mn8370qr,whc9aveo,98308155-5ef4-4781-92b2-15de5ba68a70,f2e7f80c-211c-4c81-bc5c-0ba136ad3833,0,gp,10,6139.0,3800.0,,,5487.0,10.0,5989.0,0.9166666666666666,7.0,-0.2166666666666666,1,0,34.0,1.0,1.0,1,0,1,1,0.0,1.0,-1.0,14.0,55.92928571428571,7.929285714285714,7.929285714285714,55.88,50.0,60.0,50.0,48,49.0,60.5,43.25,0.1404081632653062,0.1651934523809523,0,0,0.1651934523809523,0,0,5967.0,0.0543420374335791,0.0,0.0,1.0,0.0
mn8370qr,e4rzuiqc,a05edde7-d925-45e5-bd12-37b4af942736,6ab180f8-7112-4499-b7f9-b9540b122777,0,gh,11,5538.0,2600.0,,,5598.0,11.0,5418.0,1.0,8.0,-0.1999999999999999,1,0,27.0,1.0,1.0,1,1,0,1,0.0,2.0,-2.0,7.0,114.71428571428572,74.71428571428571,74.71428571428571,120.0,123.0,123.0,105.0,40,120.0,123.0,120.0,0.0,1.8678571428571429,0,0,1.8678571428571429,0,0,6038.0,0.061213434452871,0.0,0.0,1.0,0.0
mn8370qr,j6o1gu35,a05edde7-d925-45e5-bd12-37b4af942736,73efef72-11c9-496a-80d8-178d281ae4d1,0,gh,11,1136.0,3800.0,,,3905.0,18.0,1106.0,0.25,3.0,0.0499999999999999,3,1,19.0,0.0,0.0,0,1,0,1,3.0,3.0,0.0,7.0,114.71428571428572,74.71428571428571,74.71428571428571,120.0,123.0,123.0,105.0,40,120.0,123.0,120.0,0.0,1.8678571428571429,0,0,1.8678571428571429,0,0,4625.0,0.061213434452871,0.0,0.0,0.0,1.0
mn8370qr,z9n52ebr,a05edde7-d925-45e5-bd12-37b4af942736,c8eb7dce-7793-4314-ad7f-d135dbb2ba47,0,gh,11,5326.0,2600.0,,,4901.5,23.0,5216.0,0.75,7.0,-0.05,2,0,18.0,0.0,1.0,1,1,0,1,2.0,1.0,1.0,7.0,114.71428571428572,74.71428571428571,74.71428571428571,120.0,123.0,123.0,105.0,40,120.0,123.0,120.0,0.0,1.8678571428571429,0,0,1.8678571428571429,0,0,5821.5,0.061213434452871,0.0,0.5,0.5,0.0
mn8370qr,lh92b709,a05edde7-d925-45e5-bd12-37b4af942736,0c8329d9-01d0-4ade-9746-adcd76979d55,0,gh,11,5744.0,3800.0,,,4578.0,18.0,5574.0,0.9166666666666666,5.0,-0.4166666666666666,4,0,19.0,1.0,1.0,1,1,0,1,2.0,0.0,2.0,7.0,114.71428571428572,74.71428571428571,74.71428571428571,120.0,123.0,123.0,105.0,40,120.0,123.0,120.0,0.0,1.8678571428571429,0,0,1.8678571428571429,0,0,5298.0,0.061213434452871,0.0,0.0,1.0,0.0
mn8370qr,729v3r7i,a05edde7-d925-45e5-bd12-37b4af942736,f5a1d5e6-a183-421a-a699-8e50db4fb1c8,0,gh,11,5824.0,2600.0,,,6018.5,9.0,5714.0,0.9166666666666666,9.0,-0.0166666666666666,1,0,20.0,1.0,1.0,0,1,0,1,0.0,1.0,-1.0,7.0,114.71428571428572,74.71428571428571,74.71428571428571,120.0,123.0,123.0,105.0,40,120.0,123.0,120.0,0.0,1.8678571428571429,0,0,1.8678571428571429,0,0,6378.5,0.061213434452871,0.0,0.0,1.0,0.0
mn8370qr,aac2mc3k,a05edde7-d925-45e5-bd12-37b4af942736,8eb4c26e-1145-412e-a646-d50005ec9ba2,0,gh,11,5288.0,3800.0,,,4507.0,14.0,5168.0,0.8333333333333334,1.0,-0.7333333333333334,2,0,26.0,0.0,0.0,1,1,0,1,0.0,0.0,0.0,7.0,114.71428571428572,74.71428571428571,74.71428571428571,120.0,123.0,123.0,105.0,40,120.0,123.0,120.0,0.0,1.8678571428571429,0,0,1.8678571428571429,0,0,5067.0,0.061213434452871,0.0,0.0,0.0,1.0
mn8370qr,bs9r1rdm,98308155-5ef4-4781-92b2-15de5ba68a70,8bcaf73d-b674-4326-bd4f-acb83b510b57,0,gp,11,4422.0,2600.0,,,3545.4100000000003,13.0,4352.0,0.5833333333333334,7.0,0.1166666666666665,2,1,21.0,1.0,1.0,0,0,1,1,4.0,4.0,0.0,10.0,48.3,8.3,8.7,43.25,40.0,58.0,38.0,40,55.88,49.0,35.13,-0.2260200429491768,0.2174999999999999,0,0,0.2074999999999999,0,0,4065.41,0.0575045440177019,0.0,1.0,0.0,0.0
mn8370qr,9uh6p1vm,98308155-5ef4-4781-92b2-15de5ba68a70,bc3147b7-5256-41ba-98cd-f8ffcee3c4a6,0,gp,11,5926.0,3800.0,,,4775.93,21.0,5796.0,0.75,6.0,-0.15,1,1,19.0,0.0,0.0,1,0,1,1,1.0,1.0,0.0,10.0,48.3,8.3,8.7,43.25,40.0,58.0,38.0,40,55.88,49.0,35.13,-0.2260200429491768,0.2174999999999999,0,0,0.2074999999999999,0,0,5615.93,0.0575045440177019,0.0,0.0,1.0,0.0
mn8370qr,kb2z64e8,98308155-5ef4-4781-92b2-15de5ba68a70,22db997d-e3e3-4d59-aae0-6cf6af50ce83,0,gp,11,6101.0,2600.0,,,5695.37,9.0,6021.0,0.6666666666666666,8.0,0.1333333333333334,15,1,26.0,0.0,1.0,1,0,1,1,1.0,2.0,-1.0,10.0,48.3,8.3,8.7,43.25,40.0,58.0,38.0,40,55.88,49.0,35.13,-0.2260200429491768,0.2174999999999999,0,0,0.2074999999999999,0,0,6055.37,0.0575045440177019,0.0,1.0,0.0,0.0
mn8370qr,ai0il249,98308155-5ef4-4781-92b2-15de5ba68a70,f31a815e-6425-437b-901f-67ac478997d1,0,gp,11,5172.0,3800.0,,,5304.51,20.0,5042.0,0.75,2.0,-0.55,3,0,18.0,0.0,1.0,1,0,1,1,1.0,1.0,0.0,10.0,48.3,8.3,8.7,43.25,40.0,58.0,38.0,40,55.88,49.0,35.13,-0.2260200429491768,0.2174999999999999,0,0,0.2074999999999999,0,0,6104.51,0.0575045440177019,0.0,0.0,1.0,0.0
mn8370qr,pqnknbrr,98308155-5ef4-4781-92b2-15de5ba68a70,e33cbc6c-84e2-461b-b46a-773696dbb034,0,gp,11,4810.0,2600.0,,,4975.78,26.0,4710.0,0.6666666666666666,7.0,0.0333333333333333,3,0,22.0,1.0,1.0,1,0,1,1,3.0,2.0,1.0,10.0,48.3,8.3,8.7,43.25,40.0,58.0,38.0,40,55.88,49.0,35.13,-0.2260200429491768,0.2174999999999999,0,0,0.2074999999999999,0,0,6015.78,0.0575045440177019,0.0,1.0,0.0,0.0
mn8370qr,whc9aveo,98308155-5ef4-4781-92b2-15de5ba68a70,f2e7f80c-211c-4c81-bc5c-0ba136ad3833,0,gp,11,6139.0,3800.0,,,5567.0,8.0,5989.0,0.9166666666666666,7.0,-0.2166666666666666,1,0,34.0,1.0,1.0,1,0,1,1,0.0,0.0,0.0,10.0,48.3,8.3,8.7,43.25,40.0,58.0,38.0,40,55.88,49.0,35.13,-0.2260200429491768,0.2174999999999999,0,0,0.2074999999999999,0,0,5887.0,0.0575045440177019,0.0,0.0,1.0,0.0
mn8370qr,e4rzuiqc,a05edde7-d925-45e5-bd12-37b4af942736,6ab180f8-7112-4499-b7f9-b9540b122777,0,gh,12,5538.0,2600.0,0.0,0.0,5904.0,9.0,5418.0,1.0,8.0,-0.1999999999999999,1,0,27.0,1.0,1.0,1,1,0,1,0.0,2.0,-2.0,10.0,114.7,82.7,82.7,120.0,118.0,120.0,108.0,32,120.0,120.0,102.0,0.0,2.584375,0,0,2.584375,0,0,6192.0,0.0762404925751539,0.0,0.0,1.0,0.0
mn8370qr,j6o1gu35,a05edde7-d925-45e5-bd12-37b4af942736,73efef72-11c9-496a-80d8-178d281ae4d1,0,gh,12,1136.0,3800.0,3970.0,5.0,3806.0,20.0,1106.0,0.25,3.0,0.0499999999999999,3,1,19.0,0.0,0.0,0,1,0,1,3.0,1.0,2.0,10.0,114.7,82.7,82.7,120.0,118.0,120.0,108.0,32,120.0,120.0,102.0,0.0,2.584375,0,0,2.584375,0,0,4446.0,0.0762404925751539,0.0,0.0,0.0,1.0
mn8370qr,z9n52ebr,a05edde7-d925-45e5-bd12-37b4af942736,c8eb7dce-7793-4314-ad7f-d135dbb2ba47,0,gh,12,5326.0,2600.0,108.0,4.0,5208.5,21.0,5216.0,0.75,7.0,-0.05,2,0,18.0,0.0,1.0,1,1,0,1,1.0,2.0,-1.0,10.0,114.7,82.7,82.7,120.0,118.0,120.0,108.0,32,120.0,120.0,102.0,0.0,2.584375,0,0,2.584375,0,0,5880.5,0.0762404925751539,0.0,0.5,0.5,0.0
mn8370qr,lh92b709,a05edde7-d925-45e5-bd12-37b4af942736,0c8329d9-01d0-4ade-9746-adcd76979d55,0,gh,12,5744.0,3800.0,120.0,3.0,4619.0,18.0,5574.0,0.9166666666666666,5.0,-0.4166666666666666,4,0,19.0,1.0,1.0,1,1,0,1,3.0,2.0,1.0,10.0,114.7,82.7,82.7,120.0,118.0,120.0,108.0,32,120.0,120.0,102.0,0.0,2.584375,0,0,2.584375,0,0,5195.0,0.0762404925751539,0.0,0.0,1.0,0.0
mn8370qr,729v3r7i,a05edde7-d925-45e5-bd12-37b4af942736,f5a1d5e6-a183-421a-a699-8e50db4fb1c8,0,gh,12,5824.0,2600.0,92.0,3.0,6323.5,7.0,5714.0,0.9166666666666666,9.0,-0.0166666666666666,1,0,20.0,1.0,1.0,0,1,0,1,1.0,3.0,-2.0,10.0,114.7,82.7,82.7,120.0,118.0,120.0,108.0,32,120.0,120.0,102.0,0.0,2.584375,0,0,2.584375,0,0,6547.5,0.0762404925751539,0.0,0.0,1.0,0.0
mn8370qr,aac2mc3k,a05edde7-d925-45e5-bd12-37b4af942736,8eb4c26e-1145-412e-a646-d50005ec9ba2,0,gh,12,5288.0,3800.0,123.0,2.0,4391.0,15.0,5168.0,0.8333333333333334,1.0,-0.7333333333333334,2,0,26.0,0.0,0.0,1,1,0,1,2.0,0.0,2.0,10.0,114.7,82.7,82.7,120.0,118.0,120.0,108.0,32,120.0,120.0,102.0,0.0,2.584375,0,0,2.584375,0,0,4871.0,0.0762404925751539,0.0,0.0,0.0,1.0
mn8370qr,bs9r1rdm,98308155-5ef4-4781-92b2-15de5ba68a70,8bcaf73d-b674-4326-bd4f-acb83b510b57,0,gp,12,4422.0,2600.0,33.0,5.0,3496.03,17.0,4352.0,0.5833333333333334,7.0,0.1166666666666665,2,1,21.0,1.0,1.0,0,0,1,1,4.0,0.0,4.0,9.0,39.208888888888886,7.208888888888889,7.208888888888889,35.13,41.0,45.0,35.0,32,43.25,55.88,36.5,-0.1877456647398843,0.2252777777777777,0,0,0.2252777777777777,0,0,4040.03,0.0583529911490437,0.0,1.0,0.0,0.0
mn8370qr,9uh6p1vm,98308155-5ef4-4781-92b2-15de5ba68a70,bc3147b7-5256-41ba-98cd-f8ffcee3c4a6,0,gp,12,5926.0,3800.0,33.0,3.0,5015.68,19.0,5796.0,0.75,6.0,-0.15,1,1,19.0,0.0,0.0,1,0,1,1,0.0,2.0,-2.0,9.0,39.208888888888886,7.208888888888889,7.208888888888889,35.13,41.0,45.0,35.0,32,43.25,55.88,36.5,-0.1877456647398843,0.2252777777777777,0,0,0.2252777777777777,0,0,5623.68,0.0583529911490437,0.0,0.0,1.0,0.0
mn8370qr,kb2z64e8,98308155-5ef4-4781-92b2-15de5ba68a70,22db997d-e3e3-4d59-aae0-6cf6af50ce83,0,gp,12,6101.0,2600.0,16.0,5.0,5891.62,5.0,6021.0,0.6666666666666666,8.0,0.1333333333333334,15,1,26.0,0.0,1.0,1,0,1,1,0.0,3.0,-3.0,9.0,39.208888888888886,7.208888888888889,7.208888888888889,35.13,41.0,45.0,35.0,32,43.25,55.88,36.5,-0.1877456647398843,0.2252777777777777,0,0,0.2252777777777777,0,0,6051.62,0.0583529911490437,0.0,1.0,0.0,0.0
mn8370qr,ai0il249,98308155-5ef4-4781-92b2-15de5ba68a70,f31a815e-6425-437b-901f-67ac478997d1,0,gp,12,5172.0,3800.0,34.0,3.0,5469.51,21.0,5042.0,0.75,2.0,-0.55,3,0,18.0,0.0,1.0,1,0,1,1,1.0,1.0,0.0,9.0,39.208888888888886,7.208888888888889,7.208888888888889,35.13,41.0,45.0,35.0,32,43.25,55.88,36.5,-0.1877456647398843,0.2252777777777777,0,0,0.2252777777777777,0,0,6141.51,0.0583529911490437,0.0,0.0,1.0,0.0
mn8370qr,pqnknbrr,98308155-5ef4-4781-92b2-15de5ba68a70,e33cbc6c-84e2-461b-b46a-773696dbb034,0,gp,12,4810.0,2600.0,35.0,2.0,5091.16,27.0,4710.0,0.6666666666666666,7.0,0.0333333333333333,3,0,22.0,1.0,1.0,1,0,1,1,4.0,2.0,2.0,9.0,39.208888888888886,7.208888888888889,7.208888888888889,35.13,41.0,45.0,35.0,32,43.25,55.88,36.5,-0.1877456647398843,0.2252777777777777,0,0,0.2252777777777777,0,0,5955.16,0.0583529911490437,0.0,1.0,0.0,0.0
mn8370qr,whc9aveo,98308155-5ef4-4781-92b2-15de5ba68a70,f2e7f80c-211c-4c81-bc5c-0ba136ad3833,0,gp,12,6139.0,3800.0,30.0,3.0,5676.0,8.0,5989.0,0.9166666666666666,7.0,-0.2166666666666666,1,0,34.0,1.0,1.0,1,0,1,1,0.0,1.0,-1.0,9.0,39.208888888888886,7.208888888888889,7.208888888888889,35.13,41.0,45.0,35.0,32,43.25,55.88,36.5,-0.1877456647398843,0.2252777777777777,0,0,0.2252777777777777,0,0,5932.0,0.0583529911490437,0.0,0.0,1.0,0.0
mn8370qr,e4rzuiqc,a05edde7-d925-45e5-bd12-37b4af942736,6ab180f8-7112-4499-b7f9-b9540b122777,0,gh,13,5538.0,2600.0,,,6291.0,6.0,5418.0,1.0,8.0,-0.1999999999999999,1,0,27.0,1.0,1.0,1,1,0,1,0.0,3.0,-3.0,6.0,107.33333333333331,83.33333333333333,83.33333333333333,102.0,110.0,110.0,102.0,24,120.0,120.0,86.95,-0.15,3.472222222222222,0,0,3.472222222222222,0,0,6435.0,0.0848079932586974,0.0,0.0,1.0,0.0
mn8370qr,j6o1gu35,a05edde7-d925-45e5-bd12-37b4af942736,73efef72-11c9-496a-80d8-178d281ae4d1,0,gh,13,1136.0,3800.0,,,3974.0,21.0,1106.0,0.25,3.0,0.0499999999999999,3,1,19.0,0.0,0.0,0,1,0,1,1.0,1.0,0.0,6.0,107.33333333333331,83.33333333333333,83.33333333333333,102.0,110.0,110.0,102.0,24,120.0,120.0,86.95,-0.15,3.472222222222222,0,0,3.472222222222222,0,0,4478.0,0.0848079932586974,0.0,0.0,0.0,1.0
mn8370qr,z9n52ebr,a05edde7-d925-45e5-bd12-37b4af942736,c8eb7dce-7793-4314-ad7f-d135dbb2ba47,0,gh,13,5326.0,2600.0,,,5377.5,21.0,5216.0,0.75,7.0,-0.05,2,0,18.0,0.0,1.0,1,1,0,1,1.0,1.0,0.0,6.0,107.33333333333331,83.33333333333333,83.33333333333333,102.0,110.0,110.0,102.0,24,120.0,120.0,86.95,-0.15,3.472222222222222,0,0,3.472222222222222,0,0,5881.5,0.0848079932586974,0.0,0.5,0.5,0.0
mn8370qr,lh92b709,a05edde7-d925-45e5-bd12-37b4af942736,0c8329d9-01d0-4ade-9746-adcd76979d55,0,gh,13,5744.0,3800.0,,,4548.0,22.0,5574.0,0.9166666666666666,5.0,-0.4166666666666666,4,0,19.0,1.0,1.0,1,1,0,1,2.0,0.0,2.0,6.0,107.33333333333331,83.33333333333333,83.33333333333333,102.0,110.0,110.0,102.0,24,120.0,120.0,86.95,-0.15,3.472222222222222,0,0,3.472222222222222,0,0,5076.0,0.0848079932586974,0.0,0.0,1.0,0.0
mn8370qr,729v3r7i,a05edde7-d925-45e5-bd12-37b4af942736,f5a1d5e6-a183-421a-a699-8e50db4fb1c8,0,gh,13,5824.0,2600.0,,,6489.5,7.0,5714.0,0.9166666666666666,9.0,-0.0166666666666666,1,0,20.0,1.0,1.0,0,1,0,1,0.0,1.0,-1.0,6.0,107.33333333333331,83.33333333333333,83.33333333333333,102.0,110.0,110.0,102.0,24,120.0,120.0,86.95,-0.15,3.472222222222222,0,0,3.472222222222222,0,0,6657.5,0.0848079932586974,0.0,0.0,1.0,0.0
mn8370qr,aac2mc3k,a05edde7-d925-45e5-bd12-37b4af942736,8eb4c26e-1145-412e-a646-d50005ec9ba2,0,gh,13,5288.0,3800.0,,,4292.0,17.0,5168.0,0.8333333333333334,1.0,-0.7333333333333334,2,0,26.0,0.0,0.0,1,1,0,1,2.0,0.0,2.0,6.0,107.33333333333331,83.33333333333333,83.33333333333333,102.0,110.0,110.0,102.0,24,120.0,120.0,86.95,-0.15,3.472222222222222,0,0,3.472222222222222,0,0,4700.0,0.0848079932586974,0.0,0.0,0.0,1.0
mn8370qr,bs9r1rdm,98308155-5ef4-4781-92b2-15de5ba68a70,8bcaf73d-b674-4326-bd4f-acb83b510b57,0,gp,13,4422.0,2600.0,,,3435.28,22.0,4352.0,0.5833333333333334,7.0,0.1166666666666665,2,1,21.0,1.0,1.0,0,0,1,1,9.0,4.0,5.0,21.0,30.520952380952384,6.520952380952381,7.520952380952381,36.5,33.5,36.5,15.0,24,35.13,43.25,29.0,0.0389980074010816,0.3133730158730158,0,0,0.2717063492063493,0,0,3963.28,0.058765387975538,0.0,1.0,0.0,0.0
mn8370qr,9uh6p1vm,98308155-5ef4-4781-92b2-15de5ba68a70,bc3147b7-5256-41ba-98cd-f8ffcee3c4a6,0,gp,13,5926.0,3800.0,,,5087.240000000001,22.0,5796.0,0.75,6.0,-0.15,1,1,19.0,0.0,0.0,1,0,1,1,7.0,4.0,3.0,21.0,30.520952380952384,6.520952380952381,7.520952380952381,36.5,33.5,36.5,15.0,24,35.13,43.25,29.0,0.0389980074010816,0.3133730158730158,0,0,0.2717063492063493,0,0,5615.240000000001,0.058765387975538,0.0,0.0,1.0,0.0
mn8370qr,kb2z64e8,98308155-5ef4-4781-92b2-15de5ba68a70,22db997d-e3e3-4d59-aae0-6cf6af50ce83,0,gp,13,6101.0,2600.0,,,6020.62,0.0,6021.0,0.6666666666666666,8.0,0.1333333333333334,15,1,26.0,0.0,1.0,1,0,1,1,1.0,4.0,-3.0,21.0,30.520952380952384,6.520952380952381,7.520952380952381,36.5,33.5,36.5,15.0,24,35.13,43.25,29.0,0.0389980074010816,0.3133730158730158,0,0,0.2717063492063493,0,0,6020.62,0.058765387975538,0.0,1.0,0.0,0.0
mn8370qr,ai0il249,98308155-5ef4-4781-92b2-15de5ba68a70,f31a815e-6425-437b-901f-67ac478997d1,0,gp,13,5172.0,3800.0,,,5652.51,18.0,5042.0,0.75,2.0,-0.55,3,0,18.0,0.0,1.0,1,0,1,1,1.0,1.0,0.0,21.0,30.520952380952384,6.520952380952381,7.520952380952381,36.5,33.5,36.5,15.0,24,35.13,43.25,29.0,0.0389980074010816,0.3133730158730158,0,0,0.2717063492063493,0,0,6084.51,0.058765387975538,0.0,0.0,1.0,0.0
mn8370qr,pqnknbrr,98308155-5ef4-4781-92b2-15de5ba68a70,e33cbc6c-84e2-461b-b46a-773696dbb034,0,gp,13,4810.0,2600.0,,,5354.349999999999,25.0,4710.0,0.6666666666666666,7.0,0.0333333333333333,3,0,22.0,1.0,1.0,1,0,1,1,3.0,4.0,-1.0,21.0,30.520952380952384,6.520952380952381,7.520952380952381,36.5,33.5,36.5,15.0,24,35.13,43.25,29.0,0.0389980074010816,0.3133730158730158,0,0,0.2717063492063493,0,0,5954.349999999999,0.058765387975538,0.0,1.0,0.0,0.0
mn8370qr,whc9aveo,98308155-5ef4-4781-92b2-15de5ba68a70,f2e7f80c-211c-4c81-bc5c-0ba136ad3833,0,gp,13,6139.0,3800.0,,,5866.0,3.0,5989.0,0.9166666666666666,7.0,-0.2166666666666666,1,0,34.0,1.0,1.0,1,0,1,1,0.0,4.0,-4.0,21.0,30.520952380952384,6.520952380952381,7.520952380952381,36.5,33.5,36.5,15.0,24,35.13,43.25,29.0,0.0389980074010816,0.3133730158730158,0,0,0.2717063492063493,0,0,5938.0,0.058765387975538,0.0,0.0,1.0,0.0
mn8370qr,e4rzuiqc,a05edde7-d925-45e5-bd12-37b4af942736,6ab180f8-7112-4499-b7f9-b9540b122777,0,gh,14,5538.0,2600.0,,,6639.5,3.0,5418.0,1.0,8.0,-0.1999999999999999,1,0,27.0,1.0,1.0,1,1,0,1,0.0,3.0,-3.0,7.0,97.59285714285714,81.59285714285714,81.59285714285714,86.95,105.5,105.5,86.95,16,102.0,120.0,18.5,-0.147549019607843,5.099553571428571,0,0,5.099553571428571,1,1,6687.5,0.0905425352452102,0.0,0.0,1.0,0.0
mn8370qr,j6o1gu35,a05edde7-d925-45e5-bd12-37b4af942736,73efef72-11c9-496a-80d8-178d281ae4d1,0,gh,14,1136.0,3800.0,,,3933.95,22.0,1106.0,0.25,3.0,0.0499999999999999,3,1,19.0,0.0,0.0,0,1,0,1,3.0,1.0,2.0,7.0,97.59285714285714,81.59285714285714,81.59285714285714,86.95,105.5,105.5,86.95,16,102.0,120.0,18.5,-0.147549019607843,5.099553571428571,0,0,5.099553571428571,1,1,4285.95,0.0905425352452102,0.0,0.0,0.0,1.0
mn8370qr,z9n52ebr,a05edde7-d925-45e5-bd12-37b4af942736,c8eb7dce-7793-4314-ad7f-d135dbb2ba47,0,gh,14,5326.0,2600.0,,,5157.35,25.0,5216.0,0.75,7.0,-0.05,2,0,18.0,0.0,1.0,1,1,0,1,4.0,0.0,4.0,7.0,97.59285714285714,81.59285714285714,81.59285714285714,86.95,105.5,105.5,86.95,16,102.0,120.0,18.5,-0.147549019607843,5.099553571428571,0,0,5.099553571428571,1,1,5557.35,0.0905425352452102,0.0,0.5,0.5,0.0
mn8370qr,lh92b709,a05edde7-d925-45e5-bd12-37b4af942736,0c8329d9-01d0-4ade-9746-adcd76979d55,0,gh,14,5744.0,3800.0,,,5019.7,18.0,5574.0,0.9166666666666666,5.0,-0.4166666666666666,4,0,19.0,1.0,1.0,1,1,0,1,0.0,3.0,-3.0,7.0,97.59285714285714,81.59285714285714,81.59285714285714,86.95,105.5,105.5,86.95,16,102.0,120.0,18.5,-0.147549019607843,5.099553571428571,0,0,5.099553571428571,1,1,5307.7,0.0905425352452102,0.0,0.0,1.0,0.0
mn8370qr,729v3r7i,a05edde7-d925-45e5-bd12-37b4af942736,f5a1d5e6-a183-421a-a699-8e50db4fb1c8,0,gh,14,5824.0,2600.0,,,6545.5,6.0,5714.0,0.9166666666666666,9.0,-0.0166666666666666,1,0,20.0,1.0,1.0,0,1,0,1,0.0,0.0,0.0,7.0,97.59285714285714,81.59285714285714,81.59285714285714,86.95,105.5,105.5,86.95,16,102.0,120.0,18.5,-0.147549019607843,5.099553571428571,0,0,5.099553571428571,1,1,6641.5,0.0905425352452102,0.0,0.0,1.0,0.0
mn8370qr,aac2mc3k,a05edde7-d925-45e5-bd12-37b4af942736,8eb4c26e-1145-412e-a646-d50005ec9ba2,0,gh,14,5288.0,3800.0,,,4428.0,18.0,5168.0,0.8333333333333334,1.0,-0.7333333333333334,2,0,26.0,0.0,0.0,1,1,0,1,0.0,0.0,0.0,7.0,97.59285714285714,81.59285714285714,81.59285714285714,86.95,105.5,105.5,86.95,16,102.0,120.0,18.5,-0.147549019607843,5.099553571428571,0,0,5.099553571428571,1,1,4716.0,0.0905425352452102,0.0,0.0,0.0,1.0
mn8370qr,bs9r1rdm,98308155-5ef4-4781-92b2-15de5ba68a70,8bcaf73d-b674-4326-bd4f-acb83b510b57,0,gp,14,4422.0,2600.0,,,3646.66,20.0,4352.0,0.5833333333333334,7.0,0.1166666666666665,2,1,21.0,1.0,1.0,0,0,1,1,3.0,5.0,-2.0,14.0,27.992142857142856,11.992142857142856,12.135,29.0,29.0,30.44,15.0,16,36.5,35.13,21.25,-0.2054794520547945,0.7584375,0,0,0.7495089285714285,0,0,3966.66,0.0606996202231189,0.0,1.0,0.0,0.0
mn8370qr,9uh6p1vm,98308155-5ef4-4781-92b2-15de5ba68a70,bc3147b7-5256-41ba-98cd-f8ffcee3c4a6,0,gp,14,5926.0,3800.0,,,5381.31,19.0,5796.0,0.75,6.0,-0.15,1,1,19.0,0.0,0.0,1,0,1,1,0.0,4.0,-4.0,14.0,27.992142857142856,11.992142857142856,12.135,29.0,29.0,30.44,15.0,16,36.5,35.13,21.25,-0.2054794520547945,0.7584375,0,0,0.7495089285714285,0,0,5685.31,0.0606996202231189,0.0,0.0,1.0,0.0
mn8370qr,kb2z64e8,98308155-5ef4-4781-92b2-15de5ba68a70,22db997d-e3e3-4d59-aae0-6cf6af50ce83,0,gp,14,6101.0,2600.0,,,6020.62,0.0,6021.0,0.6666666666666666,8.0,0.1333333333333334,15,1,26.0,0.0,1.0,1,0,1,1,0.0,0.0,0.0,14.0,27.992142857142856,11.992142857142856,12.135,29.0,29.0,30.44,15.0,16,36.5,35.13,21.25,-0.2054794520547945,0.7584375,0,0,0.7495089285714285,0,0,6020.62,0.0606996202231189,0.0,1.0,0.0,0.0
mn8370qr,ai0il249,98308155-5ef4-4781-92b2-15de5ba68a70,f31a815e-6425-437b-901f-67ac478997d1,0,gp,14,5172.0,3800.0,,,5900.95,19.0,5042.0,0.75,2.0,-0.55,3,0,18.0,0.0,1.0,1,0,1,1,1.0,4.0,-3.0,14.0,27.992142857142856,11.992142857142856,12.135,29.0,29.0,30.44,15.0,16,36.5,35.13,21.25,-0.2054794520547945,0.7584375,0,0,0.7495089285714285,0,0,6204.95,0.0606996202231189,0.0,0.0,1.0,0.0
mn8370qr,pqnknbrr,98308155-5ef4-4781-92b2-15de5ba68a70,e33cbc6c-84e2-461b-b46a-773696dbb034,0,gp,14,4810.0,2600.0,,,5266.46,38.0,4710.0,0.6666666666666666,7.0,0.0333333333333333,3,0,22.0,1.0,1.0,1,0,1,1,10.0,0.0,10.0,14.0,27.992142857142856,11.992142857142856,12.135,29.0,29.0,30.44,15.0,16,36.5,35.13,21.25,-0.2054794520547945,0.7584375,0,0,0.7495089285714285,0,0,5874.46,0.0606996202231189,0.0,1.0,0.0,0.0
mn8370qr,whc9aveo,98308155-5ef4-4781-92b2-15de5ba68a70,f2e7f80c-211c-4c81-bc5c-0ba136ad3833,0,gp,14,6139.0,3800.0,,,5920.0,2.0,5989.0,0.9166666666666666,7.0,-0.2166666666666666,1,0,34.0,1.0,1.0,1,0,1,1,0.0,1.0,-1.0,14.0,27.992142857142856,11.992142857142856,12.135,29.0,29.0,30.44,15.0,16,36.5,35.13,21.25,-0.2054794520547945,0.7584375,0,0,0.7495089285714285,0,0,5952.0,0.0606996202231189,0.0,0.0,1.0,0.0
mn8370qr,e4rzuiqc,a05edde7-d925-45e5-bd12-37b4af942736,6ab180f8-7112-4499-b7f9-b9540b122777,0,gh,15,5538.0,2600.0,,,6653.5,2.0,5418.0,1.0,8.0,-0.1999999999999999,1,0,27.0,1.0,1.0,1,1,0,1,1.0,2.0,-1.0,9.0,53.77777777777778,45.77777777777778,45.77777777777778,18.5,80.0,89.5,18.5,8,86.95,102.0,,-0.7872340425531915,5.722222222222222,0,0,5.722222222222222,1,0,6669.5,0.0969458830141715,0.0,0.0,1.0,0.0
mn8370qr,j6o1gu35,a05edde7-d925-45e5-bd12-37b4af942736,73efef72-11c9-496a-80d8-178d281ae4d1,0,gh,15,1136.0,3800.0,,,3765.95,28.0,1106.0,0.25,3.0,0.0499999999999999,3,1,19.0,0.0,0.0,0,1,0,1,6.0,0.0,6.0,9.0,53.77777777777778,45.77777777777778,45.77777777777778,18.5,80.0,89.5,18.5,8,86.95,102.0,,-0.7872340425531915,5.722222222222222,0,0,5.722222222222222,1,0,3989.95,0.0969458830141715,0.0,0.0,0.0,1.0
mn8370qr,z9n52ebr,a05edde7-d925-45e5-bd12-37b4af942736,c8eb7dce-7793-4314-ad7f-d135dbb2ba47,0,gh,15,5326.0,2600.0,,,5357.35,25.0,5216.0,0.75,7.0,-0.05,2,0,18.0,0.0,1.0,1,1,0,1,0.0,0.0,0.0,9.0,53.77777777777778,45.77777777777778,45.77777777777778,18.5,80.0,89.5,18.5,8,86.95,102.0,,-0.7872340425531915,5.722222222222222,0,0,5.722222222222222,1,0,5557.35,0.0969458830141715,0.0,0.5,0.5,0.0
mn8370qr,lh92b709,a05edde7-d925-45e5-bd12-37b4af942736,0c8329d9-01d0-4ade-9746-adcd76979d55,0,gh,15,5744.0,3800.0,,,5517.7,14.0,5574.0,0.9166666666666666,5.0,-0.4166666666666666,4,0,19.0,1.0,1.0,1,1,0,1,2.0,7.0,-5.0,9.0,53.77777777777778,45.77777777777778,45.77777777777778,18.5,80.0,89.5,18.5,8,86.95,102.0,,-0.7872340425531915,5.722222222222222,0,0,5.722222222222222,1,0,5629.7,0.0969458830141715,0.0,0.0,1.0,0.0
mn8370qr,729v3r7i,a05edde7-d925-45e5-bd12-37b4af942736,f5a1d5e6-a183-421a-a699-8e50db4fb1c8,0,gh,15,5824.0,2600.0,,,6593.5,8.0,5714.0,0.9166666666666666,9.0,-0.0166666666666666,1,0,20.0,1.0,1.0,0,1,0,1,0.0,0.0,0.0,9.0,53.77777777777778,45.77777777777778,45.77777777777778,18.5,80.0,89.5,18.5,8,86.95,102.0,,-0.7872340425531915,5.722222222222222,0,0,5.722222222222222,1,0,6657.5,0.0969458830141715,0.0,0.0,1.0,0.0
mn8370qr,aac2mc3k,a05edde7-d925-45e5-bd12-37b4af942736,8eb4c26e-1145-412e-a646-d50005ec9ba2,0,gh,15,5288.0,3800.0,,,4572.0,17.0,5168.0,0.8333333333333334,1.0,-0.7333333333333334,2,0,26.0,0.0,0.0,1,1,0,1,0.0,0.0,0.0,9.0,53.77777777777778,45.77777777777778,45.77777777777778,18.5,80.0,89.5,18.5,8,86.95,102.0,,-0.7872340425531915,5.722222222222222,0,0,5.722222222222222,1,0,4708.0,0.0969458830141715,0.0,0.0,0.0,1.0
mn8370qr,bs9r1rdm,98308155-5ef4-4781-92b2-15de5ba68a70,8bcaf73d-b674-4326-bd4f-acb83b510b57,0,gp,15,4422.0,2600.0,,,3459.0,32.0,4352.0,0.5833333333333334,7.0,0.1166666666666665,2,1,21.0,1.0,1.0,0,0,1,1,13.0,1.0,12.0,15.0,27.044,19.044,19.044,21.25,30.55,30.66,15.0,8,29.0,36.5,,-0.2672413793103448,2.3805,0,0,2.3805,0,0,3715.0,0.0667910329531051,0.0,1.0,0.0,0.0
mn8370qr,9uh6p1vm,98308155-5ef4-4781-92b2-15de5ba68a70,bc3147b7-5256-41ba-98cd-f8ffcee3c4a6,0,gp,15,5926.0,3800.0,,,5751.88,11.0,5796.0,0.75,6.0,-0.15,1,1,19.0,0.0,0.0,1,0,1,1,0.0,8.0,-8.0,15.0,27.044,19.044,19.044,21.25,30.55,30.66,15.0,8,29.0,36.5,,-0.2672413793103448,2.3805,0,0,2.3805,0,0,5839.88,0.0667910329531051,0.0,0.0,1.0,0.0
mn8370qr,kb2z64e8,98308155-5ef4-4781-92b2-15de5ba68a70,22db997d-e3e3-4d59-aae0-6cf6af50ce83,0,gp,15,6101.0,2600.0,,,6020.62,0.0,6021.0,0.6666666666666666,8.0,0.1333333333333334,15,1,26.0,0.0,1.0,1,0,1,1,0.0,0.0,0.0,15.0,27.044,19.044,19.044,21.25,30.55,30.66,15.0,8,29.0,36.5,,-0.2672413793103448,2.3805,0,0,2.3805,0,0,6020.62,0.0667910329531051,0.0,1.0,0.0,0.0
mn8370qr,ai0il249,98308155-5ef4-4781-92b2-15de5ba68a70,f31a815e-6425-437b-901f-67ac478997d1,0,gp,15,5172.0,3800.0,,,6157.2699999999995,14.0,5042.0,0.75,2.0,-0.55,3,0,18.0,0.0,1.0,1,0,1,1,1.0,4.0,-3.0,15.0,27.044,19.044,19.044,21.25,30.55,30.66,15.0,8,29.0,36.5,,-0.2672413793103448,2.3805,0,0,2.3805,0,0,6269.2699999999995,0.0667910329531051,0.0,0.0,1.0,0.0
mn8370qr,pqnknbrr,98308155-5ef4-4781-92b2-15de5ba68a70,e33cbc6c-84e2-461b-b46a-773696dbb034,0,gp,15,4810.0,2600.0,,,5542.46,36.0,4710.0,0.6666666666666666,7.0,0.0333333333333333,3,0,22.0,1.0,1.0,1,0,1,1,1.0,0.0,1.0,15.0,27.044,19.044,19.044,21.25,30.55,30.66,15.0,8,29.0,36.5,,-0.2672413793103448,2.3805,0,0,2.3805,0,0,5830.46,0.0667910329531051,0.0,1.0,0.0,0.0
mn8370qr,whc9aveo,98308155-5ef4-4781-92b2-15de5ba68a70,f2e7f80c-211c-4c81-bc5c-0ba136ad3833,0,gp,15,6139.0,3800.0,,,5988.7699999999995,0.0,5989.0,0.9166666666666666,7.0,-0.2166666666666666,1,0,34.0,1.0,1.0,1,0,1,1,0.0,2.0,-2.0,15.0,27.044,19.044,19.044,21.25,30.55,30.66,15.0,8,29.0,36.5,,-0.2672413793103448,2.3805,0,0,2.3805,0,0,5988.7699999999995,0.0667910329531051,0.0,0.0,1.0,0.0
mn8370qr,e4rzuiqc,b86ad8e8-b0f6-4578-8e02-b4a87378a89d,e587d9fc-8b60-4d5e-94d5-3b29caa7cace,0,gh,1,5538.0,2600.0,,,2725.0,19.0,5418.0,1.0,8.0,-0.1999999999999999,1,0,27.0,1.0,1.0,1,1,0,2,0.0,1.0,-1.0,4.0,135.0,15.0,15.0,120.0,150.0,150.0,120.0,120,,,110.0,,0.125,0,0,0.125,0,0,5005.0,0.0085090030742204,0.0,0.0,1.0,0.0
mn8370qr,j6o1gu35,b86ad8e8-b0f6-4578-8e02-b4a87378a89d,2687126f-035a-4f5c-9b79-40117776a123,0,gh,1,1136.0,3800.0,,,3775.0,10.0,1106.0,0.25,3.0,0.0499999999999999,3,1,19.0,0.0,0.0,0,1,0,2,1.0,1.0,0.0,4.0,135.0,15.0,15.0,120.0,150.0,150.0,120.0,120,,,110.0,,0.125,0,0,0.125,0,0,4975.0,0.0085090030742204,0.0,0.0,1.0,0.0
mn8370qr,z9n52ebr,b86ad8e8-b0f6-4578-8e02-b4a87378a89d,e2aa12cd-48ec-4b85-a4ed-c4fc7b454ddf,0,gh,1,5326.0,2600.0,,,2750.0,20.0,5216.0,0.75,7.0,-0.05,2,0,18.0,0.0,1.0,1,1,0,2,0.0,1.0,-1.0,4.0,135.0,15.0,15.0,120.0,150.0,150.0,120.0,120,,,110.0,,0.125,0,0,0.125,0,0,5150.0,0.0085090030742204,1.0,0.0,0.0,0.0
mn8370qr,lh92b709,b86ad8e8-b0f6-4578-8e02-b4a87378a89d,408a9933-2d73-49af-a89e-1257e848a4cf,0,gh,1,5744.0,3800.0,,,3825.0,11.0,5574.0,0.9166666666666666,5.0,-0.4166666666666666,4,0,19.0,1.0,1.0,1,1,0,2,1.0,1.0,0.0,4.0,135.0,15.0,15.0,120.0,150.0,150.0,120.0,120,,,110.0,,0.125,0,0,0.125,0,0,5145.0,0.0085090030742204,0.0,1.0,0.0,0.0
mn8370qr,729v3r7i,b86ad8e8-b0f6-4578-8e02-b4a87378a89d,85c25fb0-b87a-41cb-a477-b786b6785b79,0,gh,1,5824.0,2600.0,,,2325.0,22.0,5714.0,0.9166666666666666,9.0,-0.0166666666666666,1,0,20.0,1.0,1.0,0,1,0,2,2.0,0.0,2.0,4.0,135.0,15.0,15.0,120.0,150.0,150.0,120.0,120,,,110.0,,0.125,0,0,0.125,0,0,4965.0,0.0085090030742204,0.0,0.0,1.0,0.0
mn8370qr,aac2mc3k,b86ad8e8-b0f6-4578-8e02-b4a87378a89d,274b90df-f4ee-4a06-b02e-fef62796b15f,0,gh,1,5288.0,3800.0,,,3800.0,11.0,5168.0,0.8333333333333334,1.0,-0.7333333333333334,2,0,26.0,0.0,0.0,1,1,0,2,0.0,0.0,0.0,4.0,135.0,15.0,15.0,120.0,150.0,150.0,120.0,120,,,110.0,,0.125,0,0,0.125,0,0,5120.0,0.0085090030742204,0.0,1.0,0.0,0.0
mn8370qr,bs9r1rdm,aeea46bb-84ad-409e-b595-5f1ae9d39ed9,bb1de49e-9922-4e51-bf38-42f79bfa10dd,0,gp,1,4422.0,2600.0,,,2431.5,21.0,4352.0,0.5833333333333334,7.0,0.1166666666666665,2,1,21.0,1.0,1.0,0,0,1,2,3.0,2.0,1.0,10.0,106.05,-13.95,15.35,100.0,100.0,127.0,90.0,120,,,92.75,,0.1279166666666666,0,0,-0.11625,0,0,4951.5,0.0179850260416666,0.0,1.0,0.0,0.0
mn8370qr,9uh6p1vm,aeea46bb-84ad-409e-b595-5f1ae9d39ed9,3cc0e1ca-01ec-458e-a73f-5f979015e052,0,gp,1,5926.0,3800.0,,,4111.5,7.0,5796.0,0.75,6.0,-0.15,1,1,19.0,0.0,0.0,1,0,1,2,0.0,3.0,-3.0,10.0,106.05,-13.95,15.35,100.0,100.0,127.0,90.0,120,,,92.75,,0.1279166666666666,0,0,-0.11625,0,0,4951.5,0.0179850260416666,0.0,1.0,0.0,0.0
mn8370qr,kb2z64e8,aeea46bb-84ad-409e-b595-5f1ae9d39ed9,a415b3a2-d76d-4f31-8ddd-bdf441257d88,0,gp,1,6101.0,2600.0,,,2612.0,20.0,6021.0,0.6666666666666666,8.0,0.1333333333333334,15,1,26.0,0.0,1.0,1,0,1,2,1.0,1.0,0.0,10.0,106.05,-13.95,15.35,100.0,100.0,127.0,90.0,120,,,92.75,,0.1279166666666666,0,0,-0.11625,0,0,5012.0,0.0179850260416666,1.0,0.0,0.0,0.0
mn8370qr,ai0il249,aeea46bb-84ad-409e-b595-5f1ae9d39ed9,bd8df300-e107-4fb6-a1a9-1ee4f9ce263f,0,gp,1,5172.0,3800.0,,,3510.0,16.0,5042.0,0.75,2.0,-0.55,3,0,18.0,0.0,1.0,1,0,1,2,3.0,0.0,3.0,10.0,106.05,-13.95,15.35,100.0,100.0,127.0,90.0,120,,,92.75,,0.1279166666666666,0,0,-0.11625,0,0,5430.0,0.0179850260416666,0.0,0.0,1.0,0.0
mn8370qr,pqnknbrr,aeea46bb-84ad-409e-b595-5f1ae9d39ed9,0dfc44c4-9a29-46a9-8b14-42a4bda28f5c,0,gp,1,4810.0,2600.0,,,2408.0,23.0,4710.0,0.6666666666666666,7.0,0.0333333333333333,3,0,22.0,1.0,1.0,1,0,1,2,3.0,1.0,2.0,10.0,106.05,-13.95,15.35,100.0,100.0,127.0,90.0,120,,,92.75,,0.1279166666666666,0,0,-0.11625,0,0,5168.0,0.0179850260416666,0.3333333333333333,0.3333333333333333,0.3333333333333333,0.0
mn8370qr,whc9aveo,aeea46bb-84ad-409e-b595-5f1ae9d39ed9,b36c610c-8e4d-4bcb-b3bf-9233bc19bd59,0,gp,1,6139.0,3800.0,,,4127.0,9.0,5989.0,0.9166666666666666,7.0,-0.2166666666666666,1,0,34.0,1.0,1.0,1,0,1,2,0.0,3.0,-3.0,10.0,106.05,-13.95,15.35,100.0,100.0,127.0,90.0,120,,,92.75,,0.1279166666666666,0,0,-0.11625,0,0,5207.0,0.0179850260416666,0.5,0.5,0.0,0.0
mn8370qr,e4rzuiqc,b86ad8e8-b0f6-4578-8e02-b4a87378a89d,e587d9fc-8b60-4d5e-94d5-3b29caa7cace,0,gh,2,5538.0,2600.0,,,3042.0,17.0,5418.0,1.0,8.0,-0.1999999999999999,1,0,27.0,1.0,1.0,1,1,0,2,1.0,3.0,-2.0,8.0,118.5,6.5,7.0,110.0,115.0,125.0,110.0,112,120.0,,127.0,-0.0833333333333333,0.0625,0,0,0.0580357142857142,0,0,4946.0,0.0094724862766099,0.0,0.0,1.0,0.0
mn8370qr,j6o1gu35,b86ad8e8-b0f6-4578-8e02-b4a87378a89d,2687126f-035a-4f5c-9b79-40117776a123,0,gh,2,1136.0,3800.0,,,3563.0,12.0,1106.0,0.25,3.0,0.0499999999999999,3,1,19.0,0.0,0.0,0,1,0,2,3.0,1.0,2.0,8.0,118.5,6.5,7.0,110.0,115.0,125.0,110.0,112,120.0,,127.0,-0.0833333333333333,0.0625,0,0,0.0580357142857142,0,0,4907.0,0.0094724862766099,0.0,0.0,1.0,0.0
mn8370qr,z9n52ebr,b86ad8e8-b0f6-4578-8e02-b4a87378a89d,e2aa12cd-48ec-4b85-a4ed-c4fc7b454ddf,0,gh,2,5326.0,2600.0,,,3202.0,17.0,5216.0,0.75,7.0,-0.05,2,0,18.0,0.0,1.0,1,1,0,2,0.0,3.0,-3.0,8.0,118.5,6.5,7.0,110.0,115.0,125.0,110.0,112,120.0,,127.0,-0.0833333333333333,0.0625,0,0,0.0580357142857142,0,0,5106.0,0.0094724862766099,1.0,0.0,0.0,0.0
mn8370qr,lh92b709,b86ad8e8-b0f6-4578-8e02-b4a87378a89d,408a9933-2d73-49af-a89e-1257e848a4cf,0,gh,2,5744.0,3800.0,,,3513.0,14.0,5574.0,0.9166666666666666,5.0,-0.4166666666666666,4,0,19.0,1.0,1.0,1,1,0,2,3.0,0.0,3.0,8.0,118.5,6.5,7.0,110.0,115.0,125.0,110.0,112,120.0,,127.0,-0.0833333333333333,0.0625,0,0,0.0580357142857142,0,0,5081.0,0.0094724862766099,0.0,1.0,0.0,0.0
mn8370qr,729v3r7i,b86ad8e8-b0f6-4578-8e02-b4a87378a89d,85c25fb0-b87a-41cb-a477-b786b6785b79,0,gh,2,5824.0,2600.0,,,2298.0,23.0,5714.0,0.9166666666666666,9.0,-0.0166666666666666,1,0,20.0,1.0,1.0,0,1,0,2,1.0,0.0,1.0,8.0,118.5,6.5,7.0,110.0,115.0,125.0,110.0,112,120.0,,127.0,-0.0833333333333333,0.0625,0,0,0.0580357142857142,0,0,4874.0,0.0094724862766099,0.0,0.0,1.0,0.0
mn8370qr,aac2mc3k,b86ad8e8-b0f6-4578-8e02-b4a87378a89d,274b90df-f4ee-4a06-b02e-fef62796b15f,0,gh,2,5288.0,3800.0,,,3954.0,9.0,5168.0,0.8333333333333334,1.0,-0.7333333333333334,2,0,26.0,0.0,0.0,1,1,0,2,0.0,1.0,-1.0,8.0,118.5,6.5,7.0,110.0,115.0,125.0,110.0,112,120.0,,127.0,-0.0833333333333333,0.0625,0,0,0.0580357142857142,0,0,4962.0,0.0094724862766099,0.0,1.0,0.0,0.0
mn8370qr,bs9r1rdm,aeea46bb-84ad-409e-b595-5f1ae9d39ed9,bb1de49e-9922-4e51-bf38-42f79bfa10dd,0,gp,2,4422.0,2600.0,,,2597.75,20.0,4352.0,0.5833333333333334,7.0,0.1166666666666665,2,1,21.0,1.0,1.0,0,0,1,2,3.0,4.0,-1.0,13.0,93.92307692307692,-18.076923076923077,18.076923076923077,92.75,100.0,105.0,90.0,112,100.0,,81.38,-0.0725,0.1614010989010989,0,0,-0.1614010989010989,0,0,4837.75,0.0155538404273953,0.0,1.0,0.0,0.0
mn8370qr,9uh6p1vm,aeea46bb-84ad-409e-b595-5f1ae9d39ed9,3cc0e1ca-01ec-458e-a73f-5f979015e052,0,gp,2,5926.0,3800.0,,,4237.0,6.0,5796.0,0.75,6.0,-0.15,1,1,19.0,0.0,0.0,1,0,1,2,1.0,2.0,-1.0,13.0,93.92307692307692,-18.076923076923077,18.076923076923077,92.75,100.0,105.0,90.0,112,100.0,,81.38,-0.0725,0.1614010989010989,0,0,-0.1614010989010989,0,0,4909.0,0.0155538404273953,0.0,1.0,0.0,0.0
mn8370qr,kb2z64e8,aeea46bb-84ad-409e-b595-5f1ae9d39ed9,a415b3a2-d76d-4f31-8ddd-bdf441257d88,0,gp,2,6101.0,2600.0,,,2418.75,25.0,6021.0,0.6666666666666666,8.0,0.1333333333333334,15,1,26.0,0.0,1.0,1,0,1,2,3.0,0.0,3.0,13.0,93.92307692307692,-18.076923076923077,18.076923076923077,92.75,100.0,105.0,90.0,112,100.0,,81.38,-0.0725,0.1614010989010989,0,0,-0.1614010989010989,0,0,5218.75,0.0155538404273953,1.0,0.0,0.0,0.0
mn8370qr,ai0il249,aeea46bb-84ad-409e-b595-5f1ae9d39ed9,bd8df300-e107-4fb6-a1a9-1ee4f9ce263f,0,gp,2,5172.0,3800.0,,,3196.5,18.0,5042.0,0.75,2.0,-0.55,3,0,18.0,0.0,1.0,1,0,1,2,4.0,0.0,4.0,13.0,93.92307692307692,-18.076923076923077,18.076923076923077,92.75,100.0,105.0,90.0,112,100.0,,81.38,-0.0725,0.1614010989010989,0,0,-0.1614010989010989,0,0,5212.5,0.0155538404273953,0.0,0.0,1.0,0.0
mn8370qr,pqnknbrr,aeea46bb-84ad-409e-b595-5f1ae9d39ed9,0dfc44c4-9a29-46a9-8b14-42a4bda28f5c,0,gp,2,4810.0,2600.0,,,2684.0,22.0,4710.0,0.6666666666666666,7.0,0.0333333333333333,3,0,22.0,1.0,1.0,1,0,1,2,2.0,4.0,-2.0,13.0,93.92307692307692,-18.076923076923077,18.076923076923077,92.75,100.0,105.0,90.0,112,100.0,,81.38,-0.0725,0.1614010989010989,0,0,-0.1614010989010989,0,0,5148.0,0.0155538404273953,0.3333333333333333,0.3333333333333333,0.3333333333333333,0.0
mn8370qr,whc9aveo,aeea46bb-84ad-409e-b595-5f1ae9d39ed9,b36c610c-8e4d-4bcb-b3bf-9233bc19bd59,0,gp,2,6139.0,3800.0,,,4450.0,6.0,5989.0,0.9166666666666666,7.0,-0.2166666666666666,1,0,34.0,1.0,1.0,1,0,1,2,0.0,3.0,-3.0,13.0,93.92307692307692,-18.076923076923077,18.076923076923077,92.75,100.0,105.0,90.0,112,100.0,,81.38,-0.0725,0.1614010989010989,0,0,-0.1614010989010989,0,0,5122.0,0.0155538404273953,0.5,0.5,0.0,0.0
mn8370qr,e4rzuiqc,b86ad8e8-b0f6-4578-8e02-b4a87378a89d,e587d9fc-8b60-4d5e-94d5-3b29caa7cace,0,gh,3,5538.0,2600.0,104.0,3.0,3382.0,17.0,5418.0,1.0,8.0,-0.1999999999999999,1,0,27.0,1.0,1.0,1,1,0,2,0.0,0.0,0.0,6.0,120.33333333333331,16.333333333333332,16.333333333333332,127.0,130.0,130.0,110.0,104,110.0,120.0,120.0,0.1545454545454545,0.157051282051282,0,0,0.157051282051282,0,0,5150.0,0.0096402938803244,0.0,0.0,1.0,0.0
mn8370qr,j6o1gu35,b86ad8e8-b0f6-4578-8e02-b4a87378a89d,2687126f-035a-4f5c-9b79-40117776a123,0,gh,3,1136.0,3800.0,3700.0,5.0,3651.0,14.0,1106.0,0.25,3.0,0.0499999999999999,3,1,19.0,0.0,0.0,0,1,0,2,3.0,2.0,1.0,6.0,120.33333333333331,16.333333333333332,16.333333333333332,127.0,130.0,130.0,110.0,104,110.0,120.0,120.0,0.1545454545454545,0.157051282051282,0,0,0.157051282051282,0,0,5107.0,0.0096402938803244,0.0,0.0,1.0,0.0
mn8370qr,z9n52ebr,b86ad8e8-b0f6-4578-8e02-b4a87378a89d,e2aa12cd-48ec-4b85-a4ed-c4fc7b454ddf,0,gh,3,5326.0,2600.0,110.0,4.0,3682.0,16.0,5216.0,0.75,7.0,-0.05,2,0,18.0,0.0,1.0,1,1,0,2,1.0,2.0,-1.0,6.0,120.33333333333331,16.333333333333332,16.333333333333332,127.0,130.0,130.0,110.0,104,110.0,120.0,120.0,0.1545454545454545,0.157051282051282,0,0,0.157051282051282,0,0,5346.0,0.0096402938803244,1.0,0.0,0.0,0.0
mn8370qr,lh92b709,b86ad8e8-b0f6-4578-8e02-b4a87378a89d,408a9933-2d73-49af-a89e-1257e848a4cf,0,gh,3,5744.0,3800.0,119.0,3.0,3678.0,16.0,5574.0,0.9166666666666666,5.0,-0.4166666666666666,4,0,19.0,1.0,1.0,1,1,0,2,1.0,0.0,1.0,6.0,120.33333333333331,16.333333333333332,16.333333333333332,127.0,130.0,130.0,110.0,104,110.0,120.0,120.0,0.1545454545454545,0.157051282051282,0,0,0.157051282051282,0,0,5342.0,0.0096402938803244,0.0,1.0,0.0,0.0
mn8370qr,729v3r7i,b86ad8e8-b0f6-4578-8e02-b4a87378a89d,85c25fb0-b87a-41cb-a477-b786b6785b79,0,gh,3,5824.0,2600.0,0.0,0.0,2648.0,25.0,5714.0,0.9166666666666666,9.0,-0.0166666666666666,1,0,20.0,1.0,1.0,0,1,0,2,1.0,0.0,1.0,6.0,120.33333333333331,16.333333333333332,16.333333333333332,127.0,130.0,130.0,110.0,104,110.0,120.0,120.0,0.1545454545454545,0.157051282051282,0,0,0.157051282051282,0,0,5248.0,0.0096402938803244,0.0,0.0,1.0,0.0
mn8370qr,aac2mc3k,b86ad8e8-b0f6-4578-8e02-b4a87378a89d,274b90df-f4ee-4a06-b02e-fef62796b15f,0,gh,3,5288.0,3800.0,111.0,2.0,4371.0,8.0,5168.0,0.8333333333333334,1.0,-0.7333333333333334,2,0,26.0,0.0,0.0,1,1,0,2,0.0,2.0,-2.0,6.0,120.33333333333331,16.333333333333332,16.333333333333332,127.0,130.0,130.0,110.0,104,110.0,120.0,120.0,0.1545454545454545,0.157051282051282,0,0,0.157051282051282,0,0,5203.0,0.0096402938803244,0.0,1.0,0.0,0.0
mn8370qr,bs9r1rdm,aeea46bb-84ad-409e-b595-5f1ae9d39ed9,bb1de49e-9922-4e51-bf38-42f79bfa10dd,0,gp,3,4422.0,2600.0,100.0,4.0,3862.45,10.0,4352.0,0.5833333333333334,7.0,0.1166666666666665,2,1,21.0,1.0,1.0,0,0,1,2,1.0,11.0,-10.0,19.0,87.36684210526316,-16.633157894736843,16.633157894736843,81.38,90.75,93.0,81.38,104,92.75,100.0,80.88,-0.1225876010781671,0.1599342105263158,0,0,-0.1599342105263157,0,0,4902.45,0.0223431916593097,0.0,1.0,0.0,0.0
mn8370qr,9uh6p1vm,aeea46bb-84ad-409e-b595-5f1ae9d39ed9,3cc0e1ca-01ec-458e-a73f-5f979015e052,0,gp,3,5926.0,3800.0,86.0,3.0,3919.9900000000007,13.0,5796.0,0.75,6.0,-0.15,1,1,19.0,0.0,0.0,1,0,1,2,5.0,0.0,5.0,19.0,87.36684210526316,-16.633157894736843,16.633157894736843,81.38,90.75,93.0,81.38,104,92.75,100.0,80.88,-0.1225876010781671,0.1599342105263158,0,0,-0.1599342105263157,0,0,5271.990000000001,0.0223431916593097,0.0,1.0,0.0,0.0
mn8370qr,kb2z64e8,aeea46bb-84ad-409e-b595-5f1ae9d39ed9,a415b3a2-d76d-4f31-8ddd-bdf441257d88,0,gp,3,6101.0,2600.0,88.0,5.0,2826.7999999999997,24.0,6021.0,0.6666666666666666,8.0,0.1333333333333334,15,1,26.0,0.0,1.0,1,0,1,2,3.0,2.0,1.0,19.0,87.36684210526316,-16.633157894736843,16.633157894736843,81.38,90.75,93.0,81.38,104,92.75,100.0,80.88,-0.1225876010781671,0.1599342105263158,0,0,-0.1599342105263157,0,0,5322.799999999999,0.0223431916593097,1.0,0.0,0.0,0.0
mn8370qr,ai0il249,aeea46bb-84ad-409e-b595-5f1ae9d39ed9,bd8df300-e107-4fb6-a1a9-1ee4f9ce263f,0,gp,3,5172.0,3800.0,82.0,3.0,3216.75,22.0,5042.0,0.75,2.0,-0.55,3,0,18.0,0.0,1.0,1,0,1,2,4.0,0.0,4.0,19.0,87.36684210526316,-16.633157894736843,16.633157894736843,81.38,90.75,93.0,81.38,104,92.75,100.0,80.88,-0.1225876010781671,0.1599342105263158,0,0,-0.1599342105263157,0,0,5504.75,0.0223431916593097,0.0,0.0,1.0,0.0
mn8370qr,pqnknbrr,aeea46bb-84ad-409e-b595-5f1ae9d39ed9,0dfc44c4-9a29-46a9-8b14-42a4bda28f5c,0,gp,3,4810.0,2600.0,90.0,2.0,3046.63,24.0,4710.0,0.6666666666666666,7.0,0.0333333333333333,3,0,22.0,1.0,1.0,1,0,1,2,6.0,5.0,1.0,19.0,87.36684210526316,-16.633157894736843,16.633157894736843,81.38,90.75,93.0,81.38,104,92.75,100.0,80.88,-0.1225876010781671,0.1599342105263158,0,0,-0.1599342105263157,0,0,5542.63,0.0223431916593097,0.3333333333333333,0.3333333333333333,0.3333333333333333,0.0
mn8370qr,whc9aveo,aeea46bb-84ad-409e-b595-5f1ae9d39ed9,b36c610c-8e4d-4bcb-b3bf-9233bc19bd59,0,gp,3,6139.0,3800.0,80.0,4.0,4651.38,5.0,5989.0,0.9166666666666666,7.0,-0.2166666666666666,1,0,34.0,1.0,1.0,1,0,1,2,0.0,1.0,-1.0,19.0,87.36684210526316,-16.633157894736843,16.633157894736843,81.38,90.75,93.0,81.38,104,92.75,100.0,80.88,-0.1225876010781671,0.1599342105263158,0,0,-0.1599342105263157,0,0,5171.38,0.0223431916593097,0.5,0.5,0.0,0.0
mn8370qr,e4rzuiqc,b86ad8e8-b0f6-4578-8e02-b4a87378a89d,e587d9fc-8b60-4d5e-94d5-3b29caa7cace,0,gh,4,5538.0,2600.0,,,3382.0,17.0,5418.0,1.0,8.0,-0.1999999999999999,1,0,27.0,1.0,1.0,1,1,0,2,1.0,1.0,0.0,15.0,118.73333333333332,22.733333333333334,22.733333333333334,120.0,115.0,130.0,105.0,96,127.0,110.0,100.0,-0.0551181102362204,0.2368055555555555,0,0,0.2368055555555555,0,0,5014.0,0.0173477935017413,0.0,0.0,1.0,0.0
mn8370qr,j6o1gu35,b86ad8e8-b0f6-4578-8e02-b4a87378a89d,2687126f-035a-4f5c-9b79-40117776a123,0,gh,4,1136.0,3800.0,,,3082.0,17.0,1106.0,0.25,3.0,0.0499999999999999,3,1,19.0,0.0,0.0,0,1,0,2,9.0,5.0,4.0,15.0,118.73333333333332,22.733333333333334,22.733333333333334,120.0,115.0,130.0,105.0,96,127.0,110.0,100.0,-0.0551181102362204,0.2368055555555555,0,0,0.2368055555555555,0,0,4714.0,0.0173477935017413,0.0,0.0,1.0,0.0
mn8370qr,z9n52ebr,b86ad8e8-b0f6-4578-8e02-b4a87378a89d,e2aa12cd-48ec-4b85-a4ed-c4fc7b454ddf,0,gh,4,5326.0,2600.0,,,3595.0,17.0,5216.0,0.75,7.0,-0.05,2,0,18.0,0.0,1.0,1,1,0,2,3.0,2.0,1.0,15.0,118.73333333333332,22.733333333333334,22.733333333333334,120.0,115.0,130.0,105.0,96,127.0,110.0,100.0,-0.0551181102362204,0.2368055555555555,0,0,0.2368055555555555,0,0,5227.0,0.0173477935017413,1.0,0.0,0.0,0.0
mn8370qr,lh92b709,b86ad8e8-b0f6-4578-8e02-b4a87378a89d,408a9933-2d73-49af-a89e-1257e848a4cf,0,gh,4,5744.0,3800.0,,,3830.0,14.0,5574.0,0.9166666666666666,5.0,-0.4166666666666666,4,0,19.0,1.0,1.0,1,1,0,2,1.0,2.0,-1.0,15.0,118.73333333333332,22.733333333333334,22.733333333333334,120.0,115.0,130.0,105.0,96,127.0,110.0,100.0,-0.0551181102362204,0.2368055555555555,0,0,0.2368055555555555,0,0,5174.0,0.0173477935017413,0.0,1.0,0.0,0.0
mn8370qr,729v3r7i,b86ad8e8-b0f6-4578-8e02-b4a87378a89d,85c25fb0-b87a-41cb-a477-b786b6785b79,0,gh,4,5824.0,2600.0,,,2898.0,22.0,5714.0,0.9166666666666666,9.0,-0.0166666666666666,1,0,20.0,1.0,1.0,0,1,0,2,0.0,2.0,-2.0,15.0,118.73333333333332,22.733333333333334,22.733333333333334,120.0,115.0,130.0,105.0,96,127.0,110.0,100.0,-0.0551181102362204,0.2368055555555555,0,0,0.2368055555555555,0,0,5010.0,0.0173477935017413,0.0,0.0,1.0,0.0
mn8370qr,aac2mc3k,b86ad8e8-b0f6-4578-8e02-b4a87378a89d,274b90df-f4ee-4a06-b02e-fef62796b15f,0,gh,4,5288.0,3800.0,,,4625.0,5.0,5168.0,0.8333333333333334,1.0,-0.7333333333333334,2,0,26.0,0.0,0.0,1,1,0,2,1.0,3.0,-2.0,15.0,118.73333333333332,22.733333333333334,22.733333333333334,120.0,115.0,130.0,105.0,96,127.0,110.0,100.0,-0.0551181102362204,0.2368055555555555,0,0,0.2368055555555555,0,0,5105.0,0.0173477935017413,0.0,1.0,0.0,0.0
mn8370qr,bs9r1rdm,aeea46bb-84ad-409e-b595-5f1ae9d39ed9,bb1de49e-9922-4e51-bf38-42f79bfa10dd,0,gp,4,4422.0,2600.0,,,4097.860000000001,8.0,4352.0,0.5833333333333334,7.0,0.1166666666666665,2,1,21.0,1.0,1.0,0,0,1,2,6.0,9.0,-3.0,21.0,81.3395238095238,-14.66047619047619,14.66047619047619,80.88,81.38,84.38,80.0,96,81.38,92.75,73.75,-0.0061440157286802,0.1527132936507936,0,0,-0.1527132936507937,0,0,4865.860000000001,0.0180252795544532,0.0,1.0,0.0,0.0
mn8370qr,9uh6p1vm,aeea46bb-84ad-409e-b595-5f1ae9d39ed9,3cc0e1ca-01ec-458e-a73f-5f979015e052,0,gp,4,5926.0,3800.0,,,4080.870000000001,9.0,5796.0,0.75,6.0,-0.15,1,1,19.0,0.0,0.0,1,0,1,2,1.0,3.0,-2.0,21.0,81.3395238095238,-14.66047619047619,14.66047619047619,80.88,81.38,84.38,80.0,96,81.38,92.75,73.75,-0.0061440157286802,0.1527132936507936,0,0,-0.1527132936507937,0,0,4944.870000000001,0.0180252795544532,0.0,1.0,0.0,0.0
mn8370qr,kb2z64e8,aeea46bb-84ad-409e-b595-5f1ae9d39ed9,a415b3a2-d76d-4f31-8ddd-bdf441257d88,0,gp,4,6101.0,2600.0,,,3154.2999999999997,22.0,6021.0,0.6666666666666666,8.0,0.1333333333333334,15,1,26.0,0.0,1.0,1,0,1,2,0.0,4.0,-4.0,21.0,81.3395238095238,-14.66047619047619,14.66047619047619,80.88,81.38,84.38,80.0,96,81.38,92.75,73.75,-0.0061440157286802,0.1527132936507936,0,0,-0.1527132936507937,0,0,5266.299999999999,0.0180252795544532,1.0,0.0,0.0,0.0
mn8370qr,ai0il249,aeea46bb-84ad-409e-b595-5f1ae9d39ed9,bd8df300-e107-4fb6-a1a9-1ee4f9ce263f,0,gp,4,5172.0,3800.0,,,2895.75,25.0,5042.0,0.75,2.0,-0.55,3,0,18.0,0.0,1.0,1,0,1,2,4.0,0.0,4.0,21.0,81.3395238095238,-14.66047619047619,14.66047619047619,80.88,81.38,84.38,80.0,96,81.38,92.75,73.75,-0.0061440157286802,0.1527132936507936,0,0,-0.1527132936507937,0,0,5295.75,0.0180252795544532,0.0,0.0,1.0,0.0
mn8370qr,pqnknbrr,aeea46bb-84ad-409e-b595-5f1ae9d39ed9,0dfc44c4-9a29-46a9-8b14-42a4bda28f5c,0,gp,4,4810.0,2600.0,,,2643.8399999999997,27.0,4710.0,0.6666666666666666,7.0,0.0333333333333333,3,0,22.0,1.0,1.0,1,0,1,2,10.0,5.0,5.0,21.0,81.3395238095238,-14.66047619047619,14.66047619047619,80.88,81.38,84.38,80.0,96,81.38,92.75,73.75,-0.0061440157286802,0.1527132936507936,0,0,-0.1527132936507937,0,0,5235.84,0.0180252795544532,0.3333333333333333,0.3333333333333333,0.3333333333333333,0.0
mn8370qr,whc9aveo,aeea46bb-84ad-409e-b595-5f1ae9d39ed9,b36c610c-8e4d-4bcb-b3bf-9233bc19bd59,0,gp,4,6139.0,3800.0,,,4651.38,4.0,5989.0,0.9166666666666666,7.0,-0.2166666666666666,1,0,34.0,1.0,1.0,1,0,1,2,0.0,0.0,0.0,21.0,81.3395238095238,-14.66047619047619,14.66047619047619,80.88,81.38,84.38,80.0,96,81.38,92.75,73.75,-0.0061440157286802,0.1527132936507936,0,0,-0.1527132936507937,0,0,5035.38,0.0180252795544532,0.5,0.5,0.0,0.0
mn8370qr,e4rzuiqc,b86ad8e8-b0f6-4578-8e02-b4a87378a89d,e587d9fc-8b60-4d5e-94d5-3b29caa7cace,0,gh,5,5538.0,2600.0,,,3828.0,14.0,5418.0,1.0,8.0,-0.1999999999999999,1,0,27.0,1.0,1.0,1,1,0,2,0.0,4.0,-4.0,9.0,114.22222222222224,26.22222222222222,26.22222222222222,100.0,125.0,125.0,100.0,88,120.0,127.0,90.0,-0.1666666666666666,0.2979797979797979,0,0,0.297979797979798,0,0,5060.0,0.0182477653505816,0.0,0.0,1.0,0.0
mn8370qr,j6o1gu35,b86ad8e8-b0f6-4578-8e02-b4a87378a89d,2687126f-035a-4f5c-9b79-40117776a123,0,gh,5,1136.0,3800.0,,,2585.0,22.0,1106.0,0.25,3.0,0.0499999999999999,3,1,19.0,0.0,0.0,0,1,0,2,5.0,1.0,4.0,9.0,114.22222222222224,26.22222222222222,26.22222222222222,100.0,125.0,125.0,100.0,88,120.0,127.0,90.0,-0.1666666666666666,0.2979797979797979,0,0,0.297979797979798,0,0,4521.0,0.0182477653505816,0.0,0.0,1.0,0.0
mn8370qr,z9n52ebr,b86ad8e8-b0f6-4578-8e02-b4a87378a89d,e2aa12cd-48ec-4b85-a4ed-c4fc7b454ddf,0,gh,5,5326.0,2600.0,,,3843.0,14.0,5216.0,0.75,7.0,-0.05,2,0,18.0,0.0,1.0,1,1,0,2,1.0,3.0,-2.0,9.0,114.22222222222224,26.22222222222222,26.22222222222222,100.0,125.0,125.0,100.0,88,120.0,127.0,90.0,-0.1666666666666666,0.2979797979797979,0,0,0.297979797979798,0,0,5075.0,0.0182477653505816,1.0,0.0,0.0,0.0
mn8370qr,lh92b709,b86ad8e8-b0f6-4578-8e02-b4a87378a89d,408a9933-2d73-49af-a89e-1257e848a4cf,0,gh,5,5744.0,3800.0,,,3625.0,16.0,5574.0,0.9166666666666666,5.0,-0.4166666666666666,4,0,19.0,1.0,1.0,1,1,0,2,2.0,0.0,2.0,9.0,114.22222222222224,26.22222222222222,26.22222222222222,100.0,125.0,125.0,100.0,88,120.0,127.0,90.0,-0.1666666666666666,0.2979797979797979,0,0,0.297979797979798,0,0,5033.0,0.0182477653505816,0.0,1.0,0.0,0.0
mn8370qr,729v3r7i,b86ad8e8-b0f6-4578-8e02-b4a87378a89d,85c25fb0-b87a-41cb-a477-b786b6785b79,0,gh,5,5824.0,2600.0,,,2898.0,23.0,5714.0,0.9166666666666666,9.0,-0.0166666666666666,1,0,20.0,1.0,1.0,0,1,0,2,0.0,0.0,0.0,9.0,114.22222222222224,26.22222222222222,26.22222222222222,100.0,125.0,125.0,100.0,88,120.0,127.0,90.0,-0.1666666666666666,0.2979797979797979,0,0,0.297979797979798,0,0,4922.0,0.0182477653505816,0.0,0.0,1.0,0.0
mn8370qr,aac2mc3k,b86ad8e8-b0f6-4578-8e02-b4a87378a89d,274b90df-f4ee-4a06-b02e-fef62796b15f,0,gh,5,5288.0,3800.0,,,4633.0,5.0,5168.0,0.8333333333333334,1.0,-0.7333333333333334,2,0,26.0,0.0,0.0,1,1,0,2,1.0,1.0,0.0,9.0,114.22222222222224,26.22222222222222,26.22222222222222,100.0,125.0,125.0,100.0,88,120.0,127.0,90.0,-0.1666666666666666,0.2979797979797979,0,0,0.297979797979798,0,0,5073.0,0.0182477653505816,0.0,1.0,0.0,0.0
mn8370qr,bs9r1rdm,aeea46bb-84ad-409e-b595-5f1ae9d39ed9,bb1de49e-9922-4e51-bf38-42f79bfa10dd,0,gp,5,4422.0,2600.0,,,3841.8600000000006,11.0,4352.0,0.5833333333333334,7.0,0.1166666666666665,2,1,21.0,1.0,1.0,0,0,1,2,5.0,2.0,3.0,12.0,74.21416666666666,-13.785833333333334,13.785833333333334,73.75,78.0,78.0,50.0,88,80.88,81.38,65.0,-0.0881552917903065,0.156657196969697,0,0,-0.156657196969697,0,0,4809.860000000001,0.0215170713369598,0.0,1.0,0.0,0.0
mn8370qr,9uh6p1vm,aeea46bb-84ad-409e-b595-5f1ae9d39ed9,3cc0e1ca-01ec-458e-a73f-5f979015e052,0,gp,5,5926.0,3800.0,,,4154.620000000001,9.0,5796.0,0.75,6.0,-0.15,1,1,19.0,0.0,0.0,1,0,1,2,1.0,2.0,-1.0,12.0,74.21416666666666,-13.785833333333334,13.785833333333334,73.75,78.0,78.0,50.0,88,80.88,81.38,65.0,-0.0881552917903065,0.156657196969697,0,0,-0.156657196969697,0,0,4946.620000000001,0.0215170713369598,0.0,1.0,0.0,0.0
mn8370qr,kb2z64e8,aeea46bb-84ad-409e-b595-5f1ae9d39ed9,a415b3a2-d76d-4f31-8ddd-bdf441257d88,0,gp,5,6101.0,2600.0,,,3386.93,19.0,6021.0,0.6666666666666666,8.0,0.1333333333333334,15,1,26.0,0.0,1.0,1,0,1,2,0.0,3.0,-3.0,12.0,74.21416666666666,-13.785833333333334,13.785833333333334,73.75,78.0,78.0,50.0,88,80.88,81.38,65.0,-0.0881552917903065,0.156657196969697,0,0,-0.156657196969697,0,0,5058.93,0.0215170713369598,1.0,0.0,0.0,0.0
mn8370qr,ai0il249,aeea46bb-84ad-409e-b595-5f1ae9d39ed9,bd8df300-e107-4fb6-a1a9-1ee4f9ce263f,0,gp,5,5172.0,3800.0,,,2921.5,29.0,5042.0,0.75,2.0,-0.55,3,0,18.0,0.0,1.0,1,0,1,2,1.0,1.0,0.0,12.0,74.21416666666666,-13.785833333333334,13.785833333333334,73.75,78.0,78.0,50.0,88,80.88,81.38,65.0,-0.0881552917903065,0.156657196969697,0,0,-0.156657196969697,0,0,5473.5,0.0215170713369598,0.0,0.0,1.0,0.0
mn8370qr,pqnknbrr,aeea46bb-84ad-409e-b595-5f1ae9d39ed9,0dfc44c4-9a29-46a9-8b14-42a4bda28f5c,0,gp,5,4810.0,2600.0,,,2340.2699999999995,30.0,4710.0,0.6666666666666666,7.0,0.0333333333333333,3,0,22.0,1.0,1.0,1,0,1,2,5.0,1.0,4.0,12.0,74.21416666666666,-13.785833333333334,13.785833333333334,73.75,78.0,78.0,50.0,88,80.88,81.38,65.0,-0.0881552917903065,0.156657196969697,0,0,-0.156657196969697,0,0,4980.2699999999995,0.0215170713369598,0.3333333333333333,0.3333333333333333,0.3333333333333333,0.0
mn8370qr,whc9aveo,aeea46bb-84ad-409e-b595-5f1ae9d39ed9,b36c610c-8e4d-4bcb-b3bf-9233bc19bd59,0,gp,5,6139.0,3800.0,,,4878.82,0.0,5989.0,0.9166666666666666,7.0,-0.2166666666666666,1,0,34.0,1.0,1.0,1,0,1,2,0.0,3.0,-3.0,12.0,74.21416666666666,-13.785833333333334,13.785833333333334,73.75,78.0,78.0,50.0,88,80.88,81.38,65.0,-0.0881552917903065,0.156657196969697,0,0,-0.156657196969697,0,0,4878.82,0.0215170713369598,0.5,0.5,0.0,0.0
mn8370qr,e4rzuiqc,b86ad8e8-b0f6-4578-8e02-b4a87378a89d,e587d9fc-8b60-4d5e-94d5-3b29caa7cace,0,gh,6,5538.0,2600.0,72.0,3.0,4220.0,10.0,5418.0,1.0,8.0,-0.1999999999999999,1,0,27.0,1.0,1.0,1,1,0,2,0.0,3.0,-3.0,6.0,98.33333333333331,18.333333333333332,18.333333333333332,90.0,100.0,110.0,90.0,80,100.0,120.0,90.0,-0.0999999999999999,0.2291666666666666,0,0,0.2291666666666666,0,0,5020.0,0.0245337126857246,0.0,0.0,1.0,0.0
mn8370qr,j6o1gu35,b86ad8e8-b0f6-4578-8e02-b4a87378a89d,2687126f-035a-4f5c-9b79-40117776a123,0,gh,6,1136.0,3800.0,2800.0,3.0,2651.0,22.0,1106.0,0.25,3.0,0.0499999999999999,3,1,19.0,0.0,0.0,0,1,0,2,2.0,1.0,1.0,6.0,98.33333333333331,18.333333333333332,18.333333333333332,90.0,100.0,110.0,90.0,80,100.0,120.0,90.0,-0.0999999999999999,0.2291666666666666,0,0,0.2291666666666666,0,0,4411.0,0.0245337126857246,0.0,0.0,1.0,0.0
mn8370qr,z9n52ebr,b86ad8e8-b0f6-4578-8e02-b4a87378a89d,e2aa12cd-48ec-4b85-a4ed-c4fc7b454ddf,0,gh,6,5326.0,2600.0,95.0,3.0,3875.0,15.0,5216.0,0.75,7.0,-0.05,2,0,18.0,0.0,1.0,1,1,0,2,2.0,1.0,1.0,6.0,98.33333333333331,18.333333333333332,18.333333333333332,90.0,100.0,110.0,90.0,80,100.0,120.0,90.0,-0.0999999999999999,0.2291666666666666,0,0,0.2291666666666666,0,0,5075.0,0.0245337126857246,1.0,0.0,0.0,0.0
mn8370qr,lh92b709,b86ad8e8-b0f6-4578-8e02-b4a87378a89d,408a9933-2d73-49af-a89e-1257e848a4cf,0,gh,6,5744.0,3800.0,90.0,3.0,3553.0,18.0,5574.0,0.9166666666666666,5.0,-0.4166666666666666,4,0,19.0,1.0,1.0,1,1,0,2,2.0,0.0,2.0,6.0,98.33333333333331,18.333333333333332,18.333333333333332,90.0,100.0,110.0,90.0,80,100.0,120.0,90.0,-0.0999999999999999,0.2291666666666666,0,0,0.2291666666666666,0,0,4993.0,0.0245337126857246,0.0,1.0,0.0,0.0
mn8370qr,729v3r7i,b86ad8e8-b0f6-4578-8e02-b4a87378a89d,85c25fb0-b87a-41cb-a477-b786b6785b79,0,gh,6,5824.0,2600.0,100.0,4.0,3192.0,21.0,5714.0,0.9166666666666666,9.0,-0.0166666666666666,1,0,20.0,1.0,1.0,0,1,0,2,0.0,1.0,-1.0,6.0,98.33333333333331,18.333333333333332,18.333333333333332,90.0,100.0,110.0,90.0,80,100.0,120.0,90.0,-0.0999999999999999,0.2291666666666666,0,0,0.2291666666666666,0,0,4872.0,0.0245337126857246,0.0,0.0,1.0,0.0
mn8370qr,aac2mc3k,b86ad8e8-b0f6-4578-8e02-b4a87378a89d,274b90df-f4ee-4a06-b02e-fef62796b15f,0,gh,6,5288.0,3800.0,148.0,2.0,4673.0,6.0,5168.0,0.8333333333333334,1.0,-0.7333333333333334,2,0,26.0,0.0,0.0,1,1,0,2,0.0,0.0,0.0,6.0,98.33333333333331,18.333333333333332,18.333333333333332,90.0,100.0,110.0,90.0,80,100.0,120.0,90.0,-0.0999999999999999,0.2291666666666666,0,0,0.2291666666666666,0,0,5153.0,0.0245337126857246,0.0,1.0,0.0,0.0
mn8370qr,bs9r1rdm,aeea46bb-84ad-409e-b595-5f1ae9d39ed9,bb1de49e-9922-4e51-bf38-42f79bfa10dd,0,gp,6,4422.0,2600.0,67.0,4.0,3765.9500000000007,12.0,4352.0,0.5833333333333334,7.0,0.1166666666666665,2,1,21.0,1.0,1.0,0,0,1,2,7.0,5.0,2.0,16.0,61.29625,-18.70375,18.70375,65.0,55.25,75.0,50.16,80,73.75,80.88,44.0,-0.1186440677966101,0.233796875,0,0,-0.233796875,0,0,4725.950000000001,0.0177569735478346,0.0,1.0,0.0,0.0
mn8370qr,9uh6p1vm,aeea46bb-84ad-409e-b595-5f1ae9d39ed9,3cc0e1ca-01ec-458e-a73f-5f979015e052,0,gp,6,5926.0,3800.0,45.0,3.0,4430.210000000001,5.0,5796.0,0.75,6.0,-0.15,1,1,19.0,0.0,0.0,1,0,1,2,1.0,4.0,-3.0,16.0,61.29625,-18.70375,18.70375,65.0,55.25,75.0,50.16,80,73.75,80.88,44.0,-0.1186440677966101,0.233796875,0,0,-0.233796875,0,0,4830.210000000001,0.0177569735478346,0.0,1.0,0.0,0.0
mn8370qr,kb2z64e8,aeea46bb-84ad-409e-b595-5f1ae9d39ed9,a415b3a2-d76d-4f31-8ddd-bdf441257d88,0,gp,6,6101.0,2600.0,0.0,0.0,3602.93,16.0,6021.0,0.6666666666666666,8.0,0.1333333333333334,15,1,26.0,0.0,1.0,1,0,1,2,0.0,1.0,-1.0,16.0,61.29625,-18.70375,18.70375,65.0,55.25,75.0,50.16,80,73.75,80.88,44.0,-0.1186440677966101,0.233796875,0,0,-0.233796875,0,0,4882.93,0.0177569735478346,1.0,0.0,0.0,0.0
mn8370qr,ai0il249,aeea46bb-84ad-409e-b595-5f1ae9d39ed9,bd8df300-e107-4fb6-a1a9-1ee4f9ce263f,0,gp,6,5172.0,3800.0,74.0,3.0,3309.0,24.0,5042.0,0.75,2.0,-0.55,3,0,18.0,0.0,1.0,1,0,1,2,1.0,3.0,-2.0,16.0,61.29625,-18.70375,18.70375,65.0,55.25,75.0,50.16,80,73.75,80.88,44.0,-0.1186440677966101,0.233796875,0,0,-0.233796875,0,0,5229.0,0.0177569735478346,0.0,0.0,1.0,0.0
mn8370qr,pqnknbrr,aeea46bb-84ad-409e-b595-5f1ae9d39ed9,0dfc44c4-9a29-46a9-8b14-42a4bda28f5c,0,gp,6,4810.0,2600.0,50.0,1.0,2321.1799999999994,34.0,4710.0,0.6666666666666666,7.0,0.0333333333333333,3,0,22.0,1.0,1.0,1,0,1,2,6.0,2.0,4.0,16.0,61.29625,-18.70375,18.70375,65.0,55.25,75.0,50.16,80,73.75,80.88,44.0,-0.1186440677966101,0.233796875,0,0,-0.233796875,0,0,5041.179999999999,0.0177569735478346,0.3333333333333333,0.3333333333333333,0.3333333333333333,0.0
mn8370qr,whc9aveo,aeea46bb-84ad-409e-b595-5f1ae9d39ed9,b36c610c-8e4d-4bcb-b3bf-9233bc19bd59,0,gp,6,6139.0,3800.0,50.0,4.0,4878.73,0.0,5989.0,0.9166666666666666,7.0,-0.2166666666666666,1,0,34.0,1.0,1.0,1,0,1,2,1.0,1.0,0.0,16.0,61.29625,-18.70375,18.70375,65.0,55.25,75.0,50.16,80,73.75,80.88,44.0,-0.1186440677966101,0.233796875,0,0,-0.233796875,0,0,4878.73,0.0177569735478346,0.5,0.5,0.0,0.0
mn8370qr,e4rzuiqc,b86ad8e8-b0f6-4578-8e02-b4a87378a89d,e587d9fc-8b60-4d5e-94d5-3b29caa7cace,0,gh,7,5538.0,2600.0,,,4350.0,9.0,5418.0,1.0,8.0,-0.1999999999999999,1,0,27.0,1.0,1.0,1,1,0,2,0.0,1.0,-1.0,4.0,92.5,20.5,20.5,90.0,110.0,110.0,80.0,72,90.0,100.0,79.0,0.0,0.2847222222222222,0,0,0.2847222222222222,0,0,4998.0,0.0283262971537518,0.0,0.0,1.0,0.0
mn8370qr,j6o1gu35,b86ad8e8-b0f6-4578-8e02-b4a87378a89d,2687126f-035a-4f5c-9b79-40117776a123,0,gh,7,1136.0,3800.0,,,2529.0,24.0,1106.0,0.25,3.0,0.0499999999999999,3,1,19.0,0.0,0.0,0,1,0,2,3.0,1.0,2.0,4.0,92.5,20.5,20.5,90.0,110.0,110.0,80.0,72,90.0,100.0,79.0,0.0,0.2847222222222222,0,0,0.2847222222222222,0,0,4257.0,0.0283262971537518,0.0,0.0,1.0,0.0
mn8370qr,z9n52ebr,b86ad8e8-b0f6-4578-8e02-b4a87378a89d,e2aa12cd-48ec-4b85-a4ed-c4fc7b454ddf,0,gh,7,5326.0,2600.0,,,3935.0,17.0,5216.0,0.75,7.0,-0.05,2,0,18.0,0.0,1.0,1,1,0,2,0.0,0.0,0.0,4.0,92.5,20.5,20.5,90.0,110.0,110.0,80.0,72,90.0,100.0,79.0,0.0,0.2847222222222222,0,0,0.2847222222222222,0,0,5159.0,0.0283262971537518,1.0,0.0,0.0,0.0
mn8370qr,lh92b709,b86ad8e8-b0f6-4578-8e02-b4a87378a89d,408a9933-2d73-49af-a89e-1257e848a4cf,0,gh,7,5744.0,3800.0,,,3635.0,19.0,5574.0,0.9166666666666666,5.0,-0.4166666666666666,4,0,19.0,1.0,1.0,1,1,0,2,1.0,1.0,0.0,4.0,92.5,20.5,20.5,90.0,110.0,110.0,80.0,72,90.0,100.0,79.0,0.0,0.2847222222222222,0,0,0.2847222222222222,0,0,5003.0,0.0283262971537518,0.0,1.0,0.0,0.0
mn8370qr,729v3r7i,b86ad8e8-b0f6-4578-8e02-b4a87378a89d,85c25fb0-b87a-41cb-a477-b786b6785b79,0,gh,7,5824.0,2600.0,,,3386.0,21.0,5714.0,0.9166666666666666,9.0,-0.0166666666666666,1,0,20.0,1.0,1.0,0,1,0,2,0.0,1.0,-1.0,4.0,92.5,20.5,20.5,90.0,110.0,110.0,80.0,72,90.0,100.0,79.0,0.0,0.2847222222222222,0,0,0.2847222222222222,0,0,4898.0,0.0283262971537518,0.0,0.0,1.0,0.0
mn8370qr,aac2mc3k,b86ad8e8-b0f6-4578-8e02-b4a87378a89d,274b90df-f4ee-4a06-b02e-fef62796b15f,0,gh,7,5288.0,3800.0,,,4697.0,5.0,5168.0,0.8333333333333334,1.0,-0.7333333333333334,2,0,26.0,0.0,0.0,1,1,0,2,0.0,0.0,0.0,4.0,92.5,20.5,20.5,90.0,110.0,110.0,80.0,72,90.0,100.0,79.0,0.0,0.2847222222222222,0,0,0.2847222222222222,0,0,5057.0,0.0283262971537518,0.0,1.0,0.0,0.0
mn8370qr,bs9r1rdm,aeea46bb-84ad-409e-b595-5f1ae9d39ed9,bb1de49e-9922-4e51-bf38-42f79bfa10dd,0,gp,7,4422.0,2600.0,,,3395.560000000001,17.0,4352.0,0.5833333333333334,7.0,0.1166666666666665,2,1,21.0,1.0,1.0,0,0,1,2,12.0,7.0,5.0,25.0,55.79560000000001,-16.2044,16.6844,44.0,75.0,75.0,35.0,72,65.0,73.75,45.0,-0.323076923076923,0.2317277777777777,0,0,-0.225061111111111,0,0,4619.560000000001,0.0200181603559429,0.0,1.0,0.0,0.0
mn8370qr,9uh6p1vm,aeea46bb-84ad-409e-b595-5f1ae9d39ed9,3cc0e1ca-01ec-458e-a73f-5f979015e052,0,gp,7,5926.0,3800.0,,,4298.790000000001,7.0,5796.0,0.75,6.0,-0.15,1,1,19.0,0.0,0.0,1,0,1,2,6.0,4.0,2.0,25.0,55.79560000000001,-16.2044,16.6844,44.0,75.0,75.0,35.0,72,65.0,73.75,45.0,-0.323076923076923,0.2317277777777777,0,0,-0.225061111111111,0,0,4802.790000000001,0.0200181603559429,0.0,1.0,0.0,0.0
mn8370qr,kb2z64e8,aeea46bb-84ad-409e-b595-5f1ae9d39ed9,a415b3a2-d76d-4f31-8ddd-bdf441257d88,0,gp,7,6101.0,2600.0,,,3914.43,14.0,6021.0,0.6666666666666666,8.0,0.1333333333333334,15,1,26.0,0.0,1.0,1,0,1,2,2.0,5.0,-3.0,25.0,55.79560000000001,-16.2044,16.6844,44.0,75.0,75.0,35.0,72,65.0,73.75,45.0,-0.323076923076923,0.2317277777777777,0,0,-0.225061111111111,0,0,4922.43,0.0200181603559429,1.0,0.0,0.0,0.0
mn8370qr,ai0il249,aeea46bb-84ad-409e-b595-5f1ae9d39ed9,bd8df300-e107-4fb6-a1a9-1ee4f9ce263f,0,gp,7,5172.0,3800.0,,,3375.0,26.0,5042.0,0.75,2.0,-0.55,3,0,18.0,0.0,1.0,1,0,1,2,3.0,1.0,2.0,25.0,55.79560000000001,-16.2044,16.6844,44.0,75.0,75.0,35.0,72,65.0,73.75,45.0,-0.323076923076923,0.2317277777777777,0,0,-0.225061111111111,0,0,5247.0,0.0200181603559429,0.0,0.0,1.0,0.0
mn8370qr,pqnknbrr,aeea46bb-84ad-409e-b595-5f1ae9d39ed9,0dfc44c4-9a29-46a9-8b14-42a4bda28f5c,0,gp,7,4810.0,2600.0,,,2784.4899999999993,29.0,4710.0,0.6666666666666666,7.0,0.0333333333333333,3,0,22.0,1.0,1.0,1,0,1,2,0.0,6.0,-6.0,25.0,55.79560000000001,-16.2044,16.6844,44.0,75.0,75.0,35.0,72,65.0,73.75,45.0,-0.323076923076923,0.2317277777777777,0,0,-0.225061111111111,0,0,4872.49,0.0200181603559429,0.3333333333333333,0.3333333333333333,0.3333333333333333,0.0
mn8370qr,whc9aveo,aeea46bb-84ad-409e-b595-5f1ae9d39ed9,b36c610c-8e4d-4bcb-b3bf-9233bc19bd59,0,gp,7,6139.0,3800.0,,,4903.73,0.0,5989.0,0.9166666666666666,7.0,-0.2166666666666666,1,0,34.0,1.0,1.0,1,0,1,2,2.0,2.0,0.0,25.0,55.79560000000001,-16.2044,16.6844,44.0,75.0,75.0,35.0,72,65.0,73.75,45.0,-0.323076923076923,0.2317277777777777,0,0,-0.225061111111111,0,0,4903.73,0.0200181603559429,0.5,0.5,0.0,0.0
mn8370qr,e4rzuiqc,b86ad8e8-b0f6-4578-8e02-b4a87378a89d,e587d9fc-8b60-4d5e-94d5-3b29caa7cace,0,gh,8,5538.0,2600.0,,,4218.5,13.0,5418.0,1.0,8.0,-0.1999999999999999,1,0,27.0,1.0,1.0,1,1,0,2,2.0,0.0,2.0,7.0,73.78571428571429,9.785714285714286,23.785714285714285,79.0,90.0,90.0,15.0,64,90.0,90.0,47.5,-0.1222222222222222,0.3716517857142857,0,0,0.1529017857142858,0,0,5050.5,0.0321697939661515,0.0,0.0,1.0,0.0
mn8370qr,j6o1gu35,b86ad8e8-b0f6-4578-8e02-b4a87378a89d,2687126f-035a-4f5c-9b79-40117776a123,0,gh,8,1136.0,3800.0,,,2386.0,26.0,1106.0,0.25,3.0,0.0499999999999999,3,1,19.0,0.0,0.0,0,1,0,2,3.0,1.0,2.0,7.0,73.78571428571429,9.785714285714286,23.785714285714285,79.0,90.0,90.0,15.0,64,90.0,90.0,47.5,-0.1222222222222222,0.3716517857142857,0,0,0.1529017857142858,0,0,4050.0,0.0321697939661515,0.0,0.0,1.0,0.0
mn8370qr,z9n52ebr,b86ad8e8-b0f6-4578-8e02-b4a87378a89d,e2aa12cd-48ec-4b85-a4ed-c4fc7b454ddf,0,gh,8,5326.0,2600.0,,,4013.0,16.0,5216.0,0.75,7.0,-0.05,2,0,18.0,0.0,1.0,1,1,0,2,1.0,1.0,0.0,7.0,73.78571428571429,9.785714285714286,23.785714285714285,79.0,90.0,90.0,15.0,64,90.0,90.0,47.5,-0.1222222222222222,0.3716517857142857,0,0,0.1529017857142858,0,0,5037.0,0.0321697939661515,1.0,0.0,0.0,0.0
mn8370qr,lh92b709,b86ad8e8-b0f6-4578-8e02-b4a87378a89d,408a9933-2d73-49af-a89e-1257e848a4cf,0,gh,8,5744.0,3800.0,,,3861.0,17.0,5574.0,0.9166666666666666,5.0,-0.4166666666666666,4,0,19.0,1.0,1.0,1,1,0,2,1.0,2.0,-1.0,7.0,73.78571428571429,9.785714285714286,23.785714285714285,79.0,90.0,90.0,15.0,64,90.0,90.0,47.5,-0.1222222222222222,0.3716517857142857,0,0,0.1529017857142858,0,0,4949.0,0.0321697939661515,0.0,1.0,0.0,0.0
mn8370qr,729v3r7i,b86ad8e8-b0f6-4578-8e02-b4a87378a89d,85c25fb0-b87a-41cb-a477-b786b6785b79,0,gh,8,5824.0,2600.0,,,3716.5,18.0,5714.0,0.9166666666666666,9.0,-0.0166666666666666,1,0,20.0,1.0,1.0,0,1,0,2,0.0,3.0,-3.0,7.0,73.78571428571429,9.785714285714286,23.785714285714285,79.0,90.0,90.0,15.0,64,90.0,90.0,47.5,-0.1222222222222222,0.3716517857142857,0,0,0.1529017857142858,0,0,4868.5,0.0321697939661515,0.0,0.0,1.0,0.0
mn8370qr,aac2mc3k,b86ad8e8-b0f6-4578-8e02-b4a87378a89d,274b90df-f4ee-4a06-b02e-fef62796b15f,0,gh,8,5288.0,3800.0,,,4717.0,5.0,5168.0,0.8333333333333334,1.0,-0.7333333333333334,2,0,26.0,0.0,0.0,1,1,0,2,0.0,0.0,0.0,7.0,73.78571428571429,9.785714285714286,23.785714285714285,79.0,90.0,90.0,15.0,64,90.0,90.0,47.5,-0.1222222222222222,0.3716517857142857,0,0,0.1529017857142858,0,0,5037.0,0.0321697939661515,0.0,1.0,0.0,0.0
mn8370qr,bs9r1rdm,aeea46bb-84ad-409e-b595-5f1ae9d39ed9,bb1de49e-9922-4e51-bf38-42f79bfa10dd,0,gp,8,4422.0,2600.0,,,3798.560000000001,11.0,4352.0,0.5833333333333334,7.0,0.1166666666666665,2,1,21.0,1.0,1.0,0,0,1,2,1.0,8.0,-7.0,12.0,47.916666666666664,-16.083333333333332,16.083333333333332,45.0,50.0,55.0,40.0,64,44.0,65.0,38.0,0.0227272727272727,0.2513020833333333,0,0,-0.2513020833333333,0,0,4502.560000000001,0.0246870832758541,0.0,1.0,0.0,0.0
mn8370qr,9uh6p1vm,aeea46bb-84ad-409e-b595-5f1ae9d39ed9,3cc0e1ca-01ec-458e-a73f-5f979015e052,0,gp,8,5926.0,3800.0,,,4376.790000000001,6.0,5796.0,0.75,6.0,-0.15,1,1,19.0,0.0,0.0,1,0,1,2,0.0,1.0,-1.0,12.0,47.916666666666664,-16.083333333333332,16.083333333333332,45.0,50.0,55.0,40.0,64,44.0,65.0,38.0,0.0227272727272727,0.2513020833333333,0,0,-0.2513020833333333,0,0,4760.790000000001,0.0246870832758541,0.0,1.0,0.0,0.0
mn8370qr,kb2z64e8,aeea46bb-84ad-409e-b595-5f1ae9d39ed9,a415b3a2-d76d-4f31-8ddd-bdf441257d88,0,gp,8,6101.0,2600.0,,,3617.93,22.0,6021.0,0.6666666666666666,8.0,0.1333333333333334,15,1,26.0,0.0,1.0,1,0,1,2,7.0,0.0,7.0,12.0,47.916666666666664,-16.083333333333332,16.083333333333332,45.0,50.0,55.0,40.0,64,44.0,65.0,38.0,0.0227272727272727,0.2513020833333333,0,0,-0.2513020833333333,0,0,5025.93,0.0246870832758541,1.0,0.0,0.0,0.0
mn8370qr,ai0il249,aeea46bb-84ad-409e-b595-5f1ae9d39ed9,bd8df300-e107-4fb6-a1a9-1ee4f9ce263f,0,gp,8,5172.0,3800.0,,,3386.5,27.0,5042.0,0.75,2.0,-0.55,3,0,18.0,0.0,1.0,1,0,1,2,2.0,0.0,2.0,12.0,47.916666666666664,-16.083333333333332,16.083333333333332,45.0,50.0,55.0,40.0,64,44.0,65.0,38.0,0.0227272727272727,0.2513020833333333,0,0,-0.2513020833333333,0,0,5114.5,0.0246870832758541,0.0,0.0,1.0,0.0
mn8370qr,pqnknbrr,aeea46bb-84ad-409e-b595-5f1ae9d39ed9,0dfc44c4-9a29-46a9-8b14-42a4bda28f5c,0,gp,8,4810.0,2600.0,,,2940.4899999999993,27.0,4710.0,0.6666666666666666,7.0,0.0333333333333333,3,0,22.0,1.0,1.0,1,0,1,2,0.0,1.0,-1.0,12.0,47.916666666666664,-16.083333333333332,16.083333333333332,45.0,50.0,55.0,40.0,64,44.0,65.0,38.0,0.0227272727272727,0.2513020833333333,0,0,-0.2513020833333333,0,0,4668.49,0.0246870832758541,0.3333333333333333,0.3333333333333333,0.3333333333333333,0.0
mn8370qr,whc9aveo,aeea46bb-84ad-409e-b595-5f1ae9d39ed9,b36c610c-8e4d-4bcb-b3bf-9233bc19bd59,0,gp,8,6139.0,3800.0,,,4923.73,0.0,5989.0,0.9166666666666666,7.0,-0.2166666666666666,1,0,34.0,1.0,1.0,1,0,1,2,2.0,2.0,0.0,12.0,47.916666666666664,-16.083333333333332,16.083333333333332,45.0,50.0,55.0,40.0,64,44.0,65.0,38.0,0.0227272727272727,0.2513020833333333,0,0,-0.2513020833333333,0,0,4923.73,0.0246870832758541,0.5,0.5,0.0,0.0
mn8370qr,e4rzuiqc,b86ad8e8-b0f6-4578-8e02-b4a87378a89d,e587d9fc-8b60-4d5e-94d5-3b29caa7cace,0,gh,9,5538.0,2600.0,0.0,0.0,4289.0,13.0,5418.0,1.0,8.0,-0.1999999999999999,1,0,27.0,1.0,1.0,1,1,0,2,1.0,1.0,0.0,4.0,64.125,8.125,12.375,47.5,70.0,73.0,47.5,56,79.0,90.0,35.0,-0.3987341772151899,0.2209821428571428,0,0,0.1450892857142857,0,0,5017.0,0.0368413097065252,0.0,0.0,1.0,0.0
mn8370qr,j6o1gu35,b86ad8e8-b0f6-4578-8e02-b4a87378a89d,2687126f-035a-4f5c-9b79-40117776a123,0,gh,9,1136.0,3800.0,0.0,0.0,2281.0,29.0,1106.0,0.25,3.0,0.0499999999999999,3,1,19.0,0.0,0.0,0,1,0,2,3.0,0.0,3.0,4.0,64.125,8.125,12.375,47.5,70.0,73.0,47.5,56,79.0,90.0,35.0,-0.3987341772151899,0.2209821428571428,0,0,0.1450892857142857,0,0,3905.0,0.0368413097065252,0.0,0.0,1.0,0.0
mn8370qr,z9n52ebr,b86ad8e8-b0f6-4578-8e02-b4a87378a89d,e2aa12cd-48ec-4b85-a4ed-c4fc7b454ddf,0,gh,9,5326.0,2600.0,30.0,5.0,4194.5,15.0,5216.0,0.75,7.0,-0.05,2,0,18.0,0.0,1.0,1,1,0,2,0.0,2.0,-2.0,4.0,64.125,8.125,12.375,47.5,70.0,73.0,47.5,56,79.0,90.0,35.0,-0.3987341772151899,0.2209821428571428,0,0,0.1450892857142857,0,0,5034.5,0.0368413097065252,1.0,0.0,0.0,0.0
mn8370qr,lh92b709,b86ad8e8-b0f6-4578-8e02-b4a87378a89d,408a9933-2d73-49af-a89e-1257e848a4cf,0,gh,9,5744.0,3800.0,40.0,3.0,4002.0,15.0,5574.0,0.9166666666666666,5.0,-0.4166666666666666,4,0,19.0,1.0,1.0,1,1,0,2,0.0,1.0,-1.0,4.0,64.125,8.125,12.375,47.5,70.0,73.0,47.5,56,79.0,90.0,35.0,-0.3987341772151899,0.2209821428571428,0,0,0.1450892857142857,0,0,4842.0,0.0368413097065252,0.0,1.0,0.0,0.0
mn8370qr,729v3r7i,b86ad8e8-b0f6-4578-8e02-b4a87378a89d,85c25fb0-b87a-41cb-a477-b786b6785b79,0,gh,9,5824.0,2600.0,50.0,4.0,3788.5,19.0,5714.0,0.9166666666666666,9.0,-0.0166666666666666,1,0,20.0,1.0,1.0,0,1,0,2,0.0,0.0,0.0,4.0,64.125,8.125,12.375,47.5,70.0,73.0,47.5,56,79.0,90.0,35.0,-0.3987341772151899,0.2209821428571428,0,0,0.1450892857142857,0,0,4852.5,0.0368413097065252,0.0,0.0,1.0,0.0
mn8370qr,aac2mc3k,b86ad8e8-b0f6-4578-8e02-b4a87378a89d,274b90df-f4ee-4a06-b02e-fef62796b15f,0,gh,9,5288.0,3800.0,20.0,4.0,4737.0,5.0,5168.0,0.8333333333333334,1.0,-0.7333333333333334,2,0,26.0,0.0,0.0,1,1,0,2,0.0,0.0,0.0,4.0,64.125,8.125,12.375,47.5,70.0,73.0,47.5,56,79.0,90.0,35.0,-0.3987341772151899,0.2209821428571428,0,0,0.1450892857142857,0,0,5017.0,0.0368413097065252,0.0,1.0,0.0,0.0
mn8370qr,bs9r1rdm,aeea46bb-84ad-409e-b595-5f1ae9d39ed9,bb1de49e-9922-4e51-bf38-42f79bfa10dd,0,gp,9,4422.0,2600.0,38.0,2.0,3999.3100000000018,8.0,4352.0,0.5833333333333334,7.0,0.1166666666666665,2,1,21.0,1.0,1.0,0,0,1,2,1.0,5.0,-4.0,9.0,39.53888888888889,-16.461111111111112,16.461111111111112,38.0,40.0,47.5,35.0,56,45.0,44.0,33.0,-0.1555555555555555,0.2939484126984127,0,0,-0.2939484126984126,0,0,4447.310000000001,0.0244401290088125,0.0,1.0,0.0,0.0
mn8370qr,9uh6p1vm,aeea46bb-84ad-409e-b595-5f1ae9d39ed9,3cc0e1ca-01ec-458e-a73f-5f979015e052,0,gp,9,5926.0,3800.0,35.0,3.0,4325.1900000000005,9.0,5796.0,0.75,6.0,-0.15,1,1,19.0,0.0,0.0,1,0,1,2,2.0,0.0,2.0,9.0,39.53888888888889,-16.461111111111112,16.461111111111112,38.0,40.0,47.5,35.0,56,45.0,44.0,33.0,-0.1555555555555555,0.2939484126984127,0,0,-0.2939484126984126,0,0,4829.1900000000005,0.0244401290088125,0.0,1.0,0.0,0.0
mn8370qr,kb2z64e8,aeea46bb-84ad-409e-b595-5f1ae9d39ed9,a415b3a2-d76d-4f31-8ddd-bdf441257d88,0,gp,9,6101.0,2600.0,40.0,5.0,3733.43,20.0,6021.0,0.6666666666666666,8.0,0.1333333333333334,15,1,26.0,0.0,1.0,1,0,1,2,1.0,2.0,-1.0,9.0,39.53888888888889,-16.461111111111112,16.461111111111112,38.0,40.0,47.5,35.0,56,45.0,44.0,33.0,-0.1555555555555555,0.2939484126984127,0,0,-0.2939484126984126,0,0,4853.43,0.0244401290088125,1.0,0.0,0.0,0.0
mn8370qr,ai0il249,aeea46bb-84ad-409e-b595-5f1ae9d39ed9,bd8df300-e107-4fb6-a1a9-1ee4f9ce263f,0,gp,9,5172.0,3800.0,40.0,3.0,3459.5,30.0,5042.0,0.75,2.0,-0.55,3,0,18.0,0.0,1.0,1,0,1,2,1.0,0.0,1.0,9.0,39.53888888888889,-16.461111111111112,16.461111111111112,38.0,40.0,47.5,35.0,56,45.0,44.0,33.0,-0.1555555555555555,0.2939484126984127,0,0,-0.2939484126984126,0,0,5139.5,0.0244401290088125,0.0,0.0,1.0,0.0
mn8370qr,pqnknbrr,aeea46bb-84ad-409e-b595-5f1ae9d39ed9,0dfc44c4-9a29-46a9-8b14-42a4bda28f5c,0,gp,9,4810.0,2600.0,50.0,2.0,3090.8399999999992,35.0,4710.0,0.6666666666666666,7.0,0.0333333333333333,3,0,22.0,1.0,1.0,1,0,1,2,1.0,2.0,-1.0,9.0,39.53888888888889,-16.461111111111112,16.461111111111112,38.0,40.0,47.5,35.0,56,45.0,44.0,33.0,-0.1555555555555555,0.2939484126984127,0,0,-0.2939484126984126,0,0,5050.839999999999,0.0244401290088125,0.3333333333333333,0.3333333333333333,0.3333333333333333,0.0
mn8370qr,whc9aveo,aeea46bb-84ad-409e-b595-5f1ae9d39ed9,b36c610c-8e4d-4bcb-b3bf-9233bc19bd59,0,gp,9,6139.0,3800.0,50.0,4.0,4807.73,4.0,5989.0,0.9166666666666666,7.0,-0.2166666666666666,1,0,34.0,1.0,1.0,1,0,1,2,3.0,0.0,3.0,9.0,39.53888888888889,-16.461111111111112,16.461111111111112,38.0,40.0,47.5,35.0,56,45.0,44.0,33.0,-0.1555555555555555,0.2939484126984127,0,0,-0.2939484126984126,0,0,5031.73,0.0244401290088125,0.5,0.5,0.0,0.0
mn8370qr,e4rzuiqc,b86ad8e8-b0f6-4578-8e02-b4a87378a89d,e587d9fc-8b60-4d5e-94d5-3b29caa7cace,0,gh,10,5538.0,2600.0,,,4514.0,16.0,5418.0,1.0,8.0,-0.1999999999999999,1,0,27.0,1.0,1.0,1,1,0,2,1.0,0.0,1.0,7.0,28.214285714285715,-19.785714285714285,19.785714285714285,35.0,45.0,45.0,20.0,48,47.5,79.0,17.5,-0.2631578947368421,0.4122023809523809,0,0,-0.4122023809523809,0,0,5282.0,0.0308592533262136,0.0,0.0,1.0,0.0
mn8370qr,j6o1gu35,b86ad8e8-b0f6-4578-8e02-b4a87378a89d,2687126f-035a-4f5c-9b79-40117776a123,0,gh,10,1136.0,3800.0,,,2718.5,34.0,1106.0,0.25,3.0,0.0499999999999999,3,1,19.0,0.0,0.0,0,1,0,2,5.0,0.0,5.0,7.0,28.214285714285715,-19.785714285714285,19.785714285714285,35.0,45.0,45.0,20.0,48,47.5,79.0,17.5,-0.2631578947368421,0.4122023809523809,0,0,-0.4122023809523809,0,0,4350.5,0.0308592533262136,0.0,0.0,1.0,0.0
mn8370qr,z9n52ebr,b86ad8e8-b0f6-4578-8e02-b4a87378a89d,e2aa12cd-48ec-4b85-a4ed-c4fc7b454ddf,0,gh,10,5326.0,2600.0,,,4474.5,16.0,5216.0,0.75,7.0,-0.05,2,0,18.0,0.0,1.0,1,1,0,2,1.0,0.0,1.0,7.0,28.214285714285715,-19.785714285714285,19.785714285714285,35.0,45.0,45.0,20.0,48,47.5,79.0,17.5,-0.2631578947368421,0.4122023809523809,0,0,-0.4122023809523809,0,0,5242.5,0.0308592533262136,1.0,0.0,0.0,0.0
mn8370qr,lh92b709,b86ad8e8-b0f6-4578-8e02-b4a87378a89d,408a9933-2d73-49af-a89e-1257e848a4cf,0,gh,10,5744.0,3800.0,,,4347.0,15.0,5574.0,0.9166666666666666,5.0,-0.4166666666666666,4,0,19.0,1.0,1.0,1,1,0,2,0.0,1.0,-1.0,7.0,28.214285714285715,-19.785714285714285,19.785714285714285,35.0,45.0,45.0,20.0,48,47.5,79.0,17.5,-0.2631578947368421,0.4122023809523809,0,0,-0.4122023809523809,0,0,5067.0,0.0308592533262136,0.0,1.0,0.0,0.0
mn8370qr,729v3r7i,b86ad8e8-b0f6-4578-8e02-b4a87378a89d,85c25fb0-b87a-41cb-a477-b786b6785b79,0,gh,10,5824.0,2600.0,,,4276.0,14.0,5714.0,0.9166666666666666,9.0,-0.0166666666666666,1,0,20.0,1.0,1.0,0,1,0,2,0.0,4.0,-4.0,7.0,28.214285714285715,-19.785714285714285,19.785714285714285,35.0,45.0,45.0,20.0,48,47.5,79.0,17.5,-0.2631578947368421,0.4122023809523809,0,0,-0.4122023809523809,0,0,4948.0,0.0308592533262136,0.0,0.0,1.0,0.0
mn8370qr,aac2mc3k,b86ad8e8-b0f6-4578-8e02-b4a87378a89d,274b90df-f4ee-4a06-b02e-fef62796b15f,0,gh,10,5288.0,3800.0,,,4882.0,4.0,5168.0,0.8333333333333334,1.0,-0.7333333333333334,2,0,26.0,0.0,0.0,1,1,0,2,0.0,2.0,-2.0,7.0,28.214285714285715,-19.785714285714285,19.785714285714285,35.0,45.0,45.0,20.0,48,47.5,79.0,17.5,-0.2631578947368421,0.4122023809523809,0,0,-0.4122023809523809,0,0,5074.0,0.0308592533262136,0.0,1.0,0.0,0.0
mn8370qr,bs9r1rdm,aeea46bb-84ad-409e-b595-5f1ae9d39ed9,bb1de49e-9922-4e51-bf38-42f79bfa10dd,0,gp,10,4422.0,2600.0,,,4224.310000000001,5.0,4352.0,0.5833333333333334,7.0,0.1166666666666665,2,1,21.0,1.0,1.0,0,0,1,2,3.0,5.0,-2.0,15.0,35.3,-12.7,12.7,33.0,37.0,39.0,33.0,48,38.0,45.0,25.0,-0.131578947368421,0.2645833333333333,0,0,-0.2645833333333334,0,0,4464.310000000001,0.0363732363315696,0.0,1.0,0.0,0.0
mn8370qr,9uh6p1vm,aeea46bb-84ad-409e-b595-5f1ae9d39ed9,3cc0e1ca-01ec-458e-a73f-5f979015e052,0,gp,10,5926.0,3800.0,,,4548.1900000000005,7.0,5796.0,0.75,6.0,-0.15,1,1,19.0,0.0,0.0,1,0,1,2,3.0,4.0,-1.0,15.0,35.3,-12.7,12.7,33.0,37.0,39.0,33.0,48,38.0,45.0,25.0,-0.131578947368421,0.2645833333333333,0,0,-0.2645833333333334,0,0,4884.1900000000005,0.0363732363315696,0.0,1.0,0.0,0.0
mn8370qr,kb2z64e8,aeea46bb-84ad-409e-b595-5f1ae9d39ed9,a415b3a2-d76d-4f31-8ddd-bdf441257d88,0,gp,10,6101.0,2600.0,,,4126.43,22.0,6021.0,0.6666666666666666,8.0,0.1333333333333334,15,1,26.0,0.0,1.0,1,0,1,2,2.0,2.0,0.0,15.0,35.3,-12.7,12.7,33.0,37.0,39.0,33.0,48,38.0,45.0,25.0,-0.131578947368421,0.2645833333333333,0,0,-0.2645833333333334,0,0,5182.43,0.0363732363315696,1.0,0.0,0.0,0.0
mn8370qr,ai0il249,aeea46bb-84ad-409e-b595-5f1ae9d39ed9,bd8df300-e107-4fb6-a1a9-1ee4f9ce263f,0,gp,10,5172.0,3800.0,,,3995.5,33.0,5042.0,0.75,2.0,-0.55,3,0,18.0,0.0,1.0,1,0,1,2,3.0,1.0,2.0,15.0,35.3,-12.7,12.7,33.0,37.0,39.0,33.0,48,38.0,45.0,25.0,-0.131578947368421,0.2645833333333333,0,0,-0.2645833333333334,0,0,5579.5,0.0363732363315696,0.0,0.0,1.0,0.0
mn8370qr,pqnknbrr,aeea46bb-84ad-409e-b595-5f1ae9d39ed9,0dfc44c4-9a29-46a9-8b14-42a4bda28f5c,0,gp,10,4810.0,2600.0,,,3896.3399999999992,23.0,4710.0,0.6666666666666666,7.0,0.0333333333333333,3,0,22.0,1.0,1.0,1,0,1,2,0.0,3.0,-3.0,15.0,35.3,-12.7,12.7,33.0,37.0,39.0,33.0,48,38.0,45.0,25.0,-0.131578947368421,0.2645833333333333,0,0,-0.2645833333333334,0,0,5000.339999999999,0.0363732363315696,0.3333333333333333,0.3333333333333333,0.3333333333333333,0.0
mn8370qr,whc9aveo,aeea46bb-84ad-409e-b595-5f1ae9d39ed9,b36c610c-8e4d-4bcb-b3bf-9233bc19bd59,0,gp,10,6139.0,3800.0,,,4745.23,8.0,5989.0,0.9166666666666666,7.0,-0.2166666666666666,1,0,34.0,1.0,1.0,1,0,1,2,4.0,0.0,4.0,15.0,35.3,-12.7,12.7,33.0,37.0,39.0,33.0,48,38.0,45.0,25.0,-0.131578947368421,0.2645833333333333,0,0,-0.2645833333333334,0,0,5129.23,0.0363732363315696,0.5,0.5,0.0,0.0
mn8370qr,e4rzuiqc,b86ad8e8-b0f6-4578-8e02-b4a87378a89d,e587d9fc-8b60-4d5e-94d5-3b29caa7cace,0,gh,11,5538.0,2600.0,,,4630.62,16.0,5418.0,1.0,8.0,-0.1999999999999999,1,0,27.0,1.0,1.0,1,1,0,2,1.0,0.0,1.0,14.0,12.51,-27.49,27.49,17.5,15.0,17.5,9.0,40,35.0,47.5,60.0,-0.5,0.68725,0,0,-0.68725,0,0,5270.62,0.0251621585250975,0.0,0.0,1.0,0.0
mn8370qr,j6o1gu35,b86ad8e8-b0f6-4578-8e02-b4a87378a89d,2687126f-035a-4f5c-9b79-40117776a123,0,gh,11,1136.0,3800.0,,,2879.74,42.0,1106.0,0.25,3.0,0.0499999999999999,3,1,19.0,0.0,0.0,0,1,0,2,10.0,2.0,8.0,14.0,12.51,-27.49,27.49,17.5,15.0,17.5,9.0,40,35.0,47.5,60.0,-0.5,0.68725,0,0,-0.68725,0,0,4559.74,0.0251621585250975,0.0,0.0,1.0,0.0
mn8370qr,z9n52ebr,b86ad8e8-b0f6-4578-8e02-b4a87378a89d,e2aa12cd-48ec-4b85-a4ed-c4fc7b454ddf,0,gh,11,5326.0,2600.0,,,4649.01,10.0,5216.0,0.75,7.0,-0.05,2,0,18.0,0.0,1.0,1,1,0,2,1.0,5.0,-4.0,14.0,12.51,-27.49,27.49,17.5,15.0,17.5,9.0,40,35.0,47.5,60.0,-0.5,0.68725,0,0,-0.68725,0,0,5049.01,0.0251621585250975,1.0,0.0,0.0,0.0
mn8370qr,lh92b709,b86ad8e8-b0f6-4578-8e02-b4a87378a89d,408a9933-2d73-49af-a89e-1257e848a4cf,0,gh,11,5744.0,3800.0,,,4472.0,14.0,5574.0,0.9166666666666666,5.0,-0.4166666666666666,4,0,19.0,1.0,1.0,1,1,0,2,1.0,1.0,0.0,14.0,12.51,-27.49,27.49,17.5,15.0,17.5,9.0,40,35.0,47.5,60.0,-0.5,0.68725,0,0,-0.68725,0,0,5032.0,0.0251621585250975,0.0,1.0,0.0,0.0
mn8370qr,729v3r7i,b86ad8e8-b0f6-4578-8e02-b4a87378a89d,85c25fb0-b87a-41cb-a477-b786b6785b79,0,gh,11,5824.0,2600.0,,,4473.63,7.0,5714.0,0.9166666666666666,9.0,-0.0166666666666666,1,0,20.0,1.0,1.0,0,1,0,2,0.0,6.0,-6.0,14.0,12.51,-27.49,27.49,17.5,15.0,17.5,9.0,40,35.0,47.5,60.0,-0.5,0.68725,0,0,-0.68725,0,0,4753.63,0.0251621585250975,0.0,0.0,1.0,0.0
mn8370qr,aac2mc3k,b86ad8e8-b0f6-4578-8e02-b4a87378a89d,274b90df-f4ee-4a06-b02e-fef62796b15f,0,gh,11,5288.0,3800.0,,,4899.0,4.0,5168.0,0.8333333333333334,1.0,-0.7333333333333334,2,0,26.0,0.0,0.0,1,1,0,2,1.0,0.0,1.0,14.0,12.51,-27.49,27.49,17.5,15.0,17.5,9.0,40,35.0,47.5,60.0,-0.5,0.68725,0,0,-0.68725,0,0,5059.0,0.0251621585250975,0.0,1.0,0.0,0.0
mn8370qr,bs9r1rdm,aeea46bb-84ad-409e-b595-5f1ae9d39ed9,bb1de49e-9922-4e51-bf38-42f79bfa10dd,0,gp,11,4422.0,2600.0,,,4302.060000000001,3.0,4352.0,0.5833333333333334,7.0,0.1166666666666665,2,1,21.0,1.0,1.0,0,0,1,2,5.0,7.0,-2.0,15.0,30.116666666666667,-9.883333333333333,9.883333333333333,25.0,31.0,34.0,25.0,40,33.0,38.0,20.0,-0.2424242424242424,0.2470833333333333,0,0,-0.2470833333333333,0,0,4422.060000000001,0.0373497141600703,0.0,1.0,0.0,0.0
mn8370qr,9uh6p1vm,aeea46bb-84ad-409e-b595-5f1ae9d39ed9,3cc0e1ca-01ec-458e-a73f-5f979015e052,0,gp,11,5926.0,3800.0,,,4576.6900000000005,8.0,5796.0,0.75,6.0,-0.15,1,1,19.0,0.0,0.0,1,0,1,2,2.0,1.0,1.0,15.0,30.116666666666667,-9.883333333333333,9.883333333333333,25.0,31.0,34.0,25.0,40,33.0,38.0,20.0,-0.2424242424242424,0.2470833333333333,0,0,-0.2470833333333333,0,0,4896.6900000000005,0.0373497141600703,0.0,1.0,0.0,0.0
mn8370qr,kb2z64e8,aeea46bb-84ad-409e-b595-5f1ae9d39ed9,a415b3a2-d76d-4f31-8ddd-bdf441257d88,0,gp,11,6101.0,2600.0,,,4461.18,17.0,6021.0,0.6666666666666666,8.0,0.1333333333333334,15,1,26.0,0.0,1.0,1,0,1,2,0.0,5.0,-5.0,15.0,30.116666666666667,-9.883333333333333,9.883333333333333,25.0,31.0,34.0,25.0,40,33.0,38.0,20.0,-0.2424242424242424,0.2470833333333333,0,0,-0.2470833333333333,0,0,5141.18,0.0373497141600703,1.0,0.0,0.0,0.0
mn8370qr,ai0il249,aeea46bb-84ad-409e-b595-5f1ae9d39ed9,bd8df300-e107-4fb6-a1a9-1ee4f9ce263f,0,gp,11,5172.0,3800.0,,,4179.5,35.0,5042.0,0.75,2.0,-0.55,3,0,18.0,0.0,1.0,1,0,1,2,3.0,0.0,3.0,15.0,30.116666666666667,-9.883333333333333,9.883333333333333,25.0,31.0,34.0,25.0,40,33.0,38.0,20.0,-0.2424242424242424,0.2470833333333333,0,0,-0.2470833333333333,0,0,5579.5,0.0373497141600703,0.0,0.0,1.0,0.0
mn8370qr,pqnknbrr,aeea46bb-84ad-409e-b595-5f1ae9d39ed9,0dfc44c4-9a29-46a9-8b14-42a4bda28f5c,0,gp,11,4810.0,2600.0,,,3991.3399999999992,27.0,4710.0,0.6666666666666666,7.0,0.0333333333333333,3,0,22.0,1.0,1.0,1,0,1,2,5.0,2.0,3.0,15.0,30.116666666666667,-9.883333333333333,9.883333333333333,25.0,31.0,34.0,25.0,40,33.0,38.0,20.0,-0.2424242424242424,0.2470833333333333,0,0,-0.2470833333333333,0,0,5071.339999999999,0.0373497141600703,0.3333333333333333,0.3333333333333333,0.3333333333333333,0.0
mn8370qr,whc9aveo,aeea46bb-84ad-409e-b595-5f1ae9d39ed9,b36c610c-8e4d-4bcb-b3bf-9233bc19bd59,0,gp,11,6139.0,3800.0,,,4809.23,10.0,5989.0,0.9166666666666666,7.0,-0.2166666666666666,1,0,34.0,1.0,1.0,1,0,1,2,0.0,0.0,0.0,15.0,30.116666666666667,-9.883333333333333,9.883333333333333,25.0,31.0,34.0,25.0,40,33.0,38.0,20.0,-0.2424242424242424,0.2470833333333333,0,0,-0.2470833333333333,0,0,5209.23,0.0373497141600703,0.5,0.5,0.0,0.0
mn8370qr,e4rzuiqc,b86ad8e8-b0f6-4578-8e02-b4a87378a89d,e587d9fc-8b60-4d5e-94d5-3b29caa7cace,0,gh,12,5538.0,2600.0,0.0,0.0,5114.62,5.0,5418.0,1.0,8.0,-0.1999999999999999,1,0,27.0,1.0,1.0,1,1,0,2,1.0,9.0,-8.0,28.0,38.67857142857143,6.678571428571429,17.321428571428573,60.0,20.0,60.0,8.0,32,17.5,35.0,50.0,2.4285714285714284,0.5412946428571429,0,0,0.2087053571428572,0,0,5274.62,0.0402481027437244,0.0,0.0,1.0,0.0
mn8370qr,j6o1gu35,b86ad8e8-b0f6-4578-8e02-b4a87378a89d,2687126f-035a-4f5c-9b79-40117776a123,0,gh,12,1136.0,3800.0,2310.0,3.0,2215.74,61.0,1106.0,0.25,3.0,0.0499999999999999,3,1,19.0,0.0,0.0,0,1,0,2,22.0,3.0,19.0,28.0,38.67857142857143,6.678571428571429,17.321428571428573,60.0,20.0,60.0,8.0,32,17.5,35.0,50.0,2.4285714285714284,0.5412946428571429,0,0,0.2087053571428572,0,0,4167.74,0.0402481027437244,0.0,0.0,1.0,0.0
mn8370qr,z9n52ebr,b86ad8e8-b0f6-4578-8e02-b4a87378a89d,e2aa12cd-48ec-4b85-a4ed-c4fc7b454ddf,0,gh,12,5326.0,2600.0,10.0,5.0,4831.01,9.0,5216.0,0.75,7.0,-0.05,2,0,18.0,0.0,1.0,1,1,0,2,1.0,2.0,-1.0,28.0,38.67857142857143,6.678571428571429,17.321428571428573,60.0,20.0,60.0,8.0,32,17.5,35.0,50.0,2.4285714285714284,0.5412946428571429,0,0,0.2087053571428572,0,0,5119.01,0.0402481027437244,1.0,0.0,0.0,0.0
mn8370qr,lh92b709,b86ad8e8-b0f6-4578-8e02-b4a87378a89d,408a9933-2d73-49af-a89e-1257e848a4cf,0,gh,12,5744.0,3800.0,45.0,3.0,4965.0,10.0,5574.0,0.9166666666666666,5.0,-0.4166666666666666,4,0,19.0,1.0,1.0,1,1,0,2,3.0,8.0,-5.0,28.0,38.67857142857143,6.678571428571429,17.321428571428573,60.0,20.0,60.0,8.0,32,17.5,35.0,50.0,2.4285714285714284,0.5412946428571429,0,0,0.2087053571428572,0,0,5285.0,0.0402481027437244,0.0,1.0,0.0,0.0
mn8370qr,729v3r7i,b86ad8e8-b0f6-4578-8e02-b4a87378a89d,85c25fb0-b87a-41cb-a477-b786b6785b79,0,gh,12,5824.0,2600.0,8.0,4.0,4564.63,6.0,5714.0,0.9166666666666666,9.0,-0.0166666666666666,1,0,20.0,1.0,1.0,0,1,0,2,0.0,2.0,-2.0,28.0,38.67857142857143,6.678571428571429,17.321428571428573,60.0,20.0,60.0,8.0,32,17.5,35.0,50.0,2.4285714285714284,0.5412946428571429,0,0,0.2087053571428572,0,0,4756.63,0.0402481027437244,0.0,0.0,1.0,0.0
mn8370qr,aac2mc3k,b86ad8e8-b0f6-4578-8e02-b4a87378a89d,274b90df-f4ee-4a06-b02e-fef62796b15f,0,gh,12,5288.0,3800.0,10.0,2.0,5057.0,1.0,5168.0,0.8333333333333334,1.0,-0.7333333333333334,2,0,26.0,0.0,0.0,1,1,0,2,1.0,4.0,-3.0,28.0,38.67857142857143,6.678571428571429,17.321428571428573,60.0,20.0,60.0,8.0,32,17.5,35.0,50.0,2.4285714285714284,0.5412946428571429,0,0,0.2087053571428572,0,0,5089.0,0.0402481027437244,0.0,1.0,0.0,0.0
mn8370qr,bs9r1rdm,aeea46bb-84ad-409e-b595-5f1ae9d39ed9,bb1de49e-9922-4e51-bf38-42f79bfa10dd,0,gp,12,4422.0,2600.0,18.0,4.0,4158.870000000001,10.0,4352.0,0.5833333333333334,7.0,0.1166666666666665,2,1,21.0,1.0,1.0,0,0,1,2,8.0,0.0,8.0,10.0,21.019,-10.981,10.981,20.0,23.0,23.0,20.0,32,25.0,33.0,11.0,-0.1999999999999999,0.34315625,0,0,-0.34315625,0,0,4478.870000000001,0.0354122737655947,0.0,1.0,0.0,0.0
mn8370qr,9uh6p1vm,aeea46bb-84ad-409e-b595-5f1ae9d39ed9,3cc0e1ca-01ec-458e-a73f-5f979015e052,0,gp,12,5926.0,3800.0,19.0,3.0,4660.6900000000005,7.0,5796.0,0.75,6.0,-0.15,1,1,19.0,0.0,0.0,1,0,1,2,0.0,1.0,-1.0,10.0,21.019,-10.981,10.981,20.0,23.0,23.0,20.0,32,25.0,33.0,11.0,-0.1999999999999999,0.34315625,0,0,-0.34315625,0,0,4884.6900000000005,0.0354122737655947,0.0,1.0,0.0,0.0
mn8370qr,kb2z64e8,aeea46bb-84ad-409e-b595-5f1ae9d39ed9,a415b3a2-d76d-4f31-8ddd-bdf441257d88,0,gp,12,6101.0,2600.0,16.0,5.0,4677.740000000001,13.0,6021.0,0.6666666666666666,8.0,0.1333333333333334,15,1,26.0,0.0,1.0,1,0,1,2,1.0,5.0,-4.0,10.0,21.019,-10.981,10.981,20.0,23.0,23.0,20.0,32,25.0,33.0,11.0,-0.1999999999999999,0.34315625,0,0,-0.34315625,0,0,5093.740000000001,0.0354122737655947,1.0,0.0,0.0,0.0
mn8370qr,ai0il249,aeea46bb-84ad-409e-b595-5f1ae9d39ed9,bd8df300-e107-4fb6-a1a9-1ee4f9ce263f,0,gp,12,5172.0,3800.0,18.0,4.0,4439.5,35.0,5042.0,0.75,2.0,-0.55,3,0,18.0,0.0,1.0,1,0,1,2,1.0,0.0,1.0,10.0,21.019,-10.981,10.981,20.0,23.0,23.0,20.0,32,25.0,33.0,11.0,-0.1999999999999999,0.34315625,0,0,-0.34315625,0,0,5559.5,0.0354122737655947,0.0,0.0,1.0,0.0
mn8370qr,pqnknbrr,aeea46bb-84ad-409e-b595-5f1ae9d39ed9,0dfc44c4-9a29-46a9-8b14-42a4bda28f5c,0,gp,12,4810.0,2600.0,15.0,2.0,4273.969999999999,26.0,4710.0,0.6666666666666666,7.0,0.0333333333333333,3,0,22.0,1.0,1.0,1,0,1,2,0.0,3.0,-3.0,10.0,21.019,-10.981,10.981,20.0,23.0,23.0,20.0,32,25.0,33.0,11.0,-0.1999999999999999,0.34315625,0,0,-0.34315625,0,0,5105.969999999999,0.0354122737655947,0.3333333333333333,0.3333333333333333,0.3333333333333333,0.0
mn8370qr,whc9aveo,aeea46bb-84ad-409e-b595-5f1ae9d39ed9,b36c610c-8e4d-4bcb-b3bf-9233bc19bd59,0,gp,12,6139.0,3800.0,15.0,4.0,4909.23,10.0,5989.0,0.9166666666666666,7.0,-0.2166666666666666,1,0,34.0,1.0,1.0,1,0,1,2,0.0,1.0,-1.0,10.0,21.019,-10.981,10.981,20.0,23.0,23.0,20.0,32,25.0,33.0,11.0,-0.1999999999999999,0.34315625,0,0,-0.34315625,0,0,5229.23,0.0354122737655947,0.5,0.5,0.0,0.0
mn8370qr,e4rzuiqc,b86ad8e8-b0f6-4578-8e02-b4a87378a89d,e587d9fc-8b60-4d5e-94d5-3b29caa7cace,0,gh,13,5538.0,2600.0,,,5166.62,3.0,5418.0,1.0,8.0,-0.1999999999999999,1,0,27.0,1.0,1.0,1,1,0,2,1.0,3.0,-2.0,10.0,27.9,3.9,8.3,50.0,10.0,50.0,10.0,24,60.0,17.5,1000.0,-0.1666666666666666,0.3458333333333334,0,0,0.1624999999999999,0,0,5238.62,0.0576584676863717,0.0,0.0,1.0,0.0
mn8370qr,j6o1gu35,b86ad8e8-b0f6-4578-8e02-b4a87378a89d,2687126f-035a-4f5c-9b79-40117776a123,0,gh,13,1136.0,3800.0,,,2007.74,67.0,1106.0,0.25,3.0,0.0499999999999999,3,1,19.0,0.0,0.0,0,1,0,2,7.0,1.0,6.0,10.0,27.9,3.9,8.3,50.0,10.0,50.0,10.0,24,60.0,17.5,1000.0,-0.1666666666666666,0.3458333333333334,0,0,0.1624999999999999,0,0,3615.74,0.0576584676863717,0.0,0.0,1.0,0.0
mn8370qr,z9n52ebr,b86ad8e8-b0f6-4578-8e02-b4a87378a89d,e2aa12cd-48ec-4b85-a4ed-c4fc7b454ddf,0,gh,13,5326.0,2600.0,,,4841.01,10.0,5216.0,0.75,7.0,-0.05,2,0,18.0,0.0,1.0,1,1,0,2,1.0,1.0,0.0,10.0,27.9,3.9,8.3,50.0,10.0,50.0,10.0,24,60.0,17.5,1000.0,-0.1666666666666666,0.3458333333333334,0,0,0.1624999999999999,0,0,5081.01,0.0576584676863717,1.0,0.0,0.0,0.0
mn8370qr,lh92b709,b86ad8e8-b0f6-4578-8e02-b4a87378a89d,408a9933-2d73-49af-a89e-1257e848a4cf,0,gh,13,5744.0,3800.0,,,5101.0,8.0,5574.0,0.9166666666666666,5.0,-0.4166666666666666,4,0,19.0,1.0,1.0,1,1,0,2,1.0,4.0,-3.0,10.0,27.9,3.9,8.3,50.0,10.0,50.0,10.0,24,60.0,17.5,1000.0,-0.1666666666666666,0.3458333333333334,0,0,0.1624999999999999,0,0,5293.0,0.0576584676863717,0.0,1.0,0.0,0.0
mn8370qr,729v3r7i,b86ad8e8-b0f6-4578-8e02-b4a87378a89d,85c25fb0-b87a-41cb-a477-b786b6785b79,0,gh,13,5824.0,2600.0,,,4574.63,5.0,5714.0,0.9166666666666666,9.0,-0.0166666666666666,1,0,20.0,1.0,1.0,0,1,0,2,0.0,1.0,-1.0,10.0,27.9,3.9,8.3,50.0,10.0,50.0,10.0,24,60.0,17.5,1000.0,-0.1666666666666666,0.3458333333333334,0,0,0.1624999999999999,0,0,4694.63,0.0576584676863717,0.0,0.0,1.0,0.0
mn8370qr,aac2mc3k,b86ad8e8-b0f6-4578-8e02-b4a87378a89d,274b90df-f4ee-4a06-b02e-fef62796b15f,0,gh,13,5288.0,3800.0,,,5057.0,2.0,5168.0,0.8333333333333334,1.0,-0.7333333333333334,2,0,26.0,0.0,0.0,1,1,0,2,0.0,0.0,0.0,10.0,27.9,3.9,8.3,50.0,10.0,50.0,10.0,24,60.0,17.5,1000.0,-0.1666666666666666,0.3458333333333334,0,0,0.1624999999999999,0,0,5105.0,0.0576584676863717,0.0,1.0,0.0,0.0
mn8370qr,bs9r1rdm,aeea46bb-84ad-409e-b595-5f1ae9d39ed9,bb1de49e-9922-4e51-bf38-42f79bfa10dd,0,gp,13,4422.0,2600.0,,,4167.120000000001,11.0,4352.0,0.5833333333333334,7.0,0.1166666666666665,2,1,21.0,1.0,1.0,0,0,1,2,4.0,4.0,0.0,16.0,13.20375,-10.79625,10.79625,11.0,15.0,20.0,10.0,24,20.0,25.0,7.0,-0.4499999999999999,0.44984375,0,0,-0.44984375,0,0,4431.120000000001,0.0302397553930859,0.0,1.0,0.0,0.0
mn8370qr,9uh6p1vm,aeea46bb-84ad-409e-b595-5f1ae9d39ed9,3cc0e1ca-01ec-458e-a73f-5f979015e052,0,gp,13,5926.0,3800.0,,,4578.18,13.0,5796.0,0.75,6.0,-0.15,1,1,19.0,0.0,0.0,1,0,1,2,6.0,0.0,6.0,16.0,13.20375,-10.79625,10.79625,11.0,15.0,20.0,10.0,24,20.0,25.0,7.0,-0.4499999999999999,0.44984375,0,0,-0.44984375,0,0,4890.18,0.0302397553930859,0.0,1.0,0.0,0.0
mn8370qr,kb2z64e8,aeea46bb-84ad-409e-b595-5f1ae9d39ed9,a415b3a2-d76d-4f31-8ddd-bdf441257d88,0,gp,13,6101.0,2600.0,,,4765.870000000001,4.0,6021.0,0.6666666666666666,8.0,0.1333333333333334,15,1,26.0,0.0,1.0,1,0,1,2,0.0,7.0,-7.0,16.0,13.20375,-10.79625,10.79625,11.0,15.0,20.0,10.0,24,20.0,25.0,7.0,-0.4499999999999999,0.44984375,0,0,-0.44984375,0,0,4861.870000000001,0.0302397553930859,1.0,0.0,0.0,0.0
mn8370qr,ai0il249,aeea46bb-84ad-409e-b595-5f1ae9d39ed9,bd8df300-e107-4fb6-a1a9-1ee4f9ce263f,0,gp,13,5172.0,3800.0,,,4397.13,40.0,5042.0,0.75,2.0,-0.55,3,0,18.0,0.0,1.0,1,0,1,2,6.0,3.0,3.0,16.0,13.20375,-10.79625,10.79625,11.0,15.0,20.0,10.0,24,20.0,25.0,7.0,-0.4499999999999999,0.44984375,0,0,-0.44984375,0,0,5357.13,0.0302397553930859,0.0,0.0,1.0,0.0
mn8370qr,pqnknbrr,aeea46bb-84ad-409e-b595-5f1ae9d39ed9,0dfc44c4-9a29-46a9-8b14-42a4bda28f5c,0,gp,13,4810.0,2600.0,,,4302.469999999999,25.0,4710.0,0.6666666666666666,7.0,0.0333333333333333,3,0,22.0,1.0,1.0,1,0,1,2,0.0,2.0,-2.0,16.0,13.20375,-10.79625,10.79625,11.0,15.0,20.0,10.0,24,20.0,25.0,7.0,-0.4499999999999999,0.44984375,0,0,-0.44984375,0,0,4902.469999999999,0.0302397553930859,0.3333333333333333,0.3333333333333333,0.3333333333333333,0.0
mn8370qr,whc9aveo,aeea46bb-84ad-409e-b595-5f1ae9d39ed9,b36c610c-8e4d-4bcb-b3bf-9233bc19bd59,0,gp,13,6139.0,3800.0,,,4909.23,8.0,5989.0,0.9166666666666666,7.0,-0.2166666666666666,1,0,34.0,1.0,1.0,1,0,1,2,0.0,0.0,0.0,16.0,13.20375,-10.79625,10.79625,11.0,15.0,20.0,10.0,24,20.0,25.0,7.0,-0.4499999999999999,0.44984375,0,0,-0.44984375,0,0,5101.23,0.0302397553930859,0.5,0.5,0.0,0.0
mn8370qr,e4rzuiqc,b86ad8e8-b0f6-4578-8e02-b4a87378a89d,e587d9fc-8b60-4d5e-94d5-3b29caa7cace,0,gh,14,5538.0,2600.0,,,5417.62,0.0,5418.0,1.0,8.0,-0.1999999999999999,1,0,27.0,1.0,1.0,1,1,0,2,0.0,4.0,-4.0,24.0,93.875,77.875,81.20833333333333,1000.0,50.0,1000.0,3.0,16,50.0,60.0,20.0,19.0,5.075520833333333,1,0,4.8671875,1,1,5417.62,0.1249371177633696,0.0,0.0,1.0,0.0
mn8370qr,j6o1gu35,b86ad8e8-b0f6-4578-8e02-b4a87378a89d,2687126f-035a-4f5c-9b79-40117776a123,0,gh,14,1136.0,3800.0,,,407.7399999999998,81.0,1106.0,0.25,3.0,0.0499999999999999,3,1,19.0,0.0,0.0,0,1,0,2,19.0,5.0,14.0,24.0,93.875,77.875,81.20833333333333,1000.0,50.0,1000.0,3.0,16,50.0,60.0,20.0,19.0,5.075520833333333,1,0,4.8671875,1,1,1703.7399999999998,0.1249371177633696,0.0,0.0,1.0,0.0
mn8370qr,z9n52ebr,b86ad8e8-b0f6-4578-8e02-b4a87378a89d,e2aa12cd-48ec-4b85-a4ed-c4fc7b454ddf,0,gh,14,5326.0,2600.0,,,5183.01,7.0,5216.0,0.75,7.0,-0.05,2,0,18.0,0.0,1.0,1,1,0,2,1.0,3.0,-2.0,24.0,93.875,77.875,81.20833333333333,1000.0,50.0,1000.0,3.0,16,50.0,60.0,20.0,19.0,5.075520833333333,1,0,4.8671875,1,1,5295.01,0.1249371177633696,1.0,0.0,0.0,0.0
mn8370qr,lh92b709,b86ad8e8-b0f6-4578-8e02-b4a87378a89d,408a9933-2d73-49af-a89e-1257e848a4cf,0,gh,14,5744.0,3800.0,,,5651.0,0.0,5574.0,0.9166666666666666,5.0,-0.4166666666666666,4,0,19.0,1.0,1.0,1,1,0,2,3.0,9.0,-6.0,24.0,93.875,77.875,81.20833333333333,1000.0,50.0,1000.0,3.0,16,50.0,60.0,20.0,19.0,5.075520833333333,1,0,4.8671875,1,1,5651.0,0.1249371177633696,0.0,1.0,0.0,0.0
mn8370qr,729v3r7i,b86ad8e8-b0f6-4578-8e02-b4a87378a89d,85c25fb0-b87a-41cb-a477-b786b6785b79,0,gh,14,5824.0,2600.0,,,5681.63,4.0,5714.0,0.9166666666666666,9.0,-0.0166666666666666,1,0,20.0,1.0,1.0,0,1,0,2,0.0,2.0,-2.0,24.0,93.875,77.875,81.20833333333333,1000.0,50.0,1000.0,3.0,16,50.0,60.0,20.0,19.0,5.075520833333333,1,0,4.8671875,1,1,5745.63,0.1249371177633696,0.0,0.0,1.0,0.0
mn8370qr,aac2mc3k,b86ad8e8-b0f6-4578-8e02-b4a87378a89d,274b90df-f4ee-4a06-b02e-fef62796b15f,0,gh,14,5288.0,3800.0,,,5167.0,1.0,5168.0,0.8333333333333334,1.0,-0.7333333333333334,2,0,26.0,0.0,0.0,1,1,0,2,1.0,1.0,0.0,24.0,93.875,77.875,81.20833333333333,1000.0,50.0,1000.0,3.0,16,50.0,60.0,20.0,19.0,5.075520833333333,1,0,4.8671875,1,1,5183.0,0.1249371177633696,0.0,1.0,0.0,0.0
mn8370qr,bs9r1rdm,aeea46bb-84ad-409e-b595-5f1ae9d39ed9,bb1de49e-9922-4e51-bf38-42f79bfa10dd,0,gp,14,4422.0,2600.0,,,4310.850000000001,6.0,4352.0,0.5833333333333334,7.0,0.1166666666666665,2,1,21.0,1.0,1.0,0,0,1,2,0.0,7.0,-7.0,10.0,8.08,-7.92,7.92,7.0,10.07,10.07,7.0,16,11.0,20.0,8.0,-0.3636363636363636,0.495,0,0,-0.495,0,0,4406.850000000001,0.0334573963695475,0.0,1.0,0.0,0.0
mn8370qr,9uh6p1vm,aeea46bb-84ad-409e-b595-5f1ae9d39ed9,3cc0e1ca-01ec-458e-a73f-5f979015e052,0,gp,14,5926.0,3800.0,,,4655.9800000000005,16.0,5796.0,0.75,6.0,-0.15,1,1,19.0,0.0,0.0,1,0,1,2,3.0,0.0,3.0,10.0,8.08,-7.92,7.92,7.0,10.07,10.07,7.0,16,11.0,20.0,8.0,-0.3636363636363636,0.495,0,0,-0.495,0,0,4911.9800000000005,0.0334573963695475,0.0,1.0,0.0,0.0
mn8370qr,kb2z64e8,aeea46bb-84ad-409e-b595-5f1ae9d39ed9,a415b3a2-d76d-4f31-8ddd-bdf441257d88,0,gp,14,6101.0,2600.0,,,4812.870000000001,2.0,6021.0,0.6666666666666666,8.0,0.1333333333333334,15,1,26.0,0.0,1.0,1,0,1,2,0.0,2.0,-2.0,10.0,8.08,-7.92,7.92,7.0,10.07,10.07,7.0,16,11.0,20.0,8.0,-0.3636363636363636,0.495,0,0,-0.495,0,0,4844.870000000001,0.0334573963695475,1.0,0.0,0.0,0.0
mn8370qr,ai0il249,aeea46bb-84ad-409e-b595-5f1ae9d39ed9,bd8df300-e107-4fb6-a1a9-1ee4f9ce263f,0,gp,14,5172.0,3800.0,,,4662.53,46.0,5042.0,0.75,2.0,-0.55,3,0,18.0,0.0,1.0,1,0,1,2,7.0,0.0,7.0,10.0,8.08,-7.92,7.92,7.0,10.07,10.07,7.0,16,11.0,20.0,8.0,-0.3636363636363636,0.495,0,0,-0.495,0,0,5398.53,0.0334573963695475,0.0,0.0,1.0,0.0
mn8370qr,pqnknbrr,aeea46bb-84ad-409e-b595-5f1ae9d39ed9,0dfc44c4-9a29-46a9-8b14-42a4bda28f5c,0,gp,14,4810.0,2600.0,,,4512.539999999999,20.0,4710.0,0.6666666666666666,7.0,0.0333333333333333,3,0,22.0,1.0,1.0,1,0,1,2,0.0,1.0,-1.0,10.0,8.08,-7.92,7.92,7.0,10.07,10.07,7.0,16,11.0,20.0,8.0,-0.3636363636363636,0.495,0,0,-0.495,0,0,4832.539999999999,0.0334573963695475,0.3333333333333333,0.3333333333333333,0.3333333333333333,0.0
mn8370qr,whc9aveo,aeea46bb-84ad-409e-b595-5f1ae9d39ed9,b36c610c-8e4d-4bcb-b3bf-9233bc19bd59,0,gp,14,6139.0,3800.0,,,4973.23,10.0,5989.0,0.9166666666666666,7.0,-0.2166666666666666,1,0,34.0,1.0,1.0,1,0,1,2,0.0,0.0,0.0,10.0,8.08,-7.92,7.92,7.0,10.07,10.07,7.0,16,11.0,20.0,8.0,-0.3636363636363636,0.495,0,0,-0.495,0,0,5133.23,0.0334573963695475,0.5,0.5,0.0,0.0
mn8370qr,e4rzuiqc,b86ad8e8-b0f6-4578-8e02-b4a87378a89d,e587d9fc-8b60-4d5e-94d5-3b29caa7cace,0,gh,15,5538.0,2600.0,,,5417.62,0.0,5418.0,1.0,8.0,-0.1999999999999999,1,0,27.0,1.0,1.0,1,1,0,2,0.0,0.0,0.0,3.0,20.666666666666668,12.666666666666666,12.666666666666666,20.0,27.0,27.0,15.0,8,1000.0,50.0,,-0.98,1.5833333333333333,0,0,1.5833333333333337,0,0,5417.62,0.1344430877290911,0.0,0.0,1.0,0.0
mn8370qr,j6o1gu35,b86ad8e8-b0f6-4578-8e02-b4a87378a89d,2687126f-035a-4f5c-9b79-40117776a123,0,gh,15,1136.0,3800.0,,,793.7399999999998,78.0,1106.0,0.25,3.0,0.0499999999999999,3,1,19.0,0.0,0.0,0,1,0,2,0.0,3.0,-3.0,3.0,20.666666666666668,12.666666666666666,12.666666666666666,20.0,27.0,27.0,15.0,8,1000.0,50.0,,-0.98,1.5833333333333333,0,0,1.5833333333333337,0,0,1417.7399999999998,0.1344430877290911,0.0,0.0,1.0,0.0
mn8370qr,z9n52ebr,b86ad8e8-b0f6-4578-8e02-b4a87378a89d,e2aa12cd-48ec-4b85-a4ed-c4fc7b454ddf,0,gh,15,5326.0,2600.0,,,5164.01,13.0,5216.0,0.75,7.0,-0.05,2,0,18.0,0.0,1.0,1,1,0,2,2.0,0.0,2.0,3.0,20.666666666666668,12.666666666666666,12.666666666666666,20.0,27.0,27.0,15.0,8,1000.0,50.0,,-0.98,1.5833333333333333,0,0,1.5833333333333337,0,0,5268.01,0.1344430877290911,1.0,0.0,0.0,0.0
mn8370qr,lh92b709,b86ad8e8-b0f6-4578-8e02-b4a87378a89d,408a9933-2d73-49af-a89e-1257e848a4cf,0,gh,15,5744.0,3800.0,,,5651.0,0.0,5574.0,0.9166666666666666,5.0,-0.4166666666666666,4,0,19.0,1.0,1.0,1,1,0,2,0.0,0.0,0.0,3.0,20.666666666666668,12.666666666666666,12.666666666666666,20.0,27.0,27.0,15.0,8,1000.0,50.0,,-0.98,1.5833333333333333,0,0,1.5833333333333337,0,0,5651.0,0.1344430877290911,0.0,1.0,0.0,0.0
mn8370qr,729v3r7i,b86ad8e8-b0f6-4578-8e02-b4a87378a89d,85c25fb0-b87a-41cb-a477-b786b6785b79,0,gh,15,5824.0,2600.0,,,5697.63,4.0,5714.0,0.9166666666666666,9.0,-0.0166666666666666,1,0,20.0,1.0,1.0,0,1,0,2,0.0,0.0,0.0,3.0,20.666666666666668,12.666666666666666,12.666666666666666,20.0,27.0,27.0,15.0,8,1000.0,50.0,,-0.98,1.5833333333333333,0,0,1.5833333333333337,0,0,5729.63,0.1344430877290911,0.0,0.0,1.0,0.0
mn8370qr,aac2mc3k,b86ad8e8-b0f6-4578-8e02-b4a87378a89d,274b90df-f4ee-4a06-b02e-fef62796b15f,0,gh,15,5288.0,3800.0,,,5156.0,3.0,5168.0,0.8333333333333334,1.0,-0.7333333333333334,2,0,26.0,0.0,0.0,1,1,0,2,1.0,0.0,1.0,3.0,20.666666666666668,12.666666666666666,12.666666666666666,20.0,27.0,27.0,15.0,8,1000.0,50.0,,-0.98,1.5833333333333333,0,0,1.5833333333333337,0,0,5180.0,0.1344430877290911,0.0,1.0,0.0,0.0
mn8370qr,bs9r1rdm,aeea46bb-84ad-409e-b595-5f1ae9d39ed9,bb1de49e-9922-4e51-bf38-42f79bfa10dd,0,gp,15,4422.0,2600.0,,,4312.100000000001,10.0,4352.0,0.5833333333333334,7.0,0.1166666666666665,2,1,21.0,1.0,1.0,0,0,1,2,3.0,0.0,3.0,4.0,7.4375,-0.5625,0.5625,8.0,7.0,8.0,7.0,8,7.0,11.0,,0.1428571428571428,0.0703125,0,0,-0.0703125,0,0,4392.100000000001,0.0277630436769005,0.0,1.0,0.0,0.0
mn8370qr,9uh6p1vm,aeea46bb-84ad-409e-b595-5f1ae9d39ed9,3cc0e1ca-01ec-458e-a73f-5f979015e052,0,gp,15,5926.0,3800.0,,,4719.9800000000005,16.0,5796.0,0.75,6.0,-0.15,1,1,19.0,0.0,0.0,1,0,1,2,0.0,0.0,0.0,4.0,7.4375,-0.5625,0.5625,8.0,7.0,8.0,7.0,8,7.0,11.0,,0.1428571428571428,0.0703125,0,0,-0.0703125,0,0,4847.9800000000005,0.0277630436769005,0.0,1.0,0.0,0.0
mn8370qr,kb2z64e8,aeea46bb-84ad-409e-b595-5f1ae9d39ed9,a415b3a2-d76d-4f31-8ddd-bdf441257d88,0,gp,15,6101.0,2600.0,,,4827.870000000001,0.0,6021.0,0.6666666666666666,8.0,0.1333333333333334,15,1,26.0,0.0,1.0,1,0,1,2,0.0,1.0,-1.0,4.0,7.4375,-0.5625,0.5625,8.0,7.0,8.0,7.0,8,7.0,11.0,,0.1428571428571428,0.0703125,0,0,-0.0703125,0,0,4827.870000000001,0.0277630436769005,1.0,0.0,0.0,0.0
mn8370qr,ai0il249,aeea46bb-84ad-409e-b595-5f1ae9d39ed9,bd8df300-e107-4fb6-a1a9-1ee4f9ce263f,0,gp,15,5172.0,3800.0,,,4861.78,45.0,5042.0,0.75,2.0,-0.55,3,0,18.0,0.0,1.0,1,0,1,2,0.0,2.0,-2.0,4.0,7.4375,-0.5625,0.5625,8.0,7.0,8.0,7.0,8,7.0,11.0,,0.1428571428571428,0.0703125,0,0,-0.0703125,0,0,5221.78,0.0277630436769005,0.0,0.0,1.0,0.0
mn8370qr,pqnknbrr,aeea46bb-84ad-409e-b595-5f1ae9d39ed9,0dfc44c4-9a29-46a9-8b14-42a4bda28f5c,0,gp,15,4810.0,2600.0,,,4585.539999999999,31.0,4710.0,0.6666666666666666,7.0,0.0333333333333333,3,0,22.0,1.0,1.0,1,0,1,2,1.0,0.0,1.0,4.0,7.4375,-0.5625,0.5625,8.0,7.0,8.0,7.0,8,7.0,11.0,,0.1428571428571428,0.0703125,0,0,-0.0703125,0,0,4833.539999999999,0.0277630436769005,0.3333333333333333,0.3333333333333333,0.3333333333333333,0.0
mn8370qr,whc9aveo,aeea46bb-84ad-409e-b595-5f1ae9d39ed9,b36c610c-8e4d-4bcb-b3bf-9233bc19bd59,0,gp,15,6139.0,3800.0,,,5020.73,5.0,5989.0,0.9166666666666666,7.0,-0.2166666666666666,1,0,34.0,1.0,1.0,1,0,1,2,0.0,1.0,-1.0,4.0,7.4375,-0.5625,0.5625,8.0,7.0,8.0,7.0,8,7.0,11.0,,0.1428571428571428,0.0703125,0,0,-0.0703125,0,0,5060.73,0.0277630436769005,0.5,0.5,0.0,0.0
qxgij9sh,g9jo03o9,c790e030-d023-437b-b3f5-54393dc4bea4,30fc2b4e-6bfb-433a-804d-56f7e84d7ba3,1,ghp,1,5611.0,2600.0,,,2600.0,20.0,5521.0,0.4166666666666667,1.0,-0.3166666666666666,1,1,20.0,0.0,0.0,0,1,1,1,0.0,0.0,0.0,9.0,173.33333333333334,53.333333333333336,53.333333333333336,160.0,180.0,185.0,160.0,120,,,159.23,,0.4444444444444445,0,0,0.4444444444444445,0,0,5000.0,0.0363164721141374,0.0,0.0,0.0,1.0
qxgij9sh,h0ebvwds,c790e030-d023-437b-b3f5-54393dc4bea4,7282a71b-4af9-4161-9243-59a7200491a8,1,ghp,1,5268.0,3800.0,,,3980.0,9.0,5128.0,0.8333333333333334,7.0,-0.1333333333333334,1,0,33.0,0.0,1.0,1,1,1,1,0.0,1.0,-1.0,9.0,173.33333333333334,53.333333333333336,53.333333333333336,160.0,180.0,185.0,160.0,120,,,159.23,,0.4444444444444445,0,0,0.4444444444444445,0,0,5060.0,0.0363164721141374,0.0,0.5,0.5,0.0
qxgij9sh,u2aoz11d,c790e030-d023-437b-b3f5-54393dc4bea4,9d5dfc26-db4a-4f04-a070-57ca9e03a8a8,1,ghp,1,4992.0,2600.0,,,2240.0,24.0,4892.0,0.8333333333333334,7.0,-0.1333333333333334,2,0,19.0,1.0,1.0,0,1,1,1,2.0,0.0,2.0,9.0,173.33333333333334,53.333333333333336,53.333333333333336,160.0,180.0,185.0,160.0,120,,,159.23,,0.4444444444444445,0,0,0.4444444444444445,0,0,5120.0,0.0363164721141374,1.0,0.0,0.0,0.0
qxgij9sh,90ay03zv,c790e030-d023-437b-b3f5-54393dc4bea4,f9508a9f-40fc-4e43-82d6-2a10682c80ee,1,ghp,1,4543.0,3800.0,,,4160.0,8.0,4453.0,0.75,6.0,-0.15,1,0,22.0,1.0,1.0,1,1,1,1,0.0,2.0,-2.0,9.0,173.33333333333334,53.333333333333336,53.333333333333336,160.0,180.0,185.0,160.0,120,,,159.23,,0.4444444444444445,0,0,0.4444444444444445,0,0,5120.0,0.0363164721141374,0.0,1.0,0.0,0.0
qxgij9sh,ukmvlwcs,c790e030-d023-437b-b3f5-54393dc4bea4,fc375a6c-df52-4846-b92d-128b8b2369fb,1,ghp,1,5655.0,2600.0,,,3620.0,19.0,5515.0,1.0,9.0,-0.0999999999999999,3,0,21.0,1.0,1.0,1,1,1,1,0.0,6.0,-6.0,9.0,173.33333333333334,53.333333333333336,53.333333333333336,160.0,180.0,185.0,160.0,120,,,159.23,,0.4444444444444445,0,0,0.4444444444444445,0,0,5900.0,0.0363164721141374,0.0,0.0,1.0,0.0
qxgij9sh,ehyb34jx,c790e030-d023-437b-b3f5-54393dc4bea4,29263d52-43a8-41f9-8fac-174bd27a3cac,1,ghp,1,4044.0,3800.0,,,2600.0,17.0,3934.0,0.9166666666666666,6.0,-0.3166666666666666,4,0,20.0,0.0,1.0,0,1,1,1,7.0,0.0,7.0,9.0,173.33333333333334,53.333333333333336,53.333333333333336,160.0,180.0,185.0,160.0,120,,,159.23,,0.4444444444444445,0,0,0.4444444444444445,0,0,4640.0,0.0363164721141374,1.0,0.0,0.0,0.0
qxgij9sh,6xvvhy1g,1929c09c-602b-4617-8659-48b1a29c8097,805afd8a-f298-447c-b524-fcfacc9b528f,0,ng,1,4941.0,2600.0,,,2720.0,21.0,4691.0,0.75,1.0,-0.65,2,0,22.0,0.0,1.0,1,0,0,1,0.0,1.0,-1.0,10.0,119.775,-0.225,4.775,126.0,120.0,130.0,95.0,120,,,129.82,,0.0397916666666666,0,0,-0.0018749999999999,0,0,5240.0,0.0104736328125,0.0,0.0,1.0,0.0
qxgij9sh,o6ptk42l,1929c09c-602b-4617-8659-48b1a29c8097,fc1e2a3f-5601-4c5f-9adf-19d17e6e5667,0,ng,1,5638.0,3800.0,,,3814.0,12.0,5398.0,0.8333333333333334,4.0,-0.4333333333333333,1,1,20.0,0.0,1.0,1,0,0,1,2.0,2.0,0.0,10.0,119.775,-0.225,4.775,126.0,120.0,130.0,95.0,120,,,129.82,,0.0397916666666666,0,0,-0.0018749999999999,0,0,5254.0,0.0104736328125,0.0,0.0,1.0,0.0
qxgij9sh,vitm387c,1929c09c-602b-4617-8659-48b1a29c8097,79bc089c-0e42-4ffb-a089-d39727a7ad5e,0,ng,1,4427.0,2600.0,,,2966.5,17.0,4227.0,0.5,1.0,-0.4,3,0,22.0,0.0,0.0,1,0,0,1,0.0,3.0,-3.0,10.0,119.775,-0.225,4.775,126.0,120.0,130.0,95.0,120,,,129.82,,0.0397916666666666,0,0,-0.0018749999999999,0,0,5006.5,0.0104736328125,1.0,0.0,0.0,0.0
qxgij9sh,nngm5qgp,1929c09c-602b-4617-8659-48b1a29c8097,cd733786-3f26-45f5-9434-5391feb2db91,0,ng,1,521.0,3800.0,,,3583.0,12.0,261.0,1.0,5.0,-0.5,5,0,22.0,0.0,1.0,1,0,0,1,2.0,0.0,2.0,10.0,119.775,-0.225,4.775,126.0,120.0,130.0,95.0,120,,,129.82,,0.0397916666666666,0,0,-0.0018749999999999,0,0,5023.0,0.0104736328125,0.0,1.0,0.0,0.0
qxgij9sh,9x5fpgk2,1929c09c-602b-4617-8659-48b1a29c8097,e3a0615f-a8a1-4546-bc68-9c947e9bf488,0,ng,1,6999.0,2600.0,,,2557.25,21.0,6849.0,0.75,10.0,0.25,4,1,21.0,0.0,1.0,1,0,0,1,4.0,4.0,0.0,10.0,119.775,-0.225,4.775,126.0,120.0,130.0,95.0,120,,,129.82,,0.0397916666666666,0,0,-0.0018749999999999,0,0,5077.25,0.0104736328125,0.0,0.0,1.0,0.0
qxgij9sh,7d70uqk8,1929c09c-602b-4617-8659-48b1a29c8097,eae02f14-4e82-48f4-9971-bdb53d8c832b,0,ng,1,9064.0,3800.0,,,3559.25,13.0,8854.0,0.5833333333333334,6.0,0.0166666666666666,2,0,20.0,1.0,1.0,0,0,0,1,2.0,0.0,2.0,10.0,119.775,-0.225,4.775,126.0,120.0,130.0,95.0,120,,,129.82,,0.0397916666666666,0,0,-0.0018749999999999,0,0,5119.25,0.0104736328125,0.0,0.0,1.0,0.0
qxgij9sh,dadcupjc,562efb1b-a346-43e9-8059-5c07029ce57e,bc406764-852c-4301-aac5-ffda79e1d352,1,ghp,1,5593.0,2600.0,,,2609.0,19.0,5453.0,0.6666666666666666,3.0,-0.3666666666666666,1,1,18.0,0.0,0.0,1,1,1,1,1.0,2.0,-1.0,8.0,9.5,-110.5,110.5,7.0,10.0,12.0,6.0,120,,,61.0,,0.9208333333333332,0,0,-0.9208333333333332,0,0,4889.0,0.0156,0.0,0.0,1.0,0.0
qxgij9sh,stzawa55,562efb1b-a346-43e9-8059-5c07029ce57e,90a3d963-fbea-46b9-8de6-7bf9d6b601c5,1,ghp,1,6667.0,3800.0,,,3777.0,12.0,6477.0,0.75,4.0,-0.35,3,0,24.0,0.0,0.0,1,1,1,1,2.0,0.0,2.0,8.0,9.5,-110.5,110.5,7.0,10.0,12.0,6.0,120,,,61.0,,0.9208333333333332,0,0,-0.9208333333333332,0,0,5217.0,0.0156,0.0,0.0,1.0,0.0
qxgij9sh,ja9vp1ab,562efb1b-a346-43e9-8059-5c07029ce57e,0eef23b9-e989-4879-a424-0549e92340f7,1,ghp,1,7291.0,2600.0,,,2626.0,18.0,7091.0,0.8333333333333334,5.0,-0.3333333333333333,3,0,22.0,1.0,0.0,1,1,1,1,1.0,3.0,-2.0,8.0,9.5,-110.5,110.5,7.0,10.0,12.0,6.0,120,,,61.0,,0.9208333333333332,0,0,-0.9208333333333332,0,0,4786.0,0.0156,0.0,0.0,1.0,0.0
qxgij9sh,tzbpp88u,562efb1b-a346-43e9-8059-5c07029ce57e,51571e52-e5e1-4e31-b9d8-616043a0be9a,1,ghp,1,5765.0,3800.0,,,3802.0,10.0,5545.0,0.8333333333333334,5.0,-0.3333333333333333,3,0,23.0,0.0,0.0,1,1,1,1,2.0,2.0,0.0,8.0,9.5,-110.5,110.5,7.0,10.0,12.0,6.0,120,,,61.0,,0.9208333333333332,0,0,-0.9208333333333332,0,0,5002.0,0.0156,0.3333333333333333,0.3333333333333333,0.3333333333333333,0.0
qxgij9sh,gr27p5tr,562efb1b-a346-43e9-8059-5c07029ce57e,6c1cc253-2d3c-4c02-96fe-14e14b6bdce5,1,ghp,1,5642.0,2600.0,,,2586.0,21.0,5532.0,0.5833333333333334,7.0,0.1166666666666665,3,0,19.0,1.0,1.0,1,1,1,1,2.0,1.0,1.0,8.0,9.5,-110.5,110.5,7.0,10.0,12.0,6.0,120,,,61.0,,0.9208333333333332,0,0,-0.9208333333333332,0,0,5106.0,0.0156,1.0,0.0,0.0,0.0
qxgij9sh,e60078af,562efb1b-a346-43e9-8059-5c07029ce57e,da37c669-bb41-4646-a780-46fa1fade433,1,ghp,1,4972.0,3800.0,,,3800.0,10.0,4782.0,0.75,6.0,-0.15,10,0,21.0,0.0,0.0,1,1,1,1,0.0,0.0,0.0,8.0,9.5,-110.5,110.5,7.0,10.0,12.0,6.0,120,,,61.0,,0.9208333333333332,0,0,-0.9208333333333332,0,0,5000.0,0.0156,1.0,0.0,0.0,0.0
qxgij9sh,g9jo03o9,c790e030-d023-437b-b3f5-54393dc4bea4,30fc2b4e-6bfb-433a-804d-56f7e84d7ba3,1,ghp,2,5611.0,2600.0,,,2760.0,20.0,5521.0,0.4166666666666667,1.0,-0.3166666666666666,1,1,20.0,0.0,0.0,0,1,1,1,0.0,0.0,0.0,13.0,162.36846153846153,50.36846153846154,50.36846153846154,159.23,164.54,167.9,155.63,112,160.0,,120.0,-0.0048125000000001,0.4497184065934066,0,0,0.4497184065934065,0,0,5000.0,0.0620131394226551,0.0,0.0,0.0,1.0
qxgij9sh,h0ebvwds,c790e030-d023-437b-b3f5-54393dc4bea4,7282a71b-4af9-4161-9243-59a7200491a8,1,ghp,2,5268.0,3800.0,,,4207.63,8.0,5128.0,0.8333333333333334,7.0,-0.1333333333333334,1,0,33.0,0.0,1.0,1,1,1,1,0.0,1.0,-1.0,13.0,162.36846153846153,50.36846153846154,50.36846153846154,159.23,164.54,167.9,155.63,112,160.0,,120.0,-0.0048125000000001,0.4497184065934066,0,0,0.4497184065934065,0,0,5103.63,0.0620131394226551,0.0,0.5,0.5,0.0
qxgij9sh,u2aoz11d,c790e030-d023-437b-b3f5-54393dc4bea4,9d5dfc26-db4a-4f04-a070-57ca9e03a8a8,1,ghp,2,4992.0,2600.0,,,2094.88,24.0,4892.0,0.8333333333333334,7.0,-0.1333333333333334,2,0,19.0,1.0,1.0,0,1,1,1,3.0,1.0,2.0,13.0,162.36846153846153,50.36846153846154,50.36846153846154,159.23,164.54,167.9,155.63,112,160.0,,120.0,-0.0048125000000001,0.4497184065934066,0,0,0.4497184065934065,0,0,4782.88,0.0620131394226551,1.0,0.0,0.0,0.0
qxgij9sh,90ay03zv,c790e030-d023-437b-b3f5-54393dc4bea4,f9508a9f-40fc-4e43-82d6-2a10682c80ee,1,ghp,2,4543.0,3800.0,,,4065.02,9.0,4453.0,0.75,6.0,-0.15,1,0,22.0,1.0,1.0,1,1,1,1,1.0,0.0,1.0,13.0,162.36846153846153,50.36846153846154,50.36846153846154,159.23,164.54,167.9,155.63,112,160.0,,120.0,-0.0048125000000001,0.4497184065934066,0,0,0.4497184065934065,0,0,5073.02,0.0620131394226551,0.0,1.0,0.0,0.0
qxgij9sh,ukmvlwcs,c790e030-d023-437b-b3f5-54393dc4bea4,fc375a6c-df52-4846-b92d-128b8b2369fb,1,ghp,2,5655.0,2600.0,,,5571.53,6.0,5515.0,1.0,9.0,-0.0999999999999999,3,0,21.0,1.0,1.0,1,1,1,1,0.0,11.0,-11.0,13.0,162.36846153846153,50.36846153846154,50.36846153846154,159.23,164.54,167.9,155.63,112,160.0,,120.0,-0.0048125000000001,0.4497184065934066,0,0,0.4497184065934065,0,0,6243.53,0.0620131394226551,0.0,0.0,1.0,0.0
qxgij9sh,ehyb34jx,c790e030-d023-437b-b3f5-54393dc4bea4,29263d52-43a8-41f9-8fac-174bd27a3cac,1,ghp,2,4044.0,3800.0,,,1276.9399999999996,26.0,3934.0,0.9166666666666666,6.0,-0.3166666666666666,4,0,20.0,0.0,1.0,0,1,1,1,9.0,0.0,9.0,13.0,162.36846153846153,50.36846153846154,50.36846153846154,159.23,164.54,167.9,155.63,112,160.0,,120.0,-0.0048125000000001,0.4497184065934066,0,0,0.4497184065934065,0,0,4188.94,0.0620131394226551,1.0,0.0,0.0,0.0
qxgij9sh,6xvvhy1g,1929c09c-602b-4617-8659-48b1a29c8097,805afd8a-f298-447c-b524-fcfacc9b528f,0,ng,2,4941.0,2600.0,,,292.55999999999995,39.0,4691.0,0.75,1.0,-0.65,2,0,22.0,0.0,1.0,1,0,0,1,20.0,0.0,20.0,38.0,129.76052631578946,17.760526315789477,17.760526315789477,129.82,129.0,130.0,129.0,112,126.0,,129.9,0.0303174603174603,0.1585761278195489,0,0,0.1585761278195487,0,0,4660.5599999999995,0.0361583461670088,0.0,0.0,1.0,0.0
qxgij9sh,o6ptk42l,1929c09c-602b-4617-8659-48b1a29c8097,fc1e2a3f-5601-4c5f-9adf-19d17e6e5667,0,ng,2,5638.0,3800.0,,,4428.56,7.0,5398.0,0.8333333333333334,4.0,-0.4333333333333333,1,1,20.0,0.0,1.0,1,0,0,1,0.0,4.0,-4.0,38.0,129.76052631578946,17.760526315789477,17.760526315789477,129.82,129.0,130.0,129.0,112,126.0,,129.9,0.0303174603174603,0.1585761278195489,0,0,0.1585761278195487,0,0,5212.56,0.0361583461670088,0.0,0.0,1.0,0.0
qxgij9sh,vitm387c,1929c09c-602b-4617-8659-48b1a29c8097,79bc089c-0e42-4ffb-a089-d39727a7ad5e,0,ng,2,4427.0,2600.0,,,2323.6800000000003,23.0,4227.0,0.5,1.0,-0.4,3,0,22.0,0.0,0.0,1,0,0,1,6.0,0.0,6.0,38.0,129.76052631578946,17.760526315789477,17.760526315789477,129.82,129.0,130.0,129.0,112,126.0,,129.9,0.0303174603174603,0.1585761278195489,0,0,0.1585761278195487,0,0,4899.68,0.0361583461670088,1.0,0.0,0.0,0.0
qxgij9sh,nngm5qgp,1929c09c-602b-4617-8659-48b1a29c8097,cd733786-3f26-45f5-9434-5391feb2db91,0,ng,2,521.0,3800.0,,,5106.560000000001,2.0,261.0,1.0,5.0,-0.5,5,0,22.0,0.0,1.0,1,0,0,1,0.0,11.0,-11.0,38.0,129.76052631578946,17.760526315789477,17.760526315789477,129.82,129.0,130.0,129.0,112,126.0,,129.9,0.0303174603174603,0.1585761278195489,0,0,0.1585761278195487,0,0,5330.560000000001,0.0361583461670088,0.0,1.0,0.0,0.0
qxgij9sh,9x5fpgk2,1929c09c-602b-4617-8659-48b1a29c8097,e3a0615f-a8a1-4546-bc68-9c947e9bf488,0,ng,2,6999.0,2600.0,,,3373.909999999999,21.0,6849.0,0.75,10.0,0.25,4,1,21.0,0.0,1.0,1,0,0,1,11.0,16.0,-5.0,38.0,129.76052631578946,17.760526315789477,17.760526315789477,129.82,129.0,130.0,129.0,112,126.0,,129.9,0.0303174603174603,0.1585761278195489,0,0,0.1585761278195487,0,0,5725.909999999999,0.0361583461670088,0.0,0.0,1.0,0.0
qxgij9sh,7d70uqk8,1929c09c-602b-4617-8659-48b1a29c8097,eae02f14-4e82-48f4-9971-bdb53d8c832b,0,ng,2,9064.0,3800.0,,,4442.729999999999,8.0,8854.0,0.5833333333333334,6.0,0.0166666666666666,2,0,20.0,1.0,1.0,0,0,0,1,1.0,7.0,-6.0,38.0,129.76052631578946,17.760526315789477,17.760526315789477,129.82,129.0,130.0,129.0,112,126.0,,129.9,0.0303174603174603,0.1585761278195489,0,0,0.1585761278195487,0,0,5338.729999999999,0.0361583461670088,0.0,0.0,1.0,0.0
qxgij9sh,dadcupjc,562efb1b-a346-43e9-8059-5c07029ce57e,bc406764-852c-4301-aac5-ffda79e1d352,1,ghp,2,5593.0,2600.0,,,2700.0,20.0,5453.0,0.6666666666666666,3.0,-0.3666666666666666,1,1,18.0,0.0,0.0,1,1,1,1,1.0,0.0,1.0,5.0,61.0,-51.0,51.0,61.0,55.0,75.0,50.0,112,7.0,,60.0,7.7142857142857135,0.4553571428571428,1,0,-0.4553571428571428,0,0,4940.0,0.0153994957398713,0.0,0.0,1.0,0.0
qxgij9sh,stzawa55,562efb1b-a346-43e9-8059-5c07029ce57e,90a3d963-fbea-46b9-8de6-7bf9d6b601c5,1,ghp,2,6667.0,3800.0,,,3873.0,13.0,6477.0,0.75,4.0,-0.35,3,0,24.0,0.0,0.0,1,1,1,1,0.0,0.0,0.0,5.0,61.0,-51.0,51.0,61.0,55.0,75.0,50.0,112,7.0,,60.0,7.7142857142857135,0.4553571428571428,1,0,-0.4553571428571428,0,0,5329.0,0.0153994957398713,0.0,0.0,1.0,0.0
qxgij9sh,ja9vp1ab,562efb1b-a346-43e9-8059-5c07029ce57e,0eef23b9-e989-4879-a424-0549e92340f7,1,ghp,2,7291.0,2600.0,,,2762.0,20.0,7091.0,0.8333333333333334,5.0,-0.3333333333333333,3,0,22.0,1.0,0.0,1,1,1,1,2.0,2.0,0.0,5.0,61.0,-51.0,51.0,61.0,55.0,75.0,50.0,112,7.0,,60.0,7.7142857142857135,0.4553571428571428,1,0,-0.4553571428571428,0,0,5002.0,0.0153994957398713,0.0,0.0,1.0,0.0
qxgij9sh,tzbpp88u,562efb1b-a346-43e9-8059-5c07029ce57e,51571e52-e5e1-4e31-b9d8-616043a0be9a,1,ghp,2,5765.0,3800.0,,,3812.0,12.0,5545.0,0.8333333333333334,5.0,-0.3333333333333333,3,0,23.0,0.0,0.0,1,1,1,1,2.0,1.0,1.0,5.0,61.0,-51.0,51.0,61.0,55.0,75.0,50.0,112,7.0,,60.0,7.7142857142857135,0.4553571428571428,1,0,-0.4553571428571428,0,0,5156.0,0.0153994957398713,0.3333333333333333,0.3333333333333333,0.3333333333333333,0.0
qxgij9sh,gr27p5tr,562efb1b-a346-43e9-8059-5c07029ce57e,6c1cc253-2d3c-4c02-96fe-14e14b6bdce5,1,ghp,2,5642.0,2600.0,,,2893.0,21.0,5532.0,0.5833333333333334,7.0,0.1166666666666665,3,0,19.0,1.0,1.0,1,1,1,1,0.0,2.0,-2.0,5.0,61.0,-51.0,51.0,61.0,55.0,75.0,50.0,112,7.0,,60.0,7.7142857142857135,0.4553571428571428,1,0,-0.4553571428571428,0,0,5245.0,0.0153994957398713,1.0,0.0,0.0,0.0
qxgij9sh,e60078af,562efb1b-a346-43e9-8059-5c07029ce57e,da37c669-bb41-4646-a780-46fa1fade433,1,ghp,2,4972.0,3800.0,,,3880.0,10.0,4782.0,0.75,6.0,-0.15,10,0,21.0,0.0,0.0,1,1,1,1,0.0,0.0,0.0,5.0,61.0,-51.0,51.0,61.0,55.0,75.0,50.0,112,7.0,,60.0,7.7142857142857135,0.4553571428571428,1,0,-0.4553571428571428,0,0,5000.0,0.0153994957398713,1.0,0.0,0.0,0.0
qxgij9sh,g9jo03o9,c790e030-d023-437b-b3f5-54393dc4bea4,30fc2b4e-6bfb-433a-804d-56f7e84d7ba3,1,ghp,3,5611.0,2600.0,0.0,0.0,2766.96,21.0,5521.0,0.4166666666666667,1.0,-0.3166666666666666,1,1,20.0,0.0,0.0,0,1,1,1,1.0,0.0,1.0,7.0,144.33857142857144,40.33857142857143,40.33857142857143,120.0,153.04,153.04,120.0,104,159.23,160.0,82.88,-0.2463731708848834,0.3878708791208791,0,0,0.3878708791208792,0,0,4950.96,0.0520684247725064,0.0,0.0,0.0,1.0
qxgij9sh,h0ebvwds,c790e030-d023-437b-b3f5-54393dc4bea4,7282a71b-4af9-4161-9243-59a7200491a8,1,ghp,3,5268.0,3800.0,120.0,3.0,4271.63,8.0,5128.0,0.8333333333333334,7.0,-0.1333333333333334,1,0,33.0,0.0,1.0,1,1,1,1,0.0,0.0,0.0,7.0,144.33857142857144,40.33857142857143,40.33857142857143,120.0,153.04,153.04,120.0,104,159.23,160.0,82.88,-0.2463731708848834,0.3878708791208791,0,0,0.3878708791208792,0,0,5103.63,0.0520684247725064,0.0,0.5,0.5,0.0
qxgij9sh,u2aoz11d,c790e030-d023-437b-b3f5-54393dc4bea4,9d5dfc26-db4a-4f04-a070-57ca9e03a8a8,1,ghp,3,4992.0,2600.0,0.0,0.0,2578.67,22.0,4892.0,0.8333333333333334,7.0,-0.1333333333333334,2,0,19.0,1.0,1.0,0,1,1,1,0.0,2.0,-2.0,7.0,144.33857142857144,40.33857142857143,40.33857142857143,120.0,153.04,153.04,120.0,104,159.23,160.0,82.88,-0.2463731708848834,0.3878708791208791,0,0,0.3878708791208792,0,0,4866.67,0.0520684247725064,1.0,0.0,0.0,0.0
qxgij9sh,90ay03zv,c790e030-d023-437b-b3f5-54393dc4bea4,f9508a9f-40fc-4e43-82d6-2a10682c80ee,1,ghp,3,4543.0,3800.0,0.0,0.0,3858.980000000001,11.0,4453.0,0.75,6.0,-0.15,1,0,22.0,1.0,1.0,1,1,1,1,3.0,1.0,2.0,7.0,144.33857142857144,40.33857142857143,40.33857142857143,120.0,153.04,153.04,120.0,104,159.23,160.0,82.88,-0.2463731708848834,0.3878708791208791,0,0,0.3878708791208792,0,0,5002.980000000001,0.0520684247725064,0.0,1.0,0.0,0.0
qxgij9sh,ukmvlwcs,c790e030-d023-437b-b3f5-54393dc4bea4,fc375a6c-df52-4846-b92d-128b8b2369fb,1,ghp,3,5655.0,2600.0,0.0,0.0,5892.57,1.0,5515.0,1.0,9.0,-0.0999999999999999,3,0,21.0,1.0,1.0,1,1,1,1,0.0,2.0,-2.0,7.0,144.33857142857144,40.33857142857143,40.33857142857143,120.0,153.04,153.04,120.0,104,159.23,160.0,82.88,-0.2463731708848834,0.3878708791208791,0,0,0.3878708791208792,0,0,5996.57,0.0520684247725064,0.0,0.0,1.0,0.0
qxgij9sh,ehyb34jx,c790e030-d023-437b-b3f5-54393dc4bea4,29263d52-43a8-41f9-8fac-174bd27a3cac,1,ghp,3,4044.0,3800.0,0.0,0.0,1351.1899999999996,28.0,3934.0,0.9166666666666666,6.0,-0.3166666666666666,4,0,20.0,0.0,1.0,0,1,1,1,3.0,2.0,1.0,7.0,144.33857142857144,40.33857142857143,40.33857142857143,120.0,153.04,153.04,120.0,104,159.23,160.0,82.88,-0.2463731708848834,0.3878708791208791,0,0,0.3878708791208792,0,0,4263.19,0.0520684247725064,1.0,0.0,0.0,0.0
qxgij9sh,6xvvhy1g,1929c09c-602b-4617-8659-48b1a29c8097,805afd8a-f298-447c-b524-fcfacc9b528f,0,ng,3,4941.0,2600.0,130.0,3.0,734.46,39.0,4691.0,0.75,1.0,-0.65,2,0,22.0,0.0,1.0,1,0,0,1,0.0,1.0,-1.0,18.0,129.88944444444442,25.889444444444436,25.889444444444436,129.9,129.89,129.92,129.87,104,129.82,126.0,129.92,0.0006162378678171,0.2489369658119657,0,0,0.2489369658119656,0,0,4790.46,0.0311664708953276,0.0,0.0,1.0,0.0
qxgij9sh,o6ptk42l,1929c09c-602b-4617-8659-48b1a29c8097,fc1e2a3f-5601-4c5f-9adf-19d17e6e5667,0,ng,3,5638.0,3800.0,130.0,4.0,4484.58,7.0,5398.0,0.8333333333333334,4.0,-0.4333333333333333,1,1,20.0,0.0,1.0,1,0,0,1,1.0,1.0,0.0,18.0,129.88944444444442,25.889444444444436,25.889444444444436,129.9,129.89,129.92,129.87,104,129.82,126.0,129.92,0.0006162378678171,0.2489369658119657,0,0,0.2489369658119656,0,0,5212.58,0.0311664708953276,0.0,0.0,1.0,0.0
qxgij9sh,vitm387c,1929c09c-602b-4617-8659-48b1a29c8097,79bc089c-0e42-4ffb-a089-d39727a7ad5e,0,ng,3,4427.0,2600.0,132.0,4.0,2507.6800000000003,23.0,4227.0,0.5,1.0,-0.4,3,0,22.0,0.0,0.0,1,0,0,1,0.0,0.0,0.0,18.0,129.88944444444442,25.889444444444436,25.889444444444436,129.9,129.89,129.92,129.87,104,129.82,126.0,129.92,0.0006162378678171,0.2489369658119657,0,0,0.2489369658119656,0,0,4899.68,0.0311664708953276,1.0,0.0,0.0,0.0
qxgij9sh,nngm5qgp,1929c09c-602b-4617-8659-48b1a29c8097,cd733786-3f26-45f5-9434-5391feb2db91,0,ng,3,521.0,3800.0,0.0,0.0,4343.21,7.0,261.0,1.0,5.0,-0.5,5,0,22.0,0.0,1.0,1,0,0,1,7.0,1.0,6.0,18.0,129.88944444444442,25.889444444444436,25.889444444444436,129.9,129.89,129.92,129.87,104,129.82,126.0,129.92,0.0006162378678171,0.2489369658119657,0,0,0.2489369658119656,0,0,5071.21,0.0311664708953276,0.0,1.0,0.0,0.0
qxgij9sh,9x5fpgk2,1929c09c-602b-4617-8659-48b1a29c8097,e3a0615f-a8a1-4546-bc68-9c947e9bf488,0,ng,3,6999.0,2600.0,0.0,0.0,5100.600000000001,6.0,6849.0,0.75,10.0,0.25,4,1,21.0,0.0,1.0,1,0,0,1,2.0,14.0,-12.0,18.0,129.88944444444442,25.889444444444436,25.889444444444436,129.9,129.89,129.92,129.87,104,129.82,126.0,129.92,0.0006162378678171,0.2489369658119657,0,0,0.2489369658119656,0,0,5724.600000000001,0.0311664708953276,0.0,0.0,1.0,0.0
qxgij9sh,7d70uqk8,1929c09c-602b-4617-8659-48b1a29c8097,eae02f14-4e82-48f4-9971-bdb53d8c832b,0,ng,3,9064.0,3800.0,131.0,4.0,3597.4699999999975,13.0,8854.0,0.5833333333333334,6.0,0.0166666666666666,2,0,20.0,1.0,1.0,0,0,0,1,8.0,1.0,7.0,18.0,129.88944444444442,25.889444444444436,25.889444444444436,129.9,129.89,129.92,129.87,104,129.82,126.0,129.92,0.0006162378678171,0.2489369658119657,0,0,0.2489369658119656,0,0,4949.4699999999975,0.0311664708953276,0.0,0.0,1.0,0.0
qxgij9sh,dadcupjc,562efb1b-a346-43e9-8059-5c07029ce57e,bc406764-852c-4301-aac5-ffda79e1d352,1,ghp,3,5593.0,2600.0,0.0,0.0,2985.0,19.0,5453.0,0.6666666666666666,3.0,-0.3666666666666666,1,1,18.0,0.0,0.0,1,1,1,1,0.0,2.0,-2.0,11.0,64.5909090909091,-39.40909090909091,39.40909090909091,60.0,65.0,69.0,59.0,104,61.0,7.0,61.0,-0.0163934426229508,0.3789335664335664,0,0,-0.3789335664335664,0,0,4961.0,0.0334672656711381,0.0,0.0,1.0,0.0
qxgij9sh,stzawa55,562efb1b-a346-43e9-8059-5c07029ce57e,90a3d963-fbea-46b9-8de6-7bf9d6b601c5,1,ghp,3,6667.0,3800.0,100.0,3.0,3850.5,15.0,6477.0,0.75,4.0,-0.35,3,0,24.0,0.0,0.0,1,1,1,1,3.0,1.0,2.0,11.0,64.5909090909091,-39.40909090909091,39.40909090909091,60.0,65.0,69.0,59.0,104,61.0,7.0,61.0,-0.0163934426229508,0.3789335664335664,0,0,-0.3789335664335664,0,0,5410.5,0.0334672656711381,0.0,0.0,1.0,0.0
qxgij9sh,ja9vp1ab,562efb1b-a346-43e9-8059-5c07029ce57e,0eef23b9-e989-4879-a424-0549e92340f7,1,ghp,3,7291.0,2600.0,0.0,0.0,2923.0,20.0,7091.0,0.8333333333333334,5.0,-0.3333333333333333,3,0,22.0,1.0,0.0,1,1,1,1,2.0,2.0,0.0,11.0,64.5909090909091,-39.40909090909091,39.40909090909091,60.0,65.0,69.0,59.0,104,61.0,7.0,61.0,-0.0163934426229508,0.3789335664335664,0,0,-0.3789335664335664,0,0,5003.0,0.0334672656711381,0.0,0.0,1.0,0.0
qxgij9sh,tzbpp88u,562efb1b-a346-43e9-8059-5c07029ce57e,51571e52-e5e1-4e31-b9d8-616043a0be9a,1,ghp,3,5765.0,3800.0,0.0,0.0,3839.0,13.0,5545.0,0.8333333333333334,5.0,-0.3333333333333333,3,0,23.0,0.0,0.0,1,1,1,1,2.0,1.0,1.0,11.0,64.5909090909091,-39.40909090909091,39.40909090909091,60.0,65.0,69.0,59.0,104,61.0,7.0,61.0,-0.0163934426229508,0.3789335664335664,0,0,-0.3789335664335664,0,0,5191.0,0.0334672656711381,0.3333333333333333,0.3333333333333333,0.3333333333333333,0.0
qxgij9sh,gr27p5tr,562efb1b-a346-43e9-8059-5c07029ce57e,6c1cc253-2d3c-4c02-96fe-14e14b6bdce5,1,ghp,3,5642.0,2600.0,0.0,0.0,3259.5,26.0,5532.0,0.5833333333333334,7.0,0.1166666666666665,3,0,19.0,1.0,1.0,1,1,1,1,2.0,5.0,-3.0,11.0,64.5909090909091,-39.40909090909091,39.40909090909091,60.0,65.0,69.0,59.0,104,61.0,7.0,61.0,-0.0163934426229508,0.3789335664335664,0,0,-0.3789335664335664,0,0,5963.5,0.0334672656711381,1.0,0.0,0.0,0.0
qxgij9sh,e60078af,562efb1b-a346-43e9-8059-5c07029ce57e,da37c669-bb41-4646-a780-46fa1fade433,1,ghp,3,4972.0,3800.0,0.0,0.0,3831.0,12.0,4782.0,0.75,6.0,-0.15,10,0,21.0,0.0,0.0,1,1,1,1,2.0,0.0,2.0,11.0,64.5909090909091,-39.40909090909091,39.40909090909091,60.0,65.0,69.0,59.0,104,61.0,7.0,61.0,-0.0163934426229508,0.3789335664335664,0,0,-0.3789335664335664,0,0,5079.0,0.0334672656711381,1.0,0.0,0.0,0.0
qxgij9sh,g9jo03o9,c790e030-d023-437b-b3f5-54393dc4bea4,30fc2b4e-6bfb-433a-804d-56f7e84d7ba3,1,ghp,4,5611.0,2600.0,,,3186.96,21.0,5521.0,0.4166666666666667,1.0,-0.3166666666666666,1,1,20.0,0.0,0.0,0,1,1,1,0.0,0.0,0.0,4.0,93.4075,-2.592500000000001,6.592500000000001,82.88,100.0,100.0,82.88,96,120.0,159.23,85.82,-0.3093333333333333,0.068671875,0,0,-0.0270052083333333,0,0,5202.96,0.0311104463198555,0.0,0.0,0.0,1.0
qxgij9sh,h0ebvwds,c790e030-d023-437b-b3f5-54393dc4bea4,7282a71b-4af9-4161-9243-59a7200491a8,1,ghp,4,5268.0,3800.0,,,4431.63,8.0,5128.0,0.8333333333333334,7.0,-0.1333333333333334,1,0,33.0,0.0,1.0,1,1,1,1,0.0,0.0,0.0,4.0,93.4075,-2.592500000000001,6.592500000000001,82.88,100.0,100.0,82.88,96,120.0,159.23,85.82,-0.3093333333333333,0.068671875,0,0,-0.0270052083333333,0,0,5199.63,0.0311104463198555,0.0,0.5,0.5,0.0
qxgij9sh,u2aoz11d,c790e030-d023-437b-b3f5-54393dc4bea4,9d5dfc26-db4a-4f04-a070-57ca9e03a8a8,1,ghp,4,4992.0,2600.0,,,2835.79,24.0,4892.0,0.8333333333333334,7.0,-0.1333333333333334,2,0,19.0,1.0,1.0,0,1,1,1,2.0,0.0,2.0,4.0,93.4075,-2.592500000000001,6.592500000000001,82.88,100.0,100.0,82.88,96,120.0,159.23,85.82,-0.3093333333333333,0.068671875,0,0,-0.0270052083333333,0,0,5139.79,0.0311104463198555,1.0,0.0,0.0,0.0
qxgij9sh,90ay03zv,c790e030-d023-437b-b3f5-54393dc4bea4,f9508a9f-40fc-4e43-82d6-2a10682c80ee,1,ghp,4,4543.0,3800.0,,,3988.230000000001,12.0,4453.0,0.75,6.0,-0.15,1,0,22.0,1.0,1.0,1,1,1,1,2.0,1.0,1.0,4.0,93.4075,-2.592500000000001,6.592500000000001,82.88,100.0,100.0,82.88,96,120.0,159.23,85.82,-0.3093333333333333,0.068671875,0,0,-0.0270052083333333,0,0,5140.230000000001,0.0311104463198555,0.0,1.0,0.0,0.0
qxgij9sh,ukmvlwcs,c790e030-d023-437b-b3f5-54393dc4bea4,fc375a6c-df52-4846-b92d-128b8b2369fb,1,ghp,4,5655.0,2600.0,,,5912.57,2.0,5515.0,1.0,9.0,-0.0999999999999999,3,0,21.0,1.0,1.0,1,1,1,1,0.0,0.0,0.0,4.0,93.4075,-2.592500000000001,6.592500000000001,82.88,100.0,100.0,82.88,96,120.0,159.23,85.82,-0.3093333333333333,0.068671875,0,0,-0.0270052083333333,0,0,6104.57,0.0311104463198555,0.0,0.0,1.0,0.0
qxgij9sh,ehyb34jx,c790e030-d023-437b-b3f5-54393dc4bea4,29263d52-43a8-41f9-8fac-174bd27a3cac,1,ghp,4,4044.0,3800.0,,,2184.8199999999997,29.0,3934.0,0.9166666666666666,6.0,-0.3166666666666666,4,0,20.0,0.0,1.0,0,1,1,1,0.0,3.0,-3.0,4.0,93.4075,-2.592500000000001,6.592500000000001,82.88,100.0,100.0,82.88,96,120.0,159.23,85.82,-0.3093333333333333,0.068671875,0,0,-0.0270052083333333,0,0,4968.82,0.0311104463198555,1.0,0.0,0.0,0.0
qxgij9sh,6xvvhy1g,1929c09c-602b-4617-8659-48b1a29c8097,805afd8a-f298-447c-b524-fcfacc9b528f,0,ng,4,4941.0,2600.0,,,5930.5199999999995,4.0,4691.0,0.75,1.0,-0.65,2,0,22.0,0.0,1.0,1,0,0,1,0.0,34.0,-34.0,40.0,129.88725,33.88724999999999,33.88724999999999,129.92,129.89,129.92,129.81,96,129.9,129.82,129.9,0.0001539645881445,0.3529921874999999,0,0,0.3529921874999999,0,0,6314.5199999999995,0.0685595481722241,0.0,0.0,1.0,0.0
qxgij9sh,o6ptk42l,1929c09c-602b-4617-8659-48b1a29c8097,fc1e2a3f-5601-4c5f-9adf-19d17e6e5667,0,ng,4,5638.0,3800.0,,,4624.6,6.0,5398.0,0.8333333333333334,4.0,-0.4333333333333333,1,1,20.0,0.0,1.0,1,0,0,1,1.0,1.0,0.0,40.0,129.88725,33.88724999999999,33.88724999999999,129.92,129.89,129.92,129.81,96,129.9,129.82,129.9,0.0001539645881445,0.3529921874999999,0,0,0.3529921874999999,0,0,5200.6,0.0685595481722241,0.0,0.0,1.0,0.0
qxgij9sh,vitm387c,1929c09c-602b-4617-8659-48b1a29c8097,79bc089c-0e42-4ffb-a089-d39727a7ad5e,0,ng,4,4427.0,2600.0,,,2578.0400000000004,28.0,4227.0,0.5,1.0,-0.4,3,0,22.0,0.0,0.0,1,0,0,1,3.0,0.0,3.0,40.0,129.88725,33.88724999999999,33.88724999999999,129.92,129.89,129.92,129.81,96,129.9,129.82,129.9,0.0001539645881445,0.3529921874999999,0,0,0.3529921874999999,0,0,5266.040000000001,0.0685595481722241,1.0,0.0,0.0,0.0
qxgij9sh,nngm5qgp,1929c09c-602b-4617-8659-48b1a29c8097,cd733786-3f26-45f5-9434-5391feb2db91,0,ng,4,521.0,3800.0,,,1495.7100000000014,30.0,261.0,1.0,5.0,-0.5,5,0,22.0,0.0,1.0,1,0,0,1,23.0,0.0,23.0,40.0,129.88725,33.88724999999999,33.88724999999999,129.92,129.89,129.92,129.81,96,129.9,129.82,129.9,0.0001539645881445,0.3529921874999999,0,0,0.3529921874999999,0,0,4375.710000000001,0.0685595481722241,0.0,1.0,0.0,0.0
qxgij9sh,9x5fpgk2,1929c09c-602b-4617-8659-48b1a29c8097,e3a0615f-a8a1-4546-bc68-9c947e9bf488,0,ng,4,6999.0,2600.0,,,3662.07,28.0,6849.0,0.75,10.0,0.25,4,1,21.0,0.0,1.0,1,0,0,1,13.0,1.0,12.0,40.0,129.88725,33.88724999999999,33.88724999999999,129.92,129.89,129.92,129.81,96,129.9,129.82,129.9,0.0001539645881445,0.3529921874999999,0,0,0.3529921874999999,0,0,6350.07,0.0685595481722241,0.0,0.0,1.0,0.0
qxgij9sh,7d70uqk8,1929c09c-602b-4617-8659-48b1a29c8097,eae02f14-4e82-48f4-9971-bdb53d8c832b,0,ng,4,9064.0,3800.0,,,4377.059999999997,14.0,8854.0,0.5833333333333334,6.0,0.0166666666666666,2,0,20.0,1.0,1.0,0,0,0,1,0.0,4.0,-4.0,40.0,129.88725,33.88724999999999,33.88724999999999,129.92,129.89,129.92,129.81,96,129.9,129.82,129.9,0.0001539645881445,0.3529921874999999,0,0,0.3529921874999999,0,0,5721.059999999997,0.0685595481722241,0.0,0.0,1.0,0.0
qxgij9sh,dadcupjc,562efb1b-a346-43e9-8059-5c07029ce57e,bc406764-852c-4301-aac5-ffda79e1d352,1,ghp,4,5593.0,2600.0,,,3365.0,18.0,5453.0,0.6666666666666666,3.0,-0.3666666666666666,1,1,18.0,0.0,0.0,1,1,1,1,0.0,0.0,0.0,13.0,60.15538461538461,-35.84461538461539,35.84461538461539,61.0,59.69,61.0,59.25,96,60.0,61.0,58.79,0.0166666666666666,0.3733814102564103,0,0,-0.3733814102564103,0,0,5093.0,0.0249782591109493,0.0,0.0,1.0,0.0
qxgij9sh,stzawa55,562efb1b-a346-43e9-8059-5c07029ce57e,90a3d963-fbea-46b9-8de6-7bf9d6b601c5,1,ghp,4,6667.0,3800.0,,,3969.62,18.0,6477.0,0.75,4.0,-0.35,3,0,24.0,0.0,0.0,1,1,1,1,3.0,0.0,3.0,13.0,60.15538461538461,-35.84461538461539,35.84461538461539,61.0,59.69,61.0,59.25,96,60.0,61.0,58.79,0.0166666666666666,0.3733814102564103,0,0,-0.3733814102564103,0,0,5697.62,0.0249782591109493,0.0,0.0,1.0,0.0
qxgij9sh,ja9vp1ab,562efb1b-a346-43e9-8059-5c07029ce57e,0eef23b9-e989-4879-a424-0549e92340f7,1,ghp,4,7291.0,2600.0,,,3021.49,25.0,7091.0,0.8333333333333334,5.0,-0.3333333333333333,3,0,22.0,1.0,0.0,1,1,1,1,6.0,1.0,5.0,13.0,60.15538461538461,-35.84461538461539,35.84461538461539,61.0,59.69,61.0,59.25,96,60.0,61.0,58.79,0.0166666666666666,0.3733814102564103,0,0,-0.3733814102564103,0,0,5421.49,0.0249782591109493,0.0,0.0,1.0,0.0
qxgij9sh,tzbpp88u,562efb1b-a346-43e9-8059-5c07029ce57e,51571e52-e5e1-4e31-b9d8-616043a0be9a,1,ghp,4,5765.0,3800.0,,,4158.13,17.0,5545.0,0.8333333333333334,5.0,-0.3333333333333333,3,0,23.0,0.0,0.0,1,1,1,1,1.0,2.0,-1.0,13.0,60.15538461538461,-35.84461538461539,35.84461538461539,61.0,59.69,61.0,59.25,96,60.0,61.0,58.79,0.0166666666666666,0.3733814102564103,0,0,-0.3733814102564103,0,0,5790.13,0.0249782591109493,0.3333333333333333,0.3333333333333333,0.3333333333333333,0.0
qxgij9sh,gr27p5tr,562efb1b-a346-43e9-8059-5c07029ce57e,6c1cc253-2d3c-4c02-96fe-14e14b6bdce5,1,ghp,4,5642.0,2600.0,,,4323.14,14.0,5532.0,0.5833333333333334,7.0,0.1166666666666665,3,0,19.0,1.0,1.0,1,1,1,1,1.0,10.0,-9.0,13.0,60.15538461538461,-35.84461538461539,35.84461538461539,61.0,59.69,61.0,59.25,96,60.0,61.0,58.79,0.0166666666666666,0.3733814102564103,0,0,-0.3733814102564103,0,0,5667.14,0.0249782591109493,1.0,0.0,0.0,0.0
qxgij9sh,e60078af,562efb1b-a346-43e9-8059-5c07029ce57e,da37c669-bb41-4646-a780-46fa1fade433,1,ghp,4,4972.0,3800.0,,,3950.62,14.0,4782.0,0.75,6.0,-0.15,10,0,21.0,0.0,0.0,1,1,1,1,2.0,0.0,2.0,13.0,60.15538461538461,-35.84461538461539,35.84461538461539,61.0,59.69,61.0,59.25,96,60.0,61.0,58.79,0.0166666666666666,0.3733814102564103,0,0,-0.3733814102564103,0,0,5294.62,0.0249782591109493,1.0,0.0,0.0,0.0
qxgij9sh,g9jo03o9,c790e030-d023-437b-b3f5-54393dc4bea4,30fc2b4e-6bfb-433a-804d-56f7e84d7ba3,1,ghp,5,5611.0,2600.0,,,3606.96,21.0,5521.0,0.4166666666666667,1.0,-0.3166666666666666,1,1,20.0,0.0,0.0,0,1,1,1,0.0,0.0,0.0,11.0,84.92181818181818,-3.078181818181822,5.0054545454545485,85.82,81.88,93.16,79.38,88,82.88,120.0,71.0,0.035472972972973,0.0568801652892562,0,0,-0.0349793388429752,0,0,5454.96,0.0294590123759343,0.0,0.0,0.0,1.0
qxgij9sh,h0ebvwds,c790e030-d023-437b-b3f5-54393dc4bea4,7282a71b-4af9-4161-9243-59a7200491a8,1,ghp,5,5268.0,3800.0,,,4591.63,9.0,5128.0,0.8333333333333334,7.0,-0.1333333333333334,1,0,33.0,0.0,1.0,1,1,1,1,0.0,0.0,0.0,11.0,84.92181818181818,-3.078181818181822,5.0054545454545485,85.82,81.88,93.16,79.38,88,82.88,120.0,71.0,0.035472972972973,0.0568801652892562,0,0,-0.0349793388429752,0,0,5383.63,0.0294590123759343,0.0,0.5,0.5,0.0
qxgij9sh,u2aoz11d,c790e030-d023-437b-b3f5-54393dc4bea4,9d5dfc26-db4a-4f04-a070-57ca9e03a8a8,1,ghp,5,4992.0,2600.0,,,3584.46,21.0,4892.0,0.8333333333333334,7.0,-0.1333333333333334,2,0,19.0,1.0,1.0,0,1,1,1,1.0,4.0,-3.0,11.0,84.92181818181818,-3.078181818181822,5.0054545454545485,85.82,81.88,93.16,79.38,88,82.88,120.0,71.0,0.035472972972973,0.0568801652892562,0,0,-0.0349793388429752,0,0,5432.46,0.0294590123759343,1.0,0.0,0.0,0.0
qxgij9sh,90ay03zv,c790e030-d023-437b-b3f5-54393dc4bea4,f9508a9f-40fc-4e43-82d6-2a10682c80ee,1,ghp,5,4543.0,3800.0,,,3645.64,20.0,4453.0,0.75,6.0,-0.15,1,0,22.0,1.0,1.0,1,1,1,1,7.0,0.0,7.0,11.0,84.92181818181818,-3.078181818181822,5.0054545454545485,85.82,81.88,93.16,79.38,88,82.88,120.0,71.0,0.035472972972973,0.0568801652892562,0,0,-0.0349793388429752,0,0,5405.639999999999,0.0294590123759343,0.0,1.0,0.0,0.0
qxgij9sh,ukmvlwcs,c790e030-d023-437b-b3f5-54393dc4bea4,fc375a6c-df52-4846-b92d-128b8b2369fb,1,ghp,5,5655.0,2600.0,,,6036.57,0.0,5515.0,1.0,9.0,-0.0999999999999999,3,0,21.0,1.0,1.0,1,1,1,1,0.0,1.0,-1.0,11.0,84.92181818181818,-3.078181818181822,5.0054545454545485,85.82,81.88,93.16,79.38,88,82.88,120.0,71.0,0.035472972972973,0.0568801652892562,0,0,-0.0349793388429752,0,0,6036.57,0.0294590123759343,0.0,0.0,1.0,0.0
qxgij9sh,ehyb34jx,c790e030-d023-437b-b3f5-54393dc4bea4,29263d52-43a8-41f9-8fac-174bd27a3cac,1,ghp,5,4044.0,3800.0,,,2994.74,22.0,3934.0,0.9166666666666666,6.0,-0.3166666666666666,4,0,20.0,0.0,1.0,0,1,1,1,3.0,6.0,-3.0,11.0,84.92181818181818,-3.078181818181822,5.0054545454545485,85.82,81.88,93.16,79.38,88,82.88,120.0,71.0,0.035472972972973,0.0568801652892562,0,0,-0.0349793388429752,0,0,4930.74,0.0294590123759343,1.0,0.0,0.0,0.0
qxgij9sh,6xvvhy1g,1929c09c-602b-4617-8659-48b1a29c8097,805afd8a-f298-447c-b524-fcfacc9b528f,0,ng,5,4941.0,2600.0,,,6530.159999999999,0.0,4691.0,0.75,1.0,-0.65,2,0,22.0,0.0,1.0,1,0,0,1,0.0,4.0,-4.0,20.0,129.929,41.928999999999995,41.928999999999995,129.9,129.93,130.0,129.9,88,129.92,129.9,129.97,-0.0001539408866993,0.476465909090909,0,0,0.4764659090909091,0,0,6530.159999999999,0.0617406832892872,0.0,0.0,1.0,0.0
qxgij9sh,o6ptk42l,1929c09c-602b-4617-8659-48b1a29c8097,fc1e2a3f-5601-4c5f-9adf-19d17e6e5667,0,ng,5,5638.0,3800.0,,,4874.67,7.0,5398.0,0.8333333333333334,4.0,-0.4333333333333333,1,1,20.0,0.0,1.0,1,0,0,1,4.0,5.0,-1.0,20.0,129.929,41.928999999999995,41.928999999999995,129.9,129.93,130.0,129.9,88,129.92,129.9,129.97,-0.0001539408866993,0.476465909090909,0,0,0.4764659090909091,0,0,5490.67,0.0617406832892872,0.0,0.0,1.0,0.0
qxgij9sh,vitm387c,1929c09c-602b-4617-8659-48b1a29c8097,79bc089c-0e42-4ffb-a089-d39727a7ad5e,0,ng,5,4427.0,2600.0,,,3137.9,27.0,4227.0,0.5,1.0,-0.4,3,0,22.0,0.0,0.0,1,0,0,1,2.0,2.0,0.0,20.0,129.929,41.928999999999995,41.928999999999995,129.9,129.93,130.0,129.9,88,129.92,129.9,129.97,-0.0001539408866993,0.476465909090909,0,0,0.4764659090909091,0,0,5513.9,0.0617406832892872,1.0,0.0,0.0,0.0
qxgij9sh,nngm5qgp,1929c09c-602b-4617-8659-48b1a29c8097,cd733786-3f26-45f5-9434-5391feb2db91,0,ng,5,521.0,3800.0,,,3005.1700000000014,26.0,261.0,1.0,5.0,-0.5,5,0,22.0,0.0,1.0,1,0,0,1,1.0,8.0,-7.0,20.0,129.929,41.928999999999995,41.928999999999995,129.9,129.93,130.0,129.9,88,129.92,129.9,129.97,-0.0001539408866993,0.476465909090909,0,0,0.4764659090909091,0,0,5293.170000000002,0.0617406832892872,0.0,1.0,0.0,0.0
qxgij9sh,9x5fpgk2,1929c09c-602b-4617-8659-48b1a29c8097,e3a0615f-a8a1-4546-bc68-9c947e9bf488,0,ng,5,6999.0,2600.0,,,4092.22,32.0,6849.0,0.75,10.0,0.25,4,1,21.0,0.0,1.0,1,0,0,1,2.0,1.0,1.0,20.0,129.929,41.928999999999995,41.928999999999995,129.9,129.93,130.0,129.9,88,129.92,129.9,129.97,-0.0001539408866993,0.476465909090909,0,0,0.4764659090909091,0,0,6908.219999999999,0.0617406832892872,0.0,0.0,1.0,0.0
qxgij9sh,7d70uqk8,1929c09c-602b-4617-8659-48b1a29c8097,eae02f14-4e82-48f4-9971-bdb53d8c832b,0,ng,5,9064.0,3800.0,,,3227.879999999997,21.0,8854.0,0.5833333333333334,6.0,0.0166666666666666,2,0,20.0,1.0,1.0,0,0,0,1,11.0,0.0,11.0,20.0,129.929,41.928999999999995,41.928999999999995,129.9,129.93,130.0,129.9,88,129.92,129.9,129.97,-0.0001539408866993,0.476465909090909,0,0,0.4764659090909091,0,0,5075.879999999997,0.0617406832892872,0.0,0.0,1.0,0.0
qxgij9sh,dadcupjc,562efb1b-a346-43e9-8059-5c07029ce57e,bc406764-852c-4301-aac5-ffda79e1d352,1,ghp,5,5593.0,2600.0,,,3842.87,16.0,5453.0,0.6666666666666666,3.0,-0.3666666666666666,1,1,18.0,0.0,0.0,1,1,1,1,1.0,3.0,-2.0,17.0,59.237647058823526,-28.76235294117647,28.76235294117647,58.79,58.63,59.63,58.63,88,61.0,60.0,64.88,-0.0362295081967213,0.3268449197860962,0,0,-0.3268449197860963,0,0,5250.87,0.0316128871923336,0.0,0.0,1.0,0.0
qxgij9sh,stzawa55,562efb1b-a346-43e9-8059-5c07029ce57e,90a3d963-fbea-46b9-8de6-7bf9d6b601c5,1,ghp,5,6667.0,3800.0,,,4388.41,16.0,6477.0,0.75,4.0,-0.35,3,0,24.0,0.0,0.0,1,1,1,1,0.0,1.0,-1.0,17.0,59.237647058823526,-28.76235294117647,28.76235294117647,58.79,58.63,59.63,58.63,88,61.0,60.0,64.88,-0.0362295081967213,0.3268449197860962,0,0,-0.3268449197860963,0,0,5796.41,0.0316128871923336,0.0,0.0,1.0,0.0
qxgij9sh,ja9vp1ab,562efb1b-a346-43e9-8059-5c07029ce57e,0eef23b9-e989-4879-a424-0549e92340f7,1,ghp,5,7291.0,2600.0,,,3105.56,35.0,7091.0,0.8333333333333334,5.0,-0.3333333333333333,3,0,22.0,1.0,0.0,1,1,1,1,8.0,1.0,7.0,17.0,59.237647058823526,-28.76235294117647,28.76235294117647,58.79,58.63,59.63,58.63,88,61.0,60.0,64.88,-0.0362295081967213,0.3268449197860962,0,0,-0.3268449197860963,0,0,6185.5599999999995,0.0316128871923336,0.0,0.0,1.0,0.0
qxgij9sh,tzbpp88u,562efb1b-a346-43e9-8059-5c07029ce57e,51571e52-e5e1-4e31-b9d8-616043a0be9a,1,ghp,5,5765.0,3800.0,,,4496.89,12.0,5545.0,0.8333333333333334,5.0,-0.3333333333333333,3,0,23.0,0.0,0.0,1,1,1,1,5.0,5.0,0.0,17.0,59.237647058823526,-28.76235294117647,28.76235294117647,58.79,58.63,59.63,58.63,88,61.0,60.0,64.88,-0.0362295081967213,0.3268449197860962,0,0,-0.3268449197860963,0,0,5552.89,0.0316128871923336,0.3333333333333333,0.3333333333333333,0.3333333333333333,0.0
qxgij9sh,gr27p5tr,562efb1b-a346-43e9-8059-5c07029ce57e,6c1cc253-2d3c-4c02-96fe-14e14b6bdce5,1,ghp,5,5642.0,2600.0,,,4902.52,4.0,5532.0,0.5833333333333334,7.0,0.1166666666666665,3,0,19.0,1.0,1.0,1,1,1,1,2.0,7.0,-5.0,17.0,59.237647058823526,-28.76235294117647,28.76235294117647,58.79,58.63,59.63,58.63,88,61.0,60.0,64.88,-0.0362295081967213,0.3268449197860962,0,0,-0.3268449197860963,0,0,5254.52,0.0316128871923336,1.0,0.0,0.0,0.0
qxgij9sh,e60078af,562efb1b-a346-43e9-8059-5c07029ce57e,da37c669-bb41-4646-a780-46fa1fade433,1,ghp,5,4972.0,3800.0,,,4171.75,15.0,4782.0,0.75,6.0,-0.15,10,0,21.0,0.0,0.0,1,1,1,1,1.0,0.0,1.0,17.0,59.237647058823526,-28.76235294117647,28.76235294117647,58.79,58.63,59.63,58.63,88,61.0,60.0,64.88,-0.0362295081967213,0.3268449197860962,0,0,-0.3268449197860963,0,0,5491.75,0.0316128871923336,1.0,0.0,0.0,0.0
qxgij9sh,g9jo03o9,c790e030-d023-437b-b3f5-54393dc4bea4,30fc2b4e-6bfb-433a-804d-56f7e84d7ba3,1,ghp,6,5611.0,2600.0,0.0,0.0,3771.84,20.0,5521.0,0.4166666666666667,1.0,-0.3166666666666666,1,1,20.0,0.0,0.0,0,1,1,1,0.0,1.0,-1.0,8.0,78.0125,-1.9875000000000007,3.6774999999999984,71.0,80.88,85.88,71.0,80,85.82,82.88,62.0,-0.1726870193428105,0.0459687499999999,0,0,-0.0248437499999999,0,0,5371.84,0.0364068955544537,0.0,0.0,0.0,1.0
qxgij9sh,h0ebvwds,c790e030-d023-437b-b3f5-54393dc4bea4,7282a71b-4af9-4161-9243-59a7200491a8,1,ghp,6,5268.0,3800.0,62.0,3.0,4627.63,8.0,5128.0,0.8333333333333334,7.0,-0.1333333333333334,1,0,33.0,0.0,1.0,1,1,1,1,0.0,0.0,0.0,8.0,78.0125,-1.9875000000000007,3.6774999999999984,71.0,80.88,85.88,71.0,80,85.82,82.88,62.0,-0.1726870193428105,0.0459687499999999,0,0,-0.0248437499999999,0,0,5267.63,0.0364068955544537,0.0,0.5,0.5,0.0
qxgij9sh,u2aoz11d,c790e030-d023-437b-b3f5-54393dc4bea4,9d5dfc26-db4a-4f04-a070-57ca9e03a8a8,1,ghp,6,4992.0,2600.0,80.0,3.0,3677.67,22.0,4892.0,0.8333333333333334,7.0,-0.1333333333333334,2,0,19.0,1.0,1.0,0,1,1,1,1.0,1.0,0.0,8.0,78.0125,-1.9875000000000007,3.6774999999999984,71.0,80.88,85.88,71.0,80,85.82,82.88,62.0,-0.1726870193428105,0.0459687499999999,0,0,-0.0248437499999999,0,0,5437.67,0.0364068955544537,1.0,0.0,0.0,0.0
qxgij9sh,90ay03zv,c790e030-d023-437b-b3f5-54393dc4bea4,f9508a9f-40fc-4e43-82d6-2a10682c80ee,1,ghp,6,4543.0,3800.0,0.0,0.0,3787.76,20.0,4453.0,0.75,6.0,-0.15,1,0,22.0,1.0,1.0,1,1,1,1,1.0,2.0,-1.0,8.0,78.0125,-1.9875000000000007,3.6774999999999984,71.0,80.88,85.88,71.0,80,85.82,82.88,62.0,-0.1726870193428105,0.0459687499999999,0,0,-0.0248437499999999,0,0,5387.76,0.0364068955544537,0.0,1.0,0.0,0.0
qxgij9sh,ukmvlwcs,c790e030-d023-437b-b3f5-54393dc4bea4,fc375a6c-df52-4846-b92d-128b8b2369fb,1,ghp,6,5655.0,2600.0,64.0,4.0,5655.9,5.0,5515.0,1.0,9.0,-0.0999999999999999,3,0,21.0,1.0,1.0,1,1,1,1,5.0,0.0,5.0,8.0,78.0125,-1.9875000000000007,3.6774999999999984,71.0,80.88,85.88,71.0,80,85.82,82.88,62.0,-0.1726870193428105,0.0459687499999999,0,0,-0.0248437499999999,0,0,6055.9,0.0364068955544537,0.0,0.0,1.0,0.0
qxgij9sh,ehyb34jx,c790e030-d023-437b-b3f5-54393dc4bea4,29263d52-43a8-41f9-8fac-174bd27a3cac,1,ghp,6,4044.0,3800.0,75.0,5.0,3311.2000000000003,18.0,3934.0,0.9166666666666666,6.0,-0.3166666666666666,4,0,20.0,0.0,1.0,0,1,1,1,1.0,4.0,-3.0,8.0,78.0125,-1.9875000000000007,3.6774999999999984,71.0,80.88,85.88,71.0,80,85.82,82.88,62.0,-0.1726870193428105,0.0459687499999999,0,0,-0.0248437499999999,0,0,4751.200000000001,0.0364068955544537,1.0,0.0,0.0,0.0
qxgij9sh,6xvvhy1g,1929c09c-602b-4617-8659-48b1a29c8097,805afd8a-f298-447c-b524-fcfacc9b528f,0,ng,6,4941.0,2600.0,130.0,3.0,3802.2899999999936,41.0,4691.0,0.75,1.0,-0.65,2,0,22.0,0.0,1.0,1,0,0,1,21.0,0.0,21.0,31.0,129.90516129032255,49.905161290322575,49.905161290322575,129.97,129.9,129.99,129.88,80,129.9,129.92,129.92,0.0005388760585065,0.6238145161290322,0,0,0.6238145161290319,0,0,7082.289999999994,0.0669350828729281,0.0,0.0,1.0,0.0
qxgij9sh,o6ptk42l,1929c09c-602b-4617-8659-48b1a29c8097,fc1e2a3f-5601-4c5f-9adf-19d17e6e5667,0,ng,6,5638.0,3800.0,130.0,4.0,5292.5,2.0,5398.0,0.8333333333333334,4.0,-0.4333333333333333,1,1,20.0,0.0,1.0,1,0,0,1,0.0,3.0,-3.0,31.0,129.90516129032255,49.905161290322575,49.905161290322575,129.97,129.9,129.99,129.88,80,129.9,129.92,129.92,0.0005388760585065,0.6238145161290322,0,0,0.6238145161290319,0,0,5452.5,0.0669350828729281,0.0,0.0,1.0,0.0
qxgij9sh,vitm387c,1929c09c-602b-4617-8659-48b1a29c8097,79bc089c-0e42-4ffb-a089-d39727a7ad5e,0,ng,6,4427.0,2600.0,134.0,2.0,2596.17,31.0,4227.0,0.5,1.0,-0.4,3,0,22.0,0.0,0.0,1,0,0,1,5.0,0.0,5.0,31.0,129.90516129032255,49.905161290322575,49.905161290322575,129.97,129.9,129.99,129.88,80,129.9,129.92,129.92,0.0005388760585065,0.6238145161290322,0,0,0.6238145161290319,0,0,5076.17,0.0669350828729281,1.0,0.0,0.0,0.0
qxgij9sh,nngm5qgp,1929c09c-602b-4617-8659-48b1a29c8097,cd733786-3f26-45f5-9434-5391feb2db91,0,ng,6,521.0,3800.0,128.0,2.0,6226.580000000005,0.0,261.0,1.0,5.0,-0.5,5,0,22.0,0.0,1.0,1,0,0,1,1.0,25.0,-24.0,31.0,129.90516129032255,49.905161290322575,49.905161290322575,129.97,129.9,129.99,129.88,80,129.9,129.92,129.92,0.0005388760585065,0.6238145161290322,0,0,0.6238145161290319,0,0,6226.580000000005,0.0669350828729281,0.0,1.0,0.0,0.0
qxgij9sh,9x5fpgk2,1929c09c-602b-4617-8659-48b1a29c8097,e3a0615f-a8a1-4546-bc68-9c947e9bf488,0,ng,6,6999.0,2600.0,0.0,0.0,4350.27,30.0,6849.0,0.75,10.0,0.25,4,1,21.0,0.0,1.0,1,0,0,1,1.0,2.0,-1.0,31.0,129.90516129032255,49.905161290322575,49.905161290322575,129.97,129.9,129.99,129.88,80,129.9,129.92,129.92,0.0005388760585065,0.6238145161290322,0,0,0.6238145161290319,0,0,6750.27,0.0669350828729281,0.0,0.0,1.0,0.0
qxgij9sh,7d70uqk8,1929c09c-602b-4617-8659-48b1a29c8097,eae02f14-4e82-48f4-9971-bdb53d8c832b,0,ng,6,9064.0,3800.0,130.0,5.0,3052.189999999997,32.0,8854.0,0.5833333333333334,6.0,0.0166666666666666,2,0,20.0,1.0,1.0,0,0,0,1,3.0,1.0,2.0,31.0,129.90516129032255,49.905161290322575,49.905161290322575,129.97,129.9,129.99,129.88,80,129.9,129.92,129.92,0.0005388760585065,0.6238145161290322,0,0,0.6238145161290319,0,0,5612.189999999997,0.0669350828729281,0.0,0.0,1.0,0.0
qxgij9sh,dadcupjc,562efb1b-a346-43e9-8059-5c07029ce57e,bc406764-852c-4301-aac5-ffda79e1d352,1,ghp,6,5593.0,2600.0,60.0,2.0,3966.38,15.0,5453.0,0.6666666666666666,3.0,-0.3666666666666666,1,1,18.0,0.0,0.0,1,1,1,1,0.0,1.0,-1.0,26.0,60.645384615384614,-19.354615384615386,19.354615384615386,64.88,58.79,64.88,58.51,80,58.79,61.0,65.94,0.1035890457560808,0.2419326923076923,0,0,-0.2419326923076923,0,0,5166.38,0.0270603155582184,0.0,0.0,1.0,0.0
qxgij9sh,stzawa55,562efb1b-a346-43e9-8059-5c07029ce57e,90a3d963-fbea-46b9-8de6-7bf9d6b601c5,1,ghp,6,6667.0,3800.0,60.0,3.0,4452.41,18.0,6477.0,0.75,4.0,-0.35,3,0,24.0,0.0,0.0,1,1,1,1,0.0,0.0,0.0,26.0,60.645384615384614,-19.354615384615386,19.354615384615386,64.88,58.79,64.88,58.51,80,58.79,61.0,65.94,0.1035890457560808,0.2419326923076923,0,0,-0.2419326923076923,0,0,5892.41,0.0270603155582184,0.0,0.0,1.0,0.0
qxgij9sh,ja9vp1ab,562efb1b-a346-43e9-8059-5c07029ce57e,0eef23b9-e989-4879-a424-0549e92340f7,1,ghp,6,7291.0,2600.0,65.0,3.0,2498.8999999999996,43.0,7091.0,0.8333333333333334,5.0,-0.3333333333333333,3,0,22.0,1.0,0.0,1,1,1,1,18.0,6.0,12.0,26.0,60.645384615384614,-19.354615384615386,19.354615384615386,64.88,58.79,64.88,58.51,80,58.79,61.0,65.94,0.1035890457560808,0.2419326923076923,0,0,-0.2419326923076923,0,0,5938.9,0.0270603155582184,0.0,0.0,1.0,0.0
qxgij9sh,tzbpp88u,562efb1b-a346-43e9-8059-5c07029ce57e,51571e52-e5e1-4e31-b9d8-616043a0be9a,1,ghp,6,5765.0,3800.0,66.0,3.0,4609.750000000001,10.0,5545.0,0.8333333333333334,5.0,-0.3333333333333333,3,0,23.0,0.0,0.0,1,1,1,1,8.0,9.0,-1.0,26.0,60.645384615384614,-19.354615384615386,19.354615384615386,64.88,58.79,64.88,58.51,80,58.79,61.0,65.94,0.1035890457560808,0.2419326923076923,0,0,-0.2419326923076923,0,0,5409.750000000001,0.0270603155582184,0.3333333333333333,0.3333333333333333,0.3333333333333333,0.0
qxgij9sh,gr27p5tr,562efb1b-a346-43e9-8059-5c07029ce57e,6c1cc253-2d3c-4c02-96fe-14e14b6bdce5,1,ghp,6,5642.0,2600.0,65.0,4.0,5540.810000000001,0.0,5532.0,0.5833333333333334,7.0,0.1166666666666665,3,0,19.0,1.0,1.0,1,1,1,1,0.0,10.0,-10.0,26.0,60.645384615384614,-19.354615384615386,19.354615384615386,64.88,58.79,64.88,58.51,80,58.79,61.0,65.94,0.1035890457560808,0.2419326923076923,0,0,-0.2419326923076923,0,0,5540.810000000001,0.0270603155582184,1.0,0.0,0.0,0.0
qxgij9sh,e60078af,562efb1b-a346-43e9-8059-5c07029ce57e,da37c669-bb41-4646-a780-46fa1fade433,1,ghp,6,4972.0,3800.0,65.0,4.0,4231.75,15.0,4782.0,0.75,6.0,-0.15,10,0,21.0,0.0,0.0,1,1,1,1,0.0,0.0,0.0,26.0,60.645384615384614,-19.354615384615386,19.354615384615386,64.88,58.79,64.88,58.51,80,58.79,61.0,65.94,0.1035890457560808,0.2419326923076923,0,0,-0.2419326923076923,0,0,5431.75,0.0270603155582184,1.0,0.0,0.0,0.0
qxgij9sh,g9jo03o9,c790e030-d023-437b-b3f5-54393dc4bea4,30fc2b4e-6bfb-433a-804d-56f7e84d7ba3,1,ghp,7,5611.0,2600.0,,,4171.84,20.0,5521.0,0.4166666666666667,1.0,-0.3166666666666666,1,1,20.0,0.0,0.0,0,1,1,1,0.0,0.0,0.0,4.0,68.1275,-3.8724999999999983,5.627500000000001,62.0,75.51,75.51,62.0,72,71.0,85.82,55.0,-0.1267605633802817,0.0781597222222222,0,0,-0.0537847222222222,0,0,5611.84,0.0323046765331086,0.0,0.0,0.0,1.0
qxgij9sh,h0ebvwds,c790e030-d023-437b-b3f5-54393dc4bea4,7282a71b-4af9-4161-9243-59a7200491a8,1,ghp,7,5268.0,3800.0,,,4725.63,9.0,5128.0,0.8333333333333334,7.0,-0.1333333333333334,1,0,33.0,0.0,1.0,1,1,1,1,1.0,0.0,1.0,4.0,68.1275,-3.8724999999999983,5.627500000000001,62.0,75.51,75.51,62.0,72,71.0,85.82,55.0,-0.1267605633802817,0.0781597222222222,0,0,-0.0537847222222222,0,0,5373.63,0.0323046765331086,0.0,0.5,0.5,0.0
qxgij9sh,u2aoz11d,c790e030-d023-437b-b3f5-54393dc4bea4,9d5dfc26-db4a-4f04-a070-57ca9e03a8a8,1,ghp,7,4992.0,2600.0,,,4104.16,21.0,4892.0,0.8333333333333334,7.0,-0.1333333333333334,2,0,19.0,1.0,1.0,0,1,1,1,1.0,1.0,0.0,4.0,68.1275,-3.8724999999999983,5.627500000000001,62.0,75.51,75.51,62.0,72,71.0,85.82,55.0,-0.1267605633802817,0.0781597222222222,0,0,-0.0537847222222222,0,0,5616.16,0.0323046765331086,1.0,0.0,0.0,0.0
qxgij9sh,90ay03zv,c790e030-d023-437b-b3f5-54393dc4bea4,f9508a9f-40fc-4e43-82d6-2a10682c80ee,1,ghp,7,4543.0,3800.0,,,4255.76,18.0,4453.0,0.75,6.0,-0.15,1,0,22.0,1.0,1.0,1,1,1,1,0.0,1.0,-1.0,4.0,68.1275,-3.8724999999999983,5.627500000000001,62.0,75.51,75.51,62.0,72,71.0,85.82,55.0,-0.1267605633802817,0.0781597222222222,0,0,-0.0537847222222222,0,0,5551.76,0.0323046765331086,0.0,1.0,0.0,0.0
qxgij9sh,ukmvlwcs,c790e030-d023-437b-b3f5-54393dc4bea4,fc375a6c-df52-4846-b92d-128b8b2369fb,1,ghp,7,5655.0,2600.0,,,5822.9,4.0,5515.0,1.0,9.0,-0.0999999999999999,3,0,21.0,1.0,1.0,1,1,1,1,0.0,1.0,-1.0,4.0,68.1275,-3.8724999999999983,5.627500000000001,62.0,75.51,75.51,62.0,72,71.0,85.82,55.0,-0.1267605633802817,0.0781597222222222,0,0,-0.0537847222222222,0,0,6110.9,0.0323046765331086,0.0,0.0,1.0,0.0
qxgij9sh,ehyb34jx,c790e030-d023-437b-b3f5-54393dc4bea4,29263d52-43a8-41f9-8fac-174bd27a3cac,1,ghp,7,4044.0,3800.0,,,3611.710000000001,19.0,3934.0,0.9166666666666666,6.0,-0.3166666666666666,4,0,20.0,0.0,1.0,0,1,1,1,2.0,1.0,1.0,4.0,68.1275,-3.8724999999999983,5.627500000000001,62.0,75.51,75.51,62.0,72,71.0,85.82,55.0,-0.1267605633802817,0.0781597222222222,0,0,-0.0537847222222222,0,0,4979.710000000001,0.0323046765331086,1.0,0.0,0.0,0.0
qxgij9sh,6xvvhy1g,1929c09c-602b-4617-8659-48b1a29c8097,805afd8a-f298-447c-b524-fcfacc9b528f,0,ng,7,4941.0,2600.0,,,5532.069999999992,14.0,4691.0,0.75,1.0,-0.65,2,0,22.0,0.0,1.0,1,0,0,1,0.0,7.0,-7.0,26.0,129.945,57.94500000000001,57.94500000000001,129.92,129.98,129.98,129.92,72,129.97,129.9,129.92,-0.0003847041624991,0.8047916666666668,0,0,0.8047916666666666,0,0,6540.069999999992,0.0543631185604409,0.0,0.0,1.0,0.0
qxgij9sh,o6ptk42l,1929c09c-602b-4617-8659-48b1a29c8097,fc1e2a3f-5601-4c5f-9adf-19d17e6e5667,0,ng,7,5638.0,3800.0,,,4942.63,7.0,5398.0,0.8333333333333334,4.0,-0.4333333333333333,1,1,20.0,0.0,1.0,1,0,0,1,3.0,0.0,3.0,26.0,129.945,57.94500000000001,57.94500000000001,129.92,129.98,129.98,129.92,72,129.97,129.9,129.92,-0.0003847041624991,0.8047916666666668,0,0,0.8047916666666666,0,0,5446.63,0.0543631185604409,0.0,0.0,1.0,0.0
qxgij9sh,vitm387c,1929c09c-602b-4617-8659-48b1a29c8097,79bc089c-0e42-4ffb-a089-d39727a7ad5e,0,ng,7,4427.0,2600.0,,,2826.29,34.0,4227.0,0.5,1.0,-0.4,3,0,22.0,0.0,0.0,1,0,0,1,4.0,1.0,3.0,26.0,129.945,57.94500000000001,57.94500000000001,129.92,129.98,129.98,129.92,72,129.97,129.9,129.92,-0.0003847041624991,0.8047916666666668,0,0,0.8047916666666666,0,0,5274.29,0.0543631185604409,1.0,0.0,0.0,0.0
qxgij9sh,nngm5qgp,1929c09c-602b-4617-8659-48b1a29c8097,cd733786-3f26-45f5-9434-5391feb2db91,0,ng,7,521.0,3800.0,,,6226.580000000005,0.0,261.0,1.0,5.0,-0.5,5,0,22.0,0.0,1.0,1,0,0,1,0.0,0.0,0.0,26.0,129.945,57.94500000000001,57.94500000000001,129.92,129.98,129.98,129.92,72,129.97,129.9,129.92,-0.0003847041624991,0.8047916666666668,0,0,0.8047916666666666,0,0,6226.580000000005,0.0543631185604409,0.0,1.0,0.0,0.0
qxgij9sh,9x5fpgk2,1929c09c-602b-4617-8659-48b1a29c8097,e3a0615f-a8a1-4546-bc68-9c947e9bf488,0,ng,7,6999.0,2600.0,,,5210.249999999998,25.0,6849.0,0.75,10.0,0.25,4,1,21.0,0.0,1.0,1,0,0,1,8.0,10.0,-2.0,26.0,129.945,57.94500000000001,57.94500000000001,129.92,129.98,129.98,129.92,72,129.97,129.9,129.92,-0.0003847041624991,0.8047916666666668,0,0,0.8047916666666666,0,0,7010.249999999998,0.0543631185604409,0.0,0.0,1.0,0.0
qxgij9sh,7d70uqk8,1929c09c-602b-4617-8659-48b1a29c8097,eae02f14-4e82-48f4-9971-bdb53d8c832b,0,ng,7,9064.0,3800.0,,,3302.1799999999957,41.0,8854.0,0.5833333333333334,6.0,0.0166666666666666,2,0,20.0,1.0,1.0,0,0,0,1,11.0,8.0,3.0,26.0,129.945,57.94500000000001,57.94500000000001,129.92,129.98,129.98,129.92,72,129.97,129.9,129.92,-0.0003847041624991,0.8047916666666668,0,0,0.8047916666666666,0,0,6254.179999999996,0.0543631185604409,0.0,0.0,1.0,0.0
qxgij9sh,dadcupjc,562efb1b-a346-43e9-8059-5c07029ce57e,bc406764-852c-4301-aac5-ffda79e1d352,1,ghp,7,5593.0,2600.0,,,4336.25,14.0,5453.0,0.6666666666666666,3.0,-0.3666666666666666,1,1,18.0,0.0,0.0,1,1,1,1,1.0,2.0,-1.0,10.0,66.001,-5.999000000000001,5.999000000000001,65.94,63.88,67.91,63.88,72,64.88,58.79,62.93,0.0163378545006165,0.0833194444444444,0,0,-0.0833194444444443,0,0,5344.25,0.0607192838967647,0.0,0.0,1.0,0.0
qxgij9sh,stzawa55,562efb1b-a346-43e9-8059-5c07029ce57e,90a3d963-fbea-46b9-8de6-7bf9d6b601c5,1,ghp,7,6667.0,3800.0,,,4812.41,21.0,6477.0,0.75,4.0,-0.35,3,0,24.0,0.0,0.0,1,1,1,1,0.0,0.0,0.0,10.0,66.001,-5.999000000000001,5.999000000000001,65.94,63.88,67.91,63.88,72,64.88,58.79,62.93,0.0163378545006165,0.0833194444444444,0,0,-0.0833194444444443,0,0,6324.41,0.0607192838967647,0.0,0.0,1.0,0.0
qxgij9sh,ja9vp1ab,562efb1b-a346-43e9-8059-5c07029ce57e,0eef23b9-e989-4879-a424-0549e92340f7,1,ghp,7,7291.0,2600.0,,,3752.3399999999992,52.0,7091.0,0.8333333333333334,5.0,-0.3333333333333333,3,0,22.0,1.0,0.0,1,1,1,1,0.0,6.0,-6.0,10.0,66.001,-5.999000000000001,5.999000000000001,65.94,63.88,67.91,63.88,72,64.88,58.79,62.93,0.0163378545006165,0.0833194444444444,0,0,-0.0833194444444443,0,0,7496.339999999999,0.0607192838967647,0.0,0.0,1.0,0.0
qxgij9sh,tzbpp88u,562efb1b-a346-43e9-8059-5c07029ce57e,51571e52-e5e1-4e31-b9d8-616043a0be9a,1,ghp,7,5765.0,3800.0,,,4610.200000000001,22.0,5545.0,0.8333333333333334,5.0,-0.3333333333333333,3,0,23.0,0.0,0.0,1,1,1,1,5.0,2.0,3.0,10.0,66.001,-5.999000000000001,5.999000000000001,65.94,63.88,67.91,63.88,72,64.88,58.79,62.93,0.0163378545006165,0.0833194444444444,0,0,-0.0833194444444443,0,0,6194.200000000001,0.0607192838967647,0.3333333333333333,0.3333333333333333,0.3333333333333333,0.0
qxgij9sh,gr27p5tr,562efb1b-a346-43e9-8059-5c07029ce57e,6c1cc253-2d3c-4c02-96fe-14e14b6bdce5,1,ghp,7,5642.0,2600.0,,,5410.810000000001,4.0,5532.0,0.5833333333333334,7.0,0.1166666666666665,3,0,19.0,1.0,1.0,1,1,1,1,2.0,0.0,2.0,10.0,66.001,-5.999000000000001,5.999000000000001,65.94,63.88,67.91,63.88,72,64.88,58.79,62.93,0.0163378545006165,0.0833194444444444,0,0,-0.0833194444444443,0,0,5698.810000000001,0.0607192838967647,1.0,0.0,0.0,0.0
qxgij9sh,e60078af,562efb1b-a346-43e9-8059-5c07029ce57e,da37c669-bb41-4646-a780-46fa1fade433,1,ghp,7,4972.0,3800.0,,,4397.990000000001,17.0,4782.0,0.75,6.0,-0.15,10,0,21.0,0.0,0.0,1,1,1,1,2.0,0.0,2.0,10.0,66.001,-5.999000000000001,5.999000000000001,65.94,63.88,67.91,63.88,72,64.88,58.79,62.93,0.0163378545006165,0.0833194444444444,0,0,-0.0833194444444443,0,0,5621.990000000001,0.0607192838967647,1.0,0.0,0.0,0.0
qxgij9sh,g9jo03o9,c790e030-d023-437b-b3f5-54393dc4bea4,30fc2b4e-6bfb-433a-804d-56f7e84d7ba3,1,ghp,8,5611.0,2600.0,,,4361.84,18.0,5521.0,0.4166666666666667,1.0,-0.3166666666666666,1,1,20.0,0.0,0.0,0,1,1,1,0.0,2.0,-2.0,31.0,56.104838709677416,-7.895161290322581,7.895161290322581,55.0,57.0,57.25,50.0,64,62.0,71.0,50.26,-0.1129032258064516,0.1233618951612903,0,0,-0.1233618951612903,0,0,5513.84,0.0399002177068214,0.0,0.0,0.0,1.0
qxgij9sh,h0ebvwds,c790e030-d023-437b-b3f5-54393dc4bea4,7282a71b-4af9-4161-9243-59a7200491a8,1,ghp,8,5268.0,3800.0,,,4761.63,11.0,5128.0,0.8333333333333334,7.0,-0.1333333333333334,1,0,33.0,0.0,1.0,1,1,1,1,0.0,0.0,0.0,31.0,56.104838709677416,-7.895161290322581,7.895161290322581,55.0,57.0,57.25,50.0,64,62.0,71.0,50.26,-0.1129032258064516,0.1233618951612903,0,0,-0.1233618951612903,0,0,5465.63,0.0399002177068214,0.0,0.5,0.5,0.0
qxgij9sh,u2aoz11d,c790e030-d023-437b-b3f5-54393dc4bea4,9d5dfc26-db4a-4f04-a070-57ca9e03a8a8,1,ghp,8,4992.0,2600.0,,,4736.16,12.0,4892.0,0.8333333333333334,7.0,-0.1333333333333334,2,0,19.0,1.0,1.0,0,1,1,1,0.0,10.0,-10.0,31.0,56.104838709677416,-7.895161290322581,7.895161290322581,55.0,57.0,57.25,50.0,64,62.0,71.0,50.26,-0.1129032258064516,0.1233618951612903,0,0,-0.1233618951612903,0,0,5504.16,0.0399002177068214,1.0,0.0,0.0,0.0
qxgij9sh,90ay03zv,c790e030-d023-437b-b3f5-54393dc4bea4,f9508a9f-40fc-4e43-82d6-2a10682c80ee,1,ghp,8,4543.0,3800.0,,,4383.01,17.0,4453.0,0.75,6.0,-0.15,1,0,22.0,1.0,1.0,1,1,1,1,1.0,2.0,-1.0,31.0,56.104838709677416,-7.895161290322581,7.895161290322581,55.0,57.0,57.25,50.0,64,62.0,71.0,50.26,-0.1129032258064516,0.1233618951612903,0,0,-0.1233618951612903,0,0,5471.01,0.0399002177068214,0.0,1.0,0.0,0.0
qxgij9sh,ukmvlwcs,c790e030-d023-437b-b3f5-54393dc4bea4,fc375a6c-df52-4846-b92d-128b8b2369fb,1,ghp,8,5655.0,2600.0,,,4156.65,34.0,5515.0,1.0,9.0,-0.0999999999999999,3,0,21.0,1.0,1.0,1,1,1,1,30.0,0.0,30.0,31.0,56.104838709677416,-7.895161290322581,7.895161290322581,55.0,57.0,57.25,50.0,64,62.0,71.0,50.26,-0.1129032258064516,0.1233618951612903,0,0,-0.1233618951612903,0,0,6332.65,0.0399002177068214,0.0,0.0,1.0,0.0
qxgij9sh,ehyb34jx,c790e030-d023-437b-b3f5-54393dc4bea4,29263d52-43a8-41f9-8fac-174bd27a3cac,1,ghp,8,4044.0,3800.0,,,4656.710000000001,2.0,3934.0,0.9166666666666666,6.0,-0.3166666666666666,4,0,20.0,0.0,1.0,0,1,1,1,0.0,17.0,-17.0,31.0,56.104838709677416,-7.895161290322581,7.895161290322581,55.0,57.0,57.25,50.0,64,62.0,71.0,50.26,-0.1129032258064516,0.1233618951612903,0,0,-0.1233618951612903,0,0,4784.710000000001,0.0399002177068214,1.0,0.0,0.0,0.0
qxgij9sh,6xvvhy1g,1929c09c-602b-4617-8659-48b1a29c8097,805afd8a-f298-447c-b524-fcfacc9b528f,0,ng,8,4941.0,2600.0,,,7406.549999999992,0.0,4691.0,0.75,1.0,-0.65,2,0,22.0,0.0,1.0,1,0,0,1,0.0,14.0,-14.0,31.0,129.8922580645161,65.89225806451613,65.89225806451613,129.92,129.87,129.93,129.82,64,129.92,129.97,129.89,0.0,1.0295665322580645,0,0,1.0295665322580645,0,0,7406.549999999992,0.0989861415025527,0.0,0.0,1.0,0.0
qxgij9sh,o6ptk42l,1929c09c-602b-4617-8659-48b1a29c8097,fc1e2a3f-5601-4c5f-9adf-19d17e6e5667,0,ng,8,5638.0,3800.0,,,4840.79,7.0,5398.0,0.8333333333333334,4.0,-0.4333333333333333,1,1,20.0,0.0,1.0,1,0,0,1,3.0,2.0,1.0,31.0,129.8922580645161,65.89225806451613,65.89225806451613,129.92,129.87,129.93,129.82,64,129.92,129.97,129.89,0.0,1.0295665322580645,0,0,1.0295665322580645,0,0,5288.79,0.0989861415025527,0.0,0.0,1.0,0.0
qxgij9sh,vitm387c,1929c09c-602b-4617-8659-48b1a29c8097,79bc089c-0e42-4ffb-a089-d39727a7ad5e,0,ng,8,4427.0,2600.0,,,3222.0499999999997,32.0,4227.0,0.5,1.0,-0.4,3,0,22.0,0.0,0.0,1,0,0,1,0.0,2.0,-2.0,31.0,129.8922580645161,65.89225806451613,65.89225806451613,129.92,129.87,129.93,129.82,64,129.92,129.97,129.89,0.0,1.0295665322580645,0,0,1.0295665322580645,0,0,5270.049999999999,0.0989861415025527,1.0,0.0,0.0,0.0
qxgij9sh,nngm5qgp,1929c09c-602b-4617-8659-48b1a29c8097,cd733786-3f26-45f5-9434-5391feb2db91,0,ng,8,521.0,3800.0,,,6226.580000000005,0.0,261.0,1.0,5.0,-0.5,5,0,22.0,0.0,1.0,1,0,0,1,0.0,0.0,0.0,31.0,129.8922580645161,65.89225806451613,65.89225806451613,129.92,129.87,129.93,129.82,64,129.92,129.97,129.89,0.0,1.0295665322580645,0,0,1.0295665322580645,0,0,6226.580000000005,0.0989861415025527,0.0,1.0,0.0,0.0
qxgij9sh,9x5fpgk2,1929c09c-602b-4617-8659-48b1a29c8097,e3a0615f-a8a1-4546-bc68-9c947e9bf488,0,ng,8,6999.0,2600.0,,,5179.9599999999955,19.0,6849.0,0.75,10.0,0.25,4,1,21.0,0.0,1.0,1,0,0,1,9.0,8.0,1.0,31.0,129.8922580645161,65.89225806451613,65.89225806451613,129.92,129.87,129.93,129.82,64,129.92,129.97,129.89,0.0,1.0295665322580645,0,0,1.0295665322580645,0,0,6395.9599999999955,0.0989861415025527,0.0,0.0,1.0,0.0
qxgij9sh,7d70uqk8,1929c09c-602b-4617-8659-48b1a29c8097,eae02f14-4e82-48f4-9971-bdb53d8c832b,0,ng,8,9064.0,3800.0,,,1648.069999999996,39.0,8854.0,0.5833333333333334,6.0,0.0166666666666666,2,0,20.0,1.0,1.0,0,0,0,1,19.0,5.0,14.0,31.0,129.8922580645161,65.89225806451613,65.89225806451613,129.92,129.87,129.93,129.82,64,129.92,129.97,129.89,0.0,1.0295665322580645,0,0,1.0295665322580645,0,0,4144.069999999996,0.0989861415025527,0.0,0.0,1.0,0.0
qxgij9sh,dadcupjc,562efb1b-a346-43e9-8059-5c07029ce57e,bc406764-852c-4301-aac5-ffda79e1d352,1,ghp,8,5593.0,2600.0,,,4257.2,17.0,5453.0,0.6666666666666666,3.0,-0.3666666666666666,1,1,18.0,0.0,0.0,1,1,1,1,2.0,0.0,2.0,18.0,66.4,2.3999999999999977,2.5388888888888865,62.93,67.35,67.82,62.93,64,65.94,64.88,67.15,-0.0456475583864118,0.0396701388888888,0,0,0.0375,0,0,5345.2,0.0355777125537139,0.0,0.0,1.0,0.0
qxgij9sh,stzawa55,562efb1b-a346-43e9-8059-5c07029ce57e,90a3d963-fbea-46b9-8de6-7bf9d6b601c5,1,ghp,8,6667.0,3800.0,,,4495.620000000001,29.0,6477.0,0.75,4.0,-0.35,3,0,24.0,0.0,0.0,1,1,1,1,7.0,1.0,6.0,18.0,66.4,2.3999999999999977,2.5388888888888865,62.93,67.35,67.82,62.93,64,65.94,64.88,67.15,-0.0456475583864118,0.0396701388888888,0,0,0.0375,0,0,6351.620000000001,0.0355777125537139,0.0,0.0,1.0,0.0
qxgij9sh,ja9vp1ab,562efb1b-a346-43e9-8059-5c07029ce57e,0eef23b9-e989-4879-a424-0549e92340f7,1,ghp,8,7291.0,2600.0,,,4752.059999999999,24.0,7091.0,0.8333333333333334,5.0,-0.3333333333333333,3,0,22.0,1.0,0.0,1,1,1,1,1.0,13.0,-12.0,18.0,66.4,2.3999999999999977,2.5388888888888865,62.93,67.35,67.82,62.93,64,65.94,64.88,67.15,-0.0456475583864118,0.0396701388888888,0,0,0.0375,0,0,6288.059999999999,0.0355777125537139,0.0,0.0,1.0,0.0
qxgij9sh,tzbpp88u,562efb1b-a346-43e9-8059-5c07029ce57e,51571e52-e5e1-4e31-b9d8-616043a0be9a,1,ghp,8,5765.0,3800.0,,,4899.400000000001,10.0,5545.0,0.8333333333333334,5.0,-0.3333333333333333,3,0,23.0,0.0,0.0,1,1,1,1,0.0,3.0,-3.0,18.0,66.4,2.3999999999999977,2.5388888888888865,62.93,67.35,67.82,62.93,64,65.94,64.88,67.15,-0.0456475583864118,0.0396701388888888,0,0,0.0375,0,0,5539.400000000001,0.0355777125537139,0.3333333333333333,0.3333333333333333,0.3333333333333333,0.0
qxgij9sh,gr27p5tr,562efb1b-a346-43e9-8059-5c07029ce57e,6c1cc253-2d3c-4c02-96fe-14e14b6bdce5,1,ghp,8,5642.0,2600.0,,,5236.010000000002,7.0,5532.0,0.5833333333333334,7.0,0.1166666666666665,3,0,19.0,1.0,1.0,1,1,1,1,4.0,1.0,3.0,18.0,66.4,2.3999999999999977,2.5388888888888865,62.93,67.35,67.82,62.93,64,65.94,64.88,67.15,-0.0456475583864118,0.0396701388888888,0,0,0.0375,0,0,5684.010000000002,0.0355777125537139,1.0,0.0,0.0,0.0
qxgij9sh,e60078af,562efb1b-a346-43e9-8059-5c07029ce57e,da37c669-bb41-4646-a780-46fa1fade433,1,ghp,8,4972.0,3800.0,,,4199.71,21.0,4782.0,0.75,6.0,-0.15,10,0,21.0,0.0,0.0,1,1,1,1,4.0,0.0,4.0,18.0,66.4,2.3999999999999977,2.5388888888888865,62.93,67.35,67.82,62.93,64,65.94,64.88,67.15,-0.0456475583864118,0.0396701388888888,0,0,0.0375,0,0,5543.71,0.0355777125537139,1.0,0.0,0.0,0.0
qxgij9sh,g9jo03o9,c790e030-d023-437b-b3f5-54393dc4bea4,30fc2b4e-6bfb-433a-804d-56f7e84d7ba3,1,ghp,9,5611.0,2600.0,30.0,3.0,4721.84,18.0,5521.0,0.4166666666666667,1.0,-0.3166666666666666,1,1,20.0,0.0,0.0,0,1,1,1,0.0,0.0,0.0,12.0,50.9575,-5.0425,5.0425,50.26,52.63,52.63,50.26,56,55.0,62.0,54.29,-0.0861818181818182,0.0900446428571428,0,0,-0.0900446428571428,0,0,5729.84,0.0526139039321873,0.0,0.0,0.0,1.0
qxgij9sh,h0ebvwds,c790e030-d023-437b-b3f5-54393dc4bea4,7282a71b-4af9-4161-9243-59a7200491a8,1,ghp,9,5268.0,3800.0,41.0,4.0,5033.45,8.0,5128.0,0.8333333333333334,7.0,-0.1333333333333334,1,0,33.0,0.0,1.0,1,1,1,1,0.0,1.0,-1.0,12.0,50.9575,-5.0425,5.0425,50.26,52.63,52.63,50.26,56,55.0,62.0,54.29,-0.0861818181818182,0.0900446428571428,0,0,-0.0900446428571428,0,0,5481.45,0.0526139039321873,0.0,0.5,0.5,0.0
qxgij9sh,u2aoz11d,c790e030-d023-437b-b3f5-54393dc4bea4,9d5dfc26-db4a-4f04-a070-57ca9e03a8a8,1,ghp,9,4992.0,2600.0,49.0,5.0,5279.9400000000005,5.0,4892.0,0.8333333333333334,7.0,-0.1333333333333334,2,0,19.0,1.0,1.0,0,1,1,1,0.0,6.0,-6.0,12.0,50.9575,-5.0425,5.0425,50.26,52.63,52.63,50.26,56,55.0,62.0,54.29,-0.0861818181818182,0.0900446428571428,0,0,-0.0900446428571428,0,0,5559.9400000000005,0.0526139039321873,1.0,0.0,0.0,0.0
qxgij9sh,90ay03zv,c790e030-d023-437b-b3f5-54393dc4bea4,f9508a9f-40fc-4e43-82d6-2a10682c80ee,1,ghp,9,4543.0,3800.0,4700.0,3.0,4927.080000000001,12.0,4453.0,0.75,6.0,-0.15,1,0,22.0,1.0,1.0,1,1,1,1,1.0,5.0,-4.0,12.0,50.9575,-5.0425,5.0425,50.26,52.63,52.63,50.26,56,55.0,62.0,54.29,-0.0861818181818182,0.0900446428571428,0,0,-0.0900446428571428,0,0,5599.080000000001,0.0526139039321873,0.0,1.0,0.0,0.0
qxgij9sh,ukmvlwcs,c790e030-d023-437b-b3f5-54393dc4bea4,fc375a6c-df52-4846-b92d-128b8b2369fb,1,ghp,9,5655.0,2600.0,48.0,3.0,4276.979999999999,45.0,5515.0,1.0,9.0,-0.0999999999999999,3,0,21.0,1.0,1.0,1,1,1,1,11.0,0.0,11.0,12.0,50.9575,-5.0425,5.0425,50.26,52.63,52.63,50.26,56,55.0,62.0,54.29,-0.0861818181818182,0.0900446428571428,0,0,-0.0900446428571428,0,0,6796.979999999999,0.0526139039321873,0.0,0.0,1.0,0.0
qxgij9sh,ehyb34jx,c790e030-d023-437b-b3f5-54393dc4bea4,29263d52-43a8-41f9-8fac-174bd27a3cac,1,ghp,9,4044.0,3800.0,50.0,5.0,4696.710000000001,2.0,3934.0,0.9166666666666666,6.0,-0.3166666666666666,4,0,20.0,0.0,1.0,0,1,1,1,0.0,0.0,0.0,12.0,50.9575,-5.0425,5.0425,50.26,52.63,52.63,50.26,56,55.0,62.0,54.29,-0.0861818181818182,0.0900446428571428,0,0,-0.0900446428571428,0,0,4808.710000000001,0.0526139039321873,1.0,0.0,0.0,0.0
qxgij9sh,6xvvhy1g,1929c09c-602b-4617-8659-48b1a29c8097,805afd8a-f298-447c-b524-fcfacc9b528f,0,ng,9,4941.0,2600.0,130.0,3.0,3123.7399999999893,33.0,4691.0,0.75,1.0,-0.65,2,0,22.0,0.0,1.0,1,0,0,1,33.0,0.0,33.0,56.0,129.7732142857143,73.77321428571429,73.77321428571429,129.89,129.89,129.93,129.55,56,129.92,129.92,130.0,-0.0002309113300492,1.3173788265306123,0,0,1.3173788265306123,0,0,4971.739999999989,0.0678503137689185,0.0,0.0,1.0,0.0
qxgij9sh,o6ptk42l,1929c09c-602b-4617-8659-48b1a29c8097,fc1e2a3f-5601-4c5f-9adf-19d17e6e5667,0,ng,9,5638.0,3800.0,130.0,4.0,5370.63,3.0,5398.0,0.8333333333333334,4.0,-0.4333333333333333,1,1,20.0,0.0,1.0,1,0,0,1,1.0,4.0,-3.0,56.0,129.7732142857143,73.77321428571429,73.77321428571429,129.89,129.89,129.93,129.55,56,129.92,129.92,130.0,-0.0002309113300492,1.3173788265306123,0,0,1.3173788265306123,0,0,5538.63,0.0678503137689185,0.0,0.0,1.0,0.0
qxgij9sh,vitm387c,1929c09c-602b-4617-8659-48b1a29c8097,79bc089c-0e42-4ffb-a089-d39727a7ad5e,0,ng,9,4427.0,2600.0,0.0,0.0,4770.65,25.0,4227.0,0.5,1.0,-0.4,3,0,22.0,0.0,0.0,1,0,0,1,0.0,7.0,-7.0,56.0,129.7732142857143,73.77321428571429,73.77321428571429,129.89,129.89,129.93,129.55,56,129.92,129.92,130.0,-0.0002309113300492,1.3173788265306123,0,0,1.3173788265306123,0,0,6170.65,0.0678503137689185,1.0,0.0,0.0,0.0
qxgij9sh,nngm5qgp,1929c09c-602b-4617-8659-48b1a29c8097,cd733786-3f26-45f5-9434-5391feb2db91,0,ng,9,521.0,3800.0,130.0,2.0,5318.570000000004,7.0,261.0,1.0,5.0,-0.5,5,0,22.0,0.0,1.0,1,0,0,1,7.0,0.0,7.0,56.0,129.7732142857143,73.77321428571429,73.77321428571429,129.89,129.89,129.93,129.55,56,129.92,129.92,130.0,-0.0002309113300492,1.3173788265306123,0,0,1.3173788265306123,0,0,5710.570000000004,0.0678503137689185,0.0,1.0,0.0,0.0
qxgij9sh,9x5fpgk2,1929c09c-602b-4617-8659-48b1a29c8097,e3a0615f-a8a1-4546-bc68-9c947e9bf488,0,ng,9,6999.0,2600.0,100.0,2.0,6594.899999999996,12.0,6849.0,0.75,10.0,0.25,4,1,21.0,0.0,1.0,1,0,0,1,13.0,21.0,-8.0,56.0,129.7732142857143,73.77321428571429,73.77321428571429,129.89,129.89,129.93,129.55,56,129.92,129.92,130.0,-0.0002309113300492,1.3173788265306123,0,0,1.3173788265306123,0,0,7266.899999999996,0.0678503137689185,0.0,0.0,1.0,0.0
qxgij9sh,7d70uqk8,1929c09c-602b-4617-8659-48b1a29c8097,eae02f14-4e82-48f4-9971-bdb53d8c832b,0,ng,9,9064.0,3800.0,130.0,4.0,5285.509999999996,21.0,8854.0,0.5833333333333334,6.0,0.0166666666666666,2,0,20.0,1.0,1.0,0,0,0,1,2.0,24.0,-22.0,56.0,129.7732142857143,73.77321428571429,73.77321428571429,129.89,129.89,129.93,129.55,56,129.92,129.92,130.0,-0.0002309113300492,1.3173788265306123,0,0,1.3173788265306123,0,0,6461.509999999996,0.0678503137689185,0.0,0.0,1.0,0.0
qxgij9sh,dadcupjc,562efb1b-a346-43e9-8059-5c07029ce57e,bc406764-852c-4301-aac5-ffda79e1d352,1,ghp,9,5593.0,2600.0,70.0,1.0,4597.24,18.0,5453.0,0.6666666666666666,3.0,-0.3666666666666666,1,1,18.0,0.0,0.0,1,1,1,1,2.0,2.0,0.0,22.0,66.89136363636364,10.891363636363634,10.891363636363634,67.15,62.82,67.27,62.82,56,62.93,65.94,65.32,0.0670586365803274,0.1944886363636363,0,0,0.1944886363636363,0,0,5605.24,0.0416441391535563,0.0,0.0,1.0,0.0
qxgij9sh,stzawa55,562efb1b-a346-43e9-8059-5c07029ce57e,90a3d963-fbea-46b9-8de6-7bf9d6b601c5,1,ghp,9,6667.0,3800.0,66.0,3.0,5079.580000000001,27.0,6477.0,0.75,4.0,-0.35,3,0,24.0,0.0,0.0,1,1,1,1,1.0,1.0,0.0,22.0,66.89136363636364,10.891363636363634,10.891363636363634,67.15,62.82,67.27,62.82,56,62.93,65.94,65.32,0.0670586365803274,0.1944886363636363,0,0,0.1944886363636363,0,0,6591.580000000001,0.0416441391535563,0.0,0.0,1.0,0.0
qxgij9sh,ja9vp1ab,562efb1b-a346-43e9-8059-5c07029ce57e,0eef23b9-e989-4879-a424-0549e92340f7,1,ghp,9,7291.0,2600.0,58.0,3.0,6234.939999999997,9.0,7091.0,0.8333333333333334,5.0,-0.3333333333333333,3,0,22.0,1.0,0.0,1,1,1,1,0.0,15.0,-15.0,22.0,66.89136363636364,10.891363636363634,10.891363636363634,67.15,62.82,67.27,62.82,56,62.93,65.94,65.32,0.0670586365803274,0.1944886363636363,0,0,0.1944886363636363,0,0,6738.939999999997,0.0416441391535563,0.0,0.0,1.0,0.0
qxgij9sh,tzbpp88u,562efb1b-a346-43e9-8059-5c07029ce57e,51571e52-e5e1-4e31-b9d8-616043a0be9a,1,ghp,9,5765.0,3800.0,66.0,2.0,4026.6400000000017,27.0,5545.0,0.8333333333333334,5.0,-0.3333333333333333,3,0,23.0,0.0,0.0,1,1,1,1,18.0,2.0,16.0,22.0,66.89136363636364,10.891363636363634,10.891363636363634,67.15,62.82,67.27,62.82,56,62.93,65.94,65.32,0.0670586365803274,0.1944886363636363,0,0,0.1944886363636363,0,0,5538.640000000001,0.0416441391535563,0.3333333333333333,0.3333333333333333,0.3333333333333333,0.0
qxgij9sh,gr27p5tr,562efb1b-a346-43e9-8059-5c07029ce57e,6c1cc253-2d3c-4c02-96fe-14e14b6bdce5,1,ghp,9,5642.0,2600.0,75.0,4.0,5509.100000000002,6.0,5532.0,0.5833333333333334,7.0,0.1166666666666665,3,0,19.0,1.0,1.0,1,1,1,1,0.0,2.0,-2.0,22.0,66.89136363636364,10.891363636363634,10.891363636363634,67.15,62.82,67.27,62.82,56,62.93,65.94,65.32,0.0670586365803274,0.1944886363636363,0,0,0.1944886363636363,0,0,5845.100000000002,0.0416441391535563,1.0,0.0,0.0,0.0
qxgij9sh,e60078af,562efb1b-a346-43e9-8059-5c07029ce57e,da37c669-bb41-4646-a780-46fa1fade433,1,ghp,9,4972.0,3800.0,70.0,3.0,4552.5,22.0,4782.0,0.75,6.0,-0.15,10,0,21.0,0.0,0.0,1,1,1,1,1.0,0.0,1.0,22.0,66.89136363636364,10.891363636363634,10.891363636363634,67.15,62.82,67.27,62.82,56,62.93,65.94,65.32,0.0670586365803274,0.1944886363636363,0,0,0.1944886363636363,0,0,5784.5,0.0416441391535563,1.0,0.0,0.0,0.0
qxgij9sh,g9jo03o9,c790e030-d023-437b-b3f5-54393dc4bea4,30fc2b4e-6bfb-433a-804d-56f7e84d7ba3,1,ghp,10,5611.0,2600.0,,,4773.09,17.0,5521.0,0.4166666666666667,1.0,-0.3166666666666666,1,1,20.0,0.0,0.0,0,1,1,1,0.0,1.0,-1.0,16.0,52.29375,4.293750000000001,4.293750000000001,54.29,52.13,54.29,51.2,48,50.26,55.0,50.99,0.0801830481496219,0.089453125,0,0,0.089453125,0,0,5589.09,0.0483641160949867,0.0,0.0,0.0,1.0
qxgij9sh,h0ebvwds,c790e030-d023-437b-b3f5-54393dc4bea4,7282a71b-4af9-4161-9243-59a7200491a8,1,ghp,10,5268.0,3800.0,,,5136.78,6.0,5128.0,0.8333333333333334,7.0,-0.1333333333333334,1,0,33.0,0.0,1.0,1,1,1,1,0.0,2.0,-2.0,16.0,52.29375,4.293750000000001,4.293750000000001,54.29,52.13,54.29,51.2,48,50.26,55.0,50.99,0.0801830481496219,0.089453125,0,0,0.089453125,0,0,5424.78,0.0483641160949867,0.0,0.5,0.5,0.0
qxgij9sh,u2aoz11d,c790e030-d023-437b-b3f5-54393dc4bea4,9d5dfc26-db4a-4f04-a070-57ca9e03a8a8,1,ghp,10,4992.0,2600.0,,,5542.06,0.0,4892.0,0.8333333333333334,7.0,-0.1333333333333334,2,0,19.0,1.0,1.0,0,1,1,1,1.0,6.0,-5.0,16.0,52.29375,4.293750000000001,4.293750000000001,54.29,52.13,54.29,51.2,48,50.26,55.0,50.99,0.0801830481496219,0.089453125,0,0,0.089453125,0,0,5542.06,0.0483641160949867,1.0,0.0,0.0,0.0
qxgij9sh,90ay03zv,c790e030-d023-437b-b3f5-54393dc4bea4,f9508a9f-40fc-4e43-82d6-2a10682c80ee,1,ghp,10,4543.0,3800.0,,,4927.450000000001,12.0,4453.0,0.75,6.0,-0.15,1,0,22.0,1.0,1.0,1,1,1,1,1.0,1.0,0.0,16.0,52.29375,4.293750000000001,4.293750000000001,54.29,52.13,54.29,51.2,48,50.26,55.0,50.99,0.0801830481496219,0.089453125,0,0,0.089453125,0,0,5503.450000000001,0.0483641160949867,0.0,1.0,0.0,0.0
qxgij9sh,ukmvlwcs,c790e030-d023-437b-b3f5-54393dc4bea4,fc375a6c-df52-4846-b92d-128b8b2369fb,1,ghp,10,5655.0,2600.0,,,4592.979999999999,41.0,5515.0,1.0,9.0,-0.0999999999999999,3,0,21.0,1.0,1.0,1,1,1,1,0.0,6.0,-6.0,16.0,52.29375,4.293750000000001,4.293750000000001,54.29,52.13,54.29,51.2,48,50.26,55.0,50.99,0.0801830481496219,0.089453125,0,0,0.089453125,0,0,6560.979999999999,0.0483641160949867,0.0,0.0,1.0,0.0
qxgij9sh,ehyb34jx,c790e030-d023-437b-b3f5-54393dc4bea4,29263d52-43a8-41f9-8fac-174bd27a3cac,1,ghp,10,4044.0,3800.0,,,3963.6400000000017,16.0,3934.0,0.9166666666666666,6.0,-0.3166666666666666,4,0,20.0,0.0,1.0,0,1,1,1,14.0,0.0,14.0,16.0,52.29375,4.293750000000001,4.293750000000001,54.29,52.13,54.29,51.2,48,50.26,55.0,50.99,0.0801830481496219,0.089453125,0,0,0.089453125,0,0,4731.640000000001,0.0483641160949867,1.0,0.0,0.0,0.0
qxgij9sh,6xvvhy1g,1929c09c-602b-4617-8659-48b1a29c8097,805afd8a-f298-447c-b524-fcfacc9b528f,0,ng,10,4941.0,2600.0,,,2347.3099999999904,57.0,4691.0,0.75,1.0,-0.65,2,0,22.0,0.0,1.0,1,0,0,1,24.0,18.0,6.0,57.0,129.9961403508772,81.99614035087718,81.99614035087718,130.0,129.88,130.67,129.79,48,129.89,129.92,129.99,0.0008468704288244,1.708252923976608,0,0,1.7082529239766082,0,0,5083.30999999999,0.0721807971014494,0.0,0.0,1.0,0.0
qxgij9sh,o6ptk42l,1929c09c-602b-4617-8659-48b1a29c8097,fc1e2a3f-5601-4c5f-9adf-19d17e6e5667,0,ng,10,5638.0,3800.0,,,5890.45,0.0,5398.0,0.8333333333333334,4.0,-0.4333333333333333,1,1,20.0,0.0,1.0,1,0,0,1,0.0,4.0,-4.0,57.0,129.9961403508772,81.99614035087718,81.99614035087718,130.0,129.88,130.67,129.79,48,129.89,129.92,129.99,0.0008468704288244,1.708252923976608,0,0,1.7082529239766082,0,0,5890.45,0.0721807971014494,0.0,0.0,1.0,0.0
qxgij9sh,vitm387c,1929c09c-602b-4617-8659-48b1a29c8097,79bc089c-0e42-4ffb-a089-d39727a7ad5e,0,ng,10,4427.0,2600.0,,,4250.78,29.0,4227.0,0.5,1.0,-0.4,3,0,22.0,0.0,0.0,1,0,0,1,4.0,0.0,4.0,57.0,129.9961403508772,81.99614035087718,81.99614035087718,130.0,129.88,130.67,129.79,48,129.89,129.92,129.99,0.0008468704288244,1.708252923976608,0,0,1.7082529239766082,0,0,5642.78,0.0721807971014494,1.0,0.0,0.0,0.0
qxgij9sh,nngm5qgp,1929c09c-602b-4617-8659-48b1a29c8097,cd733786-3f26-45f5-9434-5391feb2db91,0,ng,10,521.0,3800.0,,,5188.720000000004,16.0,261.0,1.0,5.0,-0.5,5,0,22.0,0.0,1.0,1,0,0,1,1.0,0.0,1.0,57.0,129.9961403508772,81.99614035087718,81.99614035087718,130.0,129.88,130.67,129.79,48,129.89,129.92,129.99,0.0008468704288244,1.708252923976608,0,0,1.7082529239766082,0,0,5956.720000000004,0.0721807971014494,0.0,1.0,0.0,0.0
qxgij9sh,9x5fpgk2,1929c09c-602b-4617-8659-48b1a29c8097,e3a0615f-a8a1-4546-bc68-9c947e9bf488,0,ng,10,6999.0,2600.0,,,5162.779999999999,27.0,6849.0,0.75,10.0,0.25,4,1,21.0,0.0,1.0,1,0,0,1,22.0,11.0,11.0,57.0,129.9961403508772,81.99614035087718,81.99614035087718,130.0,129.88,130.67,129.79,48,129.89,129.92,129.99,0.0008468704288244,1.708252923976608,0,0,1.7082529239766082,0,0,6458.779999999999,0.0721807971014494,0.0,0.0,1.0,0.0
qxgij9sh,7d70uqk8,1929c09c-602b-4617-8659-48b1a29c8097,eae02f14-4e82-48f4-9971-bdb53d8c832b,0,ng,10,9064.0,3800.0,,,7623.959999999995,3.0,8854.0,0.5833333333333334,6.0,0.0166666666666666,2,0,20.0,1.0,1.0,0,0,0,1,6.0,24.0,-18.0,57.0,129.9961403508772,81.99614035087718,81.99614035087718,130.0,129.88,130.67,129.79,48,129.89,129.92,129.99,0.0008468704288244,1.708252923976608,0,0,1.7082529239766082,0,0,7767.959999999995,0.0721807971014494,0.0,0.0,1.0,0.0
qxgij9sh,dadcupjc,562efb1b-a346-43e9-8059-5c07029ce57e,bc406764-852c-4301-aac5-ffda79e1d352,1,ghp,10,5593.0,2600.0,,,4664.96,17.0,5453.0,0.6666666666666666,3.0,-0.3666666666666666,1,1,18.0,0.0,0.0,1,1,1,1,2.0,3.0,-1.0,13.0,67.28,19.28,19.28,65.32,67.15,67.82,65.32,48,67.15,62.93,65.4,-0.0272524199553241,0.4016666666666666,0,0,0.4016666666666666,0,0,5480.96,0.049259727845254,0.0,0.0,1.0,0.0
qxgij9sh,stzawa55,562efb1b-a346-43e9-8059-5c07029ce57e,90a3d963-fbea-46b9-8de6-7bf9d6b601c5,1,ghp,10,6667.0,3800.0,,,5279.760000000001,27.0,6477.0,0.75,4.0,-0.35,3,0,24.0,0.0,0.0,1,1,1,1,0.0,3.0,-3.0,13.0,67.28,19.28,19.28,65.32,67.15,67.82,65.32,48,67.15,62.93,65.4,-0.0272524199553241,0.4016666666666666,0,0,0.4016666666666666,0,0,6575.760000000001,0.049259727845254,0.0,0.0,1.0,0.0
qxgij9sh,ja9vp1ab,562efb1b-a346-43e9-8059-5c07029ce57e,0eef23b9-e989-4879-a424-0549e92340f7,1,ghp,10,7291.0,2600.0,,,6571.7099999999955,4.0,7091.0,0.8333333333333334,5.0,-0.3333333333333333,3,0,22.0,1.0,0.0,1,1,1,1,1.0,6.0,-5.0,13.0,67.28,19.28,19.28,65.32,67.15,67.82,65.32,48,67.15,62.93,65.4,-0.0272524199553241,0.4016666666666666,0,0,0.4016666666666666,0,0,6763.7099999999955,0.049259727845254,0.0,0.0,1.0,0.0
qxgij9sh,tzbpp88u,562efb1b-a346-43e9-8059-5c07029ce57e,51571e52-e5e1-4e31-b9d8-616043a0be9a,1,ghp,10,5765.0,3800.0,,,3487.290000000002,39.0,5545.0,0.8333333333333334,5.0,-0.3333333333333333,3,0,23.0,0.0,0.0,1,1,1,1,9.0,1.0,8.0,13.0,67.28,19.28,19.28,65.32,67.15,67.82,65.32,48,67.15,62.93,65.4,-0.0272524199553241,0.4016666666666666,0,0,0.4016666666666666,0,0,5359.290000000002,0.049259727845254,0.3333333333333333,0.3333333333333333,0.3333333333333333,0.0
qxgij9sh,gr27p5tr,562efb1b-a346-43e9-8059-5c07029ce57e,6c1cc253-2d3c-4c02-96fe-14e14b6bdce5,1,ghp,10,5642.0,2600.0,,,5509.100000000002,6.0,5532.0,0.5833333333333334,7.0,0.1166666666666665,3,0,19.0,1.0,1.0,1,1,1,1,0.0,0.0,0.0,13.0,67.28,19.28,19.28,65.32,67.15,67.82,65.32,48,67.15,62.93,65.4,-0.0272524199553241,0.4016666666666666,0,0,0.4016666666666666,0,0,5797.100000000002,0.049259727845254,1.0,0.0,0.0,0.0
qxgij9sh,e60078af,562efb1b-a346-43e9-8059-5c07029ce57e,da37c669-bb41-4646-a780-46fa1fade433,1,ghp,10,4972.0,3800.0,,,4487.18,23.0,4782.0,0.75,6.0,-0.15,10,0,21.0,0.0,0.0,1,1,1,1,1.0,0.0,1.0,13.0,67.28,19.28,19.28,65.32,67.15,67.82,65.32,48,67.15,62.93,65.4,-0.0272524199553241,0.4016666666666666,0,0,0.4016666666666666,0,0,5591.18,0.049259727845254,1.0,0.0,0.0,0.0
qxgij9sh,g9jo03o9,c790e030-d023-437b-b3f5-54393dc4bea4,30fc2b4e-6bfb-433a-804d-56f7e84d7ba3,1,ghp,11,5611.0,2600.0,,,4909.09,17.0,5521.0,0.4166666666666667,1.0,-0.3166666666666666,1,1,20.0,0.0,0.0,0,1,1,1,0.0,0.0,0.0,8.0,51.155,11.155,11.155,50.99,56.99,56.99,49.0,40,54.29,50.26,45.99,-0.0607846748940872,0.278875,0,0,0.278875,0,0,5589.09,0.0471790352135116,0.0,0.0,0.0,1.0
qxgij9sh,h0ebvwds,c790e030-d023-437b-b3f5-54393dc4bea4,7282a71b-4af9-4161-9243-59a7200491a8,1,ghp,11,5268.0,3800.0,,,5234.78,5.0,5128.0,0.8333333333333334,7.0,-0.1333333333333334,1,0,33.0,0.0,1.0,1,1,1,1,0.0,1.0,-1.0,8.0,51.155,11.155,11.155,50.99,56.99,56.99,49.0,40,54.29,50.26,45.99,-0.0607846748940872,0.278875,0,0,0.278875,0,0,5434.78,0.0471790352135116,0.0,0.5,0.5,0.0
qxgij9sh,u2aoz11d,c790e030-d023-437b-b3f5-54393dc4bea4,9d5dfc26-db4a-4f04-a070-57ca9e03a8a8,1,ghp,11,4992.0,2600.0,,,5490.780000000001,2.0,4892.0,0.8333333333333334,7.0,-0.1333333333333334,2,0,19.0,1.0,1.0,0,1,1,1,1.0,0.0,1.0,8.0,51.155,11.155,11.155,50.99,56.99,56.99,49.0,40,54.29,50.26,45.99,-0.0607846748940872,0.278875,0,0,0.278875,0,0,5570.780000000001,0.0471790352135116,1.0,0.0,0.0,0.0
qxgij9sh,90ay03zv,c790e030-d023-437b-b3f5-54393dc4bea4,f9508a9f-40fc-4e43-82d6-2a10682c80ee,1,ghp,11,4543.0,3800.0,,,5066.450000000001,11.0,4453.0,0.75,6.0,-0.15,1,0,22.0,1.0,1.0,1,1,1,1,1.0,2.0,-1.0,8.0,51.155,11.155,11.155,50.99,56.99,56.99,49.0,40,54.29,50.26,45.99,-0.0607846748940872,0.278875,0,0,0.278875,0,0,5506.450000000001,0.0471790352135116,0.0,1.0,0.0,0.0
qxgij9sh,ukmvlwcs,c790e030-d023-437b-b3f5-54393dc4bea4,fc375a6c-df52-4846-b92d-128b8b2369fb,1,ghp,11,5655.0,2600.0,,,5180.229999999998,35.0,5515.0,1.0,9.0,-0.0999999999999999,3,0,21.0,1.0,1.0,1,1,1,1,0.0,5.0,-5.0,8.0,51.155,11.155,11.155,50.99,56.99,56.99,49.0,40,54.29,50.26,45.99,-0.0607846748940872,0.278875,0,0,0.278875,0,0,6580.229999999998,0.0471790352135116,0.0,0.0,1.0,0.0
qxgij9sh,ehyb34jx,c790e030-d023-437b-b3f5-54393dc4bea4,29263d52-43a8-41f9-8fac-174bd27a3cac,1,ghp,11,4044.0,3800.0,,,3790.670000000002,25.0,3934.0,0.9166666666666666,6.0,-0.3166666666666666,4,0,20.0,0.0,1.0,0,1,1,1,6.0,0.0,6.0,8.0,51.155,11.155,11.155,50.99,56.99,56.99,49.0,40,54.29,50.26,45.99,-0.0607846748940872,0.278875,0,0,0.278875,0,0,4790.670000000002,0.0471790352135116,1.0,0.0,0.0,0.0
qxgij9sh,6xvvhy1g,1929c09c-602b-4617-8659-48b1a29c8097,805afd8a-f298-447c-b524-fcfacc9b528f,0,ng,11,4941.0,2600.0,,,6573.049999999985,20.0,4691.0,0.75,1.0,-0.65,2,0,22.0,0.0,1.0,1,0,0,1,0.0,29.0,-29.0,33.0,129.9918181818182,89.99181818181819,89.99181818181819,129.99,130.0,130.01,129.98,40,130.0,129.89,129.98,-7.692307692297451e-05,2.249795454545455,0,0,2.249795454545455,0,0,7373.049999999985,0.0876176362971089,0.0,0.0,1.0,0.0
qxgij9sh,o6ptk42l,1929c09c-602b-4617-8659-48b1a29c8097,fc1e2a3f-5601-4c5f-9adf-19d17e6e5667,0,ng,11,5638.0,3800.0,,,5630.47,2.0,5398.0,0.8333333333333334,4.0,-0.4333333333333333,1,1,20.0,0.0,1.0,1,0,0,1,2.0,0.0,2.0,33.0,129.9918181818182,89.99181818181819,89.99181818181819,129.99,130.0,130.01,129.98,40,130.0,129.89,129.98,-7.692307692297451e-05,2.249795454545455,0,0,2.249795454545455,0,0,5710.47,0.0876176362971089,0.0,0.0,1.0,0.0
qxgij9sh,vitm387c,1929c09c-602b-4617-8659-48b1a29c8097,79bc089c-0e42-4ffb-a089-d39727a7ad5e,0,ng,11,4427.0,2600.0,,,4092.79,32.0,4227.0,0.5,1.0,-0.4,3,0,22.0,0.0,0.0,1,0,0,1,3.0,0.0,3.0,33.0,129.9918181818182,89.99181818181819,89.99181818181819,129.99,130.0,130.01,129.98,40,130.0,129.89,129.98,-7.692307692297451e-05,2.249795454545455,0,0,2.249795454545455,0,0,5372.79,0.0876176362971089,1.0,0.0,0.0,0.0
qxgij9sh,nngm5qgp,1929c09c-602b-4617-8659-48b1a29c8097,cd733786-3f26-45f5-9434-5391feb2db91,0,ng,11,521.0,3800.0,,,3756.8400000000065,20.0,261.0,1.0,5.0,-0.5,5,0,22.0,0.0,1.0,1,0,0,1,12.0,0.0,12.0,33.0,129.9918181818182,89.99181818181819,89.99181818181819,129.99,130.0,130.01,129.98,40,130.0,129.89,129.98,-7.692307692297451e-05,2.249795454545455,0,0,2.249795454545455,0,0,4556.8400000000065,0.0876176362971089,0.0,1.0,0.0,0.0
qxgij9sh,9x5fpgk2,1929c09c-602b-4617-8659-48b1a29c8097,e3a0615f-a8a1-4546-bc68-9c947e9bf488,0,ng,11,6999.0,2600.0,,,5378.83,34.0,6849.0,0.75,10.0,0.25,4,1,21.0,0.0,1.0,1,0,0,1,3.0,3.0,0.0,33.0,129.9918181818182,89.99181818181819,89.99181818181819,129.99,130.0,130.01,129.98,40,130.0,129.89,129.98,-7.692307692297451e-05,2.249795454545455,0,0,2.249795454545455,0,0,6738.83,0.0876176362971089,0.0,0.0,1.0,0.0
qxgij9sh,7d70uqk8,1929c09c-602b-4617-8659-48b1a29c8097,eae02f14-4e82-48f4-9971-bdb53d8c832b,0,ng,11,9064.0,3800.0,,,6088.019999999996,15.0,8854.0,0.5833333333333334,6.0,0.0166666666666666,2,0,20.0,1.0,1.0,0,0,0,1,13.0,1.0,12.0,33.0,129.9918181818182,89.99181818181819,89.99181818181819,129.99,130.0,130.01,129.98,40,130.0,129.89,129.98,-7.692307692297451e-05,2.249795454545455,0,0,2.249795454545455,0,0,6688.019999999996,0.0876176362971089,0.0,0.0,1.0,0.0
qxgij9sh,dadcupjc,562efb1b-a346-43e9-8059-5c07029ce57e,bc406764-852c-4301-aac5-ffda79e1d352,1,ghp,11,5593.0,2600.0,,,4735.4800000000005,17.0,5453.0,0.6666666666666666,3.0,-0.3666666666666666,1,1,18.0,0.0,0.0,1,1,1,1,2.0,1.0,1.0,8.0,65.5325,25.5325,25.5325,65.4,65.36,66.38,65.36,40,65.32,67.15,65.31,0.0012247397428049,0.6383125000000001,0,0,0.6383125,0,0,5415.4800000000005,0.0504591223324315,0.0,0.0,1.0,0.0
qxgij9sh,stzawa55,562efb1b-a346-43e9-8059-5c07029ce57e,90a3d963-fbea-46b9-8de6-7bf9d6b601c5,1,ghp,11,6667.0,3800.0,,,5562.140000000001,29.0,6477.0,0.75,4.0,-0.35,3,0,24.0,0.0,0.0,1,1,1,1,0.0,1.0,-1.0,8.0,65.5325,25.5325,25.5325,65.4,65.36,66.38,65.36,40,65.32,67.15,65.31,0.0012247397428049,0.6383125000000001,0,0,0.6383125,0,0,6722.140000000001,0.0504591223324315,0.0,0.0,1.0,0.0
qxgij9sh,ja9vp1ab,562efb1b-a346-43e9-8059-5c07029ce57e,0eef23b9-e989-4879-a424-0549e92340f7,1,ghp,11,7291.0,2600.0,,,6275.759999999996,9.0,7091.0,0.8333333333333334,5.0,-0.3333333333333333,3,0,22.0,1.0,0.0,1,1,1,1,5.0,0.0,5.0,8.0,65.5325,25.5325,25.5325,65.4,65.36,66.38,65.36,40,65.32,67.15,65.31,0.0012247397428049,0.6383125000000001,0,0,0.6383125,0,0,6635.759999999996,0.0504591223324315,0.0,0.0,1.0,0.0
qxgij9sh,tzbpp88u,562efb1b-a346-43e9-8059-5c07029ce57e,51571e52-e5e1-4e31-b9d8-616043a0be9a,1,ghp,11,5765.0,3800.0,,,4191.740000000002,29.0,5545.0,0.8333333333333334,5.0,-0.3333333333333333,3,0,23.0,0.0,0.0,1,1,1,1,0.0,6.0,-6.0,8.0,65.5325,25.5325,25.5325,65.4,65.36,66.38,65.36,40,65.32,67.15,65.31,0.0012247397428049,0.6383125000000001,0,0,0.6383125,0,0,5351.740000000002,0.0504591223324315,0.3333333333333333,0.3333333333333333,0.3333333333333333,0.0
qxgij9sh,gr27p5tr,562efb1b-a346-43e9-8059-5c07029ce57e,6c1cc253-2d3c-4c02-96fe-14e14b6bdce5,1,ghp,11,5642.0,2600.0,,,5557.100000000002,6.0,5532.0,0.5833333333333334,7.0,0.1166666666666665,3,0,19.0,1.0,1.0,1,1,1,1,0.0,0.0,0.0,8.0,65.5325,25.5325,25.5325,65.4,65.36,66.38,65.36,40,65.32,67.15,65.31,0.0012247397428049,0.6383125000000001,0,0,0.6383125,0,0,5797.100000000002,0.0504591223324315,1.0,0.0,0.0,0.0
qxgij9sh,e60078af,562efb1b-a346-43e9-8059-5c07029ce57e,da37c669-bb41-4646-a780-46fa1fade433,1,ghp,11,4972.0,3800.0,,,4605.780000000001,24.0,4782.0,0.75,6.0,-0.15,10,0,21.0,0.0,0.0,1,1,1,1,1.0,0.0,1.0,8.0,65.5325,25.5325,25.5325,65.4,65.36,66.38,65.36,40,65.32,67.15,65.31,0.0012247397428049,0.6383125000000001,0,0,0.6383125,0,0,5565.780000000001,0.0504591223324315,1.0,0.0,0.0,0.0
qxgij9sh,g9jo03o9,c790e030-d023-437b-b3f5-54393dc4bea4,30fc2b4e-6bfb-433a-804d-56f7e84d7ba3,1,ghp,12,5611.0,2600.0,48.0,3.0,5045.09,17.0,5521.0,0.4166666666666667,1.0,-0.3166666666666666,1,1,20.0,0.0,0.0,0,1,1,1,0.0,0.0,0.0,3.0,48.830000000000005,16.830000000000002,16.830000000000002,45.99,49.51,50.99,45.99,32,50.99,54.29,31.0,-0.0980584428319277,0.5259375000000001,0,0,0.5259375000000002,0,0,5589.09,0.0596152490601502,0.0,0.0,0.0,1.0
qxgij9sh,h0ebvwds,c790e030-d023-437b-b3f5-54393dc4bea4,7282a71b-4af9-4161-9243-59a7200491a8,1,ghp,12,5268.0,3800.0,30.0,3.0,5324.29,5.0,5128.0,0.8333333333333334,7.0,-0.1333333333333334,1,0,33.0,0.0,1.0,1,1,1,1,0.0,1.0,-1.0,3.0,48.830000000000005,16.830000000000002,16.830000000000002,45.99,49.51,50.99,45.99,32,50.99,54.29,31.0,-0.0980584428319277,0.5259375000000001,0,0,0.5259375000000002,0,0,5484.29,0.0596152490601502,0.0,0.5,0.5,0.0
qxgij9sh,u2aoz11d,c790e030-d023-437b-b3f5-54393dc4bea4,9d5dfc26-db4a-4f04-a070-57ca9e03a8a8,1,ghp,12,4992.0,2600.0,0.0,0.0,5506.780000000001,2.0,4892.0,0.8333333333333334,7.0,-0.1333333333333334,2,0,19.0,1.0,1.0,0,1,1,1,0.0,0.0,0.0,3.0,48.830000000000005,16.830000000000002,16.830000000000002,45.99,49.51,50.99,45.99,32,50.99,54.29,31.0,-0.0980584428319277,0.5259375000000001,0,0,0.5259375000000002,0,0,5570.780000000001,0.0596152490601502,1.0,0.0,0.0,0.0
qxgij9sh,90ay03zv,c790e030-d023-437b-b3f5-54393dc4bea4,f9508a9f-40fc-4e43-82d6-2a10682c80ee,1,ghp,12,4543.0,3800.0,5200.0,3.0,5007.960000000001,14.0,4453.0,0.75,6.0,-0.15,1,0,22.0,1.0,1.0,1,1,1,1,3.0,0.0,3.0,3.0,48.830000000000005,16.830000000000002,16.830000000000002,45.99,49.51,50.99,45.99,32,50.99,54.29,31.0,-0.0980584428319277,0.5259375000000001,0,0,0.5259375000000002,0,0,5455.960000000001,0.0596152490601502,0.0,1.0,0.0,0.0
qxgij9sh,ukmvlwcs,c790e030-d023-437b-b3f5-54393dc4bea4,fc375a6c-df52-4846-b92d-128b8b2369fb,1,ghp,12,5655.0,2600.0,55.0,1.0,5511.2199999999975,51.0,5515.0,1.0,9.0,-0.0999999999999999,3,0,21.0,1.0,1.0,1,1,1,1,0.0,1.0,-1.0,3.0,48.830000000000005,16.830000000000002,16.830000000000002,45.99,49.51,50.99,45.99,32,50.99,54.29,31.0,-0.0980584428319277,0.5259375000000001,0,0,0.5259375000000002,0,0,7143.2199999999975,0.0596152490601502,0.0,0.0,1.0,0.0
qxgij9sh,ehyb34jx,c790e030-d023-437b-b3f5-54393dc4bea4,29263d52-43a8-41f9-8fac-174bd27a3cac,1,ghp,12,4044.0,3800.0,45.0,5.0,4036.6600000000017,24.0,3934.0,0.9166666666666666,6.0,-0.3166666666666666,4,0,20.0,0.0,1.0,0,1,1,1,0.0,1.0,-1.0,3.0,48.830000000000005,16.830000000000002,16.830000000000002,45.99,49.51,50.99,45.99,32,50.99,54.29,31.0,-0.0980584428319277,0.5259375000000001,0,0,0.5259375000000002,0,0,4804.660000000002,0.0596152490601502,1.0,0.0,0.0,0.0
qxgij9sh,6xvvhy1g,1929c09c-602b-4617-8659-48b1a29c8097,805afd8a-f298-447c-b524-fcfacc9b528f,0,ng,12,4941.0,2600.0,130.0,3.0,7512.979999999983,4.0,4691.0,0.75,1.0,-0.65,2,0,22.0,0.0,1.0,1,0,0,1,0.0,6.0,-6.0,9.0,129.98555555555555,97.98555555555556,97.98555555555556,129.98,129.99,129.99,129.98,32,129.99,130.0,129.98,-7.692899453815016e-05,3.062048611111111,0,0,3.062048611111111,0,0,7640.979999999983,0.099024564882132,0.0,0.0,1.0,0.0
qxgij9sh,o6ptk42l,1929c09c-602b-4617-8659-48b1a29c8097,fc1e2a3f-5601-4c5f-9adf-19d17e6e5667,0,ng,12,5638.0,3800.0,130.0,4.0,5516.4800000000005,3.0,5398.0,0.8333333333333334,4.0,-0.4333333333333333,1,1,20.0,0.0,1.0,1,0,0,1,1.0,0.0,1.0,9.0,129.98555555555555,97.98555555555556,97.98555555555556,129.98,129.99,129.99,129.98,32,129.99,130.0,129.98,-7.692899453815016e-05,3.062048611111111,0,0,3.062048611111111,0,0,5612.4800000000005,0.099024564882132,0.0,0.0,1.0,0.0
qxgij9sh,vitm387c,1929c09c-602b-4617-8659-48b1a29c8097,79bc089c-0e42-4ffb-a089-d39727a7ad5e,0,ng,12,4427.0,2600.0,131.0,2.0,4608.749999999999,30.0,4227.0,0.5,1.0,-0.4,3,0,22.0,0.0,0.0,1,0,0,1,0.0,2.0,-2.0,9.0,129.98555555555555,97.98555555555556,97.98555555555556,129.98,129.99,129.99,129.98,32,129.99,130.0,129.98,-7.692899453815016e-05,3.062048611111111,0,0,3.062048611111111,0,0,5568.749999999999,0.099024564882132,1.0,0.0,0.0,0.0
qxgij9sh,nngm5qgp,1929c09c-602b-4617-8659-48b1a29c8097,cd733786-3f26-45f5-9434-5391feb2db91,0,ng,12,521.0,3800.0,131.0,2.0,3396.8800000000074,27.0,261.0,1.0,5.0,-0.5,5,0,22.0,0.0,1.0,1,0,0,1,4.0,0.0,4.0,9.0,129.98555555555555,97.98555555555556,97.98555555555556,129.98,129.99,129.99,129.98,32,129.99,130.0,129.98,-7.692899453815016e-05,3.062048611111111,0,0,3.062048611111111,0,0,4260.880000000007,0.099024564882132,0.0,1.0,0.0,0.0
qxgij9sh,9x5fpgk2,1929c09c-602b-4617-8659-48b1a29c8097,e3a0615f-a8a1-4546-bc68-9c947e9bf488,0,ng,12,6999.0,2600.0,130.0,3.0,5130.910000000002,38.0,6849.0,0.75,10.0,0.25,4,1,21.0,0.0,1.0,1,0,0,1,4.0,0.0,4.0,9.0,129.98555555555555,97.98555555555556,97.98555555555556,129.98,129.99,129.99,129.98,32,129.99,130.0,129.98,-7.692899453815016e-05,3.062048611111111,0,0,3.062048611111111,0,0,6346.910000000002,0.099024564882132,0.0,0.0,1.0,0.0
qxgij9sh,7d70uqk8,1929c09c-602b-4617-8659-48b1a29c8097,eae02f14-4e82-48f4-9971-bdb53d8c832b,0,ng,12,9064.0,3800.0,130.0,5.0,6337.999999999995,17.0,8854.0,0.5833333333333334,6.0,0.0166666666666666,2,0,20.0,1.0,1.0,0,0,0,1,0.0,1.0,-1.0,9.0,129.98555555555555,97.98555555555556,97.98555555555556,129.98,129.99,129.99,129.98,32,129.99,130.0,129.98,-7.692899453815016e-05,3.062048611111111,0,0,3.062048611111111,0,0,6881.999999999995,0.099024564882132,0.0,0.0,1.0,0.0
qxgij9sh,dadcupjc,562efb1b-a346-43e9-8059-5c07029ce57e,bc406764-852c-4301-aac5-ffda79e1d352,1,ghp,12,5593.0,2600.0,62.0,1.0,4936.740000000001,15.0,5453.0,0.6666666666666666,3.0,-0.3666666666666666,1,1,18.0,0.0,0.0,1,1,1,1,1.0,2.0,-1.0,16.0,65.455,33.455,33.455,65.31,65.44,66.38,65.21,32,65.4,65.32,63.35,-0.0013761467889908,1.04546875,0,0,1.04546875,0,0,5416.740000000001,0.0500700447376402,0.0,0.0,1.0,0.0
qxgij9sh,stzawa55,562efb1b-a346-43e9-8059-5c07029ce57e,90a3d963-fbea-46b9-8de6-7bf9d6b601c5,1,ghp,12,6667.0,3800.0,66.0,3.0,6514.490000000001,7.0,6477.0,0.75,4.0,-0.35,3,0,24.0,0.0,0.0,1,1,1,1,0.0,11.0,-11.0,16.0,65.455,33.455,33.455,65.31,65.44,66.38,65.21,32,65.4,65.32,63.35,-0.0013761467889908,1.04546875,0,0,1.04546875,0,0,6738.490000000001,0.0500700447376402,0.0,0.0,1.0,0.0
qxgij9sh,ja9vp1ab,562efb1b-a346-43e9-8059-5c07029ce57e,0eef23b9-e989-4879-a424-0549e92340f7,1,ghp,12,7291.0,2600.0,61.0,5.0,6019.809999999997,14.0,7091.0,0.8333333333333334,5.0,-0.3333333333333333,3,0,22.0,1.0,0.0,1,1,1,1,5.0,0.0,5.0,16.0,65.455,33.455,33.455,65.31,65.44,66.38,65.21,32,65.4,65.32,63.35,-0.0013761467889908,1.04546875,0,0,1.04546875,0,0,6467.809999999997,0.0500700447376402,0.0,0.0,1.0,0.0
qxgij9sh,tzbpp88u,562efb1b-a346-43e9-8059-5c07029ce57e,51571e52-e5e1-4e31-b9d8-616043a0be9a,1,ghp,12,5765.0,3800.0,64.0,3.0,4489.290000000001,29.0,5545.0,0.8333333333333334,5.0,-0.3333333333333333,3,0,23.0,0.0,0.0,1,1,1,1,2.0,3.0,-1.0,16.0,65.455,33.455,33.455,65.31,65.44,66.38,65.21,32,65.4,65.32,63.35,-0.0013761467889908,1.04546875,0,0,1.04546875,0,0,5417.290000000001,0.0500700447376402,0.3333333333333333,0.3333333333333333,0.3333333333333333,0.0
qxgij9sh,gr27p5tr,562efb1b-a346-43e9-8059-5c07029ce57e,6c1cc253-2d3c-4c02-96fe-14e14b6bdce5,1,ghp,12,5642.0,2600.0,75.0,3.0,5539.860000000002,8.0,5532.0,0.5833333333333334,7.0,0.1166666666666665,3,0,19.0,1.0,1.0,1,1,1,1,1.0,0.0,1.0,16.0,65.455,33.455,33.455,65.31,65.44,66.38,65.21,32,65.4,65.32,63.35,-0.0013761467889908,1.04546875,0,0,1.04546875,0,0,5795.860000000002,0.0500700447376402,1.0,0.0,0.0,0.0
qxgij9sh,e60078af,562efb1b-a346-43e9-8059-5c07029ce57e,da37c669-bb41-4646-a780-46fa1fade433,1,ghp,12,4972.0,3800.0,64.0,3.0,4339.81,31.0,4782.0,0.75,6.0,-0.15,10,0,21.0,0.0,0.0,1,1,1,1,7.0,0.0,7.0,16.0,65.455,33.455,33.455,65.31,65.44,66.38,65.21,32,65.4,65.32,63.35,-0.0013761467889908,1.04546875,0,0,1.04546875,0,0,5331.81,0.0500700447376402,1.0,0.0,0.0,0.0
qxgij9sh,g9jo03o9,c790e030-d023-437b-b3f5-54393dc4bea4,30fc2b4e-6bfb-433a-804d-56f7e84d7ba3,1,ghp,13,5611.0,2600.0,,,5181.09,17.0,5521.0,0.4166666666666667,1.0,-0.3166666666666666,1,1,20.0,0.0,0.0,0,1,1,1,0.0,0.0,0.0,4.0,34.75,10.75,10.75,31.0,38.0,38.0,31.0,24,45.99,50.99,11.0,-0.3259404218308328,0.4479166666666667,0,0,0.4479166666666667,0,0,5589.09,0.0486359492667458,0.0,0.0,0.0,1.0
qxgij9sh,h0ebvwds,c790e030-d023-437b-b3f5-54393dc4bea4,7282a71b-4af9-4161-9243-59a7200491a8,1,ghp,13,5268.0,3800.0,,,5364.29,4.0,5128.0,0.8333333333333334,7.0,-0.1333333333333334,1,0,33.0,0.0,1.0,1,1,1,1,0.0,0.0,0.0,4.0,34.75,10.75,10.75,31.0,38.0,38.0,31.0,24,45.99,50.99,11.0,-0.3259404218308328,0.4479166666666667,0,0,0.4479166666666667,0,0,5460.29,0.0486359492667458,0.0,0.5,0.5,0.0
qxgij9sh,u2aoz11d,c790e030-d023-437b-b3f5-54393dc4bea4,9d5dfc26-db4a-4f04-a070-57ca9e03a8a8,1,ghp,13,4992.0,2600.0,,,5522.780000000001,2.0,4892.0,0.8333333333333334,7.0,-0.1333333333333334,2,0,19.0,1.0,1.0,0,1,1,1,0.0,0.0,0.0,4.0,34.75,10.75,10.75,31.0,38.0,38.0,31.0,24,45.99,50.99,11.0,-0.3259404218308328,0.4479166666666667,0,0,0.4479166666666667,0,0,5570.780000000001,0.0486359492667458,1.0,0.0,0.0,0.0
qxgij9sh,90ay03zv,c790e030-d023-437b-b3f5-54393dc4bea4,f9508a9f-40fc-4e43-82d6-2a10682c80ee,1,ghp,13,4543.0,3800.0,,,4980.960000000001,18.0,4453.0,0.75,6.0,-0.15,1,0,22.0,1.0,1.0,1,1,1,1,4.0,0.0,4.0,4.0,34.75,10.75,10.75,31.0,38.0,38.0,31.0,24,45.99,50.99,11.0,-0.3259404218308328,0.4479166666666667,0,0,0.4479166666666667,0,0,5412.960000000001,0.0486359492667458,0.0,1.0,0.0,0.0
qxgij9sh,ukmvlwcs,c790e030-d023-437b-b3f5-54393dc4bea4,fc375a6c-df52-4846-b92d-128b8b2369fb,1,ghp,13,5655.0,2600.0,,,5953.2199999999975,32.0,5515.0,1.0,9.0,-0.0999999999999999,3,0,21.0,1.0,1.0,1,1,1,1,0.0,1.0,-1.0,4.0,34.75,10.75,10.75,31.0,38.0,38.0,31.0,24,45.99,50.99,11.0,-0.3259404218308328,0.4479166666666667,0,0,0.4479166666666667,0,0,6721.2199999999975,0.0486359492667458,0.0,0.0,1.0,0.0
qxgij9sh,ehyb34jx,c790e030-d023-437b-b3f5-54393dc4bea4,29263d52-43a8-41f9-8fac-174bd27a3cac,1,ghp,13,4044.0,3800.0,,,4333.660000000002,23.0,3934.0,0.9166666666666666,6.0,-0.3166666666666666,4,0,20.0,0.0,1.0,0,1,1,1,0.0,3.0,-3.0,4.0,34.75,10.75,10.75,31.0,38.0,38.0,31.0,24,45.99,50.99,11.0,-0.3259404218308328,0.4479166666666667,0,0,0.4479166666666667,0,0,4885.660000000002,0.0486359492667458,1.0,0.0,0.0,0.0
qxgij9sh,6xvvhy1g,1929c09c-602b-4617-8659-48b1a29c8097,805afd8a-f298-447c-b524-fcfacc9b528f,0,ng,13,4941.0,2600.0,,,8064.899999999981,0.0,4691.0,0.75,1.0,-0.65,2,0,22.0,0.0,1.0,1,0,0,1,0.0,4.0,-4.0,6.0,129.98,105.97999999999998,105.97999999999998,129.98,129.98,129.98,129.98,24,129.98,129.99,130.01,0.0,4.415833333333333,0,0,4.415833333333333,0,0,8064.899999999981,0.1111766541822715,0.0,0.0,1.0,0.0
qxgij9sh,o6ptk42l,1929c09c-602b-4617-8659-48b1a29c8097,fc1e2a3f-5601-4c5f-9adf-19d17e6e5667,0,ng,13,5638.0,3800.0,,,5540.4800000000005,4.0,5398.0,0.8333333333333334,4.0,-0.4333333333333333,1,1,20.0,0.0,1.0,1,0,0,1,0.0,0.0,0.0,6.0,129.98,105.97999999999998,105.97999999999998,129.98,129.98,129.98,129.98,24,129.98,129.99,130.01,0.0,4.415833333333333,0,0,4.415833333333333,0,0,5636.4800000000005,0.1111766541822715,0.0,0.0,1.0,0.0
qxgij9sh,vitm387c,1929c09c-602b-4617-8659-48b1a29c8097,79bc089c-0e42-4ffb-a089-d39727a7ad5e,0,ng,13,4427.0,2600.0,,,4848.749999999999,30.0,4227.0,0.5,1.0,-0.4,3,0,22.0,0.0,0.0,1,0,0,1,0.0,0.0,0.0,6.0,129.98,105.97999999999998,105.97999999999998,129.98,129.98,129.98,129.98,24,129.98,129.99,130.01,0.0,4.415833333333333,0,0,4.415833333333333,0,0,5568.749999999999,0.1111766541822715,1.0,0.0,0.0,0.0
qxgij9sh,nngm5qgp,1929c09c-602b-4617-8659-48b1a29c8097,cd733786-3f26-45f5-9434-5391feb2db91,0,ng,13,521.0,3800.0,,,3612.8800000000074,24.0,261.0,1.0,5.0,-0.5,5,0,22.0,0.0,1.0,1,0,0,1,0.0,0.0,0.0,6.0,129.98,105.97999999999998,105.97999999999998,129.98,129.98,129.98,129.98,24,129.98,129.99,130.01,0.0,4.415833333333333,0,0,4.415833333333333,0,0,4188.880000000007,0.1111766541822715,0.0,1.0,0.0,0.0
qxgij9sh,9x5fpgk2,1929c09c-602b-4617-8659-48b1a29c8097,e3a0615f-a8a1-4546-bc68-9c947e9bf488,0,ng,13,6999.0,2600.0,,,4655.030000000004,43.0,6849.0,0.75,10.0,0.25,4,1,21.0,0.0,1.0,1,0,0,1,6.0,0.0,6.0,6.0,129.98,105.97999999999998,105.97999999999998,129.98,129.98,129.98,129.98,24,129.98,129.99,130.01,0.0,4.415833333333333,0,0,4.415833333333333,0,0,5687.030000000004,0.1111766541822715,0.0,0.0,1.0,0.0
qxgij9sh,7d70uqk8,1929c09c-602b-4617-8659-48b1a29c8097,eae02f14-4e82-48f4-9971-bdb53d8c832b,0,ng,13,9064.0,3800.0,,,6733.959999999995,18.0,8854.0,0.5833333333333334,6.0,0.0166666666666666,2,0,20.0,1.0,1.0,0,0,0,1,0.0,2.0,-2.0,6.0,129.98,105.97999999999998,105.97999999999998,129.98,129.98,129.98,129.98,24,129.98,129.99,130.01,0.0,4.415833333333333,0,0,4.415833333333333,0,0,7165.959999999995,0.1111766541822715,0.0,0.0,1.0,0.0
qxgij9sh,dadcupjc,562efb1b-a346-43e9-8059-5c07029ce57e,bc406764-852c-4301-aac5-ffda79e1d352,1,ghp,13,5593.0,2600.0,,,5122.590000000001,14.0,5453.0,0.6666666666666666,3.0,-0.3666666666666666,1,1,18.0,0.0,0.0,1,1,1,1,0.0,1.0,-1.0,25.0,64.6432,40.6432,40.6432,63.35,65.31,66.0,63.35,24,65.31,65.4,64.22,-0.030010718113612,1.693466666666667,0,0,1.6934666666666665,0,0,5458.590000000001,0.0584387778282598,0.0,0.0,1.0,0.0
qxgij9sh,stzawa55,562efb1b-a346-43e9-8059-5c07029ce57e,90a3d963-fbea-46b9-8de6-7bf9d6b601c5,1,ghp,13,6667.0,3800.0,,,6050.310000000001,15.0,6477.0,0.75,4.0,-0.35,3,0,24.0,0.0,0.0,1,1,1,1,10.0,2.0,8.0,25.0,64.6432,40.6432,40.6432,63.35,65.31,66.0,63.35,24,65.31,65.4,64.22,-0.030010718113612,1.693466666666667,0,0,1.6934666666666665,0,0,6410.310000000001,0.0584387778282598,0.0,0.0,1.0,0.0
qxgij9sh,ja9vp1ab,562efb1b-a346-43e9-8059-5c07029ce57e,0eef23b9-e989-4879-a424-0549e92340f7,1,ghp,13,7291.0,2600.0,,,7034.849999999998,0.0,7091.0,0.8333333333333334,5.0,-0.3333333333333333,3,0,22.0,1.0,0.0,1,1,1,1,1.0,15.0,-14.0,25.0,64.6432,40.6432,40.6432,63.35,65.31,66.0,63.35,24,65.31,65.4,64.22,-0.030010718113612,1.693466666666667,0,0,1.6934666666666665,0,0,7034.849999999998,0.0584387778282598,0.0,0.0,1.0,0.0
qxgij9sh,tzbpp88u,562efb1b-a346-43e9-8059-5c07029ce57e,51571e52-e5e1-4e31-b9d8-616043a0be9a,1,ghp,13,5765.0,3800.0,,,4655.929999999999,29.0,5545.0,0.8333333333333334,5.0,-0.3333333333333333,3,0,23.0,0.0,0.0,1,1,1,1,7.0,6.0,1.0,25.0,64.6432,40.6432,40.6432,63.35,65.31,66.0,63.35,24,65.31,65.4,64.22,-0.030010718113612,1.693466666666667,0,0,1.6934666666666665,0,0,5351.929999999999,0.0584387778282598,0.3333333333333333,0.3333333333333333,0.3333333333333333,0.0
qxgij9sh,gr27p5tr,562efb1b-a346-43e9-8059-5c07029ce57e,6c1cc253-2d3c-4c02-96fe-14e14b6bdce5,1,ghp,13,5642.0,2600.0,,,5349.7800000000025,15.0,5532.0,0.5833333333333334,7.0,0.1166666666666665,3,0,19.0,1.0,1.0,1,1,1,1,5.0,1.0,4.0,25.0,64.6432,40.6432,40.6432,63.35,65.31,66.0,63.35,24,65.31,65.4,64.22,-0.030010718113612,1.693466666666667,0,0,1.6934666666666665,0,0,5709.7800000000025,0.0584387778282598,1.0,0.0,0.0,0.0
qxgij9sh,e60078af,562efb1b-a346-43e9-8059-5c07029ce57e,da37c669-bb41-4646-a780-46fa1fade433,1,ghp,13,4972.0,3800.0,,,4458.54,33.0,4782.0,0.75,6.0,-0.15,10,0,21.0,0.0,0.0,1,1,1,1,2.0,0.0,2.0,25.0,64.6432,40.6432,40.6432,63.35,65.31,66.0,63.35,24,65.31,65.4,64.22,-0.030010718113612,1.693466666666667,0,0,1.6934666666666665,0,0,5250.54,0.0584387778282598,1.0,0.0,0.0,0.0
qxgij9sh,g9jo03o9,c790e030-d023-437b-b3f5-54393dc4bea4,30fc2b4e-6bfb-433a-804d-56f7e84d7ba3,1,ghp,14,5611.0,2600.0,,,5317.09,17.0,5521.0,0.4166666666666667,1.0,-0.3166666666666666,1,1,20.0,0.0,0.0,0,1,1,1,0.0,0.0,0.0,11.0,11.909090909090908,-4.090909090909091,4.090909090909091,11.0,14.0,14.0,11.0,16,31.0,45.99,7.0,-0.6451612903225806,0.2556818181818182,0,0,-0.2556818181818182,0,0,5589.09,0.0511932763126632,0.0,0.0,0.0,1.0
qxgij9sh,h0ebvwds,c790e030-d023-437b-b3f5-54393dc4bea4,7282a71b-4af9-4161-9243-59a7200491a8,1,ghp,14,5268.0,3800.0,,,5410.29,4.0,5128.0,0.8333333333333334,7.0,-0.1333333333333334,1,0,33.0,0.0,1.0,1,1,1,1,0.0,1.0,-1.0,11.0,11.909090909090908,-4.090909090909091,4.090909090909091,11.0,14.0,14.0,11.0,16,31.0,45.99,7.0,-0.6451612903225806,0.2556818181818182,0,0,-0.2556818181818182,0,0,5474.29,0.0511932763126632,0.0,0.5,0.5,0.0
qxgij9sh,u2aoz11d,c790e030-d023-437b-b3f5-54393dc4bea4,9d5dfc26-db4a-4f04-a070-57ca9e03a8a8,1,ghp,14,4992.0,2600.0,,,5552.780000000001,0.0,4892.0,0.8333333333333334,7.0,-0.1333333333333334,2,0,19.0,1.0,1.0,0,1,1,1,0.0,1.0,-1.0,11.0,11.909090909090908,-4.090909090909091,4.090909090909091,11.0,14.0,14.0,11.0,16,31.0,45.99,7.0,-0.6451612903225806,0.2556818181818182,0,0,-0.2556818181818182,0,0,5552.780000000001,0.0511932763126632,1.0,0.0,0.0,0.0
qxgij9sh,90ay03zv,c790e030-d023-437b-b3f5-54393dc4bea4,f9508a9f-40fc-4e43-82d6-2a10682c80ee,1,ghp,14,4543.0,3800.0,,,5112.960000000001,19.0,4453.0,0.75,6.0,-0.15,1,0,22.0,1.0,1.0,1,1,1,1,1.0,0.0,1.0,11.0,11.909090909090908,-4.090909090909091,4.090909090909091,11.0,14.0,14.0,11.0,16,31.0,45.99,7.0,-0.6451612903225806,0.2556818181818182,0,0,-0.2556818181818182,0,0,5416.960000000001,0.0511932763126632,0.0,1.0,0.0,0.0
qxgij9sh,ukmvlwcs,c790e030-d023-437b-b3f5-54393dc4bea4,fc375a6c-df52-4846-b92d-128b8b2369fb,1,ghp,14,5655.0,2600.0,,,6090.2199999999975,44.0,5515.0,1.0,9.0,-0.0999999999999999,3,0,21.0,1.0,1.0,1,1,1,1,10.0,0.0,10.0,11.0,11.909090909090908,-4.090909090909091,4.090909090909091,11.0,14.0,14.0,11.0,16,31.0,45.99,7.0,-0.6451612903225806,0.2556818181818182,0,0,-0.2556818181818182,0,0,6794.2199999999975,0.0511932763126632,0.0,0.0,1.0,0.0
qxgij9sh,ehyb34jx,c790e030-d023-437b-b3f5-54393dc4bea4,29263d52-43a8-41f9-8fac-174bd27a3cac,1,ghp,14,4044.0,3800.0,,,4620.660000000002,14.0,3934.0,0.9166666666666666,6.0,-0.3166666666666666,4,0,20.0,0.0,1.0,0,1,1,1,0.0,9.0,-9.0,11.0,11.909090909090908,-4.090909090909091,4.090909090909091,11.0,14.0,14.0,11.0,16,31.0,45.99,7.0,-0.6451612903225806,0.2556818181818182,0,0,-0.2556818181818182,0,0,4844.660000000002,0.0511932763126632,1.0,0.0,0.0,0.0
qxgij9sh,6xvvhy1g,1929c09c-602b-4617-8659-48b1a29c8097,805afd8a-f298-447c-b524-fcfacc9b528f,0,ng,14,4941.0,2600.0,,,3520.8699999999862,35.0,4691.0,0.75,1.0,-0.65,2,0,22.0,0.0,1.0,1,0,0,1,51.0,16.0,35.0,89.0,130.1873033707865,114.18730337078652,114.18730337078652,130.01,129.99,130.91,129.99,16,129.98,129.98,130.0,0.0002308047391905,7.136706460674158,0,0,7.136706460674157,1,1,4080.8699999999862,0.1262651316269237,0.0,0.0,1.0,0.0
qxgij9sh,o6ptk42l,1929c09c-602b-4617-8659-48b1a29c8097,fc1e2a3f-5601-4c5f-9adf-19d17e6e5667,0,ng,14,5638.0,3800.0,,,5833.38,1.0,5398.0,0.8333333333333334,4.0,-0.4333333333333333,1,1,20.0,0.0,1.0,1,0,0,1,1.0,3.0,-2.0,89.0,130.1873033707865,114.18730337078652,114.18730337078652,130.01,129.99,130.91,129.99,16,129.98,129.98,130.0,0.0002308047391905,7.136706460674158,0,0,7.136706460674157,1,1,5849.38,0.1262651316269237,0.0,0.0,1.0,0.0
qxgij9sh,vitm387c,1929c09c-602b-4617-8659-48b1a29c8097,79bc089c-0e42-4ffb-a089-d39727a7ad5e,0,ng,14,4427.0,2600.0,,,4436.899999999998,35.0,4227.0,0.5,1.0,-0.4,3,0,22.0,0.0,0.0,1,0,0,1,5.0,0.0,5.0,89.0,130.1873033707865,114.18730337078652,114.18730337078652,130.01,129.99,130.91,129.99,16,129.98,129.98,130.0,0.0002308047391905,7.136706460674158,0,0,7.136706460674157,1,1,4996.899999999998,0.1262651316269237,1.0,0.0,0.0,0.0
qxgij9sh,nngm5qgp,1929c09c-602b-4617-8659-48b1a29c8097,cd733786-3f26-45f5-9434-5391feb2db91,0,ng,14,521.0,3800.0,,,5764.810000000009,18.0,261.0,1.0,5.0,-0.5,5,0,22.0,0.0,1.0,1,0,0,1,0.0,15.0,-15.0,89.0,130.1873033707865,114.18730337078652,114.18730337078652,130.01,129.99,130.91,129.99,16,129.98,129.98,130.0,0.0002308047391905,7.136706460674158,0,0,7.136706460674157,1,1,6052.810000000009,0.1262651316269237,0.0,1.0,0.0,0.0
qxgij9sh,9x5fpgk2,1929c09c-602b-4617-8659-48b1a29c8097,e3a0615f-a8a1-4546-bc68-9c947e9bf488,0,ng,14,6999.0,2600.0,,,7457.539999999998,38.0,6849.0,0.75,10.0,0.25,4,1,21.0,0.0,1.0,1,0,0,1,24.0,43.0,-19.0,89.0,130.1873033707865,114.18730337078652,114.18730337078652,130.01,129.99,130.91,129.99,16,129.98,129.98,130.0,0.0002308047391905,7.136706460674158,0,0,7.136706460674157,1,1,8065.539999999998,0.1262651316269237,0.0,0.0,1.0,0.0
qxgij9sh,7d70uqk8,1929c09c-602b-4617-8659-48b1a29c8097,eae02f14-4e82-48f4-9971-bdb53d8c832b,0,ng,14,9064.0,3800.0,,,7394.499999999996,8.0,8854.0,0.5833333333333334,6.0,0.0166666666666666,2,0,20.0,1.0,1.0,0,0,0,1,8.0,12.0,-4.0,89.0,130.1873033707865,114.18730337078652,114.18730337078652,130.01,129.99,130.91,129.99,16,129.98,129.98,130.0,0.0002308047391905,7.136706460674158,0,0,7.136706460674157,1,1,7522.499999999996,0.1262651316269237,0.0,0.0,1.0,0.0
qxgij9sh,dadcupjc,562efb1b-a346-43e9-8059-5c07029ce57e,bc406764-852c-4301-aac5-ffda79e1d352,1,ghp,14,5593.0,2600.0,,,5297.060000000001,13.0,5453.0,0.6666666666666666,3.0,-0.3666666666666666,1,1,18.0,0.0,0.0,1,1,1,1,1.0,2.0,-1.0,17.0,64.48882352941176,48.48882352941176,48.48882352941176,64.22,64.79,65.26,63.24,16,63.35,65.31,62.59,0.013733228097869,3.030551470588235,0,0,3.030551470588235,0,0,5505.060000000001,0.0564683393747168,0.0,0.0,1.0,0.0
qxgij9sh,stzawa55,562efb1b-a346-43e9-8059-5c07029ce57e,90a3d963-fbea-46b9-8de6-7bf9d6b601c5,1,ghp,14,6667.0,3800.0,,,6624.910000000002,11.0,6477.0,0.75,4.0,-0.35,3,0,24.0,0.0,0.0,1,1,1,1,1.0,8.0,-7.0,17.0,64.48882352941176,48.48882352941176,48.48882352941176,64.22,64.79,65.26,63.24,16,63.35,65.31,62.59,0.013733228097869,3.030551470588235,0,0,3.030551470588235,0,0,6800.910000000002,0.0564683393747168,0.0,0.0,1.0,0.0
qxgij9sh,ja9vp1ab,562efb1b-a346-43e9-8059-5c07029ce57e,0eef23b9-e989-4879-a424-0549e92340f7,1,ghp,14,7291.0,2600.0,,,6516.419999999997,8.0,7091.0,0.8333333333333334,5.0,-0.3333333333333333,3,0,22.0,1.0,0.0,1,1,1,1,8.0,0.0,8.0,17.0,64.48882352941176,48.48882352941176,48.48882352941176,64.22,64.79,65.26,63.24,16,63.35,65.31,62.59,0.013733228097869,3.030551470588235,0,0,3.030551470588235,0,0,6644.419999999997,0.0564683393747168,0.0,0.0,1.0,0.0
qxgij9sh,tzbpp88u,562efb1b-a346-43e9-8059-5c07029ce57e,51571e52-e5e1-4e31-b9d8-616043a0be9a,1,ghp,14,5765.0,3800.0,,,5208.45,24.0,5545.0,0.8333333333333334,5.0,-0.3333333333333333,3,0,23.0,0.0,0.0,1,1,1,1,2.0,7.0,-5.0,17.0,64.48882352941176,48.48882352941176,48.48882352941176,64.22,64.79,65.26,63.24,16,63.35,65.31,62.59,0.013733228097869,3.030551470588235,0,0,3.030551470588235,0,0,5592.45,0.0564683393747168,0.3333333333333333,0.3333333333333333,0.3333333333333333,0.0
qxgij9sh,gr27p5tr,562efb1b-a346-43e9-8059-5c07029ce57e,6c1cc253-2d3c-4c02-96fe-14e14b6bdce5,1,ghp,14,5642.0,2600.0,,,5343.2800000000025,20.0,5532.0,0.5833333333333334,7.0,0.1166666666666665,3,0,19.0,1.0,1.0,1,1,1,1,2.0,0.0,2.0,17.0,64.48882352941176,48.48882352941176,48.48882352941176,64.22,64.79,65.26,63.24,16,63.35,65.31,62.59,0.013733228097869,3.030551470588235,0,0,3.030551470588235,0,0,5663.2800000000025,0.0564683393747168,1.0,0.0,0.0,0.0
qxgij9sh,e60078af,562efb1b-a346-43e9-8059-5c07029ce57e,da37c669-bb41-4646-a780-46fa1fade433,1,ghp,14,4972.0,3800.0,,,4529.879999999999,36.0,4782.0,0.75,6.0,-0.15,10,0,21.0,0.0,0.0,1,1,1,1,3.0,0.0,3.0,17.0,64.48882352941176,48.48882352941176,48.48882352941176,64.22,64.79,65.26,63.24,16,63.35,65.31,62.59,0.013733228097869,3.030551470588235,0,0,3.030551470588235,0,0,5105.879999999999,0.0564683393747168,1.0,0.0,0.0,0.0
qxgij9sh,g9jo03o9,c790e030-d023-437b-b3f5-54393dc4bea4,30fc2b4e-6bfb-433a-804d-56f7e84d7ba3,1,ghp,15,5611.0,2600.0,,,5453.09,17.0,5521.0,0.4166666666666667,1.0,-0.3166666666666666,1,1,20.0,0.0,0.0,0,1,1,1,0.0,0.0,0.0,4.0,6.755,-1.245,1.245,7.0,7.0,7.01,6.01,8,11.0,31.0,,-0.3636363636363636,0.155625,0,0,-0.155625,0,0,5589.09,0.0519419324131364,0.0,0.0,0.0,1.0
qxgij9sh,h0ebvwds,c790e030-d023-437b-b3f5-54393dc4bea4,7282a71b-4af9-4161-9243-59a7200491a8,1,ghp,15,5268.0,3800.0,,,5449.29,2.0,5128.0,0.8333333333333334,7.0,-0.1333333333333334,1,0,33.0,0.0,1.0,1,1,1,1,0.0,1.0,-1.0,4.0,6.755,-1.245,1.245,7.0,7.0,7.01,6.01,8,11.0,31.0,,-0.3636363636363636,0.155625,0,0,-0.155625,0,0,5465.29,0.0519419324131364,0.0,0.5,0.5,0.0
qxgij9sh,u2aoz11d,c790e030-d023-437b-b3f5-54393dc4bea4,9d5dfc26-db4a-4f04-a070-57ca9e03a8a8,1,ghp,15,4992.0,2600.0,,,5552.780000000001,0.0,4892.0,0.8333333333333334,7.0,-0.1333333333333334,2,0,19.0,1.0,1.0,0,1,1,1,0.0,0.0,0.0,4.0,6.755,-1.245,1.245,7.0,7.0,7.01,6.01,8,11.0,31.0,,-0.3636363636363636,0.155625,0,0,-0.155625,0,0,5552.780000000001,0.0519419324131364,1.0,0.0,0.0,0.0
qxgij9sh,90ay03zv,c790e030-d023-437b-b3f5-54393dc4bea4,f9508a9f-40fc-4e43-82d6-2a10682c80ee,1,ghp,15,4543.0,3800.0,,,5264.960000000001,19.0,4453.0,0.75,6.0,-0.15,1,0,22.0,1.0,1.0,1,1,1,1,0.0,0.0,0.0,4.0,6.755,-1.245,1.245,7.0,7.0,7.01,6.01,8,11.0,31.0,,-0.3636363636363636,0.155625,0,0,-0.155625,0,0,5416.960000000001,0.0519419324131364,0.0,1.0,0.0,0.0
qxgij9sh,ukmvlwcs,c790e030-d023-437b-b3f5-54393dc4bea4,fc375a6c-df52-4846-b92d-128b8b2369fb,1,ghp,15,5655.0,2600.0,,,6415.199999999997,46.0,5515.0,1.0,9.0,-0.0999999999999999,3,0,21.0,1.0,1.0,1,1,1,1,4.0,0.0,4.0,4.0,6.755,-1.245,1.245,7.0,7.0,7.01,6.01,8,11.0,31.0,,-0.3636363636363636,0.155625,0,0,-0.155625,0,0,6783.199999999997,0.0519419324131364,0.0,0.0,1.0,0.0
qxgij9sh,ehyb34jx,c790e030-d023-437b-b3f5-54393dc4bea4,29263d52-43a8-41f9-8fac-174bd27a3cac,1,ghp,15,4044.0,3800.0,,,4752.680000000002,7.0,3934.0,0.9166666666666666,6.0,-0.3166666666666666,4,0,20.0,0.0,1.0,0,1,1,1,0.0,3.0,-3.0,4.0,6.755,-1.245,1.245,7.0,7.0,7.01,6.01,8,11.0,31.0,,-0.3636363636363636,0.155625,0,0,-0.155625,0,0,4808.680000000002,0.0519419324131364,1.0,0.0,0.0,0.0
qxgij9sh,6xvvhy1g,1929c09c-602b-4617-8659-48b1a29c8097,805afd8a-f298-447c-b524-fcfacc9b528f,0,ng,15,4941.0,2600.0,,,4450.919999999987,60.0,4691.0,0.75,1.0,-0.65,2,0,22.0,0.0,1.0,1,0,0,1,1.0,6.0,-5.0,31.0,130.00645161290322,122.00645161290322,122.00645161290322,130.0,130.01,130.02,129.99,8,130.01,129.98,,-7.691716021840378e-05,15.250806451612902,0,0,15.250806451612902,1,0,4930.919999999987,0.1189202518744998,0.0,0.0,1.0,0.0
qxgij9sh,o6ptk42l,1929c09c-602b-4617-8659-48b1a29c8097,fc1e2a3f-5601-4c5f-9adf-19d17e6e5667,0,ng,15,5638.0,3800.0,,,5971.38,0.0,5398.0,0.8333333333333334,4.0,-0.4333333333333333,1,1,20.0,0.0,1.0,1,0,0,1,0.0,1.0,-1.0,31.0,130.00645161290322,122.00645161290322,122.00645161290322,130.0,130.01,130.02,129.99,8,130.01,129.98,,-7.691716021840378e-05,15.250806451612902,0,0,15.250806451612902,1,0,5971.38,0.1189202518744998,0.0,0.0,1.0,0.0
qxgij9sh,vitm387c,1929c09c-602b-4617-8659-48b1a29c8097,79bc089c-0e42-4ffb-a089-d39727a7ad5e,0,ng,15,4427.0,2600.0,,,4066.859999999997,40.0,4227.0,0.5,1.0,-0.4,3,0,22.0,0.0,0.0,1,0,0,1,5.0,0.0,5.0,31.0,130.00645161290322,122.00645161290322,122.00645161290322,130.0,130.01,130.02,129.99,8,130.01,129.98,,-7.691716021840378e-05,15.250806451612902,0,0,15.250806451612902,1,0,4386.859999999997,0.1189202518744998,1.0,0.0,0.0,0.0
qxgij9sh,nngm5qgp,1929c09c-602b-4617-8659-48b1a29c8097,cd733786-3f26-45f5-9434-5391feb2db91,0,ng,15,521.0,3800.0,,,5908.810000000009,9.0,261.0,1.0,5.0,-0.5,5,0,22.0,0.0,1.0,1,0,0,1,0.0,0.0,0.0,31.0,130.00645161290322,122.00645161290322,122.00645161290322,130.0,130.01,130.02,129.99,8,130.01,129.98,,-7.691716021840378e-05,15.250806451612902,0,0,15.250806451612902,1,0,5980.810000000009,0.1189202518744998,0.0,1.0,0.0,0.0
qxgij9sh,9x5fpgk2,1929c09c-602b-4617-8659-48b1a29c8097,e3a0615f-a8a1-4546-bc68-9c947e9bf488,0,ng,15,6999.0,2600.0,,,6721.399999999996,32.0,6849.0,0.75,10.0,0.25,4,1,21.0,0.0,1.0,1,0,0,1,19.0,11.0,8.0,31.0,130.00645161290322,122.00645161290322,122.00645161290322,130.0,130.01,130.02,129.99,8,130.01,129.98,,-7.691716021840378e-05,15.250806451612902,0,0,15.250806451612902,1,0,6977.399999999996,0.1189202518744998,0.0,0.0,1.0,0.0
qxgij9sh,7d70uqk8,1929c09c-602b-4617-8659-48b1a29c8097,eae02f14-4e82-48f4-9971-bdb53d8c832b,0,ng,15,9064.0,3800.0,,,8368.63,2.0,8854.0,0.5833333333333334,6.0,0.0166666666666666,2,0,20.0,1.0,1.0,0,0,0,1,6.0,13.0,-7.0,31.0,130.00645161290322,122.00645161290322,122.00645161290322,130.0,130.01,130.02,129.99,8,130.01,129.98,,-7.691716021840378e-05,15.250806451612902,0,0,15.250806451612902,1,0,8384.63,0.1189202518744998,0.0,0.0,1.0,0.0
qxgij9sh,dadcupjc,562efb1b-a346-43e9-8059-5c07029ce57e,bc406764-852c-4301-aac5-ffda79e1d352,1,ghp,15,5593.0,2600.0,,,5401.100000000001,13.0,5453.0,0.6666666666666666,3.0,-0.3666666666666666,1,1,18.0,0.0,0.0,1,1,1,1,1.0,1.0,0.0,19.0,63.51947368421053,55.51947368421053,55.51947368421053,62.59,63.21,66.26,62.54,8,64.22,63.35,,-0.025381501090003,6.939934210526316,0,0,6.939934210526316,1,1,5505.100000000001,0.0657124264373018,0.0,0.0,1.0,0.0
qxgij9sh,stzawa55,562efb1b-a346-43e9-8059-5c07029ce57e,90a3d963-fbea-46b9-8de6-7bf9d6b601c5,1,ghp,15,6667.0,3800.0,,,6396.800000000002,20.0,6477.0,0.75,4.0,-0.35,3,0,24.0,0.0,0.0,1,1,1,1,5.0,0.0,5.0,19.0,63.51947368421053,55.51947368421053,55.51947368421053,62.59,63.21,66.26,62.54,8,64.22,63.35,,-0.025381501090003,6.939934210526316,0,0,6.939934210526316,1,1,6556.800000000002,0.0657124264373018,0.0,0.0,1.0,0.0
qxgij9sh,ja9vp1ab,562efb1b-a346-43e9-8059-5c07029ce57e,0eef23b9-e989-4879-a424-0549e92340f7,1,ghp,15,7291.0,2600.0,,,7091.309999999997,0.0,7091.0,0.8333333333333334,5.0,-0.3333333333333333,3,0,22.0,1.0,0.0,1,1,1,1,0.0,8.0,-8.0,19.0,63.51947368421053,55.51947368421053,55.51947368421053,62.59,63.21,66.26,62.54,8,64.22,63.35,,-0.025381501090003,6.939934210526316,0,0,6.939934210526316,1,1,7091.309999999997,0.0657124264373018,0.0,0.0,1.0,0.0
qxgij9sh,tzbpp88u,562efb1b-a346-43e9-8059-5c07029ce57e,51571e52-e5e1-4e31-b9d8-616043a0be9a,1,ghp,15,5765.0,3800.0,,,5456.97,22.0,5545.0,0.8333333333333334,5.0,-0.3333333333333333,3,0,23.0,0.0,0.0,1,1,1,1,4.0,5.0,-1.0,19.0,63.51947368421053,55.51947368421053,55.51947368421053,62.59,63.21,66.26,62.54,8,64.22,63.35,,-0.025381501090003,6.939934210526316,0,0,6.939934210526316,1,1,5632.97,0.0657124264373018,0.3333333333333333,0.3333333333333333,0.3333333333333333,0.0
qxgij9sh,gr27p5tr,562efb1b-a346-43e9-8059-5c07029ce57e,6c1cc253-2d3c-4c02-96fe-14e14b6bdce5,1,ghp,15,5642.0,2600.0,,,5443.930000000002,22.0,5532.0,0.5833333333333334,7.0,0.1166666666666665,3,0,19.0,1.0,1.0,1,1,1,1,6.0,5.0,1.0,19.0,63.51947368421053,55.51947368421053,55.51947368421053,62.59,63.21,66.26,62.54,8,64.22,63.35,,-0.025381501090003,6.939934210526316,0,0,6.939934210526316,1,1,5619.930000000002,0.0657124264373018,1.0,0.0,0.0,0.0
qxgij9sh,e60078af,562efb1b-a346-43e9-8059-5c07029ce57e,da37c669-bb41-4646-a780-46fa1fade433,1,ghp,15,4972.0,3800.0,,,4625.889999999999,39.0,4782.0,0.75,6.0,-0.15,10,0,21.0,0.0,0.0,1,1,1,1,3.0,0.0,3.0,19.0,63.51947368421053,55.51947368421053,55.51947368421053,62.59,63.21,66.26,62.54,8,64.22,63.35,,-0.025381501090003,6.939934210526316,0,0,6.939934210526316,1,1,4937.889999999999,0.0657124264373018,1.0,0.0,0.0,0.0
qxgij9sh,g9jo03o9,7639dc96-fd01-4576-8cdc-79c9d30dcd81,66251611-12a2-4944-8723-b591a69a9824,1,ghp,1,5611.0,2600.0,,,2600.0,20.0,5521.0,0.4166666666666667,1.0,-0.3166666666666666,1,1,20.0,0.0,0.0,0,1,1,2,0.0,0.0,0.0,1.0,105.0,-15.0,15.0,105.0,105.0,105.0,105.0,120,,,140.0,,0.125,0,0,-0.125,0,0,5000.0,0.0288461538461538,0.0,0.0,0.0,1.0
qxgij9sh,h0ebvwds,7639dc96-fd01-4576-8cdc-79c9d30dcd81,0d138ea8-8160-4263-bab0-ef399294f8a7,1,ghp,1,5268.0,3800.0,,,3800.0,11.0,5128.0,0.8333333333333334,7.0,-0.1333333333333334,1,0,33.0,0.0,1.0,1,1,1,2,0.0,0.0,0.0,1.0,105.0,-15.0,15.0,105.0,105.0,105.0,105.0,120,,,140.0,,0.125,0,0,-0.125,0,0,5120.0,0.0288461538461538,0.0,0.0,1.0,0.0
qxgij9sh,u2aoz11d,7639dc96-fd01-4576-8cdc-79c9d30dcd81,145e83a3-2fb7-443a-93d3-6f7e84aec434,1,ghp,1,4992.0,2600.0,,,2495.0,22.0,4892.0,0.8333333333333334,7.0,-0.1333333333333334,2,0,19.0,1.0,1.0,0,1,1,2,1.0,0.0,1.0,1.0,105.0,-15.0,15.0,105.0,105.0,105.0,105.0,120,,,140.0,,0.125,0,0,-0.125,0,0,5135.0,0.0288461538461538,0.0,1.0,0.0,0.0
qxgij9sh,90ay03zv,7639dc96-fd01-4576-8cdc-79c9d30dcd81,9cf3eabc-27f7-4754-a78b-8b9b1aca36d4,1,ghp,1,4543.0,3800.0,,,3800.0,10.0,4453.0,0.75,6.0,-0.15,1,0,22.0,1.0,1.0,1,1,1,2,0.0,0.0,0.0,1.0,105.0,-15.0,15.0,105.0,105.0,105.0,105.0,120,,,140.0,,0.125,0,0,-0.125,0,0,5000.0,0.0288461538461538,0.5,0.5,0.0,0.0
qxgij9sh,ukmvlwcs,7639dc96-fd01-4576-8cdc-79c9d30dcd81,4ffcf78f-4023-4892-9eef-146a5c209835,1,ghp,1,5655.0,2600.0,,,2600.0,28.0,5515.0,1.0,9.0,-0.0999999999999999,3,0,21.0,1.0,1.0,1,1,1,2,0.0,0.0,0.0,1.0,105.0,-15.0,15.0,105.0,105.0,105.0,105.0,120,,,140.0,,0.125,0,0,-0.125,0,0,5960.0,0.0288461538461538,0.0,0.0,1.0,0.0
qxgij9sh,ehyb34jx,7639dc96-fd01-4576-8cdc-79c9d30dcd81,88efbdd9-40ef-4c34-921a-f39cc16113ce,1,ghp,1,4044.0,3800.0,,,3905.0,9.0,3934.0,0.9166666666666666,6.0,-0.3166666666666666,4,0,20.0,0.0,1.0,0,1,1,2,0.0,1.0,-1.0,1.0,105.0,-15.0,15.0,105.0,105.0,105.0,105.0,120,,,140.0,,0.125,0,0,-0.125,0,0,4985.0,0.0288461538461538,1.0,0.0,0.0,0.0
qxgij9sh,6xvvhy1g,aa648e2e-d329-4dd5-8902-af2bb6347519,266b409b-ab01-469b-9133-7915001aa253,0,ng,1,4941.0,2600.0,,,2230.24,23.0,4691.0,0.75,1.0,-0.65,2,0,22.0,0.0,1.0,1,0,0,2,3.0,0.0,3.0,8.0,108.035,-11.964999999999998,15.535000000000002,122.51,10.0,125.0,10.0,120,,,126.0,,0.1294583333333333,0,0,-0.0997083333333333,0,0,4990.24,0.0175378205128205,0.0,0.0,1.0,0.0
qxgij9sh,o6ptk42l,aa648e2e-d329-4dd5-8902-af2bb6347519,a1224b50-e54d-4401-acb4-4fb3bfac8e8d,0,ng,1,5638.0,3800.0,,,4166.01,8.0,5398.0,0.8333333333333334,4.0,-0.4333333333333333,1,1,20.0,0.0,1.0,1,0,0,2,0.0,3.0,-3.0,8.0,108.035,-11.964999999999998,15.535000000000002,122.51,10.0,125.0,10.0,120,,,126.0,,0.1294583333333333,0,0,-0.0997083333333333,0,0,5126.01,0.0175378205128205,0.5,0.0,0.5,0.0
qxgij9sh,vitm387c,aa648e2e-d329-4dd5-8902-af2bb6347519,4f2980e2-d10c-4c68-937f-78d5142dc0ef,0,ng,1,4427.0,2600.0,,,2346.49,23.0,4227.0,0.5,1.0,-0.4,3,0,22.0,0.0,0.0,1,0,0,2,3.0,0.0,3.0,8.0,108.035,-11.964999999999998,15.535000000000002,122.51,10.0,125.0,10.0,120,,,126.0,,0.1294583333333333,0,0,-0.0997083333333333,0,0,5106.49,0.0175378205128205,0.0,1.0,0.0,0.0
qxgij9sh,nngm5qgp,aa648e2e-d329-4dd5-8902-af2bb6347519,198ae65a-873c-4c68-a85e-66eac976c7ab,0,ng,1,521.0,3800.0,,,3931.0,13.0,261.0,1.0,5.0,-0.5,5,0,22.0,0.0,1.0,1,0,0,2,0.0,2.0,-2.0,8.0,108.035,-11.964999999999998,15.535000000000002,122.51,10.0,125.0,10.0,120,,,126.0,,0.1294583333333333,0,0,-0.0997083333333333,0,0,5491.0,0.0175378205128205,0.0,1.0,0.0,0.0
qxgij9sh,9x5fpgk2,aa648e2e-d329-4dd5-8902-af2bb6347519,8ca21702-83a8-4430-9ead-0119fc913da6,0,ng,1,6999.0,2600.0,,,2724.75,22.0,6849.0,0.75,10.0,0.25,4,1,21.0,0.0,1.0,1,0,0,2,1.0,2.0,-1.0,8.0,108.035,-11.964999999999998,15.535000000000002,122.51,10.0,125.0,10.0,120,,,126.0,,0.1294583333333333,0,0,-0.0997083333333333,0,0,5364.75,0.0175378205128205,0.0,0.5,0.5,0.0
qxgij9sh,7d70uqk8,aa648e2e-d329-4dd5-8902-af2bb6347519,218b254a-e7c1-4487-8aff-ff693b11673d,0,ng,1,9064.0,3800.0,,,3801.51,11.0,8854.0,0.5833333333333334,6.0,0.0166666666666666,2,0,20.0,1.0,1.0,0,0,0,2,1.0,1.0,0.0,8.0,108.035,-11.964999999999998,15.535000000000002,122.51,10.0,125.0,10.0,120,,,126.0,,0.1294583333333333,0,0,-0.0997083333333333,0,0,5121.51,0.0175378205128205,0.0,0.5,0.5,0.0
qxgij9sh,dadcupjc,c06d584f-16fe-42a0-a5b0-281026bd6ca3,571f8b54-ffdc-4466-8066-90fb81d9dfc1,1,ghp,1,5593.0,2600.0,,,2652.59,19.0,5453.0,0.6666666666666666,3.0,-0.3666666666666666,1,1,18.0,0.0,0.0,1,1,1,2,1.0,2.0,-1.0,11.0,87.56545454545454,-32.43454545454546,32.43454545454546,87.36,74.5,118.32,56.5,120,,,60.96,,0.2702878787878788,0,0,-0.2702878787878788,0,0,4932.59,0.026174755214985,0.0,1.0,0.0,0.0
qxgij9sh,stzawa55,c06d584f-16fe-42a0-a5b0-281026bd6ca3,29127936-c621-49bd-a572-059f4be7598b,1,ghp,1,6667.0,3800.0,,,4226.63,8.0,6477.0,0.75,4.0,-0.35,3,0,24.0,0.0,0.0,1,1,1,2,0.0,4.0,-4.0,11.0,87.56545454545454,-32.43454545454546,32.43454545454546,87.36,74.5,118.32,56.5,120,,,60.96,,0.2702878787878788,0,0,-0.2702878787878788,0,0,5186.63,0.026174755214985,0.0,1.0,0.0,0.0
qxgij9sh,ja9vp1ab,c06d584f-16fe-42a0-a5b0-281026bd6ca3,697c6d90-c662-4d2a-b95d-90564ff71af6,1,ghp,1,7291.0,2600.0,,,2745.6800000000003,19.0,7091.0,0.8333333333333334,5.0,-0.3333333333333333,3,0,22.0,1.0,0.0,1,1,1,2,1.0,2.0,-1.0,11.0,87.56545454545454,-32.43454545454546,32.43454545454546,87.36,74.5,118.32,56.5,120,,,60.96,,0.2702878787878788,0,0,-0.2702878787878788,0,0,5025.68,0.026174755214985,0.0,1.0,0.0,0.0
qxgij9sh,tzbpp88u,c06d584f-16fe-42a0-a5b0-281026bd6ca3,dfd6c39d-ffc1-4115-942a-8b07c09007e9,1,ghp,1,5765.0,3800.0,,,3361.6899999999996,16.0,5545.0,0.8333333333333334,5.0,-0.3333333333333333,3,0,23.0,0.0,0.0,1,1,1,2,6.0,2.0,4.0,11.0,87.56545454545454,-32.43454545454546,32.43454545454546,87.36,74.5,118.32,56.5,120,,,60.96,,0.2702878787878788,0,0,-0.2702878787878788,0,0,5281.69,0.026174755214985,0.5,0.0,0.5,0.0
qxgij9sh,gr27p5tr,c06d584f-16fe-42a0-a5b0-281026bd6ca3,b1b707e4-d832-44a3-9c9f-a683db402492,1,ghp,1,5642.0,2600.0,,,2513.41,27.0,5532.0,0.5833333333333334,7.0,0.1166666666666665,3,0,19.0,1.0,1.0,1,1,1,2,2.0,1.0,1.0,11.0,87.56545454545454,-32.43454545454546,32.43454545454546,87.36,74.5,118.32,56.5,120,,,60.96,,0.2702878787878788,0,0,-0.2702878787878788,0,0,5753.41,0.026174755214985,0.0,0.0,1.0,0.0
qxgij9sh,e60078af,c06d584f-16fe-42a0-a5b0-281026bd6ca3,316252be-ca5a-49d1-8696-39b139312e4e,1,ghp,1,4972.0,3800.0,,,3700.0,12.0,4782.0,0.75,6.0,-0.15,10,0,21.0,0.0,0.0,1,1,1,2,1.0,0.0,1.0,11.0,87.56545454545454,-32.43454545454546,32.43454545454546,87.36,74.5,118.32,56.5,120,,,60.96,,0.2702878787878788,0,0,-0.2702878787878788,0,0,5140.0,0.026174755214985,0.5,0.0,0.5,0.0
qxgij9sh,g9jo03o9,7639dc96-fd01-4576-8cdc-79c9d30dcd81,66251611-12a2-4944-8723-b591a69a9824,1,ghp,2,5611.0,2600.0,,,2680.0,20.0,5521.0,0.4166666666666667,1.0,-0.3166666666666666,1,1,20.0,0.0,0.0,0,1,1,2,0.0,0.0,0.0,5.0,156.0,44.0,44.0,140.0,155.0,165.0,140.0,112,105.0,,150.0,0.3333333333333332,0.3928571428571428,1,0,0.3928571428571428,0,0,4920.0,0.0058288409703504,0.0,0.0,0.0,1.0
qxgij9sh,h0ebvwds,7639dc96-fd01-4576-8cdc-79c9d30dcd81,0d138ea8-8160-4263-bab0-ef399294f8a7,1,ghp,2,5268.0,3800.0,,,3844.0,10.0,5128.0,0.8333333333333334,7.0,-0.1333333333333334,1,0,33.0,0.0,1.0,1,1,1,2,0.0,0.0,0.0,5.0,156.0,44.0,44.0,140.0,155.0,165.0,140.0,112,105.0,,150.0,0.3333333333333332,0.3928571428571428,1,0,0.3928571428571428,0,0,4964.0,0.0058288409703504,0.0,0.0,1.0,0.0
qxgij9sh,u2aoz11d,7639dc96-fd01-4576-8cdc-79c9d30dcd81,145e83a3-2fb7-443a-93d3-6f7e84aec434,1,ghp,2,4992.0,2600.0,,,2608.0,21.0,4892.0,0.8333333333333334,7.0,-0.1333333333333334,2,0,19.0,1.0,1.0,0,1,1,2,2.0,2.0,0.0,5.0,156.0,44.0,44.0,140.0,155.0,165.0,140.0,112,105.0,,150.0,0.3333333333333332,0.3928571428571428,1,0,0.3928571428571428,0,0,4960.0,0.0058288409703504,0.0,1.0,0.0,0.0
qxgij9sh,90ay03zv,7639dc96-fd01-4576-8cdc-79c9d30dcd81,9cf3eabc-27f7-4754-a78b-8b9b1aca36d4,1,ghp,2,4543.0,3800.0,,,3510.0,12.0,4453.0,0.75,6.0,-0.15,1,0,22.0,1.0,1.0,1,1,1,2,2.0,0.0,2.0,5.0,156.0,44.0,44.0,140.0,155.0,165.0,140.0,112,105.0,,150.0,0.3333333333333332,0.3928571428571428,1,0,0.3928571428571428,0,0,4854.0,0.0058288409703504,0.5,0.5,0.0,0.0
qxgij9sh,ukmvlwcs,7639dc96-fd01-4576-8cdc-79c9d30dcd81,4ffcf78f-4023-4892-9eef-146a5c209835,1,ghp,2,5655.0,2600.0,,,3017.0,18.0,5515.0,1.0,9.0,-0.0999999999999999,3,0,21.0,1.0,1.0,1,1,1,2,1.0,3.0,-2.0,5.0,156.0,44.0,44.0,140.0,155.0,165.0,140.0,112,105.0,,150.0,0.3333333333333332,0.3928571428571428,1,0,0.3928571428571428,0,0,5033.0,0.0058288409703504,0.0,0.0,1.0,0.0
qxgij9sh,ehyb34jx,7639dc96-fd01-4576-8cdc-79c9d30dcd81,88efbdd9-40ef-4c34-921a-f39cc16113ce,1,ghp,2,4044.0,3800.0,,,3941.0,9.0,3934.0,0.9166666666666666,6.0,-0.3166666666666666,4,0,20.0,0.0,1.0,0,1,1,2,0.0,0.0,0.0,5.0,156.0,44.0,44.0,140.0,155.0,165.0,140.0,112,105.0,,150.0,0.3333333333333332,0.3928571428571428,1,0,0.3928571428571428,0,0,4949.0,0.0058288409703504,1.0,0.0,0.0,0.0
qxgij9sh,6xvvhy1g,aa648e2e-d329-4dd5-8902-af2bb6347519,266b409b-ab01-469b-9133-7915001aa253,0,ng,2,4941.0,2600.0,,,4110.010000000001,12.0,4691.0,0.75,1.0,-0.65,2,0,22.0,0.0,1.0,1,0,0,2,0.0,14.0,-14.0,20.0,128.1155,16.1155,16.1155,126.0,127.0,129.97,120.01,112,122.51,,126.0,0.0284874704105786,0.1438883928571428,0,0,0.1438883928571428,0,0,5454.010000000001,0.0378814196326995,0.0,0.0,1.0,0.0
qxgij9sh,o6ptk42l,aa648e2e-d329-4dd5-8902-af2bb6347519,a1224b50-e54d-4401-acb4-4fb3bfac8e8d,0,ng,2,5638.0,3800.0,,,4071.01,10.0,5398.0,0.8333333333333334,4.0,-0.4333333333333333,1,1,20.0,0.0,1.0,1,0,0,2,1.0,0.0,1.0,20.0,128.1155,16.1155,16.1155,126.0,127.0,129.97,120.01,112,122.51,,126.0,0.0284874704105786,0.1438883928571428,0,0,0.1438883928571428,0,0,5191.01,0.0378814196326995,0.5,0.0,0.5,0.0
qxgij9sh,vitm387c,aa648e2e-d329-4dd5-8902-af2bb6347519,4f2980e2-d10c-4c68-937f-78d5142dc0ef,0,ng,2,4427.0,2600.0,,,2438.49,23.0,4227.0,0.5,1.0,-0.4,3,0,22.0,0.0,0.0,1,0,0,2,0.0,0.0,0.0,20.0,128.1155,16.1155,16.1155,126.0,127.0,129.97,120.01,112,122.51,,126.0,0.0284874704105786,0.1438883928571428,0,0,0.1438883928571428,0,0,5014.49,0.0378814196326995,0.0,1.0,0.0,0.0
qxgij9sh,nngm5qgp,aa648e2e-d329-4dd5-8902-af2bb6347519,198ae65a-873c-4c68-a85e-66eac976c7ab,0,ng,2,521.0,3800.0,,,3857.0,14.0,261.0,1.0,5.0,-0.5,5,0,22.0,0.0,1.0,1,0,0,2,1.0,0.0,1.0,20.0,128.1155,16.1155,16.1155,126.0,127.0,129.97,120.01,112,122.51,,126.0,0.0284874704105786,0.1438883928571428,0,0,0.1438883928571428,0,0,5425.0,0.0378814196326995,0.0,1.0,0.0,0.0
qxgij9sh,9x5fpgk2,aa648e2e-d329-4dd5-8902-af2bb6347519,8ca21702-83a8-4430-9ead-0119fc913da6,0,ng,2,6999.0,2600.0,,,629.4399999999998,51.0,6849.0,0.75,10.0,0.25,4,1,21.0,0.0,1.0,1,0,0,2,18.0,1.0,17.0,20.0,128.1155,16.1155,16.1155,126.0,127.0,129.97,120.01,112,122.51,,126.0,0.0284874704105786,0.1438883928571428,0,0,0.1438883928571428,0,0,6341.44,0.0378814196326995,0.0,0.5,0.5,0.0
qxgij9sh,7d70uqk8,aa648e2e-d329-4dd5-8902-af2bb6347519,218b254a-e7c1-4487-8aff-ff693b11673d,0,ng,2,9064.0,3800.0,,,4494.049999999999,8.0,8854.0,0.5833333333333334,6.0,0.0166666666666666,2,0,20.0,1.0,1.0,0,0,0,2,0.0,5.0,-5.0,20.0,128.1155,16.1155,16.1155,126.0,127.0,129.97,120.01,112,122.51,,126.0,0.0284874704105786,0.1438883928571428,0,0,0.1438883928571428,0,0,5390.049999999999,0.0378814196326995,0.0,0.5,0.5,0.0
qxgij9sh,dadcupjc,c06d584f-16fe-42a0-a5b0-281026bd6ca3,571f8b54-ffdc-4466-8066-90fb81d9dfc1,1,ghp,2,5593.0,2600.0,,,2704.84,19.0,5453.0,0.6666666666666666,3.0,-0.3666666666666666,1,1,18.0,0.0,0.0,1,1,1,2,1.0,1.0,0.0,11.0,64.68363636363637,-47.31636363636364,47.31636363636364,60.96,60.91,98.7,55.47,112,87.36,,75.0,-0.3021978021978022,0.4224675324675325,0,0,-0.4224675324675324,0,0,4832.84,0.0150414642685221,0.0,1.0,0.0,0.0
qxgij9sh,stzawa55,c06d584f-16fe-42a0-a5b0-281026bd6ca3,29127936-c621-49bd-a572-059f4be7598b,1,ghp,2,6667.0,3800.0,,,4357.33,8.0,6477.0,0.75,4.0,-0.35,3,0,24.0,0.0,0.0,1,1,1,2,0.0,1.0,-1.0,11.0,64.68363636363637,-47.31636363636364,47.31636363636364,60.96,60.91,98.7,55.47,112,87.36,,75.0,-0.3021978021978022,0.4224675324675325,0,0,-0.4224675324675324,0,0,5253.33,0.0150414642685221,0.0,1.0,0.0,0.0
qxgij9sh,ja9vp1ab,c06d584f-16fe-42a0-a5b0-281026bd6ca3,697c6d90-c662-4d2a-b95d-90564ff71af6,1,ghp,2,7291.0,2600.0,,,2848.8600000000006,19.0,7091.0,0.8333333333333334,5.0,-0.3333333333333333,3,0,22.0,1.0,0.0,1,1,1,2,3.0,3.0,0.0,11.0,64.68363636363637,-47.31636363636364,47.31636363636364,60.96,60.91,98.7,55.47,112,87.36,,75.0,-0.3021978021978022,0.4224675324675325,0,0,-0.4224675324675324,0,0,4976.860000000001,0.0150414642685221,0.0,1.0,0.0,0.0
qxgij9sh,tzbpp88u,c06d584f-16fe-42a0-a5b0-281026bd6ca3,dfd6c39d-ffc1-4115-942a-8b07c09007e9,1,ghp,2,5765.0,3800.0,,,3721.809999999999,13.0,5545.0,0.8333333333333334,5.0,-0.3333333333333333,3,0,23.0,0.0,0.0,1,1,1,2,1.0,6.0,-5.0,11.0,64.68363636363637,-47.31636363636364,47.31636363636364,60.96,60.91,98.7,55.47,112,87.36,,75.0,-0.3021978021978022,0.4224675324675325,0,0,-0.4224675324675324,0,0,5177.8099999999995,0.0150414642685221,0.5,0.0,0.5,0.0
qxgij9sh,gr27p5tr,c06d584f-16fe-42a0-a5b0-281026bd6ca3,b1b707e4-d832-44a3-9c9f-a683db402492,1,ghp,2,5642.0,2600.0,,,2447.7799999999997,24.0,5532.0,0.5833333333333334,7.0,0.1166666666666665,3,0,19.0,1.0,1.0,1,1,1,2,3.0,0.0,3.0,11.0,64.68363636363637,-47.31636363636364,47.31636363636364,60.96,60.91,98.7,55.47,112,87.36,,75.0,-0.3021978021978022,0.4224675324675325,0,0,-0.4224675324675324,0,0,5135.78,0.0150414642685221,0.0,0.0,1.0,0.0
qxgij9sh,e60078af,c06d584f-16fe-42a0-a5b0-281026bd6ca3,316252be-ca5a-49d1-8696-39b139312e4e,1,ghp,2,4972.0,3800.0,,,3523.38,14.0,4782.0,0.75,6.0,-0.15,10,0,21.0,0.0,0.0,1,1,1,2,3.0,0.0,3.0,11.0,64.68363636363637,-47.31636363636364,47.31636363636364,60.96,60.91,98.7,55.47,112,87.36,,75.0,-0.3021978021978022,0.4224675324675325,0,0,-0.4224675324675324,0,0,5091.38,0.0150414642685221,0.5,0.0,0.5,0.0
qxgij9sh,g9jo03o9,7639dc96-fd01-4576-8cdc-79c9d30dcd81,66251611-12a2-4944-8723-b591a69a9824,1,ghp,3,5611.0,2600.0,80.0,3.0,2970.0,21.0,5521.0,0.4166666666666667,1.0,-0.3166666666666666,1,1,20.0,0.0,0.0,0,1,1,2,1.0,0.0,1.0,16.0,126.5625,22.5625,22.5625,150.0,120.0,150.0,110.0,104,140.0,105.0,87.0,0.0714285714285714,0.2169471153846154,0,0,0.2169471153846154,0,0,5154.0,0.031060217261141,0.0,0.0,0.0,1.0
qxgij9sh,h0ebvwds,7639dc96-fd01-4576-8cdc-79c9d30dcd81,0d138ea8-8160-4263-bab0-ef399294f8a7,1,ghp,3,5268.0,3800.0,100.0,4.0,4284.0,9.0,5128.0,0.8333333333333334,7.0,-0.1333333333333334,1,0,33.0,0.0,1.0,1,1,1,2,0.0,2.0,-2.0,16.0,126.5625,22.5625,22.5625,150.0,120.0,150.0,110.0,104,140.0,105.0,87.0,0.0714285714285714,0.2169471153846154,0,0,0.2169471153846154,0,0,5220.0,0.031060217261141,0.0,0.0,1.0,0.0
qxgij9sh,u2aoz11d,7639dc96-fd01-4576-8cdc-79c9d30dcd81,145e83a3-2fb7-443a-93d3-6f7e84aec434,1,ghp,3,4992.0,2600.0,110.0,4.0,3083.0,21.0,4892.0,0.8333333333333334,7.0,-0.1333333333333334,2,0,19.0,1.0,1.0,0,1,1,2,3.0,3.0,0.0,16.0,126.5625,22.5625,22.5625,150.0,120.0,150.0,110.0,104,140.0,105.0,87.0,0.0714285714285714,0.2169471153846154,0,0,0.2169471153846154,0,0,5267.0,0.031060217261141,0.0,1.0,0.0,0.0
qxgij9sh,90ay03zv,7639dc96-fd01-4576-8cdc-79c9d30dcd81,9cf3eabc-27f7-4754-a78b-8b9b1aca36d4,1,ghp,3,4543.0,3800.0,3400.0,4.0,3240.0,16.0,4453.0,0.75,6.0,-0.15,1,0,22.0,1.0,1.0,1,1,1,2,4.0,0.0,4.0,16.0,126.5625,22.5625,22.5625,150.0,120.0,150.0,110.0,104,140.0,105.0,87.0,0.0714285714285714,0.2169471153846154,0,0,0.2169471153846154,0,0,4904.0,0.031060217261141,0.5,0.5,0.0,0.0
qxgij9sh,ukmvlwcs,7639dc96-fd01-4576-8cdc-79c9d30dcd81,4ffcf78f-4023-4892-9eef-146a5c209835,1,ghp,3,5655.0,2600.0,110.0,2.0,4637.0,11.0,5515.0,1.0,9.0,-0.0999999999999999,3,0,21.0,1.0,1.0,1,1,1,2,0.0,10.0,-10.0,16.0,126.5625,22.5625,22.5625,150.0,120.0,150.0,110.0,104,140.0,105.0,87.0,0.0714285714285714,0.2169471153846154,0,0,0.2169471153846154,0,0,5781.0,0.031060217261141,0.0,0.0,1.0,0.0
qxgij9sh,ehyb34jx,7639dc96-fd01-4576-8cdc-79c9d30dcd81,88efbdd9-40ef-4c34-921a-f39cc16113ce,1,ghp,3,4044.0,3800.0,140.0,4.0,3186.0,16.0,3934.0,0.9166666666666666,6.0,-0.3166666666666666,4,0,20.0,0.0,1.0,0,1,1,2,8.0,1.0,7.0,16.0,126.5625,22.5625,22.5625,150.0,120.0,150.0,110.0,104,140.0,105.0,87.0,0.0714285714285714,0.2169471153846154,0,0,0.2169471153846154,0,0,4850.0,0.031060217261141,1.0,0.0,0.0,0.0
qxgij9sh,6xvvhy1g,aa648e2e-d329-4dd5-8902-af2bb6347519,266b409b-ab01-469b-9133-7915001aa253,0,ng,3,4941.0,2600.0,126.0,3.0,5308.080000000003,1.0,4691.0,0.75,1.0,-0.65,2,0,22.0,0.0,1.0,1,0,0,2,1.0,9.0,-8.0,28.0,123.99357142857144,19.993571428571432,19.993571428571432,126.0,125.61,127.43,120.01,104,126.0,122.51,131.21,0.0,0.1922458791208791,0,0,0.1922458791208791,0,0,5412.080000000003,0.0288729745370369,0.0,0.0,1.0,0.0
qxgij9sh,o6ptk42l,aa648e2e-d329-4dd5-8902-af2bb6347519,a1224b50-e54d-4401-acb4-4fb3bfac8e8d,0,ng,3,5638.0,3800.0,121.0,2.0,4278.01,9.0,5398.0,0.8333333333333334,4.0,-0.4333333333333333,1,1,20.0,0.0,1.0,1,0,0,2,2.0,2.0,0.0,28.0,123.99357142857144,19.993571428571432,19.993571428571432,126.0,125.61,127.43,120.01,104,126.0,122.51,131.21,0.0,0.1922458791208791,0,0,0.1922458791208791,0,0,5214.01,0.0288729745370369,0.5,0.0,0.5,0.0
qxgij9sh,vitm387c,aa648e2e-d329-4dd5-8902-af2bb6347519,4f2980e2-d10c-4c68-937f-78d5142dc0ef,0,ng,3,4427.0,2600.0,130.0,4.0,3271.41,20.0,4227.0,0.5,1.0,-0.4,3,0,22.0,0.0,0.0,1,0,0,2,0.0,3.0,-3.0,28.0,123.99357142857144,19.993571428571432,19.993571428571432,126.0,125.61,127.43,120.01,104,126.0,122.51,131.21,0.0,0.1922458791208791,0,0,0.1922458791208791,0,0,5351.41,0.0288729745370369,0.0,1.0,0.0,0.0
qxgij9sh,nngm5qgp,aa648e2e-d329-4dd5-8902-af2bb6347519,198ae65a-873c-4c68-a85e-66eac976c7ab,0,ng,3,521.0,3800.0,126.0,2.0,2871.6900000000014,20.0,261.0,1.0,5.0,-0.5,5,0,22.0,0.0,1.0,1,0,0,2,12.0,2.0,10.0,28.0,123.99357142857144,19.993571428571432,19.993571428571432,126.0,125.61,127.43,120.01,104,126.0,122.51,131.21,0.0,0.1922458791208791,0,0,0.1922458791208791,0,0,4951.690000000001,0.0288729745370369,0.0,1.0,0.0,0.0
qxgij9sh,9x5fpgk2,aa648e2e-d329-4dd5-8902-af2bb6347519,8ca21702-83a8-4430-9ead-0119fc913da6,0,ng,3,6999.0,2600.0,120.0,2.0,2200.1999999999966,36.0,6849.0,0.75,10.0,0.25,4,1,21.0,0.0,1.0,1,0,0,2,7.0,11.0,-4.0,28.0,123.99357142857144,19.993571428571432,19.993571428571432,126.0,125.61,127.43,120.01,104,126.0,122.51,131.21,0.0,0.1922458791208791,0,0,0.1922458791208791,0,0,5944.199999999997,0.0288729745370369,0.0,0.5,0.5,0.0
qxgij9sh,7d70uqk8,aa648e2e-d329-4dd5-8902-af2bb6347519,218b254a-e7c1-4487-8aff-ff693b11673d,0,ng,3,9064.0,3800.0,124.0,3.0,4030.61,13.0,8854.0,0.5833333333333334,6.0,0.0166666666666666,2,0,20.0,1.0,1.0,0,0,0,2,6.0,1.0,5.0,28.0,123.99357142857144,19.993571428571432,19.993571428571432,126.0,125.61,127.43,120.01,104,126.0,122.51,131.21,0.0,0.1922458791208791,0,0,0.1922458791208791,0,0,5382.610000000001,0.0288729745370369,0.0,0.5,0.5,0.0
qxgij9sh,dadcupjc,c06d584f-16fe-42a0-a5b0-281026bd6ca3,571f8b54-ffdc-4466-8066-90fb81d9dfc1,1,ghp,3,5593.0,2600.0,64.0,1.0,3219.84,17.0,5453.0,0.6666666666666666,3.0,-0.3666666666666666,1,1,18.0,0.0,0.0,1,1,1,2,0.0,2.0,-2.0,8.0,70.47875,-33.52125,33.52125,75.0,60.0,80.6,55.71,104,60.96,87.36,68.71,0.2303149606299213,0.3223197115384615,0,0,-0.3223197115384615,0,0,4987.84,0.019100361856109,0.0,1.0,0.0,0.0
qxgij9sh,stzawa55,c06d584f-16fe-42a0-a5b0-281026bd6ca3,29127936-c621-49bd-a572-059f4be7598b,1,ghp,3,6667.0,3800.0,70.0,3.0,4596.58,6.0,6477.0,0.75,4.0,-0.35,3,0,24.0,0.0,0.0,1,1,1,2,1.0,2.0,-1.0,8.0,70.47875,-33.52125,33.52125,75.0,60.0,80.6,55.71,104,60.96,87.36,68.71,0.2303149606299213,0.3223197115384615,0,0,-0.3223197115384615,0,0,5220.58,0.019100361856109,0.0,1.0,0.0,0.0
qxgij9sh,ja9vp1ab,c06d584f-16fe-42a0-a5b0-281026bd6ca3,697c6d90-c662-4d2a-b95d-90564ff71af6,1,ghp,3,7291.0,2600.0,62.0,4.0,3387.7300000000005,17.0,7091.0,0.8333333333333334,5.0,-0.3333333333333333,3,0,22.0,1.0,0.0,1,1,1,2,1.0,3.0,-2.0,8.0,70.47875,-33.52125,33.52125,75.0,60.0,80.6,55.71,104,60.96,87.36,68.71,0.2303149606299213,0.3223197115384615,0,0,-0.3223197115384615,0,0,5155.7300000000005,0.019100361856109,0.0,1.0,0.0,0.0
qxgij9sh,tzbpp88u,c06d584f-16fe-42a0-a5b0-281026bd6ca3,dfd6c39d-ffc1-4115-942a-8b07c09007e9,1,ghp,3,5765.0,3800.0,55.0,2.0,3825.599999999999,12.0,5545.0,0.8333333333333334,5.0,-0.3333333333333333,3,0,23.0,0.0,0.0,1,1,1,2,3.0,1.0,2.0,8.0,70.47875,-33.52125,33.52125,75.0,60.0,80.6,55.71,104,60.96,87.36,68.71,0.2303149606299213,0.3223197115384615,0,0,-0.3223197115384615,0,0,5073.5999999999985,0.019100361856109,0.5,0.0,0.5,0.0
qxgij9sh,gr27p5tr,c06d584f-16fe-42a0-a5b0-281026bd6ca3,b1b707e4-d832-44a3-9c9f-a683db402492,1,ghp,3,5642.0,2600.0,55.0,3.0,2710.87,27.0,5532.0,0.5833333333333334,7.0,0.1166666666666665,3,0,19.0,1.0,1.0,1,1,1,2,3.0,0.0,3.0,8.0,70.47875,-33.52125,33.52125,75.0,60.0,80.6,55.71,104,60.96,87.36,68.71,0.2303149606299213,0.3223197115384615,0,0,-0.3223197115384615,0,0,5518.87,0.019100361856109,0.0,0.0,1.0,0.0
qxgij9sh,e60078af,c06d584f-16fe-42a0-a5b0-281026bd6ca3,316252be-ca5a-49d1-8696-39b139312e4e,1,ghp,3,4972.0,3800.0,71.0,3.0,3803.38,15.0,4782.0,0.75,6.0,-0.15,10,0,21.0,0.0,0.0,1,1,1,2,0.0,0.0,0.0,8.0,70.47875,-33.52125,33.52125,75.0,60.0,80.6,55.71,104,60.96,87.36,68.71,0.2303149606299213,0.3223197115384615,0,0,-0.3223197115384615,0,0,5363.38,0.019100361856109,0.5,0.0,0.5,0.0
qxgij9sh,g9jo03o9,7639dc96-fd01-4576-8cdc-79c9d30dcd81,66251611-12a2-4944-8723-b591a69a9824,1,ghp,4,5611.0,2600.0,,,3090.0,20.0,5521.0,0.4166666666666667,1.0,-0.3166666666666666,1,1,20.0,0.0,0.0,0,1,1,2,0.0,1.0,-1.0,11.0,123.54545454545456,27.545454545454547,29.181818181818183,87.0,140.0,140.0,87.0,96,150.0,140.0,110.0,-0.42,0.3039772727272727,0,1,0.2869318181818182,0,0,5010.0,0.0383913655148157,0.0,0.0,0.0,1.0
qxgij9sh,h0ebvwds,7639dc96-fd01-4576-8cdc-79c9d30dcd81,0d138ea8-8160-4263-bab0-ef399294f8a7,1,ghp,4,5268.0,3800.0,,,4424.0,8.0,5128.0,0.8333333333333334,7.0,-0.1333333333333334,1,0,33.0,0.0,1.0,1,1,1,2,0.0,1.0,-1.0,11.0,123.54545454545456,27.545454545454547,29.181818181818183,87.0,140.0,140.0,87.0,96,150.0,140.0,110.0,-0.42,0.3039772727272727,0,1,0.2869318181818182,0,0,5192.0,0.0383913655148157,0.0,0.0,1.0,0.0
qxgij9sh,u2aoz11d,7639dc96-fd01-4576-8cdc-79c9d30dcd81,145e83a3-2fb7-443a-93d3-6f7e84aec434,1,ghp,4,4992.0,2600.0,,,3148.0,21.0,4892.0,0.8333333333333334,7.0,-0.1333333333333334,2,0,19.0,1.0,1.0,0,1,1,2,2.0,2.0,0.0,11.0,123.54545454545456,27.545454545454547,29.181818181818183,87.0,140.0,140.0,87.0,96,150.0,140.0,110.0,-0.42,0.3039772727272727,0,1,0.2869318181818182,0,0,5164.0,0.0383913655148157,0.0,1.0,0.0,0.0
qxgij9sh,90ay03zv,7639dc96-fd01-4576-8cdc-79c9d30dcd81,9cf3eabc-27f7-4754-a78b-8b9b1aca36d4,1,ghp,4,4543.0,3800.0,,,2990.0,18.0,4453.0,0.75,6.0,-0.15,1,0,22.0,1.0,1.0,1,1,1,2,2.0,0.0,2.0,11.0,123.54545454545456,27.545454545454547,29.181818181818183,87.0,140.0,140.0,87.0,96,150.0,140.0,110.0,-0.42,0.3039772727272727,0,1,0.2869318181818182,0,0,4718.0,0.0383913655148157,0.5,0.5,0.0,0.0
qxgij9sh,ukmvlwcs,7639dc96-fd01-4576-8cdc-79c9d30dcd81,4ffcf78f-4023-4892-9eef-146a5c209835,1,ghp,4,5655.0,2600.0,,,5471.0,2.0,5515.0,1.0,9.0,-0.0999999999999999,3,0,21.0,1.0,1.0,1,1,1,2,0.0,7.0,-7.0,11.0,123.54545454545456,27.545454545454547,29.181818181818183,87.0,140.0,140.0,87.0,96,150.0,140.0,110.0,-0.42,0.3039772727272727,0,1,0.2869318181818182,0,0,5663.0,0.0383913655148157,0.0,0.0,1.0,0.0
qxgij9sh,ehyb34jx,7639dc96-fd01-4576-8cdc-79c9d30dcd81,88efbdd9-40ef-4c34-921a-f39cc16113ce,1,ghp,4,4044.0,3800.0,,,2277.0,24.0,3934.0,0.9166666666666666,6.0,-0.3166666666666666,4,0,20.0,0.0,1.0,0,1,1,2,7.0,0.0,7.0,11.0,123.54545454545456,27.545454545454547,29.181818181818183,87.0,140.0,140.0,87.0,96,150.0,140.0,110.0,-0.42,0.3039772727272727,0,1,0.2869318181818182,0,0,4581.0,0.0383913655148157,1.0,0.0,0.0,0.0
qxgij9sh,6xvvhy1g,aa648e2e-d329-4dd5-8902-af2bb6347519,266b409b-ab01-469b-9133-7915001aa253,0,ng,4,4941.0,2600.0,,,239.4400000000024,40.0,4691.0,0.75,1.0,-0.65,2,0,22.0,0.0,1.0,1,0,0,2,39.0,0.0,39.0,53.0,130.2709433962264,34.270943396226414,34.270943396226414,131.21,126.0,132.25,126.0,96,126.0,126.0,129.88,0.0413492063492064,0.3569889937106918,0,0,0.3569889937106918,0,0,4079.4400000000023,0.0943003280032799,0.0,0.0,1.0,0.0
qxgij9sh,o6ptk42l,aa648e2e-d329-4dd5-8902-af2bb6347519,a1224b50-e54d-4401-acb4-4fb3bfac8e8d,0,ng,4,5638.0,3800.0,,,4793.91,5.0,5398.0,0.8333333333333334,4.0,-0.4333333333333333,1,1,20.0,0.0,1.0,1,0,0,2,0.0,4.0,-4.0,53.0,130.2709433962264,34.270943396226414,34.270943396226414,131.21,126.0,132.25,126.0,96,126.0,126.0,129.88,0.0413492063492064,0.3569889937106918,0,0,0.3569889937106918,0,0,5273.91,0.0943003280032799,0.5,0.0,0.5,0.0
qxgij9sh,vitm387c,aa648e2e-d329-4dd5-8902-af2bb6347519,4f2980e2-d10c-4c68-937f-78d5142dc0ef,0,ng,4,4427.0,2600.0,,,2876.41,23.0,4227.0,0.5,1.0,-0.4,3,0,22.0,0.0,0.0,1,0,0,2,3.0,0.0,3.0,53.0,130.2709433962264,34.270943396226414,34.270943396226414,131.21,126.0,132.25,126.0,96,126.0,126.0,129.88,0.0413492063492064,0.3569889937106918,0,0,0.3569889937106918,0,0,5084.41,0.0943003280032799,0.0,1.0,0.0,0.0
qxgij9sh,nngm5qgp,aa648e2e-d329-4dd5-8902-af2bb6347519,198ae65a-873c-4c68-a85e-66eac976c7ab,0,ng,4,521.0,3800.0,,,5485.030000000002,0.0,261.0,1.0,5.0,-0.5,5,0,22.0,0.0,1.0,1,0,0,2,0.0,20.0,-20.0,53.0,130.2709433962264,34.270943396226414,34.270943396226414,131.21,126.0,132.25,126.0,96,126.0,126.0,129.88,0.0413492063492064,0.3569889937106918,0,0,0.3569889937106918,0,0,5485.030000000002,0.0943003280032799,0.0,1.0,0.0,0.0
qxgij9sh,9x5fpgk2,aa648e2e-d329-4dd5-8902-af2bb6347519,8ca21702-83a8-4430-9ead-0119fc913da6,0,ng,4,6999.0,2600.0,,,4030.419999999997,36.0,6849.0,0.75,10.0,0.25,4,1,21.0,0.0,1.0,1,0,0,2,5.0,19.0,-14.0,53.0,130.2709433962264,34.270943396226414,34.270943396226414,131.21,126.0,132.25,126.0,96,126.0,126.0,129.88,0.0413492063492064,0.3569889937106918,0,0,0.3569889937106918,0,0,7486.419999999996,0.0943003280032799,0.0,0.5,0.5,0.0
qxgij9sh,7d70uqk8,aa648e2e-d329-4dd5-8902-af2bb6347519,218b254a-e7c1-4487-8aff-ff693b11673d,0,ng,4,9064.0,3800.0,,,4534.789999999999,6.0,8854.0,0.5833333333333334,6.0,0.0166666666666666,2,0,20.0,1.0,1.0,0,0,0,2,6.0,10.0,-4.0,53.0,130.2709433962264,34.270943396226414,34.270943396226414,131.21,126.0,132.25,126.0,96,126.0,126.0,129.88,0.0413492063492064,0.3569889937106918,0,0,0.3569889937106918,0,0,5110.789999999999,0.0943003280032799,0.0,0.5,0.5,0.0
qxgij9sh,dadcupjc,c06d584f-16fe-42a0-a5b0-281026bd6ca3,571f8b54-ffdc-4466-8066-90fb81d9dfc1,1,ghp,4,5593.0,2600.0,,,3288.86,16.0,5453.0,0.6666666666666666,3.0,-0.3666666666666666,1,1,18.0,0.0,0.0,1,1,1,2,1.0,2.0,-1.0,29.0,68.47068965517241,-27.529310344827586,27.529310344827586,68.71,60.0,76.82,55.46,96,75.0,60.96,68.26,-0.0838666666666667,0.2867636494252873,0,0,-0.2867636494252874,0,0,4824.860000000001,0.046926965822679,0.0,1.0,0.0,0.0
qxgij9sh,stzawa55,c06d584f-16fe-42a0-a5b0-281026bd6ca3,29127936-c621-49bd-a572-059f4be7598b,1,ghp,4,6667.0,3800.0,,,4121.99,11.0,6477.0,0.75,4.0,-0.35,3,0,24.0,0.0,0.0,1,1,1,2,8.0,1.0,7.0,29.0,68.47068965517241,-27.529310344827586,27.529310344827586,68.71,60.0,76.82,55.46,96,75.0,60.96,68.26,-0.0838666666666667,0.2867636494252873,0,0,-0.2867636494252874,0,0,5177.99,0.046926965822679,0.0,1.0,0.0,0.0
qxgij9sh,ja9vp1ab,c06d584f-16fe-42a0-a5b0-281026bd6ca3,697c6d90-c662-4d2a-b95d-90564ff71af6,1,ghp,4,7291.0,2600.0,,,3812.8600000000006,12.0,7091.0,0.8333333333333334,5.0,-0.3333333333333333,3,0,22.0,1.0,0.0,1,1,1,2,1.0,7.0,-6.0,29.0,68.47068965517241,-27.529310344827586,27.529310344827586,68.71,60.0,76.82,55.46,96,75.0,60.96,68.26,-0.0838666666666667,0.2867636494252873,0,0,-0.2867636494252874,0,0,4964.860000000001,0.046926965822679,0.0,1.0,0.0,0.0
qxgij9sh,tzbpp88u,c06d584f-16fe-42a0-a5b0-281026bd6ca3,dfd6c39d-ffc1-4115-942a-8b07c09007e9,1,ghp,4,5765.0,3800.0,,,3240.8900000000003,21.0,5545.0,0.8333333333333334,5.0,-0.3333333333333333,3,0,23.0,0.0,0.0,1,1,1,2,14.0,6.0,8.0,29.0,68.47068965517241,-27.529310344827586,27.529310344827586,68.71,60.0,76.82,55.46,96,75.0,60.96,68.26,-0.0838666666666667,0.2867636494252873,0,0,-0.2867636494252874,0,0,5256.89,0.046926965822679,0.5,0.0,0.5,0.0
qxgij9sh,gr27p5tr,c06d584f-16fe-42a0-a5b0-281026bd6ca3,b1b707e4-d832-44a3-9c9f-a683db402492,1,ghp,4,5642.0,2600.0,,,3550.9999999999995,30.0,5532.0,0.5833333333333334,7.0,0.1166666666666665,3,0,19.0,1.0,1.0,1,1,1,2,1.0,13.0,-12.0,29.0,68.47068965517241,-27.529310344827586,27.529310344827586,68.71,60.0,76.82,55.46,96,75.0,60.96,68.26,-0.0838666666666667,0.2867636494252873,0,0,-0.2867636494252874,0,0,6431.0,0.046926965822679,0.0,0.0,1.0,0.0
qxgij9sh,e60078af,c06d584f-16fe-42a0-a5b0-281026bd6ca3,316252be-ca5a-49d1-8696-39b139312e4e,1,ghp,4,4972.0,3800.0,,,3528.4,18.0,4782.0,0.75,6.0,-0.15,10,0,21.0,0.0,0.0,1,1,1,2,4.0,0.0,4.0,29.0,68.47068965517241,-27.529310344827586,27.529310344827586,68.71,60.0,76.82,55.46,96,75.0,60.96,68.26,-0.0838666666666667,0.2867636494252873,0,0,-0.2867636494252874,0,0,5256.4,0.046926965822679,0.5,0.0,0.5,0.0
qxgij9sh,g9jo03o9,7639dc96-fd01-4576-8cdc-79c9d30dcd81,66251611-12a2-4944-8723-b591a69a9824,1,ghp,5,5611.0,2600.0,,,3090.0,20.0,5521.0,0.4166666666666667,1.0,-0.3166666666666666,1,1,20.0,0.0,0.0,0,1,1,2,0.0,0.0,0.0,6.0,105.83333333333331,17.833333333333332,18.833333333333332,110.0,125.0,125.0,85.0,88,87.0,150.0,107.5,0.264367816091954,0.2140151515151515,0,0,0.2026515151515151,0,0,4850.0,0.0432169497618405,0.0,0.0,0.0,1.0
qxgij9sh,h0ebvwds,7639dc96-fd01-4576-8cdc-79c9d30dcd81,0d138ea8-8160-4263-bab0-ef399294f8a7,1,ghp,5,5268.0,3800.0,,,4644.0,5.0,5128.0,0.8333333333333334,7.0,-0.1333333333333334,1,0,33.0,0.0,1.0,1,1,1,2,0.0,2.0,-2.0,6.0,105.83333333333331,17.833333333333332,18.833333333333332,110.0,125.0,125.0,85.0,88,87.0,150.0,107.5,0.264367816091954,0.2140151515151515,0,0,0.2026515151515151,0,0,5084.0,0.0432169497618405,0.0,0.0,1.0,0.0
qxgij9sh,u2aoz11d,7639dc96-fd01-4576-8cdc-79c9d30dcd81,145e83a3-2fb7-443a-93d3-6f7e84aec434,1,ghp,5,4992.0,2600.0,,,3213.0,21.0,4892.0,0.8333333333333334,7.0,-0.1333333333333334,2,0,19.0,1.0,1.0,0,1,1,2,2.0,2.0,0.0,6.0,105.83333333333331,17.833333333333332,18.833333333333332,110.0,125.0,125.0,85.0,88,87.0,150.0,107.5,0.264367816091954,0.2140151515151515,0,0,0.2026515151515151,0,0,5061.0,0.0432169497618405,0.0,1.0,0.0,0.0
qxgij9sh,90ay03zv,7639dc96-fd01-4576-8cdc-79c9d30dcd81,9cf3eabc-27f7-4754-a78b-8b9b1aca36d4,1,ghp,5,4543.0,3800.0,,,3165.0,16.0,4453.0,0.75,6.0,-0.15,1,0,22.0,1.0,1.0,1,1,1,2,0.0,2.0,-2.0,6.0,105.83333333333331,17.833333333333332,18.833333333333332,110.0,125.0,125.0,85.0,88,87.0,150.0,107.5,0.264367816091954,0.2140151515151515,0,0,0.2026515151515151,0,0,4573.0,0.0432169497618405,0.5,0.5,0.0,0.0
qxgij9sh,ukmvlwcs,7639dc96-fd01-4576-8cdc-79c9d30dcd81,4ffcf78f-4023-4892-9eef-146a5c209835,1,ghp,5,5655.0,2600.0,,,5471.0,2.0,5515.0,1.0,9.0,-0.0999999999999999,3,0,21.0,1.0,1.0,1,1,1,2,0.0,0.0,0.0,6.0,105.83333333333331,17.833333333333332,18.833333333333332,110.0,125.0,125.0,85.0,88,87.0,150.0,107.5,0.264367816091954,0.2140151515151515,0,0,0.2026515151515151,0,0,5647.0,0.0432169497618405,0.0,0.0,1.0,0.0
qxgij9sh,ehyb34jx,7639dc96-fd01-4576-8cdc-79c9d30dcd81,88efbdd9-40ef-4c34-921a-f39cc16113ce,1,ghp,5,4044.0,3800.0,,,1817.0,30.0,3934.0,0.9166666666666666,6.0,-0.3166666666666666,4,0,20.0,0.0,1.0,0,1,1,2,4.0,0.0,4.0,6.0,105.83333333333331,17.833333333333332,18.833333333333332,110.0,125.0,125.0,85.0,88,87.0,150.0,107.5,0.264367816091954,0.2140151515151515,0,0,0.2026515151515151,0,0,4457.0,0.0432169497618405,1.0,0.0,0.0,0.0
qxgij9sh,6xvvhy1g,aa648e2e-d329-4dd5-8902-af2bb6347519,266b409b-ab01-469b-9133-7915001aa253,0,ng,5,4941.0,2600.0,,,4017.180000000002,11.0,4691.0,0.75,1.0,-0.65,2,0,22.0,0.0,1.0,1,0,0,2,0.0,29.0,-29.0,44.0,130.6240909090909,42.6240909090909,42.6240909090909,129.88,131.25,131.83,129.88,88,131.21,126.0,131.73,-0.0101364225287707,0.4843646694214875,0,0,0.4843646694214876,0,0,4985.180000000002,0.0741388537715971,0.0,0.0,1.0,0.0
qxgij9sh,o6ptk42l,aa648e2e-d329-4dd5-8902-af2bb6347519,a1224b50-e54d-4401-acb4-4fb3bfac8e8d,0,ng,5,5638.0,3800.0,,,4665.32,5.0,5398.0,0.8333333333333334,4.0,-0.4333333333333333,1,1,20.0,0.0,1.0,1,0,0,2,2.0,1.0,1.0,44.0,130.6240909090909,42.6240909090909,42.6240909090909,129.88,131.25,131.83,129.88,88,131.21,126.0,131.73,-0.0101364225287707,0.4843646694214875,0,0,0.4843646694214876,0,0,5105.32,0.0741388537715971,0.5,0.0,0.5,0.0
qxgij9sh,vitm387c,aa648e2e-d329-4dd5-8902-af2bb6347519,4f2980e2-d10c-4c68-937f-78d5142dc0ef,0,ng,5,4427.0,2600.0,,,2219.869999999999,28.0,4227.0,0.5,1.0,-0.4,3,0,22.0,0.0,0.0,1,0,0,2,5.0,0.0,5.0,44.0,130.6240909090909,42.6240909090909,42.6240909090909,129.88,131.25,131.83,129.88,88,131.21,126.0,131.73,-0.0101364225287707,0.4843646694214875,0,0,0.4843646694214876,0,0,4683.869999999999,0.0741388537715971,0.0,1.0,0.0,0.0
qxgij9sh,nngm5qgp,aa648e2e-d329-4dd5-8902-af2bb6347519,198ae65a-873c-4c68-a85e-66eac976c7ab,0,ng,5,521.0,3800.0,,,5355.030000000002,1.0,261.0,1.0,5.0,-0.5,5,0,22.0,0.0,1.0,1,0,0,2,1.0,0.0,1.0,44.0,130.6240909090909,42.6240909090909,42.6240909090909,129.88,131.25,131.83,129.88,88,131.21,126.0,131.73,-0.0101364225287707,0.4843646694214875,0,0,0.4843646694214876,0,0,5443.030000000002,0.0741388537715971,0.0,1.0,0.0,0.0
qxgij9sh,9x5fpgk2,aa648e2e-d329-4dd5-8902-af2bb6347519,8ca21702-83a8-4430-9ead-0119fc913da6,0,ng,5,6999.0,2600.0,,,2742.9899999999975,47.0,6849.0,0.75,10.0,0.25,4,1,21.0,0.0,1.0,1,0,0,2,24.0,14.0,10.0,44.0,130.6240909090909,42.6240909090909,42.6240909090909,129.88,131.25,131.83,129.88,88,131.21,126.0,131.73,-0.0101364225287707,0.4843646694214875,0,0,0.4843646694214876,0,0,6878.989999999998,0.0741388537715971,0.0,0.5,0.5,0.0
qxgij9sh,7d70uqk8,aa648e2e-d329-4dd5-8902-af2bb6347519,218b254a-e7c1-4487-8aff-ff693b11673d,0,ng,5,9064.0,3800.0,,,2959.609999999999,18.0,8854.0,0.5833333333333334,6.0,0.0166666666666666,2,0,20.0,1.0,1.0,0,0,0,2,12.0,0.0,12.0,44.0,130.6240909090909,42.6240909090909,42.6240909090909,129.88,131.25,131.83,129.88,88,131.21,126.0,131.73,-0.0101364225287707,0.4843646694214875,0,0,0.4843646694214876,0,0,4543.609999999999,0.0741388537715971,0.0,0.5,0.5,0.0
qxgij9sh,dadcupjc,c06d584f-16fe-42a0-a5b0-281026bd6ca3,571f8b54-ffdc-4466-8066-90fb81d9dfc1,1,ghp,5,5593.0,2600.0,,,3426.61,15.0,5453.0,0.6666666666666666,3.0,-0.3666666666666666,1,1,18.0,0.0,0.0,1,1,1,2,0.0,2.0,-2.0,24.0,68.17625,-19.82375,19.82375,68.26,68.7,69.39,64.37,88,68.71,75.0,67.2,-0.0065492650269245,0.2252698863636363,0,0,-0.2252698863636364,0,0,4746.610000000001,0.0349384973404255,0.0,1.0,0.0,0.0
qxgij9sh,stzawa55,c06d584f-16fe-42a0-a5b0-281026bd6ca3,29127936-c621-49bd-a572-059f4be7598b,1,ghp,5,6667.0,3800.0,,,4460.4,11.0,6477.0,0.75,4.0,-0.35,3,0,24.0,0.0,0.0,1,1,1,2,3.0,8.0,-5.0,24.0,68.17625,-19.82375,19.82375,68.26,68.7,69.39,64.37,88,68.71,75.0,67.2,-0.0065492650269245,0.2252698863636363,0,0,-0.2252698863636364,0,0,5428.4,0.0349384973404255,0.0,1.0,0.0,0.0
qxgij9sh,ja9vp1ab,c06d584f-16fe-42a0-a5b0-281026bd6ca3,697c6d90-c662-4d2a-b95d-90564ff71af6,1,ghp,5,7291.0,2600.0,,,4557.63,0.0,7091.0,0.8333333333333334,5.0,-0.3333333333333333,3,0,22.0,1.0,0.0,1,1,1,2,0.0,11.0,-11.0,24.0,68.17625,-19.82375,19.82375,68.26,68.7,69.39,64.37,88,68.71,75.0,67.2,-0.0065492650269245,0.2252698863636363,0,0,-0.2252698863636364,0,0,4557.63,0.0349384973404255,0.0,1.0,0.0,0.0
qxgij9sh,tzbpp88u,c06d584f-16fe-42a0-a5b0-281026bd6ca3,dfd6c39d-ffc1-4115-942a-8b07c09007e9,1,ghp,5,5765.0,3800.0,,,1940.56,38.0,5545.0,0.8333333333333334,5.0,-0.3333333333333333,3,0,23.0,0.0,0.0,1,1,1,2,19.0,0.0,19.0,24.0,68.17625,-19.82375,19.82375,68.26,68.7,69.39,64.37,88,68.71,75.0,67.2,-0.0065492650269245,0.2252698863636363,0,0,-0.2252698863636364,0,0,5284.5599999999995,0.0349384973404255,0.5,0.0,0.5,0.0
qxgij9sh,gr27p5tr,c06d584f-16fe-42a0-a5b0-281026bd6ca3,b1b707e4-d832-44a3-9c9f-a683db402492,1,ghp,5,5642.0,2600.0,,,3630.4,14.0,5532.0,0.5833333333333334,7.0,0.1166666666666665,3,0,19.0,1.0,1.0,1,1,1,2,2.0,3.0,-1.0,24.0,68.17625,-19.82375,19.82375,68.26,68.7,69.39,64.37,88,68.71,75.0,67.2,-0.0065492650269245,0.2252698863636363,0,0,-0.2252698863636364,0,0,4862.4,0.0349384973404255,0.0,0.0,1.0,0.0
qxgij9sh,e60078af,c06d584f-16fe-42a0-a5b0-281026bd6ca3,316252be-ca5a-49d1-8696-39b139312e4e,1,ghp,5,4972.0,3800.0,,,3528.4,19.0,4782.0,0.75,6.0,-0.15,10,0,21.0,0.0,0.0,1,1,1,2,0.0,0.0,0.0,24.0,68.17625,-19.82375,19.82375,68.26,68.7,69.39,64.37,88,68.71,75.0,67.2,-0.0065492650269245,0.2252698863636363,0,0,-0.2252698863636364,0,0,5200.4,0.0349384973404255,0.5,0.0,0.5,0.0
qxgij9sh,g9jo03o9,7639dc96-fd01-4576-8cdc-79c9d30dcd81,66251611-12a2-4944-8723-b591a69a9824,1,ghp,6,5611.0,2600.0,90.0,3.0,3250.0,20.0,5521.0,0.4166666666666667,1.0,-0.3166666666666666,1,1,20.0,0.0,0.0,0,1,1,2,0.0,0.0,0.0,7.0,106.85714285714286,26.857142857142858,26.857142857142858,107.5,115.0,118.0,90.0,80,110.0,87.0,90.0,-0.0227272727272727,0.3357142857142857,0,0,0.3357142857142857,0,0,4850.0,0.0513160279061339,0.0,0.0,0.0,1.0
qxgij9sh,h0ebvwds,7639dc96-fd01-4576-8cdc-79c9d30dcd81,0d138ea8-8160-4263-bab0-ef399294f8a7,1,ghp,6,5268.0,3800.0,73.0,3.0,4881.5,3.0,5128.0,0.8333333333333334,7.0,-0.1333333333333334,1,0,33.0,0.0,1.0,1,1,1,2,0.0,2.0,-2.0,7.0,106.85714285714286,26.857142857142858,26.857142857142858,107.5,115.0,118.0,90.0,80,110.0,87.0,90.0,-0.0227272727272727,0.3357142857142857,0,0,0.3357142857142857,0,0,5121.5,0.0513160279061339,0.0,0.0,1.0,0.0
qxgij9sh,u2aoz11d,7639dc96-fd01-4576-8cdc-79c9d30dcd81,145e83a3-2fb7-443a-93d3-6f7e84aec434,1,ghp,6,4992.0,2600.0,100.0,4.0,3521.5,20.0,4892.0,0.8333333333333334,7.0,-0.1333333333333334,2,0,19.0,1.0,1.0,0,1,1,2,2.0,3.0,-1.0,7.0,106.85714285714286,26.857142857142858,26.857142857142858,107.5,115.0,118.0,90.0,80,110.0,87.0,90.0,-0.0227272727272727,0.3357142857142857,0,0,0.3357142857142857,0,0,5121.5,0.0513160279061339,0.0,1.0,0.0,0.0
qxgij9sh,90ay03zv,7639dc96-fd01-4576-8cdc-79c9d30dcd81,9cf3eabc-27f7-4754-a78b-8b9b1aca36d4,1,ghp,6,4543.0,3800.0,3700.0,4.0,3400.5,15.0,4453.0,0.75,6.0,-0.15,1,0,22.0,1.0,1.0,1,1,1,2,0.0,1.0,-1.0,7.0,106.85714285714286,26.857142857142858,26.857142857142858,107.5,115.0,118.0,90.0,80,110.0,87.0,90.0,-0.0227272727272727,0.3357142857142857,0,0,0.3357142857142857,0,0,4600.5,0.0513160279061339,0.5,0.5,0.0,0.0
qxgij9sh,ukmvlwcs,7639dc96-fd01-4576-8cdc-79c9d30dcd81,4ffcf78f-4023-4892-9eef-146a5c209835,1,ghp,6,5655.0,2600.0,60.0,1.0,5592.0,0.0,5515.0,1.0,9.0,-0.0999999999999999,3,0,21.0,1.0,1.0,1,1,1,2,0.0,1.0,-1.0,7.0,106.85714285714286,26.857142857142858,26.857142857142858,107.5,115.0,118.0,90.0,80,110.0,87.0,90.0,-0.0227272727272727,0.3357142857142857,0,0,0.3357142857142857,0,0,5592.0,0.0513160279061339,0.0,0.0,1.0,0.0
qxgij9sh,ehyb34jx,7639dc96-fd01-4576-8cdc-79c9d30dcd81,88efbdd9-40ef-4c34-921a-f39cc16113ce,1,ghp,6,4044.0,3800.0,100.0,5.0,1506.5,33.0,3934.0,0.9166666666666666,6.0,-0.3166666666666666,4,0,20.0,0.0,1.0,0,1,1,2,5.0,0.0,5.0,7.0,106.85714285714286,26.857142857142858,26.857142857142858,107.5,115.0,118.0,90.0,80,110.0,87.0,90.0,-0.0227272727272727,0.3357142857142857,0,0,0.3357142857142857,0,0,4146.5,0.0513160279061339,1.0,0.0,0.0,0.0
qxgij9sh,6xvvhy1g,aa648e2e-d329-4dd5-8902-af2bb6347519,266b409b-ab01-469b-9133-7915001aa253,0,ng,6,4941.0,2600.0,130.0,3.0,1603.0400000000031,30.0,4691.0,0.75,1.0,-0.65,2,0,22.0,0.0,1.0,1,0,0,2,30.0,11.0,19.0,45.0,130.58733333333333,50.587333333333326,50.587333333333326,131.73,129.87,131.73,129.26,80,129.88,131.21,131.9,0.0142439174622728,0.6323416666666666,0,0,0.6323416666666667,0,0,4003.040000000003,0.0924573065283181,0.0,0.0,1.0,0.0
qxgij9sh,o6ptk42l,aa648e2e-d329-4dd5-8902-af2bb6347519,a1224b50-e54d-4401-acb4-4fb3bfac8e8d,0,ng,6,5638.0,3800.0,131.0,2.0,4967.2699999999995,3.0,5398.0,0.8333333333333334,4.0,-0.4333333333333333,1,1,20.0,0.0,1.0,1,0,0,2,0.0,2.0,-2.0,45.0,130.58733333333333,50.587333333333326,50.587333333333326,131.73,129.87,131.73,129.26,80,129.88,131.21,131.9,0.0142439174622728,0.6323416666666666,0,0,0.6323416666666667,0,0,5207.2699999999995,0.0924573065283181,0.5,0.0,0.5,0.0
qxgij9sh,vitm387c,aa648e2e-d329-4dd5-8902-af2bb6347519,4f2980e2-d10c-4c68-937f-78d5142dc0ef,0,ng,6,4427.0,2600.0,132.0,2.0,1924.2699999999995,32.0,4227.0,0.5,1.0,-0.4,3,0,22.0,0.0,0.0,1,0,0,2,4.0,0.0,4.0,45.0,130.58733333333333,50.587333333333326,50.587333333333326,131.73,129.87,131.73,129.26,80,129.88,131.21,131.9,0.0142439174622728,0.6323416666666666,0,0,0.6323416666666667,0,0,4484.2699999999995,0.0924573065283181,0.0,1.0,0.0,0.0
qxgij9sh,nngm5qgp,aa648e2e-d329-4dd5-8902-af2bb6347519,198ae65a-873c-4c68-a85e-66eac976c7ab,0,ng,6,521.0,3800.0,132.0,2.0,5363.030000000002,1.0,261.0,1.0,5.0,-0.5,5,0,22.0,0.0,1.0,1,0,0,2,0.0,0.0,0.0,45.0,130.58733333333333,50.587333333333326,50.587333333333326,131.73,129.87,131.73,129.26,80,129.88,131.21,131.9,0.0142439174622728,0.6323416666666666,0,0,0.6323416666666667,0,0,5443.030000000002,0.0924573065283181,0.0,1.0,0.0,0.0
qxgij9sh,9x5fpgk2,aa648e2e-d329-4dd5-8902-af2bb6347519,8ca21702-83a8-4430-9ead-0119fc913da6,0,ng,6,6999.0,2600.0,130.0,3.0,5350.3899999999985,18.0,6849.0,0.75,10.0,0.25,4,1,21.0,0.0,1.0,1,0,0,2,7.0,24.0,-17.0,45.0,130.58733333333333,50.587333333333326,50.587333333333326,131.73,129.87,131.73,129.26,80,129.88,131.21,131.9,0.0142439174622728,0.6323416666666666,0,0,0.6323416666666667,0,0,6790.3899999999985,0.0924573065283181,0.0,0.5,0.5,0.0
qxgij9sh,7d70uqk8,aa648e2e-d329-4dd5-8902-af2bb6347519,218b254a-e7c1-4487-8aff-ff693b11673d,0,ng,6,9064.0,3800.0,132.0,4.0,3631.999999999998,16.0,8854.0,0.5833333333333334,6.0,0.0166666666666666,2,0,20.0,1.0,1.0,0,0,0,2,4.0,8.0,-4.0,45.0,130.58733333333333,50.587333333333326,50.587333333333326,131.73,129.87,131.73,129.26,80,129.88,131.21,131.9,0.0142439174622728,0.6323416666666666,0,0,0.6323416666666667,0,0,4911.999999999998,0.0924573065283181,0.0,0.5,0.5,0.0
qxgij9sh,dadcupjc,c06d584f-16fe-42a0-a5b0-281026bd6ca3,571f8b54-ffdc-4466-8066-90fb81d9dfc1,1,ghp,6,5593.0,2600.0,65.0,1.0,3614.74,13.0,5453.0,0.6666666666666666,3.0,-0.3666666666666666,1,1,18.0,0.0,0.0,1,1,1,2,0.0,1.0,-1.0,6.0,66.87666666666667,-13.123333333333331,13.123333333333331,67.2,68.13,68.13,64.04,80,68.26,68.71,65.0,-0.0155288602402579,0.1640416666666666,0,0,-0.1640416666666667,0,0,4654.74,0.0298431111111111,0.0,1.0,0.0,0.0
qxgij9sh,stzawa55,c06d584f-16fe-42a0-a5b0-281026bd6ca3,29127936-c621-49bd-a572-059f4be7598b,1,ghp,6,6667.0,3800.0,60.0,3.0,4679.7,5.0,6477.0,0.75,4.0,-0.35,3,0,24.0,0.0,0.0,1,1,1,2,1.0,3.0,-2.0,6.0,66.87666666666667,-13.123333333333331,13.123333333333331,67.2,68.13,68.13,64.04,80,68.26,68.71,65.0,-0.0155288602402579,0.1640416666666666,0,0,-0.1640416666666667,0,0,5079.7,0.0298431111111111,0.0,1.0,0.0,0.0
qxgij9sh,ja9vp1ab,c06d584f-16fe-42a0-a5b0-281026bd6ca3,697c6d90-c662-4d2a-b95d-90564ff71af6,1,ghp,6,7291.0,2600.0,64.0,3.0,4423.93,2.0,7091.0,0.8333333333333334,5.0,-0.3333333333333333,3,0,22.0,1.0,0.0,1,1,1,2,2.0,0.0,2.0,6.0,66.87666666666667,-13.123333333333331,13.123333333333331,67.2,68.13,68.13,64.04,80,68.26,68.71,65.0,-0.0155288602402579,0.1640416666666666,0,0,-0.1640416666666667,0,0,4583.93,0.0298431111111111,0.0,1.0,0.0,0.0
qxgij9sh,tzbpp88u,c06d584f-16fe-42a0-a5b0-281026bd6ca3,dfd6c39d-ffc1-4115-942a-8b07c09007e9,1,ghp,6,5765.0,3800.0,68.0,4.0,2310.1299999999997,37.0,5545.0,0.8333333333333334,5.0,-0.3333333333333333,3,0,23.0,0.0,0.0,1,1,1,2,1.0,2.0,-1.0,6.0,66.87666666666667,-13.123333333333331,13.123333333333331,67.2,68.13,68.13,64.04,80,68.26,68.71,65.0,-0.0155288602402579,0.1640416666666666,0,0,-0.1640416666666667,0,0,5270.129999999999,0.0298431111111111,0.5,0.0,0.5,0.0
qxgij9sh,gr27p5tr,c06d584f-16fe-42a0-a5b0-281026bd6ca3,b1b707e4-d832-44a3-9c9f-a683db402492,1,ghp,6,5642.0,2600.0,70.0,3.0,3678.36,20.0,5532.0,0.5833333333333334,7.0,0.1166666666666665,3,0,19.0,1.0,1.0,1,1,1,2,1.0,0.0,1.0,6.0,66.87666666666667,-13.123333333333331,13.123333333333331,67.2,68.13,68.13,64.04,80,68.26,68.71,65.0,-0.0155288602402579,0.1640416666666666,0,0,-0.1640416666666667,0,0,5278.360000000001,0.0298431111111111,0.0,0.0,1.0,0.0
qxgij9sh,e60078af,c06d584f-16fe-42a0-a5b0-281026bd6ca3,316252be-ca5a-49d1-8696-39b139312e4e,1,ghp,6,4972.0,3800.0,69.0,4.0,3613.14,19.0,4782.0,0.75,6.0,-0.15,10,0,21.0,0.0,0.0,1,1,1,2,1.0,0.0,1.0,6.0,66.87666666666667,-13.123333333333331,13.123333333333331,67.2,68.13,68.13,64.04,80,68.26,68.71,65.0,-0.0155288602402579,0.1640416666666666,0,0,-0.1640416666666667,0,0,5133.139999999999,0.0298431111111111,0.5,0.0,0.5,0.0
qxgij9sh,g9jo03o9,7639dc96-fd01-4576-8cdc-79c9d30dcd81,66251611-12a2-4944-8723-b591a69a9824,1,ghp,7,5611.0,2600.0,,,3330.0,20.0,5521.0,0.4166666666666667,1.0,-0.3166666666666666,1,1,20.0,0.0,0.0,0,1,1,2,0.0,0.0,0.0,1.0,90.0,18.0,18.0,90.0,90.0,90.0,90.0,72,107.5,110.0,80.0,-0.1627906976744185,0.25,0,0,0.25,0,0,4770.0,0.0562633419630285,0.0,0.0,0.0,1.0
qxgij9sh,h0ebvwds,7639dc96-fd01-4576-8cdc-79c9d30dcd81,0d138ea8-8160-4263-bab0-ef399294f8a7,1,ghp,7,5268.0,3800.0,,,4893.5,3.0,5128.0,0.8333333333333334,7.0,-0.1333333333333334,1,0,33.0,0.0,1.0,1,1,1,2,0.0,0.0,0.0,1.0,90.0,18.0,18.0,90.0,90.0,90.0,90.0,72,107.5,110.0,80.0,-0.1627906976744185,0.25,0,0,0.25,0,0,5109.5,0.0562633419630285,0.0,0.0,1.0,0.0
qxgij9sh,u2aoz11d,7639dc96-fd01-4576-8cdc-79c9d30dcd81,145e83a3-2fb7-443a-93d3-6f7e84aec434,1,ghp,7,4992.0,2600.0,,,3511.5,24.0,4892.0,0.8333333333333334,7.0,-0.1333333333333334,2,0,19.0,1.0,1.0,0,1,1,2,1.0,0.0,1.0,1.0,90.0,18.0,18.0,90.0,90.0,90.0,90.0,72,107.5,110.0,80.0,-0.1627906976744185,0.25,0,0,0.25,0,0,5239.5,0.0562633419630285,0.0,1.0,0.0,0.0
qxgij9sh,90ay03zv,7639dc96-fd01-4576-8cdc-79c9d30dcd81,9cf3eabc-27f7-4754-a78b-8b9b1aca36d4,1,ghp,7,4543.0,3800.0,,,3550.5,14.0,4453.0,0.75,6.0,-0.15,1,0,22.0,1.0,1.0,1,1,1,2,0.0,1.0,-1.0,1.0,90.0,18.0,18.0,90.0,90.0,90.0,90.0,72,107.5,110.0,80.0,-0.1627906976744185,0.25,0,0,0.25,0,0,4558.5,0.0562633419630285,0.5,0.5,0.0,0.0
qxgij9sh,ukmvlwcs,7639dc96-fd01-4576-8cdc-79c9d30dcd81,4ffcf78f-4023-4892-9eef-146a5c209835,1,ghp,7,5655.0,2600.0,,,5592.0,0.0,5515.0,1.0,9.0,-0.0999999999999999,3,0,21.0,1.0,1.0,1,1,1,2,0.0,0.0,0.0,1.0,90.0,18.0,18.0,90.0,90.0,90.0,90.0,72,107.5,110.0,80.0,-0.1627906976744185,0.25,0,0,0.25,0,0,5592.0,0.0562633419630285,0.0,0.0,1.0,0.0
qxgij9sh,ehyb34jx,7639dc96-fd01-4576-8cdc-79c9d30dcd81,88efbdd9-40ef-4c34-921a-f39cc16113ce,1,ghp,7,4044.0,3800.0,,,1638.5,34.0,3934.0,0.9166666666666666,6.0,-0.3166666666666666,4,0,20.0,0.0,1.0,0,1,1,2,0.0,0.0,0.0,1.0,90.0,18.0,18.0,90.0,90.0,90.0,90.0,72,107.5,110.0,80.0,-0.1627906976744185,0.25,0,0,0.25,0,0,4086.5,0.0562633419630285,1.0,0.0,0.0,0.0
qxgij9sh,6xvvhy1g,aa648e2e-d329-4dd5-8902-af2bb6347519,266b409b-ab01-469b-9133-7915001aa253,0,ng,7,4941.0,2600.0,,,9.61000000000331,49.0,4691.0,0.75,1.0,-0.65,2,0,22.0,0.0,1.0,1,0,0,2,13.0,0.0,13.0,21.0,131.8447619047619,59.8447619047619,59.8447619047619,131.9,131.34,132.0,131.34,72,131.73,129.88,131.0,0.0012905184847795,0.8311772486772486,0,0,0.8311772486772485,0,0,3537.6100000000033,0.1157993653633187,0.0,0.0,1.0,0.0
qxgij9sh,o6ptk42l,aa648e2e-d329-4dd5-8902-af2bb6347519,a1224b50-e54d-4401-acb4-4fb3bfac8e8d,0,ng,7,5638.0,3800.0,,,4979.2699999999995,3.0,5398.0,0.8333333333333334,4.0,-0.4333333333333333,1,1,20.0,0.0,1.0,1,0,0,2,1.0,1.0,0.0,21.0,131.8447619047619,59.8447619047619,59.8447619047619,131.9,131.34,132.0,131.34,72,131.73,129.88,131.0,0.0012905184847795,0.8311772486772486,0,0,0.8311772486772485,0,0,5195.2699999999995,0.1157993653633187,0.5,0.0,0.5,0.0
qxgij9sh,vitm387c,aa648e2e-d329-4dd5-8902-af2bb6347519,4f2980e2-d10c-4c68-937f-78d5142dc0ef,0,ng,7,4427.0,2600.0,,,2052.2699999999995,32.0,4227.0,0.5,1.0,-0.4,3,0,22.0,0.0,0.0,1,0,0,2,0.0,0.0,0.0,21.0,131.8447619047619,59.8447619047619,59.8447619047619,131.9,131.34,132.0,131.34,72,131.73,129.88,131.0,0.0012905184847795,0.8311772486772486,0,0,0.8311772486772485,0,0,4356.2699999999995,0.1157993653633187,0.0,1.0,0.0,0.0
qxgij9sh,nngm5qgp,aa648e2e-d329-4dd5-8902-af2bb6347519,198ae65a-873c-4c68-a85e-66eac976c7ab,0,ng,7,521.0,3800.0,,,5367.030000000002,2.0,261.0,1.0,5.0,-0.5,5,0,22.0,0.0,1.0,1,0,0,2,0.0,0.0,0.0,21.0,131.8447619047619,59.8447619047619,59.8447619047619,131.9,131.34,132.0,131.34,72,131.73,129.88,131.0,0.0012905184847795,0.8311772486772486,0,0,0.8311772486772485,0,0,5511.030000000002,0.1157993653633187,0.0,1.0,0.0,0.0
qxgij9sh,9x5fpgk2,aa648e2e-d329-4dd5-8902-af2bb6347519,8ca21702-83a8-4430-9ead-0119fc913da6,0,ng,7,6999.0,2600.0,,,6607.7699999999995,6.0,6849.0,0.75,10.0,0.25,4,1,21.0,0.0,1.0,1,0,0,2,6.0,15.0,-9.0,21.0,131.8447619047619,59.8447619047619,59.8447619047619,131.9,131.34,132.0,131.34,72,131.73,129.88,131.0,0.0012905184847795,0.8311772486772486,0,0,0.8311772486772485,0,0,7039.7699999999995,0.1157993653633187,0.0,0.5,0.5,0.0
qxgij9sh,7d70uqk8,aa648e2e-d329-4dd5-8902-af2bb6347519,218b254a-e7c1-4487-8aff-ff693b11673d,0,ng,7,9064.0,3800.0,,,4224.049999999998,20.0,8854.0,0.5833333333333334,6.0,0.0166666666666666,2,0,20.0,1.0,1.0,0,0,0,2,1.0,5.0,-4.0,21.0,131.8447619047619,59.8447619047619,59.8447619047619,131.9,131.34,132.0,131.34,72,131.73,129.88,131.0,0.0012905184847795,0.8311772486772486,0,0,0.8311772486772485,0,0,5664.049999999998,0.1157993653633187,0.0,0.5,0.5,0.0
qxgij9sh,dadcupjc,c06d584f-16fe-42a0-a5b0-281026bd6ca3,571f8b54-ffdc-4466-8066-90fb81d9dfc1,1,ghp,7,5593.0,2600.0,,,3732.94,12.0,5453.0,0.6666666666666666,3.0,-0.3666666666666666,1,1,18.0,0.0,0.0,1,1,1,2,0.0,1.0,-1.0,28.0,66.22999999999999,-5.770000000000002,5.770000000000002,65.0,67.67,67.67,64.15,72,67.2,68.26,65.24,-0.0327380952380952,0.0801388888888889,0,0,-0.080138888888889,0,0,4596.9400000000005,0.0451092127083878,0.0,1.0,0.0,0.0
qxgij9sh,stzawa55,c06d584f-16fe-42a0-a5b0-281026bd6ca3,29127936-c621-49bd-a572-059f4be7598b,1,ghp,7,6667.0,3800.0,,,4437.399999999999,11.0,6477.0,0.75,4.0,-0.35,3,0,24.0,0.0,0.0,1,1,1,2,10.0,6.0,4.0,28.0,66.22999999999999,-5.770000000000002,5.770000000000002,65.0,67.67,67.67,64.15,72,67.2,68.26,65.24,-0.0327380952380952,0.0801388888888889,0,0,-0.080138888888889,0,0,5229.399999999999,0.0451092127083878,0.0,1.0,0.0,0.0
qxgij9sh,ja9vp1ab,c06d584f-16fe-42a0-a5b0-281026bd6ca3,697c6d90-c662-4d2a-b95d-90564ff71af6,1,ghp,7,7291.0,2600.0,,,3829.0500000000006,12.0,7091.0,0.8333333333333334,5.0,-0.3333333333333333,3,0,22.0,1.0,0.0,1,1,1,2,12.0,3.0,9.0,28.0,66.22999999999999,-5.770000000000002,5.770000000000002,65.0,67.67,67.67,64.15,72,67.2,68.26,65.24,-0.0327380952380952,0.0801388888888889,0,0,-0.080138888888889,0,0,4693.050000000001,0.0451092127083878,0.0,1.0,0.0,0.0
qxgij9sh,tzbpp88u,c06d584f-16fe-42a0-a5b0-281026bd6ca3,dfd6c39d-ffc1-4115-942a-8b07c09007e9,1,ghp,7,5765.0,3800.0,,,3518.67,21.0,5545.0,0.8333333333333334,5.0,-0.3333333333333333,3,0,23.0,0.0,0.0,1,1,1,2,2.0,18.0,-16.0,28.0,66.22999999999999,-5.770000000000002,5.770000000000002,65.0,67.67,67.67,64.15,72,67.2,68.26,65.24,-0.0327380952380952,0.0801388888888889,0,0,-0.080138888888889,0,0,5030.67,0.0451092127083878,0.5,0.0,0.5,0.0
qxgij9sh,gr27p5tr,c06d584f-16fe-42a0-a5b0-281026bd6ca3,b1b707e4-d832-44a3-9c9f-a683db402492,1,ghp,7,5642.0,2600.0,,,3758.36,30.0,5532.0,0.5833333333333334,7.0,0.1166666666666665,3,0,19.0,1.0,1.0,1,1,1,2,0.0,0.0,0.0,28.0,66.22999999999999,-5.770000000000002,5.770000000000002,65.0,67.67,67.67,64.15,72,67.2,68.26,65.24,-0.0327380952380952,0.0801388888888889,0,0,-0.080138888888889,0,0,5918.360000000001,0.0451092127083878,0.0,0.0,1.0,0.0
qxgij9sh,e60078af,c06d584f-16fe-42a0-a5b0-281026bd6ca3,316252be-ca5a-49d1-8696-39b139312e4e,1,ghp,7,4972.0,3800.0,,,3427.58,23.0,4782.0,0.75,6.0,-0.15,10,0,21.0,0.0,0.0,1,1,1,2,4.0,0.0,4.0,28.0,66.22999999999999,-5.770000000000002,5.770000000000002,65.0,67.67,67.67,64.15,72,67.2,68.26,65.24,-0.0327380952380952,0.0801388888888889,0,0,-0.080138888888889,0,0,5083.58,0.0451092127083878,0.5,0.0,0.5,0.0
qxgij9sh,g9jo03o9,7639dc96-fd01-4576-8cdc-79c9d30dcd81,66251611-12a2-4944-8723-b591a69a9824,1,ghp,8,5611.0,2600.0,,,3410.0,20.0,5521.0,0.4166666666666667,1.0,-0.3166666666666666,1,1,20.0,0.0,0.0,0,1,1,2,0.0,0.0,0.0,3.0,86.66666666666667,22.666666666666668,22.666666666666668,80.0,85.0,95.0,80.0,64,90.0,107.5,54.56,-0.1111111111111111,0.3541666666666667,0,0,0.3541666666666667,0,0,4690.0,0.0664286374560917,0.0,0.0,0.0,1.0
qxgij9sh,h0ebvwds,7639dc96-fd01-4576-8cdc-79c9d30dcd81,0d138ea8-8160-4263-bab0-ef399294f8a7,1,ghp,8,5268.0,3800.0,,,4905.5,3.0,5128.0,0.8333333333333334,7.0,-0.1333333333333334,1,0,33.0,0.0,1.0,1,1,1,2,0.0,0.0,0.0,3.0,86.66666666666667,22.666666666666668,22.666666666666668,80.0,85.0,95.0,80.0,64,90.0,107.5,54.56,-0.1111111111111111,0.3541666666666667,0,0,0.3541666666666667,0,0,5097.5,0.0664286374560917,0.0,0.0,1.0,0.0
qxgij9sh,u2aoz11d,7639dc96-fd01-4576-8cdc-79c9d30dcd81,145e83a3-2fb7-443a-93d3-6f7e84aec434,1,ghp,8,4992.0,2600.0,,,3707.5,23.0,4892.0,0.8333333333333334,7.0,-0.1333333333333334,2,0,19.0,1.0,1.0,0,1,1,2,1.0,2.0,-1.0,3.0,86.66666666666667,22.666666666666668,22.666666666666668,80.0,85.0,95.0,80.0,64,90.0,107.5,54.56,-0.1111111111111111,0.3541666666666667,0,0,0.3541666666666667,0,0,5179.5,0.0664286374560917,0.0,1.0,0.0,0.0
qxgij9sh,90ay03zv,7639dc96-fd01-4576-8cdc-79c9d30dcd81,9cf3eabc-27f7-4754-a78b-8b9b1aca36d4,1,ghp,8,4543.0,3800.0,,,3686.5,13.0,4453.0,0.75,6.0,-0.15,1,0,22.0,1.0,1.0,1,1,1,2,0.0,1.0,-1.0,3.0,86.66666666666667,22.666666666666668,22.666666666666668,80.0,85.0,95.0,80.0,64,90.0,107.5,54.56,-0.1111111111111111,0.3541666666666667,0,0,0.3541666666666667,0,0,4518.5,0.0664286374560917,0.5,0.5,0.0,0.0
qxgij9sh,ukmvlwcs,7639dc96-fd01-4576-8cdc-79c9d30dcd81,4ffcf78f-4023-4892-9eef-146a5c209835,1,ghp,8,5655.0,2600.0,,,5592.0,0.0,5515.0,1.0,9.0,-0.0999999999999999,3,0,21.0,1.0,1.0,1,1,1,2,0.0,0.0,0.0,3.0,86.66666666666667,22.666666666666668,22.666666666666668,80.0,85.0,95.0,80.0,64,90.0,107.5,54.56,-0.1111111111111111,0.3541666666666667,0,0,0.3541666666666667,0,0,5592.0,0.0664286374560917,0.0,0.0,1.0,0.0
qxgij9sh,ehyb34jx,7639dc96-fd01-4576-8cdc-79c9d30dcd81,88efbdd9-40ef-4c34-921a-f39cc16113ce,1,ghp,8,4044.0,3800.0,,,1594.5,34.0,3934.0,0.9166666666666666,6.0,-0.3166666666666666,4,0,20.0,0.0,1.0,0,1,1,2,2.0,0.0,2.0,3.0,86.66666666666667,22.666666666666668,22.666666666666668,80.0,85.0,95.0,80.0,64,90.0,107.5,54.56,-0.1111111111111111,0.3541666666666667,0,0,0.3541666666666667,0,0,3770.5,0.0664286374560917,1.0,0.0,0.0,0.0
qxgij9sh,6xvvhy1g,aa648e2e-d329-4dd5-8902-af2bb6347519,266b409b-ab01-469b-9133-7915001aa253,0,ng,8,4941.0,2600.0,,,4929.690000000003,7.0,4691.0,0.75,1.0,-0.65,2,0,22.0,0.0,1.0,1,0,0,2,0.0,36.0,-36.0,46.0,131.3391304347826,67.3391304347826,67.3391304347826,131.0,131.89,131.89,131.0,64,131.9,131.73,131.02,-0.0068233510235027,1.0521739130434782,0,0,1.052173913043478,0,0,5377.690000000003,0.0881783096162138,0.0,0.0,1.0,0.0
qxgij9sh,o6ptk42l,aa648e2e-d329-4dd5-8902-af2bb6347519,a1224b50-e54d-4401-acb4-4fb3bfac8e8d,0,ng,8,5638.0,3800.0,,,4728.389999999999,6.0,5398.0,0.8333333333333334,4.0,-0.4333333333333333,1,1,20.0,0.0,1.0,1,0,0,2,2.0,0.0,2.0,46.0,131.3391304347826,67.3391304347826,67.3391304347826,131.0,131.89,131.89,131.0,64,131.9,131.73,131.02,-0.0068233510235027,1.0521739130434782,0,0,1.052173913043478,0,0,5112.389999999999,0.0881783096162138,0.5,0.0,0.5,0.0
qxgij9sh,vitm387c,aa648e2e-d329-4dd5-8902-af2bb6347519,4f2980e2-d10c-4c68-937f-78d5142dc0ef,0,ng,8,4427.0,2600.0,,,2180.2699999999995,32.0,4227.0,0.5,1.0,-0.4,3,0,22.0,0.0,0.0,1,0,0,2,0.0,0.0,0.0,46.0,131.3391304347826,67.3391304347826,67.3391304347826,131.0,131.89,131.89,131.0,64,131.9,131.73,131.02,-0.0068233510235027,1.0521739130434782,0,0,1.052173913043478,0,0,4228.2699999999995,0.0881783096162138,0.0,1.0,0.0,0.0
qxgij9sh,nngm5qgp,aa648e2e-d329-4dd5-8902-af2bb6347519,198ae65a-873c-4c68-a85e-66eac976c7ab,0,ng,8,521.0,3800.0,,,2755.4500000000016,21.0,261.0,1.0,5.0,-0.5,5,0,22.0,0.0,1.0,1,0,0,2,21.0,1.0,20.0,46.0,131.3391304347826,67.3391304347826,67.3391304347826,131.0,131.89,131.89,131.0,64,131.9,131.73,131.02,-0.0068233510235027,1.0521739130434782,0,0,1.052173913043478,0,0,4099.450000000002,0.0881783096162138,0.0,1.0,0.0,0.0
qxgij9sh,9x5fpgk2,aa648e2e-d329-4dd5-8902-af2bb6347519,8ca21702-83a8-4430-9ead-0119fc913da6,0,ng,8,6999.0,2600.0,,,3604.4999999999977,45.0,6849.0,0.75,10.0,0.25,4,1,21.0,0.0,1.0,1,0,0,2,23.0,0.0,23.0,46.0,131.3391304347826,67.3391304347826,67.3391304347826,131.0,131.89,131.89,131.0,64,131.9,131.73,131.02,-0.0068233510235027,1.0521739130434782,0,0,1.052173913043478,0,0,6484.499999999998,0.0881783096162138,0.0,0.5,0.5,0.0
qxgij9sh,7d70uqk8,aa648e2e-d329-4dd5-8902-af2bb6347519,218b254a-e7c1-4487-8aff-ff693b11673d,0,ng,8,9064.0,3800.0,,,5489.7,2.0,8854.0,0.5833333333333334,6.0,0.0166666666666666,2,0,20.0,1.0,1.0,0,0,0,2,0.0,9.0,-9.0,46.0,131.3391304347826,67.3391304347826,67.3391304347826,131.0,131.89,131.89,131.0,64,131.9,131.73,131.02,-0.0068233510235027,1.0521739130434782,0,0,1.052173913043478,0,0,5617.7,0.0881783096162138,0.0,0.5,0.5,0.0
qxgij9sh,dadcupjc,c06d584f-16fe-42a0-a5b0-281026bd6ca3,571f8b54-ffdc-4466-8066-90fb81d9dfc1,1,ghp,8,5593.0,2600.0,,,3847.08,11.0,5453.0,0.6666666666666666,3.0,-0.3666666666666666,1,1,18.0,0.0,0.0,1,1,1,2,0.0,1.0,-1.0,8.0,65.19875,1.1987499999999986,1.1987499999999986,65.24,65.0,66.14,64.14,64,65.0,67.2,65.21,0.0036923076923076,0.0187304687499999,0,0,0.01873046875,0,0,4551.08,0.0209832167192572,0.0,1.0,0.0,0.0
qxgij9sh,stzawa55,c06d584f-16fe-42a0-a5b0-281026bd6ca3,29127936-c621-49bd-a572-059f4be7598b,1,ghp,8,6667.0,3800.0,,,4416.399999999999,9.0,6477.0,0.75,4.0,-0.35,3,0,24.0,0.0,0.0,1,1,1,2,1.0,0.0,1.0,8.0,65.19875,1.1987499999999986,1.1987499999999986,65.24,65.0,66.14,64.14,64,65.0,67.2,65.21,0.0036923076923076,0.0187304687499999,0,0,0.01873046875,0,0,4992.399999999999,0.0209832167192572,0.0,1.0,0.0,0.0
qxgij9sh,ja9vp1ab,c06d584f-16fe-42a0-a5b0-281026bd6ca3,697c6d90-c662-4d2a-b95d-90564ff71af6,1,ghp,8,7291.0,2600.0,,,3614.840000000001,17.0,7091.0,0.8333333333333334,5.0,-0.3333333333333333,3,0,22.0,1.0,0.0,1,1,1,2,5.0,1.0,4.0,8.0,65.19875,1.1987499999999986,1.1987499999999986,65.24,65.0,66.14,64.14,64,65.0,67.2,65.21,0.0036923076923076,0.0187304687499999,0,0,0.01873046875,0,0,4702.840000000001,0.0209832167192572,0.0,1.0,0.0,0.0
qxgij9sh,tzbpp88u,c06d584f-16fe-42a0-a5b0-281026bd6ca3,dfd6c39d-ffc1-4115-942a-8b07c09007e9,1,ghp,8,5765.0,3800.0,,,3993.119999999999,17.0,5545.0,0.8333333333333334,5.0,-0.3333333333333333,3,0,23.0,0.0,0.0,1,1,1,2,0.0,6.0,-6.0,8.0,65.19875,1.1987499999999986,1.1987499999999986,65.24,65.0,66.14,64.14,64,65.0,67.2,65.21,0.0036923076923076,0.0187304687499999,0,0,0.01873046875,0,0,5081.119999999999,0.0209832167192572,0.5,0.0,0.5,0.0
qxgij9sh,gr27p5tr,c06d584f-16fe-42a0-a5b0-281026bd6ca3,b1b707e4-d832-44a3-9c9f-a683db402492,1,ghp,8,5642.0,2600.0,,,3878.36,15.0,5532.0,0.5833333333333334,7.0,0.1166666666666665,3,0,19.0,1.0,1.0,1,1,1,2,0.0,0.0,0.0,8.0,65.19875,1.1987499999999986,1.1987499999999986,65.24,65.0,66.14,64.14,64,65.0,67.2,65.21,0.0036923076923076,0.0187304687499999,0,0,0.01873046875,0,0,4838.360000000001,0.0209832167192572,0.0,0.0,1.0,0.0
qxgij9sh,e60078af,c06d584f-16fe-42a0-a5b0-281026bd6ca3,316252be-ca5a-49d1-8696-39b139312e4e,1,ghp,8,4972.0,3800.0,,,3390.2000000000003,25.0,4782.0,0.75,6.0,-0.15,10,0,21.0,0.0,0.0,1,1,1,2,2.0,0.0,2.0,8.0,65.19875,1.1987499999999986,1.1987499999999986,65.24,65.0,66.14,64.14,64,65.0,67.2,65.21,0.0036923076923076,0.0187304687499999,0,0,0.01873046875,0,0,4990.200000000001,0.0209832167192572,0.5,0.0,0.5,0.0
qxgij9sh,g9jo03o9,7639dc96-fd01-4576-8cdc-79c9d30dcd81,66251611-12a2-4944-8723-b591a69a9824,1,ghp,9,5611.0,2600.0,50.0,3.0,3490.0,20.0,5521.0,0.4166666666666667,1.0,-0.3166666666666666,1,1,20.0,0.0,0.0,0,1,1,2,0.0,0.0,0.0,16.0,54.74875,-1.2512499999999993,3.0637499999999993,54.56,70.5,70.5,52.0,56,80.0,90.0,41.0,-0.3179999999999999,0.0547098214285714,0,0,-0.0223437499999999,0,0,4610.0,0.0442183719125233,0.0,0.0,0.0,1.0
qxgij9sh,h0ebvwds,7639dc96-fd01-4576-8cdc-79c9d30dcd81,0d138ea8-8160-4263-bab0-ef399294f8a7,1,ghp,9,5268.0,3800.0,45.0,4.0,4988.0,2.0,5128.0,0.8333333333333334,7.0,-0.1333333333333334,1,0,33.0,0.0,1.0,1,1,1,2,0.0,1.0,-1.0,16.0,54.74875,-1.2512499999999993,3.0637499999999993,54.56,70.5,70.5,52.0,56,80.0,90.0,41.0,-0.3179999999999999,0.0547098214285714,0,0,-0.0223437499999999,0,0,5100.0,0.0442183719125233,0.0,0.0,1.0,0.0
qxgij9sh,u2aoz11d,7639dc96-fd01-4576-8cdc-79c9d30dcd81,145e83a3-2fb7-443a-93d3-6f7e84aec434,1,ghp,9,4992.0,2600.0,50.0,5.0,3996.1399999999994,16.0,4892.0,0.8333333333333334,7.0,-0.1333333333333334,2,0,19.0,1.0,1.0,0,1,1,2,1.0,5.0,-4.0,16.0,54.74875,-1.2512499999999993,3.0637499999999993,54.56,70.5,70.5,52.0,56,80.0,90.0,41.0,-0.3179999999999999,0.0547098214285714,0,0,-0.0223437499999999,0,0,4892.139999999999,0.0442183719125233,0.0,1.0,0.0,0.0
qxgij9sh,90ay03zv,7639dc96-fd01-4576-8cdc-79c9d30dcd81,9cf3eabc-27f7-4754-a78b-8b9b1aca36d4,1,ghp,9,4543.0,3800.0,3700.0,4.0,3525.26,17.0,4453.0,0.75,6.0,-0.15,1,0,22.0,1.0,1.0,1,1,1,2,4.0,0.0,4.0,16.0,54.74875,-1.2512499999999993,3.0637499999999993,54.56,70.5,70.5,52.0,56,80.0,90.0,41.0,-0.3179999999999999,0.0547098214285714,0,0,-0.0223437499999999,0,0,4477.26,0.0442183719125233,0.5,0.5,0.0,0.0
qxgij9sh,ukmvlwcs,7639dc96-fd01-4576-8cdc-79c9d30dcd81,4ffcf78f-4023-4892-9eef-146a5c209835,1,ghp,9,5655.0,2600.0,50.0,1.0,4999.759999999999,11.0,5515.0,1.0,9.0,-0.0999999999999999,3,0,21.0,1.0,1.0,1,1,1,2,11.0,0.0,11.0,16.0,54.74875,-1.2512499999999993,3.0637499999999993,54.56,70.5,70.5,52.0,56,80.0,90.0,41.0,-0.3179999999999999,0.0547098214285714,0,0,-0.0223437499999999,0,0,5615.759999999999,0.0442183719125233,0.0,0.0,1.0,0.0
qxgij9sh,ehyb34jx,7639dc96-fd01-4576-8cdc-79c9d30dcd81,88efbdd9-40ef-4c34-921a-f39cc16113ce,1,ghp,9,4044.0,3800.0,0.0,0.0,2268.8400000000006,40.0,3934.0,0.9166666666666666,6.0,-0.3166666666666666,4,0,20.0,0.0,1.0,0,1,1,2,0.0,10.0,-10.0,16.0,54.74875,-1.2512499999999993,3.0637499999999993,54.56,70.5,70.5,52.0,56,80.0,90.0,41.0,-0.3179999999999999,0.0547098214285714,0,0,-0.0223437499999999,0,0,4508.84,0.0442183719125233,1.0,0.0,0.0,0.0
qxgij9sh,6xvvhy1g,aa648e2e-d329-4dd5-8902-af2bb6347519,266b409b-ab01-469b-9133-7915001aa253,0,ng,9,4941.0,2600.0,131.0,3.0,1123.1600000000035,36.0,4691.0,0.75,1.0,-0.65,2,0,22.0,0.0,1.0,1,0,0,2,36.0,7.0,29.0,63.0,131.73507936507934,75.73507936507936,75.73507936507936,131.02,131.0,132.5,130.4,56,131.0,131.9,131.01,0.0001526717557251,1.3524121315192743,0,0,1.352412131519274,0,0,3139.1600000000035,0.1391736429038585,0.0,0.0,1.0,0.0
qxgij9sh,o6ptk42l,aa648e2e-d329-4dd5-8902-af2bb6347519,a1224b50-e54d-4401-acb4-4fb3bfac8e8d,0,ng,9,5638.0,3800.0,132.0,2.0,5018.289999999999,3.0,5398.0,0.8333333333333334,4.0,-0.4333333333333333,1,1,20.0,0.0,1.0,1,0,0,2,1.0,3.0,-2.0,63.0,131.73507936507934,75.73507936507936,75.73507936507936,131.02,131.0,132.5,130.4,56,131.0,131.9,131.01,0.0001526717557251,1.3524121315192743,0,0,1.352412131519274,0,0,5186.289999999999,0.1391736429038585,0.5,0.0,0.5,0.0
qxgij9sh,vitm387c,aa648e2e-d329-4dd5-8902-af2bb6347519,4f2980e2-d10c-4c68-937f-78d5142dc0ef,0,ng,9,4427.0,2600.0,131.0,4.0,2308.2699999999995,32.0,4227.0,0.5,1.0,-0.4,3,0,22.0,0.0,0.0,1,0,0,2,0.0,0.0,0.0,63.0,131.73507936507934,75.73507936507936,75.73507936507936,131.02,131.0,132.5,130.4,56,131.0,131.9,131.01,0.0001526717557251,1.3524121315192743,0,0,1.352412131519274,0,0,4100.2699999999995,0.1391736429038585,0.0,1.0,0.0,0.0
qxgij9sh,nngm5qgp,aa648e2e-d329-4dd5-8902-af2bb6347519,198ae65a-873c-4c68-a85e-66eac976c7ab,0,ng,9,521.0,3800.0,131.0,2.0,4295.560000000001,10.0,261.0,1.0,5.0,-0.5,5,0,22.0,0.0,1.0,1,0,0,2,6.0,17.0,-11.0,63.0,131.73507936507934,75.73507936507936,75.73507936507936,131.02,131.0,132.5,130.4,56,131.0,131.9,131.01,0.0001526717557251,1.3524121315192743,0,0,1.352412131519274,0,0,4855.560000000001,0.1391736429038585,0.0,1.0,0.0,0.0
qxgij9sh,9x5fpgk2,aa648e2e-d329-4dd5-8902-af2bb6347519,8ca21702-83a8-4430-9ead-0119fc913da6,0,ng,9,6999.0,2600.0,130.0,3.0,4972.649999999998,30.0,6849.0,0.75,10.0,0.25,4,1,21.0,0.0,1.0,1,0,0,2,16.0,25.0,-9.0,63.0,131.73507936507934,75.73507936507936,75.73507936507936,131.02,131.0,132.5,130.4,56,131.0,131.9,131.01,0.0001526717557251,1.3524121315192743,0,0,1.352412131519274,0,0,6652.649999999998,0.1391736429038585,0.0,0.5,0.5,0.0
qxgij9sh,7d70uqk8,aa648e2e-d329-4dd5-8902-af2bb6347519,218b254a-e7c1-4487-8aff-ff693b11673d,0,ng,9,9064.0,3800.0,131.0,3.0,6422.070000000001,4.0,8854.0,0.5833333333333334,6.0,0.0166666666666666,2,0,20.0,1.0,1.0,0,0,0,2,4.0,11.0,-7.0,63.0,131.73507936507934,75.73507936507936,75.73507936507936,131.02,131.0,132.5,130.4,56,131.0,131.9,131.01,0.0001526717557251,1.3524121315192743,0,0,1.352412131519274,0,0,6646.070000000001,0.1391736429038585,0.0,0.5,0.5,0.0
qxgij9sh,dadcupjc,c06d584f-16fe-42a0-a5b0-281026bd6ca3,571f8b54-ffdc-4466-8066-90fb81d9dfc1,1,ghp,9,5593.0,2600.0,66.0,2.0,3956.209999999999,10.0,5453.0,0.6666666666666666,3.0,-0.3666666666666666,1,1,18.0,0.0,0.0,1,1,1,2,1.0,2.0,-1.0,24.0,64.84458333333333,8.84458333333333,8.84458333333333,65.21,64.57,65.78,63.82,56,65.24,65.0,64.25,-0.0004598405885959,0.157938988095238,0,0,0.157938988095238,0,0,4516.209999999999,0.0200030172213711,0.0,1.0,0.0,0.0
qxgij9sh,stzawa55,c06d584f-16fe-42a0-a5b0-281026bd6ca3,29127936-c621-49bd-a572-059f4be7598b,1,ghp,9,6667.0,3800.0,66.0,3.0,4777.799999999998,4.0,6477.0,0.75,4.0,-0.35,3,0,24.0,0.0,0.0,1,1,1,2,1.0,6.0,-5.0,24.0,64.84458333333333,8.84458333333333,8.84458333333333,65.21,64.57,65.78,63.82,56,65.24,65.0,64.25,-0.0004598405885959,0.157938988095238,0,0,0.157938988095238,0,0,5001.799999999998,0.0200030172213711,0.0,1.0,0.0,0.0
qxgij9sh,ja9vp1ab,c06d584f-16fe-42a0-a5b0-281026bd6ca3,697c6d90-c662-4d2a-b95d-90564ff71af6,1,ghp,9,7291.0,2600.0,66.0,3.0,4652.450000000002,0.0,7091.0,0.8333333333333334,5.0,-0.3333333333333333,3,0,22.0,1.0,0.0,1,1,1,2,0.0,15.0,-15.0,24.0,64.84458333333333,8.84458333333333,8.84458333333333,65.21,64.57,65.78,63.82,56,65.24,65.0,64.25,-0.0004598405885959,0.157938988095238,0,0,0.157938988095238,0,0,4652.450000000002,0.0200030172213711,0.0,1.0,0.0,0.0
qxgij9sh,tzbpp88u,c06d584f-16fe-42a0-a5b0-281026bd6ca3,dfd6c39d-ffc1-4115-942a-8b07c09007e9,1,ghp,9,5765.0,3800.0,64.0,2.0,3150.0899999999997,32.0,5545.0,0.8333333333333334,5.0,-0.3333333333333333,3,0,23.0,0.0,0.0,1,1,1,2,15.0,1.0,14.0,24.0,64.84458333333333,8.84458333333333,8.84458333333333,65.21,64.57,65.78,63.82,56,65.24,65.0,64.25,-0.0004598405885959,0.157938988095238,0,0,0.157938988095238,0,0,4942.09,0.0200030172213711,0.5,0.0,0.5,0.0
qxgij9sh,gr27p5tr,c06d584f-16fe-42a0-a5b0-281026bd6ca3,b1b707e4-d832-44a3-9c9f-a683db402492,1,ghp,9,5642.0,2600.0,50.0,2.0,3554.4599999999996,21.0,5532.0,0.5833333333333334,7.0,0.1166666666666665,3,0,19.0,1.0,1.0,1,1,1,2,6.0,0.0,6.0,24.0,64.84458333333333,8.84458333333333,8.84458333333333,65.21,64.57,65.78,63.82,56,65.24,65.0,64.25,-0.0004598405885959,0.157938988095238,0,0,0.157938988095238,0,0,4730.459999999999,0.0200030172213711,0.0,0.0,1.0,0.0
qxgij9sh,e60078af,c06d584f-16fe-42a0-a5b0-281026bd6ca3,316252be-ca5a-49d1-8696-39b139312e4e,1,ghp,9,4972.0,3800.0,64.0,3.0,3424.99,26.0,4782.0,0.75,6.0,-0.15,10,0,21.0,0.0,0.0,1,1,1,2,1.0,0.0,1.0,24.0,64.84458333333333,8.84458333333333,8.84458333333333,65.21,64.57,65.78,63.82,56,65.24,65.0,64.25,-0.0004598405885959,0.157938988095238,0,0,0.157938988095238,0,0,4880.99,0.0200030172213711,0.5,0.0,0.5,0.0
qxgij9sh,g9jo03o9,7639dc96-fd01-4576-8cdc-79c9d30dcd81,66251611-12a2-4944-8723-b591a69a9824,1,ghp,10,5611.0,2600.0,,,3890.0,20.0,5521.0,0.4166666666666667,1.0,-0.3166666666666666,1,1,20.0,0.0,0.0,0,1,1,2,0.0,0.0,0.0,6.0,42.333333333333336,-5.666666666666667,7.0,41.0,50.0,50.0,31.0,48,54.56,80.0,21.57,-0.2485337243401759,0.1458333333333333,0,0,-0.1180555555555555,0,0,4850.0,0.0436775338504009,0.0,0.0,0.0,1.0
qxgij9sh,h0ebvwds,7639dc96-fd01-4576-8cdc-79c9d30dcd81,0d138ea8-8160-4263-bab0-ef399294f8a7,1,ghp,10,5268.0,3800.0,,,5028.0,2.0,5128.0,0.8333333333333334,7.0,-0.1333333333333334,1,0,33.0,0.0,1.0,1,1,1,2,0.0,0.0,0.0,6.0,42.333333333333336,-5.666666666666667,7.0,41.0,50.0,50.0,31.0,48,54.56,80.0,21.57,-0.2485337243401759,0.1458333333333333,0,0,-0.1180555555555555,0,0,5124.0,0.0436775338504009,0.0,0.0,1.0,0.0
qxgij9sh,u2aoz11d,7639dc96-fd01-4576-8cdc-79c9d30dcd81,145e83a3-2fb7-443a-93d3-6f7e84aec434,1,ghp,10,4992.0,2600.0,,,4457.139999999999,13.0,4892.0,0.8333333333333334,7.0,-0.1333333333333334,2,0,19.0,1.0,1.0,0,1,1,2,0.0,3.0,-3.0,6.0,42.333333333333336,-5.666666666666667,7.0,41.0,50.0,50.0,31.0,48,54.56,80.0,21.57,-0.2485337243401759,0.1458333333333333,0,0,-0.1180555555555555,0,0,5081.139999999999,0.0436775338504009,0.0,1.0,0.0,0.0
qxgij9sh,90ay03zv,7639dc96-fd01-4576-8cdc-79c9d30dcd81,9cf3eabc-27f7-4754-a78b-8b9b1aca36d4,1,ghp,10,4543.0,3800.0,,,3978.26,14.0,4453.0,0.75,6.0,-0.15,1,0,22.0,1.0,1.0,1,1,1,2,0.0,3.0,-3.0,6.0,42.333333333333336,-5.666666666666667,7.0,41.0,50.0,50.0,31.0,48,54.56,80.0,21.57,-0.2485337243401759,0.1458333333333333,0,0,-0.1180555555555555,0,0,4650.26,0.0436775338504009,0.5,0.5,0.0,0.0
qxgij9sh,ukmvlwcs,7639dc96-fd01-4576-8cdc-79c9d30dcd81,4ffcf78f-4023-4892-9eef-146a5c209835,1,ghp,10,5655.0,2600.0,,,4965.759999999999,21.0,5515.0,1.0,9.0,-0.0999999999999999,3,0,21.0,1.0,1.0,1,1,1,2,6.0,0.0,6.0,6.0,42.333333333333336,-5.666666666666667,7.0,41.0,50.0,50.0,31.0,48,54.56,80.0,21.57,-0.2485337243401759,0.1458333333333333,0,0,-0.1180555555555555,0,0,5973.759999999999,0.0436775338504009,0.0,0.0,1.0,0.0
qxgij9sh,ehyb34jx,7639dc96-fd01-4576-8cdc-79c9d30dcd81,88efbdd9-40ef-4c34-921a-f39cc16113ce,1,ghp,10,4044.0,3800.0,,,3068.8400000000006,35.0,3934.0,0.9166666666666666,6.0,-0.3166666666666666,4,0,20.0,0.0,1.0,0,1,1,2,0.0,0.0,0.0,6.0,42.333333333333336,-5.666666666666667,7.0,41.0,50.0,50.0,31.0,48,54.56,80.0,21.57,-0.2485337243401759,0.1458333333333333,0,0,-0.1180555555555555,0,0,4748.84,0.0436775338504009,1.0,0.0,0.0,0.0
qxgij9sh,6xvvhy1g,aa648e2e-d329-4dd5-8902-af2bb6347519,266b409b-ab01-469b-9133-7915001aa253,0,ng,10,4941.0,2600.0,,,5711.6000000000095,12.0,4691.0,0.75,1.0,-0.65,2,0,22.0,0.0,1.0,1,0,0,2,10.0,40.0,-30.0,61.0,132.13360655737705,84.13360655737705,84.13360655737705,131.01,131.04,160.0,131.01,48,131.02,131.0,131.02,-7.632422530923222e-05,1.7527834699453553,0,0,1.7527834699453553,0,0,6287.6000000000095,0.0857191416410498,0.0,0.0,1.0,0.0
qxgij9sh,o6ptk42l,aa648e2e-d329-4dd5-8902-af2bb6347519,a1224b50-e54d-4401-acb4-4fb3bfac8e8d,0,ng,10,5638.0,3800.0,,,5078.289999999999,3.0,5398.0,0.8333333333333334,4.0,-0.4333333333333333,1,1,20.0,0.0,1.0,1,0,0,2,0.0,0.0,0.0,61.0,132.13360655737705,84.13360655737705,84.13360655737705,131.01,131.04,160.0,131.01,48,131.02,131.0,131.02,-7.632422530923222e-05,1.7527834699453553,0,0,1.7527834699453553,0,0,5222.289999999999,0.0857191416410498,0.5,0.0,0.5,0.0
qxgij9sh,vitm387c,aa648e2e-d329-4dd5-8902-af2bb6347519,4f2980e2-d10c-4c68-937f-78d5142dc0ef,0,ng,10,4427.0,2600.0,,,1893.7,40.0,4227.0,0.5,1.0,-0.4,3,0,22.0,0.0,0.0,1,0,0,2,8.0,0.0,8.0,61.0,132.13360655737705,84.13360655737705,84.13360655737705,131.01,131.04,160.0,131.01,48,131.02,131.0,131.02,-7.632422530923222e-05,1.7527834699453553,0,0,1.7527834699453553,0,0,3813.7,0.0857191416410498,0.0,1.0,0.0,0.0
qxgij9sh,nngm5qgp,aa648e2e-d329-4dd5-8902-af2bb6347519,198ae65a-873c-4c68-a85e-66eac976c7ab,0,ng,10,521.0,3800.0,,,5475.700000000001,4.0,261.0,1.0,5.0,-0.5,5,0,22.0,0.0,1.0,1,0,0,2,2.0,9.0,-7.0,61.0,132.13360655737705,84.13360655737705,84.13360655737705,131.01,131.04,160.0,131.01,48,131.02,131.0,131.02,-7.632422530923222e-05,1.7527834699453553,0,0,1.7527834699453553,0,0,5667.700000000001,0.0857191416410498,0.0,1.0,0.0,0.0
qxgij9sh,9x5fpgk2,aa648e2e-d329-4dd5-8902-af2bb6347519,8ca21702-83a8-4430-9ead-0119fc913da6,0,ng,10,6999.0,2600.0,,,2695.8899999999912,76.0,6849.0,0.75,10.0,0.25,4,1,21.0,0.0,1.0,1,0,0,2,34.0,12.0,22.0,61.0,132.13360655737705,84.13360655737705,84.13360655737705,131.01,131.04,160.0,131.01,48,131.02,131.0,131.02,-7.632422530923222e-05,1.7527834699453553,0,0,1.7527834699453553,0,0,6343.889999999991,0.0857191416410498,0.0,0.5,0.5,0.0
qxgij9sh,7d70uqk8,aa648e2e-d329-4dd5-8902-af2bb6347519,218b254a-e7c1-4487-8aff-ff693b11673d,0,ng,10,9064.0,3800.0,,,5584.820000000001,19.0,8854.0,0.5833333333333334,6.0,0.0166666666666666,2,0,20.0,1.0,1.0,0,0,0,2,7.0,0.0,7.0,61.0,132.13360655737705,84.13360655737705,84.13360655737705,131.01,131.04,160.0,131.01,48,131.02,131.0,131.02,-7.632422530923222e-05,1.7527834699453553,0,0,1.7527834699453553,0,0,6496.820000000001,0.0857191416410498,0.0,0.5,0.5,0.0
qxgij9sh,dadcupjc,c06d584f-16fe-42a0-a5b0-281026bd6ca3,571f8b54-ffdc-4466-8066-90fb81d9dfc1,1,ghp,10,5593.0,2600.0,,,4156.209999999999,10.0,5453.0,0.6666666666666666,3.0,-0.3666666666666666,1,1,18.0,0.0,0.0,1,1,1,2,0.0,0.0,0.0,13.0,65.01846153846154,17.01846153846154,17.01846153846154,64.25,65.23,65.25,64.25,48,65.21,65.24,65.44,-0.0147216684557581,0.3545512820512821,0,0,0.354551282051282,0,0,4636.209999999999,0.0351218135953265,0.0,1.0,0.0,0.0
qxgij9sh,stzawa55,c06d584f-16fe-42a0-a5b0-281026bd6ca3,29127936-c621-49bd-a572-059f4be7598b,1,ghp,10,6667.0,3800.0,,,4857.799999999998,4.0,6477.0,0.75,4.0,-0.35,3,0,24.0,0.0,0.0,1,1,1,2,0.0,0.0,0.0,13.0,65.01846153846154,17.01846153846154,17.01846153846154,64.25,65.23,65.25,64.25,48,65.21,65.24,65.44,-0.0147216684557581,0.3545512820512821,0,0,0.354551282051282,0,0,5049.799999999998,0.0351218135953265,0.0,1.0,0.0,0.0
qxgij9sh,ja9vp1ab,c06d584f-16fe-42a0-a5b0-281026bd6ca3,697c6d90-c662-4d2a-b95d-90564ff71af6,1,ghp,10,7291.0,2600.0,,,4260.440000000003,6.0,7091.0,0.8333333333333334,5.0,-0.3333333333333333,3,0,22.0,1.0,0.0,1,1,1,2,9.0,3.0,6.0,13.0,65.01846153846154,17.01846153846154,17.01846153846154,64.25,65.23,65.25,64.25,48,65.21,65.24,65.44,-0.0147216684557581,0.3545512820512821,0,0,0.354551282051282,0,0,4548.440000000003,0.0351218135953265,0.0,1.0,0.0,0.0
qxgij9sh,tzbpp88u,c06d584f-16fe-42a0-a5b0-281026bd6ca3,dfd6c39d-ffc1-4115-942a-8b07c09007e9,1,ghp,10,5765.0,3800.0,,,3985.4299999999994,29.0,5545.0,0.8333333333333334,5.0,-0.3333333333333333,3,0,23.0,0.0,0.0,1,1,1,2,3.0,6.0,-3.0,13.0,65.01846153846154,17.01846153846154,17.01846153846154,64.25,65.23,65.25,64.25,48,65.21,65.24,65.44,-0.0147216684557581,0.3545512820512821,0,0,0.354551282051282,0,0,5377.429999999999,0.0351218135953265,0.5,0.0,0.5,0.0
qxgij9sh,gr27p5tr,c06d584f-16fe-42a0-a5b0-281026bd6ca3,b1b707e4-d832-44a3-9c9f-a683db402492,1,ghp,10,5642.0,2600.0,,,4171.129999999999,24.0,5532.0,0.5833333333333334,7.0,0.1166666666666665,3,0,19.0,1.0,1.0,1,1,1,2,1.0,4.0,-3.0,13.0,65.01846153846154,17.01846153846154,17.01846153846154,64.25,65.23,65.25,64.25,48,65.21,65.24,65.44,-0.0147216684557581,0.3545512820512821,0,0,0.354551282051282,0,0,5323.129999999999,0.0351218135953265,0.0,0.0,1.0,0.0
qxgij9sh,e60078af,c06d584f-16fe-42a0-a5b0-281026bd6ca3,316252be-ca5a-49d1-8696-39b139312e4e,1,ghp,10,4972.0,3800.0,,,3944.99,26.0,4782.0,0.75,6.0,-0.15,10,0,21.0,0.0,0.0,1,1,1,2,0.0,0.0,0.0,13.0,65.01846153846154,17.01846153846154,17.01846153846154,64.25,65.23,65.25,64.25,48,65.21,65.24,65.44,-0.0147216684557581,0.3545512820512821,0,0,0.354551282051282,0,0,5192.99,0.0351218135953265,0.5,0.0,0.5,0.0
qxgij9sh,g9jo03o9,7639dc96-fd01-4576-8cdc-79c9d30dcd81,66251611-12a2-4944-8723-b591a69a9824,1,ghp,11,5611.0,2600.0,,,4050.0,20.0,5521.0,0.4166666666666667,1.0,-0.3166666666666666,1,1,20.0,0.0,0.0,0,1,1,2,0.0,0.0,0.0,19.0,25.412105263157898,-14.587894736842106,14.587894736842106,21.57,30.0,30.0,20.0,40,41.0,54.56,18.13,-0.4739024390243902,0.3646973684210526,0,1,-0.3646973684210526,0,0,4850.0,0.0631408196062675,0.0,0.0,0.0,1.0
qxgij9sh,h0ebvwds,7639dc96-fd01-4576-8cdc-79c9d30dcd81,0d138ea8-8160-4263-bab0-ef399294f8a7,1,ghp,11,5268.0,3800.0,,,4974.55,5.0,5128.0,0.8333333333333334,7.0,-0.1333333333333334,1,0,33.0,0.0,1.0,1,1,1,2,3.0,0.0,3.0,19.0,25.412105263157898,-14.587894736842106,14.587894736842106,21.57,30.0,30.0,20.0,40,41.0,54.56,18.13,-0.4739024390243902,0.3646973684210526,0,1,-0.3646973684210526,0,0,5174.55,0.0631408196062675,0.0,0.0,1.0,0.0
qxgij9sh,u2aoz11d,7639dc96-fd01-4576-8cdc-79c9d30dcd81,145e83a3-2fb7-443a-93d3-6f7e84aec434,1,ghp,11,4992.0,2600.0,,,4705.7699999999995,8.0,4892.0,0.8333333333333334,7.0,-0.1333333333333334,2,0,19.0,1.0,1.0,0,1,1,2,0.0,6.0,-6.0,19.0,25.412105263157898,-14.587894736842106,14.587894736842106,21.57,30.0,30.0,20.0,40,41.0,54.56,18.13,-0.4739024390243902,0.3646973684210526,0,1,-0.3646973684210526,0,0,5025.7699999999995,0.0631408196062675,0.0,1.0,0.0,0.0
qxgij9sh,90ay03zv,7639dc96-fd01-4576-8cdc-79c9d30dcd81,9cf3eabc-27f7-4754-a78b-8b9b1aca36d4,1,ghp,11,4543.0,3800.0,,,4090.26,14.0,4453.0,0.75,6.0,-0.15,1,0,22.0,1.0,1.0,1,1,1,2,0.0,0.0,0.0,19.0,25.412105263157898,-14.587894736842106,14.587894736842106,21.57,30.0,30.0,20.0,40,41.0,54.56,18.13,-0.4739024390243902,0.3646973684210526,0,1,-0.3646973684210526,0,0,4650.26,0.0631408196062675,0.5,0.5,0.0,0.0
qxgij9sh,ukmvlwcs,7639dc96-fd01-4576-8cdc-79c9d30dcd81,4ffcf78f-4023-4892-9eef-146a5c209835,1,ghp,11,5655.0,2600.0,,,4720.379999999999,33.0,5515.0,1.0,9.0,-0.0999999999999999,3,0,21.0,1.0,1.0,1,1,1,2,16.0,0.0,16.0,19.0,25.412105263157898,-14.587894736842106,14.587894736842106,21.57,30.0,30.0,20.0,40,41.0,54.56,18.13,-0.4739024390243902,0.3646973684210526,0,1,-0.3646973684210526,0,0,6040.379999999999,0.0631408196062675,0.0,0.0,1.0,0.0
qxgij9sh,ehyb34jx,7639dc96-fd01-4576-8cdc-79c9d30dcd81,88efbdd9-40ef-4c34-921a-f39cc16113ce,1,ghp,11,4044.0,3800.0,,,3687.040000000001,11.0,3934.0,0.9166666666666666,6.0,-0.3166666666666666,4,0,20.0,0.0,1.0,0,1,1,2,0.0,13.0,-13.0,19.0,25.412105263157898,-14.587894736842106,14.587894736842106,21.57,30.0,30.0,20.0,40,41.0,54.56,18.13,-0.4739024390243902,0.3646973684210526,0,1,-0.3646973684210526,0,0,4127.040000000001,0.0631408196062675,1.0,0.0,0.0,0.0
qxgij9sh,6xvvhy1g,aa648e2e-d329-4dd5-8902-af2bb6347519,266b409b-ab01-469b-9133-7915001aa253,0,ng,11,4941.0,2600.0,,,5152.5100000000075,11.0,4691.0,0.75,1.0,-0.65,2,0,22.0,0.0,1.0,1,0,0,2,11.0,6.0,5.0,34.0,131.00941176470587,91.00941176470587,91.00941176470587,131.02,131.01,131.02,131.0,40,131.01,131.02,131.2,7.633005114127123e-05,2.275235294117647,0,0,2.275235294117647,0,0,5592.5100000000075,0.1222241512345679,0.0,0.0,1.0,0.0
qxgij9sh,o6ptk42l,aa648e2e-d329-4dd5-8902-af2bb6347519,a1224b50-e54d-4401-acb4-4fb3bfac8e8d,0,ng,11,5638.0,3800.0,,,5102.3099999999995,3.0,5398.0,0.8333333333333334,4.0,-0.4333333333333333,1,1,20.0,0.0,1.0,1,0,0,2,1.0,1.0,0.0,34.0,131.00941176470587,91.00941176470587,91.00941176470587,131.02,131.01,131.02,131.0,40,131.01,131.02,131.2,7.633005114127123e-05,2.275235294117647,0,0,2.275235294117647,0,0,5222.3099999999995,0.1222241512345679,0.5,0.0,0.5,0.0
qxgij9sh,vitm387c,aa648e2e-d329-4dd5-8902-af2bb6347519,4f2980e2-d10c-4c68-937f-78d5142dc0ef,0,ng,11,4427.0,2600.0,,,1558.6499999999996,45.0,4227.0,0.5,1.0,-0.4,3,0,22.0,0.0,0.0,1,0,0,2,5.0,0.0,5.0,34.0,131.00941176470587,91.00941176470587,91.00941176470587,131.02,131.01,131.02,131.0,40,131.01,131.02,131.2,7.633005114127123e-05,2.275235294117647,0,0,2.275235294117647,0,0,3358.6499999999996,0.1222241512345679,0.0,1.0,0.0,0.0
qxgij9sh,nngm5qgp,aa648e2e-d329-4dd5-8902-af2bb6347519,198ae65a-873c-4c68-a85e-66eac976c7ab,0,ng,11,521.0,3800.0,,,5245.700000000001,5.0,261.0,1.0,5.0,-0.5,5,0,22.0,0.0,1.0,1,0,0,2,2.0,0.0,2.0,34.0,131.00941176470587,91.00941176470587,91.00941176470587,131.02,131.01,131.02,131.0,40,131.01,131.02,131.2,7.633005114127123e-05,2.275235294117647,0,0,2.275235294117647,0,0,5445.700000000001,0.1222241512345679,0.0,1.0,0.0,0.0
qxgij9sh,9x5fpgk2,aa648e2e-d329-4dd5-8902-af2bb6347519,8ca21702-83a8-4430-9ead-0119fc913da6,0,ng,11,6999.0,2600.0,,,6841.159999999997,27.0,6849.0,0.75,10.0,0.25,4,1,21.0,0.0,1.0,1,0,0,2,0.0,27.0,-27.0,34.0,131.00941176470587,91.00941176470587,91.00941176470587,131.02,131.01,131.02,131.0,40,131.01,131.02,131.2,7.633005114127123e-05,2.275235294117647,0,0,2.275235294117647,0,0,7921.159999999997,0.1222241512345679,0.0,0.5,0.5,0.0
qxgij9sh,7d70uqk8,aa648e2e-d329-4dd5-8902-af2bb6347519,218b254a-e7c1-4487-8aff-ff693b11673d,0,ng,11,9064.0,3800.0,,,3771.669999999998,38.0,8854.0,0.5833333333333334,6.0,0.0166666666666666,2,0,20.0,1.0,1.0,0,0,0,2,15.0,0.0,15.0,34.0,131.00941176470587,91.00941176470587,91.00941176470587,131.02,131.01,131.02,131.0,40,131.01,131.02,131.2,7.633005114127123e-05,2.275235294117647,0,0,2.275235294117647,0,0,5291.669999999998,0.1222241512345679,0.0,0.5,0.5,0.0
qxgij9sh,dadcupjc,c06d584f-16fe-42a0-a5b0-281026bd6ca3,571f8b54-ffdc-4466-8066-90fb81d9dfc1,1,ghp,11,5593.0,2600.0,,,4236.209999999999,10.0,5453.0,0.6666666666666666,3.0,-0.3666666666666666,1,1,18.0,0.0,0.0,1,1,1,2,0.0,0.0,0.0,22.0,64.91909090909091,24.91909090909091,24.91909090909091,65.44,64.5,66.22,64.0,40,64.25,65.21,66.19,0.0185214007782101,0.6229772727272728,0,0,0.6229772727272728,0,0,4636.209999999999,0.0340244364251982,0.0,1.0,0.0,0.0
qxgij9sh,stzawa55,c06d584f-16fe-42a0-a5b0-281026bd6ca3,29127936-c621-49bd-a572-059f4be7598b,1,ghp,11,6667.0,3800.0,,,4563.739999999998,9.0,6477.0,0.75,4.0,-0.35,3,0,24.0,0.0,0.0,1,1,1,2,8.0,3.0,5.0,22.0,64.91909090909091,24.91909090909091,24.91909090909091,65.44,64.5,66.22,64.0,40,64.25,65.21,66.19,0.0185214007782101,0.6229772727272728,0,0,0.6229772727272728,0,0,4923.739999999998,0.0340244364251982,0.0,1.0,0.0,0.0
qxgij9sh,ja9vp1ab,c06d584f-16fe-42a0-a5b0-281026bd6ca3,697c6d90-c662-4d2a-b95d-90564ff71af6,1,ghp,11,7291.0,2600.0,,,4562.790000000003,2.0,7091.0,0.8333333333333334,5.0,-0.3333333333333333,3,0,22.0,1.0,0.0,1,1,1,2,4.0,8.0,-4.0,22.0,64.91909090909091,24.91909090909091,24.91909090909091,65.44,64.5,66.22,64.0,40,64.25,65.21,66.19,0.0185214007782101,0.6229772727272728,0,0,0.6229772727272728,0,0,4642.790000000003,0.0340244364251982,0.0,1.0,0.0,0.0
qxgij9sh,tzbpp88u,c06d584f-16fe-42a0-a5b0-281026bd6ca3,dfd6c39d-ffc1-4115-942a-8b07c09007e9,1,ghp,11,5765.0,3800.0,,,4480.199999999999,26.0,5545.0,0.8333333333333334,5.0,-0.3333333333333333,3,0,23.0,0.0,0.0,1,1,1,2,6.0,10.0,-4.0,22.0,64.91909090909091,24.91909090909091,24.91909090909091,65.44,64.5,66.22,64.0,40,64.25,65.21,66.19,0.0185214007782101,0.6229772727272728,0,0,0.6229772727272728,0,0,5520.199999999999,0.0340244364251982,0.5,0.0,0.5,0.0
qxgij9sh,gr27p5tr,c06d584f-16fe-42a0-a5b0-281026bd6ca3,b1b707e4-d832-44a3-9c9f-a683db402492,1,ghp,11,5642.0,2600.0,,,4236.660000000001,20.0,5532.0,0.5833333333333334,7.0,0.1166666666666665,3,0,19.0,1.0,1.0,1,1,1,2,3.0,1.0,2.0,22.0,64.91909090909091,24.91909090909091,24.91909090909091,65.44,64.5,66.22,64.0,40,64.25,65.21,66.19,0.0185214007782101,0.6229772727272728,0,0,0.6229772727272728,0,0,5036.660000000001,0.0340244364251982,0.0,0.0,1.0,0.0
qxgij9sh,e60078af,c06d584f-16fe-42a0-a5b0-281026bd6ca3,316252be-ca5a-49d1-8696-39b139312e4e,1,ghp,11,4972.0,3800.0,,,4088.4,27.0,4782.0,0.75,6.0,-0.15,10,0,21.0,0.0,0.0,1,1,1,2,1.0,0.0,1.0,22.0,64.91909090909091,24.91909090909091,24.91909090909091,65.44,64.5,66.22,64.0,40,64.25,65.21,66.19,0.0185214007782101,0.6229772727272728,0,0,0.6229772727272728,0,0,5168.4,0.0340244364251982,0.5,0.0,0.5,0.0
qxgij9sh,g9jo03o9,7639dc96-fd01-4576-8cdc-79c9d30dcd81,66251611-12a2-4944-8723-b591a69a9824,1,ghp,12,5611.0,2600.0,15.0,3.0,4210.0,20.0,5521.0,0.4166666666666667,1.0,-0.3166666666666666,1,1,20.0,0.0,0.0,0,1,1,2,0.0,0.0,0.0,10.0,21.978,-10.022,10.022,18.13,24.75,25.0,18.13,32,21.57,41.0,15.0,-0.1594807603152527,0.3131875,0,0,-0.3131874999999999,0,0,4850.0,0.0638465128683823,0.0,0.0,0.0,1.0
qxgij9sh,h0ebvwds,7639dc96-fd01-4576-8cdc-79c9d30dcd81,0d138ea8-8160-4263-bab0-ef399294f8a7,1,ghp,12,5268.0,3800.0,12.0,3.0,4976.41,7.0,5128.0,0.8333333333333334,7.0,-0.1333333333333334,1,0,33.0,0.0,1.0,1,1,1,2,2.0,0.0,2.0,10.0,21.978,-10.022,10.022,18.13,24.75,25.0,18.13,32,21.57,41.0,15.0,-0.1594807603152527,0.3131875,0,0,-0.3131874999999999,0,0,5200.41,0.0638465128683823,0.0,0.0,1.0,0.0
qxgij9sh,u2aoz11d,7639dc96-fd01-4576-8cdc-79c9d30dcd81,145e83a3-2fb7-443a-93d3-6f7e84aec434,1,ghp,12,4992.0,2600.0,10.0,4.0,4838.639999999999,5.0,4892.0,0.8333333333333334,7.0,-0.1333333333333334,2,0,19.0,1.0,1.0,0,1,1,2,1.0,4.0,-3.0,10.0,21.978,-10.022,10.022,18.13,24.75,25.0,18.13,32,21.57,41.0,15.0,-0.1594807603152527,0.3131875,0,0,-0.3131874999999999,0,0,4998.639999999999,0.0638465128683823,0.0,1.0,0.0,0.0
qxgij9sh,90ay03zv,7639dc96-fd01-4576-8cdc-79c9d30dcd81,9cf3eabc-27f7-4754-a78b-8b9b1aca36d4,1,ghp,12,4543.0,3800.0,4400.0,4.0,4222.26,15.0,4453.0,0.75,6.0,-0.15,1,0,22.0,1.0,1.0,1,1,1,2,0.0,1.0,-1.0,10.0,21.978,-10.022,10.022,18.13,24.75,25.0,18.13,32,21.57,41.0,15.0,-0.1594807603152527,0.3131875,0,0,-0.3131874999999999,0,0,4702.26,0.0638465128683823,0.5,0.5,0.0,0.0
qxgij9sh,ukmvlwcs,7639dc96-fd01-4576-8cdc-79c9d30dcd81,4ffcf78f-4023-4892-9eef-146a5c209835,1,ghp,12,5655.0,2600.0,12.0,2.0,4827.119999999999,40.0,5515.0,1.0,9.0,-0.0999999999999999,3,0,21.0,1.0,1.0,1,1,1,2,7.0,0.0,7.0,10.0,21.978,-10.022,10.022,18.13,24.75,25.0,18.13,32,21.57,41.0,15.0,-0.1594807603152527,0.3131875,0,0,-0.3131874999999999,0,0,6107.119999999999,0.0638465128683823,0.0,0.0,1.0,0.0
qxgij9sh,ehyb34jx,7639dc96-fd01-4576-8cdc-79c9d30dcd81,88efbdd9-40ef-4c34-921a-f39cc16113ce,1,ghp,12,4044.0,3800.0,5.0,5.0,3881.5700000000015,8.0,3934.0,0.9166666666666666,6.0,-0.3166666666666666,4,0,20.0,0.0,1.0,0,1,1,2,0.0,5.0,-5.0,10.0,21.978,-10.022,10.022,18.13,24.75,25.0,18.13,32,21.57,41.0,15.0,-0.1594807603152527,0.3131875,0,0,-0.3131874999999999,0,0,4137.5700000000015,0.0638465128683823,1.0,0.0,0.0,0.0
qxgij9sh,6xvvhy1g,aa648e2e-d329-4dd5-8902-af2bb6347519,266b409b-ab01-469b-9133-7915001aa253,0,ng,12,4941.0,2600.0,131.0,3.0,4582.800000000011,16.0,4691.0,0.75,1.0,-0.65,2,0,22.0,0.0,1.0,1,0,0,2,16.0,11.0,5.0,30.0,131.10266666666666,99.10266666666666,99.10266666666666,131.2,131.03,131.2,130.99,32,131.02,131.01,131.36,0.0013738360555639,3.0969583333333333,0,0,3.0969583333333333,0,0,5094.800000000011,0.1157048239208046,0.0,0.0,1.0,0.0
qxgij9sh,o6ptk42l,aa648e2e-d329-4dd5-8902-af2bb6347519,a1224b50-e54d-4401-acb4-4fb3bfac8e8d,0,ng,12,5638.0,3800.0,131.0,3.0,5388.36,1.0,5398.0,0.8333333333333334,4.0,-0.4333333333333333,1,1,20.0,0.0,1.0,1,0,0,2,0.0,2.0,-2.0,30.0,131.10266666666666,99.10266666666666,99.10266666666666,131.2,131.03,131.2,130.99,32,131.02,131.01,131.36,0.0013738360555639,3.0969583333333333,0,0,3.0969583333333333,0,0,5420.36,0.1157048239208046,0.5,0.0,0.5,0.0
qxgij9sh,vitm387c,aa648e2e-d329-4dd5-8902-af2bb6347519,4f2980e2-d10c-4c68-937f-78d5142dc0ef,0,ng,12,4427.0,2600.0,131.0,3.0,1918.6499999999996,45.0,4227.0,0.5,1.0,-0.4,3,0,22.0,0.0,0.0,1,0,0,2,0.0,0.0,0.0,30.0,131.10266666666666,99.10266666666666,99.10266666666666,131.2,131.03,131.2,130.99,32,131.02,131.01,131.36,0.0013738360555639,3.0969583333333333,0,0,3.0969583333333333,0,0,3358.6499999999996,0.1157048239208046,0.0,1.0,0.0,0.0
qxgij9sh,nngm5qgp,aa648e2e-d329-4dd5-8902-af2bb6347519,198ae65a-873c-4c68-a85e-66eac976c7ab,0,ng,12,521.0,3800.0,131.0,2.0,5416.740000000001,4.0,261.0,1.0,5.0,-0.5,5,0,22.0,0.0,1.0,1,0,0,2,0.0,1.0,-1.0,30.0,131.10266666666666,99.10266666666666,99.10266666666666,131.2,131.03,131.2,130.99,32,131.02,131.01,131.36,0.0013738360555639,3.0969583333333333,0,0,3.0969583333333333,0,0,5544.740000000001,0.1157048239208046,0.0,1.0,0.0,0.0
qxgij9sh,9x5fpgk2,aa648e2e-d329-4dd5-8902-af2bb6347519,8ca21702-83a8-4430-9ead-0119fc913da6,0,ng,12,6999.0,2600.0,120.0,1.0,5616.029999999996,50.0,6849.0,0.75,10.0,0.25,4,1,21.0,0.0,1.0,1,0,0,2,12.0,1.0,11.0,30.0,131.10266666666666,99.10266666666666,99.10266666666666,131.2,131.03,131.2,130.99,32,131.02,131.01,131.36,0.0013738360555639,3.0969583333333333,0,0,3.0969583333333333,0,0,7216.029999999996,0.1157048239208046,0.0,0.5,0.5,0.0
qxgij9sh,7d70uqk8,aa648e2e-d329-4dd5-8902-af2bb6347519,218b254a-e7c1-4487-8aff-ff693b11673d,0,ng,12,9064.0,3800.0,132.0,5.0,5781.419999999995,14.0,8854.0,0.5833333333333334,6.0,0.0166666666666666,2,0,20.0,1.0,1.0,0,0,0,2,2.0,15.0,-13.0,30.0,131.10266666666666,99.10266666666666,99.10266666666666,131.2,131.03,131.2,130.99,32,131.02,131.01,131.36,0.0013738360555639,3.0969583333333333,0,0,3.0969583333333333,0,0,6229.419999999995,0.1157048239208046,0.0,0.5,0.5,0.0
qxgij9sh,dadcupjc,c06d584f-16fe-42a0-a5b0-281026bd6ca3,571f8b54-ffdc-4466-8066-90fb81d9dfc1,1,ghp,12,5593.0,2600.0,0.0,0.0,4251.2699999999995,11.0,5453.0,0.6666666666666666,3.0,-0.3666666666666666,1,1,18.0,0.0,0.0,1,1,1,2,1.0,0.0,1.0,32.0,65.99625,33.996249999999996,33.996249999999996,66.19,65.45,66.74,64.94,32,65.44,64.25,64.47,0.011460880195599,1.0623828125,0,0,1.0623828125,0,0,4603.2699999999995,0.0417991177245193,0.0,1.0,0.0,0.0
qxgij9sh,stzawa55,c06d584f-16fe-42a0-a5b0-281026bd6ca3,29127936-c621-49bd-a572-059f4be7598b,1,ghp,12,6667.0,3800.0,65.0,3.0,4568.699999999998,10.0,6477.0,0.75,4.0,-0.35,3,0,24.0,0.0,0.0,1,1,1,2,8.0,7.0,1.0,32.0,65.99625,33.996249999999996,33.996249999999996,66.19,65.45,66.74,64.94,32,65.44,64.25,64.47,0.011460880195599,1.0623828125,0,0,1.0623828125,0,0,4888.699999999998,0.0417991177245193,0.0,1.0,0.0,0.0
qxgij9sh,ja9vp1ab,c06d584f-16fe-42a0-a5b0-281026bd6ca3,697c6d90-c662-4d2a-b95d-90564ff71af6,1,ghp,12,7291.0,2600.0,66.0,2.0,4715.700000000003,0.0,7091.0,0.8333333333333334,5.0,-0.3333333333333333,3,0,22.0,1.0,0.0,1,1,1,2,7.0,9.0,-2.0,32.0,65.99625,33.996249999999996,33.996249999999996,66.19,65.45,66.74,64.94,32,65.44,64.25,64.47,0.011460880195599,1.0623828125,0,0,1.0623828125,0,0,4715.700000000003,0.0417991177245193,0.0,1.0,0.0,0.0
qxgij9sh,tzbpp88u,c06d584f-16fe-42a0-a5b0-281026bd6ca3,dfd6c39d-ffc1-4115-942a-8b07c09007e9,1,ghp,12,5765.0,3800.0,66.0,1.0,4683.1799999999985,22.0,5545.0,0.8333333333333334,5.0,-0.3333333333333333,3,0,23.0,0.0,0.0,1,1,1,2,14.0,14.0,0.0,32.0,65.99625,33.996249999999996,33.996249999999996,66.19,65.45,66.74,64.94,32,65.44,64.25,64.47,0.011460880195599,1.0623828125,0,0,1.0623828125,0,0,5387.1799999999985,0.0417991177245193,0.5,0.0,0.5,0.0
qxgij9sh,gr27p5tr,c06d584f-16fe-42a0-a5b0-281026bd6ca3,b1b707e4-d832-44a3-9c9f-a683db402492,1,ghp,12,5642.0,2600.0,65.0,3.0,4529.900000000001,36.0,5532.0,0.5833333333333334,7.0,0.1166666666666665,3,0,19.0,1.0,1.0,1,1,1,2,0.0,2.0,-2.0,32.0,65.99625,33.996249999999996,33.996249999999996,66.19,65.45,66.74,64.94,32,65.44,64.25,64.47,0.011460880195599,1.0623828125,0,0,1.0623828125,0,0,5681.900000000001,0.0417991177245193,0.0,0.0,1.0,0.0
qxgij9sh,e60078af,c06d584f-16fe-42a0-a5b0-281026bd6ca3,316252be-ca5a-49d1-8696-39b139312e4e,1,ghp,12,4972.0,3800.0,66.0,4.0,4171.25,29.0,4782.0,0.75,6.0,-0.15,10,0,21.0,0.0,0.0,1,1,1,2,2.0,0.0,2.0,32.0,65.99625,33.996249999999996,33.996249999999996,66.19,65.45,66.74,64.94,32,65.44,64.25,64.47,0.011460880195599,1.0623828125,0,0,1.0623828125,0,0,5099.25,0.0417991177245193,0.5,0.0,0.5,0.0
qxgij9sh,g9jo03o9,7639dc96-fd01-4576-8cdc-79c9d30dcd81,66251611-12a2-4944-8723-b591a69a9824,1,ghp,13,5611.0,2600.0,,,4210.0,20.0,5521.0,0.4166666666666667,1.0,-0.3166666666666666,1,1,20.0,0.0,0.0,0,1,1,2,0.0,0.0,0.0,14.0,13.964285714285714,-10.035714285714286,10.035714285714286,15.0,15.5,20.0,10.0,24,18.13,21.57,13.5,-0.1726420297848868,0.4181547619047619,0,0,-0.4181547619047619,0,0,4690.0,0.0679812399908487,0.0,0.0,0.0,1.0
qxgij9sh,h0ebvwds,7639dc96-fd01-4576-8cdc-79c9d30dcd81,0d138ea8-8160-4263-bab0-ef399294f8a7,1,ghp,13,5268.0,3800.0,,,4953.41,9.0,5128.0,0.8333333333333334,7.0,-0.1333333333333334,1,0,33.0,0.0,1.0,1,1,1,2,3.0,2.0,1.0,14.0,13.964285714285714,-10.035714285714286,10.035714285714286,15.0,15.5,20.0,10.0,24,18.13,21.57,13.5,-0.1726420297848868,0.4181547619047619,0,0,-0.4181547619047619,0,0,5169.41,0.0679812399908487,0.0,0.0,1.0,0.0
qxgij9sh,u2aoz11d,7639dc96-fd01-4576-8cdc-79c9d30dcd81,145e83a3-2fb7-443a-93d3-6f7e84aec434,1,ghp,13,4992.0,2600.0,,,4894.639999999999,0.0,4892.0,0.8333333333333334,7.0,-0.1333333333333334,2,0,19.0,1.0,1.0,0,1,1,2,0.0,4.0,-4.0,14.0,13.964285714285714,-10.035714285714286,10.035714285714286,15.0,15.5,20.0,10.0,24,18.13,21.57,13.5,-0.1726420297848868,0.4181547619047619,0,0,-0.4181547619047619,0,0,4894.639999999999,0.0679812399908487,0.0,1.0,0.0,0.0
qxgij9sh,90ay03zv,7639dc96-fd01-4576-8cdc-79c9d30dcd81,9cf3eabc-27f7-4754-a78b-8b9b1aca36d4,1,ghp,13,4543.0,3800.0,,,4259.26,11.0,4453.0,0.75,6.0,-0.15,1,0,22.0,1.0,1.0,1,1,1,2,0.0,2.0,-2.0,14.0,13.964285714285714,-10.035714285714286,10.035714285714286,15.0,15.5,20.0,10.0,24,18.13,21.57,13.5,-0.1726420297848868,0.4181547619047619,0,0,-0.4181547619047619,0,0,4523.26,0.0679812399908487,0.5,0.5,0.0,0.0
qxgij9sh,ukmvlwcs,7639dc96-fd01-4576-8cdc-79c9d30dcd81,4ffcf78f-4023-4892-9eef-146a5c209835,1,ghp,13,5655.0,2600.0,,,4681.619999999999,51.0,5515.0,1.0,9.0,-0.0999999999999999,3,0,21.0,1.0,1.0,1,1,1,2,11.0,0.0,11.0,14.0,13.964285714285714,-10.035714285714286,10.035714285714286,15.0,15.5,20.0,10.0,24,18.13,21.57,13.5,-0.1726420297848868,0.4181547619047619,0,0,-0.4181547619047619,0,0,5905.619999999999,0.0679812399908487,0.0,0.0,1.0,0.0
qxgij9sh,ehyb34jx,7639dc96-fd01-4576-8cdc-79c9d30dcd81,88efbdd9-40ef-4c34-921a-f39cc16113ce,1,ghp,13,4044.0,3800.0,,,3957.0700000000015,0.0,3934.0,0.9166666666666666,6.0,-0.3166666666666666,4,0,20.0,0.0,1.0,0,1,1,2,0.0,6.0,-6.0,14.0,13.964285714285714,-10.035714285714286,10.035714285714286,15.0,15.5,20.0,10.0,24,18.13,21.57,13.5,-0.1726420297848868,0.4181547619047619,0,0,-0.4181547619047619,0,0,3957.0700000000015,0.0679812399908487,1.0,0.0,0.0,0.0
qxgij9sh,6xvvhy1g,aa648e2e-d329-4dd5-8902-af2bb6347519,266b409b-ab01-469b-9133-7915001aa253,0,ng,13,4941.0,2600.0,,,113.2000000000114,50.0,4691.0,0.75,1.0,-0.65,2,0,22.0,0.0,1.0,1,0,0,2,34.0,0.0,34.0,42.0,131.44261904761905,107.44261904761905,107.44261904761905,131.36,131.2,131.5,131.2,24,131.2,131.02,130.99,0.0012195121951221,4.476775793650794,0,0,4.476775793650794,0,0,1313.2000000000114,0.2732849563046186,0.0,0.0,1.0,0.0
qxgij9sh,o6ptk42l,aa648e2e-d329-4dd5-8902-af2bb6347519,a1224b50-e54d-4401-acb4-4fb3bfac8e8d,0,ng,13,5638.0,3800.0,,,5388.5599999999995,1.0,5398.0,0.8333333333333334,4.0,-0.4333333333333333,1,1,20.0,0.0,1.0,1,0,0,2,1.0,1.0,0.0,42.0,131.44261904761905,107.44261904761905,107.44261904761905,131.36,131.2,131.5,131.2,24,131.2,131.02,130.99,0.0012195121951221,4.476775793650794,0,0,4.476775793650794,0,0,5412.5599999999995,0.2732849563046186,0.5,0.0,0.5,0.0
qxgij9sh,vitm387c,aa648e2e-d329-4dd5-8902-af2bb6347519,4f2980e2-d10c-4c68-937f-78d5142dc0ef,0,ng,13,4427.0,2600.0,,,1918.6499999999996,45.0,4227.0,0.5,1.0,-0.4,3,0,22.0,0.0,0.0,1,0,0,2,0.0,0.0,0.0,42.0,131.44261904761905,107.44261904761905,107.44261904761905,131.36,131.2,131.5,131.2,24,131.2,131.02,130.99,0.0012195121951221,4.476775793650794,0,0,4.476775793650794,0,0,2998.6499999999996,0.2732849563046186,0.0,1.0,0.0,0.0
qxgij9sh,nngm5qgp,aa648e2e-d329-4dd5-8902-af2bb6347519,198ae65a-873c-4c68-a85e-66eac976c7ab,0,ng,13,521.0,3800.0,,,5810.680000000001,2.0,261.0,1.0,5.0,-0.5,5,0,22.0,0.0,1.0,1,0,0,2,1.0,4.0,-3.0,42.0,131.44261904761905,107.44261904761905,107.44261904761905,131.36,131.2,131.5,131.2,24,131.2,131.02,130.99,0.0012195121951221,4.476775793650794,0,0,4.476775793650794,0,0,5858.680000000001,0.2732849563046186,0.0,1.0,0.0,0.0
qxgij9sh,9x5fpgk2,aa648e2e-d329-4dd5-8902-af2bb6347519,8ca21702-83a8-4430-9ead-0119fc913da6,0,ng,13,6999.0,2600.0,,,6404.2099999999955,38.0,6849.0,0.75,10.0,0.25,4,1,21.0,0.0,1.0,1,0,0,2,3.0,9.0,-6.0,42.0,131.44261904761905,107.44261904761905,107.44261904761905,131.36,131.2,131.5,131.2,24,131.2,131.02,130.99,0.0012195121951221,4.476775793650794,0,0,4.476775793650794,0,0,7316.2099999999955,0.2732849563046186,0.0,0.5,0.5,0.0
qxgij9sh,7d70uqk8,aa648e2e-d329-4dd5-8902-af2bb6347519,218b254a-e7c1-4487-8aff-ff693b11673d,0,ng,13,9064.0,3800.0,,,9068.699999999992,3.0,8854.0,0.5833333333333334,6.0,0.0166666666666666,2,0,20.0,1.0,1.0,0,0,0,2,3.0,28.0,-25.0,42.0,131.44261904761905,107.44261904761905,107.44261904761905,131.36,131.2,131.5,131.2,24,131.2,131.02,130.99,0.0012195121951221,4.476775793650794,0,0,4.476775793650794,0,0,9140.699999999992,0.2732849563046186,0.0,0.5,0.5,0.0
qxgij9sh,dadcupjc,c06d584f-16fe-42a0-a5b0-281026bd6ca3,571f8b54-ffdc-4466-8066-90fb81d9dfc1,1,ghp,13,5593.0,2600.0,,,4315.74,10.0,5453.0,0.6666666666666666,3.0,-0.3666666666666666,1,1,18.0,0.0,0.0,1,1,1,2,0.0,1.0,-1.0,8.0,64.45375,40.45375,40.45375,64.47,64.41,64.58,64.33,24,66.19,65.44,64.76,-0.0259857984589817,1.6855729166666666,0,0,1.6855729166666666,0,0,4555.74,0.0369440645514221,0.0,1.0,0.0,0.0
qxgij9sh,stzawa55,c06d584f-16fe-42a0-a5b0-281026bd6ca3,29127936-c621-49bd-a572-059f4be7598b,1,ghp,13,6667.0,3800.0,,,4439.749999999998,12.0,6477.0,0.75,4.0,-0.35,3,0,24.0,0.0,0.0,1,1,1,2,2.0,0.0,2.0,8.0,64.45375,40.45375,40.45375,64.47,64.41,64.58,64.33,24,66.19,65.44,64.76,-0.0259857984589817,1.6855729166666666,0,0,1.6855729166666666,0,0,4727.749999999998,0.0369440645514221,0.0,1.0,0.0,0.0
qxgij9sh,ja9vp1ab,c06d584f-16fe-42a0-a5b0-281026bd6ca3,697c6d90-c662-4d2a-b95d-90564ff71af6,1,ghp,13,7291.0,2600.0,,,4457.910000000003,4.0,7091.0,0.8333333333333334,5.0,-0.3333333333333333,3,0,22.0,1.0,0.0,1,1,1,2,4.0,0.0,4.0,8.0,64.45375,40.45375,40.45375,64.47,64.41,64.58,64.33,24,66.19,65.44,64.76,-0.0259857984589817,1.6855729166666666,0,0,1.6855729166666666,0,0,4553.910000000003,0.0369440645514221,0.0,1.0,0.0,0.0
qxgij9sh,tzbpp88u,c06d584f-16fe-42a0-a5b0-281026bd6ca3,dfd6c39d-ffc1-4115-942a-8b07c09007e9,1,ghp,13,5765.0,3800.0,,,5134.339999999997,15.0,5545.0,0.8333333333333334,5.0,-0.3333333333333333,3,0,23.0,0.0,0.0,1,1,1,2,0.0,7.0,-7.0,8.0,64.45375,40.45375,40.45375,64.47,64.41,64.58,64.33,24,66.19,65.44,64.76,-0.0259857984589817,1.6855729166666666,0,0,1.6855729166666666,0,0,5494.339999999997,0.0369440645514221,0.5,0.0,0.5,0.0
qxgij9sh,gr27p5tr,c06d584f-16fe-42a0-a5b0-281026bd6ca3,b1b707e4-d832-44a3-9c9f-a683db402492,1,ghp,13,5642.0,2600.0,,,4529.900000000001,25.0,5532.0,0.5833333333333334,7.0,0.1166666666666665,3,0,19.0,1.0,1.0,1,1,1,2,0.0,0.0,0.0,8.0,64.45375,40.45375,40.45375,64.47,64.41,64.58,64.33,24,66.19,65.44,64.76,-0.0259857984589817,1.6855729166666666,0,0,1.6855729166666666,0,0,5129.900000000001,0.0369440645514221,0.0,0.0,1.0,0.0
qxgij9sh,e60078af,c06d584f-16fe-42a0-a5b0-281026bd6ca3,316252be-ca5a-49d1-8696-39b139312e4e,1,ghp,13,4972.0,3800.0,,,4042.3600000000006,31.0,4782.0,0.75,6.0,-0.15,10,0,21.0,0.0,0.0,1,1,1,2,2.0,0.0,2.0,8.0,64.45375,40.45375,40.45375,64.47,64.41,64.58,64.33,24,66.19,65.44,64.76,-0.0259857984589817,1.6855729166666666,0,0,1.6855729166666666,0,0,4786.360000000001,0.0369440645514221,0.5,0.0,0.5,0.0
qxgij9sh,g9jo03o9,7639dc96-fd01-4576-8cdc-79c9d30dcd81,66251611-12a2-4944-8723-b591a69a9824,1,ghp,14,5611.0,2600.0,,,4370.0,20.0,5521.0,0.4166666666666667,1.0,-0.3166666666666666,1,1,20.0,0.0,0.0,0,1,1,2,0.0,0.0,0.0,8.0,13.5,-2.5,2.625,13.5,16.5,16.5,12.0,16,15.0,18.13,7.0,-0.0999999999999999,0.1640625,0,0,-0.15625,0,0,4690.0,0.0705272644307551,0.0,0.0,0.0,1.0
qxgij9sh,h0ebvwds,7639dc96-fd01-4576-8cdc-79c9d30dcd81,0d138ea8-8160-4263-bab0-ef399294f8a7,1,ghp,14,5268.0,3800.0,,,5119.91,1.0,5128.0,0.8333333333333334,7.0,-0.1333333333333334,1,0,33.0,0.0,1.0,1,1,1,2,0.0,7.0,-7.0,8.0,13.5,-2.5,2.625,13.5,16.5,16.5,12.0,16,15.0,18.13,7.0,-0.0999999999999999,0.1640625,0,0,-0.15625,0,0,5135.91,0.0705272644307551,0.0,0.0,1.0,0.0
qxgij9sh,u2aoz11d,7639dc96-fd01-4576-8cdc-79c9d30dcd81,145e83a3-2fb7-443a-93d3-6f7e84aec434,1,ghp,14,4992.0,2600.0,,,4891.639999999999,0.0,4892.0,0.8333333333333334,7.0,-0.1333333333333334,2,0,19.0,1.0,1.0,0,1,1,2,1.0,1.0,0.0,8.0,13.5,-2.5,2.625,13.5,16.5,16.5,12.0,16,15.0,18.13,7.0,-0.0999999999999999,0.1640625,0,0,-0.15625,0,0,4891.639999999999,0.0705272644307551,0.0,1.0,0.0,0.0
qxgij9sh,90ay03zv,7639dc96-fd01-4576-8cdc-79c9d30dcd81,9cf3eabc-27f7-4754-a78b-8b9b1aca36d4,1,ghp,14,4543.0,3800.0,,,4347.26,11.0,4453.0,0.75,6.0,-0.15,1,0,22.0,1.0,1.0,1,1,1,2,0.0,0.0,0.0,8.0,13.5,-2.5,2.625,13.5,16.5,16.5,12.0,16,15.0,18.13,7.0,-0.0999999999999999,0.1640625,0,0,-0.15625,0,0,4523.26,0.0705272644307551,0.5,0.5,0.0,0.0
qxgij9sh,ukmvlwcs,7639dc96-fd01-4576-8cdc-79c9d30dcd81,4ffcf78f-4023-4892-9eef-146a5c209835,1,ghp,14,5655.0,2600.0,,,4998.119999999999,64.0,5515.0,1.0,9.0,-0.0999999999999999,3,0,21.0,1.0,1.0,1,1,1,2,7.0,0.0,7.0,8.0,13.5,-2.5,2.625,13.5,16.5,16.5,12.0,16,15.0,18.13,7.0,-0.0999999999999999,0.1640625,0,0,-0.15625,0,0,6022.119999999999,0.0705272644307551,0.0,0.0,1.0,0.0
qxgij9sh,ehyb34jx,7639dc96-fd01-4576-8cdc-79c9d30dcd81,88efbdd9-40ef-4c34-921a-f39cc16113ce,1,ghp,14,4044.0,3800.0,,,3957.0700000000015,0.0,3934.0,0.9166666666666666,6.0,-0.3166666666666666,4,0,20.0,0.0,1.0,0,1,1,2,0.0,0.0,0.0,8.0,13.5,-2.5,2.625,13.5,16.5,16.5,12.0,16,15.0,18.13,7.0,-0.0999999999999999,0.1640625,0,0,-0.15625,0,0,3957.0700000000015,0.0705272644307551,1.0,0.0,0.0,0.0
qxgij9sh,6xvvhy1g,aa648e2e-d329-4dd5-8902-af2bb6347519,266b409b-ab01-469b-9133-7915001aa253,0,ng,14,4941.0,2600.0,,,1037.7800000000111,49.0,4691.0,0.75,1.0,-0.65,2,0,22.0,0.0,1.0,1,0,0,2,0.0,4.0,-4.0,26.0,131.055,115.055,115.055,130.99,131.25,131.25,130.99,16,131.36,131.2,120.64,-0.0028166869671133,7.1909375,0,0,7.1909375,1,1,1821.7800000000111,0.2831583229036288,0.0,0.0,1.0,0.0
qxgij9sh,o6ptk42l,aa648e2e-d329-4dd5-8902-af2bb6347519,a1224b50-e54d-4401-acb4-4fb3bfac8e8d,0,ng,14,5638.0,3800.0,,,5265.74,2.0,5398.0,0.8333333333333334,4.0,-0.4333333333333333,1,1,20.0,0.0,1.0,1,0,0,2,2.0,1.0,1.0,26.0,131.055,115.055,115.055,130.99,131.25,131.25,130.99,16,131.36,131.2,120.64,-0.0028166869671133,7.1909375,0,0,7.1909375,1,1,5297.74,0.2831583229036288,0.5,0.0,0.5,0.0
qxgij9sh,vitm387c,aa648e2e-d329-4dd5-8902-af2bb6347519,4f2980e2-d10c-4c68-937f-78d5142dc0ef,0,ng,14,4427.0,2600.0,,,2278.6499999999996,45.0,4227.0,0.5,1.0,-0.4,3,0,22.0,0.0,0.0,1,0,0,2,0.0,0.0,0.0,26.0,131.055,115.055,115.055,130.99,131.25,131.25,130.99,16,131.36,131.2,120.64,-0.0028166869671133,7.1909375,0,0,7.1909375,1,1,2998.6499999999996,0.2831583229036288,0.0,1.0,0.0,0.0
qxgij9sh,nngm5qgp,aa648e2e-d329-4dd5-8902-af2bb6347519,198ae65a-873c-4c68-a85e-66eac976c7ab,0,ng,14,521.0,3800.0,,,4123.700000000003,14.0,261.0,1.0,5.0,-0.5,5,0,22.0,0.0,1.0,1,0,0,2,13.0,0.0,13.0,26.0,131.055,115.055,115.055,130.99,131.25,131.25,130.99,16,131.36,131.2,120.64,-0.0028166869671133,7.1909375,0,0,7.1909375,1,1,4347.700000000003,0.2831583229036288,0.0,1.0,0.0,0.0
qxgij9sh,9x5fpgk2,aa648e2e-d329-4dd5-8902-af2bb6347519,8ca21702-83a8-4430-9ead-0119fc913da6,0,ng,14,6999.0,2600.0,,,7624.699999999992,24.0,6849.0,0.75,10.0,0.25,4,1,21.0,0.0,1.0,1,0,0,2,5.0,12.0,-7.0,26.0,131.055,115.055,115.055,130.99,131.25,131.25,130.99,16,131.36,131.2,120.64,-0.0028166869671133,7.1909375,0,0,7.1909375,1,1,8008.699999999992,0.2831583229036288,0.0,0.5,0.5,0.0
qxgij9sh,7d70uqk8,aa648e2e-d329-4dd5-8902-af2bb6347519,218b254a-e7c1-4487-8aff-ff693b11673d,0,ng,14,9064.0,3800.0,,,9485.429999999991,0.0,8854.0,0.5833333333333334,6.0,0.0166666666666666,2,0,20.0,1.0,1.0,0,0,0,2,6.0,9.0,-3.0,26.0,131.055,115.055,115.055,130.99,131.25,131.25,130.99,16,131.36,131.2,120.64,-0.0028166869671133,7.1909375,0,0,7.1909375,1,1,9485.429999999991,0.2831583229036288,0.0,0.5,0.5,0.0
qxgij9sh,dadcupjc,c06d584f-16fe-42a0-a5b0-281026bd6ca3,571f8b54-ffdc-4466-8066-90fb81d9dfc1,1,ghp,14,5593.0,2600.0,,,4460.5,9.0,5453.0,0.6666666666666666,3.0,-0.3666666666666666,1,1,18.0,0.0,0.0,1,1,1,2,0.0,1.0,-1.0,14.0,64.64357142857143,48.64357142857143,48.64357142857143,64.76,65.57,65.66,63.76,16,64.47,66.19,64.19,0.0044982162246007,3.040223214285714,0,0,3.040223214285714,0,0,4604.5,0.0302120697463768,0.0,1.0,0.0,0.0
qxgij9sh,stzawa55,c06d584f-16fe-42a0-a5b0-281026bd6ca3,29127936-c621-49bd-a572-059f4be7598b,1,ghp,14,6667.0,3800.0,,,4404.999999999999,20.0,6477.0,0.75,4.0,-0.35,3,0,24.0,0.0,0.0,1,1,1,2,3.0,1.0,2.0,14.0,64.64357142857143,48.64357142857143,48.64357142857143,64.76,65.57,65.66,63.76,16,64.47,66.19,64.19,0.0044982162246007,3.040223214285714,0,0,3.040223214285714,0,0,4724.999999999999,0.0302120697463768,0.0,1.0,0.0,0.0
qxgij9sh,ja9vp1ab,c06d584f-16fe-42a0-a5b0-281026bd6ca3,697c6d90-c662-4d2a-b95d-90564ff71af6,1,ghp,14,7291.0,2600.0,,,4748.620000000003,0.0,7091.0,0.8333333333333334,5.0,-0.3333333333333333,3,0,22.0,1.0,0.0,1,1,1,2,1.0,5.0,-4.0,14.0,64.64357142857143,48.64357142857143,48.64357142857143,64.76,65.57,65.66,63.76,16,64.47,66.19,64.19,0.0044982162246007,3.040223214285714,0,0,3.040223214285714,0,0,4748.620000000003,0.0302120697463768,0.0,1.0,0.0,0.0
qxgij9sh,tzbpp88u,c06d584f-16fe-42a0-a5b0-281026bd6ca3,dfd6c39d-ffc1-4115-942a-8b07c09007e9,1,ghp,14,5765.0,3800.0,,,4993.659999999997,19.0,5545.0,0.8333333333333334,5.0,-0.3333333333333333,3,0,23.0,0.0,0.0,1,1,1,2,8.0,4.0,4.0,14.0,64.64357142857143,48.64357142857143,48.64357142857143,64.76,65.57,65.66,63.76,16,64.47,66.19,64.19,0.0044982162246007,3.040223214285714,0,0,3.040223214285714,0,0,5297.659999999997,0.0302120697463768,0.5,0.0,0.5,0.0
qxgij9sh,gr27p5tr,c06d584f-16fe-42a0-a5b0-281026bd6ca3,b1b707e4-d832-44a3-9c9f-a683db402492,1,ghp,14,5642.0,2600.0,,,4862.13,29.0,5532.0,0.5833333333333334,7.0,0.1166666666666665,3,0,19.0,1.0,1.0,1,1,1,2,1.0,3.0,-2.0,14.0,64.64357142857143,48.64357142857143,48.64357142857143,64.76,65.57,65.66,63.76,16,64.47,66.19,64.19,0.0044982162246007,3.040223214285714,0,0,3.040223214285714,0,0,5326.13,0.0302120697463768,0.0,0.0,1.0,0.0
qxgij9sh,e60078af,c06d584f-16fe-42a0-a5b0-281026bd6ca3,316252be-ca5a-49d1-8696-39b139312e4e,1,ghp,14,4972.0,3800.0,,,4226.09,32.0,4782.0,0.75,6.0,-0.15,10,0,21.0,0.0,0.0,1,1,1,2,1.0,0.0,1.0,14.0,64.64357142857143,48.64357142857143,48.64357142857143,64.76,65.57,65.66,63.76,16,64.47,66.19,64.19,0.0044982162246007,3.040223214285714,0,0,3.040223214285714,0,0,4738.09,0.0302120697463768,0.5,0.0,0.5,0.0
qxgij9sh,g9jo03o9,7639dc96-fd01-4576-8cdc-79c9d30dcd81,66251611-12a2-4944-8723-b591a69a9824,1,ghp,15,5611.0,2600.0,,,4450.0,20.0,5521.0,0.4166666666666667,1.0,-0.3166666666666666,1,1,20.0,0.0,0.0,0,1,1,2,0.0,0.0,0.0,7.0,7.285714285714286,-0.7142857142857143,1.0,7.0,9.0,9.0,7.0,8,13.5,15.0,,-0.4814814814814815,0.125,0,1,-0.0892857142857143,0,0,4610.0,0.0652126970915983,0.0,0.0,0.0,1.0
qxgij9sh,h0ebvwds,7639dc96-fd01-4576-8cdc-79c9d30dcd81,0d138ea8-8160-4263-bab0-ef399294f8a7,1,ghp,15,5268.0,3800.0,,,5123.91,1.0,5128.0,0.8333333333333334,7.0,-0.1333333333333334,1,0,33.0,0.0,1.0,1,1,1,2,0.0,0.0,0.0,7.0,7.285714285714286,-0.7142857142857143,1.0,7.0,9.0,9.0,7.0,8,13.5,15.0,,-0.4814814814814815,0.125,0,1,-0.0892857142857143,0,0,5131.91,0.0652126970915983,0.0,0.0,1.0,0.0
qxgij9sh,u2aoz11d,7639dc96-fd01-4576-8cdc-79c9d30dcd81,145e83a3-2fb7-443a-93d3-6f7e84aec434,1,ghp,15,4992.0,2600.0,,,4891.639999999999,0.0,4892.0,0.8333333333333334,7.0,-0.1333333333333334,2,0,19.0,1.0,1.0,0,1,1,2,0.0,0.0,0.0,7.0,7.285714285714286,-0.7142857142857143,1.0,7.0,9.0,9.0,7.0,8,13.5,15.0,,-0.4814814814814815,0.125,0,1,-0.0892857142857143,0,0,4891.639999999999,0.0652126970915983,0.0,1.0,0.0,0.0
qxgij9sh,90ay03zv,7639dc96-fd01-4576-8cdc-79c9d30dcd81,9cf3eabc-27f7-4754-a78b-8b9b1aca36d4,1,ghp,15,4543.0,3800.0,,,4433.26,5.0,4453.0,0.75,6.0,-0.15,1,0,22.0,1.0,1.0,1,1,1,2,0.0,6.0,-6.0,7.0,7.285714285714286,-0.7142857142857143,1.0,7.0,9.0,9.0,7.0,8,13.5,15.0,,-0.4814814814814815,0.125,0,1,-0.0892857142857143,0,0,4473.26,0.0652126970915983,0.5,0.5,0.0,0.0
qxgij9sh,ukmvlwcs,7639dc96-fd01-4576-8cdc-79c9d30dcd81,4ffcf78f-4023-4892-9eef-146a5c209835,1,ghp,15,5655.0,2600.0,,,5263.119999999999,63.0,5515.0,1.0,9.0,-0.0999999999999999,3,0,21.0,1.0,1.0,1,1,1,2,0.0,1.0,-1.0,7.0,7.285714285714286,-0.7142857142857143,1.0,7.0,9.0,9.0,7.0,8,13.5,15.0,,-0.4814814814814815,0.125,0,1,-0.0892857142857143,0,0,5767.119999999999,0.0652126970915983,0.0,0.0,1.0,0.0
qxgij9sh,ehyb34jx,7639dc96-fd01-4576-8cdc-79c9d30dcd81,88efbdd9-40ef-4c34-921a-f39cc16113ce,1,ghp,15,4044.0,3800.0,,,3906.0700000000015,7.0,3934.0,0.9166666666666666,6.0,-0.3166666666666666,4,0,20.0,0.0,1.0,0,1,1,2,7.0,0.0,7.0,7.0,7.285714285714286,-0.7142857142857143,1.0,7.0,9.0,9.0,7.0,8,13.5,15.0,,-0.4814814814814815,0.125,0,1,-0.0892857142857143,0,0,3962.0700000000015,0.0652126970915983,1.0,0.0,0.0,0.0
qxgij9sh,6xvvhy1g,aa648e2e-d329-4dd5-8902-af2bb6347519,266b409b-ab01-469b-9133-7915001aa253,0,ng,15,4941.0,2600.0,,,2017.6900000000112,40.0,4691.0,0.75,1.0,-0.65,2,0,22.0,0.0,1.0,1,0,0,2,0.0,6.0,-6.0,57.0,129.80350877192984,121.80350877192984,121.80350877192984,120.64,130.98,130.98,120.0,8,130.99,131.36,,-0.0790136651652798,15.225438596491228,0,0,15.22543859649123,1,0,2337.6900000000114,0.3174999999999995,0.0,0.0,1.0,0.0
qxgij9sh,o6ptk42l,aa648e2e-d329-4dd5-8902-af2bb6347519,a1224b50-e54d-4401-acb4-4fb3bfac8e8d,0,ng,15,5638.0,3800.0,,,5393.74,1.0,5398.0,0.8333333333333334,4.0,-0.4333333333333333,1,1,20.0,0.0,1.0,1,0,0,2,0.0,1.0,-1.0,57.0,129.80350877192984,121.80350877192984,121.80350877192984,120.64,130.98,130.98,120.0,8,130.99,131.36,,-0.0790136651652798,15.225438596491228,0,0,15.22543859649123,1,0,5401.74,0.3174999999999995,0.5,0.0,0.5,0.0
qxgij9sh,vitm387c,aa648e2e-d329-4dd5-8902-af2bb6347519,4f2980e2-d10c-4c68-937f-78d5142dc0ef,0,ng,15,4427.0,2600.0,,,8181.220000000001,2.0,4227.0,0.5,1.0,-0.4,3,0,22.0,0.0,0.0,1,0,0,2,0.0,44.0,-44.0,57.0,129.80350877192984,121.80350877192984,121.80350877192984,120.64,130.98,130.98,120.0,8,130.99,131.36,,-0.0790136651652798,15.225438596491228,0,0,15.22543859649123,1,0,8197.220000000001,0.3174999999999995,0.0,1.0,0.0,0.0
qxgij9sh,nngm5qgp,aa648e2e-d329-4dd5-8902-af2bb6347519,198ae65a-873c-4c68-a85e-66eac976c7ab,0,ng,15,521.0,3800.0,,,5.259999999999593,64.0,261.0,1.0,5.0,-0.5,5,0,22.0,0.0,1.0,1,0,0,2,32.0,0.0,32.0,57.0,129.80350877192984,121.80350877192984,121.80350877192984,120.64,130.98,130.98,120.0,8,130.99,131.36,,-0.0790136651652798,15.225438596491228,0,0,15.22543859649123,1,0,517.2599999999995,0.3174999999999995,0.0,1.0,0.0,0.0
qxgij9sh,9x5fpgk2,aa648e2e-d329-4dd5-8902-af2bb6347519,8ca21702-83a8-4430-9ead-0119fc913da6,0,ng,15,6999.0,2600.0,,,5919.699999999993,49.0,6849.0,0.75,10.0,0.25,4,1,21.0,0.0,1.0,1,0,0,2,20.0,6.0,14.0,57.0,129.80350877192984,121.80350877192984,121.80350877192984,120.64,130.98,130.98,120.0,8,130.99,131.36,,-0.0790136651652798,15.225438596491228,0,0,15.22543859649123,1,0,6311.699999999993,0.3174999999999995,0.0,0.5,0.5,0.0
qxgij9sh,7d70uqk8,aa648e2e-d329-4dd5-8902-af2bb6347519,218b254a-e7c1-4487-8aff-ff693b11673d,0,ng,15,9064.0,3800.0,,,8834.389999999992,5.0,8854.0,0.5833333333333334,6.0,0.0166666666666666,2,0,20.0,1.0,1.0,0,0,0,2,5.0,0.0,5.0,57.0,129.80350877192984,121.80350877192984,121.80350877192984,120.64,130.98,130.98,120.0,8,130.99,131.36,,-0.0790136651652798,15.225438596491228,0,0,15.22543859649123,1,0,8874.389999999992,0.3174999999999995,0.0,0.5,0.5,0.0
qxgij9sh,dadcupjc,c06d584f-16fe-42a0-a5b0-281026bd6ca3,571f8b54-ffdc-4466-8066-90fb81d9dfc1,1,ghp,15,5593.0,2600.0,,,4883.21,3.0,5453.0,0.6666666666666666,3.0,-0.3666666666666666,1,1,18.0,0.0,0.0,1,1,1,2,0.0,6.0,-6.0,20.0,64.329,56.32899999999999,56.32899999999999,64.19,65.0,65.0,63.94,8,64.76,64.47,,-0.0088017294626313,7.041124999999999,0,0,7.041124999999999,1,1,4907.21,0.046406055578598,0.0,1.0,0.0,0.0
qxgij9sh,stzawa55,c06d584f-16fe-42a0-a5b0-281026bd6ca3,29127936-c621-49bd-a572-059f4be7598b,1,ghp,15,6667.0,3800.0,,,4101.489999999999,20.0,6477.0,0.75,4.0,-0.35,3,0,24.0,0.0,0.0,1,1,1,2,7.0,1.0,6.0,20.0,64.329,56.32899999999999,56.32899999999999,64.19,65.0,65.0,63.94,8,64.76,64.47,,-0.0088017294626313,7.041124999999999,0,0,7.041124999999999,1,1,4261.489999999999,0.046406055578598,0.0,1.0,0.0,0.0
qxgij9sh,ja9vp1ab,c06d584f-16fe-42a0-a5b0-281026bd6ca3,697c6d90-c662-4d2a-b95d-90564ff71af6,1,ghp,15,7291.0,2600.0,,,4748.620000000003,0.0,7091.0,0.8333333333333334,5.0,-0.3333333333333333,3,0,22.0,1.0,0.0,1,1,1,2,0.0,0.0,0.0,20.0,64.329,56.32899999999999,56.32899999999999,64.19,65.0,65.0,63.94,8,64.76,64.47,,-0.0088017294626313,7.041124999999999,0,0,7.041124999999999,1,1,4748.620000000003,0.046406055578598,0.0,1.0,0.0,0.0
qxgij9sh,tzbpp88u,c06d584f-16fe-42a0-a5b0-281026bd6ca3,dfd6c39d-ffc1-4115-942a-8b07c09007e9,1,ghp,15,5765.0,3800.0,,,4745.329999999995,25.0,5545.0,0.8333333333333334,5.0,-0.3333333333333333,3,0,23.0,0.0,0.0,1,1,1,2,11.0,6.0,5.0,20.0,64.329,56.32899999999999,56.32899999999999,64.19,65.0,65.0,63.94,8,64.76,64.47,,-0.0088017294626313,7.041124999999999,0,0,7.041124999999999,1,1,4945.329999999995,0.046406055578598,0.5,0.0,0.5,0.0
qxgij9sh,gr27p5tr,c06d584f-16fe-42a0-a5b0-281026bd6ca3,b1b707e4-d832-44a3-9c9f-a683db402492,1,ghp,15,5642.0,2600.0,,,5428.080000000002,18.0,5532.0,0.5833333333333334,7.0,0.1166666666666665,3,0,19.0,1.0,1.0,1,1,1,2,0.0,7.0,-7.0,20.0,64.329,56.32899999999999,56.32899999999999,64.19,65.0,65.0,63.94,8,64.76,64.47,,-0.0088017294626313,7.041124999999999,0,0,7.041124999999999,1,1,5572.080000000002,0.046406055578598,0.0,0.0,1.0,0.0
qxgij9sh,e60078af,c06d584f-16fe-42a0-a5b0-281026bd6ca3,316252be-ca5a-49d1-8696-39b139312e4e,1,ghp,15,4972.0,3800.0,,,4225.27,34.0,4782.0,0.75,6.0,-0.15,10,0,21.0,0.0,0.0,1,1,1,2,2.0,0.0,2.0,20.0,64.329,56.32899999999999,56.32899999999999,64.19,65.0,65.0,63.94,8,64.76,64.47,,-0.0088017294626313,7.041124999999999,0,0,7.041124999999999,1,1,4497.27,0.046406055578598,0.5,0.0,0.5,0.0
