session_code,participant_code,market_uuid,trader_uuid,gamified,hybrid,algo_present,trading_day,payoff,initial_cash,forecast,forecast_confidence,current_cash,num_shares,algorithm_belief,trade_payoff,fin_quiz_score,self_assessment,overconfidence,cq_attempt_count,gender_female,age,finance_course,trading_experience,high_education,repetition,n_buys,n_sells,net_position,n_trades_market,avg_trade_price,avg_mispricing,avg_abs_mispricing,closing_price,opening_price,max_price,min_price,fundamental_value,price_L1,price_L2,price_next,return,abs_mispricing_ratio,surge,crash,normalized_mispricing,bubble_period,bubble_start,wealth_day,gini,feedback_flag,speculator_flag,fundamental_flag,other_flag
skdclskt,9bv3gi2y,6f73b226-f3d6-453b-bec2-d4fe1457f0e7,8f572d20-95a7-46ba-ba2a-8e808117b347,1,0,0,1,6097.0,2600.0,,,2600.0,21.0,,5887.0,0.9166666666666666,1,-0.8166666666666667,45,0,29,0,0,1,1,0.0,0.0,0.0,0.0,,,,,,,,120,,,9.0,,,0,0,,0,0,5120.0,0.0033200531208499337,0.0,1.0,0.0,0.0
skdclskt,1tnknpce,6f73b226-f3d6-453b-bec2-d4fe1457f0e7,0d49a0af-7711-49c1-a980-1ce4cb747f19,1,0,0,1,4685.0,3800.0,,,3800.0,10.0,,4575.0,0.75,7,-0.050000000000000044,3,0,18,0,1,1,1,0.0,0.0,0.0,0.0,,,,,,,,120,,,9.0,,,0,0,,0,0,5000.0,0.0033200531208499337,0.0,1.0,0.0,0.0
skdclskt,zkl94ida,6f73b226-f3d6-453b-bec2-d4fe1457f0e7,261c9bee-da67-4d1d-8144-87becb48c51d,1,0,0,1,7353.0,2600.0,,,2600.0,20.0,,7163.0,0.9166666666666666,5,-0.41666666666666663,1,0,18,0,0,0,1,0.0,0.0,0.0,0.0,,,,,,,,120,,,9.0,,,0,0,,0,0,5000.0,0.0033200531208499337,0.0,0.0,1.0,0.0
skdclskt,h7nk13vs,6f73b226-f3d6-453b-bec2-d4fe1457f0e7,f1ebfa30-9819-4739-bb3e-139f3ebb772b,1,0,0,1,5148.0,3800.0,,,3800.0,10.0,,5028.0,0.6666666666666666,4,-0.2666666666666666,4,1,19,1,0,0,1,0.0,0.0,0.0,0.0,,,,,,,,120,,,9.0,,,0,0,,0,0,5000.0,0.0033200531208499337,0.0,0.0,1.0,0.0
skdclskt,8rrxo8mh,6f73b226-f3d6-453b-bec2-d4fe1457f0e7,239c3d76-053a-40ec-a8c7-ed2420592ca4,1,0,0,1,5698.0,2600.0,,,2600.0,20.0,,5528.0,0.75,7,-0.050000000000000044,2,1,21,1,0,1,1,0.0,0.0,0.0,0.0,,,,,,,,120,,,9.0,,,0,0,,0,0,5000.0,0.0033200531208499337,0.0,1.0,0.0,0.0
skdclskt,53wkzdsp,6f73b226-f3d6-453b-bec2-d4fe1457f0e7,54ceb134-b66d-4f4f-8ffb-b677a3be5d9d,1,0,0,1,5089.0,3800.0,,,3800.0,10.0,,4929.0,0.8333333333333334,8,-0.033333333333333326,3,1,36,0,0,1,1,0.0,0.0,0.0,0.0,,,,,,,,120,,,9.0,,,0,0,,0,0,5000.0,0.0033200531208499337,1.0,0.0,0.0,0.0
skdclskt,2tmxyq59,07790da6-16e1-4c15-9884-8a76c7e84392,d9d68e96-849c-41c0-8094-a55ca3b3a355,1,0,0,1,5570.0,2600.0,,,2600.0,20.0,,5480.0,0.5833333333333334,7,0.11666666666666659,1,0,28,0,0,1,1,0.0,0.0,0.0,0.0,,,,,,,,120,,,,,,0,0,,0,0,5000.0,0.0,0.0,0.0,1.0,0.0
skdclskt,klvgct3w,07790da6-16e1-4c15-9884-8a76c7e84392,c97d7d05-3010-4231-8b4c-ad5e9ce763a8,1,0,0,1,5086.0,3800.0,,,3800.0,10.0,,4926.0,0.6666666666666666,7,0.033333333333333326,2,1,19,0,0,0,1,0.0,0.0,0.0,0.0,,,,,,,,120,,,,,,0,0,,0,0,5000.0,0.0,0.0,0.0,0.0,1.0
skdclskt,fa5fpl4w,07790da6-16e1-4c15-9884-8a76c7e84392,804b1c25-e400-485b-a0e0-2371a4903700,1,0,0,1,5251.0,2600.0,,,2600.0,20.0,,5161.0,0.75,0,-0.75,6,1,28,0,0,1,1,0.0,0.0,0.0,0.0,,,,,,,,120,,,,,,0,0,,0,0,5000.0,0.0,0.0,0.0,0.0,1.0
skdclskt,0sa5xwid,07790da6-16e1-4c15-9884-8a76c7e84392,7b242fc9-bd1b-4836-a718-b85e1c1a176b,1,0,0,1,5140.0,3800.0,,,3800.0,10.0,,5050.0,0.5833333333333334,1,-0.4833333333333334,1,1,18,0,0,1,1,0.0,0.0,0.0,0.0,,,,,,,,120,,,,,,0,0,,0,0,5000.0,0.0,0.0,1.0,0.0,0.0
skdclskt,w5nuyib0,07790da6-16e1-4c15-9884-8a76c7e84392,29625c5b-f726-4de1-8b9e-9c49743b4cab,1,0,0,1,4813.0,2600.0,,,2600.0,20.0,,4773.0,0.3333333333333333,3,-0.033333333333333326,1,1,18,0,0,1,1,0.0,0.0,0.0,0.0,,,,,,,,120,,,,,,0,0,,0,0,5000.0,0.0,0.0,0.0,0.0,1.0
skdclskt,s1twfhpt,07790da6-16e1-4c15-9884-8a76c7e84392,4b51a285-57d1-4d32-aa02-d36f8179ed63,1,0,0,1,4871.0,3800.0,,,3800.0,10.0,,4661.0,0.9166666666666666,6,-0.31666666666666665,1,1,21,1,1,1,1,0.0,0.0,0.0,0.0,,,,,,,,120,,,,,,0,0,,0,0,5000.0,0.0,1.0,0.0,0.0,0.0
skdclskt,tqeatlds,fd183cda-64d7-4787-9044-20debaf104a5,28c69508-f4f9-4c0e-a6a0-a4d5b22b7830,0,0,0,1,5561.0,2600.0,,,2600.0,20.0,,5351.0,0.75,7,-0.050000000000000044,2,1,19,0,0,1,1,0.0,0.0,0.0,0.0,,,,,,,,120,,,,,,0,0,,0,0,5000.0,0.0,0.0,0.0,1.0,0.0
skdclskt,nu7ykbgx,fd183cda-64d7-4787-9044-20debaf104a5,240f44aa-0d38-416e-a4df-3e0d3cc49536,0,0,0,1,5985.0,3800.0,,,3800.0,10.0,,5815.0,0.9166666666666666,5,-0.41666666666666663,1,0,28,1,1,1,1,0.0,0.0,0.0,0.0,,,,,,,,120,,,,,,0,0,,0,0,5000.0,0.0,0.0,0.0,1.0,0.0
skdclskt,su76nhj9,fd183cda-64d7-4787-9044-20debaf104a5,9386577d-20fa-4927-a27d-261b95e06a71,0,0,0,1,5506.0,2600.0,,,2600.0,20.0,,5386.0,0.6666666666666666,7,0.033333333333333326,4,0,23,1,1,1,1,0.0,0.0,0.0,0.0,,,,,,,,120,,,,,,0,0,,0,0,5000.0,0.0,1.0,0.0,0.0,0.0
skdclskt,c2m857p1,fd183cda-64d7-4787-9044-20debaf104a5,ec5338be-31ec-409f-8fe0-d044c43f333a,0,0,0,1,5566.0,3800.0,,,3800.0,10.0,,5356.0,0.9166666666666666,5,-0.41666666666666663,1,1,21,1,1,0,1,0.0,0.0,0.0,0.0,,,,,,,,120,,,,,,0,0,,0,0,5000.0,0.0,1.0,0.0,0.0,0.0
skdclskt,r6xuxcar,fd183cda-64d7-4787-9044-20debaf104a5,af4b90ba-123e-40d8-8867-b4991469cd39,0,0,0,1,4396.0,2600.0,,,2600.0,20.0,,4226.0,0.75,7,-0.050000000000000044,9,1,21,1,1,1,1,0.0,0.0,0.0,0.0,,,,,,,,120,,,,,,0,0,,0,0,5000.0,0.0,0.0,0.0,1.0,0.0
skdclskt,2y2lzizt,fd183cda-64d7-4787-9044-20debaf104a5,8d9117f6-c825-440d-86c0-64b78e6ca745,0,0,0,1,4734.0,3800.0,,,3800.0,10.0,,4534.0,0.8333333333333334,2,-0.6333333333333333,3,1,34,1,1,1,1,0.0,0.0,0.0,0.0,,,,,,,,120,,,,,,0,0,,0,0,5000.0,0.0,1.0,0.0,0.0,0.0
skdclskt,0qc91a5a,761eb99e-1c3d-45b4-81f7-8e5171ffd767,55c5cbcc-f638-40ab-a1b6-dbe37fa8f72a,0,0,0,1,6523.0,2600.0,,,2600.0,20.0,,6423.0,0.8333333333333334,7,-0.13333333333333341,1,1,35,1,1,1,1,0.0,0.0,0.0,0.0,,,,,,,,120,,,,,,0,0,,0,0,5000.0,0.0,0.0,0.0,1.0,0.0
skdclskt,2vy9s3px,761eb99e-1c3d-45b4-81f7-8e5171ffd767,d0d3f9d6-0176-4278-9bff-7f8b809b6060,0,0,0,1,5050.0,3800.0,,,3800.0,10.0,,4920.0,0.9166666666666666,8,-0.11666666666666659,2,0,21,0,0,1,1,0.0,0.0,0.0,0.0,,,,,,,,120,,,,,,0,0,,0,0,5000.0,0.0,0.0,0.0,0.0,1.0
skdclskt,87uw2jck,761eb99e-1c3d-45b4-81f7-8e5171ffd767,83ea937e-d412-4809-a354-3f08485f32fe,0,0,0,1,5633.0,2600.0,,,2600.0,20.0,,5523.0,0.9166666666666666,6,-0.31666666666666665,2,0,22,1,1,1,1,0.0,0.0,0.0,0.0,,,,,,,,120,,,,,,0,0,,0,0,5000.0,0.0,0.0,1.0,0.0,0.0
skdclskt,3ftocepp,761eb99e-1c3d-45b4-81f7-8e5171ffd767,93e6dd41-cfb5-4bb9-975b-e548014b48e6,0,0,0,1,5815.0,3800.0,,,3800.0,10.0,,5725.0,0.75,6,-0.15000000000000002,3,1,19,0,1,1,1,0.0,0.0,0.0,0.0,,,,,,,,120,,,,,,0,0,,0,0,5000.0,0.0,0.0,1.0,0.0,0.0
skdclskt,xz3dh0k4,761eb99e-1c3d-45b4-81f7-8e5171ffd767,b5055fcc-e732-4b8e-bd98-e6bfe626b3db,0,0,0,1,5047.0,2600.0,,,2600.0,20.0,,4927.0,0.6666666666666666,4,-0.2666666666666666,2,1,22,1,0,1,1,0.0,0.0,0.0,0.0,,,,,,,,120,,,,,,0,0,,0,0,5000.0,0.0,0.5,0.0,0.5,0.0
skdclskt,x7l4wbwx,761eb99e-1c3d-45b4-81f7-8e5171ffd767,18f4a824-eb92-48ce-a99f-c0cb78a57cf2,0,0,0,1,5091.0,3800.0,,,3800.0,10.0,,4961.0,0.75,4,-0.35,3,0,20,1,1,0,1,0.0,0.0,0.0,0.0,,,,,,,,120,,,,,,0,0,,0,0,5000.0,0.0,0.5,0.0,0.5,0.0
skdclskt,9bv3gi2y,6f73b226-f3d6-453b-bec2-d4fe1457f0e7,8f572d20-95a7-46ba-ba2a-8e808117b347,1,0,0,2,6097.0,2600.0,,,2777.0,19.0,,5887.0,0.9166666666666666,1,-0.8166666666666667,45,0,29,0,0,1,1,0.0,1.0,-1.0,3.0,9.333333333333334,-102.66666666666667,102.66666666666667,9.0,9.0,10.0,9.0,112,,,95.0,,0.9166666666666667,0,0,-0.9166666666666667,0,0,4905.0,0.010108415533635475,0.0,1.0,0.0,0.0
skdclskt,1tnknpce,6f73b226-f3d6-453b-bec2-d4fe1457f0e7,0d49a0af-7711-49c1-a980-1ce4cb747f19,1,0,0,2,4685.0,3800.0,,,3880.0,10.0,,4575.0,0.75,7,-0.050000000000000044,3,0,18,0,1,1,1,0.0,0.0,0.0,3.0,9.333333333333334,-102.66666666666667,102.66666666666667,9.0,9.0,10.0,9.0,112,,,95.0,,0.9166666666666667,0,0,-0.9166666666666667,0,0,5000.0,0.010108415533635475,0.0,1.0,0.0,0.0
skdclskt,zkl94ida,6f73b226-f3d6-453b-bec2-d4fe1457f0e7,261c9bee-da67-4d1d-8144-87becb48c51d,1,0,0,2,7353.0,2600.0,,,2741.0,22.0,,7163.0,0.9166666666666666,5,-0.41666666666666663,1,0,18,0,0,0,1,2.0,0.0,2.0,3.0,9.333333333333334,-102.66666666666667,102.66666666666667,9.0,9.0,10.0,9.0,112,,,95.0,,0.9166666666666667,0,0,-0.9166666666666667,0,0,5205.0,0.010108415533635475,0.0,0.0,1.0,0.0
skdclskt,h7nk13vs,6f73b226-f3d6-453b-bec2-d4fe1457f0e7,f1ebfa30-9819-4739-bb3e-139f3ebb772b,1,0,0,2,5148.0,3800.0,,,3880.0,10.0,,5028.0,0.6666666666666666,4,-0.2666666666666666,4,1,19,1,0,0,1,0.0,0.0,0.0,3.0,9.333333333333334,-102.66666666666667,102.66666666666667,9.0,9.0,10.0,9.0,112,,,95.0,,0.9166666666666667,0,0,-0.9166666666666667,0,0,5000.0,0.010108415533635475,0.0,0.0,1.0,0.0
skdclskt,8rrxo8mh,6f73b226-f3d6-453b-bec2-d4fe1457f0e7,239c3d76-053a-40ec-a8c7-ed2420592ca4,1,0,0,2,5698.0,2600.0,,,2760.0,20.0,,5528.0,0.75,7,-0.050000000000000044,2,1,21,1,0,1,1,1.0,1.0,0.0,3.0,9.333333333333334,-102.66666666666667,102.66666666666667,9.0,9.0,10.0,9.0,112,,,95.0,,0.9166666666666667,0,0,-0.9166666666666667,0,0,5000.0,0.010108415533635475,0.0,1.0,0.0,0.0
skdclskt,53wkzdsp,6f73b226-f3d6-453b-bec2-d4fe1457f0e7,54ceb134-b66d-4f4f-8ffb-b677a3be5d9d,1,0,0,2,5089.0,3800.0,,,3890.0,9.0,,4929.0,0.8333333333333334,8,-0.033333333333333326,3,1,36,0,0,1,1,0.0,1.0,-1.0,3.0,9.333333333333334,-102.66666666666667,102.66666666666667,9.0,9.0,10.0,9.0,112,,,95.0,,0.9166666666666667,0,0,-0.9166666666666667,0,0,4898.0,0.010108415533635475,1.0,0.0,0.0,0.0
skdclskt,2tmxyq59,07790da6-16e1-4c15-9884-8a76c7e84392,d9d68e96-849c-41c0-8094-a55ca3b3a355,1,0,0,2,5570.0,2600.0,,,2760.0,20.0,,5480.0,0.5833333333333334,7,0.11666666666666659,1,0,28,0,0,1,1,0.0,0.0,0.0,0.0,,,,,,,,112,,,100.0,,,0,0,,0,0,5000.0,0.0030995394969890186,0.0,0.0,1.0,0.0
skdclskt,klvgct3w,07790da6-16e1-4c15-9884-8a76c7e84392,c97d7d05-3010-4231-8b4c-ad5e9ce763a8,1,0,0,2,5086.0,3800.0,,,3880.0,11.0,,4926.0,0.6666666666666666,7,0.033333333333333326,2,1,19,0,0,0,1,0.0,0.0,0.0,0.0,,,,,,,,112,,,100.0,,,0,0,,0,0,5112.0,0.0030995394969890186,0.0,0.0,0.0,1.0
skdclskt,fa5fpl4w,07790da6-16e1-4c15-9884-8a76c7e84392,804b1c25-e400-485b-a0e0-2371a4903700,1,0,0,2,5251.0,2600.0,,,2760.0,20.0,,5161.0,0.75,0,-0.75,6,1,28,0,0,1,1,0.0,0.0,0.0,0.0,,,,,,,,112,,,100.0,,,0,0,,0,0,5000.0,0.0030995394969890186,0.0,0.0,0.0,1.0
skdclskt,0sa5xwid,07790da6-16e1-4c15-9884-8a76c7e84392,7b242fc9-bd1b-4836-a718-b85e1c1a176b,1,0,0,2,5140.0,3800.0,,,3880.0,10.0,,5050.0,0.5833333333333334,1,-0.4833333333333334,1,1,18,0,0,1,1,0.0,0.0,0.0,0.0,,,,,,,,112,,,100.0,,,0,0,,0,0,5000.0,0.0030995394969890186,0.0,1.0,0.0,0.0
skdclskt,w5nuyib0,07790da6-16e1-4c15-9884-8a76c7e84392,29625c5b-f726-4de1-8b9e-9c49743b4cab,1,0,0,2,4813.0,2600.0,,,2760.0,20.0,,4773.0,0.3333333333333333,3,-0.033333333333333326,1,1,18,0,0,1,1,0.0,0.0,0.0,0.0,,,,,,,,112,,,100.0,,,0,0,,0,0,5000.0,0.0030995394969890186,0.0,0.0,0.0,1.0
skdclskt,s1twfhpt,07790da6-16e1-4c15-9884-8a76c7e84392,4b51a285-57d1-4d32-aa02-d36f8179ed63,1,0,0,2,4871.0,3800.0,,,3880.0,10.0,,4661.0,0.9166666666666666,6,-0.31666666666666665,1,1,21,1,1,1,1,0.0,0.0,0.0,0.0,,,,,,,,112,,,100.0,,,0,0,,0,0,5000.0,0.0030995394969890186,1.0,0.0,0.0,0.0
skdclskt,tqeatlds,fd183cda-64d7-4787-9044-20debaf104a5,28c69508-f4f9-4c0e-a6a0-a4d5b22b7830,0,0,0,2,5561.0,2600.0,,,2760.0,20.0,,5351.0,0.75,7,-0.050000000000000044,2,1,19,0,0,1,1,0.0,0.0,0.0,0.0,,,,,,,,112,,,,,,0,0,,0,0,5000.0,0.0,0.0,0.0,1.0,0.0
skdclskt,nu7ykbgx,fd183cda-64d7-4787-9044-20debaf104a5,240f44aa-0d38-416e-a4df-3e0d3cc49536,0,0,0,2,5985.0,3800.0,,,3880.0,10.0,,5815.0,0.9166666666666666,5,-0.41666666666666663,1,0,28,1,1,1,1,0.0,0.0,0.0,0.0,,,,,,,,112,,,,,,0,0,,0,0,5000.0,0.0,0.0,0.0,1.0,0.0
skdclskt,su76nhj9,fd183cda-64d7-4787-9044-20debaf104a5,9386577d-20fa-4927-a27d-261b95e06a71,0,0,0,2,5506.0,2600.0,,,2760.0,20.0,,5386.0,0.6666666666666666,7,0.033333333333333326,4,0,23,1,1,1,1,0.0,0.0,0.0,0.0,,,,,,,,112,,,,,,0,0,,0,0,5000.0,0.0,1.0,0.0,0.0,0.0
skdclskt,c2m857p1,fd183cda-64d7-4787-9044-20debaf104a5,ec5338be-31ec-409f-8fe0-d044c43f333a,0,0,0,2,5566.0,3800.0,,,3880.0,10.0,,5356.0,0.9166666666666666,5,-0.41666666666666663,1,1,21,1,1,0,1,0.0,0.0,0.0,0.0,,,,,,,,112,,,,,,0,0,,0,0,5000.0,0.0,1.0,0.0,0.0,0.0
skdclskt,r6xuxcar,fd183cda-64d7-4787-9044-20debaf104a5,af4b90ba-123e-40d8-8867-b4991469cd39,0,0,0,2,4396.0,2600.0,,,2760.0,20.0,,4226.0,0.75,7,-0.050000000000000044,9,1,21,1,1,1,1,0.0,0.0,0.0,0.0,,,,,,,,112,,,,,,0,0,,0,0,5000.0,0.0,0.0,0.0,1.0,0.0
skdclskt,2y2lzizt,fd183cda-64d7-4787-9044-20debaf104a5,8d9117f6-c825-440d-86c0-64b78e6ca745,0,0,0,2,4734.0,3800.0,,,3880.0,10.0,,4534.0,0.8333333333333334,2,-0.6333333333333333,3,1,34,1,1,1,1,0.0,0.0,0.0,0.0,,,,,,,,112,,,,,,0,0,,0,0,5000.0,0.0,1.0,0.0,0.0,0.0
skdclskt,0qc91a5a,761eb99e-1c3d-45b4-81f7-8e5171ffd767,55c5cbcc-f638-40ab-a1b6-dbe37fa8f72a,0,0,0,2,6523.0,2600.0,,,2760.0,20.0,,6423.0,0.8333333333333334,7,-0.13333333333333341,1,1,35,1,1,1,1,0.0,0.0,0.0,0.0,,,,,,,,112,,,,,,0,0,,0,0,5000.0,0.0,0.0,0.0,1.0,0.0
skdclskt,2vy9s3px,761eb99e-1c3d-45b4-81f7-8e5171ffd767,d0d3f9d6-0176-4278-9bff-7f8b809b6060,0,0,0,2,5050.0,3800.0,,,3880.0,10.0,,4920.0,0.9166666666666666,8,-0.11666666666666659,2,0,21,0,0,1,1,0.0,0.0,0.0,0.0,,,,,,,,112,,,,,,0,0,,0,0,5000.0,0.0,0.0,0.0,0.0,1.0
skdclskt,87uw2jck,761eb99e-1c3d-45b4-81f7-8e5171ffd767,83ea937e-d412-4809-a354-3f08485f32fe,0,0,0,2,5633.0,2600.0,,,2760.0,20.0,,5523.0,0.9166666666666666,6,-0.31666666666666665,2,0,22,1,1,1,1,0.0,0.0,0.0,0.0,,,,,,,,112,,,,,,0,0,,0,0,5000.0,0.0,0.0,1.0,0.0,0.0
skdclskt,3ftocepp,761eb99e-1c3d-45b4-81f7-8e5171ffd767,93e6dd41-cfb5-4bb9-975b-e548014b48e6,0,0,0,2,5815.0,3800.0,,,3880.0,10.0,,5725.0,0.75,6,-0.15000000000000002,3,1,19,0,1,1,1,0.0,0.0,0.0,0.0,,,,,,,,112,,,,,,0,0,,0,0,5000.0,0.0,0.0,1.0,0.0,0.0
skdclskt,xz3dh0k4,761eb99e-1c3d-45b4-81f7-8e5171ffd767,b5055fcc-e732-4b8e-bd98-e6bfe626b3db,0,0,0,2,5047.0,2600.0,,,2760.0,20.0,,4927.0,0.6666666666666666,4,-0.2666666666666666,2,1,22,1,0,1,1,0.0,0.0,0.0,0.0,,,,,,,,112,,,,,,0,0,,0,0,5000.0,0.0,0.5,0.0,0.5,0.0
skdclskt,x7l4wbwx,761eb99e-1c3d-45b4-81f7-8e5171ffd767,18f4a824-eb92-48ce-a99f-c0cb78a57cf2,0,0,0,2,5091.0,3800.0,,,3880.0,10.0,,4961.0,0.75,4,-0.35,3,0,20,1,1,0,1,0.0,0.0,0.0,0.0,,,,,,,,112,,,,,,0,0,,0,0,5000.0,0.0,0.5,0.0,0.5,0.0
skdclskt,9bv3gi2y,6f73b226-f3d6-453b-bec2-d4fe1457f0e7,8f572d20-95a7-46ba-ba2a-8e808117b347,1,0,0,3,6097.0,2600.0,0.0,0.0,2941.0,18.0,,5887.0,0.9166666666666666,1,-0.8166666666666667,45,0,29,0,0,1,1,0.0,1.0,-1.0,8.0,22.25,-81.75,81.75,95.0,10.0,95.0,9.0,104,9.0,,45.13,9.555555555555555,0.7860576923076923,1,0,-0.7860576923076923,0,0,4813.0,0.034534683611331746,0.0,1.0,0.0,0.0
skdclskt,1tnknpce,6f73b226-f3d6-453b-bec2-d4fe1457f0e7,0d49a0af-7711-49c1-a980-1ce4cb747f19,1,0,0,3,4685.0,3800.0,0.0,0.0,3993.0,7.0,,4575.0,0.75,7,-0.050000000000000044,3,0,18,0,1,1,1,0.0,3.0,-3.0,8.0,22.25,-81.75,81.75,95.0,10.0,95.0,9.0,104,9.0,,45.13,9.555555555555555,0.7860576923076923,1,0,-0.7860576923076923,0,0,4721.0,0.034534683611331746,0.0,1.0,0.0,0.0
skdclskt,zkl94ida,6f73b226-f3d6-453b-bec2-d4fe1457f0e7,261c9bee-da67-4d1d-8144-87becb48c51d,1,0,0,3,7353.0,2600.0,40.0,1.0,2958.0,27.0,,7163.0,0.9166666666666666,5,-0.41666666666666663,1,0,18,0,0,0,1,5.0,1.0,4.0,8.0,22.25,-81.75,81.75,95.0,10.0,95.0,9.0,104,9.0,,45.13,9.555555555555555,0.7860576923076923,1,0,-0.7860576923076923,0,0,5766.0,0.034534683611331746,0.0,0.0,1.0,0.0
skdclskt,h7nk13vs,6f73b226-f3d6-453b-bec2-d4fe1457f0e7,f1ebfa30-9819-4739-bb3e-139f3ebb772b,1,0,0,3,5148.0,3800.0,0.0,0.0,3888.5,9.0,,5028.0,0.6666666666666666,4,-0.2666666666666666,4,1,19,1,0,0,1,1.0,2.0,-1.0,8.0,22.25,-81.75,81.75,95.0,10.0,95.0,9.0,104,9.0,,45.13,9.555555555555555,0.7860576923076923,1,0,-0.7860576923076923,0,0,4824.5,0.034534683611331746,0.0,0.0,1.0,0.0
skdclskt,8rrxo8mh,6f73b226-f3d6-453b-bec2-d4fe1457f0e7,239c3d76-053a-40ec-a8c7-ed2420592ca4,1,0,0,3,5698.0,2600.0,0.0,0.0,2920.0,21.0,,5528.0,0.75,7,-0.050000000000000044,2,1,21,1,0,1,1,1.0,1.0,0.0,8.0,22.25,-81.75,81.75,95.0,10.0,95.0,9.0,104,9.0,,45.13,9.555555555555555,0.7860576923076923,1,0,-0.7860576923076923,0,0,5104.0,0.034534683611331746,0.0,1.0,0.0,0.0
skdclskt,53wkzdsp,6f73b226-f3d6-453b-bec2-d4fe1457f0e7,54ceb134-b66d-4f4f-8ffb-b677a3be5d9d,1,0,0,3,5089.0,3800.0,0.0,0.0,3947.5,10.0,,4929.0,0.8333333333333334,8,-0.033333333333333326,3,1,36,0,0,1,1,1.0,0.0,1.0,8.0,22.25,-81.75,81.75,95.0,10.0,95.0,9.0,104,9.0,,45.13,9.555555555555555,0.7860576923076923,1,0,-0.7860576923076923,0,0,4987.5,0.034534683611331746,1.0,0.0,0.0,0.0
skdclskt,2tmxyq59,07790da6-16e1-4c15-9884-8a76c7e84392,d9d68e96-849c-41c0-8094-a55ca3b3a355,1,0,0,3,5570.0,2600.0,0.0,0.0,2920.0,20.0,,5480.0,0.5833333333333334,7,0.11666666666666659,1,0,28,0,0,1,1,0.0,0.0,0.0,2.0,100.0,-4.0,4.0,100.0,100.0,100.0,100.0,104,,,100.0,,0.038461538461538464,0,0,-0.038461538461538464,0,0,5000.0,0.0004887585532746823,0.0,0.0,1.0,0.0
skdclskt,klvgct3w,07790da6-16e1-4c15-9884-8a76c7e84392,c97d7d05-3010-4231-8b4c-ad5e9ce763a8,1,0,0,3,5086.0,3800.0,0.0,0.0,3968.0,10.0,,4926.0,0.6666666666666666,7,0.033333333333333326,2,1,19,0,0,0,1,0.0,0.0,0.0,2.0,100.0,-4.0,4.0,100.0,100.0,100.0,100.0,104,,,100.0,,0.038461538461538464,0,0,-0.038461538461538464,0,0,5008.0,0.0004887585532746823,0.0,0.0,0.0,1.0
skdclskt,fa5fpl4w,07790da6-16e1-4c15-9884-8a76c7e84392,804b1c25-e400-485b-a0e0-2371a4903700,1,0,0,3,5251.0,2600.0,0.0,0.0,3020.0,19.0,,5161.0,0.75,0,-0.75,6,1,28,0,0,1,1,0.0,1.0,-1.0,2.0,100.0,-4.0,4.0,100.0,100.0,100.0,100.0,104,,,100.0,,0.038461538461538464,0,0,-0.038461538461538464,0,0,4996.0,0.0004887585532746823,0.0,0.0,0.0,1.0
skdclskt,0sa5xwid,07790da6-16e1-4c15-9884-8a76c7e84392,7b242fc9-bd1b-4836-a718-b85e1c1a176b,1,0,0,3,5140.0,3800.0,0.0,0.0,3860.0,11.0,,5050.0,0.5833333333333334,1,-0.4833333333333334,1,1,18,0,0,1,1,1.0,0.0,1.0,2.0,100.0,-4.0,4.0,100.0,100.0,100.0,100.0,104,,,100.0,,0.038461538461538464,0,0,-0.038461538461538464,0,0,5004.0,0.0004887585532746823,0.0,1.0,0.0,0.0
skdclskt,w5nuyib0,07790da6-16e1-4c15-9884-8a76c7e84392,29625c5b-f726-4de1-8b9e-9c49743b4cab,1,0,0,3,4813.0,2600.0,0.0,0.0,3020.0,19.0,,4773.0,0.3333333333333333,3,-0.033333333333333326,1,1,18,0,0,1,1,0.0,1.0,-1.0,2.0,100.0,-4.0,4.0,100.0,100.0,100.0,100.0,104,,,100.0,,0.038461538461538464,0,0,-0.038461538461538464,0,0,4996.0,0.0004887585532746823,0.0,0.0,0.0,1.0
skdclskt,s1twfhpt,07790da6-16e1-4c15-9884-8a76c7e84392,4b51a285-57d1-4d32-aa02-d36f8179ed63,1,0,0,3,4871.0,3800.0,0.0,0.0,3860.0,11.0,,4661.0,0.9166666666666666,6,-0.31666666666666665,1,1,21,1,1,1,1,1.0,0.0,1.0,2.0,100.0,-4.0,4.0,100.0,100.0,100.0,100.0,104,,,100.0,,0.038461538461538464,0,0,-0.038461538461538464,0,0,5004.0,0.0004887585532746823,1.0,0.0,0.0,0.0
skdclskt,tqeatlds,fd183cda-64d7-4787-9044-20debaf104a5,28c69508-f4f9-4c0e-a6a0-a4d5b22b7830,0,0,0,3,5561.0,2600.0,120.0,3.0,2920.0,20.0,,5351.0,0.75,7,-0.050000000000000044,2,1,19,0,0,1,1,0.0,0.0,0.0,0.0,,,,,,,,104,,,6.0,,,0,0,,0,0,5000.0,0.0,0.0,0.0,1.0,0.0
skdclskt,nu7ykbgx,fd183cda-64d7-4787-9044-20debaf104a5,240f44aa-0d38-416e-a4df-3e0d3cc49536,0,0,0,3,5985.0,3800.0,0.0,0.0,3960.0,10.0,,5815.0,0.9166666666666666,5,-0.41666666666666663,1,0,28,1,1,1,1,0.0,0.0,0.0,0.0,,,,,,,,104,,,6.0,,,0,0,,0,0,5000.0,0.0,0.0,0.0,1.0,0.0
skdclskt,su76nhj9,fd183cda-64d7-4787-9044-20debaf104a5,9386577d-20fa-4927-a27d-261b95e06a71,0,0,0,3,5506.0,2600.0,0.0,0.0,2920.0,20.0,,5386.0,0.6666666666666666,7,0.033333333333333326,4,0,23,1,1,1,1,0.0,0.0,0.0,0.0,,,,,,,,104,,,6.0,,,0,0,,0,0,5000.0,0.0,1.0,0.0,0.0,0.0
skdclskt,c2m857p1,fd183cda-64d7-4787-9044-20debaf104a5,ec5338be-31ec-409f-8fe0-d044c43f333a,0,0,0,3,5566.0,3800.0,0.0,0.0,3960.0,10.0,,5356.0,0.9166666666666666,5,-0.41666666666666663,1,1,21,1,1,0,1,0.0,0.0,0.0,0.0,,,,,,,,104,,,6.0,,,0,0,,0,0,5000.0,0.0,1.0,0.0,0.0,0.0
skdclskt,r6xuxcar,fd183cda-64d7-4787-9044-20debaf104a5,af4b90ba-123e-40d8-8867-b4991469cd39,0,0,0,3,4396.0,2600.0,0.0,0.0,2920.0,20.0,,4226.0,0.75,7,-0.050000000000000044,9,1,21,1,1,1,1,0.0,0.0,0.0,0.0,,,,,,,,104,,,6.0,,,0,0,,0,0,5000.0,0.0,0.0,0.0,1.0,0.0
skdclskt,2y2lzizt,fd183cda-64d7-4787-9044-20debaf104a5,8d9117f6-c825-440d-86c0-64b78e6ca745,0,0,0,3,4734.0,3800.0,0.0,0.0,3960.0,10.0,,4534.0,0.8333333333333334,2,-0.6333333333333333,3,1,34,1,1,1,1,0.0,0.0,0.0,0.0,,,,,,,,104,,,6.0,,,0,0,,0,0,5000.0,0.0,1.0,0.0,0.0,0.0
skdclskt,0qc91a5a,761eb99e-1c3d-45b4-81f7-8e5171ffd767,55c5cbcc-f638-40ab-a1b6-dbe37fa8f72a,0,0,0,3,6523.0,2600.0,0.0,0.0,2920.0,20.0,,6423.0,0.8333333333333334,7,-0.13333333333333341,1,1,35,1,1,1,1,0.0,0.0,0.0,0.0,,,,,,,,104,,,140.0,,,0,0,,0,0,5000.0,0.0,0.0,0.0,1.0,0.0
skdclskt,2vy9s3px,761eb99e-1c3d-45b4-81f7-8e5171ffd767,d0d3f9d6-0176-4278-9bff-7f8b809b6060,0,0,0,3,5050.0,3800.0,0.0,0.0,3960.0,10.0,,4920.0,0.9166666666666666,8,-0.11666666666666659,2,0,21,0,0,1,1,0.0,0.0,0.0,0.0,,,,,,,,104,,,140.0,,,0,0,,0,0,5000.0,0.0,0.0,0.0,0.0,1.0
skdclskt,87uw2jck,761eb99e-1c3d-45b4-81f7-8e5171ffd767,83ea937e-d412-4809-a354-3f08485f32fe,0,0,0,3,5633.0,2600.0,0.0,0.0,2920.0,20.0,,5523.0,0.9166666666666666,6,-0.31666666666666665,2,0,22,1,1,1,1,0.0,0.0,0.0,0.0,,,,,,,,104,,,140.0,,,0,0,,0,0,5000.0,0.0,0.0,1.0,0.0,0.0
skdclskt,3ftocepp,761eb99e-1c3d-45b4-81f7-8e5171ffd767,93e6dd41-cfb5-4bb9-975b-e548014b48e6,0,0,0,3,5815.0,3800.0,0.0,0.0,3960.0,10.0,,5725.0,0.75,6,-0.15000000000000002,3,1,19,0,1,1,1,0.0,0.0,0.0,0.0,,,,,,,,104,,,140.0,,,0,0,,0,0,5000.0,0.0,0.0,1.0,0.0,0.0
skdclskt,xz3dh0k4,761eb99e-1c3d-45b4-81f7-8e5171ffd767,b5055fcc-e732-4b8e-bd98-e6bfe626b3db,0,0,0,3,5047.0,2600.0,0.0,0.0,2920.0,20.0,,4927.0,0.6666666666666666,4,-0.2666666666666666,2,1,22,1,0,1,1,0.0,0.0,0.0,0.0,,,,,,,,104,,,140.0,,,0,0,,0,0,5000.0,0.0,0.5,0.0,0.5,0.0
skdclskt,x7l4wbwx,761eb99e-1c3d-45b4-81f7-8e5171ffd767,18f4a824-eb92-48ce-a99f-c0cb78a57cf2,0,0,0,3,5091.0,3800.0,0.0,0.0,3960.0,10.0,,4961.0,0.75,4,-0.35,3,0,20,1,1,0,1,0.0,0.0,0.0,0.0,,,,,,,,104,,,140.0,,,0,0,,0,0,5000.0,0.0,0.5,0.0,0.5,0.0
skdclskt,9bv3gi2y,6f73b226-f3d6-453b-bec2-d4fe1457f0e7,8f572d20-95a7-46ba-ba2a-8e808117b347,1,0,0,4,6097.0,2600.0,,,3281.0,20.0,,5887.0,0.9166666666666666,1,-0.8166666666666667,45,0,29,0,0,1,1,1.0,0.0,1.0,6.0,39.47166666666667,-56.528333333333336,56.528333333333336,45.13,20.0,58.63,20.0,96,95.0,9.0,55.0,-0.5249473684210526,0.5888368055555556,0,0,-0.5888368055555555,0,0,5201.0,0.04444106977136588,0.0,1.0,0.0,0.0
skdclskt,1tnknpce,6f73b226-f3d6-453b-bec2-d4fe1457f0e7,0d49a0af-7711-49c1-a980-1ce4cb747f19,1,0,0,4,4685.0,3800.0,,,4133.0,8.0,,4575.0,0.75,7,-0.050000000000000044,3,0,18,0,1,1,1,0.0,0.0,0.0,6.0,39.47166666666667,-56.528333333333336,56.528333333333336,45.13,20.0,58.63,20.0,96,95.0,9.0,55.0,-0.5249473684210526,0.5888368055555556,0,0,-0.5888368055555555,0,0,4901.0,0.04444106977136588,0.0,1.0,0.0,0.0
skdclskt,zkl94ida,6f73b226-f3d6-453b-bec2-d4fe1457f0e7,261c9bee-da67-4d1d-8144-87becb48c51d,1,0,0,4,7353.0,2600.0,,,3394.24,29.0,,7163.0,0.9166666666666666,5,-0.41666666666666663,1,0,18,0,0,0,1,2.0,0.0,2.0,6.0,39.47166666666667,-56.528333333333336,56.528333333333336,45.13,20.0,58.63,20.0,96,95.0,9.0,55.0,-0.5249473684210526,0.5888368055555556,0,0,-0.5888368055555555,0,0,6178.24,0.04444106977136588,0.0,0.0,1.0,0.0
skdclskt,h7nk13vs,6f73b226-f3d6-453b-bec2-d4fe1457f0e7,f1ebfa30-9819-4739-bb3e-139f3ebb772b,1,0,0,4,5148.0,3800.0,,,4110.6900000000005,8.0,,5028.0,0.6666666666666666,4,-0.2666666666666666,4,1,19,1,0,0,1,1.0,2.0,-1.0,6.0,39.47166666666667,-56.528333333333336,56.528333333333336,45.13,20.0,58.63,20.0,96,95.0,9.0,55.0,-0.5249473684210526,0.5888368055555556,0,0,-0.5888368055555555,0,0,4878.6900000000005,0.04444106977136588,0.0,0.0,1.0,0.0
skdclskt,8rrxo8mh,6f73b226-f3d6-453b-bec2-d4fe1457f0e7,239c3d76-053a-40ec-a8c7-ed2420592ca4,1,0,0,4,5698.0,2600.0,,,3262.37,23.0,,5528.0,0.75,7,-0.050000000000000044,2,1,21,1,0,1,1,2.0,0.0,2.0,6.0,39.47166666666667,-56.528333333333336,56.528333333333336,45.13,20.0,58.63,20.0,96,95.0,9.0,55.0,-0.5249473684210526,0.5888368055555556,0,0,-0.5888368055555555,0,0,5470.37,0.04444106977136588,0.0,1.0,0.0,0.0
skdclskt,53wkzdsp,6f73b226-f3d6-453b-bec2-d4fe1457f0e7,54ceb134-b66d-4f4f-8ffb-b677a3be5d9d,1,0,0,4,5089.0,3800.0,,,4306.7,7.0,,4929.0,0.8333333333333334,8,-0.033333333333333326,3,1,36,0,0,1,1,0.0,4.0,-4.0,6.0,39.47166666666667,-56.528333333333336,56.528333333333336,45.13,20.0,58.63,20.0,96,95.0,9.0,55.0,-0.5249473684210526,0.5888368055555556,0,0,-0.5888368055555555,0,0,4978.7,0.04444106977136588,1.0,0.0,0.0,0.0
skdclskt,2tmxyq59,07790da6-16e1-4c15-9884-8a76c7e84392,d9d68e96-849c-41c0-8094-a55ca3b3a355,1,0,0,4,5570.0,2600.0,,,3320.0,20.0,,5480.0,0.5833333333333334,7,0.11666666666666659,1,0,28,0,0,1,1,0.0,0.0,0.0,2.0,105.0,9.0,9.0,100.0,110.0,110.0,100.0,96,100.0,,114.0,0.0,0.09375,0,0,0.09375,0,0,5240.0,0.0029624893435635123,0.0,0.0,1.0,0.0
skdclskt,klvgct3w,07790da6-16e1-4c15-9884-8a76c7e84392,c97d7d05-3010-4231-8b4c-ad5e9ce763a8,1,0,0,4,5086.0,3800.0,,,4178.0,10.0,,4926.0,0.6666666666666666,7,0.033333333333333326,2,1,19,0,0,0,1,1.0,1.0,0.0,2.0,105.0,9.0,9.0,100.0,110.0,110.0,100.0,96,100.0,,114.0,0.0,0.09375,0,0,0.09375,0,0,5138.0,0.0029624893435635123,0.0,0.0,0.0,1.0
skdclskt,fa5fpl4w,07790da6-16e1-4c15-9884-8a76c7e84392,804b1c25-e400-485b-a0e0-2371a4903700,1,0,0,4,5251.0,2600.0,,,3400.0,19.0,,5161.0,0.75,0,-0.75,6,1,28,0,0,1,1,0.0,0.0,0.0,2.0,105.0,9.0,9.0,100.0,110.0,110.0,100.0,96,100.0,,114.0,0.0,0.09375,0,0,0.09375,0,0,5224.0,0.0029624893435635123,0.0,0.0,0.0,1.0
skdclskt,0sa5xwid,07790da6-16e1-4c15-9884-8a76c7e84392,7b242fc9-bd1b-4836-a718-b85e1c1a176b,1,0,0,4,5140.0,3800.0,,,3970.0,13.0,,5050.0,0.5833333333333334,1,-0.4833333333333334,1,1,18,0,0,1,1,1.0,0.0,1.0,2.0,105.0,9.0,9.0,100.0,110.0,110.0,100.0,96,100.0,,114.0,0.0,0.09375,0,0,0.09375,0,0,5218.0,0.0029624893435635123,0.0,1.0,0.0,0.0
skdclskt,w5nuyib0,07790da6-16e1-4c15-9884-8a76c7e84392,29625c5b-f726-4de1-8b9e-9c49743b4cab,1,0,0,4,4813.0,2600.0,,,3500.0,18.0,,4773.0,0.3333333333333333,3,-0.033333333333333326,1,1,18,0,0,1,1,0.0,1.0,-1.0,2.0,105.0,9.0,9.0,100.0,110.0,110.0,100.0,96,100.0,,114.0,0.0,0.09375,0,0,0.09375,0,0,5228.0,0.0029624893435635123,0.0,0.0,0.0,1.0
skdclskt,s1twfhpt,07790da6-16e1-4c15-9884-8a76c7e84392,4b51a285-57d1-4d32-aa02-d36f8179ed63,1,0,0,4,4871.0,3800.0,,,4080.0,12.0,,4661.0,0.9166666666666666,6,-0.31666666666666665,1,1,21,1,1,1,1,0.0,0.0,0.0,2.0,105.0,9.0,9.0,100.0,110.0,110.0,100.0,96,100.0,,114.0,0.0,0.09375,0,0,0.09375,0,0,5232.0,0.0029624893435635123,1.0,0.0,0.0,0.0
skdclskt,tqeatlds,fd183cda-64d7-4787-9044-20debaf104a5,28c69508-f4f9-4c0e-a6a0-a4d5b22b7830,0,0,0,4,5561.0,2600.0,,,3340.0,19.0,,5351.0,0.75,7,-0.050000000000000044,2,1,19,0,0,1,1,0.0,1.0,-1.0,4.0,49.0,-47.0,59.0,6.0,120.0,120.0,6.0,96,,,52.0,,0.6145833333333334,0,0,-0.4895833333333333,0,0,5164.0,0.006907022495937045,0.0,0.0,1.0,0.0
skdclskt,nu7ykbgx,fd183cda-64d7-4787-9044-20debaf104a5,240f44aa-0d38-416e-a4df-3e0d3cc49536,0,0,0,4,5985.0,3800.0,,,4110.0,11.0,,5815.0,0.9166666666666666,5,-0.41666666666666663,1,0,28,1,1,1,1,1.0,0.0,1.0,4.0,49.0,-47.0,59.0,6.0,120.0,120.0,6.0,96,,,52.0,,0.6145833333333334,0,0,-0.4895833333333333,0,0,5166.0,0.006907022495937045,0.0,0.0,1.0,0.0
skdclskt,su76nhj9,fd183cda-64d7-4787-9044-20debaf104a5,9386577d-20fa-4927-a27d-261b95e06a71,0,0,0,4,5506.0,2600.0,,,3206.0,20.0,,5386.0,0.6666666666666666,7,0.033333333333333326,4,0,23,1,1,1,1,1.0,1.0,0.0,4.0,49.0,-47.0,59.0,6.0,120.0,120.0,6.0,96,,,52.0,,0.6145833333333334,0,0,-0.4895833333333333,0,0,5126.0,0.006907022495937045,1.0,0.0,0.0,0.0
skdclskt,c2m857p1,fd183cda-64d7-4787-9044-20debaf104a5,ec5338be-31ec-409f-8fe0-d044c43f333a,0,0,0,4,5566.0,3800.0,,,4274.0,11.0,,5356.0,0.9166666666666666,5,-0.41666666666666663,1,1,21,1,1,0,1,1.0,1.0,0.0,4.0,49.0,-47.0,59.0,6.0,120.0,120.0,6.0,96,,,52.0,,0.6145833333333334,0,0,-0.4895833333333333,0,0,5330.0,0.006907022495937045,1.0,0.0,0.0,0.0
skdclskt,r6xuxcar,fd183cda-64d7-4787-9044-20debaf104a5,af4b90ba-123e-40d8-8867-b4991469cd39,0,0,0,4,4396.0,2600.0,,,3320.0,20.0,,4226.0,0.75,7,-0.050000000000000044,9,1,21,1,1,1,1,0.0,0.0,0.0,4.0,49.0,-47.0,59.0,6.0,120.0,120.0,6.0,96,,,52.0,,0.6145833333333334,0,0,-0.4895833333333333,0,0,5240.0,0.006907022495937045,0.0,0.0,1.0,0.0
skdclskt,2y2lzizt,fd183cda-64d7-4787-9044-20debaf104a5,8d9117f6-c825-440d-86c0-64b78e6ca745,0,0,0,4,4734.0,3800.0,,,4190.0,10.0,,4534.0,0.8333333333333334,2,-0.6333333333333333,3,1,34,1,1,1,1,1.0,1.0,0.0,4.0,49.0,-47.0,59.0,6.0,120.0,120.0,6.0,96,,,52.0,,0.6145833333333334,0,0,-0.4895833333333333,0,0,5150.0,0.006907022495937045,1.0,0.0,0.0,0.0
skdclskt,0qc91a5a,761eb99e-1c3d-45b4-81f7-8e5171ffd767,55c5cbcc-f638-40ab-a1b6-dbe37fa8f72a,0,0,0,4,6523.0,2600.0,,,3320.0,20.0,,6423.0,0.8333333333333334,7,-0.13333333333333341,1,1,35,1,1,1,1,0.0,0.0,0.0,3.0,141.0,45.0,45.0,140.0,140.0,143.0,140.0,96,,,123.0,,0.46875,0,0,0.46875,0,0,5240.0,0.0048584298584298585,0.0,0.0,1.0,0.0
skdclskt,2vy9s3px,761eb99e-1c3d-45b4-81f7-8e5171ffd767,d0d3f9d6-0176-4278-9bff-7f8b809b6060,0,0,0,4,5050.0,3800.0,,,4300.0,9.0,,4920.0,0.9166666666666666,8,-0.11666666666666659,2,0,21,0,0,1,1,0.0,1.0,-1.0,3.0,141.0,45.0,45.0,140.0,140.0,143.0,140.0,96,,,123.0,,0.46875,0,0,0.46875,0,0,5164.0,0.0048584298584298585,0.0,0.0,0.0,1.0
skdclskt,87uw2jck,761eb99e-1c3d-45b4-81f7-8e5171ffd767,83ea937e-d412-4809-a354-3f08485f32fe,0,0,0,4,5633.0,2600.0,,,2897.0,23.0,,5523.0,0.9166666666666666,6,-0.31666666666666665,2,0,22,1,1,1,1,3.0,0.0,3.0,3.0,141.0,45.0,45.0,140.0,140.0,143.0,140.0,96,,,123.0,,0.46875,0,0,0.46875,0,0,5105.0,0.0048584298584298585,0.0,1.0,0.0,0.0
skdclskt,3ftocepp,761eb99e-1c3d-45b4-81f7-8e5171ffd767,93e6dd41-cfb5-4bb9-975b-e548014b48e6,0,0,0,4,5815.0,3800.0,,,4300.0,9.0,,5725.0,0.75,6,-0.15000000000000002,3,1,19,0,1,1,1,0.0,1.0,-1.0,3.0,141.0,45.0,45.0,140.0,140.0,143.0,140.0,96,,,123.0,,0.46875,0,0,0.46875,0,0,5164.0,0.0048584298584298585,0.0,1.0,0.0,0.0
skdclskt,xz3dh0k4,761eb99e-1c3d-45b4-81f7-8e5171ffd767,b5055fcc-e732-4b8e-bd98-e6bfe626b3db,0,0,0,4,5047.0,2600.0,,,3320.0,20.0,,4927.0,0.6666666666666666,4,-0.2666666666666666,2,1,22,1,0,1,1,0.0,0.0,0.0,3.0,141.0,45.0,45.0,140.0,140.0,143.0,140.0,96,,,123.0,,0.46875,0,0,0.46875,0,0,5240.0,0.0048584298584298585,0.5,0.0,0.5,0.0
skdclskt,x7l4wbwx,761eb99e-1c3d-45b4-81f7-8e5171ffd767,18f4a824-eb92-48ce-a99f-c0cb78a57cf2,0,0,0,4,5091.0,3800.0,,,4303.0,9.0,,4961.0,0.75,4,-0.35,3,0,20,1,1,0,1,0.0,1.0,-1.0,3.0,141.0,45.0,45.0,140.0,140.0,143.0,140.0,96,,,123.0,,0.46875,0,0,0.46875,0,0,5167.0,0.0048584298584298585,0.5,0.0,0.5,0.0
skdclskt,9bv3gi2y,6f73b226-f3d6-453b-bec2-d4fe1457f0e7,8f572d20-95a7-46ba-ba2a-8e808117b347,1,0,0,5,6097.0,2600.0,,,3681.0,20.0,,5887.0,0.9166666666666666,1,-0.8166666666666667,45,0,29,0,0,1,1,0.0,0.0,0.0,6.0,60.0,-28.0,28.0,55.0,30.0,80.0,30.0,88,45.13,95.0,60.5,0.21870152891646355,0.3181818181818182,0,0,-0.3181818181818182,0,0,5441.0,0.056432723402513395,0.0,1.0,0.0,0.0
skdclskt,1tnknpce,6f73b226-f3d6-453b-bec2-d4fe1457f0e7,0d49a0af-7711-49c1-a980-1ce4cb747f19,1,0,0,5,4685.0,3800.0,,,4263.0,9.0,,4575.0,0.75,7,-0.050000000000000044,3,0,18,0,1,1,1,1.0,0.0,1.0,6.0,60.0,-28.0,28.0,55.0,30.0,80.0,30.0,88,45.13,95.0,60.5,0.21870152891646355,0.3181818181818182,0,0,-0.3181818181818182,0,0,5055.0,0.056432723402513395,0.0,1.0,0.0,0.0
skdclskt,zkl94ida,6f73b226-f3d6-453b-bec2-d4fe1457f0e7,261c9bee-da67-4d1d-8144-87becb48c51d,1,0,0,5,7353.0,2600.0,,,3839.24,31.0,,7163.0,0.9166666666666666,5,-0.41666666666666663,1,0,18,0,0,0,1,2.0,0.0,2.0,6.0,60.0,-28.0,28.0,55.0,30.0,80.0,30.0,88,45.13,95.0,60.5,0.21870152891646355,0.3181818181818182,0,0,-0.3181818181818182,0,0,6567.24,0.056432723402513395,0.0,0.0,1.0,0.0
skdclskt,h7nk13vs,6f73b226-f3d6-453b-bec2-d4fe1457f0e7,f1ebfa30-9819-4739-bb3e-139f3ebb772b,1,0,0,5,5148.0,3800.0,,,4355.6900000000005,6.0,,5028.0,0.6666666666666666,4,-0.2666666666666666,4,1,19,1,0,0,1,0.0,2.0,-2.0,6.0,60.0,-28.0,28.0,55.0,30.0,80.0,30.0,88,45.13,95.0,60.5,0.21870152891646355,0.3181818181818182,0,0,-0.3181818181818182,0,0,4883.6900000000005,0.056432723402513395,0.0,0.0,1.0,0.0
skdclskt,8rrxo8mh,6f73b226-f3d6-453b-bec2-d4fe1457f0e7,239c3d76-053a-40ec-a8c7-ed2420592ca4,1,0,0,5,5698.0,2600.0,,,3747.37,22.0,,5528.0,0.75,7,-0.050000000000000044,2,1,21,1,0,1,1,2.0,2.0,0.0,6.0,60.0,-28.0,28.0,55.0,30.0,80.0,30.0,88,45.13,95.0,60.5,0.21870152891646355,0.3181818181818182,0,0,-0.3181818181818182,0,0,5683.37,0.056432723402513395,0.0,1.0,0.0,0.0
skdclskt,53wkzdsp,6f73b226-f3d6-453b-bec2-d4fe1457f0e7,54ceb134-b66d-4f4f-8ffb-b677a3be5d9d,1,0,0,5,5089.0,3800.0,,,4501.7,5.0,,4929.0,0.8333333333333334,8,-0.033333333333333326,3,1,36,0,0,1,1,1.0,2.0,-1.0,6.0,60.0,-28.0,28.0,55.0,30.0,80.0,30.0,88,45.13,95.0,60.5,0.21870152891646355,0.3181818181818182,0,0,-0.3181818181818182,0,0,4941.7,0.056432723402513395,1.0,0.0,0.0,0.0
skdclskt,2tmxyq59,07790da6-16e1-4c15-9884-8a76c7e84392,d9d68e96-849c-41c0-8094-a55ca3b3a355,1,0,0,5,5570.0,2600.0,,,4024.0,17.0,,5480.0,0.5833333333333334,7,0.11666666666666659,1,0,28,0,0,1,1,0.0,3.0,-3.0,5.0,105.2,17.2,17.2,114.0,110.0,114.0,90.0,88,100.0,100.0,115.0,0.1399999999999999,0.19545454545454544,0,0,0.1954545454545455,0,0,5520.0,0.010396080368906456,0.0,0.0,1.0,0.0
skdclskt,klvgct3w,07790da6-16e1-4c15-9884-8a76c7e84392,c97d7d05-3010-4231-8b4c-ad5e9ce763a8,1,0,0,5,5086.0,3800.0,,,4378.0,11.0,,4926.0,0.6666666666666666,7,0.033333333333333326,2,1,19,0,0,0,1,0.0,0.0,0.0,5.0,105.2,17.2,17.2,114.0,110.0,114.0,90.0,88,100.0,100.0,115.0,0.1399999999999999,0.19545454545454544,0,0,0.1954545454545455,0,0,5346.0,0.010396080368906456,0.0,0.0,0.0,1.0
skdclskt,fa5fpl4w,07790da6-16e1-4c15-9884-8a76c7e84392,804b1c25-e400-485b-a0e0-2371a4903700,1,0,0,5,5251.0,2600.0,,,3670.0,21.0,,5161.0,0.75,0,-0.75,6,1,28,0,0,1,1,1.0,0.0,1.0,5.0,105.2,17.2,17.2,114.0,110.0,114.0,90.0,88,100.0,100.0,115.0,0.1399999999999999,0.19545454545454544,0,0,0.1954545454545455,0,0,5518.0,0.010396080368906456,0.0,0.0,0.0,1.0
skdclskt,0sa5xwid,07790da6-16e1-4c15-9884-8a76c7e84392,7b242fc9-bd1b-4836-a718-b85e1c1a176b,1,0,0,5,5140.0,3800.0,,,4130.0,13.0,,5050.0,0.5833333333333334,1,-0.4833333333333334,1,1,18,0,0,1,1,1.0,0.0,1.0,5.0,105.2,17.2,17.2,114.0,110.0,114.0,90.0,88,100.0,100.0,115.0,0.1399999999999999,0.19545454545454544,0,0,0.1954545454545455,0,0,5274.0,0.010396080368906456,0.0,1.0,0.0,0.0
skdclskt,w5nuyib0,07790da6-16e1-4c15-9884-8a76c7e84392,29625c5b-f726-4de1-8b9e-9c49743b4cab,1,0,0,5,4813.0,2600.0,,,3768.0,19.0,,4773.0,0.3333333333333333,3,-0.033333333333333326,1,1,18,0,0,1,1,2.0,1.0,1.0,5.0,105.2,17.2,17.2,114.0,110.0,114.0,90.0,88,100.0,100.0,115.0,0.1399999999999999,0.19545454545454544,0,0,0.1954545454545455,0,0,5440.0,0.010396080368906456,0.0,0.0,0.0,1.0
skdclskt,s1twfhpt,07790da6-16e1-4c15-9884-8a76c7e84392,4b51a285-57d1-4d32-aa02-d36f8179ed63,1,0,0,5,4871.0,3800.0,,,4318.0,11.0,,4661.0,0.9166666666666666,6,-0.31666666666666665,1,1,21,1,1,1,1,1.0,1.0,0.0,5.0,105.2,17.2,17.2,114.0,110.0,114.0,90.0,88,100.0,100.0,115.0,0.1399999999999999,0.19545454545454544,0,0,0.1954545454545455,0,0,5286.0,0.010396080368906456,1.0,0.0,0.0,0.0
skdclskt,tqeatlds,fd183cda-64d7-4787-9044-20debaf104a5,28c69508-f4f9-4c0e-a6a0-a4d5b22b7830,0,0,0,5,5561.0,2600.0,,,3782.5,18.0,,5351.0,0.75,7,-0.050000000000000044,2,1,19,0,0,1,1,0.0,1.0,-1.0,4.0,61.125,-26.875,42.875,52.0,120.0,120.0,10.0,88,6.0,,60.0,7.666666666666666,0.4872159090909091,1,0,-0.3053977272727273,0,0,5366.5,0.010065108995755552,0.0,0.0,1.0,0.0
skdclskt,nu7ykbgx,fd183cda-64d7-4787-9044-20debaf104a5,240f44aa-0d38-416e-a4df-3e0d3cc49536,0,0,0,5,5985.0,3800.0,,,4278.0,12.0,,5815.0,0.9166666666666666,5,-0.41666666666666663,1,0,28,1,1,1,1,1.0,0.0,1.0,4.0,61.125,-26.875,42.875,52.0,120.0,120.0,10.0,88,6.0,,60.0,7.666666666666666,0.4872159090909091,1,0,-0.3053977272727273,0,0,5334.0,0.010065108995755552,0.0,0.0,1.0,0.0
skdclskt,su76nhj9,fd183cda-64d7-4787-9044-20debaf104a5,9386577d-20fa-4927-a27d-261b95e06a71,0,0,0,5,5506.0,2600.0,,,3485.5,21.0,,5386.0,0.6666666666666666,7,0.033333333333333326,4,0,23,1,1,1,1,2.0,2.0,0.0,4.0,61.125,-26.875,42.875,52.0,120.0,120.0,10.0,88,6.0,,60.0,7.666666666666666,0.4872159090909091,1,0,-0.3053977272727273,0,0,5333.5,0.010065108995755552,1.0,0.0,0.0,0.0
skdclskt,c2m857p1,fd183cda-64d7-4787-9044-20debaf104a5,ec5338be-31ec-409f-8fe0-d044c43f333a,0,0,0,5,5566.0,3800.0,,,4614.0,10.0,,5356.0,0.9166666666666666,5,-0.41666666666666663,1,1,21,1,1,0,1,0.0,1.0,-1.0,4.0,61.125,-26.875,42.875,52.0,120.0,120.0,10.0,88,6.0,,60.0,7.666666666666666,0.4872159090909091,1,0,-0.3053977272727273,0,0,5494.0,0.010065108995755552,1.0,0.0,0.0,0.0
skdclskt,r6xuxcar,fd183cda-64d7-4787-9044-20debaf104a5,af4b90ba-123e-40d8-8867-b4991469cd39,0,0,0,5,4396.0,2600.0,,,3710.0,21.0,,4226.0,0.75,7,-0.050000000000000044,9,1,21,1,1,1,1,1.0,0.0,1.0,4.0,61.125,-26.875,42.875,52.0,120.0,120.0,10.0,88,6.0,,60.0,7.666666666666666,0.4872159090909091,1,0,-0.3053977272727273,0,0,5558.0,0.010065108995755552,0.0,0.0,1.0,0.0
skdclskt,2y2lzizt,fd183cda-64d7-4787-9044-20debaf104a5,8d9117f6-c825-440d-86c0-64b78e6ca745,0,0,0,5,4734.0,3800.0,,,4390.0,10.0,,4534.0,0.8333333333333334,2,-0.6333333333333333,3,1,34,1,1,1,1,0.0,0.0,0.0,4.0,61.125,-26.875,42.875,52.0,120.0,120.0,10.0,88,6.0,,60.0,7.666666666666666,0.4872159090909091,1,0,-0.3053977272727273,0,0,5270.0,0.010065108995755552,1.0,0.0,0.0,0.0
skdclskt,0qc91a5a,761eb99e-1c3d-45b4-81f7-8e5171ffd767,55c5cbcc-f638-40ab-a1b6-dbe37fa8f72a,0,0,0,5,6523.0,2600.0,,,3840.0,19.0,,6423.0,0.8333333333333334,7,-0.13333333333333341,1,1,35,1,1,1,1,0.0,1.0,-1.0,7.0,126.14285714285714,38.142857142857146,38.142857142857146,123.0,130.0,140.0,120.0,88,140.0,,130.0,-0.12142857142857144,0.43344155844155846,0,0,0.4334415584415584,0,0,5512.0,0.012468905472636816,0.0,0.0,1.0,0.0
skdclskt,2vy9s3px,761eb99e-1c3d-45b4-81f7-8e5171ffd767,d0d3f9d6-0176-4278-9bff-7f8b809b6060,0,0,0,5,5050.0,3800.0,,,4390.0,10.0,,4920.0,0.9166666666666666,8,-0.11666666666666659,2,0,21,0,0,1,1,3.0,2.0,1.0,7.0,126.14285714285714,38.142857142857146,38.142857142857146,123.0,130.0,140.0,120.0,88,140.0,,130.0,-0.12142857142857144,0.43344155844155846,0,0,0.4334415584415584,0,0,5270.0,0.012468905472636816,0.0,0.0,0.0,1.0
skdclskt,87uw2jck,761eb99e-1c3d-45b4-81f7-8e5171ffd767,83ea937e-d412-4809-a354-3f08485f32fe,0,0,0,5,5633.0,2600.0,,,2834.0,27.0,,5523.0,0.9166666666666666,6,-0.31666666666666665,2,0,22,1,1,1,1,4.0,0.0,4.0,7.0,126.14285714285714,38.142857142857146,38.142857142857146,123.0,130.0,140.0,120.0,88,140.0,,130.0,-0.12142857142857144,0.43344155844155846,0,0,0.4334415584415584,0,0,5210.0,0.012468905472636816,0.0,1.0,0.0,0.0
skdclskt,3ftocepp,761eb99e-1c3d-45b4-81f7-8e5171ffd767,93e6dd41-cfb5-4bb9-975b-e548014b48e6,0,0,0,5,5815.0,3800.0,,,4603.0,8.0,,5725.0,0.75,6,-0.15000000000000002,3,1,19,0,1,1,1,0.0,1.0,-1.0,7.0,126.14285714285714,38.142857142857146,38.142857142857146,123.0,130.0,140.0,120.0,88,140.0,,130.0,-0.12142857142857144,0.43344155844155846,0,0,0.4334415584415584,0,0,5307.0,0.012468905472636816,0.0,1.0,0.0,0.0
skdclskt,xz3dh0k4,761eb99e-1c3d-45b4-81f7-8e5171ffd767,b5055fcc-e732-4b8e-bd98-e6bfe626b3db,0,0,0,5,5047.0,2600.0,,,3960.0,18.0,,4927.0,0.6666666666666666,4,-0.2666666666666666,2,1,22,1,0,1,1,0.0,2.0,-2.0,7.0,126.14285714285714,38.142857142857146,38.142857142857146,123.0,130.0,140.0,120.0,88,140.0,,130.0,-0.12142857142857144,0.43344155844155846,0,0,0.4334415584415584,0,0,5544.0,0.012468905472636816,0.5,0.0,0.5,0.0
skdclskt,x7l4wbwx,761eb99e-1c3d-45b4-81f7-8e5171ffd767,18f4a824-eb92-48ce-a99f-c0cb78a57cf2,0,0,0,5,5091.0,3800.0,,,4613.0,8.0,,4961.0,0.75,4,-0.35,3,0,20,1,1,0,1,0.0,1.0,-1.0,7.0,126.14285714285714,38.142857142857146,38.142857142857146,123.0,130.0,140.0,120.0,88,140.0,,130.0,-0.12142857142857144,0.43344155844155846,0,0,0.4334415584415584,0,0,5317.0,0.012468905472636816,0.5,0.0,0.5,0.0
skdclskt,9bv3gi2y,6f73b226-f3d6-453b-bec2-d4fe1457f0e7,8f572d20-95a7-46ba-ba2a-8e808117b347,1,0,0,6,6097.0,2600.0,60.0,2.0,3774.0,20.0,,5887.0,0.9166666666666666,1,-0.8166666666666667,45,0,29,0,0,1,1,1.0,1.0,0.0,12.0,58.333333333333336,-21.666666666666668,21.666666666666668,60.5,55.0,70.0,47.0,80,55.0,45.13,59.0,0.10000000000000009,0.27083333333333337,0,0,-0.2708333333333333,0,0,5374.0,0.05363368705784435,0.0,1.0,0.0,0.0
skdclskt,1tnknpce,6f73b226-f3d6-453b-bec2-d4fe1457f0e7,0d49a0af-7711-49c1-a980-1ce4cb747f19,1,0,0,6,4685.0,3800.0,0.0,0.0,4599.0,3.0,,4575.0,0.75,7,-0.050000000000000044,3,0,18,0,1,1,1,0.0,5.0,-5.0,12.0,58.333333333333336,-21.666666666666668,21.666666666666668,60.5,55.0,70.0,47.0,80,55.0,45.13,59.0,0.10000000000000009,0.27083333333333337,0,0,-0.2708333333333333,0,0,4839.0,0.05363368705784435,0.0,1.0,0.0,0.0
skdclskt,zkl94ida,6f73b226-f3d6-453b-bec2-d4fe1457f0e7,261c9bee-da67-4d1d-8144-87becb48c51d,1,0,0,6,7353.0,2600.0,65.0,1.0,3777.74,33.0,,7163.0,0.9166666666666666,5,-0.41666666666666663,1,0,18,0,0,0,1,4.0,1.0,3.0,12.0,58.333333333333336,-21.666666666666668,21.666666666666668,60.5,55.0,70.0,47.0,80,55.0,45.13,59.0,0.10000000000000009,0.27083333333333337,0,0,-0.2708333333333333,0,0,6417.74,0.05363368705784435,0.0,0.0,1.0,0.0
skdclskt,h7nk13vs,6f73b226-f3d6-453b-bec2-d4fe1457f0e7,f1ebfa30-9819-4739-bb3e-139f3ebb772b,1,0,0,6,5148.0,3800.0,25.0,4.0,4374.6900000000005,6.0,,5028.0,0.6666666666666666,4,-0.2666666666666666,4,1,19,1,0,0,1,1.0,1.0,0.0,12.0,58.333333333333336,-21.666666666666668,21.666666666666668,60.5,55.0,70.0,47.0,80,55.0,45.13,59.0,0.10000000000000009,0.27083333333333337,0,0,-0.2708333333333333,0,0,4854.6900000000005,0.05363368705784435,0.0,0.0,1.0,0.0
skdclskt,8rrxo8mh,6f73b226-f3d6-453b-bec2-d4fe1457f0e7,239c3d76-053a-40ec-a8c7-ed2420592ca4,1,0,0,6,5698.0,2600.0,55.0,3.0,3940.37,20.0,,5528.0,0.75,7,-0.050000000000000044,2,1,21,1,0,1,1,2.0,4.0,-2.0,12.0,58.333333333333336,-21.666666666666668,21.666666666666668,60.5,55.0,70.0,47.0,80,55.0,45.13,59.0,0.10000000000000009,0.27083333333333337,0,0,-0.2708333333333333,0,0,5540.37,0.05363368705784435,0.0,1.0,0.0,0.0
skdclskt,53wkzdsp,6f73b226-f3d6-453b-bec2-d4fe1457f0e7,54ceb134-b66d-4f4f-8ffb-b677a3be5d9d,1,0,0,6,5089.0,3800.0,50.0,4.0,4294.2,9.0,,4929.0,0.8333333333333334,8,-0.033333333333333326,3,1,36,0,0,1,1,4.0,0.0,4.0,12.0,58.333333333333336,-21.666666666666668,21.666666666666668,60.5,55.0,70.0,47.0,80,55.0,45.13,59.0,0.10000000000000009,0.27083333333333337,0,0,-0.2708333333333333,0,0,5014.2,0.05363368705784435,1.0,0.0,0.0,0.0
skdclskt,2tmxyq59,07790da6-16e1-4c15-9884-8a76c7e84392,d9d68e96-849c-41c0-8094-a55ca3b3a355,1,0,0,6,5570.0,2600.0,112.0,4.0,3973.0,18.0,,5480.0,0.5833333333333334,7,0.11666666666666659,1,0,28,0,0,1,1,1.0,0.0,1.0,5.0,112.2,32.2,32.2,115.0,115.0,119.0,100.0,80,114.0,100.0,100.0,0.00877192982456143,0.4025,0,0,0.4025,0,0,5413.0,0.007847815168257158,0.0,0.0,1.0,0.0
skdclskt,klvgct3w,07790da6-16e1-4c15-9884-8a76c7e84392,c97d7d05-3010-4231-8b4c-ad5e9ce763a8,1,0,0,6,5086.0,3800.0,0.0,0.0,4652.0,8.0,,4926.0,0.6666666666666666,7,0.033333333333333326,2,1,19,0,0,0,1,0.0,2.0,-2.0,5.0,112.2,32.2,32.2,115.0,115.0,119.0,100.0,80,114.0,100.0,100.0,0.00877192982456143,0.4025,0,0,0.4025,0,0,5292.0,0.007847815168257158,0.0,0.0,0.0,1.0
skdclskt,fa5fpl4w,07790da6-16e1-4c15-9884-8a76c7e84392,804b1c25-e400-485b-a0e0-2371a4903700,1,0,0,6,5251.0,2600.0,0.0,0.0,3854.0,19.0,,5161.0,0.75,0,-0.75,6,1,28,0,0,1,1,0.0,1.0,-1.0,5.0,112.2,32.2,32.2,115.0,115.0,119.0,100.0,80,114.0,100.0,100.0,0.00877192982456143,0.4025,0,0,0.4025,0,0,5374.0,0.007847815168257158,0.0,0.0,0.0,1.0
skdclskt,0sa5xwid,07790da6-16e1-4c15-9884-8a76c7e84392,7b242fc9-bd1b-4836-a718-b85e1c1a176b,1,0,0,6,5140.0,3800.0,115.0,2.0,4298.0,12.0,,5050.0,0.5833333333333334,1,-0.4833333333333334,1,1,18,0,0,1,1,1.0,2.0,-1.0,5.0,112.2,32.2,32.2,115.0,115.0,119.0,100.0,80,114.0,100.0,100.0,0.00877192982456143,0.4025,0,0,0.4025,0,0,5258.0,0.007847815168257158,0.0,1.0,0.0,0.0
skdclskt,w5nuyib0,07790da6-16e1-4c15-9884-8a76c7e84392,29625c5b-f726-4de1-8b9e-9c49743b4cab,1,0,0,6,4813.0,2600.0,120.0,2.0,3729.0,20.0,,4773.0,0.3333333333333333,3,-0.033333333333333326,1,1,18,0,0,1,1,1.0,0.0,1.0,5.0,112.2,32.2,32.2,115.0,115.0,119.0,100.0,80,114.0,100.0,100.0,0.00877192982456143,0.4025,0,0,0.4025,0,0,5329.0,0.007847815168257158,0.0,0.0,0.0,1.0
skdclskt,s1twfhpt,07790da6-16e1-4c15-9884-8a76c7e84392,4b51a285-57d1-4d32-aa02-d36f8179ed63,1,0,0,6,4871.0,3800.0,115.0,4.0,4150.0,13.0,,4661.0,0.9166666666666666,6,-0.31666666666666665,1,1,21,1,1,1,1,2.0,0.0,2.0,5.0,112.2,32.2,32.2,115.0,115.0,119.0,100.0,80,114.0,100.0,100.0,0.00877192982456143,0.4025,0,0,0.4025,0,0,5190.0,0.007847815168257158,1.0,0.0,0.0,0.0
skdclskt,tqeatlds,fd183cda-64d7-4787-9044-20debaf104a5,28c69508-f4f9-4c0e-a6a0-a4d5b22b7830,0,0,0,6,5561.0,2600.0,60.0,3.0,4034.5,15.0,,5351.0,0.75,7,-0.050000000000000044,2,1,19,0,0,1,1,0.0,3.0,-3.0,4.0,60.6875,-19.3125,19.3125,60.0,60.0,62.75,60.0,80,52.0,6.0,65.0,0.15384615384615374,0.24140625,0,0,-0.24140625,0,0,5234.5,0.00949024988565964,0.0,0.0,1.0,0.0
skdclskt,nu7ykbgx,fd183cda-64d7-4787-9044-20debaf104a5,240f44aa-0d38-416e-a4df-3e0d3cc49536,0,0,0,6,5985.0,3800.0,0.0,0.0,4203.25,14.0,,5815.0,0.9166666666666666,5,-0.41666666666666663,1,0,28,1,1,1,1,2.0,0.0,2.0,4.0,60.6875,-19.3125,19.3125,60.0,60.0,62.75,60.0,80,52.0,6.0,65.0,0.15384615384615374,0.24140625,0,0,-0.24140625,0,0,5323.25,0.00949024988565964,0.0,0.0,1.0,0.0
skdclskt,su76nhj9,fd183cda-64d7-4787-9044-20debaf104a5,9386577d-20fa-4927-a27d-261b95e06a71,0,0,0,6,5506.0,2600.0,0.0,0.0,3569.5,21.0,,5386.0,0.6666666666666666,7,0.033333333333333326,4,0,23,1,1,1,1,0.0,0.0,0.0,4.0,60.6875,-19.3125,19.3125,60.0,60.0,62.75,60.0,80,52.0,6.0,65.0,0.15384615384615374,0.24140625,0,0,-0.24140625,0,0,5249.5,0.00949024988565964,1.0,0.0,0.0,0.0
skdclskt,c2m857p1,fd183cda-64d7-4787-9044-20debaf104a5,ec5338be-31ec-409f-8fe0-d044c43f333a,0,0,0,6,5566.0,3800.0,70.0,3.0,4594.0,11.0,,5356.0,0.9166666666666666,5,-0.41666666666666663,1,1,21,1,1,0,1,1.0,0.0,1.0,4.0,60.6875,-19.3125,19.3125,60.0,60.0,62.75,60.0,80,52.0,6.0,65.0,0.15384615384615374,0.24140625,0,0,-0.24140625,0,0,5474.0,0.00949024988565964,1.0,0.0,0.0,0.0
skdclskt,r6xuxcar,fd183cda-64d7-4787-9044-20debaf104a5,af4b90ba-123e-40d8-8867-b4991469cd39,0,0,0,6,4396.0,2600.0,60.0,4.0,3856.75,20.0,,4226.0,0.75,7,-0.050000000000000044,9,1,21,1,1,1,1,0.0,1.0,-1.0,4.0,60.6875,-19.3125,19.3125,60.0,60.0,62.75,60.0,80,52.0,6.0,65.0,0.15384615384615374,0.24140625,0,0,-0.24140625,0,0,5456.75,0.00949024988565964,0.0,0.0,1.0,0.0
skdclskt,2y2lzizt,fd183cda-64d7-4787-9044-20debaf104a5,8d9117f6-c825-440d-86c0-64b78e6ca745,0,0,0,6,4734.0,3800.0,50.0,1.0,4370.0,12.0,,4534.0,0.8333333333333334,2,-0.6333333333333333,3,1,34,1,1,1,1,1.0,0.0,1.0,4.0,60.6875,-19.3125,19.3125,60.0,60.0,62.75,60.0,80,52.0,6.0,65.0,0.15384615384615374,0.24140625,0,0,-0.24140625,0,0,5330.0,0.00949024988565964,1.0,0.0,0.0,0.0
skdclskt,0qc91a5a,761eb99e-1c3d-45b4-81f7-8e5171ffd767,55c5cbcc-f638-40ab-a1b6-dbe37fa8f72a,0,0,0,6,6523.0,2600.0,0.0,0.0,4036.0,19.0,,6423.0,0.8333333333333334,7,-0.13333333333333341,1,1,35,1,1,1,1,0.0,1.0,-1.0,6.0,118.33333333333333,38.333333333333336,38.333333333333336,130.0,120.0,130.0,110.0,80,123.0,140.0,70.01,0.05691056910569103,0.4791666666666667,0,0,0.47916666666666663,0,0,5556.0,0.011681268251981644,0.0,0.0,1.0,0.0
skdclskt,2vy9s3px,761eb99e-1c3d-45b4-81f7-8e5171ffd767,d0d3f9d6-0176-4278-9bff-7f8b809b6060,0,0,0,6,5050.0,3800.0,0.0,0.0,4310.0,11.0,,4920.0,0.9166666666666666,8,-0.11666666666666659,2,0,21,0,0,1,1,1.0,0.0,1.0,6.0,118.33333333333333,38.333333333333336,38.333333333333336,130.0,120.0,130.0,110.0,80,123.0,140.0,70.01,0.05691056910569103,0.4791666666666667,0,0,0.47916666666666663,0,0,5190.0,0.011681268251981644,0.0,0.0,0.0,1.0
skdclskt,87uw2jck,761eb99e-1c3d-45b4-81f7-8e5171ffd767,83ea937e-d412-4809-a354-3f08485f32fe,0,0,0,6,5633.0,2600.0,8.0,4.0,3417.0,23.0,,5523.0,0.9166666666666666,6,-0.31666666666666665,2,0,22,1,1,1,1,0.0,4.0,-4.0,6.0,118.33333333333333,38.333333333333336,38.333333333333336,130.0,120.0,130.0,110.0,80,123.0,140.0,70.01,0.05691056910569103,0.4791666666666667,0,0,0.47916666666666663,0,0,5257.0,0.011681268251981644,0.0,1.0,0.0,0.0
skdclskt,3ftocepp,761eb99e-1c3d-45b4-81f7-8e5171ffd767,93e6dd41-cfb5-4bb9-975b-e548014b48e6,0,0,0,6,5815.0,3800.0,4900.0,4.0,4635.0,9.0,,5725.0,0.75,6,-0.15000000000000002,3,1,19,0,1,1,1,0.0,0.0,0.0,6.0,118.33333333333333,38.333333333333336,38.333333333333336,130.0,120.0,130.0,110.0,80,123.0,140.0,70.01,0.05691056910569103,0.4791666666666667,0,0,0.47916666666666663,0,0,5355.0,0.011681268251981644,0.0,1.0,0.0,0.0
skdclskt,xz3dh0k4,761eb99e-1c3d-45b4-81f7-8e5171ffd767,b5055fcc-e732-4b8e-bd98-e6bfe626b3db,0,0,0,6,5047.0,2600.0,0.0,0.0,3672.0,21.0,,4927.0,0.6666666666666666,4,-0.2666666666666666,2,1,22,1,0,1,1,4.0,1.0,3.0,6.0,118.33333333333333,38.333333333333336,38.333333333333336,130.0,120.0,130.0,110.0,80,123.0,140.0,70.01,0.05691056910569103,0.4791666666666667,0,0,0.47916666666666663,0,0,5352.0,0.011681268251981644,0.5,0.0,0.5,0.0
skdclskt,x7l4wbwx,761eb99e-1c3d-45b4-81f7-8e5171ffd767,18f4a824-eb92-48ce-a99f-c0cb78a57cf2,0,0,0,6,5091.0,3800.0,0.0,0.0,4530.0,9.0,,4961.0,0.75,4,-0.35,3,0,20,1,1,0,1,1.0,0.0,1.0,6.0,118.33333333333333,38.333333333333336,38.333333333333336,130.0,120.0,130.0,110.0,80,123.0,140.0,70.01,0.05691056910569103,0.4791666666666667,0,0,0.47916666666666663,0,0,5250.0,0.011681268251981644,0.5,0.0,0.5,0.0
skdclskt,9bv3gi2y,6f73b226-f3d6-453b-bec2-d4fe1457f0e7,8f572d20-95a7-46ba-ba2a-8e808117b347,1,0,0,7,6097.0,2600.0,,,4379.0,17.0,,5887.0,0.9166666666666666,1,-0.8166666666666667,45,0,29,0,0,1,1,0.0,3.0,-3.0,10.0,56.8,-15.2,16.8,59.0,66.0,80.0,47.0,72,60.5,55.0,51.75,-0.024793388429752095,0.23333333333333334,0,0,-0.21111111111111114,0,0,5603.0,0.06197315584467734,0.0,1.0,0.0,0.0
skdclskt,1tnknpce,6f73b226-f3d6-453b-bec2-d4fe1457f0e7,0d49a0af-7711-49c1-a980-1ce4cb747f19,1,0,0,7,4685.0,3800.0,,,4510.0,6.0,,4575.0,0.75,7,-0.050000000000000044,3,0,18,0,1,1,1,3.0,0.0,3.0,10.0,56.8,-15.2,16.8,59.0,66.0,80.0,47.0,72,60.5,55.0,51.75,-0.024793388429752095,0.23333333333333334,0,0,-0.21111111111111114,0,0,4942.0,0.06197315584467734,0.0,1.0,0.0,0.0
skdclskt,zkl94ida,6f73b226-f3d6-453b-bec2-d4fe1457f0e7,261c9bee-da67-4d1d-8144-87becb48c51d,1,0,0,7,7353.0,2600.0,,,4273.24,36.0,,7163.0,0.9166666666666666,5,-0.41666666666666663,1,0,18,0,0,0,1,3.0,0.0,3.0,10.0,56.8,-15.2,16.8,59.0,66.0,80.0,47.0,72,60.5,55.0,51.75,-0.024793388429752095,0.23333333333333334,0,0,-0.21111111111111114,0,0,6865.24,0.06197315584467734,0.0,0.0,1.0,0.0
skdclskt,h7nk13vs,6f73b226-f3d6-453b-bec2-d4fe1457f0e7,f1ebfa30-9819-4739-bb3e-139f3ebb772b,1,0,0,7,5148.0,3800.0,,,4412.1900000000005,8.0,,5028.0,0.6666666666666666,4,-0.2666666666666666,4,1,19,1,0,0,1,2.0,1.0,1.0,10.0,56.8,-15.2,16.8,59.0,66.0,80.0,47.0,72,60.5,55.0,51.75,-0.024793388429752095,0.23333333333333334,0,0,-0.21111111111111114,0,0,4988.1900000000005,0.06197315584467734,0.0,0.0,1.0,0.0
skdclskt,8rrxo8mh,6f73b226-f3d6-453b-bec2-d4fe1457f0e7,239c3d76-053a-40ec-a8c7-ed2420592ca4,1,0,0,7,5698.0,2600.0,,,4428.37,18.0,,5528.0,0.75,7,-0.050000000000000044,2,1,21,1,0,1,1,1.0,3.0,-2.0,10.0,56.8,-15.2,16.8,59.0,66.0,80.0,47.0,72,60.5,55.0,51.75,-0.024793388429752095,0.23333333333333334,0,0,-0.21111111111111114,0,0,5724.37,0.06197315584467734,0.0,1.0,0.0,0.0
skdclskt,53wkzdsp,6f73b226-f3d6-453b-bec2-d4fe1457f0e7,54ceb134-b66d-4f4f-8ffb-b677a3be5d9d,1,0,0,7,5089.0,3800.0,,,4577.2,7.0,,4929.0,0.8333333333333334,8,-0.033333333333333326,3,1,36,0,0,1,1,1.0,3.0,-2.0,10.0,56.8,-15.2,16.8,59.0,66.0,80.0,47.0,72,60.5,55.0,51.75,-0.024793388429752095,0.23333333333333334,0,0,-0.21111111111111114,0,0,5081.2,0.06197315584467734,1.0,0.0,0.0,0.0
skdclskt,2tmxyq59,07790da6-16e1-4c15-9884-8a76c7e84392,d9d68e96-849c-41c0-8094-a55ca3b3a355,1,0,0,7,5570.0,2600.0,,,4333.0,18.0,,5480.0,0.5833333333333334,7,0.11666666666666659,1,0,28,0,0,1,1,0.0,0.0,0.0,2.0,108.0,36.0,36.0,100.0,116.0,116.0,100.0,72,115.0,114.0,105.0,-0.13043478260869568,0.5,0,0,0.5,0,0,5629.0,0.011190878378378379,0.0,0.0,1.0,0.0
skdclskt,klvgct3w,07790da6-16e1-4c15-9884-8a76c7e84392,c97d7d05-3010-4231-8b4c-ad5e9ce763a8,1,0,0,7,5086.0,3800.0,,,4812.0,9.0,,4926.0,0.6666666666666666,7,0.033333333333333326,2,1,19,0,0,0,1,0.0,0.0,0.0,2.0,108.0,36.0,36.0,100.0,116.0,116.0,100.0,72,115.0,114.0,105.0,-0.13043478260869568,0.5,0,0,0.5,0,0,5460.0,0.011190878378378379,0.0,0.0,0.0,1.0
skdclskt,fa5fpl4w,07790da6-16e1-4c15-9884-8a76c7e84392,804b1c25-e400-485b-a0e0-2371a4903700,1,0,0,7,5251.0,2600.0,,,4134.0,21.0,,5161.0,0.75,0,-0.75,6,1,28,0,0,1,1,1.0,0.0,1.0,2.0,108.0,36.0,36.0,100.0,116.0,116.0,100.0,72,115.0,114.0,105.0,-0.13043478260869568,0.5,0,0,0.5,0,0,5646.0,0.011190878378378379,0.0,0.0,0.0,1.0
skdclskt,0sa5xwid,07790da6-16e1-4c15-9884-8a76c7e84392,7b242fc9-bd1b-4836-a718-b85e1c1a176b,1,0,0,7,5140.0,3800.0,,,4538.0,13.0,,5050.0,0.5833333333333334,1,-0.4833333333333334,1,1,18,0,0,1,1,0.0,0.0,0.0,2.0,108.0,36.0,36.0,100.0,116.0,116.0,100.0,72,115.0,114.0,105.0,-0.13043478260869568,0.5,0,0,0.5,0,0,5474.0,0.011190878378378379,0.0,1.0,0.0,0.0
skdclskt,w5nuyib0,07790da6-16e1-4c15-9884-8a76c7e84392,29625c5b-f726-4de1-8b9e-9c49743b4cab,1,0,0,7,4813.0,2600.0,,,4245.0,19.0,,4773.0,0.3333333333333333,3,-0.033333333333333326,1,1,18,0,0,1,1,0.0,1.0,-1.0,2.0,108.0,36.0,36.0,100.0,116.0,116.0,100.0,72,115.0,114.0,105.0,-0.13043478260869568,0.5,0,0,0.5,0,0,5613.0,0.011190878378378379,0.0,0.0,0.0,1.0
skdclskt,s1twfhpt,07790da6-16e1-4c15-9884-8a76c7e84392,4b51a285-57d1-4d32-aa02-d36f8179ed63,1,0,0,7,4871.0,3800.0,,,4394.0,13.0,,4661.0,0.9166666666666666,6,-0.31666666666666665,1,1,21,1,1,1,1,1.0,1.0,0.0,2.0,108.0,36.0,36.0,100.0,116.0,116.0,100.0,72,115.0,114.0,105.0,-0.13043478260869568,0.5,0,0,0.5,0,0,5330.0,0.011190878378378379,1.0,0.0,0.0,0.0
skdclskt,tqeatlds,fd183cda-64d7-4787-9044-20debaf104a5,28c69508-f4f9-4c0e-a6a0-a4d5b22b7830,0,0,0,7,5561.0,2600.0,,,4389.37,14.0,,5351.0,0.75,7,-0.050000000000000044,2,1,19,0,0,1,1,1.0,2.0,-1.0,7.0,64.01857142857143,-7.981428571428572,7.981428571428572,65.0,65.0,66.63,60.5,72,60.0,52.0,66.0,0.08333333333333326,0.11085317460317462,0,0,-0.11085317460317452,0,0,5397.37,0.012001466570234655,0.0,0.0,1.0,0.0
skdclskt,nu7ykbgx,fd183cda-64d7-4787-9044-20debaf104a5,240f44aa-0d38-416e-a4df-3e0d3cc49536,0,0,0,7,5985.0,3800.0,,,4361.75,16.0,,5815.0,0.9166666666666666,5,-0.41666666666666663,1,0,28,1,1,1,1,2.0,0.0,2.0,7.0,64.01857142857143,-7.981428571428572,7.981428571428572,65.0,65.0,66.63,60.5,72,60.0,52.0,66.0,0.08333333333333326,0.11085317460317462,0,0,-0.11085317460317452,0,0,5513.75,0.012001466570234655,0.0,0.0,1.0,0.0
skdclskt,su76nhj9,fd183cda-64d7-4787-9044-20debaf104a5,9386577d-20fa-4927-a27d-261b95e06a71,0,0,0,7,5506.0,2600.0,,,4121.13,20.0,,5386.0,0.6666666666666666,7,0.033333333333333326,4,0,23,1,1,1,1,0.0,2.0,-2.0,7.0,64.01857142857143,-7.981428571428572,7.981428571428572,65.0,65.0,66.63,60.5,72,60.0,52.0,66.0,0.08333333333333326,0.11085317460317462,0,0,-0.11085317460317452,0,0,5561.13,0.012001466570234655,1.0,0.0,0.0,0.0
skdclskt,c2m857p1,fd183cda-64d7-4787-9044-20debaf104a5,ec5338be-31ec-409f-8fe0-d044c43f333a,0,0,0,7,5566.0,3800.0,,,4814.0,10.0,,5356.0,0.9166666666666666,5,-0.41666666666666663,1,1,21,1,1,0,1,2.0,2.0,0.0,7.0,64.01857142857143,-7.981428571428572,7.981428571428572,65.0,65.0,66.63,60.5,72,60.0,52.0,66.0,0.08333333333333326,0.11085317460317462,0,0,-0.11085317460317452,0,0,5534.0,0.012001466570234655,1.0,0.0,0.0,0.0
skdclskt,r6xuxcar,fd183cda-64d7-4787-9044-20debaf104a5,af4b90ba-123e-40d8-8867-b4991469cd39,0,0,0,7,4396.0,2600.0,,,4191.75,22.0,,4226.0,0.75,7,-0.050000000000000044,9,1,21,1,1,1,1,1.0,0.0,1.0,7.0,64.01857142857143,-7.981428571428572,7.981428571428572,65.0,65.0,66.63,60.5,72,60.0,52.0,66.0,0.08333333333333326,0.11085317460317462,0,0,-0.11085317460317452,0,0,5775.75,0.012001466570234655,0.0,0.0,1.0,0.0
skdclskt,2y2lzizt,fd183cda-64d7-4787-9044-20debaf104a5,8d9117f6-c825-440d-86c0-64b78e6ca745,0,0,0,7,4734.0,3800.0,,,4610.0,11.0,,4534.0,0.8333333333333334,2,-0.6333333333333333,3,1,34,1,1,1,1,1.0,1.0,0.0,7.0,64.01857142857143,-7.981428571428572,7.981428571428572,65.0,65.0,66.63,60.5,72,60.0,52.0,66.0,0.08333333333333326,0.11085317460317462,0,0,-0.11085317460317452,0,0,5402.0,0.012001466570234655,1.0,0.0,0.0,0.0
skdclskt,0qc91a5a,761eb99e-1c3d-45b4-81f7-8e5171ffd767,55c5cbcc-f638-40ab-a1b6-dbe37fa8f72a,0,0,0,7,6523.0,2600.0,,,4446.0,19.0,,6423.0,0.8333333333333334,7,-0.13333333333333341,1,1,35,1,1,1,1,1.0,1.0,0.0,10.0,112.001,40.001,40.399,70.01,120.0,140.0,70.01,72,130.0,123.0,53.0,-0.46146153846153837,0.5610972222222222,0,0,0.5555694444444446,0,0,5814.0,0.020286477154099418,0.0,0.0,1.0,0.0
skdclskt,2vy9s3px,761eb99e-1c3d-45b4-81f7-8e5171ffd767,d0d3f9d6-0176-4278-9bff-7f8b809b6060,0,0,0,7,5050.0,3800.0,,,4150.0,16.0,,4920.0,0.9166666666666666,8,-0.11666666666666659,2,0,21,0,0,1,1,3.0,0.0,3.0,10.0,112.001,40.001,40.399,70.01,120.0,140.0,70.01,72,130.0,123.0,53.0,-0.46146153846153837,0.5610972222222222,0,0,0.5555694444444446,0,0,5302.0,0.020286477154099418,0.0,0.0,0.0,1.0
skdclskt,87uw2jck,761eb99e-1c3d-45b4-81f7-8e5171ffd767,83ea937e-d412-4809-a354-3f08485f32fe,0,0,0,7,5633.0,2600.0,,,4627.01,16.0,,5523.0,0.9166666666666666,6,-0.31666666666666665,2,0,22,1,1,1,1,0.0,7.0,-7.0,10.0,112.001,40.001,40.399,70.01,120.0,140.0,70.01,72,130.0,123.0,53.0,-0.46146153846153837,0.5610972222222222,0,0,0.5555694444444446,0,0,5779.01,0.020286477154099418,0.0,1.0,0.0,0.0
skdclskt,3ftocepp,761eb99e-1c3d-45b4-81f7-8e5171ffd767,93e6dd41-cfb5-4bb9-975b-e548014b48e6,0,0,0,7,5815.0,3800.0,,,4955.0,8.0,,5725.0,0.75,6,-0.15000000000000002,3,1,19,0,1,1,1,0.0,1.0,-1.0,10.0,112.001,40.001,40.399,70.01,120.0,140.0,70.01,72,130.0,123.0,53.0,-0.46146153846153837,0.5610972222222222,0,0,0.5555694444444446,0,0,5531.0,0.020286477154099418,0.0,1.0,0.0,0.0
skdclskt,xz3dh0k4,761eb99e-1c3d-45b4-81f7-8e5171ffd767,b5055fcc-e732-4b8e-bd98-e6bfe626b3db,0,0,0,7,5047.0,2600.0,,,3751.99,24.0,,4927.0,0.6666666666666666,4,-0.2666666666666666,2,1,22,1,0,1,1,4.0,1.0,3.0,10.0,112.001,40.001,40.399,70.01,120.0,140.0,70.01,72,130.0,123.0,53.0,-0.46146153846153837,0.5610972222222222,0,0,0.5555694444444446,0,0,5479.99,0.020286477154099418,0.5,0.0,0.5,0.0
skdclskt,x7l4wbwx,761eb99e-1c3d-45b4-81f7-8e5171ffd767,18f4a824-eb92-48ce-a99f-c0cb78a57cf2,0,0,0,7,5091.0,3800.0,,,4510.0,11.0,,4961.0,0.75,4,-0.35,3,0,20,1,1,0,1,2.0,0.0,2.0,10.0,112.001,40.001,40.399,70.01,120.0,140.0,70.01,72,130.0,123.0,53.0,-0.46146153846153837,0.5610972222222222,0,0,0.5555694444444446,0,0,5302.0,0.020286477154099418,0.5,0.0,0.5,0.0
skdclskt,9bv3gi2y,6f73b226-f3d6-453b-bec2-d4fe1457f0e7,8f572d20-95a7-46ba-ba2a-8e808117b347,1,0,0,8,6097.0,2600.0,,,4506.0,16.0,,5887.0,0.9166666666666666,1,-0.8166666666666667,45,0,29,0,0,1,1,0.0,1.0,-1.0,13.0,52.84615384615385,-11.153846153846153,11.153846153846153,51.75,52.5,60.0,43.5,64,59.0,60.5,51.5,-0.1228813559322034,0.17427884615384615,0,0,-0.17427884615384615,0,0,5530.0,0.06127756121330245,0.0,1.0,0.0,0.0
skdclskt,1tnknpce,6f73b226-f3d6-453b-bec2-d4fe1457f0e7,0d49a0af-7711-49c1-a980-1ce4cb747f19,1,0,0,8,4685.0,3800.0,,,4362.5,9.0,,4575.0,0.75,7,-0.050000000000000044,3,0,18,0,1,1,1,4.0,1.0,3.0,13.0,52.84615384615385,-11.153846153846153,11.153846153846153,51.75,52.5,60.0,43.5,64,59.0,60.5,51.5,-0.1228813559322034,0.17427884615384615,0,0,-0.17427884615384615,0,0,4938.5,0.06127756121330245,0.0,1.0,0.0,0.0
skdclskt,zkl94ida,6f73b226-f3d6-453b-bec2-d4fe1457f0e7,261c9bee-da67-4d1d-8144-87becb48c51d,1,0,0,8,7353.0,2600.0,,,4420.99,37.0,,7163.0,0.9166666666666666,5,-0.41666666666666663,1,0,18,0,0,0,1,2.0,2.0,0.0,13.0,52.84615384615385,-11.153846153846153,11.153846153846153,51.75,52.5,60.0,43.5,64,59.0,60.5,51.5,-0.1228813559322034,0.17427884615384615,0,0,-0.17427884615384615,0,0,6788.99,0.06127756121330245,0.0,0.0,1.0,0.0
skdclskt,h7nk13vs,6f73b226-f3d6-453b-bec2-d4fe1457f0e7,f1ebfa30-9819-4739-bb3e-139f3ebb772b,1,0,0,8,5148.0,3800.0,,,4461.6900000000005,7.0,,5028.0,0.6666666666666666,4,-0.2666666666666666,4,1,19,1,0,0,1,3.0,3.0,0.0,13.0,52.84615384615385,-11.153846153846153,11.153846153846153,51.75,52.5,60.0,43.5,64,59.0,60.5,51.5,-0.1228813559322034,0.17427884615384615,0,0,-0.17427884615384615,0,0,4909.6900000000005,0.06127756121330245,0.0,0.0,1.0,0.0
skdclskt,8rrxo8mh,6f73b226-f3d6-453b-bec2-d4fe1457f0e7,239c3d76-053a-40ec-a8c7-ed2420592ca4,1,0,0,8,5698.0,2600.0,,,4441.62,19.0,,5528.0,0.75,7,-0.050000000000000044,2,1,21,1,0,1,1,4.0,3.0,1.0,13.0,52.84615384615385,-11.153846153846153,11.153846153846153,51.75,52.5,60.0,43.5,64,59.0,60.5,51.5,-0.1228813559322034,0.17427884615384615,0,0,-0.17427884615384615,0,0,5657.62,0.06127756121330245,0.0,1.0,0.0,0.0
skdclskt,53wkzdsp,6f73b226-f3d6-453b-bec2-d4fe1457f0e7,54ceb134-b66d-4f4f-8ffb-b677a3be5d9d,1,0,0,8,5089.0,3800.0,,,4755.2,4.0,,4929.0,0.8333333333333334,8,-0.033333333333333326,3,1,36,0,0,1,1,0.0,3.0,-3.0,13.0,52.84615384615385,-11.153846153846153,11.153846153846153,51.75,52.5,60.0,43.5,64,59.0,60.5,51.5,-0.1228813559322034,0.17427884615384615,0,0,-0.17427884615384615,0,0,5011.2,0.06127756121330245,1.0,0.0,0.0,0.0
skdclskt,2tmxyq59,07790da6-16e1-4c15-9884-8a76c7e84392,d9d68e96-849c-41c0-8094-a55ca3b3a355,1,0,0,8,5570.0,2600.0,,,4605.0,16.0,,5480.0,0.5833333333333334,7,0.11666666666666659,1,0,28,0,0,1,1,0.0,2.0,-2.0,7.0,108.14285714285714,44.142857142857146,44.142857142857146,105.0,100.0,120.0,95.0,64,100.0,115.0,95.0,0.050000000000000044,0.6897321428571429,0,0,0.6897321428571428,0,0,5629.0,0.011227941476138077,0.0,0.0,1.0,0.0
skdclskt,klvgct3w,07790da6-16e1-4c15-9884-8a76c7e84392,c97d7d05-3010-4231-8b4c-ad5e9ce763a8,1,0,0,8,5086.0,3800.0,,,4968.0,7.0,,4926.0,0.6666666666666666,7,0.033333333333333326,2,1,19,0,0,0,1,0.0,1.0,-1.0,7.0,108.14285714285714,44.142857142857146,44.142857142857146,105.0,100.0,120.0,95.0,64,100.0,115.0,95.0,0.050000000000000044,0.6897321428571429,0,0,0.6897321428571428,0,0,5416.0,0.011227941476138077,0.0,0.0,0.0,1.0
skdclskt,fa5fpl4w,07790da6-16e1-4c15-9884-8a76c7e84392,804b1c25-e400-485b-a0e0-2371a4903700,1,0,0,8,5251.0,2600.0,,,4123.0,22.0,,5161.0,0.75,0,-0.75,6,1,28,0,0,1,1,1.0,0.0,1.0,7.0,108.14285714285714,44.142857142857146,44.142857142857146,105.0,100.0,120.0,95.0,64,100.0,115.0,95.0,0.050000000000000044,0.6897321428571429,0,0,0.6897321428571428,0,0,5531.0,0.011227941476138077,0.0,0.0,0.0,1.0
skdclskt,0sa5xwid,07790da6-16e1-4c15-9884-8a76c7e84392,7b242fc9-bd1b-4836-a718-b85e1c1a176b,1,0,0,8,5140.0,3800.0,,,4570.0,13.0,,5050.0,0.5833333333333334,1,-0.4833333333333334,1,1,18,0,0,1,1,1.0,1.0,0.0,7.0,108.14285714285714,44.142857142857146,44.142857142857146,105.0,100.0,120.0,95.0,64,100.0,115.0,95.0,0.050000000000000044,0.6897321428571429,0,0,0.6897321428571428,0,0,5402.0,0.011227941476138077,0.0,1.0,0.0,0.0
skdclskt,w5nuyib0,07790da6-16e1-4c15-9884-8a76c7e84392,29625c5b-f726-4de1-8b9e-9c49743b4cab,1,0,0,8,4813.0,2600.0,,,4119.0,21.0,,4773.0,0.3333333333333333,3,-0.033333333333333326,1,1,18,0,0,1,1,3.0,1.0,2.0,7.0,108.14285714285714,44.142857142857146,44.142857142857146,105.0,100.0,120.0,95.0,64,100.0,115.0,95.0,0.050000000000000044,0.6897321428571429,0,0,0.6897321428571428,0,0,5463.0,0.011227941476138077,0.0,0.0,0.0,1.0
skdclskt,s1twfhpt,07790da6-16e1-4c15-9884-8a76c7e84392,4b51a285-57d1-4d32-aa02-d36f8179ed63,1,0,0,8,4871.0,3800.0,,,4443.0,13.0,,4661.0,0.9166666666666666,6,-0.31666666666666665,1,1,21,1,1,1,1,2.0,2.0,0.0,7.0,108.14285714285714,44.142857142857146,44.142857142857146,105.0,100.0,120.0,95.0,64,100.0,115.0,95.0,0.050000000000000044,0.6897321428571429,0,0,0.6897321428571428,0,0,5275.0,0.011227941476138077,1.0,0.0,0.0,0.0
skdclskt,tqeatlds,fd183cda-64d7-4787-9044-20debaf104a5,28c69508-f4f9-4c0e-a6a0-a4d5b22b7830,0,0,0,8,5561.0,2600.0,,,4377.12,15.0,,5351.0,0.75,7,-0.050000000000000044,2,1,19,0,0,1,1,2.0,1.0,1.0,5.0,65.45,1.45,1.45,66.0,65.0,66.75,64.5,64,65.0,60.0,61.5,0.01538461538461533,0.02265625,0,0,0.022656250000000044,0,0,5337.12,0.010493010687146982,0.0,0.0,1.0,0.0
skdclskt,nu7ykbgx,fd183cda-64d7-4787-9044-20debaf104a5,240f44aa-0d38-416e-a4df-3e0d3cc49536,0,0,0,8,5985.0,3800.0,,,4491.75,15.0,,5815.0,0.9166666666666666,5,-0.41666666666666663,1,0,28,1,1,1,1,0.0,1.0,-1.0,5.0,65.45,1.45,1.45,66.0,65.0,66.75,64.5,64,65.0,60.0,61.5,0.01538461538461533,0.02265625,0,0,0.022656250000000044,0,0,5451.75,0.010493010687146982,0.0,0.0,1.0,0.0
skdclskt,su76nhj9,fd183cda-64d7-4787-9044-20debaf104a5,9386577d-20fa-4927-a27d-261b95e06a71,0,0,0,8,5506.0,2600.0,,,4332.88,18.0,,5386.0,0.6666666666666666,7,0.033333333333333326,4,0,23,1,1,1,1,0.0,2.0,-2.0,5.0,65.45,1.45,1.45,66.0,65.0,66.75,64.5,64,65.0,60.0,61.5,0.01538461538461533,0.02265625,0,0,0.022656250000000044,0,0,5484.88,0.010493010687146982,1.0,0.0,0.0,0.0
skdclskt,c2m857p1,fd183cda-64d7-4787-9044-20debaf104a5,ec5338be-31ec-409f-8fe0-d044c43f333a,0,0,0,8,5566.0,3800.0,,,4854.5,11.0,,5356.0,0.9166666666666666,5,-0.41666666666666663,1,1,21,1,1,0,1,1.0,1.0,0.0,5.0,65.45,1.45,1.45,66.0,65.0,66.75,64.5,64,65.0,60.0,61.5,0.01538461538461533,0.02265625,0,0,0.022656250000000044,0,0,5558.5,0.010493010687146982,1.0,0.0,0.0,0.0
skdclskt,r6xuxcar,fd183cda-64d7-4787-9044-20debaf104a5,af4b90ba-123e-40d8-8867-b4991469cd39,0,0,0,8,4396.0,2600.0,,,4214.75,22.0,,4226.0,0.75,7,-0.050000000000000044,9,1,21,1,1,1,1,1.0,0.0,1.0,5.0,65.45,1.45,1.45,66.0,65.0,66.75,64.5,64,65.0,60.0,61.5,0.01538461538461533,0.02265625,0,0,0.022656250000000044,0,0,5622.75,0.010493010687146982,0.0,0.0,1.0,0.0
skdclskt,2y2lzizt,fd183cda-64d7-4787-9044-20debaf104a5,8d9117f6-c825-440d-86c0-64b78e6ca745,0,0,0,8,4734.0,3800.0,,,4589.0,12.0,,4534.0,0.8333333333333334,2,-0.6333333333333333,3,1,34,1,1,1,1,1.0,0.0,1.0,5.0,65.45,1.45,1.45,66.0,65.0,66.75,64.5,64,65.0,60.0,61.5,0.01538461538461533,0.02265625,0,0,0.022656250000000044,0,0,5357.0,0.010493010687146982,1.0,0.0,0.0,0.0
skdclskt,0qc91a5a,761eb99e-1c3d-45b4-81f7-8e5171ffd767,55c5cbcc-f638-40ab-a1b6-dbe37fa8f72a,0,0,0,8,6523.0,2600.0,,,4462.0,19.0,,6423.0,0.8333333333333334,7,-0.13333333333333341,1,1,35,1,1,1,1,1.0,0.0,1.0,7.0,86.71428571428571,22.714285714285715,30.714285714285715,53.0,139.0,139.0,51.0,64,70.01,130.0,60.0,-0.24296529067276107,0.4799107142857143,0,0,0.3549107142857142,0,0,5678.0,0.020053501945525302,0.0,0.0,1.0,0.0
skdclskt,2vy9s3px,761eb99e-1c3d-45b4-81f7-8e5171ffd767,d0d3f9d6-0176-4278-9bff-7f8b809b6060,0,0,0,8,5050.0,3800.0,,,3975.0,20.0,,4920.0,0.9166666666666666,8,-0.11666666666666659,2,0,21,0,0,1,1,2.0,0.0,2.0,7.0,86.71428571428571,22.714285714285715,30.714285714285715,53.0,139.0,139.0,51.0,64,70.01,130.0,60.0,-0.24296529067276107,0.4799107142857143,0,0,0.3549107142857142,0,0,5255.0,0.020053501945525302,0.0,0.0,0.0,1.0
skdclskt,87uw2jck,761eb99e-1c3d-45b4-81f7-8e5171ffd767,83ea937e-d412-4809-a354-3f08485f32fe,0,0,0,8,5633.0,2600.0,,,4522.01,19.0,,5523.0,0.9166666666666666,6,-0.31666666666666665,2,0,22,1,1,1,1,3.0,0.0,3.0,7.0,86.71428571428571,22.714285714285715,30.714285714285715,53.0,139.0,139.0,51.0,64,70.01,130.0,60.0,-0.24296529067276107,0.4799107142857143,0,0,0.3549107142857142,0,0,5738.01,0.020053501945525302,0.0,1.0,0.0,0.0
skdclskt,3ftocepp,761eb99e-1c3d-45b4-81f7-8e5171ffd767,93e6dd41-cfb5-4bb9-975b-e548014b48e6,0,0,0,8,5815.0,3800.0,,,5265.0,6.0,,5725.0,0.75,6,-0.15000000000000002,3,1,19,0,1,1,1,0.0,2.0,-2.0,7.0,86.71428571428571,22.714285714285715,30.714285714285715,53.0,139.0,139.0,51.0,64,70.01,130.0,60.0,-0.24296529067276107,0.4799107142857143,0,0,0.3549107142857142,0,0,5649.0,0.020053501945525302,0.0,1.0,0.0,0.0
skdclskt,xz3dh0k4,761eb99e-1c3d-45b4-81f7-8e5171ffd767,b5055fcc-e732-4b8e-bd98-e6bfe626b3db,0,0,0,8,5047.0,2600.0,,,3937.99,21.0,,4927.0,0.6666666666666666,4,-0.2666666666666666,2,1,22,1,0,1,1,1.0,4.0,-3.0,7.0,86.71428571428571,22.714285714285715,30.714285714285715,53.0,139.0,139.0,51.0,64,70.01,130.0,60.0,-0.24296529067276107,0.4799107142857143,0,0,0.3549107142857142,0,0,5281.99,0.020053501945525302,0.5,0.0,0.5,0.0
skdclskt,x7l4wbwx,761eb99e-1c3d-45b4-81f7-8e5171ffd767,18f4a824-eb92-48ce-a99f-c0cb78a57cf2,0,0,0,8,5091.0,3800.0,,,4654.0,10.0,,4961.0,0.75,4,-0.35,3,0,20,1,1,0,1,0.0,1.0,-1.0,7.0,86.71428571428571,22.714285714285715,30.714285714285715,53.0,139.0,139.0,51.0,64,70.01,130.0,60.0,-0.24296529067276107,0.4799107142857143,0,0,0.3549107142857142,0,0,5294.0,0.020053501945525302,0.5,0.0,0.5,0.0
skdclskt,9bv3gi2y,6f73b226-f3d6-453b-bec2-d4fe1457f0e7,8f572d20-95a7-46ba-ba2a-8e808117b347,1,0,0,9,6097.0,2600.0,49.0,3.0,4836.0,17.0,,5887.0,0.9166666666666666,1,-0.8166666666666667,45,0,29,0,0,1,1,1.0,1.0,0.0,10.0,51.725,-4.275,5.675,51.5,60.0,60.0,42.0,56,51.75,59.0,45.25,-0.004830917874396157,0.10133928571428572,0,0,-0.07633928571428569,0,0,5788.0,0.07237767050521499,0.0,1.0,0.0,0.0
skdclskt,1tnknpce,6f73b226-f3d6-453b-bec2-d4fe1457f0e7,0d49a0af-7711-49c1-a980-1ce4cb747f19,1,0,0,9,4685.0,3800.0,0.0,0.0,4584.5,8.0,,4575.0,0.75,7,-0.050000000000000044,3,0,18,0,1,1,1,0.0,1.0,-1.0,10.0,51.725,-4.275,5.675,51.5,60.0,60.0,42.0,56,51.75,59.0,45.25,-0.004830917874396157,0.10133928571428572,0,0,-0.07633928571428569,0,0,5032.5,0.07237767050521499,0.0,1.0,0.0,0.0
skdclskt,zkl94ida,6f73b226-f3d6-453b-bec2-d4fe1457f0e7,261c9bee-da67-4d1d-8144-87becb48c51d,1,0,0,9,7353.0,2600.0,60.0,1.0,5317.49,37.0,,7163.0,0.9166666666666666,5,-0.41666666666666663,1,0,18,0,0,0,1,1.0,4.0,-3.0,10.0,51.725,-4.275,5.675,51.5,60.0,60.0,42.0,56,51.75,59.0,45.25,-0.004830917874396157,0.10133928571428572,0,0,-0.07633928571428569,0,0,7389.49,0.07237767050521499,0.0,0.0,1.0,0.0
skdclskt,h7nk13vs,6f73b226-f3d6-453b-bec2-d4fe1457f0e7,f1ebfa30-9819-4739-bb3e-139f3ebb772b,1,0,0,9,5148.0,3800.0,15.0,3.0,4357.4400000000005,13.0,,5028.0,0.6666666666666666,4,-0.2666666666666666,4,1,19,1,0,0,1,5.0,0.0,5.0,10.0,51.725,-4.275,5.675,51.5,60.0,60.0,42.0,56,51.75,59.0,45.25,-0.004830917874396157,0.10133928571428572,0,0,-0.07633928571428569,0,0,5085.4400000000005,0.07237767050521499,0.0,0.0,1.0,0.0
skdclskt,8rrxo8mh,6f73b226-f3d6-453b-bec2-d4fe1457f0e7,239c3d76-053a-40ec-a8c7-ed2420592ca4,1,0,0,9,5698.0,2600.0,49.0,4.0,4751.37,21.0,,5528.0,0.75,7,-0.050000000000000044,2,1,21,1,0,1,1,3.0,2.0,1.0,10.0,51.725,-4.275,5.675,51.5,60.0,60.0,42.0,56,51.75,59.0,45.25,-0.004830917874396157,0.10133928571428572,0,0,-0.07633928571428569,0,0,5927.37,0.07237767050521499,0.0,1.0,0.0,0.0
skdclskt,53wkzdsp,6f73b226-f3d6-453b-bec2-d4fe1457f0e7,54ceb134-b66d-4f4f-8ffb-b677a3be5d9d,1,0,0,9,5089.0,3800.0,40.0,3.0,4941.2,4.0,,4929.0,0.8333333333333334,8,-0.033333333333333326,3,1,36,0,0,1,1,0.0,2.0,-2.0,10.0,51.725,-4.275,5.675,51.5,60.0,60.0,42.0,56,51.75,59.0,45.25,-0.004830917874396157,0.10133928571428572,0,0,-0.07633928571428569,0,0,5165.2,0.07237767050521499,1.0,0.0,0.0,0.0
skdclskt,2tmxyq59,07790da6-16e1-4c15-9884-8a76c7e84392,d9d68e96-849c-41c0-8094-a55ca3b3a355,1,0,0,9,5570.0,2600.0,93.0,4.0,5115.0,14.0,,5480.0,0.5833333333333334,7,0.11666666666666659,1,0,28,0,0,1,1,0.0,2.0,-2.0,5.0,104.4,48.4,48.4,95.0,110.0,117.0,95.0,56,105.0,100.0,110.0,-0.09523809523809523,0.8642857142857142,0,0,0.8642857142857144,0,0,5899.0,0.019097017564540845,0.0,0.0,1.0,0.0
skdclskt,klvgct3w,07790da6-16e1-4c15-9884-8a76c7e84392,c97d7d05-3010-4231-8b4c-ad5e9ce763a8,1,0,0,9,5086.0,3800.0,125.0,4.0,5108.0,7.0,,4926.0,0.6666666666666666,7,0.033333333333333326,2,1,19,0,0,0,1,0.0,0.0,0.0,5.0,104.4,48.4,48.4,95.0,110.0,117.0,95.0,56,105.0,100.0,110.0,-0.09523809523809523,0.8642857142857142,0,0,0.8642857142857144,0,0,5500.0,0.019097017564540845,0.0,0.0,0.0,1.0
skdclskt,fa5fpl4w,07790da6-16e1-4c15-9884-8a76c7e84392,804b1c25-e400-485b-a0e0-2371a4903700,1,0,0,9,5251.0,2600.0,0.0,0.0,4563.0,22.0,,5161.0,0.75,0,-0.75,6,1,28,0,0,1,1,0.0,0.0,0.0,5.0,104.4,48.4,48.4,95.0,110.0,117.0,95.0,56,105.0,100.0,110.0,-0.09523809523809523,0.8642857142857142,0,0,0.8642857142857144,0,0,5795.0,0.019097017564540845,0.0,0.0,0.0,1.0
skdclskt,0sa5xwid,07790da6-16e1-4c15-9884-8a76c7e84392,7b242fc9-bd1b-4836-a718-b85e1c1a176b,1,0,0,9,5140.0,3800.0,116.0,2.0,4745.0,14.0,,5050.0,0.5833333333333334,1,-0.4833333333333334,1,1,18,0,0,1,1,2.0,1.0,1.0,5.0,104.4,48.4,48.4,95.0,110.0,117.0,95.0,56,105.0,100.0,110.0,-0.09523809523809523,0.8642857142857142,0,0,0.8642857142857144,0,0,5529.0,0.019097017564540845,0.0,1.0,0.0,0.0
skdclskt,w5nuyib0,07790da6-16e1-4c15-9884-8a76c7e84392,29625c5b-f726-4de1-8b9e-9c49743b4cab,1,0,0,9,4813.0,2600.0,167.0,3.0,4546.0,23.0,,4773.0,0.3333333333333333,3,-0.033333333333333326,1,1,18,0,0,1,1,1.0,1.0,0.0,5.0,104.4,48.4,48.4,95.0,110.0,117.0,95.0,56,105.0,100.0,110.0,-0.09523809523809523,0.8642857142857142,0,0,0.8642857142857144,0,0,5834.0,0.019097017564540845,0.0,0.0,0.0,1.0
skdclskt,s1twfhpt,07790da6-16e1-4c15-9884-8a76c7e84392,4b51a285-57d1-4d32-aa02-d36f8179ed63,1,0,0,9,4871.0,3800.0,110.0,4.0,4591.0,14.0,,4661.0,0.9166666666666666,6,-0.31666666666666665,1,1,21,1,1,1,1,2.0,1.0,1.0,5.0,104.4,48.4,48.4,95.0,110.0,117.0,95.0,56,105.0,100.0,110.0,-0.09523809523809523,0.8642857142857142,0,0,0.8642857142857144,0,0,5375.0,0.019097017564540845,1.0,0.0,0.0,0.0
skdclskt,tqeatlds,fd183cda-64d7-4787-9044-20debaf104a5,28c69508-f4f9-4c0e-a6a0-a4d5b22b7830,0,0,0,9,5561.0,2600.0,65.0,3.0,4738.12,14.0,,5351.0,0.75,7,-0.050000000000000044,2,1,19,0,0,1,1,1.0,2.0,-1.0,5.0,63.8,7.8,7.8,61.5,64.0,66.5,61.5,56,66.0,65.0,64.0,-0.06818181818181823,0.1392857142857143,0,0,0.13928571428571423,0,0,5522.12,0.012833904109589043,0.0,0.0,1.0,0.0
skdclskt,nu7ykbgx,fd183cda-64d7-4787-9044-20debaf104a5,240f44aa-0d38-416e-a4df-3e0d3cc49536,0,0,0,9,5985.0,3800.0,55.0,4.0,4858.25,15.0,,5815.0,0.9166666666666666,5,-0.41666666666666663,1,0,28,1,1,1,1,0.0,1.0,-1.0,5.0,63.8,7.8,7.8,61.5,64.0,66.5,61.5,56,66.0,65.0,64.0,-0.06818181818181823,0.1392857142857143,0,0,0.13928571428571423,0,0,5698.25,0.012833904109589043,0.0,0.0,1.0,0.0
skdclskt,su76nhj9,fd183cda-64d7-4787-9044-20debaf104a5,9386577d-20fa-4927-a27d-261b95e06a71,0,0,0,9,5506.0,2600.0,75.0,3.0,4631.88,17.0,,5386.0,0.6666666666666666,7,0.033333333333333326,4,0,23,1,1,1,1,2.0,1.0,1.0,5.0,63.8,7.8,7.8,61.5,64.0,66.5,61.5,56,66.0,65.0,64.0,-0.06818181818181823,0.1392857142857143,0,0,0.13928571428571423,0,0,5583.88,0.012833904109589043,1.0,0.0,0.0,0.0
skdclskt,c2m857p1,fd183cda-64d7-4787-9044-20debaf104a5,ec5338be-31ec-409f-8fe0-d044c43f333a,0,0,0,9,5566.0,3800.0,65.0,2.0,5008.0,12.0,,5356.0,0.9166666666666666,5,-0.41666666666666663,1,1,21,1,1,0,1,1.0,0.0,1.0,5.0,63.8,7.8,7.8,61.5,64.0,66.5,61.5,56,66.0,65.0,64.0,-0.06818181818181823,0.1392857142857143,0,0,0.13928571428571423,0,0,5680.0,0.012833904109589043,1.0,0.0,0.0,0.0
skdclskt,r6xuxcar,fd183cda-64d7-4787-9044-20debaf104a5,af4b90ba-123e-40d8-8867-b4991469cd39,0,0,0,9,4396.0,2600.0,65.0,4.0,4716.25,21.0,,4226.0,0.75,7,-0.050000000000000044,9,1,21,1,1,1,1,0.0,1.0,-1.0,5.0,63.8,7.8,7.8,61.5,64.0,66.5,61.5,56,66.0,65.0,64.0,-0.06818181818181823,0.1392857142857143,0,0,0.13928571428571423,0,0,5892.25,0.012833904109589043,0.0,0.0,1.0,0.0
skdclskt,2y2lzizt,fd183cda-64d7-4787-9044-20debaf104a5,8d9117f6-c825-440d-86c0-64b78e6ca745,0,0,0,9,4734.0,3800.0,66.0,2.0,4767.5,13.0,,4534.0,0.8333333333333334,2,-0.6333333333333333,3,1,34,1,1,1,1,1.0,0.0,1.0,5.0,63.8,7.8,7.8,61.5,64.0,66.5,61.5,56,66.0,65.0,64.0,-0.06818181818181823,0.1392857142857143,0,0,0.13928571428571423,0,0,5495.5,0.012833904109589043,1.0,0.0,0.0,0.0
skdclskt,0qc91a5a,761eb99e-1c3d-45b4-81f7-8e5171ffd767,55c5cbcc-f638-40ab-a1b6-dbe37fa8f72a,0,0,0,9,6523.0,2600.0,48.0,4.0,4951.0,18.0,,6423.0,0.8333333333333334,7,-0.13333333333333341,1,1,35,1,1,1,1,1.0,2.0,-1.0,7.0,62.857142857142854,6.857142857142857,9.714285714285714,60.0,52.0,80.0,51.0,56,53.0,70.01,55.0,0.13207547169811318,0.17346938775510204,0,0,0.12244897959183668,0,0,5959.0,0.026425228107595695,0.0,0.0,1.0,0.0
skdclskt,2vy9s3px,761eb99e-1c3d-45b4-81f7-8e5171ffd767,d0d3f9d6-0176-4278-9bff-7f8b809b6060,0,0,0,9,5050.0,3800.0,80.0,3.0,4253.0,18.0,,4920.0,0.9166666666666666,8,-0.11666666666666659,2,0,21,0,0,1,1,2.0,0.0,2.0,7.0,62.857142857142854,6.857142857142857,9.714285714285714,60.0,52.0,80.0,51.0,56,53.0,70.01,55.0,0.13207547169811318,0.17346938775510204,0,0,0.12244897959183668,0,0,5261.0,0.026425228107595695,0.0,0.0,0.0,1.0
skdclskt,87uw2jck,761eb99e-1c3d-45b4-81f7-8e5171ffd767,83ea937e-d412-4809-a354-3f08485f32fe,0,0,0,9,5633.0,2600.0,8.0,4.0,4850.01,20.0,,5523.0,0.9166666666666666,6,-0.31666666666666665,2,0,22,1,1,1,1,1.0,0.0,1.0,7.0,62.857142857142854,6.857142857142857,9.714285714285714,60.0,52.0,80.0,51.0,56,53.0,70.01,55.0,0.13207547169811318,0.17346938775510204,0,0,0.12244897959183668,0,0,5970.01,0.026425228107595695,0.0,1.0,0.0,0.0
skdclskt,3ftocepp,761eb99e-1c3d-45b4-81f7-8e5171ffd767,93e6dd41-cfb5-4bb9-975b-e548014b48e6,0,0,0,9,5815.0,3800.0,5500.0,4.0,5330.0,6.0,,5725.0,0.75,6,-0.15000000000000002,3,1,19,0,1,1,1,1.0,0.0,1.0,7.0,62.857142857142854,6.857142857142857,9.714285714285714,60.0,52.0,80.0,51.0,56,53.0,70.01,55.0,0.13207547169811318,0.17346938775510204,0,0,0.12244897959183668,0,0,5666.0,0.026425228107595695,0.0,1.0,0.0,0.0
skdclskt,xz3dh0k4,761eb99e-1c3d-45b4-81f7-8e5171ffd767,b5055fcc-e732-4b8e-bd98-e6bfe626b3db,0,0,0,9,5047.0,2600.0,80.0,3.0,4417.99,19.0,,4927.0,0.6666666666666666,4,-0.2666666666666666,2,1,22,1,0,1,1,2.0,4.0,-2.0,7.0,62.857142857142854,6.857142857142857,9.714285714285714,60.0,52.0,80.0,51.0,56,53.0,70.01,55.0,0.13207547169811318,0.17346938775510204,0,0,0.12244897959183668,0,0,5481.99,0.026425228107595695,0.5,0.0,0.5,0.0
skdclskt,x7l4wbwx,761eb99e-1c3d-45b4-81f7-8e5171ffd767,18f4a824-eb92-48ce-a99f-c0cb78a57cf2,0,0,0,9,5091.0,3800.0,0.0,0.0,4914.0,9.0,,4961.0,0.75,4,-0.35,3,0,20,1,1,0,1,0.0,1.0,-1.0,7.0,62.857142857142854,6.857142857142857,9.714285714285714,60.0,52.0,80.0,51.0,56,53.0,70.01,55.0,0.13207547169811318,0.17346938775510204,0,0,0.12244897959183668,0,0,5418.0,0.026425228107595695,0.5,0.0,0.5,0.0
skdclskt,9bv3gi2y,6f73b226-f3d6-453b-bec2-d4fe1457f0e7,8f572d20-95a7-46ba-ba2a-8e808117b347,1,0,0,10,6097.0,2600.0,,,4937.0,14.0,,5887.0,0.9166666666666666,1,-0.8166666666666667,45,0,29,0,0,1,1,1.0,3.0,-2.0,21.0,47.586666666666666,-0.41333333333333333,1.5561904761904761,45.25,49.0,50.0,43.0,48,51.5,51.75,41.0,-0.12135922330097082,0.03242063492063492,0,0,-0.008611111111111125,0,0,5609.0,0.07068546306220475,0.0,1.0,0.0,0.0
skdclskt,1tnknpce,6f73b226-f3d6-453b-bec2-d4fe1457f0e7,0d49a0af-7711-49c1-a980-1ce4cb747f19,1,0,0,10,4685.0,3800.0,,,4250.12,15.0,,4575.0,0.75,7,-0.050000000000000044,3,0,18,0,1,1,1,8.0,1.0,7.0,21.0,47.586666666666666,-0.41333333333333333,1.5561904761904761,45.25,49.0,50.0,43.0,48,51.5,51.75,41.0,-0.12135922330097082,0.03242063492063492,0,0,-0.008611111111111125,0,0,4970.12,0.07068546306220475,0.0,1.0,0.0,0.0
skdclskt,zkl94ida,6f73b226-f3d6-453b-bec2-d4fe1457f0e7,261c9bee-da67-4d1d-8144-87becb48c51d,1,0,0,10,7353.0,2600.0,,,5846.37,29.0,,7163.0,0.9166666666666666,5,-0.41666666666666663,1,0,18,0,0,0,1,0.0,11.0,-11.0,21.0,47.586666666666666,-0.41333333333333333,1.5561904761904761,45.25,49.0,50.0,43.0,48,51.5,51.75,41.0,-0.12135922330097082,0.03242063492063492,0,0,-0.008611111111111125,0,0,7238.37,0.07068546306220475,0.0,0.0,1.0,0.0
skdclskt,h7nk13vs,6f73b226-f3d6-453b-bec2-d4fe1457f0e7,f1ebfa30-9819-4739-bb3e-139f3ebb772b,1,0,0,10,5148.0,3800.0,,,4251.9400000000005,15.0,,5028.0,0.6666666666666666,4,-0.2666666666666666,4,1,19,1,0,0,1,3.0,1.0,2.0,21.0,47.586666666666666,-0.41333333333333333,1.5561904761904761,45.25,49.0,50.0,43.0,48,51.5,51.75,41.0,-0.12135922330097082,0.03242063492063492,0,0,-0.008611111111111125,0,0,4971.9400000000005,0.07068546306220475,0.0,0.0,1.0,0.0
skdclskt,8rrxo8mh,6f73b226-f3d6-453b-bec2-d4fe1457f0e7,239c3d76-053a-40ec-a8c7-ed2420592ca4,1,0,0,10,5698.0,2600.0,,,4792.3099999999995,20.0,,5528.0,0.75,7,-0.050000000000000044,2,1,21,1,0,1,1,4.0,5.0,-1.0,21.0,47.586666666666666,-0.41333333333333333,1.5561904761904761,45.25,49.0,50.0,43.0,48,51.5,51.75,41.0,-0.12135922330097082,0.03242063492063492,0,0,-0.008611111111111125,0,0,5752.3099999999995,0.07068546306220475,0.0,1.0,0.0,0.0
skdclskt,53wkzdsp,6f73b226-f3d6-453b-bec2-d4fe1457f0e7,54ceb134-b66d-4f4f-8ffb-b677a3be5d9d,1,0,0,10,5089.0,3800.0,,,4710.26,7.0,,4929.0,0.8333333333333334,8,-0.033333333333333326,3,1,36,0,0,1,1,5.0,0.0,5.0,21.0,47.586666666666666,-0.41333333333333333,1.5561904761904761,45.25,49.0,50.0,43.0,48,51.5,51.75,41.0,-0.12135922330097082,0.03242063492063492,0,0,-0.008611111111111125,0,0,5046.26,0.07068546306220475,1.0,0.0,0.0,0.0
skdclskt,2tmxyq59,07790da6-16e1-4c15-9884-8a76c7e84392,d9d68e96-849c-41c0-8094-a55ca3b3a355,1,0,0,10,5570.0,2600.0,,,5405.0,11.0,,5480.0,0.5833333333333334,7,0.11666666666666659,1,0,28,0,0,1,1,0.0,3.0,-3.0,6.0,101.66666666666667,53.666666666666664,53.666666666666664,110.0,110.0,110.0,90.0,48,95.0,105.0,100.0,0.1578947368421053,1.1180555555555556,0,0,1.1180555555555556,0,0,5933.0,0.02084596418899802,0.0,0.0,1.0,0.0
skdclskt,klvgct3w,07790da6-16e1-4c15-9884-8a76c7e84392,c97d7d05-3010-4231-8b4c-ad5e9ce763a8,1,0,0,10,5086.0,3800.0,,,4918.0,9.0,,4926.0,0.6666666666666666,7,0.033333333333333326,2,1,19,0,0,0,1,2.0,0.0,2.0,6.0,101.66666666666667,53.666666666666664,53.666666666666664,110.0,110.0,110.0,90.0,48,95.0,105.0,100.0,0.1578947368421053,1.1180555555555556,0,0,1.1180555555555556,0,0,5350.0,0.02084596418899802,0.0,0.0,0.0,1.0
skdclskt,fa5fpl4w,07790da6-16e1-4c15-9884-8a76c7e84392,804b1c25-e400-485b-a0e0-2371a4903700,1,0,0,10,5251.0,2600.0,,,4463.0,22.0,,5161.0,0.75,0,-0.75,6,1,28,0,0,1,1,1.0,0.0,1.0,6.0,101.66666666666667,53.666666666666664,53.666666666666664,110.0,110.0,110.0,90.0,48,95.0,105.0,100.0,0.1578947368421053,1.1180555555555556,0,0,1.1180555555555556,0,0,5519.0,0.02084596418899802,0.0,0.0,0.0,1.0
skdclskt,0sa5xwid,07790da6-16e1-4c15-9884-8a76c7e84392,7b242fc9-bd1b-4836-a718-b85e1c1a176b,1,0,0,10,5140.0,3800.0,,,4955.0,11.0,,5050.0,0.5833333333333334,1,-0.4833333333333334,1,1,18,0,0,1,1,0.0,2.0,-2.0,6.0,101.66666666666667,53.666666666666664,53.666666666666664,110.0,110.0,110.0,90.0,48,95.0,105.0,100.0,0.1578947368421053,1.1180555555555556,0,0,1.1180555555555556,0,0,5483.0,0.02084596418899802,0.0,1.0,0.0,0.0
skdclskt,w5nuyib0,07790da6-16e1-4c15-9884-8a76c7e84392,29625c5b-f726-4de1-8b9e-9c49743b4cab,1,0,0,10,4813.0,2600.0,,,4436.0,22.0,,4773.0,0.3333333333333333,3,-0.033333333333333326,1,1,18,0,0,1,1,1.0,0.0,1.0,6.0,101.66666666666667,53.666666666666664,53.666666666666664,110.0,110.0,110.0,90.0,48,95.0,105.0,100.0,0.1578947368421053,1.1180555555555556,0,0,1.1180555555555556,0,0,5492.0,0.02084596418899802,0.0,0.0,0.0,1.0
skdclskt,s1twfhpt,07790da6-16e1-4c15-9884-8a76c7e84392,4b51a285-57d1-4d32-aa02-d36f8179ed63,1,0,0,10,4871.0,3800.0,,,4491.0,15.0,,4661.0,0.9166666666666666,6,-0.31666666666666665,1,1,21,1,1,1,1,2.0,1.0,1.0,6.0,101.66666666666667,53.666666666666664,53.666666666666664,110.0,110.0,110.0,90.0,48,95.0,105.0,100.0,0.1578947368421053,1.1180555555555556,0,0,1.1180555555555556,0,0,5211.0,0.02084596418899802,1.0,0.0,0.0,0.0
skdclskt,tqeatlds,fd183cda-64d7-4787-9044-20debaf104a5,28c69508-f4f9-4c0e-a6a0-a4d5b22b7830,0,0,0,10,5561.0,2600.0,,,4419.12,19.0,,5351.0,0.75,7,-0.050000000000000044,2,1,19,0,0,1,1,5.0,0.0,5.0,6.0,63.833333333333336,15.833333333333334,15.833333333333334,64.0,65.0,65.0,62.0,48,61.5,66.0,61.0,0.04065040650406515,0.3298611111111111,0,0,0.32986111111111116,0,0,5331.12,0.014261718750000003,0.0,0.0,1.0,0.0
skdclskt,nu7ykbgx,fd183cda-64d7-4787-9044-20debaf104a5,240f44aa-0d38-416e-a4df-3e0d3cc49536,0,0,0,10,5985.0,3800.0,,,4923.25,14.0,,5815.0,0.9166666666666666,5,-0.41666666666666663,1,0,28,1,1,1,1,0.0,1.0,-1.0,6.0,63.833333333333336,15.833333333333334,15.833333333333334,64.0,65.0,65.0,62.0,48,61.5,66.0,61.0,0.04065040650406515,0.3298611111111111,0,0,0.32986111111111116,0,0,5595.25,0.014261718750000003,0.0,0.0,1.0,0.0
skdclskt,su76nhj9,fd183cda-64d7-4787-9044-20debaf104a5,9386577d-20fa-4927-a27d-261b95e06a71,0,0,0,10,5506.0,2600.0,,,4695.88,19.0,,5386.0,0.6666666666666666,7,0.033333333333333326,4,0,23,1,1,1,1,0.0,1.0,-1.0,6.0,63.833333333333336,15.833333333333334,15.833333333333334,64.0,65.0,65.0,62.0,48,61.5,66.0,61.0,0.04065040650406515,0.3298611111111111,0,0,0.32986111111111116,0,0,5607.88,0.014261718750000003,1.0,0.0,0.0,0.0
skdclskt,c2m857p1,fd183cda-64d7-4787-9044-20debaf104a5,ec5338be-31ec-409f-8fe0-d044c43f333a,0,0,0,10,5566.0,3800.0,,,5137.0,10.0,,5356.0,0.9166666666666666,5,-0.41666666666666663,1,1,21,1,1,0,1,0.0,2.0,-2.0,6.0,63.833333333333336,15.833333333333334,15.833333333333334,64.0,65.0,65.0,62.0,48,61.5,66.0,61.0,0.04065040650406515,0.3298611111111111,0,0,0.32986111111111116,0,0,5617.0,0.014261718750000003,1.0,0.0,0.0,0.0
skdclskt,r6xuxcar,fd183cda-64d7-4787-9044-20debaf104a5,af4b90ba-123e-40d8-8867-b4991469cd39,0,0,0,10,4396.0,2600.0,,,4841.25,19.0,,4226.0,0.75,7,-0.050000000000000044,9,1,21,1,1,1,1,0.0,2.0,-2.0,6.0,63.833333333333336,15.833333333333334,15.833333333333334,64.0,65.0,65.0,62.0,48,61.5,66.0,61.0,0.04065040650406515,0.3298611111111111,0,0,0.32986111111111116,0,0,5753.25,0.014261718750000003,0.0,0.0,1.0,0.0
skdclskt,2y2lzizt,fd183cda-64d7-4787-9044-20debaf104a5,8d9117f6-c825-440d-86c0-64b78e6ca745,0,0,0,10,4734.0,3800.0,,,4703.5,14.0,,4534.0,0.8333333333333334,2,-0.6333333333333333,3,1,34,1,1,1,1,1.0,0.0,1.0,6.0,63.833333333333336,15.833333333333334,15.833333333333334,64.0,65.0,65.0,62.0,48,61.5,66.0,61.0,0.04065040650406515,0.3298611111111111,0,0,0.32986111111111116,0,0,5375.5,0.014261718750000003,1.0,0.0,0.0,0.0
skdclskt,0qc91a5a,761eb99e-1c3d-45b4-81f7-8e5171ffd767,55c5cbcc-f638-40ab-a1b6-dbe37fa8f72a,0,0,0,10,6523.0,2600.0,,,5081.0,17.0,,6423.0,0.8333333333333334,7,-0.13333333333333341,1,1,35,1,1,1,1,0.0,2.0,-2.0,5.0,69.0,21.0,21.0,55.0,60.0,100.0,55.0,48,60.0,53.0,85.0,-0.08333333333333337,0.4375,0,0,0.4375,0,0,5897.0,0.024537170407714165,0.0,0.0,1.0,0.0
skdclskt,2vy9s3px,761eb99e-1c3d-45b4-81f7-8e5171ffd767,d0d3f9d6-0176-4278-9bff-7f8b809b6060,0,0,0,10,5050.0,3800.0,,,4253.0,21.0,,4920.0,0.9166666666666666,8,-0.11666666666666659,2,0,21,0,0,1,1,0.0,0.0,0.0,5.0,69.0,21.0,21.0,55.0,60.0,100.0,55.0,48,60.0,53.0,85.0,-0.08333333333333337,0.4375,0,0,0.4375,0,0,5261.0,0.024537170407714165,0.0,0.0,0.0,1.0
skdclskt,87uw2jck,761eb99e-1c3d-45b4-81f7-8e5171ffd767,83ea937e-d412-4809-a354-3f08485f32fe,0,0,0,10,5633.0,2600.0,,,4790.01,21.0,,5523.0,0.9166666666666666,6,-0.31666666666666665,2,0,22,1,1,1,1,1.0,0.0,1.0,5.0,69.0,21.0,21.0,55.0,60.0,100.0,55.0,48,60.0,53.0,85.0,-0.08333333333333337,0.4375,0,0,0.4375,0,0,5798.01,0.024537170407714165,0.0,1.0,0.0,0.0
skdclskt,3ftocepp,761eb99e-1c3d-45b4-81f7-8e5171ffd767,93e6dd41-cfb5-4bb9-975b-e548014b48e6,0,0,0,10,5815.0,3800.0,,,5215.0,9.0,,5725.0,0.75,6,-0.15000000000000002,3,1,19,0,1,1,1,2.0,0.0,2.0,5.0,69.0,21.0,21.0,55.0,60.0,100.0,55.0,48,60.0,53.0,85.0,-0.08333333333333337,0.4375,0,0,0.4375,0,0,5647.0,0.024537170407714165,0.0,1.0,0.0,0.0
skdclskt,xz3dh0k4,761eb99e-1c3d-45b4-81f7-8e5171ffd767,b5055fcc-e732-4b8e-bd98-e6bfe626b3db,0,0,0,10,5047.0,2600.0,,,4432.99,18.0,,4927.0,0.6666666666666666,4,-0.2666666666666666,2,1,22,1,0,1,1,1.0,2.0,-1.0,5.0,69.0,21.0,21.0,55.0,60.0,100.0,55.0,48,60.0,53.0,85.0,-0.08333333333333337,0.4375,0,0,0.4375,0,0,5296.99,0.024537170407714165,0.5,0.0,0.5,0.0
skdclskt,x7l4wbwx,761eb99e-1c3d-45b4-81f7-8e5171ffd767,18f4a824-eb92-48ce-a99f-c0cb78a57cf2,0,0,0,10,5091.0,3800.0,,,4944.0,10.0,,4961.0,0.75,4,-0.35,3,0,20,1,1,0,1,1.0,1.0,0.0,5.0,69.0,21.0,21.0,55.0,60.0,100.0,55.0,48,60.0,53.0,85.0,-0.08333333333333337,0.4375,0,0,0.4375,0,0,5424.0,0.024537170407714165,0.5,0.0,0.5,0.0
skdclskt,9bv3gi2y,6f73b226-f3d6-453b-bec2-d4fe1457f0e7,8f572d20-95a7-46ba-ba2a-8e808117b347,1,0,0,11,6097.0,2600.0,,,5178.0,12.0,,5887.0,0.9166666666666666,1,-0.8166666666666667,45,0,29,0,0,1,1,0.0,3.0,-3.0,17.0,42.481764705882355,2.4817647058823527,2.4817647058823527,41.0,44.5,44.5,40.0,40,45.25,51.5,43.5,-0.09392265193370164,0.06204411764705882,0,0,0.06204411764705888,0,0,5658.0,0.07504567696618127,0.0,1.0,0.0,0.0
skdclskt,1tnknpce,6f73b226-f3d6-453b-bec2-d4fe1457f0e7,0d49a0af-7711-49c1-a980-1ce4cb747f19,1,0,0,11,4685.0,3800.0,,,4113.12,21.0,,4575.0,0.75,7,-0.050000000000000044,3,0,18,0,1,1,1,6.0,0.0,6.0,17.0,42.481764705882355,2.4817647058823527,2.4817647058823527,41.0,44.5,44.5,40.0,40,45.25,51.5,43.5,-0.09392265193370164,0.06204411764705882,0,0,0.06204411764705888,0,0,4953.12,0.07504567696618127,0.0,1.0,0.0,0.0
skdclskt,zkl94ida,6f73b226-f3d6-453b-bec2-d4fe1457f0e7,261c9bee-da67-4d1d-8144-87becb48c51d,1,0,0,11,7353.0,2600.0,,,6375.37,26.0,,7163.0,0.9166666666666666,5,-0.41666666666666663,1,0,18,0,0,0,1,0.0,7.0,-7.0,17.0,42.481764705882355,2.4817647058823527,2.4817647058823527,41.0,44.5,44.5,40.0,40,45.25,51.5,43.5,-0.09392265193370164,0.06204411764705882,0,0,0.06204411764705888,0,0,7415.37,0.07504567696618127,0.0,0.0,1.0,0.0
skdclskt,h7nk13vs,6f73b226-f3d6-453b-bec2-d4fe1457f0e7,f1ebfa30-9819-4739-bb3e-139f3ebb772b,1,0,0,11,5148.0,3800.0,,,4584.9400000000005,10.0,,5028.0,0.6666666666666666,4,-0.2666666666666666,4,1,19,1,0,0,1,0.0,5.0,-5.0,17.0,42.481764705882355,2.4817647058823527,2.4817647058823527,41.0,44.5,44.5,40.0,40,45.25,51.5,43.5,-0.09392265193370164,0.06204411764705882,0,0,0.06204411764705888,0,0,4984.9400000000005,0.07504567696618127,0.0,0.0,1.0,0.0
skdclskt,8rrxo8mh,6f73b226-f3d6-453b-bec2-d4fe1457f0e7,239c3d76-053a-40ec-a8c7-ed2420592ca4,1,0,0,11,5698.0,2600.0,,,4823.999999999999,23.0,,5528.0,0.75,7,-0.050000000000000044,2,1,21,1,0,1,1,5.0,2.0,3.0,17.0,42.481764705882355,2.4817647058823527,2.4817647058823527,41.0,44.5,44.5,40.0,40,45.25,51.5,43.5,-0.09392265193370164,0.06204411764705882,0,0,0.06204411764705888,0,0,5743.999999999999,0.07504567696618127,0.0,1.0,0.0,0.0
skdclskt,53wkzdsp,6f73b226-f3d6-453b-bec2-d4fe1457f0e7,54ceb134-b66d-4f4f-8ffb-b677a3be5d9d,1,0,0,11,5089.0,3800.0,,,4512.570000000001,13.0,,4929.0,0.8333333333333334,8,-0.033333333333333326,3,1,36,0,0,1,1,6.0,0.0,6.0,17.0,42.481764705882355,2.4817647058823527,2.4817647058823527,41.0,44.5,44.5,40.0,40,45.25,51.5,43.5,-0.09392265193370164,0.06204411764705882,0,0,0.06204411764705888,0,0,5032.570000000001,0.07504567696618127,1.0,0.0,0.0,0.0
skdclskt,2tmxyq59,07790da6-16e1-4c15-9884-8a76c7e84392,d9d68e96-849c-41c0-8094-a55ca3b3a355,1,0,0,11,5570.0,2600.0,,,5703.0,11.0,,5480.0,0.5833333333333334,7,0.11666666666666659,1,0,28,0,0,1,1,0.0,2.0,-2.0,6.0,106.0,66.0,66.0,100.0,113.0,113.0,100.0,40,110.0,95.0,110.0,-0.09090909090909094,1.65,0,0,1.65,0,0,6143.0,0.03171634286633683,0.0,0.0,1.0,0.0
skdclskt,klvgct3w,07790da6-16e1-4c15-9884-8a76c7e84392,c97d7d05-3010-4231-8b4c-ad5e9ce763a8,1,0,0,11,5086.0,3800.0,,,4780.0,11.0,,4926.0,0.6666666666666666,7,0.033333333333333326,2,1,19,0,0,0,1,2.0,0.0,2.0,6.0,106.0,66.0,66.0,100.0,113.0,113.0,100.0,40,110.0,95.0,110.0,-0.09090909090909094,1.65,0,0,1.65,0,0,5220.0,0.03171634286633683,0.0,0.0,0.0,1.0
skdclskt,fa5fpl4w,07790da6-16e1-4c15-9884-8a76c7e84392,804b1c25-e400-485b-a0e0-2371a4903700,1,0,0,11,5251.0,2600.0,,,4639.0,23.0,,5161.0,0.75,0,-0.75,6,1,28,0,0,1,1,0.0,0.0,0.0,6.0,106.0,66.0,66.0,100.0,113.0,113.0,100.0,40,110.0,95.0,110.0,-0.09090909090909094,1.65,0,0,1.65,0,0,5559.0,0.03171634286633683,0.0,0.0,0.0,1.0
skdclskt,0sa5xwid,07790da6-16e1-4c15-9884-8a76c7e84392,7b242fc9-bd1b-4836-a718-b85e1c1a176b,1,0,0,11,5140.0,3800.0,,,5030.0,11.0,,5050.0,0.5833333333333334,1,-0.4833333333333334,1,1,18,0,0,1,1,1.0,1.0,0.0,6.0,106.0,66.0,66.0,100.0,113.0,113.0,100.0,40,110.0,95.0,110.0,-0.09090909090909094,1.65,0,0,1.65,0,0,5470.0,0.03171634286633683,0.0,1.0,0.0,0.0
skdclskt,w5nuyib0,07790da6-16e1-4c15-9884-8a76c7e84392,29625c5b-f726-4de1-8b9e-9c49743b4cab,1,0,0,11,4813.0,2600.0,,,4738.0,22.0,,4773.0,0.3333333333333333,3,-0.033333333333333326,1,1,18,0,0,1,1,1.0,2.0,-1.0,6.0,106.0,66.0,66.0,100.0,113.0,113.0,100.0,40,110.0,95.0,110.0,-0.09090909090909094,1.65,0,0,1.65,0,0,5618.0,0.03171634286633683,0.0,0.0,0.0,1.0
skdclskt,s1twfhpt,07790da6-16e1-4c15-9884-8a76c7e84392,4b51a285-57d1-4d32-aa02-d36f8179ed63,1,0,0,11,4871.0,3800.0,,,4498.0,16.0,,4661.0,0.9166666666666666,6,-0.31666666666666665,1,1,21,1,1,1,1,2.0,1.0,1.0,6.0,106.0,66.0,66.0,100.0,113.0,113.0,100.0,40,110.0,95.0,110.0,-0.09090909090909094,1.65,0,0,1.65,0,0,5138.0,0.03171634286633683,1.0,0.0,0.0,0.0
skdclskt,tqeatlds,fd183cda-64d7-4787-9044-20debaf104a5,28c69508-f4f9-4c0e-a6a0-a4d5b22b7830,0,0,0,11,5561.0,2600.0,,,4695.12,18.0,,5351.0,0.75,7,-0.050000000000000044,2,1,19,0,0,1,1,0.0,2.0,-2.0,6.0,62.666666666666664,22.666666666666668,22.666666666666668,61.0,65.0,65.0,61.0,40,64.0,61.5,58.0,-0.046875,0.5666666666666667,0,0,0.5666666666666667,0,0,5415.12,0.014933112715603691,0.0,0.0,1.0,0.0
skdclskt,nu7ykbgx,fd183cda-64d7-4787-9044-20debaf104a5,240f44aa-0d38-416e-a4df-3e0d3cc49536,0,0,0,11,5985.0,3800.0,,,5163.25,12.0,,5815.0,0.9166666666666666,5,-0.41666666666666663,1,0,28,1,1,1,1,0.0,2.0,-2.0,6.0,62.666666666666664,22.666666666666668,22.666666666666668,61.0,65.0,65.0,61.0,40,64.0,61.5,58.0,-0.046875,0.5666666666666667,0,0,0.5666666666666667,0,0,5643.25,0.014933112715603691,0.0,0.0,1.0,0.0
skdclskt,su76nhj9,fd183cda-64d7-4787-9044-20debaf104a5,9386577d-20fa-4927-a27d-261b95e06a71,0,0,0,11,5506.0,2600.0,,,4724.88,18.0,,5386.0,0.6666666666666666,7,0.033333333333333326,4,0,23,1,1,1,1,2.0,0.0,2.0,6.0,62.666666666666664,22.666666666666668,22.666666666666668,61.0,65.0,65.0,61.0,40,64.0,61.5,58.0,-0.046875,0.5666666666666667,0,0,0.5666666666666667,0,0,5444.88,0.014933112715603691,1.0,0.0,0.0,0.0
skdclskt,c2m857p1,fd183cda-64d7-4787-9044-20debaf104a5,ec5338be-31ec-409f-8fe0-d044c43f333a,0,0,0,11,5566.0,3800.0,,,5090.0,13.0,,5356.0,0.9166666666666666,5,-0.41666666666666663,1,1,21,1,1,0,1,2.0,0.0,2.0,6.0,62.666666666666664,22.666666666666668,22.666666666666668,61.0,65.0,65.0,61.0,40,64.0,61.5,58.0,-0.046875,0.5666666666666667,0,0,0.5666666666666667,0,0,5610.0,0.014933112715603691,1.0,0.0,0.0,0.0
skdclskt,r6xuxcar,fd183cda-64d7-4787-9044-20debaf104a5,af4b90ba-123e-40d8-8867-b4991469cd39,0,0,0,11,4396.0,2600.0,,,5056.25,18.0,,4226.0,0.75,7,-0.050000000000000044,9,1,21,1,1,1,1,0.0,1.0,-1.0,6.0,62.666666666666664,22.666666666666668,22.666666666666668,61.0,65.0,65.0,61.0,40,64.0,61.5,58.0,-0.046875,0.5666666666666667,0,0,0.5666666666666667,0,0,5776.25,0.014933112715603691,0.0,0.0,1.0,0.0
skdclskt,2y2lzizt,fd183cda-64d7-4787-9044-20debaf104a5,8d9117f6-c825-440d-86c0-64b78e6ca745,0,0,0,11,4734.0,3800.0,,,4750.5,15.0,,4534.0,0.8333333333333334,2,-0.6333333333333333,3,1,34,1,1,1,1,2.0,1.0,1.0,6.0,62.666666666666664,22.666666666666668,22.666666666666668,61.0,65.0,65.0,61.0,40,64.0,61.5,58.0,-0.046875,0.5666666666666667,0,0,0.5666666666666667,0,0,5350.5,0.014933112715603691,1.0,0.0,0.0,0.0
skdclskt,0qc91a5a,761eb99e-1c3d-45b4-81f7-8e5171ffd767,55c5cbcc-f638-40ab-a1b6-dbe37fa8f72a,0,0,0,11,6523.0,2600.0,,,5306.0,16.0,,6423.0,0.8333333333333334,7,-0.13333333333333341,1,1,35,1,1,1,1,1.0,2.0,-1.0,8.0,69.5,29.5,29.5,85.0,60.0,85.0,56.0,40,55.0,60.0,60.0,0.5454545454545454,0.7375,0,0,0.7375,0,0,5946.0,0.027413768900653758,0.0,0.0,1.0,0.0
skdclskt,2vy9s3px,761eb99e-1c3d-45b4-81f7-8e5171ffd767,d0d3f9d6-0176-4278-9bff-7f8b809b6060,0,0,0,11,5050.0,3800.0,,,4426.0,19.0,,4920.0,0.9166666666666666,8,-0.11666666666666659,2,0,21,0,0,1,1,1.0,1.0,0.0,8.0,69.5,29.5,29.5,85.0,60.0,85.0,56.0,40,55.0,60.0,60.0,0.5454545454545454,0.7375,0,0,0.7375,0,0,5186.0,0.027413768900653758,0.0,0.0,0.0,1.0
skdclskt,87uw2jck,761eb99e-1c3d-45b4-81f7-8e5171ffd767,83ea937e-d412-4809-a354-3f08485f32fe,0,0,0,11,5633.0,2600.0,,,4818.01,23.0,,5523.0,0.9166666666666666,6,-0.31666666666666665,2,0,22,1,1,1,1,2.0,0.0,2.0,8.0,69.5,29.5,29.5,85.0,60.0,85.0,56.0,40,55.0,60.0,60.0,0.5454545454545454,0.7375,0,0,0.7375,0,0,5738.01,0.027413768900653758,0.0,1.0,0.0,0.0
skdclskt,3ftocepp,761eb99e-1c3d-45b4-81f7-8e5171ffd767,93e6dd41-cfb5-4bb9-975b-e548014b48e6,0,0,0,11,5815.0,3800.0,,,5287.0,10.0,,5725.0,0.75,6,-0.15000000000000002,3,1,19,0,1,1,1,0.0,0.0,0.0,8.0,69.5,29.5,29.5,85.0,60.0,85.0,56.0,40,55.0,60.0,60.0,0.5454545454545454,0.7375,0,0,0.7375,0,0,5687.0,0.027413768900653758,0.0,1.0,0.0,0.0
skdclskt,xz3dh0k4,761eb99e-1c3d-45b4-81f7-8e5171ffd767,b5055fcc-e732-4b8e-bd98-e6bfe626b3db,0,0,0,11,5047.0,2600.0,,,4552.99,18.0,,4927.0,0.6666666666666666,4,-0.2666666666666666,2,1,22,1,0,1,1,3.0,3.0,0.0,8.0,69.5,29.5,29.5,85.0,60.0,85.0,56.0,40,55.0,60.0,60.0,0.5454545454545454,0.7375,0,0,0.7375,0,0,5272.99,0.027413768900653758,0.5,0.0,0.5,0.0
skdclskt,x7l4wbwx,761eb99e-1c3d-45b4-81f7-8e5171ffd767,18f4a824-eb92-48ce-a99f-c0cb78a57cf2,0,0,0,11,5091.0,3800.0,,,5094.0,8.0,,4961.0,0.75,4,-0.35,3,0,20,1,1,0,1,1.0,2.0,-1.0,8.0,69.5,29.5,29.5,85.0,60.0,85.0,56.0,40,55.0,60.0,60.0,0.5454545454545454,0.7375,0,0,0.7375,0,0,5414.0,0.027413768900653758,0.5,0.0,0.5,0.0
skdclskt,9bv3gi2y,6f73b226-f3d6-453b-bec2-d4fe1457f0e7,8f572d20-95a7-46ba-ba2a-8e808117b347,1,0,0,12,6097.0,2600.0,34.0,3.0,5357.0,9.0,,5887.0,0.9166666666666666,1,-0.8166666666666667,45,0,29,0,0,1,1,1.0,3.0,-2.0,26.0,38.856153846153845,6.856153846153846,6.856153846153846,43.5,41.0,45.0,32.0,32,41.0,45.25,30.0,0.060975609756097615,0.21425480769230767,0,0,0.21425480769230765,0,0,5645.0,0.06948100027940764,0.0,1.0,0.0,0.0
skdclskt,1tnknpce,6f73b226-f3d6-453b-bec2-d4fe1457f0e7,0d49a0af-7711-49c1-a980-1ce4cb747f19,1,0,0,12,4685.0,3800.0,44.0,5.0,4169.12,24.0,,4575.0,0.75,7,-0.050000000000000044,3,0,18,0,1,1,1,3.0,0.0,3.0,26.0,38.856153846153845,6.856153846153846,6.856153846153846,43.5,41.0,45.0,32.0,32,41.0,45.25,30.0,0.060975609756097615,0.21425480769230767,0,0,0.21425480769230765,0,0,4937.12,0.06948100027940764,0.0,1.0,0.0,0.0
skdclskt,zkl94ida,6f73b226-f3d6-453b-bec2-d4fe1457f0e7,261c9bee-da67-4d1d-8144-87becb48c51d,1,0,0,12,7353.0,2600.0,30.0,1.0,7153.38,0.0,,7163.0,0.9166666666666666,5,-0.41666666666666663,1,0,18,0,0,0,1,0.0,15.0,-15.0,26.0,38.856153846153845,6.856153846153846,6.856153846153846,43.5,41.0,45.0,32.0,32,41.0,45.25,30.0,0.060975609756097615,0.21425480769230767,0,0,0.21425480769230765,0,0,7153.38,0.06948100027940764,0.0,0.0,1.0,0.0
skdclskt,h7nk13vs,6f73b226-f3d6-453b-bec2-d4fe1457f0e7,f1ebfa30-9819-4739-bb3e-139f3ebb772b,1,0,0,12,5148.0,3800.0,10.0,4.0,4520.18,15.0,,5028.0,0.6666666666666666,4,-0.2666666666666666,4,1,19,1,0,0,1,8.0,4.0,4.0,26.0,38.856153846153845,6.856153846153846,6.856153846153846,43.5,41.0,45.0,32.0,32,41.0,45.25,30.0,0.060975609756097615,0.21425480769230767,0,0,0.21425480769230765,0,0,5000.18,0.06948100027940764,0.0,0.0,1.0,0.0
skdclskt,8rrxo8mh,6f73b226-f3d6-453b-bec2-d4fe1457f0e7,239c3d76-053a-40ec-a8c7-ed2420592ca4,1,0,0,12,5698.0,2600.0,39.0,3.0,4932.749999999999,24.0,,5528.0,0.75,7,-0.050000000000000044,2,1,21,1,0,1,1,6.0,4.0,2.0,26.0,38.856153846153845,6.856153846153846,6.856153846153846,43.5,41.0,45.0,32.0,32,41.0,45.25,30.0,0.060975609756097615,0.21425480769230767,0,0,0.21425480769230765,0,0,5700.749999999999,0.06948100027940764,0.0,1.0,0.0,0.0
skdclskt,53wkzdsp,6f73b226-f3d6-453b-bec2-d4fe1457f0e7,54ceb134-b66d-4f4f-8ffb-b677a3be5d9d,1,0,0,12,5089.0,3800.0,30.0,4.0,4295.570000000001,21.0,,4929.0,0.8333333333333334,8,-0.033333333333333326,3,1,36,0,0,1,1,8.0,0.0,8.0,26.0,38.856153846153845,6.856153846153846,6.856153846153846,43.5,41.0,45.0,32.0,32,41.0,45.25,30.0,0.060975609756097615,0.21425480769230767,0,0,0.21425480769230765,0,0,4967.570000000001,0.06948100027940764,1.0,0.0,0.0,0.0
skdclskt,2tmxyq59,07790da6-16e1-4c15-9884-8a76c7e84392,d9d68e96-849c-41c0-8094-a55ca3b3a355,1,0,0,12,5570.0,2600.0,100.0,3.0,6001.0,9.0,,5480.0,0.5833333333333334,7,0.11666666666666659,1,0,28,0,0,1,1,0.0,2.0,-2.0,6.0,102.5,70.5,70.5,110.0,90.0,110.0,90.0,32,100.0,110.0,109.0,0.10000000000000009,2.203125,0,0,2.203125,0,0,6289.0,0.0343982318665863,0.0,0.0,1.0,0.0
skdclskt,klvgct3w,07790da6-16e1-4c15-9884-8a76c7e84392,c97d7d05-3010-4231-8b4c-ad5e9ce763a8,1,0,0,12,5086.0,3800.0,110.0,5.0,4868.0,11.0,,4926.0,0.6666666666666666,7,0.033333333333333326,2,1,19,0,0,0,1,0.0,0.0,0.0,6.0,102.5,70.5,70.5,110.0,90.0,110.0,90.0,32,100.0,110.0,109.0,0.10000000000000009,2.203125,0,0,2.203125,0,0,5220.0,0.0343982318665863,0.0,0.0,0.0,1.0
skdclskt,fa5fpl4w,07790da6-16e1-4c15-9884-8a76c7e84392,804b1c25-e400-485b-a0e0-2371a4903700,1,0,0,12,5251.0,2600.0,0.0,0.0,4743.0,24.0,,5161.0,0.75,0,-0.75,6,1,28,0,0,1,1,2.0,1.0,1.0,6.0,102.5,70.5,70.5,110.0,90.0,110.0,90.0,32,100.0,110.0,109.0,0.10000000000000009,2.203125,0,0,2.203125,0,0,5511.0,0.0343982318665863,0.0,0.0,0.0,1.0
skdclskt,0sa5xwid,07790da6-16e1-4c15-9884-8a76c7e84392,7b242fc9-bd1b-4836-a718-b85e1c1a176b,1,0,0,12,5140.0,3800.0,120.0,2.0,4998.0,12.0,,5050.0,0.5833333333333334,1,-0.4833333333333334,1,1,18,0,0,1,1,2.0,1.0,1.0,6.0,102.5,70.5,70.5,110.0,90.0,110.0,90.0,32,100.0,110.0,109.0,0.10000000000000009,2.203125,0,0,2.203125,0,0,5382.0,0.0343982318665863,0.0,1.0,0.0,0.0
skdclskt,w5nuyib0,07790da6-16e1-4c15-9884-8a76c7e84392,29625c5b-f726-4de1-8b9e-9c49743b4cab,1,0,0,12,4813.0,2600.0,200.0,2.0,4899.0,22.0,,4773.0,0.3333333333333333,3,-0.033333333333333326,1,1,18,0,0,1,1,1.0,1.0,0.0,6.0,102.5,70.5,70.5,110.0,90.0,110.0,90.0,32,100.0,110.0,109.0,0.10000000000000009,2.203125,0,0,2.203125,0,0,5603.0,0.0343982318665863,0.0,0.0,0.0,1.0
skdclskt,s1twfhpt,07790da6-16e1-4c15-9884-8a76c7e84392,4b51a285-57d1-4d32-aa02-d36f8179ed63,1,0,0,12,4871.0,3800.0,110.0,4.0,4631.0,17.0,,4661.0,0.9166666666666666,6,-0.31666666666666665,1,1,21,1,1,1,1,1.0,1.0,0.0,6.0,102.5,70.5,70.5,110.0,90.0,110.0,90.0,32,100.0,110.0,109.0,0.10000000000000009,2.203125,0,0,2.203125,0,0,5175.0,0.0343982318665863,1.0,0.0,0.0,0.0
skdclskt,tqeatlds,fd183cda-64d7-4787-9044-20debaf104a5,28c69508-f4f9-4c0e-a6a0-a4d5b22b7830,0,0,0,12,5561.0,2600.0,60.0,3.0,4955.12,15.0,,5351.0,0.75,7,-0.050000000000000044,2,1,19,0,0,1,1,1.0,3.0,-2.0,9.0,59.583333333333336,27.583333333333332,27.583333333333332,58.0,60.5,62.0,58.0,32,61.0,64.0,60.0,-0.049180327868852514,0.8619791666666666,0,0,0.8619791666666667,0,0,5435.12,0.013599835381032682,0.0,0.0,1.0,0.0
skdclskt,nu7ykbgx,fd183cda-64d7-4787-9044-20debaf104a5,240f44aa-0d38-416e-a4df-3e0d3cc49536,0,0,0,12,5985.0,3800.0,54.0,3.0,5261.25,12.0,,5815.0,0.9166666666666666,5,-0.41666666666666663,1,0,28,1,1,1,1,1.0,1.0,0.0,9.0,59.583333333333336,27.583333333333332,27.583333333333332,58.0,60.5,62.0,58.0,32,61.0,64.0,60.0,-0.049180327868852514,0.8619791666666666,0,0,0.8619791666666667,0,0,5645.25,0.013599835381032682,0.0,0.0,1.0,0.0
skdclskt,su76nhj9,fd183cda-64d7-4787-9044-20debaf104a5,9386577d-20fa-4927-a27d-261b95e06a71,0,0,0,12,5506.0,2600.0,60.0,3.0,4572.63,25.0,,5386.0,0.6666666666666666,7,0.033333333333333326,4,0,23,1,1,1,1,5.0,0.0,5.0,9.0,59.583333333333336,27.583333333333332,27.583333333333332,58.0,60.5,62.0,58.0,32,61.0,64.0,60.0,-0.049180327868852514,0.8619791666666666,0,0,0.8619791666666667,0,0,5372.63,0.013599835381032682,1.0,0.0,0.0,0.0
skdclskt,c2m857p1,fd183cda-64d7-4787-9044-20debaf104a5,ec5338be-31ec-409f-8fe0-d044c43f333a,0,0,0,12,5566.0,3800.0,64.0,2.0,5136.0,12.0,,5356.0,0.9166666666666666,5,-0.41666666666666663,1,1,21,1,1,0,1,1.0,0.0,1.0,9.0,59.583333333333336,27.583333333333332,27.583333333333332,58.0,60.5,62.0,58.0,32,61.0,64.0,60.0,-0.049180327868852514,0.8619791666666666,0,0,0.8619791666666667,0,0,5520.0,0.013599835381032682,1.0,0.0,0.0,0.0
skdclskt,r6xuxcar,fd183cda-64d7-4787-9044-20debaf104a5,af4b90ba-123e-40d8-8867-b4991469cd39,0,0,0,12,4396.0,2600.0,55.0,4.0,5200.25,18.0,,4226.0,0.75,7,-0.050000000000000044,9,1,21,1,1,1,1,0.0,0.0,0.0,9.0,59.583333333333336,27.583333333333332,27.583333333333332,58.0,60.5,62.0,58.0,32,61.0,64.0,60.0,-0.049180327868852514,0.8619791666666666,0,0,0.8619791666666667,0,0,5776.25,0.013599835381032682,0.0,0.0,1.0,0.0
skdclskt,2y2lzizt,fd183cda-64d7-4787-9044-20debaf104a5,8d9117f6-c825-440d-86c0-64b78e6ca745,0,0,0,12,4734.0,3800.0,63.0,3.0,5106.75,11.0,,4534.0,0.8333333333333334,2,-0.6333333333333333,3,1,34,1,1,1,1,1.0,5.0,-4.0,9.0,59.583333333333336,27.583333333333332,27.583333333333332,58.0,60.5,62.0,58.0,32,61.0,64.0,60.0,-0.049180327868852514,0.8619791666666666,0,0,0.8619791666666667,0,0,5458.75,0.013599835381032682,1.0,0.0,0.0,0.0
skdclskt,0qc91a5a,761eb99e-1c3d-45b4-81f7-8e5171ffd767,55c5cbcc-f638-40ab-a1b6-dbe37fa8f72a,0,0,0,12,6523.0,2600.0,24.0,5.0,5669.0,13.0,,6423.0,0.8333333333333334,7,-0.13333333333333341,1,1,35,1,1,1,1,0.0,4.0,-4.0,7.0,65.42857142857143,33.42857142857143,33.42857142857143,60.0,84.0,84.0,50.0,32,85.0,55.0,40.0,-0.2941176470588235,1.0446428571428572,0,0,1.0446428571428572,0,0,6085.0,0.03269514831271767,0.0,0.0,1.0,0.0
skdclskt,2vy9s3px,761eb99e-1c3d-45b4-81f7-8e5171ffd767,d0d3f9d6-0176-4278-9bff-7f8b809b6060,0,0,0,12,5050.0,3800.0,70.0,4.0,4458.0,23.0,,4920.0,0.9166666666666666,8,-0.11666666666666659,2,0,21,0,0,1,1,2.0,0.0,2.0,7.0,65.42857142857143,33.42857142857143,33.42857142857143,60.0,84.0,84.0,50.0,32,85.0,55.0,40.0,-0.2941176470588235,1.0446428571428572,0,0,1.0446428571428572,0,0,5194.0,0.03269514831271767,0.0,0.0,0.0,1.0
skdclskt,87uw2jck,761eb99e-1c3d-45b4-81f7-8e5171ffd767,83ea937e-d412-4809-a354-3f08485f32fe,0,0,0,12,5633.0,2600.0,4.0,4.0,4942.01,24.0,,5523.0,0.9166666666666666,6,-0.31666666666666665,2,0,22,1,1,1,1,1.0,0.0,1.0,7.0,65.42857142857143,33.42857142857143,33.42857142857143,60.0,84.0,84.0,50.0,32,85.0,55.0,40.0,-0.2941176470588235,1.0446428571428572,0,0,1.0446428571428572,0,0,5710.01,0.03269514831271767,0.0,1.0,0.0,0.0
skdclskt,3ftocepp,761eb99e-1c3d-45b4-81f7-8e5171ffd767,93e6dd41-cfb5-4bb9-975b-e548014b48e6,0,0,0,12,5815.0,3800.0,5600.0,4.0,5530.0,7.0,,5725.0,0.75,6,-0.15000000000000002,3,1,19,0,1,1,1,0.0,2.0,-2.0,7.0,65.42857142857143,33.42857142857143,33.42857142857143,60.0,84.0,84.0,50.0,32,85.0,55.0,40.0,-0.2941176470588235,1.0446428571428572,0,0,1.0446428571428572,0,0,5754.0,0.03269514831271767,0.0,1.0,0.0,0.0
skdclskt,xz3dh0k4,761eb99e-1c3d-45b4-81f7-8e5171ffd767,b5055fcc-e732-4b8e-bd98-e6bfe626b3db,0,0,0,12,5047.0,2600.0,85.0,3.0,4538.99,20.0,,4927.0,0.6666666666666666,4,-0.2666666666666666,2,1,22,1,0,1,1,3.0,1.0,2.0,7.0,65.42857142857143,33.42857142857143,33.42857142857143,60.0,84.0,84.0,50.0,32,85.0,55.0,40.0,-0.2941176470588235,1.0446428571428572,0,0,1.0446428571428572,0,0,5178.99,0.03269514831271767,0.5,0.0,0.5,0.0
skdclskt,x7l4wbwx,761eb99e-1c3d-45b4-81f7-8e5171ffd767,18f4a824-eb92-48ce-a99f-c0cb78a57cf2,0,0,0,12,5091.0,3800.0,20.0,1.0,5098.0,9.0,,4961.0,0.75,4,-0.35,3,0,20,1,1,0,1,1.0,0.0,1.0,7.0,65.42857142857143,33.42857142857143,33.42857142857143,60.0,84.0,84.0,50.0,32,85.0,55.0,40.0,-0.2941176470588235,1.0446428571428572,0,0,1.0446428571428572,0,0,5386.0,0.03269514831271767,0.5,0.0,0.5,0.0
skdclskt,9bv3gi2y,6f73b226-f3d6-453b-bec2-d4fe1457f0e7,8f572d20-95a7-46ba-ba2a-8e808117b347,1,0,0,13,6097.0,2600.0,,,5429.0,9.0,,5887.0,0.9166666666666666,1,-0.8166666666666667,45,0,29,0,0,1,1,0.0,0.0,0.0,3.0,32.583333333333336,8.583333333333334,8.583333333333334,30.0,37.75,37.75,30.0,24,43.5,41.0,39.5,-0.31034482758620685,0.3576388888888889,0,0,0.357638888888889,0,0,5645.0,0.06973567006191331,0.0,1.0,0.0,0.0
skdclskt,1tnknpce,6f73b226-f3d6-453b-bec2-d4fe1457f0e7,0d49a0af-7711-49c1-a980-1ce4cb747f19,1,0,0,13,4685.0,3800.0,,,4301.12,26.0,,4575.0,0.75,7,-0.050000000000000044,3,0,18,0,1,1,1,2.0,0.0,2.0,3.0,32.583333333333336,8.583333333333334,8.583333333333334,30.0,37.75,37.75,30.0,24,43.5,41.0,39.5,-0.31034482758620685,0.3576388888888889,0,0,0.357638888888889,0,0,4925.12,0.06973567006191331,0.0,1.0,0.0,0.0
skdclskt,zkl94ida,6f73b226-f3d6-453b-bec2-d4fe1457f0e7,261c9bee-da67-4d1d-8144-87becb48c51d,1,0,0,13,7353.0,2600.0,,,7153.38,0.0,,7163.0,0.9166666666666666,5,-0.41666666666666663,1,0,18,0,0,0,1,0.0,0.0,0.0,3.0,32.583333333333336,8.583333333333334,8.583333333333334,30.0,37.75,37.75,30.0,24,43.5,41.0,39.5,-0.31034482758620685,0.3576388888888889,0,0,0.357638888888889,0,0,7153.38,0.06973567006191331,0.0,0.0,1.0,0.0
skdclskt,h7nk13vs,6f73b226-f3d6-453b-bec2-d4fe1457f0e7,f1ebfa30-9819-4739-bb3e-139f3ebb772b,1,0,0,13,5148.0,3800.0,,,4707.93,12.0,,5028.0,0.6666666666666666,4,-0.2666666666666666,4,1,19,1,0,0,1,0.0,2.0,-2.0,3.0,32.583333333333336,8.583333333333334,8.583333333333334,30.0,37.75,37.75,30.0,24,43.5,41.0,39.5,-0.31034482758620685,0.3576388888888889,0,0,0.357638888888889,0,0,4995.93,0.06973567006191331,0.0,0.0,1.0,0.0
skdclskt,8rrxo8mh,6f73b226-f3d6-453b-bec2-d4fe1457f0e7,239c3d76-053a-40ec-a8c7-ed2420592ca4,1,0,0,13,5698.0,2600.0,,,5116.999999999999,24.0,,5528.0,0.75,7,-0.050000000000000044,2,1,21,1,0,1,1,1.0,1.0,0.0,3.0,32.583333333333336,8.583333333333334,8.583333333333334,30.0,37.75,37.75,30.0,24,43.5,41.0,39.5,-0.31034482758620685,0.3576388888888889,0,0,0.357638888888889,0,0,5692.999999999999,0.06973567006191331,0.0,1.0,0.0,0.0
skdclskt,53wkzdsp,6f73b226-f3d6-453b-bec2-d4fe1457f0e7,54ceb134-b66d-4f4f-8ffb-b677a3be5d9d,1,0,0,13,5089.0,3800.0,,,4463.570000000001,21.0,,4929.0,0.8333333333333334,8,-0.033333333333333326,3,1,36,0,0,1,1,0.0,0.0,0.0,3.0,32.583333333333336,8.583333333333334,8.583333333333334,30.0,37.75,37.75,30.0,24,43.5,41.0,39.5,-0.31034482758620685,0.3576388888888889,0,0,0.357638888888889,0,0,4967.570000000001,0.06973567006191331,1.0,0.0,0.0,0.0
skdclskt,2tmxyq59,07790da6-16e1-4c15-9884-8a76c7e84392,d9d68e96-849c-41c0-8094-a55ca3b3a355,1,0,0,13,5570.0,2600.0,,,6371.0,6.0,,5480.0,0.5833333333333334,7,0.11666666666666659,1,0,28,0,0,1,1,0.0,3.0,-3.0,7.0,103.14285714285714,79.14285714285714,79.14285714285714,109.0,110.0,110.0,99.0,24,110.0,100.0,95.0,-0.009090909090909038,3.2976190476190474,0,0,3.2976190476190474,0,0,6515.0,0.04331279449075752,0.0,0.0,1.0,0.0
skdclskt,klvgct3w,07790da6-16e1-4c15-9884-8a76c7e84392,c97d7d05-3010-4231-8b4c-ad5e9ce763a8,1,0,0,13,5086.0,3800.0,,,4646.0,14.0,,4926.0,0.6666666666666666,7,0.033333333333333326,2,1,19,0,0,0,1,3.0,0.0,3.0,7.0,103.14285714285714,79.14285714285714,79.14285714285714,109.0,110.0,110.0,99.0,24,110.0,100.0,95.0,-0.009090909090909038,3.2976190476190474,0,0,3.2976190476190474,0,0,4982.0,0.04331279449075752,0.0,0.0,0.0,1.0
skdclskt,fa5fpl4w,07790da6-16e1-4c15-9884-8a76c7e84392,804b1c25-e400-485b-a0e0-2371a4903700,1,0,0,13,5251.0,2600.0,,,4935.0,23.0,,5161.0,0.75,0,-0.75,6,1,28,0,0,1,1,0.0,0.0,0.0,7.0,103.14285714285714,79.14285714285714,79.14285714285714,109.0,110.0,110.0,99.0,24,110.0,100.0,95.0,-0.009090909090909038,3.2976190476190474,0,0,3.2976190476190474,0,0,5487.0,0.04331279449075752,0.0,0.0,0.0,1.0
skdclskt,0sa5xwid,07790da6-16e1-4c15-9884-8a76c7e84392,7b242fc9-bd1b-4836-a718-b85e1c1a176b,1,0,0,13,5140.0,3800.0,,,5100.0,12.0,,5050.0,0.5833333333333334,1,-0.4833333333333334,1,1,18,0,0,1,1,1.0,1.0,0.0,7.0,103.14285714285714,79.14285714285714,79.14285714285714,109.0,110.0,110.0,99.0,24,110.0,100.0,95.0,-0.009090909090909038,3.2976190476190474,0,0,3.2976190476190474,0,0,5388.0,0.04331279449075752,0.0,1.0,0.0,0.0
skdclskt,w5nuyib0,07790da6-16e1-4c15-9884-8a76c7e84392,29625c5b-f726-4de1-8b9e-9c49743b4cab,1,0,0,13,4813.0,2600.0,,,4980.0,22.0,,4773.0,0.3333333333333333,3,-0.033333333333333326,1,1,18,0,0,1,1,2.0,1.0,1.0,7.0,103.14285714285714,79.14285714285714,79.14285714285714,109.0,110.0,110.0,99.0,24,110.0,100.0,95.0,-0.009090909090909038,3.2976190476190474,0,0,3.2976190476190474,0,0,5508.0,0.04331279449075752,0.0,0.0,0.0,1.0
skdclskt,s1twfhpt,07790da6-16e1-4c15-9884-8a76c7e84392,4b51a285-57d1-4d32-aa02-d36f8179ed63,1,0,0,13,4871.0,3800.0,,,4868.0,15.0,,4661.0,0.9166666666666666,6,-0.31666666666666665,1,1,21,1,1,1,1,1.0,2.0,-1.0,7.0,103.14285714285714,79.14285714285714,79.14285714285714,109.0,110.0,110.0,99.0,24,110.0,100.0,95.0,-0.009090909090909038,3.2976190476190474,0,0,3.2976190476190474,0,0,5228.0,0.04331279449075752,1.0,0.0,0.0,0.0
skdclskt,tqeatlds,fd183cda-64d7-4787-9044-20debaf104a5,28c69508-f4f9-4c0e-a6a0-a4d5b22b7830,0,0,0,13,5561.0,2600.0,,,4591.99,23.0,,5351.0,0.75,7,-0.050000000000000044,2,1,19,0,0,1,1,8.0,0.0,8.0,10.0,60.413,36.413,36.413,60.0,61.5,62.38,54.75,24,58.0,61.0,50.25,0.034482758620689724,1.5172083333333333,0,0,1.5172083333333333,0,0,5143.99,0.022585120051393244,0.0,0.0,1.0,0.0
skdclskt,nu7ykbgx,fd183cda-64d7-4787-9044-20debaf104a5,240f44aa-0d38-416e-a4df-3e0d3cc49536,0,0,0,13,5985.0,3800.0,,,5603.75,8.0,,5815.0,0.9166666666666666,5,-0.41666666666666663,1,0,28,1,1,1,1,0.0,4.0,-4.0,10.0,60.413,36.413,36.413,60.0,61.5,62.38,54.75,24,58.0,61.0,50.25,0.034482758620689724,1.5172083333333333,0,0,1.5172083333333333,0,0,5795.75,0.022585120051393244,0.0,0.0,1.0,0.0
skdclskt,su76nhj9,fd183cda-64d7-4787-9044-20debaf104a5,9386577d-20fa-4927-a27d-261b95e06a71,0,0,0,13,5506.0,2600.0,,,5011.76,20.0,,5386.0,0.6666666666666666,7,0.033333333333333326,4,0,23,1,1,1,1,0.0,4.0,-4.0,10.0,60.413,36.413,36.413,60.0,61.5,62.38,54.75,24,58.0,61.0,50.25,0.034482758620689724,1.5172083333333333,0,0,1.5172083333333333,0,0,5491.76,0.022585120051393244,1.0,0.0,0.0,0.0
skdclskt,c2m857p1,fd183cda-64d7-4787-9044-20debaf104a5,ec5338be-31ec-409f-8fe0-d044c43f333a,0,0,0,13,5566.0,3800.0,,,5232.0,13.0,,5356.0,0.9166666666666666,5,-0.41666666666666663,1,1,21,1,1,0,1,0.0,0.0,0.0,10.0,60.413,36.413,36.413,60.0,61.5,62.38,54.75,24,58.0,61.0,50.25,0.034482758620689724,1.5172083333333333,0,0,1.5172083333333333,0,0,5544.0,0.022585120051393244,1.0,0.0,0.0,0.0
skdclskt,r6xuxcar,fd183cda-64d7-4787-9044-20debaf104a5,af4b90ba-123e-40d8-8867-b4991469cd39,0,0,0,13,4396.0,2600.0,,,5401.75,17.0,,4226.0,0.75,7,-0.050000000000000044,9,1,21,1,1,1,1,1.0,2.0,-1.0,10.0,60.413,36.413,36.413,60.0,61.5,62.38,54.75,24,58.0,61.0,50.25,0.034482758620689724,1.5172083333333333,0,0,1.5172083333333333,0,0,5809.75,0.022585120051393244,0.0,0.0,1.0,0.0
skdclskt,2y2lzizt,fd183cda-64d7-4787-9044-20debaf104a5,8d9117f6-c825-440d-86c0-64b78e6ca745,0,0,0,13,4734.0,3800.0,,,5134.75,12.0,,4534.0,0.8333333333333334,2,-0.6333333333333333,3,1,34,1,1,1,1,1.0,0.0,1.0,10.0,60.413,36.413,36.413,60.0,61.5,62.38,54.75,24,58.0,61.0,50.25,0.034482758620689724,1.5172083333333333,0,0,1.5172083333333333,0,0,5422.75,0.022585120051393244,1.0,0.0,0.0,0.0
skdclskt,0qc91a5a,761eb99e-1c3d-45b4-81f7-8e5171ffd767,55c5cbcc-f638-40ab-a1b6-dbe37fa8f72a,0,0,0,13,6523.0,2600.0,,,6144.0,8.0,,6423.0,0.8333333333333334,7,-0.13333333333333341,1,1,35,1,1,1,1,0.0,6.0,-6.0,11.0,57.27272727272727,33.27272727272727,33.63636363636363,40.0,78.0,79.0,22.0,24,60.0,85.0,25.0,-0.33333333333333337,1.4015151515151514,0,0,1.3863636363636365,0,0,6336.0,0.041741915497461736,0.0,0.0,1.0,0.0
skdclskt,2vy9s3px,761eb99e-1c3d-45b4-81f7-8e5171ffd767,d0d3f9d6-0176-4278-9bff-7f8b809b6060,0,0,0,13,5050.0,3800.0,,,4642.0,25.0,,4920.0,0.9166666666666666,8,-0.11666666666666659,2,0,21,0,0,1,1,1.0,1.0,0.0,11.0,57.27272727272727,33.27272727272727,33.63636363636363,40.0,78.0,79.0,22.0,24,60.0,85.0,25.0,-0.33333333333333337,1.4015151515151514,0,0,1.3863636363636365,0,0,5242.0,0.041741915497461736,0.0,0.0,0.0,1.0
skdclskt,87uw2jck,761eb99e-1c3d-45b4-81f7-8e5171ffd767,83ea937e-d412-4809-a354-3f08485f32fe,0,0,0,13,5633.0,2600.0,,,4879.01,29.0,,5523.0,0.9166666666666666,6,-0.31666666666666665,2,0,22,1,1,1,1,5.0,0.0,5.0,11.0,57.27272727272727,33.27272727272727,33.63636363636363,40.0,78.0,79.0,22.0,24,60.0,85.0,25.0,-0.33333333333333337,1.4015151515151514,0,0,1.3863636363636365,0,0,5575.01,0.041741915497461736,0.0,1.0,0.0,0.0
skdclskt,3ftocepp,761eb99e-1c3d-45b4-81f7-8e5171ffd767,93e6dd41-cfb5-4bb9-975b-e548014b48e6,0,0,0,13,5815.0,3800.0,,,5643.0,6.0,,5725.0,0.75,6,-0.15000000000000002,3,1,19,0,1,1,1,1.0,1.0,0.0,11.0,57.27272727272727,33.27272727272727,33.63636363636363,40.0,78.0,79.0,22.0,24,60.0,85.0,25.0,-0.33333333333333337,1.4015151515151514,0,0,1.3863636363636365,0,0,5787.0,0.041741915497461736,0.0,1.0,0.0,0.0
skdclskt,xz3dh0k4,761eb99e-1c3d-45b4-81f7-8e5171ffd767,b5055fcc-e732-4b8e-bd98-e6bfe626b3db,0,0,0,13,5047.0,2600.0,,,4525.99,21.0,,4927.0,0.6666666666666666,4,-0.2666666666666666,2,1,22,1,0,1,1,3.0,2.0,1.0,11.0,57.27272727272727,33.27272727272727,33.63636363636363,40.0,78.0,79.0,22.0,24,60.0,85.0,25.0,-0.33333333333333337,1.4015151515151514,0,0,1.3863636363636365,0,0,5029.99,0.041741915497461736,0.5,0.0,0.5,0.0
skdclskt,x7l4wbwx,761eb99e-1c3d-45b4-81f7-8e5171ffd767,18f4a824-eb92-48ce-a99f-c0cb78a57cf2,0,0,0,13,5091.0,3800.0,,,5170.0,9.0,,4961.0,0.75,4,-0.35,3,0,20,1,1,0,1,1.0,1.0,0.0,11.0,57.27272727272727,33.27272727272727,33.63636363636363,40.0,78.0,79.0,22.0,24,60.0,85.0,25.0,-0.33333333333333337,1.4015151515151514,0,0,1.3863636363636365,0,0,5386.0,0.041741915497461736,0.5,0.0,0.5,0.0
skdclskt,9bv3gi2y,6f73b226-f3d6-453b-bec2-d4fe1457f0e7,8f572d20-95a7-46ba-ba2a-8e808117b347,1,0,0,14,6097.0,2600.0,,,5693.5,3.0,,5887.0,0.9166666666666666,1,-0.8166666666666667,45,0,29,0,0,1,1,0.0,5.0,-5.0,10.0,36.95,20.95,20.95,39.5,35.0,40.0,30.0,16,30.0,43.5,23.0,0.31666666666666665,1.309375,0,0,1.3093750000000002,0,0,5741.5,0.07427137033928785,0.0,1.0,0.0,0.0
skdclskt,1tnknpce,6f73b226-f3d6-453b-bec2-d4fe1457f0e7,0d49a0af-7711-49c1-a980-1ce4cb747f19,1,0,0,14,4685.0,3800.0,,,4209.62,34.0,,4575.0,0.75,7,-0.050000000000000044,3,0,18,0,1,1,1,8.0,0.0,8.0,10.0,36.95,20.95,20.95,39.5,35.0,40.0,30.0,16,30.0,43.5,23.0,0.31666666666666665,1.309375,0,0,1.3093750000000002,0,0,4753.62,0.07427137033928785,0.0,1.0,0.0,0.0
skdclskt,zkl94ida,6f73b226-f3d6-453b-bec2-d4fe1457f0e7,261c9bee-da67-4d1d-8144-87becb48c51d,1,0,0,14,7353.0,2600.0,,,7118.38,2.0,,7163.0,0.9166666666666666,5,-0.41666666666666663,1,0,18,0,0,0,1,1.0,0.0,1.0,10.0,36.95,20.95,20.95,39.5,35.0,40.0,30.0,16,30.0,43.5,23.0,0.31666666666666665,1.309375,0,0,1.3093750000000002,0,0,7150.38,0.07427137033928785,0.0,0.0,1.0,0.0
skdclskt,h7nk13vs,6f73b226-f3d6-453b-bec2-d4fe1457f0e7,f1ebfa30-9819-4739-bb3e-139f3ebb772b,1,0,0,14,5148.0,3800.0,,,4838.93,10.0,,5028.0,0.6666666666666666,4,-0.2666666666666666,4,1,19,1,0,0,1,0.0,1.0,-1.0,10.0,36.95,20.95,20.95,39.5,35.0,40.0,30.0,16,30.0,43.5,23.0,0.31666666666666665,1.309375,0,0,1.3093750000000002,0,0,4998.93,0.07427137033928785,0.0,0.0,1.0,0.0
skdclskt,8rrxo8mh,6f73b226-f3d6-453b-bec2-d4fe1457f0e7,239c3d76-053a-40ec-a8c7-ed2420592ca4,1,0,0,14,5698.0,2600.0,,,5303.999999999999,24.0,,5528.0,0.75,7,-0.050000000000000044,2,1,21,1,0,1,1,1.0,1.0,0.0,10.0,36.95,20.95,20.95,39.5,35.0,40.0,30.0,16,30.0,43.5,23.0,0.31666666666666665,1.309375,0,0,1.3093750000000002,0,0,5687.999999999999,0.07427137033928785,0.0,1.0,0.0,0.0
skdclskt,53wkzdsp,6f73b226-f3d6-453b-bec2-d4fe1457f0e7,54ceb134-b66d-4f4f-8ffb-b677a3be5d9d,1,0,0,14,5089.0,3800.0,,,4743.570000000001,18.0,,4929.0,0.8333333333333334,8,-0.033333333333333326,3,1,36,0,0,1,1,0.0,3.0,-3.0,10.0,36.95,20.95,20.95,39.5,35.0,40.0,30.0,16,30.0,43.5,23.0,0.31666666666666665,1.309375,0,0,1.3093750000000002,0,0,5031.570000000001,0.07427137033928785,1.0,0.0,0.0,0.0
skdclskt,2tmxyq59,07790da6-16e1-4c15-9884-8a76c7e84392,d9d68e96-849c-41c0-8094-a55ca3b3a355,1,0,0,14,5570.0,2600.0,,,6803.0,0.0,,5480.0,0.5833333333333334,7,0.11666666666666659,1,0,28,0,0,1,1,0.0,4.0,-4.0,6.0,94.83333333333333,78.83333333333333,78.83333333333333,95.0,110.0,110.0,80.0,16,109.0,110.0,100.0,-0.12844036697247707,4.927083333333333,0,0,4.927083333333333,1,1,6803.0,0.04739489036411185,0.0,0.0,1.0,0.0
skdclskt,klvgct3w,07790da6-16e1-4c15-9884-8a76c7e84392,c97d7d05-3010-4231-8b4c-ad5e9ce763a8,1,0,0,14,5086.0,3800.0,,,4758.0,14.0,,4926.0,0.6666666666666666,7,0.033333333333333326,2,1,19,0,0,0,1,0.0,0.0,0.0,6.0,94.83333333333333,78.83333333333333,78.83333333333333,95.0,110.0,110.0,80.0,16,109.0,110.0,100.0,-0.12844036697247707,4.927083333333333,0,0,4.927083333333333,1,1,4982.0,0.04739489036411185,0.0,0.0,0.0,1.0
skdclskt,fa5fpl4w,07790da6-16e1-4c15-9884-8a76c7e84392,804b1c25-e400-485b-a0e0-2371a4903700,1,0,0,14,5251.0,2600.0,,,4944.0,26.0,,5161.0,0.75,0,-0.75,6,1,28,0,0,1,1,2.0,0.0,2.0,6.0,94.83333333333333,78.83333333333333,78.83333333333333,95.0,110.0,110.0,80.0,16,109.0,110.0,100.0,-0.12844036697247707,4.927083333333333,0,0,4.927083333333333,1,1,5360.0,0.04739489036411185,0.0,0.0,0.0,1.0
skdclskt,0sa5xwid,07790da6-16e1-4c15-9884-8a76c7e84392,7b242fc9-bd1b-4836-a718-b85e1c1a176b,1,0,0,14,5140.0,3800.0,,,5081.0,13.0,,5050.0,0.5833333333333334,1,-0.4833333333333334,1,1,18,0,0,1,1,2.0,1.0,1.0,6.0,94.83333333333333,78.83333333333333,78.83333333333333,95.0,110.0,110.0,80.0,16,109.0,110.0,100.0,-0.12844036697247707,4.927083333333333,0,0,4.927083333333333,1,1,5289.0,0.04739489036411185,0.0,1.0,0.0,0.0
skdclskt,w5nuyib0,07790da6-16e1-4c15-9884-8a76c7e84392,29625c5b-f726-4de1-8b9e-9c49743b4cab,1,0,0,14,4813.0,2600.0,,,4967.0,26.0,,4773.0,0.3333333333333333,3,-0.033333333333333326,1,1,18,0,0,1,1,2.0,0.0,2.0,6.0,94.83333333333333,78.83333333333333,78.83333333333333,95.0,110.0,110.0,80.0,16,109.0,110.0,100.0,-0.12844036697247707,4.927083333333333,0,0,4.927083333333333,1,1,5383.0,0.04739489036411185,0.0,0.0,0.0,1.0
skdclskt,s1twfhpt,07790da6-16e1-4c15-9884-8a76c7e84392,4b51a285-57d1-4d32-aa02-d36f8179ed63,1,0,0,14,4871.0,3800.0,,,5083.0,15.0,,4661.0,0.9166666666666666,6,-0.31666666666666665,1,1,21,1,1,1,1,0.0,1.0,-1.0,6.0,94.83333333333333,78.83333333333333,78.83333333333333,95.0,110.0,110.0,80.0,16,109.0,110.0,100.0,-0.12844036697247707,4.927083333333333,0,0,4.927083333333333,1,1,5323.0,0.04739489036411185,1.0,0.0,0.0,0.0
skdclskt,tqeatlds,fd183cda-64d7-4787-9044-20debaf104a5,28c69508-f4f9-4c0e-a6a0-a4d5b22b7830,0,0,0,14,5561.0,2600.0,,,5093.62,17.0,,5351.0,0.75,7,-0.050000000000000044,2,1,19,0,0,1,1,0.0,6.0,-6.0,8.0,54.57875,38.57875,38.57875,50.25,59.0,60.0,50.0,16,60.0,58.0,15.0,-0.16249999999999998,2.411171875,0,0,2.411171875,0,0,5365.62,0.022218947959265493,0.0,0.0,1.0,0.0
skdclskt,nu7ykbgx,fd183cda-64d7-4787-9044-20debaf104a5,240f44aa-0d38-416e-a4df-3e0d3cc49536,0,0,0,14,5985.0,3800.0,,,5736.75,10.0,,5815.0,0.9166666666666666,5,-0.41666666666666663,1,0,28,1,1,1,1,1.0,2.0,-1.0,8.0,54.57875,38.57875,38.57875,50.25,59.0,60.0,50.0,16,60.0,58.0,15.0,-0.16249999999999998,2.411171875,0,0,2.411171875,0,0,5896.75,0.022218947959265493,0.0,0.0,1.0,0.0
skdclskt,su76nhj9,fd183cda-64d7-4787-9044-20debaf104a5,9386577d-20fa-4927-a27d-261b95e06a71,0,0,0,14,5506.0,2600.0,,,4963.13,23.0,,5386.0,0.6666666666666666,7,0.033333333333333326,4,0,23,1,1,1,1,4.0,0.0,4.0,8.0,54.57875,38.57875,38.57875,50.25,59.0,60.0,50.0,16,60.0,58.0,15.0,-0.16249999999999998,2.411171875,0,0,2.411171875,0,0,5331.13,0.022218947959265493,1.0,0.0,0.0,0.0
skdclskt,c2m857p1,fd183cda-64d7-4787-9044-20debaf104a5,ec5338be-31ec-409f-8fe0-d044c43f333a,0,0,0,14,5566.0,3800.0,,,5277.0,14.0,,5356.0,0.9166666666666666,5,-0.41666666666666663,1,1,21,1,1,0,1,1.0,0.0,1.0,8.0,54.57875,38.57875,38.57875,50.25,59.0,60.0,50.0,16,60.0,58.0,15.0,-0.16249999999999998,2.411171875,0,0,2.411171875,0,0,5501.0,0.022218947959265493,1.0,0.0,0.0,0.0
skdclskt,r6xuxcar,fd183cda-64d7-4787-9044-20debaf104a5,af4b90ba-123e-40d8-8867-b4991469cd39,0,0,0,14,4396.0,2600.0,,,5537.75,18.0,,4226.0,0.75,7,-0.050000000000000044,9,1,21,1,1,1,1,0.0,0.0,0.0,8.0,54.57875,38.57875,38.57875,50.25,59.0,60.0,50.0,16,60.0,58.0,15.0,-0.16249999999999998,2.411171875,0,0,2.411171875,0,0,5825.75,0.022218947959265493,0.0,0.0,1.0,0.0
skdclskt,2y2lzizt,fd183cda-64d7-4787-9044-20debaf104a5,8d9117f6-c825-440d-86c0-64b78e6ca745,0,0,0,14,4734.0,3800.0,,,5111.75,14.0,,4534.0,0.8333333333333334,2,-0.6333333333333333,3,1,34,1,1,1,1,2.0,0.0,2.0,8.0,54.57875,38.57875,38.57875,50.25,59.0,60.0,50.0,16,60.0,58.0,15.0,-0.16249999999999998,2.411171875,0,0,2.411171875,0,0,5335.75,0.022218947959265493,1.0,0.0,0.0,0.0
skdclskt,0qc91a5a,761eb99e-1c3d-45b4-81f7-8e5171ffd767,55c5cbcc-f638-40ab-a1b6-dbe37fa8f72a,0,0,0,14,6523.0,2600.0,,,6423.0,0.0,,6423.0,0.8333333333333334,7,-0.13333333333333341,1,1,35,1,1,1,1,0.0,5.0,-5.0,10.0,40.2,24.2,24.2,25.0,50.0,55.0,22.0,16,40.0,60.0,31.0,-0.375,1.5125,0,0,1.5125000000000002,0,0,6423.0,0.04702375225496092,0.0,0.0,1.0,0.0
skdclskt,2vy9s3px,761eb99e-1c3d-45b4-81f7-8e5171ffd767,d0d3f9d6-0176-4278-9bff-7f8b809b6060,0,0,0,14,5050.0,3800.0,,,4767.0,24.0,,4920.0,0.9166666666666666,8,-0.11666666666666659,2,0,21,0,0,1,1,3.0,1.0,2.0,10.0,40.2,24.2,24.2,25.0,50.0,55.0,22.0,16,40.0,60.0,31.0,-0.375,1.5125,0,0,1.5125000000000002,0,0,5151.0,0.04702375225496092,0.0,0.0,0.0,1.0
skdclskt,87uw2jck,761eb99e-1c3d-45b4-81f7-8e5171ffd767,83ea937e-d412-4809-a354-3f08485f32fe,0,0,0,14,5633.0,2600.0,,,5076.01,30.0,,5523.0,0.9166666666666666,6,-0.31666666666666665,2,0,22,1,1,1,1,1.0,0.0,1.0,10.0,40.2,24.2,24.2,25.0,50.0,55.0,22.0,16,40.0,60.0,31.0,-0.375,1.5125,0,0,1.5125000000000002,0,0,5556.01,0.04702375225496092,0.0,1.0,0.0,0.0
skdclskt,3ftocepp,761eb99e-1c3d-45b4-81f7-8e5171ffd767,93e6dd41-cfb5-4bb9-975b-e548014b48e6,0,0,0,14,5815.0,3800.0,,,5669.0,7.0,,5725.0,0.75,6,-0.15000000000000002,3,1,19,0,1,1,1,1.0,0.0,1.0,10.0,40.2,24.2,24.2,25.0,50.0,55.0,22.0,16,40.0,60.0,31.0,-0.375,1.5125,0,0,1.5125000000000002,0,0,5781.0,0.04702375225496092,0.0,1.0,0.0,0.0
skdclskt,xz3dh0k4,761eb99e-1c3d-45b4-81f7-8e5171ffd767,b5055fcc-e732-4b8e-bd98-e6bfe626b3db,0,0,0,14,5047.0,2600.0,,,4620.99,21.0,,4927.0,0.6666666666666666,4,-0.2666666666666666,2,1,22,1,0,1,1,3.0,3.0,0.0,10.0,40.2,24.2,24.2,25.0,50.0,55.0,22.0,16,40.0,60.0,31.0,-0.375,1.5125,0,0,1.5125000000000002,0,0,4956.99,0.04702375225496092,0.5,0.0,0.5,0.0
skdclskt,x7l4wbwx,761eb99e-1c3d-45b4-81f7-8e5171ffd767,18f4a824-eb92-48ce-a99f-c0cb78a57cf2,0,0,0,14,5091.0,3800.0,,,5232.0,10.0,,4961.0,0.75,4,-0.35,3,0,20,1,1,0,1,2.0,1.0,1.0,10.0,40.2,24.2,24.2,25.0,50.0,55.0,22.0,16,40.0,60.0,31.0,-0.375,1.5125,0,0,1.5125000000000002,0,0,5392.0,0.04702375225496092,0.5,0.0,0.5,0.0
skdclskt,9bv3gi2y,6f73b226-f3d6-453b-bec2-d4fe1457f0e7,8f572d20-95a7-46ba-ba2a-8e808117b347,1,0,0,15,6097.0,2600.0,,,5785.0,0.0,,5887.0,0.9166666666666666,1,-0.8166666666666667,45,0,29,0,0,1,1,1.0,4.0,-3.0,13.0,23.93307692307692,15.933076923076923,15.933076923076923,23.0,30.0,30.0,12.25,8,39.5,30.0,,-0.4177215189873418,1.9916346153846154,0,0,1.9916346153846152,0,0,5785.0,0.07556490912722187,0.0,1.0,0.0,0.0
skdclskt,1tnknpce,6f73b226-f3d6-453b-bec2-d4fe1457f0e7,0d49a0af-7711-49c1-a980-1ce4cb747f19,1,0,0,15,4685.0,3800.0,,,4431.12,36.0,,4575.0,0.75,7,-0.050000000000000044,3,0,18,0,1,1,1,2.0,0.0,2.0,13.0,23.93307692307692,15.933076923076923,15.933076923076923,23.0,30.0,30.0,12.25,8,39.5,30.0,,-0.4177215189873418,1.9916346153846154,0,0,1.9916346153846152,0,0,4719.12,0.07556490912722187,0.0,1.0,0.0,0.0
skdclskt,zkl94ida,6f73b226-f3d6-453b-bec2-d4fe1457f0e7,261c9bee-da67-4d1d-8144-87becb48c51d,1,0,0,15,7353.0,2600.0,,,7163.38,0.0,,7163.0,0.9166666666666666,5,-0.41666666666666663,1,0,18,0,0,0,1,0.0,1.0,-1.0,13.0,23.93307692307692,15.933076923076923,15.933076923076923,23.0,30.0,30.0,12.25,8,39.5,30.0,,-0.4177215189873418,1.9916346153846154,0,0,1.9916346153846152,0,0,7163.38,0.07556490912722187,0.0,0.0,1.0,0.0
skdclskt,h7nk13vs,6f73b226-f3d6-453b-bec2-d4fe1457f0e7,f1ebfa30-9819-4739-bb3e-139f3ebb772b,1,0,0,15,5148.0,3800.0,,,4995.93,8.0,,5028.0,0.6666666666666666,4,-0.2666666666666666,4,1,19,1,0,0,1,0.0,3.0,-3.0,13.0,23.93307692307692,15.933076923076923,15.933076923076923,23.0,30.0,30.0,12.25,8,39.5,30.0,,-0.4177215189873418,1.9916346153846154,0,0,1.9916346153846152,0,0,5059.93,0.07556490912722187,0.0,0.0,1.0,0.0
skdclskt,8rrxo8mh,6f73b226-f3d6-453b-bec2-d4fe1457f0e7,239c3d76-053a-40ec-a8c7-ed2420592ca4,1,0,0,15,5698.0,2600.0,,,5411.869999999999,29.0,,5528.0,0.75,7,-0.050000000000000044,2,1,21,1,0,1,1,7.0,4.0,3.0,13.0,23.93307692307692,15.933076923076923,15.933076923076923,23.0,30.0,30.0,12.25,8,39.5,30.0,,-0.4177215189873418,1.9916346153846154,0,0,1.9916346153846152,0,0,5643.869999999999,0.07556490912722187,0.0,1.0,0.0,0.0
skdclskt,53wkzdsp,6f73b226-f3d6-453b-bec2-d4fe1457f0e7,54ceb134-b66d-4f4f-8ffb-b677a3be5d9d,1,0,0,15,5089.0,3800.0,,,4848.700000000001,20.0,,4929.0,0.8333333333333334,8,-0.033333333333333326,3,1,36,0,0,1,1,3.0,1.0,2.0,13.0,23.93307692307692,15.933076923076923,15.933076923076923,23.0,30.0,30.0,12.25,8,39.5,30.0,,-0.4177215189873418,1.9916346153846154,0,0,1.9916346153846152,0,0,5008.700000000001,0.07556490912722187,1.0,0.0,0.0,0.0
skdclskt,2tmxyq59,07790da6-16e1-4c15-9884-8a76c7e84392,d9d68e96-849c-41c0-8094-a55ca3b3a355,1,0,0,15,5570.0,2600.0,,,6803.0,0.0,,5480.0,0.5833333333333334,7,0.11666666666666659,1,0,28,0,0,1,1,0.0,0.0,0.0,5.0,99.6,91.6,91.6,100.0,99.0,100.0,99.0,8,95.0,109.0,,0.05263157894736836,11.45,0,0,11.45,1,0,6803.0,0.05255001408847563,0.0,0.0,1.0,0.0
skdclskt,klvgct3w,07790da6-16e1-4c15-9884-8a76c7e84392,c97d7d05-3010-4231-8b4c-ad5e9ce763a8,1,0,0,15,5086.0,3800.0,,,4870.0,14.0,,4926.0,0.6666666666666666,7,0.033333333333333326,2,1,19,0,0,0,1,0.0,0.0,0.0,5.0,99.6,91.6,91.6,100.0,99.0,100.0,99.0,8,95.0,109.0,,0.05263157894736836,11.45,0,0,11.45,1,0,4982.0,0.05255001408847563,0.0,0.0,0.0,1.0
skdclskt,fa5fpl4w,07790da6-16e1-4c15-9884-8a76c7e84392,804b1c25-e400-485b-a0e0-2371a4903700,1,0,0,15,5251.0,2600.0,,,5053.0,27.0,,5161.0,0.75,0,-0.75,6,1,28,0,0,1,1,2.0,1.0,1.0,5.0,99.6,91.6,91.6,100.0,99.0,100.0,99.0,8,95.0,109.0,,0.05263157894736836,11.45,0,0,11.45,1,0,5269.0,0.05255001408847563,0.0,0.0,0.0,1.0
skdclskt,0sa5xwid,07790da6-16e1-4c15-9884-8a76c7e84392,7b242fc9-bd1b-4836-a718-b85e1c1a176b,1,0,0,15,5140.0,3800.0,,,4986.0,16.0,,5050.0,0.5833333333333334,1,-0.4833333333333334,1,1,18,0,0,1,1,2.0,0.0,2.0,5.0,99.6,91.6,91.6,100.0,99.0,100.0,99.0,8,95.0,109.0,,0.05263157894736836,11.45,0,0,11.45,1,0,5114.0,0.05255001408847563,0.0,1.0,0.0,0.0
skdclskt,w5nuyib0,07790da6-16e1-4c15-9884-8a76c7e84392,29625c5b-f726-4de1-8b9e-9c49743b4cab,1,0,0,15,4813.0,2600.0,,,5275.0,23.0,,4773.0,0.3333333333333333,3,-0.033333333333333326,1,1,18,0,0,1,1,0.0,1.0,-1.0,5.0,99.6,91.6,91.6,100.0,99.0,100.0,99.0,8,95.0,109.0,,0.05263157894736836,11.45,0,0,11.45,1,0,5459.0,0.05255001408847563,0.0,0.0,0.0,1.0
skdclskt,s1twfhpt,07790da6-16e1-4c15-9884-8a76c7e84392,4b51a285-57d1-4d32-aa02-d36f8179ed63,1,0,0,15,4871.0,3800.0,,,5401.0,12.0,,4661.0,0.9166666666666666,6,-0.31666666666666665,1,1,21,1,1,1,1,1.0,3.0,-2.0,5.0,99.6,91.6,91.6,100.0,99.0,100.0,99.0,8,95.0,109.0,,0.05263157894736836,11.45,0,0,11.45,1,0,5497.0,0.05255001408847563,1.0,0.0,0.0,0.0
skdclskt,tqeatlds,fd183cda-64d7-4787-9044-20debaf104a5,28c69508-f4f9-4c0e-a6a0-a4d5b22b7830,0,0,0,15,5561.0,2600.0,,,5294.62,14.0,,5351.0,0.75,7,-0.050000000000000044,2,1,19,0,0,1,1,0.0,3.0,-3.0,6.0,35.92333333333333,27.923333333333332,27.923333333333332,15.0,50.0,50.5,15.0,8,50.25,60.0,,-0.7014925373134329,3.4904166666666665,0,0,3.4904166666666665,0,0,5406.62,0.018339950272698108,0.0,0.0,1.0,0.0
skdclskt,nu7ykbgx,fd183cda-64d7-4787-9044-20debaf104a5,240f44aa-0d38-416e-a4df-3e0d3cc49536,0,0,0,15,5985.0,3800.0,,,5786.75,7.0,,5815.0,0.9166666666666666,5,-0.41666666666666663,1,0,28,1,1,1,1,1.0,0.0,1.0,6.0,35.92333333333333,27.923333333333332,27.923333333333332,15.0,50.0,50.5,15.0,8,50.25,60.0,,-0.7014925373134329,3.4904166666666665,0,0,3.4904166666666665,0,0,5842.75,0.018339950272698108,0.0,0.0,1.0,0.0
skdclskt,su76nhj9,fd183cda-64d7-4787-9044-20debaf104a5,9386577d-20fa-4927-a27d-261b95e06a71,0,0,0,15,5506.0,2600.0,,,5297.67,22.0,,5386.0,0.6666666666666666,7,0.033333333333333326,4,0,23,1,1,1,1,0.0,3.0,-3.0,6.0,35.92333333333333,27.923333333333332,27.923333333333332,15.0,50.0,50.5,15.0,8,50.25,60.0,,-0.7014925373134329,3.4904166666666665,0,0,3.4904166666666665,0,0,5473.67,0.018339950272698108,1.0,0.0,0.0,0.0
skdclskt,c2m857p1,fd183cda-64d7-4787-9044-20debaf104a5,ec5338be-31ec-409f-8fe0-d044c43f333a,0,0,0,15,5566.0,3800.0,,,5288.46,17.0,,5356.0,0.9166666666666666,5,-0.41666666666666663,1,1,21,1,1,0,1,2.0,0.0,2.0,6.0,35.92333333333333,27.923333333333332,27.923333333333332,15.0,50.0,50.5,15.0,8,50.25,60.0,,-0.7014925373134329,3.4904166666666665,0,0,3.4904166666666665,0,0,5424.46,0.018339950272698108,1.0,0.0,0.0,0.0
skdclskt,r6xuxcar,fd183cda-64d7-4787-9044-20debaf104a5,af4b90ba-123e-40d8-8867-b4991469cd39,0,0,0,15,4396.0,2600.0,,,5596.75,21.0,,4226.0,0.75,7,-0.050000000000000044,9,1,21,1,1,1,1,3.0,0.0,3.0,6.0,35.92333333333333,27.923333333333332,27.923333333333332,15.0,50.0,50.5,15.0,8,50.25,60.0,,-0.7014925373134329,3.4904166666666665,0,0,3.4904166666666665,0,0,5764.75,0.018339950272698108,0.0,0.0,1.0,0.0
skdclskt,2y2lzizt,fd183cda-64d7-4787-9044-20debaf104a5,8d9117f6-c825-440d-86c0-64b78e6ca745,0,0,0,15,4734.0,3800.0,,,5223.75,14.0,,4534.0,0.8333333333333334,2,-0.6333333333333333,3,1,34,1,1,1,1,0.0,0.0,0.0,6.0,35.92333333333333,27.923333333333332,27.923333333333332,15.0,50.0,50.5,15.0,8,50.25,60.0,,-0.7014925373134329,3.4904166666666665,0,0,3.4904166666666665,0,0,5335.75,0.018339950272698108,1.0,0.0,0.0,0.0
skdclskt,0qc91a5a,761eb99e-1c3d-45b4-81f7-8e5171ffd767,55c5cbcc-f638-40ab-a1b6-dbe37fa8f72a,0,0,0,15,6523.0,2600.0,,,6423.0,0.0,,6423.0,0.8333333333333334,7,-0.13333333333333341,1,1,35,1,1,1,1,0.0,0.0,0.0,8.0,33.0,25.0,25.0,31.0,49.0,49.0,20.0,8,25.0,40.0,,0.24,3.125,0,0,3.125,0,0,6423.0,0.04754784784784785,0.0,0.0,1.0,0.0
skdclskt,2vy9s3px,761eb99e-1c3d-45b4-81f7-8e5171ffd767,d0d3f9d6-0176-4278-9bff-7f8b809b6060,0,0,0,15,5050.0,3800.0,,,4808.0,28.0,,4920.0,0.9166666666666666,8,-0.11666666666666659,2,0,21,0,0,1,1,4.0,0.0,4.0,8.0,33.0,25.0,25.0,31.0,49.0,49.0,20.0,8,25.0,40.0,,0.24,3.125,0,0,3.125,0,0,5032.0,0.04754784784784785,0.0,0.0,0.0,1.0
skdclskt,87uw2jck,761eb99e-1c3d-45b4-81f7-8e5171ffd767,83ea937e-d412-4809-a354-3f08485f32fe,0,0,0,15,5633.0,2600.0,,,5407.01,29.0,,5523.0,0.9166666666666666,6,-0.31666666666666665,2,0,22,1,1,1,1,0.0,3.0,-3.0,8.0,33.0,25.0,25.0,31.0,49.0,49.0,20.0,8,25.0,40.0,,0.24,3.125,0,0,3.125,0,0,5639.01,0.04754784784784785,0.0,1.0,0.0,0.0
skdclskt,3ftocepp,761eb99e-1c3d-45b4-81f7-8e5171ffd767,93e6dd41-cfb5-4bb9-975b-e548014b48e6,0,0,0,15,5815.0,3800.0,,,5681.0,11.0,,5725.0,0.75,6,-0.15000000000000002,3,1,19,0,1,1,1,2.0,0.0,2.0,8.0,33.0,25.0,25.0,31.0,49.0,49.0,20.0,8,25.0,40.0,,0.24,3.125,0,0,3.125,0,0,5769.0,0.04754784784784785,0.0,1.0,0.0,0.0
skdclskt,xz3dh0k4,761eb99e-1c3d-45b4-81f7-8e5171ffd767,b5055fcc-e732-4b8e-bd98-e6bfe626b3db,0,0,0,15,5047.0,2600.0,,,4846.99,20.0,,4927.0,0.6666666666666666,4,-0.2666666666666666,2,1,22,1,0,1,1,1.0,3.0,-2.0,8.0,33.0,25.0,25.0,31.0,49.0,49.0,20.0,8,25.0,40.0,,0.24,3.125,0,0,3.125,0,0,5006.99,0.04754784784784785,0.5,0.0,0.5,0.0
skdclskt,x7l4wbwx,761eb99e-1c3d-45b4-81f7-8e5171ffd767,18f4a824-eb92-48ce-a99f-c0cb78a57cf2,0,0,0,15,5091.0,3800.0,,,5358.0,9.0,,4961.0,0.75,4,-0.35,3,0,20,1,1,0,1,1.0,2.0,-1.0,8.0,33.0,25.0,25.0,31.0,49.0,49.0,20.0,8,25.0,40.0,,0.24,3.125,0,0,3.125,0,0,5430.0,0.04754784784784785,0.5,0.0,0.5,0.0
skdclskt,9bv3gi2y,bbac1738-2cb5-4b77-92c4-c512548db93b,2622e9f6-8f19-49dd-b301-25fc2a630f03,1,0,0,1,6097.0,2600.0,,,2650.0,20.0,,5887.0,0.9166666666666666,1,-0.8166666666666667,45,0,29,0,0,1,2,1.0,1.0,0.0,9.0,73.83333333333333,-46.166666666666664,46.166666666666664,95.5,55.0,110.0,52.0,120,,,95.0,,0.3847222222222222,0,0,-0.38472222222222224,0,0,5050.0,0.017469012837538735,0.0,0.0,1.0,0.0
skdclskt,1tnknpce,bbac1738-2cb5-4b77-92c4-c512548db93b,24e830e8-905d-4e22-ab61-b990c984ff16,1,0,0,1,4685.0,3800.0,,,3636.0,13.0,,4575.0,0.75,7,-0.050000000000000044,3,0,18,0,1,1,2,3.0,0.0,3.0,9.0,73.83333333333333,-46.166666666666664,46.166666666666664,95.5,55.0,110.0,52.0,120,,,95.0,,0.3847222222222222,0,0,-0.38472222222222224,0,0,5196.0,0.017469012837538735,0.0,1.0,0.0,0.0
skdclskt,zkl94ida,bbac1738-2cb5-4b77-92c4-c512548db93b,6820cd25-c18c-49e6-84f5-25aa69820367,1,0,0,1,7353.0,2600.0,,,2449.5,23.0,,7163.0,0.9166666666666666,5,-0.41666666666666663,1,0,18,0,0,0,2,2.0,0.0,2.0,9.0,73.83333333333333,-46.166666666666664,46.166666666666664,95.5,55.0,110.0,52.0,120,,,95.0,,0.3847222222222222,0,0,-0.38472222222222224,0,0,5209.5,0.017469012837538735,0.0,0.0,1.0,0.0
skdclskt,h7nk13vs,bbac1738-2cb5-4b77-92c4-c512548db93b,ae2e944d-6861-4940-b26c-a08caaca1a16,1,0,0,1,5148.0,3800.0,,,4106.0,6.0,,5028.0,0.6666666666666666,4,-0.2666666666666666,4,1,19,1,0,0,2,0.0,4.0,-4.0,9.0,73.83333333333333,-46.166666666666664,46.166666666666664,95.5,55.0,110.0,52.0,120,,,95.0,,0.3847222222222222,0,0,-0.38472222222222224,0,0,4826.0,0.017469012837538735,1.0,0.0,0.0,0.0
skdclskt,8rrxo8mh,bbac1738-2cb5-4b77-92c4-c512548db93b,a1542dc5-078d-4b85-8ee8-6acdc2839880,1,0,0,1,5698.0,2600.0,,,2643.0,18.0,,5528.0,0.75,7,-0.050000000000000044,2,1,21,1,0,1,2,2.0,4.0,-2.0,9.0,73.83333333333333,-46.166666666666664,46.166666666666664,95.5,55.0,110.0,52.0,120,,,95.0,,0.3847222222222222,0,0,-0.38472222222222224,0,0,4803.0,0.017469012837538735,0.0,0.0,1.0,0.0
skdclskt,53wkzdsp,bbac1738-2cb5-4b77-92c4-c512548db93b,3e36c9fa-1786-43b0-87ea-f17db8332def,1,0,0,1,5089.0,3800.0,,,3715.5,11.0,,4929.0,0.8333333333333334,8,-0.033333333333333326,3,1,36,0,0,1,2,1.0,0.0,1.0,9.0,73.83333333333333,-46.166666666666664,46.166666666666664,95.5,55.0,110.0,52.0,120,,,95.0,,0.3847222222222222,0,0,-0.38472222222222224,0,0,5035.5,0.017469012837538735,0.0,0.5,0.5,0.0
skdclskt,2tmxyq59,41800c26-6898-4b86-b356-94ff8bfa3a3a,c34666fc-2042-436c-b5b2-8be4eb77fa45,1,0,0,1,5570.0,2600.0,,,2600.0,23.0,,5480.0,0.5833333333333334,7,0.11666666666666659,1,0,28,0,0,1,2,0.0,0.0,0.0,2.0,105.5,-14.5,14.5,101.0,110.0,110.0,101.0,120,,,109.0,,0.12083333333333333,0,0,-0.12083333333333333,0,0,5360.0,0.012141927083333334,0.0,0.0,1.0,0.0
skdclskt,klvgct3w,41800c26-6898-4b86-b356-94ff8bfa3a3a,5d8a97d2-0acd-4bec-9355-f1ef8ca0b665,1,0,0,1,5086.0,3800.0,,,3800.0,11.0,,4926.0,0.6666666666666666,7,0.033333333333333326,2,1,19,0,0,0,2,0.0,0.0,0.0,2.0,105.5,-14.5,14.5,101.0,110.0,110.0,101.0,120,,,109.0,,0.12083333333333333,0,0,-0.12083333333333333,0,0,5120.0,0.012141927083333334,0.0,0.0,0.0,1.0
skdclskt,fa5fpl4w,41800c26-6898-4b86-b356-94ff8bfa3a3a,9ae3a47d-ad9b-4325-b996-258a31aa9b65,1,0,0,1,5251.0,2600.0,,,2490.0,22.0,,5161.0,0.75,0,-0.75,6,1,28,0,0,1,2,1.0,0.0,1.0,2.0,105.5,-14.5,14.5,101.0,110.0,110.0,101.0,120,,,109.0,,0.12083333333333333,0,0,-0.12083333333333333,0,0,5130.0,0.012141927083333334,1.0,0.0,0.0,0.0
skdclskt,0sa5xwid,41800c26-6898-4b86-b356-94ff8bfa3a3a,3f16f05a-e96e-45ac-9ef0-9c2d6dce3317,1,0,0,1,5140.0,3800.0,,,3901.0,9.0,,5050.0,0.5833333333333334,1,-0.4833333333333334,1,1,18,0,0,1,2,0.0,1.0,-1.0,2.0,105.5,-14.5,14.5,101.0,110.0,110.0,101.0,120,,,109.0,,0.12083333333333333,0,0,-0.12083333333333333,0,0,4981.0,0.012141927083333334,1.0,0.0,0.0,0.0
skdclskt,w5nuyib0,41800c26-6898-4b86-b356-94ff8bfa3a3a,16e26514-b278-4448-959a-f58ad6e11852,1,0,0,1,4813.0,2600.0,,,2710.0,20.0,,4773.0,0.3333333333333333,3,-0.033333333333333326,1,1,18,0,0,1,2,0.0,1.0,-1.0,2.0,105.5,-14.5,14.5,101.0,110.0,110.0,101.0,120,,,109.0,,0.12083333333333333,0,0,-0.12083333333333333,0,0,5110.0,0.012141927083333334,0.0,1.0,0.0,0.0
skdclskt,s1twfhpt,41800c26-6898-4b86-b356-94ff8bfa3a3a,0414deaa-50dd-4291-abcb-c312c59361b0,1,0,0,1,4871.0,3800.0,,,3699.0,11.0,,4661.0,0.9166666666666666,6,-0.31666666666666665,1,1,21,1,1,1,2,1.0,0.0,1.0,2.0,105.5,-14.5,14.5,101.0,110.0,110.0,101.0,120,,,109.0,,0.12083333333333333,0,0,-0.12083333333333333,0,0,5019.0,0.012141927083333334,0.0,1.0,0.0,0.0
skdclskt,tqeatlds,490e4560-4219-4069-a6b1-c8a826129b68,18595b83-a573-483a-922c-64417e548e97,0,0,0,1,5561.0,2600.0,,,2765.0,18.0,,5351.0,0.75,7,-0.050000000000000044,2,1,19,0,0,1,2,0.0,2.0,-2.0,2.0,82.5,-37.5,37.5,75.0,90.0,90.0,75.0,120,,,62.0,,0.3125,0,0,-0.3125,0,0,4925.0,0.009093915343915343,0.0,0.0,1.0,0.0
skdclskt,nu7ykbgx,490e4560-4219-4069-a6b1-c8a826129b68,590f10b9-c637-4d22-97d1-7bcc1d1f1e01,0,0,0,1,5985.0,3800.0,,,3800.0,10.0,,5815.0,0.9166666666666666,5,-0.41666666666666663,1,0,28,1,1,1,2,0.0,0.0,0.0,2.0,82.5,-37.5,37.5,75.0,90.0,90.0,75.0,120,,,62.0,,0.3125,0,0,-0.3125,0,0,5000.0,0.009093915343915343,0.0,0.0,1.0,0.0
skdclskt,su76nhj9,490e4560-4219-4069-a6b1-c8a826129b68,e420f624-78fe-42c9-aa20-242b54f6c4e8,0,0,0,1,5506.0,2600.0,,,2525.0,22.0,,5386.0,0.6666666666666666,7,0.033333333333333326,4,0,23,1,1,1,2,1.0,0.0,1.0,2.0,82.5,-37.5,37.5,75.0,90.0,90.0,75.0,120,,,62.0,,0.3125,0,0,-0.3125,0,0,5165.0,0.009093915343915343,0.0,0.0,1.0,0.0
skdclskt,c2m857p1,490e4560-4219-4069-a6b1-c8a826129b68,a7bed23b-2e8e-451f-8b7c-42f684002277,0,0,0,1,5566.0,3800.0,,,3710.0,12.0,,5356.0,0.9166666666666666,5,-0.41666666666666663,1,1,21,1,1,0,2,1.0,0.0,1.0,2.0,82.5,-37.5,37.5,75.0,90.0,90.0,75.0,120,,,62.0,,0.3125,0,0,-0.3125,0,0,5150.0,0.009093915343915343,1.0,0.0,0.0,0.0
skdclskt,r6xuxcar,490e4560-4219-4069-a6b1-c8a826129b68,10f05dce-1c31-4c65-80e0-0450ca2c00bb,0,0,0,1,4396.0,2600.0,,,2600.0,20.0,,4226.0,0.75,7,-0.050000000000000044,9,1,21,1,1,1,2,0.0,0.0,0.0,2.0,82.5,-37.5,37.5,75.0,90.0,90.0,75.0,120,,,62.0,,0.3125,0,0,-0.3125,0,0,5000.0,0.009093915343915343,0.5,0.5,0.0,0.0
skdclskt,2y2lzizt,490e4560-4219-4069-a6b1-c8a826129b68,bdad41ef-e8fb-4016-ab64-9cee4008db0e,0,0,0,1,4734.0,3800.0,,,3800.0,10.0,,4534.0,0.8333333333333334,2,-0.6333333333333333,3,1,34,1,1,1,2,0.0,0.0,0.0,2.0,82.5,-37.5,37.5,75.0,90.0,90.0,75.0,120,,,62.0,,0.3125,0,0,-0.3125,0,0,5000.0,0.009093915343915343,0.0,0.0,0.0,1.0
skdclskt,0qc91a5a,00548e28-65ed-47e8-a667-34639429359c,fef5ca2d-6f21-47c4-90cc-74807444686a,0,0,0,1,6523.0,2600.0,,,2600.0,21.0,,6423.0,0.8333333333333334,7,-0.13333333333333341,1,1,35,1,1,1,2,0.0,0.0,0.0,0.0,,,,,,,,120,,,126.0,,,0,0,,0,0,5120.0,0.011627906976744186,0.0,0.0,1.0,0.0
skdclskt,2vy9s3px,00548e28-65ed-47e8-a667-34639429359c,2b85f691-c920-4f32-ae54-e21833cf5475,0,0,0,1,5050.0,3800.0,,,3800.0,13.0,,4920.0,0.9166666666666666,8,-0.11666666666666659,2,0,21,0,0,1,2,0.0,0.0,0.0,0.0,,,,,,,,120,,,126.0,,,0,0,,0,0,5360.0,0.011627906976744186,0.0,1.0,0.0,0.0
skdclskt,87uw2jck,00548e28-65ed-47e8-a667-34639429359c,c953d4fd-7bea-449b-9aa0-5e400d9cb204,0,0,0,1,5633.0,2600.0,,,2600.0,20.0,,5523.0,0.9166666666666666,6,-0.31666666666666665,2,0,22,1,1,1,2,0.0,0.0,0.0,0.0,,,,,,,,120,,,126.0,,,0,0,,0,0,5000.0,0.011627906976744186,0.0,0.5,0.5,0.0
skdclskt,3ftocepp,00548e28-65ed-47e8-a667-34639429359c,53915058-5167-43d2-afa0-8f6290f2017f,0,0,0,1,5815.0,3800.0,,,3800.0,11.0,,5725.0,0.75,6,-0.15000000000000002,3,1,19,0,1,1,2,0.0,0.0,0.0,0.0,,,,,,,,120,,,126.0,,,0,0,,0,0,5120.0,0.011627906976744186,0.5,0.0,0.5,0.0
skdclskt,xz3dh0k4,00548e28-65ed-47e8-a667-34639429359c,a2e9d95e-90cb-4b2f-b5ca-2486e9ab692d,0,0,0,1,5047.0,2600.0,,,2600.0,21.0,,4927.0,0.6666666666666666,4,-0.2666666666666666,2,1,22,1,0,1,2,0.0,0.0,0.0,0.0,,,,,,,,120,,,126.0,,,0,0,,0,0,5120.0,0.011627906976744186,0.0,0.5,0.5,0.0
skdclskt,x7l4wbwx,00548e28-65ed-47e8-a667-34639429359c,89df792d-8b1a-4545-be89-9e94133865f7,0,0,0,1,5091.0,3800.0,,,3800.0,12.0,,4961.0,0.75,4,-0.35,3,0,20,1,1,0,2,0.0,0.0,0.0,0.0,,,,,,,,120,,,126.0,,,0,0,,0,0,5240.0,0.011627906976744186,0.0,0.0,1.0,0.0
skdclskt,9bv3gi2y,bbac1738-2cb5-4b77-92c4-c512548db93b,2622e9f6-8f19-49dd-b301-25fc2a630f03,1,0,0,2,6097.0,2600.0,,,2730.0,21.0,,5887.0,0.9166666666666666,1,-0.8166666666666667,45,0,29,0,0,1,2,0.0,0.0,0.0,11.0,91.27272727272727,-20.727272727272727,20.727272727272727,95.0,80.0,100.0,80.0,112,95.5,,96.0,-0.005235602094240788,0.18506493506493507,0,0,-0.18506493506493513,0,0,5082.0,0.040007640253219824,0.0,0.0,1.0,0.0
skdclskt,1tnknpce,bbac1738-2cb5-4b77-92c4-c512548db93b,24e830e8-905d-4e22-ab61-b990c984ff16,1,0,0,2,4685.0,3800.0,,,3428.5,20.0,,4575.0,0.75,7,-0.050000000000000044,3,0,18,0,1,1,2,3.0,0.0,3.0,11.0,91.27272727272727,-20.727272727272727,20.727272727272727,95.0,80.0,100.0,80.0,112,95.5,,96.0,-0.005235602094240788,0.18506493506493507,0,0,-0.18506493506493513,0,0,5668.5,0.040007640253219824,0.0,1.0,0.0,0.0
skdclskt,zkl94ida,bbac1738-2cb5-4b77-92c4-c512548db93b,6820cd25-c18c-49e6-84f5-25aa69820367,1,0,0,2,7353.0,2600.0,,,2150.0,29.0,,7163.0,0.9166666666666666,5,-0.41666666666666663,1,0,18,0,0,0,2,4.0,0.0,4.0,11.0,91.27272727272727,-20.727272727272727,20.727272727272727,95.0,80.0,100.0,80.0,112,95.5,,96.0,-0.005235602094240788,0.18506493506493507,0,0,-0.18506493506493513,0,0,5398.0,0.040007640253219824,0.0,0.0,1.0,0.0
skdclskt,h7nk13vs,bbac1738-2cb5-4b77-92c4-c512548db93b,ae2e944d-6861-4940-b26c-a08caaca1a16,1,0,0,2,5148.0,3800.0,,,4411.0,3.0,,5028.0,0.6666666666666666,4,-0.2666666666666666,4,1,19,1,0,0,2,0.0,3.0,-3.0,11.0,91.27272727272727,-20.727272727272727,20.727272727272727,95.0,80.0,100.0,80.0,112,95.5,,96.0,-0.005235602094240788,0.18506493506493507,0,0,-0.18506493506493513,0,0,4747.0,0.040007640253219824,1.0,0.0,0.0,0.0
skdclskt,8rrxo8mh,bbac1738-2cb5-4b77-92c4-c512548db93b,a1542dc5-078d-4b85-8ee8-6acdc2839880,1,0,0,2,5698.0,2600.0,,,3256.5,12.0,,5528.0,0.75,7,-0.050000000000000044,2,1,21,1,0,1,2,2.0,8.0,-6.0,11.0,91.27272727272727,-20.727272727272727,20.727272727272727,95.0,80.0,100.0,80.0,112,95.5,,96.0,-0.005235602094240788,0.18506493506493507,0,0,-0.18506493506493513,0,0,4600.5,0.040007640253219824,0.0,0.0,1.0,0.0
skdclskt,53wkzdsp,bbac1738-2cb5-4b77-92c4-c512548db93b,3e36c9fa-1786-43b0-87ea-f17db8332def,1,0,0,2,5089.0,3800.0,,,3588.0,13.0,,4929.0,0.8333333333333334,8,-0.033333333333333326,3,1,36,0,0,1,2,2.0,0.0,2.0,11.0,91.27272727272727,-20.727272727272727,20.727272727272727,95.0,80.0,100.0,80.0,112,95.5,,96.0,-0.005235602094240788,0.18506493506493507,0,0,-0.18506493506493513,0,0,5044.0,0.040007640253219824,0.0,0.5,0.5,0.0
skdclskt,2tmxyq59,41800c26-6898-4b86-b356-94ff8bfa3a3a,c34666fc-2042-436c-b5b2-8be4eb77fa45,1,0,0,2,5570.0,2600.0,,,2692.0,23.0,,5480.0,0.5833333333333334,7,0.11666666666666659,1,0,28,0,0,1,2,0.0,0.0,0.0,6.0,108.0,-4.0,4.0,109.0,101.0,110.0,101.0,112,101.0,,113.99,0.07920792079207928,0.03571428571428571,0,0,-0.03571428571428571,0,0,5268.0,0.011348597141344627,0.0,0.0,1.0,0.0
skdclskt,klvgct3w,41800c26-6898-4b86-b356-94ff8bfa3a3a,5d8a97d2-0acd-4bec-9355-f1ef8ca0b665,1,0,0,2,5086.0,3800.0,,,3953.0,9.0,,4926.0,0.6666666666666666,7,0.033333333333333326,2,1,19,0,0,0,2,0.0,1.0,-1.0,6.0,108.0,-4.0,4.0,109.0,101.0,110.0,101.0,112,101.0,,113.99,0.07920792079207928,0.03571428571428571,0,0,-0.03571428571428571,0,0,4961.0,0.011348597141344627,0.0,0.0,0.0,1.0
skdclskt,fa5fpl4w,41800c26-6898-4b86-b356-94ff8bfa3a3a,9ae3a47d-ad9b-4325-b996-258a31aa9b65,1,0,0,2,5251.0,2600.0,,,2688.0,20.0,,5161.0,0.75,0,-0.75,6,1,28,0,0,1,2,0.0,1.0,-1.0,6.0,108.0,-4.0,4.0,109.0,101.0,110.0,101.0,112,101.0,,113.99,0.07920792079207928,0.03571428571428571,0,0,-0.03571428571428571,0,0,4928.0,0.011348597141344627,1.0,0.0,0.0,0.0
skdclskt,0sa5xwid,41800c26-6898-4b86-b356-94ff8bfa3a3a,3f16f05a-e96e-45ac-9ef0-9c2d6dce3317,1,0,0,2,5140.0,3800.0,,,3827.0,11.0,,5050.0,0.5833333333333334,1,-0.4833333333333334,1,1,18,0,0,1,2,2.0,1.0,1.0,6.0,108.0,-4.0,4.0,109.0,101.0,110.0,101.0,112,101.0,,113.99,0.07920792079207928,0.03571428571428571,0,0,-0.03571428571428571,0,0,5059.0,0.011348597141344627,1.0,0.0,0.0,0.0
skdclskt,w5nuyib0,41800c26-6898-4b86-b356-94ff8bfa3a3a,16e26514-b278-4448-959a-f58ad6e11852,1,0,0,2,4813.0,2600.0,,,2908.0,19.0,,4773.0,0.3333333333333333,3,-0.033333333333333326,1,1,18,0,0,1,2,1.0,2.0,-1.0,6.0,108.0,-4.0,4.0,109.0,101.0,110.0,101.0,112,101.0,,113.99,0.07920792079207928,0.03571428571428571,0,0,-0.03571428571428571,0,0,5036.0,0.011348597141344627,0.0,1.0,0.0,0.0
skdclskt,s1twfhpt,41800c26-6898-4b86-b356-94ff8bfa3a3a,0414deaa-50dd-4291-abcb-c312c59361b0,1,0,0,2,4871.0,3800.0,,,3516.0,13.0,,4661.0,0.9166666666666666,6,-0.31666666666666665,1,1,21,1,1,1,2,3.0,1.0,2.0,6.0,108.0,-4.0,4.0,109.0,101.0,110.0,101.0,112,101.0,,113.99,0.07920792079207928,0.03571428571428571,0,0,-0.03571428571428571,0,0,4972.0,0.011348597141344627,0.0,1.0,0.0,0.0
skdclskt,tqeatlds,490e4560-4219-4069-a6b1-c8a826129b68,18595b83-a573-483a-922c-64417e548e97,0,0,0,2,5561.0,2600.0,,,2652.0,21.0,,5351.0,0.75,7,-0.050000000000000044,2,1,19,0,0,1,2,3.0,0.0,3.0,4.0,61.5,-50.5,50.5,62.0,61.0,62.0,61.0,112,75.0,,61.0,-0.17333333333333334,0.45089285714285715,0,0,-0.45089285714285715,0,0,5004.0,0.014797093744462166,0.0,0.0,1.0,0.0
skdclskt,nu7ykbgx,490e4560-4219-4069-a6b1-c8a826129b68,590f10b9-c637-4d22-97d1-7bcc1d1f1e01,0,0,0,2,5985.0,3800.0,,,3779.0,11.0,,5815.0,0.9166666666666666,5,-0.41666666666666663,1,0,28,1,1,1,2,1.0,0.0,1.0,4.0,61.5,-50.5,50.5,62.0,61.0,62.0,61.0,112,75.0,,61.0,-0.17333333333333334,0.45089285714285715,0,0,-0.45089285714285715,0,0,5011.0,0.014797093744462166,0.0,0.0,1.0,0.0
skdclskt,su76nhj9,490e4560-4219-4069-a6b1-c8a826129b68,e420f624-78fe-42c9-aa20-242b54f6c4e8,0,0,0,2,5506.0,2600.0,,,2675.0,22.0,,5386.0,0.6666666666666666,7,0.033333333333333326,4,0,23,1,1,1,2,0.0,1.0,-1.0,4.0,61.5,-50.5,50.5,62.0,61.0,62.0,61.0,112,75.0,,61.0,-0.17333333333333334,0.45089285714285715,0,0,-0.45089285714285715,0,0,5139.0,0.014797093744462166,0.0,0.0,1.0,0.0
skdclskt,c2m857p1,490e4560-4219-4069-a6b1-c8a826129b68,a7bed23b-2e8e-451f-8b7c-42f684002277,0,0,0,2,5566.0,3800.0,,,3758.0,13.0,,5356.0,0.9166666666666666,5,-0.41666666666666663,1,1,21,1,1,0,2,0.0,0.0,0.0,4.0,61.5,-50.5,50.5,62.0,61.0,62.0,61.0,112,75.0,,61.0,-0.17333333333333334,0.45089285714285715,0,0,-0.45089285714285715,0,0,5214.0,0.014797093744462166,1.0,0.0,0.0,0.0
skdclskt,r6xuxcar,490e4560-4219-4069-a6b1-c8a826129b68,10f05dce-1c31-4c65-80e0-0450ca2c00bb,0,0,0,2,4396.0,2600.0,,,2803.0,18.0,,4226.0,0.75,7,-0.050000000000000044,9,1,21,1,1,1,2,0.0,2.0,-2.0,4.0,61.5,-50.5,50.5,62.0,61.0,62.0,61.0,112,75.0,,61.0,-0.17333333333333334,0.45089285714285715,0,0,-0.45089285714285715,0,0,4819.0,0.014797093744462166,0.5,0.5,0.0,0.0
skdclskt,2y2lzizt,490e4560-4219-4069-a6b1-c8a826129b68,bdad41ef-e8fb-4016-ab64-9cee4008db0e,0,0,0,2,4734.0,3800.0,,,3901.0,9.0,,4534.0,0.8333333333333334,2,-0.6333333333333333,3,1,34,1,1,1,2,0.0,1.0,-1.0,4.0,61.5,-50.5,50.5,62.0,61.0,62.0,61.0,112,75.0,,61.0,-0.17333333333333334,0.45089285714285715,0,0,-0.45089285714285715,0,0,4909.0,0.014797093744462166,0.0,0.0,0.0,1.0
skdclskt,0qc91a5a,00548e28-65ed-47e8-a667-34639429359c,fef5ca2d-6f21-47c4-90cc-74807444686a,0,0,0,2,6523.0,2600.0,,,2949.0,18.0,,6423.0,0.8333333333333334,7,-0.13333333333333341,1,1,35,1,1,1,2,0.0,2.0,-2.0,7.0,133.28571428571428,21.285714285714285,21.285714285714285,126.0,130.0,140.0,126.0,112,,,135.0,,0.19005102040816327,0,0,0.19005102040816318,0,0,4965.0,0.009286412512218964,0.0,0.0,1.0,0.0
skdclskt,2vy9s3px,00548e28-65ed-47e8-a667-34639429359c,2b85f691-c920-4f32-ae54-e21833cf5475,0,0,0,2,5050.0,3800.0,,,3321.0,15.0,,4920.0,0.9166666666666666,8,-0.11666666666666659,2,0,21,0,0,1,2,4.0,0.0,4.0,7.0,133.28571428571428,21.285714285714285,21.285714285714285,126.0,130.0,140.0,126.0,112,,,135.0,,0.19005102040816327,0,0,0.19005102040816318,0,0,5001.0,0.009286412512218964,0.0,1.0,0.0,0.0
skdclskt,87uw2jck,00548e28-65ed-47e8-a667-34639429359c,c953d4fd-7bea-449b-9aa0-5e400d9cb204,0,0,0,2,5633.0,2600.0,,,2543.0,21.0,,5523.0,0.9166666666666666,6,-0.31666666666666665,2,0,22,1,1,1,2,1.0,0.0,1.0,7.0,133.28571428571428,21.285714285714285,21.285714285714285,126.0,130.0,140.0,126.0,112,,,135.0,,0.19005102040816327,0,0,0.19005102040816318,0,0,4895.0,0.009286412512218964,0.0,0.5,0.5,0.0
skdclskt,3ftocepp,00548e28-65ed-47e8-a667-34639429359c,53915058-5167-43d2-afa0-8f6290f2017f,0,0,0,2,5815.0,3800.0,,,3984.0,10.0,,5725.0,0.75,6,-0.15000000000000002,3,1,19,0,1,1,2,0.0,1.0,-1.0,7.0,133.28571428571428,21.285714285714285,21.285714285714285,126.0,130.0,140.0,126.0,112,,,135.0,,0.19005102040816327,0,0,0.19005102040816318,0,0,5104.0,0.009286412512218964,0.5,0.0,0.5,0.0
skdclskt,xz3dh0k4,00548e28-65ed-47e8-a667-34639429359c,a2e9d95e-90cb-4b2f-b5ca-2486e9ab692d,0,0,0,2,5047.0,2600.0,,,3212.0,17.0,,4927.0,0.6666666666666666,4,-0.2666666666666666,2,1,22,1,0,1,2,0.0,4.0,-4.0,7.0,133.28571428571428,21.285714285714285,21.285714285714285,126.0,130.0,140.0,126.0,112,,,135.0,,0.19005102040816327,0,0,0.19005102040816318,0,0,5116.0,0.009286412512218964,0.0,0.5,0.5,0.0
skdclskt,x7l4wbwx,00548e28-65ed-47e8-a667-34639429359c,89df792d-8b1a-4545-be89-9e94133865f7,0,0,0,2,5091.0,3800.0,,,3583.0,12.0,,4961.0,0.75,4,-0.35,3,0,20,1,1,0,2,2.0,0.0,2.0,7.0,133.28571428571428,21.285714285714285,21.285714285714285,126.0,130.0,140.0,126.0,112,,,135.0,,0.19005102040816327,0,0,0.19005102040816318,0,0,4927.0,0.009286412512218964,0.0,0.0,1.0,0.0
skdclskt,9bv3gi2y,bbac1738-2cb5-4b77-92c4-c512548db93b,2622e9f6-8f19-49dd-b301-25fc2a630f03,1,0,0,3,6097.0,2600.0,100.0,1.0,3051.0,23.0,,5887.0,0.9166666666666666,1,-0.8166666666666667,45,0,29,0,0,1,2,1.0,0.0,1.0,13.0,98.3076923076923,-5.6923076923076925,5.846153846153846,96.0,95.0,105.0,92.5,104,95.0,95.5,97.75,0.010526315789473717,0.056213017751479286,0,0,-0.054733727810650896,0,0,5443.0,0.034885320130337266,0.0,0.0,1.0,0.0
skdclskt,1tnknpce,bbac1738-2cb5-4b77-92c4-c512548db93b,24e830e8-905d-4e22-ab61-b990c984ff16,1,0,0,3,4685.0,3800.0,0.0,0.0,3733.5,17.0,,4575.0,0.75,7,-0.050000000000000044,3,0,18,0,1,1,2,1.0,0.0,1.0,13.0,98.3076923076923,-5.6923076923076925,5.846153846153846,96.0,95.0,105.0,92.5,104,95.0,95.5,97.75,0.010526315789473717,0.056213017751479286,0,0,-0.054733727810650896,0,0,5501.5,0.034885320130337266,0.0,1.0,0.0,0.0
skdclskt,zkl94ida,bbac1738-2cb5-4b77-92c4-c512548db93b,6820cd25-c18c-49e6-84f5-25aa69820367,1,0,0,3,7353.0,2600.0,95.0,1.0,2545.0,30.0,,7163.0,0.9166666666666666,5,-0.41666666666666663,1,0,18,0,0,0,2,3.0,1.0,2.0,13.0,98.3076923076923,-5.6923076923076925,5.846153846153846,96.0,95.0,105.0,92.5,104,95.0,95.5,97.75,0.010526315789473717,0.056213017751479286,0,0,-0.054733727810650896,0,0,5665.0,0.034885320130337266,0.0,0.0,1.0,0.0
skdclskt,h7nk13vs,bbac1738-2cb5-4b77-92c4-c512548db93b,ae2e944d-6861-4940-b26c-a08caaca1a16,1,0,0,3,5148.0,3800.0,90.0,4.0,4475.5,3.0,,5028.0,0.6666666666666666,4,-0.2666666666666666,4,1,19,1,0,0,2,3.0,3.0,0.0,13.0,98.3076923076923,-5.6923076923076925,5.846153846153846,96.0,95.0,105.0,92.5,104,95.0,95.5,97.75,0.010526315789473717,0.056213017751479286,0,0,-0.054733727810650896,0,0,4787.5,0.034885320130337266,1.0,0.0,0.0,0.0
skdclskt,8rrxo8mh,bbac1738-2cb5-4b77-92c4-c512548db93b,a1542dc5-078d-4b85-8ee8-6acdc2839880,1,0,0,3,5698.0,2600.0,100.0,4.0,3878.5,9.0,,5528.0,0.75,7,-0.050000000000000044,2,1,21,1,0,1,2,4.0,8.0,-4.0,13.0,98.3076923076923,-5.6923076923076925,5.846153846153846,96.0,95.0,105.0,92.5,104,95.0,95.5,97.75,0.010526315789473717,0.056213017751479286,0,0,-0.054733727810650896,0,0,4814.5,0.034885320130337266,0.0,0.0,1.0,0.0
skdclskt,53wkzdsp,bbac1738-2cb5-4b77-92c4-c512548db93b,3e36c9fa-1786-43b0-87ea-f17db8332def,1,0,0,3,5089.0,3800.0,60.0,4.0,3840.5,14.0,,4929.0,0.8333333333333334,8,-0.033333333333333326,3,1,36,0,0,1,2,1.0,1.0,0.0,13.0,98.3076923076923,-5.6923076923076925,5.846153846153846,96.0,95.0,105.0,92.5,104,95.0,95.5,97.75,0.010526315789473717,0.056213017751479286,0,0,-0.054733727810650896,0,0,5296.5,0.034885320130337266,0.0,0.5,0.5,0.0
skdclskt,2tmxyq59,41800c26-6898-4b86-b356-94ff8bfa3a3a,c34666fc-2042-436c-b5b2-8be4eb77fa45,1,0,0,3,5570.0,2600.0,100.0,5.0,3242.0,20.0,,5480.0,0.5833333333333334,7,0.11666666666666659,1,0,28,0,0,1,2,1.0,2.0,-1.0,8.0,107.68625,3.6862499999999994,6.311249999999999,113.99,104.0,115.0,100.0,104,109.0,101.0,107.0,0.045779816513761507,0.060685096153846145,0,0,0.03544471153846155,0,0,5322.0,0.010682372576710737,0.0,0.0,1.0,0.0
skdclskt,klvgct3w,41800c26-6898-4b86-b356-94ff8bfa3a3a,5d8a97d2-0acd-4bec-9355-f1ef8ca0b665,1,0,0,3,5086.0,3800.0,110.0,3.0,4147.0,9.0,,4926.0,0.6666666666666666,7,0.033333333333333326,2,1,19,0,0,0,2,1.0,1.0,0.0,8.0,107.68625,3.6862499999999994,6.311249999999999,113.99,104.0,115.0,100.0,104,109.0,101.0,107.0,0.045779816513761507,0.060685096153846145,0,0,0.03544471153846155,0,0,5083.0,0.010682372576710737,0.0,0.0,0.0,1.0
skdclskt,fa5fpl4w,41800c26-6898-4b86-b356-94ff8bfa3a3a,9ae3a47d-ad9b-4325-b996-258a31aa9b65,1,0,0,3,5251.0,2600.0,0.0,0.0,2883.5,23.0,,5161.0,0.75,0,-0.75,6,1,28,0,0,1,2,2.0,0.0,2.0,8.0,107.68625,3.6862499999999994,6.311249999999999,113.99,104.0,115.0,100.0,104,109.0,101.0,107.0,0.045779816513761507,0.060685096153846145,0,0,0.03544471153846155,0,0,5275.5,0.010682372576710737,1.0,0.0,0.0,0.0
skdclskt,0sa5xwid,41800c26-6898-4b86-b356-94ff8bfa3a3a,3f16f05a-e96e-45ac-9ef0-9c2d6dce3317,1,0,0,3,5140.0,3800.0,120.0,2.0,3931.01,11.0,,5050.0,0.5833333333333334,1,-0.4833333333333334,1,1,18,0,0,1,2,2.0,1.0,1.0,8.0,107.68625,3.6862499999999994,6.311249999999999,113.99,104.0,115.0,100.0,104,109.0,101.0,107.0,0.045779816513761507,0.060685096153846145,0,0,0.03544471153846155,0,0,5075.01,0.010682372576710737,1.0,0.0,0.0,0.0
skdclskt,w5nuyib0,41800c26-6898-4b86-b356-94ff8bfa3a3a,16e26514-b278-4448-959a-f58ad6e11852,1,0,0,3,4813.0,2600.0,119.0,2.0,3515.99,17.0,,4773.0,0.3333333333333333,3,-0.033333333333333326,1,1,18,0,0,1,2,0.0,2.0,-2.0,8.0,107.68625,3.6862499999999994,6.311249999999999,113.99,104.0,115.0,100.0,104,109.0,101.0,107.0,0.045779816513761507,0.060685096153846145,0,0,0.03544471153846155,0,0,5283.99,0.010682372576710737,0.0,1.0,0.0,0.0
skdclskt,s1twfhpt,41800c26-6898-4b86-b356-94ff8bfa3a3a,0414deaa-50dd-4291-abcb-c312c59361b0,1,0,0,3,4871.0,3800.0,113.0,4.0,3764.5,13.0,,4661.0,0.9166666666666666,6,-0.31666666666666665,1,1,21,1,1,1,2,2.0,2.0,0.0,8.0,107.68625,3.6862499999999994,6.311249999999999,113.99,104.0,115.0,100.0,104,109.0,101.0,107.0,0.045779816513761507,0.060685096153846145,0,0,0.03544471153846155,0,0,5116.5,0.010682372576710737,0.0,1.0,0.0,0.0
skdclskt,tqeatlds,490e4560-4219-4069-a6b1-c8a826129b68,18595b83-a573-483a-922c-64417e548e97,0,0,0,3,5561.0,2600.0,60.0,3.0,3431.38,16.0,,5351.0,0.75,7,-0.050000000000000044,2,1,19,0,0,1,2,0.0,6.0,-6.0,8.0,60.2975,-43.7025,43.7025,61.0,60.75,62.0,59.0,104,62.0,75.0,59.5,-0.016129032258064502,0.4202163461538462,0,0,-0.4202163461538462,0,0,5095.38,0.016998957269322438,0.0,0.0,1.0,0.0
skdclskt,nu7ykbgx,490e4560-4219-4069-a6b1-c8a826129b68,590f10b9-c637-4d22-97d1-7bcc1d1f1e01,0,0,0,3,5985.0,3800.0,63.0,4.0,3879.0,13.0,,5815.0,0.9166666666666666,5,-0.41666666666666663,1,0,28,1,1,1,2,2.0,0.0,2.0,8.0,60.2975,-43.7025,43.7025,61.0,60.75,62.0,59.0,104,62.0,75.0,59.5,-0.016129032258064502,0.4202163461538462,0,0,-0.4202163461538462,0,0,5231.0,0.016998957269322438,0.0,0.0,1.0,0.0
skdclskt,su76nhj9,490e4560-4219-4069-a6b1-c8a826129b68,e420f624-78fe-42c9-aa20-242b54f6c4e8,0,0,0,3,5506.0,2600.0,66.0,4.0,2997.25,25.0,,5386.0,0.6666666666666666,7,0.033333333333333326,4,0,23,1,1,1,2,3.0,1.0,2.0,8.0,60.2975,-43.7025,43.7025,61.0,60.75,62.0,59.0,104,62.0,75.0,59.5,-0.016129032258064502,0.4202163461538462,0,0,-0.4202163461538462,0,0,5597.25,0.016998957269322438,0.0,0.0,1.0,0.0
skdclskt,c2m857p1,490e4560-4219-4069-a6b1-c8a826129b68,a7bed23b-2e8e-451f-8b7c-42f684002277,0,0,0,3,5566.0,3800.0,62.0,3.0,4080.0,10.0,,5356.0,0.9166666666666666,5,-0.41666666666666663,1,1,21,1,1,0,2,0.0,1.0,-1.0,8.0,60.2975,-43.7025,43.7025,61.0,60.75,62.0,59.0,104,62.0,75.0,59.5,-0.016129032258064502,0.4202163461538462,0,0,-0.4202163461538462,0,0,5120.0,0.016998957269322438,1.0,0.0,0.0,0.0
skdclskt,r6xuxcar,490e4560-4219-4069-a6b1-c8a826129b68,10f05dce-1c31-4c65-80e0-0450ca2c00bb,0,0,0,3,4396.0,2600.0,60.0,3.0,3040.0,21.0,,4226.0,0.75,7,-0.050000000000000044,9,1,21,1,1,1,2,2.0,0.0,2.0,8.0,60.2975,-43.7025,43.7025,61.0,60.75,62.0,59.0,104,62.0,75.0,59.5,-0.016129032258064502,0.4202163461538462,0,0,-0.4202163461538462,0,0,5224.0,0.016998957269322438,0.5,0.5,0.0,0.0
skdclskt,2y2lzizt,490e4560-4219-4069-a6b1-c8a826129b68,bdad41ef-e8fb-4016-ab64-9cee4008db0e,0,0,0,3,4734.0,3800.0,60.0,3.0,4020.37,10.0,,4534.0,0.8333333333333334,2,-0.6333333333333333,3,1,34,1,1,1,2,1.0,0.0,1.0,8.0,60.2975,-43.7025,43.7025,61.0,60.75,62.0,59.0,104,62.0,75.0,59.5,-0.016129032258064502,0.4202163461538462,0,0,-0.4202163461538462,0,0,5060.37,0.016998957269322438,0.0,0.0,0.0,1.0
skdclskt,0qc91a5a,00548e28-65ed-47e8-a667-34639429359c,fef5ca2d-6f21-47c4-90cc-74807444686a,0,0,0,3,6523.0,2600.0,96.0,4.0,3314.0,18.0,,6423.0,0.8333333333333334,7,-0.13333333333333341,1,1,35,1,1,1,2,1.0,1.0,0.0,7.0,134.14285714285714,30.142857142857142,30.142857142857142,135.0,126.0,143.0,126.0,104,126.0,,129.0,0.0714285714285714,0.2898351648351648,0,0,0.2898351648351648,0,0,5186.0,0.010394059321673263,0.0,0.0,1.0,0.0
skdclskt,2vy9s3px,00548e28-65ed-47e8-a667-34639429359c,2b85f691-c920-4f32-ae54-e21833cf5475,0,0,0,3,5050.0,3800.0,125.0,4.0,3490.0,18.0,,4920.0,0.9166666666666666,8,-0.11666666666666659,2,0,21,0,0,1,2,2.0,1.0,1.0,7.0,134.14285714285714,30.142857142857142,30.142857142857142,135.0,126.0,143.0,126.0,104,126.0,,129.0,0.0714285714285714,0.2898351648351648,0,0,0.2898351648351648,0,0,5362.0,0.010394059321673263,0.0,1.0,0.0,0.0
skdclskt,87uw2jck,00548e28-65ed-47e8-a667-34639429359c,c953d4fd-7bea-449b-9aa0-5e400d9cb204,0,0,0,3,5633.0,2600.0,8.0,5.0,2968.0,21.0,,5523.0,0.9166666666666666,6,-0.31666666666666665,2,0,22,1,1,1,2,1.0,1.0,0.0,7.0,134.14285714285714,30.142857142857142,30.142857142857142,135.0,126.0,143.0,126.0,104,126.0,,129.0,0.0714285714285714,0.2898351648351648,0,0,0.2898351648351648,0,0,5152.0,0.010394059321673263,0.0,0.5,0.5,0.0
skdclskt,3ftocepp,00548e28-65ed-47e8-a667-34639429359c,53915058-5167-43d2-afa0-8f6290f2017f,0,0,0,3,5815.0,3800.0,4200.0,5.0,4057.0,12.0,,5725.0,0.75,6,-0.15000000000000002,3,1,19,0,1,1,2,1.0,0.0,1.0,7.0,134.14285714285714,30.142857142857142,30.142857142857142,135.0,126.0,143.0,126.0,104,126.0,,129.0,0.0714285714285714,0.2898351648351648,0,0,0.2898351648351648,0,0,5305.0,0.010394059321673263,0.5,0.0,0.5,0.0
skdclskt,xz3dh0k4,00548e28-65ed-47e8-a667-34639429359c,a2e9d95e-90cb-4b2f-b5ca-2486e9ab692d,0,0,0,3,5047.0,2600.0,135.0,2.0,3795.0,14.0,,4927.0,0.6666666666666666,4,-0.2666666666666666,2,1,22,1,0,1,2,1.0,3.0,-2.0,7.0,134.14285714285714,30.142857142857142,30.142857142857142,135.0,126.0,143.0,126.0,104,126.0,,129.0,0.0714285714285714,0.2898351648351648,0,0,0.2898351648351648,0,0,5251.0,0.010394059321673263,0.0,0.5,0.5,0.0
skdclskt,x7l4wbwx,00548e28-65ed-47e8-a667-34639429359c,89df792d-8b1a-4545-be89-9e94133865f7,0,0,0,3,5091.0,3800.0,130.0,2.0,3828.0,12.0,,4961.0,0.75,4,-0.35,3,0,20,1,1,0,2,1.0,1.0,0.0,7.0,134.14285714285714,30.142857142857142,30.142857142857142,135.0,126.0,143.0,126.0,104,126.0,,129.0,0.0714285714285714,0.2898351648351648,0,0,0.2898351648351648,0,0,5076.0,0.010394059321673263,0.0,0.0,1.0,0.0
skdclskt,9bv3gi2y,bbac1738-2cb5-4b77-92c4-c512548db93b,2622e9f6-8f19-49dd-b301-25fc2a630f03,1,0,0,4,6097.0,2600.0,,,2862.0,25.0,,5887.0,0.9166666666666666,1,-0.8166666666666667,45,0,29,0,0,1,2,2.0,0.0,2.0,17.0,95.86764705882354,-0.1323529411764706,2.1323529411764706,97.75,99.0,100.0,90.0,96,96.0,95.0,92.0,0.01822916666666674,0.02221200980392157,0,0,-0.0013786764705881656,0,0,5262.0,0.030471452340295108,0.0,0.0,1.0,0.0
skdclskt,1tnknpce,bbac1738-2cb5-4b77-92c4-c512548db93b,24e830e8-905d-4e22-ab61-b990c984ff16,1,0,0,4,4685.0,3800.0,,,3067.25,24.0,,4575.0,0.75,7,-0.050000000000000044,3,0,18,0,1,1,2,7.0,0.0,7.0,17.0,95.86764705882354,-0.1323529411764706,2.1323529411764706,97.75,99.0,100.0,90.0,96,96.0,95.0,92.0,0.01822916666666674,0.02221200980392157,0,0,-0.0013786764705881656,0,0,5371.25,0.030471452340295108,0.0,1.0,0.0,0.0
skdclskt,zkl94ida,bbac1738-2cb5-4b77-92c4-c512548db93b,6820cd25-c18c-49e6-84f5-25aa69820367,1,0,0,4,7353.0,2600.0,,,3032.75,24.0,,7163.0,0.9166666666666666,5,-0.41666666666666663,1,0,18,0,0,0,2,1.0,6.0,-5.0,17.0,95.86764705882354,-0.1323529411764706,2.1323529411764706,97.75,99.0,100.0,90.0,96,96.0,95.0,92.0,0.01822916666666674,0.02221200980392157,0,0,-0.0013786764705881656,0,0,5336.75,0.030471452340295108,0.0,0.0,1.0,0.0
skdclskt,h7nk13vs,bbac1738-2cb5-4b77-92c4-c512548db93b,ae2e944d-6861-4940-b26c-a08caaca1a16,1,0,0,4,5148.0,3800.0,,,4465.0,3.0,,5028.0,0.6666666666666666,4,-0.2666666666666666,4,1,19,1,0,0,2,3.0,3.0,0.0,17.0,95.86764705882354,-0.1323529411764706,2.1323529411764706,97.75,99.0,100.0,90.0,96,96.0,95.0,92.0,0.01822916666666674,0.02221200980392157,0,0,-0.0013786764705881656,0,0,4753.0,0.030471452340295108,1.0,0.0,0.0,0.0
skdclskt,8rrxo8mh,bbac1738-2cb5-4b77-92c4-c512548db93b,a1542dc5-078d-4b85-8ee8-6acdc2839880,1,0,0,4,5698.0,2600.0,,,3971.25,7.0,,5528.0,0.75,7,-0.050000000000000044,2,1,21,1,0,1,2,4.0,5.0,-1.0,17.0,95.86764705882354,-0.1323529411764706,2.1323529411764706,97.75,99.0,100.0,90.0,96,96.0,95.0,92.0,0.01822916666666674,0.02221200980392157,0,0,-0.0013786764705881656,0,0,4643.25,0.030471452340295108,0.0,0.0,1.0,0.0
skdclskt,53wkzdsp,bbac1738-2cb5-4b77-92c4-c512548db93b,3e36c9fa-1786-43b0-87ea-f17db8332def,1,0,0,4,5089.0,3800.0,,,4125.75,10.0,,4929.0,0.8333333333333334,8,-0.033333333333333326,3,1,36,0,0,1,2,0.0,3.0,-3.0,17.0,95.86764705882354,-0.1323529411764706,2.1323529411764706,97.75,99.0,100.0,90.0,96,96.0,95.0,92.0,0.01822916666666674,0.02221200980392157,0,0,-0.0013786764705881656,0,0,5085.75,0.030471452340295108,0.0,0.5,0.5,0.0
skdclskt,2tmxyq59,41800c26-6898-4b86-b356-94ff8bfa3a3a,c34666fc-2042-436c-b5b2-8be4eb77fa45,1,0,0,4,5570.0,2600.0,,,3659.99,19.0,,5480.0,0.5833333333333334,7,0.11666666666666659,1,0,28,0,0,1,2,0.0,4.0,-4.0,8.0,106.37375,10.37375,10.37375,107.0,102.99,115.0,100.0,96,113.99,109.0,113.0,-0.061321168523554626,0.10805989583333332,0,0,0.10805989583333335,0,0,5483.99,0.01564543014244273,0.0,0.0,1.0,0.0
skdclskt,klvgct3w,41800c26-6898-4b86-b356-94ff8bfa3a3a,5d8a97d2-0acd-4bec-9355-f1ef8ca0b665,1,0,0,4,5086.0,3800.0,,,3837.0,12.0,,4926.0,0.6666666666666666,7,0.033333333333333326,2,1,19,0,0,0,2,3.0,0.0,3.0,8.0,106.37375,10.37375,10.37375,107.0,102.99,115.0,100.0,96,113.99,109.0,113.0,-0.061321168523554626,0.10805989583333332,0,0,0.10805989583333335,0,0,4989.0,0.01564543014244273,0.0,0.0,0.0,1.0
skdclskt,fa5fpl4w,41800c26-6898-4b86-b356-94ff8bfa3a3a,9ae3a47d-ad9b-4325-b996-258a31aa9b65,1,0,0,4,5251.0,2600.0,,,2897.51,22.0,,5161.0,0.75,0,-0.75,6,1,28,0,0,1,2,2.0,2.0,0.0,8.0,106.37375,10.37375,10.37375,107.0,102.99,115.0,100.0,96,113.99,109.0,113.0,-0.061321168523554626,0.10805989583333332,0,0,0.10805989583333335,0,0,5009.51,0.01564543014244273,1.0,0.0,0.0,0.0
skdclskt,0sa5xwid,41800c26-6898-4b86-b356-94ff8bfa3a3a,3f16f05a-e96e-45ac-9ef0-9c2d6dce3317,1,0,0,4,5140.0,3800.0,,,4027.01,11.0,,5050.0,0.5833333333333334,1,-0.4833333333333334,1,1,18,0,0,1,2,1.0,2.0,-1.0,8.0,106.37375,10.37375,10.37375,107.0,102.99,115.0,100.0,96,113.99,109.0,113.0,-0.061321168523554626,0.10805989583333332,0,0,0.10805989583333335,0,0,5083.01,0.01564543014244273,1.0,0.0,0.0,0.0
skdclskt,w5nuyib0,41800c26-6898-4b86-b356-94ff8bfa3a3a,16e26514-b278-4448-959a-f58ad6e11852,1,0,0,4,4813.0,2600.0,,,3515.99,17.0,,4773.0,0.3333333333333333,3,-0.033333333333333326,1,1,18,0,0,1,2,0.0,0.0,0.0,8.0,106.37375,10.37375,10.37375,107.0,102.99,115.0,100.0,96,113.99,109.0,113.0,-0.061321168523554626,0.10805989583333332,0,0,0.10805989583333335,0,0,5147.99,0.01564543014244273,0.0,1.0,0.0,0.0
skdclskt,s1twfhpt,41800c26-6898-4b86-b356-94ff8bfa3a3a,0414deaa-50dd-4291-abcb-c312c59361b0,1,0,0,4,4871.0,3800.0,,,3546.5,16.0,,4661.0,0.9166666666666666,6,-0.31666666666666665,1,1,21,1,1,1,2,2.0,0.0,2.0,8.0,106.37375,10.37375,10.37375,107.0,102.99,115.0,100.0,96,113.99,109.0,113.0,-0.061321168523554626,0.10805989583333332,0,0,0.10805989583333335,0,0,5082.5,0.01564543014244273,0.0,1.0,0.0,0.0
skdclskt,tqeatlds,490e4560-4219-4069-a6b1-c8a826129b68,18595b83-a573-483a-922c-64417e548e97,0,0,0,4,5561.0,2600.0,,,3185.56,19.0,,5351.0,0.75,7,-0.050000000000000044,2,1,19,0,0,1,2,5.0,1.0,4.0,12.0,61.02333333333333,-34.97666666666667,34.97666666666667,59.5,61.13,62.13,59.5,96,61.0,62.0,59.0,-0.024590163934426257,0.3643402777777778,0,0,-0.3643402777777778,0,0,5009.5599999999995,0.02048361337183865,0.0,0.0,1.0,0.0
skdclskt,nu7ykbgx,490e4560-4219-4069-a6b1-c8a826129b68,590f10b9-c637-4d22-97d1-7bcc1d1f1e01,0,0,0,4,5985.0,3800.0,,,3819.5,14.0,,5815.0,0.9166666666666666,5,-0.41666666666666663,1,0,28,1,1,1,2,1.0,0.0,1.0,12.0,61.02333333333333,-34.97666666666667,34.97666666666667,59.5,61.13,62.13,59.5,96,61.0,62.0,59.0,-0.024590163934426257,0.3643402777777778,0,0,-0.3643402777777778,0,0,5163.5,0.02048361337183865,0.0,0.0,1.0,0.0
skdclskt,su76nhj9,490e4560-4219-4069-a6b1-c8a826129b68,e420f624-78fe-42c9-aa20-242b54f6c4e8,0,0,0,4,5506.0,2600.0,,,2999.63,25.0,,5386.0,0.6666666666666666,7,0.033333333333333326,4,0,23,1,1,1,2,1.0,1.0,0.0,12.0,61.02333333333333,-34.97666666666667,34.97666666666667,59.5,61.13,62.13,59.5,96,61.0,62.0,59.0,-0.024590163934426257,0.3643402777777778,0,0,-0.3643402777777778,0,0,5399.63,0.02048361337183865,0.0,0.0,1.0,0.0
skdclskt,c2m857p1,490e4560-4219-4069-a6b1-c8a826129b68,a7bed23b-2e8e-451f-8b7c-42f684002277,0,0,0,4,5566.0,3800.0,,,4325.5,6.0,,5356.0,0.9166666666666666,5,-0.41666666666666663,1,1,21,1,1,0,2,0.0,4.0,-4.0,12.0,61.02333333333333,-34.97666666666667,34.97666666666667,59.5,61.13,62.13,59.5,96,61.0,62.0,59.0,-0.024590163934426257,0.3643402777777778,0,0,-0.3643402777777778,0,0,4901.5,0.02048361337183865,1.0,0.0,0.0,0.0
skdclskt,r6xuxcar,490e4560-4219-4069-a6b1-c8a826129b68,10f05dce-1c31-4c65-80e0-0450ca2c00bb,0,0,0,4,4396.0,2600.0,,,2855.92,24.0,,4226.0,0.75,7,-0.050000000000000044,9,1,21,1,1,1,2,3.0,0.0,3.0,12.0,61.02333333333333,-34.97666666666667,34.97666666666667,59.5,61.13,62.13,59.5,96,61.0,62.0,59.0,-0.024590163934426257,0.3643402777777778,0,0,-0.3643402777777778,0,0,5159.92,0.02048361337183865,0.5,0.5,0.0,0.0
skdclskt,2y2lzizt,490e4560-4219-4069-a6b1-c8a826129b68,bdad41ef-e8fb-4016-ab64-9cee4008db0e,0,0,0,4,4734.0,3800.0,,,4261.889999999999,6.0,,4534.0,0.8333333333333334,2,-0.6333333333333333,3,1,34,1,1,1,2,2.0,6.0,-4.0,12.0,61.02333333333333,-34.97666666666667,34.97666666666667,59.5,61.13,62.13,59.5,96,61.0,62.0,59.0,-0.024590163934426257,0.3643402777777778,0,0,-0.3643402777777778,0,0,4837.889999999999,0.02048361337183865,0.0,0.0,0.0,1.0
skdclskt,0qc91a5a,00548e28-65ed-47e8-a667-34639429359c,fef5ca2d-6f21-47c4-90cc-74807444686a,0,0,0,4,6523.0,2600.0,,,3701.5,15.0,,6423.0,0.8333333333333334,7,-0.13333333333333341,1,1,35,1,1,1,2,0.0,3.0,-3.0,7.0,128.35714285714286,32.357142857142854,32.357142857142854,129.0,126.0,130.0,126.0,96,135.0,126.0,111.0,-0.0444444444444444,0.3370535714285714,0,0,0.33705357142857145,0,0,5141.5,0.011822470923853412,0.0,0.0,1.0,0.0
skdclskt,2vy9s3px,00548e28-65ed-47e8-a667-34639429359c,2b85f691-c920-4f32-ae54-e21833cf5475,0,0,0,4,5050.0,3800.0,,,3619.0,15.0,,4920.0,0.9166666666666666,8,-0.11666666666666659,2,0,21,0,0,1,2,0.0,1.0,-1.0,7.0,128.35714285714286,32.357142857142854,32.357142857142854,129.0,126.0,130.0,126.0,96,135.0,126.0,111.0,-0.0444444444444444,0.3370535714285714,0,0,0.33705357142857145,0,0,5059.0,0.011822470923853412,0.0,1.0,0.0,0.0
skdclskt,87uw2jck,00548e28-65ed-47e8-a667-34639429359c,c953d4fd-7bea-449b-9aa0-5e400d9cb204,0,0,0,4,5633.0,2600.0,,,2321.5,26.0,,5523.0,0.9166666666666666,6,-0.31666666666666665,2,0,22,1,1,1,2,5.0,0.0,5.0,7.0,128.35714285714286,32.357142857142854,32.357142857142854,129.0,126.0,130.0,126.0,96,135.0,126.0,111.0,-0.0444444444444444,0.3370535714285714,0,0,0.33705357142857145,0,0,4817.5,0.011822470923853412,0.0,0.5,0.5,0.0
skdclskt,3ftocepp,00548e28-65ed-47e8-a667-34639429359c,53915058-5167-43d2-afa0-8f6290f2017f,0,0,0,4,5815.0,3800.0,,,3805.0,14.0,,5725.0,0.75,6,-0.15000000000000002,3,1,19,0,1,1,2,2.0,0.0,2.0,7.0,128.35714285714286,32.357142857142854,32.357142857142854,129.0,126.0,130.0,126.0,96,135.0,126.0,111.0,-0.0444444444444444,0.3370535714285714,0,0,0.33705357142857145,0,0,5149.0,0.011822470923853412,0.5,0.0,0.5,0.0
skdclskt,xz3dh0k4,00548e28-65ed-47e8-a667-34639429359c,a2e9d95e-90cb-4b2f-b5ca-2486e9ab692d,0,0,0,4,5047.0,2600.0,,,3921.0,13.0,,4927.0,0.6666666666666666,4,-0.2666666666666666,2,1,22,1,0,1,2,0.0,1.0,-1.0,7.0,128.35714285714286,32.357142857142854,32.357142857142854,129.0,126.0,130.0,126.0,96,135.0,126.0,111.0,-0.0444444444444444,0.3370535714285714,0,0,0.33705357142857145,0,0,5169.0,0.011822470923853412,0.0,0.5,0.5,0.0
skdclskt,x7l4wbwx,00548e28-65ed-47e8-a667-34639429359c,89df792d-8b1a-4545-be89-9e94133865f7,0,0,0,4,5091.0,3800.0,,,4084.0,10.0,,4961.0,0.75,4,-0.35,3,0,20,1,1,0,2,0.0,2.0,-2.0,7.0,128.35714285714286,32.357142857142854,32.357142857142854,129.0,126.0,130.0,126.0,96,135.0,126.0,111.0,-0.0444444444444444,0.3370535714285714,0,0,0.33705357142857145,0,0,5044.0,0.011822470923853412,0.0,0.0,1.0,0.0
skdclskt,9bv3gi2y,bbac1738-2cb5-4b77-92c4-c512548db93b,2622e9f6-8f19-49dd-b301-25fc2a630f03,1,0,0,5,6097.0,2600.0,,,2862.0,23.0,,5887.0,0.9166666666666666,1,-0.8166666666666667,45,0,29,0,0,1,2,0.0,0.0,0.0,30.0,92.41233333333334,4.412333333333332,4.412333333333332,92.0,95.25,100.5,88.0,88,97.75,96.0,93.24,-0.05882352941176472,0.0501401515151515,0,0,0.05014015151515155,0,0,4886.0,0.037623489102712925,0.0,0.0,1.0,0.0
skdclskt,1tnknpce,bbac1738-2cb5-4b77-92c4-c512548db93b,24e830e8-905d-4e22-ab61-b990c984ff16,1,0,0,5,4685.0,3800.0,,,2144.79,39.0,,4575.0,0.75,7,-0.050000000000000044,3,0,18,0,1,1,2,10.0,0.0,10.0,30.0,92.41233333333334,4.412333333333332,4.412333333333332,92.0,95.25,100.5,88.0,88,97.75,96.0,93.24,-0.05882352941176472,0.0501401515151515,0,0,0.05014015151515155,0,0,5576.79,0.037623489102712925,0.0,1.0,0.0,0.0
skdclskt,zkl94ida,bbac1738-2cb5-4b77-92c4-c512548db93b,6820cd25-c18c-49e6-84f5-25aa69820367,1,0,0,5,7353.0,2600.0,,,4777.969999999998,4.0,,7163.0,0.9166666666666666,5,-0.41666666666666663,1,0,18,0,0,0,2,0.0,19.0,-19.0,30.0,92.41233333333334,4.412333333333332,4.412333333333332,92.0,95.25,100.5,88.0,88,97.75,96.0,93.24,-0.05882352941176472,0.0501401515151515,0,0,0.05014015151515155,0,0,5129.969999999998,0.037623489102712925,0.0,0.0,1.0,0.0
skdclskt,h7nk13vs,bbac1738-2cb5-4b77-92c4-c512548db93b,ae2e944d-6861-4940-b26c-a08caaca1a16,1,0,0,5,5148.0,3800.0,,,3724.67,12.0,,5028.0,0.6666666666666666,4,-0.2666666666666666,4,1,19,1,0,0,2,11.0,1.0,10.0,30.0,92.41233333333334,4.412333333333332,4.412333333333332,92.0,95.25,100.5,88.0,88,97.75,96.0,93.24,-0.05882352941176472,0.0501401515151515,0,0,0.05014015151515155,0,0,4780.67,0.037623489102712925,1.0,0.0,0.0,0.0
skdclskt,8rrxo8mh,bbac1738-2cb5-4b77-92c4-c512548db93b,a1542dc5-078d-4b85-8ee8-6acdc2839880,1,0,0,5,5698.0,2600.0,,,3426.1999999999994,13.0,,5528.0,0.75,7,-0.050000000000000044,2,1,21,1,0,1,2,9.0,3.0,6.0,30.0,92.41233333333334,4.412333333333332,4.412333333333332,92.0,95.25,100.5,88.0,88,97.75,96.0,93.24,-0.05882352941176472,0.0501401515151515,0,0,0.05014015151515155,0,0,4570.199999999999,0.037623489102712925,0.0,0.0,1.0,0.0
skdclskt,53wkzdsp,bbac1738-2cb5-4b77-92c4-c512548db93b,3e36c9fa-1786-43b0-87ea-f17db8332def,1,0,0,5,5089.0,3800.0,,,4769.23,6.0,,4929.0,0.8333333333333334,8,-0.033333333333333326,3,1,36,0,0,1,2,0.0,7.0,-7.0,30.0,92.41233333333334,4.412333333333332,4.412333333333332,92.0,95.25,100.5,88.0,88,97.75,96.0,93.24,-0.05882352941176472,0.0501401515151515,0,0,0.05014015151515155,0,0,5297.23,0.037623489102712925,0.0,0.5,0.5,0.0
skdclskt,2tmxyq59,41800c26-6898-4b86-b356-94ff8bfa3a3a,c34666fc-2042-436c-b5b2-8be4eb77fa45,1,0,0,5,5570.0,2600.0,,,3885.99,13.0,,5480.0,0.5833333333333334,7,0.11666666666666659,1,0,28,0,0,1,2,0.0,2.0,-2.0,10.0,108.0,20.0,20.0,113.0,105.0,113.0,100.0,88,107.0,113.99,100.0,0.05607476635514019,0.22727272727272727,0,0,0.22727272727272727,0,0,5029.99,0.007306614223066133,0.0,0.0,1.0,0.0
skdclskt,klvgct3w,41800c26-6898-4b86-b356-94ff8bfa3a3a,5d8a97d2-0acd-4bec-9355-f1ef8ca0b665,1,0,0,5,5086.0,3800.0,,,3728.0,13.0,,4926.0,0.6666666666666666,7,0.033333333333333326,2,1,19,0,0,0,2,1.0,0.0,1.0,10.0,108.0,20.0,20.0,113.0,105.0,113.0,100.0,88,107.0,113.99,100.0,0.05607476635514019,0.22727272727272727,0,0,0.22727272727272727,0,0,4872.0,0.007306614223066133,0.0,0.0,0.0,1.0
skdclskt,fa5fpl4w,41800c26-6898-4b86-b356-94ff8bfa3a3a,9ae3a47d-ad9b-4325-b996-258a31aa9b65,1,0,0,5,5251.0,2600.0,,,2907.51,23.0,,5161.0,0.75,0,-0.75,6,1,28,0,0,1,2,1.0,1.0,0.0,10.0,108.0,20.0,20.0,113.0,105.0,113.0,100.0,88,107.0,113.99,100.0,0.05607476635514019,0.22727272727272727,0,0,0.22727272727272727,0,0,4931.51,0.007306614223066133,1.0,0.0,0.0,0.0
skdclskt,0sa5xwid,41800c26-6898-4b86-b356-94ff8bfa3a3a,3f16f05a-e96e-45ac-9ef0-9c2d6dce3317,1,0,0,5,5140.0,3800.0,,,4116.01,9.0,,5050.0,0.5833333333333334,1,-0.4833333333333334,1,1,18,0,0,1,2,2.0,3.0,-1.0,10.0,108.0,20.0,20.0,113.0,105.0,113.0,100.0,88,107.0,113.99,100.0,0.05607476635514019,0.22727272727272727,0,0,0.22727272727272727,0,0,4908.01,0.007306614223066133,1.0,0.0,0.0,0.0
skdclskt,w5nuyib0,41800c26-6898-4b86-b356-94ff8bfa3a3a,16e26514-b278-4448-959a-f58ad6e11852,1,0,0,5,4813.0,2600.0,,,3615.99,15.0,,4773.0,0.3333333333333333,3,-0.033333333333333326,1,1,18,0,0,1,2,1.0,2.0,-1.0,10.0,108.0,20.0,20.0,113.0,105.0,113.0,100.0,88,107.0,113.99,100.0,0.05607476635514019,0.22727272727272727,0,0,0.22727272727272727,0,0,4935.99,0.007306614223066133,0.0,1.0,0.0,0.0
skdclskt,s1twfhpt,41800c26-6898-4b86-b356-94ff8bfa3a3a,0414deaa-50dd-4291-abcb-c312c59361b0,1,0,0,5,4871.0,3800.0,,,3230.5,18.0,,4661.0,0.9166666666666666,6,-0.31666666666666665,1,1,21,1,1,1,2,5.0,2.0,3.0,10.0,108.0,20.0,20.0,113.0,105.0,113.0,100.0,88,107.0,113.99,100.0,0.05607476635514019,0.22727272727272727,0,0,0.22727272727272727,0,0,4814.5,0.007306614223066133,0.0,1.0,0.0,0.0
skdclskt,tqeatlds,490e4560-4219-4069-a6b1-c8a826129b68,18595b83-a573-483a-922c-64417e548e97,0,0,0,5,5561.0,2600.0,,,3184.76,19.0,,5351.0,0.75,7,-0.050000000000000044,2,1,19,0,0,1,2,2.0,2.0,0.0,12.0,60.1625,-27.837500000000002,27.837500000000002,59.0,59.25,61.75,59.0,88,59.5,61.0,59.5,-0.008403361344537785,0.3163352272727273,0,0,-0.3163352272727273,0,0,4856.76,0.017748814635891952,0.0,0.0,1.0,0.0
skdclskt,nu7ykbgx,490e4560-4219-4069-a6b1-c8a826129b68,590f10b9-c637-4d22-97d1-7bcc1d1f1e01,0,0,0,5,5985.0,3800.0,,,3700.25,16.0,,5815.0,0.9166666666666666,5,-0.41666666666666663,1,0,28,1,1,1,2,2.0,0.0,2.0,12.0,60.1625,-27.837500000000002,27.837500000000002,59.0,59.25,61.75,59.0,88,59.5,61.0,59.5,-0.008403361344537785,0.3163352272727273,0,0,-0.3163352272727273,0,0,5108.25,0.017748814635891952,0.0,0.0,1.0,0.0
skdclskt,su76nhj9,490e4560-4219-4069-a6b1-c8a826129b68,e420f624-78fe-42c9-aa20-242b54f6c4e8,0,0,0,5,5506.0,2600.0,,,3062.4300000000003,24.0,,5386.0,0.6666666666666666,7,0.033333333333333326,4,0,23,1,1,1,2,1.0,2.0,-1.0,12.0,60.1625,-27.837500000000002,27.837500000000002,59.0,59.25,61.75,59.0,88,59.5,61.0,59.5,-0.008403361344537785,0.3163352272727273,0,0,-0.3163352272727273,0,0,5174.43,0.017748814635891952,0.0,0.0,1.0,0.0
skdclskt,c2m857p1,490e4560-4219-4069-a6b1-c8a826129b68,a7bed23b-2e8e-451f-8b7c-42f684002277,0,0,0,5,5566.0,3800.0,,,4506.75,4.0,,5356.0,0.9166666666666666,5,-0.41666666666666663,1,1,21,1,1,0,2,1.0,4.0,-3.0,12.0,60.1625,-27.837500000000002,27.837500000000002,59.0,59.25,61.75,59.0,88,59.5,61.0,59.5,-0.008403361344537785,0.3163352272727273,0,0,-0.3163352272727273,0,0,4858.75,0.017748814635891952,1.0,0.0,0.0,0.0
skdclskt,r6xuxcar,490e4560-4219-4069-a6b1-c8a826129b68,10f05dce-1c31-4c65-80e0-0450ca2c00bb,0,0,0,5,4396.0,2600.0,,,2611.92,28.0,,4226.0,0.75,7,-0.050000000000000044,9,1,21,1,1,1,2,5.0,1.0,4.0,12.0,60.1625,-27.837500000000002,27.837500000000002,59.0,59.25,61.75,59.0,88,59.5,61.0,59.5,-0.008403361344537785,0.3163352272727273,0,0,-0.3163352272727273,0,0,5075.92,0.017748814635891952,0.5,0.5,0.0,0.0
skdclskt,2y2lzizt,490e4560-4219-4069-a6b1-c8a826129b68,bdad41ef-e8fb-4016-ab64-9cee4008db0e,0,0,0,5,4734.0,3800.0,,,4381.889999999999,4.0,,4534.0,0.8333333333333334,2,-0.6333333333333333,3,1,34,1,1,1,2,1.0,3.0,-2.0,12.0,60.1625,-27.837500000000002,27.837500000000002,59.0,59.25,61.75,59.0,88,59.5,61.0,59.5,-0.008403361344537785,0.3163352272727273,0,0,-0.3163352272727273,0,0,4733.889999999999,0.017748814635891952,0.0,0.0,0.0,1.0
skdclskt,0qc91a5a,00548e28-65ed-47e8-a667-34639429359c,fef5ca2d-6f21-47c4-90cc-74807444686a,0,0,0,5,6523.0,2600.0,,,4076.75,12.0,,6423.0,0.8333333333333334,7,-0.13333333333333341,1,1,35,1,1,1,2,0.0,3.0,-3.0,7.0,122.53571428571429,34.535714285714285,34.535714285714285,111.0,129.0,129.0,111.0,88,129.0,135.0,111.0,-0.13953488372093026,0.3924512987012987,0,0,0.39245129870129875,0,0,5132.75,0.02596477811765749,0.0,0.0,1.0,0.0
skdclskt,2vy9s3px,00548e28-65ed-47e8-a667-34639429359c,2b85f691-c920-4f32-ae54-e21833cf5475,0,0,0,5,5050.0,3800.0,,,3619.0,19.0,,4920.0,0.9166666666666666,8,-0.11666666666666659,2,0,21,0,0,1,2,0.0,0.0,0.0,7.0,122.53571428571429,34.535714285714285,34.535714285714285,111.0,129.0,129.0,111.0,88,129.0,135.0,111.0,-0.13953488372093026,0.3924512987012987,0,0,0.39245129870129875,0,0,5291.0,0.02596477811765749,0.0,1.0,0.0,0.0
skdclskt,87uw2jck,00548e28-65ed-47e8-a667-34639429359c,c953d4fd-7bea-449b-9aa0-5e400d9cb204,0,0,0,5,5633.0,2600.0,,,1817.25,30.0,,5523.0,0.9166666666666666,6,-0.31666666666666665,2,0,22,1,1,1,2,4.0,0.0,4.0,7.0,122.53571428571429,34.535714285714285,34.535714285714285,111.0,129.0,129.0,111.0,88,129.0,135.0,111.0,-0.13953488372093026,0.3924512987012987,0,0,0.39245129870129875,0,0,4457.25,0.02596477811765749,0.0,0.5,0.5,0.0
skdclskt,3ftocepp,00548e28-65ed-47e8-a667-34639429359c,53915058-5167-43d2-afa0-8f6290f2017f,0,0,0,5,5815.0,3800.0,,,3701.0,15.0,,5725.0,0.75,6,-0.15000000000000002,3,1,19,0,1,1,2,2.0,1.0,1.0,7.0,122.53571428571429,34.535714285714285,34.535714285714285,111.0,129.0,129.0,111.0,88,129.0,135.0,111.0,-0.13953488372093026,0.3924512987012987,0,0,0.39245129870129875,0,0,5021.0,0.02596477811765749,0.5,0.0,0.5,0.0
skdclskt,xz3dh0k4,00548e28-65ed-47e8-a667-34639429359c,a2e9d95e-90cb-4b2f-b5ca-2486e9ab692d,0,0,0,5,5047.0,2600.0,,,4274.5,10.0,,4927.0,0.6666666666666666,4,-0.2666666666666666,2,1,22,1,0,1,2,0.0,3.0,-3.0,7.0,122.53571428571429,34.535714285714285,34.535714285714285,111.0,129.0,129.0,111.0,88,129.0,135.0,111.0,-0.13953488372093026,0.3924512987012987,0,0,0.39245129870129875,0,0,5154.5,0.02596477811765749,0.0,0.5,0.5,0.0
skdclskt,x7l4wbwx,00548e28-65ed-47e8-a667-34639429359c,89df792d-8b1a-4545-be89-9e94133865f7,0,0,0,5,5091.0,3800.0,,,3963.5,12.0,,4961.0,0.75,4,-0.35,3,0,20,1,1,0,2,1.0,0.0,1.0,7.0,122.53571428571429,34.535714285714285,34.535714285714285,111.0,129.0,129.0,111.0,88,129.0,135.0,111.0,-0.13953488372093026,0.3924512987012987,0,0,0.39245129870129875,0,0,5019.5,0.02596477811765749,0.0,0.0,1.0,0.0
skdclskt,9bv3gi2y,bbac1738-2cb5-4b77-92c4-c512548db93b,2622e9f6-8f19-49dd-b301-25fc2a630f03,1,0,0,6,6097.0,2600.0,91.0,4.0,3046.0,25.0,,5887.0,0.9166666666666666,1,-0.8166666666666667,45,0,29,0,0,1,2,0.0,0.0,0.0,15.0,92.57133333333333,12.571333333333333,12.571333333333333,93.24,91.0,94.6,91.0,80,92.0,97.75,94.76,0.013478260869565162,0.15714166666666668,0,0,0.1571416666666666,0,0,5046.0,0.01992108381653096,0.0,0.0,1.0,0.0
skdclskt,1tnknpce,bbac1738-2cb5-4b77-92c4-c512548db93b,24e830e8-905d-4e22-ab61-b990c984ff16,1,0,0,6,4685.0,3800.0,0.0,0.0,1811.09,41.0,,4575.0,0.75,7,-0.050000000000000044,3,0,18,0,1,1,2,7.0,0.0,7.0,15.0,92.57133333333333,12.571333333333333,12.571333333333333,93.24,91.0,94.6,91.0,80,92.0,97.75,94.76,0.013478260869565162,0.15714166666666668,0,0,0.1571416666666666,0,0,5091.09,0.01992108381653096,0.0,1.0,0.0,0.0
skdclskt,zkl94ida,bbac1738-2cb5-4b77-92c4-c512548db93b,6820cd25-c18c-49e6-84f5-25aa69820367,1,0,0,6,7353.0,2600.0,94.0,1.0,5177.869999999998,0.0,,7163.0,0.9166666666666666,5,-0.41666666666666663,1,0,18,0,0,0,2,0.0,4.0,-4.0,15.0,92.57133333333333,12.571333333333333,12.571333333333333,93.24,91.0,94.6,91.0,80,92.0,97.75,94.76,0.013478260869565162,0.15714166666666668,0,0,0.1571416666666666,0,0,5177.869999999998,0.01992108381653096,0.0,0.0,1.0,0.0
skdclskt,h7nk13vs,bbac1738-2cb5-4b77-92c4-c512548db93b,ae2e944d-6861-4940-b26c-a08caaca1a16,1,0,0,6,5148.0,3800.0,90.0,4.0,4194.58,8.0,,5028.0,0.6666666666666666,4,-0.2666666666666666,4,1,19,1,0,0,2,1.0,5.0,-4.0,15.0,92.57133333333333,12.571333333333333,12.571333333333333,93.24,91.0,94.6,91.0,80,92.0,97.75,94.76,0.013478260869565162,0.15714166666666668,0,0,0.1571416666666666,0,0,4834.58,0.01992108381653096,1.0,0.0,0.0,0.0
skdclskt,8rrxo8mh,bbac1738-2cb5-4b77-92c4-c512548db93b,a1542dc5-078d-4b85-8ee8-6acdc2839880,1,0,0,6,5698.0,2600.0,94.0,5.0,3433.609999999999,16.0,,5528.0,0.75,7,-0.050000000000000044,2,1,21,1,0,1,2,6.0,5.0,1.0,15.0,92.57133333333333,12.571333333333333,12.571333333333333,93.24,91.0,94.6,91.0,80,92.0,97.75,94.76,0.013478260869565162,0.15714166666666668,0,0,0.1571416666666666,0,0,4713.609999999999,0.01992108381653096,0.0,0.0,1.0,0.0
skdclskt,53wkzdsp,bbac1738-2cb5-4b77-92c4-c512548db93b,3e36c9fa-1786-43b0-87ea-f17db8332def,1,0,0,6,5089.0,3800.0,90.0,3.0,4817.71,5.0,,4929.0,0.8333333333333334,8,-0.033333333333333326,3,1,36,0,0,1,2,1.0,1.0,0.0,15.0,92.57133333333333,12.571333333333333,12.571333333333333,93.24,91.0,94.6,91.0,80,92.0,97.75,94.76,0.013478260869565162,0.15714166666666668,0,0,0.1571416666666666,0,0,5217.71,0.01992108381653096,0.0,0.5,0.5,0.0
skdclskt,2tmxyq59,41800c26-6898-4b86-b356-94ff8bfa3a3a,c34666fc-2042-436c-b5b2-8be4eb77fa45,1,0,0,6,5570.0,2600.0,100.0,5.0,4091.99,13.0,,5480.0,0.5833333333333334,7,0.11666666666666659,1,0,28,0,0,1,2,0.0,1.0,-1.0,9.0,105.94444444444444,25.944444444444443,25.944444444444443,100.0,102.0,114.5,100.0,80,113.0,107.0,113.0,-0.11504424778761058,0.3243055555555555,0,0,0.3243055555555555,0,0,5131.99,0.012089797203111641,0.0,0.0,1.0,0.0
skdclskt,klvgct3w,41800c26-6898-4b86-b356-94ff8bfa3a3a,5d8a97d2-0acd-4bec-9355-f1ef8ca0b665,1,0,0,6,5086.0,3800.0,110.0,4.0,3723.01,14.0,,4926.0,0.6666666666666666,7,0.033333333333333326,2,1,19,0,0,0,2,1.0,0.0,1.0,9.0,105.94444444444444,25.944444444444443,25.944444444444443,100.0,102.0,114.5,100.0,80,113.0,107.0,113.0,-0.11504424778761058,0.3243055555555555,0,0,0.3243055555555555,0,0,4843.01,0.012089797203111641,0.0,0.0,0.0,1.0
skdclskt,fa5fpl4w,41800c26-6898-4b86-b356-94ff8bfa3a3a,9ae3a47d-ad9b-4325-b996-258a31aa9b65,1,0,0,6,5251.0,2600.0,105.0,1.0,2995.51,25.0,,5161.0,0.75,0,-0.75,6,1,28,0,0,1,2,2.0,1.0,1.0,9.0,105.94444444444444,25.944444444444443,25.944444444444443,100.0,102.0,114.5,100.0,80,113.0,107.0,113.0,-0.11504424778761058,0.3243055555555555,0,0,0.3243055555555555,0,0,4995.51,0.012089797203111641,1.0,0.0,0.0,0.0
skdclskt,0sa5xwid,41800c26-6898-4b86-b356-94ff8bfa3a3a,3f16f05a-e96e-45ac-9ef0-9c2d6dce3317,1,0,0,6,5140.0,3800.0,95.0,2.0,4377.51,7.0,,5050.0,0.5833333333333334,1,-0.4833333333333334,1,1,18,0,0,1,2,2.0,4.0,-2.0,9.0,105.94444444444444,25.944444444444443,25.944444444444443,100.0,102.0,114.5,100.0,80,113.0,107.0,113.0,-0.11504424778761058,0.3243055555555555,0,0,0.3243055555555555,0,0,4937.51,0.012089797203111641,1.0,0.0,0.0,0.0
skdclskt,w5nuyib0,41800c26-6898-4b86-b356-94ff8bfa3a3a,16e26514-b278-4448-959a-f58ad6e11852,1,0,0,6,4813.0,2600.0,184.0,2.0,3748.48,15.0,,4773.0,0.3333333333333333,3,-0.033333333333333326,1,1,18,0,0,1,2,2.0,2.0,0.0,9.0,105.94444444444444,25.944444444444443,25.944444444444443,100.0,102.0,114.5,100.0,80,113.0,107.0,113.0,-0.11504424778761058,0.3243055555555555,0,0,0.3243055555555555,0,0,4948.48,0.012089797203111641,0.0,1.0,0.0,0.0
skdclskt,s1twfhpt,41800c26-6898-4b86-b356-94ff8bfa3a3a,0414deaa-50dd-4291-abcb-c312c59361b0,1,0,0,6,4871.0,3800.0,110.0,3.0,3275.5,19.0,,4661.0,0.9166666666666666,6,-0.31666666666666665,1,1,21,1,1,1,2,2.0,1.0,1.0,9.0,105.94444444444444,25.944444444444443,25.944444444444443,100.0,102.0,114.5,100.0,80,113.0,107.0,113.0,-0.11504424778761058,0.3243055555555555,0,0,0.3243055555555555,0,0,4795.5,0.012089797203111641,0.0,1.0,0.0,0.0
skdclskt,tqeatlds,490e4560-4219-4069-a6b1-c8a826129b68,18595b83-a573-483a-922c-64417e548e97,0,0,0,6,5561.0,2600.0,60.0,3.0,3275.26,20.0,,5351.0,0.75,7,-0.050000000000000044,2,1,19,0,0,1,2,2.0,1.0,1.0,8.0,61.0625,-18.9375,18.9375,59.5,61.5,61.5,59.5,80,59.0,59.5,59.0,0.008474576271186418,0.23671875,0,0,-0.23671875,0,0,4875.26,0.01815165506780872,0.0,0.0,1.0,0.0
skdclskt,nu7ykbgx,490e4560-4219-4069-a6b1-c8a826129b68,590f10b9-c637-4d22-97d1-7bcc1d1f1e01,0,0,0,6,5985.0,3800.0,61.0,3.0,3889.75,19.0,,5815.0,0.9166666666666666,5,-0.41666666666666663,1,0,28,1,1,1,2,0.0,1.0,-1.0,8.0,61.0625,-18.9375,18.9375,59.5,61.5,61.5,59.5,80,59.0,59.5,59.0,0.008474576271186418,0.23671875,0,0,-0.23671875,0,0,5409.75,0.01815165506780872,0.0,0.0,1.0,0.0
skdclskt,su76nhj9,490e4560-4219-4069-a6b1-c8a826129b68,e420f624-78fe-42c9-aa20-242b54f6c4e8,0,0,0,6,5506.0,2600.0,62.0,2.0,3314.9300000000003,20.0,,5386.0,0.6666666666666666,7,0.033333333333333326,4,0,23,1,1,1,2,0.0,1.0,-1.0,8.0,61.0625,-18.9375,18.9375,59.5,61.5,61.5,59.5,80,59.0,59.5,59.0,0.008474576271186418,0.23671875,0,0,-0.23671875,0,0,4914.93,0.01815165506780872,0.0,0.0,1.0,0.0
skdclskt,c2m857p1,490e4560-4219-4069-a6b1-c8a826129b68,a7bed23b-2e8e-451f-8b7c-42f684002277,0,0,0,6,5566.0,3800.0,61.0,2.0,4602.0,4.0,,5356.0,0.9166666666666666,5,-0.41666666666666663,1,1,21,1,1,0,2,1.0,2.0,-1.0,8.0,61.0625,-18.9375,18.9375,59.5,61.5,61.5,59.5,80,59.0,59.5,59.0,0.008474576271186418,0.23671875,0,0,-0.23671875,0,0,4922.0,0.01815165506780872,1.0,0.0,0.0,0.0
skdclskt,r6xuxcar,490e4560-4219-4069-a6b1-c8a826129b68,10f05dce-1c31-4c65-80e0-0450ca2c00bb,0,0,0,6,4396.0,2600.0,62.0,3.0,2956.92,25.0,,4226.0,0.75,7,-0.050000000000000044,9,1,21,1,1,1,2,1.0,3.0,-2.0,8.0,61.0625,-18.9375,18.9375,59.5,61.5,61.5,59.5,80,59.0,59.5,59.0,0.008474576271186418,0.23671875,0,0,-0.23671875,0,0,4956.92,0.01815165506780872,0.5,0.5,0.0,0.0
skdclskt,2y2lzizt,490e4560-4219-4069-a6b1-c8a826129b68,bdad41ef-e8fb-4016-ab64-9cee4008db0e,0,0,0,6,4734.0,3800.0,60.0,3.0,4169.139999999999,8.0,,4534.0,0.8333333333333334,2,-0.6333333333333333,3,1,34,1,1,1,2,4.0,0.0,4.0,8.0,61.0625,-18.9375,18.9375,59.5,61.5,61.5,59.5,80,59.0,59.5,59.0,0.008474576271186418,0.23671875,0,0,-0.23671875,0,0,4809.139999999999,0.01815165506780872,0.0,0.0,0.0,1.0
skdclskt,0qc91a5a,00548e28-65ed-47e8-a667-34639429359c,fef5ca2d-6f21-47c4-90cc-74807444686a,0,0,0,6,6523.0,2600.0,72.0,5.0,4730.25,9.0,,6423.0,0.8333333333333334,7,-0.13333333333333341,1,1,35,1,1,1,2,0.0,5.0,-5.0,14.0,110.74928571428572,30.749285714285715,30.749285714285715,111.0,110.0,124.99,100.0,80,111.0,129.0,115.0,0.0,0.38436607142857143,0,0,0.3843660714285715,0,0,5450.25,0.0334532955923979,0.0,0.0,1.0,0.0
skdclskt,2vy9s3px,00548e28-65ed-47e8-a667-34639429359c,2b85f691-c920-4f32-ae54-e21833cf5475,0,0,0,6,5050.0,3800.0,109.0,4.0,3006.49,22.0,,4920.0,0.9166666666666666,8,-0.11666666666666659,2,0,21,0,0,1,2,8.0,1.0,7.0,14.0,110.74928571428572,30.749285714285715,30.749285714285715,111.0,110.0,124.99,100.0,80,111.0,129.0,115.0,0.0,0.38436607142857143,0,0,0.3843660714285715,0,0,4766.49,0.0334532955923979,0.0,1.0,0.0,0.0
skdclskt,87uw2jck,00548e28-65ed-47e8-a667-34639429359c,c953d4fd-7bea-449b-9aa0-5e400d9cb204,0,0,0,6,5633.0,2600.0,8.0,4.0,2057.25,30.0,,5523.0,0.9166666666666666,6,-0.31666666666666665,2,0,22,1,1,1,2,0.0,0.0,0.0,14.0,110.74928571428572,30.749285714285715,30.749285714285715,111.0,110.0,124.99,100.0,80,111.0,129.0,115.0,0.0,0.38436607142857143,0,0,0.3843660714285715,0,0,4457.25,0.0334532955923979,0.0,0.5,0.5,0.0
skdclskt,3ftocepp,00548e28-65ed-47e8-a667-34639429359c,53915058-5167-43d2-afa0-8f6290f2017f,0,0,0,6,5815.0,3800.0,4200.0,4.0,4061.0,11.0,,5725.0,0.75,6,-0.15000000000000002,3,1,19,0,1,1,2,1.0,3.0,-2.0,14.0,110.74928571428572,30.749285714285715,30.749285714285715,111.0,110.0,124.99,100.0,80,111.0,129.0,115.0,0.0,0.38436607142857143,0,0,0.3843660714285715,0,0,4941.0,0.0334532955923979,0.5,0.0,0.5,0.0
skdclskt,xz3dh0k4,00548e28-65ed-47e8-a667-34639429359c,a2e9d95e-90cb-4b2f-b5ca-2486e9ab692d,0,0,0,6,5047.0,2600.0,120.0,1.0,4205.51,11.0,,4927.0,0.6666666666666666,4,-0.2666666666666666,2,1,22,1,0,1,2,4.0,3.0,1.0,14.0,110.74928571428572,30.749285714285715,30.749285714285715,111.0,110.0,124.99,100.0,80,111.0,129.0,115.0,0.0,0.38436607142857143,0,0,0.3843660714285715,0,0,5085.51,0.0334532955923979,0.0,0.5,0.5,0.0
skdclskt,x7l4wbwx,00548e28-65ed-47e8-a667-34639429359c,89df792d-8b1a-4545-be89-9e94133865f7,0,0,0,6,5091.0,3800.0,120.0,1.0,4175.5,10.0,,4961.0,0.75,4,-0.35,3,0,20,1,1,0,2,1.0,2.0,-1.0,14.0,110.74928571428572,30.749285714285715,30.749285714285715,111.0,110.0,124.99,100.0,80,111.0,129.0,115.0,0.0,0.38436607142857143,0,0,0.3843660714285715,0,0,4975.5,0.0334532955923979,0.0,0.0,1.0,0.0
skdclskt,9bv3gi2y,bbac1738-2cb5-4b77-92c4-c512548db93b,2622e9f6-8f19-49dd-b301-25fc2a630f03,1,0,0,7,6097.0,2600.0,,,3146.0,23.0,,5887.0,0.9166666666666666,1,-0.8166666666666667,45,0,29,0,0,1,2,0.0,0.0,0.0,11.0,94.09,22.09,22.09,94.76,93.49,94.76,92.9,72,93.24,92.0,94.91,0.016302016302016442,0.30680555555555555,0,0,0.3068055555555556,0,0,4802.0,0.01479211356904097,0.0,0.0,1.0,0.0
skdclskt,1tnknpce,bbac1738-2cb5-4b77-92c4-c512548db93b,24e830e8-905d-4e22-ab61-b990c984ff16,1,0,0,7,4685.0,3800.0,,,1600.4199999999998,45.0,,4575.0,0.75,7,-0.050000000000000044,3,0,18,0,1,1,2,4.0,0.0,4.0,11.0,94.09,22.09,22.09,94.76,93.49,94.76,92.9,72,93.24,92.0,94.91,0.016302016302016442,0.30680555555555555,0,0,0.3068055555555556,0,0,4840.42,0.01479211356904097,0.0,1.0,0.0,0.0
skdclskt,zkl94ida,bbac1738-2cb5-4b77-92c4-c512548db93b,6820cd25-c18c-49e6-84f5-25aa69820367,1,0,0,7,7353.0,2600.0,,,5177.869999999998,0.0,,7163.0,0.9166666666666666,5,-0.41666666666666663,1,0,18,0,0,0,2,0.0,0.0,0.0,11.0,94.09,22.09,22.09,94.76,93.49,94.76,92.9,72,93.24,92.0,94.91,0.016302016302016442,0.30680555555555555,0,0,0.3068055555555556,0,0,5177.869999999998,0.01479211356904097,0.0,0.0,1.0,0.0
skdclskt,h7nk13vs,bbac1738-2cb5-4b77-92c4-c512548db93b,ae2e944d-6861-4940-b26c-a08caaca1a16,1,0,0,7,5148.0,3800.0,,,4695.33,2.0,,5028.0,0.6666666666666666,4,-0.2666666666666666,4,1,19,1,0,0,2,0.0,5.0,-5.0,11.0,94.09,22.09,22.09,94.76,93.49,94.76,92.9,72,93.24,92.0,94.91,0.016302016302016442,0.30680555555555555,0,0,0.3068055555555556,0,0,4839.33,0.01479211356904097,1.0,0.0,0.0,0.0
skdclskt,8rrxo8mh,bbac1738-2cb5-4b77-92c4-c512548db93b,a1542dc5-078d-4b85-8ee8-6acdc2839880,1,0,0,7,5698.0,2600.0,,,3876.51,12.0,,5528.0,0.75,7,-0.050000000000000044,2,1,21,1,0,1,2,2.0,6.0,-4.0,11.0,94.09,22.09,22.09,94.76,93.49,94.76,92.9,72,93.24,92.0,94.91,0.016302016302016442,0.30680555555555555,0,0,0.3068055555555556,0,0,4740.51,0.01479211356904097,0.0,0.0,1.0,0.0
skdclskt,53wkzdsp,bbac1738-2cb5-4b77-92c4-c512548db93b,3e36c9fa-1786-43b0-87ea-f17db8332def,1,0,0,7,5089.0,3800.0,,,4364.73,8.0,,4929.0,0.8333333333333334,8,-0.033333333333333326,3,1,36,0,0,1,2,5.0,0.0,5.0,11.0,94.09,22.09,22.09,94.76,93.49,94.76,92.9,72,93.24,92.0,94.91,0.016302016302016442,0.30680555555555555,0,0,0.3068055555555556,0,0,4940.73,0.01479211356904097,0.0,0.5,0.5,0.0
skdclskt,2tmxyq59,41800c26-6898-4b86-b356-94ff8bfa3a3a,c34666fc-2042-436c-b5b2-8be4eb77fa45,1,0,0,7,5570.0,2600.0,,,4552.0,8.0,,5480.0,0.5833333333333334,7,0.11666666666666659,1,0,28,0,0,1,2,0.0,4.0,-4.0,10.0,105.451,33.451,33.451,113.0,104.0,113.0,96.01,72,100.0,113.0,105.0,0.1299999999999999,0.4645972222222222,0,0,0.4645972222222221,0,0,5128.0,0.016759221217931164,0.0,0.0,1.0,0.0
skdclskt,klvgct3w,41800c26-6898-4b86-b356-94ff8bfa3a3a,5d8a97d2-0acd-4bec-9355-f1ef8ca0b665,1,0,0,7,5086.0,3800.0,,,3779.01,14.0,,4926.0,0.6666666666666666,7,0.033333333333333326,2,1,19,0,0,0,2,0.0,0.0,0.0,10.0,105.451,33.451,33.451,113.0,104.0,113.0,96.01,72,100.0,113.0,105.0,0.1299999999999999,0.4645972222222222,0,0,0.4645972222222221,0,0,4787.01,0.016759221217931164,0.0,0.0,0.0,1.0
skdclskt,fa5fpl4w,41800c26-6898-4b86-b356-94ff8bfa3a3a,9ae3a47d-ad9b-4325-b996-258a31aa9b65,1,0,0,7,5251.0,2600.0,,,3009.5,26.0,,5161.0,0.75,0,-0.75,6,1,28,0,0,1,2,2.0,1.0,1.0,10.0,105.451,33.451,33.451,113.0,104.0,113.0,96.01,72,100.0,113.0,105.0,0.1299999999999999,0.4645972222222222,0,0,0.4645972222222221,0,0,4881.5,0.016759221217931164,1.0,0.0,0.0,0.0
skdclskt,0sa5xwid,41800c26-6898-4b86-b356-94ff8bfa3a3a,3f16f05a-e96e-45ac-9ef0-9c2d6dce3317,1,0,0,7,5140.0,3800.0,,,4508.01,6.0,,5050.0,0.5833333333333334,1,-0.4833333333333334,1,1,18,0,0,1,2,2.0,3.0,-1.0,10.0,105.451,33.451,33.451,113.0,104.0,113.0,96.01,72,100.0,113.0,105.0,0.1299999999999999,0.4645972222222222,0,0,0.4645972222222221,0,0,4940.01,0.016759221217931164,1.0,0.0,0.0,0.0
skdclskt,w5nuyib0,41800c26-6898-4b86-b356-94ff8bfa3a3a,16e26514-b278-4448-959a-f58ad6e11852,1,0,0,7,4813.0,2600.0,,,3604.48,17.0,,4773.0,0.3333333333333333,3,-0.033333333333333326,1,1,18,0,0,1,2,3.0,1.0,2.0,10.0,105.451,33.451,33.451,113.0,104.0,113.0,96.01,72,100.0,113.0,105.0,0.1299999999999999,0.4645972222222222,0,0,0.4645972222222221,0,0,4828.48,0.016759221217931164,0.0,1.0,0.0,0.0
skdclskt,s1twfhpt,41800c26-6898-4b86-b356-94ff8bfa3a3a,0414deaa-50dd-4291-abcb-c312c59361b0,1,0,0,7,4871.0,3800.0,,,3131.0,21.0,,4661.0,0.9166666666666666,6,-0.31666666666666665,1,1,21,1,1,1,2,3.0,1.0,2.0,10.0,105.451,33.451,33.451,113.0,104.0,113.0,96.01,72,100.0,113.0,105.0,0.1299999999999999,0.4645972222222222,0,0,0.4645972222222221,0,0,4643.0,0.016759221217931164,0.0,1.0,0.0,0.0
skdclskt,tqeatlds,490e4560-4219-4069-a6b1-c8a826129b68,18595b83-a573-483a-922c-64417e548e97,0,0,0,7,5561.0,2600.0,,,3710.34,14.0,,5351.0,0.75,7,-0.050000000000000044,2,1,19,0,0,1,2,0.0,6.0,-6.0,11.0,59.52909090909091,-12.47090909090909,12.47090909090909,59.0,60.55,60.99,58.38,72,59.5,59.0,61.05,-0.008403361344537785,0.1732070707070707,0,0,-0.17320707070707067,0,0,4718.34,0.015898927057974938,0.0,0.0,1.0,0.0
skdclskt,nu7ykbgx,490e4560-4219-4069-a6b1-c8a826129b68,590f10b9-c637-4d22-97d1-7bcc1d1f1e01,0,0,0,7,5985.0,3800.0,,,4026.74,15.0,,5815.0,0.9166666666666666,5,-0.41666666666666663,1,0,28,1,1,1,2,0.0,1.0,-1.0,11.0,59.52909090909091,-12.47090909090909,12.47090909090909,59.0,60.55,60.99,58.38,72,59.5,59.0,61.05,-0.008403361344537785,0.1732070707070707,0,0,-0.17320707070707067,0,0,5106.74,0.015898927057974938,0.0,0.0,1.0,0.0
skdclskt,su76nhj9,490e4560-4219-4069-a6b1-c8a826129b68,e420f624-78fe-42c9-aa20-242b54f6c4e8,0,0,0,7,5506.0,2600.0,,,3218.1700000000005,25.0,,5386.0,0.6666666666666666,7,0.033333333333333326,4,0,23,1,1,1,2,4.0,1.0,3.0,11.0,59.52909090909091,-12.47090909090909,12.47090909090909,59.0,60.55,60.99,58.38,72,59.5,59.0,61.05,-0.008403361344537785,0.1732070707070707,0,0,-0.17320707070707067,0,0,5018.17,0.015898927057974938,0.0,0.0,1.0,0.0
skdclskt,c2m857p1,490e4560-4219-4069-a6b1-c8a826129b68,a7bed23b-2e8e-451f-8b7c-42f684002277,0,0,0,7,5566.0,3800.0,,,4559.68,5.0,,5356.0,0.9166666666666666,5,-0.41666666666666663,1,1,21,1,1,0,2,3.0,2.0,1.0,11.0,59.52909090909091,-12.47090909090909,12.47090909090909,59.0,60.55,60.99,58.38,72,59.5,59.0,61.05,-0.008403361344537785,0.1732070707070707,0,0,-0.17320707070707067,0,0,4919.68,0.015898927057974938,1.0,0.0,0.0,0.0
skdclskt,r6xuxcar,490e4560-4219-4069-a6b1-c8a826129b68,10f05dce-1c31-4c65-80e0-0450ca2c00bb,0,0,0,7,4396.0,2600.0,,,2876.68,30.0,,4226.0,0.75,7,-0.050000000000000044,9,1,21,1,1,1,2,3.0,0.0,3.0,11.0,59.52909090909091,-12.47090909090909,12.47090909090909,59.0,60.55,60.99,58.38,72,59.5,59.0,61.05,-0.008403361344537785,0.1732070707070707,0,0,-0.17320707070707067,0,0,5036.68,0.015898927057974938,0.5,0.5,0.0,0.0
skdclskt,2y2lzizt,490e4560-4219-4069-a6b1-c8a826129b68,bdad41ef-e8fb-4016-ab64-9cee4008db0e,0,0,0,7,4734.0,3800.0,,,4200.389999999999,8.0,,4534.0,0.8333333333333334,2,-0.6333333333333333,3,1,34,1,1,1,2,1.0,1.0,0.0,11.0,59.52909090909091,-12.47090909090909,12.47090909090909,59.0,60.55,60.99,58.38,72,59.5,59.0,61.05,-0.008403361344537785,0.1732070707070707,0,0,-0.17320707070707067,0,0,4776.389999999999,0.015898927057974938,0.0,0.0,0.0,1.0
skdclskt,0qc91a5a,00548e28-65ed-47e8-a667-34639429359c,fef5ca2d-6f21-47c4-90cc-74807444686a,0,0,0,7,6523.0,2600.0,,,4995.0,6.0,,6423.0,0.8333333333333334,7,-0.13333333333333341,1,1,35,1,1,1,2,0.0,2.0,-2.0,4.0,107.1875,35.1875,35.1875,115.0,113.75,115.0,100.0,72,111.0,111.0,101.5,0.03603603603603611,0.4887152777777778,0,0,0.4887152777777778,0,0,5427.0,0.03832910379515318,0.0,0.0,1.0,0.0
skdclskt,2vy9s3px,00548e28-65ed-47e8-a667-34639429359c,2b85f691-c920-4f32-ae54-e21833cf5475,0,0,0,7,5050.0,3800.0,,,3094.49,21.0,,4920.0,0.9166666666666666,8,-0.11666666666666659,2,0,21,0,0,1,2,0.0,0.0,0.0,4.0,107.1875,35.1875,35.1875,115.0,113.75,115.0,100.0,72,111.0,111.0,101.5,0.03603603603603611,0.4887152777777778,0,0,0.4887152777777778,0,0,4606.49,0.03832910379515318,0.0,1.0,0.0,0.0
skdclskt,87uw2jck,00548e28-65ed-47e8-a667-34639429359c,c953d4fd-7bea-449b-9aa0-5e400d9cb204,0,0,0,7,5633.0,2600.0,,,2177.25,30.0,,5523.0,0.9166666666666666,6,-0.31666666666666665,2,0,22,1,1,1,2,0.0,0.0,0.0,4.0,107.1875,35.1875,35.1875,115.0,113.75,115.0,100.0,72,111.0,111.0,101.5,0.03603603603603611,0.4887152777777778,0,0,0.4887152777777778,0,0,4337.25,0.03832910379515318,0.0,0.5,0.5,0.0
skdclskt,3ftocepp,00548e28-65ed-47e8-a667-34639429359c,53915058-5167-43d2-afa0-8f6290f2017f,0,0,0,7,5815.0,3800.0,,,4005.0,12.0,,5725.0,0.75,6,-0.15000000000000002,3,1,19,0,1,1,2,1.0,0.0,1.0,4.0,107.1875,35.1875,35.1875,115.0,113.75,115.0,100.0,72,111.0,111.0,101.5,0.03603603603603611,0.4887152777777778,0,0,0.4887152777777778,0,0,4869.0,0.03832910379515318,0.5,0.0,0.5,0.0
skdclskt,xz3dh0k4,00548e28-65ed-47e8-a667-34639429359c,a2e9d95e-90cb-4b2f-b5ca-2486e9ab692d,0,0,0,7,5047.0,2600.0,,,4220.76,11.0,,4927.0,0.6666666666666666,4,-0.2666666666666666,2,1,22,1,0,1,2,2.0,2.0,0.0,4.0,107.1875,35.1875,35.1875,115.0,113.75,115.0,100.0,72,111.0,111.0,101.5,0.03603603603603611,0.4887152777777778,0,0,0.4887152777777778,0,0,5012.76,0.03832910379515318,0.0,0.5,0.5,0.0
skdclskt,x7l4wbwx,00548e28-65ed-47e8-a667-34639429359c,89df792d-8b1a-4545-be89-9e94133865f7,0,0,0,7,5091.0,3800.0,,,4115.5,11.0,,4961.0,0.75,4,-0.35,3,0,20,1,1,0,2,1.0,0.0,1.0,4.0,107.1875,35.1875,35.1875,115.0,113.75,115.0,100.0,72,111.0,111.0,101.5,0.03603603603603611,0.4887152777777778,0,0,0.4887152777777778,0,0,4907.5,0.03832910379515318,0.0,0.0,1.0,0.0
skdclskt,9bv3gi2y,bbac1738-2cb5-4b77-92c4-c512548db93b,2622e9f6-8f19-49dd-b301-25fc2a630f03,1,0,0,8,6097.0,2600.0,,,3807.03,20.0,,5887.0,0.9166666666666666,1,-0.8166666666666667,45,0,29,0,0,1,2,0.0,6.0,-6.0,21.0,94.8495238095238,30.849523809523806,30.849523809523806,94.91,94.77,95.0,94.74,64,94.76,93.24,94.92,0.0015829463908820784,0.48202380952380947,0,0,0.4820238095238094,0,0,5087.030000000001,0.03026260732986445,0.0,0.0,1.0,0.0
skdclskt,1tnknpce,bbac1738-2cb5-4b77-92c4-c512548db93b,24e830e8-905d-4e22-ab61-b990c984ff16,1,0,0,8,4685.0,3800.0,,,1021.44,53.0,,4575.0,0.75,7,-0.050000000000000044,3,0,18,0,1,1,2,8.0,0.0,8.0,21.0,94.8495238095238,30.849523809523806,30.849523809523806,94.91,94.77,95.0,94.74,64,94.76,93.24,94.92,0.0015829463908820784,0.48202380952380947,0,0,0.4820238095238094,0,0,4413.4400000000005,0.03026260732986445,0.0,1.0,0.0,0.0
skdclskt,zkl94ida,bbac1738-2cb5-4b77-92c4-c512548db93b,6820cd25-c18c-49e6-84f5-25aa69820367,1,0,0,8,7353.0,2600.0,,,5177.869999999998,0.0,,7163.0,0.9166666666666666,5,-0.41666666666666663,1,0,18,0,0,0,2,0.0,0.0,0.0,21.0,94.8495238095238,30.849523809523806,30.849523809523806,94.91,94.77,95.0,94.74,64,94.76,93.24,94.92,0.0015829463908820784,0.48202380952380947,0,0,0.4820238095238094,0,0,5177.869999999998,0.03026260732986445,0.0,0.0,1.0,0.0
skdclskt,h7nk13vs,bbac1738-2cb5-4b77-92c4-c512548db93b,ae2e944d-6861-4940-b26c-a08caaca1a16,1,0,0,8,5148.0,3800.0,,,4608.429999999999,3.0,,5028.0,0.6666666666666666,4,-0.2666666666666666,4,1,19,1,0,0,2,4.0,3.0,1.0,21.0,94.8495238095238,30.849523809523806,30.849523809523806,94.91,94.77,95.0,94.74,64,94.76,93.24,94.92,0.0015829463908820784,0.48202380952380947,0,0,0.4820238095238094,0,0,4800.429999999999,0.03026260732986445,1.0,0.0,0.0,0.0
skdclskt,8rrxo8mh,bbac1738-2cb5-4b77-92c4-c512548db93b,a1542dc5-078d-4b85-8ee8-6acdc2839880,1,0,0,8,5698.0,2600.0,,,4208.860000000001,7.0,,5528.0,0.75,7,-0.050000000000000044,2,1,21,1,0,1,2,4.0,7.0,-3.0,21.0,94.8495238095238,30.849523809523806,30.849523809523806,94.91,94.77,95.0,94.74,64,94.76,93.24,94.92,0.0015829463908820784,0.48202380952380947,0,0,0.4820238095238094,0,0,4656.860000000001,0.03026260732986445,0.0,0.0,1.0,0.0
skdclskt,53wkzdsp,bbac1738-2cb5-4b77-92c4-c512548db93b,3e36c9fa-1786-43b0-87ea-f17db8332def,1,0,0,8,5089.0,3800.0,,,4397.23,9.0,,4929.0,0.8333333333333334,8,-0.033333333333333326,3,1,36,0,0,1,2,5.0,5.0,0.0,21.0,94.8495238095238,30.849523809523806,30.849523809523806,94.91,94.77,95.0,94.74,64,94.76,93.24,94.92,0.0015829463908820784,0.48202380952380947,0,0,0.4820238095238094,0,0,4973.23,0.03026260732986445,0.0,0.5,0.5,0.0
skdclskt,2tmxyq59,41800c26-6898-4b86-b356-94ff8bfa3a3a,c34666fc-2042-436c-b5b2-8be4eb77fa45,1,0,0,8,5570.0,2600.0,,,4903.0,5.0,,5480.0,0.5833333333333334,7,0.11666666666666659,1,0,28,0,0,1,2,0.0,3.0,-3.0,9.0,107.22222222222223,43.22222222222222,43.22222222222222,105.0,105.0,114.0,100.0,64,113.0,100.0,102.0,-0.07079646017699115,0.6753472222222222,0,0,0.6753472222222223,0,0,5223.0,0.019347665279704104,0.0,0.0,1.0,0.0
skdclskt,klvgct3w,41800c26-6898-4b86-b356-94ff8bfa3a3a,5d8a97d2-0acd-4bec-9355-f1ef8ca0b665,1,0,0,8,5086.0,3800.0,,,3730.01,15.0,,4926.0,0.6666666666666666,7,0.033333333333333326,2,1,19,0,0,0,2,1.0,0.0,1.0,9.0,107.22222222222223,43.22222222222222,43.22222222222222,105.0,105.0,114.0,100.0,64,113.0,100.0,102.0,-0.07079646017699115,0.6753472222222222,0,0,0.6753472222222223,0,0,4690.01,0.019347665279704104,0.0,0.0,0.0,1.0
skdclskt,fa5fpl4w,41800c26-6898-4b86-b356-94ff8bfa3a3a,9ae3a47d-ad9b-4325-b996-258a31aa9b65,1,0,0,8,5251.0,2600.0,,,3126.5,25.0,,5161.0,0.75,0,-0.75,6,1,28,0,0,1,2,1.0,1.0,0.0,9.0,107.22222222222223,43.22222222222222,43.22222222222222,105.0,105.0,114.0,100.0,64,113.0,100.0,102.0,-0.07079646017699115,0.6753472222222222,0,0,0.6753472222222223,0,0,4726.5,0.019347665279704104,1.0,0.0,0.0,0.0
skdclskt,0sa5xwid,41800c26-6898-4b86-b356-94ff8bfa3a3a,3f16f05a-e96e-45ac-9ef0-9c2d6dce3317,1,0,0,8,5140.0,3800.0,,,4194.01,9.0,,5050.0,0.5833333333333334,1,-0.4833333333333334,1,1,18,0,0,1,2,3.0,0.0,3.0,9.0,107.22222222222223,43.22222222222222,43.22222222222222,105.0,105.0,114.0,100.0,64,113.0,100.0,102.0,-0.07079646017699115,0.6753472222222222,0,0,0.6753472222222223,0,0,4770.01,0.019347665279704104,1.0,0.0,0.0,0.0
skdclskt,w5nuyib0,41800c26-6898-4b86-b356-94ff8bfa3a3a,16e26514-b278-4448-959a-f58ad6e11852,1,0,0,8,4813.0,2600.0,,,3585.4799999999996,19.0,,4773.0,0.3333333333333333,3,-0.033333333333333326,1,1,18,0,0,1,2,3.0,2.0,1.0,9.0,107.22222222222223,43.22222222222222,43.22222222222222,105.0,105.0,114.0,100.0,64,113.0,100.0,102.0,-0.07079646017699115,0.6753472222222222,0,0,0.6753472222222223,0,0,4801.48,0.019347665279704104,0.0,1.0,0.0,0.0
skdclskt,s1twfhpt,41800c26-6898-4b86-b356-94ff8bfa3a3a,0414deaa-50dd-4291-abcb-c312c59361b0,1,0,0,8,4871.0,3800.0,,,3413.0,19.0,,4661.0,0.9166666666666666,6,-0.31666666666666665,1,1,21,1,1,1,2,1.0,3.0,-2.0,9.0,107.22222222222223,43.22222222222222,43.22222222222222,105.0,105.0,114.0,100.0,64,113.0,100.0,102.0,-0.07079646017699115,0.6753472222222222,0,0,0.6753472222222223,0,0,4629.0,0.019347665279704104,0.0,1.0,0.0,0.0
skdclskt,tqeatlds,490e4560-4219-4069-a6b1-c8a826129b68,18595b83-a573-483a-922c-64417e548e97,0,0,0,8,5561.0,2600.0,,,3278.15,22.0,,5351.0,0.75,7,-0.050000000000000044,2,1,19,0,0,1,2,8.0,0.0,8.0,10.0,61.024,-2.976,2.976,61.05,60.99,61.25,60.75,64,59.0,59.5,60.25,0.03474576271186436,0.0465,0,0,-0.046499999999999986,0,0,4686.15,0.011560897880005545,0.0,0.0,1.0,0.0
skdclskt,nu7ykbgx,490e4560-4219-4069-a6b1-c8a826129b68,590f10b9-c637-4d22-97d1-7bcc1d1f1e01,0,0,0,8,5985.0,3800.0,,,4208.73,12.0,,5815.0,0.9166666666666666,5,-0.41666666666666663,1,0,28,1,1,1,2,0.0,2.0,-2.0,10.0,61.024,-2.976,2.976,61.05,60.99,61.25,60.75,64,59.0,59.5,60.25,0.03474576271186436,0.0465,0,0,-0.046499999999999986,0,0,4976.73,0.011560897880005545,0.0,0.0,1.0,0.0
skdclskt,su76nhj9,490e4560-4219-4069-a6b1-c8a826129b68,e420f624-78fe-42c9-aa20-242b54f6c4e8,0,0,0,8,5506.0,2600.0,,,3318.1700000000005,25.0,,5386.0,0.6666666666666666,7,0.033333333333333326,4,0,23,1,1,1,2,0.0,0.0,0.0,10.0,61.024,-2.976,2.976,61.05,60.99,61.25,60.75,64,59.0,59.5,60.25,0.03474576271186436,0.0465,0,0,-0.046499999999999986,0,0,4918.17,0.011560897880005545,0.0,0.0,1.0,0.0
skdclskt,c2m857p1,490e4560-4219-4069-a6b1-c8a826129b68,a7bed23b-2e8e-451f-8b7c-42f684002277,0,0,0,8,5566.0,3800.0,,,4763.18,0.0,,5356.0,0.9166666666666666,5,-0.41666666666666663,1,1,21,1,1,0,2,1.0,4.0,-3.0,10.0,61.024,-2.976,2.976,61.05,60.99,61.25,60.75,64,59.0,59.5,60.25,0.03474576271186436,0.0465,0,0,-0.046499999999999986,0,0,4763.18,0.011560897880005545,1.0,0.0,0.0,0.0
skdclskt,r6xuxcar,490e4560-4219-4069-a6b1-c8a826129b68,10f05dce-1c31-4c65-80e0-0450ca2c00bb,0,0,0,8,4396.0,2600.0,,,3118.3799999999997,26.0,,4226.0,0.75,7,-0.050000000000000044,9,1,21,1,1,1,2,1.0,3.0,-2.0,10.0,61.024,-2.976,2.976,61.05,60.99,61.25,60.75,64,59.0,59.5,60.25,0.03474576271186436,0.0465,0,0,-0.046499999999999986,0,0,4782.379999999999,0.011560897880005545,0.5,0.5,0.0,0.0
skdclskt,2y2lzizt,490e4560-4219-4069-a6b1-c8a826129b68,bdad41ef-e8fb-4016-ab64-9cee4008db0e,0,0,0,8,4734.0,3800.0,,,4293.389999999999,7.0,,4534.0,0.8333333333333334,2,-0.6333333333333333,3,1,34,1,1,1,2,0.0,1.0,-1.0,10.0,61.024,-2.976,2.976,61.05,60.99,61.25,60.75,64,59.0,59.5,60.25,0.03474576271186436,0.0465,0,0,-0.046499999999999986,0,0,4741.389999999999,0.011560897880005545,0.0,0.0,0.0,1.0
skdclskt,0qc91a5a,00548e28-65ed-47e8-a667-34639429359c,fef5ca2d-6f21-47c4-90cc-74807444686a,0,0,0,8,6523.0,2600.0,,,4823.33,9.0,,6423.0,0.8333333333333334,7,-0.13333333333333341,1,1,35,1,1,1,2,4.0,2.0,2.0,10.0,101.634,37.634,37.634,101.5,100.0,107.0,100.0,64,115.0,111.0,100.0,-0.11739130434782608,0.58803125,0,0,0.58803125,0,0,5399.33,0.03601604887612274,0.0,0.0,1.0,0.0
skdclskt,2vy9s3px,00548e28-65ed-47e8-a667-34639429359c,2b85f691-c920-4f32-ae54-e21833cf5475,0,0,0,8,5050.0,3800.0,,,3386.16,22.0,,4920.0,0.9166666666666666,8,-0.11666666666666659,2,0,21,0,0,1,2,0.0,2.0,-2.0,10.0,101.634,37.634,37.634,101.5,100.0,107.0,100.0,64,115.0,111.0,100.0,-0.11739130434782608,0.58803125,0,0,0.58803125,0,0,4794.16,0.03601604887612274,0.0,1.0,0.0,0.0
skdclskt,87uw2jck,00548e28-65ed-47e8-a667-34639429359c,c953d4fd-7bea-449b-9aa0-5e400d9cb204,0,0,0,8,5633.0,2600.0,,,2397.25,29.0,,5523.0,0.9166666666666666,6,-0.31666666666666665,2,0,22,1,1,1,2,0.0,1.0,-1.0,10.0,101.634,37.634,37.634,101.5,100.0,107.0,100.0,64,115.0,111.0,100.0,-0.11739130434782608,0.58803125,0,0,0.58803125,0,0,4253.25,0.03601604887612274,0.0,0.5,0.5,0.0
skdclskt,3ftocepp,00548e28-65ed-47e8-a667-34639429359c,53915058-5167-43d2-afa0-8f6290f2017f,0,0,0,8,5815.0,3800.0,,,3853.0,16.0,,5725.0,0.75,6,-0.15000000000000002,3,1,19,0,1,1,2,2.0,0.0,2.0,10.0,101.634,37.634,37.634,101.5,100.0,107.0,100.0,64,115.0,111.0,100.0,-0.11739130434782608,0.58803125,0,0,0.58803125,0,0,4877.0,0.03601604887612274,0.5,0.0,0.5,0.0
skdclskt,xz3dh0k4,00548e28-65ed-47e8-a667-34639429359c,a2e9d95e-90cb-4b2f-b5ca-2486e9ab692d,0,0,0,8,5047.0,2600.0,,,4252.09,11.0,,4927.0,0.6666666666666666,4,-0.2666666666666666,2,1,22,1,0,1,2,4.0,4.0,0.0,10.0,101.634,37.634,37.634,101.5,100.0,107.0,100.0,64,115.0,111.0,100.0,-0.11739130434782608,0.58803125,0,0,0.58803125,0,0,4956.09,0.03601604887612274,0.0,0.5,0.5,0.0
skdclskt,x7l4wbwx,00548e28-65ed-47e8-a667-34639429359c,89df792d-8b1a-4545-be89-9e94133865f7,0,0,0,8,5091.0,3800.0,,,4260.17,11.0,,4961.0,0.75,4,-0.35,3,0,20,1,1,0,2,0.0,1.0,-1.0,10.0,101.634,37.634,37.634,101.5,100.0,107.0,100.0,64,115.0,111.0,100.0,-0.11739130434782608,0.58803125,0,0,0.58803125,0,0,4964.17,0.03601604887612274,0.0,0.0,1.0,0.0
skdclskt,9bv3gi2y,bbac1738-2cb5-4b77-92c4-c512548db93b,2622e9f6-8f19-49dd-b301-25fc2a630f03,1,0,0,9,6097.0,2600.0,94.0,5.0,4171.67,16.0,,5887.0,0.9166666666666666,1,-0.8166666666666667,45,0,29,0,0,1,2,0.0,3.0,-3.0,8.0,94.85875,38.85875,38.85875,94.92,94.94,94.94,94.74,56,94.91,94.76,97.65,0.00010536297545038487,0.6939062500000001,0,0,0.6939062500000001,0,0,5067.67,0.0366767427460727,0.0,0.0,1.0,0.0
skdclskt,1tnknpce,bbac1738-2cb5-4b77-92c4-c512548db93b,24e830e8-905d-4e22-ab61-b990c984ff16,1,0,0,9,4685.0,3800.0,94.0,5.0,1233.44,53.0,,4575.0,0.75,7,-0.050000000000000044,3,0,18,0,1,1,2,0.0,0.0,0.0,8.0,94.85875,38.85875,38.85875,94.92,94.94,94.94,94.74,56,94.91,94.76,97.65,0.00010536297545038487,0.6939062500000001,0,0,0.6939062500000001,0,0,4201.4400000000005,0.0366767427460727,0.0,1.0,0.0,0.0
skdclskt,zkl94ida,bbac1738-2cb5-4b77-92c4-c512548db93b,6820cd25-c18c-49e6-84f5-25aa69820367,1,0,0,9,7353.0,2600.0,95.0,4.0,5177.869999999998,0.0,,7163.0,0.9166666666666666,5,-0.41666666666666663,1,0,18,0,0,0,2,0.0,0.0,0.0,8.0,94.85875,38.85875,38.85875,94.92,94.94,94.94,94.74,56,94.91,94.76,97.65,0.00010536297545038487,0.6939062500000001,0,0,0.6939062500000001,0,0,5177.869999999998,0.0366767427460727,0.0,0.0,1.0,0.0
skdclskt,h7nk13vs,bbac1738-2cb5-4b77-92c4-c512548db93b,ae2e944d-6861-4940-b26c-a08caaca1a16,1,0,0,9,5148.0,3800.0,94.0,5.0,4715.179999999999,2.0,,5028.0,0.6666666666666666,4,-0.2666666666666666,4,1,19,1,0,0,2,2.0,3.0,-1.0,8.0,94.85875,38.85875,38.85875,94.92,94.94,94.94,94.74,56,94.91,94.76,97.65,0.00010536297545038487,0.6939062500000001,0,0,0.6939062500000001,0,0,4827.179999999999,0.0366767427460727,1.0,0.0,0.0,0.0
skdclskt,8rrxo8mh,bbac1738-2cb5-4b77-92c4-c512548db93b,a1542dc5-078d-4b85-8ee8-6acdc2839880,1,0,0,9,5698.0,2600.0,94.0,2.0,4236.780000000001,7.0,,5528.0,0.75,7,-0.050000000000000044,2,1,21,1,0,1,2,2.0,2.0,0.0,8.0,94.85875,38.85875,38.85875,94.92,94.94,94.94,94.74,56,94.91,94.76,97.65,0.00010536297545038487,0.6939062500000001,0,0,0.6939062500000001,0,0,4628.780000000001,0.0366767427460727,0.0,0.0,1.0,0.0
skdclskt,53wkzdsp,bbac1738-2cb5-4b77-92c4-c512548db93b,3e36c9fa-1786-43b0-87ea-f17db8332def,1,0,0,9,5089.0,3800.0,95.0,5.0,4053.92,12.0,,4929.0,0.8333333333333334,8,-0.033333333333333326,3,1,36,0,0,1,2,4.0,0.0,4.0,8.0,94.85875,38.85875,38.85875,94.92,94.94,94.94,94.74,56,94.91,94.76,97.65,0.00010536297545038487,0.6939062500000001,0,0,0.6939062500000001,0,0,4725.92,0.0366767427460727,0.0,0.5,0.5,0.0
skdclskt,2tmxyq59,41800c26-6898-4b86-b356-94ff8bfa3a3a,c34666fc-2042-436c-b5b2-8be4eb77fa45,1,0,0,9,5570.0,2600.0,110.0,4.0,5340.25,2.0,,5480.0,0.5833333333333334,7,0.11666666666666659,1,0,28,0,0,1,2,0.0,4.0,-4.0,10.0,104.325,48.325,48.325,102.0,105.0,109.0,100.0,56,105.0,113.0,101.0,-0.02857142857142858,0.8629464285714287,0,0,0.8629464285714287,0,0,5452.25,0.03396651243223032,0.0,0.0,1.0,0.0
skdclskt,klvgct3w,41800c26-6898-4b86-b356-94ff8bfa3a3a,5d8a97d2-0acd-4bec-9355-f1ef8ca0b665,1,0,0,9,5086.0,3800.0,108.0,4.0,3579.01,17.0,,4926.0,0.6666666666666666,7,0.033333333333333326,2,1,19,0,0,0,2,2.0,0.0,2.0,10.0,104.325,48.325,48.325,102.0,105.0,109.0,100.0,56,105.0,113.0,101.0,-0.02857142857142858,0.8629464285714287,0,0,0.8629464285714287,0,0,4531.01,0.03396651243223032,0.0,0.0,0.0,1.0
skdclskt,fa5fpl4w,41800c26-6898-4b86-b356-94ff8bfa3a3a,9ae3a47d-ad9b-4325-b996-258a31aa9b65,1,0,0,9,5251.0,2600.0,107.0,1.0,3024.5,27.0,,5161.0,0.75,0,-0.75,6,1,28,0,0,1,2,2.0,0.0,2.0,10.0,104.325,48.325,48.325,102.0,105.0,109.0,100.0,56,105.0,113.0,101.0,-0.02857142857142858,0.8629464285714287,0,0,0.8629464285714287,0,0,4536.5,0.03396651243223032,1.0,0.0,0.0,0.0
skdclskt,0sa5xwid,41800c26-6898-4b86-b356-94ff8bfa3a3a,3f16f05a-e96e-45ac-9ef0-9c2d6dce3317,1,0,0,9,5140.0,3800.0,105.0,3.0,4436.01,7.0,,5050.0,0.5833333333333334,1,-0.4833333333333334,1,1,18,0,0,1,2,1.0,3.0,-2.0,10.0,104.325,48.325,48.325,102.0,105.0,109.0,100.0,56,105.0,113.0,101.0,-0.02857142857142858,0.8629464285714287,0,0,0.8629464285714287,0,0,4828.01,0.03396651243223032,1.0,0.0,0.0,0.0
skdclskt,w5nuyib0,41800c26-6898-4b86-b356-94ff8bfa3a3a,16e26514-b278-4448-959a-f58ad6e11852,1,0,0,9,4813.0,2600.0,4125.0,3.0,3563.2299999999996,20.0,,4773.0,0.3333333333333333,3,-0.033333333333333326,1,1,18,0,0,1,2,2.0,1.0,1.0,10.0,104.325,48.325,48.325,102.0,105.0,109.0,100.0,56,105.0,113.0,101.0,-0.02857142857142858,0.8629464285714287,0,0,0.8629464285714287,0,0,4683.23,0.03396651243223032,0.0,1.0,0.0,0.0
skdclskt,s1twfhpt,41800c26-6898-4b86-b356-94ff8bfa3a3a,0414deaa-50dd-4291-abcb-c312c59361b0,1,0,0,9,4871.0,3800.0,105.0,3.0,3377.0,20.0,,4661.0,0.9166666666666666,6,-0.31666666666666665,1,1,21,1,1,1,2,3.0,2.0,1.0,10.0,104.325,48.325,48.325,102.0,105.0,109.0,100.0,56,105.0,113.0,101.0,-0.02857142857142858,0.8629464285714287,0,0,0.8629464285714287,0,0,4497.0,0.03396651243223032,0.0,1.0,0.0,0.0
skdclskt,tqeatlds,490e4560-4219-4069-a6b1-c8a826129b68,18595b83-a573-483a-922c-64417e548e97,0,0,0,9,5561.0,2600.0,61.0,3.0,3181.55,26.0,,5351.0,0.75,7,-0.050000000000000044,2,1,19,0,0,1,2,3.0,0.0,3.0,8.0,60.935,4.9350000000000005,4.9350000000000005,60.25,61.25,61.75,60.0,56,61.05,59.0,60.5,-0.013104013104013101,0.08812500000000001,0,0,0.08812500000000004,0,0,4637.55,0.0134166087560806,0.0,0.0,1.0,0.0
skdclskt,nu7ykbgx,490e4560-4219-4069-a6b1-c8a826129b68,590f10b9-c637-4d22-97d1-7bcc1d1f1e01,0,0,0,9,5985.0,3800.0,60.0,4.0,4318.33,13.0,,5815.0,0.9166666666666666,5,-0.41666666666666663,1,0,28,1,1,1,2,0.0,1.0,-1.0,8.0,60.935,4.9350000000000005,4.9350000000000005,60.25,61.25,61.75,60.0,56,61.05,59.0,60.5,-0.013104013104013101,0.08812500000000001,0,0,0.08812500000000004,0,0,5046.33,0.0134166087560806,0.0,0.0,1.0,0.0
skdclskt,su76nhj9,490e4560-4219-4069-a6b1-c8a826129b68,e420f624-78fe-42c9-aa20-242b54f6c4e8,0,0,0,9,5506.0,2600.0,60.0,3.0,3480.8000000000006,23.0,,5386.0,0.6666666666666666,7,0.033333333333333326,4,0,23,1,1,1,2,1.0,2.0,-1.0,8.0,60.935,4.9350000000000005,4.9350000000000005,60.25,61.25,61.75,60.0,56,61.05,59.0,60.5,-0.013104013104013101,0.08812500000000001,0,0,0.08812500000000004,0,0,4768.800000000001,0.0134166087560806,0.0,0.0,1.0,0.0
skdclskt,c2m857p1,490e4560-4219-4069-a6b1-c8a826129b68,a7bed23b-2e8e-451f-8b7c-42f684002277,0,0,0,9,5566.0,3800.0,60.0,2.0,4704.18,2.0,,5356.0,0.9166666666666666,5,-0.41666666666666663,1,1,21,1,1,0,2,2.0,1.0,1.0,8.0,60.935,4.9350000000000005,4.9350000000000005,60.25,61.25,61.75,60.0,56,61.05,59.0,60.5,-0.013104013104013101,0.08812500000000001,0,0,0.08812500000000004,0,0,4816.18,0.0134166087560806,1.0,0.0,0.0,0.0
skdclskt,r6xuxcar,490e4560-4219-4069-a6b1-c8a826129b68,10f05dce-1c31-4c65-80e0-0450ca2c00bb,0,0,0,9,4396.0,2600.0,62.0,3.0,3161.4999999999995,28.0,,4226.0,0.75,7,-0.050000000000000044,9,1,21,1,1,1,2,2.0,1.0,1.0,8.0,60.935,4.9350000000000005,4.9350000000000005,60.25,61.25,61.75,60.0,56,61.05,59.0,60.5,-0.013104013104013101,0.08812500000000001,0,0,0.08812500000000004,0,0,4729.5,0.0134166087560806,0.5,0.5,0.0,0.0
skdclskt,2y2lzizt,490e4560-4219-4069-a6b1-c8a826129b68,bdad41ef-e8fb-4016-ab64-9cee4008db0e,0,0,0,9,4734.0,3800.0,61.0,3.0,4501.639999999999,5.0,,4534.0,0.8333333333333334,2,-0.6333333333333333,3,1,34,1,1,1,2,0.0,3.0,-3.0,8.0,60.935,4.9350000000000005,4.9350000000000005,60.25,61.25,61.75,60.0,56,61.05,59.0,60.5,-0.013104013104013101,0.08812500000000001,0,0,0.08812500000000004,0,0,4781.639999999999,0.0134166087560806,0.0,0.0,0.0,1.0
skdclskt,0qc91a5a,00548e28-65ed-47e8-a667-34639429359c,fef5ca2d-6f21-47c4-90cc-74807444686a,0,0,0,9,6523.0,2600.0,48.0,5.0,4790.33,13.0,,6423.0,0.8333333333333334,7,-0.13333333333333341,1,1,35,1,1,1,2,5.0,2.0,3.0,20.0,44.4995,-11.500499999999999,35.5995,100.0,103.0,103.0,5.0,56,101.5,115.0,40.0,-0.014778325123152691,0.6357053571428571,0,0,-0.20536607142857147,0,0,5518.33,0.05420702853166318,0.0,0.0,1.0,0.0
skdclskt,2vy9s3px,00548e28-65ed-47e8-a667-34639429359c,2b85f691-c920-4f32-ae54-e21833cf5475,0,0,0,9,5050.0,3800.0,75.0,4.0,3454.1499999999996,25.0,,4920.0,0.9166666666666666,8,-0.11666666666666659,2,0,21,0,0,1,2,7.0,1.0,6.0,20.0,44.4995,-11.500499999999999,35.5995,100.0,103.0,103.0,5.0,56,101.5,115.0,40.0,-0.014778325123152691,0.6357053571428571,0,0,-0.20536607142857147,0,0,4854.15,0.05420702853166318,0.0,1.0,0.0,0.0
skdclskt,87uw2jck,00548e28-65ed-47e8-a667-34639429359c,c953d4fd-7bea-449b-9aa0-5e400d9cb204,0,0,0,9,5633.0,2600.0,4.0,5.0,2889.25,16.0,,5523.0,0.9166666666666666,6,-0.31666666666666665,2,0,22,1,1,1,2,1.0,14.0,-13.0,20.0,44.4995,-11.500499999999999,35.5995,100.0,103.0,103.0,5.0,56,101.5,115.0,40.0,-0.014778325123152691,0.6357053571428571,0,0,-0.20536607142857147,0,0,3785.25,0.05420702853166318,0.0,0.5,0.5,0.0
skdclskt,3ftocepp,00548e28-65ed-47e8-a667-34639429359c,53915058-5167-43d2-afa0-8f6290f2017f,0,0,0,9,5815.0,3800.0,4300.0,4.0,3912.0,17.0,,5725.0,0.75,6,-0.15000000000000002,3,1,19,0,1,1,2,1.0,0.0,1.0,20.0,44.4995,-11.500499999999999,35.5995,100.0,103.0,103.0,5.0,56,101.5,115.0,40.0,-0.014778325123152691,0.6357053571428571,0,0,-0.20536607142857147,0,0,4864.0,0.05420702853166318,0.5,0.0,0.5,0.0
skdclskt,xz3dh0k4,00548e28-65ed-47e8-a667-34639429359c,a2e9d95e-90cb-4b2f-b5ca-2486e9ab692d,0,0,0,9,5047.0,2600.0,45.0,3.0,4019.1,13.0,,4927.0,0.6666666666666666,4,-0.2666666666666666,2,1,22,1,0,1,2,5.0,3.0,2.0,20.0,44.4995,-11.500499999999999,35.5995,100.0,103.0,103.0,5.0,56,101.5,115.0,40.0,-0.014778325123152691,0.6357053571428571,0,0,-0.20536607142857147,0,0,4747.1,0.05420702853166318,0.0,0.5,0.5,0.0
skdclskt,x7l4wbwx,00548e28-65ed-47e8-a667-34639429359c,89df792d-8b1a-4545-be89-9e94133865f7,0,0,0,9,5091.0,3800.0,75.0,2.0,4299.17,12.0,,4961.0,0.75,4,-0.35,3,0,20,1,1,0,2,1.0,0.0,1.0,20.0,44.4995,-11.500499999999999,35.5995,100.0,103.0,103.0,5.0,56,101.5,115.0,40.0,-0.014778325123152691,0.6357053571428571,0,0,-0.20536607142857147,0,0,4971.17,0.05420702853166318,0.0,0.0,1.0,0.0
skdclskt,9bv3gi2y,bbac1738-2cb5-4b77-92c4-c512548db93b,2622e9f6-8f19-49dd-b301-25fc2a630f03,1,0,0,10,6097.0,2600.0,,,4778.57,11.0,,5887.0,0.9166666666666666,1,-0.8166666666666667,45,0,29,0,0,1,2,0.0,3.0,-3.0,14.0,95.63428571428572,47.63428571428572,47.63428571428572,97.65,94.9,97.65,94.86,48,94.92,94.91,97.97,0.028761061946902755,0.9923809523809525,0,0,0.9923809523809526,0,0,5306.57,0.026879875837727205,0.0,0.0,1.0,0.0
skdclskt,1tnknpce,bbac1738-2cb5-4b77-92c4-c512548db93b,24e830e8-905d-4e22-ab61-b990c984ff16,1,0,0,10,4685.0,3800.0,,,1816.63,58.0,,4575.0,0.75,7,-0.050000000000000044,3,0,18,0,1,1,2,5.0,0.0,5.0,14.0,95.63428571428572,47.63428571428572,47.63428571428572,97.65,94.9,97.65,94.86,48,94.92,94.91,97.97,0.028761061946902755,0.9923809523809525,0,0,0.9923809523809526,0,0,4600.63,0.026879875837727205,0.0,1.0,0.0,0.0
skdclskt,zkl94ida,bbac1738-2cb5-4b77-92c4-c512548db93b,6820cd25-c18c-49e6-84f5-25aa69820367,1,0,0,10,7353.0,2600.0,,,5177.869999999998,0.0,,7163.0,0.9166666666666666,5,-0.41666666666666663,1,0,18,0,0,0,2,0.0,0.0,0.0,14.0,95.63428571428572,47.63428571428572,47.63428571428572,97.65,94.9,97.65,94.86,48,94.92,94.91,97.97,0.028761061946902755,0.9923809523809525,0,0,0.9923809523809526,0,0,5177.869999999998,0.026879875837727205,0.0,0.0,1.0,0.0
skdclskt,h7nk13vs,bbac1738-2cb5-4b77-92c4-c512548db93b,ae2e944d-6861-4940-b26c-a08caaca1a16,1,0,0,10,5148.0,3800.0,,,4852.07,1.0,,5028.0,0.6666666666666666,4,-0.2666666666666666,4,1,19,1,0,0,2,1.0,2.0,-1.0,14.0,95.63428571428572,47.63428571428572,47.63428571428572,97.65,94.9,97.65,94.86,48,94.92,94.91,97.97,0.028761061946902755,0.9923809523809525,0,0,0.9923809523809526,0,0,4900.07,0.026879875837727205,1.0,0.0,0.0,0.0
skdclskt,8rrxo8mh,bbac1738-2cb5-4b77-92c4-c512548db93b,a1542dc5-078d-4b85-8ee8-6acdc2839880,1,0,0,10,5698.0,2600.0,,,4655.8600000000015,4.0,,5528.0,0.75,7,-0.050000000000000044,2,1,21,1,0,1,2,4.0,7.0,-3.0,14.0,95.63428571428572,47.63428571428572,47.63428571428572,97.65,94.9,97.65,94.86,48,94.92,94.91,97.97,0.028761061946902755,0.9923809523809525,0,0,0.9923809523809526,0,0,4847.8600000000015,0.026879875837727205,0.0,0.0,1.0,0.0
skdclskt,53wkzdsp,bbac1738-2cb5-4b77-92c4-c512548db93b,3e36c9fa-1786-43b0-87ea-f17db8332def,1,0,0,10,5089.0,3800.0,,,4107.86,14.0,,4929.0,0.8333333333333334,8,-0.033333333333333326,3,1,36,0,0,1,2,4.0,2.0,2.0,14.0,95.63428571428572,47.63428571428572,47.63428571428572,97.65,94.9,97.65,94.86,48,94.92,94.91,97.97,0.028761061946902755,0.9923809523809525,0,0,0.9923809523809526,0,0,4779.86,0.026879875837727205,0.0,0.5,0.5,0.0
skdclskt,2tmxyq59,41800c26-6898-4b86-b356-94ff8bfa3a3a,c34666fc-2042-436c-b5b2-8be4eb77fa45,1,0,0,10,5570.0,2600.0,,,5480.25,0.0,,5480.0,0.5833333333333334,7,0.11666666666666659,1,0,28,0,0,1,2,0.0,1.0,-1.0,7.0,103.92857142857143,55.92857142857143,55.92857142857143,101.0,100.0,109.5,100.0,48,102.0,105.0,105.0,-0.009803921568627416,1.1651785714285714,0,0,1.1651785714285714,0,0,5480.25,0.024265891787178452,0.0,0.0,1.0,0.0
skdclskt,klvgct3w,41800c26-6898-4b86-b356-94ff8bfa3a3a,5d8a97d2-0acd-4bec-9355-f1ef8ca0b665,1,0,0,10,5086.0,3800.0,,,3810.01,18.0,,4926.0,0.6666666666666666,7,0.033333333333333326,2,1,19,0,0,0,2,1.0,0.0,1.0,7.0,103.92857142857143,55.92857142857143,55.92857142857143,101.0,100.0,109.5,100.0,48,102.0,105.0,105.0,-0.009803921568627416,1.1651785714285714,0,0,1.1651785714285714,0,0,4674.01,0.024265891787178452,0.0,0.0,0.0,1.0
skdclskt,fa5fpl4w,41800c26-6898-4b86-b356-94ff8bfa3a3a,9ae3a47d-ad9b-4325-b996-258a31aa9b65,1,0,0,10,5251.0,2600.0,,,3567.5,27.0,,5161.0,0.75,0,-0.75,6,1,28,0,0,1,2,1.0,1.0,0.0,7.0,103.92857142857143,55.92857142857143,55.92857142857143,101.0,100.0,109.5,100.0,48,102.0,105.0,105.0,-0.009803921568627416,1.1651785714285714,0,0,1.1651785714285714,0,0,4863.5,0.024265891787178452,1.0,0.0,0.0,0.0
skdclskt,0sa5xwid,41800c26-6898-4b86-b356-94ff8bfa3a3a,3f16f05a-e96e-45ac-9ef0-9c2d6dce3317,1,0,0,10,5140.0,3800.0,,,4575.51,7.0,,5050.0,0.5833333333333334,1,-0.4833333333333334,1,1,18,0,0,1,2,1.0,1.0,0.0,7.0,103.92857142857143,55.92857142857143,55.92857142857143,101.0,100.0,109.5,100.0,48,102.0,105.0,105.0,-0.009803921568627416,1.1651785714285714,0,0,1.1651785714285714,0,0,4911.51,0.024265891787178452,1.0,0.0,0.0,0.0
skdclskt,w5nuyib0,41800c26-6898-4b86-b356-94ff8bfa3a3a,16e26514-b278-4448-959a-f58ad6e11852,1,0,0,10,4813.0,2600.0,,,3770.73,22.0,,4773.0,0.3333333333333333,3,-0.033333333333333326,1,1,18,0,0,1,2,3.0,1.0,2.0,7.0,103.92857142857143,55.92857142857143,55.92857142857143,101.0,100.0,109.5,100.0,48,102.0,105.0,105.0,-0.009803921568627416,1.1651785714285714,0,0,1.1651785714285714,0,0,4826.73,0.024265891787178452,0.0,1.0,0.0,0.0
skdclskt,s1twfhpt,41800c26-6898-4b86-b356-94ff8bfa3a3a,0414deaa-50dd-4291-abcb-c312c59361b0,1,0,0,10,4871.0,3800.0,,,3976.0,18.0,,4661.0,0.9166666666666666,6,-0.31666666666666665,1,1,21,1,1,1,2,1.0,3.0,-2.0,7.0,103.92857142857143,55.92857142857143,55.92857142857143,101.0,100.0,109.5,100.0,48,102.0,105.0,105.0,-0.009803921568627416,1.1651785714285714,0,0,1.1651785714285714,0,0,4840.0,0.024265891787178452,0.0,1.0,0.0,0.0
skdclskt,tqeatlds,490e4560-4219-4069-a6b1-c8a826129b68,18595b83-a573-483a-922c-64417e548e97,0,0,0,10,5561.0,2600.0,,,3938.940000000001,21.0,,5351.0,0.75,7,-0.050000000000000044,2,1,19,0,0,1,2,0.0,4.0,-4.0,11.0,60.27909090909091,12.27909090909091,12.27909090909091,60.5,61.24,61.25,59.0,48,60.25,61.05,59.0,0.004149377593360981,0.2558143939393939,0,0,0.255814393939394,0,0,4946.9400000000005,0.014756599552572724,0.0,0.0,1.0,0.0
skdclskt,nu7ykbgx,490e4560-4219-4069-a6b1-c8a826129b68,590f10b9-c637-4d22-97d1-7bcc1d1f1e01,0,0,0,10,5985.0,3800.0,,,4761.07,8.0,,5815.0,0.9166666666666666,5,-0.41666666666666663,1,0,28,1,1,1,2,0.0,3.0,-3.0,11.0,60.27909090909091,12.27909090909091,12.27909090909091,60.5,61.24,61.25,59.0,48,60.25,61.05,59.0,0.004149377593360981,0.2558143939393939,0,0,0.255814393939394,0,0,5145.07,0.014756599552572724,0.0,0.0,1.0,0.0
skdclskt,su76nhj9,490e4560-4219-4069-a6b1-c8a826129b68,e420f624-78fe-42c9-aa20-242b54f6c4e8,0,0,0,10,5506.0,2600.0,,,4002.0300000000007,22.0,,5386.0,0.6666666666666666,7,0.033333333333333326,4,0,23,1,1,1,2,1.0,2.0,-1.0,11.0,60.27909090909091,12.27909090909091,12.27909090909091,60.5,61.24,61.25,59.0,48,60.25,61.05,59.0,0.004149377593360981,0.2558143939393939,0,0,0.255814393939394,0,0,5058.030000000001,0.014756599552572724,0.0,0.0,1.0,0.0
skdclskt,c2m857p1,490e4560-4219-4069-a6b1-c8a826129b68,a7bed23b-2e8e-451f-8b7c-42f684002277,0,0,0,10,5566.0,3800.0,,,4627.93,4.0,,5356.0,0.9166666666666666,5,-0.41666666666666663,1,1,21,1,1,0,2,3.0,1.0,2.0,11.0,60.27909090909091,12.27909090909091,12.27909090909091,60.5,61.24,61.25,59.0,48,60.25,61.05,59.0,0.004149377593360981,0.2558143939393939,0,0,0.255814393939394,0,0,4819.93,0.014756599552572724,1.0,0.0,0.0,0.0
skdclskt,r6xuxcar,490e4560-4219-4069-a6b1-c8a826129b68,10f05dce-1c31-4c65-80e0-0450ca2c00bb,0,0,0,10,4396.0,2600.0,,,3417.3199999999997,34.0,,4226.0,0.75,7,-0.050000000000000044,9,1,21,1,1,1,2,5.0,0.0,5.0,11.0,60.27909090909091,12.27909090909091,12.27909090909091,60.5,61.24,61.25,59.0,48,60.25,61.05,59.0,0.004149377593360981,0.2558143939393939,0,0,0.255814393939394,0,0,5049.32,0.014756599552572724,0.5,0.5,0.0,0.0
skdclskt,2y2lzizt,490e4560-4219-4069-a6b1-c8a826129b68,bdad41ef-e8fb-4016-ab64-9cee4008db0e,0,0,0,10,4734.0,3800.0,,,4540.709999999999,5.0,,4534.0,0.8333333333333334,2,-0.6333333333333333,3,1,34,1,1,1,2,2.0,1.0,1.0,11.0,60.27909090909091,12.27909090909091,12.27909090909091,60.5,61.24,61.25,59.0,48,60.25,61.05,59.0,0.004149377593360981,0.2558143939393939,0,0,0.255814393939394,0,0,4780.709999999999,0.014756599552572724,0.0,0.0,0.0,1.0
skdclskt,0qc91a5a,00548e28-65ed-47e8-a667-34639429359c,fef5ca2d-6f21-47c4-90cc-74807444686a,0,0,0,10,6523.0,2600.0,,,4957.33,12.0,,6423.0,0.8333333333333334,7,-0.13333333333333341,1,1,35,1,1,1,2,2.0,0.0,2.0,11.0,47.09090909090909,-0.9090909090909091,4.7272727272727275,40.0,48.0,67.0,40.0,48,100.0,101.5,26.0,-0.6,0.0984848484848485,0,1,-0.018939393939393884,0,0,5533.33,0.0579597967749061,0.0,0.0,1.0,0.0
skdclskt,2vy9s3px,00548e28-65ed-47e8-a667-34639429359c,2b85f691-c920-4f32-ae54-e21833cf5475,0,0,0,10,5050.0,3800.0,,,3868.15,37.0,,4920.0,0.9166666666666666,8,-0.11666666666666659,2,0,21,0,0,1,2,2.0,0.0,2.0,11.0,47.09090909090909,-0.9090909090909091,4.7272727272727275,40.0,48.0,67.0,40.0,48,100.0,101.5,26.0,-0.6,0.0984848484848485,0,1,-0.018939393939393884,0,0,5644.15,0.0579597967749061,0.0,1.0,0.0,0.0
skdclskt,87uw2jck,00548e28-65ed-47e8-a667-34639429359c,c953d4fd-7bea-449b-9aa0-5e400d9cb204,0,0,0,10,5633.0,2600.0,,,3430.25,11.0,,5523.0,0.9166666666666666,6,-0.31666666666666665,2,0,22,1,1,1,2,0.0,5.0,-5.0,11.0,47.09090909090909,-0.9090909090909091,4.7272727272727275,40.0,48.0,67.0,40.0,48,100.0,101.5,26.0,-0.6,0.0984848484848485,0,1,-0.018939393939393884,0,0,3958.25,0.0579597967749061,0.0,0.5,0.5,0.0
skdclskt,3ftocepp,00548e28-65ed-47e8-a667-34639429359c,53915058-5167-43d2-afa0-8f6290f2017f,0,0,0,10,5815.0,3800.0,,,4227.0,17.0,,5725.0,0.75,6,-0.15000000000000002,3,1,19,0,1,1,2,2.0,1.0,1.0,11.0,47.09090909090909,-0.9090909090909091,4.7272727272727275,40.0,48.0,67.0,40.0,48,100.0,101.5,26.0,-0.6,0.0984848484848485,0,1,-0.018939393939393884,0,0,5043.0,0.0579597967749061,0.5,0.0,0.5,0.0
skdclskt,xz3dh0k4,00548e28-65ed-47e8-a667-34639429359c,a2e9d95e-90cb-4b2f-b5ca-2486e9ab692d,0,0,0,10,5047.0,2600.0,,,4297.1,12.0,,4927.0,0.6666666666666666,4,-0.2666666666666666,2,1,22,1,0,1,2,3.0,4.0,-1.0,11.0,47.09090909090909,-0.9090909090909091,4.7272727272727275,40.0,48.0,67.0,40.0,48,100.0,101.5,26.0,-0.6,0.0984848484848485,0,1,-0.018939393939393884,0,0,4873.1,0.0579597967749061,0.0,0.5,0.5,0.0
skdclskt,x7l4wbwx,00548e28-65ed-47e8-a667-34639429359c,89df792d-8b1a-4545-be89-9e94133865f7,0,0,0,10,5091.0,3800.0,,,4504.17,13.0,,4961.0,0.75,4,-0.35,3,0,20,1,1,0,2,2.0,1.0,1.0,11.0,47.09090909090909,-0.9090909090909091,4.7272727272727275,40.0,48.0,67.0,40.0,48,100.0,101.5,26.0,-0.6,0.0984848484848485,0,1,-0.018939393939393884,0,0,5128.17,0.0579597967749061,0.0,0.0,1.0,0.0
skdclskt,9bv3gi2y,bbac1738-2cb5-4b77-92c4-c512548db93b,2622e9f6-8f19-49dd-b301-25fc2a630f03,1,0,0,11,6097.0,2600.0,,,5162.59,9.0,,5887.0,0.9166666666666666,1,-0.8166666666666667,45,0,29,0,0,1,2,0.0,3.0,-3.0,11.0,98.28181818181817,58.28181818181818,58.28181818181818,97.97,97.31,100.25,97.02,40,97.65,94.92,99.98,0.0032770097286225486,1.4570454545454545,0,0,1.457045454545454,0,0,5522.59,0.03889728206606059,0.0,0.0,1.0,0.0
skdclskt,1tnknpce,bbac1738-2cb5-4b77-92c4-c512548db93b,24e830e8-905d-4e22-ab61-b990c984ff16,1,0,0,11,4685.0,3800.0,,,1784.6400000000003,66.0,,4575.0,0.75,7,-0.050000000000000044,3,0,18,0,1,1,2,5.0,0.0,5.0,11.0,98.28181818181817,58.28181818181818,58.28181818181818,97.97,97.31,100.25,97.02,40,97.65,94.92,99.98,0.0032770097286225486,1.4570454545454545,0,0,1.457045454545454,0,0,4424.64,0.03889728206606059,0.0,1.0,0.0,0.0
skdclskt,zkl94ida,bbac1738-2cb5-4b77-92c4-c512548db93b,6820cd25-c18c-49e6-84f5-25aa69820367,1,0,0,11,7353.0,2600.0,,,5177.869999999998,0.0,,7163.0,0.9166666666666666,5,-0.41666666666666663,1,0,18,0,0,0,2,0.0,0.0,0.0,11.0,98.28181818181817,58.28181818181818,58.28181818181818,97.97,97.31,100.25,97.02,40,97.65,94.92,99.98,0.0032770097286225486,1.4570454545454545,0,0,1.457045454545454,0,0,5177.869999999998,0.03889728206606059,0.0,0.0,1.0,0.0
skdclskt,h7nk13vs,bbac1738-2cb5-4b77-92c4-c512548db93b,ae2e944d-6861-4940-b26c-a08caaca1a16,1,0,0,11,5148.0,3800.0,,,4568.119999999999,4.0,,5028.0,0.6666666666666666,4,-0.2666666666666666,4,1,19,1,0,0,2,4.0,1.0,3.0,11.0,98.28181818181817,58.28181818181818,58.28181818181818,97.97,97.31,100.25,97.02,40,97.65,94.92,99.98,0.0032770097286225486,1.4570454545454545,0,0,1.457045454545454,0,0,4728.119999999999,0.03889728206606059,1.0,0.0,0.0,0.0
skdclskt,8rrxo8mh,bbac1738-2cb5-4b77-92c4-c512548db93b,a1542dc5-078d-4b85-8ee8-6acdc2839880,1,0,0,11,5698.0,2600.0,,,4785.0700000000015,3.0,,5528.0,0.75,7,-0.050000000000000044,2,1,21,1,0,1,2,2.0,3.0,-1.0,11.0,98.28181818181817,58.28181818181818,58.28181818181818,97.97,97.31,100.25,97.02,40,97.65,94.92,99.98,0.0032770097286225486,1.4570454545454545,0,0,1.457045454545454,0,0,4905.0700000000015,0.03889728206606059,0.0,0.0,1.0,0.0
skdclskt,53wkzdsp,bbac1738-2cb5-4b77-92c4-c512548db93b,3e36c9fa-1786-43b0-87ea-f17db8332def,1,0,0,11,5089.0,3800.0,,,4614.570000000001,10.0,,4929.0,0.8333333333333334,8,-0.033333333333333326,3,1,36,0,0,1,2,0.0,4.0,-4.0,11.0,98.28181818181817,58.28181818181818,58.28181818181818,97.97,97.31,100.25,97.02,40,97.65,94.92,99.98,0.0032770097286225486,1.4570454545454545,0,0,1.457045454545454,0,0,5014.570000000001,0.03889728206606059,0.0,0.5,0.5,0.0
skdclskt,2tmxyq59,41800c26-6898-4b86-b356-94ff8bfa3a3a,c34666fc-2042-436c-b5b2-8be4eb77fa45,1,0,0,11,5570.0,2600.0,,,5480.25,0.0,,5480.0,0.5833333333333334,7,0.11666666666666659,1,0,28,0,0,1,2,0.0,0.0,0.0,3.0,101.66666666666667,61.666666666666664,61.666666666666664,105.0,100.0,105.0,100.0,40,101.0,102.0,104.0,0.03960396039603964,1.5416666666666665,0,0,1.5416666666666667,0,0,5480.25,0.027213700049556245,0.0,0.0,1.0,0.0
skdclskt,klvgct3w,41800c26-6898-4b86-b356-94ff8bfa3a3a,5d8a97d2-0acd-4bec-9355-f1ef8ca0b665,1,0,0,11,5086.0,3800.0,,,3954.01,18.0,,4926.0,0.6666666666666666,7,0.033333333333333326,2,1,19,0,0,0,2,0.0,0.0,0.0,3.0,101.66666666666667,61.666666666666664,61.666666666666664,105.0,100.0,105.0,100.0,40,101.0,102.0,104.0,0.03960396039603964,1.5416666666666665,0,0,1.5416666666666667,0,0,4674.01,0.027213700049556245,0.0,0.0,0.0,1.0
skdclskt,fa5fpl4w,41800c26-6898-4b86-b356-94ff8bfa3a3a,9ae3a47d-ad9b-4325-b996-258a31aa9b65,1,0,0,11,5251.0,2600.0,,,3783.5,26.0,,5161.0,0.75,0,-0.75,6,1,28,0,0,1,2,0.0,0.0,0.0,3.0,101.66666666666667,61.666666666666664,61.666666666666664,105.0,100.0,105.0,100.0,40,101.0,102.0,104.0,0.03960396039603964,1.5416666666666665,0,0,1.5416666666666667,0,0,4823.5,0.027213700049556245,1.0,0.0,0.0,0.0
skdclskt,0sa5xwid,41800c26-6898-4b86-b356-94ff8bfa3a3a,3f16f05a-e96e-45ac-9ef0-9c2d6dce3317,1,0,0,11,5140.0,3800.0,,,4836.51,5.0,,5050.0,0.5833333333333334,1,-0.4833333333333334,1,1,18,0,0,1,2,0.0,2.0,-2.0,3.0,101.66666666666667,61.666666666666664,61.666666666666664,105.0,100.0,105.0,100.0,40,101.0,102.0,104.0,0.03960396039603964,1.5416666666666665,0,0,1.5416666666666667,0,0,5036.51,0.027213700049556245,1.0,0.0,0.0,0.0
skdclskt,w5nuyib0,41800c26-6898-4b86-b356-94ff8bfa3a3a,16e26514-b278-4448-959a-f58ad6e11852,1,0,0,11,4813.0,2600.0,,,3846.73,24.0,,4773.0,0.3333333333333333,3,-0.033333333333333326,1,1,18,0,0,1,2,1.0,0.0,1.0,3.0,101.66666666666667,61.666666666666664,61.666666666666664,105.0,100.0,105.0,100.0,40,101.0,102.0,104.0,0.03960396039603964,1.5416666666666665,0,0,1.5416666666666667,0,0,4806.73,0.027213700049556245,0.0,1.0,0.0,0.0
skdclskt,s1twfhpt,41800c26-6898-4b86-b356-94ff8bfa3a3a,0414deaa-50dd-4291-abcb-c312c59361b0,1,0,0,11,4871.0,3800.0,,,4015.0,19.0,,4661.0,0.9166666666666666,6,-0.31666666666666665,1,1,21,1,1,1,2,2.0,1.0,1.0,3.0,101.66666666666667,61.666666666666664,61.666666666666664,105.0,100.0,105.0,100.0,40,101.0,102.0,104.0,0.03960396039603964,1.5416666666666665,0,0,1.5416666666666667,0,0,4775.0,0.027213700049556245,0.0,1.0,0.0,0.0
skdclskt,tqeatlds,490e4560-4219-4069-a6b1-c8a826129b68,18595b83-a573-483a-922c-64417e548e97,0,0,0,11,5561.0,2600.0,,,4344.870000000001,17.0,,5351.0,0.75,7,-0.050000000000000044,2,1,19,0,0,1,2,0.0,4.0,-4.0,7.0,59.535714285714285,19.535714285714285,19.535714285714285,59.0,60.0,60.1,58.93,40,60.5,60.25,58.51,-0.024793388429752095,0.48839285714285713,0,0,0.48839285714285713,0,0,5024.870000000001,0.017337019660411124,0.0,0.0,1.0,0.0
skdclskt,nu7ykbgx,490e4560-4219-4069-a6b1-c8a826129b68,590f10b9-c637-4d22-97d1-7bcc1d1f1e01,0,0,0,11,5985.0,3800.0,,,4884.07,7.0,,5815.0,0.9166666666666666,5,-0.41666666666666663,1,0,28,1,1,1,2,0.0,1.0,-1.0,7.0,59.535714285714285,19.535714285714285,19.535714285714285,59.0,60.0,60.1,58.93,40,60.5,60.25,58.51,-0.024793388429752095,0.48839285714285713,0,0,0.48839285714285713,0,0,5164.07,0.017337019660411124,0.0,0.0,1.0,0.0
skdclskt,su76nhj9,490e4560-4219-4069-a6b1-c8a826129b68,e420f624-78fe-42c9-aa20-242b54f6c4e8,0,0,0,11,5506.0,2600.0,,,4178.820000000001,24.0,,5386.0,0.6666666666666666,7,0.033333333333333326,4,0,23,1,1,1,2,1.0,1.0,0.0,7.0,59.535714285714285,19.535714285714285,19.535714285714285,59.0,60.0,60.1,58.93,40,60.5,60.25,58.51,-0.024793388429752095,0.48839285714285713,0,0,0.48839285714285713,0,0,5138.820000000001,0.017337019660411124,0.0,0.0,1.0,0.0
skdclskt,c2m857p1,490e4560-4219-4069-a6b1-c8a826129b68,a7bed23b-2e8e-451f-8b7c-42f684002277,0,0,0,11,5566.0,3800.0,,,4600.93,6.0,,5356.0,0.9166666666666666,5,-0.41666666666666663,1,1,21,1,1,0,2,1.0,0.0,1.0,7.0,59.535714285714285,19.535714285714285,19.535714285714285,59.0,60.0,60.1,58.93,40,60.5,60.25,58.51,-0.024793388429752095,0.48839285714285713,0,0,0.48839285714285713,0,0,4840.93,0.017337019660411124,1.0,0.0,0.0,0.0
skdclskt,r6xuxcar,490e4560-4219-4069-a6b1-c8a826129b68,10f05dce-1c31-4c65-80e0-0450ca2c00bb,0,0,0,11,4396.0,2600.0,,,3570.4199999999996,34.0,,4226.0,0.75,7,-0.050000000000000044,9,1,21,1,1,1,2,3.0,1.0,2.0,7.0,59.535714285714285,19.535714285714285,19.535714285714285,59.0,60.0,60.1,58.93,40,60.5,60.25,58.51,-0.024793388429752095,0.48839285714285713,0,0,0.48839285714285713,0,0,4930.42,0.017337019660411124,0.5,0.5,0.0,0.0
skdclskt,2y2lzizt,490e4560-4219-4069-a6b1-c8a826129b68,bdad41ef-e8fb-4016-ab64-9cee4008db0e,0,0,0,11,4734.0,3800.0,,,4460.8899999999985,7.0,,4534.0,0.8333333333333334,2,-0.6333333333333333,3,1,34,1,1,1,2,2.0,0.0,2.0,7.0,59.535714285714285,19.535714285714285,19.535714285714285,59.0,60.0,60.1,58.93,40,60.5,60.25,58.51,-0.024793388429752095,0.48839285714285713,0,0,0.48839285714285713,0,0,4740.8899999999985,0.017337019660411124,0.0,0.0,0.0,1.0
skdclskt,0qc91a5a,00548e28-65ed-47e8-a667-34639429359c,fef5ca2d-6f21-47c4-90cc-74807444686a,0,0,0,11,6523.0,2600.0,,,5145.83,14.0,,6423.0,0.8333333333333334,7,-0.13333333333333341,1,1,35,1,1,1,2,0.0,2.0,-2.0,6.0,33.916666666666664,-6.083333333333333,11.416666666666666,26.0,56.0,56.0,20.0,40,40.0,100.0,6.11,-0.35,0.28541666666666665,0,0,-0.1520833333333334,0,0,5705.83,0.0583705426356589,0.0,0.0,1.0,0.0
skdclskt,2vy9s3px,00548e28-65ed-47e8-a667-34639429359c,2b85f691-c920-4f32-ae54-e21833cf5475,0,0,0,11,5050.0,3800.0,,,4164.15,30.0,,4920.0,0.9166666666666666,8,-0.11666666666666659,2,0,21,0,0,1,2,0.0,0.0,0.0,6.0,33.916666666666664,-6.083333333333333,11.416666666666666,26.0,56.0,56.0,20.0,40,40.0,100.0,6.11,-0.35,0.28541666666666665,0,0,-0.1520833333333334,0,0,5364.15,0.0583705426356589,0.0,1.0,0.0,0.0
skdclskt,87uw2jck,00548e28-65ed-47e8-a667-34639429359c,c953d4fd-7bea-449b-9aa0-5e400d9cb204,0,0,0,11,5633.0,2600.0,,,3518.25,11.0,,5523.0,0.9166666666666666,6,-0.31666666666666665,2,0,22,1,1,1,2,0.0,0.0,0.0,6.0,33.916666666666664,-6.083333333333333,11.416666666666666,26.0,56.0,56.0,20.0,40,40.0,100.0,6.11,-0.35,0.28541666666666665,0,0,-0.1520833333333334,0,0,3958.25,0.0583705426356589,0.0,0.5,0.5,0.0
skdclskt,3ftocepp,00548e28-65ed-47e8-a667-34639429359c,53915058-5167-43d2-afa0-8f6290f2017f,0,0,0,11,5815.0,3800.0,,,4337.0,18.0,,5725.0,0.75,6,-0.15000000000000002,3,1,19,0,1,1,2,1.0,0.0,1.0,6.0,33.916666666666664,-6.083333333333333,11.416666666666666,26.0,56.0,56.0,20.0,40,40.0,100.0,6.11,-0.35,0.28541666666666665,0,0,-0.1520833333333334,0,0,5057.0,0.0583705426356589,0.5,0.0,0.5,0.0
skdclskt,xz3dh0k4,00548e28-65ed-47e8-a667-34639429359c,a2e9d95e-90cb-4b2f-b5ca-2486e9ab692d,0,0,0,11,5047.0,2600.0,,,4331.6,12.0,,4927.0,0.6666666666666666,4,-0.2666666666666666,2,1,22,1,0,1,2,3.0,3.0,0.0,6.0,33.916666666666664,-6.083333333333333,11.416666666666666,26.0,56.0,56.0,20.0,40,40.0,100.0,6.11,-0.35,0.28541666666666665,0,0,-0.1520833333333334,0,0,4811.6,0.0583705426356589,0.0,0.5,0.5,0.0
skdclskt,x7l4wbwx,00548e28-65ed-47e8-a667-34639429359c,89df792d-8b1a-4545-be89-9e94133865f7,0,0,0,11,5091.0,3800.0,,,4603.17,15.0,,4961.0,0.75,4,-0.35,3,0,20,1,1,0,2,2.0,1.0,1.0,6.0,33.916666666666664,-6.083333333333333,11.416666666666666,26.0,56.0,56.0,20.0,40,40.0,100.0,6.11,-0.35,0.28541666666666665,0,0,-0.1520833333333334,0,0,5203.17,0.0583705426356589,0.0,0.0,1.0,0.0
skdclskt,9bv3gi2y,bbac1738-2cb5-4b77-92c4-c512548db93b,2622e9f6-8f19-49dd-b301-25fc2a630f03,1,0,0,12,6097.0,2600.0,100.0,5.0,5234.59,8.0,,5887.0,0.9166666666666666,1,-0.8166666666666667,45,0,29,0,0,1,2,0.0,0.0,0.0,13.0,99.57384615384616,67.57384615384616,67.57384615384616,99.98,99.06,99.98,99.06,32,97.97,97.65,95.86,0.020516484638154697,2.1116826923076926,0,0,2.1116826923076926,0,0,5490.59,0.05638838129967684,0.0,0.0,1.0,0.0
skdclskt,1tnknpce,bbac1738-2cb5-4b77-92c4-c512548db93b,24e830e8-905d-4e22-ab61-b990c984ff16,1,0,0,12,4685.0,3800.0,110.0,5.0,2015.0000000000005,72.0,,4575.0,0.75,7,-0.050000000000000044,3,0,18,0,1,1,2,3.0,0.0,3.0,13.0,99.57384615384616,67.57384615384616,67.57384615384616,99.98,99.06,99.98,99.06,32,97.97,97.65,95.86,0.020516484638154697,2.1116826923076926,0,0,2.1116826923076926,0,0,4319.0,0.05638838129967684,0.0,1.0,0.0,0.0
skdclskt,zkl94ida,bbac1738-2cb5-4b77-92c4-c512548db93b,6820cd25-c18c-49e6-84f5-25aa69820367,1,0,0,12,7353.0,2600.0,100.0,3.0,5177.869999999998,0.0,,7163.0,0.9166666666666666,5,-0.41666666666666663,1,0,18,0,0,0,2,0.0,0.0,0.0,13.0,99.57384615384616,67.57384615384616,67.57384615384616,99.98,99.06,99.98,99.06,32,97.97,97.65,95.86,0.020516484638154697,2.1116826923076926,0,0,2.1116826923076926,0,0,5177.869999999998,0.05638838129967684,0.0,0.0,1.0,0.0
skdclskt,h7nk13vs,bbac1738-2cb5-4b77-92c4-c512548db93b,ae2e944d-6861-4940-b26c-a08caaca1a16,1,0,0,12,5148.0,3800.0,97.0,4.0,4600.229999999999,4.0,,5028.0,0.6666666666666666,4,-0.2666666666666666,4,1,19,1,0,0,2,2.0,2.0,0.0,13.0,99.57384615384616,67.57384615384616,67.57384615384616,99.98,99.06,99.98,99.06,32,97.97,97.65,95.86,0.020516484638154697,2.1116826923076926,0,0,2.1116826923076926,0,0,4728.229999999999,0.05638838129967684,1.0,0.0,0.0,0.0
skdclskt,8rrxo8mh,bbac1738-2cb5-4b77-92c4-c512548db93b,a1542dc5-078d-4b85-8ee8-6acdc2839880,1,0,0,12,5698.0,2600.0,99.0,4.0,4210.340000000003,9.0,,5528.0,0.75,7,-0.050000000000000044,2,1,21,1,0,1,2,8.0,2.0,6.0,13.0,99.57384615384616,67.57384615384616,67.57384615384616,99.98,99.06,99.98,99.06,32,97.97,97.65,95.86,0.020516484638154697,2.1116826923076926,0,0,2.1116826923076926,0,0,4498.340000000003,0.05638838129967684,0.0,0.0,1.0,0.0
skdclskt,53wkzdsp,bbac1738-2cb5-4b77-92c4-c512548db93b,3e36c9fa-1786-43b0-87ea-f17db8332def,1,0,0,12,5089.0,3800.0,95.0,4.0,5590.830000000001,2.0,,4929.0,0.8333333333333334,8,-0.033333333333333326,3,1,36,0,0,1,2,0.0,9.0,-9.0,13.0,99.57384615384616,67.57384615384616,67.57384615384616,99.98,99.06,99.98,99.06,32,97.97,97.65,95.86,0.020516484638154697,2.1116826923076926,0,0,2.1116826923076926,0,0,5654.830000000001,0.05638838129967684,0.0,0.5,0.5,0.0
skdclskt,2tmxyq59,41800c26-6898-4b86-b356-94ff8bfa3a3a,c34666fc-2042-436c-b5b2-8be4eb77fa45,1,0,0,12,5570.0,2600.0,102.0,4.0,5480.25,0.0,,5480.0,0.5833333333333334,7,0.11666666666666659,1,0,28,0,0,1,2,0.0,0.0,0.0,6.0,102.83333333333333,70.83333333333333,70.83333333333333,104.0,103.0,107.0,100.0,32,105.0,101.0,102.0,-0.00952380952380949,2.2135416666666665,0,0,2.2135416666666665,0,0,5480.25,0.026123711804149224,0.0,0.0,1.0,0.0
skdclskt,klvgct3w,41800c26-6898-4b86-b356-94ff8bfa3a3a,5d8a97d2-0acd-4bec-9355-f1ef8ca0b665,1,0,0,12,5086.0,3800.0,104.0,4.0,4098.01,18.0,,4926.0,0.6666666666666666,7,0.033333333333333326,2,1,19,0,0,0,2,0.0,0.0,0.0,6.0,102.83333333333333,70.83333333333333,70.83333333333333,104.0,103.0,107.0,100.0,32,105.0,101.0,102.0,-0.00952380952380949,2.2135416666666665,0,0,2.2135416666666665,0,0,4674.01,0.026123711804149224,0.0,0.0,0.0,1.0
skdclskt,fa5fpl4w,41800c26-6898-4b86-b356-94ff8bfa3a3a,9ae3a47d-ad9b-4325-b996-258a31aa9b65,1,0,0,12,5251.0,2600.0,107.0,1.0,3792.5,29.0,,5161.0,0.75,0,-0.75,6,1,28,0,0,1,2,3.0,1.0,2.0,6.0,102.83333333333333,70.83333333333333,70.83333333333333,104.0,103.0,107.0,100.0,32,105.0,101.0,102.0,-0.00952380952380949,2.2135416666666665,0,0,2.2135416666666665,0,0,4720.5,0.026123711804149224,1.0,0.0,0.0,0.0
skdclskt,0sa5xwid,41800c26-6898-4b86-b356-94ff8bfa3a3a,3f16f05a-e96e-45ac-9ef0-9c2d6dce3317,1,0,0,12,5140.0,3800.0,95.0,2.0,4665.51,8.0,,5050.0,0.5833333333333334,1,-0.4833333333333334,1,1,18,0,0,1,2,2.0,0.0,2.0,6.0,102.83333333333333,70.83333333333333,70.83333333333333,104.0,103.0,107.0,100.0,32,105.0,101.0,102.0,-0.00952380952380949,2.2135416666666665,0,0,2.2135416666666665,0,0,4921.51,0.026123711804149224,1.0,0.0,0.0,0.0
skdclskt,w5nuyib0,41800c26-6898-4b86-b356-94ff8bfa3a3a,16e26514-b278-4448-959a-f58ad6e11852,1,0,0,12,4813.0,2600.0,4300.0,3.0,4248.73,21.0,,4773.0,0.3333333333333333,3,-0.033333333333333326,1,1,18,0,0,1,2,0.0,2.0,-2.0,6.0,102.83333333333333,70.83333333333333,70.83333333333333,104.0,103.0,107.0,100.0,32,105.0,101.0,102.0,-0.00952380952380949,2.2135416666666665,0,0,2.2135416666666665,0,0,4920.73,0.026123711804149224,0.0,1.0,0.0,0.0
skdclskt,s1twfhpt,41800c26-6898-4b86-b356-94ff8bfa3a3a,0414deaa-50dd-4291-abcb-c312c59361b0,1,0,0,12,4871.0,3800.0,103.0,3.0,4367.0,17.0,,4661.0,0.9166666666666666,6,-0.31666666666666665,1,1,21,1,1,1,2,1.0,3.0,-2.0,6.0,102.83333333333333,70.83333333333333,70.83333333333333,104.0,103.0,107.0,100.0,32,105.0,101.0,102.0,-0.00952380952380949,2.2135416666666665,0,0,2.2135416666666665,0,0,4911.0,0.026123711804149224,0.0,1.0,0.0,0.0
skdclskt,tqeatlds,490e4560-4219-4069-a6b1-c8a826129b68,18595b83-a573-483a-922c-64417e548e97,0,0,0,12,5561.0,2600.0,58.0,3.0,4598.090000000001,15.0,,5351.0,0.75,7,-0.050000000000000044,2,1,19,0,0,1,2,0.0,2.0,-2.0,4.0,58.78,26.78,26.78,58.51,59.0,59.0,58.51,32,59.0,60.5,58.3,-0.008305084745762747,0.836875,0,0,0.836875,0,0,5078.090000000001,0.020359909546838664,0.0,0.0,1.0,0.0
skdclskt,nu7ykbgx,490e4560-4219-4069-a6b1-c8a826129b68,590f10b9-c637-4d22-97d1-7bcc1d1f1e01,0,0,0,12,5985.0,3800.0,58.0,3.0,5057.969999999999,6.0,,5815.0,0.9166666666666666,5,-0.41666666666666663,1,0,28,1,1,1,2,0.0,2.0,-2.0,4.0,58.78,26.78,26.78,58.51,59.0,59.0,58.51,32,59.0,60.5,58.3,-0.008305084745762747,0.836875,0,0,0.836875,0,0,5249.969999999999,0.020359909546838664,0.0,0.0,1.0,0.0
skdclskt,su76nhj9,490e4560-4219-4069-a6b1-c8a826129b68,e420f624-78fe-42c9-aa20-242b54f6c4e8,0,0,0,12,5506.0,2600.0,0.0,0.0,4370.820000000001,21.0,,5386.0,0.6666666666666666,7,0.033333333333333326,4,0,23,1,1,1,2,0.0,0.0,0.0,4.0,58.78,26.78,26.78,58.51,59.0,59.0,58.51,32,59.0,60.5,58.3,-0.008305084745762747,0.836875,0,0,0.836875,0,0,5042.820000000001,0.020359909546838664,0.0,0.0,1.0,0.0
skdclskt,c2m857p1,490e4560-4219-4069-a6b1-c8a826129b68,a7bed23b-2e8e-451f-8b7c-42f684002277,0,0,0,12,5566.0,3800.0,59.0,1.0,4590.42,7.0,,5356.0,0.9166666666666666,5,-0.41666666666666663,1,1,21,1,1,0,2,1.0,0.0,1.0,4.0,58.78,26.78,26.78,58.51,59.0,59.0,58.51,32,59.0,60.5,58.3,-0.008305084745762747,0.836875,0,0,0.836875,0,0,4814.42,0.020359909546838664,1.0,0.0,0.0,0.0
skdclskt,r6xuxcar,490e4560-4219-4069-a6b1-c8a826129b68,10f05dce-1c31-4c65-80e0-0450ca2c00bb,0,0,0,12,4396.0,2600.0,58.0,3.0,3724.809999999999,36.0,,4226.0,0.75,7,-0.050000000000000044,9,1,21,1,1,1,2,2.0,0.0,2.0,4.0,58.78,26.78,26.78,58.51,59.0,59.0,58.51,32,59.0,60.5,58.3,-0.008305084745762747,0.836875,0,0,0.836875,0,0,4876.8099999999995,0.020359909546838664,0.5,0.5,0.0,0.0
skdclskt,2y2lzizt,490e4560-4219-4069-a6b1-c8a826129b68,bdad41ef-e8fb-4016-ab64-9cee4008db0e,0,0,0,12,4734.0,3800.0,59.0,2.0,4457.8899999999985,8.0,,4534.0,0.8333333333333334,2,-0.6333333333333333,3,1,34,1,1,1,2,1.0,0.0,1.0,4.0,58.78,26.78,26.78,58.51,59.0,59.0,58.51,32,59.0,60.5,58.3,-0.008305084745762747,0.836875,0,0,0.836875,0,0,4713.8899999999985,0.020359909546838664,0.0,0.0,0.0,1.0
skdclskt,0qc91a5a,00548e28-65ed-47e8-a667-34639429359c,fef5ca2d-6f21-47c4-90cc-74807444686a,0,0,0,12,6523.0,2600.0,24.0,5.0,5227.72,19.0,,6423.0,0.8333333333333334,7,-0.13333333333333341,1,1,35,1,1,1,2,2.0,0.0,2.0,11.0,23.001818181818184,-8.998181818181818,9.543636363636365,6.11,35.0,35.0,6.11,32,26.0,40.0,11.0,-0.765,0.2982386363636364,0,1,-0.28119318181818176,0,0,5835.72,0.0608411710160286,0.0,0.0,1.0,0.0
skdclskt,2vy9s3px,00548e28-65ed-47e8-a667-34639429359c,2b85f691-c920-4f32-ae54-e21833cf5475,0,0,0,12,5050.0,3800.0,10.0,4.0,4553.169999999999,25.0,,4920.0,0.9166666666666666,8,-0.11666666666666659,2,0,21,0,0,1,2,0.0,7.0,-7.0,11.0,23.001818181818184,-8.998181818181818,9.543636363636365,6.11,35.0,35.0,6.11,32,26.0,40.0,11.0,-0.765,0.2982386363636364,0,1,-0.28119318181818176,0,0,5353.169999999999,0.0608411710160286,0.0,1.0,0.0,0.0
skdclskt,87uw2jck,00548e28-65ed-47e8-a667-34639429359c,c953d4fd-7bea-449b-9aa0-5e400d9cb204,0,0,0,12,5633.0,2600.0,0.0,0.0,3606.25,11.0,,5523.0,0.9166666666666666,6,-0.31666666666666665,2,0,22,1,1,1,2,0.0,0.0,0.0,11.0,23.001818181818184,-8.998181818181818,9.543636363636365,6.11,35.0,35.0,6.11,32,26.0,40.0,11.0,-0.765,0.2982386363636364,0,1,-0.28119318181818176,0,0,3958.25,0.0608411710160286,0.0,0.5,0.5,0.0
skdclskt,3ftocepp,00548e28-65ed-47e8-a667-34639429359c,53915058-5167-43d2-afa0-8f6290f2017f,0,0,0,12,5815.0,3800.0,4500.0,4.0,4450.0,19.0,,5725.0,0.75,6,-0.15000000000000002,3,1,19,0,1,1,2,3.0,1.0,2.0,11.0,23.001818181818184,-8.998181818181818,9.543636363636365,6.11,35.0,35.0,6.11,32,26.0,40.0,11.0,-0.765,0.2982386363636364,0,1,-0.28119318181818176,0,0,5058.0,0.0608411710160286,0.5,0.0,0.5,0.0
skdclskt,xz3dh0k4,00548e28-65ed-47e8-a667-34639429359c,a2e9d95e-90cb-4b2f-b5ca-2486e9ab692d,0,0,0,12,5047.0,2600.0,25.0,3.0,4391.1900000000005,14.0,,4927.0,0.6666666666666666,4,-0.2666666666666666,2,1,22,1,0,1,2,4.0,3.0,1.0,11.0,23.001818181818184,-8.998181818181818,9.543636363636365,6.11,35.0,35.0,6.11,32,26.0,40.0,11.0,-0.765,0.2982386363636364,0,1,-0.28119318181818176,0,0,4839.1900000000005,0.0608411710160286,0.0,0.5,0.5,0.0
skdclskt,x7l4wbwx,00548e28-65ed-47e8-a667-34639429359c,89df792d-8b1a-4545-be89-9e94133865f7,0,0,0,12,5091.0,3800.0,10.0,3.0,4671.67,15.0,,4961.0,0.75,4,-0.35,3,0,20,1,1,0,2,2.0,0.0,2.0,11.0,23.001818181818184,-8.998181818181818,9.543636363636365,6.11,35.0,35.0,6.11,32,26.0,40.0,11.0,-0.765,0.2982386363636364,0,1,-0.28119318181818176,0,0,5151.67,0.0608411710160286,0.0,0.0,1.0,0.0
skdclskt,9bv3gi2y,bbac1738-2cb5-4b77-92c4-c512548db93b,2622e9f6-8f19-49dd-b301-25fc2a630f03,1,0,0,13,6097.0,2600.0,,,5333.45,10.0,,5887.0,0.9166666666666666,1,-0.8166666666666667,45,0,29,0,0,1,2,1.0,2.0,-1.0,27.0,95.73666666666666,71.73666666666666,71.73666666666666,95.86,99.53,99.53,94.0,24,99.98,97.97,90.0,-0.0412082416483297,2.989027777777778,0,0,2.989027777777778,0,0,5573.45,0.05899463828767818,0.0,0.0,1.0,0.0
skdclskt,1tnknpce,bbac1738-2cb5-4b77-92c4-c512548db93b,24e830e8-905d-4e22-ab61-b990c984ff16,1,0,0,13,4685.0,3800.0,,,3821.77,47.0,,4575.0,0.75,7,-0.050000000000000044,3,0,18,0,1,1,2,0.0,19.0,-19.0,27.0,95.73666666666666,71.73666666666666,71.73666666666666,95.86,99.53,99.53,94.0,24,99.98,97.97,90.0,-0.0412082416483297,2.989027777777778,0,0,2.989027777777778,0,0,4949.77,0.05899463828767818,0.0,1.0,0.0,0.0
skdclskt,zkl94ida,bbac1738-2cb5-4b77-92c4-c512548db93b,6820cd25-c18c-49e6-84f5-25aa69820367,1,0,0,13,7353.0,2600.0,,,4981.949999999998,2.0,,7163.0,0.9166666666666666,5,-0.41666666666666663,1,0,18,0,0,0,2,2.0,0.0,2.0,27.0,95.73666666666666,71.73666666666666,71.73666666666666,95.86,99.53,99.53,94.0,24,99.98,97.97,90.0,-0.0412082416483297,2.989027777777778,0,0,2.989027777777778,0,0,5029.949999999998,0.05899463828767818,0.0,0.0,1.0,0.0
skdclskt,h7nk13vs,bbac1738-2cb5-4b77-92c4-c512548db93b,ae2e944d-6861-4940-b26c-a08caaca1a16,1,0,0,13,5148.0,3800.0,,,4503.2699999999995,6.0,,5028.0,0.6666666666666666,4,-0.2666666666666666,4,1,19,1,0,0,2,4.0,3.0,1.0,27.0,95.73666666666666,71.73666666666666,71.73666666666666,95.86,99.53,99.53,94.0,24,99.98,97.97,90.0,-0.0412082416483297,2.989027777777778,0,0,2.989027777777778,0,0,4647.2699999999995,0.05899463828767818,1.0,0.0,0.0,0.0
skdclskt,8rrxo8mh,bbac1738-2cb5-4b77-92c4-c512548db93b,a1542dc5-078d-4b85-8ee8-6acdc2839880,1,0,0,13,5698.0,2600.0,,,3347.4100000000026,19.0,,5528.0,0.75,7,-0.050000000000000044,2,1,21,1,0,1,2,10.0,1.0,9.0,27.0,95.73666666666666,71.73666666666666,71.73666666666666,95.86,99.53,99.53,94.0,24,99.98,97.97,90.0,-0.0412082416483297,2.989027777777778,0,0,2.989027777777778,0,0,3803.4100000000026,0.05899463828767818,0.0,0.0,1.0,0.0
skdclskt,53wkzdsp,bbac1738-2cb5-4b77-92c4-c512548db93b,3e36c9fa-1786-43b0-87ea-f17db8332def,1,0,0,13,5089.0,3800.0,,,4841.009999999999,11.0,,4929.0,0.8333333333333334,8,-0.033333333333333326,3,1,36,0,0,1,2,10.0,2.0,8.0,27.0,95.73666666666666,71.73666666666666,71.73666666666666,95.86,99.53,99.53,94.0,24,99.98,97.97,90.0,-0.0412082416483297,2.989027777777778,0,0,2.989027777777778,0,0,5105.009999999999,0.05899463828767818,0.0,0.5,0.5,0.0
skdclskt,2tmxyq59,41800c26-6898-4b86-b356-94ff8bfa3a3a,c34666fc-2042-436c-b5b2-8be4eb77fa45,1,0,0,13,5570.0,2600.0,,,5480.25,0.0,,5480.0,0.5833333333333334,7,0.11666666666666659,1,0,28,0,0,1,2,0.0,0.0,0.0,5.0,101.398,77.398,77.398,102.0,104.99,104.99,100.0,24,104.0,105.0,103.99,-0.019230769230769273,3.2249166666666667,0,0,3.2249166666666667,0,0,5480.25,0.03618116243584407,0.0,0.0,1.0,0.0
skdclskt,klvgct3w,41800c26-6898-4b86-b356-94ff8bfa3a3a,5d8a97d2-0acd-4bec-9355-f1ef8ca0b665,1,0,0,13,5086.0,3800.0,,,3998.01,19.0,,4926.0,0.6666666666666666,7,0.033333333333333326,2,1,19,0,0,0,2,1.0,0.0,1.0,5.0,101.398,77.398,77.398,102.0,104.99,104.99,100.0,24,104.0,105.0,103.99,-0.019230769230769273,3.2249166666666667,0,0,3.2249166666666667,0,0,4454.01,0.03618116243584407,0.0,0.0,0.0,1.0
skdclskt,fa5fpl4w,41800c26-6898-4b86-b356-94ff8bfa3a3a,9ae3a47d-ad9b-4325-b996-258a31aa9b65,1,0,0,13,5251.0,2600.0,,,3994.5,26.0,,5161.0,0.75,0,-0.75,6,1,28,0,0,1,2,0.0,2.0,-2.0,5.0,101.398,77.398,77.398,102.0,104.99,104.99,100.0,24,104.0,105.0,103.99,-0.019230769230769273,3.2249166666666667,0,0,3.2249166666666667,0,0,4618.5,0.03618116243584407,1.0,0.0,0.0,0.0
skdclskt,0sa5xwid,41800c26-6898-4b86-b356-94ff8bfa3a3a,3f16f05a-e96e-45ac-9ef0-9c2d6dce3317,1,0,0,13,5140.0,3800.0,,,4870.5,5.0,,5050.0,0.5833333333333334,1,-0.4833333333333334,1,1,18,0,0,1,2,0.0,2.0,-2.0,5.0,101.398,77.398,77.398,102.0,104.99,104.99,100.0,24,104.0,105.0,103.99,-0.019230769230769273,3.2249166666666667,0,0,3.2249166666666667,0,0,4990.5,0.03618116243584407,1.0,0.0,0.0,0.0
skdclskt,w5nuyib0,41800c26-6898-4b86-b356-94ff8bfa3a3a,16e26514-b278-4448-959a-f58ad6e11852,1,0,0,13,4813.0,2600.0,,,4148.73,21.0,,4773.0,0.3333333333333333,3,-0.033333333333333326,1,1,18,0,0,1,2,1.0,0.0,1.0,5.0,101.398,77.398,77.398,102.0,104.99,104.99,100.0,24,104.0,105.0,103.99,-0.019230769230769273,3.2249166666666667,0,0,3.2249166666666667,0,0,4652.73,0.03618116243584407,0.0,1.0,0.0,0.0
skdclskt,s1twfhpt,41800c26-6898-4b86-b356-94ff8bfa3a3a,0414deaa-50dd-4291-abcb-c312c59361b0,1,0,0,13,4871.0,3800.0,,,4160.01,20.0,,4661.0,0.9166666666666666,6,-0.31666666666666665,1,1,21,1,1,1,2,3.0,1.0,2.0,5.0,101.398,77.398,77.398,102.0,104.99,104.99,100.0,24,104.0,105.0,103.99,-0.019230769230769273,3.2249166666666667,0,0,3.2249166666666667,0,0,4640.01,0.03618116243584407,0.0,1.0,0.0,0.0
skdclskt,tqeatlds,490e4560-4219-4069-a6b1-c8a826129b68,18595b83-a573-483a-922c-64417e548e97,0,0,0,13,5561.0,2600.0,,,4539.490000000001,16.0,,5351.0,0.75,7,-0.050000000000000044,2,1,19,0,0,1,2,2.0,1.0,1.0,5.0,57.839999999999996,33.839999999999996,33.839999999999996,58.3,58.0,58.3,57.4,24,58.51,59.0,58.5,-0.0035891300632370227,1.41,0,0,1.41,0,0,4923.490000000001,0.024941636912936056,0.0,0.0,1.0,0.0
skdclskt,nu7ykbgx,490e4560-4219-4069-a6b1-c8a826129b68,590f10b9-c637-4d22-97d1-7bcc1d1f1e01,0,0,0,13,5985.0,3800.0,,,5174.2699999999995,5.0,,5815.0,0.9166666666666666,5,-0.41666666666666663,1,0,28,1,1,1,2,0.0,2.0,-2.0,5.0,57.839999999999996,33.839999999999996,33.839999999999996,58.3,58.0,58.3,57.4,24,58.51,59.0,58.5,-0.0035891300632370227,1.41,0,0,1.41,0,0,5294.2699999999995,0.024941636912936056,0.0,0.0,1.0,0.0
skdclskt,su76nhj9,490e4560-4219-4069-a6b1-c8a826129b68,e420f624-78fe-42c9-aa20-242b54f6c4e8,0,0,0,13,5506.0,2600.0,,,4313.420000000001,24.0,,5386.0,0.6666666666666666,7,0.033333333333333326,4,0,23,1,1,1,2,1.0,0.0,1.0,5.0,57.839999999999996,33.839999999999996,33.839999999999996,58.3,58.0,58.3,57.4,24,58.51,59.0,58.5,-0.0035891300632370227,1.41,0,0,1.41,0,0,4889.420000000001,0.024941636912936056,0.0,0.0,1.0,0.0
skdclskt,c2m857p1,490e4560-4219-4069-a6b1-c8a826129b68,a7bed23b-2e8e-451f-8b7c-42f684002277,0,0,0,13,5566.0,3800.0,,,4590.42,7.0,,5356.0,0.9166666666666666,5,-0.41666666666666663,1,1,21,1,1,0,2,0.0,0.0,0.0,5.0,57.839999999999996,33.839999999999996,33.839999999999996,58.3,58.0,58.3,57.4,24,58.51,59.0,58.5,-0.0035891300632370227,1.41,0,0,1.41,0,0,4758.42,0.024941636912936056,1.0,0.0,0.0,0.0
skdclskt,r6xuxcar,490e4560-4219-4069-a6b1-c8a826129b68,10f05dce-1c31-4c65-80e0-0450ca2c00bb,0,0,0,13,4396.0,2600.0,,,3725.309999999999,37.0,,4226.0,0.75,7,-0.050000000000000044,9,1,21,1,1,1,2,1.0,1.0,0.0,5.0,57.839999999999996,33.839999999999996,33.839999999999996,58.3,58.0,58.3,57.4,24,58.51,59.0,58.5,-0.0035891300632370227,1.41,0,0,1.41,0,0,4613.3099999999995,0.024941636912936056,0.5,0.5,0.0,0.0
skdclskt,2y2lzizt,490e4560-4219-4069-a6b1-c8a826129b68,bdad41ef-e8fb-4016-ab64-9cee4008db0e,0,0,0,13,4734.0,3800.0,,,4457.089999999998,8.0,,4534.0,0.8333333333333334,2,-0.6333333333333333,3,1,34,1,1,1,2,1.0,1.0,0.0,5.0,57.839999999999996,33.839999999999996,33.839999999999996,58.3,58.0,58.3,57.4,24,58.51,59.0,58.5,-0.0035891300632370227,1.41,0,0,1.41,0,0,4649.089999999998,0.024941636912936056,0.0,0.0,0.0,1.0
skdclskt,0qc91a5a,00548e28-65ed-47e8-a667-34639429359c,fef5ca2d-6f21-47c4-90cc-74807444686a,0,0,0,13,6523.0,2600.0,,,5175.049999999999,19.0,,6423.0,0.8333333333333334,7,-0.13333333333333341,1,1,35,1,1,1,2,5.0,0.0,5.0,23.0,10.691739130434783,-13.308260869565217,13.308260869565217,11.0,10.54,11.57,10.0,24,6.11,26.0,6.38,0.8003273322422257,0.5545108695652173,1,0,-0.5545108695652173,0,0,5631.049999999999,0.05160656448154731,0.0,0.0,1.0,0.0
skdclskt,2vy9s3px,00548e28-65ed-47e8-a667-34639429359c,2b85f691-c920-4f32-ae54-e21833cf5475,0,0,0,13,5050.0,3800.0,,,4703.07,6.0,,4920.0,0.9166666666666666,8,-0.11666666666666659,2,0,21,0,0,1,2,0.0,14.0,-14.0,23.0,10.691739130434783,-13.308260869565217,13.308260869565217,11.0,10.54,11.57,10.0,24,6.11,26.0,6.38,0.8003273322422257,0.5545108695652173,1,0,-0.5545108695652173,0,0,4847.07,0.05160656448154731,0.0,1.0,0.0,0.0
skdclskt,87uw2jck,00548e28-65ed-47e8-a667-34639429359c,c953d4fd-7bea-449b-9aa0-5e400d9cb204,0,0,0,13,5633.0,2600.0,,,3444.51,26.0,,5523.0,0.9166666666666666,6,-0.31666666666666665,2,0,22,1,1,1,2,15.0,0.0,15.0,23.0,10.691739130434783,-13.308260869565217,13.308260869565217,11.0,10.54,11.57,10.0,24,6.11,26.0,6.38,0.8003273322422257,0.5545108695652173,1,0,-0.5545108695652173,0,0,4068.51,0.05160656448154731,0.0,0.5,0.5,0.0
skdclskt,3ftocepp,00548e28-65ed-47e8-a667-34639429359c,53915058-5167-43d2-afa0-8f6290f2017f,0,0,0,13,5815.0,3800.0,,,4503.6900000000005,17.0,,5725.0,0.75,6,-0.15000000000000002,3,1,19,0,1,1,2,0.0,5.0,-5.0,23.0,10.691739130434783,-13.308260869565217,13.308260869565217,11.0,10.54,11.57,10.0,24,6.11,26.0,6.38,0.8003273322422257,0.5545108695652173,1,0,-0.5545108695652173,0,0,4911.6900000000005,0.05160656448154731,0.5,0.0,0.5,0.0
skdclskt,xz3dh0k4,00548e28-65ed-47e8-a667-34639429359c,a2e9d95e-90cb-4b2f-b5ca-2486e9ab692d,0,0,0,13,5047.0,2600.0,,,4401.370000000002,12.0,,4927.0,0.6666666666666666,4,-0.2666666666666666,2,1,22,1,0,1,2,2.0,3.0,-1.0,23.0,10.691739130434783,-13.308260869565217,13.308260869565217,11.0,10.54,11.57,10.0,24,6.11,26.0,6.38,0.8003273322422257,0.5545108695652173,1,0,-0.5545108695652173,0,0,4689.370000000002,0.05160656448154731,0.0,0.5,0.5,0.0
skdclskt,x7l4wbwx,00548e28-65ed-47e8-a667-34639429359c,89df792d-8b1a-4545-be89-9e94133865f7,0,0,0,13,5091.0,3800.0,,,4672.31,17.0,,4961.0,0.75,4,-0.35,3,0,20,1,1,0,2,1.0,1.0,0.0,23.0,10.691739130434783,-13.308260869565217,13.308260869565217,11.0,10.54,11.57,10.0,24,6.11,26.0,6.38,0.8003273322422257,0.5545108695652173,1,0,-0.5545108695652173,0,0,5080.31,0.05160656448154731,0.0,0.0,1.0,0.0
skdclskt,9bv3gi2y,bbac1738-2cb5-4b77-92c4-c512548db93b,2622e9f6-8f19-49dd-b301-25fc2a630f03,1,0,0,14,6097.0,2600.0,,,5257.45,9.0,,5887.0,0.9166666666666666,1,-0.8166666666666667,45,0,29,0,0,1,2,3.0,1.0,2.0,17.0,82.84235294117647,66.84235294117647,66.84235294117647,90.0,93.0,93.0,50.0,16,95.86,99.98,70.0,-0.06113081577300228,4.1776470588235295,0,0,4.1776470588235295,0,0,5401.45,0.06124618644174541,0.0,0.0,1.0,0.0
skdclskt,1tnknpce,bbac1738-2cb5-4b77-92c4-c512548db93b,24e830e8-905d-4e22-ab61-b990c984ff16,1,0,0,14,4685.0,3800.0,,,4749.900000000001,41.0,,4575.0,0.75,7,-0.050000000000000044,3,0,18,0,1,1,2,1.0,7.0,-6.0,17.0,82.84235294117647,66.84235294117647,66.84235294117647,90.0,93.0,93.0,50.0,16,95.86,99.98,70.0,-0.06113081577300228,4.1776470588235295,0,0,4.1776470588235295,0,0,5405.900000000001,0.06124618644174541,0.0,1.0,0.0,0.0
skdclskt,zkl94ida,bbac1738-2cb5-4b77-92c4-c512548db93b,6820cd25-c18c-49e6-84f5-25aa69820367,1,0,0,14,7353.0,2600.0,,,5182.949999999998,0.0,,7163.0,0.9166666666666666,5,-0.41666666666666663,1,0,18,0,0,0,2,0.0,2.0,-2.0,17.0,82.84235294117647,66.84235294117647,66.84235294117647,90.0,93.0,93.0,50.0,16,95.86,99.98,70.0,-0.06113081577300228,4.1776470588235295,0,0,4.1776470588235295,0,0,5182.949999999998,0.06124618644174541,0.0,0.0,1.0,0.0
skdclskt,h7nk13vs,bbac1738-2cb5-4b77-92c4-c512548db93b,ae2e944d-6861-4940-b26c-a08caaca1a16,1,0,0,14,5148.0,3800.0,,,4554.2699999999995,6.0,,5028.0,0.6666666666666666,4,-0.2666666666666666,4,1,19,1,0,0,2,1.0,1.0,0.0,17.0,82.84235294117647,66.84235294117647,66.84235294117647,90.0,93.0,93.0,50.0,16,95.86,99.98,70.0,-0.06113081577300228,4.1776470588235295,0,0,4.1776470588235295,0,0,4650.2699999999995,0.06124618644174541,1.0,0.0,0.0,0.0
skdclskt,8rrxo8mh,bbac1738-2cb5-4b77-92c4-c512548db93b,a1542dc5-078d-4b85-8ee8-6acdc2839880,1,0,0,14,5698.0,2600.0,,,3480.4100000000026,22.0,,5528.0,0.75,7,-0.050000000000000044,2,1,21,1,0,1,2,5.0,6.0,-1.0,17.0,82.84235294117647,66.84235294117647,66.84235294117647,90.0,93.0,93.0,50.0,16,95.86,99.98,70.0,-0.06113081577300228,4.1776470588235295,0,0,4.1776470588235295,0,0,3832.4100000000026,0.06124618644174541,0.0,0.0,1.0,0.0
skdclskt,53wkzdsp,bbac1738-2cb5-4b77-92c4-c512548db93b,3e36c9fa-1786-43b0-87ea-f17db8332def,1,0,0,14,5089.0,3800.0,,,4363.879999999998,17.0,,4929.0,0.8333333333333334,8,-0.033333333333333326,3,1,36,0,0,1,2,7.0,0.0,7.0,17.0,82.84235294117647,66.84235294117647,66.84235294117647,90.0,93.0,93.0,50.0,16,95.86,99.98,70.0,-0.06113081577300228,4.1776470588235295,0,0,4.1776470588235295,0,0,4635.879999999998,0.06124618644174541,0.0,0.5,0.5,0.0
skdclskt,2tmxyq59,41800c26-6898-4b86-b356-94ff8bfa3a3a,c34666fc-2042-436c-b5b2-8be4eb77fa45,1,0,0,14,5570.0,2600.0,,,5480.25,0.0,,5480.0,0.5833333333333334,7,0.11666666666666659,1,0,28,0,0,1,2,0.0,0.0,0.0,4.0,102.6225,86.6225,86.6225,103.99,103.0,103.99,101.5,16,102.0,104.0,98.0,0.019509803921568647,5.41390625,0,0,5.41390625,1,1,5480.25,0.037564777608424554,0.0,0.0,1.0,0.0
skdclskt,klvgct3w,41800c26-6898-4b86-b356-94ff8bfa3a3a,5d8a97d2-0acd-4bec-9355-f1ef8ca0b665,1,0,0,14,5086.0,3800.0,,,4150.01,19.0,,4926.0,0.6666666666666666,7,0.033333333333333326,2,1,19,0,0,0,2,0.0,0.0,0.0,4.0,102.6225,86.6225,86.6225,103.99,103.0,103.99,101.5,16,102.0,104.0,98.0,0.019509803921568647,5.41390625,0,0,5.41390625,1,1,4454.01,0.037564777608424554,0.0,0.0,0.0,1.0
skdclskt,fa5fpl4w,41800c26-6898-4b86-b356-94ff8bfa3a3a,9ae3a47d-ad9b-4325-b996-258a31aa9b65,1,0,0,14,5251.0,2600.0,,,4101.0,29.0,,5161.0,0.75,0,-0.75,6,1,28,0,0,1,2,1.0,0.0,1.0,4.0,102.6225,86.6225,86.6225,103.99,103.0,103.99,101.5,16,102.0,104.0,98.0,0.019509803921568647,5.41390625,0,0,5.41390625,1,1,4565.0,0.037564777608424554,1.0,0.0,0.0,0.0
skdclskt,0sa5xwid,41800c26-6898-4b86-b356-94ff8bfa3a3a,3f16f05a-e96e-45ac-9ef0-9c2d6dce3317,1,0,0,14,5140.0,3800.0,,,4908.51,6.0,,5050.0,0.5833333333333334,1,-0.4833333333333334,1,1,18,0,0,1,2,1.0,1.0,0.0,4.0,102.6225,86.6225,86.6225,103.99,103.0,103.99,101.5,16,102.0,104.0,98.0,0.019509803921568647,5.41390625,0,0,5.41390625,1,1,5004.51,0.037564777608424554,1.0,0.0,0.0,0.0
skdclskt,w5nuyib0,41800c26-6898-4b86-b356-94ff8bfa3a3a,16e26514-b278-4448-959a-f58ad6e11852,1,0,0,14,4813.0,2600.0,,,4317.719999999999,21.0,,4773.0,0.3333333333333333,3,-0.033333333333333326,1,1,18,0,0,1,2,1.0,1.0,0.0,4.0,102.6225,86.6225,86.6225,103.99,103.0,103.99,101.5,16,102.0,104.0,98.0,0.019509803921568647,5.41390625,0,0,5.41390625,1,1,4653.719999999999,0.037564777608424554,0.0,1.0,0.0,0.0
skdclskt,s1twfhpt,41800c26-6898-4b86-b356-94ff8bfa3a3a,0414deaa-50dd-4291-abcb-c312c59361b0,1,0,0,14,4871.0,3800.0,,,4422.51,18.0,,4661.0,0.9166666666666666,6,-0.31666666666666665,1,1,21,1,1,1,2,1.0,2.0,-1.0,4.0,102.6225,86.6225,86.6225,103.99,103.0,103.99,101.5,16,102.0,104.0,98.0,0.019509803921568647,5.41390625,0,0,5.41390625,1,1,4710.51,0.037564777608424554,0.0,1.0,0.0,0.0
skdclskt,tqeatlds,490e4560-4219-4069-a6b1-c8a826129b68,18595b83-a573-483a-922c-64417e548e97,0,0,0,14,5561.0,2600.0,,,4782.39,14.0,,5351.0,0.75,7,-0.050000000000000044,2,1,19,0,0,1,2,1.0,3.0,-2.0,9.0,58.11222222222222,42.11222222222222,42.11222222222222,58.5,58.45,58.5,57.0,16,58.3,58.51,54.0,0.0034305317324185847,2.632013888888889,0,0,2.632013888888889,0,0,5006.39,0.02986696027158452,0.0,0.0,1.0,0.0
skdclskt,nu7ykbgx,490e4560-4219-4069-a6b1-c8a826129b68,590f10b9-c637-4d22-97d1-7bcc1d1f1e01,0,0,0,14,5985.0,3800.0,,,5389.569999999999,0.0,,5815.0,0.9166666666666666,5,-0.41666666666666663,1,0,28,1,1,1,2,0.0,3.0,-3.0,9.0,58.11222222222222,42.11222222222222,42.11222222222222,58.5,58.45,58.5,57.0,16,58.3,58.51,54.0,0.0034305317324185847,2.632013888888889,0,0,2.632013888888889,0,0,5389.569999999999,0.02986696027158452,0.0,0.0,1.0,0.0
skdclskt,su76nhj9,490e4560-4219-4069-a6b1-c8a826129b68,e420f624-78fe-42c9-aa20-242b54f6c4e8,0,0,0,14,5506.0,2600.0,,,4273.210000000002,26.0,,5386.0,0.6666666666666666,7,0.033333333333333326,4,0,23,1,1,1,2,4.0,0.0,4.0,9.0,58.11222222222222,42.11222222222222,42.11222222222222,58.5,58.45,58.5,57.0,16,58.3,58.51,54.0,0.0034305317324185847,2.632013888888889,0,0,2.632013888888889,0,0,4689.210000000002,0.02986696027158452,0.0,0.0,1.0,0.0
skdclskt,c2m857p1,490e4560-4219-4069-a6b1-c8a826129b68,a7bed23b-2e8e-451f-8b7c-42f684002277,0,0,0,14,5566.0,3800.0,,,4704.92,4.0,,5356.0,0.9166666666666666,5,-0.41666666666666663,1,1,21,1,1,0,2,0.0,1.0,-1.0,9.0,58.11222222222222,42.11222222222222,42.11222222222222,58.5,58.45,58.5,57.0,16,58.3,58.51,54.0,0.0034305317324185847,2.632013888888889,0,0,2.632013888888889,0,0,4768.92,0.02986696027158452,1.0,0.0,0.0,0.0
skdclskt,r6xuxcar,490e4560-4219-4069-a6b1-c8a826129b68,10f05dce-1c31-4c65-80e0-0450ca2c00bb,0,0,0,14,4396.0,2600.0,,,3964.34,40.0,,4226.0,0.75,7,-0.050000000000000044,9,1,21,1,1,1,2,2.0,1.0,1.0,9.0,58.11222222222222,42.11222222222222,42.11222222222222,58.5,58.45,58.5,57.0,16,58.3,58.51,54.0,0.0034305317324185847,2.632013888888889,0,0,2.632013888888889,0,0,4604.34,0.02986696027158452,0.5,0.5,0.0,0.0
skdclskt,2y2lzizt,490e4560-4219-4069-a6b1-c8a826129b68,bdad41ef-e8fb-4016-ab64-9cee4008db0e,0,0,0,14,4734.0,3800.0,,,4461.569999999999,9.0,,4534.0,0.8333333333333334,2,-0.6333333333333333,3,1,34,1,1,1,2,2.0,1.0,1.0,9.0,58.11222222222222,42.11222222222222,42.11222222222222,58.5,58.45,58.5,57.0,16,58.3,58.51,54.0,0.0034305317324185847,2.632013888888889,0,0,2.632013888888889,0,0,4605.569999999999,0.02986696027158452,0.0,0.0,0.0,1.0
skdclskt,0qc91a5a,00548e28-65ed-47e8-a667-34639429359c,fef5ca2d-6f21-47c4-90cc-74807444686a,0,0,0,14,6523.0,2600.0,,,5406.579999999999,8.0,,6423.0,0.8333333333333334,7,-0.13333333333333341,1,1,35,1,1,1,2,3.0,14.0,-11.0,24.0,7.129166666666666,-8.870833333333334,8.870833333333334,6.38,10.85,10.85,4.0,16,11.0,6.11,7.9,-0.42000000000000004,0.5544270833333333,0,0,-0.5544270833333333,0,0,5534.579999999999,0.04569757899056214,0.0,0.0,1.0,0.0
skdclskt,2vy9s3px,00548e28-65ed-47e8-a667-34639429359c,2b85f691-c920-4f32-ae54-e21833cf5475,0,0,0,14,5050.0,3800.0,,,4744.67,7.0,,4920.0,0.9166666666666666,8,-0.11666666666666659,2,0,21,0,0,1,2,3.0,2.0,1.0,24.0,7.129166666666666,-8.870833333333334,8.870833333333334,6.38,10.85,10.85,4.0,16,11.0,6.11,7.9,-0.42000000000000004,0.5544270833333333,0,0,-0.5544270833333333,0,0,4856.67,0.04569757899056214,0.0,1.0,0.0,0.0
skdclskt,87uw2jck,00548e28-65ed-47e8-a667-34639429359c,c953d4fd-7bea-449b-9aa0-5e400d9cb204,0,0,0,14,5633.0,2600.0,,,3565.1699999999996,39.0,,5523.0,0.9166666666666666,6,-0.31666666666666665,2,0,22,1,1,1,2,13.0,0.0,13.0,24.0,7.129166666666666,-8.870833333333334,8.870833333333334,6.38,10.85,10.85,4.0,16,11.0,6.11,7.9,-0.42000000000000004,0.5544270833333333,0,0,-0.5544270833333333,0,0,4189.17,0.04569757899056214,0.0,0.5,0.5,0.0
skdclskt,3ftocepp,00548e28-65ed-47e8-a667-34639429359c,53915058-5167-43d2-afa0-8f6290f2017f,0,0,0,14,5815.0,3800.0,,,4658.92,17.0,,5725.0,0.75,6,-0.15000000000000002,3,1,19,0,1,1,2,0.0,2.0,-2.0,24.0,7.129166666666666,-8.870833333333334,8.870833333333334,6.38,10.85,10.85,4.0,16,11.0,6.11,7.9,-0.42000000000000004,0.5544270833333333,0,0,-0.5544270833333333,0,0,4930.92,0.04569757899056214,0.5,0.0,0.5,0.0
skdclskt,xz3dh0k4,00548e28-65ed-47e8-a667-34639429359c,a2e9d95e-90cb-4b2f-b5ca-2486e9ab692d,0,0,0,14,5047.0,2600.0,,,4487.500000000001,11.0,,4927.0,0.6666666666666666,4,-0.2666666666666666,2,1,22,1,0,1,2,4.0,5.0,-1.0,24.0,7.129166666666666,-8.870833333333334,8.870833333333334,6.38,10.85,10.85,4.0,16,11.0,6.11,7.9,-0.42000000000000004,0.5544270833333333,0,0,-0.5544270833333333,0,0,4663.500000000001,0.04569757899056214,0.0,0.5,0.5,0.0
skdclskt,x7l4wbwx,00548e28-65ed-47e8-a667-34639429359c,89df792d-8b1a-4545-be89-9e94133865f7,0,0,0,14,5091.0,3800.0,,,4813.160000000001,16.0,,4961.0,0.75,4,-0.35,3,0,20,1,1,0,2,1.0,1.0,0.0,24.0,7.129166666666666,-8.870833333333334,8.870833333333334,6.38,10.85,10.85,4.0,16,11.0,6.11,7.9,-0.42000000000000004,0.5544270833333333,0,0,-0.5544270833333333,0,0,5069.160000000001,0.04569757899056214,0.0,0.0,1.0,0.0
skdclskt,9bv3gi2y,bbac1738-2cb5-4b77-92c4-c512548db93b,2622e9f6-8f19-49dd-b301-25fc2a630f03,1,0,0,15,6097.0,2600.0,,,5887.18,0.0,,5887.0,0.9166666666666666,1,-0.8166666666666667,45,0,29,0,0,1,2,0.0,9.0,-9.0,23.0,67.55217391304348,59.55217391304348,59.55217391304348,70.0,40.0,86.98,40.0,8,90.0,95.86,,-0.2222222222222222,7.444021739130435,0,0,7.444021739130434,1,1,5887.18,0.08779515520223337,0.0,0.0,1.0,0.0
skdclskt,1tnknpce,bbac1738-2cb5-4b77-92c4-c512548db93b,24e830e8-905d-4e22-ab61-b990c984ff16,1,0,0,15,4685.0,3800.0,,,5180.140000000001,38.0,,4575.0,0.75,7,-0.050000000000000044,3,0,18,0,1,1,2,2.0,6.0,-4.0,23.0,67.55217391304348,59.55217391304348,59.55217391304348,70.0,40.0,86.98,40.0,8,90.0,95.86,,-0.2222222222222222,7.444021739130435,0,0,7.444021739130434,1,1,5484.140000000001,0.08779515520223337,0.0,1.0,0.0,0.0
skdclskt,zkl94ida,bbac1738-2cb5-4b77-92c4-c512548db93b,6820cd25-c18c-49e6-84f5-25aa69820367,1,0,0,15,7353.0,2600.0,,,5182.949999999998,0.0,,7163.0,0.9166666666666666,5,-0.41666666666666663,1,0,18,0,0,0,2,0.0,0.0,0.0,23.0,67.55217391304348,59.55217391304348,59.55217391304348,70.0,40.0,86.98,40.0,8,90.0,95.86,,-0.2222222222222222,7.444021739130435,0,0,7.444021739130434,1,1,5182.949999999998,0.08779515520223337,0.0,0.0,1.0,0.0
skdclskt,h7nk13vs,bbac1738-2cb5-4b77-92c4-c512548db93b,ae2e944d-6861-4940-b26c-a08caaca1a16,1,0,0,15,5148.0,3800.0,,,4116.699999999999,12.0,,5028.0,0.6666666666666666,4,-0.2666666666666666,4,1,19,1,0,0,2,7.0,0.0,7.0,23.0,67.55217391304348,59.55217391304348,59.55217391304348,70.0,40.0,86.98,40.0,8,90.0,95.86,,-0.2222222222222222,7.444021739130435,0,0,7.444021739130434,1,1,4212.699999999999,0.08779515520223337,1.0,0.0,0.0,0.0
skdclskt,8rrxo8mh,bbac1738-2cb5-4b77-92c4-c512548db93b,a1542dc5-078d-4b85-8ee8-6acdc2839880,1,0,0,15,5698.0,2600.0,,,3795.900000000003,19.0,,5528.0,0.75,7,-0.050000000000000044,2,1,21,1,0,1,2,4.0,6.0,-2.0,23.0,67.55217391304348,59.55217391304348,59.55217391304348,70.0,40.0,86.98,40.0,8,90.0,95.86,,-0.2222222222222222,7.444021739130435,0,0,7.444021739130434,1,1,3947.900000000003,0.08779515520223337,0.0,0.0,1.0,0.0
skdclskt,53wkzdsp,bbac1738-2cb5-4b77-92c4-c512548db93b,3e36c9fa-1786-43b0-87ea-f17db8332def,1,0,0,15,5089.0,3800.0,,,3805.989999999999,24.0,,4929.0,0.8333333333333334,8,-0.033333333333333326,3,1,36,0,0,1,2,10.0,2.0,8.0,23.0,67.55217391304348,59.55217391304348,59.55217391304348,70.0,40.0,86.98,40.0,8,90.0,95.86,,-0.2222222222222222,7.444021739130435,0,0,7.444021739130434,1,1,3997.989999999999,0.08779515520223337,0.0,0.5,0.5,0.0
skdclskt,2tmxyq59,41800c26-6898-4b86-b356-94ff8bfa3a3a,c34666fc-2042-436c-b5b2-8be4eb77fa45,1,0,0,15,5570.0,2600.0,,,5480.25,0.0,,5480.0,0.5833333333333334,7,0.11666666666666659,1,0,28,0,0,1,2,0.0,0.0,0.0,7.0,99.85714285714286,91.85714285714286,91.85714285714286,98.0,101.0,101.0,98.0,8,103.99,102.0,,-0.05760169247042979,11.482142857142858,0,0,11.482142857142858,1,0,5480.25,0.04268486079970103,0.0,0.0,1.0,0.0
skdclskt,klvgct3w,41800c26-6898-4b86-b356-94ff8bfa3a3a,5d8a97d2-0acd-4bec-9355-f1ef8ca0b665,1,0,0,15,5086.0,3800.0,,,4227.01,23.0,,4926.0,0.6666666666666666,7,0.033333333333333326,2,1,19,0,0,0,2,1.0,1.0,0.0,7.0,99.85714285714286,91.85714285714286,91.85714285714286,98.0,101.0,101.0,98.0,8,103.99,102.0,,-0.05760169247042979,11.482142857142858,0,0,11.482142857142858,1,0,4411.01,0.04268486079970103,0.0,0.0,0.0,1.0
skdclskt,fa5fpl4w,41800c26-6898-4b86-b356-94ff8bfa3a3a,9ae3a47d-ad9b-4325-b996-258a31aa9b65,1,0,0,15,5251.0,2600.0,,,4018.5,34.0,,5161.0,0.75,0,-0.75,6,1,28,0,0,1,2,3.0,1.0,2.0,7.0,99.85714285714286,91.85714285714286,91.85714285714286,98.0,101.0,101.0,98.0,8,103.99,102.0,,-0.05760169247042979,11.482142857142858,0,0,11.482142857142858,1,0,4290.5,0.04268486079970103,1.0,0.0,0.0,0.0
skdclskt,0sa5xwid,41800c26-6898-4b86-b356-94ff8bfa3a3a,3f16f05a-e96e-45ac-9ef0-9c2d6dce3317,1,0,0,15,5140.0,3800.0,,,4732.01,7.0,,5050.0,0.5833333333333334,1,-0.4833333333333334,1,1,18,0,0,1,2,2.0,0.0,2.0,7.0,99.85714285714286,91.85714285714286,91.85714285714286,98.0,101.0,101.0,98.0,8,103.99,102.0,,-0.05760169247042979,11.482142857142858,0,0,11.482142857142858,1,0,4788.01,0.04268486079970103,1.0,0.0,0.0,0.0
skdclskt,w5nuyib0,41800c26-6898-4b86-b356-94ff8bfa3a3a,16e26514-b278-4448-959a-f58ad6e11852,1,0,0,15,4813.0,2600.0,,,4701.219999999999,18.0,,4773.0,0.3333333333333333,3,-0.033333333333333326,1,1,18,0,0,1,2,0.0,3.0,-3.0,7.0,99.85714285714286,91.85714285714286,91.85714285714286,98.0,101.0,101.0,98.0,8,103.99,102.0,,-0.05760169247042979,11.482142857142858,0,0,11.482142857142858,1,0,4845.219999999999,0.04268486079970103,0.0,1.0,0.0,0.0
skdclskt,s1twfhpt,41800c26-6898-4b86-b356-94ff8bfa3a3a,0414deaa-50dd-4291-abcb-c312c59361b0,1,0,0,15,4871.0,3800.0,,,4593.01,17.0,,4661.0,0.9166666666666666,6,-0.31666666666666665,1,1,21,1,1,1,2,1.0,2.0,-1.0,7.0,99.85714285714286,91.85714285714286,91.85714285714286,98.0,101.0,101.0,98.0,8,103.99,102.0,,-0.05760169247042979,11.482142857142858,0,0,11.482142857142858,1,0,4729.01,0.04268486079970103,0.0,1.0,0.0,0.0
skdclskt,tqeatlds,490e4560-4219-4069-a6b1-c8a826129b68,18595b83-a573-483a-922c-64417e548e97,0,0,0,15,5561.0,2600.0,,,4896.39,13.0,,5351.0,0.75,7,-0.050000000000000044,2,1,19,0,0,1,2,0.0,1.0,-1.0,2.0,56.0,48.0,48.0,54.0,58.0,58.0,54.0,8,58.5,58.3,,-0.07692307692307687,6.0,0,0,6.0,1,1,5000.39,0.037167944250871054,0.0,0.0,1.0,0.0
skdclskt,nu7ykbgx,490e4560-4219-4069-a6b1-c8a826129b68,590f10b9-c637-4d22-97d1-7bcc1d1f1e01,0,0,0,15,5985.0,3800.0,,,5389.569999999999,0.0,,5815.0,0.9166666666666666,5,-0.41666666666666663,1,0,28,1,1,1,2,0.0,0.0,0.0,2.0,56.0,48.0,48.0,54.0,58.0,58.0,54.0,8,58.5,58.3,,-0.07692307692307687,6.0,0,0,6.0,1,1,5389.569999999999,0.037167944250871054,0.0,0.0,1.0,0.0
skdclskt,su76nhj9,490e4560-4219-4069-a6b1-c8a826129b68,e420f624-78fe-42c9-aa20-242b54f6c4e8,0,0,0,15,5506.0,2600.0,,,4431.210000000002,25.0,,5386.0,0.6666666666666666,7,0.033333333333333326,4,0,23,1,1,1,2,0.0,1.0,-1.0,2.0,56.0,48.0,48.0,54.0,58.0,58.0,54.0,8,58.5,58.3,,-0.07692307692307687,6.0,0,0,6.0,1,1,4631.210000000002,0.037167944250871054,0.0,0.0,1.0,0.0
skdclskt,c2m857p1,490e4560-4219-4069-a6b1-c8a826129b68,a7bed23b-2e8e-451f-8b7c-42f684002277,0,0,0,15,5566.0,3800.0,,,4666.92,7.0,,5356.0,0.9166666666666666,5,-0.41666666666666663,1,1,21,1,1,0,2,1.0,0.0,1.0,2.0,56.0,48.0,48.0,54.0,58.0,58.0,54.0,8,58.5,58.3,,-0.07692307692307687,6.0,0,0,6.0,1,1,4722.92,0.037167944250871054,1.0,0.0,0.0,0.0
skdclskt,r6xuxcar,490e4560-4219-4069-a6b1-c8a826129b68,10f05dce-1c31-4c65-80e0-0450ca2c00bb,0,0,0,15,4396.0,2600.0,,,4066.34,40.0,,4226.0,0.75,7,-0.050000000000000044,9,1,21,1,1,1,2,1.0,0.0,1.0,2.0,56.0,48.0,48.0,54.0,58.0,58.0,54.0,8,58.5,58.3,,-0.07692307692307687,6.0,0,0,6.0,1,1,4386.34,0.037167944250871054,0.5,0.5,0.0,0.0
skdclskt,2y2lzizt,490e4560-4219-4069-a6b1-c8a826129b68,bdad41ef-e8fb-4016-ab64-9cee4008db0e,0,0,0,15,4734.0,3800.0,,,4497.569999999999,9.0,,4534.0,0.8333333333333334,2,-0.6333333333333333,3,1,34,1,1,1,2,0.0,0.0,0.0,2.0,56.0,48.0,48.0,54.0,58.0,58.0,54.0,8,58.5,58.3,,-0.07692307692307687,6.0,0,0,6.0,1,1,4569.569999999999,0.037167944250871054,0.0,0.0,0.0,1.0
skdclskt,0qc91a5a,00548e28-65ed-47e8-a667-34639429359c,fef5ca2d-6f21-47c4-90cc-74807444686a,0,0,0,15,6523.0,2600.0,,,5448.159999999999,5.0,,6423.0,0.8333333333333334,7,-0.13333333333333341,1,1,35,1,1,1,2,1.0,2.0,-1.0,18.0,7.7988888888888885,-0.20111111111111102,0.5488888888888889,7.9,8.0,9.23,5.13,8,6.38,11.0,,0.2382445141065832,0.06861111111111111,0,0,-0.025138888888888933,0,0,5488.159999999999,0.04862089283238595,0.0,0.0,1.0,0.0
skdclskt,2vy9s3px,00548e28-65ed-47e8-a667-34639429359c,2b85f691-c920-4f32-ae54-e21833cf5475,0,0,0,15,5050.0,3800.0,,,4703.04,16.0,,4920.0,0.9166666666666666,8,-0.11666666666666659,2,0,21,0,0,1,2,9.0,0.0,9.0,18.0,7.7988888888888885,-0.20111111111111102,0.5488888888888889,7.9,8.0,9.23,5.13,8,6.38,11.0,,0.2382445141065832,0.06861111111111111,0,0,-0.025138888888888933,0,0,4831.04,0.04862089283238595,0.0,1.0,0.0,0.0
skdclskt,87uw2jck,00548e28-65ed-47e8-a667-34639429359c,c953d4fd-7bea-449b-9aa0-5e400d9cb204,0,0,0,15,5633.0,2600.0,,,3714.269999999999,40.0,,5523.0,0.9166666666666666,6,-0.31666666666666665,2,0,22,1,1,1,2,2.0,1.0,1.0,18.0,7.7988888888888885,-0.20111111111111102,0.5488888888888889,7.9,8.0,9.23,5.13,8,6.38,11.0,,0.2382445141065832,0.06861111111111111,0,0,-0.025138888888888933,0,0,4034.269999999999,0.04862089283238595,0.0,0.5,0.5,0.0
skdclskt,3ftocepp,00548e28-65ed-47e8-a667-34639429359c,53915058-5167-43d2-afa0-8f6290f2017f,0,0,0,15,5815.0,3800.0,,,4759.219999999999,15.0,,5725.0,0.75,6,-0.15000000000000002,3,1,19,0,1,1,2,0.0,4.0,-4.0,18.0,7.7988888888888885,-0.20111111111111102,0.5488888888888889,7.9,8.0,9.23,5.13,8,6.38,11.0,,0.2382445141065832,0.06861111111111111,0,0,-0.025138888888888933,0,0,4879.219999999999,0.04862089283238595,0.5,0.0,0.5,0.0
skdclskt,xz3dh0k4,00548e28-65ed-47e8-a667-34639429359c,a2e9d95e-90cb-4b2f-b5ca-2486e9ab692d,0,0,0,15,5047.0,2600.0,,,4514.450000000002,14.0,,4927.0,0.6666666666666666,4,-0.2666666666666666,2,1,22,1,0,1,2,6.0,4.0,2.0,18.0,7.7988888888888885,-0.20111111111111102,0.5488888888888889,7.9,8.0,9.23,5.13,8,6.38,11.0,,0.2382445141065832,0.06861111111111111,0,0,-0.025138888888888933,0,0,4626.450000000002,0.04862089283238595,0.0,0.5,0.5,0.0
skdclskt,x7l4wbwx,00548e28-65ed-47e8-a667-34639429359c,89df792d-8b1a-4545-be89-9e94133865f7,0,0,0,15,5091.0,3800.0,,,4928.860000000001,8.0,,4961.0,0.75,4,-0.35,3,0,20,1,1,0,2,0.0,7.0,-7.0,18.0,7.7988888888888885,-0.20111111111111102,0.5488888888888889,7.9,8.0,9.23,5.13,8,6.38,11.0,,0.2382445141065832,0.06861111111111111,0,0,-0.025138888888888933,0,0,4992.860000000001,0.04862089283238595,0.0,0.0,1.0,0.0
