participant.id_in_session,participant.code,participant.label,participant._is_bot,participant._index_in_pages,participant._max_page_index,participant._current_app_name,participant._current_page_name,participant.time_started_utc,participant.visited,participant.mturk_worker_id,participant.mturk_assignment_id,participant.payoff,player.id_in_group,player.role,player.payoff,player.trader_uuid,player.current_cash,player.num_shares,player.dividend_per_share,player.dividend_cash,player.cash_after_dividend,player.daybreak_snapshot_error,player.assigned_initial_cash,player.assigned_initial_shares,player.forecast_price_next_day,player.forecast_confidence_next_day,player.forecast_survey_json,player.realized_next_day_closing_price,player.forecast_bonus_earned,player.forecast_bonus_scored,player.algo_belief_present,player.algo_belief_confidence,group.id_in_subsession,group.trading_session_uuid,group.trading_api_base,group.trading_ws_base,group.trading_init_error,group.trading_day_duration_minutes,group.realized_group_size,group.treatment,group.market_design,group.group_composition,group.noise_trader_draw,group.noise_trader_present,group.num_days,group.dividends_csv,group.observed_last_transaction_price,group.closing_price,subsession.round_number,session.code,session.label,session.mturk_HITId,session.mturk_HITGroupId,session.comment,session.is_demo
1,g9jo03o9,,0,308,307,post_exp,FinalForProlific,2026-05-21 00:20:12.875424,1,,,5611.0,1,,0.0,5c648286-e69d-40ce-b62f-48fb78920930,2600.0,20.0,8.0,160.0,2760.0,,2600.0,20.0,,,,,0.0,0,,,1,6bb98571-90cc-44bc-8195-dcbd5cabf3cf,https://london-trader-6b45bffdcd02.herokuapp.com,wss://london-trader-6b45bffdcd02.herokuapp.com,,1,6,ghp,gamified,human_only,0.0,0,3,"[8.0, 4.0, 20.0, 8.0, 8.0, 20.0, 20.0, 4.0, 20.0, 4.0, 20.0, 0.0, 8.0, 8.0, 8.0, 8.0, 8.0, 4.0, 4.0, 20.0, 0.0, 0.0, 8.0, 4.0, 4.0, 4.0, 20.0, 8.0, 8.0, 0.0, 8.0, 4.0, 4.0]",150.0,150.0,1,qxgij9sh,,,,,0
2,h0ebvwds,,0,308,307,post_exp,FinalForProlific,2026-05-21 00:20:13.125533,1,,,5268.0,2,,0.0,61343cb8-5203-47ea-834b-4f691d01a63a,3800.0,10.0,8.0,80.0,3880.0,,3800.0,10.0,,,,,0.0,0,,,1,6bb98571-90cc-44bc-8195-dcbd5cabf3cf,https://london-trader-6b45bffdcd02.herokuapp.com,wss://london-trader-6b45bffdcd02.herokuapp.com,,1,6,ghp,gamified,human_only,0.0,0,3,"[8.0, 4.0, 20.0, 8.0, 8.0, 20.0, 20.0, 4.0, 20.0, 4.0, 20.0, 0.0, 8.0, 8.0, 8.0, 8.0, 8.0, 4.0, 4.0, 20.0, 0.0, 0.0, 8.0, 4.0, 4.0, 4.0, 20.0, 8.0, 8.0, 0.0, 8.0, 4.0, 4.0]",150.0,150.0,1,qxgij9sh,,,,,0
3,u2aoz11d,,0,308,307,post_exp,FinalForProlific,2026-05-21 00:20:13.130849,1,,,4992.0,3,,0.0,a7fcbab8-b26b-4a15-b835-2158ebdbd493,2720.0,19.0,8.0,152.0,2872.0,,2600.0,20.0,,,,,0.0,0,,,1,6bb98571-90cc-44bc-8195-dcbd5cabf3cf,https://london-trader-6b45bffdcd02.herokuapp.com,wss://london-trader-6b45bffdcd02.herokuapp.com,,1,6,ghp,gamified,human_only,0.0,0,3,"[8.0, 4.0, 20.0, 8.0, 8.0, 20.0, 20.0, 4.0, 20.0, 4.0, 20.0, 0.0, 8.0, 8.0, 8.0, 8.0, 8.0, 4.0, 4.0, 20.0, 0.0, 0.0, 8.0, 4.0, 4.0, 4.0, 20.0, 8.0, 8.0, 0.0, 8.0, 4.0, 4.0]",150.0,150.0,1,qxgij9sh,,,,,0
4,90ay03zv,,0,308,307,post_exp,FinalForProlific,2026-05-21 00:20:13.140123,1,,,4543.0,4,,0.0,675f5b79-c49c-4670-a479-09245235e44d,3530.0,12.0,8.0,96.0,3626.0,,3800.0,10.0,,,,,0.0,0,,,1,6bb98571-90cc-44bc-8195-dcbd5cabf3cf,https://london-trader-6b45bffdcd02.herokuapp.com,wss://london-trader-6b45bffdcd02.herokuapp.com,,1,6,ghp,gamified,human_only,0.0,0,3,"[8.0, 4.0, 20.0, 8.0, 8.0, 20.0, 20.0, 4.0, 20.0, 4.0, 20.0, 0.0, 8.0, 8.0, 8.0, 8.0, 8.0, 4.0, 4.0, 20.0, 0.0, 0.0, 8.0, 4.0, 4.0, 4.0, 20.0, 8.0, 8.0, 0.0, 8.0, 4.0, 4.0]",150.0,150.0,1,qxgij9sh,,,,,0
5,ukmvlwcs,,0,308,307,post_exp,FinalForProlific,2026-05-21 00:20:13.146394,1,,,5655.0,5,,0.0,87df3c97-350a-4917-aabd-a2efd62ae54b,2750.0,20.0,8.0,160.0,2910.0,,2600.0,20.0,,,,,0.0,0,,,1,6bb98571-90cc-44bc-8195-dcbd5cabf3cf,https://london-trader-6b45bffdcd02.herokuapp.com,wss://london-trader-6b45bffdcd02.herokuapp.com,,1,6,ghp,gamified,human_only,0.0,0,3,"[8.0, 4.0, 20.0, 8.0, 8.0, 20.0, 20.0, 4.0, 20.0, 4.0, 20.0, 0.0, 8.0, 8.0, 8.0, 8.0, 8.0, 4.0, 4.0, 20.0, 0.0, 0.0, 8.0, 4.0, 4.0, 4.0, 20.0, 8.0, 8.0, 0.0, 8.0, 4.0, 4.0]",150.0,150.0,1,qxgij9sh,,,,,0
6,ehyb34jx,,0,308,307,post_exp,FinalForProlific,2026-05-21 00:20:13.152849,1,,,4044.0,6,,0.0,1483c838-9e8f-4cfd-929e-e10ec2398570,3800.0,10.0,8.0,80.0,3880.0,,3800.0,10.0,,,,,0.0,0,,,1,6bb98571-90cc-44bc-8195-dcbd5cabf3cf,https://london-trader-6b45bffdcd02.herokuapp.com,wss://london-trader-6b45bffdcd02.herokuapp.com,,1,6,ghp,gamified,human_only,0.0,0,3,"[8.0, 4.0, 20.0, 8.0, 8.0, 20.0, 20.0, 4.0, 20.0, 4.0, 20.0, 0.0, 8.0, 8.0, 8.0, 8.0, 8.0, 4.0, 4.0, 20.0, 0.0, 0.0, 8.0, 4.0, 4.0, 4.0, 20.0, 8.0, 8.0, 0.0, 8.0, 4.0, 4.0]",150.0,150.0,1,qxgij9sh,,,,,0
7,6xvvhy1g,,0,308,307,post_exp,FinalForProlific,2026-05-21 00:20:13.159196,1,,,4941.0,1,,0.0,06ada2bb-da08-4f93-a201-05175b2947e1,2600.0,20.0,8.0,160.0,2760.0,,2600.0,20.0,,,,,0.0,0,,,2,aa664c73-47bd-4354-91b9-a2afb9cb41c1,https://london-trader-6b45bffdcd02.herokuapp.com,wss://london-trader-6b45bffdcd02.herokuapp.com,,1,6,ng,non_gamified,human_only,0.0,0,3,"[8.0, 4.0, 20.0, 8.0, 8.0, 20.0, 20.0, 4.0, 20.0, 4.0, 20.0, 0.0, 8.0, 8.0, 8.0, 8.0, 8.0, 4.0, 4.0, 20.0, 0.0, 0.0, 8.0, 4.0, 4.0, 4.0, 20.0, 8.0, 8.0, 0.0, 8.0, 4.0, 4.0]",100.0,100.0,1,qxgij9sh,,,,,0
8,o6ptk42l,,0,308,307,post_exp,FinalForProlific,2026-05-21 00:20:13.166131,1,,,5638.0,2,,0.0,bdcd5c2b-cfb0-4861-8e19-2b57f1c836ac,3900.0,9.0,8.0,72.0,3972.0,,3800.0,10.0,,,,,0.0,0,,,2,aa664c73-47bd-4354-91b9-a2afb9cb41c1,https://london-trader-6b45bffdcd02.herokuapp.com,wss://london-trader-6b45bffdcd02.herokuapp.com,,1,6,ng,non_gamified,human_only,0.0,0,3,"[8.0, 4.0, 20.0, 8.0, 8.0, 20.0, 20.0, 4.0, 20.0, 4.0, 20.0, 0.0, 8.0, 8.0, 8.0, 8.0, 8.0, 4.0, 4.0, 20.0, 0.0, 0.0, 8.0, 4.0, 4.0, 4.0, 20.0, 8.0, 8.0, 0.0, 8.0, 4.0, 4.0]",100.0,100.0,1,qxgij9sh,,,,,0
9,vitm387c,,0,308,307,post_exp,FinalForProlific,2026-05-21 00:20:13.172514,1,,,4427.0,3,,0.0,ecd7030a-1030-40d0-a7e3-1a1a397797a7,2504.0,21.0,8.0,168.0,2672.0,,2600.0,20.0,,,,,0.0,0,,,2,aa664c73-47bd-4354-91b9-a2afb9cb41c1,https://london-trader-6b45bffdcd02.herokuapp.com,wss://london-trader-6b45bffdcd02.herokuapp.com,,1,6,ng,non_gamified,human_only,0.0,0,3,"[8.0, 4.0, 20.0, 8.0, 8.0, 20.0, 20.0, 4.0, 20.0, 4.0, 20.0, 0.0, 8.0, 8.0, 8.0, 8.0, 8.0, 4.0, 4.0, 20.0, 0.0, 0.0, 8.0, 4.0, 4.0, 4.0, 20.0, 8.0, 8.0, 0.0, 8.0, 4.0, 4.0]",100.0,100.0,1,qxgij9sh,,,,,0
10,nngm5qgp,,0,308,307,post_exp,FinalForProlific,2026-05-21 00:20:13.181710,1,,,521.0,4,,0.0,523cd030-18bc-484c-b962-8710588707cc,3800.0,10.0,8.0,80.0,3880.0,,3800.0,10.0,,,,,0.0,0,,,2,aa664c73-47bd-4354-91b9-a2afb9cb41c1,https://london-trader-6b45bffdcd02.herokuapp.com,wss://london-trader-6b45bffdcd02.herokuapp.com,,1,6,ng,non_gamified,human_only,0.0,0,3,"[8.0, 4.0, 20.0, 8.0, 8.0, 20.0, 20.0, 4.0, 20.0, 4.0, 20.0, 0.0, 8.0, 8.0, 8.0, 8.0, 8.0, 4.0, 4.0, 20.0, 0.0, 0.0, 8.0, 4.0, 4.0, 4.0, 20.0, 8.0, 8.0, 0.0, 8.0, 4.0, 4.0]",100.0,100.0,1,qxgij9sh,,,,,0
11,9x5fpgk2,,0,308,307,post_exp,FinalForProlific,2026-05-21 00:20:13.188564,1,,,6999.0,5,,0.0,ea902618-a642-4e8a-bd02-c2a2aa4e4658,2500.0,21.0,8.0,168.0,2668.0,,2600.0,20.0,,,,,0.0,0,,,2,aa664c73-47bd-4354-91b9-a2afb9cb41c1,https://london-trader-6b45bffdcd02.herokuapp.com,wss://london-trader-6b45bffdcd02.herokuapp.com,,1,6,ng,non_gamified,human_only,0.0,0,3,"[8.0, 4.0, 20.0, 8.0, 8.0, 20.0, 20.0, 4.0, 20.0, 4.0, 20.0, 0.0, 8.0, 8.0, 8.0, 8.0, 8.0, 4.0, 4.0, 20.0, 0.0, 0.0, 8.0, 4.0, 4.0, 4.0, 20.0, 8.0, 8.0, 0.0, 8.0, 4.0, 4.0]",100.0,100.0,1,qxgij9sh,,,,,0
12,7d70uqk8,,0,308,307,post_exp,FinalForProlific,2026-05-21 00:20:13.195431,1,,,9064.0,6,,0.0,e07040e8-64cb-4d5b-bae9-c157cf336279,3896.0,9.0,8.0,72.0,3968.0,,3800.0,10.0,,,,,0.0,0,,,2,aa664c73-47bd-4354-91b9-a2afb9cb41c1,https://london-trader-6b45bffdcd02.herokuapp.com,wss://london-trader-6b45bffdcd02.herokuapp.com,,1,6,ng,non_gamified,human_only,0.0,0,3,"[8.0, 4.0, 20.0, 8.0, 8.0, 20.0, 20.0, 4.0, 20.0, 4.0, 20.0, 0.0, 8.0, 8.0, 8.0, 8.0, 8.0, 4.0, 4.0, 20.0, 0.0, 0.0, 8.0, 4.0, 4.0, 4.0, 20.0, 8.0, 8.0, 0.0, 8.0, 4.0, 4.0]",100.0,100.0,1,qxgij9sh,,,,,0
13,dadcupjc,,0,308,307,post_exp,FinalForProlific,2026-05-21 00:20:13.202022,1,,,5593.0,1,,0.0,c3c9b9e6-950b-4a63-80d2-b0b2617b6b91,2600.0,20.0,8.0,160.0,2760.0,,2600.0,20.0,,,,,0.0,0,,,3,8490c6be-1812-46e5-9de4-837c2d95dbbc,https://london-trader-6b45bffdcd02.herokuapp.com,wss://london-trader-6b45bffdcd02.herokuapp.com,,1,6,ghp,gamified,human_only,0.0,0,3,"[8.0, 4.0, 20.0, 8.0, 8.0, 20.0, 20.0, 4.0, 20.0, 4.0, 20.0, 0.0, 8.0, 8.0, 8.0, 8.0, 8.0, 4.0, 4.0, 20.0, 0.0, 0.0, 8.0, 4.0, 4.0, 4.0, 20.0, 8.0, 8.0, 0.0, 8.0, 4.0, 4.0]",160.0,160.0,1,qxgij9sh,,,,,0
14,stzawa55,,0,308,307,post_exp,FinalForProlific,2026-05-21 00:20:13.207535,1,,,6667.0,2,,0.0,b2b17640-6aa6-4210-b8c2-a7730752e50b,3960.0,9.0,8.0,72.0,4032.0,,3800.0,10.0,,,,,0.0,0,,,3,8490c6be-1812-46e5-9de4-837c2d95dbbc,https://london-trader-6b45bffdcd02.herokuapp.com,wss://london-trader-6b45bffdcd02.herokuapp.com,,1,6,ghp,gamified,human_only,0.0,0,3,"[8.0, 4.0, 20.0, 8.0, 8.0, 20.0, 20.0, 4.0, 20.0, 4.0, 20.0, 0.0, 8.0, 8.0, 8.0, 8.0, 8.0, 4.0, 4.0, 20.0, 0.0, 0.0, 8.0, 4.0, 4.0, 4.0, 20.0, 8.0, 8.0, 0.0, 8.0, 4.0, 4.0]",160.0,160.0,1,qxgij9sh,,,,,0
15,ja9vp1ab,,0,308,307,post_exp,FinalForProlific,2026-05-21 00:20:13.214591,1,,,7291.0,3,,0.0,721ac67f-0583-4579-82ce-6cf2ceaa4de9,2590.0,21.0,8.0,168.0,2758.0,,2600.0,20.0,,,,,0.0,0,,,3,8490c6be-1812-46e5-9de4-837c2d95dbbc,https://london-trader-6b45bffdcd02.herokuapp.com,wss://london-trader-6b45bffdcd02.herokuapp.com,,1,6,ghp,gamified,human_only,0.0,0,3,"[8.0, 4.0, 20.0, 8.0, 8.0, 20.0, 20.0, 4.0, 20.0, 4.0, 20.0, 0.0, 8.0, 8.0, 8.0, 8.0, 8.0, 4.0, 4.0, 20.0, 0.0, 0.0, 8.0, 4.0, 4.0, 4.0, 20.0, 8.0, 8.0, 0.0, 8.0, 4.0, 4.0]",160.0,160.0,1,qxgij9sh,,,,,0
16,tzbpp88u,,0,308,307,post_exp,FinalForProlific,2026-05-21 00:20:13.221123,1,,,5765.0,4,,0.0,626dd247-ec10-4400-ad22-f0d7e9367f61,3810.0,9.0,8.0,72.0,3882.0,,3800.0,10.0,,,,,0.0,0,,,3,8490c6be-1812-46e5-9de4-837c2d95dbbc,https://london-trader-6b45bffdcd02.herokuapp.com,wss://london-trader-6b45bffdcd02.herokuapp.com,,1,6,ghp,gamified,human_only,0.0,0,3,"[8.0, 4.0, 20.0, 8.0, 8.0, 20.0, 20.0, 4.0, 20.0, 4.0, 20.0, 0.0, 8.0, 8.0, 8.0, 8.0, 8.0, 4.0, 4.0, 20.0, 0.0, 0.0, 8.0, 4.0, 4.0, 4.0, 20.0, 8.0, 8.0, 0.0, 8.0, 4.0, 4.0]",160.0,160.0,1,qxgij9sh,,,,,0
17,gr27p5tr,,0,308,307,post_exp,FinalForProlific,2026-05-21 00:20:13.227342,1,,,5642.0,5,,0.0,98473c5f-5f0a-4c3f-b3a1-8d2902471a9c,2440.0,21.0,8.0,168.0,2608.0,,2600.0,20.0,,,,,0.0,0,,,3,8490c6be-1812-46e5-9de4-837c2d95dbbc,https://london-trader-6b45bffdcd02.herokuapp.com,wss://london-trader-6b45bffdcd02.herokuapp.com,,1,6,ghp,gamified,human_only,0.0,0,3,"[8.0, 4.0, 20.0, 8.0, 8.0, 20.0, 20.0, 4.0, 20.0, 4.0, 20.0, 0.0, 8.0, 8.0, 8.0, 8.0, 8.0, 4.0, 4.0, 20.0, 0.0, 0.0, 8.0, 4.0, 4.0, 4.0, 20.0, 8.0, 8.0, 0.0, 8.0, 4.0, 4.0]",160.0,160.0,1,qxgij9sh,,,,,0
18,e60078af,,0,308,307,post_exp,FinalForProlific,2026-05-21 00:20:13.233350,1,,,4972.0,6,,0.0,8de2357b-8b85-40bf-b05b-0560f9133647,3800.0,10.0,8.0,80.0,3880.0,,3800.0,10.0,,,,,0.0,0,,,3,8490c6be-1812-46e5-9de4-837c2d95dbbc,https://london-trader-6b45bffdcd02.herokuapp.com,wss://london-trader-6b45bffdcd02.herokuapp.com,,1,6,ghp,gamified,human_only,0.0,0,3,"[8.0, 4.0, 20.0, 8.0, 8.0, 20.0, 20.0, 4.0, 20.0, 4.0, 20.0, 0.0, 8.0, 8.0, 8.0, 8.0, 8.0, 4.0, 4.0, 20.0, 0.0, 0.0, 8.0, 4.0, 4.0, 4.0, 20.0, 8.0, 8.0, 0.0, 8.0, 4.0, 4.0]",160.0,160.0,1,qxgij9sh,,,,,0
19,9mtusmd8,,0,308,307,post_exp,FinalForProlific,2026-05-21 00:20:13.239722,1,,,5453.0,1,,0.0,8cfb353a-0dbc-465b-8230-0b6475c8bf52,2600.0,21.0,8.0,168.0,2768.0,,2600.0,20.0,,,,,0.0,0,,,4,92d093d7-e96c-43b8-b156-a228c9004250,https://london-trader-6b45bffdcd02.herokuapp.com,wss://london-trader-6b45bffdcd02.herokuapp.com,,1,1,ng,non_gamified,human_only,0.0,1,3,"[8.0, 4.0, 20.0, 8.0, 8.0, 20.0, 20.0, 4.0, 20.0, 4.0, 20.0, 0.0, 8.0, 8.0, 8.0, 8.0, 8.0, 4.0, 4.0, 20.0, 0.0, 0.0, 8.0, 4.0, 4.0, 4.0, 20.0, 8.0, 8.0, 0.0, 8.0, 4.0, 4.0]",,,1,qxgij9sh,,,,,0
1,g9jo03o9,,0,308,307,post_exp,FinalForProlific,2026-05-21 00:20:12.875424,1,,,5611.0,1,,0.0,5c648286-e69d-40ce-b62f-48fb78920930,2760.0,21.0,4.0,84.0,2844.0,,2600.0,20.0,,,,,0.0,0,,,1,6bb98571-90cc-44bc-8195-dcbd5cabf3cf,https://london-trader-6b45bffdcd02.herokuapp.com,wss://london-trader-6b45bffdcd02.herokuapp.com,,1,6,ghp,gamified,human_only,0.0,0,3,"[8.0, 4.0, 20.0, 8.0, 8.0, 20.0, 20.0, 4.0, 20.0, 4.0, 20.0, 0.0, 8.0, 8.0, 8.0, 8.0, 8.0, 4.0, 4.0, 20.0, 0.0, 0.0, 8.0, 4.0, 4.0, 4.0, 20.0, 8.0, 8.0, 0.0, 8.0, 4.0, 4.0]",175.0,175.0,2,qxgij9sh,,,,,0
2,h0ebvwds,,0,308,307,post_exp,FinalForProlific,2026-05-21 00:20:13.125533,1,,,5268.0,2,,0.0,61343cb8-5203-47ea-834b-4f691d01a63a,3760.0,11.0,4.0,44.0,3804.0,,3800.0,10.0,,,,,0.0,0,,,1,6bb98571-90cc-44bc-8195-dcbd5cabf3cf,https://london-trader-6b45bffdcd02.herokuapp.com,wss://london-trader-6b45bffdcd02.herokuapp.com,,1,6,ghp,gamified,human_only,0.0,0,3,"[8.0, 4.0, 20.0, 8.0, 8.0, 20.0, 20.0, 4.0, 20.0, 4.0, 20.0, 0.0, 8.0, 8.0, 8.0, 8.0, 8.0, 4.0, 4.0, 20.0, 0.0, 0.0, 8.0, 4.0, 4.0, 4.0, 20.0, 8.0, 8.0, 0.0, 8.0, 4.0, 4.0]",175.0,175.0,2,qxgij9sh,,,,,0
3,u2aoz11d,,0,308,307,post_exp,FinalForProlific,2026-05-21 00:20:13.130849,1,,,4992.0,3,,0.0,a7fcbab8-b26b-4a15-b835-2158ebdbd493,2577.0,21.0,4.0,84.0,2661.0,,2600.0,20.0,,,,,0.0,0,,,1,6bb98571-90cc-44bc-8195-dcbd5cabf3cf,https://london-trader-6b45bffdcd02.herokuapp.com,wss://london-trader-6b45bffdcd02.herokuapp.com,,1,6,ghp,gamified,human_only,0.0,0,3,"[8.0, 4.0, 20.0, 8.0, 8.0, 20.0, 20.0, 4.0, 20.0, 4.0, 20.0, 0.0, 8.0, 8.0, 8.0, 8.0, 8.0, 4.0, 4.0, 20.0, 0.0, 0.0, 8.0, 4.0, 4.0, 4.0, 20.0, 8.0, 8.0, 0.0, 8.0, 4.0, 4.0]",175.0,175.0,2,qxgij9sh,,,,,0
4,90ay03zv,,0,308,307,post_exp,FinalForProlific,2026-05-21 00:20:13.140123,1,,,4543.0,4,,0.0,675f5b79-c49c-4670-a479-09245235e44d,3891.0,10.0,4.0,40.0,3931.0,,3800.0,10.0,,,,,0.0,0,,,1,6bb98571-90cc-44bc-8195-dcbd5cabf3cf,https://london-trader-6b45bffdcd02.herokuapp.com,wss://london-trader-6b45bffdcd02.herokuapp.com,,1,6,ghp,gamified,human_only,0.0,0,3,"[8.0, 4.0, 20.0, 8.0, 8.0, 20.0, 20.0, 4.0, 20.0, 4.0, 20.0, 0.0, 8.0, 8.0, 8.0, 8.0, 8.0, 4.0, 4.0, 20.0, 0.0, 0.0, 8.0, 4.0, 4.0, 4.0, 20.0, 8.0, 8.0, 0.0, 8.0, 4.0, 4.0]",175.0,175.0,2,qxgij9sh,,,,,0
5,ukmvlwcs,,0,308,307,post_exp,FinalForProlific,2026-05-21 00:20:13.146394,1,,,5655.0,5,,0.0,87df3c97-350a-4917-aabd-a2efd62ae54b,3060.0,18.0,4.0,72.0,3132.0,,2600.0,20.0,,,,,0.0,0,,,1,6bb98571-90cc-44bc-8195-dcbd5cabf3cf,https://london-trader-6b45bffdcd02.herokuapp.com,wss://london-trader-6b45bffdcd02.herokuapp.com,,1,6,ghp,gamified,human_only,0.0,0,3,"[8.0, 4.0, 20.0, 8.0, 8.0, 20.0, 20.0, 4.0, 20.0, 4.0, 20.0, 0.0, 8.0, 8.0, 8.0, 8.0, 8.0, 4.0, 4.0, 20.0, 0.0, 0.0, 8.0, 4.0, 4.0, 4.0, 20.0, 8.0, 8.0, 0.0, 8.0, 4.0, 4.0]",175.0,175.0,2,qxgij9sh,,,,,0
6,ehyb34jx,,0,308,307,post_exp,FinalForProlific,2026-05-21 00:20:13.152849,1,,,4044.0,6,,0.0,1483c838-9e8f-4cfd-929e-e10ec2398570,3880.0,11.0,4.0,44.0,3924.0,,3800.0,10.0,,,,,0.0,0,,,1,6bb98571-90cc-44bc-8195-dcbd5cabf3cf,https://london-trader-6b45bffdcd02.herokuapp.com,wss://london-trader-6b45bffdcd02.herokuapp.com,,1,6,ghp,gamified,human_only,0.0,0,3,"[8.0, 4.0, 20.0, 8.0, 8.0, 20.0, 20.0, 4.0, 20.0, 4.0, 20.0, 0.0, 8.0, 8.0, 8.0, 8.0, 8.0, 4.0, 4.0, 20.0, 0.0, 0.0, 8.0, 4.0, 4.0, 4.0, 20.0, 8.0, 8.0, 0.0, 8.0, 4.0, 4.0]",175.0,175.0,2,qxgij9sh,,,,,0
7,6xvvhy1g,,0,308,307,post_exp,FinalForProlific,2026-05-21 00:20:13.159196,1,,,4941.0,1,,0.0,06ada2bb-da08-4f93-a201-05175b2947e1,2886.0,19.0,4.0,76.0,2962.0,,2600.0,20.0,,,,,0.0,0,,,2,aa664c73-47bd-4354-91b9-a2afb9cb41c1,https://london-trader-6b45bffdcd02.herokuapp.com,wss://london-trader-6b45bffdcd02.herokuapp.com,,1,6,ng,non_gamified,human_only,0.0,0,3,"[8.0, 4.0, 20.0, 8.0, 8.0, 20.0, 20.0, 4.0, 20.0, 4.0, 20.0, 0.0, 8.0, 8.0, 8.0, 8.0, 8.0, 4.0, 4.0, 20.0, 0.0, 0.0, 8.0, 4.0, 4.0, 4.0, 20.0, 8.0, 8.0, 0.0, 8.0, 4.0, 4.0]",124.0,124.0,2,qxgij9sh,,,,,0
8,o6ptk42l,,0,308,307,post_exp,FinalForProlific,2026-05-21 00:20:13.166131,1,,,5638.0,2,,0.0,bdcd5c2b-cfb0-4861-8e19-2b57f1c836ac,3797.0,13.0,4.0,52.0,3849.0,,3800.0,10.0,,,,,0.0,0,,,2,aa664c73-47bd-4354-91b9-a2afb9cb41c1,https://london-trader-6b45bffdcd02.herokuapp.com,wss://london-trader-6b45bffdcd02.herokuapp.com,,1,6,ng,non_gamified,human_only,0.0,0,3,"[8.0, 4.0, 20.0, 8.0, 8.0, 20.0, 20.0, 4.0, 20.0, 4.0, 20.0, 0.0, 8.0, 8.0, 8.0, 8.0, 8.0, 4.0, 4.0, 20.0, 0.0, 0.0, 8.0, 4.0, 4.0, 4.0, 20.0, 8.0, 8.0, 0.0, 8.0, 4.0, 4.0]",124.0,124.0,2,qxgij9sh,,,,,0
9,vitm387c,,0,308,307,post_exp,FinalForProlific,2026-05-21 00:20:13.172514,1,,,4427.0,3,,0.0,ecd7030a-1030-40d0-a7e3-1a1a397797a7,2888.0,19.0,4.0,76.0,2964.0,,2600.0,20.0,,,,,0.0,0,,,2,aa664c73-47bd-4354-91b9-a2afb9cb41c1,https://london-trader-6b45bffdcd02.herokuapp.com,wss://london-trader-6b45bffdcd02.herokuapp.com,,1,6,ng,non_gamified,human_only,0.0,0,3,"[8.0, 4.0, 20.0, 8.0, 8.0, 20.0, 20.0, 4.0, 20.0, 4.0, 20.0, 0.0, 8.0, 8.0, 8.0, 8.0, 8.0, 4.0, 4.0, 20.0, 0.0, 0.0, 8.0, 4.0, 4.0, 4.0, 20.0, 8.0, 8.0, 0.0, 8.0, 4.0, 4.0]",124.0,124.0,2,qxgij9sh,,,,,0
10,nngm5qgp,,0,308,307,post_exp,FinalForProlific,2026-05-21 00:20:13.181710,1,,,521.0,4,,0.0,523cd030-18bc-484c-b962-8710588707cc,3880.0,11.0,4.0,44.0,3924.0,,3800.0,10.0,,,,,0.0,0,,,2,aa664c73-47bd-4354-91b9-a2afb9cb41c1,https://london-trader-6b45bffdcd02.herokuapp.com,wss://london-trader-6b45bffdcd02.herokuapp.com,,1,6,ng,non_gamified,human_only,0.0,0,3,"[8.0, 4.0, 20.0, 8.0, 8.0, 20.0, 20.0, 4.0, 20.0, 4.0, 20.0, 0.0, 8.0, 8.0, 8.0, 8.0, 8.0, 4.0, 4.0, 20.0, 0.0, 0.0, 8.0, 4.0, 4.0, 4.0, 20.0, 8.0, 8.0, 0.0, 8.0, 4.0, 4.0]",124.0,124.0,2,qxgij9sh,,,,,0
11,9x5fpgk2,,0,308,307,post_exp,FinalForProlific,2026-05-21 00:20:13.188564,1,,,6999.0,5,,0.0,ea902618-a642-4e8a-bd02-c2a2aa4e4658,2311.0,24.0,4.0,96.0,2407.0,,2600.0,20.0,,,,,0.0,0,,,2,aa664c73-47bd-4354-91b9-a2afb9cb41c1,https://london-trader-6b45bffdcd02.herokuapp.com,wss://london-trader-6b45bffdcd02.herokuapp.com,,1,6,ng,non_gamified,human_only,0.0,0,3,"[8.0, 4.0, 20.0, 8.0, 8.0, 20.0, 20.0, 4.0, 20.0, 4.0, 20.0, 0.0, 8.0, 8.0, 8.0, 8.0, 8.0, 4.0, 4.0, 20.0, 0.0, 0.0, 8.0, 4.0, 4.0, 4.0, 20.0, 8.0, 8.0, 0.0, 8.0, 4.0, 4.0]",124.0,124.0,2,qxgij9sh,,,,,0
12,7d70uqk8,,0,308,307,post_exp,FinalForProlific,2026-05-21 00:20:13.195431,1,,,9064.0,6,,0.0,e07040e8-64cb-4d5b-bae9-c157cf336279,4158.0,7.0,4.0,28.0,4186.0,,3800.0,10.0,,,,,0.0,0,,,2,aa664c73-47bd-4354-91b9-a2afb9cb41c1,https://london-trader-6b45bffdcd02.herokuapp.com,wss://london-trader-6b45bffdcd02.herokuapp.com,,1,6,ng,non_gamified,human_only,0.0,0,3,"[8.0, 4.0, 20.0, 8.0, 8.0, 20.0, 20.0, 4.0, 20.0, 4.0, 20.0, 0.0, 8.0, 8.0, 8.0, 8.0, 8.0, 4.0, 4.0, 20.0, 0.0, 0.0, 8.0, 4.0, 4.0, 4.0, 20.0, 8.0, 8.0, 0.0, 8.0, 4.0, 4.0]",124.0,124.0,2,qxgij9sh,,,,,0
13,dadcupjc,,0,308,307,post_exp,FinalForProlific,2026-05-21 00:20:13.202022,1,,,5593.0,1,,0.0,c3c9b9e6-950b-4a63-80d2-b0b2617b6b91,2759.0,20.0,4.0,80.0,2839.0,,2600.0,20.0,,,,,0.0,0,,,3,8490c6be-1812-46e5-9de4-837c2d95dbbc,https://london-trader-6b45bffdcd02.herokuapp.com,wss://london-trader-6b45bffdcd02.herokuapp.com,,1,6,ghp,gamified,human_only,0.0,0,3,"[8.0, 4.0, 20.0, 8.0, 8.0, 20.0, 20.0, 4.0, 20.0, 4.0, 20.0, 0.0, 8.0, 8.0, 8.0, 8.0, 8.0, 4.0, 4.0, 20.0, 0.0, 0.0, 8.0, 4.0, 4.0, 4.0, 20.0, 8.0, 8.0, 0.0, 8.0, 4.0, 4.0]",10.0,10.0,2,qxgij9sh,,,,,0
14,stzawa55,,0,308,307,post_exp,FinalForProlific,2026-05-21 00:20:13.207535,1,,,6667.0,2,,0.0,b2b17640-6aa6-4210-b8c2-a7730752e50b,4032.0,10.0,4.0,40.0,4072.0,,3800.0,10.0,,,,,0.0,0,,,3,8490c6be-1812-46e5-9de4-837c2d95dbbc,https://london-trader-6b45bffdcd02.herokuapp.com,wss://london-trader-6b45bffdcd02.herokuapp.com,,1,6,ghp,gamified,human_only,0.0,0,3,"[8.0, 4.0, 20.0, 8.0, 8.0, 20.0, 20.0, 4.0, 20.0, 4.0, 20.0, 0.0, 8.0, 8.0, 8.0, 8.0, 8.0, 4.0, 4.0, 20.0, 0.0, 0.0, 8.0, 4.0, 4.0, 4.0, 20.0, 8.0, 8.0, 0.0, 8.0, 4.0, 4.0]",10.0,10.0,2,qxgij9sh,,,,,0
15,ja9vp1ab,,0,308,307,post_exp,FinalForProlific,2026-05-21 00:20:13.214591,1,,,7291.0,3,,0.0,721ac67f-0583-4579-82ce-6cf2ceaa4de9,2824.0,21.0,4.0,84.0,2908.0,,2600.0,20.0,,,,,0.0,0,,,3,8490c6be-1812-46e5-9de4-837c2d95dbbc,https://london-trader-6b45bffdcd02.herokuapp.com,wss://london-trader-6b45bffdcd02.herokuapp.com,,1,6,ghp,gamified,human_only,0.0,0,3,"[8.0, 4.0, 20.0, 8.0, 8.0, 20.0, 20.0, 4.0, 20.0, 4.0, 20.0, 0.0, 8.0, 8.0, 8.0, 8.0, 8.0, 4.0, 4.0, 20.0, 0.0, 0.0, 8.0, 4.0, 4.0, 4.0, 20.0, 8.0, 8.0, 0.0, 8.0, 4.0, 4.0]",10.0,10.0,2,qxgij9sh,,,,,0
16,tzbpp88u,,0,308,307,post_exp,FinalForProlific,2026-05-21 00:20:13.221123,1,,,5765.0,4,,0.0,626dd247-ec10-4400-ad22-f0d7e9367f61,3891.0,8.0,4.0,32.0,3923.0,,3800.0,10.0,,,,,0.0,0,,,3,8490c6be-1812-46e5-9de4-837c2d95dbbc,https://london-trader-6b45bffdcd02.herokuapp.com,wss://london-trader-6b45bffdcd02.herokuapp.com,,1,6,ghp,gamified,human_only,0.0,0,3,"[8.0, 4.0, 20.0, 8.0, 8.0, 20.0, 20.0, 4.0, 20.0, 4.0, 20.0, 0.0, 8.0, 8.0, 8.0, 8.0, 8.0, 4.0, 4.0, 20.0, 0.0, 0.0, 8.0, 4.0, 4.0, 4.0, 20.0, 8.0, 8.0, 0.0, 8.0, 4.0, 4.0]",10.0,10.0,2,qxgij9sh,,,,,0
17,gr27p5tr,,0,308,307,post_exp,FinalForProlific,2026-05-21 00:20:13.227342,1,,,5642.0,5,,0.0,98473c5f-5f0a-4c3f-b3a1-8d2902471a9c,2609.0,23.0,4.0,92.0,2701.0,,2600.0,20.0,,,,,0.0,0,,,3,8490c6be-1812-46e5-9de4-837c2d95dbbc,https://london-trader-6b45bffdcd02.herokuapp.com,wss://london-trader-6b45bffdcd02.herokuapp.com,,1,6,ghp,gamified,human_only,0.0,0,3,"[8.0, 4.0, 20.0, 8.0, 8.0, 20.0, 20.0, 4.0, 20.0, 4.0, 20.0, 0.0, 8.0, 8.0, 8.0, 8.0, 8.0, 4.0, 4.0, 20.0, 0.0, 0.0, 8.0, 4.0, 4.0, 4.0, 20.0, 8.0, 8.0, 0.0, 8.0, 4.0, 4.0]",10.0,10.0,2,qxgij9sh,,,,,0
18,e60078af,,0,308,307,post_exp,FinalForProlific,2026-05-21 00:20:13.233350,1,,,4972.0,6,,0.0,8de2357b-8b85-40bf-b05b-0560f9133647,3805.0,11.0,4.0,44.0,3849.0,,3800.0,10.0,,,,,0.0,0,,,3,8490c6be-1812-46e5-9de4-837c2d95dbbc,https://london-trader-6b45bffdcd02.herokuapp.com,wss://london-trader-6b45bffdcd02.herokuapp.com,,1,6,ghp,gamified,human_only,0.0,0,3,"[8.0, 4.0, 20.0, 8.0, 8.0, 20.0, 20.0, 4.0, 20.0, 4.0, 20.0, 0.0, 8.0, 8.0, 8.0, 8.0, 8.0, 4.0, 4.0, 20.0, 0.0, 0.0, 8.0, 4.0, 4.0, 4.0, 20.0, 8.0, 8.0, 0.0, 8.0, 4.0, 4.0]",10.0,10.0,2,qxgij9sh,,,,,0
19,9mtusmd8,,0,308,307,post_exp,FinalForProlific,2026-05-21 00:20:13.239722,1,,,5453.0,1,,0.0,8cfb353a-0dbc-465b-8230-0b6475c8bf52,3008.0,18.0,4.0,72.0,3080.0,,2600.0,20.0,,,,,0.0,0,,,4,92d093d7-e96c-43b8-b156-a228c9004250,https://london-trader-6b45bffdcd02.herokuapp.com,wss://london-trader-6b45bffdcd02.herokuapp.com,,1,1,ng,non_gamified,human_only,0.0,1,3,"[8.0, 4.0, 20.0, 8.0, 8.0, 20.0, 20.0, 4.0, 20.0, 4.0, 20.0, 0.0, 8.0, 8.0, 8.0, 8.0, 8.0, 4.0, 4.0, 20.0, 0.0, 0.0, 8.0, 4.0, 4.0, 4.0, 20.0, 8.0, 8.0, 0.0, 8.0, 4.0, 4.0]",120.0,120.0,2,qxgij9sh,,,,,0
1,g9jo03o9,,0,308,307,post_exp,FinalForProlific,2026-05-21 00:20:12.875424,1,,,5611.0,1,,0.0,5c648286-e69d-40ce-b62f-48fb78920930,2844.0,20.0,20.0,400.0,3244.0,,2600.0,20.0,,,,,0.0,0,,,1,6bb98571-90cc-44bc-8195-dcbd5cabf3cf,https://london-trader-6b45bffdcd02.herokuapp.com,wss://london-trader-6b45bffdcd02.herokuapp.com,,1,6,ghp,gamified,human_only,0.0,0,3,"[8.0, 4.0, 20.0, 8.0, 8.0, 20.0, 20.0, 4.0, 20.0, 4.0, 20.0, 0.0, 8.0, 8.0, 8.0, 8.0, 8.0, 4.0, 4.0, 20.0, 0.0, 0.0, 8.0, 4.0, 4.0, 4.0, 20.0, 8.0, 8.0, 0.0, 8.0, 4.0, 4.0]",160.63,160.63,3,qxgij9sh,,,,,0
2,h0ebvwds,,0,308,307,post_exp,FinalForProlific,2026-05-21 00:20:13.125533,1,,,5268.0,2,,0.0,61343cb8-5203-47ea-834b-4f691d01a63a,3694.0,12.0,20.0,240.0,3934.0,,3800.0,10.0,,,,,0.0,0,,,1,6bb98571-90cc-44bc-8195-dcbd5cabf3cf,https://london-trader-6b45bffdcd02.herokuapp.com,wss://london-trader-6b45bffdcd02.herokuapp.com,,1,6,ghp,gamified,human_only,0.0,0,3,"[8.0, 4.0, 20.0, 8.0, 8.0, 20.0, 20.0, 4.0, 20.0, 4.0, 20.0, 0.0, 8.0, 8.0, 8.0, 8.0, 8.0, 4.0, 4.0, 20.0, 0.0, 0.0, 8.0, 4.0, 4.0, 4.0, 20.0, 8.0, 8.0, 0.0, 8.0, 4.0, 4.0]",160.63,160.63,3,qxgij9sh,,,,,0
3,u2aoz11d,,0,308,307,post_exp,FinalForProlific,2026-05-21 00:20:13.130849,1,,,4992.0,3,,0.0,a7fcbab8-b26b-4a15-b835-2158ebdbd493,2691.0,22.0,20.0,440.0,3131.0,,2600.0,20.0,,,,,0.0,0,,,1,6bb98571-90cc-44bc-8195-dcbd5cabf3cf,https://london-trader-6b45bffdcd02.herokuapp.com,wss://london-trader-6b45bffdcd02.herokuapp.com,,1,6,ghp,gamified,human_only,0.0,0,3,"[8.0, 4.0, 20.0, 8.0, 8.0, 20.0, 20.0, 4.0, 20.0, 4.0, 20.0, 0.0, 8.0, 8.0, 8.0, 8.0, 8.0, 4.0, 4.0, 20.0, 0.0, 0.0, 8.0, 4.0, 4.0, 4.0, 20.0, 8.0, 8.0, 0.0, 8.0, 4.0, 4.0]",160.63,160.63,3,qxgij9sh,,,,,0
4,90ay03zv,,0,308,307,post_exp,FinalForProlific,2026-05-21 00:20:13.140123,1,,,4543.0,4,,0.0,675f5b79-c49c-4670-a479-09245235e44d,3767.0,11.0,20.0,220.0,3987.0,,3800.0,10.0,,,,,0.0,0,,,1,6bb98571-90cc-44bc-8195-dcbd5cabf3cf,https://london-trader-6b45bffdcd02.herokuapp.com,wss://london-trader-6b45bffdcd02.herokuapp.com,,1,6,ghp,gamified,human_only,0.0,0,3,"[8.0, 4.0, 20.0, 8.0, 8.0, 20.0, 20.0, 4.0, 20.0, 4.0, 20.0, 0.0, 8.0, 8.0, 8.0, 8.0, 8.0, 4.0, 4.0, 20.0, 0.0, 0.0, 8.0, 4.0, 4.0, 4.0, 20.0, 8.0, 8.0, 0.0, 8.0, 4.0, 4.0]",160.63,160.63,3,qxgij9sh,,,,,0
5,ukmvlwcs,,0,308,307,post_exp,FinalForProlific,2026-05-21 00:20:13.146394,1,,,5655.0,5,,0.0,87df3c97-350a-4917-aabd-a2efd62ae54b,4025.13,16.0,20.0,320.0,4345.13,,2600.0,20.0,,,,,0.0,0,,,1,6bb98571-90cc-44bc-8195-dcbd5cabf3cf,https://london-trader-6b45bffdcd02.herokuapp.com,wss://london-trader-6b45bffdcd02.herokuapp.com,,1,6,ghp,gamified,human_only,0.0,0,3,"[8.0, 4.0, 20.0, 8.0, 8.0, 20.0, 20.0, 4.0, 20.0, 4.0, 20.0, 0.0, 8.0, 8.0, 8.0, 8.0, 8.0, 4.0, 4.0, 20.0, 0.0, 0.0, 8.0, 4.0, 4.0, 4.0, 20.0, 8.0, 8.0, 0.0, 8.0, 4.0, 4.0]",160.63,160.63,3,qxgij9sh,,,,,0
6,ehyb34jx,,0,308,307,post_exp,FinalForProlific,2026-05-21 00:20:13.152849,1,,,4044.0,6,,0.0,1483c838-9e8f-4cfd-929e-e10ec2398570,3274.87,14.0,20.0,280.0,3554.87,,3800.0,10.0,,,,,0.0,0,,,1,6bb98571-90cc-44bc-8195-dcbd5cabf3cf,https://london-trader-6b45bffdcd02.herokuapp.com,wss://london-trader-6b45bffdcd02.herokuapp.com,,1,6,ghp,gamified,human_only,0.0,0,3,"[8.0, 4.0, 20.0, 8.0, 8.0, 20.0, 20.0, 4.0, 20.0, 4.0, 20.0, 0.0, 8.0, 8.0, 8.0, 8.0, 8.0, 4.0, 4.0, 20.0, 0.0, 0.0, 8.0, 4.0, 4.0, 4.0, 20.0, 8.0, 8.0, 0.0, 8.0, 4.0, 4.0]",160.63,160.63,3,qxgij9sh,,,,,0
7,6xvvhy1g,,0,308,307,post_exp,FinalForProlific,2026-05-21 00:20:13.159196,1,,,4941.0,1,,0.0,06ada2bb-da08-4f93-a201-05175b2947e1,927.6599999999999,35.0,20.0,700.0,1627.6599999999999,,2600.0,20.0,,,,,0.0,0,,,2,aa664c73-47bd-4354-91b9-a2afb9cb41c1,https://london-trader-6b45bffdcd02.herokuapp.com,wss://london-trader-6b45bffdcd02.herokuapp.com,,1,6,ng,non_gamified,human_only,0.0,0,3,"[8.0, 4.0, 20.0, 8.0, 8.0, 20.0, 20.0, 4.0, 20.0, 4.0, 20.0, 0.0, 8.0, 8.0, 8.0, 8.0, 8.0, 4.0, 4.0, 20.0, 0.0, 0.0, 8.0, 4.0, 4.0, 4.0, 20.0, 8.0, 8.0, 0.0, 8.0, 4.0, 4.0]",121.38,121.38,3,qxgij9sh,,,,,0
8,o6ptk42l,,0,308,307,post_exp,FinalForProlific,2026-05-21 00:20:13.166131,1,,,5638.0,2,,0.0,bdcd5c2b-cfb0-4861-8e19-2b57f1c836ac,4118.15,9.0,20.0,180.0,4298.15,,3800.0,10.0,,,,,0.0,0,,,2,aa664c73-47bd-4354-91b9-a2afb9cb41c1,https://london-trader-6b45bffdcd02.herokuapp.com,wss://london-trader-6b45bffdcd02.herokuapp.com,,1,6,ng,non_gamified,human_only,0.0,0,3,"[8.0, 4.0, 20.0, 8.0, 8.0, 20.0, 20.0, 4.0, 20.0, 4.0, 20.0, 0.0, 8.0, 8.0, 8.0, 8.0, 8.0, 4.0, 4.0, 20.0, 0.0, 0.0, 8.0, 4.0, 4.0, 4.0, 20.0, 8.0, 8.0, 0.0, 8.0, 4.0, 4.0]",121.38,121.38,3,qxgij9sh,,,,,0
9,vitm387c,,0,308,307,post_exp,FinalForProlific,2026-05-21 00:20:13.172514,1,,,4427.0,3,,0.0,ecd7030a-1030-40d0-a7e3-1a1a397797a7,2964.0,19.0,20.0,380.0,3344.0,,2600.0,20.0,,,,,0.0,0,,,2,aa664c73-47bd-4354-91b9-a2afb9cb41c1,https://london-trader-6b45bffdcd02.herokuapp.com,wss://london-trader-6b45bffdcd02.herokuapp.com,,1,6,ng,non_gamified,human_only,0.0,0,3,"[8.0, 4.0, 20.0, 8.0, 8.0, 20.0, 20.0, 4.0, 20.0, 4.0, 20.0, 0.0, 8.0, 8.0, 8.0, 8.0, 8.0, 4.0, 4.0, 20.0, 0.0, 0.0, 8.0, 4.0, 4.0, 4.0, 20.0, 8.0, 8.0, 0.0, 8.0, 4.0, 4.0]",121.38,121.38,3,qxgij9sh,,,,,0
10,nngm5qgp,,0,308,307,post_exp,FinalForProlific,2026-05-21 00:20:13.181710,1,,,521.0,4,,0.0,523cd030-18bc-484c-b962-8710588707cc,3807.62,11.0,20.0,220.0,4027.62,,3800.0,10.0,,,,,0.0,0,,,2,aa664c73-47bd-4354-91b9-a2afb9cb41c1,https://london-trader-6b45bffdcd02.herokuapp.com,wss://london-trader-6b45bffdcd02.herokuapp.com,,1,6,ng,non_gamified,human_only,0.0,0,3,"[8.0, 4.0, 20.0, 8.0, 8.0, 20.0, 20.0, 4.0, 20.0, 4.0, 20.0, 0.0, 8.0, 8.0, 8.0, 8.0, 8.0, 4.0, 4.0, 20.0, 0.0, 0.0, 8.0, 4.0, 4.0, 4.0, 20.0, 8.0, 8.0, 0.0, 8.0, 4.0, 4.0]",121.38,121.38,3,qxgij9sh,,,,,0
11,9x5fpgk2,,0,308,307,post_exp,FinalForProlific,2026-05-21 00:20:13.188564,1,,,6999.0,5,,0.0,ea902618-a642-4e8a-bd02-c2a2aa4e4658,3902.5699999999997,12.0,20.0,240.0,4142.57,,2600.0,20.0,,,,,0.0,0,,,2,aa664c73-47bd-4354-91b9-a2afb9cb41c1,https://london-trader-6b45bffdcd02.herokuapp.com,wss://london-trader-6b45bffdcd02.herokuapp.com,,1,6,ng,non_gamified,human_only,0.0,0,3,"[8.0, 4.0, 20.0, 8.0, 8.0, 20.0, 20.0, 4.0, 20.0, 4.0, 20.0, 0.0, 8.0, 8.0, 8.0, 8.0, 8.0, 4.0, 4.0, 20.0, 0.0, 0.0, 8.0, 4.0, 4.0, 4.0, 20.0, 8.0, 8.0, 0.0, 8.0, 4.0, 4.0]",121.38,121.38,3,qxgij9sh,,,,,0
12,7d70uqk8,,0,308,307,post_exp,FinalForProlific,2026-05-21 00:20:13.195431,1,,,9064.0,6,,0.0,e07040e8-64cb-4d5b-bae9-c157cf336279,4572.0,4.0,20.0,80.0,4652.0,,3800.0,10.0,,,,,0.0,0,,,2,aa664c73-47bd-4354-91b9-a2afb9cb41c1,https://london-trader-6b45bffdcd02.herokuapp.com,wss://london-trader-6b45bffdcd02.herokuapp.com,,1,6,ng,non_gamified,human_only,0.0,0,3,"[8.0, 4.0, 20.0, 8.0, 8.0, 20.0, 20.0, 4.0, 20.0, 4.0, 20.0, 0.0, 8.0, 8.0, 8.0, 8.0, 8.0, 4.0, 4.0, 20.0, 0.0, 0.0, 8.0, 4.0, 4.0, 4.0, 20.0, 8.0, 8.0, 0.0, 8.0, 4.0, 4.0]",121.38,121.38,3,qxgij9sh,,,,,0
13,dadcupjc,,0,308,307,post_exp,FinalForProlific,2026-05-21 00:20:13.202022,1,,,5593.0,1,,0.0,c3c9b9e6-950b-4a63-80d2-b0b2617b6b91,2849.0,19.0,20.0,380.0,3229.0,,2600.0,20.0,,,,,0.0,0,,,3,8490c6be-1812-46e5-9de4-837c2d95dbbc,https://london-trader-6b45bffdcd02.herokuapp.com,wss://london-trader-6b45bffdcd02.herokuapp.com,,1,6,ghp,gamified,human_only,0.0,0,3,"[8.0, 4.0, 20.0, 8.0, 8.0, 20.0, 20.0, 4.0, 20.0, 4.0, 20.0, 0.0, 8.0, 8.0, 8.0, 8.0, 8.0, 4.0, 4.0, 20.0, 0.0, 0.0, 8.0, 4.0, 4.0, 4.0, 20.0, 8.0, 8.0, 0.0, 8.0, 4.0, 4.0]",90.0,90.0,3,qxgij9sh,,,,,0
14,stzawa55,,0,308,307,post_exp,FinalForProlific,2026-05-21 00:20:13.207535,1,,,6667.0,2,,0.0,b2b17640-6aa6-4210-b8c2-a7730752e50b,4048.5,11.0,20.0,220.0,4268.5,,3800.0,10.0,,,,,0.0,0,,,3,8490c6be-1812-46e5-9de4-837c2d95dbbc,https://london-trader-6b45bffdcd02.herokuapp.com,wss://london-trader-6b45bffdcd02.herokuapp.com,,1,6,ghp,gamified,human_only,0.0,0,3,"[8.0, 4.0, 20.0, 8.0, 8.0, 20.0, 20.0, 4.0, 20.0, 4.0, 20.0, 0.0, 8.0, 8.0, 8.0, 8.0, 8.0, 4.0, 4.0, 20.0, 0.0, 0.0, 8.0, 4.0, 4.0, 4.0, 20.0, 8.0, 8.0, 0.0, 8.0, 4.0, 4.0]",90.0,90.0,3,qxgij9sh,,,,,0
15,ja9vp1ab,,0,308,307,post_exp,FinalForProlific,2026-05-21 00:20:13.214591,1,,,7291.0,3,,0.0,721ac67f-0583-4579-82ce-6cf2ceaa4de9,3010.0,20.0,20.0,400.0,3410.0,,2600.0,20.0,,,,,0.0,0,,,3,8490c6be-1812-46e5-9de4-837c2d95dbbc,https://london-trader-6b45bffdcd02.herokuapp.com,wss://london-trader-6b45bffdcd02.herokuapp.com,,1,6,ghp,gamified,human_only,0.0,0,3,"[8.0, 4.0, 20.0, 8.0, 8.0, 20.0, 20.0, 4.0, 20.0, 4.0, 20.0, 0.0, 8.0, 8.0, 8.0, 8.0, 8.0, 4.0, 4.0, 20.0, 0.0, 0.0, 8.0, 4.0, 4.0, 4.0, 20.0, 8.0, 8.0, 0.0, 8.0, 4.0, 4.0]",90.0,90.0,3,qxgij9sh,,,,,0
16,tzbpp88u,,0,308,307,post_exp,FinalForProlific,2026-05-21 00:20:13.221123,1,,,5765.0,4,,0.0,626dd247-ec10-4400-ad22-f0d7e9367f61,3938.5,7.0,20.0,140.0,4078.5,,3800.0,10.0,,,,,0.0,0,,,3,8490c6be-1812-46e5-9de4-837c2d95dbbc,https://london-trader-6b45bffdcd02.herokuapp.com,wss://london-trader-6b45bffdcd02.herokuapp.com,,1,6,ghp,gamified,human_only,0.0,0,3,"[8.0, 4.0, 20.0, 8.0, 8.0, 20.0, 20.0, 4.0, 20.0, 4.0, 20.0, 0.0, 8.0, 8.0, 8.0, 8.0, 8.0, 4.0, 4.0, 20.0, 0.0, 0.0, 8.0, 4.0, 4.0, 4.0, 20.0, 8.0, 8.0, 0.0, 8.0, 4.0, 4.0]",90.0,90.0,3,qxgij9sh,,,,,0
17,gr27p5tr,,0,308,307,post_exp,FinalForProlific,2026-05-21 00:20:13.227342,1,,,5642.0,5,,0.0,98473c5f-5f0a-4c3f-b3a1-8d2902471a9c,2622.0,21.0,20.0,420.0,3042.0,,2600.0,20.0,,,,,0.0,0,,,3,8490c6be-1812-46e5-9de4-837c2d95dbbc,https://london-trader-6b45bffdcd02.herokuapp.com,wss://london-trader-6b45bffdcd02.herokuapp.com,,1,6,ghp,gamified,human_only,0.0,0,3,"[8.0, 4.0, 20.0, 8.0, 8.0, 20.0, 20.0, 4.0, 20.0, 4.0, 20.0, 0.0, 8.0, 8.0, 8.0, 8.0, 8.0, 4.0, 4.0, 20.0, 0.0, 0.0, 8.0, 4.0, 4.0, 4.0, 20.0, 8.0, 8.0, 0.0, 8.0, 4.0, 4.0]",90.0,90.0,3,qxgij9sh,,,,,0
18,e60078af,,0,308,307,post_exp,FinalForProlific,2026-05-21 00:20:13.233350,1,,,4972.0,6,,0.0,8de2357b-8b85-40bf-b05b-0560f9133647,3824.0,12.0,20.0,240.0,4064.0,,3800.0,10.0,,,,,0.0,0,,,3,8490c6be-1812-46e5-9de4-837c2d95dbbc,https://london-trader-6b45bffdcd02.herokuapp.com,wss://london-trader-6b45bffdcd02.herokuapp.com,,1,6,ghp,gamified,human_only,0.0,0,3,"[8.0, 4.0, 20.0, 8.0, 8.0, 20.0, 20.0, 4.0, 20.0, 4.0, 20.0, 0.0, 8.0, 8.0, 8.0, 8.0, 8.0, 4.0, 4.0, 20.0, 0.0, 0.0, 8.0, 4.0, 4.0, 4.0, 20.0, 8.0, 8.0, 0.0, 8.0, 4.0, 4.0]",90.0,90.0,3,qxgij9sh,,,,,0
19,9mtusmd8,,0,308,307,post_exp,FinalForProlific,2026-05-21 00:20:13.239722,1,,,5453.0,1,,0.0,8cfb353a-0dbc-465b-8230-0b6475c8bf52,3323.0,16.0,20.0,320.0,3643.0,,2600.0,20.0,,,,,0.0,0,,,4,92d093d7-e96c-43b8-b156-a228c9004250,https://london-trader-6b45bffdcd02.herokuapp.com,wss://london-trader-6b45bffdcd02.herokuapp.com,,1,1,ng,non_gamified,human_only,0.0,1,3,"[8.0, 4.0, 20.0, 8.0, 8.0, 20.0, 20.0, 4.0, 20.0, 4.0, 20.0, 0.0, 8.0, 8.0, 8.0, 8.0, 8.0, 4.0, 4.0, 20.0, 0.0, 0.0, 8.0, 4.0, 4.0, 4.0, 20.0, 8.0, 8.0, 0.0, 8.0, 4.0, 4.0]",122.0,122.0,3,qxgij9sh,,,,,0
1,g9jo03o9,,0,308,307,post_exp,FinalForProlific,2026-05-21 00:20:12.875424,1,,,5611.0,1,,0.0,30fc2b4e-6bfb-433a-804d-56f7e84d7ba3,2600.0,20.0,8.0,160.0,2760.0,,2600.0,20.0,,,,,0.0,0,,,1,c790e030-d023-437b-b3f5-54393dc4bea4,https://london-trader-6b45bffdcd02.herokuapp.com,wss://london-trader-6b45bffdcd02.herokuapp.com,,1,6,ghp,gamified,human_only,0.0,0,15,"[8.0, 4.0, 20.0, 8.0, 8.0, 20.0, 20.0, 4.0, 20.0, 4.0, 20.0, 0.0, 8.0, 8.0, 8.0, 8.0, 8.0, 4.0, 4.0, 20.0, 0.0, 0.0, 8.0, 4.0, 4.0, 4.0, 20.0, 8.0, 8.0, 0.0, 8.0, 4.0, 4.0]",160.0,160.0,4,qxgij9sh,,,,,0
2,h0ebvwds,,0,308,307,post_exp,FinalForProlific,2026-05-21 00:20:13.125533,1,,,5268.0,2,,0.0,7282a71b-4af9-4161-9243-59a7200491a8,3980.0,9.0,8.0,72.0,4052.0,,3800.0,10.0,,,,,0.0,0,,,1,c790e030-d023-437b-b3f5-54393dc4bea4,https://london-trader-6b45bffdcd02.herokuapp.com,wss://london-trader-6b45bffdcd02.herokuapp.com,,1,6,ghp,gamified,human_only,0.0,0,15,"[8.0, 4.0, 20.0, 8.0, 8.0, 20.0, 20.0, 4.0, 20.0, 4.0, 20.0, 0.0, 8.0, 8.0, 8.0, 8.0, 8.0, 4.0, 4.0, 20.0, 0.0, 0.0, 8.0, 4.0, 4.0, 4.0, 20.0, 8.0, 8.0, 0.0, 8.0, 4.0, 4.0]",160.0,160.0,4,qxgij9sh,,,,,0
3,u2aoz11d,,0,308,307,post_exp,FinalForProlific,2026-05-21 00:20:13.130849,1,,,4992.0,3,,0.0,9d5dfc26-db4a-4f04-a070-57ca9e03a8a8,2240.0,24.0,8.0,192.0,2432.0,,2600.0,20.0,,,,,0.0,0,,,1,c790e030-d023-437b-b3f5-54393dc4bea4,https://london-trader-6b45bffdcd02.herokuapp.com,wss://london-trader-6b45bffdcd02.herokuapp.com,,1,6,ghp,gamified,human_only,0.0,0,15,"[8.0, 4.0, 20.0, 8.0, 8.0, 20.0, 20.0, 4.0, 20.0, 4.0, 20.0, 0.0, 8.0, 8.0, 8.0, 8.0, 8.0, 4.0, 4.0, 20.0, 0.0, 0.0, 8.0, 4.0, 4.0, 4.0, 20.0, 8.0, 8.0, 0.0, 8.0, 4.0, 4.0]",160.0,160.0,4,qxgij9sh,,,,,0
4,90ay03zv,,0,308,307,post_exp,FinalForProlific,2026-05-21 00:20:13.140123,1,,,4543.0,4,,0.0,f9508a9f-40fc-4e43-82d6-2a10682c80ee,4160.0,8.0,8.0,64.0,4224.0,,3800.0,10.0,,,,,0.0,0,,,1,c790e030-d023-437b-b3f5-54393dc4bea4,https://london-trader-6b45bffdcd02.herokuapp.com,wss://london-trader-6b45bffdcd02.herokuapp.com,,1,6,ghp,gamified,human_only,0.0,0,15,"[8.0, 4.0, 20.0, 8.0, 8.0, 20.0, 20.0, 4.0, 20.0, 4.0, 20.0, 0.0, 8.0, 8.0, 8.0, 8.0, 8.0, 4.0, 4.0, 20.0, 0.0, 0.0, 8.0, 4.0, 4.0, 4.0, 20.0, 8.0, 8.0, 0.0, 8.0, 4.0, 4.0]",160.0,160.0,4,qxgij9sh,,,,,0
5,ukmvlwcs,,0,308,307,post_exp,FinalForProlific,2026-05-21 00:20:13.146394,1,,,5655.0,5,,0.0,fc375a6c-df52-4846-b92d-128b8b2369fb,3620.0,19.0,8.0,152.0,3772.0,,2600.0,20.0,,,,,0.0,0,,,1,c790e030-d023-437b-b3f5-54393dc4bea4,https://london-trader-6b45bffdcd02.herokuapp.com,wss://london-trader-6b45bffdcd02.herokuapp.com,,1,6,ghp,gamified,human_only,0.0,0,15,"[8.0, 4.0, 20.0, 8.0, 8.0, 20.0, 20.0, 4.0, 20.0, 4.0, 20.0, 0.0, 8.0, 8.0, 8.0, 8.0, 8.0, 4.0, 4.0, 20.0, 0.0, 0.0, 8.0, 4.0, 4.0, 4.0, 20.0, 8.0, 8.0, 0.0, 8.0, 4.0, 4.0]",160.0,160.0,4,qxgij9sh,,,,,0
6,ehyb34jx,,0,308,307,post_exp,FinalForProlific,2026-05-21 00:20:13.152849,1,,,4044.0,6,,0.0,29263d52-43a8-41f9-8fac-174bd27a3cac,2600.0,17.0,8.0,136.0,2736.0,,3800.0,10.0,,,,,0.0,0,,,1,c790e030-d023-437b-b3f5-54393dc4bea4,https://london-trader-6b45bffdcd02.herokuapp.com,wss://london-trader-6b45bffdcd02.herokuapp.com,,1,6,ghp,gamified,human_only,0.0,0,15,"[8.0, 4.0, 20.0, 8.0, 8.0, 20.0, 20.0, 4.0, 20.0, 4.0, 20.0, 0.0, 8.0, 8.0, 8.0, 8.0, 8.0, 4.0, 4.0, 20.0, 0.0, 0.0, 8.0, 4.0, 4.0, 4.0, 20.0, 8.0, 8.0, 0.0, 8.0, 4.0, 4.0]",160.0,160.0,4,qxgij9sh,,,,,0
7,6xvvhy1g,,0,308,307,post_exp,FinalForProlific,2026-05-21 00:20:13.159196,1,,,4941.0,1,,0.0,805afd8a-f298-447c-b524-fcfacc9b528f,2720.0,21.0,8.0,168.0,2888.0,,2600.0,20.0,,,,,0.0,0,,,2,1929c09c-602b-4617-8659-48b1a29c8097,https://london-trader-6b45bffdcd02.herokuapp.com,wss://london-trader-6b45bffdcd02.herokuapp.com,,1,6,ng,non_gamified,human_only,0.0,0,15,"[8.0, 4.0, 20.0, 8.0, 8.0, 20.0, 20.0, 4.0, 20.0, 4.0, 20.0, 0.0, 8.0, 8.0, 8.0, 8.0, 8.0, 4.0, 4.0, 20.0, 0.0, 0.0, 8.0, 4.0, 4.0, 4.0, 20.0, 8.0, 8.0, 0.0, 8.0, 4.0, 4.0]",126.0,126.0,4,qxgij9sh,,,,,0
8,o6ptk42l,,0,308,307,post_exp,FinalForProlific,2026-05-21 00:20:13.166131,1,,,5638.0,2,,0.0,fc1e2a3f-5601-4c5f-9adf-19d17e6e5667,3814.0,12.0,8.0,96.0,3910.0,,3800.0,10.0,,,,,0.0,0,,,2,1929c09c-602b-4617-8659-48b1a29c8097,https://london-trader-6b45bffdcd02.herokuapp.com,wss://london-trader-6b45bffdcd02.herokuapp.com,,1,6,ng,non_gamified,human_only,0.0,0,15,"[8.0, 4.0, 20.0, 8.0, 8.0, 20.0, 20.0, 4.0, 20.0, 4.0, 20.0, 0.0, 8.0, 8.0, 8.0, 8.0, 8.0, 4.0, 4.0, 20.0, 0.0, 0.0, 8.0, 4.0, 4.0, 4.0, 20.0, 8.0, 8.0, 0.0, 8.0, 4.0, 4.0]",126.0,126.0,4,qxgij9sh,,,,,0
9,vitm387c,,0,308,307,post_exp,FinalForProlific,2026-05-21 00:20:13.172514,1,,,4427.0,3,,0.0,79bc089c-0e42-4ffb-a089-d39727a7ad5e,2966.5,17.0,8.0,136.0,3102.5,,2600.0,20.0,,,,,0.0,0,,,2,1929c09c-602b-4617-8659-48b1a29c8097,https://london-trader-6b45bffdcd02.herokuapp.com,wss://london-trader-6b45bffdcd02.herokuapp.com,,1,6,ng,non_gamified,human_only,0.0,0,15,"[8.0, 4.0, 20.0, 8.0, 8.0, 20.0, 20.0, 4.0, 20.0, 4.0, 20.0, 0.0, 8.0, 8.0, 8.0, 8.0, 8.0, 4.0, 4.0, 20.0, 0.0, 0.0, 8.0, 4.0, 4.0, 4.0, 20.0, 8.0, 8.0, 0.0, 8.0, 4.0, 4.0]",126.0,126.0,4,qxgij9sh,,,,,0
10,nngm5qgp,,0,308,307,post_exp,FinalForProlific,2026-05-21 00:20:13.181710,1,,,521.0,4,,0.0,cd733786-3f26-45f5-9434-5391feb2db91,3583.0,12.0,8.0,96.0,3679.0,,3800.0,10.0,,,,,0.0,0,,,2,1929c09c-602b-4617-8659-48b1a29c8097,https://london-trader-6b45bffdcd02.herokuapp.com,wss://london-trader-6b45bffdcd02.herokuapp.com,,1,6,ng,non_gamified,human_only,0.0,0,15,"[8.0, 4.0, 20.0, 8.0, 8.0, 20.0, 20.0, 4.0, 20.0, 4.0, 20.0, 0.0, 8.0, 8.0, 8.0, 8.0, 8.0, 4.0, 4.0, 20.0, 0.0, 0.0, 8.0, 4.0, 4.0, 4.0, 20.0, 8.0, 8.0, 0.0, 8.0, 4.0, 4.0]",126.0,126.0,4,qxgij9sh,,,,,0
11,9x5fpgk2,,0,308,307,post_exp,FinalForProlific,2026-05-21 00:20:13.188564,1,,,6999.0,5,,0.0,e3a0615f-a8a1-4546-bc68-9c947e9bf488,2557.25,21.0,8.0,168.0,2725.25,,2600.0,20.0,,,,,0.0,0,,,2,1929c09c-602b-4617-8659-48b1a29c8097,https://london-trader-6b45bffdcd02.herokuapp.com,wss://london-trader-6b45bffdcd02.herokuapp.com,,1,6,ng,non_gamified,human_only,0.0,0,15,"[8.0, 4.0, 20.0, 8.0, 8.0, 20.0, 20.0, 4.0, 20.0, 4.0, 20.0, 0.0, 8.0, 8.0, 8.0, 8.0, 8.0, 4.0, 4.0, 20.0, 0.0, 0.0, 8.0, 4.0, 4.0, 4.0, 20.0, 8.0, 8.0, 0.0, 8.0, 4.0, 4.0]",126.0,126.0,4,qxgij9sh,,,,,0
12,7d70uqk8,,0,308,307,post_exp,FinalForProlific,2026-05-21 00:20:13.195431,1,,,9064.0,6,,0.0,eae02f14-4e82-48f4-9971-bdb53d8c832b,3559.25,13.0,8.0,104.0,3663.25,,3800.0,10.0,,,,,0.0,0,,,2,1929c09c-602b-4617-8659-48b1a29c8097,https://london-trader-6b45bffdcd02.herokuapp.com,wss://london-trader-6b45bffdcd02.herokuapp.com,,1,6,ng,non_gamified,human_only,0.0,0,15,"[8.0, 4.0, 20.0, 8.0, 8.0, 20.0, 20.0, 4.0, 20.0, 4.0, 20.0, 0.0, 8.0, 8.0, 8.0, 8.0, 8.0, 4.0, 4.0, 20.0, 0.0, 0.0, 8.0, 4.0, 4.0, 4.0, 20.0, 8.0, 8.0, 0.0, 8.0, 4.0, 4.0]",126.0,126.0,4,qxgij9sh,,,,,0
13,dadcupjc,,0,308,307,post_exp,FinalForProlific,2026-05-21 00:20:13.202022,1,,,5593.0,1,,0.0,bc406764-852c-4301-aac5-ffda79e1d352,2609.0,19.0,8.0,152.0,2761.0,,2600.0,20.0,,,,,0.0,0,,,3,562efb1b-a346-43e9-8059-5c07029ce57e,https://london-trader-6b45bffdcd02.herokuapp.com,wss://london-trader-6b45bffdcd02.herokuapp.com,,1,6,ghp,gamified,human_only,0.0,0,15,"[8.0, 4.0, 20.0, 8.0, 8.0, 20.0, 20.0, 4.0, 20.0, 4.0, 20.0, 0.0, 8.0, 8.0, 8.0, 8.0, 8.0, 4.0, 4.0, 20.0, 0.0, 0.0, 8.0, 4.0, 4.0, 4.0, 20.0, 8.0, 8.0, 0.0, 8.0, 4.0, 4.0]",7.0,7.0,4,qxgij9sh,,,,,0
14,stzawa55,,0,308,307,post_exp,FinalForProlific,2026-05-21 00:20:13.207535,1,,,6667.0,2,,0.0,90a3d963-fbea-46b9-8de6-7bf9d6b601c5,3777.0,12.0,8.0,96.0,3873.0,,3800.0,10.0,,,,,0.0,0,,,3,562efb1b-a346-43e9-8059-5c07029ce57e,https://london-trader-6b45bffdcd02.herokuapp.com,wss://london-trader-6b45bffdcd02.herokuapp.com,,1,6,ghp,gamified,human_only,0.0,0,15,"[8.0, 4.0, 20.0, 8.0, 8.0, 20.0, 20.0, 4.0, 20.0, 4.0, 20.0, 0.0, 8.0, 8.0, 8.0, 8.0, 8.0, 4.0, 4.0, 20.0, 0.0, 0.0, 8.0, 4.0, 4.0, 4.0, 20.0, 8.0, 8.0, 0.0, 8.0, 4.0, 4.0]",7.0,7.0,4,qxgij9sh,,,,,0
15,ja9vp1ab,,0,308,307,post_exp,FinalForProlific,2026-05-21 00:20:13.214591,1,,,7291.0,3,,0.0,0eef23b9-e989-4879-a424-0549e92340f7,2626.0,18.0,8.0,144.0,2770.0,,2600.0,20.0,,,,,0.0,0,,,3,562efb1b-a346-43e9-8059-5c07029ce57e,https://london-trader-6b45bffdcd02.herokuapp.com,wss://london-trader-6b45bffdcd02.herokuapp.com,,1,6,ghp,gamified,human_only,0.0,0,15,"[8.0, 4.0, 20.0, 8.0, 8.0, 20.0, 20.0, 4.0, 20.0, 4.0, 20.0, 0.0, 8.0, 8.0, 8.0, 8.0, 8.0, 4.0, 4.0, 20.0, 0.0, 0.0, 8.0, 4.0, 4.0, 4.0, 20.0, 8.0, 8.0, 0.0, 8.0, 4.0, 4.0]",7.0,7.0,4,qxgij9sh,,,,,0
16,tzbpp88u,,0,308,307,post_exp,FinalForProlific,2026-05-21 00:20:13.221123,1,,,5765.0,4,,0.0,51571e52-e5e1-4e31-b9d8-616043a0be9a,3802.0,10.0,8.0,80.0,3882.0,,3800.0,10.0,,,,,0.0,0,,,3,562efb1b-a346-43e9-8059-5c07029ce57e,https://london-trader-6b45bffdcd02.herokuapp.com,wss://london-trader-6b45bffdcd02.herokuapp.com,,1,6,ghp,gamified,human_only,0.0,0,15,"[8.0, 4.0, 20.0, 8.0, 8.0, 20.0, 20.0, 4.0, 20.0, 4.0, 20.0, 0.0, 8.0, 8.0, 8.0, 8.0, 8.0, 4.0, 4.0, 20.0, 0.0, 0.0, 8.0, 4.0, 4.0, 4.0, 20.0, 8.0, 8.0, 0.0, 8.0, 4.0, 4.0]",7.0,7.0,4,qxgij9sh,,,,,0
17,gr27p5tr,,0,308,307,post_exp,FinalForProlific,2026-05-21 00:20:13.227342,1,,,5642.0,5,,0.0,6c1cc253-2d3c-4c02-96fe-14e14b6bdce5,2586.0,21.0,8.0,168.0,2754.0,,2600.0,20.0,,,,,0.0,0,,,3,562efb1b-a346-43e9-8059-5c07029ce57e,https://london-trader-6b45bffdcd02.herokuapp.com,wss://london-trader-6b45bffdcd02.herokuapp.com,,1,6,ghp,gamified,human_only,0.0,0,15,"[8.0, 4.0, 20.0, 8.0, 8.0, 20.0, 20.0, 4.0, 20.0, 4.0, 20.0, 0.0, 8.0, 8.0, 8.0, 8.0, 8.0, 4.0, 4.0, 20.0, 0.0, 0.0, 8.0, 4.0, 4.0, 4.0, 20.0, 8.0, 8.0, 0.0, 8.0, 4.0, 4.0]",7.0,7.0,4,qxgij9sh,,,,,0
18,e60078af,,0,308,307,post_exp,FinalForProlific,2026-05-21 00:20:13.233350,1,,,4972.0,6,,0.0,da37c669-bb41-4646-a780-46fa1fade433,3800.0,10.0,8.0,80.0,3880.0,,3800.0,10.0,,,,,0.0,0,,,3,562efb1b-a346-43e9-8059-5c07029ce57e,https://london-trader-6b45bffdcd02.herokuapp.com,wss://london-trader-6b45bffdcd02.herokuapp.com,,1,6,ghp,gamified,human_only,0.0,0,15,"[8.0, 4.0, 20.0, 8.0, 8.0, 20.0, 20.0, 4.0, 20.0, 4.0, 20.0, 0.0, 8.0, 8.0, 8.0, 8.0, 8.0, 4.0, 4.0, 20.0, 0.0, 0.0, 8.0, 4.0, 4.0, 4.0, 20.0, 8.0, 8.0, 0.0, 8.0, 4.0, 4.0]",7.0,7.0,4,qxgij9sh,,,,,0
19,9mtusmd8,,0,308,307,post_exp,FinalForProlific,2026-05-21 00:20:13.239722,1,,,5453.0,1,,0.0,276f00ae-8bbf-4cb6-ba2f-f601558a0f62,2490.0,22.0,8.0,176.0,2666.0,,2600.0,20.0,,,,,0.0,0,,,4,587a57e3-5de4-4574-996d-f2bfa0659c2c,https://london-trader-6b45bffdcd02.herokuapp.com,wss://london-trader-6b45bffdcd02.herokuapp.com,,1,1,ng,non_gamified,human_only,0.0,1,15,"[8.0, 4.0, 20.0, 8.0, 8.0, 20.0, 20.0, 4.0, 20.0, 4.0, 20.0, 0.0, 8.0, 8.0, 8.0, 8.0, 8.0, 4.0, 4.0, 20.0, 0.0, 0.0, 8.0, 4.0, 4.0, 4.0, 20.0, 8.0, 8.0, 0.0, 8.0, 4.0, 4.0]",110.0,110.0,4,qxgij9sh,,,,,0
1,g9jo03o9,,0,308,307,post_exp,FinalForProlific,2026-05-21 00:20:12.875424,1,,,5611.0,1,,0.0,30fc2b4e-6bfb-433a-804d-56f7e84d7ba3,2760.0,20.0,8.0,160.0,2920.0,,2600.0,20.0,,,,,0.0,0,,,1,c790e030-d023-437b-b3f5-54393dc4bea4,https://london-trader-6b45bffdcd02.herokuapp.com,wss://london-trader-6b45bffdcd02.herokuapp.com,,1,6,ghp,gamified,human_only,0.0,0,15,"[8.0, 4.0, 20.0, 8.0, 8.0, 20.0, 20.0, 4.0, 20.0, 4.0, 20.0, 0.0, 8.0, 8.0, 8.0, 8.0, 8.0, 4.0, 4.0, 20.0, 0.0, 0.0, 8.0, 4.0, 4.0, 4.0, 20.0, 8.0, 8.0, 0.0, 8.0, 4.0, 4.0]",159.23,159.23,5,qxgij9sh,,,,,0
2,h0ebvwds,,0,308,307,post_exp,FinalForProlific,2026-05-21 00:20:13.125533,1,,,5268.0,2,,0.0,7282a71b-4af9-4161-9243-59a7200491a8,4207.63,8.0,8.0,64.0,4271.63,,3800.0,10.0,,,,,0.0,0,,,1,c790e030-d023-437b-b3f5-54393dc4bea4,https://london-trader-6b45bffdcd02.herokuapp.com,wss://london-trader-6b45bffdcd02.herokuapp.com,,1,6,ghp,gamified,human_only,0.0,0,15,"[8.0, 4.0, 20.0, 8.0, 8.0, 20.0, 20.0, 4.0, 20.0, 4.0, 20.0, 0.0, 8.0, 8.0, 8.0, 8.0, 8.0, 4.0, 4.0, 20.0, 0.0, 0.0, 8.0, 4.0, 4.0, 4.0, 20.0, 8.0, 8.0, 0.0, 8.0, 4.0, 4.0]",159.23,159.23,5,qxgij9sh,,,,,0
3,u2aoz11d,,0,308,307,post_exp,FinalForProlific,2026-05-21 00:20:13.130849,1,,,4992.0,3,,0.0,9d5dfc26-db4a-4f04-a070-57ca9e03a8a8,2094.88,24.0,8.0,192.0,2286.88,,2600.0,20.0,,,,,0.0,0,,,1,c790e030-d023-437b-b3f5-54393dc4bea4,https://london-trader-6b45bffdcd02.herokuapp.com,wss://london-trader-6b45bffdcd02.herokuapp.com,,1,6,ghp,gamified,human_only,0.0,0,15,"[8.0, 4.0, 20.0, 8.0, 8.0, 20.0, 20.0, 4.0, 20.0, 4.0, 20.0, 0.0, 8.0, 8.0, 8.0, 8.0, 8.0, 4.0, 4.0, 20.0, 0.0, 0.0, 8.0, 4.0, 4.0, 4.0, 20.0, 8.0, 8.0, 0.0, 8.0, 4.0, 4.0]",159.23,159.23,5,qxgij9sh,,,,,0
4,90ay03zv,,0,308,307,post_exp,FinalForProlific,2026-05-21 00:20:13.140123,1,,,4543.0,4,,0.0,f9508a9f-40fc-4e43-82d6-2a10682c80ee,4065.0200000000004,9.0,8.0,72.0,4137.02,,3800.0,10.0,,,,,0.0,0,,,1,c790e030-d023-437b-b3f5-54393dc4bea4,https://london-trader-6b45bffdcd02.herokuapp.com,wss://london-trader-6b45bffdcd02.herokuapp.com,,1,6,ghp,gamified,human_only,0.0,0,15,"[8.0, 4.0, 20.0, 8.0, 8.0, 20.0, 20.0, 4.0, 20.0, 4.0, 20.0, 0.0, 8.0, 8.0, 8.0, 8.0, 8.0, 4.0, 4.0, 20.0, 0.0, 0.0, 8.0, 4.0, 4.0, 4.0, 20.0, 8.0, 8.0, 0.0, 8.0, 4.0, 4.0]",159.23,159.23,5,qxgij9sh,,,,,0
5,ukmvlwcs,,0,308,307,post_exp,FinalForProlific,2026-05-21 00:20:13.146394,1,,,5655.0,5,,0.0,fc375a6c-df52-4846-b92d-128b8b2369fb,5571.53,6.0,8.0,48.0,5619.53,,2600.0,20.0,,,,,0.0,0,,,1,c790e030-d023-437b-b3f5-54393dc4bea4,https://london-trader-6b45bffdcd02.herokuapp.com,wss://london-trader-6b45bffdcd02.herokuapp.com,,1,6,ghp,gamified,human_only,0.0,0,15,"[8.0, 4.0, 20.0, 8.0, 8.0, 20.0, 20.0, 4.0, 20.0, 4.0, 20.0, 0.0, 8.0, 8.0, 8.0, 8.0, 8.0, 4.0, 4.0, 20.0, 0.0, 0.0, 8.0, 4.0, 4.0, 4.0, 20.0, 8.0, 8.0, 0.0, 8.0, 4.0, 4.0]",159.23,159.23,5,qxgij9sh,,,,,0
6,ehyb34jx,,0,308,307,post_exp,FinalForProlific,2026-05-21 00:20:13.152849,1,,,4044.0,6,,0.0,29263d52-43a8-41f9-8fac-174bd27a3cac,1276.9399999999996,26.0,8.0,208.0,1484.9399999999996,,3800.0,10.0,,,,,0.0,0,,,1,c790e030-d023-437b-b3f5-54393dc4bea4,https://london-trader-6b45bffdcd02.herokuapp.com,wss://london-trader-6b45bffdcd02.herokuapp.com,,1,6,ghp,gamified,human_only,0.0,0,15,"[8.0, 4.0, 20.0, 8.0, 8.0, 20.0, 20.0, 4.0, 20.0, 4.0, 20.0, 0.0, 8.0, 8.0, 8.0, 8.0, 8.0, 4.0, 4.0, 20.0, 0.0, 0.0, 8.0, 4.0, 4.0, 4.0, 20.0, 8.0, 8.0, 0.0, 8.0, 4.0, 4.0]",159.23,159.23,5,qxgij9sh,,,,,0
7,6xvvhy1g,,0,308,307,post_exp,FinalForProlific,2026-05-21 00:20:13.159196,1,,,4941.0,1,,0.0,805afd8a-f298-447c-b524-fcfacc9b528f,292.55999999999995,39.0,8.0,312.0,604.56,,2600.0,20.0,,,,,0.0,0,,,2,1929c09c-602b-4617-8659-48b1a29c8097,https://london-trader-6b45bffdcd02.herokuapp.com,wss://london-trader-6b45bffdcd02.herokuapp.com,,1,6,ng,non_gamified,human_only,0.0,0,15,"[8.0, 4.0, 20.0, 8.0, 8.0, 20.0, 20.0, 4.0, 20.0, 4.0, 20.0, 0.0, 8.0, 8.0, 8.0, 8.0, 8.0, 4.0, 4.0, 20.0, 0.0, 0.0, 8.0, 4.0, 4.0, 4.0, 20.0, 8.0, 8.0, 0.0, 8.0, 4.0, 4.0]",129.82,129.82,5,qxgij9sh,,,,,0
8,o6ptk42l,,0,308,307,post_exp,FinalForProlific,2026-05-21 00:20:13.166131,1,,,5638.0,2,,0.0,fc1e2a3f-5601-4c5f-9adf-19d17e6e5667,4428.56,7.0,8.0,56.0,4484.56,,3800.0,10.0,,,,,0.0,0,,,2,1929c09c-602b-4617-8659-48b1a29c8097,https://london-trader-6b45bffdcd02.herokuapp.com,wss://london-trader-6b45bffdcd02.herokuapp.com,,1,6,ng,non_gamified,human_only,0.0,0,15,"[8.0, 4.0, 20.0, 8.0, 8.0, 20.0, 20.0, 4.0, 20.0, 4.0, 20.0, 0.0, 8.0, 8.0, 8.0, 8.0, 8.0, 4.0, 4.0, 20.0, 0.0, 0.0, 8.0, 4.0, 4.0, 4.0, 20.0, 8.0, 8.0, 0.0, 8.0, 4.0, 4.0]",129.82,129.82,5,qxgij9sh,,,,,0
9,vitm387c,,0,308,307,post_exp,FinalForProlific,2026-05-21 00:20:13.172514,1,,,4427.0,3,,0.0,79bc089c-0e42-4ffb-a089-d39727a7ad5e,2323.6800000000003,23.0,8.0,184.0,2507.6800000000003,,2600.0,20.0,,,,,0.0,0,,,2,1929c09c-602b-4617-8659-48b1a29c8097,https://london-trader-6b45bffdcd02.herokuapp.com,wss://london-trader-6b45bffdcd02.herokuapp.com,,1,6,ng,non_gamified,human_only,0.0,0,15,"[8.0, 4.0, 20.0, 8.0, 8.0, 20.0, 20.0, 4.0, 20.0, 4.0, 20.0, 0.0, 8.0, 8.0, 8.0, 8.0, 8.0, 4.0, 4.0, 20.0, 0.0, 0.0, 8.0, 4.0, 4.0, 4.0, 20.0, 8.0, 8.0, 0.0, 8.0, 4.0, 4.0]",129.82,129.82,5,qxgij9sh,,,,,0
10,nngm5qgp,,0,308,307,post_exp,FinalForProlific,2026-05-21 00:20:13.181710,1,,,521.0,4,,0.0,cd733786-3f26-45f5-9434-5391feb2db91,5106.560000000001,2.0,8.0,16.0,5122.560000000001,,3800.0,10.0,,,,,0.0,0,,,2,1929c09c-602b-4617-8659-48b1a29c8097,https://london-trader-6b45bffdcd02.herokuapp.com,wss://london-trader-6b45bffdcd02.herokuapp.com,,1,6,ng,non_gamified,human_only,0.0,0,15,"[8.0, 4.0, 20.0, 8.0, 8.0, 20.0, 20.0, 4.0, 20.0, 4.0, 20.0, 0.0, 8.0, 8.0, 8.0, 8.0, 8.0, 4.0, 4.0, 20.0, 0.0, 0.0, 8.0, 4.0, 4.0, 4.0, 20.0, 8.0, 8.0, 0.0, 8.0, 4.0, 4.0]",129.82,129.82,5,qxgij9sh,,,,,0
11,9x5fpgk2,,0,308,307,post_exp,FinalForProlific,2026-05-21 00:20:13.188564,1,,,6999.0,5,,0.0,e3a0615f-a8a1-4546-bc68-9c947e9bf488,3373.909999999999,21.0,8.0,168.0,3541.909999999999,,2600.0,20.0,,,,,0.0,0,,,2,1929c09c-602b-4617-8659-48b1a29c8097,https://london-trader-6b45bffdcd02.herokuapp.com,wss://london-trader-6b45bffdcd02.herokuapp.com,,1,6,ng,non_gamified,human_only,0.0,0,15,"[8.0, 4.0, 20.0, 8.0, 8.0, 20.0, 20.0, 4.0, 20.0, 4.0, 20.0, 0.0, 8.0, 8.0, 8.0, 8.0, 8.0, 4.0, 4.0, 20.0, 0.0, 0.0, 8.0, 4.0, 4.0, 4.0, 20.0, 8.0, 8.0, 0.0, 8.0, 4.0, 4.0]",129.82,129.82,5,qxgij9sh,,,,,0
12,7d70uqk8,,0,308,307,post_exp,FinalForProlific,2026-05-21 00:20:13.195431,1,,,9064.0,6,,0.0,eae02f14-4e82-48f4-9971-bdb53d8c832b,4442.729999999999,8.0,8.0,64.0,4506.729999999999,,3800.0,10.0,,,,,0.0,0,,,2,1929c09c-602b-4617-8659-48b1a29c8097,https://london-trader-6b45bffdcd02.herokuapp.com,wss://london-trader-6b45bffdcd02.herokuapp.com,,1,6,ng,non_gamified,human_only,0.0,0,15,"[8.0, 4.0, 20.0, 8.0, 8.0, 20.0, 20.0, 4.0, 20.0, 4.0, 20.0, 0.0, 8.0, 8.0, 8.0, 8.0, 8.0, 4.0, 4.0, 20.0, 0.0, 0.0, 8.0, 4.0, 4.0, 4.0, 20.0, 8.0, 8.0, 0.0, 8.0, 4.0, 4.0]",129.82,129.82,5,qxgij9sh,,,,,0
13,dadcupjc,,0,308,307,post_exp,FinalForProlific,2026-05-21 00:20:13.202022,1,,,5593.0,1,,0.0,bc406764-852c-4301-aac5-ffda79e1d352,2700.0,20.0,8.0,160.0,2860.0,,2600.0,20.0,,,,,0.0,0,,,3,562efb1b-a346-43e9-8059-5c07029ce57e,https://london-trader-6b45bffdcd02.herokuapp.com,wss://london-trader-6b45bffdcd02.herokuapp.com,,1,6,ghp,gamified,human_only,0.0,0,15,"[8.0, 4.0, 20.0, 8.0, 8.0, 20.0, 20.0, 4.0, 20.0, 4.0, 20.0, 0.0, 8.0, 8.0, 8.0, 8.0, 8.0, 4.0, 4.0, 20.0, 0.0, 0.0, 8.0, 4.0, 4.0, 4.0, 20.0, 8.0, 8.0, 0.0, 8.0, 4.0, 4.0]",61.0,61.0,5,qxgij9sh,,,,,0
14,stzawa55,,0,308,307,post_exp,FinalForProlific,2026-05-21 00:20:13.207535,1,,,6667.0,2,,0.0,90a3d963-fbea-46b9-8de6-7bf9d6b601c5,3873.0,13.0,8.0,104.0,3977.0,,3800.0,10.0,,,,,0.0,0,,,3,562efb1b-a346-43e9-8059-5c07029ce57e,https://london-trader-6b45bffdcd02.herokuapp.com,wss://london-trader-6b45bffdcd02.herokuapp.com,,1,6,ghp,gamified,human_only,0.0,0,15,"[8.0, 4.0, 20.0, 8.0, 8.0, 20.0, 20.0, 4.0, 20.0, 4.0, 20.0, 0.0, 8.0, 8.0, 8.0, 8.0, 8.0, 4.0, 4.0, 20.0, 0.0, 0.0, 8.0, 4.0, 4.0, 4.0, 20.0, 8.0, 8.0, 0.0, 8.0, 4.0, 4.0]",61.0,61.0,5,qxgij9sh,,,,,0
15,ja9vp1ab,,0,308,307,post_exp,FinalForProlific,2026-05-21 00:20:13.214591,1,,,7291.0,3,,0.0,0eef23b9-e989-4879-a424-0549e92340f7,2762.0,20.0,8.0,160.0,2922.0,,2600.0,20.0,,,,,0.0,0,,,3,562efb1b-a346-43e9-8059-5c07029ce57e,https://london-trader-6b45bffdcd02.herokuapp.com,wss://london-trader-6b45bffdcd02.herokuapp.com,,1,6,ghp,gamified,human_only,0.0,0,15,"[8.0, 4.0, 20.0, 8.0, 8.0, 20.0, 20.0, 4.0, 20.0, 4.0, 20.0, 0.0, 8.0, 8.0, 8.0, 8.0, 8.0, 4.0, 4.0, 20.0, 0.0, 0.0, 8.0, 4.0, 4.0, 4.0, 20.0, 8.0, 8.0, 0.0, 8.0, 4.0, 4.0]",61.0,61.0,5,qxgij9sh,,,,,0
16,tzbpp88u,,0,308,307,post_exp,FinalForProlific,2026-05-21 00:20:13.221123,1,,,5765.0,4,,0.0,51571e52-e5e1-4e31-b9d8-616043a0be9a,3812.0,12.0,8.0,96.0,3908.0,,3800.0,10.0,,,,,0.0,0,,,3,562efb1b-a346-43e9-8059-5c07029ce57e,https://london-trader-6b45bffdcd02.herokuapp.com,wss://london-trader-6b45bffdcd02.herokuapp.com,,1,6,ghp,gamified,human_only,0.0,0,15,"[8.0, 4.0, 20.0, 8.0, 8.0, 20.0, 20.0, 4.0, 20.0, 4.0, 20.0, 0.0, 8.0, 8.0, 8.0, 8.0, 8.0, 4.0, 4.0, 20.0, 0.0, 0.0, 8.0, 4.0, 4.0, 4.0, 20.0, 8.0, 8.0, 0.0, 8.0, 4.0, 4.0]",61.0,61.0,5,qxgij9sh,,,,,0
17,gr27p5tr,,0,308,307,post_exp,FinalForProlific,2026-05-21 00:20:13.227342,1,,,5642.0,5,,0.0,6c1cc253-2d3c-4c02-96fe-14e14b6bdce5,2893.0,21.0,8.0,168.0,3061.0,,2600.0,20.0,,,,,0.0,0,,,3,562efb1b-a346-43e9-8059-5c07029ce57e,https://london-trader-6b45bffdcd02.herokuapp.com,wss://london-trader-6b45bffdcd02.herokuapp.com,,1,6,ghp,gamified,human_only,0.0,0,15,"[8.0, 4.0, 20.0, 8.0, 8.0, 20.0, 20.0, 4.0, 20.0, 4.0, 20.0, 0.0, 8.0, 8.0, 8.0, 8.0, 8.0, 4.0, 4.0, 20.0, 0.0, 0.0, 8.0, 4.0, 4.0, 4.0, 20.0, 8.0, 8.0, 0.0, 8.0, 4.0, 4.0]",61.0,61.0,5,qxgij9sh,,,,,0
18,e60078af,,0,308,307,post_exp,FinalForProlific,2026-05-21 00:20:13.233350,1,,,4972.0,6,,0.0,da37c669-bb41-4646-a780-46fa1fade433,3880.0,10.0,8.0,80.0,3960.0,,3800.0,10.0,,,,,0.0,0,,,3,562efb1b-a346-43e9-8059-5c07029ce57e,https://london-trader-6b45bffdcd02.herokuapp.com,wss://london-trader-6b45bffdcd02.herokuapp.com,,1,6,ghp,gamified,human_only,0.0,0,15,"[8.0, 4.0, 20.0, 8.0, 8.0, 20.0, 20.0, 4.0, 20.0, 4.0, 20.0, 0.0, 8.0, 8.0, 8.0, 8.0, 8.0, 4.0, 4.0, 20.0, 0.0, 0.0, 8.0, 4.0, 4.0, 4.0, 20.0, 8.0, 8.0, 0.0, 8.0, 4.0, 4.0]",61.0,61.0,5,qxgij9sh,,,,,0
19,9mtusmd8,,0,308,307,post_exp,FinalForProlific,2026-05-21 00:20:13.239722,1,,,5453.0,1,,0.0,276f00ae-8bbf-4cb6-ba2f-f601558a0f62,2666.0,21.0,8.0,168.0,2834.0,,2600.0,20.0,,,,,0.0,0,,,4,587a57e3-5de4-4574-996d-f2bfa0659c2c,https://london-trader-6b45bffdcd02.herokuapp.com,wss://london-trader-6b45bffdcd02.herokuapp.com,,1,1,ng,non_gamified,human_only,0.0,1,15,"[8.0, 4.0, 20.0, 8.0, 8.0, 20.0, 20.0, 4.0, 20.0, 4.0, 20.0, 0.0, 8.0, 8.0, 8.0, 8.0, 8.0, 4.0, 4.0, 20.0, 0.0, 0.0, 8.0, 4.0, 4.0, 4.0, 20.0, 8.0, 8.0, 0.0, 8.0, 4.0, 4.0]",110.0,110.0,5,qxgij9sh,,,,,0
1,g9jo03o9,,0,308,307,post_exp,FinalForProlific,2026-05-21 00:20:12.875424,1,,,5611.0,1,,0.0,30fc2b4e-6bfb-433a-804d-56f7e84d7ba3,2766.96,21.0,20.0,420.0,3186.96,,2600.0,20.0,0.0,0,,82.88,0.0,1,,,1,c790e030-d023-437b-b3f5-54393dc4bea4,https://london-trader-6b45bffdcd02.herokuapp.com,wss://london-trader-6b45bffdcd02.herokuapp.com,,1,6,ghp,gamified,human_only,0.0,0,15,"[8.0, 4.0, 20.0, 8.0, 8.0, 20.0, 20.0, 4.0, 20.0, 4.0, 20.0, 0.0, 8.0, 8.0, 8.0, 8.0, 8.0, 4.0, 4.0, 20.0, 0.0, 0.0, 8.0, 4.0, 4.0, 4.0, 20.0, 8.0, 8.0, 0.0, 8.0, 4.0, 4.0]",120.0,120.0,6,qxgij9sh,,,,,0
2,h0ebvwds,,0,308,307,post_exp,FinalForProlific,2026-05-21 00:20:13.125533,1,,,5268.0,2,,0.0,7282a71b-4af9-4161-9243-59a7200491a8,4271.63,8.0,20.0,160.0,4431.63,,3800.0,10.0,120.0,3,"{""forecast_price_next_day"":120,""forecast_confidence_next_day"":3}",82.88,0.0,1,,,1,c790e030-d023-437b-b3f5-54393dc4bea4,https://london-trader-6b45bffdcd02.herokuapp.com,wss://london-trader-6b45bffdcd02.herokuapp.com,,1,6,ghp,gamified,human_only,0.0,0,15,"[8.0, 4.0, 20.0, 8.0, 8.0, 20.0, 20.0, 4.0, 20.0, 4.0, 20.0, 0.0, 8.0, 8.0, 8.0, 8.0, 8.0, 4.0, 4.0, 20.0, 0.0, 0.0, 8.0, 4.0, 4.0, 4.0, 20.0, 8.0, 8.0, 0.0, 8.0, 4.0, 4.0]",120.0,120.0,6,qxgij9sh,,,,,0
3,u2aoz11d,,0,308,307,post_exp,FinalForProlific,2026-05-21 00:20:13.130849,1,,,4992.0,3,,0.0,9d5dfc26-db4a-4f04-a070-57ca9e03a8a8,2578.67,22.0,20.0,440.0,3018.67,,2600.0,20.0,0.0,0,,82.88,0.0,1,,,1,c790e030-d023-437b-b3f5-54393dc4bea4,https://london-trader-6b45bffdcd02.herokuapp.com,wss://london-trader-6b45bffdcd02.herokuapp.com,,1,6,ghp,gamified,human_only,0.0,0,15,"[8.0, 4.0, 20.0, 8.0, 8.0, 20.0, 20.0, 4.0, 20.0, 4.0, 20.0, 0.0, 8.0, 8.0, 8.0, 8.0, 8.0, 4.0, 4.0, 20.0, 0.0, 0.0, 8.0, 4.0, 4.0, 4.0, 20.0, 8.0, 8.0, 0.0, 8.0, 4.0, 4.0]",120.0,120.0,6,qxgij9sh,,,,,0
4,90ay03zv,,0,308,307,post_exp,FinalForProlific,2026-05-21 00:20:13.140123,1,,,4543.0,4,,0.0,f9508a9f-40fc-4e43-82d6-2a10682c80ee,3858.9800000000005,11.0,20.0,220.0,4078.9800000000005,,3800.0,10.0,0.0,0,,82.88,0.0,1,,,1,c790e030-d023-437b-b3f5-54393dc4bea4,https://london-trader-6b45bffdcd02.herokuapp.com,wss://london-trader-6b45bffdcd02.herokuapp.com,,1,6,ghp,gamified,human_only,0.0,0,15,"[8.0, 4.0, 20.0, 8.0, 8.0, 20.0, 20.0, 4.0, 20.0, 4.0, 20.0, 0.0, 8.0, 8.0, 8.0, 8.0, 8.0, 4.0, 4.0, 20.0, 0.0, 0.0, 8.0, 4.0, 4.0, 4.0, 20.0, 8.0, 8.0, 0.0, 8.0, 4.0, 4.0]",120.0,120.0,6,qxgij9sh,,,,,0
5,ukmvlwcs,,0,308,307,post_exp,FinalForProlific,2026-05-21 00:20:13.146394,1,,,5655.0,5,,0.0,fc375a6c-df52-4846-b92d-128b8b2369fb,5892.57,1.0,20.0,20.0,5912.57,,2600.0,20.0,0.0,0,,82.88,0.0,1,,,1,c790e030-d023-437b-b3f5-54393dc4bea4,https://london-trader-6b45bffdcd02.herokuapp.com,wss://london-trader-6b45bffdcd02.herokuapp.com,,1,6,ghp,gamified,human_only,0.0,0,15,"[8.0, 4.0, 20.0, 8.0, 8.0, 20.0, 20.0, 4.0, 20.0, 4.0, 20.0, 0.0, 8.0, 8.0, 8.0, 8.0, 8.0, 4.0, 4.0, 20.0, 0.0, 0.0, 8.0, 4.0, 4.0, 4.0, 20.0, 8.0, 8.0, 0.0, 8.0, 4.0, 4.0]",120.0,120.0,6,qxgij9sh,,,,,0
6,ehyb34jx,,0,308,307,post_exp,FinalForProlific,2026-05-21 00:20:13.152849,1,,,4044.0,6,,0.0,29263d52-43a8-41f9-8fac-174bd27a3cac,1351.1899999999996,28.0,20.0,560.0,1911.1899999999996,,3800.0,10.0,0.0,0,,82.88,0.0,1,,,1,c790e030-d023-437b-b3f5-54393dc4bea4,https://london-trader-6b45bffdcd02.herokuapp.com,wss://london-trader-6b45bffdcd02.herokuapp.com,,1,6,ghp,gamified,human_only,0.0,0,15,"[8.0, 4.0, 20.0, 8.0, 8.0, 20.0, 20.0, 4.0, 20.0, 4.0, 20.0, 0.0, 8.0, 8.0, 8.0, 8.0, 8.0, 4.0, 4.0, 20.0, 0.0, 0.0, 8.0, 4.0, 4.0, 4.0, 20.0, 8.0, 8.0, 0.0, 8.0, 4.0, 4.0]",120.0,120.0,6,qxgij9sh,,,,,0
7,6xvvhy1g,,0,308,307,post_exp,FinalForProlific,2026-05-21 00:20:13.159196,1,,,4941.0,1,,0.0,805afd8a-f298-447c-b524-fcfacc9b528f,734.46,39.0,20.0,780.0,1514.46,,2600.0,20.0,130.0,3,"{""forecast_price_next_day"":130,""forecast_confidence_next_day"":3}",129.92,20.0,1,,,2,1929c09c-602b-4617-8659-48b1a29c8097,https://london-trader-6b45bffdcd02.herokuapp.com,wss://london-trader-6b45bffdcd02.herokuapp.com,,1,6,ng,non_gamified,human_only,0.0,0,15,"[8.0, 4.0, 20.0, 8.0, 8.0, 20.0, 20.0, 4.0, 20.0, 4.0, 20.0, 0.0, 8.0, 8.0, 8.0, 8.0, 8.0, 4.0, 4.0, 20.0, 0.0, 0.0, 8.0, 4.0, 4.0, 4.0, 20.0, 8.0, 8.0, 0.0, 8.0, 4.0, 4.0]",129.9,129.9,6,qxgij9sh,,,,,0
8,o6ptk42l,,0,308,307,post_exp,FinalForProlific,2026-05-21 00:20:13.166131,1,,,5638.0,2,,0.0,fc1e2a3f-5601-4c5f-9adf-19d17e6e5667,4484.58,7.0,20.0,140.0,4624.58,,3800.0,10.0,130.0,4,"{""forecast_price_next_day"":129.9,""forecast_confidence_next_day"":4}",129.92,20.0,1,,,2,1929c09c-602b-4617-8659-48b1a29c8097,https://london-trader-6b45bffdcd02.herokuapp.com,wss://london-trader-6b45bffdcd02.herokuapp.com,,1,6,ng,non_gamified,human_only,0.0,0,15,"[8.0, 4.0, 20.0, 8.0, 8.0, 20.0, 20.0, 4.0, 20.0, 4.0, 20.0, 0.0, 8.0, 8.0, 8.0, 8.0, 8.0, 4.0, 4.0, 20.0, 0.0, 0.0, 8.0, 4.0, 4.0, 4.0, 20.0, 8.0, 8.0, 0.0, 8.0, 4.0, 4.0]",129.9,129.9,6,qxgij9sh,,,,,0
9,vitm387c,,0,308,307,post_exp,FinalForProlific,2026-05-21 00:20:13.172514,1,,,4427.0,3,,0.0,79bc089c-0e42-4ffb-a089-d39727a7ad5e,2507.6800000000003,23.0,20.0,460.0,2967.6800000000003,,2600.0,20.0,132.0,4,"{""forecast_price_next_day"":132,""forecast_confidence_next_day"":4}",129.92,20.0,1,,,2,1929c09c-602b-4617-8659-48b1a29c8097,https://london-trader-6b45bffdcd02.herokuapp.com,wss://london-trader-6b45bffdcd02.herokuapp.com,,1,6,ng,non_gamified,human_only,0.0,0,15,"[8.0, 4.0, 20.0, 8.0, 8.0, 20.0, 20.0, 4.0, 20.0, 4.0, 20.0, 0.0, 8.0, 8.0, 8.0, 8.0, 8.0, 4.0, 4.0, 20.0, 0.0, 0.0, 8.0, 4.0, 4.0, 4.0, 20.0, 8.0, 8.0, 0.0, 8.0, 4.0, 4.0]",129.9,129.9,6,qxgij9sh,,,,,0
10,nngm5qgp,,0,308,307,post_exp,FinalForProlific,2026-05-21 00:20:13.181710,1,,,521.0,4,,0.0,cd733786-3f26-45f5-9434-5391feb2db91,4343.21,7.0,20.0,140.0,4483.21,,3800.0,10.0,0.0,0,,129.92,0.0,1,,,2,1929c09c-602b-4617-8659-48b1a29c8097,https://london-trader-6b45bffdcd02.herokuapp.com,wss://london-trader-6b45bffdcd02.herokuapp.com,,1,6,ng,non_gamified,human_only,0.0,0,15,"[8.0, 4.0, 20.0, 8.0, 8.0, 20.0, 20.0, 4.0, 20.0, 4.0, 20.0, 0.0, 8.0, 8.0, 8.0, 8.0, 8.0, 4.0, 4.0, 20.0, 0.0, 0.0, 8.0, 4.0, 4.0, 4.0, 20.0, 8.0, 8.0, 0.0, 8.0, 4.0, 4.0]",129.9,129.9,6,qxgij9sh,,,,,0
11,9x5fpgk2,,0,308,307,post_exp,FinalForProlific,2026-05-21 00:20:13.188564,1,,,6999.0,5,,0.0,e3a0615f-a8a1-4546-bc68-9c947e9bf488,5100.600000000001,6.0,20.0,120.0,5220.600000000001,,2600.0,20.0,0.0,0,,129.92,0.0,1,,,2,1929c09c-602b-4617-8659-48b1a29c8097,https://london-trader-6b45bffdcd02.herokuapp.com,wss://london-trader-6b45bffdcd02.herokuapp.com,,1,6,ng,non_gamified,human_only,0.0,0,15,"[8.0, 4.0, 20.0, 8.0, 8.0, 20.0, 20.0, 4.0, 20.0, 4.0, 20.0, 0.0, 8.0, 8.0, 8.0, 8.0, 8.0, 4.0, 4.0, 20.0, 0.0, 0.0, 8.0, 4.0, 4.0, 4.0, 20.0, 8.0, 8.0, 0.0, 8.0, 4.0, 4.0]",129.9,129.9,6,qxgij9sh,,,,,0
12,7d70uqk8,,0,308,307,post_exp,FinalForProlific,2026-05-21 00:20:13.195431,1,,,9064.0,6,,0.0,eae02f14-4e82-48f4-9971-bdb53d8c832b,3597.4699999999975,13.0,20.0,260.0,3857.4699999999975,,3800.0,10.0,131.0,4,"{""forecast_price_next_day"":131,""forecast_confidence_next_day"":4}",129.92,20.0,1,,,2,1929c09c-602b-4617-8659-48b1a29c8097,https://london-trader-6b45bffdcd02.herokuapp.com,wss://london-trader-6b45bffdcd02.herokuapp.com,,1,6,ng,non_gamified,human_only,0.0,0,15,"[8.0, 4.0, 20.0, 8.0, 8.0, 20.0, 20.0, 4.0, 20.0, 4.0, 20.0, 0.0, 8.0, 8.0, 8.0, 8.0, 8.0, 4.0, 4.0, 20.0, 0.0, 0.0, 8.0, 4.0, 4.0, 4.0, 20.0, 8.0, 8.0, 0.0, 8.0, 4.0, 4.0]",129.9,129.9,6,qxgij9sh,,,,,0
13,dadcupjc,,0,308,307,post_exp,FinalForProlific,2026-05-21 00:20:13.202022,1,,,5593.0,1,,0.0,bc406764-852c-4301-aac5-ffda79e1d352,2985.0,19.0,20.0,380.0,3365.0,,2600.0,20.0,0.0,0,,61.0,0.0,1,,,3,562efb1b-a346-43e9-8059-5c07029ce57e,https://london-trader-6b45bffdcd02.herokuapp.com,wss://london-trader-6b45bffdcd02.herokuapp.com,,1,6,ghp,gamified,human_only,0.0,0,15,"[8.0, 4.0, 20.0, 8.0, 8.0, 20.0, 20.0, 4.0, 20.0, 4.0, 20.0, 0.0, 8.0, 8.0, 8.0, 8.0, 8.0, 4.0, 4.0, 20.0, 0.0, 0.0, 8.0, 4.0, 4.0, 4.0, 20.0, 8.0, 8.0, 0.0, 8.0, 4.0, 4.0]",60.0,60.0,6,qxgij9sh,,,,,0
14,stzawa55,,0,308,307,post_exp,FinalForProlific,2026-05-21 00:20:13.207535,1,,,6667.0,2,,0.0,90a3d963-fbea-46b9-8de6-7bf9d6b601c5,3850.5,15.0,20.0,300.0,4150.5,,3800.0,10.0,100.0,3,"{""forecast_price_next_day"":100,""forecast_confidence_next_day"":3}",61.0,0.0,1,,,3,562efb1b-a346-43e9-8059-5c07029ce57e,https://london-trader-6b45bffdcd02.herokuapp.com,wss://london-trader-6b45bffdcd02.herokuapp.com,,1,6,ghp,gamified,human_only,0.0,0,15,"[8.0, 4.0, 20.0, 8.0, 8.0, 20.0, 20.0, 4.0, 20.0, 4.0, 20.0, 0.0, 8.0, 8.0, 8.0, 8.0, 8.0, 4.0, 4.0, 20.0, 0.0, 0.0, 8.0, 4.0, 4.0, 4.0, 20.0, 8.0, 8.0, 0.0, 8.0, 4.0, 4.0]",60.0,60.0,6,qxgij9sh,,,,,0
15,ja9vp1ab,,0,308,307,post_exp,FinalForProlific,2026-05-21 00:20:13.214591,1,,,7291.0,3,,0.0,0eef23b9-e989-4879-a424-0549e92340f7,2923.0,20.0,20.0,400.0,3323.0,,2600.0,20.0,0.0,0,,61.0,0.0,1,,,3,562efb1b-a346-43e9-8059-5c07029ce57e,https://london-trader-6b45bffdcd02.herokuapp.com,wss://london-trader-6b45bffdcd02.herokuapp.com,,1,6,ghp,gamified,human_only,0.0,0,15,"[8.0, 4.0, 20.0, 8.0, 8.0, 20.0, 20.0, 4.0, 20.0, 4.0, 20.0, 0.0, 8.0, 8.0, 8.0, 8.0, 8.0, 4.0, 4.0, 20.0, 0.0, 0.0, 8.0, 4.0, 4.0, 4.0, 20.0, 8.0, 8.0, 0.0, 8.0, 4.0, 4.0]",60.0,60.0,6,qxgij9sh,,,,,0
16,tzbpp88u,,0,308,307,post_exp,FinalForProlific,2026-05-21 00:20:13.221123,1,,,5765.0,4,,0.0,51571e52-e5e1-4e31-b9d8-616043a0be9a,3839.0,13.0,20.0,260.0,4099.0,,3800.0,10.0,0.0,0,,61.0,0.0,1,,,3,562efb1b-a346-43e9-8059-5c07029ce57e,https://london-trader-6b45bffdcd02.herokuapp.com,wss://london-trader-6b45bffdcd02.herokuapp.com,,1,6,ghp,gamified,human_only,0.0,0,15,"[8.0, 4.0, 20.0, 8.0, 8.0, 20.0, 20.0, 4.0, 20.0, 4.0, 20.0, 0.0, 8.0, 8.0, 8.0, 8.0, 8.0, 4.0, 4.0, 20.0, 0.0, 0.0, 8.0, 4.0, 4.0, 4.0, 20.0, 8.0, 8.0, 0.0, 8.0, 4.0, 4.0]",60.0,60.0,6,qxgij9sh,,,,,0
17,gr27p5tr,,0,308,307,post_exp,FinalForProlific,2026-05-21 00:20:13.227342,1,,,5642.0,5,,0.0,6c1cc253-2d3c-4c02-96fe-14e14b6bdce5,3259.5,26.0,20.0,520.0,3779.5,,2600.0,20.0,0.0,0,,61.0,0.0,1,,,3,562efb1b-a346-43e9-8059-5c07029ce57e,https://london-trader-6b45bffdcd02.herokuapp.com,wss://london-trader-6b45bffdcd02.herokuapp.com,,1,6,ghp,gamified,human_only,0.0,0,15,"[8.0, 4.0, 20.0, 8.0, 8.0, 20.0, 20.0, 4.0, 20.0, 4.0, 20.0, 0.0, 8.0, 8.0, 8.0, 8.0, 8.0, 4.0, 4.0, 20.0, 0.0, 0.0, 8.0, 4.0, 4.0, 4.0, 20.0, 8.0, 8.0, 0.0, 8.0, 4.0, 4.0]",60.0,60.0,6,qxgij9sh,,,,,0
18,e60078af,,0,308,307,post_exp,FinalForProlific,2026-05-21 00:20:13.233350,1,,,4972.0,6,,0.0,da37c669-bb41-4646-a780-46fa1fade433,3831.0,12.0,20.0,240.0,4071.0,,3800.0,10.0,0.0,0,,61.0,0.0,1,,,3,562efb1b-a346-43e9-8059-5c07029ce57e,https://london-trader-6b45bffdcd02.herokuapp.com,wss://london-trader-6b45bffdcd02.herokuapp.com,,1,6,ghp,gamified,human_only,0.0,0,15,"[8.0, 4.0, 20.0, 8.0, 8.0, 20.0, 20.0, 4.0, 20.0, 4.0, 20.0, 0.0, 8.0, 8.0, 8.0, 8.0, 8.0, 4.0, 4.0, 20.0, 0.0, 0.0, 8.0, 4.0, 4.0, 4.0, 20.0, 8.0, 8.0, 0.0, 8.0, 4.0, 4.0]",60.0,60.0,6,qxgij9sh,,,,,0
19,9mtusmd8,,0,308,307,post_exp,FinalForProlific,2026-05-21 00:20:13.239722,1,,,5453.0,1,,0.0,276f00ae-8bbf-4cb6-ba2f-f601558a0f62,2729.0,23.0,20.0,460.0,3189.0,,2600.0,20.0,0.0,0,,113.0,0.0,1,,,4,587a57e3-5de4-4574-996d-f2bfa0659c2c,https://london-trader-6b45bffdcd02.herokuapp.com,wss://london-trader-6b45bffdcd02.herokuapp.com,,1,1,ng,non_gamified,human_only,0.0,1,15,"[8.0, 4.0, 20.0, 8.0, 8.0, 20.0, 20.0, 4.0, 20.0, 4.0, 20.0, 0.0, 8.0, 8.0, 8.0, 8.0, 8.0, 4.0, 4.0, 20.0, 0.0, 0.0, 8.0, 4.0, 4.0, 4.0, 20.0, 8.0, 8.0, 0.0, 8.0, 4.0, 4.0]",105.0,105.0,6,qxgij9sh,,,,,0
1,g9jo03o9,,0,308,307,post_exp,FinalForProlific,2026-05-21 00:20:12.875424,1,,,5611.0,1,,0.0,30fc2b4e-6bfb-433a-804d-56f7e84d7ba3,3186.96,21.0,20.0,420.0,3606.96,,2600.0,20.0,,,,,0.0,0,,,1,c790e030-d023-437b-b3f5-54393dc4bea4,https://london-trader-6b45bffdcd02.herokuapp.com,wss://london-trader-6b45bffdcd02.herokuapp.com,,1,6,ghp,gamified,human_only,0.0,0,15,"[8.0, 4.0, 20.0, 8.0, 8.0, 20.0, 20.0, 4.0, 20.0, 4.0, 20.0, 0.0, 8.0, 8.0, 8.0, 8.0, 8.0, 4.0, 4.0, 20.0, 0.0, 0.0, 8.0, 4.0, 4.0, 4.0, 20.0, 8.0, 8.0, 0.0, 8.0, 4.0, 4.0]",82.88,82.88,7,qxgij9sh,,,,,0
2,h0ebvwds,,0,308,307,post_exp,FinalForProlific,2026-05-21 00:20:13.125533,1,,,5268.0,2,,0.0,7282a71b-4af9-4161-9243-59a7200491a8,4431.63,8.0,20.0,160.0,4591.63,,3800.0,10.0,,,,,0.0,0,,,1,c790e030-d023-437b-b3f5-54393dc4bea4,https://london-trader-6b45bffdcd02.herokuapp.com,wss://london-trader-6b45bffdcd02.herokuapp.com,,1,6,ghp,gamified,human_only,0.0,0,15,"[8.0, 4.0, 20.0, 8.0, 8.0, 20.0, 20.0, 4.0, 20.0, 4.0, 20.0, 0.0, 8.0, 8.0, 8.0, 8.0, 8.0, 4.0, 4.0, 20.0, 0.0, 0.0, 8.0, 4.0, 4.0, 4.0, 20.0, 8.0, 8.0, 0.0, 8.0, 4.0, 4.0]",82.88,82.88,7,qxgij9sh,,,,,0
3,u2aoz11d,,0,308,307,post_exp,FinalForProlific,2026-05-21 00:20:13.130849,1,,,4992.0,3,,0.0,9d5dfc26-db4a-4f04-a070-57ca9e03a8a8,2835.79,24.0,20.0,480.0,3315.79,,2600.0,20.0,,,,,0.0,0,,,1,c790e030-d023-437b-b3f5-54393dc4bea4,https://london-trader-6b45bffdcd02.herokuapp.com,wss://london-trader-6b45bffdcd02.herokuapp.com,,1,6,ghp,gamified,human_only,0.0,0,15,"[8.0, 4.0, 20.0, 8.0, 8.0, 20.0, 20.0, 4.0, 20.0, 4.0, 20.0, 0.0, 8.0, 8.0, 8.0, 8.0, 8.0, 4.0, 4.0, 20.0, 0.0, 0.0, 8.0, 4.0, 4.0, 4.0, 20.0, 8.0, 8.0, 0.0, 8.0, 4.0, 4.0]",82.88,82.88,7,qxgij9sh,,,,,0
4,90ay03zv,,0,308,307,post_exp,FinalForProlific,2026-05-21 00:20:13.140123,1,,,4543.0,4,,0.0,f9508a9f-40fc-4e43-82d6-2a10682c80ee,3988.2300000000005,12.0,20.0,240.0,4228.2300000000005,,3800.0,10.0,,,,,0.0,0,,,1,c790e030-d023-437b-b3f5-54393dc4bea4,https://london-trader-6b45bffdcd02.herokuapp.com,wss://london-trader-6b45bffdcd02.herokuapp.com,,1,6,ghp,gamified,human_only,0.0,0,15,"[8.0, 4.0, 20.0, 8.0, 8.0, 20.0, 20.0, 4.0, 20.0, 4.0, 20.0, 0.0, 8.0, 8.0, 8.0, 8.0, 8.0, 4.0, 4.0, 20.0, 0.0, 0.0, 8.0, 4.0, 4.0, 4.0, 20.0, 8.0, 8.0, 0.0, 8.0, 4.0, 4.0]",82.88,82.88,7,qxgij9sh,,,,,0
5,ukmvlwcs,,0,308,307,post_exp,FinalForProlific,2026-05-21 00:20:13.146394,1,,,5655.0,5,,0.0,fc375a6c-df52-4846-b92d-128b8b2369fb,5912.57,2.0,20.0,40.0,5952.57,,2600.0,20.0,,,,,0.0,0,,,1,c790e030-d023-437b-b3f5-54393dc4bea4,https://london-trader-6b45bffdcd02.herokuapp.com,wss://london-trader-6b45bffdcd02.herokuapp.com,,1,6,ghp,gamified,human_only,0.0,0,15,"[8.0, 4.0, 20.0, 8.0, 8.0, 20.0, 20.0, 4.0, 20.0, 4.0, 20.0, 0.0, 8.0, 8.0, 8.0, 8.0, 8.0, 4.0, 4.0, 20.0, 0.0, 0.0, 8.0, 4.0, 4.0, 4.0, 20.0, 8.0, 8.0, 0.0, 8.0, 4.0, 4.0]",82.88,82.88,7,qxgij9sh,,,,,0
6,ehyb34jx,,0,308,307,post_exp,FinalForProlific,2026-05-21 00:20:13.152849,1,,,4044.0,6,,0.0,29263d52-43a8-41f9-8fac-174bd27a3cac,2184.8199999999997,29.0,20.0,580.0,2764.8199999999997,,3800.0,10.0,,,,,0.0,0,,,1,c790e030-d023-437b-b3f5-54393dc4bea4,https://london-trader-6b45bffdcd02.herokuapp.com,wss://london-trader-6b45bffdcd02.herokuapp.com,,1,6,ghp,gamified,human_only,0.0,0,15,"[8.0, 4.0, 20.0, 8.0, 8.0, 20.0, 20.0, 4.0, 20.0, 4.0, 20.0, 0.0, 8.0, 8.0, 8.0, 8.0, 8.0, 4.0, 4.0, 20.0, 0.0, 0.0, 8.0, 4.0, 4.0, 4.0, 20.0, 8.0, 8.0, 0.0, 8.0, 4.0, 4.0]",82.88,82.88,7,qxgij9sh,,,,,0
7,6xvvhy1g,,0,308,307,post_exp,FinalForProlific,2026-05-21 00:20:13.159196,1,,,4941.0,1,,0.0,805afd8a-f298-447c-b524-fcfacc9b528f,5930.5199999999995,4.0,20.0,80.0,6010.5199999999995,,2600.0,20.0,,,,,0.0,0,,,2,1929c09c-602b-4617-8659-48b1a29c8097,https://london-trader-6b45bffdcd02.herokuapp.com,wss://london-trader-6b45bffdcd02.herokuapp.com,,1,6,ng,non_gamified,human_only,0.0,0,15,"[8.0, 4.0, 20.0, 8.0, 8.0, 20.0, 20.0, 4.0, 20.0, 4.0, 20.0, 0.0, 8.0, 8.0, 8.0, 8.0, 8.0, 4.0, 4.0, 20.0, 0.0, 0.0, 8.0, 4.0, 4.0, 4.0, 20.0, 8.0, 8.0, 0.0, 8.0, 4.0, 4.0]",129.92,129.92,7,qxgij9sh,,,,,0
8,o6ptk42l,,0,308,307,post_exp,FinalForProlific,2026-05-21 00:20:13.166131,1,,,5638.0,2,,0.0,fc1e2a3f-5601-4c5f-9adf-19d17e6e5667,4624.6,6.0,20.0,120.0,4744.6,,3800.0,10.0,,,,,0.0,0,,,2,1929c09c-602b-4617-8659-48b1a29c8097,https://london-trader-6b45bffdcd02.herokuapp.com,wss://london-trader-6b45bffdcd02.herokuapp.com,,1,6,ng,non_gamified,human_only,0.0,0,15,"[8.0, 4.0, 20.0, 8.0, 8.0, 20.0, 20.0, 4.0, 20.0, 4.0, 20.0, 0.0, 8.0, 8.0, 8.0, 8.0, 8.0, 4.0, 4.0, 20.0, 0.0, 0.0, 8.0, 4.0, 4.0, 4.0, 20.0, 8.0, 8.0, 0.0, 8.0, 4.0, 4.0]",129.92,129.92,7,qxgij9sh,,,,,0
9,vitm387c,,0,308,307,post_exp,FinalForProlific,2026-05-21 00:20:13.172514,1,,,4427.0,3,,0.0,79bc089c-0e42-4ffb-a089-d39727a7ad5e,2578.0400000000004,28.0,20.0,560.0,3138.0400000000004,,2600.0,20.0,,,,,0.0,0,,,2,1929c09c-602b-4617-8659-48b1a29c8097,https://london-trader-6b45bffdcd02.herokuapp.com,wss://london-trader-6b45bffdcd02.herokuapp.com,,1,6,ng,non_gamified,human_only,0.0,0,15,"[8.0, 4.0, 20.0, 8.0, 8.0, 20.0, 20.0, 4.0, 20.0, 4.0, 20.0, 0.0, 8.0, 8.0, 8.0, 8.0, 8.0, 4.0, 4.0, 20.0, 0.0, 0.0, 8.0, 4.0, 4.0, 4.0, 20.0, 8.0, 8.0, 0.0, 8.0, 4.0, 4.0]",129.92,129.92,7,qxgij9sh,,,,,0
10,nngm5qgp,,0,308,307,post_exp,FinalForProlific,2026-05-21 00:20:13.181710,1,,,521.0,4,,0.0,cd733786-3f26-45f5-9434-5391feb2db91,1495.7100000000014,30.0,20.0,600.0,2095.7100000000014,,3800.0,10.0,,,,,0.0,0,,,2,1929c09c-602b-4617-8659-48b1a29c8097,https://london-trader-6b45bffdcd02.herokuapp.com,wss://london-trader-6b45bffdcd02.herokuapp.com,,1,6,ng,non_gamified,human_only,0.0,0,15,"[8.0, 4.0, 20.0, 8.0, 8.0, 20.0, 20.0, 4.0, 20.0, 4.0, 20.0, 0.0, 8.0, 8.0, 8.0, 8.0, 8.0, 4.0, 4.0, 20.0, 0.0, 0.0, 8.0, 4.0, 4.0, 4.0, 20.0, 8.0, 8.0, 0.0, 8.0, 4.0, 4.0]",129.92,129.92,7,qxgij9sh,,,,,0
11,9x5fpgk2,,0,308,307,post_exp,FinalForProlific,2026-05-21 00:20:13.188564,1,,,6999.0,5,,0.0,e3a0615f-a8a1-4546-bc68-9c947e9bf488,3662.0699999999997,28.0,20.0,560.0,4222.07,,2600.0,20.0,,,,,0.0,0,,,2,1929c09c-602b-4617-8659-48b1a29c8097,https://london-trader-6b45bffdcd02.herokuapp.com,wss://london-trader-6b45bffdcd02.herokuapp.com,,1,6,ng,non_gamified,human_only,0.0,0,15,"[8.0, 4.0, 20.0, 8.0, 8.0, 20.0, 20.0, 4.0, 20.0, 4.0, 20.0, 0.0, 8.0, 8.0, 8.0, 8.0, 8.0, 4.0, 4.0, 20.0, 0.0, 0.0, 8.0, 4.0, 4.0, 4.0, 20.0, 8.0, 8.0, 0.0, 8.0, 4.0, 4.0]",129.92,129.92,7,qxgij9sh,,,,,0
12,7d70uqk8,,0,308,307,post_exp,FinalForProlific,2026-05-21 00:20:13.195431,1,,,9064.0,6,,0.0,eae02f14-4e82-48f4-9971-bdb53d8c832b,4377.059999999997,14.0,20.0,280.0,4657.059999999997,,3800.0,10.0,,,,,0.0,0,,,2,1929c09c-602b-4617-8659-48b1a29c8097,https://london-trader-6b45bffdcd02.herokuapp.com,wss://london-trader-6b45bffdcd02.herokuapp.com,,1,6,ng,non_gamified,human_only,0.0,0,15,"[8.0, 4.0, 20.0, 8.0, 8.0, 20.0, 20.0, 4.0, 20.0, 4.0, 20.0, 0.0, 8.0, 8.0, 8.0, 8.0, 8.0, 4.0, 4.0, 20.0, 0.0, 0.0, 8.0, 4.0, 4.0, 4.0, 20.0, 8.0, 8.0, 0.0, 8.0, 4.0, 4.0]",129.92,129.92,7,qxgij9sh,,,,,0
13,dadcupjc,,0,308,307,post_exp,FinalForProlific,2026-05-21 00:20:13.202022,1,,,5593.0,1,,0.0,bc406764-852c-4301-aac5-ffda79e1d352,3365.0,18.0,20.0,360.0,3725.0,,2600.0,20.0,,,,,0.0,0,,,3,562efb1b-a346-43e9-8059-5c07029ce57e,https://london-trader-6b45bffdcd02.herokuapp.com,wss://london-trader-6b45bffdcd02.herokuapp.com,,1,6,ghp,gamified,human_only,0.0,0,15,"[8.0, 4.0, 20.0, 8.0, 8.0, 20.0, 20.0, 4.0, 20.0, 4.0, 20.0, 0.0, 8.0, 8.0, 8.0, 8.0, 8.0, 4.0, 4.0, 20.0, 0.0, 0.0, 8.0, 4.0, 4.0, 4.0, 20.0, 8.0, 8.0, 0.0, 8.0, 4.0, 4.0]",61.0,61.0,7,qxgij9sh,,,,,0
14,stzawa55,,0,308,307,post_exp,FinalForProlific,2026-05-21 00:20:13.207535,1,,,6667.0,2,,0.0,90a3d963-fbea-46b9-8de6-7bf9d6b601c5,3969.62,18.0,20.0,360.0,4329.62,,3800.0,10.0,,,,,0.0,0,,,3,562efb1b-a346-43e9-8059-5c07029ce57e,https://london-trader-6b45bffdcd02.herokuapp.com,wss://london-trader-6b45bffdcd02.herokuapp.com,,1,6,ghp,gamified,human_only,0.0,0,15,"[8.0, 4.0, 20.0, 8.0, 8.0, 20.0, 20.0, 4.0, 20.0, 4.0, 20.0, 0.0, 8.0, 8.0, 8.0, 8.0, 8.0, 4.0, 4.0, 20.0, 0.0, 0.0, 8.0, 4.0, 4.0, 4.0, 20.0, 8.0, 8.0, 0.0, 8.0, 4.0, 4.0]",61.0,61.0,7,qxgij9sh,,,,,0
15,ja9vp1ab,,0,308,307,post_exp,FinalForProlific,2026-05-21 00:20:13.214591,1,,,7291.0,3,,0.0,0eef23b9-e989-4879-a424-0549e92340f7,3021.49,25.0,20.0,500.0,3521.49,,2600.0,20.0,,,,,0.0,0,,,3,562efb1b-a346-43e9-8059-5c07029ce57e,https://london-trader-6b45bffdcd02.herokuapp.com,wss://london-trader-6b45bffdcd02.herokuapp.com,,1,6,ghp,gamified,human_only,0.0,0,15,"[8.0, 4.0, 20.0, 8.0, 8.0, 20.0, 20.0, 4.0, 20.0, 4.0, 20.0, 0.0, 8.0, 8.0, 8.0, 8.0, 8.0, 4.0, 4.0, 20.0, 0.0, 0.0, 8.0, 4.0, 4.0, 4.0, 20.0, 8.0, 8.0, 0.0, 8.0, 4.0, 4.0]",61.0,61.0,7,qxgij9sh,,,,,0
16,tzbpp88u,,0,308,307,post_exp,FinalForProlific,2026-05-21 00:20:13.221123,1,,,5765.0,4,,0.0,51571e52-e5e1-4e31-b9d8-616043a0be9a,4158.13,17.0,20.0,340.0,4498.13,,3800.0,10.0,,,,,0.0,0,,,3,562efb1b-a346-43e9-8059-5c07029ce57e,https://london-trader-6b45bffdcd02.herokuapp.com,wss://london-trader-6b45bffdcd02.herokuapp.com,,1,6,ghp,gamified,human_only,0.0,0,15,"[8.0, 4.0, 20.0, 8.0, 8.0, 20.0, 20.0, 4.0, 20.0, 4.0, 20.0, 0.0, 8.0, 8.0, 8.0, 8.0, 8.0, 4.0, 4.0, 20.0, 0.0, 0.0, 8.0, 4.0, 4.0, 4.0, 20.0, 8.0, 8.0, 0.0, 8.0, 4.0, 4.0]",61.0,61.0,7,qxgij9sh,,,,,0
17,gr27p5tr,,0,308,307,post_exp,FinalForProlific,2026-05-21 00:20:13.227342,1,,,5642.0,5,,0.0,6c1cc253-2d3c-4c02-96fe-14e14b6bdce5,4323.14,14.0,20.0,280.0,4603.14,,2600.0,20.0,,,,,0.0,0,,,3,562efb1b-a346-43e9-8059-5c07029ce57e,https://london-trader-6b45bffdcd02.herokuapp.com,wss://london-trader-6b45bffdcd02.herokuapp.com,,1,6,ghp,gamified,human_only,0.0,0,15,"[8.0, 4.0, 20.0, 8.0, 8.0, 20.0, 20.0, 4.0, 20.0, 4.0, 20.0, 0.0, 8.0, 8.0, 8.0, 8.0, 8.0, 4.0, 4.0, 20.0, 0.0, 0.0, 8.0, 4.0, 4.0, 4.0, 20.0, 8.0, 8.0, 0.0, 8.0, 4.0, 4.0]",61.0,61.0,7,qxgij9sh,,,,,0
18,e60078af,,0,308,307,post_exp,FinalForProlific,2026-05-21 00:20:13.233350,1,,,4972.0,6,,0.0,da37c669-bb41-4646-a780-46fa1fade433,3950.62,14.0,20.0,280.0,4230.62,,3800.0,10.0,,,,,0.0,0,,,3,562efb1b-a346-43e9-8059-5c07029ce57e,https://london-trader-6b45bffdcd02.herokuapp.com,wss://london-trader-6b45bffdcd02.herokuapp.com,,1,6,ghp,gamified,human_only,0.0,0,15,"[8.0, 4.0, 20.0, 8.0, 8.0, 20.0, 20.0, 4.0, 20.0, 4.0, 20.0, 0.0, 8.0, 8.0, 8.0, 8.0, 8.0, 4.0, 4.0, 20.0, 0.0, 0.0, 8.0, 4.0, 4.0, 4.0, 20.0, 8.0, 8.0, 0.0, 8.0, 4.0, 4.0]",61.0,61.0,7,qxgij9sh,,,,,0
19,9mtusmd8,,0,308,307,post_exp,FinalForProlific,2026-05-21 00:20:13.239722,1,,,5453.0,1,,0.0,276f00ae-8bbf-4cb6-ba2f-f601558a0f62,3076.0,24.0,20.0,480.0,3556.0,,2600.0,20.0,,,,,0.0,0,,,4,587a57e3-5de4-4574-996d-f2bfa0659c2c,https://london-trader-6b45bffdcd02.herokuapp.com,wss://london-trader-6b45bffdcd02.herokuapp.com,,1,1,ng,non_gamified,human_only,0.0,1,15,"[8.0, 4.0, 20.0, 8.0, 8.0, 20.0, 20.0, 4.0, 20.0, 4.0, 20.0, 0.0, 8.0, 8.0, 8.0, 8.0, 8.0, 4.0, 4.0, 20.0, 0.0, 0.0, 8.0, 4.0, 4.0, 4.0, 20.0, 8.0, 8.0, 0.0, 8.0, 4.0, 4.0]",113.0,113.0,7,qxgij9sh,,,,,0
1,g9jo03o9,,0,308,307,post_exp,FinalForProlific,2026-05-21 00:20:12.875424,1,,,5611.0,1,,0.0,30fc2b4e-6bfb-433a-804d-56f7e84d7ba3,3606.96,21.0,4.0,84.0,3690.96,,2600.0,20.0,,,,,0.0,0,,,1,c790e030-d023-437b-b3f5-54393dc4bea4,https://london-trader-6b45bffdcd02.herokuapp.com,wss://london-trader-6b45bffdcd02.herokuapp.com,,1,6,ghp,gamified,human_only,0.0,0,15,"[8.0, 4.0, 20.0, 8.0, 8.0, 20.0, 20.0, 4.0, 20.0, 4.0, 20.0, 0.0, 8.0, 8.0, 8.0, 8.0, 8.0, 4.0, 4.0, 20.0, 0.0, 0.0, 8.0, 4.0, 4.0, 4.0, 20.0, 8.0, 8.0, 0.0, 8.0, 4.0, 4.0]",85.82,85.82,8,qxgij9sh,,,,,0
2,h0ebvwds,,0,308,307,post_exp,FinalForProlific,2026-05-21 00:20:13.125533,1,,,5268.0,2,,0.0,7282a71b-4af9-4161-9243-59a7200491a8,4591.63,9.0,4.0,36.0,4627.63,,3800.0,10.0,,,,,0.0,0,,,1,c790e030-d023-437b-b3f5-54393dc4bea4,https://london-trader-6b45bffdcd02.herokuapp.com,wss://london-trader-6b45bffdcd02.herokuapp.com,,1,6,ghp,gamified,human_only,0.0,0,15,"[8.0, 4.0, 20.0, 8.0, 8.0, 20.0, 20.0, 4.0, 20.0, 4.0, 20.0, 0.0, 8.0, 8.0, 8.0, 8.0, 8.0, 4.0, 4.0, 20.0, 0.0, 0.0, 8.0, 4.0, 4.0, 4.0, 20.0, 8.0, 8.0, 0.0, 8.0, 4.0, 4.0]",85.82,85.82,8,qxgij9sh,,,,,0
3,u2aoz11d,,0,308,307,post_exp,FinalForProlific,2026-05-21 00:20:13.130849,1,,,4992.0,3,,0.0,9d5dfc26-db4a-4f04-a070-57ca9e03a8a8,3584.46,21.0,4.0,84.0,3668.46,,2600.0,20.0,,,,,0.0,0,,,1,c790e030-d023-437b-b3f5-54393dc4bea4,https://london-trader-6b45bffdcd02.herokuapp.com,wss://london-trader-6b45bffdcd02.herokuapp.com,,1,6,ghp,gamified,human_only,0.0,0,15,"[8.0, 4.0, 20.0, 8.0, 8.0, 20.0, 20.0, 4.0, 20.0, 4.0, 20.0, 0.0, 8.0, 8.0, 8.0, 8.0, 8.0, 4.0, 4.0, 20.0, 0.0, 0.0, 8.0, 4.0, 4.0, 4.0, 20.0, 8.0, 8.0, 0.0, 8.0, 4.0, 4.0]",85.82,85.82,8,qxgij9sh,,,,,0
4,90ay03zv,,0,308,307,post_exp,FinalForProlific,2026-05-21 00:20:13.140123,1,,,4543.0,4,,0.0,f9508a9f-40fc-4e43-82d6-2a10682c80ee,3645.64,20.0,4.0,80.0,3725.64,,3800.0,10.0,,,,,0.0,0,,,1,c790e030-d023-437b-b3f5-54393dc4bea4,https://london-trader-6b45bffdcd02.herokuapp.com,wss://london-trader-6b45bffdcd02.herokuapp.com,,1,6,ghp,gamified,human_only,0.0,0,15,"[8.0, 4.0, 20.0, 8.0, 8.0, 20.0, 20.0, 4.0, 20.0, 4.0, 20.0, 0.0, 8.0, 8.0, 8.0, 8.0, 8.0, 4.0, 4.0, 20.0, 0.0, 0.0, 8.0, 4.0, 4.0, 4.0, 20.0, 8.0, 8.0, 0.0, 8.0, 4.0, 4.0]",85.82,85.82,8,qxgij9sh,,,,,0
5,ukmvlwcs,,0,308,307,post_exp,FinalForProlific,2026-05-21 00:20:13.146394,1,,,5655.0,5,,0.0,fc375a6c-df52-4846-b92d-128b8b2369fb,6036.57,0.0,4.0,0.0,6036.57,,2600.0,20.0,,,,,0.0,0,,,1,c790e030-d023-437b-b3f5-54393dc4bea4,https://london-trader-6b45bffdcd02.herokuapp.com,wss://london-trader-6b45bffdcd02.herokuapp.com,,1,6,ghp,gamified,human_only,0.0,0,15,"[8.0, 4.0, 20.0, 8.0, 8.0, 20.0, 20.0, 4.0, 20.0, 4.0, 20.0, 0.0, 8.0, 8.0, 8.0, 8.0, 8.0, 4.0, 4.0, 20.0, 0.0, 0.0, 8.0, 4.0, 4.0, 4.0, 20.0, 8.0, 8.0, 0.0, 8.0, 4.0, 4.0]",85.82,85.82,8,qxgij9sh,,,,,0
6,ehyb34jx,,0,308,307,post_exp,FinalForProlific,2026-05-21 00:20:13.152849,1,,,4044.0,6,,0.0,29263d52-43a8-41f9-8fac-174bd27a3cac,2994.7400000000002,22.0,4.0,88.0,3082.7400000000002,,3800.0,10.0,,,,,0.0,0,,,1,c790e030-d023-437b-b3f5-54393dc4bea4,https://london-trader-6b45bffdcd02.herokuapp.com,wss://london-trader-6b45bffdcd02.herokuapp.com,,1,6,ghp,gamified,human_only,0.0,0,15,"[8.0, 4.0, 20.0, 8.0, 8.0, 20.0, 20.0, 4.0, 20.0, 4.0, 20.0, 0.0, 8.0, 8.0, 8.0, 8.0, 8.0, 4.0, 4.0, 20.0, 0.0, 0.0, 8.0, 4.0, 4.0, 4.0, 20.0, 8.0, 8.0, 0.0, 8.0, 4.0, 4.0]",85.82,85.82,8,qxgij9sh,,,,,0
7,6xvvhy1g,,0,308,307,post_exp,FinalForProlific,2026-05-21 00:20:13.159196,1,,,4941.0,1,,0.0,805afd8a-f298-447c-b524-fcfacc9b528f,6530.159999999999,0.0,4.0,0.0,6530.159999999999,,2600.0,20.0,,,,,0.0,0,,,2,1929c09c-602b-4617-8659-48b1a29c8097,https://london-trader-6b45bffdcd02.herokuapp.com,wss://london-trader-6b45bffdcd02.herokuapp.com,,1,6,ng,non_gamified,human_only,0.0,0,15,"[8.0, 4.0, 20.0, 8.0, 8.0, 20.0, 20.0, 4.0, 20.0, 4.0, 20.0, 0.0, 8.0, 8.0, 8.0, 8.0, 8.0, 4.0, 4.0, 20.0, 0.0, 0.0, 8.0, 4.0, 4.0, 4.0, 20.0, 8.0, 8.0, 0.0, 8.0, 4.0, 4.0]",129.9,129.9,8,qxgij9sh,,,,,0
8,o6ptk42l,,0,308,307,post_exp,FinalForProlific,2026-05-21 00:20:13.166131,1,,,5638.0,2,,0.0,fc1e2a3f-5601-4c5f-9adf-19d17e6e5667,4874.67,7.0,4.0,28.0,4902.67,,3800.0,10.0,,,,,0.0,0,,,2,1929c09c-602b-4617-8659-48b1a29c8097,https://london-trader-6b45bffdcd02.herokuapp.com,wss://london-trader-6b45bffdcd02.herokuapp.com,,1,6,ng,non_gamified,human_only,0.0,0,15,"[8.0, 4.0, 20.0, 8.0, 8.0, 20.0, 20.0, 4.0, 20.0, 4.0, 20.0, 0.0, 8.0, 8.0, 8.0, 8.0, 8.0, 4.0, 4.0, 20.0, 0.0, 0.0, 8.0, 4.0, 4.0, 4.0, 20.0, 8.0, 8.0, 0.0, 8.0, 4.0, 4.0]",129.9,129.9,8,qxgij9sh,,,,,0
9,vitm387c,,0,308,307,post_exp,FinalForProlific,2026-05-21 00:20:13.172514,1,,,4427.0,3,,0.0,79bc089c-0e42-4ffb-a089-d39727a7ad5e,3137.9,27.0,4.0,108.0,3245.9,,2600.0,20.0,,,,,0.0,0,,,2,1929c09c-602b-4617-8659-48b1a29c8097,https://london-trader-6b45bffdcd02.herokuapp.com,wss://london-trader-6b45bffdcd02.herokuapp.com,,1,6,ng,non_gamified,human_only,0.0,0,15,"[8.0, 4.0, 20.0, 8.0, 8.0, 20.0, 20.0, 4.0, 20.0, 4.0, 20.0, 0.0, 8.0, 8.0, 8.0, 8.0, 8.0, 4.0, 4.0, 20.0, 0.0, 0.0, 8.0, 4.0, 4.0, 4.0, 20.0, 8.0, 8.0, 0.0, 8.0, 4.0, 4.0]",129.9,129.9,8,qxgij9sh,,,,,0
10,nngm5qgp,,0,308,307,post_exp,FinalForProlific,2026-05-21 00:20:13.181710,1,,,521.0,4,,0.0,cd733786-3f26-45f5-9434-5391feb2db91,3005.1700000000014,26.0,4.0,104.0,3109.1700000000014,,3800.0,10.0,,,,,0.0,0,,,2,1929c09c-602b-4617-8659-48b1a29c8097,https://london-trader-6b45bffdcd02.herokuapp.com,wss://london-trader-6b45bffdcd02.herokuapp.com,,1,6,ng,non_gamified,human_only,0.0,0,15,"[8.0, 4.0, 20.0, 8.0, 8.0, 20.0, 20.0, 4.0, 20.0, 4.0, 20.0, 0.0, 8.0, 8.0, 8.0, 8.0, 8.0, 4.0, 4.0, 20.0, 0.0, 0.0, 8.0, 4.0, 4.0, 4.0, 20.0, 8.0, 8.0, 0.0, 8.0, 4.0, 4.0]",129.9,129.9,8,qxgij9sh,,,,,0
11,9x5fpgk2,,0,308,307,post_exp,FinalForProlific,2026-05-21 00:20:13.188564,1,,,6999.0,5,,0.0,e3a0615f-a8a1-4546-bc68-9c947e9bf488,4092.2200000000003,32.0,4.0,128.0,4220.22,,2600.0,20.0,,,,,0.0,0,,,2,1929c09c-602b-4617-8659-48b1a29c8097,https://london-trader-6b45bffdcd02.herokuapp.com,wss://london-trader-6b45bffdcd02.herokuapp.com,,1,6,ng,non_gamified,human_only,0.0,0,15,"[8.0, 4.0, 20.0, 8.0, 8.0, 20.0, 20.0, 4.0, 20.0, 4.0, 20.0, 0.0, 8.0, 8.0, 8.0, 8.0, 8.0, 4.0, 4.0, 20.0, 0.0, 0.0, 8.0, 4.0, 4.0, 4.0, 20.0, 8.0, 8.0, 0.0, 8.0, 4.0, 4.0]",129.9,129.9,8,qxgij9sh,,,,,0
12,7d70uqk8,,0,308,307,post_exp,FinalForProlific,2026-05-21 00:20:13.195431,1,,,9064.0,6,,0.0,eae02f14-4e82-48f4-9971-bdb53d8c832b,3227.879999999997,21.0,4.0,84.0,3311.879999999997,,3800.0,10.0,,,,,0.0,0,,,2,1929c09c-602b-4617-8659-48b1a29c8097,https://london-trader-6b45bffdcd02.herokuapp.com,wss://london-trader-6b45bffdcd02.herokuapp.com,,1,6,ng,non_gamified,human_only,0.0,0,15,"[8.0, 4.0, 20.0, 8.0, 8.0, 20.0, 20.0, 4.0, 20.0, 4.0, 20.0, 0.0, 8.0, 8.0, 8.0, 8.0, 8.0, 4.0, 4.0, 20.0, 0.0, 0.0, 8.0, 4.0, 4.0, 4.0, 20.0, 8.0, 8.0, 0.0, 8.0, 4.0, 4.0]",129.9,129.9,8,qxgij9sh,,,,,0
13,dadcupjc,,0,308,307,post_exp,FinalForProlific,2026-05-21 00:20:13.202022,1,,,5593.0,1,,0.0,bc406764-852c-4301-aac5-ffda79e1d352,3842.87,16.0,4.0,64.0,3906.87,,2600.0,20.0,,,,,0.0,0,,,3,562efb1b-a346-43e9-8059-5c07029ce57e,https://london-trader-6b45bffdcd02.herokuapp.com,wss://london-trader-6b45bffdcd02.herokuapp.com,,1,6,ghp,gamified,human_only,0.0,0,15,"[8.0, 4.0, 20.0, 8.0, 8.0, 20.0, 20.0, 4.0, 20.0, 4.0, 20.0, 0.0, 8.0, 8.0, 8.0, 8.0, 8.0, 4.0, 4.0, 20.0, 0.0, 0.0, 8.0, 4.0, 4.0, 4.0, 20.0, 8.0, 8.0, 0.0, 8.0, 4.0, 4.0]",58.79,58.79,8,qxgij9sh,,,,,0
14,stzawa55,,0,308,307,post_exp,FinalForProlific,2026-05-21 00:20:13.207535,1,,,6667.0,2,,0.0,90a3d963-fbea-46b9-8de6-7bf9d6b601c5,4388.41,16.0,4.0,64.0,4452.41,,3800.0,10.0,,,,,0.0,0,,,3,562efb1b-a346-43e9-8059-5c07029ce57e,https://london-trader-6b45bffdcd02.herokuapp.com,wss://london-trader-6b45bffdcd02.herokuapp.com,,1,6,ghp,gamified,human_only,0.0,0,15,"[8.0, 4.0, 20.0, 8.0, 8.0, 20.0, 20.0, 4.0, 20.0, 4.0, 20.0, 0.0, 8.0, 8.0, 8.0, 8.0, 8.0, 4.0, 4.0, 20.0, 0.0, 0.0, 8.0, 4.0, 4.0, 4.0, 20.0, 8.0, 8.0, 0.0, 8.0, 4.0, 4.0]",58.79,58.79,8,qxgij9sh,,,,,0
15,ja9vp1ab,,0,308,307,post_exp,FinalForProlific,2026-05-21 00:20:13.214591,1,,,7291.0,3,,0.0,0eef23b9-e989-4879-a424-0549e92340f7,3105.56,35.0,4.0,140.0,3245.56,,2600.0,20.0,,,,,0.0,0,,,3,562efb1b-a346-43e9-8059-5c07029ce57e,https://london-trader-6b45bffdcd02.herokuapp.com,wss://london-trader-6b45bffdcd02.herokuapp.com,,1,6,ghp,gamified,human_only,0.0,0,15,"[8.0, 4.0, 20.0, 8.0, 8.0, 20.0, 20.0, 4.0, 20.0, 4.0, 20.0, 0.0, 8.0, 8.0, 8.0, 8.0, 8.0, 4.0, 4.0, 20.0, 0.0, 0.0, 8.0, 4.0, 4.0, 4.0, 20.0, 8.0, 8.0, 0.0, 8.0, 4.0, 4.0]",58.79,58.79,8,qxgij9sh,,,,,0
16,tzbpp88u,,0,308,307,post_exp,FinalForProlific,2026-05-21 00:20:13.221123,1,,,5765.0,4,,0.0,51571e52-e5e1-4e31-b9d8-616043a0be9a,4496.89,12.0,4.0,48.0,4544.89,,3800.0,10.0,,,,,0.0,0,,,3,562efb1b-a346-43e9-8059-5c07029ce57e,https://london-trader-6b45bffdcd02.herokuapp.com,wss://london-trader-6b45bffdcd02.herokuapp.com,,1,6,ghp,gamified,human_only,0.0,0,15,"[8.0, 4.0, 20.0, 8.0, 8.0, 20.0, 20.0, 4.0, 20.0, 4.0, 20.0, 0.0, 8.0, 8.0, 8.0, 8.0, 8.0, 4.0, 4.0, 20.0, 0.0, 0.0, 8.0, 4.0, 4.0, 4.0, 20.0, 8.0, 8.0, 0.0, 8.0, 4.0, 4.0]",58.79,58.79,8,qxgij9sh,,,,,0
17,gr27p5tr,,0,308,307,post_exp,FinalForProlific,2026-05-21 00:20:13.227342,1,,,5642.0,5,,0.0,6c1cc253-2d3c-4c02-96fe-14e14b6bdce5,4902.52,4.0,4.0,16.0,4918.52,,2600.0,20.0,,,,,0.0,0,,,3,562efb1b-a346-43e9-8059-5c07029ce57e,https://london-trader-6b45bffdcd02.herokuapp.com,wss://london-trader-6b45bffdcd02.herokuapp.com,,1,6,ghp,gamified,human_only,0.0,0,15,"[8.0, 4.0, 20.0, 8.0, 8.0, 20.0, 20.0, 4.0, 20.0, 4.0, 20.0, 0.0, 8.0, 8.0, 8.0, 8.0, 8.0, 4.0, 4.0, 20.0, 0.0, 0.0, 8.0, 4.0, 4.0, 4.0, 20.0, 8.0, 8.0, 0.0, 8.0, 4.0, 4.0]",58.79,58.79,8,qxgij9sh,,,,,0
18,e60078af,,0,308,307,post_exp,FinalForProlific,2026-05-21 00:20:13.233350,1,,,4972.0,6,,0.0,da37c669-bb41-4646-a780-46fa1fade433,4171.75,15.0,4.0,60.0,4231.75,,3800.0,10.0,,,,,0.0,0,,,3,562efb1b-a346-43e9-8059-5c07029ce57e,https://london-trader-6b45bffdcd02.herokuapp.com,wss://london-trader-6b45bffdcd02.herokuapp.com,,1,6,ghp,gamified,human_only,0.0,0,15,"[8.0, 4.0, 20.0, 8.0, 8.0, 20.0, 20.0, 4.0, 20.0, 4.0, 20.0, 0.0, 8.0, 8.0, 8.0, 8.0, 8.0, 4.0, 4.0, 20.0, 0.0, 0.0, 8.0, 4.0, 4.0, 4.0, 20.0, 8.0, 8.0, 0.0, 8.0, 4.0, 4.0]",58.79,58.79,8,qxgij9sh,,,,,0
19,9mtusmd8,,0,308,307,post_exp,FinalForProlific,2026-05-21 00:20:13.239722,1,,,5453.0,1,,0.0,276f00ae-8bbf-4cb6-ba2f-f601558a0f62,3568.0,24.0,4.0,96.0,3664.0,,2600.0,20.0,,,,,0.0,0,,,4,587a57e3-5de4-4574-996d-f2bfa0659c2c,https://london-trader-6b45bffdcd02.herokuapp.com,wss://london-trader-6b45bffdcd02.herokuapp.com,,1,1,ng,non_gamified,human_only,0.0,1,15,"[8.0, 4.0, 20.0, 8.0, 8.0, 20.0, 20.0, 4.0, 20.0, 4.0, 20.0, 0.0, 8.0, 8.0, 8.0, 8.0, 8.0, 4.0, 4.0, 20.0, 0.0, 0.0, 8.0, 4.0, 4.0, 4.0, 20.0, 8.0, 8.0, 0.0, 8.0, 4.0, 4.0]",113.0,113.0,8,qxgij9sh,,,,,0
1,g9jo03o9,,0,308,307,post_exp,FinalForProlific,2026-05-21 00:20:12.875424,1,,,5611.0,1,,0.0,30fc2b4e-6bfb-433a-804d-56f7e84d7ba3,3771.84,20.0,20.0,400.0,4171.84,,2600.0,20.0,0.0,0,,62.0,0.0,1,,,1,c790e030-d023-437b-b3f5-54393dc4bea4,https://london-trader-6b45bffdcd02.herokuapp.com,wss://london-trader-6b45bffdcd02.herokuapp.com,,1,6,ghp,gamified,human_only,0.0,0,15,"[8.0, 4.0, 20.0, 8.0, 8.0, 20.0, 20.0, 4.0, 20.0, 4.0, 20.0, 0.0, 8.0, 8.0, 8.0, 8.0, 8.0, 4.0, 4.0, 20.0, 0.0, 0.0, 8.0, 4.0, 4.0, 4.0, 20.0, 8.0, 8.0, 0.0, 8.0, 4.0, 4.0]",71.0,71.0,9,qxgij9sh,,,,,0
2,h0ebvwds,,0,308,307,post_exp,FinalForProlific,2026-05-21 00:20:13.125533,1,,,5268.0,2,,0.0,7282a71b-4af9-4161-9243-59a7200491a8,4627.63,8.0,20.0,160.0,4787.63,,3800.0,10.0,62.0,3,"{""forecast_price_next_day"":62,""forecast_confidence_next_day"":3}",62.0,20.0,1,,,1,c790e030-d023-437b-b3f5-54393dc4bea4,https://london-trader-6b45bffdcd02.herokuapp.com,wss://london-trader-6b45bffdcd02.herokuapp.com,,1,6,ghp,gamified,human_only,0.0,0,15,"[8.0, 4.0, 20.0, 8.0, 8.0, 20.0, 20.0, 4.0, 20.0, 4.0, 20.0, 0.0, 8.0, 8.0, 8.0, 8.0, 8.0, 4.0, 4.0, 20.0, 0.0, 0.0, 8.0, 4.0, 4.0, 4.0, 20.0, 8.0, 8.0, 0.0, 8.0, 4.0, 4.0]",71.0,71.0,9,qxgij9sh,,,,,0
3,u2aoz11d,,0,308,307,post_exp,FinalForProlific,2026-05-21 00:20:13.130849,1,,,4992.0,3,,0.0,9d5dfc26-db4a-4f04-a070-57ca9e03a8a8,3677.67,22.0,20.0,440.0,4117.67,,2600.0,20.0,80.0,3,"{""forecast_confidence_next_day"":3,""forecast_price_next_day"":80}",62.0,0.0,1,,,1,c790e030-d023-437b-b3f5-54393dc4bea4,https://london-trader-6b45bffdcd02.herokuapp.com,wss://london-trader-6b45bffdcd02.herokuapp.com,,1,6,ghp,gamified,human_only,0.0,0,15,"[8.0, 4.0, 20.0, 8.0, 8.0, 20.0, 20.0, 4.0, 20.0, 4.0, 20.0, 0.0, 8.0, 8.0, 8.0, 8.0, 8.0, 4.0, 4.0, 20.0, 0.0, 0.0, 8.0, 4.0, 4.0, 4.0, 20.0, 8.0, 8.0, 0.0, 8.0, 4.0, 4.0]",71.0,71.0,9,qxgij9sh,,,,,0
4,90ay03zv,,0,308,307,post_exp,FinalForProlific,2026-05-21 00:20:13.140123,1,,,4543.0,4,,0.0,f9508a9f-40fc-4e43-82d6-2a10682c80ee,3787.76,20.0,20.0,400.0,4187.76,,3800.0,10.0,0.0,0,,62.0,0.0,1,,,1,c790e030-d023-437b-b3f5-54393dc4bea4,https://london-trader-6b45bffdcd02.herokuapp.com,wss://london-trader-6b45bffdcd02.herokuapp.com,,1,6,ghp,gamified,human_only,0.0,0,15,"[8.0, 4.0, 20.0, 8.0, 8.0, 20.0, 20.0, 4.0, 20.0, 4.0, 20.0, 0.0, 8.0, 8.0, 8.0, 8.0, 8.0, 4.0, 4.0, 20.0, 0.0, 0.0, 8.0, 4.0, 4.0, 4.0, 20.0, 8.0, 8.0, 0.0, 8.0, 4.0, 4.0]",71.0,71.0,9,qxgij9sh,,,,,0
5,ukmvlwcs,,0,308,307,post_exp,FinalForProlific,2026-05-21 00:20:13.146394,1,,,5655.0,5,,0.0,fc375a6c-df52-4846-b92d-128b8b2369fb,5655.9,5.0,20.0,100.0,5755.9,,2600.0,20.0,64.0,4,"{""forecast_price_next_day"":64,""forecast_confidence_next_day"":4}",62.0,20.0,1,,,1,c790e030-d023-437b-b3f5-54393dc4bea4,https://london-trader-6b45bffdcd02.herokuapp.com,wss://london-trader-6b45bffdcd02.herokuapp.com,,1,6,ghp,gamified,human_only,0.0,0,15,"[8.0, 4.0, 20.0, 8.0, 8.0, 20.0, 20.0, 4.0, 20.0, 4.0, 20.0, 0.0, 8.0, 8.0, 8.0, 8.0, 8.0, 4.0, 4.0, 20.0, 0.0, 0.0, 8.0, 4.0, 4.0, 4.0, 20.0, 8.0, 8.0, 0.0, 8.0, 4.0, 4.0]",71.0,71.0,9,qxgij9sh,,,,,0
6,ehyb34jx,,0,308,307,post_exp,FinalForProlific,2026-05-21 00:20:13.152849,1,,,4044.0,6,,0.0,29263d52-43a8-41f9-8fac-174bd27a3cac,3311.2000000000003,18.0,20.0,360.0,3671.2000000000003,,3800.0,10.0,75.0,5,"{""forecast_price_next_day"":75,""forecast_confidence_next_day"":5}",62.0,0.0,1,,,1,c790e030-d023-437b-b3f5-54393dc4bea4,https://london-trader-6b45bffdcd02.herokuapp.com,wss://london-trader-6b45bffdcd02.herokuapp.com,,1,6,ghp,gamified,human_only,0.0,0,15,"[8.0, 4.0, 20.0, 8.0, 8.0, 20.0, 20.0, 4.0, 20.0, 4.0, 20.0, 0.0, 8.0, 8.0, 8.0, 8.0, 8.0, 4.0, 4.0, 20.0, 0.0, 0.0, 8.0, 4.0, 4.0, 4.0, 20.0, 8.0, 8.0, 0.0, 8.0, 4.0, 4.0]",71.0,71.0,9,qxgij9sh,,,,,0
7,6xvvhy1g,,0,308,307,post_exp,FinalForProlific,2026-05-21 00:20:13.159196,1,,,4941.0,1,,0.0,805afd8a-f298-447c-b524-fcfacc9b528f,3802.2899999999936,41.0,20.0,820.0,4622.289999999994,,2600.0,20.0,130.0,3,"{""forecast_confidence_next_day"":3,""forecast_price_next_day"":129.95}",129.92,20.0,1,,,2,1929c09c-602b-4617-8659-48b1a29c8097,https://london-trader-6b45bffdcd02.herokuapp.com,wss://london-trader-6b45bffdcd02.herokuapp.com,,1,6,ng,non_gamified,human_only,0.0,0,15,"[8.0, 4.0, 20.0, 8.0, 8.0, 20.0, 20.0, 4.0, 20.0, 4.0, 20.0, 0.0, 8.0, 8.0, 8.0, 8.0, 8.0, 4.0, 4.0, 20.0, 0.0, 0.0, 8.0, 4.0, 4.0, 4.0, 20.0, 8.0, 8.0, 0.0, 8.0, 4.0, 4.0]",129.97,129.97,9,qxgij9sh,,,,,0
8,o6ptk42l,,0,308,307,post_exp,FinalForProlific,2026-05-21 00:20:13.166131,1,,,5638.0,2,,0.0,fc1e2a3f-5601-4c5f-9adf-19d17e6e5667,5292.5,2.0,20.0,40.0,5332.5,,3800.0,10.0,130.0,4,"{""forecast_price_next_day"":129.89,""forecast_confidence_next_day"":4}",129.92,20.0,1,,,2,1929c09c-602b-4617-8659-48b1a29c8097,https://london-trader-6b45bffdcd02.herokuapp.com,wss://london-trader-6b45bffdcd02.herokuapp.com,,1,6,ng,non_gamified,human_only,0.0,0,15,"[8.0, 4.0, 20.0, 8.0, 8.0, 20.0, 20.0, 4.0, 20.0, 4.0, 20.0, 0.0, 8.0, 8.0, 8.0, 8.0, 8.0, 4.0, 4.0, 20.0, 0.0, 0.0, 8.0, 4.0, 4.0, 4.0, 20.0, 8.0, 8.0, 0.0, 8.0, 4.0, 4.0]",129.97,129.97,9,qxgij9sh,,,,,0
9,vitm387c,,0,308,307,post_exp,FinalForProlific,2026-05-21 00:20:13.172514,1,,,4427.0,3,,0.0,79bc089c-0e42-4ffb-a089-d39727a7ad5e,2596.17,31.0,20.0,620.0,3216.17,,2600.0,20.0,134.0,2,"{""forecast_price_next_day"":133.65,""forecast_confidence_next_day"":2}",129.92,20.0,1,,,2,1929c09c-602b-4617-8659-48b1a29c8097,https://london-trader-6b45bffdcd02.herokuapp.com,wss://london-trader-6b45bffdcd02.herokuapp.com,,1,6,ng,non_gamified,human_only,0.0,0,15,"[8.0, 4.0, 20.0, 8.0, 8.0, 20.0, 20.0, 4.0, 20.0, 4.0, 20.0, 0.0, 8.0, 8.0, 8.0, 8.0, 8.0, 4.0, 4.0, 20.0, 0.0, 0.0, 8.0, 4.0, 4.0, 4.0, 20.0, 8.0, 8.0, 0.0, 8.0, 4.0, 4.0]",129.97,129.97,9,qxgij9sh,,,,,0
10,nngm5qgp,,0,308,307,post_exp,FinalForProlific,2026-05-21 00:20:13.181710,1,,,521.0,4,,0.0,cd733786-3f26-45f5-9434-5391feb2db91,6226.580000000005,0.0,20.0,0.0,6226.580000000005,,3800.0,10.0,128.0,2,"{""forecast_price_next_day"":128,""forecast_confidence_next_day"":2}",129.92,20.0,1,,,2,1929c09c-602b-4617-8659-48b1a29c8097,https://london-trader-6b45bffdcd02.herokuapp.com,wss://london-trader-6b45bffdcd02.herokuapp.com,,1,6,ng,non_gamified,human_only,0.0,0,15,"[8.0, 4.0, 20.0, 8.0, 8.0, 20.0, 20.0, 4.0, 20.0, 4.0, 20.0, 0.0, 8.0, 8.0, 8.0, 8.0, 8.0, 4.0, 4.0, 20.0, 0.0, 0.0, 8.0, 4.0, 4.0, 4.0, 20.0, 8.0, 8.0, 0.0, 8.0, 4.0, 4.0]",129.97,129.97,9,qxgij9sh,,,,,0
11,9x5fpgk2,,0,308,307,post_exp,FinalForProlific,2026-05-21 00:20:13.188564,1,,,6999.0,5,,0.0,e3a0615f-a8a1-4546-bc68-9c947e9bf488,4350.27,30.0,20.0,600.0,4950.27,,2600.0,20.0,0.0,0,,129.92,0.0,1,,,2,1929c09c-602b-4617-8659-48b1a29c8097,https://london-trader-6b45bffdcd02.herokuapp.com,wss://london-trader-6b45bffdcd02.herokuapp.com,,1,6,ng,non_gamified,human_only,0.0,0,15,"[8.0, 4.0, 20.0, 8.0, 8.0, 20.0, 20.0, 4.0, 20.0, 4.0, 20.0, 0.0, 8.0, 8.0, 8.0, 8.0, 8.0, 4.0, 4.0, 20.0, 0.0, 0.0, 8.0, 4.0, 4.0, 4.0, 20.0, 8.0, 8.0, 0.0, 8.0, 4.0, 4.0]",129.97,129.97,9,qxgij9sh,,,,,0
12,7d70uqk8,,0,308,307,post_exp,FinalForProlific,2026-05-21 00:20:13.195431,1,,,9064.0,6,,0.0,eae02f14-4e82-48f4-9971-bdb53d8c832b,3052.189999999997,32.0,20.0,640.0,3692.189999999997,,3800.0,10.0,130.0,5,"{""forecast_price_next_day"":130,""forecast_confidence_next_day"":5}",129.92,20.0,1,,,2,1929c09c-602b-4617-8659-48b1a29c8097,https://london-trader-6b45bffdcd02.herokuapp.com,wss://london-trader-6b45bffdcd02.herokuapp.com,,1,6,ng,non_gamified,human_only,0.0,0,15,"[8.0, 4.0, 20.0, 8.0, 8.0, 20.0, 20.0, 4.0, 20.0, 4.0, 20.0, 0.0, 8.0, 8.0, 8.0, 8.0, 8.0, 4.0, 4.0, 20.0, 0.0, 0.0, 8.0, 4.0, 4.0, 4.0, 20.0, 8.0, 8.0, 0.0, 8.0, 4.0, 4.0]",129.97,129.97,9,qxgij9sh,,,,,0
13,dadcupjc,,0,308,307,post_exp,FinalForProlific,2026-05-21 00:20:13.202022,1,,,5593.0,1,,0.0,bc406764-852c-4301-aac5-ffda79e1d352,3966.38,15.0,20.0,300.0,4266.38,,2600.0,20.0,60.0,2,"{""forecast_price_next_day"":60,""forecast_confidence_next_day"":2}",65.94,0.0,1,,,3,562efb1b-a346-43e9-8059-5c07029ce57e,https://london-trader-6b45bffdcd02.herokuapp.com,wss://london-trader-6b45bffdcd02.herokuapp.com,,1,6,ghp,gamified,human_only,0.0,0,15,"[8.0, 4.0, 20.0, 8.0, 8.0, 20.0, 20.0, 4.0, 20.0, 4.0, 20.0, 0.0, 8.0, 8.0, 8.0, 8.0, 8.0, 4.0, 4.0, 20.0, 0.0, 0.0, 8.0, 4.0, 4.0, 4.0, 20.0, 8.0, 8.0, 0.0, 8.0, 4.0, 4.0]",64.88,64.88,9,qxgij9sh,,,,,0
14,stzawa55,,0,308,307,post_exp,FinalForProlific,2026-05-21 00:20:13.207535,1,,,6667.0,2,,0.0,90a3d963-fbea-46b9-8de6-7bf9d6b601c5,4452.41,18.0,20.0,360.0,4812.41,,3800.0,10.0,60.0,3,"{""forecast_price_next_day"":60,""forecast_confidence_next_day"":3}",65.94,0.0,1,,,3,562efb1b-a346-43e9-8059-5c07029ce57e,https://london-trader-6b45bffdcd02.herokuapp.com,wss://london-trader-6b45bffdcd02.herokuapp.com,,1,6,ghp,gamified,human_only,0.0,0,15,"[8.0, 4.0, 20.0, 8.0, 8.0, 20.0, 20.0, 4.0, 20.0, 4.0, 20.0, 0.0, 8.0, 8.0, 8.0, 8.0, 8.0, 4.0, 4.0, 20.0, 0.0, 0.0, 8.0, 4.0, 4.0, 4.0, 20.0, 8.0, 8.0, 0.0, 8.0, 4.0, 4.0]",64.88,64.88,9,qxgij9sh,,,,,0
15,ja9vp1ab,,0,308,307,post_exp,FinalForProlific,2026-05-21 00:20:13.214591,1,,,7291.0,3,,0.0,0eef23b9-e989-4879-a424-0549e92340f7,2498.8999999999996,43.0,20.0,860.0,3358.8999999999996,,2600.0,20.0,65.0,3,"{""forecast_confidence_next_day"":3,""forecast_price_next_day"":65}",65.94,20.0,1,,,3,562efb1b-a346-43e9-8059-5c07029ce57e,https://london-trader-6b45bffdcd02.herokuapp.com,wss://london-trader-6b45bffdcd02.herokuapp.com,,1,6,ghp,gamified,human_only,0.0,0,15,"[8.0, 4.0, 20.0, 8.0, 8.0, 20.0, 20.0, 4.0, 20.0, 4.0, 20.0, 0.0, 8.0, 8.0, 8.0, 8.0, 8.0, 4.0, 4.0, 20.0, 0.0, 0.0, 8.0, 4.0, 4.0, 4.0, 20.0, 8.0, 8.0, 0.0, 8.0, 4.0, 4.0]",64.88,64.88,9,qxgij9sh,,,,,0
16,tzbpp88u,,0,308,307,post_exp,FinalForProlific,2026-05-21 00:20:13.221123,1,,,5765.0,4,,0.0,51571e52-e5e1-4e31-b9d8-616043a0be9a,4609.750000000001,10.0,20.0,200.0,4809.750000000001,,3800.0,10.0,66.0,3,"{""forecast_price_next_day"":66,""forecast_confidence_next_day"":3}",65.94,20.0,1,,,3,562efb1b-a346-43e9-8059-5c07029ce57e,https://london-trader-6b45bffdcd02.herokuapp.com,wss://london-trader-6b45bffdcd02.herokuapp.com,,1,6,ghp,gamified,human_only,0.0,0,15,"[8.0, 4.0, 20.0, 8.0, 8.0, 20.0, 20.0, 4.0, 20.0, 4.0, 20.0, 0.0, 8.0, 8.0, 8.0, 8.0, 8.0, 4.0, 4.0, 20.0, 0.0, 0.0, 8.0, 4.0, 4.0, 4.0, 20.0, 8.0, 8.0, 0.0, 8.0, 4.0, 4.0]",64.88,64.88,9,qxgij9sh,,,,,0
17,gr27p5tr,,0,308,307,post_exp,FinalForProlific,2026-05-21 00:20:13.227342,1,,,5642.0,5,,0.0,6c1cc253-2d3c-4c02-96fe-14e14b6bdce5,5540.810000000001,0.0,20.0,0.0,5540.810000000001,,2600.0,20.0,65.0,4,"{""forecast_confidence_next_day"":4,""forecast_price_next_day"":65}",65.94,20.0,1,,,3,562efb1b-a346-43e9-8059-5c07029ce57e,https://london-trader-6b45bffdcd02.herokuapp.com,wss://london-trader-6b45bffdcd02.herokuapp.com,,1,6,ghp,gamified,human_only,0.0,0,15,"[8.0, 4.0, 20.0, 8.0, 8.0, 20.0, 20.0, 4.0, 20.0, 4.0, 20.0, 0.0, 8.0, 8.0, 8.0, 8.0, 8.0, 4.0, 4.0, 20.0, 0.0, 0.0, 8.0, 4.0, 4.0, 4.0, 20.0, 8.0, 8.0, 0.0, 8.0, 4.0, 4.0]",64.88,64.88,9,qxgij9sh,,,,,0
18,e60078af,,0,308,307,post_exp,FinalForProlific,2026-05-21 00:20:13.233350,1,,,4972.0,6,,0.0,da37c669-bb41-4646-a780-46fa1fade433,4231.75,15.0,20.0,300.0,4531.75,,3800.0,10.0,65.0,4,"{""forecast_price_next_day"":65,""forecast_confidence_next_day"":4}",65.94,20.0,1,,,3,562efb1b-a346-43e9-8059-5c07029ce57e,https://london-trader-6b45bffdcd02.herokuapp.com,wss://london-trader-6b45bffdcd02.herokuapp.com,,1,6,ghp,gamified,human_only,0.0,0,15,"[8.0, 4.0, 20.0, 8.0, 8.0, 20.0, 20.0, 4.0, 20.0, 4.0, 20.0, 0.0, 8.0, 8.0, 8.0, 8.0, 8.0, 4.0, 4.0, 20.0, 0.0, 0.0, 8.0, 4.0, 4.0, 4.0, 20.0, 8.0, 8.0, 0.0, 8.0, 4.0, 4.0]",64.88,64.88,9,qxgij9sh,,,,,0
19,9mtusmd8,,0,308,307,post_exp,FinalForProlific,2026-05-21 00:20:13.239722,1,,,5453.0,1,,0.0,276f00ae-8bbf-4cb6-ba2f-f601558a0f62,3914.0,22.0,20.0,440.0,4354.0,,2600.0,20.0,118.0,5,"{""forecast_price_next_day"":118,""forecast_confidence_next_day"":5}",125.0,0.0,1,,,4,587a57e3-5de4-4574-996d-f2bfa0659c2c,https://london-trader-6b45bffdcd02.herokuapp.com,wss://london-trader-6b45bffdcd02.herokuapp.com,,1,1,ng,non_gamified,human_only,0.0,1,15,"[8.0, 4.0, 20.0, 8.0, 8.0, 20.0, 20.0, 4.0, 20.0, 4.0, 20.0, 0.0, 8.0, 8.0, 8.0, 8.0, 8.0, 4.0, 4.0, 20.0, 0.0, 0.0, 8.0, 4.0, 4.0, 4.0, 20.0, 8.0, 8.0, 0.0, 8.0, 4.0, 4.0]",125.0,125.0,9,qxgij9sh,,,,,0
1,g9jo03o9,,0,308,307,post_exp,FinalForProlific,2026-05-21 00:20:12.875424,1,,,5611.0,1,,0.0,30fc2b4e-6bfb-433a-804d-56f7e84d7ba3,4171.84,20.0,4.0,80.0,4251.84,,2600.0,20.0,,,,,0.0,0,,,1,c790e030-d023-437b-b3f5-54393dc4bea4,https://london-trader-6b45bffdcd02.herokuapp.com,wss://london-trader-6b45bffdcd02.herokuapp.com,,1,6,ghp,gamified,human_only,0.0,0,15,"[8.0, 4.0, 20.0, 8.0, 8.0, 20.0, 20.0, 4.0, 20.0, 4.0, 20.0, 0.0, 8.0, 8.0, 8.0, 8.0, 8.0, 4.0, 4.0, 20.0, 0.0, 0.0, 8.0, 4.0, 4.0, 4.0, 20.0, 8.0, 8.0, 0.0, 8.0, 4.0, 4.0]",62.0,62.0,10,qxgij9sh,,,,,0
2,h0ebvwds,,0,308,307,post_exp,FinalForProlific,2026-05-21 00:20:13.125533,1,,,5268.0,2,,0.0,7282a71b-4af9-4161-9243-59a7200491a8,4725.63,9.0,4.0,36.0,4761.63,,3800.0,10.0,,,,,0.0,0,,,1,c790e030-d023-437b-b3f5-54393dc4bea4,https://london-trader-6b45bffdcd02.herokuapp.com,wss://london-trader-6b45bffdcd02.herokuapp.com,,1,6,ghp,gamified,human_only,0.0,0,15,"[8.0, 4.0, 20.0, 8.0, 8.0, 20.0, 20.0, 4.0, 20.0, 4.0, 20.0, 0.0, 8.0, 8.0, 8.0, 8.0, 8.0, 4.0, 4.0, 20.0, 0.0, 0.0, 8.0, 4.0, 4.0, 4.0, 20.0, 8.0, 8.0, 0.0, 8.0, 4.0, 4.0]",62.0,62.0,10,qxgij9sh,,,,,0
3,u2aoz11d,,0,308,307,post_exp,FinalForProlific,2026-05-21 00:20:13.130849,1,,,4992.0,3,,0.0,9d5dfc26-db4a-4f04-a070-57ca9e03a8a8,4104.16,21.0,4.0,84.0,4188.16,,2600.0,20.0,,,,,0.0,0,,,1,c790e030-d023-437b-b3f5-54393dc4bea4,https://london-trader-6b45bffdcd02.herokuapp.com,wss://london-trader-6b45bffdcd02.herokuapp.com,,1,6,ghp,gamified,human_only,0.0,0,15,"[8.0, 4.0, 20.0, 8.0, 8.0, 20.0, 20.0, 4.0, 20.0, 4.0, 20.0, 0.0, 8.0, 8.0, 8.0, 8.0, 8.0, 4.0, 4.0, 20.0, 0.0, 0.0, 8.0, 4.0, 4.0, 4.0, 20.0, 8.0, 8.0, 0.0, 8.0, 4.0, 4.0]",62.0,62.0,10,qxgij9sh,,,,,0
4,90ay03zv,,0,308,307,post_exp,FinalForProlific,2026-05-21 00:20:13.140123,1,,,4543.0,4,,0.0,f9508a9f-40fc-4e43-82d6-2a10682c80ee,4255.76,18.0,4.0,72.0,4327.76,,3800.0,10.0,,,,,0.0,0,,,1,c790e030-d023-437b-b3f5-54393dc4bea4,https://london-trader-6b45bffdcd02.herokuapp.com,wss://london-trader-6b45bffdcd02.herokuapp.com,,1,6,ghp,gamified,human_only,0.0,0,15,"[8.0, 4.0, 20.0, 8.0, 8.0, 20.0, 20.0, 4.0, 20.0, 4.0, 20.0, 0.0, 8.0, 8.0, 8.0, 8.0, 8.0, 4.0, 4.0, 20.0, 0.0, 0.0, 8.0, 4.0, 4.0, 4.0, 20.0, 8.0, 8.0, 0.0, 8.0, 4.0, 4.0]",62.0,62.0,10,qxgij9sh,,,,,0
5,ukmvlwcs,,0,308,307,post_exp,FinalForProlific,2026-05-21 00:20:13.146394,1,,,5655.0,5,,0.0,fc375a6c-df52-4846-b92d-128b8b2369fb,5822.9,4.0,4.0,16.0,5838.9,,2600.0,20.0,,,,,0.0,0,,,1,c790e030-d023-437b-b3f5-54393dc4bea4,https://london-trader-6b45bffdcd02.herokuapp.com,wss://london-trader-6b45bffdcd02.herokuapp.com,,1,6,ghp,gamified,human_only,0.0,0,15,"[8.0, 4.0, 20.0, 8.0, 8.0, 20.0, 20.0, 4.0, 20.0, 4.0, 20.0, 0.0, 8.0, 8.0, 8.0, 8.0, 8.0, 4.0, 4.0, 20.0, 0.0, 0.0, 8.0, 4.0, 4.0, 4.0, 20.0, 8.0, 8.0, 0.0, 8.0, 4.0, 4.0]",62.0,62.0,10,qxgij9sh,,,,,0
6,ehyb34jx,,0,308,307,post_exp,FinalForProlific,2026-05-21 00:20:13.152849,1,,,4044.0,6,,0.0,29263d52-43a8-41f9-8fac-174bd27a3cac,3611.7100000000005,19.0,4.0,76.0,3687.7100000000005,,3800.0,10.0,,,,,0.0,0,,,1,c790e030-d023-437b-b3f5-54393dc4bea4,https://london-trader-6b45bffdcd02.herokuapp.com,wss://london-trader-6b45bffdcd02.herokuapp.com,,1,6,ghp,gamified,human_only,0.0,0,15,"[8.0, 4.0, 20.0, 8.0, 8.0, 20.0, 20.0, 4.0, 20.0, 4.0, 20.0, 0.0, 8.0, 8.0, 8.0, 8.0, 8.0, 4.0, 4.0, 20.0, 0.0, 0.0, 8.0, 4.0, 4.0, 4.0, 20.0, 8.0, 8.0, 0.0, 8.0, 4.0, 4.0]",62.0,62.0,10,qxgij9sh,,,,,0
7,6xvvhy1g,,0,308,307,post_exp,FinalForProlific,2026-05-21 00:20:13.159196,1,,,4941.0,1,,0.0,805afd8a-f298-447c-b524-fcfacc9b528f,5532.069999999992,14.0,4.0,56.0,5588.069999999992,,2600.0,20.0,,,,,0.0,0,,,2,1929c09c-602b-4617-8659-48b1a29c8097,https://london-trader-6b45bffdcd02.herokuapp.com,wss://london-trader-6b45bffdcd02.herokuapp.com,,1,6,ng,non_gamified,human_only,0.0,0,15,"[8.0, 4.0, 20.0, 8.0, 8.0, 20.0, 20.0, 4.0, 20.0, 4.0, 20.0, 0.0, 8.0, 8.0, 8.0, 8.0, 8.0, 4.0, 4.0, 20.0, 0.0, 0.0, 8.0, 4.0, 4.0, 4.0, 20.0, 8.0, 8.0, 0.0, 8.0, 4.0, 4.0]",129.92,129.92,10,qxgij9sh,,,,,0
8,o6ptk42l,,0,308,307,post_exp,FinalForProlific,2026-05-21 00:20:13.166131,1,,,5638.0,2,,0.0,fc1e2a3f-5601-4c5f-9adf-19d17e6e5667,4942.63,7.0,4.0,28.0,4970.63,,3800.0,10.0,,,,,0.0,0,,,2,1929c09c-602b-4617-8659-48b1a29c8097,https://london-trader-6b45bffdcd02.herokuapp.com,wss://london-trader-6b45bffdcd02.herokuapp.com,,1,6,ng,non_gamified,human_only,0.0,0,15,"[8.0, 4.0, 20.0, 8.0, 8.0, 20.0, 20.0, 4.0, 20.0, 4.0, 20.0, 0.0, 8.0, 8.0, 8.0, 8.0, 8.0, 4.0, 4.0, 20.0, 0.0, 0.0, 8.0, 4.0, 4.0, 4.0, 20.0, 8.0, 8.0, 0.0, 8.0, 4.0, 4.0]",129.92,129.92,10,qxgij9sh,,,,,0
9,vitm387c,,0,308,307,post_exp,FinalForProlific,2026-05-21 00:20:13.172514,1,,,4427.0,3,,0.0,79bc089c-0e42-4ffb-a089-d39727a7ad5e,2826.29,34.0,4.0,136.0,2962.29,,2600.0,20.0,,,,,0.0,0,,,2,1929c09c-602b-4617-8659-48b1a29c8097,https://london-trader-6b45bffdcd02.herokuapp.com,wss://london-trader-6b45bffdcd02.herokuapp.com,,1,6,ng,non_gamified,human_only,0.0,0,15,"[8.0, 4.0, 20.0, 8.0, 8.0, 20.0, 20.0, 4.0, 20.0, 4.0, 20.0, 0.0, 8.0, 8.0, 8.0, 8.0, 8.0, 4.0, 4.0, 20.0, 0.0, 0.0, 8.0, 4.0, 4.0, 4.0, 20.0, 8.0, 8.0, 0.0, 8.0, 4.0, 4.0]",129.92,129.92,10,qxgij9sh,,,,,0
10,nngm5qgp,,0,308,307,post_exp,FinalForProlific,2026-05-21 00:20:13.181710,1,,,521.0,4,,0.0,cd733786-3f26-45f5-9434-5391feb2db91,6226.580000000005,0.0,4.0,0.0,6226.580000000005,,3800.0,10.0,,,,,0.0,0,,,2,1929c09c-602b-4617-8659-48b1a29c8097,https://london-trader-6b45bffdcd02.herokuapp.com,wss://london-trader-6b45bffdcd02.herokuapp.com,,1,6,ng,non_gamified,human_only,0.0,0,15,"[8.0, 4.0, 20.0, 8.0, 8.0, 20.0, 20.0, 4.0, 20.0, 4.0, 20.0, 0.0, 8.0, 8.0, 8.0, 8.0, 8.0, 4.0, 4.0, 20.0, 0.0, 0.0, 8.0, 4.0, 4.0, 4.0, 20.0, 8.0, 8.0, 0.0, 8.0, 4.0, 4.0]",129.92,129.92,10,qxgij9sh,,,,,0
11,9x5fpgk2,,0,308,307,post_exp,FinalForProlific,2026-05-21 00:20:13.188564,1,,,6999.0,5,,0.0,e3a0615f-a8a1-4546-bc68-9c947e9bf488,5210.249999999998,25.0,4.0,100.0,5310.249999999998,,2600.0,20.0,,,,,0.0,0,,,2,1929c09c-602b-4617-8659-48b1a29c8097,https://london-trader-6b45bffdcd02.herokuapp.com,wss://london-trader-6b45bffdcd02.herokuapp.com,,1,6,ng,non_gamified,human_only,0.0,0,15,"[8.0, 4.0, 20.0, 8.0, 8.0, 20.0, 20.0, 4.0, 20.0, 4.0, 20.0, 0.0, 8.0, 8.0, 8.0, 8.0, 8.0, 4.0, 4.0, 20.0, 0.0, 0.0, 8.0, 4.0, 4.0, 4.0, 20.0, 8.0, 8.0, 0.0, 8.0, 4.0, 4.0]",129.92,129.92,10,qxgij9sh,,,,,0
12,7d70uqk8,,0,308,307,post_exp,FinalForProlific,2026-05-21 00:20:13.195431,1,,,9064.0,6,,0.0,eae02f14-4e82-48f4-9971-bdb53d8c832b,3302.1799999999957,41.0,4.0,164.0,3466.1799999999957,,3800.0,10.0,,,,,0.0,0,,,2,1929c09c-602b-4617-8659-48b1a29c8097,https://london-trader-6b45bffdcd02.herokuapp.com,wss://london-trader-6b45bffdcd02.herokuapp.com,,1,6,ng,non_gamified,human_only,0.0,0,15,"[8.0, 4.0, 20.0, 8.0, 8.0, 20.0, 20.0, 4.0, 20.0, 4.0, 20.0, 0.0, 8.0, 8.0, 8.0, 8.0, 8.0, 4.0, 4.0, 20.0, 0.0, 0.0, 8.0, 4.0, 4.0, 4.0, 20.0, 8.0, 8.0, 0.0, 8.0, 4.0, 4.0]",129.92,129.92,10,qxgij9sh,,,,,0
13,dadcupjc,,0,308,307,post_exp,FinalForProlific,2026-05-21 00:20:13.202022,1,,,5593.0,1,,0.0,bc406764-852c-4301-aac5-ffda79e1d352,4336.25,14.0,4.0,56.0,4392.25,,2600.0,20.0,,,,,0.0,0,,,3,562efb1b-a346-43e9-8059-5c07029ce57e,https://london-trader-6b45bffdcd02.herokuapp.com,wss://london-trader-6b45bffdcd02.herokuapp.com,,1,6,ghp,gamified,human_only,0.0,0,15,"[8.0, 4.0, 20.0, 8.0, 8.0, 20.0, 20.0, 4.0, 20.0, 4.0, 20.0, 0.0, 8.0, 8.0, 8.0, 8.0, 8.0, 4.0, 4.0, 20.0, 0.0, 0.0, 8.0, 4.0, 4.0, 4.0, 20.0, 8.0, 8.0, 0.0, 8.0, 4.0, 4.0]",65.94,65.94,10,qxgij9sh,,,,,0
14,stzawa55,,0,308,307,post_exp,FinalForProlific,2026-05-21 00:20:13.207535,1,,,6667.0,2,,0.0,90a3d963-fbea-46b9-8de6-7bf9d6b601c5,4812.41,21.0,4.0,84.0,4896.41,,3800.0,10.0,,,,,0.0,0,,,3,562efb1b-a346-43e9-8059-5c07029ce57e,https://london-trader-6b45bffdcd02.herokuapp.com,wss://london-trader-6b45bffdcd02.herokuapp.com,,1,6,ghp,gamified,human_only,0.0,0,15,"[8.0, 4.0, 20.0, 8.0, 8.0, 20.0, 20.0, 4.0, 20.0, 4.0, 20.0, 0.0, 8.0, 8.0, 8.0, 8.0, 8.0, 4.0, 4.0, 20.0, 0.0, 0.0, 8.0, 4.0, 4.0, 4.0, 20.0, 8.0, 8.0, 0.0, 8.0, 4.0, 4.0]",65.94,65.94,10,qxgij9sh,,,,,0
15,ja9vp1ab,,0,308,307,post_exp,FinalForProlific,2026-05-21 00:20:13.214591,1,,,7291.0,3,,0.0,0eef23b9-e989-4879-a424-0549e92340f7,3752.3399999999992,52.0,4.0,208.0,3960.3399999999992,,2600.0,20.0,,,,,0.0,0,,,3,562efb1b-a346-43e9-8059-5c07029ce57e,https://london-trader-6b45bffdcd02.herokuapp.com,wss://london-trader-6b45bffdcd02.herokuapp.com,,1,6,ghp,gamified,human_only,0.0,0,15,"[8.0, 4.0, 20.0, 8.0, 8.0, 20.0, 20.0, 4.0, 20.0, 4.0, 20.0, 0.0, 8.0, 8.0, 8.0, 8.0, 8.0, 4.0, 4.0, 20.0, 0.0, 0.0, 8.0, 4.0, 4.0, 4.0, 20.0, 8.0, 8.0, 0.0, 8.0, 4.0, 4.0]",65.94,65.94,10,qxgij9sh,,,,,0
16,tzbpp88u,,0,308,307,post_exp,FinalForProlific,2026-05-21 00:20:13.221123,1,,,5765.0,4,,0.0,51571e52-e5e1-4e31-b9d8-616043a0be9a,4610.200000000001,22.0,4.0,88.0,4698.200000000001,,3800.0,10.0,,,,,0.0,0,,,3,562efb1b-a346-43e9-8059-5c07029ce57e,https://london-trader-6b45bffdcd02.herokuapp.com,wss://london-trader-6b45bffdcd02.herokuapp.com,,1,6,ghp,gamified,human_only,0.0,0,15,"[8.0, 4.0, 20.0, 8.0, 8.0, 20.0, 20.0, 4.0, 20.0, 4.0, 20.0, 0.0, 8.0, 8.0, 8.0, 8.0, 8.0, 4.0, 4.0, 20.0, 0.0, 0.0, 8.0, 4.0, 4.0, 4.0, 20.0, 8.0, 8.0, 0.0, 8.0, 4.0, 4.0]",65.94,65.94,10,qxgij9sh,,,,,0
17,gr27p5tr,,0,308,307,post_exp,FinalForProlific,2026-05-21 00:20:13.227342,1,,,5642.0,5,,0.0,6c1cc253-2d3c-4c02-96fe-14e14b6bdce5,5410.810000000001,4.0,4.0,16.0,5426.810000000001,,2600.0,20.0,,,,,0.0,0,,,3,562efb1b-a346-43e9-8059-5c07029ce57e,https://london-trader-6b45bffdcd02.herokuapp.com,wss://london-trader-6b45bffdcd02.herokuapp.com,,1,6,ghp,gamified,human_only,0.0,0,15,"[8.0, 4.0, 20.0, 8.0, 8.0, 20.0, 20.0, 4.0, 20.0, 4.0, 20.0, 0.0, 8.0, 8.0, 8.0, 8.0, 8.0, 4.0, 4.0, 20.0, 0.0, 0.0, 8.0, 4.0, 4.0, 4.0, 20.0, 8.0, 8.0, 0.0, 8.0, 4.0, 4.0]",65.94,65.94,10,qxgij9sh,,,,,0
18,e60078af,,0,308,307,post_exp,FinalForProlific,2026-05-21 00:20:13.233350,1,,,4972.0,6,,0.0,da37c669-bb41-4646-a780-46fa1fade433,4397.990000000001,17.0,4.0,68.0,4465.990000000001,,3800.0,10.0,,,,,0.0,0,,,3,562efb1b-a346-43e9-8059-5c07029ce57e,https://london-trader-6b45bffdcd02.herokuapp.com,wss://london-trader-6b45bffdcd02.herokuapp.com,,1,6,ghp,gamified,human_only,0.0,0,15,"[8.0, 4.0, 20.0, 8.0, 8.0, 20.0, 20.0, 4.0, 20.0, 4.0, 20.0, 0.0, 8.0, 8.0, 8.0, 8.0, 8.0, 4.0, 4.0, 20.0, 0.0, 0.0, 8.0, 4.0, 4.0, 4.0, 20.0, 8.0, 8.0, 0.0, 8.0, 4.0, 4.0]",65.94,65.94,10,qxgij9sh,,,,,0
19,9mtusmd8,,0,308,307,post_exp,FinalForProlific,2026-05-21 00:20:13.239722,1,,,5453.0,1,,0.0,276f00ae-8bbf-4cb6-ba2f-f601558a0f62,4479.0,22.0,4.0,88.0,4567.0,,2600.0,20.0,,,,,0.0,0,,,4,587a57e3-5de4-4574-996d-f2bfa0659c2c,https://london-trader-6b45bffdcd02.herokuapp.com,wss://london-trader-6b45bffdcd02.herokuapp.com,,1,1,ng,non_gamified,human_only,0.0,1,15,"[8.0, 4.0, 20.0, 8.0, 8.0, 20.0, 20.0, 4.0, 20.0, 4.0, 20.0, 0.0, 8.0, 8.0, 8.0, 8.0, 8.0, 4.0, 4.0, 20.0, 0.0, 0.0, 8.0, 4.0, 4.0, 4.0, 20.0, 8.0, 8.0, 0.0, 8.0, 4.0, 4.0]",125.0,125.0,10,qxgij9sh,,,,,0
1,g9jo03o9,,0,308,307,post_exp,FinalForProlific,2026-05-21 00:20:12.875424,1,,,5611.0,1,,0.0,30fc2b4e-6bfb-433a-804d-56f7e84d7ba3,4361.84,18.0,20.0,360.0,4721.84,,2600.0,20.0,,,,,0.0,0,,,1,c790e030-d023-437b-b3f5-54393dc4bea4,https://london-trader-6b45bffdcd02.herokuapp.com,wss://london-trader-6b45bffdcd02.herokuapp.com,,1,6,ghp,gamified,human_only,0.0,0,15,"[8.0, 4.0, 20.0, 8.0, 8.0, 20.0, 20.0, 4.0, 20.0, 4.0, 20.0, 0.0, 8.0, 8.0, 8.0, 8.0, 8.0, 4.0, 4.0, 20.0, 0.0, 0.0, 8.0, 4.0, 4.0, 4.0, 20.0, 8.0, 8.0, 0.0, 8.0, 4.0, 4.0]",55.0,55.0,11,qxgij9sh,,,,,0
2,h0ebvwds,,0,308,307,post_exp,FinalForProlific,2026-05-21 00:20:13.125533,1,,,5268.0,2,,0.0,7282a71b-4af9-4161-9243-59a7200491a8,4761.63,11.0,20.0,220.0,4981.63,,3800.0,10.0,,,,,0.0,0,,,1,c790e030-d023-437b-b3f5-54393dc4bea4,https://london-trader-6b45bffdcd02.herokuapp.com,wss://london-trader-6b45bffdcd02.herokuapp.com,,1,6,ghp,gamified,human_only,0.0,0,15,"[8.0, 4.0, 20.0, 8.0, 8.0, 20.0, 20.0, 4.0, 20.0, 4.0, 20.0, 0.0, 8.0, 8.0, 8.0, 8.0, 8.0, 4.0, 4.0, 20.0, 0.0, 0.0, 8.0, 4.0, 4.0, 4.0, 20.0, 8.0, 8.0, 0.0, 8.0, 4.0, 4.0]",55.0,55.0,11,qxgij9sh,,,,,0
3,u2aoz11d,,0,308,307,post_exp,FinalForProlific,2026-05-21 00:20:13.130849,1,,,4992.0,3,,0.0,9d5dfc26-db4a-4f04-a070-57ca9e03a8a8,4736.16,12.0,20.0,240.0,4976.16,,2600.0,20.0,,,,,0.0,0,,,1,c790e030-d023-437b-b3f5-54393dc4bea4,https://london-trader-6b45bffdcd02.herokuapp.com,wss://london-trader-6b45bffdcd02.herokuapp.com,,1,6,ghp,gamified,human_only,0.0,0,15,"[8.0, 4.0, 20.0, 8.0, 8.0, 20.0, 20.0, 4.0, 20.0, 4.0, 20.0, 0.0, 8.0, 8.0, 8.0, 8.0, 8.0, 4.0, 4.0, 20.0, 0.0, 0.0, 8.0, 4.0, 4.0, 4.0, 20.0, 8.0, 8.0, 0.0, 8.0, 4.0, 4.0]",55.0,55.0,11,qxgij9sh,,,,,0
4,90ay03zv,,0,308,307,post_exp,FinalForProlific,2026-05-21 00:20:13.140123,1,,,4543.0,4,,0.0,f9508a9f-40fc-4e43-82d6-2a10682c80ee,4383.01,17.0,20.0,340.0,4723.01,,3800.0,10.0,,,,,0.0,0,,,1,c790e030-d023-437b-b3f5-54393dc4bea4,https://london-trader-6b45bffdcd02.herokuapp.com,wss://london-trader-6b45bffdcd02.herokuapp.com,,1,6,ghp,gamified,human_only,0.0,0,15,"[8.0, 4.0, 20.0, 8.0, 8.0, 20.0, 20.0, 4.0, 20.0, 4.0, 20.0, 0.0, 8.0, 8.0, 8.0, 8.0, 8.0, 4.0, 4.0, 20.0, 0.0, 0.0, 8.0, 4.0, 4.0, 4.0, 20.0, 8.0, 8.0, 0.0, 8.0, 4.0, 4.0]",55.0,55.0,11,qxgij9sh,,,,,0
5,ukmvlwcs,,0,308,307,post_exp,FinalForProlific,2026-05-21 00:20:13.146394,1,,,5655.0,5,,0.0,fc375a6c-df52-4846-b92d-128b8b2369fb,4156.65,34.0,20.0,680.0,4836.65,,2600.0,20.0,,,,,0.0,0,,,1,c790e030-d023-437b-b3f5-54393dc4bea4,https://london-trader-6b45bffdcd02.herokuapp.com,wss://london-trader-6b45bffdcd02.herokuapp.com,,1,6,ghp,gamified,human_only,0.0,0,15,"[8.0, 4.0, 20.0, 8.0, 8.0, 20.0, 20.0, 4.0, 20.0, 4.0, 20.0, 0.0, 8.0, 8.0, 8.0, 8.0, 8.0, 4.0, 4.0, 20.0, 0.0, 0.0, 8.0, 4.0, 4.0, 4.0, 20.0, 8.0, 8.0, 0.0, 8.0, 4.0, 4.0]",55.0,55.0,11,qxgij9sh,,,,,0
6,ehyb34jx,,0,308,307,post_exp,FinalForProlific,2026-05-21 00:20:13.152849,1,,,4044.0,6,,0.0,29263d52-43a8-41f9-8fac-174bd27a3cac,4656.710000000001,2.0,20.0,40.0,4696.710000000001,,3800.0,10.0,,,,,0.0,0,,,1,c790e030-d023-437b-b3f5-54393dc4bea4,https://london-trader-6b45bffdcd02.herokuapp.com,wss://london-trader-6b45bffdcd02.herokuapp.com,,1,6,ghp,gamified,human_only,0.0,0,15,"[8.0, 4.0, 20.0, 8.0, 8.0, 20.0, 20.0, 4.0, 20.0, 4.0, 20.0, 0.0, 8.0, 8.0, 8.0, 8.0, 8.0, 4.0, 4.0, 20.0, 0.0, 0.0, 8.0, 4.0, 4.0, 4.0, 20.0, 8.0, 8.0, 0.0, 8.0, 4.0, 4.0]",55.0,55.0,11,qxgij9sh,,,,,0
7,6xvvhy1g,,0,308,307,post_exp,FinalForProlific,2026-05-21 00:20:13.159196,1,,,4941.0,1,,0.0,805afd8a-f298-447c-b524-fcfacc9b528f,7406.549999999992,0.0,20.0,0.0,7406.549999999992,,2600.0,20.0,,,,,0.0,0,,,2,1929c09c-602b-4617-8659-48b1a29c8097,https://london-trader-6b45bffdcd02.herokuapp.com,wss://london-trader-6b45bffdcd02.herokuapp.com,,1,6,ng,non_gamified,human_only,0.0,0,15,"[8.0, 4.0, 20.0, 8.0, 8.0, 20.0, 20.0, 4.0, 20.0, 4.0, 20.0, 0.0, 8.0, 8.0, 8.0, 8.0, 8.0, 4.0, 4.0, 20.0, 0.0, 0.0, 8.0, 4.0, 4.0, 4.0, 20.0, 8.0, 8.0, 0.0, 8.0, 4.0, 4.0]",129.92,129.92,11,qxgij9sh,,,,,0
8,o6ptk42l,,0,308,307,post_exp,FinalForProlific,2026-05-21 00:20:13.166131,1,,,5638.0,2,,0.0,fc1e2a3f-5601-4c5f-9adf-19d17e6e5667,4840.79,7.0,20.0,140.0,4980.79,,3800.0,10.0,,,,,0.0,0,,,2,1929c09c-602b-4617-8659-48b1a29c8097,https://london-trader-6b45bffdcd02.herokuapp.com,wss://london-trader-6b45bffdcd02.herokuapp.com,,1,6,ng,non_gamified,human_only,0.0,0,15,"[8.0, 4.0, 20.0, 8.0, 8.0, 20.0, 20.0, 4.0, 20.0, 4.0, 20.0, 0.0, 8.0, 8.0, 8.0, 8.0, 8.0, 4.0, 4.0, 20.0, 0.0, 0.0, 8.0, 4.0, 4.0, 4.0, 20.0, 8.0, 8.0, 0.0, 8.0, 4.0, 4.0]",129.92,129.92,11,qxgij9sh,,,,,0
9,vitm387c,,0,308,307,post_exp,FinalForProlific,2026-05-21 00:20:13.172514,1,,,4427.0,3,,0.0,79bc089c-0e42-4ffb-a089-d39727a7ad5e,3222.0499999999997,32.0,20.0,640.0,3862.0499999999997,,2600.0,20.0,,,,,0.0,0,,,2,1929c09c-602b-4617-8659-48b1a29c8097,https://london-trader-6b45bffdcd02.herokuapp.com,wss://london-trader-6b45bffdcd02.herokuapp.com,,1,6,ng,non_gamified,human_only,0.0,0,15,"[8.0, 4.0, 20.0, 8.0, 8.0, 20.0, 20.0, 4.0, 20.0, 4.0, 20.0, 0.0, 8.0, 8.0, 8.0, 8.0, 8.0, 4.0, 4.0, 20.0, 0.0, 0.0, 8.0, 4.0, 4.0, 4.0, 20.0, 8.0, 8.0, 0.0, 8.0, 4.0, 4.0]",129.92,129.92,11,qxgij9sh,,,,,0
10,nngm5qgp,,0,308,307,post_exp,FinalForProlific,2026-05-21 00:20:13.181710,1,,,521.0,4,,0.0,cd733786-3f26-45f5-9434-5391feb2db91,6226.580000000005,0.0,20.0,0.0,6226.580000000005,,3800.0,10.0,,,,,0.0,0,,,2,1929c09c-602b-4617-8659-48b1a29c8097,https://london-trader-6b45bffdcd02.herokuapp.com,wss://london-trader-6b45bffdcd02.herokuapp.com,,1,6,ng,non_gamified,human_only,0.0,0,15,"[8.0, 4.0, 20.0, 8.0, 8.0, 20.0, 20.0, 4.0, 20.0, 4.0, 20.0, 0.0, 8.0, 8.0, 8.0, 8.0, 8.0, 4.0, 4.0, 20.0, 0.0, 0.0, 8.0, 4.0, 4.0, 4.0, 20.0, 8.0, 8.0, 0.0, 8.0, 4.0, 4.0]",129.92,129.92,11,qxgij9sh,,,,,0
11,9x5fpgk2,,0,308,307,post_exp,FinalForProlific,2026-05-21 00:20:13.188564,1,,,6999.0,5,,0.0,e3a0615f-a8a1-4546-bc68-9c947e9bf488,5179.9599999999955,19.0,20.0,380.0,5559.9599999999955,,2600.0,20.0,,,,,0.0,0,,,2,1929c09c-602b-4617-8659-48b1a29c8097,https://london-trader-6b45bffdcd02.herokuapp.com,wss://london-trader-6b45bffdcd02.herokuapp.com,,1,6,ng,non_gamified,human_only,0.0,0,15,"[8.0, 4.0, 20.0, 8.0, 8.0, 20.0, 20.0, 4.0, 20.0, 4.0, 20.0, 0.0, 8.0, 8.0, 8.0, 8.0, 8.0, 4.0, 4.0, 20.0, 0.0, 0.0, 8.0, 4.0, 4.0, 4.0, 20.0, 8.0, 8.0, 0.0, 8.0, 4.0, 4.0]",129.92,129.92,11,qxgij9sh,,,,,0
12,7d70uqk8,,0,308,307,post_exp,FinalForProlific,2026-05-21 00:20:13.195431,1,,,9064.0,6,,0.0,eae02f14-4e82-48f4-9971-bdb53d8c832b,1648.069999999996,39.0,20.0,780.0,2428.069999999996,,3800.0,10.0,,,,,0.0,0,,,2,1929c09c-602b-4617-8659-48b1a29c8097,https://london-trader-6b45bffdcd02.herokuapp.com,wss://london-trader-6b45bffdcd02.herokuapp.com,,1,6,ng,non_gamified,human_only,0.0,0,15,"[8.0, 4.0, 20.0, 8.0, 8.0, 20.0, 20.0, 4.0, 20.0, 4.0, 20.0, 0.0, 8.0, 8.0, 8.0, 8.0, 8.0, 4.0, 4.0, 20.0, 0.0, 0.0, 8.0, 4.0, 4.0, 4.0, 20.0, 8.0, 8.0, 0.0, 8.0, 4.0, 4.0]",129.92,129.92,11,qxgij9sh,,,,,0
13,dadcupjc,,0,308,307,post_exp,FinalForProlific,2026-05-21 00:20:13.202022,1,,,5593.0,1,,0.0,bc406764-852c-4301-aac5-ffda79e1d352,4257.2,17.0,20.0,340.0,4597.2,,2600.0,20.0,,,,,0.0,0,,,3,562efb1b-a346-43e9-8059-5c07029ce57e,https://london-trader-6b45bffdcd02.herokuapp.com,wss://london-trader-6b45bffdcd02.herokuapp.com,,1,6,ghp,gamified,human_only,0.0,0,15,"[8.0, 4.0, 20.0, 8.0, 8.0, 20.0, 20.0, 4.0, 20.0, 4.0, 20.0, 0.0, 8.0, 8.0, 8.0, 8.0, 8.0, 4.0, 4.0, 20.0, 0.0, 0.0, 8.0, 4.0, 4.0, 4.0, 20.0, 8.0, 8.0, 0.0, 8.0, 4.0, 4.0]",62.93,62.93,11,qxgij9sh,,,,,0
14,stzawa55,,0,308,307,post_exp,FinalForProlific,2026-05-21 00:20:13.207535,1,,,6667.0,2,,0.0,90a3d963-fbea-46b9-8de6-7bf9d6b601c5,4495.620000000001,29.0,20.0,580.0,5075.620000000001,,3800.0,10.0,,,,,0.0,0,,,3,562efb1b-a346-43e9-8059-5c07029ce57e,https://london-trader-6b45bffdcd02.herokuapp.com,wss://london-trader-6b45bffdcd02.herokuapp.com,,1,6,ghp,gamified,human_only,0.0,0,15,"[8.0, 4.0, 20.0, 8.0, 8.0, 20.0, 20.0, 4.0, 20.0, 4.0, 20.0, 0.0, 8.0, 8.0, 8.0, 8.0, 8.0, 4.0, 4.0, 20.0, 0.0, 0.0, 8.0, 4.0, 4.0, 4.0, 20.0, 8.0, 8.0, 0.0, 8.0, 4.0, 4.0]",62.93,62.93,11,qxgij9sh,,,,,0
15,ja9vp1ab,,0,308,307,post_exp,FinalForProlific,2026-05-21 00:20:13.214591,1,,,7291.0,3,,0.0,0eef23b9-e989-4879-a424-0549e92340f7,4752.059999999999,24.0,20.0,480.0,5232.059999999999,,2600.0,20.0,,,,,0.0,0,,,3,562efb1b-a346-43e9-8059-5c07029ce57e,https://london-trader-6b45bffdcd02.herokuapp.com,wss://london-trader-6b45bffdcd02.herokuapp.com,,1,6,ghp,gamified,human_only,0.0,0,15,"[8.0, 4.0, 20.0, 8.0, 8.0, 20.0, 20.0, 4.0, 20.0, 4.0, 20.0, 0.0, 8.0, 8.0, 8.0, 8.0, 8.0, 4.0, 4.0, 20.0, 0.0, 0.0, 8.0, 4.0, 4.0, 4.0, 20.0, 8.0, 8.0, 0.0, 8.0, 4.0, 4.0]",62.93,62.93,11,qxgij9sh,,,,,0
16,tzbpp88u,,0,308,307,post_exp,FinalForProlific,2026-05-21 00:20:13.221123,1,,,5765.0,4,,0.0,51571e52-e5e1-4e31-b9d8-616043a0be9a,4899.400000000001,10.0,20.0,200.0,5099.400000000001,,3800.0,10.0,,,,,0.0,0,,,3,562efb1b-a346-43e9-8059-5c07029ce57e,https://london-trader-6b45bffdcd02.herokuapp.com,wss://london-trader-6b45bffdcd02.herokuapp.com,,1,6,ghp,gamified,human_only,0.0,0,15,"[8.0, 4.0, 20.0, 8.0, 8.0, 20.0, 20.0, 4.0, 20.0, 4.0, 20.0, 0.0, 8.0, 8.0, 8.0, 8.0, 8.0, 4.0, 4.0, 20.0, 0.0, 0.0, 8.0, 4.0, 4.0, 4.0, 20.0, 8.0, 8.0, 0.0, 8.0, 4.0, 4.0]",62.93,62.93,11,qxgij9sh,,,,,0
17,gr27p5tr,,0,308,307,post_exp,FinalForProlific,2026-05-21 00:20:13.227342,1,,,5642.0,5,,0.0,6c1cc253-2d3c-4c02-96fe-14e14b6bdce5,5236.010000000002,7.0,20.0,140.0,5376.010000000002,,2600.0,20.0,,,,,0.0,0,,,3,562efb1b-a346-43e9-8059-5c07029ce57e,https://london-trader-6b45bffdcd02.herokuapp.com,wss://london-trader-6b45bffdcd02.herokuapp.com,,1,6,ghp,gamified,human_only,0.0,0,15,"[8.0, 4.0, 20.0, 8.0, 8.0, 20.0, 20.0, 4.0, 20.0, 4.0, 20.0, 0.0, 8.0, 8.0, 8.0, 8.0, 8.0, 4.0, 4.0, 20.0, 0.0, 0.0, 8.0, 4.0, 4.0, 4.0, 20.0, 8.0, 8.0, 0.0, 8.0, 4.0, 4.0]",62.93,62.93,11,qxgij9sh,,,,,0
18,e60078af,,0,308,307,post_exp,FinalForProlific,2026-05-21 00:20:13.233350,1,,,4972.0,6,,0.0,da37c669-bb41-4646-a780-46fa1fade433,4199.71,21.0,20.0,420.0,4619.71,,3800.0,10.0,,,,,0.0,0,,,3,562efb1b-a346-43e9-8059-5c07029ce57e,https://london-trader-6b45bffdcd02.herokuapp.com,wss://london-trader-6b45bffdcd02.herokuapp.com,,1,6,ghp,gamified,human_only,0.0,0,15,"[8.0, 4.0, 20.0, 8.0, 8.0, 20.0, 20.0, 4.0, 20.0, 4.0, 20.0, 0.0, 8.0, 8.0, 8.0, 8.0, 8.0, 4.0, 4.0, 20.0, 0.0, 0.0, 8.0, 4.0, 4.0, 4.0, 20.0, 8.0, 8.0, 0.0, 8.0, 4.0, 4.0]",62.93,62.93,11,qxgij9sh,,,,,0
19,9mtusmd8,,0,308,307,post_exp,FinalForProlific,2026-05-21 00:20:13.239722,1,,,5453.0,1,,0.0,276f00ae-8bbf-4cb6-ba2f-f601558a0f62,4817.0,19.0,20.0,380.0,5197.0,,2600.0,20.0,,,,,0.0,0,,,4,587a57e3-5de4-4574-996d-f2bfa0659c2c,https://london-trader-6b45bffdcd02.herokuapp.com,wss://london-trader-6b45bffdcd02.herokuapp.com,,1,1,ng,non_gamified,human_only,0.0,1,15,"[8.0, 4.0, 20.0, 8.0, 8.0, 20.0, 20.0, 4.0, 20.0, 4.0, 20.0, 0.0, 8.0, 8.0, 8.0, 8.0, 8.0, 4.0, 4.0, 20.0, 0.0, 0.0, 8.0, 4.0, 4.0, 4.0, 20.0, 8.0, 8.0, 0.0, 8.0, 4.0, 4.0]",125.0,125.0,11,qxgij9sh,,,,,0
1,g9jo03o9,,0,308,307,post_exp,FinalForProlific,2026-05-21 00:20:12.875424,1,,,5611.0,1,,0.0,30fc2b4e-6bfb-433a-804d-56f7e84d7ba3,4721.84,18.0,0.0,0.0,4721.84,,2600.0,20.0,30.0,3,"{""forecast_price_next_day"":30,""forecast_confidence_next_day"":3}",54.29,0.0,1,,,1,c790e030-d023-437b-b3f5-54393dc4bea4,https://london-trader-6b45bffdcd02.herokuapp.com,wss://london-trader-6b45bffdcd02.herokuapp.com,,1,6,ghp,gamified,human_only,0.0,0,15,"[8.0, 4.0, 20.0, 8.0, 8.0, 20.0, 20.0, 4.0, 20.0, 4.0, 20.0, 0.0, 8.0, 8.0, 8.0, 8.0, 8.0, 4.0, 4.0, 20.0, 0.0, 0.0, 8.0, 4.0, 4.0, 4.0, 20.0, 8.0, 8.0, 0.0, 8.0, 4.0, 4.0]",50.26,50.26,12,qxgij9sh,,,,,0
2,h0ebvwds,,0,308,307,post_exp,FinalForProlific,2026-05-21 00:20:13.125533,1,,,5268.0,2,,0.0,7282a71b-4af9-4161-9243-59a7200491a8,5033.45,8.0,0.0,0.0,5033.45,,3800.0,10.0,41.0,4,"{""forecast_price_next_day"":41,""forecast_confidence_next_day"":4}",54.29,0.0,1,,,1,c790e030-d023-437b-b3f5-54393dc4bea4,https://london-trader-6b45bffdcd02.herokuapp.com,wss://london-trader-6b45bffdcd02.herokuapp.com,,1,6,ghp,gamified,human_only,0.0,0,15,"[8.0, 4.0, 20.0, 8.0, 8.0, 20.0, 20.0, 4.0, 20.0, 4.0, 20.0, 0.0, 8.0, 8.0, 8.0, 8.0, 8.0, 4.0, 4.0, 20.0, 0.0, 0.0, 8.0, 4.0, 4.0, 4.0, 20.0, 8.0, 8.0, 0.0, 8.0, 4.0, 4.0]",50.26,50.26,12,qxgij9sh,,,,,0
3,u2aoz11d,,0,308,307,post_exp,FinalForProlific,2026-05-21 00:20:13.130849,1,,,4992.0,3,,0.0,9d5dfc26-db4a-4f04-a070-57ca9e03a8a8,5279.9400000000005,5.0,0.0,0.0,5279.9400000000005,,2600.0,20.0,49.0,5,"{""forecast_price_next_day"":49,""forecast_confidence_next_day"":5}",54.29,0.0,1,,,1,c790e030-d023-437b-b3f5-54393dc4bea4,https://london-trader-6b45bffdcd02.herokuapp.com,wss://london-trader-6b45bffdcd02.herokuapp.com,,1,6,ghp,gamified,human_only,0.0,0,15,"[8.0, 4.0, 20.0, 8.0, 8.0, 20.0, 20.0, 4.0, 20.0, 4.0, 20.0, 0.0, 8.0, 8.0, 8.0, 8.0, 8.0, 4.0, 4.0, 20.0, 0.0, 0.0, 8.0, 4.0, 4.0, 4.0, 20.0, 8.0, 8.0, 0.0, 8.0, 4.0, 4.0]",50.26,50.26,12,qxgij9sh,,,,,0
4,90ay03zv,,0,308,307,post_exp,FinalForProlific,2026-05-21 00:20:13.140123,1,,,4543.0,4,,0.0,f9508a9f-40fc-4e43-82d6-2a10682c80ee,4927.080000000001,12.0,0.0,0.0,4927.080000000001,,3800.0,10.0,4700.0,3,"{""forecast_price_next_day"":4700,""forecast_confidence_next_day"":3}",54.29,0.0,1,,,1,c790e030-d023-437b-b3f5-54393dc4bea4,https://london-trader-6b45bffdcd02.herokuapp.com,wss://london-trader-6b45bffdcd02.herokuapp.com,,1,6,ghp,gamified,human_only,0.0,0,15,"[8.0, 4.0, 20.0, 8.0, 8.0, 20.0, 20.0, 4.0, 20.0, 4.0, 20.0, 0.0, 8.0, 8.0, 8.0, 8.0, 8.0, 4.0, 4.0, 20.0, 0.0, 0.0, 8.0, 4.0, 4.0, 4.0, 20.0, 8.0, 8.0, 0.0, 8.0, 4.0, 4.0]",50.26,50.26,12,qxgij9sh,,,,,0
5,ukmvlwcs,,0,308,307,post_exp,FinalForProlific,2026-05-21 00:20:13.146394,1,,,5655.0,5,,0.0,fc375a6c-df52-4846-b92d-128b8b2369fb,4276.979999999999,45.0,0.0,0.0,4276.979999999999,,2600.0,20.0,48.0,3,"{""forecast_price_next_day"":48,""forecast_confidence_next_day"":3}",54.29,0.0,1,,,1,c790e030-d023-437b-b3f5-54393dc4bea4,https://london-trader-6b45bffdcd02.herokuapp.com,wss://london-trader-6b45bffdcd02.herokuapp.com,,1,6,ghp,gamified,human_only,0.0,0,15,"[8.0, 4.0, 20.0, 8.0, 8.0, 20.0, 20.0, 4.0, 20.0, 4.0, 20.0, 0.0, 8.0, 8.0, 8.0, 8.0, 8.0, 4.0, 4.0, 20.0, 0.0, 0.0, 8.0, 4.0, 4.0, 4.0, 20.0, 8.0, 8.0, 0.0, 8.0, 4.0, 4.0]",50.26,50.26,12,qxgij9sh,,,,,0
6,ehyb34jx,,0,308,307,post_exp,FinalForProlific,2026-05-21 00:20:13.152849,1,,,4044.0,6,,0.0,29263d52-43a8-41f9-8fac-174bd27a3cac,4696.710000000001,2.0,0.0,0.0,4696.710000000001,,3800.0,10.0,50.0,5,"{""forecast_price_next_day"":50,""forecast_confidence_next_day"":5}",54.29,0.0,1,,,1,c790e030-d023-437b-b3f5-54393dc4bea4,https://london-trader-6b45bffdcd02.herokuapp.com,wss://london-trader-6b45bffdcd02.herokuapp.com,,1,6,ghp,gamified,human_only,0.0,0,15,"[8.0, 4.0, 20.0, 8.0, 8.0, 20.0, 20.0, 4.0, 20.0, 4.0, 20.0, 0.0, 8.0, 8.0, 8.0, 8.0, 8.0, 4.0, 4.0, 20.0, 0.0, 0.0, 8.0, 4.0, 4.0, 4.0, 20.0, 8.0, 8.0, 0.0, 8.0, 4.0, 4.0]",50.26,50.26,12,qxgij9sh,,,,,0
7,6xvvhy1g,,0,308,307,post_exp,FinalForProlific,2026-05-21 00:20:13.159196,1,,,4941.0,1,,0.0,805afd8a-f298-447c-b524-fcfacc9b528f,3123.7399999999893,33.0,0.0,0.0,3123.7399999999893,,2600.0,20.0,130.0,3,"{""forecast_price_next_day"":129.91,""forecast_confidence_next_day"":3}",130.0,20.0,1,,,2,1929c09c-602b-4617-8659-48b1a29c8097,https://london-trader-6b45bffdcd02.herokuapp.com,wss://london-trader-6b45bffdcd02.herokuapp.com,,1,6,ng,non_gamified,human_only,0.0,0,15,"[8.0, 4.0, 20.0, 8.0, 8.0, 20.0, 20.0, 4.0, 20.0, 4.0, 20.0, 0.0, 8.0, 8.0, 8.0, 8.0, 8.0, 4.0, 4.0, 20.0, 0.0, 0.0, 8.0, 4.0, 4.0, 4.0, 20.0, 8.0, 8.0, 0.0, 8.0, 4.0, 4.0]",129.89,129.89,12,qxgij9sh,,,,,0
8,o6ptk42l,,0,308,307,post_exp,FinalForProlific,2026-05-21 00:20:13.166131,1,,,5638.0,2,,0.0,fc1e2a3f-5601-4c5f-9adf-19d17e6e5667,5370.63,3.0,0.0,0.0,5370.63,,3800.0,10.0,130.0,4,"{""forecast_price_next_day"":129.87,""forecast_confidence_next_day"":4}",130.0,20.0,1,,,2,1929c09c-602b-4617-8659-48b1a29c8097,https://london-trader-6b45bffdcd02.herokuapp.com,wss://london-trader-6b45bffdcd02.herokuapp.com,,1,6,ng,non_gamified,human_only,0.0,0,15,"[8.0, 4.0, 20.0, 8.0, 8.0, 20.0, 20.0, 4.0, 20.0, 4.0, 20.0, 0.0, 8.0, 8.0, 8.0, 8.0, 8.0, 4.0, 4.0, 20.0, 0.0, 0.0, 8.0, 4.0, 4.0, 4.0, 20.0, 8.0, 8.0, 0.0, 8.0, 4.0, 4.0]",129.89,129.89,12,qxgij9sh,,,,,0
9,vitm387c,,0,308,307,post_exp,FinalForProlific,2026-05-21 00:20:13.172514,1,,,4427.0,3,,0.0,79bc089c-0e42-4ffb-a089-d39727a7ad5e,4770.65,25.0,0.0,0.0,4770.65,,2600.0,20.0,0.0,0,,130.0,0.0,1,,,2,1929c09c-602b-4617-8659-48b1a29c8097,https://london-trader-6b45bffdcd02.herokuapp.com,wss://london-trader-6b45bffdcd02.herokuapp.com,,1,6,ng,non_gamified,human_only,0.0,0,15,"[8.0, 4.0, 20.0, 8.0, 8.0, 20.0, 20.0, 4.0, 20.0, 4.0, 20.0, 0.0, 8.0, 8.0, 8.0, 8.0, 8.0, 4.0, 4.0, 20.0, 0.0, 0.0, 8.0, 4.0, 4.0, 4.0, 20.0, 8.0, 8.0, 0.0, 8.0, 4.0, 4.0]",129.89,129.89,12,qxgij9sh,,,,,0
10,nngm5qgp,,0,308,307,post_exp,FinalForProlific,2026-05-21 00:20:13.181710,1,,,521.0,4,,0.0,cd733786-3f26-45f5-9434-5391feb2db91,5318.570000000004,7.0,0.0,0.0,5318.570000000004,,3800.0,10.0,130.0,2,"{""forecast_price_next_day"":130,""forecast_confidence_next_day"":2}",130.0,20.0,1,,,2,1929c09c-602b-4617-8659-48b1a29c8097,https://london-trader-6b45bffdcd02.herokuapp.com,wss://london-trader-6b45bffdcd02.herokuapp.com,,1,6,ng,non_gamified,human_only,0.0,0,15,"[8.0, 4.0, 20.0, 8.0, 8.0, 20.0, 20.0, 4.0, 20.0, 4.0, 20.0, 0.0, 8.0, 8.0, 8.0, 8.0, 8.0, 4.0, 4.0, 20.0, 0.0, 0.0, 8.0, 4.0, 4.0, 4.0, 20.0, 8.0, 8.0, 0.0, 8.0, 4.0, 4.0]",129.89,129.89,12,qxgij9sh,,,,,0
11,9x5fpgk2,,0,308,307,post_exp,FinalForProlific,2026-05-21 00:20:13.188564,1,,,6999.0,5,,0.0,e3a0615f-a8a1-4546-bc68-9c947e9bf488,6594.899999999996,12.0,0.0,0.0,6594.899999999996,,2600.0,20.0,100.0,2,"{""forecast_price_next_day"":100,""forecast_confidence_next_day"":2}",130.0,0.0,1,,,2,1929c09c-602b-4617-8659-48b1a29c8097,https://london-trader-6b45bffdcd02.herokuapp.com,wss://london-trader-6b45bffdcd02.herokuapp.com,,1,6,ng,non_gamified,human_only,0.0,0,15,"[8.0, 4.0, 20.0, 8.0, 8.0, 20.0, 20.0, 4.0, 20.0, 4.0, 20.0, 0.0, 8.0, 8.0, 8.0, 8.0, 8.0, 4.0, 4.0, 20.0, 0.0, 0.0, 8.0, 4.0, 4.0, 4.0, 20.0, 8.0, 8.0, 0.0, 8.0, 4.0, 4.0]",129.89,129.89,12,qxgij9sh,,,,,0
12,7d70uqk8,,0,308,307,post_exp,FinalForProlific,2026-05-21 00:20:13.195431,1,,,9064.0,6,,0.0,eae02f14-4e82-48f4-9971-bdb53d8c832b,5285.509999999996,21.0,0.0,0.0,5285.509999999996,,3800.0,10.0,130.0,4,"{""forecast_price_next_day"":129.85,""forecast_confidence_next_day"":4}",130.0,20.0,1,,,2,1929c09c-602b-4617-8659-48b1a29c8097,https://london-trader-6b45bffdcd02.herokuapp.com,wss://london-trader-6b45bffdcd02.herokuapp.com,,1,6,ng,non_gamified,human_only,0.0,0,15,"[8.0, 4.0, 20.0, 8.0, 8.0, 20.0, 20.0, 4.0, 20.0, 4.0, 20.0, 0.0, 8.0, 8.0, 8.0, 8.0, 8.0, 4.0, 4.0, 20.0, 0.0, 0.0, 8.0, 4.0, 4.0, 4.0, 20.0, 8.0, 8.0, 0.0, 8.0, 4.0, 4.0]",129.89,129.89,12,qxgij9sh,,,,,0
13,dadcupjc,,0,308,307,post_exp,FinalForProlific,2026-05-21 00:20:13.202022,1,,,5593.0,1,,0.0,bc406764-852c-4301-aac5-ffda79e1d352,4597.24,18.0,0.0,0.0,4597.24,,2600.0,20.0,70.0,1,"{""forecast_price_next_day"":70,""forecast_confidence_next_day"":1}",65.32,0.0,1,,,3,562efb1b-a346-43e9-8059-5c07029ce57e,https://london-trader-6b45bffdcd02.herokuapp.com,wss://london-trader-6b45bffdcd02.herokuapp.com,,1,6,ghp,gamified,human_only,0.0,0,15,"[8.0, 4.0, 20.0, 8.0, 8.0, 20.0, 20.0, 4.0, 20.0, 4.0, 20.0, 0.0, 8.0, 8.0, 8.0, 8.0, 8.0, 4.0, 4.0, 20.0, 0.0, 0.0, 8.0, 4.0, 4.0, 4.0, 20.0, 8.0, 8.0, 0.0, 8.0, 4.0, 4.0]",67.15,67.15,12,qxgij9sh,,,,,0
14,stzawa55,,0,308,307,post_exp,FinalForProlific,2026-05-21 00:20:13.207535,1,,,6667.0,2,,0.0,90a3d963-fbea-46b9-8de6-7bf9d6b601c5,5079.580000000001,27.0,0.0,0.0,5079.580000000001,,3800.0,10.0,66.0,3,"{""forecast_price_next_day"":66,""forecast_confidence_next_day"":3}",65.32,20.0,1,,,3,562efb1b-a346-43e9-8059-5c07029ce57e,https://london-trader-6b45bffdcd02.herokuapp.com,wss://london-trader-6b45bffdcd02.herokuapp.com,,1,6,ghp,gamified,human_only,0.0,0,15,"[8.0, 4.0, 20.0, 8.0, 8.0, 20.0, 20.0, 4.0, 20.0, 4.0, 20.0, 0.0, 8.0, 8.0, 8.0, 8.0, 8.0, 4.0, 4.0, 20.0, 0.0, 0.0, 8.0, 4.0, 4.0, 4.0, 20.0, 8.0, 8.0, 0.0, 8.0, 4.0, 4.0]",67.15,67.15,12,qxgij9sh,,,,,0
15,ja9vp1ab,,0,308,307,post_exp,FinalForProlific,2026-05-21 00:20:13.214591,1,,,7291.0,3,,0.0,0eef23b9-e989-4879-a424-0549e92340f7,6234.939999999997,9.0,0.0,0.0,6234.939999999997,,2600.0,20.0,58.0,3,"{""forecast_price_next_day"":58,""forecast_confidence_next_day"":3}",65.32,0.0,1,,,3,562efb1b-a346-43e9-8059-5c07029ce57e,https://london-trader-6b45bffdcd02.herokuapp.com,wss://london-trader-6b45bffdcd02.herokuapp.com,,1,6,ghp,gamified,human_only,0.0,0,15,"[8.0, 4.0, 20.0, 8.0, 8.0, 20.0, 20.0, 4.0, 20.0, 4.0, 20.0, 0.0, 8.0, 8.0, 8.0, 8.0, 8.0, 4.0, 4.0, 20.0, 0.0, 0.0, 8.0, 4.0, 4.0, 4.0, 20.0, 8.0, 8.0, 0.0, 8.0, 4.0, 4.0]",67.15,67.15,12,qxgij9sh,,,,,0
16,tzbpp88u,,0,308,307,post_exp,FinalForProlific,2026-05-21 00:20:13.221123,1,,,5765.0,4,,0.0,51571e52-e5e1-4e31-b9d8-616043a0be9a,4026.6400000000017,27.0,0.0,0.0,4026.6400000000017,,3800.0,10.0,66.0,2,"{""forecast_price_next_day"":65.73,""forecast_confidence_next_day"":2}",65.32,20.0,1,,,3,562efb1b-a346-43e9-8059-5c07029ce57e,https://london-trader-6b45bffdcd02.herokuapp.com,wss://london-trader-6b45bffdcd02.herokuapp.com,,1,6,ghp,gamified,human_only,0.0,0,15,"[8.0, 4.0, 20.0, 8.0, 8.0, 20.0, 20.0, 4.0, 20.0, 4.0, 20.0, 0.0, 8.0, 8.0, 8.0, 8.0, 8.0, 4.0, 4.0, 20.0, 0.0, 0.0, 8.0, 4.0, 4.0, 4.0, 20.0, 8.0, 8.0, 0.0, 8.0, 4.0, 4.0]",67.15,67.15,12,qxgij9sh,,,,,0
17,gr27p5tr,,0,308,307,post_exp,FinalForProlific,2026-05-21 00:20:13.227342,1,,,5642.0,5,,0.0,6c1cc253-2d3c-4c02-96fe-14e14b6bdce5,5509.100000000002,6.0,0.0,0.0,5509.100000000002,,2600.0,20.0,75.0,4,"{""forecast_price_next_day"":75,""forecast_confidence_next_day"":4}",65.32,0.0,1,,,3,562efb1b-a346-43e9-8059-5c07029ce57e,https://london-trader-6b45bffdcd02.herokuapp.com,wss://london-trader-6b45bffdcd02.herokuapp.com,,1,6,ghp,gamified,human_only,0.0,0,15,"[8.0, 4.0, 20.0, 8.0, 8.0, 20.0, 20.0, 4.0, 20.0, 4.0, 20.0, 0.0, 8.0, 8.0, 8.0, 8.0, 8.0, 4.0, 4.0, 20.0, 0.0, 0.0, 8.0, 4.0, 4.0, 4.0, 20.0, 8.0, 8.0, 0.0, 8.0, 4.0, 4.0]",67.15,67.15,12,qxgij9sh,,,,,0
18,e60078af,,0,308,307,post_exp,FinalForProlific,2026-05-21 00:20:13.233350,1,,,4972.0,6,,0.0,da37c669-bb41-4646-a780-46fa1fade433,4552.5,22.0,0.0,0.0,4552.5,,3800.0,10.0,70.0,3,"{""forecast_price_next_day"":70,""forecast_confidence_next_day"":3}",65.32,0.0,1,,,3,562efb1b-a346-43e9-8059-5c07029ce57e,https://london-trader-6b45bffdcd02.herokuapp.com,wss://london-trader-6b45bffdcd02.herokuapp.com,,1,6,ghp,gamified,human_only,0.0,0,15,"[8.0, 4.0, 20.0, 8.0, 8.0, 20.0, 20.0, 4.0, 20.0, 4.0, 20.0, 0.0, 8.0, 8.0, 8.0, 8.0, 8.0, 4.0, 4.0, 20.0, 0.0, 0.0, 8.0, 4.0, 4.0, 4.0, 20.0, 8.0, 8.0, 0.0, 8.0, 4.0, 4.0]",67.15,67.15,12,qxgij9sh,,,,,0
19,9mtusmd8,,0,308,307,post_exp,FinalForProlific,2026-05-21 00:20:13.239722,1,,,5453.0,1,,0.0,276f00ae-8bbf-4cb6-ba2f-f601558a0f62,5212.0,21.0,0.0,0.0,5212.0,,2600.0,20.0,117.0,5,"{""forecast_price_next_day"":117,""forecast_confidence_next_day"":5}",125.0,0.0,1,,,4,587a57e3-5de4-4574-996d-f2bfa0659c2c,https://london-trader-6b45bffdcd02.herokuapp.com,wss://london-trader-6b45bffdcd02.herokuapp.com,,1,1,ng,non_gamified,human_only,0.0,1,15,"[8.0, 4.0, 20.0, 8.0, 8.0, 20.0, 20.0, 4.0, 20.0, 4.0, 20.0, 0.0, 8.0, 8.0, 8.0, 8.0, 8.0, 4.0, 4.0, 20.0, 0.0, 0.0, 8.0, 4.0, 4.0, 4.0, 20.0, 8.0, 8.0, 0.0, 8.0, 4.0, 4.0]",125.0,125.0,12,qxgij9sh,,,,,0
1,g9jo03o9,,0,308,307,post_exp,FinalForProlific,2026-05-21 00:20:12.875424,1,,,5611.0,1,,0.0,30fc2b4e-6bfb-433a-804d-56f7e84d7ba3,4773.09,17.0,8.0,136.0,4909.09,,2600.0,20.0,,,,,0.0,0,,,1,c790e030-d023-437b-b3f5-54393dc4bea4,https://london-trader-6b45bffdcd02.herokuapp.com,wss://london-trader-6b45bffdcd02.herokuapp.com,,1,6,ghp,gamified,human_only,0.0,0,15,"[8.0, 4.0, 20.0, 8.0, 8.0, 20.0, 20.0, 4.0, 20.0, 4.0, 20.0, 0.0, 8.0, 8.0, 8.0, 8.0, 8.0, 4.0, 4.0, 20.0, 0.0, 0.0, 8.0, 4.0, 4.0, 4.0, 20.0, 8.0, 8.0, 0.0, 8.0, 4.0, 4.0]",54.29,54.29,13,qxgij9sh,,,,,0
2,h0ebvwds,,0,308,307,post_exp,FinalForProlific,2026-05-21 00:20:13.125533,1,,,5268.0,2,,0.0,7282a71b-4af9-4161-9243-59a7200491a8,5136.78,6.0,8.0,48.0,5184.78,,3800.0,10.0,,,,,0.0,0,,,1,c790e030-d023-437b-b3f5-54393dc4bea4,https://london-trader-6b45bffdcd02.herokuapp.com,wss://london-trader-6b45bffdcd02.herokuapp.com,,1,6,ghp,gamified,human_only,0.0,0,15,"[8.0, 4.0, 20.0, 8.0, 8.0, 20.0, 20.0, 4.0, 20.0, 4.0, 20.0, 0.0, 8.0, 8.0, 8.0, 8.0, 8.0, 4.0, 4.0, 20.0, 0.0, 0.0, 8.0, 4.0, 4.0, 4.0, 20.0, 8.0, 8.0, 0.0, 8.0, 4.0, 4.0]",54.29,54.29,13,qxgij9sh,,,,,0
3,u2aoz11d,,0,308,307,post_exp,FinalForProlific,2026-05-21 00:20:13.130849,1,,,4992.0,3,,0.0,9d5dfc26-db4a-4f04-a070-57ca9e03a8a8,5542.06,0.0,8.0,0.0,5542.06,,2600.0,20.0,,,,,0.0,0,,,1,c790e030-d023-437b-b3f5-54393dc4bea4,https://london-trader-6b45bffdcd02.herokuapp.com,wss://london-trader-6b45bffdcd02.herokuapp.com,,1,6,ghp,gamified,human_only,0.0,0,15,"[8.0, 4.0, 20.0, 8.0, 8.0, 20.0, 20.0, 4.0, 20.0, 4.0, 20.0, 0.0, 8.0, 8.0, 8.0, 8.0, 8.0, 4.0, 4.0, 20.0, 0.0, 0.0, 8.0, 4.0, 4.0, 4.0, 20.0, 8.0, 8.0, 0.0, 8.0, 4.0, 4.0]",54.29,54.29,13,qxgij9sh,,,,,0
4,90ay03zv,,0,308,307,post_exp,FinalForProlific,2026-05-21 00:20:13.140123,1,,,4543.0,4,,0.0,f9508a9f-40fc-4e43-82d6-2a10682c80ee,4927.450000000001,12.0,8.0,96.0,5023.450000000001,,3800.0,10.0,,,,,0.0,0,,,1,c790e030-d023-437b-b3f5-54393dc4bea4,https://london-trader-6b45bffdcd02.herokuapp.com,wss://london-trader-6b45bffdcd02.herokuapp.com,,1,6,ghp,gamified,human_only,0.0,0,15,"[8.0, 4.0, 20.0, 8.0, 8.0, 20.0, 20.0, 4.0, 20.0, 4.0, 20.0, 0.0, 8.0, 8.0, 8.0, 8.0, 8.0, 4.0, 4.0, 20.0, 0.0, 0.0, 8.0, 4.0, 4.0, 4.0, 20.0, 8.0, 8.0, 0.0, 8.0, 4.0, 4.0]",54.29,54.29,13,qxgij9sh,,,,,0
5,ukmvlwcs,,0,308,307,post_exp,FinalForProlific,2026-05-21 00:20:13.146394,1,,,5655.0,5,,0.0,fc375a6c-df52-4846-b92d-128b8b2369fb,4592.979999999999,41.0,8.0,328.0,4920.979999999999,,2600.0,20.0,,,,,0.0,0,,,1,c790e030-d023-437b-b3f5-54393dc4bea4,https://london-trader-6b45bffdcd02.herokuapp.com,wss://london-trader-6b45bffdcd02.herokuapp.com,,1,6,ghp,gamified,human_only,0.0,0,15,"[8.0, 4.0, 20.0, 8.0, 8.0, 20.0, 20.0, 4.0, 20.0, 4.0, 20.0, 0.0, 8.0, 8.0, 8.0, 8.0, 8.0, 4.0, 4.0, 20.0, 0.0, 0.0, 8.0, 4.0, 4.0, 4.0, 20.0, 8.0, 8.0, 0.0, 8.0, 4.0, 4.0]",54.29,54.29,13,qxgij9sh,,,,,0
6,ehyb34jx,,0,308,307,post_exp,FinalForProlific,2026-05-21 00:20:13.152849,1,,,4044.0,6,,0.0,29263d52-43a8-41f9-8fac-174bd27a3cac,3963.6400000000012,16.0,8.0,128.0,4091.6400000000012,,3800.0,10.0,,,,,0.0,0,,,1,c790e030-d023-437b-b3f5-54393dc4bea4,https://london-trader-6b45bffdcd02.herokuapp.com,wss://london-trader-6b45bffdcd02.herokuapp.com,,1,6,ghp,gamified,human_only,0.0,0,15,"[8.0, 4.0, 20.0, 8.0, 8.0, 20.0, 20.0, 4.0, 20.0, 4.0, 20.0, 0.0, 8.0, 8.0, 8.0, 8.0, 8.0, 4.0, 4.0, 20.0, 0.0, 0.0, 8.0, 4.0, 4.0, 4.0, 20.0, 8.0, 8.0, 0.0, 8.0, 4.0, 4.0]",54.29,54.29,13,qxgij9sh,,,,,0
7,6xvvhy1g,,0,308,307,post_exp,FinalForProlific,2026-05-21 00:20:13.159196,1,,,4941.0,1,,0.0,805afd8a-f298-447c-b524-fcfacc9b528f,2347.3099999999904,57.0,8.0,456.0,2803.3099999999904,,2600.0,20.0,,,,,0.0,0,,,2,1929c09c-602b-4617-8659-48b1a29c8097,https://london-trader-6b45bffdcd02.herokuapp.com,wss://london-trader-6b45bffdcd02.herokuapp.com,,1,6,ng,non_gamified,human_only,0.0,0,15,"[8.0, 4.0, 20.0, 8.0, 8.0, 20.0, 20.0, 4.0, 20.0, 4.0, 20.0, 0.0, 8.0, 8.0, 8.0, 8.0, 8.0, 4.0, 4.0, 20.0, 0.0, 0.0, 8.0, 4.0, 4.0, 4.0, 20.0, 8.0, 8.0, 0.0, 8.0, 4.0, 4.0]",130.0,130.0,13,qxgij9sh,,,,,0
8,o6ptk42l,,0,308,307,post_exp,FinalForProlific,2026-05-21 00:20:13.166131,1,,,5638.0,2,,0.0,fc1e2a3f-5601-4c5f-9adf-19d17e6e5667,5890.45,0.0,8.0,0.0,5890.45,,3800.0,10.0,,,,,0.0,0,,,2,1929c09c-602b-4617-8659-48b1a29c8097,https://london-trader-6b45bffdcd02.herokuapp.com,wss://london-trader-6b45bffdcd02.herokuapp.com,,1,6,ng,non_gamified,human_only,0.0,0,15,"[8.0, 4.0, 20.0, 8.0, 8.0, 20.0, 20.0, 4.0, 20.0, 4.0, 20.0, 0.0, 8.0, 8.0, 8.0, 8.0, 8.0, 4.0, 4.0, 20.0, 0.0, 0.0, 8.0, 4.0, 4.0, 4.0, 20.0, 8.0, 8.0, 0.0, 8.0, 4.0, 4.0]",130.0,130.0,13,qxgij9sh,,,,,0
9,vitm387c,,0,308,307,post_exp,FinalForProlific,2026-05-21 00:20:13.172514,1,,,4427.0,3,,0.0,79bc089c-0e42-4ffb-a089-d39727a7ad5e,4250.78,29.0,8.0,232.0,4482.78,,2600.0,20.0,,,,,0.0,0,,,2,1929c09c-602b-4617-8659-48b1a29c8097,https://london-trader-6b45bffdcd02.herokuapp.com,wss://london-trader-6b45bffdcd02.herokuapp.com,,1,6,ng,non_gamified,human_only,0.0,0,15,"[8.0, 4.0, 20.0, 8.0, 8.0, 20.0, 20.0, 4.0, 20.0, 4.0, 20.0, 0.0, 8.0, 8.0, 8.0, 8.0, 8.0, 4.0, 4.0, 20.0, 0.0, 0.0, 8.0, 4.0, 4.0, 4.0, 20.0, 8.0, 8.0, 0.0, 8.0, 4.0, 4.0]",130.0,130.0,13,qxgij9sh,,,,,0
10,nngm5qgp,,0,308,307,post_exp,FinalForProlific,2026-05-21 00:20:13.181710,1,,,521.0,4,,0.0,cd733786-3f26-45f5-9434-5391feb2db91,5188.720000000004,16.0,8.0,128.0,5316.720000000004,,3800.0,10.0,,,,,0.0,0,,,2,1929c09c-602b-4617-8659-48b1a29c8097,https://london-trader-6b45bffdcd02.herokuapp.com,wss://london-trader-6b45bffdcd02.herokuapp.com,,1,6,ng,non_gamified,human_only,0.0,0,15,"[8.0, 4.0, 20.0, 8.0, 8.0, 20.0, 20.0, 4.0, 20.0, 4.0, 20.0, 0.0, 8.0, 8.0, 8.0, 8.0, 8.0, 4.0, 4.0, 20.0, 0.0, 0.0, 8.0, 4.0, 4.0, 4.0, 20.0, 8.0, 8.0, 0.0, 8.0, 4.0, 4.0]",130.0,130.0,13,qxgij9sh,,,,,0
11,9x5fpgk2,,0,308,307,post_exp,FinalForProlific,2026-05-21 00:20:13.188564,1,,,6999.0,5,,0.0,e3a0615f-a8a1-4546-bc68-9c947e9bf488,5162.779999999999,27.0,8.0,216.0,5378.779999999999,,2600.0,20.0,,,,,0.0,0,,,2,1929c09c-602b-4617-8659-48b1a29c8097,https://london-trader-6b45bffdcd02.herokuapp.com,wss://london-trader-6b45bffdcd02.herokuapp.com,,1,6,ng,non_gamified,human_only,0.0,0,15,"[8.0, 4.0, 20.0, 8.0, 8.0, 20.0, 20.0, 4.0, 20.0, 4.0, 20.0, 0.0, 8.0, 8.0, 8.0, 8.0, 8.0, 4.0, 4.0, 20.0, 0.0, 0.0, 8.0, 4.0, 4.0, 4.0, 20.0, 8.0, 8.0, 0.0, 8.0, 4.0, 4.0]",130.0,130.0,13,qxgij9sh,,,,,0
12,7d70uqk8,,0,308,307,post_exp,FinalForProlific,2026-05-21 00:20:13.195431,1,,,9064.0,6,,0.0,eae02f14-4e82-48f4-9971-bdb53d8c832b,7623.959999999995,3.0,8.0,24.0,7647.959999999995,,3800.0,10.0,,,,,0.0,0,,,2,1929c09c-602b-4617-8659-48b1a29c8097,https://london-trader-6b45bffdcd02.herokuapp.com,wss://london-trader-6b45bffdcd02.herokuapp.com,,1,6,ng,non_gamified,human_only,0.0,0,15,"[8.0, 4.0, 20.0, 8.0, 8.0, 20.0, 20.0, 4.0, 20.0, 4.0, 20.0, 0.0, 8.0, 8.0, 8.0, 8.0, 8.0, 4.0, 4.0, 20.0, 0.0, 0.0, 8.0, 4.0, 4.0, 4.0, 20.0, 8.0, 8.0, 0.0, 8.0, 4.0, 4.0]",130.0,130.0,13,qxgij9sh,,,,,0
13,dadcupjc,,0,308,307,post_exp,FinalForProlific,2026-05-21 00:20:13.202022,1,,,5593.0,1,,0.0,bc406764-852c-4301-aac5-ffda79e1d352,4664.96,17.0,8.0,136.0,4800.96,,2600.0,20.0,,,,,0.0,0,,,3,562efb1b-a346-43e9-8059-5c07029ce57e,https://london-trader-6b45bffdcd02.herokuapp.com,wss://london-trader-6b45bffdcd02.herokuapp.com,,1,6,ghp,gamified,human_only,0.0,0,15,"[8.0, 4.0, 20.0, 8.0, 8.0, 20.0, 20.0, 4.0, 20.0, 4.0, 20.0, 0.0, 8.0, 8.0, 8.0, 8.0, 8.0, 4.0, 4.0, 20.0, 0.0, 0.0, 8.0, 4.0, 4.0, 4.0, 20.0, 8.0, 8.0, 0.0, 8.0, 4.0, 4.0]",65.32,65.32,13,qxgij9sh,,,,,0
14,stzawa55,,0,308,307,post_exp,FinalForProlific,2026-05-21 00:20:13.207535,1,,,6667.0,2,,0.0,90a3d963-fbea-46b9-8de6-7bf9d6b601c5,5279.760000000001,27.0,8.0,216.0,5495.760000000001,,3800.0,10.0,,,,,0.0,0,,,3,562efb1b-a346-43e9-8059-5c07029ce57e,https://london-trader-6b45bffdcd02.herokuapp.com,wss://london-trader-6b45bffdcd02.herokuapp.com,,1,6,ghp,gamified,human_only,0.0,0,15,"[8.0, 4.0, 20.0, 8.0, 8.0, 20.0, 20.0, 4.0, 20.0, 4.0, 20.0, 0.0, 8.0, 8.0, 8.0, 8.0, 8.0, 4.0, 4.0, 20.0, 0.0, 0.0, 8.0, 4.0, 4.0, 4.0, 20.0, 8.0, 8.0, 0.0, 8.0, 4.0, 4.0]",65.32,65.32,13,qxgij9sh,,,,,0
15,ja9vp1ab,,0,308,307,post_exp,FinalForProlific,2026-05-21 00:20:13.214591,1,,,7291.0,3,,0.0,0eef23b9-e989-4879-a424-0549e92340f7,6571.7099999999955,4.0,8.0,32.0,6603.7099999999955,,2600.0,20.0,,,,,0.0,0,,,3,562efb1b-a346-43e9-8059-5c07029ce57e,https://london-trader-6b45bffdcd02.herokuapp.com,wss://london-trader-6b45bffdcd02.herokuapp.com,,1,6,ghp,gamified,human_only,0.0,0,15,"[8.0, 4.0, 20.0, 8.0, 8.0, 20.0, 20.0, 4.0, 20.0, 4.0, 20.0, 0.0, 8.0, 8.0, 8.0, 8.0, 8.0, 4.0, 4.0, 20.0, 0.0, 0.0, 8.0, 4.0, 4.0, 4.0, 20.0, 8.0, 8.0, 0.0, 8.0, 4.0, 4.0]",65.32,65.32,13,qxgij9sh,,,,,0
16,tzbpp88u,,0,308,307,post_exp,FinalForProlific,2026-05-21 00:20:13.221123,1,,,5765.0,4,,0.0,51571e52-e5e1-4e31-b9d8-616043a0be9a,3487.290000000002,39.0,8.0,312.0,3799.290000000002,,3800.0,10.0,,,,,0.0,0,,,3,562efb1b-a346-43e9-8059-5c07029ce57e,https://london-trader-6b45bffdcd02.herokuapp.com,wss://london-trader-6b45bffdcd02.herokuapp.com,,1,6,ghp,gamified,human_only,0.0,0,15,"[8.0, 4.0, 20.0, 8.0, 8.0, 20.0, 20.0, 4.0, 20.0, 4.0, 20.0, 0.0, 8.0, 8.0, 8.0, 8.0, 8.0, 4.0, 4.0, 20.0, 0.0, 0.0, 8.0, 4.0, 4.0, 4.0, 20.0, 8.0, 8.0, 0.0, 8.0, 4.0, 4.0]",65.32,65.32,13,qxgij9sh,,,,,0
17,gr27p5tr,,0,308,307,post_exp,FinalForProlific,2026-05-21 00:20:13.227342,1,,,5642.0,5,,0.0,6c1cc253-2d3c-4c02-96fe-14e14b6bdce5,5509.100000000002,6.0,8.0,48.0,5557.100000000002,,2600.0,20.0,,,,,0.0,0,,,3,562efb1b-a346-43e9-8059-5c07029ce57e,https://london-trader-6b45bffdcd02.herokuapp.com,wss://london-trader-6b45bffdcd02.herokuapp.com,,1,6,ghp,gamified,human_only,0.0,0,15,"[8.0, 4.0, 20.0, 8.0, 8.0, 20.0, 20.0, 4.0, 20.0, 4.0, 20.0, 0.0, 8.0, 8.0, 8.0, 8.0, 8.0, 4.0, 4.0, 20.0, 0.0, 0.0, 8.0, 4.0, 4.0, 4.0, 20.0, 8.0, 8.0, 0.0, 8.0, 4.0, 4.0]",65.32,65.32,13,qxgij9sh,,,,,0
18,e60078af,,0,308,307,post_exp,FinalForProlific,2026-05-21 00:20:13.233350,1,,,4972.0,6,,0.0,da37c669-bb41-4646-a780-46fa1fade433,4487.18,23.0,8.0,184.0,4671.18,,3800.0,10.0,,,,,0.0,0,,,3,562efb1b-a346-43e9-8059-5c07029ce57e,https://london-trader-6b45bffdcd02.herokuapp.com,wss://london-trader-6b45bffdcd02.herokuapp.com,,1,6,ghp,gamified,human_only,0.0,0,15,"[8.0, 4.0, 20.0, 8.0, 8.0, 20.0, 20.0, 4.0, 20.0, 4.0, 20.0, 0.0, 8.0, 8.0, 8.0, 8.0, 8.0, 4.0, 4.0, 20.0, 0.0, 0.0, 8.0, 4.0, 4.0, 4.0, 20.0, 8.0, 8.0, 0.0, 8.0, 4.0, 4.0]",65.32,65.32,13,qxgij9sh,,,,,0
19,9mtusmd8,,0,308,307,post_exp,FinalForProlific,2026-05-21 00:20:13.239722,1,,,5453.0,1,,0.0,276f00ae-8bbf-4cb6-ba2f-f601558a0f62,5587.0,17.0,8.0,136.0,5723.0,,2600.0,20.0,,,,,0.0,0,,,4,587a57e3-5de4-4574-996d-f2bfa0659c2c,https://london-trader-6b45bffdcd02.herokuapp.com,wss://london-trader-6b45bffdcd02.herokuapp.com,,1,1,ng,non_gamified,human_only,0.0,1,15,"[8.0, 4.0, 20.0, 8.0, 8.0, 20.0, 20.0, 4.0, 20.0, 4.0, 20.0, 0.0, 8.0, 8.0, 8.0, 8.0, 8.0, 4.0, 4.0, 20.0, 0.0, 0.0, 8.0, 4.0, 4.0, 4.0, 20.0, 8.0, 8.0, 0.0, 8.0, 4.0, 4.0]",125.0,125.0,13,qxgij9sh,,,,,0
1,g9jo03o9,,0,308,307,post_exp,FinalForProlific,2026-05-21 00:20:12.875424,1,,,5611.0,1,,0.0,30fc2b4e-6bfb-433a-804d-56f7e84d7ba3,4909.09,17.0,8.0,136.0,5045.09,,2600.0,20.0,,,,,0.0,0,,,1,c790e030-d023-437b-b3f5-54393dc4bea4,https://london-trader-6b45bffdcd02.herokuapp.com,wss://london-trader-6b45bffdcd02.herokuapp.com,,1,6,ghp,gamified,human_only,0.0,0,15,"[8.0, 4.0, 20.0, 8.0, 8.0, 20.0, 20.0, 4.0, 20.0, 4.0, 20.0, 0.0, 8.0, 8.0, 8.0, 8.0, 8.0, 4.0, 4.0, 20.0, 0.0, 0.0, 8.0, 4.0, 4.0, 4.0, 20.0, 8.0, 8.0, 0.0, 8.0, 4.0, 4.0]",50.99,50.99,14,qxgij9sh,,,,,0
2,h0ebvwds,,0,308,307,post_exp,FinalForProlific,2026-05-21 00:20:13.125533,1,,,5268.0,2,,0.0,7282a71b-4af9-4161-9243-59a7200491a8,5234.78,5.0,8.0,40.0,5274.78,,3800.0,10.0,,,,,0.0,0,,,1,c790e030-d023-437b-b3f5-54393dc4bea4,https://london-trader-6b45bffdcd02.herokuapp.com,wss://london-trader-6b45bffdcd02.herokuapp.com,,1,6,ghp,gamified,human_only,0.0,0,15,"[8.0, 4.0, 20.0, 8.0, 8.0, 20.0, 20.0, 4.0, 20.0, 4.0, 20.0, 0.0, 8.0, 8.0, 8.0, 8.0, 8.0, 4.0, 4.0, 20.0, 0.0, 0.0, 8.0, 4.0, 4.0, 4.0, 20.0, 8.0, 8.0, 0.0, 8.0, 4.0, 4.0]",50.99,50.99,14,qxgij9sh,,,,,0
3,u2aoz11d,,0,308,307,post_exp,FinalForProlific,2026-05-21 00:20:13.130849,1,,,4992.0,3,,0.0,9d5dfc26-db4a-4f04-a070-57ca9e03a8a8,5490.780000000001,2.0,8.0,16.0,5506.780000000001,,2600.0,20.0,,,,,0.0,0,,,1,c790e030-d023-437b-b3f5-54393dc4bea4,https://london-trader-6b45bffdcd02.herokuapp.com,wss://london-trader-6b45bffdcd02.herokuapp.com,,1,6,ghp,gamified,human_only,0.0,0,15,"[8.0, 4.0, 20.0, 8.0, 8.0, 20.0, 20.0, 4.0, 20.0, 4.0, 20.0, 0.0, 8.0, 8.0, 8.0, 8.0, 8.0, 4.0, 4.0, 20.0, 0.0, 0.0, 8.0, 4.0, 4.0, 4.0, 20.0, 8.0, 8.0, 0.0, 8.0, 4.0, 4.0]",50.99,50.99,14,qxgij9sh,,,,,0
4,90ay03zv,,0,308,307,post_exp,FinalForProlific,2026-05-21 00:20:13.140123,1,,,4543.0,4,,0.0,f9508a9f-40fc-4e43-82d6-2a10682c80ee,5066.450000000001,11.0,8.0,88.0,5154.450000000001,,3800.0,10.0,,,,,0.0,0,,,1,c790e030-d023-437b-b3f5-54393dc4bea4,https://london-trader-6b45bffdcd02.herokuapp.com,wss://london-trader-6b45bffdcd02.herokuapp.com,,1,6,ghp,gamified,human_only,0.0,0,15,"[8.0, 4.0, 20.0, 8.0, 8.0, 20.0, 20.0, 4.0, 20.0, 4.0, 20.0, 0.0, 8.0, 8.0, 8.0, 8.0, 8.0, 4.0, 4.0, 20.0, 0.0, 0.0, 8.0, 4.0, 4.0, 4.0, 20.0, 8.0, 8.0, 0.0, 8.0, 4.0, 4.0]",50.99,50.99,14,qxgij9sh,,,,,0
5,ukmvlwcs,,0,308,307,post_exp,FinalForProlific,2026-05-21 00:20:13.146394,1,,,5655.0,5,,0.0,fc375a6c-df52-4846-b92d-128b8b2369fb,5180.229999999998,35.0,8.0,280.0,5460.229999999998,,2600.0,20.0,,,,,0.0,0,,,1,c790e030-d023-437b-b3f5-54393dc4bea4,https://london-trader-6b45bffdcd02.herokuapp.com,wss://london-trader-6b45bffdcd02.herokuapp.com,,1,6,ghp,gamified,human_only,0.0,0,15,"[8.0, 4.0, 20.0, 8.0, 8.0, 20.0, 20.0, 4.0, 20.0, 4.0, 20.0, 0.0, 8.0, 8.0, 8.0, 8.0, 8.0, 4.0, 4.0, 20.0, 0.0, 0.0, 8.0, 4.0, 4.0, 4.0, 20.0, 8.0, 8.0, 0.0, 8.0, 4.0, 4.0]",50.99,50.99,14,qxgij9sh,,,,,0
6,ehyb34jx,,0,308,307,post_exp,FinalForProlific,2026-05-21 00:20:13.152849,1,,,4044.0,6,,0.0,29263d52-43a8-41f9-8fac-174bd27a3cac,3790.670000000002,25.0,8.0,200.0,3990.670000000002,,3800.0,10.0,,,,,0.0,0,,,1,c790e030-d023-437b-b3f5-54393dc4bea4,https://london-trader-6b45bffdcd02.herokuapp.com,wss://london-trader-6b45bffdcd02.herokuapp.com,,1,6,ghp,gamified,human_only,0.0,0,15,"[8.0, 4.0, 20.0, 8.0, 8.0, 20.0, 20.0, 4.0, 20.0, 4.0, 20.0, 0.0, 8.0, 8.0, 8.0, 8.0, 8.0, 4.0, 4.0, 20.0, 0.0, 0.0, 8.0, 4.0, 4.0, 4.0, 20.0, 8.0, 8.0, 0.0, 8.0, 4.0, 4.0]",50.99,50.99,14,qxgij9sh,,,,,0
7,6xvvhy1g,,0,308,307,post_exp,FinalForProlific,2026-05-21 00:20:13.159196,1,,,4941.0,1,,0.0,805afd8a-f298-447c-b524-fcfacc9b528f,6573.049999999985,20.0,8.0,160.0,6733.049999999985,,2600.0,20.0,,,,,0.0,0,,,2,1929c09c-602b-4617-8659-48b1a29c8097,https://london-trader-6b45bffdcd02.herokuapp.com,wss://london-trader-6b45bffdcd02.herokuapp.com,,1,6,ng,non_gamified,human_only,0.0,0,15,"[8.0, 4.0, 20.0, 8.0, 8.0, 20.0, 20.0, 4.0, 20.0, 4.0, 20.0, 0.0, 8.0, 8.0, 8.0, 8.0, 8.0, 4.0, 4.0, 20.0, 0.0, 0.0, 8.0, 4.0, 4.0, 4.0, 20.0, 8.0, 8.0, 0.0, 8.0, 4.0, 4.0]",129.99,129.99,14,qxgij9sh,,,,,0
8,o6ptk42l,,0,308,307,post_exp,FinalForProlific,2026-05-21 00:20:13.166131,1,,,5638.0,2,,0.0,fc1e2a3f-5601-4c5f-9adf-19d17e6e5667,5630.47,2.0,8.0,16.0,5646.47,,3800.0,10.0,,,,,0.0,0,,,2,1929c09c-602b-4617-8659-48b1a29c8097,https://london-trader-6b45bffdcd02.herokuapp.com,wss://london-trader-6b45bffdcd02.herokuapp.com,,1,6,ng,non_gamified,human_only,0.0,0,15,"[8.0, 4.0, 20.0, 8.0, 8.0, 20.0, 20.0, 4.0, 20.0, 4.0, 20.0, 0.0, 8.0, 8.0, 8.0, 8.0, 8.0, 4.0, 4.0, 20.0, 0.0, 0.0, 8.0, 4.0, 4.0, 4.0, 20.0, 8.0, 8.0, 0.0, 8.0, 4.0, 4.0]",129.99,129.99,14,qxgij9sh,,,,,0
9,vitm387c,,0,308,307,post_exp,FinalForProlific,2026-05-21 00:20:13.172514,1,,,4427.0,3,,0.0,79bc089c-0e42-4ffb-a089-d39727a7ad5e,4092.79,32.0,8.0,256.0,4348.79,,2600.0,20.0,,,,,0.0,0,,,2,1929c09c-602b-4617-8659-48b1a29c8097,https://london-trader-6b45bffdcd02.herokuapp.com,wss://london-trader-6b45bffdcd02.herokuapp.com,,1,6,ng,non_gamified,human_only,0.0,0,15,"[8.0, 4.0, 20.0, 8.0, 8.0, 20.0, 20.0, 4.0, 20.0, 4.0, 20.0, 0.0, 8.0, 8.0, 8.0, 8.0, 8.0, 4.0, 4.0, 20.0, 0.0, 0.0, 8.0, 4.0, 4.0, 4.0, 20.0, 8.0, 8.0, 0.0, 8.0, 4.0, 4.0]",129.99,129.99,14,qxgij9sh,,,,,0
10,nngm5qgp,,0,308,307,post_exp,FinalForProlific,2026-05-21 00:20:13.181710,1,,,521.0,4,,0.0,cd733786-3f26-45f5-9434-5391feb2db91,3756.8400000000065,20.0,8.0,160.0,3916.8400000000065,,3800.0,10.0,,,,,0.0,0,,,2,1929c09c-602b-4617-8659-48b1a29c8097,https://london-trader-6b45bffdcd02.herokuapp.com,wss://london-trader-6b45bffdcd02.herokuapp.com,,1,6,ng,non_gamified,human_only,0.0,0,15,"[8.0, 4.0, 20.0, 8.0, 8.0, 20.0, 20.0, 4.0, 20.0, 4.0, 20.0, 0.0, 8.0, 8.0, 8.0, 8.0, 8.0, 4.0, 4.0, 20.0, 0.0, 0.0, 8.0, 4.0, 4.0, 4.0, 20.0, 8.0, 8.0, 0.0, 8.0, 4.0, 4.0]",129.99,129.99,14,qxgij9sh,,,,,0
11,9x5fpgk2,,0,308,307,post_exp,FinalForProlific,2026-05-21 00:20:13.188564,1,,,6999.0,5,,0.0,e3a0615f-a8a1-4546-bc68-9c947e9bf488,5378.83,34.0,8.0,272.0,5650.83,,2600.0,20.0,,,,,0.0,0,,,2,1929c09c-602b-4617-8659-48b1a29c8097,https://london-trader-6b45bffdcd02.herokuapp.com,wss://london-trader-6b45bffdcd02.herokuapp.com,,1,6,ng,non_gamified,human_only,0.0,0,15,"[8.0, 4.0, 20.0, 8.0, 8.0, 20.0, 20.0, 4.0, 20.0, 4.0, 20.0, 0.0, 8.0, 8.0, 8.0, 8.0, 8.0, 4.0, 4.0, 20.0, 0.0, 0.0, 8.0, 4.0, 4.0, 4.0, 20.0, 8.0, 8.0, 0.0, 8.0, 4.0, 4.0]",129.99,129.99,14,qxgij9sh,,,,,0
12,7d70uqk8,,0,308,307,post_exp,FinalForProlific,2026-05-21 00:20:13.195431,1,,,9064.0,6,,0.0,eae02f14-4e82-48f4-9971-bdb53d8c832b,6088.019999999996,15.0,8.0,120.0,6208.019999999996,,3800.0,10.0,,,,,0.0,0,,,2,1929c09c-602b-4617-8659-48b1a29c8097,https://london-trader-6b45bffdcd02.herokuapp.com,wss://london-trader-6b45bffdcd02.herokuapp.com,,1,6,ng,non_gamified,human_only,0.0,0,15,"[8.0, 4.0, 20.0, 8.0, 8.0, 20.0, 20.0, 4.0, 20.0, 4.0, 20.0, 0.0, 8.0, 8.0, 8.0, 8.0, 8.0, 4.0, 4.0, 20.0, 0.0, 0.0, 8.0, 4.0, 4.0, 4.0, 20.0, 8.0, 8.0, 0.0, 8.0, 4.0, 4.0]",129.99,129.99,14,qxgij9sh,,,,,0
13,dadcupjc,,0,308,307,post_exp,FinalForProlific,2026-05-21 00:20:13.202022,1,,,5593.0,1,,0.0,bc406764-852c-4301-aac5-ffda79e1d352,4735.4800000000005,17.0,8.0,136.0,4871.4800000000005,,2600.0,20.0,,,,,0.0,0,,,3,562efb1b-a346-43e9-8059-5c07029ce57e,https://london-trader-6b45bffdcd02.herokuapp.com,wss://london-trader-6b45bffdcd02.herokuapp.com,,1,6,ghp,gamified,human_only,0.0,0,15,"[8.0, 4.0, 20.0, 8.0, 8.0, 20.0, 20.0, 4.0, 20.0, 4.0, 20.0, 0.0, 8.0, 8.0, 8.0, 8.0, 8.0, 4.0, 4.0, 20.0, 0.0, 0.0, 8.0, 4.0, 4.0, 4.0, 20.0, 8.0, 8.0, 0.0, 8.0, 4.0, 4.0]",65.4,65.4,14,qxgij9sh,,,,,0
14,stzawa55,,0,308,307,post_exp,FinalForProlific,2026-05-21 00:20:13.207535,1,,,6667.0,2,,0.0,90a3d963-fbea-46b9-8de6-7bf9d6b601c5,5562.140000000001,29.0,8.0,232.0,5794.140000000001,,3800.0,10.0,,,,,0.0,0,,,3,562efb1b-a346-43e9-8059-5c07029ce57e,https://london-trader-6b45bffdcd02.herokuapp.com,wss://london-trader-6b45bffdcd02.herokuapp.com,,1,6,ghp,gamified,human_only,0.0,0,15,"[8.0, 4.0, 20.0, 8.0, 8.0, 20.0, 20.0, 4.0, 20.0, 4.0, 20.0, 0.0, 8.0, 8.0, 8.0, 8.0, 8.0, 4.0, 4.0, 20.0, 0.0, 0.0, 8.0, 4.0, 4.0, 4.0, 20.0, 8.0, 8.0, 0.0, 8.0, 4.0, 4.0]",65.4,65.4,14,qxgij9sh,,,,,0
15,ja9vp1ab,,0,308,307,post_exp,FinalForProlific,2026-05-21 00:20:13.214591,1,,,7291.0,3,,0.0,0eef23b9-e989-4879-a424-0549e92340f7,6275.759999999996,9.0,8.0,72.0,6347.759999999996,,2600.0,20.0,,,,,0.0,0,,,3,562efb1b-a346-43e9-8059-5c07029ce57e,https://london-trader-6b45bffdcd02.herokuapp.com,wss://london-trader-6b45bffdcd02.herokuapp.com,,1,6,ghp,gamified,human_only,0.0,0,15,"[8.0, 4.0, 20.0, 8.0, 8.0, 20.0, 20.0, 4.0, 20.0, 4.0, 20.0, 0.0, 8.0, 8.0, 8.0, 8.0, 8.0, 4.0, 4.0, 20.0, 0.0, 0.0, 8.0, 4.0, 4.0, 4.0, 20.0, 8.0, 8.0, 0.0, 8.0, 4.0, 4.0]",65.4,65.4,14,qxgij9sh,,,,,0
16,tzbpp88u,,0,308,307,post_exp,FinalForProlific,2026-05-21 00:20:13.221123,1,,,5765.0,4,,0.0,51571e52-e5e1-4e31-b9d8-616043a0be9a,4191.740000000002,29.0,8.0,232.0,4423.740000000002,,3800.0,10.0,,,,,0.0,0,,,3,562efb1b-a346-43e9-8059-5c07029ce57e,https://london-trader-6b45bffdcd02.herokuapp.com,wss://london-trader-6b45bffdcd02.herokuapp.com,,1,6,ghp,gamified,human_only,0.0,0,15,"[8.0, 4.0, 20.0, 8.0, 8.0, 20.0, 20.0, 4.0, 20.0, 4.0, 20.0, 0.0, 8.0, 8.0, 8.0, 8.0, 8.0, 4.0, 4.0, 20.0, 0.0, 0.0, 8.0, 4.0, 4.0, 4.0, 20.0, 8.0, 8.0, 0.0, 8.0, 4.0, 4.0]",65.4,65.4,14,qxgij9sh,,,,,0
17,gr27p5tr,,0,308,307,post_exp,FinalForProlific,2026-05-21 00:20:13.227342,1,,,5642.0,5,,0.0,6c1cc253-2d3c-4c02-96fe-14e14b6bdce5,5557.100000000002,6.0,8.0,48.0,5605.100000000002,,2600.0,20.0,,,,,0.0,0,,,3,562efb1b-a346-43e9-8059-5c07029ce57e,https://london-trader-6b45bffdcd02.herokuapp.com,wss://london-trader-6b45bffdcd02.herokuapp.com,,1,6,ghp,gamified,human_only,0.0,0,15,"[8.0, 4.0, 20.0, 8.0, 8.0, 20.0, 20.0, 4.0, 20.0, 4.0, 20.0, 0.0, 8.0, 8.0, 8.0, 8.0, 8.0, 4.0, 4.0, 20.0, 0.0, 0.0, 8.0, 4.0, 4.0, 4.0, 20.0, 8.0, 8.0, 0.0, 8.0, 4.0, 4.0]",65.4,65.4,14,qxgij9sh,,,,,0
18,e60078af,,0,308,307,post_exp,FinalForProlific,2026-05-21 00:20:13.233350,1,,,4972.0,6,,0.0,da37c669-bb41-4646-a780-46fa1fade433,4605.780000000001,24.0,8.0,192.0,4797.780000000001,,3800.0,10.0,,,,,0.0,0,,,3,562efb1b-a346-43e9-8059-5c07029ce57e,https://london-trader-6b45bffdcd02.herokuapp.com,wss://london-trader-6b45bffdcd02.herokuapp.com,,1,6,ghp,gamified,human_only,0.0,0,15,"[8.0, 4.0, 20.0, 8.0, 8.0, 20.0, 20.0, 4.0, 20.0, 4.0, 20.0, 0.0, 8.0, 8.0, 8.0, 8.0, 8.0, 4.0, 4.0, 20.0, 0.0, 0.0, 8.0, 4.0, 4.0, 4.0, 20.0, 8.0, 8.0, 0.0, 8.0, 4.0, 4.0]",65.4,65.4,14,qxgij9sh,,,,,0
19,9mtusmd8,,0,308,307,post_exp,FinalForProlific,2026-05-21 00:20:13.239722,1,,,5453.0,1,,0.0,276f00ae-8bbf-4cb6-ba2f-f601558a0f62,5849.0,17.0,8.0,136.0,5985.0,,2600.0,20.0,,,,,0.0,0,,,4,587a57e3-5de4-4574-996d-f2bfa0659c2c,https://london-trader-6b45bffdcd02.herokuapp.com,wss://london-trader-6b45bffdcd02.herokuapp.com,,1,1,ng,non_gamified,human_only,0.0,1,15,"[8.0, 4.0, 20.0, 8.0, 8.0, 20.0, 20.0, 4.0, 20.0, 4.0, 20.0, 0.0, 8.0, 8.0, 8.0, 8.0, 8.0, 4.0, 4.0, 20.0, 0.0, 0.0, 8.0, 4.0, 4.0, 4.0, 20.0, 8.0, 8.0, 0.0, 8.0, 4.0, 4.0]",126.0,126.0,14,qxgij9sh,,,,,0
1,g9jo03o9,,0,308,307,post_exp,FinalForProlific,2026-05-21 00:20:12.875424,1,,,5611.0,1,,0.0,30fc2b4e-6bfb-433a-804d-56f7e84d7ba3,5045.09,17.0,8.0,136.0,5181.09,,2600.0,20.0,48.0,3,"{""forecast_price_next_day"":48,""forecast_confidence_next_day"":3}",31.0,0.0,1,,,1,c790e030-d023-437b-b3f5-54393dc4bea4,https://london-trader-6b45bffdcd02.herokuapp.com,wss://london-trader-6b45bffdcd02.herokuapp.com,,1,6,ghp,gamified,human_only,0.0,0,15,"[8.0, 4.0, 20.0, 8.0, 8.0, 20.0, 20.0, 4.0, 20.0, 4.0, 20.0, 0.0, 8.0, 8.0, 8.0, 8.0, 8.0, 4.0, 4.0, 20.0, 0.0, 0.0, 8.0, 4.0, 4.0, 4.0, 20.0, 8.0, 8.0, 0.0, 8.0, 4.0, 4.0]",45.99,45.99,15,qxgij9sh,,,,,0
2,h0ebvwds,,0,308,307,post_exp,FinalForProlific,2026-05-21 00:20:13.125533,1,,,5268.0,2,,0.0,7282a71b-4af9-4161-9243-59a7200491a8,5324.29,5.0,8.0,40.0,5364.29,,3800.0,10.0,30.0,3,"{""forecast_price_next_day"":30,""forecast_confidence_next_day"":3}",31.0,20.0,1,,,1,c790e030-d023-437b-b3f5-54393dc4bea4,https://london-trader-6b45bffdcd02.herokuapp.com,wss://london-trader-6b45bffdcd02.herokuapp.com,,1,6,ghp,gamified,human_only,0.0,0,15,"[8.0, 4.0, 20.0, 8.0, 8.0, 20.0, 20.0, 4.0, 20.0, 4.0, 20.0, 0.0, 8.0, 8.0, 8.0, 8.0, 8.0, 4.0, 4.0, 20.0, 0.0, 0.0, 8.0, 4.0, 4.0, 4.0, 20.0, 8.0, 8.0, 0.0, 8.0, 4.0, 4.0]",45.99,45.99,15,qxgij9sh,,,,,0
3,u2aoz11d,,0,308,307,post_exp,FinalForProlific,2026-05-21 00:20:13.130849,1,,,4992.0,3,,0.0,9d5dfc26-db4a-4f04-a070-57ca9e03a8a8,5506.780000000001,2.0,8.0,16.0,5522.780000000001,,2600.0,20.0,0.0,0,,31.0,0.0,1,,,1,c790e030-d023-437b-b3f5-54393dc4bea4,https://london-trader-6b45bffdcd02.herokuapp.com,wss://london-trader-6b45bffdcd02.herokuapp.com,,1,6,ghp,gamified,human_only,0.0,0,15,"[8.0, 4.0, 20.0, 8.0, 8.0, 20.0, 20.0, 4.0, 20.0, 4.0, 20.0, 0.0, 8.0, 8.0, 8.0, 8.0, 8.0, 4.0, 4.0, 20.0, 0.0, 0.0, 8.0, 4.0, 4.0, 4.0, 20.0, 8.0, 8.0, 0.0, 8.0, 4.0, 4.0]",45.99,45.99,15,qxgij9sh,,,,,0
4,90ay03zv,,0,308,307,post_exp,FinalForProlific,2026-05-21 00:20:13.140123,1,,,4543.0,4,,0.0,f9508a9f-40fc-4e43-82d6-2a10682c80ee,5007.960000000001,14.0,8.0,112.0,5119.960000000001,,3800.0,10.0,5200.0,3,"{""forecast_price_next_day"":5200,""forecast_confidence_next_day"":3}",31.0,0.0,1,,,1,c790e030-d023-437b-b3f5-54393dc4bea4,https://london-trader-6b45bffdcd02.herokuapp.com,wss://london-trader-6b45bffdcd02.herokuapp.com,,1,6,ghp,gamified,human_only,0.0,0,15,"[8.0, 4.0, 20.0, 8.0, 8.0, 20.0, 20.0, 4.0, 20.0, 4.0, 20.0, 0.0, 8.0, 8.0, 8.0, 8.0, 8.0, 4.0, 4.0, 20.0, 0.0, 0.0, 8.0, 4.0, 4.0, 4.0, 20.0, 8.0, 8.0, 0.0, 8.0, 4.0, 4.0]",45.99,45.99,15,qxgij9sh,,,,,0
5,ukmvlwcs,,0,308,307,post_exp,FinalForProlific,2026-05-21 00:20:13.146394,1,,,5655.0,5,,0.0,fc375a6c-df52-4846-b92d-128b8b2369fb,5511.2199999999975,51.0,8.0,408.0,5919.2199999999975,,2600.0,20.0,55.0,1,"{""forecast_price_next_day"":55,""forecast_confidence_next_day"":1}",31.0,0.0,1,,,1,c790e030-d023-437b-b3f5-54393dc4bea4,https://london-trader-6b45bffdcd02.herokuapp.com,wss://london-trader-6b45bffdcd02.herokuapp.com,,1,6,ghp,gamified,human_only,0.0,0,15,"[8.0, 4.0, 20.0, 8.0, 8.0, 20.0, 20.0, 4.0, 20.0, 4.0, 20.0, 0.0, 8.0, 8.0, 8.0, 8.0, 8.0, 4.0, 4.0, 20.0, 0.0, 0.0, 8.0, 4.0, 4.0, 4.0, 20.0, 8.0, 8.0, 0.0, 8.0, 4.0, 4.0]",45.99,45.99,15,qxgij9sh,,,,,0
6,ehyb34jx,,0,308,307,post_exp,FinalForProlific,2026-05-21 00:20:13.152849,1,,,4044.0,6,,0.0,29263d52-43a8-41f9-8fac-174bd27a3cac,4036.6600000000017,24.0,8.0,192.0,4228.660000000002,,3800.0,10.0,45.0,5,"{""forecast_price_next_day"":45,""forecast_confidence_next_day"":5}",31.0,0.0,1,,,1,c790e030-d023-437b-b3f5-54393dc4bea4,https://london-trader-6b45bffdcd02.herokuapp.com,wss://london-trader-6b45bffdcd02.herokuapp.com,,1,6,ghp,gamified,human_only,0.0,0,15,"[8.0, 4.0, 20.0, 8.0, 8.0, 20.0, 20.0, 4.0, 20.0, 4.0, 20.0, 0.0, 8.0, 8.0, 8.0, 8.0, 8.0, 4.0, 4.0, 20.0, 0.0, 0.0, 8.0, 4.0, 4.0, 4.0, 20.0, 8.0, 8.0, 0.0, 8.0, 4.0, 4.0]",45.99,45.99,15,qxgij9sh,,,,,0
7,6xvvhy1g,,0,308,307,post_exp,FinalForProlific,2026-05-21 00:20:13.159196,1,,,4941.0,1,,0.0,805afd8a-f298-447c-b524-fcfacc9b528f,7512.979999999983,4.0,8.0,32.0,7544.979999999983,,2600.0,20.0,130.0,3,"{""forecast_price_next_day"":130,""forecast_confidence_next_day"":3}",129.98,20.0,1,,,2,1929c09c-602b-4617-8659-48b1a29c8097,https://london-trader-6b45bffdcd02.herokuapp.com,wss://london-trader-6b45bffdcd02.herokuapp.com,,1,6,ng,non_gamified,human_only,0.0,0,15,"[8.0, 4.0, 20.0, 8.0, 8.0, 20.0, 20.0, 4.0, 20.0, 4.0, 20.0, 0.0, 8.0, 8.0, 8.0, 8.0, 8.0, 4.0, 4.0, 20.0, 0.0, 0.0, 8.0, 4.0, 4.0, 4.0, 20.0, 8.0, 8.0, 0.0, 8.0, 4.0, 4.0]",129.98,129.98,15,qxgij9sh,,,,,0
8,o6ptk42l,,0,308,307,post_exp,FinalForProlific,2026-05-21 00:20:13.166131,1,,,5638.0,2,,0.0,fc1e2a3f-5601-4c5f-9adf-19d17e6e5667,5516.4800000000005,3.0,8.0,24.0,5540.4800000000005,,3800.0,10.0,130.0,4,"{""forecast_price_next_day"":129.98,""forecast_confidence_next_day"":4}",129.98,20.0,1,,,2,1929c09c-602b-4617-8659-48b1a29c8097,https://london-trader-6b45bffdcd02.herokuapp.com,wss://london-trader-6b45bffdcd02.herokuapp.com,,1,6,ng,non_gamified,human_only,0.0,0,15,"[8.0, 4.0, 20.0, 8.0, 8.0, 20.0, 20.0, 4.0, 20.0, 4.0, 20.0, 0.0, 8.0, 8.0, 8.0, 8.0, 8.0, 4.0, 4.0, 20.0, 0.0, 0.0, 8.0, 4.0, 4.0, 4.0, 20.0, 8.0, 8.0, 0.0, 8.0, 4.0, 4.0]",129.98,129.98,15,qxgij9sh,,,,,0
9,vitm387c,,0,308,307,post_exp,FinalForProlific,2026-05-21 00:20:13.172514,1,,,4427.0,3,,0.0,79bc089c-0e42-4ffb-a089-d39727a7ad5e,4608.749999999999,30.0,8.0,240.0,4848.749999999999,,2600.0,20.0,131.0,2,"{""forecast_price_next_day"":130.55,""forecast_confidence_next_day"":2}",129.98,20.0,1,,,2,1929c09c-602b-4617-8659-48b1a29c8097,https://london-trader-6b45bffdcd02.herokuapp.com,wss://london-trader-6b45bffdcd02.herokuapp.com,,1,6,ng,non_gamified,human_only,0.0,0,15,"[8.0, 4.0, 20.0, 8.0, 8.0, 20.0, 20.0, 4.0, 20.0, 4.0, 20.0, 0.0, 8.0, 8.0, 8.0, 8.0, 8.0, 4.0, 4.0, 20.0, 0.0, 0.0, 8.0, 4.0, 4.0, 4.0, 20.0, 8.0, 8.0, 0.0, 8.0, 4.0, 4.0]",129.98,129.98,15,qxgij9sh,,,,,0
10,nngm5qgp,,0,308,307,post_exp,FinalForProlific,2026-05-21 00:20:13.181710,1,,,521.0,4,,0.0,cd733786-3f26-45f5-9434-5391feb2db91,3396.8800000000074,27.0,8.0,216.0,3612.8800000000074,,3800.0,10.0,131.0,2,"{""forecast_price_next_day"":130.5,""forecast_confidence_next_day"":2}",129.98,20.0,1,,,2,1929c09c-602b-4617-8659-48b1a29c8097,https://london-trader-6b45bffdcd02.herokuapp.com,wss://london-trader-6b45bffdcd02.herokuapp.com,,1,6,ng,non_gamified,human_only,0.0,0,15,"[8.0, 4.0, 20.0, 8.0, 8.0, 20.0, 20.0, 4.0, 20.0, 4.0, 20.0, 0.0, 8.0, 8.0, 8.0, 8.0, 8.0, 4.0, 4.0, 20.0, 0.0, 0.0, 8.0, 4.0, 4.0, 4.0, 20.0, 8.0, 8.0, 0.0, 8.0, 4.0, 4.0]",129.98,129.98,15,qxgij9sh,,,,,0
11,9x5fpgk2,,0,308,307,post_exp,FinalForProlific,2026-05-21 00:20:13.188564,1,,,6999.0,5,,0.0,e3a0615f-a8a1-4546-bc68-9c947e9bf488,5130.910000000002,38.0,8.0,304.0,5434.910000000002,,2600.0,20.0,130.0,3,"{""forecast_price_next_day"":129.99,""forecast_confidence_next_day"":3}",129.98,20.0,1,,,2,1929c09c-602b-4617-8659-48b1a29c8097,https://london-trader-6b45bffdcd02.herokuapp.com,wss://london-trader-6b45bffdcd02.herokuapp.com,,1,6,ng,non_gamified,human_only,0.0,0,15,"[8.0, 4.0, 20.0, 8.0, 8.0, 20.0, 20.0, 4.0, 20.0, 4.0, 20.0, 0.0, 8.0, 8.0, 8.0, 8.0, 8.0, 4.0, 4.0, 20.0, 0.0, 0.0, 8.0, 4.0, 4.0, 4.0, 20.0, 8.0, 8.0, 0.0, 8.0, 4.0, 4.0]",129.98,129.98,15,qxgij9sh,,,,,0
12,7d70uqk8,,0,308,307,post_exp,FinalForProlific,2026-05-21 00:20:13.195431,1,,,9064.0,6,,0.0,eae02f14-4e82-48f4-9971-bdb53d8c832b,6337.999999999995,17.0,8.0,136.0,6473.999999999995,,3800.0,10.0,130.0,5,"{""forecast_price_next_day"":130,""forecast_confidence_next_day"":5}",129.98,20.0,1,,,2,1929c09c-602b-4617-8659-48b1a29c8097,https://london-trader-6b45bffdcd02.herokuapp.com,wss://london-trader-6b45bffdcd02.herokuapp.com,,1,6,ng,non_gamified,human_only,0.0,0,15,"[8.0, 4.0, 20.0, 8.0, 8.0, 20.0, 20.0, 4.0, 20.0, 4.0, 20.0, 0.0, 8.0, 8.0, 8.0, 8.0, 8.0, 4.0, 4.0, 20.0, 0.0, 0.0, 8.0, 4.0, 4.0, 4.0, 20.0, 8.0, 8.0, 0.0, 8.0, 4.0, 4.0]",129.98,129.98,15,qxgij9sh,,,,,0
13,dadcupjc,,0,308,307,post_exp,FinalForProlific,2026-05-21 00:20:13.202022,1,,,5593.0,1,,0.0,bc406764-852c-4301-aac5-ffda79e1d352,4936.740000000001,15.0,8.0,120.0,5056.740000000001,,2600.0,20.0,62.0,1,"{""forecast_price_next_day"":62,""forecast_confidence_next_day"":1}",63.35,20.0,1,,,3,562efb1b-a346-43e9-8059-5c07029ce57e,https://london-trader-6b45bffdcd02.herokuapp.com,wss://london-trader-6b45bffdcd02.herokuapp.com,,1,6,ghp,gamified,human_only,0.0,0,15,"[8.0, 4.0, 20.0, 8.0, 8.0, 20.0, 20.0, 4.0, 20.0, 4.0, 20.0, 0.0, 8.0, 8.0, 8.0, 8.0, 8.0, 4.0, 4.0, 20.0, 0.0, 0.0, 8.0, 4.0, 4.0, 4.0, 20.0, 8.0, 8.0, 0.0, 8.0, 4.0, 4.0]",65.31,65.31,15,qxgij9sh,,,,,0
14,stzawa55,,0,308,307,post_exp,FinalForProlific,2026-05-21 00:20:13.207535,1,,,6667.0,2,,0.0,90a3d963-fbea-46b9-8de6-7bf9d6b601c5,6514.490000000001,7.0,8.0,56.0,6570.490000000001,,3800.0,10.0,66.0,3,"{""forecast_price_next_day"":66.3,""forecast_confidence_next_day"":3}",63.35,20.0,1,,,3,562efb1b-a346-43e9-8059-5c07029ce57e,https://london-trader-6b45bffdcd02.herokuapp.com,wss://london-trader-6b45bffdcd02.herokuapp.com,,1,6,ghp,gamified,human_only,0.0,0,15,"[8.0, 4.0, 20.0, 8.0, 8.0, 20.0, 20.0, 4.0, 20.0, 4.0, 20.0, 0.0, 8.0, 8.0, 8.0, 8.0, 8.0, 4.0, 4.0, 20.0, 0.0, 0.0, 8.0, 4.0, 4.0, 4.0, 20.0, 8.0, 8.0, 0.0, 8.0, 4.0, 4.0]",65.31,65.31,15,qxgij9sh,,,,,0
15,ja9vp1ab,,0,308,307,post_exp,FinalForProlific,2026-05-21 00:20:13.214591,1,,,7291.0,3,,0.0,0eef23b9-e989-4879-a424-0549e92340f7,6019.809999999997,14.0,8.0,112.0,6131.809999999997,,2600.0,20.0,61.0,5,"{""forecast_price_next_day"":61,""forecast_confidence_next_day"":5}",63.35,20.0,1,,,3,562efb1b-a346-43e9-8059-5c07029ce57e,https://london-trader-6b45bffdcd02.herokuapp.com,wss://london-trader-6b45bffdcd02.herokuapp.com,,1,6,ghp,gamified,human_only,0.0,0,15,"[8.0, 4.0, 20.0, 8.0, 8.0, 20.0, 20.0, 4.0, 20.0, 4.0, 20.0, 0.0, 8.0, 8.0, 8.0, 8.0, 8.0, 4.0, 4.0, 20.0, 0.0, 0.0, 8.0, 4.0, 4.0, 4.0, 20.0, 8.0, 8.0, 0.0, 8.0, 4.0, 4.0]",65.31,65.31,15,qxgij9sh,,,,,0
16,tzbpp88u,,0,308,307,post_exp,FinalForProlific,2026-05-21 00:20:13.221123,1,,,5765.0,4,,0.0,51571e52-e5e1-4e31-b9d8-616043a0be9a,4489.290000000001,29.0,8.0,232.0,4721.290000000001,,3800.0,10.0,64.0,3,"{""forecast_price_next_day"":64.32,""forecast_confidence_next_day"":3}",63.35,20.0,1,,,3,562efb1b-a346-43e9-8059-5c07029ce57e,https://london-trader-6b45bffdcd02.herokuapp.com,wss://london-trader-6b45bffdcd02.herokuapp.com,,1,6,ghp,gamified,human_only,0.0,0,15,"[8.0, 4.0, 20.0, 8.0, 8.0, 20.0, 20.0, 4.0, 20.0, 4.0, 20.0, 0.0, 8.0, 8.0, 8.0, 8.0, 8.0, 4.0, 4.0, 20.0, 0.0, 0.0, 8.0, 4.0, 4.0, 4.0, 20.0, 8.0, 8.0, 0.0, 8.0, 4.0, 4.0]",65.31,65.31,15,qxgij9sh,,,,,0
17,gr27p5tr,,0,308,307,post_exp,FinalForProlific,2026-05-21 00:20:13.227342,1,,,5642.0,5,,0.0,6c1cc253-2d3c-4c02-96fe-14e14b6bdce5,5539.860000000002,8.0,8.0,64.0,5603.860000000002,,2600.0,20.0,75.0,3,"{""forecast_price_next_day"":75,""forecast_confidence_next_day"":3}",63.35,0.0,1,,,3,562efb1b-a346-43e9-8059-5c07029ce57e,https://london-trader-6b45bffdcd02.herokuapp.com,wss://london-trader-6b45bffdcd02.herokuapp.com,,1,6,ghp,gamified,human_only,0.0,0,15,"[8.0, 4.0, 20.0, 8.0, 8.0, 20.0, 20.0, 4.0, 20.0, 4.0, 20.0, 0.0, 8.0, 8.0, 8.0, 8.0, 8.0, 4.0, 4.0, 20.0, 0.0, 0.0, 8.0, 4.0, 4.0, 4.0, 20.0, 8.0, 8.0, 0.0, 8.0, 4.0, 4.0]",65.31,65.31,15,qxgij9sh,,,,,0
18,e60078af,,0,308,307,post_exp,FinalForProlific,2026-05-21 00:20:13.233350,1,,,4972.0,6,,0.0,da37c669-bb41-4646-a780-46fa1fade433,4339.81,31.0,8.0,248.0,4587.81,,3800.0,10.0,64.0,3,"{""forecast_price_next_day"":64,""forecast_confidence_next_day"":3}",63.35,20.0,1,,,3,562efb1b-a346-43e9-8059-5c07029ce57e,https://london-trader-6b45bffdcd02.herokuapp.com,wss://london-trader-6b45bffdcd02.herokuapp.com,,1,6,ghp,gamified,human_only,0.0,0,15,"[8.0, 4.0, 20.0, 8.0, 8.0, 20.0, 20.0, 4.0, 20.0, 4.0, 20.0, 0.0, 8.0, 8.0, 8.0, 8.0, 8.0, 4.0, 4.0, 20.0, 0.0, 0.0, 8.0, 4.0, 4.0, 4.0, 20.0, 8.0, 8.0, 0.0, 8.0, 4.0, 4.0]",65.31,65.31,15,qxgij9sh,,,,,0
19,9mtusmd8,,0,308,307,post_exp,FinalForProlific,2026-05-21 00:20:13.239722,1,,,5453.0,1,,0.0,276f00ae-8bbf-4cb6-ba2f-f601558a0f62,6237.0,14.0,8.0,112.0,6349.0,,2600.0,20.0,118.0,5,"{""forecast_price_next_day"":117.5,""forecast_confidence_next_day"":5}",126.0,0.0,1,,,4,587a57e3-5de4-4574-996d-f2bfa0659c2c,https://london-trader-6b45bffdcd02.herokuapp.com,wss://london-trader-6b45bffdcd02.herokuapp.com,,1,1,ng,non_gamified,human_only,0.0,1,15,"[8.0, 4.0, 20.0, 8.0, 8.0, 20.0, 20.0, 4.0, 20.0, 4.0, 20.0, 0.0, 8.0, 8.0, 8.0, 8.0, 8.0, 4.0, 4.0, 20.0, 0.0, 0.0, 8.0, 4.0, 4.0, 4.0, 20.0, 8.0, 8.0, 0.0, 8.0, 4.0, 4.0]",126.0,126.0,15,qxgij9sh,,,,,0
1,g9jo03o9,,0,308,307,post_exp,FinalForProlific,2026-05-21 00:20:12.875424,1,,,5611.0,1,,0.0,30fc2b4e-6bfb-433a-804d-56f7e84d7ba3,5181.09,17.0,8.0,136.0,5317.09,,2600.0,20.0,,,,,0.0,0,,,1,c790e030-d023-437b-b3f5-54393dc4bea4,https://london-trader-6b45bffdcd02.herokuapp.com,wss://london-trader-6b45bffdcd02.herokuapp.com,,1,6,ghp,gamified,human_only,0.0,0,15,"[8.0, 4.0, 20.0, 8.0, 8.0, 20.0, 20.0, 4.0, 20.0, 4.0, 20.0, 0.0, 8.0, 8.0, 8.0, 8.0, 8.0, 4.0, 4.0, 20.0, 0.0, 0.0, 8.0, 4.0, 4.0, 4.0, 20.0, 8.0, 8.0, 0.0, 8.0, 4.0, 4.0]",31.0,31.0,16,qxgij9sh,,,,,0
2,h0ebvwds,,0,308,307,post_exp,FinalForProlific,2026-05-21 00:20:13.125533,1,,,5268.0,2,,0.0,7282a71b-4af9-4161-9243-59a7200491a8,5364.29,4.0,8.0,32.0,5396.29,,3800.0,10.0,,,,,0.0,0,,,1,c790e030-d023-437b-b3f5-54393dc4bea4,https://london-trader-6b45bffdcd02.herokuapp.com,wss://london-trader-6b45bffdcd02.herokuapp.com,,1,6,ghp,gamified,human_only,0.0,0,15,"[8.0, 4.0, 20.0, 8.0, 8.0, 20.0, 20.0, 4.0, 20.0, 4.0, 20.0, 0.0, 8.0, 8.0, 8.0, 8.0, 8.0, 4.0, 4.0, 20.0, 0.0, 0.0, 8.0, 4.0, 4.0, 4.0, 20.0, 8.0, 8.0, 0.0, 8.0, 4.0, 4.0]",31.0,31.0,16,qxgij9sh,,,,,0
3,u2aoz11d,,0,308,307,post_exp,FinalForProlific,2026-05-21 00:20:13.130849,1,,,4992.0,3,,0.0,9d5dfc26-db4a-4f04-a070-57ca9e03a8a8,5522.780000000001,2.0,8.0,16.0,5538.780000000001,,2600.0,20.0,,,,,0.0,0,,,1,c790e030-d023-437b-b3f5-54393dc4bea4,https://london-trader-6b45bffdcd02.herokuapp.com,wss://london-trader-6b45bffdcd02.herokuapp.com,,1,6,ghp,gamified,human_only,0.0,0,15,"[8.0, 4.0, 20.0, 8.0, 8.0, 20.0, 20.0, 4.0, 20.0, 4.0, 20.0, 0.0, 8.0, 8.0, 8.0, 8.0, 8.0, 4.0, 4.0, 20.0, 0.0, 0.0, 8.0, 4.0, 4.0, 4.0, 20.0, 8.0, 8.0, 0.0, 8.0, 4.0, 4.0]",31.0,31.0,16,qxgij9sh,,,,,0
4,90ay03zv,,0,308,307,post_exp,FinalForProlific,2026-05-21 00:20:13.140123,1,,,4543.0,4,,0.0,f9508a9f-40fc-4e43-82d6-2a10682c80ee,4980.960000000001,18.0,8.0,144.0,5124.960000000001,,3800.0,10.0,,,,,0.0,0,,,1,c790e030-d023-437b-b3f5-54393dc4bea4,https://london-trader-6b45bffdcd02.herokuapp.com,wss://london-trader-6b45bffdcd02.herokuapp.com,,1,6,ghp,gamified,human_only,0.0,0,15,"[8.0, 4.0, 20.0, 8.0, 8.0, 20.0, 20.0, 4.0, 20.0, 4.0, 20.0, 0.0, 8.0, 8.0, 8.0, 8.0, 8.0, 4.0, 4.0, 20.0, 0.0, 0.0, 8.0, 4.0, 4.0, 4.0, 20.0, 8.0, 8.0, 0.0, 8.0, 4.0, 4.0]",31.0,31.0,16,qxgij9sh,,,,,0
5,ukmvlwcs,,0,308,307,post_exp,FinalForProlific,2026-05-21 00:20:13.146394,1,,,5655.0,5,,0.0,fc375a6c-df52-4846-b92d-128b8b2369fb,5953.2199999999975,32.0,8.0,256.0,6209.2199999999975,,2600.0,20.0,,,,,0.0,0,,,1,c790e030-d023-437b-b3f5-54393dc4bea4,https://london-trader-6b45bffdcd02.herokuapp.com,wss://london-trader-6b45bffdcd02.herokuapp.com,,1,6,ghp,gamified,human_only,0.0,0,15,"[8.0, 4.0, 20.0, 8.0, 8.0, 20.0, 20.0, 4.0, 20.0, 4.0, 20.0, 0.0, 8.0, 8.0, 8.0, 8.0, 8.0, 4.0, 4.0, 20.0, 0.0, 0.0, 8.0, 4.0, 4.0, 4.0, 20.0, 8.0, 8.0, 0.0, 8.0, 4.0, 4.0]",31.0,31.0,16,qxgij9sh,,,,,0
6,ehyb34jx,,0,308,307,post_exp,FinalForProlific,2026-05-21 00:20:13.152849,1,,,4044.0,6,,0.0,29263d52-43a8-41f9-8fac-174bd27a3cac,4333.660000000002,23.0,8.0,184.0,4517.660000000002,,3800.0,10.0,,,,,0.0,0,,,1,c790e030-d023-437b-b3f5-54393dc4bea4,https://london-trader-6b45bffdcd02.herokuapp.com,wss://london-trader-6b45bffdcd02.herokuapp.com,,1,6,ghp,gamified,human_only,0.0,0,15,"[8.0, 4.0, 20.0, 8.0, 8.0, 20.0, 20.0, 4.0, 20.0, 4.0, 20.0, 0.0, 8.0, 8.0, 8.0, 8.0, 8.0, 4.0, 4.0, 20.0, 0.0, 0.0, 8.0, 4.0, 4.0, 4.0, 20.0, 8.0, 8.0, 0.0, 8.0, 4.0, 4.0]",31.0,31.0,16,qxgij9sh,,,,,0
7,6xvvhy1g,,0,308,307,post_exp,FinalForProlific,2026-05-21 00:20:13.159196,1,,,4941.0,1,,0.0,805afd8a-f298-447c-b524-fcfacc9b528f,8064.899999999981,0.0,8.0,0.0,8064.899999999981,,2600.0,20.0,,,,,0.0,0,,,2,1929c09c-602b-4617-8659-48b1a29c8097,https://london-trader-6b45bffdcd02.herokuapp.com,wss://london-trader-6b45bffdcd02.herokuapp.com,,1,6,ng,non_gamified,human_only,0.0,0,15,"[8.0, 4.0, 20.0, 8.0, 8.0, 20.0, 20.0, 4.0, 20.0, 4.0, 20.0, 0.0, 8.0, 8.0, 8.0, 8.0, 8.0, 4.0, 4.0, 20.0, 0.0, 0.0, 8.0, 4.0, 4.0, 4.0, 20.0, 8.0, 8.0, 0.0, 8.0, 4.0, 4.0]",129.98,129.98,16,qxgij9sh,,,,,0
8,o6ptk42l,,0,308,307,post_exp,FinalForProlific,2026-05-21 00:20:13.166131,1,,,5638.0,2,,0.0,fc1e2a3f-5601-4c5f-9adf-19d17e6e5667,5540.4800000000005,4.0,8.0,32.0,5572.4800000000005,,3800.0,10.0,,,,,0.0,0,,,2,1929c09c-602b-4617-8659-48b1a29c8097,https://london-trader-6b45bffdcd02.herokuapp.com,wss://london-trader-6b45bffdcd02.herokuapp.com,,1,6,ng,non_gamified,human_only,0.0,0,15,"[8.0, 4.0, 20.0, 8.0, 8.0, 20.0, 20.0, 4.0, 20.0, 4.0, 20.0, 0.0, 8.0, 8.0, 8.0, 8.0, 8.0, 4.0, 4.0, 20.0, 0.0, 0.0, 8.0, 4.0, 4.0, 4.0, 20.0, 8.0, 8.0, 0.0, 8.0, 4.0, 4.0]",129.98,129.98,16,qxgij9sh,,,,,0
9,vitm387c,,0,308,307,post_exp,FinalForProlific,2026-05-21 00:20:13.172514,1,,,4427.0,3,,0.0,79bc089c-0e42-4ffb-a089-d39727a7ad5e,4848.749999999999,30.0,8.0,240.0,5088.749999999999,,2600.0,20.0,,,,,0.0,0,,,2,1929c09c-602b-4617-8659-48b1a29c8097,https://london-trader-6b45bffdcd02.herokuapp.com,wss://london-trader-6b45bffdcd02.herokuapp.com,,1,6,ng,non_gamified,human_only,0.0,0,15,"[8.0, 4.0, 20.0, 8.0, 8.0, 20.0, 20.0, 4.0, 20.0, 4.0, 20.0, 0.0, 8.0, 8.0, 8.0, 8.0, 8.0, 4.0, 4.0, 20.0, 0.0, 0.0, 8.0, 4.0, 4.0, 4.0, 20.0, 8.0, 8.0, 0.0, 8.0, 4.0, 4.0]",129.98,129.98,16,qxgij9sh,,,,,0
10,nngm5qgp,,0,308,307,post_exp,FinalForProlific,2026-05-21 00:20:13.181710,1,,,521.0,4,,0.0,cd733786-3f26-45f5-9434-5391feb2db91,3612.8800000000074,24.0,8.0,192.0,3804.8800000000074,,3800.0,10.0,,,,,0.0,0,,,2,1929c09c-602b-4617-8659-48b1a29c8097,https://london-trader-6b45bffdcd02.herokuapp.com,wss://london-trader-6b45bffdcd02.herokuapp.com,,1,6,ng,non_gamified,human_only,0.0,0,15,"[8.0, 4.0, 20.0, 8.0, 8.0, 20.0, 20.0, 4.0, 20.0, 4.0, 20.0, 0.0, 8.0, 8.0, 8.0, 8.0, 8.0, 4.0, 4.0, 20.0, 0.0, 0.0, 8.0, 4.0, 4.0, 4.0, 20.0, 8.0, 8.0, 0.0, 8.0, 4.0, 4.0]",129.98,129.98,16,qxgij9sh,,,,,0
11,9x5fpgk2,,0,308,307,post_exp,FinalForProlific,2026-05-21 00:20:13.188564,1,,,6999.0,5,,0.0,e3a0615f-a8a1-4546-bc68-9c947e9bf488,4655.030000000004,43.0,8.0,344.0,4999.030000000004,,2600.0,20.0,,,,,0.0,0,,,2,1929c09c-602b-4617-8659-48b1a29c8097,https://london-trader-6b45bffdcd02.herokuapp.com,wss://london-trader-6b45bffdcd02.herokuapp.com,,1,6,ng,non_gamified,human_only,0.0,0,15,"[8.0, 4.0, 20.0, 8.0, 8.0, 20.0, 20.0, 4.0, 20.0, 4.0, 20.0, 0.0, 8.0, 8.0, 8.0, 8.0, 8.0, 4.0, 4.0, 20.0, 0.0, 0.0, 8.0, 4.0, 4.0, 4.0, 20.0, 8.0, 8.0, 0.0, 8.0, 4.0, 4.0]",129.98,129.98,16,qxgij9sh,,,,,0
12,7d70uqk8,,0,308,307,post_exp,FinalForProlific,2026-05-21 00:20:13.195431,1,,,9064.0,6,,0.0,eae02f14-4e82-48f4-9971-bdb53d8c832b,6733.959999999995,18.0,8.0,144.0,6877.959999999995,,3800.0,10.0,,,,,0.0,0,,,2,1929c09c-602b-4617-8659-48b1a29c8097,https://london-trader-6b45bffdcd02.herokuapp.com,wss://london-trader-6b45bffdcd02.herokuapp.com,,1,6,ng,non_gamified,human_only,0.0,0,15,"[8.0, 4.0, 20.0, 8.0, 8.0, 20.0, 20.0, 4.0, 20.0, 4.0, 20.0, 0.0, 8.0, 8.0, 8.0, 8.0, 8.0, 4.0, 4.0, 20.0, 0.0, 0.0, 8.0, 4.0, 4.0, 4.0, 20.0, 8.0, 8.0, 0.0, 8.0, 4.0, 4.0]",129.98,129.98,16,qxgij9sh,,,,,0
13,dadcupjc,,0,308,307,post_exp,FinalForProlific,2026-05-21 00:20:13.202022,1,,,5593.0,1,,0.0,bc406764-852c-4301-aac5-ffda79e1d352,5122.590000000001,14.0,8.0,112.0,5234.590000000001,,2600.0,20.0,,,,,0.0,0,,,3,562efb1b-a346-43e9-8059-5c07029ce57e,https://london-trader-6b45bffdcd02.herokuapp.com,wss://london-trader-6b45bffdcd02.herokuapp.com,,1,6,ghp,gamified,human_only,0.0,0,15,"[8.0, 4.0, 20.0, 8.0, 8.0, 20.0, 20.0, 4.0, 20.0, 4.0, 20.0, 0.0, 8.0, 8.0, 8.0, 8.0, 8.0, 4.0, 4.0, 20.0, 0.0, 0.0, 8.0, 4.0, 4.0, 4.0, 20.0, 8.0, 8.0, 0.0, 8.0, 4.0, 4.0]",63.35,63.35,16,qxgij9sh,,,,,0
14,stzawa55,,0,308,307,post_exp,FinalForProlific,2026-05-21 00:20:13.207535,1,,,6667.0,2,,0.0,90a3d963-fbea-46b9-8de6-7bf9d6b601c5,6050.310000000001,15.0,8.0,120.0,6170.310000000001,,3800.0,10.0,,,,,0.0,0,,,3,562efb1b-a346-43e9-8059-5c07029ce57e,https://london-trader-6b45bffdcd02.herokuapp.com,wss://london-trader-6b45bffdcd02.herokuapp.com,,1,6,ghp,gamified,human_only,0.0,0,15,"[8.0, 4.0, 20.0, 8.0, 8.0, 20.0, 20.0, 4.0, 20.0, 4.0, 20.0, 0.0, 8.0, 8.0, 8.0, 8.0, 8.0, 4.0, 4.0, 20.0, 0.0, 0.0, 8.0, 4.0, 4.0, 4.0, 20.0, 8.0, 8.0, 0.0, 8.0, 4.0, 4.0]",63.35,63.35,16,qxgij9sh,,,,,0
15,ja9vp1ab,,0,308,307,post_exp,FinalForProlific,2026-05-21 00:20:13.214591,1,,,7291.0,3,,0.0,0eef23b9-e989-4879-a424-0549e92340f7,7034.849999999998,0.0,8.0,0.0,7034.849999999998,,2600.0,20.0,,,,,0.0,0,,,3,562efb1b-a346-43e9-8059-5c07029ce57e,https://london-trader-6b45bffdcd02.herokuapp.com,wss://london-trader-6b45bffdcd02.herokuapp.com,,1,6,ghp,gamified,human_only,0.0,0,15,"[8.0, 4.0, 20.0, 8.0, 8.0, 20.0, 20.0, 4.0, 20.0, 4.0, 20.0, 0.0, 8.0, 8.0, 8.0, 8.0, 8.0, 4.0, 4.0, 20.0, 0.0, 0.0, 8.0, 4.0, 4.0, 4.0, 20.0, 8.0, 8.0, 0.0, 8.0, 4.0, 4.0]",63.35,63.35,16,qxgij9sh,,,,,0
16,tzbpp88u,,0,308,307,post_exp,FinalForProlific,2026-05-21 00:20:13.221123,1,,,5765.0,4,,0.0,51571e52-e5e1-4e31-b9d8-616043a0be9a,4655.929999999999,29.0,8.0,232.0,4887.929999999999,,3800.0,10.0,,,,,0.0,0,,,3,562efb1b-a346-43e9-8059-5c07029ce57e,https://london-trader-6b45bffdcd02.herokuapp.com,wss://london-trader-6b45bffdcd02.herokuapp.com,,1,6,ghp,gamified,human_only,0.0,0,15,"[8.0, 4.0, 20.0, 8.0, 8.0, 20.0, 20.0, 4.0, 20.0, 4.0, 20.0, 0.0, 8.0, 8.0, 8.0, 8.0, 8.0, 4.0, 4.0, 20.0, 0.0, 0.0, 8.0, 4.0, 4.0, 4.0, 20.0, 8.0, 8.0, 0.0, 8.0, 4.0, 4.0]",63.35,63.35,16,qxgij9sh,,,,,0
17,gr27p5tr,,0,308,307,post_exp,FinalForProlific,2026-05-21 00:20:13.227342,1,,,5642.0,5,,0.0,6c1cc253-2d3c-4c02-96fe-14e14b6bdce5,5349.7800000000025,15.0,8.0,120.0,5469.7800000000025,,2600.0,20.0,,,,,0.0,0,,,3,562efb1b-a346-43e9-8059-5c07029ce57e,https://london-trader-6b45bffdcd02.herokuapp.com,wss://london-trader-6b45bffdcd02.herokuapp.com,,1,6,ghp,gamified,human_only,0.0,0,15,"[8.0, 4.0, 20.0, 8.0, 8.0, 20.0, 20.0, 4.0, 20.0, 4.0, 20.0, 0.0, 8.0, 8.0, 8.0, 8.0, 8.0, 4.0, 4.0, 20.0, 0.0, 0.0, 8.0, 4.0, 4.0, 4.0, 20.0, 8.0, 8.0, 0.0, 8.0, 4.0, 4.0]",63.35,63.35,16,qxgij9sh,,,,,0
18,e60078af,,0,308,307,post_exp,FinalForProlific,2026-05-21 00:20:13.233350,1,,,4972.0,6,,0.0,da37c669-bb41-4646-a780-46fa1fade433,4458.54,33.0,8.0,264.0,4722.54,,3800.0,10.0,,,,,0.0,0,,,3,562efb1b-a346-43e9-8059-5c07029ce57e,https://london-trader-6b45bffdcd02.herokuapp.com,wss://london-trader-6b45bffdcd02.herokuapp.com,,1,6,ghp,gamified,human_only,0.0,0,15,"[8.0, 4.0, 20.0, 8.0, 8.0, 20.0, 20.0, 4.0, 20.0, 4.0, 20.0, 0.0, 8.0, 8.0, 8.0, 8.0, 8.0, 4.0, 4.0, 20.0, 0.0, 0.0, 8.0, 4.0, 4.0, 4.0, 20.0, 8.0, 8.0, 0.0, 8.0, 4.0, 4.0]",63.35,63.35,16,qxgij9sh,,,,,0
19,9mtusmd8,,0,308,307,post_exp,FinalForProlific,2026-05-21 00:20:13.239722,1,,,5453.0,1,,0.0,276f00ae-8bbf-4cb6-ba2f-f601558a0f62,6475.0,14.0,8.0,112.0,6587.0,,2600.0,20.0,,,,,0.0,0,,,4,587a57e3-5de4-4574-996d-f2bfa0659c2c,https://london-trader-6b45bffdcd02.herokuapp.com,wss://london-trader-6b45bffdcd02.herokuapp.com,,1,1,ng,non_gamified,human_only,0.0,1,15,"[8.0, 4.0, 20.0, 8.0, 8.0, 20.0, 20.0, 4.0, 20.0, 4.0, 20.0, 0.0, 8.0, 8.0, 8.0, 8.0, 8.0, 4.0, 4.0, 20.0, 0.0, 0.0, 8.0, 4.0, 4.0, 4.0, 20.0, 8.0, 8.0, 0.0, 8.0, 4.0, 4.0]",126.0,126.0,16,qxgij9sh,,,,,0
1,g9jo03o9,,0,308,307,post_exp,FinalForProlific,2026-05-21 00:20:12.875424,1,,,5611.0,1,,0.0,30fc2b4e-6bfb-433a-804d-56f7e84d7ba3,5317.09,17.0,8.0,136.0,5453.09,,2600.0,20.0,,,,,0.0,0,,,1,c790e030-d023-437b-b3f5-54393dc4bea4,https://london-trader-6b45bffdcd02.herokuapp.com,wss://london-trader-6b45bffdcd02.herokuapp.com,,1,6,ghp,gamified,human_only,0.0,0,15,"[8.0, 4.0, 20.0, 8.0, 8.0, 20.0, 20.0, 4.0, 20.0, 4.0, 20.0, 0.0, 8.0, 8.0, 8.0, 8.0, 8.0, 4.0, 4.0, 20.0, 0.0, 0.0, 8.0, 4.0, 4.0, 4.0, 20.0, 8.0, 8.0, 0.0, 8.0, 4.0, 4.0]",11.0,11.0,17,qxgij9sh,,,,,0
2,h0ebvwds,,0,308,307,post_exp,FinalForProlific,2026-05-21 00:20:13.125533,1,,,5268.0,2,,0.0,7282a71b-4af9-4161-9243-59a7200491a8,5410.29,4.0,8.0,32.0,5442.29,,3800.0,10.0,,,,,0.0,0,,,1,c790e030-d023-437b-b3f5-54393dc4bea4,https://london-trader-6b45bffdcd02.herokuapp.com,wss://london-trader-6b45bffdcd02.herokuapp.com,,1,6,ghp,gamified,human_only,0.0,0,15,"[8.0, 4.0, 20.0, 8.0, 8.0, 20.0, 20.0, 4.0, 20.0, 4.0, 20.0, 0.0, 8.0, 8.0, 8.0, 8.0, 8.0, 4.0, 4.0, 20.0, 0.0, 0.0, 8.0, 4.0, 4.0, 4.0, 20.0, 8.0, 8.0, 0.0, 8.0, 4.0, 4.0]",11.0,11.0,17,qxgij9sh,,,,,0
3,u2aoz11d,,0,308,307,post_exp,FinalForProlific,2026-05-21 00:20:13.130849,1,,,4992.0,3,,0.0,9d5dfc26-db4a-4f04-a070-57ca9e03a8a8,5552.780000000001,0.0,8.0,0.0,5552.780000000001,,2600.0,20.0,,,,,0.0,0,,,1,c790e030-d023-437b-b3f5-54393dc4bea4,https://london-trader-6b45bffdcd02.herokuapp.com,wss://london-trader-6b45bffdcd02.herokuapp.com,,1,6,ghp,gamified,human_only,0.0,0,15,"[8.0, 4.0, 20.0, 8.0, 8.0, 20.0, 20.0, 4.0, 20.0, 4.0, 20.0, 0.0, 8.0, 8.0, 8.0, 8.0, 8.0, 4.0, 4.0, 20.0, 0.0, 0.0, 8.0, 4.0, 4.0, 4.0, 20.0, 8.0, 8.0, 0.0, 8.0, 4.0, 4.0]",11.0,11.0,17,qxgij9sh,,,,,0
4,90ay03zv,,0,308,307,post_exp,FinalForProlific,2026-05-21 00:20:13.140123,1,,,4543.0,4,,0.0,f9508a9f-40fc-4e43-82d6-2a10682c80ee,5112.960000000001,19.0,8.0,152.0,5264.960000000001,,3800.0,10.0,,,,,0.0,0,,,1,c790e030-d023-437b-b3f5-54393dc4bea4,https://london-trader-6b45bffdcd02.herokuapp.com,wss://london-trader-6b45bffdcd02.herokuapp.com,,1,6,ghp,gamified,human_only,0.0,0,15,"[8.0, 4.0, 20.0, 8.0, 8.0, 20.0, 20.0, 4.0, 20.0, 4.0, 20.0, 0.0, 8.0, 8.0, 8.0, 8.0, 8.0, 4.0, 4.0, 20.0, 0.0, 0.0, 8.0, 4.0, 4.0, 4.0, 20.0, 8.0, 8.0, 0.0, 8.0, 4.0, 4.0]",11.0,11.0,17,qxgij9sh,,,,,0
5,ukmvlwcs,,0,308,307,post_exp,FinalForProlific,2026-05-21 00:20:13.146394,1,,,5655.0,5,,0.0,fc375a6c-df52-4846-b92d-128b8b2369fb,6090.2199999999975,44.0,8.0,352.0,6442.2199999999975,,2600.0,20.0,,,,,0.0,0,,,1,c790e030-d023-437b-b3f5-54393dc4bea4,https://london-trader-6b45bffdcd02.herokuapp.com,wss://london-trader-6b45bffdcd02.herokuapp.com,,1,6,ghp,gamified,human_only,0.0,0,15,"[8.0, 4.0, 20.0, 8.0, 8.0, 20.0, 20.0, 4.0, 20.0, 4.0, 20.0, 0.0, 8.0, 8.0, 8.0, 8.0, 8.0, 4.0, 4.0, 20.0, 0.0, 0.0, 8.0, 4.0, 4.0, 4.0, 20.0, 8.0, 8.0, 0.0, 8.0, 4.0, 4.0]",11.0,11.0,17,qxgij9sh,,,,,0
6,ehyb34jx,,0,308,307,post_exp,FinalForProlific,2026-05-21 00:20:13.152849,1,,,4044.0,6,,0.0,29263d52-43a8-41f9-8fac-174bd27a3cac,4620.660000000002,14.0,8.0,112.0,4732.660000000002,,3800.0,10.0,,,,,0.0,0,,,1,c790e030-d023-437b-b3f5-54393dc4bea4,https://london-trader-6b45bffdcd02.herokuapp.com,wss://london-trader-6b45bffdcd02.herokuapp.com,,1,6,ghp,gamified,human_only,0.0,0,15,"[8.0, 4.0, 20.0, 8.0, 8.0, 20.0, 20.0, 4.0, 20.0, 4.0, 20.0, 0.0, 8.0, 8.0, 8.0, 8.0, 8.0, 4.0, 4.0, 20.0, 0.0, 0.0, 8.0, 4.0, 4.0, 4.0, 20.0, 8.0, 8.0, 0.0, 8.0, 4.0, 4.0]",11.0,11.0,17,qxgij9sh,,,,,0
7,6xvvhy1g,,0,308,307,post_exp,FinalForProlific,2026-05-21 00:20:13.159196,1,,,4941.0,1,,0.0,805afd8a-f298-447c-b524-fcfacc9b528f,3520.8699999999862,35.0,8.0,280.0,3800.8699999999862,,2600.0,20.0,,,,,0.0,0,,,2,1929c09c-602b-4617-8659-48b1a29c8097,https://london-trader-6b45bffdcd02.herokuapp.com,wss://london-trader-6b45bffdcd02.herokuapp.com,,1,6,ng,non_gamified,human_only,0.0,0,15,"[8.0, 4.0, 20.0, 8.0, 8.0, 20.0, 20.0, 4.0, 20.0, 4.0, 20.0, 0.0, 8.0, 8.0, 8.0, 8.0, 8.0, 4.0, 4.0, 20.0, 0.0, 0.0, 8.0, 4.0, 4.0, 4.0, 20.0, 8.0, 8.0, 0.0, 8.0, 4.0, 4.0]",130.01,130.01,17,qxgij9sh,,,,,0
8,o6ptk42l,,0,308,307,post_exp,FinalForProlific,2026-05-21 00:20:13.166131,1,,,5638.0,2,,0.0,fc1e2a3f-5601-4c5f-9adf-19d17e6e5667,5833.38,1.0,8.0,8.0,5841.38,,3800.0,10.0,,,,,0.0,0,,,2,1929c09c-602b-4617-8659-48b1a29c8097,https://london-trader-6b45bffdcd02.herokuapp.com,wss://london-trader-6b45bffdcd02.herokuapp.com,,1,6,ng,non_gamified,human_only,0.0,0,15,"[8.0, 4.0, 20.0, 8.0, 8.0, 20.0, 20.0, 4.0, 20.0, 4.0, 20.0, 0.0, 8.0, 8.0, 8.0, 8.0, 8.0, 4.0, 4.0, 20.0, 0.0, 0.0, 8.0, 4.0, 4.0, 4.0, 20.0, 8.0, 8.0, 0.0, 8.0, 4.0, 4.0]",130.01,130.01,17,qxgij9sh,,,,,0
9,vitm387c,,0,308,307,post_exp,FinalForProlific,2026-05-21 00:20:13.172514,1,,,4427.0,3,,0.0,79bc089c-0e42-4ffb-a089-d39727a7ad5e,4436.899999999998,35.0,8.0,280.0,4716.899999999998,,2600.0,20.0,,,,,0.0,0,,,2,1929c09c-602b-4617-8659-48b1a29c8097,https://london-trader-6b45bffdcd02.herokuapp.com,wss://london-trader-6b45bffdcd02.herokuapp.com,,1,6,ng,non_gamified,human_only,0.0,0,15,"[8.0, 4.0, 20.0, 8.0, 8.0, 20.0, 20.0, 4.0, 20.0, 4.0, 20.0, 0.0, 8.0, 8.0, 8.0, 8.0, 8.0, 4.0, 4.0, 20.0, 0.0, 0.0, 8.0, 4.0, 4.0, 4.0, 20.0, 8.0, 8.0, 0.0, 8.0, 4.0, 4.0]",130.01,130.01,17,qxgij9sh,,,,,0
10,nngm5qgp,,0,308,307,post_exp,FinalForProlific,2026-05-21 00:20:13.181710,1,,,521.0,4,,0.0,cd733786-3f26-45f5-9434-5391feb2db91,5764.810000000009,18.0,8.0,144.0,5908.810000000009,,3800.0,10.0,,,,,0.0,0,,,2,1929c09c-602b-4617-8659-48b1a29c8097,https://london-trader-6b45bffdcd02.herokuapp.com,wss://london-trader-6b45bffdcd02.herokuapp.com,,1,6,ng,non_gamified,human_only,0.0,0,15,"[8.0, 4.0, 20.0, 8.0, 8.0, 20.0, 20.0, 4.0, 20.0, 4.0, 20.0, 0.0, 8.0, 8.0, 8.0, 8.0, 8.0, 4.0, 4.0, 20.0, 0.0, 0.0, 8.0, 4.0, 4.0, 4.0, 20.0, 8.0, 8.0, 0.0, 8.0, 4.0, 4.0]",130.01,130.01,17,qxgij9sh,,,,,0
11,9x5fpgk2,,0,308,307,post_exp,FinalForProlific,2026-05-21 00:20:13.188564,1,,,6999.0,5,,0.0,e3a0615f-a8a1-4546-bc68-9c947e9bf488,7457.539999999998,38.0,8.0,304.0,7761.539999999998,,2600.0,20.0,,,,,0.0,0,,,2,1929c09c-602b-4617-8659-48b1a29c8097,https://london-trader-6b45bffdcd02.herokuapp.com,wss://london-trader-6b45bffdcd02.herokuapp.com,,1,6,ng,non_gamified,human_only,0.0,0,15,"[8.0, 4.0, 20.0, 8.0, 8.0, 20.0, 20.0, 4.0, 20.0, 4.0, 20.0, 0.0, 8.0, 8.0, 8.0, 8.0, 8.0, 4.0, 4.0, 20.0, 0.0, 0.0, 8.0, 4.0, 4.0, 4.0, 20.0, 8.0, 8.0, 0.0, 8.0, 4.0, 4.0]",130.01,130.01,17,qxgij9sh,,,,,0
12,7d70uqk8,,0,308,307,post_exp,FinalForProlific,2026-05-21 00:20:13.195431,1,,,9064.0,6,,0.0,eae02f14-4e82-48f4-9971-bdb53d8c832b,7394.499999999996,8.0,8.0,64.0,7458.499999999996,,3800.0,10.0,,,,,0.0,0,,,2,1929c09c-602b-4617-8659-48b1a29c8097,https://london-trader-6b45bffdcd02.herokuapp.com,wss://london-trader-6b45bffdcd02.herokuapp.com,,1,6,ng,non_gamified,human_only,0.0,0,15,"[8.0, 4.0, 20.0, 8.0, 8.0, 20.0, 20.0, 4.0, 20.0, 4.0, 20.0, 0.0, 8.0, 8.0, 8.0, 8.0, 8.0, 4.0, 4.0, 20.0, 0.0, 0.0, 8.0, 4.0, 4.0, 4.0, 20.0, 8.0, 8.0, 0.0, 8.0, 4.0, 4.0]",130.01,130.01,17,qxgij9sh,,,,,0
13,dadcupjc,,0,308,307,post_exp,FinalForProlific,2026-05-21 00:20:13.202022,1,,,5593.0,1,,0.0,bc406764-852c-4301-aac5-ffda79e1d352,5297.060000000001,13.0,8.0,104.0,5401.060000000001,,2600.0,20.0,,,,,0.0,0,,,3,562efb1b-a346-43e9-8059-5c07029ce57e,https://london-trader-6b45bffdcd02.herokuapp.com,wss://london-trader-6b45bffdcd02.herokuapp.com,,1,6,ghp,gamified,human_only,0.0,0,15,"[8.0, 4.0, 20.0, 8.0, 8.0, 20.0, 20.0, 4.0, 20.0, 4.0, 20.0, 0.0, 8.0, 8.0, 8.0, 8.0, 8.0, 4.0, 4.0, 20.0, 0.0, 0.0, 8.0, 4.0, 4.0, 4.0, 20.0, 8.0, 8.0, 0.0, 8.0, 4.0, 4.0]",64.22,64.22,17,qxgij9sh,,,,,0
14,stzawa55,,0,308,307,post_exp,FinalForProlific,2026-05-21 00:20:13.207535,1,,,6667.0,2,,0.0,90a3d963-fbea-46b9-8de6-7bf9d6b601c5,6624.910000000002,11.0,8.0,88.0,6712.910000000002,,3800.0,10.0,,,,,0.0,0,,,3,562efb1b-a346-43e9-8059-5c07029ce57e,https://london-trader-6b45bffdcd02.herokuapp.com,wss://london-trader-6b45bffdcd02.herokuapp.com,,1,6,ghp,gamified,human_only,0.0,0,15,"[8.0, 4.0, 20.0, 8.0, 8.0, 20.0, 20.0, 4.0, 20.0, 4.0, 20.0, 0.0, 8.0, 8.0, 8.0, 8.0, 8.0, 4.0, 4.0, 20.0, 0.0, 0.0, 8.0, 4.0, 4.0, 4.0, 20.0, 8.0, 8.0, 0.0, 8.0, 4.0, 4.0]",64.22,64.22,17,qxgij9sh,,,,,0
15,ja9vp1ab,,0,308,307,post_exp,FinalForProlific,2026-05-21 00:20:13.214591,1,,,7291.0,3,,0.0,0eef23b9-e989-4879-a424-0549e92340f7,6516.419999999997,8.0,8.0,64.0,6580.419999999997,,2600.0,20.0,,,,,0.0,0,,,3,562efb1b-a346-43e9-8059-5c07029ce57e,https://london-trader-6b45bffdcd02.herokuapp.com,wss://london-trader-6b45bffdcd02.herokuapp.com,,1,6,ghp,gamified,human_only,0.0,0,15,"[8.0, 4.0, 20.0, 8.0, 8.0, 20.0, 20.0, 4.0, 20.0, 4.0, 20.0, 0.0, 8.0, 8.0, 8.0, 8.0, 8.0, 4.0, 4.0, 20.0, 0.0, 0.0, 8.0, 4.0, 4.0, 4.0, 20.0, 8.0, 8.0, 0.0, 8.0, 4.0, 4.0]",64.22,64.22,17,qxgij9sh,,,,,0
16,tzbpp88u,,0,308,307,post_exp,FinalForProlific,2026-05-21 00:20:13.221123,1,,,5765.0,4,,0.0,51571e52-e5e1-4e31-b9d8-616043a0be9a,5208.45,24.0,8.0,192.0,5400.45,,3800.0,10.0,,,,,0.0,0,,,3,562efb1b-a346-43e9-8059-5c07029ce57e,https://london-trader-6b45bffdcd02.herokuapp.com,wss://london-trader-6b45bffdcd02.herokuapp.com,,1,6,ghp,gamified,human_only,0.0,0,15,"[8.0, 4.0, 20.0, 8.0, 8.0, 20.0, 20.0, 4.0, 20.0, 4.0, 20.0, 0.0, 8.0, 8.0, 8.0, 8.0, 8.0, 4.0, 4.0, 20.0, 0.0, 0.0, 8.0, 4.0, 4.0, 4.0, 20.0, 8.0, 8.0, 0.0, 8.0, 4.0, 4.0]",64.22,64.22,17,qxgij9sh,,,,,0
17,gr27p5tr,,0,308,307,post_exp,FinalForProlific,2026-05-21 00:20:13.227342,1,,,5642.0,5,,0.0,6c1cc253-2d3c-4c02-96fe-14e14b6bdce5,5343.2800000000025,20.0,8.0,160.0,5503.2800000000025,,2600.0,20.0,,,,,0.0,0,,,3,562efb1b-a346-43e9-8059-5c07029ce57e,https://london-trader-6b45bffdcd02.herokuapp.com,wss://london-trader-6b45bffdcd02.herokuapp.com,,1,6,ghp,gamified,human_only,0.0,0,15,"[8.0, 4.0, 20.0, 8.0, 8.0, 20.0, 20.0, 4.0, 20.0, 4.0, 20.0, 0.0, 8.0, 8.0, 8.0, 8.0, 8.0, 4.0, 4.0, 20.0, 0.0, 0.0, 8.0, 4.0, 4.0, 4.0, 20.0, 8.0, 8.0, 0.0, 8.0, 4.0, 4.0]",64.22,64.22,17,qxgij9sh,,,,,0
18,e60078af,,0,308,307,post_exp,FinalForProlific,2026-05-21 00:20:13.233350,1,,,4972.0,6,,0.0,da37c669-bb41-4646-a780-46fa1fade433,4529.879999999999,36.0,8.0,288.0,4817.879999999999,,3800.0,10.0,,,,,0.0,0,,,3,562efb1b-a346-43e9-8059-5c07029ce57e,https://london-trader-6b45bffdcd02.herokuapp.com,wss://london-trader-6b45bffdcd02.herokuapp.com,,1,6,ghp,gamified,human_only,0.0,0,15,"[8.0, 4.0, 20.0, 8.0, 8.0, 20.0, 20.0, 4.0, 20.0, 4.0, 20.0, 0.0, 8.0, 8.0, 8.0, 8.0, 8.0, 4.0, 4.0, 20.0, 0.0, 0.0, 8.0, 4.0, 4.0, 4.0, 20.0, 8.0, 8.0, 0.0, 8.0, 4.0, 4.0]",64.22,64.22,17,qxgij9sh,,,,,0
19,9mtusmd8,,0,308,307,post_exp,FinalForProlific,2026-05-21 00:20:13.239722,1,,,5453.0,1,,0.0,276f00ae-8bbf-4cb6-ba2f-f601558a0f62,6713.0,10.0,8.0,80.0,6793.0,,2600.0,20.0,,,,,0.0,0,,,4,587a57e3-5de4-4574-996d-f2bfa0659c2c,https://london-trader-6b45bffdcd02.herokuapp.com,wss://london-trader-6b45bffdcd02.herokuapp.com,,1,1,ng,non_gamified,human_only,0.0,1,15,"[8.0, 4.0, 20.0, 8.0, 8.0, 20.0, 20.0, 4.0, 20.0, 4.0, 20.0, 0.0, 8.0, 8.0, 8.0, 8.0, 8.0, 4.0, 4.0, 20.0, 0.0, 0.0, 8.0, 4.0, 4.0, 4.0, 20.0, 8.0, 8.0, 0.0, 8.0, 4.0, 4.0]",126.0,126.0,17,qxgij9sh,,,,,0
1,g9jo03o9,,0,308,307,post_exp,FinalForProlific,2026-05-21 00:20:12.875424,1,,,5611.0,1,,0.0,30fc2b4e-6bfb-433a-804d-56f7e84d7ba3,5453.09,17.0,4.0,68.0,5521.09,,2600.0,20.0,,,,,0.0,0,,,1,c790e030-d023-437b-b3f5-54393dc4bea4,https://london-trader-6b45bffdcd02.herokuapp.com,wss://london-trader-6b45bffdcd02.herokuapp.com,,1,6,ghp,gamified,human_only,0.0,0,15,"[8.0, 4.0, 20.0, 8.0, 8.0, 20.0, 20.0, 4.0, 20.0, 4.0, 20.0, 0.0, 8.0, 8.0, 8.0, 8.0, 8.0, 4.0, 4.0, 20.0, 0.0, 0.0, 8.0, 4.0, 4.0, 4.0, 20.0, 8.0, 8.0, 0.0, 8.0, 4.0, 4.0]",7.0,7.0,18,qxgij9sh,,,,,0
2,h0ebvwds,,0,308,307,post_exp,FinalForProlific,2026-05-21 00:20:13.125533,1,,,5268.0,2,,0.0,7282a71b-4af9-4161-9243-59a7200491a8,5449.29,2.0,4.0,8.0,5457.29,,3800.0,10.0,,,,,0.0,0,,,1,c790e030-d023-437b-b3f5-54393dc4bea4,https://london-trader-6b45bffdcd02.herokuapp.com,wss://london-trader-6b45bffdcd02.herokuapp.com,,1,6,ghp,gamified,human_only,0.0,0,15,"[8.0, 4.0, 20.0, 8.0, 8.0, 20.0, 20.0, 4.0, 20.0, 4.0, 20.0, 0.0, 8.0, 8.0, 8.0, 8.0, 8.0, 4.0, 4.0, 20.0, 0.0, 0.0, 8.0, 4.0, 4.0, 4.0, 20.0, 8.0, 8.0, 0.0, 8.0, 4.0, 4.0]",7.0,7.0,18,qxgij9sh,,,,,0
3,u2aoz11d,,0,308,307,post_exp,FinalForProlific,2026-05-21 00:20:13.130849,1,,,4992.0,3,,0.0,9d5dfc26-db4a-4f04-a070-57ca9e03a8a8,5552.780000000001,0.0,4.0,0.0,5552.780000000001,,2600.0,20.0,,,,,0.0,0,,,1,c790e030-d023-437b-b3f5-54393dc4bea4,https://london-trader-6b45bffdcd02.herokuapp.com,wss://london-trader-6b45bffdcd02.herokuapp.com,,1,6,ghp,gamified,human_only,0.0,0,15,"[8.0, 4.0, 20.0, 8.0, 8.0, 20.0, 20.0, 4.0, 20.0, 4.0, 20.0, 0.0, 8.0, 8.0, 8.0, 8.0, 8.0, 4.0, 4.0, 20.0, 0.0, 0.0, 8.0, 4.0, 4.0, 4.0, 20.0, 8.0, 8.0, 0.0, 8.0, 4.0, 4.0]",7.0,7.0,18,qxgij9sh,,,,,0
4,90ay03zv,,0,308,307,post_exp,FinalForProlific,2026-05-21 00:20:13.140123,1,,,4543.0,4,,0.0,f9508a9f-40fc-4e43-82d6-2a10682c80ee,5264.960000000001,19.0,4.0,76.0,5340.960000000001,,3800.0,10.0,,,,,0.0,0,,,1,c790e030-d023-437b-b3f5-54393dc4bea4,https://london-trader-6b45bffdcd02.herokuapp.com,wss://london-trader-6b45bffdcd02.herokuapp.com,,1,6,ghp,gamified,human_only,0.0,0,15,"[8.0, 4.0, 20.0, 8.0, 8.0, 20.0, 20.0, 4.0, 20.0, 4.0, 20.0, 0.0, 8.0, 8.0, 8.0, 8.0, 8.0, 4.0, 4.0, 20.0, 0.0, 0.0, 8.0, 4.0, 4.0, 4.0, 20.0, 8.0, 8.0, 0.0, 8.0, 4.0, 4.0]",7.0,7.0,18,qxgij9sh,,,,,0
5,ukmvlwcs,,0,308,307,post_exp,FinalForProlific,2026-05-21 00:20:13.146394,1,,,5655.0,5,,0.0,fc375a6c-df52-4846-b92d-128b8b2369fb,6415.199999999997,46.0,4.0,184.0,6599.199999999997,,2600.0,20.0,,,,,0.0,0,,,1,c790e030-d023-437b-b3f5-54393dc4bea4,https://london-trader-6b45bffdcd02.herokuapp.com,wss://london-trader-6b45bffdcd02.herokuapp.com,,1,6,ghp,gamified,human_only,0.0,0,15,"[8.0, 4.0, 20.0, 8.0, 8.0, 20.0, 20.0, 4.0, 20.0, 4.0, 20.0, 0.0, 8.0, 8.0, 8.0, 8.0, 8.0, 4.0, 4.0, 20.0, 0.0, 0.0, 8.0, 4.0, 4.0, 4.0, 20.0, 8.0, 8.0, 0.0, 8.0, 4.0, 4.0]",7.0,7.0,18,qxgij9sh,,,,,0
6,ehyb34jx,,0,308,307,post_exp,FinalForProlific,2026-05-21 00:20:13.152849,1,,,4044.0,6,,0.0,29263d52-43a8-41f9-8fac-174bd27a3cac,4752.680000000002,7.0,4.0,28.0,4780.680000000002,,3800.0,10.0,,,,,0.0,0,,,1,c790e030-d023-437b-b3f5-54393dc4bea4,https://london-trader-6b45bffdcd02.herokuapp.com,wss://london-trader-6b45bffdcd02.herokuapp.com,,1,6,ghp,gamified,human_only,0.0,0,15,"[8.0, 4.0, 20.0, 8.0, 8.0, 20.0, 20.0, 4.0, 20.0, 4.0, 20.0, 0.0, 8.0, 8.0, 8.0, 8.0, 8.0, 4.0, 4.0, 20.0, 0.0, 0.0, 8.0, 4.0, 4.0, 4.0, 20.0, 8.0, 8.0, 0.0, 8.0, 4.0, 4.0]",7.0,7.0,18,qxgij9sh,,,,,0
7,6xvvhy1g,,0,308,307,post_exp,FinalForProlific,2026-05-21 00:20:13.159196,1,,,4941.0,1,,0.0,805afd8a-f298-447c-b524-fcfacc9b528f,4450.919999999987,60.0,4.0,240.0,4690.919999999987,,2600.0,20.0,,,,,0.0,0,,,2,1929c09c-602b-4617-8659-48b1a29c8097,https://london-trader-6b45bffdcd02.herokuapp.com,wss://london-trader-6b45bffdcd02.herokuapp.com,,1,6,ng,non_gamified,human_only,0.0,0,15,"[8.0, 4.0, 20.0, 8.0, 8.0, 20.0, 20.0, 4.0, 20.0, 4.0, 20.0, 0.0, 8.0, 8.0, 8.0, 8.0, 8.0, 4.0, 4.0, 20.0, 0.0, 0.0, 8.0, 4.0, 4.0, 4.0, 20.0, 8.0, 8.0, 0.0, 8.0, 4.0, 4.0]",130.0,130.0,18,qxgij9sh,,,,,0
8,o6ptk42l,,0,308,307,post_exp,FinalForProlific,2026-05-21 00:20:13.166131,1,,,5638.0,2,,0.0,fc1e2a3f-5601-4c5f-9adf-19d17e6e5667,5971.38,0.0,4.0,0.0,5971.38,,3800.0,10.0,,,,,0.0,0,,,2,1929c09c-602b-4617-8659-48b1a29c8097,https://london-trader-6b45bffdcd02.herokuapp.com,wss://london-trader-6b45bffdcd02.herokuapp.com,,1,6,ng,non_gamified,human_only,0.0,0,15,"[8.0, 4.0, 20.0, 8.0, 8.0, 20.0, 20.0, 4.0, 20.0, 4.0, 20.0, 0.0, 8.0, 8.0, 8.0, 8.0, 8.0, 4.0, 4.0, 20.0, 0.0, 0.0, 8.0, 4.0, 4.0, 4.0, 20.0, 8.0, 8.0, 0.0, 8.0, 4.0, 4.0]",130.0,130.0,18,qxgij9sh,,,,,0
9,vitm387c,,0,308,307,post_exp,FinalForProlific,2026-05-21 00:20:13.172514,1,,,4427.0,3,,0.0,79bc089c-0e42-4ffb-a089-d39727a7ad5e,4066.859999999997,40.0,4.0,160.0,4226.859999999997,,2600.0,20.0,,,,,0.0,0,,,2,1929c09c-602b-4617-8659-48b1a29c8097,https://london-trader-6b45bffdcd02.herokuapp.com,wss://london-trader-6b45bffdcd02.herokuapp.com,,1,6,ng,non_gamified,human_only,0.0,0,15,"[8.0, 4.0, 20.0, 8.0, 8.0, 20.0, 20.0, 4.0, 20.0, 4.0, 20.0, 0.0, 8.0, 8.0, 8.0, 8.0, 8.0, 4.0, 4.0, 20.0, 0.0, 0.0, 8.0, 4.0, 4.0, 4.0, 20.0, 8.0, 8.0, 0.0, 8.0, 4.0, 4.0]",130.0,130.0,18,qxgij9sh,,,,,0
10,nngm5qgp,,0,308,307,post_exp,FinalForProlific,2026-05-21 00:20:13.181710,1,,,521.0,4,,0.0,cd733786-3f26-45f5-9434-5391feb2db91,5908.810000000009,9.0,4.0,36.0,5944.810000000009,,3800.0,10.0,,,,,0.0,0,,,2,1929c09c-602b-4617-8659-48b1a29c8097,https://london-trader-6b45bffdcd02.herokuapp.com,wss://london-trader-6b45bffdcd02.herokuapp.com,,1,6,ng,non_gamified,human_only,0.0,0,15,"[8.0, 4.0, 20.0, 8.0, 8.0, 20.0, 20.0, 4.0, 20.0, 4.0, 20.0, 0.0, 8.0, 8.0, 8.0, 8.0, 8.0, 4.0, 4.0, 20.0, 0.0, 0.0, 8.0, 4.0, 4.0, 4.0, 20.0, 8.0, 8.0, 0.0, 8.0, 4.0, 4.0]",130.0,130.0,18,qxgij9sh,,,,,0
11,9x5fpgk2,,0,308,307,post_exp,FinalForProlific,2026-05-21 00:20:13.188564,1,,,6999.0,5,,0.0,e3a0615f-a8a1-4546-bc68-9c947e9bf488,6721.399999999996,32.0,4.0,128.0,6849.399999999996,,2600.0,20.0,,,,,0.0,0,,,2,1929c09c-602b-4617-8659-48b1a29c8097,https://london-trader-6b45bffdcd02.herokuapp.com,wss://london-trader-6b45bffdcd02.herokuapp.com,,1,6,ng,non_gamified,human_only,0.0,0,15,"[8.0, 4.0, 20.0, 8.0, 8.0, 20.0, 20.0, 4.0, 20.0, 4.0, 20.0, 0.0, 8.0, 8.0, 8.0, 8.0, 8.0, 4.0, 4.0, 20.0, 0.0, 0.0, 8.0, 4.0, 4.0, 4.0, 20.0, 8.0, 8.0, 0.0, 8.0, 4.0, 4.0]",130.0,130.0,18,qxgij9sh,,,,,0
12,7d70uqk8,,0,308,307,post_exp,FinalForProlific,2026-05-21 00:20:13.195431,1,,,9064.0,6,,0.0,eae02f14-4e82-48f4-9971-bdb53d8c832b,8368.63,2.0,4.0,8.0,8376.63,,3800.0,10.0,,,,,0.0,0,,,2,1929c09c-602b-4617-8659-48b1a29c8097,https://london-trader-6b45bffdcd02.herokuapp.com,wss://london-trader-6b45bffdcd02.herokuapp.com,,1,6,ng,non_gamified,human_only,0.0,0,15,"[8.0, 4.0, 20.0, 8.0, 8.0, 20.0, 20.0, 4.0, 20.0, 4.0, 20.0, 0.0, 8.0, 8.0, 8.0, 8.0, 8.0, 4.0, 4.0, 20.0, 0.0, 0.0, 8.0, 4.0, 4.0, 4.0, 20.0, 8.0, 8.0, 0.0, 8.0, 4.0, 4.0]",130.0,130.0,18,qxgij9sh,,,,,0
13,dadcupjc,,0,308,307,post_exp,FinalForProlific,2026-05-21 00:20:13.202022,1,,,5593.0,1,,0.0,bc406764-852c-4301-aac5-ffda79e1d352,5401.100000000001,13.0,4.0,52.0,5453.100000000001,,2600.0,20.0,,,,,0.0,0,,,3,562efb1b-a346-43e9-8059-5c07029ce57e,https://london-trader-6b45bffdcd02.herokuapp.com,wss://london-trader-6b45bffdcd02.herokuapp.com,,1,6,ghp,gamified,human_only,0.0,0,15,"[8.0, 4.0, 20.0, 8.0, 8.0, 20.0, 20.0, 4.0, 20.0, 4.0, 20.0, 0.0, 8.0, 8.0, 8.0, 8.0, 8.0, 4.0, 4.0, 20.0, 0.0, 0.0, 8.0, 4.0, 4.0, 4.0, 20.0, 8.0, 8.0, 0.0, 8.0, 4.0, 4.0]",62.59,62.59,18,qxgij9sh,,,,,0
14,stzawa55,,0,308,307,post_exp,FinalForProlific,2026-05-21 00:20:13.207535,1,,,6667.0,2,,0.0,90a3d963-fbea-46b9-8de6-7bf9d6b601c5,6396.800000000002,20.0,4.0,80.0,6476.800000000002,,3800.0,10.0,,,,,0.0,0,,,3,562efb1b-a346-43e9-8059-5c07029ce57e,https://london-trader-6b45bffdcd02.herokuapp.com,wss://london-trader-6b45bffdcd02.herokuapp.com,,1,6,ghp,gamified,human_only,0.0,0,15,"[8.0, 4.0, 20.0, 8.0, 8.0, 20.0, 20.0, 4.0, 20.0, 4.0, 20.0, 0.0, 8.0, 8.0, 8.0, 8.0, 8.0, 4.0, 4.0, 20.0, 0.0, 0.0, 8.0, 4.0, 4.0, 4.0, 20.0, 8.0, 8.0, 0.0, 8.0, 4.0, 4.0]",62.59,62.59,18,qxgij9sh,,,,,0
15,ja9vp1ab,,0,308,307,post_exp,FinalForProlific,2026-05-21 00:20:13.214591,1,,,7291.0,3,,0.0,0eef23b9-e989-4879-a424-0549e92340f7,7091.309999999997,0.0,4.0,0.0,7091.309999999997,,2600.0,20.0,,,,,0.0,0,,,3,562efb1b-a346-43e9-8059-5c07029ce57e,https://london-trader-6b45bffdcd02.herokuapp.com,wss://london-trader-6b45bffdcd02.herokuapp.com,,1,6,ghp,gamified,human_only,0.0,0,15,"[8.0, 4.0, 20.0, 8.0, 8.0, 20.0, 20.0, 4.0, 20.0, 4.0, 20.0, 0.0, 8.0, 8.0, 8.0, 8.0, 8.0, 4.0, 4.0, 20.0, 0.0, 0.0, 8.0, 4.0, 4.0, 4.0, 20.0, 8.0, 8.0, 0.0, 8.0, 4.0, 4.0]",62.59,62.59,18,qxgij9sh,,,,,0
16,tzbpp88u,,0,308,307,post_exp,FinalForProlific,2026-05-21 00:20:13.221123,1,,,5765.0,4,,0.0,51571e52-e5e1-4e31-b9d8-616043a0be9a,5456.97,22.0,4.0,88.0,5544.97,,3800.0,10.0,,,,,0.0,0,,,3,562efb1b-a346-43e9-8059-5c07029ce57e,https://london-trader-6b45bffdcd02.herokuapp.com,wss://london-trader-6b45bffdcd02.herokuapp.com,,1,6,ghp,gamified,human_only,0.0,0,15,"[8.0, 4.0, 20.0, 8.0, 8.0, 20.0, 20.0, 4.0, 20.0, 4.0, 20.0, 0.0, 8.0, 8.0, 8.0, 8.0, 8.0, 4.0, 4.0, 20.0, 0.0, 0.0, 8.0, 4.0, 4.0, 4.0, 20.0, 8.0, 8.0, 0.0, 8.0, 4.0, 4.0]",62.59,62.59,18,qxgij9sh,,,,,0
17,gr27p5tr,,0,308,307,post_exp,FinalForProlific,2026-05-21 00:20:13.227342,1,,,5642.0,5,,0.0,6c1cc253-2d3c-4c02-96fe-14e14b6bdce5,5443.930000000002,22.0,4.0,88.0,5531.930000000002,,2600.0,20.0,,,,,0.0,0,,,3,562efb1b-a346-43e9-8059-5c07029ce57e,https://london-trader-6b45bffdcd02.herokuapp.com,wss://london-trader-6b45bffdcd02.herokuapp.com,,1,6,ghp,gamified,human_only,0.0,0,15,"[8.0, 4.0, 20.0, 8.0, 8.0, 20.0, 20.0, 4.0, 20.0, 4.0, 20.0, 0.0, 8.0, 8.0, 8.0, 8.0, 8.0, 4.0, 4.0, 20.0, 0.0, 0.0, 8.0, 4.0, 4.0, 4.0, 20.0, 8.0, 8.0, 0.0, 8.0, 4.0, 4.0]",62.59,62.59,18,qxgij9sh,,,,,0
18,e60078af,,0,308,307,post_exp,FinalForProlific,2026-05-21 00:20:13.233350,1,,,4972.0,6,,0.0,da37c669-bb41-4646-a780-46fa1fade433,4625.889999999999,39.0,4.0,156.0,4781.889999999999,,3800.0,10.0,,,,,0.0,0,,,3,562efb1b-a346-43e9-8059-5c07029ce57e,https://london-trader-6b45bffdcd02.herokuapp.com,wss://london-trader-6b45bffdcd02.herokuapp.com,,1,6,ghp,gamified,human_only,0.0,0,15,"[8.0, 4.0, 20.0, 8.0, 8.0, 20.0, 20.0, 4.0, 20.0, 4.0, 20.0, 0.0, 8.0, 8.0, 8.0, 8.0, 8.0, 4.0, 4.0, 20.0, 0.0, 0.0, 8.0, 4.0, 4.0, 4.0, 20.0, 8.0, 8.0, 0.0, 8.0, 4.0, 4.0]",62.59,62.59,18,qxgij9sh,,,,,0
19,9mtusmd8,,0,308,307,post_exp,FinalForProlific,2026-05-21 00:20:13.239722,1,,,5453.0,1,,0.0,276f00ae-8bbf-4cb6-ba2f-f601558a0f62,6793.0,11.0,4.0,44.0,6837.0,,2600.0,20.0,,,,,0.0,0,,,4,587a57e3-5de4-4574-996d-f2bfa0659c2c,https://london-trader-6b45bffdcd02.herokuapp.com,wss://london-trader-6b45bffdcd02.herokuapp.com,,1,1,ng,non_gamified,human_only,0.0,1,15,"[8.0, 4.0, 20.0, 8.0, 8.0, 20.0, 20.0, 4.0, 20.0, 4.0, 20.0, 0.0, 8.0, 8.0, 8.0, 8.0, 8.0, 4.0, 4.0, 20.0, 0.0, 0.0, 8.0, 4.0, 4.0, 4.0, 20.0, 8.0, 8.0, 0.0, 8.0, 4.0, 4.0]",126.0,126.0,18,qxgij9sh,,,,,0
1,g9jo03o9,,0,308,307,post_exp,FinalForProlific,2026-05-21 00:20:12.875424,1,,,5611.0,1,,0.0,66251611-12a2-4944-8723-b591a69a9824,2600.0,20.0,4.0,80.0,2680.0,,2600.0,20.0,,,,,0.0,0,,,1,7639dc96-fd01-4576-8cdc-79c9d30dcd81,https://london-trader-6b45bffdcd02.herokuapp.com,wss://london-trader-6b45bffdcd02.herokuapp.com,,1,6,ghp,gamified,human_only,0.0,0,15,"[8.0, 4.0, 20.0, 8.0, 8.0, 20.0, 20.0, 4.0, 20.0, 4.0, 20.0, 0.0, 8.0, 8.0, 8.0, 8.0, 8.0, 4.0, 4.0, 20.0, 0.0, 0.0, 8.0, 4.0, 4.0, 4.0, 20.0, 8.0, 8.0, 0.0, 8.0, 4.0, 4.0]",105.0,105.0,19,qxgij9sh,,,,,0
2,h0ebvwds,,0,308,307,post_exp,FinalForProlific,2026-05-21 00:20:13.125533,1,,,5268.0,2,,0.0,0d138ea8-8160-4263-bab0-ef399294f8a7,3800.0,11.0,4.0,44.0,3844.0,,3800.0,10.0,,,,,0.0,0,,,1,7639dc96-fd01-4576-8cdc-79c9d30dcd81,https://london-trader-6b45bffdcd02.herokuapp.com,wss://london-trader-6b45bffdcd02.herokuapp.com,,1,6,ghp,gamified,human_only,0.0,0,15,"[8.0, 4.0, 20.0, 8.0, 8.0, 20.0, 20.0, 4.0, 20.0, 4.0, 20.0, 0.0, 8.0, 8.0, 8.0, 8.0, 8.0, 4.0, 4.0, 20.0, 0.0, 0.0, 8.0, 4.0, 4.0, 4.0, 20.0, 8.0, 8.0, 0.0, 8.0, 4.0, 4.0]",105.0,105.0,19,qxgij9sh,,,,,0
3,u2aoz11d,,0,308,307,post_exp,FinalForProlific,2026-05-21 00:20:13.130849,1,,,4992.0,3,,0.0,145e83a3-2fb7-443a-93d3-6f7e84aec434,2495.0,22.0,4.0,88.0,2583.0,,2600.0,20.0,,,,,0.0,0,,,1,7639dc96-fd01-4576-8cdc-79c9d30dcd81,https://london-trader-6b45bffdcd02.herokuapp.com,wss://london-trader-6b45bffdcd02.herokuapp.com,,1,6,ghp,gamified,human_only,0.0,0,15,"[8.0, 4.0, 20.0, 8.0, 8.0, 20.0, 20.0, 4.0, 20.0, 4.0, 20.0, 0.0, 8.0, 8.0, 8.0, 8.0, 8.0, 4.0, 4.0, 20.0, 0.0, 0.0, 8.0, 4.0, 4.0, 4.0, 20.0, 8.0, 8.0, 0.0, 8.0, 4.0, 4.0]",105.0,105.0,19,qxgij9sh,,,,,0
4,90ay03zv,,0,308,307,post_exp,FinalForProlific,2026-05-21 00:20:13.140123,1,,,4543.0,4,,0.0,9cf3eabc-27f7-4754-a78b-8b9b1aca36d4,3800.0,10.0,4.0,40.0,3840.0,,3800.0,10.0,,,,,0.0,0,,,1,7639dc96-fd01-4576-8cdc-79c9d30dcd81,https://london-trader-6b45bffdcd02.herokuapp.com,wss://london-trader-6b45bffdcd02.herokuapp.com,,1,6,ghp,gamified,human_only,0.0,0,15,"[8.0, 4.0, 20.0, 8.0, 8.0, 20.0, 20.0, 4.0, 20.0, 4.0, 20.0, 0.0, 8.0, 8.0, 8.0, 8.0, 8.0, 4.0, 4.0, 20.0, 0.0, 0.0, 8.0, 4.0, 4.0, 4.0, 20.0, 8.0, 8.0, 0.0, 8.0, 4.0, 4.0]",105.0,105.0,19,qxgij9sh,,,,,0
5,ukmvlwcs,,0,308,307,post_exp,FinalForProlific,2026-05-21 00:20:13.146394,1,,,5655.0,5,,0.0,4ffcf78f-4023-4892-9eef-146a5c209835,2600.0,28.0,4.0,112.0,2712.0,,2600.0,20.0,,,,,0.0,0,,,1,7639dc96-fd01-4576-8cdc-79c9d30dcd81,https://london-trader-6b45bffdcd02.herokuapp.com,wss://london-trader-6b45bffdcd02.herokuapp.com,,1,6,ghp,gamified,human_only,0.0,0,15,"[8.0, 4.0, 20.0, 8.0, 8.0, 20.0, 20.0, 4.0, 20.0, 4.0, 20.0, 0.0, 8.0, 8.0, 8.0, 8.0, 8.0, 4.0, 4.0, 20.0, 0.0, 0.0, 8.0, 4.0, 4.0, 4.0, 20.0, 8.0, 8.0, 0.0, 8.0, 4.0, 4.0]",105.0,105.0,19,qxgij9sh,,,,,0
6,ehyb34jx,,0,308,307,post_exp,FinalForProlific,2026-05-21 00:20:13.152849,1,,,4044.0,6,,0.0,88efbdd9-40ef-4c34-921a-f39cc16113ce,3905.0,9.0,4.0,36.0,3941.0,,3800.0,10.0,,,,,0.0,0,,,1,7639dc96-fd01-4576-8cdc-79c9d30dcd81,https://london-trader-6b45bffdcd02.herokuapp.com,wss://london-trader-6b45bffdcd02.herokuapp.com,,1,6,ghp,gamified,human_only,0.0,0,15,"[8.0, 4.0, 20.0, 8.0, 8.0, 20.0, 20.0, 4.0, 20.0, 4.0, 20.0, 0.0, 8.0, 8.0, 8.0, 8.0, 8.0, 4.0, 4.0, 20.0, 0.0, 0.0, 8.0, 4.0, 4.0, 4.0, 20.0, 8.0, 8.0, 0.0, 8.0, 4.0, 4.0]",105.0,105.0,19,qxgij9sh,,,,,0
7,6xvvhy1g,,0,308,307,post_exp,FinalForProlific,2026-05-21 00:20:13.159196,1,,,4941.0,1,,0.0,266b409b-ab01-469b-9133-7915001aa253,2230.24,23.0,4.0,92.0,2322.24,,2600.0,20.0,,,,,0.0,0,,,2,aa648e2e-d329-4dd5-8902-af2bb6347519,https://london-trader-6b45bffdcd02.herokuapp.com,wss://london-trader-6b45bffdcd02.herokuapp.com,,1,6,ng,non_gamified,human_only,0.0,0,15,"[8.0, 4.0, 20.0, 8.0, 8.0, 20.0, 20.0, 4.0, 20.0, 4.0, 20.0, 0.0, 8.0, 8.0, 8.0, 8.0, 8.0, 4.0, 4.0, 20.0, 0.0, 0.0, 8.0, 4.0, 4.0, 4.0, 20.0, 8.0, 8.0, 0.0, 8.0, 4.0, 4.0]",122.51,122.51,19,qxgij9sh,,,,,0
8,o6ptk42l,,0,308,307,post_exp,FinalForProlific,2026-05-21 00:20:13.166131,1,,,5638.0,2,,0.0,a1224b50-e54d-4401-acb4-4fb3bfac8e8d,4166.01,8.0,4.0,32.0,4198.01,,3800.0,10.0,,,,,0.0,0,,,2,aa648e2e-d329-4dd5-8902-af2bb6347519,https://london-trader-6b45bffdcd02.herokuapp.com,wss://london-trader-6b45bffdcd02.herokuapp.com,,1,6,ng,non_gamified,human_only,0.0,0,15,"[8.0, 4.0, 20.0, 8.0, 8.0, 20.0, 20.0, 4.0, 20.0, 4.0, 20.0, 0.0, 8.0, 8.0, 8.0, 8.0, 8.0, 4.0, 4.0, 20.0, 0.0, 0.0, 8.0, 4.0, 4.0, 4.0, 20.0, 8.0, 8.0, 0.0, 8.0, 4.0, 4.0]",122.51,122.51,19,qxgij9sh,,,,,0
9,vitm387c,,0,308,307,post_exp,FinalForProlific,2026-05-21 00:20:13.172514,1,,,4427.0,3,,0.0,4f2980e2-d10c-4c68-937f-78d5142dc0ef,2346.49,23.0,4.0,92.0,2438.49,,2600.0,20.0,,,,,0.0,0,,,2,aa648e2e-d329-4dd5-8902-af2bb6347519,https://london-trader-6b45bffdcd02.herokuapp.com,wss://london-trader-6b45bffdcd02.herokuapp.com,,1,6,ng,non_gamified,human_only,0.0,0,15,"[8.0, 4.0, 20.0, 8.0, 8.0, 20.0, 20.0, 4.0, 20.0, 4.0, 20.0, 0.0, 8.0, 8.0, 8.0, 8.0, 8.0, 4.0, 4.0, 20.0, 0.0, 0.0, 8.0, 4.0, 4.0, 4.0, 20.0, 8.0, 8.0, 0.0, 8.0, 4.0, 4.0]",122.51,122.51,19,qxgij9sh,,,,,0
10,nngm5qgp,,0,308,307,post_exp,FinalForProlific,2026-05-21 00:20:13.181710,1,,,521.0,4,,0.0,198ae65a-873c-4c68-a85e-66eac976c7ab,3931.0,13.0,4.0,52.0,3983.0,,3800.0,10.0,,,,,0.0,0,,,2,aa648e2e-d329-4dd5-8902-af2bb6347519,https://london-trader-6b45bffdcd02.herokuapp.com,wss://london-trader-6b45bffdcd02.herokuapp.com,,1,6,ng,non_gamified,human_only,0.0,0,15,"[8.0, 4.0, 20.0, 8.0, 8.0, 20.0, 20.0, 4.0, 20.0, 4.0, 20.0, 0.0, 8.0, 8.0, 8.0, 8.0, 8.0, 4.0, 4.0, 20.0, 0.0, 0.0, 8.0, 4.0, 4.0, 4.0, 20.0, 8.0, 8.0, 0.0, 8.0, 4.0, 4.0]",122.51,122.51,19,qxgij9sh,,,,,0
11,9x5fpgk2,,0,308,307,post_exp,FinalForProlific,2026-05-21 00:20:13.188564,1,,,6999.0,5,,0.0,8ca21702-83a8-4430-9ead-0119fc913da6,2724.75,22.0,4.0,88.0,2812.75,,2600.0,20.0,,,,,0.0,0,,,2,aa648e2e-d329-4dd5-8902-af2bb6347519,https://london-trader-6b45bffdcd02.herokuapp.com,wss://london-trader-6b45bffdcd02.herokuapp.com,,1,6,ng,non_gamified,human_only,0.0,0,15,"[8.0, 4.0, 20.0, 8.0, 8.0, 20.0, 20.0, 4.0, 20.0, 4.0, 20.0, 0.0, 8.0, 8.0, 8.0, 8.0, 8.0, 4.0, 4.0, 20.0, 0.0, 0.0, 8.0, 4.0, 4.0, 4.0, 20.0, 8.0, 8.0, 0.0, 8.0, 4.0, 4.0]",122.51,122.51,19,qxgij9sh,,,,,0
12,7d70uqk8,,0,308,307,post_exp,FinalForProlific,2026-05-21 00:20:13.195431,1,,,9064.0,6,,0.0,218b254a-e7c1-4487-8aff-ff693b11673d,3801.51,11.0,4.0,44.0,3845.51,,3800.0,10.0,,,,,0.0,0,,,2,aa648e2e-d329-4dd5-8902-af2bb6347519,https://london-trader-6b45bffdcd02.herokuapp.com,wss://london-trader-6b45bffdcd02.herokuapp.com,,1,6,ng,non_gamified,human_only,0.0,0,15,"[8.0, 4.0, 20.0, 8.0, 8.0, 20.0, 20.0, 4.0, 20.0, 4.0, 20.0, 0.0, 8.0, 8.0, 8.0, 8.0, 8.0, 4.0, 4.0, 20.0, 0.0, 0.0, 8.0, 4.0, 4.0, 4.0, 20.0, 8.0, 8.0, 0.0, 8.0, 4.0, 4.0]",122.51,122.51,19,qxgij9sh,,,,,0
13,dadcupjc,,0,308,307,post_exp,FinalForProlific,2026-05-21 00:20:13.202022,1,,,5593.0,1,,0.0,571f8b54-ffdc-4466-8066-90fb81d9dfc1,2652.59,19.0,4.0,76.0,2728.59,,2600.0,20.0,,,,,0.0,0,,,3,c06d584f-16fe-42a0-a5b0-281026bd6ca3,https://london-trader-6b45bffdcd02.herokuapp.com,wss://london-trader-6b45bffdcd02.herokuapp.com,,1,6,ghp,gamified,human_only,0.0,0,15,"[8.0, 4.0, 20.0, 8.0, 8.0, 20.0, 20.0, 4.0, 20.0, 4.0, 20.0, 0.0, 8.0, 8.0, 8.0, 8.0, 8.0, 4.0, 4.0, 20.0, 0.0, 0.0, 8.0, 4.0, 4.0, 4.0, 20.0, 8.0, 8.0, 0.0, 8.0, 4.0, 4.0]",87.36,87.36,19,qxgij9sh,,,,,0
14,stzawa55,,0,308,307,post_exp,FinalForProlific,2026-05-21 00:20:13.207535,1,,,6667.0,2,,0.0,29127936-c621-49bd-a572-059f4be7598b,4226.63,8.0,4.0,32.0,4258.63,,3800.0,10.0,,,,,0.0,0,,,3,c06d584f-16fe-42a0-a5b0-281026bd6ca3,https://london-trader-6b45bffdcd02.herokuapp.com,wss://london-trader-6b45bffdcd02.herokuapp.com,,1,6,ghp,gamified,human_only,0.0,0,15,"[8.0, 4.0, 20.0, 8.0, 8.0, 20.0, 20.0, 4.0, 20.0, 4.0, 20.0, 0.0, 8.0, 8.0, 8.0, 8.0, 8.0, 4.0, 4.0, 20.0, 0.0, 0.0, 8.0, 4.0, 4.0, 4.0, 20.0, 8.0, 8.0, 0.0, 8.0, 4.0, 4.0]",87.36,87.36,19,qxgij9sh,,,,,0
15,ja9vp1ab,,0,308,307,post_exp,FinalForProlific,2026-05-21 00:20:13.214591,1,,,7291.0,3,,0.0,697c6d90-c662-4d2a-b95d-90564ff71af6,2745.6800000000003,19.0,4.0,76.0,2821.6800000000003,,2600.0,20.0,,,,,0.0,0,,,3,c06d584f-16fe-42a0-a5b0-281026bd6ca3,https://london-trader-6b45bffdcd02.herokuapp.com,wss://london-trader-6b45bffdcd02.herokuapp.com,,1,6,ghp,gamified,human_only,0.0,0,15,"[8.0, 4.0, 20.0, 8.0, 8.0, 20.0, 20.0, 4.0, 20.0, 4.0, 20.0, 0.0, 8.0, 8.0, 8.0, 8.0, 8.0, 4.0, 4.0, 20.0, 0.0, 0.0, 8.0, 4.0, 4.0, 4.0, 20.0, 8.0, 8.0, 0.0, 8.0, 4.0, 4.0]",87.36,87.36,19,qxgij9sh,,,,,0
16,tzbpp88u,,0,308,307,post_exp,FinalForProlific,2026-05-21 00:20:13.221123,1,,,5765.0,4,,0.0,dfd6c39d-ffc1-4115-942a-8b07c09007e9,3361.6899999999996,16.0,4.0,64.0,3425.6899999999996,,3800.0,10.0,,,,,0.0,0,,,3,c06d584f-16fe-42a0-a5b0-281026bd6ca3,https://london-trader-6b45bffdcd02.herokuapp.com,wss://london-trader-6b45bffdcd02.herokuapp.com,,1,6,ghp,gamified,human_only,0.0,0,15,"[8.0, 4.0, 20.0, 8.0, 8.0, 20.0, 20.0, 4.0, 20.0, 4.0, 20.0, 0.0, 8.0, 8.0, 8.0, 8.0, 8.0, 4.0, 4.0, 20.0, 0.0, 0.0, 8.0, 4.0, 4.0, 4.0, 20.0, 8.0, 8.0, 0.0, 8.0, 4.0, 4.0]",87.36,87.36,19,qxgij9sh,,,,,0
17,gr27p5tr,,0,308,307,post_exp,FinalForProlific,2026-05-21 00:20:13.227342,1,,,5642.0,5,,0.0,b1b707e4-d832-44a3-9c9f-a683db402492,2513.41,27.0,4.0,108.0,2621.41,,2600.0,20.0,,,,,0.0,0,,,3,c06d584f-16fe-42a0-a5b0-281026bd6ca3,https://london-trader-6b45bffdcd02.herokuapp.com,wss://london-trader-6b45bffdcd02.herokuapp.com,,1,6,ghp,gamified,human_only,0.0,0,15,"[8.0, 4.0, 20.0, 8.0, 8.0, 20.0, 20.0, 4.0, 20.0, 4.0, 20.0, 0.0, 8.0, 8.0, 8.0, 8.0, 8.0, 4.0, 4.0, 20.0, 0.0, 0.0, 8.0, 4.0, 4.0, 4.0, 20.0, 8.0, 8.0, 0.0, 8.0, 4.0, 4.0]",87.36,87.36,19,qxgij9sh,,,,,0
18,e60078af,,0,308,307,post_exp,FinalForProlific,2026-05-21 00:20:13.233350,1,,,4972.0,6,,0.0,316252be-ca5a-49d1-8696-39b139312e4e,3700.0,12.0,4.0,48.0,3748.0,,3800.0,10.0,,,,,0.0,0,,,3,c06d584f-16fe-42a0-a5b0-281026bd6ca3,https://london-trader-6b45bffdcd02.herokuapp.com,wss://london-trader-6b45bffdcd02.herokuapp.com,,1,6,ghp,gamified,human_only,0.0,0,15,"[8.0, 4.0, 20.0, 8.0, 8.0, 20.0, 20.0, 4.0, 20.0, 4.0, 20.0, 0.0, 8.0, 8.0, 8.0, 8.0, 8.0, 4.0, 4.0, 20.0, 0.0, 0.0, 8.0, 4.0, 4.0, 4.0, 20.0, 8.0, 8.0, 0.0, 8.0, 4.0, 4.0]",87.36,87.36,19,qxgij9sh,,,,,0
19,9mtusmd8,,0,308,307,post_exp,FinalForProlific,2026-05-21 00:20:13.239722,1,,,5453.0,1,,0.0,0d66d303-80a4-48cf-b86a-b7b3ec8e3d8f,2974.0,18.0,4.0,72.0,3046.0,,2600.0,20.0,,,,,0.0,0,,,4,eb0b7ae0-43db-4f00-81cb-43eaf9bf7432,https://london-trader-6b45bffdcd02.herokuapp.com,wss://london-trader-6b45bffdcd02.herokuapp.com,,1,1,ng,non_gamified,human_only,0.0,1,15,"[8.0, 4.0, 20.0, 8.0, 8.0, 20.0, 20.0, 4.0, 20.0, 4.0, 20.0, 0.0, 8.0, 8.0, 8.0, 8.0, 8.0, 4.0, 4.0, 20.0, 0.0, 0.0, 8.0, 4.0, 4.0, 4.0, 20.0, 8.0, 8.0, 0.0, 8.0, 4.0, 4.0]",125.0,125.0,19,qxgij9sh,,,,,0
1,g9jo03o9,,0,308,307,post_exp,FinalForProlific,2026-05-21 00:20:12.875424,1,,,5611.0,1,,0.0,66251611-12a2-4944-8723-b591a69a9824,2680.0,20.0,20.0,400.0,3080.0,,2600.0,20.0,,,,,0.0,0,,,1,7639dc96-fd01-4576-8cdc-79c9d30dcd81,https://london-trader-6b45bffdcd02.herokuapp.com,wss://london-trader-6b45bffdcd02.herokuapp.com,,1,6,ghp,gamified,human_only,0.0,0,15,"[8.0, 4.0, 20.0, 8.0, 8.0, 20.0, 20.0, 4.0, 20.0, 4.0, 20.0, 0.0, 8.0, 8.0, 8.0, 8.0, 8.0, 4.0, 4.0, 20.0, 0.0, 0.0, 8.0, 4.0, 4.0, 4.0, 20.0, 8.0, 8.0, 0.0, 8.0, 4.0, 4.0]",140.0,140.0,20,qxgij9sh,,,,,0
2,h0ebvwds,,0,308,307,post_exp,FinalForProlific,2026-05-21 00:20:13.125533,1,,,5268.0,2,,0.0,0d138ea8-8160-4263-bab0-ef399294f8a7,3844.0,10.0,20.0,200.0,4044.0,,3800.0,10.0,,,,,0.0,0,,,1,7639dc96-fd01-4576-8cdc-79c9d30dcd81,https://london-trader-6b45bffdcd02.herokuapp.com,wss://london-trader-6b45bffdcd02.herokuapp.com,,1,6,ghp,gamified,human_only,0.0,0,15,"[8.0, 4.0, 20.0, 8.0, 8.0, 20.0, 20.0, 4.0, 20.0, 4.0, 20.0, 0.0, 8.0, 8.0, 8.0, 8.0, 8.0, 4.0, 4.0, 20.0, 0.0, 0.0, 8.0, 4.0, 4.0, 4.0, 20.0, 8.0, 8.0, 0.0, 8.0, 4.0, 4.0]",140.0,140.0,20,qxgij9sh,,,,,0
3,u2aoz11d,,0,308,307,post_exp,FinalForProlific,2026-05-21 00:20:13.130849,1,,,4992.0,3,,0.0,145e83a3-2fb7-443a-93d3-6f7e84aec434,2608.0,21.0,20.0,420.0,3028.0,,2600.0,20.0,,,,,0.0,0,,,1,7639dc96-fd01-4576-8cdc-79c9d30dcd81,https://london-trader-6b45bffdcd02.herokuapp.com,wss://london-trader-6b45bffdcd02.herokuapp.com,,1,6,ghp,gamified,human_only,0.0,0,15,"[8.0, 4.0, 20.0, 8.0, 8.0, 20.0, 20.0, 4.0, 20.0, 4.0, 20.0, 0.0, 8.0, 8.0, 8.0, 8.0, 8.0, 4.0, 4.0, 20.0, 0.0, 0.0, 8.0, 4.0, 4.0, 4.0, 20.0, 8.0, 8.0, 0.0, 8.0, 4.0, 4.0]",140.0,140.0,20,qxgij9sh,,,,,0
4,90ay03zv,,0,308,307,post_exp,FinalForProlific,2026-05-21 00:20:13.140123,1,,,4543.0,4,,0.0,9cf3eabc-27f7-4754-a78b-8b9b1aca36d4,3510.0,12.0,20.0,240.0,3750.0,,3800.0,10.0,,,,,0.0,0,,,1,7639dc96-fd01-4576-8cdc-79c9d30dcd81,https://london-trader-6b45bffdcd02.herokuapp.com,wss://london-trader-6b45bffdcd02.herokuapp.com,,1,6,ghp,gamified,human_only,0.0,0,15,"[8.0, 4.0, 20.0, 8.0, 8.0, 20.0, 20.0, 4.0, 20.0, 4.0, 20.0, 0.0, 8.0, 8.0, 8.0, 8.0, 8.0, 4.0, 4.0, 20.0, 0.0, 0.0, 8.0, 4.0, 4.0, 4.0, 20.0, 8.0, 8.0, 0.0, 8.0, 4.0, 4.0]",140.0,140.0,20,qxgij9sh,,,,,0
5,ukmvlwcs,,0,308,307,post_exp,FinalForProlific,2026-05-21 00:20:13.146394,1,,,5655.0,5,,0.0,4ffcf78f-4023-4892-9eef-146a5c209835,3017.0,18.0,20.0,360.0,3377.0,,2600.0,20.0,,,,,0.0,0,,,1,7639dc96-fd01-4576-8cdc-79c9d30dcd81,https://london-trader-6b45bffdcd02.herokuapp.com,wss://london-trader-6b45bffdcd02.herokuapp.com,,1,6,ghp,gamified,human_only,0.0,0,15,"[8.0, 4.0, 20.0, 8.0, 8.0, 20.0, 20.0, 4.0, 20.0, 4.0, 20.0, 0.0, 8.0, 8.0, 8.0, 8.0, 8.0, 4.0, 4.0, 20.0, 0.0, 0.0, 8.0, 4.0, 4.0, 4.0, 20.0, 8.0, 8.0, 0.0, 8.0, 4.0, 4.0]",140.0,140.0,20,qxgij9sh,,,,,0
6,ehyb34jx,,0,308,307,post_exp,FinalForProlific,2026-05-21 00:20:13.152849,1,,,4044.0,6,,0.0,88efbdd9-40ef-4c34-921a-f39cc16113ce,3941.0,9.0,20.0,180.0,4121.0,,3800.0,10.0,,,,,0.0,0,,,1,7639dc96-fd01-4576-8cdc-79c9d30dcd81,https://london-trader-6b45bffdcd02.herokuapp.com,wss://london-trader-6b45bffdcd02.herokuapp.com,,1,6,ghp,gamified,human_only,0.0,0,15,"[8.0, 4.0, 20.0, 8.0, 8.0, 20.0, 20.0, 4.0, 20.0, 4.0, 20.0, 0.0, 8.0, 8.0, 8.0, 8.0, 8.0, 4.0, 4.0, 20.0, 0.0, 0.0, 8.0, 4.0, 4.0, 4.0, 20.0, 8.0, 8.0, 0.0, 8.0, 4.0, 4.0]",140.0,140.0,20,qxgij9sh,,,,,0
7,6xvvhy1g,,0,308,307,post_exp,FinalForProlific,2026-05-21 00:20:13.159196,1,,,4941.0,1,,0.0,266b409b-ab01-469b-9133-7915001aa253,4110.010000000001,12.0,20.0,240.0,4350.010000000001,,2600.0,20.0,,,,,0.0,0,,,2,aa648e2e-d329-4dd5-8902-af2bb6347519,https://london-trader-6b45bffdcd02.herokuapp.com,wss://london-trader-6b45bffdcd02.herokuapp.com,,1,6,ng,non_gamified,human_only,0.0,0,15,"[8.0, 4.0, 20.0, 8.0, 8.0, 20.0, 20.0, 4.0, 20.0, 4.0, 20.0, 0.0, 8.0, 8.0, 8.0, 8.0, 8.0, 4.0, 4.0, 20.0, 0.0, 0.0, 8.0, 4.0, 4.0, 4.0, 20.0, 8.0, 8.0, 0.0, 8.0, 4.0, 4.0]",126.0,126.0,20,qxgij9sh,,,,,0
8,o6ptk42l,,0,308,307,post_exp,FinalForProlific,2026-05-21 00:20:13.166131,1,,,5638.0,2,,0.0,a1224b50-e54d-4401-acb4-4fb3bfac8e8d,4071.01,10.0,20.0,200.0,4271.01,,3800.0,10.0,,,,,0.0,0,,,2,aa648e2e-d329-4dd5-8902-af2bb6347519,https://london-trader-6b45bffdcd02.herokuapp.com,wss://london-trader-6b45bffdcd02.herokuapp.com,,1,6,ng,non_gamified,human_only,0.0,0,15,"[8.0, 4.0, 20.0, 8.0, 8.0, 20.0, 20.0, 4.0, 20.0, 4.0, 20.0, 0.0, 8.0, 8.0, 8.0, 8.0, 8.0, 4.0, 4.0, 20.0, 0.0, 0.0, 8.0, 4.0, 4.0, 4.0, 20.0, 8.0, 8.0, 0.0, 8.0, 4.0, 4.0]",126.0,126.0,20,qxgij9sh,,,,,0
9,vitm387c,,0,308,307,post_exp,FinalForProlific,2026-05-21 00:20:13.172514,1,,,4427.0,3,,0.0,4f2980e2-d10c-4c68-937f-78d5142dc0ef,2438.49,23.0,20.0,460.0,2898.49,,2600.0,20.0,,,,,0.0,0,,,2,aa648e2e-d329-4dd5-8902-af2bb6347519,https://london-trader-6b45bffdcd02.herokuapp.com,wss://london-trader-6b45bffdcd02.herokuapp.com,,1,6,ng,non_gamified,human_only,0.0,0,15,"[8.0, 4.0, 20.0, 8.0, 8.0, 20.0, 20.0, 4.0, 20.0, 4.0, 20.0, 0.0, 8.0, 8.0, 8.0, 8.0, 8.0, 4.0, 4.0, 20.0, 0.0, 0.0, 8.0, 4.0, 4.0, 4.0, 20.0, 8.0, 8.0, 0.0, 8.0, 4.0, 4.0]",126.0,126.0,20,qxgij9sh,,,,,0
10,nngm5qgp,,0,308,307,post_exp,FinalForProlific,2026-05-21 00:20:13.181710,1,,,521.0,4,,0.0,198ae65a-873c-4c68-a85e-66eac976c7ab,3857.0,14.0,20.0,280.0,4137.0,,3800.0,10.0,,,,,0.0,0,,,2,aa648e2e-d329-4dd5-8902-af2bb6347519,https://london-trader-6b45bffdcd02.herokuapp.com,wss://london-trader-6b45bffdcd02.herokuapp.com,,1,6,ng,non_gamified,human_only,0.0,0,15,"[8.0, 4.0, 20.0, 8.0, 8.0, 20.0, 20.0, 4.0, 20.0, 4.0, 20.0, 0.0, 8.0, 8.0, 8.0, 8.0, 8.0, 4.0, 4.0, 20.0, 0.0, 0.0, 8.0, 4.0, 4.0, 4.0, 20.0, 8.0, 8.0, 0.0, 8.0, 4.0, 4.0]",126.0,126.0,20,qxgij9sh,,,,,0
11,9x5fpgk2,,0,308,307,post_exp,FinalForProlific,2026-05-21 00:20:13.188564,1,,,6999.0,5,,0.0,8ca21702-83a8-4430-9ead-0119fc913da6,629.4399999999998,51.0,20.0,1020.0,1649.4399999999998,,2600.0,20.0,,,,,0.0,0,,,2,aa648e2e-d329-4dd5-8902-af2bb6347519,https://london-trader-6b45bffdcd02.herokuapp.com,wss://london-trader-6b45bffdcd02.herokuapp.com,,1,6,ng,non_gamified,human_only,0.0,0,15,"[8.0, 4.0, 20.0, 8.0, 8.0, 20.0, 20.0, 4.0, 20.0, 4.0, 20.0, 0.0, 8.0, 8.0, 8.0, 8.0, 8.0, 4.0, 4.0, 20.0, 0.0, 0.0, 8.0, 4.0, 4.0, 4.0, 20.0, 8.0, 8.0, 0.0, 8.0, 4.0, 4.0]",126.0,126.0,20,qxgij9sh,,,,,0
12,7d70uqk8,,0,308,307,post_exp,FinalForProlific,2026-05-21 00:20:13.195431,1,,,9064.0,6,,0.0,218b254a-e7c1-4487-8aff-ff693b11673d,4494.049999999999,8.0,20.0,160.0,4654.049999999999,,3800.0,10.0,,,,,0.0,0,,,2,aa648e2e-d329-4dd5-8902-af2bb6347519,https://london-trader-6b45bffdcd02.herokuapp.com,wss://london-trader-6b45bffdcd02.herokuapp.com,,1,6,ng,non_gamified,human_only,0.0,0,15,"[8.0, 4.0, 20.0, 8.0, 8.0, 20.0, 20.0, 4.0, 20.0, 4.0, 20.0, 0.0, 8.0, 8.0, 8.0, 8.0, 8.0, 4.0, 4.0, 20.0, 0.0, 0.0, 8.0, 4.0, 4.0, 4.0, 20.0, 8.0, 8.0, 0.0, 8.0, 4.0, 4.0]",126.0,126.0,20,qxgij9sh,,,,,0
13,dadcupjc,,0,308,307,post_exp,FinalForProlific,2026-05-21 00:20:13.202022,1,,,5593.0,1,,0.0,571f8b54-ffdc-4466-8066-90fb81d9dfc1,2704.84,19.0,20.0,380.0,3084.84,,2600.0,20.0,,,,,0.0,0,,,3,c06d584f-16fe-42a0-a5b0-281026bd6ca3,https://london-trader-6b45bffdcd02.herokuapp.com,wss://london-trader-6b45bffdcd02.herokuapp.com,,1,6,ghp,gamified,human_only,0.0,0,15,"[8.0, 4.0, 20.0, 8.0, 8.0, 20.0, 20.0, 4.0, 20.0, 4.0, 20.0, 0.0, 8.0, 8.0, 8.0, 8.0, 8.0, 4.0, 4.0, 20.0, 0.0, 0.0, 8.0, 4.0, 4.0, 4.0, 20.0, 8.0, 8.0, 0.0, 8.0, 4.0, 4.0]",60.96,60.96,20,qxgij9sh,,,,,0
14,stzawa55,,0,308,307,post_exp,FinalForProlific,2026-05-21 00:20:13.207535,1,,,6667.0,2,,0.0,29127936-c621-49bd-a572-059f4be7598b,4357.33,8.0,20.0,160.0,4517.33,,3800.0,10.0,,,,,0.0,0,,,3,c06d584f-16fe-42a0-a5b0-281026bd6ca3,https://london-trader-6b45bffdcd02.herokuapp.com,wss://london-trader-6b45bffdcd02.herokuapp.com,,1,6,ghp,gamified,human_only,0.0,0,15,"[8.0, 4.0, 20.0, 8.0, 8.0, 20.0, 20.0, 4.0, 20.0, 4.0, 20.0, 0.0, 8.0, 8.0, 8.0, 8.0, 8.0, 4.0, 4.0, 20.0, 0.0, 0.0, 8.0, 4.0, 4.0, 4.0, 20.0, 8.0, 8.0, 0.0, 8.0, 4.0, 4.0]",60.96,60.96,20,qxgij9sh,,,,,0
15,ja9vp1ab,,0,308,307,post_exp,FinalForProlific,2026-05-21 00:20:13.214591,1,,,7291.0,3,,0.0,697c6d90-c662-4d2a-b95d-90564ff71af6,2848.8600000000006,19.0,20.0,380.0,3228.8600000000006,,2600.0,20.0,,,,,0.0,0,,,3,c06d584f-16fe-42a0-a5b0-281026bd6ca3,https://london-trader-6b45bffdcd02.herokuapp.com,wss://london-trader-6b45bffdcd02.herokuapp.com,,1,6,ghp,gamified,human_only,0.0,0,15,"[8.0, 4.0, 20.0, 8.0, 8.0, 20.0, 20.0, 4.0, 20.0, 4.0, 20.0, 0.0, 8.0, 8.0, 8.0, 8.0, 8.0, 4.0, 4.0, 20.0, 0.0, 0.0, 8.0, 4.0, 4.0, 4.0, 20.0, 8.0, 8.0, 0.0, 8.0, 4.0, 4.0]",60.96,60.96,20,qxgij9sh,,,,,0
16,tzbpp88u,,0,308,307,post_exp,FinalForProlific,2026-05-21 00:20:13.221123,1,,,5765.0,4,,0.0,dfd6c39d-ffc1-4115-942a-8b07c09007e9,3721.8099999999995,13.0,20.0,260.0,3981.8099999999995,,3800.0,10.0,,,,,0.0,0,,,3,c06d584f-16fe-42a0-a5b0-281026bd6ca3,https://london-trader-6b45bffdcd02.herokuapp.com,wss://london-trader-6b45bffdcd02.herokuapp.com,,1,6,ghp,gamified,human_only,0.0,0,15,"[8.0, 4.0, 20.0, 8.0, 8.0, 20.0, 20.0, 4.0, 20.0, 4.0, 20.0, 0.0, 8.0, 8.0, 8.0, 8.0, 8.0, 4.0, 4.0, 20.0, 0.0, 0.0, 8.0, 4.0, 4.0, 4.0, 20.0, 8.0, 8.0, 0.0, 8.0, 4.0, 4.0]",60.96,60.96,20,qxgij9sh,,,,,0
17,gr27p5tr,,0,308,307,post_exp,FinalForProlific,2026-05-21 00:20:13.227342,1,,,5642.0,5,,0.0,b1b707e4-d832-44a3-9c9f-a683db402492,2447.7799999999997,24.0,20.0,480.0,2927.7799999999997,,2600.0,20.0,,,,,0.0,0,,,3,c06d584f-16fe-42a0-a5b0-281026bd6ca3,https://london-trader-6b45bffdcd02.herokuapp.com,wss://london-trader-6b45bffdcd02.herokuapp.com,,1,6,ghp,gamified,human_only,0.0,0,15,"[8.0, 4.0, 20.0, 8.0, 8.0, 20.0, 20.0, 4.0, 20.0, 4.0, 20.0, 0.0, 8.0, 8.0, 8.0, 8.0, 8.0, 4.0, 4.0, 20.0, 0.0, 0.0, 8.0, 4.0, 4.0, 4.0, 20.0, 8.0, 8.0, 0.0, 8.0, 4.0, 4.0]",60.96,60.96,20,qxgij9sh,,,,,0
18,e60078af,,0,308,307,post_exp,FinalForProlific,2026-05-21 00:20:13.233350,1,,,4972.0,6,,0.0,316252be-ca5a-49d1-8696-39b139312e4e,3523.38,14.0,20.0,280.0,3803.38,,3800.0,10.0,,,,,0.0,0,,,3,c06d584f-16fe-42a0-a5b0-281026bd6ca3,https://london-trader-6b45bffdcd02.herokuapp.com,wss://london-trader-6b45bffdcd02.herokuapp.com,,1,6,ghp,gamified,human_only,0.0,0,15,"[8.0, 4.0, 20.0, 8.0, 8.0, 20.0, 20.0, 4.0, 20.0, 4.0, 20.0, 0.0, 8.0, 8.0, 8.0, 8.0, 8.0, 4.0, 4.0, 20.0, 0.0, 0.0, 8.0, 4.0, 4.0, 4.0, 20.0, 8.0, 8.0, 0.0, 8.0, 4.0, 4.0]",60.96,60.96,20,qxgij9sh,,,,,0
19,9mtusmd8,,0,308,307,post_exp,FinalForProlific,2026-05-21 00:20:13.239722,1,,,5453.0,1,,0.0,0d66d303-80a4-48cf-b86a-b7b3ec8e3d8f,3188.0,19.0,20.0,380.0,3568.0,,2600.0,20.0,,,,,0.0,0,,,4,eb0b7ae0-43db-4f00-81cb-43eaf9bf7432,https://london-trader-6b45bffdcd02.herokuapp.com,wss://london-trader-6b45bffdcd02.herokuapp.com,,1,1,ng,non_gamified,human_only,0.0,1,15,"[8.0, 4.0, 20.0, 8.0, 8.0, 20.0, 20.0, 4.0, 20.0, 4.0, 20.0, 0.0, 8.0, 8.0, 8.0, 8.0, 8.0, 4.0, 4.0, 20.0, 0.0, 0.0, 8.0, 4.0, 4.0, 4.0, 20.0, 8.0, 8.0, 0.0, 8.0, 4.0, 4.0]",109.0,109.0,20,qxgij9sh,,,,,0
1,g9jo03o9,,0,308,307,post_exp,FinalForProlific,2026-05-21 00:20:12.875424,1,,,5611.0,1,,0.0,66251611-12a2-4944-8723-b591a69a9824,2970.0,21.0,0.0,0.0,2970.0,,2600.0,20.0,80.0,3,"{""forecast_price_next_day"":80,""forecast_confidence_next_day"":3}",87.0,0.0,1,,,1,7639dc96-fd01-4576-8cdc-79c9d30dcd81,https://london-trader-6b45bffdcd02.herokuapp.com,wss://london-trader-6b45bffdcd02.herokuapp.com,,1,6,ghp,gamified,human_only,0.0,0,15,"[8.0, 4.0, 20.0, 8.0, 8.0, 20.0, 20.0, 4.0, 20.0, 4.0, 20.0, 0.0, 8.0, 8.0, 8.0, 8.0, 8.0, 4.0, 4.0, 20.0, 0.0, 0.0, 8.0, 4.0, 4.0, 4.0, 20.0, 8.0, 8.0, 0.0, 8.0, 4.0, 4.0]",150.0,150.0,21,qxgij9sh,,,,,0
2,h0ebvwds,,0,308,307,post_exp,FinalForProlific,2026-05-21 00:20:13.125533,1,,,5268.0,2,,0.0,0d138ea8-8160-4263-bab0-ef399294f8a7,4284.0,9.0,0.0,0.0,4284.0,,3800.0,10.0,100.0,4,"{""forecast_confidence_next_day"":4,""forecast_price_next_day"":100}",87.0,0.0,1,,,1,7639dc96-fd01-4576-8cdc-79c9d30dcd81,https://london-trader-6b45bffdcd02.herokuapp.com,wss://london-trader-6b45bffdcd02.herokuapp.com,,1,6,ghp,gamified,human_only,0.0,0,15,"[8.0, 4.0, 20.0, 8.0, 8.0, 20.0, 20.0, 4.0, 20.0, 4.0, 20.0, 0.0, 8.0, 8.0, 8.0, 8.0, 8.0, 4.0, 4.0, 20.0, 0.0, 0.0, 8.0, 4.0, 4.0, 4.0, 20.0, 8.0, 8.0, 0.0, 8.0, 4.0, 4.0]",150.0,150.0,21,qxgij9sh,,,,,0
3,u2aoz11d,,0,308,307,post_exp,FinalForProlific,2026-05-21 00:20:13.130849,1,,,4992.0,3,,0.0,145e83a3-2fb7-443a-93d3-6f7e84aec434,3083.0,21.0,0.0,0.0,3083.0,,2600.0,20.0,110.0,4,"{""forecast_price_next_day"":110,""forecast_confidence_next_day"":4}",87.0,0.0,1,,,1,7639dc96-fd01-4576-8cdc-79c9d30dcd81,https://london-trader-6b45bffdcd02.herokuapp.com,wss://london-trader-6b45bffdcd02.herokuapp.com,,1,6,ghp,gamified,human_only,0.0,0,15,"[8.0, 4.0, 20.0, 8.0, 8.0, 20.0, 20.0, 4.0, 20.0, 4.0, 20.0, 0.0, 8.0, 8.0, 8.0, 8.0, 8.0, 4.0, 4.0, 20.0, 0.0, 0.0, 8.0, 4.0, 4.0, 4.0, 20.0, 8.0, 8.0, 0.0, 8.0, 4.0, 4.0]",150.0,150.0,21,qxgij9sh,,,,,0
4,90ay03zv,,0,308,307,post_exp,FinalForProlific,2026-05-21 00:20:13.140123,1,,,4543.0,4,,0.0,9cf3eabc-27f7-4754-a78b-8b9b1aca36d4,3240.0,16.0,0.0,0.0,3240.0,,3800.0,10.0,3400.0,4,"{""forecast_price_next_day"":3400,""forecast_confidence_next_day"":4}",87.0,0.0,1,,,1,7639dc96-fd01-4576-8cdc-79c9d30dcd81,https://london-trader-6b45bffdcd02.herokuapp.com,wss://london-trader-6b45bffdcd02.herokuapp.com,,1,6,ghp,gamified,human_only,0.0,0,15,"[8.0, 4.0, 20.0, 8.0, 8.0, 20.0, 20.0, 4.0, 20.0, 4.0, 20.0, 0.0, 8.0, 8.0, 8.0, 8.0, 8.0, 4.0, 4.0, 20.0, 0.0, 0.0, 8.0, 4.0, 4.0, 4.0, 20.0, 8.0, 8.0, 0.0, 8.0, 4.0, 4.0]",150.0,150.0,21,qxgij9sh,,,,,0
5,ukmvlwcs,,0,308,307,post_exp,FinalForProlific,2026-05-21 00:20:13.146394,1,,,5655.0,5,,0.0,4ffcf78f-4023-4892-9eef-146a5c209835,4637.0,11.0,0.0,0.0,4637.0,,2600.0,20.0,110.0,2,"{""forecast_price_next_day"":110,""forecast_confidence_next_day"":2}",87.0,0.0,1,,,1,7639dc96-fd01-4576-8cdc-79c9d30dcd81,https://london-trader-6b45bffdcd02.herokuapp.com,wss://london-trader-6b45bffdcd02.herokuapp.com,,1,6,ghp,gamified,human_only,0.0,0,15,"[8.0, 4.0, 20.0, 8.0, 8.0, 20.0, 20.0, 4.0, 20.0, 4.0, 20.0, 0.0, 8.0, 8.0, 8.0, 8.0, 8.0, 4.0, 4.0, 20.0, 0.0, 0.0, 8.0, 4.0, 4.0, 4.0, 20.0, 8.0, 8.0, 0.0, 8.0, 4.0, 4.0]",150.0,150.0,21,qxgij9sh,,,,,0
6,ehyb34jx,,0,308,307,post_exp,FinalForProlific,2026-05-21 00:20:13.152849,1,,,4044.0,6,,0.0,88efbdd9-40ef-4c34-921a-f39cc16113ce,3186.0,16.0,0.0,0.0,3186.0,,3800.0,10.0,140.0,4,"{""forecast_price_next_day"":140,""forecast_confidence_next_day"":4}",87.0,0.0,1,,,1,7639dc96-fd01-4576-8cdc-79c9d30dcd81,https://london-trader-6b45bffdcd02.herokuapp.com,wss://london-trader-6b45bffdcd02.herokuapp.com,,1,6,ghp,gamified,human_only,0.0,0,15,"[8.0, 4.0, 20.0, 8.0, 8.0, 20.0, 20.0, 4.0, 20.0, 4.0, 20.0, 0.0, 8.0, 8.0, 8.0, 8.0, 8.0, 4.0, 4.0, 20.0, 0.0, 0.0, 8.0, 4.0, 4.0, 4.0, 20.0, 8.0, 8.0, 0.0, 8.0, 4.0, 4.0]",150.0,150.0,21,qxgij9sh,,,,,0
7,6xvvhy1g,,0,308,307,post_exp,FinalForProlific,2026-05-21 00:20:13.159196,1,,,4941.0,1,,0.0,266b409b-ab01-469b-9133-7915001aa253,5308.080000000003,1.0,0.0,0.0,5308.080000000003,,2600.0,20.0,126.0,3,"{""forecast_price_next_day"":126,""forecast_confidence_next_day"":3}",131.21,20.0,1,,,2,aa648e2e-d329-4dd5-8902-af2bb6347519,https://london-trader-6b45bffdcd02.herokuapp.com,wss://london-trader-6b45bffdcd02.herokuapp.com,,1,6,ng,non_gamified,human_only,0.0,0,15,"[8.0, 4.0, 20.0, 8.0, 8.0, 20.0, 20.0, 4.0, 20.0, 4.0, 20.0, 0.0, 8.0, 8.0, 8.0, 8.0, 8.0, 4.0, 4.0, 20.0, 0.0, 0.0, 8.0, 4.0, 4.0, 4.0, 20.0, 8.0, 8.0, 0.0, 8.0, 4.0, 4.0]",126.0,126.0,21,qxgij9sh,,,,,0
8,o6ptk42l,,0,308,307,post_exp,FinalForProlific,2026-05-21 00:20:13.166131,1,,,5638.0,2,,0.0,a1224b50-e54d-4401-acb4-4fb3bfac8e8d,4278.01,9.0,0.0,0.0,4278.01,,3800.0,10.0,121.0,2,"{""forecast_price_next_day"":121,""forecast_confidence_next_day"":2}",131.21,0.0,1,,,2,aa648e2e-d329-4dd5-8902-af2bb6347519,https://london-trader-6b45bffdcd02.herokuapp.com,wss://london-trader-6b45bffdcd02.herokuapp.com,,1,6,ng,non_gamified,human_only,0.0,0,15,"[8.0, 4.0, 20.0, 8.0, 8.0, 20.0, 20.0, 4.0, 20.0, 4.0, 20.0, 0.0, 8.0, 8.0, 8.0, 8.0, 8.0, 4.0, 4.0, 20.0, 0.0, 0.0, 8.0, 4.0, 4.0, 4.0, 20.0, 8.0, 8.0, 0.0, 8.0, 4.0, 4.0]",126.0,126.0,21,qxgij9sh,,,,,0
9,vitm387c,,0,308,307,post_exp,FinalForProlific,2026-05-21 00:20:13.172514,1,,,4427.0,3,,0.0,4f2980e2-d10c-4c68-937f-78d5142dc0ef,3271.41,20.0,0.0,0.0,3271.41,,2600.0,20.0,130.0,4,"{""forecast_price_next_day"":130,""forecast_confidence_next_day"":4}",131.21,20.0,1,,,2,aa648e2e-d329-4dd5-8902-af2bb6347519,https://london-trader-6b45bffdcd02.herokuapp.com,wss://london-trader-6b45bffdcd02.herokuapp.com,,1,6,ng,non_gamified,human_only,0.0,0,15,"[8.0, 4.0, 20.0, 8.0, 8.0, 20.0, 20.0, 4.0, 20.0, 4.0, 20.0, 0.0, 8.0, 8.0, 8.0, 8.0, 8.0, 4.0, 4.0, 20.0, 0.0, 0.0, 8.0, 4.0, 4.0, 4.0, 20.0, 8.0, 8.0, 0.0, 8.0, 4.0, 4.0]",126.0,126.0,21,qxgij9sh,,,,,0
10,nngm5qgp,,0,308,307,post_exp,FinalForProlific,2026-05-21 00:20:13.181710,1,,,521.0,4,,0.0,198ae65a-873c-4c68-a85e-66eac976c7ab,2871.6900000000014,20.0,0.0,0.0,2871.6900000000014,,3800.0,10.0,126.0,2,"{""forecast_price_next_day"":126,""forecast_confidence_next_day"":2}",131.21,20.0,1,,,2,aa648e2e-d329-4dd5-8902-af2bb6347519,https://london-trader-6b45bffdcd02.herokuapp.com,wss://london-trader-6b45bffdcd02.herokuapp.com,,1,6,ng,non_gamified,human_only,0.0,0,15,"[8.0, 4.0, 20.0, 8.0, 8.0, 20.0, 20.0, 4.0, 20.0, 4.0, 20.0, 0.0, 8.0, 8.0, 8.0, 8.0, 8.0, 4.0, 4.0, 20.0, 0.0, 0.0, 8.0, 4.0, 4.0, 4.0, 20.0, 8.0, 8.0, 0.0, 8.0, 4.0, 4.0]",126.0,126.0,21,qxgij9sh,,,,,0
11,9x5fpgk2,,0,308,307,post_exp,FinalForProlific,2026-05-21 00:20:13.188564,1,,,6999.0,5,,0.0,8ca21702-83a8-4430-9ead-0119fc913da6,2200.1999999999966,36.0,0.0,0.0,2200.1999999999966,,2600.0,20.0,120.0,2,"{""forecast_price_next_day"":120,""forecast_confidence_next_day"":2}",131.21,0.0,1,,,2,aa648e2e-d329-4dd5-8902-af2bb6347519,https://london-trader-6b45bffdcd02.herokuapp.com,wss://london-trader-6b45bffdcd02.herokuapp.com,,1,6,ng,non_gamified,human_only,0.0,0,15,"[8.0, 4.0, 20.0, 8.0, 8.0, 20.0, 20.0, 4.0, 20.0, 4.0, 20.0, 0.0, 8.0, 8.0, 8.0, 8.0, 8.0, 4.0, 4.0, 20.0, 0.0, 0.0, 8.0, 4.0, 4.0, 4.0, 20.0, 8.0, 8.0, 0.0, 8.0, 4.0, 4.0]",126.0,126.0,21,qxgij9sh,,,,,0
12,7d70uqk8,,0,308,307,post_exp,FinalForProlific,2026-05-21 00:20:13.195431,1,,,9064.0,6,,0.0,218b254a-e7c1-4487-8aff-ff693b11673d,4030.6099999999997,13.0,0.0,0.0,4030.6099999999997,,3800.0,10.0,124.0,3,"{""forecast_price_next_day"":124,""forecast_confidence_next_day"":3}",131.21,0.0,1,,,2,aa648e2e-d329-4dd5-8902-af2bb6347519,https://london-trader-6b45bffdcd02.herokuapp.com,wss://london-trader-6b45bffdcd02.herokuapp.com,,1,6,ng,non_gamified,human_only,0.0,0,15,"[8.0, 4.0, 20.0, 8.0, 8.0, 20.0, 20.0, 4.0, 20.0, 4.0, 20.0, 0.0, 8.0, 8.0, 8.0, 8.0, 8.0, 4.0, 4.0, 20.0, 0.0, 0.0, 8.0, 4.0, 4.0, 4.0, 20.0, 8.0, 8.0, 0.0, 8.0, 4.0, 4.0]",126.0,126.0,21,qxgij9sh,,,,,0
13,dadcupjc,,0,308,307,post_exp,FinalForProlific,2026-05-21 00:20:13.202022,1,,,5593.0,1,,0.0,571f8b54-ffdc-4466-8066-90fb81d9dfc1,3219.84,17.0,0.0,0.0,3219.84,,2600.0,20.0,64.0,1,"{""forecast_price_next_day"":64,""forecast_confidence_next_day"":1}",68.71,0.0,1,,,3,c06d584f-16fe-42a0-a5b0-281026bd6ca3,https://london-trader-6b45bffdcd02.herokuapp.com,wss://london-trader-6b45bffdcd02.herokuapp.com,,1,6,ghp,gamified,human_only,0.0,0,15,"[8.0, 4.0, 20.0, 8.0, 8.0, 20.0, 20.0, 4.0, 20.0, 4.0, 20.0, 0.0, 8.0, 8.0, 8.0, 8.0, 8.0, 4.0, 4.0, 20.0, 0.0, 0.0, 8.0, 4.0, 4.0, 4.0, 20.0, 8.0, 8.0, 0.0, 8.0, 4.0, 4.0]",75.0,75.0,21,qxgij9sh,,,,,0
14,stzawa55,,0,308,307,post_exp,FinalForProlific,2026-05-21 00:20:13.207535,1,,,6667.0,2,,0.0,29127936-c621-49bd-a572-059f4be7598b,4596.58,6.0,0.0,0.0,4596.58,,3800.0,10.0,70.0,3,"{""forecast_price_next_day"":70,""forecast_confidence_next_day"":3}",68.71,20.0,1,,,3,c06d584f-16fe-42a0-a5b0-281026bd6ca3,https://london-trader-6b45bffdcd02.herokuapp.com,wss://london-trader-6b45bffdcd02.herokuapp.com,,1,6,ghp,gamified,human_only,0.0,0,15,"[8.0, 4.0, 20.0, 8.0, 8.0, 20.0, 20.0, 4.0, 20.0, 4.0, 20.0, 0.0, 8.0, 8.0, 8.0, 8.0, 8.0, 4.0, 4.0, 20.0, 0.0, 0.0, 8.0, 4.0, 4.0, 4.0, 20.0, 8.0, 8.0, 0.0, 8.0, 4.0, 4.0]",75.0,75.0,21,qxgij9sh,,,,,0
15,ja9vp1ab,,0,308,307,post_exp,FinalForProlific,2026-05-21 00:20:13.214591,1,,,7291.0,3,,0.0,697c6d90-c662-4d2a-b95d-90564ff71af6,3387.7300000000005,17.0,0.0,0.0,3387.7300000000005,,2600.0,20.0,62.0,4,"{""forecast_price_next_day"":62,""forecast_confidence_next_day"":4}",68.71,0.0,1,,,3,c06d584f-16fe-42a0-a5b0-281026bd6ca3,https://london-trader-6b45bffdcd02.herokuapp.com,wss://london-trader-6b45bffdcd02.herokuapp.com,,1,6,ghp,gamified,human_only,0.0,0,15,"[8.0, 4.0, 20.0, 8.0, 8.0, 20.0, 20.0, 4.0, 20.0, 4.0, 20.0, 0.0, 8.0, 8.0, 8.0, 8.0, 8.0, 4.0, 4.0, 20.0, 0.0, 0.0, 8.0, 4.0, 4.0, 4.0, 20.0, 8.0, 8.0, 0.0, 8.0, 4.0, 4.0]",75.0,75.0,21,qxgij9sh,,,,,0
16,tzbpp88u,,0,308,307,post_exp,FinalForProlific,2026-05-21 00:20:13.221123,1,,,5765.0,4,,0.0,dfd6c39d-ffc1-4115-942a-8b07c09007e9,3825.5999999999995,12.0,0.0,0.0,3825.5999999999995,,3800.0,10.0,55.0,2,"{""forecast_price_next_day"":55.35,""forecast_confidence_next_day"":2}",68.71,0.0,1,,,3,c06d584f-16fe-42a0-a5b0-281026bd6ca3,https://london-trader-6b45bffdcd02.herokuapp.com,wss://london-trader-6b45bffdcd02.herokuapp.com,,1,6,ghp,gamified,human_only,0.0,0,15,"[8.0, 4.0, 20.0, 8.0, 8.0, 20.0, 20.0, 4.0, 20.0, 4.0, 20.0, 0.0, 8.0, 8.0, 8.0, 8.0, 8.0, 4.0, 4.0, 20.0, 0.0, 0.0, 8.0, 4.0, 4.0, 4.0, 20.0, 8.0, 8.0, 0.0, 8.0, 4.0, 4.0]",75.0,75.0,21,qxgij9sh,,,,,0
17,gr27p5tr,,0,308,307,post_exp,FinalForProlific,2026-05-21 00:20:13.227342,1,,,5642.0,5,,0.0,b1b707e4-d832-44a3-9c9f-a683db402492,2710.87,27.0,0.0,0.0,2710.87,,2600.0,20.0,55.0,3,"{""forecast_price_next_day"":55,""forecast_confidence_next_day"":3}",68.71,0.0,1,,,3,c06d584f-16fe-42a0-a5b0-281026bd6ca3,https://london-trader-6b45bffdcd02.herokuapp.com,wss://london-trader-6b45bffdcd02.herokuapp.com,,1,6,ghp,gamified,human_only,0.0,0,15,"[8.0, 4.0, 20.0, 8.0, 8.0, 20.0, 20.0, 4.0, 20.0, 4.0, 20.0, 0.0, 8.0, 8.0, 8.0, 8.0, 8.0, 4.0, 4.0, 20.0, 0.0, 0.0, 8.0, 4.0, 4.0, 4.0, 20.0, 8.0, 8.0, 0.0, 8.0, 4.0, 4.0]",75.0,75.0,21,qxgij9sh,,,,,0
18,e60078af,,0,308,307,post_exp,FinalForProlific,2026-05-21 00:20:13.233350,1,,,4972.0,6,,0.0,316252be-ca5a-49d1-8696-39b139312e4e,3803.38,15.0,0.0,0.0,3803.38,,3800.0,10.0,71.0,3,"{""forecast_price_next_day"":71,""forecast_confidence_next_day"":3}",68.71,20.0,1,,,3,c06d584f-16fe-42a0-a5b0-281026bd6ca3,https://london-trader-6b45bffdcd02.herokuapp.com,wss://london-trader-6b45bffdcd02.herokuapp.com,,1,6,ghp,gamified,human_only,0.0,0,15,"[8.0, 4.0, 20.0, 8.0, 8.0, 20.0, 20.0, 4.0, 20.0, 4.0, 20.0, 0.0, 8.0, 8.0, 8.0, 8.0, 8.0, 4.0, 4.0, 20.0, 0.0, 0.0, 8.0, 4.0, 4.0, 4.0, 20.0, 8.0, 8.0, 0.0, 8.0, 4.0, 4.0]",75.0,75.0,21,qxgij9sh,,,,,0
19,9mtusmd8,,0,308,307,post_exp,FinalForProlific,2026-05-21 00:20:13.239722,1,,,5453.0,1,,0.0,0d66d303-80a4-48cf-b86a-b7b3ec8e3d8f,3820.0,15.0,0.0,0.0,3820.0,,2600.0,20.0,117.0,5,"{""forecast_price_next_day"":117,""forecast_confidence_next_day"":5}",127.0,0.0,1,,,4,eb0b7ae0-43db-4f00-81cb-43eaf9bf7432,https://london-trader-6b45bffdcd02.herokuapp.com,wss://london-trader-6b45bffdcd02.herokuapp.com,,1,1,ng,non_gamified,human_only,0.0,1,15,"[8.0, 4.0, 20.0, 8.0, 8.0, 20.0, 20.0, 4.0, 20.0, 4.0, 20.0, 0.0, 8.0, 8.0, 8.0, 8.0, 8.0, 4.0, 4.0, 20.0, 0.0, 0.0, 8.0, 4.0, 4.0, 4.0, 20.0, 8.0, 8.0, 0.0, 8.0, 4.0, 4.0]",126.0,126.0,21,qxgij9sh,,,,,0
1,g9jo03o9,,0,308,307,post_exp,FinalForProlific,2026-05-21 00:20:12.875424,1,,,5611.0,1,,0.0,66251611-12a2-4944-8723-b591a69a9824,3090.0,20.0,0.0,0.0,3090.0,,2600.0,20.0,,,,,0.0,0,,,1,7639dc96-fd01-4576-8cdc-79c9d30dcd81,https://london-trader-6b45bffdcd02.herokuapp.com,wss://london-trader-6b45bffdcd02.herokuapp.com,,1,6,ghp,gamified,human_only,0.0,0,15,"[8.0, 4.0, 20.0, 8.0, 8.0, 20.0, 20.0, 4.0, 20.0, 4.0, 20.0, 0.0, 8.0, 8.0, 8.0, 8.0, 8.0, 4.0, 4.0, 20.0, 0.0, 0.0, 8.0, 4.0, 4.0, 4.0, 20.0, 8.0, 8.0, 0.0, 8.0, 4.0, 4.0]",87.0,87.0,22,qxgij9sh,,,,,0
2,h0ebvwds,,0,308,307,post_exp,FinalForProlific,2026-05-21 00:20:13.125533,1,,,5268.0,2,,0.0,0d138ea8-8160-4263-bab0-ef399294f8a7,4424.0,8.0,0.0,0.0,4424.0,,3800.0,10.0,,,,,0.0,0,,,1,7639dc96-fd01-4576-8cdc-79c9d30dcd81,https://london-trader-6b45bffdcd02.herokuapp.com,wss://london-trader-6b45bffdcd02.herokuapp.com,,1,6,ghp,gamified,human_only,0.0,0,15,"[8.0, 4.0, 20.0, 8.0, 8.0, 20.0, 20.0, 4.0, 20.0, 4.0, 20.0, 0.0, 8.0, 8.0, 8.0, 8.0, 8.0, 4.0, 4.0, 20.0, 0.0, 0.0, 8.0, 4.0, 4.0, 4.0, 20.0, 8.0, 8.0, 0.0, 8.0, 4.0, 4.0]",87.0,87.0,22,qxgij9sh,,,,,0
3,u2aoz11d,,0,308,307,post_exp,FinalForProlific,2026-05-21 00:20:13.130849,1,,,4992.0,3,,0.0,145e83a3-2fb7-443a-93d3-6f7e84aec434,3148.0,21.0,0.0,0.0,3148.0,,2600.0,20.0,,,,,0.0,0,,,1,7639dc96-fd01-4576-8cdc-79c9d30dcd81,https://london-trader-6b45bffdcd02.herokuapp.com,wss://london-trader-6b45bffdcd02.herokuapp.com,,1,6,ghp,gamified,human_only,0.0,0,15,"[8.0, 4.0, 20.0, 8.0, 8.0, 20.0, 20.0, 4.0, 20.0, 4.0, 20.0, 0.0, 8.0, 8.0, 8.0, 8.0, 8.0, 4.0, 4.0, 20.0, 0.0, 0.0, 8.0, 4.0, 4.0, 4.0, 20.0, 8.0, 8.0, 0.0, 8.0, 4.0, 4.0]",87.0,87.0,22,qxgij9sh,,,,,0
4,90ay03zv,,0,308,307,post_exp,FinalForProlific,2026-05-21 00:20:13.140123,1,,,4543.0,4,,0.0,9cf3eabc-27f7-4754-a78b-8b9b1aca36d4,2990.0,18.0,0.0,0.0,2990.0,,3800.0,10.0,,,,,0.0,0,,,1,7639dc96-fd01-4576-8cdc-79c9d30dcd81,https://london-trader-6b45bffdcd02.herokuapp.com,wss://london-trader-6b45bffdcd02.herokuapp.com,,1,6,ghp,gamified,human_only,0.0,0,15,"[8.0, 4.0, 20.0, 8.0, 8.0, 20.0, 20.0, 4.0, 20.0, 4.0, 20.0, 0.0, 8.0, 8.0, 8.0, 8.0, 8.0, 4.0, 4.0, 20.0, 0.0, 0.0, 8.0, 4.0, 4.0, 4.0, 20.0, 8.0, 8.0, 0.0, 8.0, 4.0, 4.0]",87.0,87.0,22,qxgij9sh,,,,,0
5,ukmvlwcs,,0,308,307,post_exp,FinalForProlific,2026-05-21 00:20:13.146394,1,,,5655.0,5,,0.0,4ffcf78f-4023-4892-9eef-146a5c209835,5471.0,2.0,0.0,0.0,5471.0,,2600.0,20.0,,,,,0.0,0,,,1,7639dc96-fd01-4576-8cdc-79c9d30dcd81,https://london-trader-6b45bffdcd02.herokuapp.com,wss://london-trader-6b45bffdcd02.herokuapp.com,,1,6,ghp,gamified,human_only,0.0,0,15,"[8.0, 4.0, 20.0, 8.0, 8.0, 20.0, 20.0, 4.0, 20.0, 4.0, 20.0, 0.0, 8.0, 8.0, 8.0, 8.0, 8.0, 4.0, 4.0, 20.0, 0.0, 0.0, 8.0, 4.0, 4.0, 4.0, 20.0, 8.0, 8.0, 0.0, 8.0, 4.0, 4.0]",87.0,87.0,22,qxgij9sh,,,,,0
6,ehyb34jx,,0,308,307,post_exp,FinalForProlific,2026-05-21 00:20:13.152849,1,,,4044.0,6,,0.0,88efbdd9-40ef-4c34-921a-f39cc16113ce,2277.0,24.0,0.0,0.0,2277.0,,3800.0,10.0,,,,,0.0,0,,,1,7639dc96-fd01-4576-8cdc-79c9d30dcd81,https://london-trader-6b45bffdcd02.herokuapp.com,wss://london-trader-6b45bffdcd02.herokuapp.com,,1,6,ghp,gamified,human_only,0.0,0,15,"[8.0, 4.0, 20.0, 8.0, 8.0, 20.0, 20.0, 4.0, 20.0, 4.0, 20.0, 0.0, 8.0, 8.0, 8.0, 8.0, 8.0, 4.0, 4.0, 20.0, 0.0, 0.0, 8.0, 4.0, 4.0, 4.0, 20.0, 8.0, 8.0, 0.0, 8.0, 4.0, 4.0]",87.0,87.0,22,qxgij9sh,,,,,0
7,6xvvhy1g,,0,308,307,post_exp,FinalForProlific,2026-05-21 00:20:13.159196,1,,,4941.0,1,,0.0,266b409b-ab01-469b-9133-7915001aa253,239.44000000000239,40.0,0.0,0.0,239.44000000000239,,2600.0,20.0,,,,,0.0,0,,,2,aa648e2e-d329-4dd5-8902-af2bb6347519,https://london-trader-6b45bffdcd02.herokuapp.com,wss://london-trader-6b45bffdcd02.herokuapp.com,,1,6,ng,non_gamified,human_only,0.0,0,15,"[8.0, 4.0, 20.0, 8.0, 8.0, 20.0, 20.0, 4.0, 20.0, 4.0, 20.0, 0.0, 8.0, 8.0, 8.0, 8.0, 8.0, 4.0, 4.0, 20.0, 0.0, 0.0, 8.0, 4.0, 4.0, 4.0, 20.0, 8.0, 8.0, 0.0, 8.0, 4.0, 4.0]",131.21,131.21,22,qxgij9sh,,,,,0
8,o6ptk42l,,0,308,307,post_exp,FinalForProlific,2026-05-21 00:20:13.166131,1,,,5638.0,2,,0.0,a1224b50-e54d-4401-acb4-4fb3bfac8e8d,4793.91,5.0,0.0,0.0,4793.91,,3800.0,10.0,,,,,0.0,0,,,2,aa648e2e-d329-4dd5-8902-af2bb6347519,https://london-trader-6b45bffdcd02.herokuapp.com,wss://london-trader-6b45bffdcd02.herokuapp.com,,1,6,ng,non_gamified,human_only,0.0,0,15,"[8.0, 4.0, 20.0, 8.0, 8.0, 20.0, 20.0, 4.0, 20.0, 4.0, 20.0, 0.0, 8.0, 8.0, 8.0, 8.0, 8.0, 4.0, 4.0, 20.0, 0.0, 0.0, 8.0, 4.0, 4.0, 4.0, 20.0, 8.0, 8.0, 0.0, 8.0, 4.0, 4.0]",131.21,131.21,22,qxgij9sh,,,,,0
9,vitm387c,,0,308,307,post_exp,FinalForProlific,2026-05-21 00:20:13.172514,1,,,4427.0,3,,0.0,4f2980e2-d10c-4c68-937f-78d5142dc0ef,2876.41,23.0,0.0,0.0,2876.41,,2600.0,20.0,,,,,0.0,0,,,2,aa648e2e-d329-4dd5-8902-af2bb6347519,https://london-trader-6b45bffdcd02.herokuapp.com,wss://london-trader-6b45bffdcd02.herokuapp.com,,1,6,ng,non_gamified,human_only,0.0,0,15,"[8.0, 4.0, 20.0, 8.0, 8.0, 20.0, 20.0, 4.0, 20.0, 4.0, 20.0, 0.0, 8.0, 8.0, 8.0, 8.0, 8.0, 4.0, 4.0, 20.0, 0.0, 0.0, 8.0, 4.0, 4.0, 4.0, 20.0, 8.0, 8.0, 0.0, 8.0, 4.0, 4.0]",131.21,131.21,22,qxgij9sh,,,,,0
10,nngm5qgp,,0,308,307,post_exp,FinalForProlific,2026-05-21 00:20:13.181710,1,,,521.0,4,,0.0,198ae65a-873c-4c68-a85e-66eac976c7ab,5485.030000000002,0.0,0.0,0.0,5485.030000000002,,3800.0,10.0,,,,,0.0,0,,,2,aa648e2e-d329-4dd5-8902-af2bb6347519,https://london-trader-6b45bffdcd02.herokuapp.com,wss://london-trader-6b45bffdcd02.herokuapp.com,,1,6,ng,non_gamified,human_only,0.0,0,15,"[8.0, 4.0, 20.0, 8.0, 8.0, 20.0, 20.0, 4.0, 20.0, 4.0, 20.0, 0.0, 8.0, 8.0, 8.0, 8.0, 8.0, 4.0, 4.0, 20.0, 0.0, 0.0, 8.0, 4.0, 4.0, 4.0, 20.0, 8.0, 8.0, 0.0, 8.0, 4.0, 4.0]",131.21,131.21,22,qxgij9sh,,,,,0
11,9x5fpgk2,,0,308,307,post_exp,FinalForProlific,2026-05-21 00:20:13.188564,1,,,6999.0,5,,0.0,8ca21702-83a8-4430-9ead-0119fc913da6,4030.419999999997,36.0,0.0,0.0,4030.419999999997,,2600.0,20.0,,,,,0.0,0,,,2,aa648e2e-d329-4dd5-8902-af2bb6347519,https://london-trader-6b45bffdcd02.herokuapp.com,wss://london-trader-6b45bffdcd02.herokuapp.com,,1,6,ng,non_gamified,human_only,0.0,0,15,"[8.0, 4.0, 20.0, 8.0, 8.0, 20.0, 20.0, 4.0, 20.0, 4.0, 20.0, 0.0, 8.0, 8.0, 8.0, 8.0, 8.0, 4.0, 4.0, 20.0, 0.0, 0.0, 8.0, 4.0, 4.0, 4.0, 20.0, 8.0, 8.0, 0.0, 8.0, 4.0, 4.0]",131.21,131.21,22,qxgij9sh,,,,,0
12,7d70uqk8,,0,308,307,post_exp,FinalForProlific,2026-05-21 00:20:13.195431,1,,,9064.0,6,,0.0,218b254a-e7c1-4487-8aff-ff693b11673d,4534.789999999999,6.0,0.0,0.0,4534.789999999999,,3800.0,10.0,,,,,0.0,0,,,2,aa648e2e-d329-4dd5-8902-af2bb6347519,https://london-trader-6b45bffdcd02.herokuapp.com,wss://london-trader-6b45bffdcd02.herokuapp.com,,1,6,ng,non_gamified,human_only,0.0,0,15,"[8.0, 4.0, 20.0, 8.0, 8.0, 20.0, 20.0, 4.0, 20.0, 4.0, 20.0, 0.0, 8.0, 8.0, 8.0, 8.0, 8.0, 4.0, 4.0, 20.0, 0.0, 0.0, 8.0, 4.0, 4.0, 4.0, 20.0, 8.0, 8.0, 0.0, 8.0, 4.0, 4.0]",131.21,131.21,22,qxgij9sh,,,,,0
13,dadcupjc,,0,308,307,post_exp,FinalForProlific,2026-05-21 00:20:13.202022,1,,,5593.0,1,,0.0,571f8b54-ffdc-4466-8066-90fb81d9dfc1,3288.86,16.0,0.0,0.0,3288.86,,2600.0,20.0,,,,,0.0,0,,,3,c06d584f-16fe-42a0-a5b0-281026bd6ca3,https://london-trader-6b45bffdcd02.herokuapp.com,wss://london-trader-6b45bffdcd02.herokuapp.com,,1,6,ghp,gamified,human_only,0.0,0,15,"[8.0, 4.0, 20.0, 8.0, 8.0, 20.0, 20.0, 4.0, 20.0, 4.0, 20.0, 0.0, 8.0, 8.0, 8.0, 8.0, 8.0, 4.0, 4.0, 20.0, 0.0, 0.0, 8.0, 4.0, 4.0, 4.0, 20.0, 8.0, 8.0, 0.0, 8.0, 4.0, 4.0]",68.71,68.71,22,qxgij9sh,,,,,0
14,stzawa55,,0,308,307,post_exp,FinalForProlific,2026-05-21 00:20:13.207535,1,,,6667.0,2,,0.0,29127936-c621-49bd-a572-059f4be7598b,4121.99,11.0,0.0,0.0,4121.99,,3800.0,10.0,,,,,0.0,0,,,3,c06d584f-16fe-42a0-a5b0-281026bd6ca3,https://london-trader-6b45bffdcd02.herokuapp.com,wss://london-trader-6b45bffdcd02.herokuapp.com,,1,6,ghp,gamified,human_only,0.0,0,15,"[8.0, 4.0, 20.0, 8.0, 8.0, 20.0, 20.0, 4.0, 20.0, 4.0, 20.0, 0.0, 8.0, 8.0, 8.0, 8.0, 8.0, 4.0, 4.0, 20.0, 0.0, 0.0, 8.0, 4.0, 4.0, 4.0, 20.0, 8.0, 8.0, 0.0, 8.0, 4.0, 4.0]",68.71,68.71,22,qxgij9sh,,,,,0
15,ja9vp1ab,,0,308,307,post_exp,FinalForProlific,2026-05-21 00:20:13.214591,1,,,7291.0,3,,0.0,697c6d90-c662-4d2a-b95d-90564ff71af6,3812.8600000000006,12.0,0.0,0.0,3812.8600000000006,,2600.0,20.0,,,,,0.0,0,,,3,c06d584f-16fe-42a0-a5b0-281026bd6ca3,https://london-trader-6b45bffdcd02.herokuapp.com,wss://london-trader-6b45bffdcd02.herokuapp.com,,1,6,ghp,gamified,human_only,0.0,0,15,"[8.0, 4.0, 20.0, 8.0, 8.0, 20.0, 20.0, 4.0, 20.0, 4.0, 20.0, 0.0, 8.0, 8.0, 8.0, 8.0, 8.0, 4.0, 4.0, 20.0, 0.0, 0.0, 8.0, 4.0, 4.0, 4.0, 20.0, 8.0, 8.0, 0.0, 8.0, 4.0, 4.0]",68.71,68.71,22,qxgij9sh,,,,,0
16,tzbpp88u,,0,308,307,post_exp,FinalForProlific,2026-05-21 00:20:13.221123,1,,,5765.0,4,,0.0,dfd6c39d-ffc1-4115-942a-8b07c09007e9,3240.8900000000003,21.0,0.0,0.0,3240.8900000000003,,3800.0,10.0,,,,,0.0,0,,,3,c06d584f-16fe-42a0-a5b0-281026bd6ca3,https://london-trader-6b45bffdcd02.herokuapp.com,wss://london-trader-6b45bffdcd02.herokuapp.com,,1,6,ghp,gamified,human_only,0.0,0,15,"[8.0, 4.0, 20.0, 8.0, 8.0, 20.0, 20.0, 4.0, 20.0, 4.0, 20.0, 0.0, 8.0, 8.0, 8.0, 8.0, 8.0, 4.0, 4.0, 20.0, 0.0, 0.0, 8.0, 4.0, 4.0, 4.0, 20.0, 8.0, 8.0, 0.0, 8.0, 4.0, 4.0]",68.71,68.71,22,qxgij9sh,,,,,0
17,gr27p5tr,,0,308,307,post_exp,FinalForProlific,2026-05-21 00:20:13.227342,1,,,5642.0,5,,0.0,b1b707e4-d832-44a3-9c9f-a683db402492,3550.9999999999995,30.0,0.0,0.0,3550.9999999999995,,2600.0,20.0,,,,,0.0,0,,,3,c06d584f-16fe-42a0-a5b0-281026bd6ca3,https://london-trader-6b45bffdcd02.herokuapp.com,wss://london-trader-6b45bffdcd02.herokuapp.com,,1,6,ghp,gamified,human_only,0.0,0,15,"[8.0, 4.0, 20.0, 8.0, 8.0, 20.0, 20.0, 4.0, 20.0, 4.0, 20.0, 0.0, 8.0, 8.0, 8.0, 8.0, 8.0, 4.0, 4.0, 20.0, 0.0, 0.0, 8.0, 4.0, 4.0, 4.0, 20.0, 8.0, 8.0, 0.0, 8.0, 4.0, 4.0]",68.71,68.71,22,qxgij9sh,,,,,0
18,e60078af,,0,308,307,post_exp,FinalForProlific,2026-05-21 00:20:13.233350,1,,,4972.0,6,,0.0,316252be-ca5a-49d1-8696-39b139312e4e,3528.4,18.0,0.0,0.0,3528.4,,3800.0,10.0,,,,,0.0,0,,,3,c06d584f-16fe-42a0-a5b0-281026bd6ca3,https://london-trader-6b45bffdcd02.herokuapp.com,wss://london-trader-6b45bffdcd02.herokuapp.com,,1,6,ghp,gamified,human_only,0.0,0,15,"[8.0, 4.0, 20.0, 8.0, 8.0, 20.0, 20.0, 4.0, 20.0, 4.0, 20.0, 0.0, 8.0, 8.0, 8.0, 8.0, 8.0, 4.0, 4.0, 20.0, 0.0, 0.0, 8.0, 4.0, 4.0, 4.0, 20.0, 8.0, 8.0, 0.0, 8.0, 4.0, 4.0]",68.71,68.71,22,qxgij9sh,,,,,0
19,9mtusmd8,,0,308,307,post_exp,FinalForProlific,2026-05-21 00:20:13.239722,1,,,5453.0,1,,0.0,0d66d303-80a4-48cf-b86a-b7b3ec8e3d8f,3947.0,15.0,0.0,0.0,3947.0,,2600.0,20.0,,,,,0.0,0,,,4,eb0b7ae0-43db-4f00-81cb-43eaf9bf7432,https://london-trader-6b45bffdcd02.herokuapp.com,wss://london-trader-6b45bffdcd02.herokuapp.com,,1,1,ng,non_gamified,human_only,0.0,1,15,"[8.0, 4.0, 20.0, 8.0, 8.0, 20.0, 20.0, 4.0, 20.0, 4.0, 20.0, 0.0, 8.0, 8.0, 8.0, 8.0, 8.0, 4.0, 4.0, 20.0, 0.0, 0.0, 8.0, 4.0, 4.0, 4.0, 20.0, 8.0, 8.0, 0.0, 8.0, 4.0, 4.0]",127.0,127.0,22,qxgij9sh,,,,,0
1,g9jo03o9,,0,308,307,post_exp,FinalForProlific,2026-05-21 00:20:12.875424,1,,,5611.0,1,,0.0,66251611-12a2-4944-8723-b591a69a9824,3090.0,20.0,8.0,160.0,3250.0,,2600.0,20.0,,,,,0.0,0,,,1,7639dc96-fd01-4576-8cdc-79c9d30dcd81,https://london-trader-6b45bffdcd02.herokuapp.com,wss://london-trader-6b45bffdcd02.herokuapp.com,,1,6,ghp,gamified,human_only,0.0,0,15,"[8.0, 4.0, 20.0, 8.0, 8.0, 20.0, 20.0, 4.0, 20.0, 4.0, 20.0, 0.0, 8.0, 8.0, 8.0, 8.0, 8.0, 4.0, 4.0, 20.0, 0.0, 0.0, 8.0, 4.0, 4.0, 4.0, 20.0, 8.0, 8.0, 0.0, 8.0, 4.0, 4.0]",110.0,110.0,23,qxgij9sh,,,,,0
2,h0ebvwds,,0,308,307,post_exp,FinalForProlific,2026-05-21 00:20:13.125533,1,,,5268.0,2,,0.0,0d138ea8-8160-4263-bab0-ef399294f8a7,4644.0,5.0,8.0,40.0,4684.0,,3800.0,10.0,,,,,0.0,0,,,1,7639dc96-fd01-4576-8cdc-79c9d30dcd81,https://london-trader-6b45bffdcd02.herokuapp.com,wss://london-trader-6b45bffdcd02.herokuapp.com,,1,6,ghp,gamified,human_only,0.0,0,15,"[8.0, 4.0, 20.0, 8.0, 8.0, 20.0, 20.0, 4.0, 20.0, 4.0, 20.0, 0.0, 8.0, 8.0, 8.0, 8.0, 8.0, 4.0, 4.0, 20.0, 0.0, 0.0, 8.0, 4.0, 4.0, 4.0, 20.0, 8.0, 8.0, 0.0, 8.0, 4.0, 4.0]",110.0,110.0,23,qxgij9sh,,,,,0
3,u2aoz11d,,0,308,307,post_exp,FinalForProlific,2026-05-21 00:20:13.130849,1,,,4992.0,3,,0.0,145e83a3-2fb7-443a-93d3-6f7e84aec434,3213.0,21.0,8.0,168.0,3381.0,,2600.0,20.0,,,,,0.0,0,,,1,7639dc96-fd01-4576-8cdc-79c9d30dcd81,https://london-trader-6b45bffdcd02.herokuapp.com,wss://london-trader-6b45bffdcd02.herokuapp.com,,1,6,ghp,gamified,human_only,0.0,0,15,"[8.0, 4.0, 20.0, 8.0, 8.0, 20.0, 20.0, 4.0, 20.0, 4.0, 20.0, 0.0, 8.0, 8.0, 8.0, 8.0, 8.0, 4.0, 4.0, 20.0, 0.0, 0.0, 8.0, 4.0, 4.0, 4.0, 20.0, 8.0, 8.0, 0.0, 8.0, 4.0, 4.0]",110.0,110.0,23,qxgij9sh,,,,,0
4,90ay03zv,,0,308,307,post_exp,FinalForProlific,2026-05-21 00:20:13.140123,1,,,4543.0,4,,0.0,9cf3eabc-27f7-4754-a78b-8b9b1aca36d4,3165.0,16.0,8.0,128.0,3293.0,,3800.0,10.0,,,,,0.0,0,,,1,7639dc96-fd01-4576-8cdc-79c9d30dcd81,https://london-trader-6b45bffdcd02.herokuapp.com,wss://london-trader-6b45bffdcd02.herokuapp.com,,1,6,ghp,gamified,human_only,0.0,0,15,"[8.0, 4.0, 20.0, 8.0, 8.0, 20.0, 20.0, 4.0, 20.0, 4.0, 20.0, 0.0, 8.0, 8.0, 8.0, 8.0, 8.0, 4.0, 4.0, 20.0, 0.0, 0.0, 8.0, 4.0, 4.0, 4.0, 20.0, 8.0, 8.0, 0.0, 8.0, 4.0, 4.0]",110.0,110.0,23,qxgij9sh,,,,,0
5,ukmvlwcs,,0,308,307,post_exp,FinalForProlific,2026-05-21 00:20:13.146394,1,,,5655.0,5,,0.0,4ffcf78f-4023-4892-9eef-146a5c209835,5471.0,2.0,8.0,16.0,5487.0,,2600.0,20.0,,,,,0.0,0,,,1,7639dc96-fd01-4576-8cdc-79c9d30dcd81,https://london-trader-6b45bffdcd02.herokuapp.com,wss://london-trader-6b45bffdcd02.herokuapp.com,,1,6,ghp,gamified,human_only,0.0,0,15,"[8.0, 4.0, 20.0, 8.0, 8.0, 20.0, 20.0, 4.0, 20.0, 4.0, 20.0, 0.0, 8.0, 8.0, 8.0, 8.0, 8.0, 4.0, 4.0, 20.0, 0.0, 0.0, 8.0, 4.0, 4.0, 4.0, 20.0, 8.0, 8.0, 0.0, 8.0, 4.0, 4.0]",110.0,110.0,23,qxgij9sh,,,,,0
6,ehyb34jx,,0,308,307,post_exp,FinalForProlific,2026-05-21 00:20:13.152849,1,,,4044.0,6,,0.0,88efbdd9-40ef-4c34-921a-f39cc16113ce,1817.0,30.0,8.0,240.0,2057.0,,3800.0,10.0,,,,,0.0,0,,,1,7639dc96-fd01-4576-8cdc-79c9d30dcd81,https://london-trader-6b45bffdcd02.herokuapp.com,wss://london-trader-6b45bffdcd02.herokuapp.com,,1,6,ghp,gamified,human_only,0.0,0,15,"[8.0, 4.0, 20.0, 8.0, 8.0, 20.0, 20.0, 4.0, 20.0, 4.0, 20.0, 0.0, 8.0, 8.0, 8.0, 8.0, 8.0, 4.0, 4.0, 20.0, 0.0, 0.0, 8.0, 4.0, 4.0, 4.0, 20.0, 8.0, 8.0, 0.0, 8.0, 4.0, 4.0]",110.0,110.0,23,qxgij9sh,,,,,0
7,6xvvhy1g,,0,308,307,post_exp,FinalForProlific,2026-05-21 00:20:13.159196,1,,,4941.0,1,,0.0,266b409b-ab01-469b-9133-7915001aa253,4017.180000000002,11.0,8.0,88.0,4105.180000000002,,2600.0,20.0,,,,,0.0,0,,,2,aa648e2e-d329-4dd5-8902-af2bb6347519,https://london-trader-6b45bffdcd02.herokuapp.com,wss://london-trader-6b45bffdcd02.herokuapp.com,,1,6,ng,non_gamified,human_only,0.0,0,15,"[8.0, 4.0, 20.0, 8.0, 8.0, 20.0, 20.0, 4.0, 20.0, 4.0, 20.0, 0.0, 8.0, 8.0, 8.0, 8.0, 8.0, 4.0, 4.0, 20.0, 0.0, 0.0, 8.0, 4.0, 4.0, 4.0, 20.0, 8.0, 8.0, 0.0, 8.0, 4.0, 4.0]",129.88,129.88,23,qxgij9sh,,,,,0
8,o6ptk42l,,0,308,307,post_exp,FinalForProlific,2026-05-21 00:20:13.166131,1,,,5638.0,2,,0.0,a1224b50-e54d-4401-acb4-4fb3bfac8e8d,4665.32,5.0,8.0,40.0,4705.32,,3800.0,10.0,,,,,0.0,0,,,2,aa648e2e-d329-4dd5-8902-af2bb6347519,https://london-trader-6b45bffdcd02.herokuapp.com,wss://london-trader-6b45bffdcd02.herokuapp.com,,1,6,ng,non_gamified,human_only,0.0,0,15,"[8.0, 4.0, 20.0, 8.0, 8.0, 20.0, 20.0, 4.0, 20.0, 4.0, 20.0, 0.0, 8.0, 8.0, 8.0, 8.0, 8.0, 4.0, 4.0, 20.0, 0.0, 0.0, 8.0, 4.0, 4.0, 4.0, 20.0, 8.0, 8.0, 0.0, 8.0, 4.0, 4.0]",129.88,129.88,23,qxgij9sh,,,,,0
9,vitm387c,,0,308,307,post_exp,FinalForProlific,2026-05-21 00:20:13.172514,1,,,4427.0,3,,0.0,4f2980e2-d10c-4c68-937f-78d5142dc0ef,2219.8699999999994,28.0,8.0,224.0,2443.8699999999994,,2600.0,20.0,,,,,0.0,0,,,2,aa648e2e-d329-4dd5-8902-af2bb6347519,https://london-trader-6b45bffdcd02.herokuapp.com,wss://london-trader-6b45bffdcd02.herokuapp.com,,1,6,ng,non_gamified,human_only,0.0,0,15,"[8.0, 4.0, 20.0, 8.0, 8.0, 20.0, 20.0, 4.0, 20.0, 4.0, 20.0, 0.0, 8.0, 8.0, 8.0, 8.0, 8.0, 4.0, 4.0, 20.0, 0.0, 0.0, 8.0, 4.0, 4.0, 4.0, 20.0, 8.0, 8.0, 0.0, 8.0, 4.0, 4.0]",129.88,129.88,23,qxgij9sh,,,,,0
10,nngm5qgp,,0,308,307,post_exp,FinalForProlific,2026-05-21 00:20:13.181710,1,,,521.0,4,,0.0,198ae65a-873c-4c68-a85e-66eac976c7ab,5355.030000000002,1.0,8.0,8.0,5363.030000000002,,3800.0,10.0,,,,,0.0,0,,,2,aa648e2e-d329-4dd5-8902-af2bb6347519,https://london-trader-6b45bffdcd02.herokuapp.com,wss://london-trader-6b45bffdcd02.herokuapp.com,,1,6,ng,non_gamified,human_only,0.0,0,15,"[8.0, 4.0, 20.0, 8.0, 8.0, 20.0, 20.0, 4.0, 20.0, 4.0, 20.0, 0.0, 8.0, 8.0, 8.0, 8.0, 8.0, 4.0, 4.0, 20.0, 0.0, 0.0, 8.0, 4.0, 4.0, 4.0, 20.0, 8.0, 8.0, 0.0, 8.0, 4.0, 4.0]",129.88,129.88,23,qxgij9sh,,,,,0
11,9x5fpgk2,,0,308,307,post_exp,FinalForProlific,2026-05-21 00:20:13.188564,1,,,6999.0,5,,0.0,8ca21702-83a8-4430-9ead-0119fc913da6,2742.9899999999975,47.0,8.0,376.0,3118.9899999999975,,2600.0,20.0,,,,,0.0,0,,,2,aa648e2e-d329-4dd5-8902-af2bb6347519,https://london-trader-6b45bffdcd02.herokuapp.com,wss://london-trader-6b45bffdcd02.herokuapp.com,,1,6,ng,non_gamified,human_only,0.0,0,15,"[8.0, 4.0, 20.0, 8.0, 8.0, 20.0, 20.0, 4.0, 20.0, 4.0, 20.0, 0.0, 8.0, 8.0, 8.0, 8.0, 8.0, 4.0, 4.0, 20.0, 0.0, 0.0, 8.0, 4.0, 4.0, 4.0, 20.0, 8.0, 8.0, 0.0, 8.0, 4.0, 4.0]",129.88,129.88,23,qxgij9sh,,,,,0
12,7d70uqk8,,0,308,307,post_exp,FinalForProlific,2026-05-21 00:20:13.195431,1,,,9064.0,6,,0.0,218b254a-e7c1-4487-8aff-ff693b11673d,2959.609999999999,18.0,8.0,144.0,3103.609999999999,,3800.0,10.0,,,,,0.0,0,,,2,aa648e2e-d329-4dd5-8902-af2bb6347519,https://london-trader-6b45bffdcd02.herokuapp.com,wss://london-trader-6b45bffdcd02.herokuapp.com,,1,6,ng,non_gamified,human_only,0.0,0,15,"[8.0, 4.0, 20.0, 8.0, 8.0, 20.0, 20.0, 4.0, 20.0, 4.0, 20.0, 0.0, 8.0, 8.0, 8.0, 8.0, 8.0, 4.0, 4.0, 20.0, 0.0, 0.0, 8.0, 4.0, 4.0, 4.0, 20.0, 8.0, 8.0, 0.0, 8.0, 4.0, 4.0]",129.88,129.88,23,qxgij9sh,,,,,0
13,dadcupjc,,0,308,307,post_exp,FinalForProlific,2026-05-21 00:20:13.202022,1,,,5593.0,1,,0.0,571f8b54-ffdc-4466-8066-90fb81d9dfc1,3426.61,15.0,8.0,120.0,3546.61,,2600.0,20.0,,,,,0.0,0,,,3,c06d584f-16fe-42a0-a5b0-281026bd6ca3,https://london-trader-6b45bffdcd02.herokuapp.com,wss://london-trader-6b45bffdcd02.herokuapp.com,,1,6,ghp,gamified,human_only,0.0,0,15,"[8.0, 4.0, 20.0, 8.0, 8.0, 20.0, 20.0, 4.0, 20.0, 4.0, 20.0, 0.0, 8.0, 8.0, 8.0, 8.0, 8.0, 4.0, 4.0, 20.0, 0.0, 0.0, 8.0, 4.0, 4.0, 4.0, 20.0, 8.0, 8.0, 0.0, 8.0, 4.0, 4.0]",68.26,68.26,23,qxgij9sh,,,,,0
14,stzawa55,,0,308,307,post_exp,FinalForProlific,2026-05-21 00:20:13.207535,1,,,6667.0,2,,0.0,29127936-c621-49bd-a572-059f4be7598b,4460.4,11.0,8.0,88.0,4548.4,,3800.0,10.0,,,,,0.0,0,,,3,c06d584f-16fe-42a0-a5b0-281026bd6ca3,https://london-trader-6b45bffdcd02.herokuapp.com,wss://london-trader-6b45bffdcd02.herokuapp.com,,1,6,ghp,gamified,human_only,0.0,0,15,"[8.0, 4.0, 20.0, 8.0, 8.0, 20.0, 20.0, 4.0, 20.0, 4.0, 20.0, 0.0, 8.0, 8.0, 8.0, 8.0, 8.0, 4.0, 4.0, 20.0, 0.0, 0.0, 8.0, 4.0, 4.0, 4.0, 20.0, 8.0, 8.0, 0.0, 8.0, 4.0, 4.0]",68.26,68.26,23,qxgij9sh,,,,,0
15,ja9vp1ab,,0,308,307,post_exp,FinalForProlific,2026-05-21 00:20:13.214591,1,,,7291.0,3,,0.0,697c6d90-c662-4d2a-b95d-90564ff71af6,4557.63,0.0,8.0,0.0,4557.63,,2600.0,20.0,,,,,0.0,0,,,3,c06d584f-16fe-42a0-a5b0-281026bd6ca3,https://london-trader-6b45bffdcd02.herokuapp.com,wss://london-trader-6b45bffdcd02.herokuapp.com,,1,6,ghp,gamified,human_only,0.0,0,15,"[8.0, 4.0, 20.0, 8.0, 8.0, 20.0, 20.0, 4.0, 20.0, 4.0, 20.0, 0.0, 8.0, 8.0, 8.0, 8.0, 8.0, 4.0, 4.0, 20.0, 0.0, 0.0, 8.0, 4.0, 4.0, 4.0, 20.0, 8.0, 8.0, 0.0, 8.0, 4.0, 4.0]",68.26,68.26,23,qxgij9sh,,,,,0
16,tzbpp88u,,0,308,307,post_exp,FinalForProlific,2026-05-21 00:20:13.221123,1,,,5765.0,4,,0.0,dfd6c39d-ffc1-4115-942a-8b07c09007e9,1940.56,38.0,8.0,304.0,2244.56,,3800.0,10.0,,,,,0.0,0,,,3,c06d584f-16fe-42a0-a5b0-281026bd6ca3,https://london-trader-6b45bffdcd02.herokuapp.com,wss://london-trader-6b45bffdcd02.herokuapp.com,,1,6,ghp,gamified,human_only,0.0,0,15,"[8.0, 4.0, 20.0, 8.0, 8.0, 20.0, 20.0, 4.0, 20.0, 4.0, 20.0, 0.0, 8.0, 8.0, 8.0, 8.0, 8.0, 4.0, 4.0, 20.0, 0.0, 0.0, 8.0, 4.0, 4.0, 4.0, 20.0, 8.0, 8.0, 0.0, 8.0, 4.0, 4.0]",68.26,68.26,23,qxgij9sh,,,,,0
17,gr27p5tr,,0,308,307,post_exp,FinalForProlific,2026-05-21 00:20:13.227342,1,,,5642.0,5,,0.0,b1b707e4-d832-44a3-9c9f-a683db402492,3630.3999999999996,14.0,8.0,112.0,3742.3999999999996,,2600.0,20.0,,,,,0.0,0,,,3,c06d584f-16fe-42a0-a5b0-281026bd6ca3,https://london-trader-6b45bffdcd02.herokuapp.com,wss://london-trader-6b45bffdcd02.herokuapp.com,,1,6,ghp,gamified,human_only,0.0,0,15,"[8.0, 4.0, 20.0, 8.0, 8.0, 20.0, 20.0, 4.0, 20.0, 4.0, 20.0, 0.0, 8.0, 8.0, 8.0, 8.0, 8.0, 4.0, 4.0, 20.0, 0.0, 0.0, 8.0, 4.0, 4.0, 4.0, 20.0, 8.0, 8.0, 0.0, 8.0, 4.0, 4.0]",68.26,68.26,23,qxgij9sh,,,,,0
18,e60078af,,0,308,307,post_exp,FinalForProlific,2026-05-21 00:20:13.233350,1,,,4972.0,6,,0.0,316252be-ca5a-49d1-8696-39b139312e4e,3528.4,19.0,8.0,152.0,3680.4,,3800.0,10.0,,,,,0.0,0,,,3,c06d584f-16fe-42a0-a5b0-281026bd6ca3,https://london-trader-6b45bffdcd02.herokuapp.com,wss://london-trader-6b45bffdcd02.herokuapp.com,,1,6,ghp,gamified,human_only,0.0,0,15,"[8.0, 4.0, 20.0, 8.0, 8.0, 20.0, 20.0, 4.0, 20.0, 4.0, 20.0, 0.0, 8.0, 8.0, 8.0, 8.0, 8.0, 4.0, 4.0, 20.0, 0.0, 0.0, 8.0, 4.0, 4.0, 4.0, 20.0, 8.0, 8.0, 0.0, 8.0, 4.0, 4.0]",68.26,68.26,23,qxgij9sh,,,,,0
19,9mtusmd8,,0,308,307,post_exp,FinalForProlific,2026-05-21 00:20:13.239722,1,,,5453.0,1,,0.0,0d66d303-80a4-48cf-b86a-b7b3ec8e3d8f,3947.0,15.0,8.0,120.0,4067.0,,2600.0,20.0,,,,,0.0,0,,,4,eb0b7ae0-43db-4f00-81cb-43eaf9bf7432,https://london-trader-6b45bffdcd02.herokuapp.com,wss://london-trader-6b45bffdcd02.herokuapp.com,,1,1,ng,non_gamified,human_only,0.0,1,15,"[8.0, 4.0, 20.0, 8.0, 8.0, 20.0, 20.0, 4.0, 20.0, 4.0, 20.0, 0.0, 8.0, 8.0, 8.0, 8.0, 8.0, 4.0, 4.0, 20.0, 0.0, 0.0, 8.0, 4.0, 4.0, 4.0, 20.0, 8.0, 8.0, 0.0, 8.0, 4.0, 4.0]",127.0,127.0,23,qxgij9sh,,,,,0
1,g9jo03o9,,0,308,307,post_exp,FinalForProlific,2026-05-21 00:20:12.875424,1,,,5611.0,1,,0.0,66251611-12a2-4944-8723-b591a69a9824,3250.0,20.0,4.0,80.0,3330.0,,2600.0,20.0,90.0,3,"{""forecast_price_next_day"":90,""forecast_confidence_next_day"":3}",90.0,20.0,1,,,1,7639dc96-fd01-4576-8cdc-79c9d30dcd81,https://london-trader-6b45bffdcd02.herokuapp.com,wss://london-trader-6b45bffdcd02.herokuapp.com,,1,6,ghp,gamified,human_only,0.0,0,15,"[8.0, 4.0, 20.0, 8.0, 8.0, 20.0, 20.0, 4.0, 20.0, 4.0, 20.0, 0.0, 8.0, 8.0, 8.0, 8.0, 8.0, 4.0, 4.0, 20.0, 0.0, 0.0, 8.0, 4.0, 4.0, 4.0, 20.0, 8.0, 8.0, 0.0, 8.0, 4.0, 4.0]",107.5,107.5,24,qxgij9sh,,,,,0
2,h0ebvwds,,0,308,307,post_exp,FinalForProlific,2026-05-21 00:20:13.125533,1,,,5268.0,2,,0.0,0d138ea8-8160-4263-bab0-ef399294f8a7,4881.5,3.0,4.0,12.0,4893.5,,3800.0,10.0,73.0,3,"{""forecast_price_next_day"":73,""forecast_confidence_next_day"":3}",90.0,0.0,1,,,1,7639dc96-fd01-4576-8cdc-79c9d30dcd81,https://london-trader-6b45bffdcd02.herokuapp.com,wss://london-trader-6b45bffdcd02.herokuapp.com,,1,6,ghp,gamified,human_only,0.0,0,15,"[8.0, 4.0, 20.0, 8.0, 8.0, 20.0, 20.0, 4.0, 20.0, 4.0, 20.0, 0.0, 8.0, 8.0, 8.0, 8.0, 8.0, 4.0, 4.0, 20.0, 0.0, 0.0, 8.0, 4.0, 4.0, 4.0, 20.0, 8.0, 8.0, 0.0, 8.0, 4.0, 4.0]",107.5,107.5,24,qxgij9sh,,,,,0
3,u2aoz11d,,0,308,307,post_exp,FinalForProlific,2026-05-21 00:20:13.130849,1,,,4992.0,3,,0.0,145e83a3-2fb7-443a-93d3-6f7e84aec434,3521.5,20.0,4.0,80.0,3601.5,,2600.0,20.0,100.0,4,"{""forecast_price_next_day"":100,""forecast_confidence_next_day"":4}",90.0,0.0,1,,,1,7639dc96-fd01-4576-8cdc-79c9d30dcd81,https://london-trader-6b45bffdcd02.herokuapp.com,wss://london-trader-6b45bffdcd02.herokuapp.com,,1,6,ghp,gamified,human_only,0.0,0,15,"[8.0, 4.0, 20.0, 8.0, 8.0, 20.0, 20.0, 4.0, 20.0, 4.0, 20.0, 0.0, 8.0, 8.0, 8.0, 8.0, 8.0, 4.0, 4.0, 20.0, 0.0, 0.0, 8.0, 4.0, 4.0, 4.0, 20.0, 8.0, 8.0, 0.0, 8.0, 4.0, 4.0]",107.5,107.5,24,qxgij9sh,,,,,0
4,90ay03zv,,0,308,307,post_exp,FinalForProlific,2026-05-21 00:20:13.140123,1,,,4543.0,4,,0.0,9cf3eabc-27f7-4754-a78b-8b9b1aca36d4,3400.5,15.0,4.0,60.0,3460.5,,3800.0,10.0,3700.0,4,"{""forecast_price_next_day"":3700,""forecast_confidence_next_day"":4}",90.0,0.0,1,,,1,7639dc96-fd01-4576-8cdc-79c9d30dcd81,https://london-trader-6b45bffdcd02.herokuapp.com,wss://london-trader-6b45bffdcd02.herokuapp.com,,1,6,ghp,gamified,human_only,0.0,0,15,"[8.0, 4.0, 20.0, 8.0, 8.0, 20.0, 20.0, 4.0, 20.0, 4.0, 20.0, 0.0, 8.0, 8.0, 8.0, 8.0, 8.0, 4.0, 4.0, 20.0, 0.0, 0.0, 8.0, 4.0, 4.0, 4.0, 20.0, 8.0, 8.0, 0.0, 8.0, 4.0, 4.0]",107.5,107.5,24,qxgij9sh,,,,,0
5,ukmvlwcs,,0,308,307,post_exp,FinalForProlific,2026-05-21 00:20:13.146394,1,,,5655.0,5,,0.0,4ffcf78f-4023-4892-9eef-146a5c209835,5592.0,0.0,4.0,0.0,5592.0,,2600.0,20.0,60.0,1,"{""forecast_price_next_day"":60,""forecast_confidence_next_day"":1}",90.0,0.0,1,,,1,7639dc96-fd01-4576-8cdc-79c9d30dcd81,https://london-trader-6b45bffdcd02.herokuapp.com,wss://london-trader-6b45bffdcd02.herokuapp.com,,1,6,ghp,gamified,human_only,0.0,0,15,"[8.0, 4.0, 20.0, 8.0, 8.0, 20.0, 20.0, 4.0, 20.0, 4.0, 20.0, 0.0, 8.0, 8.0, 8.0, 8.0, 8.0, 4.0, 4.0, 20.0, 0.0, 0.0, 8.0, 4.0, 4.0, 4.0, 20.0, 8.0, 8.0, 0.0, 8.0, 4.0, 4.0]",107.5,107.5,24,qxgij9sh,,,,,0
6,ehyb34jx,,0,308,307,post_exp,FinalForProlific,2026-05-21 00:20:13.152849,1,,,4044.0,6,,0.0,88efbdd9-40ef-4c34-921a-f39cc16113ce,1506.5,33.0,4.0,132.0,1638.5,,3800.0,10.0,100.0,5,"{""forecast_price_next_day"":100,""forecast_confidence_next_day"":5}",90.0,0.0,1,,,1,7639dc96-fd01-4576-8cdc-79c9d30dcd81,https://london-trader-6b45bffdcd02.herokuapp.com,wss://london-trader-6b45bffdcd02.herokuapp.com,,1,6,ghp,gamified,human_only,0.0,0,15,"[8.0, 4.0, 20.0, 8.0, 8.0, 20.0, 20.0, 4.0, 20.0, 4.0, 20.0, 0.0, 8.0, 8.0, 8.0, 8.0, 8.0, 4.0, 4.0, 20.0, 0.0, 0.0, 8.0, 4.0, 4.0, 4.0, 20.0, 8.0, 8.0, 0.0, 8.0, 4.0, 4.0]",107.5,107.5,24,qxgij9sh,,,,,0
7,6xvvhy1g,,0,308,307,post_exp,FinalForProlific,2026-05-21 00:20:13.159196,1,,,4941.0,1,,0.0,266b409b-ab01-469b-9133-7915001aa253,1603.0400000000031,30.0,4.0,120.0,1723.0400000000031,,2600.0,20.0,130.0,3,"{""forecast_price_next_day"":130.01,""forecast_confidence_next_day"":3}",131.9,20.0,1,,,2,aa648e2e-d329-4dd5-8902-af2bb6347519,https://london-trader-6b45bffdcd02.herokuapp.com,wss://london-trader-6b45bffdcd02.herokuapp.com,,1,6,ng,non_gamified,human_only,0.0,0,15,"[8.0, 4.0, 20.0, 8.0, 8.0, 20.0, 20.0, 4.0, 20.0, 4.0, 20.0, 0.0, 8.0, 8.0, 8.0, 8.0, 8.0, 4.0, 4.0, 20.0, 0.0, 0.0, 8.0, 4.0, 4.0, 4.0, 20.0, 8.0, 8.0, 0.0, 8.0, 4.0, 4.0]",131.73,131.73,24,qxgij9sh,,,,,0
8,o6ptk42l,,0,308,307,post_exp,FinalForProlific,2026-05-21 00:20:13.166131,1,,,5638.0,2,,0.0,a1224b50-e54d-4401-acb4-4fb3bfac8e8d,4967.2699999999995,3.0,4.0,12.0,4979.2699999999995,,3800.0,10.0,131.0,2,"{""forecast_price_next_day"":131,""forecast_confidence_next_day"":2}",131.9,20.0,1,,,2,aa648e2e-d329-4dd5-8902-af2bb6347519,https://london-trader-6b45bffdcd02.herokuapp.com,wss://london-trader-6b45bffdcd02.herokuapp.com,,1,6,ng,non_gamified,human_only,0.0,0,15,"[8.0, 4.0, 20.0, 8.0, 8.0, 20.0, 20.0, 4.0, 20.0, 4.0, 20.0, 0.0, 8.0, 8.0, 8.0, 8.0, 8.0, 4.0, 4.0, 20.0, 0.0, 0.0, 8.0, 4.0, 4.0, 4.0, 20.0, 8.0, 8.0, 0.0, 8.0, 4.0, 4.0]",131.73,131.73,24,qxgij9sh,,,,,0
9,vitm387c,,0,308,307,post_exp,FinalForProlific,2026-05-21 00:20:13.172514,1,,,4427.0,3,,0.0,4f2980e2-d10c-4c68-937f-78d5142dc0ef,1924.2699999999995,32.0,4.0,128.0,2052.2699999999995,,2600.0,20.0,132.0,2,"{""forecast_price_next_day"":132,""forecast_confidence_next_day"":2}",131.9,20.0,1,,,2,aa648e2e-d329-4dd5-8902-af2bb6347519,https://london-trader-6b45bffdcd02.herokuapp.com,wss://london-trader-6b45bffdcd02.herokuapp.com,,1,6,ng,non_gamified,human_only,0.0,0,15,"[8.0, 4.0, 20.0, 8.0, 8.0, 20.0, 20.0, 4.0, 20.0, 4.0, 20.0, 0.0, 8.0, 8.0, 8.0, 8.0, 8.0, 4.0, 4.0, 20.0, 0.0, 0.0, 8.0, 4.0, 4.0, 4.0, 20.0, 8.0, 8.0, 0.0, 8.0, 4.0, 4.0]",131.73,131.73,24,qxgij9sh,,,,,0
10,nngm5qgp,,0,308,307,post_exp,FinalForProlific,2026-05-21 00:20:13.181710,1,,,521.0,4,,0.0,198ae65a-873c-4c68-a85e-66eac976c7ab,5363.030000000002,1.0,4.0,4.0,5367.030000000002,,3800.0,10.0,132.0,2,"{""forecast_price_next_day"":132,""forecast_confidence_next_day"":2}",131.9,20.0,1,,,2,aa648e2e-d329-4dd5-8902-af2bb6347519,https://london-trader-6b45bffdcd02.herokuapp.com,wss://london-trader-6b45bffdcd02.herokuapp.com,,1,6,ng,non_gamified,human_only,0.0,0,15,"[8.0, 4.0, 20.0, 8.0, 8.0, 20.0, 20.0, 4.0, 20.0, 4.0, 20.0, 0.0, 8.0, 8.0, 8.0, 8.0, 8.0, 4.0, 4.0, 20.0, 0.0, 0.0, 8.0, 4.0, 4.0, 4.0, 20.0, 8.0, 8.0, 0.0, 8.0, 4.0, 4.0]",131.73,131.73,24,qxgij9sh,,,,,0
11,9x5fpgk2,,0,308,307,post_exp,FinalForProlific,2026-05-21 00:20:13.188564,1,,,6999.0,5,,0.0,8ca21702-83a8-4430-9ead-0119fc913da6,5350.3899999999985,18.0,4.0,72.0,5422.3899999999985,,2600.0,20.0,130.0,3,"{""forecast_price_next_day"":129.98,""forecast_confidence_next_day"":3}",131.9,20.0,1,,,2,aa648e2e-d329-4dd5-8902-af2bb6347519,https://london-trader-6b45bffdcd02.herokuapp.com,wss://london-trader-6b45bffdcd02.herokuapp.com,,1,6,ng,non_gamified,human_only,0.0,0,15,"[8.0, 4.0, 20.0, 8.0, 8.0, 20.0, 20.0, 4.0, 20.0, 4.0, 20.0, 0.0, 8.0, 8.0, 8.0, 8.0, 8.0, 4.0, 4.0, 20.0, 0.0, 0.0, 8.0, 4.0, 4.0, 4.0, 20.0, 8.0, 8.0, 0.0, 8.0, 4.0, 4.0]",131.73,131.73,24,qxgij9sh,,,,,0
12,7d70uqk8,,0,308,307,post_exp,FinalForProlific,2026-05-21 00:20:13.195431,1,,,9064.0,6,,0.0,218b254a-e7c1-4487-8aff-ff693b11673d,3631.9999999999986,16.0,4.0,64.0,3695.9999999999986,,3800.0,10.0,132.0,4,"{""forecast_price_next_day"":132,""forecast_confidence_next_day"":4}",131.9,20.0,1,,,2,aa648e2e-d329-4dd5-8902-af2bb6347519,https://london-trader-6b45bffdcd02.herokuapp.com,wss://london-trader-6b45bffdcd02.herokuapp.com,,1,6,ng,non_gamified,human_only,0.0,0,15,"[8.0, 4.0, 20.0, 8.0, 8.0, 20.0, 20.0, 4.0, 20.0, 4.0, 20.0, 0.0, 8.0, 8.0, 8.0, 8.0, 8.0, 4.0, 4.0, 20.0, 0.0, 0.0, 8.0, 4.0, 4.0, 4.0, 20.0, 8.0, 8.0, 0.0, 8.0, 4.0, 4.0]",131.73,131.73,24,qxgij9sh,,,,,0
13,dadcupjc,,0,308,307,post_exp,FinalForProlific,2026-05-21 00:20:13.202022,1,,,5593.0,1,,0.0,571f8b54-ffdc-4466-8066-90fb81d9dfc1,3614.7400000000002,13.0,4.0,52.0,3666.7400000000002,,2600.0,20.0,65.0,1,"{""forecast_price_next_day"":65,""forecast_confidence_next_day"":1}",65.0,20.0,1,,,3,c06d584f-16fe-42a0-a5b0-281026bd6ca3,https://london-trader-6b45bffdcd02.herokuapp.com,wss://london-trader-6b45bffdcd02.herokuapp.com,,1,6,ghp,gamified,human_only,0.0,0,15,"[8.0, 4.0, 20.0, 8.0, 8.0, 20.0, 20.0, 4.0, 20.0, 4.0, 20.0, 0.0, 8.0, 8.0, 8.0, 8.0, 8.0, 4.0, 4.0, 20.0, 0.0, 0.0, 8.0, 4.0, 4.0, 4.0, 20.0, 8.0, 8.0, 0.0, 8.0, 4.0, 4.0]",67.2,67.2,24,qxgij9sh,,,,,0
14,stzawa55,,0,308,307,post_exp,FinalForProlific,2026-05-21 00:20:13.207535,1,,,6667.0,2,,0.0,29127936-c621-49bd-a572-059f4be7598b,4679.7,5.0,4.0,20.0,4699.7,,3800.0,10.0,60.0,3,"{""forecast_price_next_day"":60,""forecast_confidence_next_day"":3}",65.0,0.0,1,,,3,c06d584f-16fe-42a0-a5b0-281026bd6ca3,https://london-trader-6b45bffdcd02.herokuapp.com,wss://london-trader-6b45bffdcd02.herokuapp.com,,1,6,ghp,gamified,human_only,0.0,0,15,"[8.0, 4.0, 20.0, 8.0, 8.0, 20.0, 20.0, 4.0, 20.0, 4.0, 20.0, 0.0, 8.0, 8.0, 8.0, 8.0, 8.0, 4.0, 4.0, 20.0, 0.0, 0.0, 8.0, 4.0, 4.0, 4.0, 20.0, 8.0, 8.0, 0.0, 8.0, 4.0, 4.0]",67.2,67.2,24,qxgij9sh,,,,,0
15,ja9vp1ab,,0,308,307,post_exp,FinalForProlific,2026-05-21 00:20:13.214591,1,,,7291.0,3,,0.0,697c6d90-c662-4d2a-b95d-90564ff71af6,4423.93,2.0,4.0,8.0,4431.93,,2600.0,20.0,64.0,3,"{""forecast_price_next_day"":64,""forecast_confidence_next_day"":3}",65.0,20.0,1,,,3,c06d584f-16fe-42a0-a5b0-281026bd6ca3,https://london-trader-6b45bffdcd02.herokuapp.com,wss://london-trader-6b45bffdcd02.herokuapp.com,,1,6,ghp,gamified,human_only,0.0,0,15,"[8.0, 4.0, 20.0, 8.0, 8.0, 20.0, 20.0, 4.0, 20.0, 4.0, 20.0, 0.0, 8.0, 8.0, 8.0, 8.0, 8.0, 4.0, 4.0, 20.0, 0.0, 0.0, 8.0, 4.0, 4.0, 4.0, 20.0, 8.0, 8.0, 0.0, 8.0, 4.0, 4.0]",67.2,67.2,24,qxgij9sh,,,,,0
16,tzbpp88u,,0,308,307,post_exp,FinalForProlific,2026-05-21 00:20:13.221123,1,,,5765.0,4,,0.0,dfd6c39d-ffc1-4115-942a-8b07c09007e9,2310.1299999999997,37.0,4.0,148.0,2458.1299999999997,,3800.0,10.0,68.0,4,"{""forecast_price_next_day"":67.68,""forecast_confidence_next_day"":4}",65.0,20.0,1,,,3,c06d584f-16fe-42a0-a5b0-281026bd6ca3,https://london-trader-6b45bffdcd02.herokuapp.com,wss://london-trader-6b45bffdcd02.herokuapp.com,,1,6,ghp,gamified,human_only,0.0,0,15,"[8.0, 4.0, 20.0, 8.0, 8.0, 20.0, 20.0, 4.0, 20.0, 4.0, 20.0, 0.0, 8.0, 8.0, 8.0, 8.0, 8.0, 4.0, 4.0, 20.0, 0.0, 0.0, 8.0, 4.0, 4.0, 4.0, 20.0, 8.0, 8.0, 0.0, 8.0, 4.0, 4.0]",67.2,67.2,24,qxgij9sh,,,,,0
17,gr27p5tr,,0,308,307,post_exp,FinalForProlific,2026-05-21 00:20:13.227342,1,,,5642.0,5,,0.0,b1b707e4-d832-44a3-9c9f-a683db402492,3678.3599999999997,20.0,4.0,80.0,3758.3599999999997,,2600.0,20.0,70.0,3,"{""forecast_price_next_day"":70,""forecast_confidence_next_day"":3}",65.0,0.0,1,,,3,c06d584f-16fe-42a0-a5b0-281026bd6ca3,https://london-trader-6b45bffdcd02.herokuapp.com,wss://london-trader-6b45bffdcd02.herokuapp.com,,1,6,ghp,gamified,human_only,0.0,0,15,"[8.0, 4.0, 20.0, 8.0, 8.0, 20.0, 20.0, 4.0, 20.0, 4.0, 20.0, 0.0, 8.0, 8.0, 8.0, 8.0, 8.0, 4.0, 4.0, 20.0, 0.0, 0.0, 8.0, 4.0, 4.0, 4.0, 20.0, 8.0, 8.0, 0.0, 8.0, 4.0, 4.0]",67.2,67.2,24,qxgij9sh,,,,,0
18,e60078af,,0,308,307,post_exp,FinalForProlific,2026-05-21 00:20:13.233350,1,,,4972.0,6,,0.0,316252be-ca5a-49d1-8696-39b139312e4e,3613.14,19.0,4.0,76.0,3689.14,,3800.0,10.0,69.0,4,"{""forecast_price_next_day"":69,""forecast_confidence_next_day"":4}",65.0,0.0,1,,,3,c06d584f-16fe-42a0-a5b0-281026bd6ca3,https://london-trader-6b45bffdcd02.herokuapp.com,wss://london-trader-6b45bffdcd02.herokuapp.com,,1,6,ghp,gamified,human_only,0.0,0,15,"[8.0, 4.0, 20.0, 8.0, 8.0, 20.0, 20.0, 4.0, 20.0, 4.0, 20.0, 0.0, 8.0, 8.0, 8.0, 8.0, 8.0, 4.0, 4.0, 20.0, 0.0, 0.0, 8.0, 4.0, 4.0, 4.0, 20.0, 8.0, 8.0, 0.0, 8.0, 4.0, 4.0]",67.2,67.2,24,qxgij9sh,,,,,0
19,9mtusmd8,,0,308,307,post_exp,FinalForProlific,2026-05-21 00:20:13.239722,1,,,5453.0,1,,0.0,0d66d303-80a4-48cf-b86a-b7b3ec8e3d8f,4067.0,14.0,4.0,56.0,4123.0,,2600.0,20.0,125.0,4,"{""forecast_price_next_day"":125,""forecast_confidence_next_day"":4}",127.0,20.0,1,,,4,eb0b7ae0-43db-4f00-81cb-43eaf9bf7432,https://london-trader-6b45bffdcd02.herokuapp.com,wss://london-trader-6b45bffdcd02.herokuapp.com,,1,1,ng,non_gamified,human_only,0.0,1,15,"[8.0, 4.0, 20.0, 8.0, 8.0, 20.0, 20.0, 4.0, 20.0, 4.0, 20.0, 0.0, 8.0, 8.0, 8.0, 8.0, 8.0, 4.0, 4.0, 20.0, 0.0, 0.0, 8.0, 4.0, 4.0, 4.0, 20.0, 8.0, 8.0, 0.0, 8.0, 4.0, 4.0]",127.0,127.0,24,qxgij9sh,,,,,0
1,g9jo03o9,,0,308,307,post_exp,FinalForProlific,2026-05-21 00:20:12.875424,1,,,5611.0,1,,0.0,66251611-12a2-4944-8723-b591a69a9824,3330.0,20.0,4.0,80.0,3410.0,,2600.0,20.0,,,,,0.0,0,,,1,7639dc96-fd01-4576-8cdc-79c9d30dcd81,https://london-trader-6b45bffdcd02.herokuapp.com,wss://london-trader-6b45bffdcd02.herokuapp.com,,1,6,ghp,gamified,human_only,0.0,0,15,"[8.0, 4.0, 20.0, 8.0, 8.0, 20.0, 20.0, 4.0, 20.0, 4.0, 20.0, 0.0, 8.0, 8.0, 8.0, 8.0, 8.0, 4.0, 4.0, 20.0, 0.0, 0.0, 8.0, 4.0, 4.0, 4.0, 20.0, 8.0, 8.0, 0.0, 8.0, 4.0, 4.0]",90.0,90.0,25,qxgij9sh,,,,,0
2,h0ebvwds,,0,308,307,post_exp,FinalForProlific,2026-05-21 00:20:13.125533,1,,,5268.0,2,,0.0,0d138ea8-8160-4263-bab0-ef399294f8a7,4893.5,3.0,4.0,12.0,4905.5,,3800.0,10.0,,,,,0.0,0,,,1,7639dc96-fd01-4576-8cdc-79c9d30dcd81,https://london-trader-6b45bffdcd02.herokuapp.com,wss://london-trader-6b45bffdcd02.herokuapp.com,,1,6,ghp,gamified,human_only,0.0,0,15,"[8.0, 4.0, 20.0, 8.0, 8.0, 20.0, 20.0, 4.0, 20.0, 4.0, 20.0, 0.0, 8.0, 8.0, 8.0, 8.0, 8.0, 4.0, 4.0, 20.0, 0.0, 0.0, 8.0, 4.0, 4.0, 4.0, 20.0, 8.0, 8.0, 0.0, 8.0, 4.0, 4.0]",90.0,90.0,25,qxgij9sh,,,,,0
3,u2aoz11d,,0,308,307,post_exp,FinalForProlific,2026-05-21 00:20:13.130849,1,,,4992.0,3,,0.0,145e83a3-2fb7-443a-93d3-6f7e84aec434,3511.5,24.0,4.0,96.0,3607.5,,2600.0,20.0,,,,,0.0,0,,,1,7639dc96-fd01-4576-8cdc-79c9d30dcd81,https://london-trader-6b45bffdcd02.herokuapp.com,wss://london-trader-6b45bffdcd02.herokuapp.com,,1,6,ghp,gamified,human_only,0.0,0,15,"[8.0, 4.0, 20.0, 8.0, 8.0, 20.0, 20.0, 4.0, 20.0, 4.0, 20.0, 0.0, 8.0, 8.0, 8.0, 8.0, 8.0, 4.0, 4.0, 20.0, 0.0, 0.0, 8.0, 4.0, 4.0, 4.0, 20.0, 8.0, 8.0, 0.0, 8.0, 4.0, 4.0]",90.0,90.0,25,qxgij9sh,,,,,0
4,90ay03zv,,0,308,307,post_exp,FinalForProlific,2026-05-21 00:20:13.140123,1,,,4543.0,4,,0.0,9cf3eabc-27f7-4754-a78b-8b9b1aca36d4,3550.5,14.0,4.0,56.0,3606.5,,3800.0,10.0,,,,,0.0,0,,,1,7639dc96-fd01-4576-8cdc-79c9d30dcd81,https://london-trader-6b45bffdcd02.herokuapp.com,wss://london-trader-6b45bffdcd02.herokuapp.com,,1,6,ghp,gamified,human_only,0.0,0,15,"[8.0, 4.0, 20.0, 8.0, 8.0, 20.0, 20.0, 4.0, 20.0, 4.0, 20.0, 0.0, 8.0, 8.0, 8.0, 8.0, 8.0, 4.0, 4.0, 20.0, 0.0, 0.0, 8.0, 4.0, 4.0, 4.0, 20.0, 8.0, 8.0, 0.0, 8.0, 4.0, 4.0]",90.0,90.0,25,qxgij9sh,,,,,0
5,ukmvlwcs,,0,308,307,post_exp,FinalForProlific,2026-05-21 00:20:13.146394,1,,,5655.0,5,,0.0,4ffcf78f-4023-4892-9eef-146a5c209835,5592.0,0.0,4.0,0.0,5592.0,,2600.0,20.0,,,,,0.0,0,,,1,7639dc96-fd01-4576-8cdc-79c9d30dcd81,https://london-trader-6b45bffdcd02.herokuapp.com,wss://london-trader-6b45bffdcd02.herokuapp.com,,1,6,ghp,gamified,human_only,0.0,0,15,"[8.0, 4.0, 20.0, 8.0, 8.0, 20.0, 20.0, 4.0, 20.0, 4.0, 20.0, 0.0, 8.0, 8.0, 8.0, 8.0, 8.0, 4.0, 4.0, 20.0, 0.0, 0.0, 8.0, 4.0, 4.0, 4.0, 20.0, 8.0, 8.0, 0.0, 8.0, 4.0, 4.0]",90.0,90.0,25,qxgij9sh,,,,,0
6,ehyb34jx,,0,308,307,post_exp,FinalForProlific,2026-05-21 00:20:13.152849,1,,,4044.0,6,,0.0,88efbdd9-40ef-4c34-921a-f39cc16113ce,1638.5,34.0,4.0,136.0,1774.5,,3800.0,10.0,,,,,0.0,0,,,1,7639dc96-fd01-4576-8cdc-79c9d30dcd81,https://london-trader-6b45bffdcd02.herokuapp.com,wss://london-trader-6b45bffdcd02.herokuapp.com,,1,6,ghp,gamified,human_only,0.0,0,15,"[8.0, 4.0, 20.0, 8.0, 8.0, 20.0, 20.0, 4.0, 20.0, 4.0, 20.0, 0.0, 8.0, 8.0, 8.0, 8.0, 8.0, 4.0, 4.0, 20.0, 0.0, 0.0, 8.0, 4.0, 4.0, 4.0, 20.0, 8.0, 8.0, 0.0, 8.0, 4.0, 4.0]",90.0,90.0,25,qxgij9sh,,,,,0
7,6xvvhy1g,,0,308,307,post_exp,FinalForProlific,2026-05-21 00:20:13.159196,1,,,4941.0,1,,0.0,266b409b-ab01-469b-9133-7915001aa253,9.61000000000331,49.0,4.0,196.0,205.6100000000033,,2600.0,20.0,,,,,0.0,0,,,2,aa648e2e-d329-4dd5-8902-af2bb6347519,https://london-trader-6b45bffdcd02.herokuapp.com,wss://london-trader-6b45bffdcd02.herokuapp.com,,1,6,ng,non_gamified,human_only,0.0,0,15,"[8.0, 4.0, 20.0, 8.0, 8.0, 20.0, 20.0, 4.0, 20.0, 4.0, 20.0, 0.0, 8.0, 8.0, 8.0, 8.0, 8.0, 4.0, 4.0, 20.0, 0.0, 0.0, 8.0, 4.0, 4.0, 4.0, 20.0, 8.0, 8.0, 0.0, 8.0, 4.0, 4.0]",131.9,131.9,25,qxgij9sh,,,,,0
8,o6ptk42l,,0,308,307,post_exp,FinalForProlific,2026-05-21 00:20:13.166131,1,,,5638.0,2,,0.0,a1224b50-e54d-4401-acb4-4fb3bfac8e8d,4979.2699999999995,3.0,4.0,12.0,4991.2699999999995,,3800.0,10.0,,,,,0.0,0,,,2,aa648e2e-d329-4dd5-8902-af2bb6347519,https://london-trader-6b45bffdcd02.herokuapp.com,wss://london-trader-6b45bffdcd02.herokuapp.com,,1,6,ng,non_gamified,human_only,0.0,0,15,"[8.0, 4.0, 20.0, 8.0, 8.0, 20.0, 20.0, 4.0, 20.0, 4.0, 20.0, 0.0, 8.0, 8.0, 8.0, 8.0, 8.0, 4.0, 4.0, 20.0, 0.0, 0.0, 8.0, 4.0, 4.0, 4.0, 20.0, 8.0, 8.0, 0.0, 8.0, 4.0, 4.0]",131.9,131.9,25,qxgij9sh,,,,,0
9,vitm387c,,0,308,307,post_exp,FinalForProlific,2026-05-21 00:20:13.172514,1,,,4427.0,3,,0.0,4f2980e2-d10c-4c68-937f-78d5142dc0ef,2052.2699999999995,32.0,4.0,128.0,2180.2699999999995,,2600.0,20.0,,,,,0.0,0,,,2,aa648e2e-d329-4dd5-8902-af2bb6347519,https://london-trader-6b45bffdcd02.herokuapp.com,wss://london-trader-6b45bffdcd02.herokuapp.com,,1,6,ng,non_gamified,human_only,0.0,0,15,"[8.0, 4.0, 20.0, 8.0, 8.0, 20.0, 20.0, 4.0, 20.0, 4.0, 20.0, 0.0, 8.0, 8.0, 8.0, 8.0, 8.0, 4.0, 4.0, 20.0, 0.0, 0.0, 8.0, 4.0, 4.0, 4.0, 20.0, 8.0, 8.0, 0.0, 8.0, 4.0, 4.0]",131.9,131.9,25,qxgij9sh,,,,,0
10,nngm5qgp,,0,308,307,post_exp,FinalForProlific,2026-05-21 00:20:13.181710,1,,,521.0,4,,0.0,198ae65a-873c-4c68-a85e-66eac976c7ab,5367.030000000002,2.0,4.0,8.0,5375.030000000002,,3800.0,10.0,,,,,0.0,0,,,2,aa648e2e-d329-4dd5-8902-af2bb6347519,https://london-trader-6b45bffdcd02.herokuapp.com,wss://london-trader-6b45bffdcd02.herokuapp.com,,1,6,ng,non_gamified,human_only,0.0,0,15,"[8.0, 4.0, 20.0, 8.0, 8.0, 20.0, 20.0, 4.0, 20.0, 4.0, 20.0, 0.0, 8.0, 8.0, 8.0, 8.0, 8.0, 4.0, 4.0, 20.0, 0.0, 0.0, 8.0, 4.0, 4.0, 4.0, 20.0, 8.0, 8.0, 0.0, 8.0, 4.0, 4.0]",131.9,131.9,25,qxgij9sh,,,,,0
11,9x5fpgk2,,0,308,307,post_exp,FinalForProlific,2026-05-21 00:20:13.188564,1,,,6999.0,5,,0.0,8ca21702-83a8-4430-9ead-0119fc913da6,6607.7699999999995,6.0,4.0,24.0,6631.7699999999995,,2600.0,20.0,,,,,0.0,0,,,2,aa648e2e-d329-4dd5-8902-af2bb6347519,https://london-trader-6b45bffdcd02.herokuapp.com,wss://london-trader-6b45bffdcd02.herokuapp.com,,1,6,ng,non_gamified,human_only,0.0,0,15,"[8.0, 4.0, 20.0, 8.0, 8.0, 20.0, 20.0, 4.0, 20.0, 4.0, 20.0, 0.0, 8.0, 8.0, 8.0, 8.0, 8.0, 4.0, 4.0, 20.0, 0.0, 0.0, 8.0, 4.0, 4.0, 4.0, 20.0, 8.0, 8.0, 0.0, 8.0, 4.0, 4.0]",131.9,131.9,25,qxgij9sh,,,,,0
12,7d70uqk8,,0,308,307,post_exp,FinalForProlific,2026-05-21 00:20:13.195431,1,,,9064.0,6,,0.0,218b254a-e7c1-4487-8aff-ff693b11673d,4224.049999999998,20.0,4.0,80.0,4304.049999999998,,3800.0,10.0,,,,,0.0,0,,,2,aa648e2e-d329-4dd5-8902-af2bb6347519,https://london-trader-6b45bffdcd02.herokuapp.com,wss://london-trader-6b45bffdcd02.herokuapp.com,,1,6,ng,non_gamified,human_only,0.0,0,15,"[8.0, 4.0, 20.0, 8.0, 8.0, 20.0, 20.0, 4.0, 20.0, 4.0, 20.0, 0.0, 8.0, 8.0, 8.0, 8.0, 8.0, 4.0, 4.0, 20.0, 0.0, 0.0, 8.0, 4.0, 4.0, 4.0, 20.0, 8.0, 8.0, 0.0, 8.0, 4.0, 4.0]",131.9,131.9,25,qxgij9sh,,,,,0
13,dadcupjc,,0,308,307,post_exp,FinalForProlific,2026-05-21 00:20:13.202022,1,,,5593.0,1,,0.0,571f8b54-ffdc-4466-8066-90fb81d9dfc1,3732.94,12.0,4.0,48.0,3780.94,,2600.0,20.0,,,,,0.0,0,,,3,c06d584f-16fe-42a0-a5b0-281026bd6ca3,https://london-trader-6b45bffdcd02.herokuapp.com,wss://london-trader-6b45bffdcd02.herokuapp.com,,1,6,ghp,gamified,human_only,0.0,0,15,"[8.0, 4.0, 20.0, 8.0, 8.0, 20.0, 20.0, 4.0, 20.0, 4.0, 20.0, 0.0, 8.0, 8.0, 8.0, 8.0, 8.0, 4.0, 4.0, 20.0, 0.0, 0.0, 8.0, 4.0, 4.0, 4.0, 20.0, 8.0, 8.0, 0.0, 8.0, 4.0, 4.0]",65.0,65.0,25,qxgij9sh,,,,,0
14,stzawa55,,0,308,307,post_exp,FinalForProlific,2026-05-21 00:20:13.207535,1,,,6667.0,2,,0.0,29127936-c621-49bd-a572-059f4be7598b,4437.399999999999,11.0,4.0,44.0,4481.399999999999,,3800.0,10.0,,,,,0.0,0,,,3,c06d584f-16fe-42a0-a5b0-281026bd6ca3,https://london-trader-6b45bffdcd02.herokuapp.com,wss://london-trader-6b45bffdcd02.herokuapp.com,,1,6,ghp,gamified,human_only,0.0,0,15,"[8.0, 4.0, 20.0, 8.0, 8.0, 20.0, 20.0, 4.0, 20.0, 4.0, 20.0, 0.0, 8.0, 8.0, 8.0, 8.0, 8.0, 4.0, 4.0, 20.0, 0.0, 0.0, 8.0, 4.0, 4.0, 4.0, 20.0, 8.0, 8.0, 0.0, 8.0, 4.0, 4.0]",65.0,65.0,25,qxgij9sh,,,,,0
15,ja9vp1ab,,0,308,307,post_exp,FinalForProlific,2026-05-21 00:20:13.214591,1,,,7291.0,3,,0.0,697c6d90-c662-4d2a-b95d-90564ff71af6,3829.0500000000006,12.0,4.0,48.0,3877.0500000000006,,2600.0,20.0,,,,,0.0,0,,,3,c06d584f-16fe-42a0-a5b0-281026bd6ca3,https://london-trader-6b45bffdcd02.herokuapp.com,wss://london-trader-6b45bffdcd02.herokuapp.com,,1,6,ghp,gamified,human_only,0.0,0,15,"[8.0, 4.0, 20.0, 8.0, 8.0, 20.0, 20.0, 4.0, 20.0, 4.0, 20.0, 0.0, 8.0, 8.0, 8.0, 8.0, 8.0, 4.0, 4.0, 20.0, 0.0, 0.0, 8.0, 4.0, 4.0, 4.0, 20.0, 8.0, 8.0, 0.0, 8.0, 4.0, 4.0]",65.0,65.0,25,qxgij9sh,,,,,0
16,tzbpp88u,,0,308,307,post_exp,FinalForProlific,2026-05-21 00:20:13.221123,1,,,5765.0,4,,0.0,dfd6c39d-ffc1-4115-942a-8b07c09007e9,3518.67,21.0,4.0,84.0,3602.67,,3800.0,10.0,,,,,0.0,0,,,3,c06d584f-16fe-42a0-a5b0-281026bd6ca3,https://london-trader-6b45bffdcd02.herokuapp.com,wss://london-trader-6b45bffdcd02.herokuapp.com,,1,6,ghp,gamified,human_only,0.0,0,15,"[8.0, 4.0, 20.0, 8.0, 8.0, 20.0, 20.0, 4.0, 20.0, 4.0, 20.0, 0.0, 8.0, 8.0, 8.0, 8.0, 8.0, 4.0, 4.0, 20.0, 0.0, 0.0, 8.0, 4.0, 4.0, 4.0, 20.0, 8.0, 8.0, 0.0, 8.0, 4.0, 4.0]",65.0,65.0,25,qxgij9sh,,,,,0
17,gr27p5tr,,0,308,307,post_exp,FinalForProlific,2026-05-21 00:20:13.227342,1,,,5642.0,5,,0.0,b1b707e4-d832-44a3-9c9f-a683db402492,3758.3599999999997,30.0,4.0,120.0,3878.3599999999997,,2600.0,20.0,,,,,0.0,0,,,3,c06d584f-16fe-42a0-a5b0-281026bd6ca3,https://london-trader-6b45bffdcd02.herokuapp.com,wss://london-trader-6b45bffdcd02.herokuapp.com,,1,6,ghp,gamified,human_only,0.0,0,15,"[8.0, 4.0, 20.0, 8.0, 8.0, 20.0, 20.0, 4.0, 20.0, 4.0, 20.0, 0.0, 8.0, 8.0, 8.0, 8.0, 8.0, 4.0, 4.0, 20.0, 0.0, 0.0, 8.0, 4.0, 4.0, 4.0, 20.0, 8.0, 8.0, 0.0, 8.0, 4.0, 4.0]",65.0,65.0,25,qxgij9sh,,,,,0
18,e60078af,,0,308,307,post_exp,FinalForProlific,2026-05-21 00:20:13.233350,1,,,4972.0,6,,0.0,316252be-ca5a-49d1-8696-39b139312e4e,3427.58,23.0,4.0,92.0,3519.58,,3800.0,10.0,,,,,0.0,0,,,3,c06d584f-16fe-42a0-a5b0-281026bd6ca3,https://london-trader-6b45bffdcd02.herokuapp.com,wss://london-trader-6b45bffdcd02.herokuapp.com,,1,6,ghp,gamified,human_only,0.0,0,15,"[8.0, 4.0, 20.0, 8.0, 8.0, 20.0, 20.0, 4.0, 20.0, 4.0, 20.0, 0.0, 8.0, 8.0, 8.0, 8.0, 8.0, 4.0, 4.0, 20.0, 0.0, 0.0, 8.0, 4.0, 4.0, 4.0, 20.0, 8.0, 8.0, 0.0, 8.0, 4.0, 4.0]",65.0,65.0,25,qxgij9sh,,,,,0
19,9mtusmd8,,0,308,307,post_exp,FinalForProlific,2026-05-21 00:20:13.239722,1,,,5453.0,1,,0.0,0d66d303-80a4-48cf-b86a-b7b3ec8e3d8f,4123.0,13.0,4.0,52.0,4175.0,,2600.0,20.0,,,,,0.0,0,,,4,eb0b7ae0-43db-4f00-81cb-43eaf9bf7432,https://london-trader-6b45bffdcd02.herokuapp.com,wss://london-trader-6b45bffdcd02.herokuapp.com,,1,1,ng,non_gamified,human_only,0.0,1,15,"[8.0, 4.0, 20.0, 8.0, 8.0, 20.0, 20.0, 4.0, 20.0, 4.0, 20.0, 0.0, 8.0, 8.0, 8.0, 8.0, 8.0, 4.0, 4.0, 20.0, 0.0, 0.0, 8.0, 4.0, 4.0, 4.0, 20.0, 8.0, 8.0, 0.0, 8.0, 4.0, 4.0]",127.0,127.0,25,qxgij9sh,,,,,0
1,g9jo03o9,,0,308,307,post_exp,FinalForProlific,2026-05-21 00:20:12.875424,1,,,5611.0,1,,0.0,66251611-12a2-4944-8723-b591a69a9824,3410.0,20.0,4.0,80.0,3490.0,,2600.0,20.0,,,,,0.0,0,,,1,7639dc96-fd01-4576-8cdc-79c9d30dcd81,https://london-trader-6b45bffdcd02.herokuapp.com,wss://london-trader-6b45bffdcd02.herokuapp.com,,1,6,ghp,gamified,human_only,0.0,0,15,"[8.0, 4.0, 20.0, 8.0, 8.0, 20.0, 20.0, 4.0, 20.0, 4.0, 20.0, 0.0, 8.0, 8.0, 8.0, 8.0, 8.0, 4.0, 4.0, 20.0, 0.0, 0.0, 8.0, 4.0, 4.0, 4.0, 20.0, 8.0, 8.0, 0.0, 8.0, 4.0, 4.0]",80.0,80.0,26,qxgij9sh,,,,,0
2,h0ebvwds,,0,308,307,post_exp,FinalForProlific,2026-05-21 00:20:13.125533,1,,,5268.0,2,,0.0,0d138ea8-8160-4263-bab0-ef399294f8a7,4905.5,3.0,4.0,12.0,4917.5,,3800.0,10.0,,,,,0.0,0,,,1,7639dc96-fd01-4576-8cdc-79c9d30dcd81,https://london-trader-6b45bffdcd02.herokuapp.com,wss://london-trader-6b45bffdcd02.herokuapp.com,,1,6,ghp,gamified,human_only,0.0,0,15,"[8.0, 4.0, 20.0, 8.0, 8.0, 20.0, 20.0, 4.0, 20.0, 4.0, 20.0, 0.0, 8.0, 8.0, 8.0, 8.0, 8.0, 4.0, 4.0, 20.0, 0.0, 0.0, 8.0, 4.0, 4.0, 4.0, 20.0, 8.0, 8.0, 0.0, 8.0, 4.0, 4.0]",80.0,80.0,26,qxgij9sh,,,,,0
3,u2aoz11d,,0,308,307,post_exp,FinalForProlific,2026-05-21 00:20:13.130849,1,,,4992.0,3,,0.0,145e83a3-2fb7-443a-93d3-6f7e84aec434,3707.5,23.0,4.0,92.0,3799.5,,2600.0,20.0,,,,,0.0,0,,,1,7639dc96-fd01-4576-8cdc-79c9d30dcd81,https://london-trader-6b45bffdcd02.herokuapp.com,wss://london-trader-6b45bffdcd02.herokuapp.com,,1,6,ghp,gamified,human_only,0.0,0,15,"[8.0, 4.0, 20.0, 8.0, 8.0, 20.0, 20.0, 4.0, 20.0, 4.0, 20.0, 0.0, 8.0, 8.0, 8.0, 8.0, 8.0, 4.0, 4.0, 20.0, 0.0, 0.0, 8.0, 4.0, 4.0, 4.0, 20.0, 8.0, 8.0, 0.0, 8.0, 4.0, 4.0]",80.0,80.0,26,qxgij9sh,,,,,0
4,90ay03zv,,0,308,307,post_exp,FinalForProlific,2026-05-21 00:20:13.140123,1,,,4543.0,4,,0.0,9cf3eabc-27f7-4754-a78b-8b9b1aca36d4,3686.5,13.0,4.0,52.0,3738.5,,3800.0,10.0,,,,,0.0,0,,,1,7639dc96-fd01-4576-8cdc-79c9d30dcd81,https://london-trader-6b45bffdcd02.herokuapp.com,wss://london-trader-6b45bffdcd02.herokuapp.com,,1,6,ghp,gamified,human_only,0.0,0,15,"[8.0, 4.0, 20.0, 8.0, 8.0, 20.0, 20.0, 4.0, 20.0, 4.0, 20.0, 0.0, 8.0, 8.0, 8.0, 8.0, 8.0, 4.0, 4.0, 20.0, 0.0, 0.0, 8.0, 4.0, 4.0, 4.0, 20.0, 8.0, 8.0, 0.0, 8.0, 4.0, 4.0]",80.0,80.0,26,qxgij9sh,,,,,0
5,ukmvlwcs,,0,308,307,post_exp,FinalForProlific,2026-05-21 00:20:13.146394,1,,,5655.0,5,,0.0,4ffcf78f-4023-4892-9eef-146a5c209835,5592.0,0.0,4.0,0.0,5592.0,,2600.0,20.0,,,,,0.0,0,,,1,7639dc96-fd01-4576-8cdc-79c9d30dcd81,https://london-trader-6b45bffdcd02.herokuapp.com,wss://london-trader-6b45bffdcd02.herokuapp.com,,1,6,ghp,gamified,human_only,0.0,0,15,"[8.0, 4.0, 20.0, 8.0, 8.0, 20.0, 20.0, 4.0, 20.0, 4.0, 20.0, 0.0, 8.0, 8.0, 8.0, 8.0, 8.0, 4.0, 4.0, 20.0, 0.0, 0.0, 8.0, 4.0, 4.0, 4.0, 20.0, 8.0, 8.0, 0.0, 8.0, 4.0, 4.0]",80.0,80.0,26,qxgij9sh,,,,,0
6,ehyb34jx,,0,308,307,post_exp,FinalForProlific,2026-05-21 00:20:13.152849,1,,,4044.0,6,,0.0,88efbdd9-40ef-4c34-921a-f39cc16113ce,1594.5,34.0,4.0,136.0,1730.5,,3800.0,10.0,,,,,0.0,0,,,1,7639dc96-fd01-4576-8cdc-79c9d30dcd81,https://london-trader-6b45bffdcd02.herokuapp.com,wss://london-trader-6b45bffdcd02.herokuapp.com,,1,6,ghp,gamified,human_only,0.0,0,15,"[8.0, 4.0, 20.0, 8.0, 8.0, 20.0, 20.0, 4.0, 20.0, 4.0, 20.0, 0.0, 8.0, 8.0, 8.0, 8.0, 8.0, 4.0, 4.0, 20.0, 0.0, 0.0, 8.0, 4.0, 4.0, 4.0, 20.0, 8.0, 8.0, 0.0, 8.0, 4.0, 4.0]",80.0,80.0,26,qxgij9sh,,,,,0
7,6xvvhy1g,,0,308,307,post_exp,FinalForProlific,2026-05-21 00:20:13.159196,1,,,4941.0,1,,0.0,266b409b-ab01-469b-9133-7915001aa253,4929.690000000003,7.0,4.0,28.0,4957.690000000003,,2600.0,20.0,,,,,0.0,0,,,2,aa648e2e-d329-4dd5-8902-af2bb6347519,https://london-trader-6b45bffdcd02.herokuapp.com,wss://london-trader-6b45bffdcd02.herokuapp.com,,1,6,ng,non_gamified,human_only,0.0,0,15,"[8.0, 4.0, 20.0, 8.0, 8.0, 20.0, 20.0, 4.0, 20.0, 4.0, 20.0, 0.0, 8.0, 8.0, 8.0, 8.0, 8.0, 4.0, 4.0, 20.0, 0.0, 0.0, 8.0, 4.0, 4.0, 4.0, 20.0, 8.0, 8.0, 0.0, 8.0, 4.0, 4.0]",131.0,131.0,26,qxgij9sh,,,,,0
8,o6ptk42l,,0,308,307,post_exp,FinalForProlific,2026-05-21 00:20:13.166131,1,,,5638.0,2,,0.0,a1224b50-e54d-4401-acb4-4fb3bfac8e8d,4728.389999999999,6.0,4.0,24.0,4752.389999999999,,3800.0,10.0,,,,,0.0,0,,,2,aa648e2e-d329-4dd5-8902-af2bb6347519,https://london-trader-6b45bffdcd02.herokuapp.com,wss://london-trader-6b45bffdcd02.herokuapp.com,,1,6,ng,non_gamified,human_only,0.0,0,15,"[8.0, 4.0, 20.0, 8.0, 8.0, 20.0, 20.0, 4.0, 20.0, 4.0, 20.0, 0.0, 8.0, 8.0, 8.0, 8.0, 8.0, 4.0, 4.0, 20.0, 0.0, 0.0, 8.0, 4.0, 4.0, 4.0, 20.0, 8.0, 8.0, 0.0, 8.0, 4.0, 4.0]",131.0,131.0,26,qxgij9sh,,,,,0
9,vitm387c,,0,308,307,post_exp,FinalForProlific,2026-05-21 00:20:13.172514,1,,,4427.0,3,,0.0,4f2980e2-d10c-4c68-937f-78d5142dc0ef,2180.2699999999995,32.0,4.0,128.0,2308.2699999999995,,2600.0,20.0,,,,,0.0,0,,,2,aa648e2e-d329-4dd5-8902-af2bb6347519,https://london-trader-6b45bffdcd02.herokuapp.com,wss://london-trader-6b45bffdcd02.herokuapp.com,,1,6,ng,non_gamified,human_only,0.0,0,15,"[8.0, 4.0, 20.0, 8.0, 8.0, 20.0, 20.0, 4.0, 20.0, 4.0, 20.0, 0.0, 8.0, 8.0, 8.0, 8.0, 8.0, 4.0, 4.0, 20.0, 0.0, 0.0, 8.0, 4.0, 4.0, 4.0, 20.0, 8.0, 8.0, 0.0, 8.0, 4.0, 4.0]",131.0,131.0,26,qxgij9sh,,,,,0
10,nngm5qgp,,0,308,307,post_exp,FinalForProlific,2026-05-21 00:20:13.181710,1,,,521.0,4,,0.0,198ae65a-873c-4c68-a85e-66eac976c7ab,2755.4500000000016,21.0,4.0,84.0,2839.4500000000016,,3800.0,10.0,,,,,0.0,0,,,2,aa648e2e-d329-4dd5-8902-af2bb6347519,https://london-trader-6b45bffdcd02.herokuapp.com,wss://london-trader-6b45bffdcd02.herokuapp.com,,1,6,ng,non_gamified,human_only,0.0,0,15,"[8.0, 4.0, 20.0, 8.0, 8.0, 20.0, 20.0, 4.0, 20.0, 4.0, 20.0, 0.0, 8.0, 8.0, 8.0, 8.0, 8.0, 4.0, 4.0, 20.0, 0.0, 0.0, 8.0, 4.0, 4.0, 4.0, 20.0, 8.0, 8.0, 0.0, 8.0, 4.0, 4.0]",131.0,131.0,26,qxgij9sh,,,,,0
11,9x5fpgk2,,0,308,307,post_exp,FinalForProlific,2026-05-21 00:20:13.188564,1,,,6999.0,5,,0.0,8ca21702-83a8-4430-9ead-0119fc913da6,3604.4999999999973,45.0,4.0,180.0,3784.4999999999973,,2600.0,20.0,,,,,0.0,0,,,2,aa648e2e-d329-4dd5-8902-af2bb6347519,https://london-trader-6b45bffdcd02.herokuapp.com,wss://london-trader-6b45bffdcd02.herokuapp.com,,1,6,ng,non_gamified,human_only,0.0,0,15,"[8.0, 4.0, 20.0, 8.0, 8.0, 20.0, 20.0, 4.0, 20.0, 4.0, 20.0, 0.0, 8.0, 8.0, 8.0, 8.0, 8.0, 4.0, 4.0, 20.0, 0.0, 0.0, 8.0, 4.0, 4.0, 4.0, 20.0, 8.0, 8.0, 0.0, 8.0, 4.0, 4.0]",131.0,131.0,26,qxgij9sh,,,,,0
12,7d70uqk8,,0,308,307,post_exp,FinalForProlific,2026-05-21 00:20:13.195431,1,,,9064.0,6,,0.0,218b254a-e7c1-4487-8aff-ff693b11673d,5489.7,2.0,4.0,8.0,5497.7,,3800.0,10.0,,,,,0.0,0,,,2,aa648e2e-d329-4dd5-8902-af2bb6347519,https://london-trader-6b45bffdcd02.herokuapp.com,wss://london-trader-6b45bffdcd02.herokuapp.com,,1,6,ng,non_gamified,human_only,0.0,0,15,"[8.0, 4.0, 20.0, 8.0, 8.0, 20.0, 20.0, 4.0, 20.0, 4.0, 20.0, 0.0, 8.0, 8.0, 8.0, 8.0, 8.0, 4.0, 4.0, 20.0, 0.0, 0.0, 8.0, 4.0, 4.0, 4.0, 20.0, 8.0, 8.0, 0.0, 8.0, 4.0, 4.0]",131.0,131.0,26,qxgij9sh,,,,,0
13,dadcupjc,,0,308,307,post_exp,FinalForProlific,2026-05-21 00:20:13.202022,1,,,5593.0,1,,0.0,571f8b54-ffdc-4466-8066-90fb81d9dfc1,3847.08,11.0,4.0,44.0,3891.08,,2600.0,20.0,,,,,0.0,0,,,3,c06d584f-16fe-42a0-a5b0-281026bd6ca3,https://london-trader-6b45bffdcd02.herokuapp.com,wss://london-trader-6b45bffdcd02.herokuapp.com,,1,6,ghp,gamified,human_only,0.0,0,15,"[8.0, 4.0, 20.0, 8.0, 8.0, 20.0, 20.0, 4.0, 20.0, 4.0, 20.0, 0.0, 8.0, 8.0, 8.0, 8.0, 8.0, 4.0, 4.0, 20.0, 0.0, 0.0, 8.0, 4.0, 4.0, 4.0, 20.0, 8.0, 8.0, 0.0, 8.0, 4.0, 4.0]",65.24,65.24,26,qxgij9sh,,,,,0
14,stzawa55,,0,308,307,post_exp,FinalForProlific,2026-05-21 00:20:13.207535,1,,,6667.0,2,,0.0,29127936-c621-49bd-a572-059f4be7598b,4416.399999999999,9.0,4.0,36.0,4452.399999999999,,3800.0,10.0,,,,,0.0,0,,,3,c06d584f-16fe-42a0-a5b0-281026bd6ca3,https://london-trader-6b45bffdcd02.herokuapp.com,wss://london-trader-6b45bffdcd02.herokuapp.com,,1,6,ghp,gamified,human_only,0.0,0,15,"[8.0, 4.0, 20.0, 8.0, 8.0, 20.0, 20.0, 4.0, 20.0, 4.0, 20.0, 0.0, 8.0, 8.0, 8.0, 8.0, 8.0, 4.0, 4.0, 20.0, 0.0, 0.0, 8.0, 4.0, 4.0, 4.0, 20.0, 8.0, 8.0, 0.0, 8.0, 4.0, 4.0]",65.24,65.24,26,qxgij9sh,,,,,0
15,ja9vp1ab,,0,308,307,post_exp,FinalForProlific,2026-05-21 00:20:13.214591,1,,,7291.0,3,,0.0,697c6d90-c662-4d2a-b95d-90564ff71af6,3614.840000000001,17.0,4.0,68.0,3682.840000000001,,2600.0,20.0,,,,,0.0,0,,,3,c06d584f-16fe-42a0-a5b0-281026bd6ca3,https://london-trader-6b45bffdcd02.herokuapp.com,wss://london-trader-6b45bffdcd02.herokuapp.com,,1,6,ghp,gamified,human_only,0.0,0,15,"[8.0, 4.0, 20.0, 8.0, 8.0, 20.0, 20.0, 4.0, 20.0, 4.0, 20.0, 0.0, 8.0, 8.0, 8.0, 8.0, 8.0, 4.0, 4.0, 20.0, 0.0, 0.0, 8.0, 4.0, 4.0, 4.0, 20.0, 8.0, 8.0, 0.0, 8.0, 4.0, 4.0]",65.24,65.24,26,qxgij9sh,,,,,0
16,tzbpp88u,,0,308,307,post_exp,FinalForProlific,2026-05-21 00:20:13.221123,1,,,5765.0,4,,0.0,dfd6c39d-ffc1-4115-942a-8b07c09007e9,3993.1199999999994,17.0,4.0,68.0,4061.1199999999994,,3800.0,10.0,,,,,0.0,0,,,3,c06d584f-16fe-42a0-a5b0-281026bd6ca3,https://london-trader-6b45bffdcd02.herokuapp.com,wss://london-trader-6b45bffdcd02.herokuapp.com,,1,6,ghp,gamified,human_only,0.0,0,15,"[8.0, 4.0, 20.0, 8.0, 8.0, 20.0, 20.0, 4.0, 20.0, 4.0, 20.0, 0.0, 8.0, 8.0, 8.0, 8.0, 8.0, 4.0, 4.0, 20.0, 0.0, 0.0, 8.0, 4.0, 4.0, 4.0, 20.0, 8.0, 8.0, 0.0, 8.0, 4.0, 4.0]",65.24,65.24,26,qxgij9sh,,,,,0
17,gr27p5tr,,0,308,307,post_exp,FinalForProlific,2026-05-21 00:20:13.227342,1,,,5642.0,5,,0.0,b1b707e4-d832-44a3-9c9f-a683db402492,3878.3599999999997,15.0,4.0,60.0,3938.3599999999997,,2600.0,20.0,,,,,0.0,0,,,3,c06d584f-16fe-42a0-a5b0-281026bd6ca3,https://london-trader-6b45bffdcd02.herokuapp.com,wss://london-trader-6b45bffdcd02.herokuapp.com,,1,6,ghp,gamified,human_only,0.0,0,15,"[8.0, 4.0, 20.0, 8.0, 8.0, 20.0, 20.0, 4.0, 20.0, 4.0, 20.0, 0.0, 8.0, 8.0, 8.0, 8.0, 8.0, 4.0, 4.0, 20.0, 0.0, 0.0, 8.0, 4.0, 4.0, 4.0, 20.0, 8.0, 8.0, 0.0, 8.0, 4.0, 4.0]",65.24,65.24,26,qxgij9sh,,,,,0
18,e60078af,,0,308,307,post_exp,FinalForProlific,2026-05-21 00:20:13.233350,1,,,4972.0,6,,0.0,316252be-ca5a-49d1-8696-39b139312e4e,3390.2000000000003,25.0,4.0,100.0,3490.2000000000003,,3800.0,10.0,,,,,0.0,0,,,3,c06d584f-16fe-42a0-a5b0-281026bd6ca3,https://london-trader-6b45bffdcd02.herokuapp.com,wss://london-trader-6b45bffdcd02.herokuapp.com,,1,6,ghp,gamified,human_only,0.0,0,15,"[8.0, 4.0, 20.0, 8.0, 8.0, 20.0, 20.0, 4.0, 20.0, 4.0, 20.0, 0.0, 8.0, 8.0, 8.0, 8.0, 8.0, 4.0, 4.0, 20.0, 0.0, 0.0, 8.0, 4.0, 4.0, 4.0, 20.0, 8.0, 8.0, 0.0, 8.0, 4.0, 4.0]",65.24,65.24,26,qxgij9sh,,,,,0
19,9mtusmd8,,0,308,307,post_exp,FinalForProlific,2026-05-21 00:20:13.239722,1,,,5453.0,1,,0.0,0d66d303-80a4-48cf-b86a-b7b3ec8e3d8f,4175.0,13.0,4.0,52.0,4227.0,,2600.0,20.0,,,,,0.0,0,,,4,eb0b7ae0-43db-4f00-81cb-43eaf9bf7432,https://london-trader-6b45bffdcd02.herokuapp.com,wss://london-trader-6b45bffdcd02.herokuapp.com,,1,1,ng,non_gamified,human_only,0.0,1,15,"[8.0, 4.0, 20.0, 8.0, 8.0, 20.0, 20.0, 4.0, 20.0, 4.0, 20.0, 0.0, 8.0, 8.0, 8.0, 8.0, 8.0, 4.0, 4.0, 20.0, 0.0, 0.0, 8.0, 4.0, 4.0, 4.0, 20.0, 8.0, 8.0, 0.0, 8.0, 4.0, 4.0]",127.0,127.0,26,qxgij9sh,,,,,0
1,g9jo03o9,,0,308,307,post_exp,FinalForProlific,2026-05-21 00:20:12.875424,1,,,5611.0,1,,0.0,66251611-12a2-4944-8723-b591a69a9824,3490.0,20.0,20.0,400.0,3890.0,,2600.0,20.0,50.0,3,"{""forecast_price_next_day"":50,""forecast_confidence_next_day"":3}",41.0,0.0,1,,,1,7639dc96-fd01-4576-8cdc-79c9d30dcd81,https://london-trader-6b45bffdcd02.herokuapp.com,wss://london-trader-6b45bffdcd02.herokuapp.com,,1,6,ghp,gamified,human_only,0.0,0,15,"[8.0, 4.0, 20.0, 8.0, 8.0, 20.0, 20.0, 4.0, 20.0, 4.0, 20.0, 0.0, 8.0, 8.0, 8.0, 8.0, 8.0, 4.0, 4.0, 20.0, 0.0, 0.0, 8.0, 4.0, 4.0, 4.0, 20.0, 8.0, 8.0, 0.0, 8.0, 4.0, 4.0]",54.56,54.56,27,qxgij9sh,,,,,0
2,h0ebvwds,,0,308,307,post_exp,FinalForProlific,2026-05-21 00:20:13.125533,1,,,5268.0,2,,0.0,0d138ea8-8160-4263-bab0-ef399294f8a7,4988.0,2.0,20.0,40.0,5028.0,,3800.0,10.0,45.0,4,"{""forecast_price_next_day"":45,""forecast_confidence_next_day"":4}",41.0,0.0,1,,,1,7639dc96-fd01-4576-8cdc-79c9d30dcd81,https://london-trader-6b45bffdcd02.herokuapp.com,wss://london-trader-6b45bffdcd02.herokuapp.com,,1,6,ghp,gamified,human_only,0.0,0,15,"[8.0, 4.0, 20.0, 8.0, 8.0, 20.0, 20.0, 4.0, 20.0, 4.0, 20.0, 0.0, 8.0, 8.0, 8.0, 8.0, 8.0, 4.0, 4.0, 20.0, 0.0, 0.0, 8.0, 4.0, 4.0, 4.0, 20.0, 8.0, 8.0, 0.0, 8.0, 4.0, 4.0]",54.56,54.56,27,qxgij9sh,,,,,0
3,u2aoz11d,,0,308,307,post_exp,FinalForProlific,2026-05-21 00:20:13.130849,1,,,4992.0,3,,0.0,145e83a3-2fb7-443a-93d3-6f7e84aec434,3996.1399999999994,16.0,20.0,320.0,4316.139999999999,,2600.0,20.0,50.0,5,"{""forecast_price_next_day"":50,""forecast_confidence_next_day"":5}",41.0,0.0,1,,,1,7639dc96-fd01-4576-8cdc-79c9d30dcd81,https://london-trader-6b45bffdcd02.herokuapp.com,wss://london-trader-6b45bffdcd02.herokuapp.com,,1,6,ghp,gamified,human_only,0.0,0,15,"[8.0, 4.0, 20.0, 8.0, 8.0, 20.0, 20.0, 4.0, 20.0, 4.0, 20.0, 0.0, 8.0, 8.0, 8.0, 8.0, 8.0, 4.0, 4.0, 20.0, 0.0, 0.0, 8.0, 4.0, 4.0, 4.0, 20.0, 8.0, 8.0, 0.0, 8.0, 4.0, 4.0]",54.56,54.56,27,qxgij9sh,,,,,0
4,90ay03zv,,0,308,307,post_exp,FinalForProlific,2026-05-21 00:20:13.140123,1,,,4543.0,4,,0.0,9cf3eabc-27f7-4754-a78b-8b9b1aca36d4,3525.26,17.0,20.0,340.0,3865.26,,3800.0,10.0,3700.0,4,"{""forecast_price_next_day"":3700,""forecast_confidence_next_day"":4}",41.0,0.0,1,,,1,7639dc96-fd01-4576-8cdc-79c9d30dcd81,https://london-trader-6b45bffdcd02.herokuapp.com,wss://london-trader-6b45bffdcd02.herokuapp.com,,1,6,ghp,gamified,human_only,0.0,0,15,"[8.0, 4.0, 20.0, 8.0, 8.0, 20.0, 20.0, 4.0, 20.0, 4.0, 20.0, 0.0, 8.0, 8.0, 8.0, 8.0, 8.0, 4.0, 4.0, 20.0, 0.0, 0.0, 8.0, 4.0, 4.0, 4.0, 20.0, 8.0, 8.0, 0.0, 8.0, 4.0, 4.0]",54.56,54.56,27,qxgij9sh,,,,,0
5,ukmvlwcs,,0,308,307,post_exp,FinalForProlific,2026-05-21 00:20:13.146394,1,,,5655.0,5,,0.0,4ffcf78f-4023-4892-9eef-146a5c209835,4999.759999999999,11.0,20.0,220.0,5219.759999999999,,2600.0,20.0,50.0,1,"{""forecast_price_next_day"":50,""forecast_confidence_next_day"":1}",41.0,0.0,1,,,1,7639dc96-fd01-4576-8cdc-79c9d30dcd81,https://london-trader-6b45bffdcd02.herokuapp.com,wss://london-trader-6b45bffdcd02.herokuapp.com,,1,6,ghp,gamified,human_only,0.0,0,15,"[8.0, 4.0, 20.0, 8.0, 8.0, 20.0, 20.0, 4.0, 20.0, 4.0, 20.0, 0.0, 8.0, 8.0, 8.0, 8.0, 8.0, 4.0, 4.0, 20.0, 0.0, 0.0, 8.0, 4.0, 4.0, 4.0, 20.0, 8.0, 8.0, 0.0, 8.0, 4.0, 4.0]",54.56,54.56,27,qxgij9sh,,,,,0
6,ehyb34jx,,0,308,307,post_exp,FinalForProlific,2026-05-21 00:20:13.152849,1,,,4044.0,6,,0.0,88efbdd9-40ef-4c34-921a-f39cc16113ce,2268.8400000000006,40.0,20.0,800.0,3068.8400000000006,,3800.0,10.0,0.0,0,,41.0,0.0,1,,,1,7639dc96-fd01-4576-8cdc-79c9d30dcd81,https://london-trader-6b45bffdcd02.herokuapp.com,wss://london-trader-6b45bffdcd02.herokuapp.com,,1,6,ghp,gamified,human_only,0.0,0,15,"[8.0, 4.0, 20.0, 8.0, 8.0, 20.0, 20.0, 4.0, 20.0, 4.0, 20.0, 0.0, 8.0, 8.0, 8.0, 8.0, 8.0, 4.0, 4.0, 20.0, 0.0, 0.0, 8.0, 4.0, 4.0, 4.0, 20.0, 8.0, 8.0, 0.0, 8.0, 4.0, 4.0]",54.56,54.56,27,qxgij9sh,,,,,0
7,6xvvhy1g,,0,308,307,post_exp,FinalForProlific,2026-05-21 00:20:13.159196,1,,,4941.0,1,,0.0,266b409b-ab01-469b-9133-7915001aa253,1123.1600000000035,36.0,20.0,720.0,1843.1600000000035,,2600.0,20.0,131.0,3,"{""forecast_price_next_day"":131.01,""forecast_confidence_next_day"":3}",131.01,20.0,1,,,2,aa648e2e-d329-4dd5-8902-af2bb6347519,https://london-trader-6b45bffdcd02.herokuapp.com,wss://london-trader-6b45bffdcd02.herokuapp.com,,1,6,ng,non_gamified,human_only,0.0,0,15,"[8.0, 4.0, 20.0, 8.0, 8.0, 20.0, 20.0, 4.0, 20.0, 4.0, 20.0, 0.0, 8.0, 8.0, 8.0, 8.0, 8.0, 4.0, 4.0, 20.0, 0.0, 0.0, 8.0, 4.0, 4.0, 4.0, 20.0, 8.0, 8.0, 0.0, 8.0, 4.0, 4.0]",131.02,131.02,27,qxgij9sh,,,,,0
8,o6ptk42l,,0,308,307,post_exp,FinalForProlific,2026-05-21 00:20:13.166131,1,,,5638.0,2,,0.0,a1224b50-e54d-4401-acb4-4fb3bfac8e8d,5018.289999999999,3.0,20.0,60.0,5078.289999999999,,3800.0,10.0,132.0,2,"{""forecast_price_next_day"":131.6,""forecast_confidence_next_day"":2}",131.01,20.0,1,,,2,aa648e2e-d329-4dd5-8902-af2bb6347519,https://london-trader-6b45bffdcd02.herokuapp.com,wss://london-trader-6b45bffdcd02.herokuapp.com,,1,6,ng,non_gamified,human_only,0.0,0,15,"[8.0, 4.0, 20.0, 8.0, 8.0, 20.0, 20.0, 4.0, 20.0, 4.0, 20.0, 0.0, 8.0, 8.0, 8.0, 8.0, 8.0, 4.0, 4.0, 20.0, 0.0, 0.0, 8.0, 4.0, 4.0, 4.0, 20.0, 8.0, 8.0, 0.0, 8.0, 4.0, 4.0]",131.02,131.02,27,qxgij9sh,,,,,0
9,vitm387c,,0,308,307,post_exp,FinalForProlific,2026-05-21 00:20:13.172514,1,,,4427.0,3,,0.0,4f2980e2-d10c-4c68-937f-78d5142dc0ef,2308.2699999999995,32.0,20.0,640.0,2948.2699999999995,,2600.0,20.0,131.0,4,"{""forecast_price_next_day"":131,""forecast_confidence_next_day"":4}",131.01,20.0,1,,,2,aa648e2e-d329-4dd5-8902-af2bb6347519,https://london-trader-6b45bffdcd02.herokuapp.com,wss://london-trader-6b45bffdcd02.herokuapp.com,,1,6,ng,non_gamified,human_only,0.0,0,15,"[8.0, 4.0, 20.0, 8.0, 8.0, 20.0, 20.0, 4.0, 20.0, 4.0, 20.0, 0.0, 8.0, 8.0, 8.0, 8.0, 8.0, 4.0, 4.0, 20.0, 0.0, 0.0, 8.0, 4.0, 4.0, 4.0, 20.0, 8.0, 8.0, 0.0, 8.0, 4.0, 4.0]",131.02,131.02,27,qxgij9sh,,,,,0
10,nngm5qgp,,0,308,307,post_exp,FinalForProlific,2026-05-21 00:20:13.181710,1,,,521.0,4,,0.0,198ae65a-873c-4c68-a85e-66eac976c7ab,4295.560000000001,10.0,20.0,200.0,4495.560000000001,,3800.0,10.0,131.0,2,"{""forecast_confidence_next_day"":2,""forecast_price_next_day"":131}",131.01,20.0,1,,,2,aa648e2e-d329-4dd5-8902-af2bb6347519,https://london-trader-6b45bffdcd02.herokuapp.com,wss://london-trader-6b45bffdcd02.herokuapp.com,,1,6,ng,non_gamified,human_only,0.0,0,15,"[8.0, 4.0, 20.0, 8.0, 8.0, 20.0, 20.0, 4.0, 20.0, 4.0, 20.0, 0.0, 8.0, 8.0, 8.0, 8.0, 8.0, 4.0, 4.0, 20.0, 0.0, 0.0, 8.0, 4.0, 4.0, 4.0, 20.0, 8.0, 8.0, 0.0, 8.0, 4.0, 4.0]",131.02,131.02,27,qxgij9sh,,,,,0
11,9x5fpgk2,,0,308,307,post_exp,FinalForProlific,2026-05-21 00:20:13.188564,1,,,6999.0,5,,0.0,8ca21702-83a8-4430-9ead-0119fc913da6,4972.649999999998,30.0,20.0,600.0,5572.649999999998,,2600.0,20.0,130.0,3,"{""forecast_price_next_day"":130.02,""forecast_confidence_next_day"":3}",131.01,20.0,1,,,2,aa648e2e-d329-4dd5-8902-af2bb6347519,https://london-trader-6b45bffdcd02.herokuapp.com,wss://london-trader-6b45bffdcd02.herokuapp.com,,1,6,ng,non_gamified,human_only,0.0,0,15,"[8.0, 4.0, 20.0, 8.0, 8.0, 20.0, 20.0, 4.0, 20.0, 4.0, 20.0, 0.0, 8.0, 8.0, 8.0, 8.0, 8.0, 4.0, 4.0, 20.0, 0.0, 0.0, 8.0, 4.0, 4.0, 4.0, 20.0, 8.0, 8.0, 0.0, 8.0, 4.0, 4.0]",131.02,131.02,27,qxgij9sh,,,,,0
12,7d70uqk8,,0,308,307,post_exp,FinalForProlific,2026-05-21 00:20:13.195431,1,,,9064.0,6,,0.0,218b254a-e7c1-4487-8aff-ff693b11673d,6422.070000000001,4.0,20.0,80.0,6502.070000000001,,3800.0,10.0,131.0,3,"{""forecast_price_next_day"":131,""forecast_confidence_next_day"":3}",131.01,20.0,1,,,2,aa648e2e-d329-4dd5-8902-af2bb6347519,https://london-trader-6b45bffdcd02.herokuapp.com,wss://london-trader-6b45bffdcd02.herokuapp.com,,1,6,ng,non_gamified,human_only,0.0,0,15,"[8.0, 4.0, 20.0, 8.0, 8.0, 20.0, 20.0, 4.0, 20.0, 4.0, 20.0, 0.0, 8.0, 8.0, 8.0, 8.0, 8.0, 4.0, 4.0, 20.0, 0.0, 0.0, 8.0, 4.0, 4.0, 4.0, 20.0, 8.0, 8.0, 0.0, 8.0, 4.0, 4.0]",131.02,131.02,27,qxgij9sh,,,,,0
13,dadcupjc,,0,308,307,post_exp,FinalForProlific,2026-05-21 00:20:13.202022,1,,,5593.0,1,,0.0,571f8b54-ffdc-4466-8066-90fb81d9dfc1,3956.209999999999,10.0,20.0,200.0,4156.209999999999,,2600.0,20.0,66.0,2,"{""forecast_price_next_day"":66,""forecast_confidence_next_day"":2}",64.25,20.0,1,,,3,c06d584f-16fe-42a0-a5b0-281026bd6ca3,https://london-trader-6b45bffdcd02.herokuapp.com,wss://london-trader-6b45bffdcd02.herokuapp.com,,1,6,ghp,gamified,human_only,0.0,0,15,"[8.0, 4.0, 20.0, 8.0, 8.0, 20.0, 20.0, 4.0, 20.0, 4.0, 20.0, 0.0, 8.0, 8.0, 8.0, 8.0, 8.0, 4.0, 4.0, 20.0, 0.0, 0.0, 8.0, 4.0, 4.0, 4.0, 20.0, 8.0, 8.0, 0.0, 8.0, 4.0, 4.0]",65.21,65.21,27,qxgij9sh,,,,,0
14,stzawa55,,0,308,307,post_exp,FinalForProlific,2026-05-21 00:20:13.207535,1,,,6667.0,2,,0.0,29127936-c621-49bd-a572-059f4be7598b,4777.799999999998,4.0,20.0,80.0,4857.799999999998,,3800.0,10.0,66.0,3,"{""forecast_price_next_day"":66.3,""forecast_confidence_next_day"":3}",64.25,20.0,1,,,3,c06d584f-16fe-42a0-a5b0-281026bd6ca3,https://london-trader-6b45bffdcd02.herokuapp.com,wss://london-trader-6b45bffdcd02.herokuapp.com,,1,6,ghp,gamified,human_only,0.0,0,15,"[8.0, 4.0, 20.0, 8.0, 8.0, 20.0, 20.0, 4.0, 20.0, 4.0, 20.0, 0.0, 8.0, 8.0, 8.0, 8.0, 8.0, 4.0, 4.0, 20.0, 0.0, 0.0, 8.0, 4.0, 4.0, 4.0, 20.0, 8.0, 8.0, 0.0, 8.0, 4.0, 4.0]",65.21,65.21,27,qxgij9sh,,,,,0
15,ja9vp1ab,,0,308,307,post_exp,FinalForProlific,2026-05-21 00:20:13.214591,1,,,7291.0,3,,0.0,697c6d90-c662-4d2a-b95d-90564ff71af6,4652.450000000002,0.0,20.0,0.0,4652.450000000002,,2600.0,20.0,66.0,3,"{""forecast_price_next_day"":66,""forecast_confidence_next_day"":3}",64.25,20.0,1,,,3,c06d584f-16fe-42a0-a5b0-281026bd6ca3,https://london-trader-6b45bffdcd02.herokuapp.com,wss://london-trader-6b45bffdcd02.herokuapp.com,,1,6,ghp,gamified,human_only,0.0,0,15,"[8.0, 4.0, 20.0, 8.0, 8.0, 20.0, 20.0, 4.0, 20.0, 4.0, 20.0, 0.0, 8.0, 8.0, 8.0, 8.0, 8.0, 4.0, 4.0, 20.0, 0.0, 0.0, 8.0, 4.0, 4.0, 4.0, 20.0, 8.0, 8.0, 0.0, 8.0, 4.0, 4.0]",65.21,65.21,27,qxgij9sh,,,,,0
16,tzbpp88u,,0,308,307,post_exp,FinalForProlific,2026-05-21 00:20:13.221123,1,,,5765.0,4,,0.0,dfd6c39d-ffc1-4115-942a-8b07c09007e9,3150.0899999999997,32.0,20.0,640.0,3790.0899999999997,,3800.0,10.0,64.0,2,"{""forecast_price_next_day"":64.21,""forecast_confidence_next_day"":2}",64.25,20.0,1,,,3,c06d584f-16fe-42a0-a5b0-281026bd6ca3,https://london-trader-6b45bffdcd02.herokuapp.com,wss://london-trader-6b45bffdcd02.herokuapp.com,,1,6,ghp,gamified,human_only,0.0,0,15,"[8.0, 4.0, 20.0, 8.0, 8.0, 20.0, 20.0, 4.0, 20.0, 4.0, 20.0, 0.0, 8.0, 8.0, 8.0, 8.0, 8.0, 4.0, 4.0, 20.0, 0.0, 0.0, 8.0, 4.0, 4.0, 4.0, 20.0, 8.0, 8.0, 0.0, 8.0, 4.0, 4.0]",65.21,65.21,27,qxgij9sh,,,,,0
17,gr27p5tr,,0,308,307,post_exp,FinalForProlific,2026-05-21 00:20:13.227342,1,,,5642.0,5,,0.0,b1b707e4-d832-44a3-9c9f-a683db402492,3554.4599999999996,21.0,20.0,420.0,3974.4599999999996,,2600.0,20.0,50.0,2,"{""forecast_price_next_day"":50,""forecast_confidence_next_day"":2}",64.25,0.0,1,,,3,c06d584f-16fe-42a0-a5b0-281026bd6ca3,https://london-trader-6b45bffdcd02.herokuapp.com,wss://london-trader-6b45bffdcd02.herokuapp.com,,1,6,ghp,gamified,human_only,0.0,0,15,"[8.0, 4.0, 20.0, 8.0, 8.0, 20.0, 20.0, 4.0, 20.0, 4.0, 20.0, 0.0, 8.0, 8.0, 8.0, 8.0, 8.0, 4.0, 4.0, 20.0, 0.0, 0.0, 8.0, 4.0, 4.0, 4.0, 20.0, 8.0, 8.0, 0.0, 8.0, 4.0, 4.0]",65.21,65.21,27,qxgij9sh,,,,,0
18,e60078af,,0,308,307,post_exp,FinalForProlific,2026-05-21 00:20:13.233350,1,,,4972.0,6,,0.0,316252be-ca5a-49d1-8696-39b139312e4e,3424.9900000000002,26.0,20.0,520.0,3944.9900000000002,,3800.0,10.0,64.0,3,"{""forecast_price_next_day"":64,""forecast_confidence_next_day"":3}",64.25,20.0,1,,,3,c06d584f-16fe-42a0-a5b0-281026bd6ca3,https://london-trader-6b45bffdcd02.herokuapp.com,wss://london-trader-6b45bffdcd02.herokuapp.com,,1,6,ghp,gamified,human_only,0.0,0,15,"[8.0, 4.0, 20.0, 8.0, 8.0, 20.0, 20.0, 4.0, 20.0, 4.0, 20.0, 0.0, 8.0, 8.0, 8.0, 8.0, 8.0, 4.0, 4.0, 20.0, 0.0, 0.0, 8.0, 4.0, 4.0, 4.0, 20.0, 8.0, 8.0, 0.0, 8.0, 4.0, 4.0]",65.21,65.21,27,qxgij9sh,,,,,0
19,9mtusmd8,,0,308,307,post_exp,FinalForProlific,2026-05-21 00:20:13.239722,1,,,5453.0,1,,0.0,0d66d303-80a4-48cf-b86a-b7b3ec8e3d8f,4354.0,13.0,20.0,260.0,4614.0,,2600.0,20.0,127.0,5,"{""forecast_price_next_day"":126.5,""forecast_confidence_next_day"":5}",127.0,20.0,1,,,4,eb0b7ae0-43db-4f00-81cb-43eaf9bf7432,https://london-trader-6b45bffdcd02.herokuapp.com,wss://london-trader-6b45bffdcd02.herokuapp.com,,1,1,ng,non_gamified,human_only,0.0,1,15,"[8.0, 4.0, 20.0, 8.0, 8.0, 20.0, 20.0, 4.0, 20.0, 4.0, 20.0, 0.0, 8.0, 8.0, 8.0, 8.0, 8.0, 4.0, 4.0, 20.0, 0.0, 0.0, 8.0, 4.0, 4.0, 4.0, 20.0, 8.0, 8.0, 0.0, 8.0, 4.0, 4.0]",127.0,127.0,27,qxgij9sh,,,,,0
1,g9jo03o9,,0,308,307,post_exp,FinalForProlific,2026-05-21 00:20:12.875424,1,,,5611.0,1,,0.0,66251611-12a2-4944-8723-b591a69a9824,3890.0,20.0,8.0,160.0,4050.0,,2600.0,20.0,,,,,0.0,0,,,1,7639dc96-fd01-4576-8cdc-79c9d30dcd81,https://london-trader-6b45bffdcd02.herokuapp.com,wss://london-trader-6b45bffdcd02.herokuapp.com,,1,6,ghp,gamified,human_only,0.0,0,15,"[8.0, 4.0, 20.0, 8.0, 8.0, 20.0, 20.0, 4.0, 20.0, 4.0, 20.0, 0.0, 8.0, 8.0, 8.0, 8.0, 8.0, 4.0, 4.0, 20.0, 0.0, 0.0, 8.0, 4.0, 4.0, 4.0, 20.0, 8.0, 8.0, 0.0, 8.0, 4.0, 4.0]",41.0,41.0,28,qxgij9sh,,,,,0
2,h0ebvwds,,0,308,307,post_exp,FinalForProlific,2026-05-21 00:20:13.125533,1,,,5268.0,2,,0.0,0d138ea8-8160-4263-bab0-ef399294f8a7,5028.0,2.0,8.0,16.0,5044.0,,3800.0,10.0,,,,,0.0,0,,,1,7639dc96-fd01-4576-8cdc-79c9d30dcd81,https://london-trader-6b45bffdcd02.herokuapp.com,wss://london-trader-6b45bffdcd02.herokuapp.com,,1,6,ghp,gamified,human_only,0.0,0,15,"[8.0, 4.0, 20.0, 8.0, 8.0, 20.0, 20.0, 4.0, 20.0, 4.0, 20.0, 0.0, 8.0, 8.0, 8.0, 8.0, 8.0, 4.0, 4.0, 20.0, 0.0, 0.0, 8.0, 4.0, 4.0, 4.0, 20.0, 8.0, 8.0, 0.0, 8.0, 4.0, 4.0]",41.0,41.0,28,qxgij9sh,,,,,0
3,u2aoz11d,,0,308,307,post_exp,FinalForProlific,2026-05-21 00:20:13.130849,1,,,4992.0,3,,0.0,145e83a3-2fb7-443a-93d3-6f7e84aec434,4457.139999999999,13.0,8.0,104.0,4561.139999999999,,2600.0,20.0,,,,,0.0,0,,,1,7639dc96-fd01-4576-8cdc-79c9d30dcd81,https://london-trader-6b45bffdcd02.herokuapp.com,wss://london-trader-6b45bffdcd02.herokuapp.com,,1,6,ghp,gamified,human_only,0.0,0,15,"[8.0, 4.0, 20.0, 8.0, 8.0, 20.0, 20.0, 4.0, 20.0, 4.0, 20.0, 0.0, 8.0, 8.0, 8.0, 8.0, 8.0, 4.0, 4.0, 20.0, 0.0, 0.0, 8.0, 4.0, 4.0, 4.0, 20.0, 8.0, 8.0, 0.0, 8.0, 4.0, 4.0]",41.0,41.0,28,qxgij9sh,,,,,0
4,90ay03zv,,0,308,307,post_exp,FinalForProlific,2026-05-21 00:20:13.140123,1,,,4543.0,4,,0.0,9cf3eabc-27f7-4754-a78b-8b9b1aca36d4,3978.26,14.0,8.0,112.0,4090.26,,3800.0,10.0,,,,,0.0,0,,,1,7639dc96-fd01-4576-8cdc-79c9d30dcd81,https://london-trader-6b45bffdcd02.herokuapp.com,wss://london-trader-6b45bffdcd02.herokuapp.com,,1,6,ghp,gamified,human_only,0.0,0,15,"[8.0, 4.0, 20.0, 8.0, 8.0, 20.0, 20.0, 4.0, 20.0, 4.0, 20.0, 0.0, 8.0, 8.0, 8.0, 8.0, 8.0, 4.0, 4.0, 20.0, 0.0, 0.0, 8.0, 4.0, 4.0, 4.0, 20.0, 8.0, 8.0, 0.0, 8.0, 4.0, 4.0]",41.0,41.0,28,qxgij9sh,,,,,0
5,ukmvlwcs,,0,308,307,post_exp,FinalForProlific,2026-05-21 00:20:13.146394,1,,,5655.0,5,,0.0,4ffcf78f-4023-4892-9eef-146a5c209835,4965.759999999999,21.0,8.0,168.0,5133.759999999999,,2600.0,20.0,,,,,0.0,0,,,1,7639dc96-fd01-4576-8cdc-79c9d30dcd81,https://london-trader-6b45bffdcd02.herokuapp.com,wss://london-trader-6b45bffdcd02.herokuapp.com,,1,6,ghp,gamified,human_only,0.0,0,15,"[8.0, 4.0, 20.0, 8.0, 8.0, 20.0, 20.0, 4.0, 20.0, 4.0, 20.0, 0.0, 8.0, 8.0, 8.0, 8.0, 8.0, 4.0, 4.0, 20.0, 0.0, 0.0, 8.0, 4.0, 4.0, 4.0, 20.0, 8.0, 8.0, 0.0, 8.0, 4.0, 4.0]",41.0,41.0,28,qxgij9sh,,,,,0
6,ehyb34jx,,0,308,307,post_exp,FinalForProlific,2026-05-21 00:20:13.152849,1,,,4044.0,6,,0.0,88efbdd9-40ef-4c34-921a-f39cc16113ce,3068.8400000000006,35.0,8.0,280.0,3348.8400000000006,,3800.0,10.0,,,,,0.0,0,,,1,7639dc96-fd01-4576-8cdc-79c9d30dcd81,https://london-trader-6b45bffdcd02.herokuapp.com,wss://london-trader-6b45bffdcd02.herokuapp.com,,1,6,ghp,gamified,human_only,0.0,0,15,"[8.0, 4.0, 20.0, 8.0, 8.0, 20.0, 20.0, 4.0, 20.0, 4.0, 20.0, 0.0, 8.0, 8.0, 8.0, 8.0, 8.0, 4.0, 4.0, 20.0, 0.0, 0.0, 8.0, 4.0, 4.0, 4.0, 20.0, 8.0, 8.0, 0.0, 8.0, 4.0, 4.0]",41.0,41.0,28,qxgij9sh,,,,,0
7,6xvvhy1g,,0,308,307,post_exp,FinalForProlific,2026-05-21 00:20:13.159196,1,,,4941.0,1,,0.0,266b409b-ab01-469b-9133-7915001aa253,5711.6000000000095,12.0,8.0,96.0,5807.6000000000095,,2600.0,20.0,,,,,0.0,0,,,2,aa648e2e-d329-4dd5-8902-af2bb6347519,https://london-trader-6b45bffdcd02.herokuapp.com,wss://london-trader-6b45bffdcd02.herokuapp.com,,1,6,ng,non_gamified,human_only,0.0,0,15,"[8.0, 4.0, 20.0, 8.0, 8.0, 20.0, 20.0, 4.0, 20.0, 4.0, 20.0, 0.0, 8.0, 8.0, 8.0, 8.0, 8.0, 4.0, 4.0, 20.0, 0.0, 0.0, 8.0, 4.0, 4.0, 4.0, 20.0, 8.0, 8.0, 0.0, 8.0, 4.0, 4.0]",131.01,131.01,28,qxgij9sh,,,,,0
8,o6ptk42l,,0,308,307,post_exp,FinalForProlific,2026-05-21 00:20:13.166131,1,,,5638.0,2,,0.0,a1224b50-e54d-4401-acb4-4fb3bfac8e8d,5078.289999999999,3.0,8.0,24.0,5102.289999999999,,3800.0,10.0,,,,,0.0,0,,,2,aa648e2e-d329-4dd5-8902-af2bb6347519,https://london-trader-6b45bffdcd02.herokuapp.com,wss://london-trader-6b45bffdcd02.herokuapp.com,,1,6,ng,non_gamified,human_only,0.0,0,15,"[8.0, 4.0, 20.0, 8.0, 8.0, 20.0, 20.0, 4.0, 20.0, 4.0, 20.0, 0.0, 8.0, 8.0, 8.0, 8.0, 8.0, 4.0, 4.0, 20.0, 0.0, 0.0, 8.0, 4.0, 4.0, 4.0, 20.0, 8.0, 8.0, 0.0, 8.0, 4.0, 4.0]",131.01,131.01,28,qxgij9sh,,,,,0
9,vitm387c,,0,308,307,post_exp,FinalForProlific,2026-05-21 00:20:13.172514,1,,,4427.0,3,,0.0,4f2980e2-d10c-4c68-937f-78d5142dc0ef,1893.6999999999998,40.0,8.0,320.0,2213.7,,2600.0,20.0,,,,,0.0,0,,,2,aa648e2e-d329-4dd5-8902-af2bb6347519,https://london-trader-6b45bffdcd02.herokuapp.com,wss://london-trader-6b45bffdcd02.herokuapp.com,,1,6,ng,non_gamified,human_only,0.0,0,15,"[8.0, 4.0, 20.0, 8.0, 8.0, 20.0, 20.0, 4.0, 20.0, 4.0, 20.0, 0.0, 8.0, 8.0, 8.0, 8.0, 8.0, 4.0, 4.0, 20.0, 0.0, 0.0, 8.0, 4.0, 4.0, 4.0, 20.0, 8.0, 8.0, 0.0, 8.0, 4.0, 4.0]",131.01,131.01,28,qxgij9sh,,,,,0
10,nngm5qgp,,0,308,307,post_exp,FinalForProlific,2026-05-21 00:20:13.181710,1,,,521.0,4,,0.0,198ae65a-873c-4c68-a85e-66eac976c7ab,5475.700000000001,4.0,8.0,32.0,5507.700000000001,,3800.0,10.0,,,,,0.0,0,,,2,aa648e2e-d329-4dd5-8902-af2bb6347519,https://london-trader-6b45bffdcd02.herokuapp.com,wss://london-trader-6b45bffdcd02.herokuapp.com,,1,6,ng,non_gamified,human_only,0.0,0,15,"[8.0, 4.0, 20.0, 8.0, 8.0, 20.0, 20.0, 4.0, 20.0, 4.0, 20.0, 0.0, 8.0, 8.0, 8.0, 8.0, 8.0, 4.0, 4.0, 20.0, 0.0, 0.0, 8.0, 4.0, 4.0, 4.0, 20.0, 8.0, 8.0, 0.0, 8.0, 4.0, 4.0]",131.01,131.01,28,qxgij9sh,,,,,0
11,9x5fpgk2,,0,308,307,post_exp,FinalForProlific,2026-05-21 00:20:13.188564,1,,,6999.0,5,,0.0,8ca21702-83a8-4430-9ead-0119fc913da6,2695.8899999999912,76.0,8.0,608.0,3303.8899999999912,,2600.0,20.0,,,,,0.0,0,,,2,aa648e2e-d329-4dd5-8902-af2bb6347519,https://london-trader-6b45bffdcd02.herokuapp.com,wss://london-trader-6b45bffdcd02.herokuapp.com,,1,6,ng,non_gamified,human_only,0.0,0,15,"[8.0, 4.0, 20.0, 8.0, 8.0, 20.0, 20.0, 4.0, 20.0, 4.0, 20.0, 0.0, 8.0, 8.0, 8.0, 8.0, 8.0, 4.0, 4.0, 20.0, 0.0, 0.0, 8.0, 4.0, 4.0, 4.0, 20.0, 8.0, 8.0, 0.0, 8.0, 4.0, 4.0]",131.01,131.01,28,qxgij9sh,,,,,0
12,7d70uqk8,,0,308,307,post_exp,FinalForProlific,2026-05-21 00:20:13.195431,1,,,9064.0,6,,0.0,218b254a-e7c1-4487-8aff-ff693b11673d,5584.820000000001,19.0,8.0,152.0,5736.820000000001,,3800.0,10.0,,,,,0.0,0,,,2,aa648e2e-d329-4dd5-8902-af2bb6347519,https://london-trader-6b45bffdcd02.herokuapp.com,wss://london-trader-6b45bffdcd02.herokuapp.com,,1,6,ng,non_gamified,human_only,0.0,0,15,"[8.0, 4.0, 20.0, 8.0, 8.0, 20.0, 20.0, 4.0, 20.0, 4.0, 20.0, 0.0, 8.0, 8.0, 8.0, 8.0, 8.0, 4.0, 4.0, 20.0, 0.0, 0.0, 8.0, 4.0, 4.0, 4.0, 20.0, 8.0, 8.0, 0.0, 8.0, 4.0, 4.0]",131.01,131.01,28,qxgij9sh,,,,,0
13,dadcupjc,,0,308,307,post_exp,FinalForProlific,2026-05-21 00:20:13.202022,1,,,5593.0,1,,0.0,571f8b54-ffdc-4466-8066-90fb81d9dfc1,4156.209999999999,10.0,8.0,80.0,4236.209999999999,,2600.0,20.0,,,,,0.0,0,,,3,c06d584f-16fe-42a0-a5b0-281026bd6ca3,https://london-trader-6b45bffdcd02.herokuapp.com,wss://london-trader-6b45bffdcd02.herokuapp.com,,1,6,ghp,gamified,human_only,0.0,0,15,"[8.0, 4.0, 20.0, 8.0, 8.0, 20.0, 20.0, 4.0, 20.0, 4.0, 20.0, 0.0, 8.0, 8.0, 8.0, 8.0, 8.0, 4.0, 4.0, 20.0, 0.0, 0.0, 8.0, 4.0, 4.0, 4.0, 20.0, 8.0, 8.0, 0.0, 8.0, 4.0, 4.0]",64.25,64.25,28,qxgij9sh,,,,,0
14,stzawa55,,0,308,307,post_exp,FinalForProlific,2026-05-21 00:20:13.207535,1,,,6667.0,2,,0.0,29127936-c621-49bd-a572-059f4be7598b,4857.799999999998,4.0,8.0,32.0,4889.799999999998,,3800.0,10.0,,,,,0.0,0,,,3,c06d584f-16fe-42a0-a5b0-281026bd6ca3,https://london-trader-6b45bffdcd02.herokuapp.com,wss://london-trader-6b45bffdcd02.herokuapp.com,,1,6,ghp,gamified,human_only,0.0,0,15,"[8.0, 4.0, 20.0, 8.0, 8.0, 20.0, 20.0, 4.0, 20.0, 4.0, 20.0, 0.0, 8.0, 8.0, 8.0, 8.0, 8.0, 4.0, 4.0, 20.0, 0.0, 0.0, 8.0, 4.0, 4.0, 4.0, 20.0, 8.0, 8.0, 0.0, 8.0, 4.0, 4.0]",64.25,64.25,28,qxgij9sh,,,,,0
15,ja9vp1ab,,0,308,307,post_exp,FinalForProlific,2026-05-21 00:20:13.214591,1,,,7291.0,3,,0.0,697c6d90-c662-4d2a-b95d-90564ff71af6,4260.440000000003,6.0,8.0,48.0,4308.440000000003,,2600.0,20.0,,,,,0.0,0,,,3,c06d584f-16fe-42a0-a5b0-281026bd6ca3,https://london-trader-6b45bffdcd02.herokuapp.com,wss://london-trader-6b45bffdcd02.herokuapp.com,,1,6,ghp,gamified,human_only,0.0,0,15,"[8.0, 4.0, 20.0, 8.0, 8.0, 20.0, 20.0, 4.0, 20.0, 4.0, 20.0, 0.0, 8.0, 8.0, 8.0, 8.0, 8.0, 4.0, 4.0, 20.0, 0.0, 0.0, 8.0, 4.0, 4.0, 4.0, 20.0, 8.0, 8.0, 0.0, 8.0, 4.0, 4.0]",64.25,64.25,28,qxgij9sh,,,,,0
16,tzbpp88u,,0,308,307,post_exp,FinalForProlific,2026-05-21 00:20:13.221123,1,,,5765.0,4,,0.0,dfd6c39d-ffc1-4115-942a-8b07c09007e9,3985.4299999999994,29.0,8.0,232.0,4217.429999999999,,3800.0,10.0,,,,,0.0,0,,,3,c06d584f-16fe-42a0-a5b0-281026bd6ca3,https://london-trader-6b45bffdcd02.herokuapp.com,wss://london-trader-6b45bffdcd02.herokuapp.com,,1,6,ghp,gamified,human_only,0.0,0,15,"[8.0, 4.0, 20.0, 8.0, 8.0, 20.0, 20.0, 4.0, 20.0, 4.0, 20.0, 0.0, 8.0, 8.0, 8.0, 8.0, 8.0, 4.0, 4.0, 20.0, 0.0, 0.0, 8.0, 4.0, 4.0, 4.0, 20.0, 8.0, 8.0, 0.0, 8.0, 4.0, 4.0]",64.25,64.25,28,qxgij9sh,,,,,0
17,gr27p5tr,,0,308,307,post_exp,FinalForProlific,2026-05-21 00:20:13.227342,1,,,5642.0,5,,0.0,b1b707e4-d832-44a3-9c9f-a683db402492,4171.129999999999,24.0,8.0,192.0,4363.129999999999,,2600.0,20.0,,,,,0.0,0,,,3,c06d584f-16fe-42a0-a5b0-281026bd6ca3,https://london-trader-6b45bffdcd02.herokuapp.com,wss://london-trader-6b45bffdcd02.herokuapp.com,,1,6,ghp,gamified,human_only,0.0,0,15,"[8.0, 4.0, 20.0, 8.0, 8.0, 20.0, 20.0, 4.0, 20.0, 4.0, 20.0, 0.0, 8.0, 8.0, 8.0, 8.0, 8.0, 4.0, 4.0, 20.0, 0.0, 0.0, 8.0, 4.0, 4.0, 4.0, 20.0, 8.0, 8.0, 0.0, 8.0, 4.0, 4.0]",64.25,64.25,28,qxgij9sh,,,,,0
18,e60078af,,0,308,307,post_exp,FinalForProlific,2026-05-21 00:20:13.233350,1,,,4972.0,6,,0.0,316252be-ca5a-49d1-8696-39b139312e4e,3944.99,26.0,8.0,208.0,4152.99,,3800.0,10.0,,,,,0.0,0,,,3,c06d584f-16fe-42a0-a5b0-281026bd6ca3,https://london-trader-6b45bffdcd02.herokuapp.com,wss://london-trader-6b45bffdcd02.herokuapp.com,,1,6,ghp,gamified,human_only,0.0,0,15,"[8.0, 4.0, 20.0, 8.0, 8.0, 20.0, 20.0, 4.0, 20.0, 4.0, 20.0, 0.0, 8.0, 8.0, 8.0, 8.0, 8.0, 4.0, 4.0, 20.0, 0.0, 0.0, 8.0, 4.0, 4.0, 4.0, 20.0, 8.0, 8.0, 0.0, 8.0, 4.0, 4.0]",64.25,64.25,28,qxgij9sh,,,,,0
19,9mtusmd8,,0,308,307,post_exp,FinalForProlific,2026-05-21 00:20:13.239722,1,,,5453.0,1,,0.0,0d66d303-80a4-48cf-b86a-b7b3ec8e3d8f,4614.0,15.0,8.0,120.0,4734.0,,2600.0,20.0,,,,,0.0,0,,,4,eb0b7ae0-43db-4f00-81cb-43eaf9bf7432,https://london-trader-6b45bffdcd02.herokuapp.com,wss://london-trader-6b45bffdcd02.herokuapp.com,,1,1,ng,non_gamified,human_only,0.0,1,15,"[8.0, 4.0, 20.0, 8.0, 8.0, 20.0, 20.0, 4.0, 20.0, 4.0, 20.0, 0.0, 8.0, 8.0, 8.0, 8.0, 8.0, 4.0, 4.0, 20.0, 0.0, 0.0, 8.0, 4.0, 4.0, 4.0, 20.0, 8.0, 8.0, 0.0, 8.0, 4.0, 4.0]",127.0,127.0,28,qxgij9sh,,,,,0
1,g9jo03o9,,0,308,307,post_exp,FinalForProlific,2026-05-21 00:20:12.875424,1,,,5611.0,1,,0.0,66251611-12a2-4944-8723-b591a69a9824,4050.0,20.0,8.0,160.0,4210.0,,2600.0,20.0,,,,,0.0,0,,,1,7639dc96-fd01-4576-8cdc-79c9d30dcd81,https://london-trader-6b45bffdcd02.herokuapp.com,wss://london-trader-6b45bffdcd02.herokuapp.com,,1,6,ghp,gamified,human_only,0.0,0,15,"[8.0, 4.0, 20.0, 8.0, 8.0, 20.0, 20.0, 4.0, 20.0, 4.0, 20.0, 0.0, 8.0, 8.0, 8.0, 8.0, 8.0, 4.0, 4.0, 20.0, 0.0, 0.0, 8.0, 4.0, 4.0, 4.0, 20.0, 8.0, 8.0, 0.0, 8.0, 4.0, 4.0]",21.57,21.57,29,qxgij9sh,,,,,0
2,h0ebvwds,,0,308,307,post_exp,FinalForProlific,2026-05-21 00:20:13.125533,1,,,5268.0,2,,0.0,0d138ea8-8160-4263-bab0-ef399294f8a7,4974.55,5.0,8.0,40.0,5014.55,,3800.0,10.0,,,,,0.0,0,,,1,7639dc96-fd01-4576-8cdc-79c9d30dcd81,https://london-trader-6b45bffdcd02.herokuapp.com,wss://london-trader-6b45bffdcd02.herokuapp.com,,1,6,ghp,gamified,human_only,0.0,0,15,"[8.0, 4.0, 20.0, 8.0, 8.0, 20.0, 20.0, 4.0, 20.0, 4.0, 20.0, 0.0, 8.0, 8.0, 8.0, 8.0, 8.0, 4.0, 4.0, 20.0, 0.0, 0.0, 8.0, 4.0, 4.0, 4.0, 20.0, 8.0, 8.0, 0.0, 8.0, 4.0, 4.0]",21.57,21.57,29,qxgij9sh,,,,,0
3,u2aoz11d,,0,308,307,post_exp,FinalForProlific,2026-05-21 00:20:13.130849,1,,,4992.0,3,,0.0,145e83a3-2fb7-443a-93d3-6f7e84aec434,4705.7699999999995,8.0,8.0,64.0,4769.7699999999995,,2600.0,20.0,,,,,0.0,0,,,1,7639dc96-fd01-4576-8cdc-79c9d30dcd81,https://london-trader-6b45bffdcd02.herokuapp.com,wss://london-trader-6b45bffdcd02.herokuapp.com,,1,6,ghp,gamified,human_only,0.0,0,15,"[8.0, 4.0, 20.0, 8.0, 8.0, 20.0, 20.0, 4.0, 20.0, 4.0, 20.0, 0.0, 8.0, 8.0, 8.0, 8.0, 8.0, 4.0, 4.0, 20.0, 0.0, 0.0, 8.0, 4.0, 4.0, 4.0, 20.0, 8.0, 8.0, 0.0, 8.0, 4.0, 4.0]",21.57,21.57,29,qxgij9sh,,,,,0
4,90ay03zv,,0,308,307,post_exp,FinalForProlific,2026-05-21 00:20:13.140123,1,,,4543.0,4,,0.0,9cf3eabc-27f7-4754-a78b-8b9b1aca36d4,4090.26,14.0,8.0,112.0,4202.26,,3800.0,10.0,,,,,0.0,0,,,1,7639dc96-fd01-4576-8cdc-79c9d30dcd81,https://london-trader-6b45bffdcd02.herokuapp.com,wss://london-trader-6b45bffdcd02.herokuapp.com,,1,6,ghp,gamified,human_only,0.0,0,15,"[8.0, 4.0, 20.0, 8.0, 8.0, 20.0, 20.0, 4.0, 20.0, 4.0, 20.0, 0.0, 8.0, 8.0, 8.0, 8.0, 8.0, 4.0, 4.0, 20.0, 0.0, 0.0, 8.0, 4.0, 4.0, 4.0, 20.0, 8.0, 8.0, 0.0, 8.0, 4.0, 4.0]",21.57,21.57,29,qxgij9sh,,,,,0
5,ukmvlwcs,,0,308,307,post_exp,FinalForProlific,2026-05-21 00:20:13.146394,1,,,5655.0,5,,0.0,4ffcf78f-4023-4892-9eef-146a5c209835,4720.379999999999,33.0,8.0,264.0,4984.379999999999,,2600.0,20.0,,,,,0.0,0,,,1,7639dc96-fd01-4576-8cdc-79c9d30dcd81,https://london-trader-6b45bffdcd02.herokuapp.com,wss://london-trader-6b45bffdcd02.herokuapp.com,,1,6,ghp,gamified,human_only,0.0,0,15,"[8.0, 4.0, 20.0, 8.0, 8.0, 20.0, 20.0, 4.0, 20.0, 4.0, 20.0, 0.0, 8.0, 8.0, 8.0, 8.0, 8.0, 4.0, 4.0, 20.0, 0.0, 0.0, 8.0, 4.0, 4.0, 4.0, 20.0, 8.0, 8.0, 0.0, 8.0, 4.0, 4.0]",21.57,21.57,29,qxgij9sh,,,,,0
6,ehyb34jx,,0,308,307,post_exp,FinalForProlific,2026-05-21 00:20:13.152849,1,,,4044.0,6,,0.0,88efbdd9-40ef-4c34-921a-f39cc16113ce,3687.040000000001,11.0,8.0,88.0,3775.040000000001,,3800.0,10.0,,,,,0.0,0,,,1,7639dc96-fd01-4576-8cdc-79c9d30dcd81,https://london-trader-6b45bffdcd02.herokuapp.com,wss://london-trader-6b45bffdcd02.herokuapp.com,,1,6,ghp,gamified,human_only,0.0,0,15,"[8.0, 4.0, 20.0, 8.0, 8.0, 20.0, 20.0, 4.0, 20.0, 4.0, 20.0, 0.0, 8.0, 8.0, 8.0, 8.0, 8.0, 4.0, 4.0, 20.0, 0.0, 0.0, 8.0, 4.0, 4.0, 4.0, 20.0, 8.0, 8.0, 0.0, 8.0, 4.0, 4.0]",21.57,21.57,29,qxgij9sh,,,,,0
7,6xvvhy1g,,0,308,307,post_exp,FinalForProlific,2026-05-21 00:20:13.159196,1,,,4941.0,1,,0.0,266b409b-ab01-469b-9133-7915001aa253,5152.5100000000075,11.0,8.0,88.0,5240.5100000000075,,2600.0,20.0,,,,,0.0,0,,,2,aa648e2e-d329-4dd5-8902-af2bb6347519,https://london-trader-6b45bffdcd02.herokuapp.com,wss://london-trader-6b45bffdcd02.herokuapp.com,,1,6,ng,non_gamified,human_only,0.0,0,15,"[8.0, 4.0, 20.0, 8.0, 8.0, 20.0, 20.0, 4.0, 20.0, 4.0, 20.0, 0.0, 8.0, 8.0, 8.0, 8.0, 8.0, 4.0, 4.0, 20.0, 0.0, 0.0, 8.0, 4.0, 4.0, 4.0, 20.0, 8.0, 8.0, 0.0, 8.0, 4.0, 4.0]",131.02,131.02,29,qxgij9sh,,,,,0
8,o6ptk42l,,0,308,307,post_exp,FinalForProlific,2026-05-21 00:20:13.166131,1,,,5638.0,2,,0.0,a1224b50-e54d-4401-acb4-4fb3bfac8e8d,5102.3099999999995,3.0,8.0,24.0,5126.3099999999995,,3800.0,10.0,,,,,0.0,0,,,2,aa648e2e-d329-4dd5-8902-af2bb6347519,https://london-trader-6b45bffdcd02.herokuapp.com,wss://london-trader-6b45bffdcd02.herokuapp.com,,1,6,ng,non_gamified,human_only,0.0,0,15,"[8.0, 4.0, 20.0, 8.0, 8.0, 20.0, 20.0, 4.0, 20.0, 4.0, 20.0, 0.0, 8.0, 8.0, 8.0, 8.0, 8.0, 4.0, 4.0, 20.0, 0.0, 0.0, 8.0, 4.0, 4.0, 4.0, 20.0, 8.0, 8.0, 0.0, 8.0, 4.0, 4.0]",131.02,131.02,29,qxgij9sh,,,,,0
9,vitm387c,,0,308,307,post_exp,FinalForProlific,2026-05-21 00:20:13.172514,1,,,4427.0,3,,0.0,4f2980e2-d10c-4c68-937f-78d5142dc0ef,1558.6499999999996,45.0,8.0,360.0,1918.6499999999996,,2600.0,20.0,,,,,0.0,0,,,2,aa648e2e-d329-4dd5-8902-af2bb6347519,https://london-trader-6b45bffdcd02.herokuapp.com,wss://london-trader-6b45bffdcd02.herokuapp.com,,1,6,ng,non_gamified,human_only,0.0,0,15,"[8.0, 4.0, 20.0, 8.0, 8.0, 20.0, 20.0, 4.0, 20.0, 4.0, 20.0, 0.0, 8.0, 8.0, 8.0, 8.0, 8.0, 4.0, 4.0, 20.0, 0.0, 0.0, 8.0, 4.0, 4.0, 4.0, 20.0, 8.0, 8.0, 0.0, 8.0, 4.0, 4.0]",131.02,131.02,29,qxgij9sh,,,,,0
10,nngm5qgp,,0,308,307,post_exp,FinalForProlific,2026-05-21 00:20:13.181710,1,,,521.0,4,,0.0,198ae65a-873c-4c68-a85e-66eac976c7ab,5245.700000000001,5.0,8.0,40.0,5285.700000000001,,3800.0,10.0,,,,,0.0,0,,,2,aa648e2e-d329-4dd5-8902-af2bb6347519,https://london-trader-6b45bffdcd02.herokuapp.com,wss://london-trader-6b45bffdcd02.herokuapp.com,,1,6,ng,non_gamified,human_only,0.0,0,15,"[8.0, 4.0, 20.0, 8.0, 8.0, 20.0, 20.0, 4.0, 20.0, 4.0, 20.0, 0.0, 8.0, 8.0, 8.0, 8.0, 8.0, 4.0, 4.0, 20.0, 0.0, 0.0, 8.0, 4.0, 4.0, 4.0, 20.0, 8.0, 8.0, 0.0, 8.0, 4.0, 4.0]",131.02,131.02,29,qxgij9sh,,,,,0
11,9x5fpgk2,,0,308,307,post_exp,FinalForProlific,2026-05-21 00:20:13.188564,1,,,6999.0,5,,0.0,8ca21702-83a8-4430-9ead-0119fc913da6,6841.159999999997,27.0,8.0,216.0,7057.159999999997,,2600.0,20.0,,,,,0.0,0,,,2,aa648e2e-d329-4dd5-8902-af2bb6347519,https://london-trader-6b45bffdcd02.herokuapp.com,wss://london-trader-6b45bffdcd02.herokuapp.com,,1,6,ng,non_gamified,human_only,0.0,0,15,"[8.0, 4.0, 20.0, 8.0, 8.0, 20.0, 20.0, 4.0, 20.0, 4.0, 20.0, 0.0, 8.0, 8.0, 8.0, 8.0, 8.0, 4.0, 4.0, 20.0, 0.0, 0.0, 8.0, 4.0, 4.0, 4.0, 20.0, 8.0, 8.0, 0.0, 8.0, 4.0, 4.0]",131.02,131.02,29,qxgij9sh,,,,,0
12,7d70uqk8,,0,308,307,post_exp,FinalForProlific,2026-05-21 00:20:13.195431,1,,,9064.0,6,,0.0,218b254a-e7c1-4487-8aff-ff693b11673d,3771.6699999999973,38.0,8.0,304.0,4075.6699999999973,,3800.0,10.0,,,,,0.0,0,,,2,aa648e2e-d329-4dd5-8902-af2bb6347519,https://london-trader-6b45bffdcd02.herokuapp.com,wss://london-trader-6b45bffdcd02.herokuapp.com,,1,6,ng,non_gamified,human_only,0.0,0,15,"[8.0, 4.0, 20.0, 8.0, 8.0, 20.0, 20.0, 4.0, 20.0, 4.0, 20.0, 0.0, 8.0, 8.0, 8.0, 8.0, 8.0, 4.0, 4.0, 20.0, 0.0, 0.0, 8.0, 4.0, 4.0, 4.0, 20.0, 8.0, 8.0, 0.0, 8.0, 4.0, 4.0]",131.02,131.02,29,qxgij9sh,,,,,0
13,dadcupjc,,0,308,307,post_exp,FinalForProlific,2026-05-21 00:20:13.202022,1,,,5593.0,1,,0.0,571f8b54-ffdc-4466-8066-90fb81d9dfc1,4236.209999999999,10.0,8.0,80.0,4316.209999999999,,2600.0,20.0,,,,,0.0,0,,,3,c06d584f-16fe-42a0-a5b0-281026bd6ca3,https://london-trader-6b45bffdcd02.herokuapp.com,wss://london-trader-6b45bffdcd02.herokuapp.com,,1,6,ghp,gamified,human_only,0.0,0,15,"[8.0, 4.0, 20.0, 8.0, 8.0, 20.0, 20.0, 4.0, 20.0, 4.0, 20.0, 0.0, 8.0, 8.0, 8.0, 8.0, 8.0, 4.0, 4.0, 20.0, 0.0, 0.0, 8.0, 4.0, 4.0, 4.0, 20.0, 8.0, 8.0, 0.0, 8.0, 4.0, 4.0]",65.44,65.44,29,qxgij9sh,,,,,0
14,stzawa55,,0,308,307,post_exp,FinalForProlific,2026-05-21 00:20:13.207535,1,,,6667.0,2,,0.0,29127936-c621-49bd-a572-059f4be7598b,4563.739999999998,9.0,8.0,72.0,4635.739999999998,,3800.0,10.0,,,,,0.0,0,,,3,c06d584f-16fe-42a0-a5b0-281026bd6ca3,https://london-trader-6b45bffdcd02.herokuapp.com,wss://london-trader-6b45bffdcd02.herokuapp.com,,1,6,ghp,gamified,human_only,0.0,0,15,"[8.0, 4.0, 20.0, 8.0, 8.0, 20.0, 20.0, 4.0, 20.0, 4.0, 20.0, 0.0, 8.0, 8.0, 8.0, 8.0, 8.0, 4.0, 4.0, 20.0, 0.0, 0.0, 8.0, 4.0, 4.0, 4.0, 20.0, 8.0, 8.0, 0.0, 8.0, 4.0, 4.0]",65.44,65.44,29,qxgij9sh,,,,,0
15,ja9vp1ab,,0,308,307,post_exp,FinalForProlific,2026-05-21 00:20:13.214591,1,,,7291.0,3,,0.0,697c6d90-c662-4d2a-b95d-90564ff71af6,4562.790000000003,2.0,8.0,16.0,4578.790000000003,,2600.0,20.0,,,,,0.0,0,,,3,c06d584f-16fe-42a0-a5b0-281026bd6ca3,https://london-trader-6b45bffdcd02.herokuapp.com,wss://london-trader-6b45bffdcd02.herokuapp.com,,1,6,ghp,gamified,human_only,0.0,0,15,"[8.0, 4.0, 20.0, 8.0, 8.0, 20.0, 20.0, 4.0, 20.0, 4.0, 20.0, 0.0, 8.0, 8.0, 8.0, 8.0, 8.0, 4.0, 4.0, 20.0, 0.0, 0.0, 8.0, 4.0, 4.0, 4.0, 20.0, 8.0, 8.0, 0.0, 8.0, 4.0, 4.0]",65.44,65.44,29,qxgij9sh,,,,,0
16,tzbpp88u,,0,308,307,post_exp,FinalForProlific,2026-05-21 00:20:13.221123,1,,,5765.0,4,,0.0,dfd6c39d-ffc1-4115-942a-8b07c09007e9,4480.199999999999,26.0,8.0,208.0,4688.199999999999,,3800.0,10.0,,,,,0.0,0,,,3,c06d584f-16fe-42a0-a5b0-281026bd6ca3,https://london-trader-6b45bffdcd02.herokuapp.com,wss://london-trader-6b45bffdcd02.herokuapp.com,,1,6,ghp,gamified,human_only,0.0,0,15,"[8.0, 4.0, 20.0, 8.0, 8.0, 20.0, 20.0, 4.0, 20.0, 4.0, 20.0, 0.0, 8.0, 8.0, 8.0, 8.0, 8.0, 4.0, 4.0, 20.0, 0.0, 0.0, 8.0, 4.0, 4.0, 4.0, 20.0, 8.0, 8.0, 0.0, 8.0, 4.0, 4.0]",65.44,65.44,29,qxgij9sh,,,,,0
17,gr27p5tr,,0,308,307,post_exp,FinalForProlific,2026-05-21 00:20:13.227342,1,,,5642.0,5,,0.0,b1b707e4-d832-44a3-9c9f-a683db402492,4236.660000000001,20.0,8.0,160.0,4396.660000000001,,2600.0,20.0,,,,,0.0,0,,,3,c06d584f-16fe-42a0-a5b0-281026bd6ca3,https://london-trader-6b45bffdcd02.herokuapp.com,wss://london-trader-6b45bffdcd02.herokuapp.com,,1,6,ghp,gamified,human_only,0.0,0,15,"[8.0, 4.0, 20.0, 8.0, 8.0, 20.0, 20.0, 4.0, 20.0, 4.0, 20.0, 0.0, 8.0, 8.0, 8.0, 8.0, 8.0, 4.0, 4.0, 20.0, 0.0, 0.0, 8.0, 4.0, 4.0, 4.0, 20.0, 8.0, 8.0, 0.0, 8.0, 4.0, 4.0]",65.44,65.44,29,qxgij9sh,,,,,0
18,e60078af,,0,308,307,post_exp,FinalForProlific,2026-05-21 00:20:13.233350,1,,,4972.0,6,,0.0,316252be-ca5a-49d1-8696-39b139312e4e,4088.3999999999996,27.0,8.0,216.0,4304.4,,3800.0,10.0,,,,,0.0,0,,,3,c06d584f-16fe-42a0-a5b0-281026bd6ca3,https://london-trader-6b45bffdcd02.herokuapp.com,wss://london-trader-6b45bffdcd02.herokuapp.com,,1,6,ghp,gamified,human_only,0.0,0,15,"[8.0, 4.0, 20.0, 8.0, 8.0, 20.0, 20.0, 4.0, 20.0, 4.0, 20.0, 0.0, 8.0, 8.0, 8.0, 8.0, 8.0, 4.0, 4.0, 20.0, 0.0, 0.0, 8.0, 4.0, 4.0, 4.0, 20.0, 8.0, 8.0, 0.0, 8.0, 4.0, 4.0]",65.44,65.44,29,qxgij9sh,,,,,0
19,9mtusmd8,,0,308,307,post_exp,FinalForProlific,2026-05-21 00:20:13.239722,1,,,5453.0,1,,0.0,0d66d303-80a4-48cf-b86a-b7b3ec8e3d8f,4861.0,11.0,8.0,88.0,4949.0,,2600.0,20.0,,,,,0.0,0,,,4,eb0b7ae0-43db-4f00-81cb-43eaf9bf7432,https://london-trader-6b45bffdcd02.herokuapp.com,wss://london-trader-6b45bffdcd02.herokuapp.com,,1,1,ng,non_gamified,human_only,0.0,1,15,"[8.0, 4.0, 20.0, 8.0, 8.0, 20.0, 20.0, 4.0, 20.0, 4.0, 20.0, 0.0, 8.0, 8.0, 8.0, 8.0, 8.0, 4.0, 4.0, 20.0, 0.0, 0.0, 8.0, 4.0, 4.0, 4.0, 20.0, 8.0, 8.0, 0.0, 8.0, 4.0, 4.0]",127.0,127.0,29,qxgij9sh,,,,,0
1,g9jo03o9,,0,308,307,post_exp,FinalForProlific,2026-05-21 00:20:12.875424,1,,,5611.0,1,,0.0,66251611-12a2-4944-8723-b591a69a9824,4210.0,20.0,0.0,0.0,4210.0,,2600.0,20.0,15.0,3,"{""forecast_price_next_day"":15,""forecast_confidence_next_day"":3}",15.0,20.0,1,,,1,7639dc96-fd01-4576-8cdc-79c9d30dcd81,https://london-trader-6b45bffdcd02.herokuapp.com,wss://london-trader-6b45bffdcd02.herokuapp.com,,1,6,ghp,gamified,human_only,0.0,0,15,"[8.0, 4.0, 20.0, 8.0, 8.0, 20.0, 20.0, 4.0, 20.0, 4.0, 20.0, 0.0, 8.0, 8.0, 8.0, 8.0, 8.0, 4.0, 4.0, 20.0, 0.0, 0.0, 8.0, 4.0, 4.0, 4.0, 20.0, 8.0, 8.0, 0.0, 8.0, 4.0, 4.0]",18.13,18.13,30,qxgij9sh,,,,,0
2,h0ebvwds,,0,308,307,post_exp,FinalForProlific,2026-05-21 00:20:13.125533,1,,,5268.0,2,,0.0,0d138ea8-8160-4263-bab0-ef399294f8a7,4976.41,7.0,0.0,0.0,4976.41,,3800.0,10.0,12.0,3,"{""forecast_price_next_day"":12,""forecast_confidence_next_day"":3}",15.0,0.0,1,,,1,7639dc96-fd01-4576-8cdc-79c9d30dcd81,https://london-trader-6b45bffdcd02.herokuapp.com,wss://london-trader-6b45bffdcd02.herokuapp.com,,1,6,ghp,gamified,human_only,0.0,0,15,"[8.0, 4.0, 20.0, 8.0, 8.0, 20.0, 20.0, 4.0, 20.0, 4.0, 20.0, 0.0, 8.0, 8.0, 8.0, 8.0, 8.0, 4.0, 4.0, 20.0, 0.0, 0.0, 8.0, 4.0, 4.0, 4.0, 20.0, 8.0, 8.0, 0.0, 8.0, 4.0, 4.0]",18.13,18.13,30,qxgij9sh,,,,,0
3,u2aoz11d,,0,308,307,post_exp,FinalForProlific,2026-05-21 00:20:13.130849,1,,,4992.0,3,,0.0,145e83a3-2fb7-443a-93d3-6f7e84aec434,4838.639999999999,5.0,0.0,0.0,4838.639999999999,,2600.0,20.0,10.0,4,"{""forecast_price_next_day"":10,""forecast_confidence_next_day"":4}",15.0,0.0,1,,,1,7639dc96-fd01-4576-8cdc-79c9d30dcd81,https://london-trader-6b45bffdcd02.herokuapp.com,wss://london-trader-6b45bffdcd02.herokuapp.com,,1,6,ghp,gamified,human_only,0.0,0,15,"[8.0, 4.0, 20.0, 8.0, 8.0, 20.0, 20.0, 4.0, 20.0, 4.0, 20.0, 0.0, 8.0, 8.0, 8.0, 8.0, 8.0, 4.0, 4.0, 20.0, 0.0, 0.0, 8.0, 4.0, 4.0, 4.0, 20.0, 8.0, 8.0, 0.0, 8.0, 4.0, 4.0]",18.13,18.13,30,qxgij9sh,,,,,0
4,90ay03zv,,0,308,307,post_exp,FinalForProlific,2026-05-21 00:20:13.140123,1,,,4543.0,4,,0.0,9cf3eabc-27f7-4754-a78b-8b9b1aca36d4,4222.26,15.0,0.0,0.0,4222.26,,3800.0,10.0,4400.0,4,"{""forecast_price_next_day"":4400,""forecast_confidence_next_day"":4}",15.0,0.0,1,,,1,7639dc96-fd01-4576-8cdc-79c9d30dcd81,https://london-trader-6b45bffdcd02.herokuapp.com,wss://london-trader-6b45bffdcd02.herokuapp.com,,1,6,ghp,gamified,human_only,0.0,0,15,"[8.0, 4.0, 20.0, 8.0, 8.0, 20.0, 20.0, 4.0, 20.0, 4.0, 20.0, 0.0, 8.0, 8.0, 8.0, 8.0, 8.0, 4.0, 4.0, 20.0, 0.0, 0.0, 8.0, 4.0, 4.0, 4.0, 20.0, 8.0, 8.0, 0.0, 8.0, 4.0, 4.0]",18.13,18.13,30,qxgij9sh,,,,,0
5,ukmvlwcs,,0,308,307,post_exp,FinalForProlific,2026-05-21 00:20:13.146394,1,,,5655.0,5,,0.0,4ffcf78f-4023-4892-9eef-146a5c209835,4827.119999999999,40.0,0.0,0.0,4827.119999999999,,2600.0,20.0,12.0,2,"{""forecast_price_next_day"":12,""forecast_confidence_next_day"":2}",15.0,0.0,1,,,1,7639dc96-fd01-4576-8cdc-79c9d30dcd81,https://london-trader-6b45bffdcd02.herokuapp.com,wss://london-trader-6b45bffdcd02.herokuapp.com,,1,6,ghp,gamified,human_only,0.0,0,15,"[8.0, 4.0, 20.0, 8.0, 8.0, 20.0, 20.0, 4.0, 20.0, 4.0, 20.0, 0.0, 8.0, 8.0, 8.0, 8.0, 8.0, 4.0, 4.0, 20.0, 0.0, 0.0, 8.0, 4.0, 4.0, 4.0, 20.0, 8.0, 8.0, 0.0, 8.0, 4.0, 4.0]",18.13,18.13,30,qxgij9sh,,,,,0
6,ehyb34jx,,0,308,307,post_exp,FinalForProlific,2026-05-21 00:20:13.152849,1,,,4044.0,6,,0.0,88efbdd9-40ef-4c34-921a-f39cc16113ce,3881.5700000000015,8.0,0.0,0.0,3881.5700000000015,,3800.0,10.0,5.0,5,"{""forecast_price_next_day"":5,""forecast_confidence_next_day"":5}",15.0,0.0,1,,,1,7639dc96-fd01-4576-8cdc-79c9d30dcd81,https://london-trader-6b45bffdcd02.herokuapp.com,wss://london-trader-6b45bffdcd02.herokuapp.com,,1,6,ghp,gamified,human_only,0.0,0,15,"[8.0, 4.0, 20.0, 8.0, 8.0, 20.0, 20.0, 4.0, 20.0, 4.0, 20.0, 0.0, 8.0, 8.0, 8.0, 8.0, 8.0, 4.0, 4.0, 20.0, 0.0, 0.0, 8.0, 4.0, 4.0, 4.0, 20.0, 8.0, 8.0, 0.0, 8.0, 4.0, 4.0]",18.13,18.13,30,qxgij9sh,,,,,0
7,6xvvhy1g,,0,308,307,post_exp,FinalForProlific,2026-05-21 00:20:13.159196,1,,,4941.0,1,,0.0,266b409b-ab01-469b-9133-7915001aa253,4582.800000000011,16.0,0.0,0.0,4582.800000000011,,2600.0,20.0,131.0,3,"{""forecast_price_next_day"":131.2,""forecast_confidence_next_day"":3}",131.36,20.0,1,,,2,aa648e2e-d329-4dd5-8902-af2bb6347519,https://london-trader-6b45bffdcd02.herokuapp.com,wss://london-trader-6b45bffdcd02.herokuapp.com,,1,6,ng,non_gamified,human_only,0.0,0,15,"[8.0, 4.0, 20.0, 8.0, 8.0, 20.0, 20.0, 4.0, 20.0, 4.0, 20.0, 0.0, 8.0, 8.0, 8.0, 8.0, 8.0, 4.0, 4.0, 20.0, 0.0, 0.0, 8.0, 4.0, 4.0, 4.0, 20.0, 8.0, 8.0, 0.0, 8.0, 4.0, 4.0]",131.2,131.2,30,qxgij9sh,,,,,0
8,o6ptk42l,,0,308,307,post_exp,FinalForProlific,2026-05-21 00:20:13.166131,1,,,5638.0,2,,0.0,a1224b50-e54d-4401-acb4-4fb3bfac8e8d,5388.36,1.0,0.0,0.0,5388.36,,3800.0,10.0,131.0,3,"{""forecast_price_next_day"":131,""forecast_confidence_next_day"":3}",131.36,20.0,1,,,2,aa648e2e-d329-4dd5-8902-af2bb6347519,https://london-trader-6b45bffdcd02.herokuapp.com,wss://london-trader-6b45bffdcd02.herokuapp.com,,1,6,ng,non_gamified,human_only,0.0,0,15,"[8.0, 4.0, 20.0, 8.0, 8.0, 20.0, 20.0, 4.0, 20.0, 4.0, 20.0, 0.0, 8.0, 8.0, 8.0, 8.0, 8.0, 4.0, 4.0, 20.0, 0.0, 0.0, 8.0, 4.0, 4.0, 4.0, 20.0, 8.0, 8.0, 0.0, 8.0, 4.0, 4.0]",131.2,131.2,30,qxgij9sh,,,,,0
9,vitm387c,,0,308,307,post_exp,FinalForProlific,2026-05-21 00:20:13.172514,1,,,4427.0,3,,0.0,4f2980e2-d10c-4c68-937f-78d5142dc0ef,1918.6499999999996,45.0,0.0,0.0,1918.6499999999996,,2600.0,20.0,131.0,3,"{""forecast_price_next_day"":130.65,""forecast_confidence_next_day"":3}",131.36,20.0,1,,,2,aa648e2e-d329-4dd5-8902-af2bb6347519,https://london-trader-6b45bffdcd02.herokuapp.com,wss://london-trader-6b45bffdcd02.herokuapp.com,,1,6,ng,non_gamified,human_only,0.0,0,15,"[8.0, 4.0, 20.0, 8.0, 8.0, 20.0, 20.0, 4.0, 20.0, 4.0, 20.0, 0.0, 8.0, 8.0, 8.0, 8.0, 8.0, 4.0, 4.0, 20.0, 0.0, 0.0, 8.0, 4.0, 4.0, 4.0, 20.0, 8.0, 8.0, 0.0, 8.0, 4.0, 4.0]",131.2,131.2,30,qxgij9sh,,,,,0
10,nngm5qgp,,0,308,307,post_exp,FinalForProlific,2026-05-21 00:20:13.181710,1,,,521.0,4,,0.0,198ae65a-873c-4c68-a85e-66eac976c7ab,5416.740000000001,4.0,0.0,0.0,5416.740000000001,,3800.0,10.0,131.0,2,"{""forecast_price_next_day"":130.67,""forecast_confidence_next_day"":2}",131.36,20.0,1,,,2,aa648e2e-d329-4dd5-8902-af2bb6347519,https://london-trader-6b45bffdcd02.herokuapp.com,wss://london-trader-6b45bffdcd02.herokuapp.com,,1,6,ng,non_gamified,human_only,0.0,0,15,"[8.0, 4.0, 20.0, 8.0, 8.0, 20.0, 20.0, 4.0, 20.0, 4.0, 20.0, 0.0, 8.0, 8.0, 8.0, 8.0, 8.0, 4.0, 4.0, 20.0, 0.0, 0.0, 8.0, 4.0, 4.0, 4.0, 20.0, 8.0, 8.0, 0.0, 8.0, 4.0, 4.0]",131.2,131.2,30,qxgij9sh,,,,,0
11,9x5fpgk2,,0,308,307,post_exp,FinalForProlific,2026-05-21 00:20:13.188564,1,,,6999.0,5,,0.0,8ca21702-83a8-4430-9ead-0119fc913da6,5616.029999999996,50.0,0.0,0.0,5616.029999999996,,2600.0,20.0,120.0,1,"{""forecast_price_next_day"":120,""forecast_confidence_next_day"":1}",131.36,0.0,1,,,2,aa648e2e-d329-4dd5-8902-af2bb6347519,https://london-trader-6b45bffdcd02.herokuapp.com,wss://london-trader-6b45bffdcd02.herokuapp.com,,1,6,ng,non_gamified,human_only,0.0,0,15,"[8.0, 4.0, 20.0, 8.0, 8.0, 20.0, 20.0, 4.0, 20.0, 4.0, 20.0, 0.0, 8.0, 8.0, 8.0, 8.0, 8.0, 4.0, 4.0, 20.0, 0.0, 0.0, 8.0, 4.0, 4.0, 4.0, 20.0, 8.0, 8.0, 0.0, 8.0, 4.0, 4.0]",131.2,131.2,30,qxgij9sh,,,,,0
12,7d70uqk8,,0,308,307,post_exp,FinalForProlific,2026-05-21 00:20:13.195431,1,,,9064.0,6,,0.0,218b254a-e7c1-4487-8aff-ff693b11673d,5781.419999999995,14.0,0.0,0.0,5781.419999999995,,3800.0,10.0,132.0,5,"{""forecast_price_next_day"":131.5,""forecast_confidence_next_day"":5}",131.36,20.0,1,,,2,aa648e2e-d329-4dd5-8902-af2bb6347519,https://london-trader-6b45bffdcd02.herokuapp.com,wss://london-trader-6b45bffdcd02.herokuapp.com,,1,6,ng,non_gamified,human_only,0.0,0,15,"[8.0, 4.0, 20.0, 8.0, 8.0, 20.0, 20.0, 4.0, 20.0, 4.0, 20.0, 0.0, 8.0, 8.0, 8.0, 8.0, 8.0, 4.0, 4.0, 20.0, 0.0, 0.0, 8.0, 4.0, 4.0, 4.0, 20.0, 8.0, 8.0, 0.0, 8.0, 4.0, 4.0]",131.2,131.2,30,qxgij9sh,,,,,0
13,dadcupjc,,0,308,307,post_exp,FinalForProlific,2026-05-21 00:20:13.202022,1,,,5593.0,1,,0.0,571f8b54-ffdc-4466-8066-90fb81d9dfc1,4251.2699999999995,11.0,0.0,0.0,4251.2699999999995,,2600.0,20.0,0.0,0,,64.47,0.0,1,,,3,c06d584f-16fe-42a0-a5b0-281026bd6ca3,https://london-trader-6b45bffdcd02.herokuapp.com,wss://london-trader-6b45bffdcd02.herokuapp.com,,1,6,ghp,gamified,human_only,0.0,0,15,"[8.0, 4.0, 20.0, 8.0, 8.0, 20.0, 20.0, 4.0, 20.0, 4.0, 20.0, 0.0, 8.0, 8.0, 8.0, 8.0, 8.0, 4.0, 4.0, 20.0, 0.0, 0.0, 8.0, 4.0, 4.0, 4.0, 20.0, 8.0, 8.0, 0.0, 8.0, 4.0, 4.0]",66.19,66.19,30,qxgij9sh,,,,,0
14,stzawa55,,0,308,307,post_exp,FinalForProlific,2026-05-21 00:20:13.207535,1,,,6667.0,2,,0.0,29127936-c621-49bd-a572-059f4be7598b,4568.699999999998,10.0,0.0,0.0,4568.699999999998,,3800.0,10.0,65.0,3,"{""forecast_price_next_day"":65,""forecast_confidence_next_day"":3}",64.47,20.0,1,,,3,c06d584f-16fe-42a0-a5b0-281026bd6ca3,https://london-trader-6b45bffdcd02.herokuapp.com,wss://london-trader-6b45bffdcd02.herokuapp.com,,1,6,ghp,gamified,human_only,0.0,0,15,"[8.0, 4.0, 20.0, 8.0, 8.0, 20.0, 20.0, 4.0, 20.0, 4.0, 20.0, 0.0, 8.0, 8.0, 8.0, 8.0, 8.0, 4.0, 4.0, 20.0, 0.0, 0.0, 8.0, 4.0, 4.0, 4.0, 20.0, 8.0, 8.0, 0.0, 8.0, 4.0, 4.0]",66.19,66.19,30,qxgij9sh,,,,,0
15,ja9vp1ab,,0,308,307,post_exp,FinalForProlific,2026-05-21 00:20:13.214591,1,,,7291.0,3,,0.0,697c6d90-c662-4d2a-b95d-90564ff71af6,4715.700000000003,0.0,0.0,0.0,4715.700000000003,,2600.0,20.0,66.0,2,"{""forecast_price_next_day"":66,""forecast_confidence_next_day"":2}",64.47,20.0,1,,,3,c06d584f-16fe-42a0-a5b0-281026bd6ca3,https://london-trader-6b45bffdcd02.herokuapp.com,wss://london-trader-6b45bffdcd02.herokuapp.com,,1,6,ghp,gamified,human_only,0.0,0,15,"[8.0, 4.0, 20.0, 8.0, 8.0, 20.0, 20.0, 4.0, 20.0, 4.0, 20.0, 0.0, 8.0, 8.0, 8.0, 8.0, 8.0, 4.0, 4.0, 20.0, 0.0, 0.0, 8.0, 4.0, 4.0, 4.0, 20.0, 8.0, 8.0, 0.0, 8.0, 4.0, 4.0]",66.19,66.19,30,qxgij9sh,,,,,0
16,tzbpp88u,,0,308,307,post_exp,FinalForProlific,2026-05-21 00:20:13.221123,1,,,5765.0,4,,0.0,dfd6c39d-ffc1-4115-942a-8b07c09007e9,4683.1799999999985,22.0,0.0,0.0,4683.1799999999985,,3800.0,10.0,66.0,1,"{""forecast_price_next_day"":66.48,""forecast_confidence_next_day"":1}",64.47,20.0,1,,,3,c06d584f-16fe-42a0-a5b0-281026bd6ca3,https://london-trader-6b45bffdcd02.herokuapp.com,wss://london-trader-6b45bffdcd02.herokuapp.com,,1,6,ghp,gamified,human_only,0.0,0,15,"[8.0, 4.0, 20.0, 8.0, 8.0, 20.0, 20.0, 4.0, 20.0, 4.0, 20.0, 0.0, 8.0, 8.0, 8.0, 8.0, 8.0, 4.0, 4.0, 20.0, 0.0, 0.0, 8.0, 4.0, 4.0, 4.0, 20.0, 8.0, 8.0, 0.0, 8.0, 4.0, 4.0]",66.19,66.19,30,qxgij9sh,,,,,0
17,gr27p5tr,,0,308,307,post_exp,FinalForProlific,2026-05-21 00:20:13.227342,1,,,5642.0,5,,0.0,b1b707e4-d832-44a3-9c9f-a683db402492,4529.900000000001,36.0,0.0,0.0,4529.900000000001,,2600.0,20.0,65.0,3,"{""forecast_price_next_day"":65,""forecast_confidence_next_day"":3}",64.47,20.0,1,,,3,c06d584f-16fe-42a0-a5b0-281026bd6ca3,https://london-trader-6b45bffdcd02.herokuapp.com,wss://london-trader-6b45bffdcd02.herokuapp.com,,1,6,ghp,gamified,human_only,0.0,0,15,"[8.0, 4.0, 20.0, 8.0, 8.0, 20.0, 20.0, 4.0, 20.0, 4.0, 20.0, 0.0, 8.0, 8.0, 8.0, 8.0, 8.0, 4.0, 4.0, 20.0, 0.0, 0.0, 8.0, 4.0, 4.0, 4.0, 20.0, 8.0, 8.0, 0.0, 8.0, 4.0, 4.0]",66.19,66.19,30,qxgij9sh,,,,,0
18,e60078af,,0,308,307,post_exp,FinalForProlific,2026-05-21 00:20:13.233350,1,,,4972.0,6,,0.0,316252be-ca5a-49d1-8696-39b139312e4e,4171.25,29.0,0.0,0.0,4171.25,,3800.0,10.0,66.0,4,"{""forecast_price_next_day"":66,""forecast_confidence_next_day"":4}",64.47,20.0,1,,,3,c06d584f-16fe-42a0-a5b0-281026bd6ca3,https://london-trader-6b45bffdcd02.herokuapp.com,wss://london-trader-6b45bffdcd02.herokuapp.com,,1,6,ghp,gamified,human_only,0.0,0,15,"[8.0, 4.0, 20.0, 8.0, 8.0, 20.0, 20.0, 4.0, 20.0, 4.0, 20.0, 0.0, 8.0, 8.0, 8.0, 8.0, 8.0, 4.0, 4.0, 20.0, 0.0, 0.0, 8.0, 4.0, 4.0, 4.0, 20.0, 8.0, 8.0, 0.0, 8.0, 4.0, 4.0]",66.19,66.19,30,qxgij9sh,,,,,0
19,9mtusmd8,,0,308,307,post_exp,FinalForProlific,2026-05-21 00:20:13.239722,1,,,5453.0,1,,0.0,0d66d303-80a4-48cf-b86a-b7b3ec8e3d8f,4949.0,11.0,0.0,0.0,4949.0,,2600.0,20.0,127.0,5,"{""forecast_price_next_day"":126.5,""forecast_confidence_next_day"":5}",127.0,20.0,1,,,4,eb0b7ae0-43db-4f00-81cb-43eaf9bf7432,https://london-trader-6b45bffdcd02.herokuapp.com,wss://london-trader-6b45bffdcd02.herokuapp.com,,1,1,ng,non_gamified,human_only,0.0,1,15,"[8.0, 4.0, 20.0, 8.0, 8.0, 20.0, 20.0, 4.0, 20.0, 4.0, 20.0, 0.0, 8.0, 8.0, 8.0, 8.0, 8.0, 4.0, 4.0, 20.0, 0.0, 0.0, 8.0, 4.0, 4.0, 4.0, 20.0, 8.0, 8.0, 0.0, 8.0, 4.0, 4.0]",127.0,127.0,30,qxgij9sh,,,,,0
1,g9jo03o9,,0,308,307,post_exp,FinalForProlific,2026-05-21 00:20:12.875424,1,,,5611.0,1,,0.0,66251611-12a2-4944-8723-b591a69a9824,4210.0,20.0,8.0,160.0,4370.0,,2600.0,20.0,,,,,0.0,0,,,1,7639dc96-fd01-4576-8cdc-79c9d30dcd81,https://london-trader-6b45bffdcd02.herokuapp.com,wss://london-trader-6b45bffdcd02.herokuapp.com,,1,6,ghp,gamified,human_only,0.0,0,15,"[8.0, 4.0, 20.0, 8.0, 8.0, 20.0, 20.0, 4.0, 20.0, 4.0, 20.0, 0.0, 8.0, 8.0, 8.0, 8.0, 8.0, 4.0, 4.0, 20.0, 0.0, 0.0, 8.0, 4.0, 4.0, 4.0, 20.0, 8.0, 8.0, 0.0, 8.0, 4.0, 4.0]",15.0,15.0,31,qxgij9sh,,,,,0
2,h0ebvwds,,0,308,307,post_exp,FinalForProlific,2026-05-21 00:20:13.125533,1,,,5268.0,2,,0.0,0d138ea8-8160-4263-bab0-ef399294f8a7,4953.41,9.0,8.0,72.0,5025.41,,3800.0,10.0,,,,,0.0,0,,,1,7639dc96-fd01-4576-8cdc-79c9d30dcd81,https://london-trader-6b45bffdcd02.herokuapp.com,wss://london-trader-6b45bffdcd02.herokuapp.com,,1,6,ghp,gamified,human_only,0.0,0,15,"[8.0, 4.0, 20.0, 8.0, 8.0, 20.0, 20.0, 4.0, 20.0, 4.0, 20.0, 0.0, 8.0, 8.0, 8.0, 8.0, 8.0, 4.0, 4.0, 20.0, 0.0, 0.0, 8.0, 4.0, 4.0, 4.0, 20.0, 8.0, 8.0, 0.0, 8.0, 4.0, 4.0]",15.0,15.0,31,qxgij9sh,,,,,0
3,u2aoz11d,,0,308,307,post_exp,FinalForProlific,2026-05-21 00:20:13.130849,1,,,4992.0,3,,0.0,145e83a3-2fb7-443a-93d3-6f7e84aec434,4894.639999999999,0.0,8.0,0.0,4894.639999999999,,2600.0,20.0,,,,,0.0,0,,,1,7639dc96-fd01-4576-8cdc-79c9d30dcd81,https://london-trader-6b45bffdcd02.herokuapp.com,wss://london-trader-6b45bffdcd02.herokuapp.com,,1,6,ghp,gamified,human_only,0.0,0,15,"[8.0, 4.0, 20.0, 8.0, 8.0, 20.0, 20.0, 4.0, 20.0, 4.0, 20.0, 0.0, 8.0, 8.0, 8.0, 8.0, 8.0, 4.0, 4.0, 20.0, 0.0, 0.0, 8.0, 4.0, 4.0, 4.0, 20.0, 8.0, 8.0, 0.0, 8.0, 4.0, 4.0]",15.0,15.0,31,qxgij9sh,,,,,0
4,90ay03zv,,0,308,307,post_exp,FinalForProlific,2026-05-21 00:20:13.140123,1,,,4543.0,4,,0.0,9cf3eabc-27f7-4754-a78b-8b9b1aca36d4,4259.26,11.0,8.0,88.0,4347.26,,3800.0,10.0,,,,,0.0,0,,,1,7639dc96-fd01-4576-8cdc-79c9d30dcd81,https://london-trader-6b45bffdcd02.herokuapp.com,wss://london-trader-6b45bffdcd02.herokuapp.com,,1,6,ghp,gamified,human_only,0.0,0,15,"[8.0, 4.0, 20.0, 8.0, 8.0, 20.0, 20.0, 4.0, 20.0, 4.0, 20.0, 0.0, 8.0, 8.0, 8.0, 8.0, 8.0, 4.0, 4.0, 20.0, 0.0, 0.0, 8.0, 4.0, 4.0, 4.0, 20.0, 8.0, 8.0, 0.0, 8.0, 4.0, 4.0]",15.0,15.0,31,qxgij9sh,,,,,0
5,ukmvlwcs,,0,308,307,post_exp,FinalForProlific,2026-05-21 00:20:13.146394,1,,,5655.0,5,,0.0,4ffcf78f-4023-4892-9eef-146a5c209835,4681.619999999999,51.0,8.0,408.0,5089.619999999999,,2600.0,20.0,,,,,0.0,0,,,1,7639dc96-fd01-4576-8cdc-79c9d30dcd81,https://london-trader-6b45bffdcd02.herokuapp.com,wss://london-trader-6b45bffdcd02.herokuapp.com,,1,6,ghp,gamified,human_only,0.0,0,15,"[8.0, 4.0, 20.0, 8.0, 8.0, 20.0, 20.0, 4.0, 20.0, 4.0, 20.0, 0.0, 8.0, 8.0, 8.0, 8.0, 8.0, 4.0, 4.0, 20.0, 0.0, 0.0, 8.0, 4.0, 4.0, 4.0, 20.0, 8.0, 8.0, 0.0, 8.0, 4.0, 4.0]",15.0,15.0,31,qxgij9sh,,,,,0
6,ehyb34jx,,0,308,307,post_exp,FinalForProlific,2026-05-21 00:20:13.152849,1,,,4044.0,6,,0.0,88efbdd9-40ef-4c34-921a-f39cc16113ce,3957.0700000000015,0.0,8.0,0.0,3957.0700000000015,,3800.0,10.0,,,,,0.0,0,,,1,7639dc96-fd01-4576-8cdc-79c9d30dcd81,https://london-trader-6b45bffdcd02.herokuapp.com,wss://london-trader-6b45bffdcd02.herokuapp.com,,1,6,ghp,gamified,human_only,0.0,0,15,"[8.0, 4.0, 20.0, 8.0, 8.0, 20.0, 20.0, 4.0, 20.0, 4.0, 20.0, 0.0, 8.0, 8.0, 8.0, 8.0, 8.0, 4.0, 4.0, 20.0, 0.0, 0.0, 8.0, 4.0, 4.0, 4.0, 20.0, 8.0, 8.0, 0.0, 8.0, 4.0, 4.0]",15.0,15.0,31,qxgij9sh,,,,,0
7,6xvvhy1g,,0,308,307,post_exp,FinalForProlific,2026-05-21 00:20:13.159196,1,,,4941.0,1,,0.0,266b409b-ab01-469b-9133-7915001aa253,113.20000000001141,50.0,8.0,400.0,513.2000000000114,,2600.0,20.0,,,,,0.0,0,,,2,aa648e2e-d329-4dd5-8902-af2bb6347519,https://london-trader-6b45bffdcd02.herokuapp.com,wss://london-trader-6b45bffdcd02.herokuapp.com,,1,6,ng,non_gamified,human_only,0.0,0,15,"[8.0, 4.0, 20.0, 8.0, 8.0, 20.0, 20.0, 4.0, 20.0, 4.0, 20.0, 0.0, 8.0, 8.0, 8.0, 8.0, 8.0, 4.0, 4.0, 20.0, 0.0, 0.0, 8.0, 4.0, 4.0, 4.0, 20.0, 8.0, 8.0, 0.0, 8.0, 4.0, 4.0]",131.36,131.36,31,qxgij9sh,,,,,0
8,o6ptk42l,,0,308,307,post_exp,FinalForProlific,2026-05-21 00:20:13.166131,1,,,5638.0,2,,0.0,a1224b50-e54d-4401-acb4-4fb3bfac8e8d,5388.5599999999995,1.0,8.0,8.0,5396.5599999999995,,3800.0,10.0,,,,,0.0,0,,,2,aa648e2e-d329-4dd5-8902-af2bb6347519,https://london-trader-6b45bffdcd02.herokuapp.com,wss://london-trader-6b45bffdcd02.herokuapp.com,,1,6,ng,non_gamified,human_only,0.0,0,15,"[8.0, 4.0, 20.0, 8.0, 8.0, 20.0, 20.0, 4.0, 20.0, 4.0, 20.0, 0.0, 8.0, 8.0, 8.0, 8.0, 8.0, 4.0, 4.0, 20.0, 0.0, 0.0, 8.0, 4.0, 4.0, 4.0, 20.0, 8.0, 8.0, 0.0, 8.0, 4.0, 4.0]",131.36,131.36,31,qxgij9sh,,,,,0
9,vitm387c,,0,308,307,post_exp,FinalForProlific,2026-05-21 00:20:13.172514,1,,,4427.0,3,,0.0,4f2980e2-d10c-4c68-937f-78d5142dc0ef,1918.6499999999996,45.0,8.0,360.0,2278.6499999999996,,2600.0,20.0,,,,,0.0,0,,,2,aa648e2e-d329-4dd5-8902-af2bb6347519,https://london-trader-6b45bffdcd02.herokuapp.com,wss://london-trader-6b45bffdcd02.herokuapp.com,,1,6,ng,non_gamified,human_only,0.0,0,15,"[8.0, 4.0, 20.0, 8.0, 8.0, 20.0, 20.0, 4.0, 20.0, 4.0, 20.0, 0.0, 8.0, 8.0, 8.0, 8.0, 8.0, 4.0, 4.0, 20.0, 0.0, 0.0, 8.0, 4.0, 4.0, 4.0, 20.0, 8.0, 8.0, 0.0, 8.0, 4.0, 4.0]",131.36,131.36,31,qxgij9sh,,,,,0
10,nngm5qgp,,0,308,307,post_exp,FinalForProlific,2026-05-21 00:20:13.181710,1,,,521.0,4,,0.0,198ae65a-873c-4c68-a85e-66eac976c7ab,5810.680000000001,2.0,8.0,16.0,5826.680000000001,,3800.0,10.0,,,,,0.0,0,,,2,aa648e2e-d329-4dd5-8902-af2bb6347519,https://london-trader-6b45bffdcd02.herokuapp.com,wss://london-trader-6b45bffdcd02.herokuapp.com,,1,6,ng,non_gamified,human_only,0.0,0,15,"[8.0, 4.0, 20.0, 8.0, 8.0, 20.0, 20.0, 4.0, 20.0, 4.0, 20.0, 0.0, 8.0, 8.0, 8.0, 8.0, 8.0, 4.0, 4.0, 20.0, 0.0, 0.0, 8.0, 4.0, 4.0, 4.0, 20.0, 8.0, 8.0, 0.0, 8.0, 4.0, 4.0]",131.36,131.36,31,qxgij9sh,,,,,0
11,9x5fpgk2,,0,308,307,post_exp,FinalForProlific,2026-05-21 00:20:13.188564,1,,,6999.0,5,,0.0,8ca21702-83a8-4430-9ead-0119fc913da6,6404.2099999999955,38.0,8.0,304.0,6708.2099999999955,,2600.0,20.0,,,,,0.0,0,,,2,aa648e2e-d329-4dd5-8902-af2bb6347519,https://london-trader-6b45bffdcd02.herokuapp.com,wss://london-trader-6b45bffdcd02.herokuapp.com,,1,6,ng,non_gamified,human_only,0.0,0,15,"[8.0, 4.0, 20.0, 8.0, 8.0, 20.0, 20.0, 4.0, 20.0, 4.0, 20.0, 0.0, 8.0, 8.0, 8.0, 8.0, 8.0, 4.0, 4.0, 20.0, 0.0, 0.0, 8.0, 4.0, 4.0, 4.0, 20.0, 8.0, 8.0, 0.0, 8.0, 4.0, 4.0]",131.36,131.36,31,qxgij9sh,,,,,0
12,7d70uqk8,,0,308,307,post_exp,FinalForProlific,2026-05-21 00:20:13.195431,1,,,9064.0,6,,0.0,218b254a-e7c1-4487-8aff-ff693b11673d,9068.699999999993,3.0,8.0,24.0,9092.699999999993,,3800.0,10.0,,,,,0.0,0,,,2,aa648e2e-d329-4dd5-8902-af2bb6347519,https://london-trader-6b45bffdcd02.herokuapp.com,wss://london-trader-6b45bffdcd02.herokuapp.com,,1,6,ng,non_gamified,human_only,0.0,0,15,"[8.0, 4.0, 20.0, 8.0, 8.0, 20.0, 20.0, 4.0, 20.0, 4.0, 20.0, 0.0, 8.0, 8.0, 8.0, 8.0, 8.0, 4.0, 4.0, 20.0, 0.0, 0.0, 8.0, 4.0, 4.0, 4.0, 20.0, 8.0, 8.0, 0.0, 8.0, 4.0, 4.0]",131.36,131.36,31,qxgij9sh,,,,,0
13,dadcupjc,,0,308,307,post_exp,FinalForProlific,2026-05-21 00:20:13.202022,1,,,5593.0,1,,0.0,571f8b54-ffdc-4466-8066-90fb81d9dfc1,4315.74,10.0,8.0,80.0,4395.74,,2600.0,20.0,,,,,0.0,0,,,3,c06d584f-16fe-42a0-a5b0-281026bd6ca3,https://london-trader-6b45bffdcd02.herokuapp.com,wss://london-trader-6b45bffdcd02.herokuapp.com,,1,6,ghp,gamified,human_only,0.0,0,15,"[8.0, 4.0, 20.0, 8.0, 8.0, 20.0, 20.0, 4.0, 20.0, 4.0, 20.0, 0.0, 8.0, 8.0, 8.0, 8.0, 8.0, 4.0, 4.0, 20.0, 0.0, 0.0, 8.0, 4.0, 4.0, 4.0, 20.0, 8.0, 8.0, 0.0, 8.0, 4.0, 4.0]",64.47,64.47,31,qxgij9sh,,,,,0
14,stzawa55,,0,308,307,post_exp,FinalForProlific,2026-05-21 00:20:13.207535,1,,,6667.0,2,,0.0,29127936-c621-49bd-a572-059f4be7598b,4439.749999999998,12.0,8.0,96.0,4535.749999999998,,3800.0,10.0,,,,,0.0,0,,,3,c06d584f-16fe-42a0-a5b0-281026bd6ca3,https://london-trader-6b45bffdcd02.herokuapp.com,wss://london-trader-6b45bffdcd02.herokuapp.com,,1,6,ghp,gamified,human_only,0.0,0,15,"[8.0, 4.0, 20.0, 8.0, 8.0, 20.0, 20.0, 4.0, 20.0, 4.0, 20.0, 0.0, 8.0, 8.0, 8.0, 8.0, 8.0, 4.0, 4.0, 20.0, 0.0, 0.0, 8.0, 4.0, 4.0, 4.0, 20.0, 8.0, 8.0, 0.0, 8.0, 4.0, 4.0]",64.47,64.47,31,qxgij9sh,,,,,0
15,ja9vp1ab,,0,308,307,post_exp,FinalForProlific,2026-05-21 00:20:13.214591,1,,,7291.0,3,,0.0,697c6d90-c662-4d2a-b95d-90564ff71af6,4457.910000000003,4.0,8.0,32.0,4489.910000000003,,2600.0,20.0,,,,,0.0,0,,,3,c06d584f-16fe-42a0-a5b0-281026bd6ca3,https://london-trader-6b45bffdcd02.herokuapp.com,wss://london-trader-6b45bffdcd02.herokuapp.com,,1,6,ghp,gamified,human_only,0.0,0,15,"[8.0, 4.0, 20.0, 8.0, 8.0, 20.0, 20.0, 4.0, 20.0, 4.0, 20.0, 0.0, 8.0, 8.0, 8.0, 8.0, 8.0, 4.0, 4.0, 20.0, 0.0, 0.0, 8.0, 4.0, 4.0, 4.0, 20.0, 8.0, 8.0, 0.0, 8.0, 4.0, 4.0]",64.47,64.47,31,qxgij9sh,,,,,0
16,tzbpp88u,,0,308,307,post_exp,FinalForProlific,2026-05-21 00:20:13.221123,1,,,5765.0,4,,0.0,dfd6c39d-ffc1-4115-942a-8b07c09007e9,5134.339999999997,15.0,8.0,120.0,5254.339999999997,,3800.0,10.0,,,,,0.0,0,,,3,c06d584f-16fe-42a0-a5b0-281026bd6ca3,https://london-trader-6b45bffdcd02.herokuapp.com,wss://london-trader-6b45bffdcd02.herokuapp.com,,1,6,ghp,gamified,human_only,0.0,0,15,"[8.0, 4.0, 20.0, 8.0, 8.0, 20.0, 20.0, 4.0, 20.0, 4.0, 20.0, 0.0, 8.0, 8.0, 8.0, 8.0, 8.0, 4.0, 4.0, 20.0, 0.0, 0.0, 8.0, 4.0, 4.0, 4.0, 20.0, 8.0, 8.0, 0.0, 8.0, 4.0, 4.0]",64.47,64.47,31,qxgij9sh,,,,,0
17,gr27p5tr,,0,308,307,post_exp,FinalForProlific,2026-05-21 00:20:13.227342,1,,,5642.0,5,,0.0,b1b707e4-d832-44a3-9c9f-a683db402492,4529.900000000001,25.0,8.0,200.0,4729.900000000001,,2600.0,20.0,,,,,0.0,0,,,3,c06d584f-16fe-42a0-a5b0-281026bd6ca3,https://london-trader-6b45bffdcd02.herokuapp.com,wss://london-trader-6b45bffdcd02.herokuapp.com,,1,6,ghp,gamified,human_only,0.0,0,15,"[8.0, 4.0, 20.0, 8.0, 8.0, 20.0, 20.0, 4.0, 20.0, 4.0, 20.0, 0.0, 8.0, 8.0, 8.0, 8.0, 8.0, 4.0, 4.0, 20.0, 0.0, 0.0, 8.0, 4.0, 4.0, 4.0, 20.0, 8.0, 8.0, 0.0, 8.0, 4.0, 4.0]",64.47,64.47,31,qxgij9sh,,,,,0
18,e60078af,,0,308,307,post_exp,FinalForProlific,2026-05-21 00:20:13.233350,1,,,4972.0,6,,0.0,316252be-ca5a-49d1-8696-39b139312e4e,4042.3600000000006,31.0,8.0,248.0,4290.360000000001,,3800.0,10.0,,,,,0.0,0,,,3,c06d584f-16fe-42a0-a5b0-281026bd6ca3,https://london-trader-6b45bffdcd02.herokuapp.com,wss://london-trader-6b45bffdcd02.herokuapp.com,,1,6,ghp,gamified,human_only,0.0,0,15,"[8.0, 4.0, 20.0, 8.0, 8.0, 20.0, 20.0, 4.0, 20.0, 4.0, 20.0, 0.0, 8.0, 8.0, 8.0, 8.0, 8.0, 4.0, 4.0, 20.0, 0.0, 0.0, 8.0, 4.0, 4.0, 4.0, 20.0, 8.0, 8.0, 0.0, 8.0, 4.0, 4.0]",64.47,64.47,31,qxgij9sh,,,,,0
19,9mtusmd8,,0,308,307,post_exp,FinalForProlific,2026-05-21 00:20:13.239722,1,,,5453.0,1,,0.0,0d66d303-80a4-48cf-b86a-b7b3ec8e3d8f,4949.0,16.0,8.0,128.0,5077.0,,2600.0,20.0,,,,,0.0,0,,,4,eb0b7ae0-43db-4f00-81cb-43eaf9bf7432,https://london-trader-6b45bffdcd02.herokuapp.com,wss://london-trader-6b45bffdcd02.herokuapp.com,,1,1,ng,non_gamified,human_only,0.0,1,15,"[8.0, 4.0, 20.0, 8.0, 8.0, 20.0, 20.0, 4.0, 20.0, 4.0, 20.0, 0.0, 8.0, 8.0, 8.0, 8.0, 8.0, 4.0, 4.0, 20.0, 0.0, 0.0, 8.0, 4.0, 4.0, 4.0, 20.0, 8.0, 8.0, 0.0, 8.0, 4.0, 4.0]",127.0,127.0,31,qxgij9sh,,,,,0
1,g9jo03o9,,0,308,307,post_exp,FinalForProlific,2026-05-21 00:20:12.875424,1,,,5611.0,1,,0.0,66251611-12a2-4944-8723-b591a69a9824,4370.0,20.0,4.0,80.0,4450.0,,2600.0,20.0,,,,,0.0,0,,,1,7639dc96-fd01-4576-8cdc-79c9d30dcd81,https://london-trader-6b45bffdcd02.herokuapp.com,wss://london-trader-6b45bffdcd02.herokuapp.com,,1,6,ghp,gamified,human_only,0.0,0,15,"[8.0, 4.0, 20.0, 8.0, 8.0, 20.0, 20.0, 4.0, 20.0, 4.0, 20.0, 0.0, 8.0, 8.0, 8.0, 8.0, 8.0, 4.0, 4.0, 20.0, 0.0, 0.0, 8.0, 4.0, 4.0, 4.0, 20.0, 8.0, 8.0, 0.0, 8.0, 4.0, 4.0]",13.5,13.5,32,qxgij9sh,,,,,0
2,h0ebvwds,,0,308,307,post_exp,FinalForProlific,2026-05-21 00:20:13.125533,1,,,5268.0,2,,0.0,0d138ea8-8160-4263-bab0-ef399294f8a7,5119.91,1.0,4.0,4.0,5123.91,,3800.0,10.0,,,,,0.0,0,,,1,7639dc96-fd01-4576-8cdc-79c9d30dcd81,https://london-trader-6b45bffdcd02.herokuapp.com,wss://london-trader-6b45bffdcd02.herokuapp.com,,1,6,ghp,gamified,human_only,0.0,0,15,"[8.0, 4.0, 20.0, 8.0, 8.0, 20.0, 20.0, 4.0, 20.0, 4.0, 20.0, 0.0, 8.0, 8.0, 8.0, 8.0, 8.0, 4.0, 4.0, 20.0, 0.0, 0.0, 8.0, 4.0, 4.0, 4.0, 20.0, 8.0, 8.0, 0.0, 8.0, 4.0, 4.0]",13.5,13.5,32,qxgij9sh,,,,,0
3,u2aoz11d,,0,308,307,post_exp,FinalForProlific,2026-05-21 00:20:13.130849,1,,,4992.0,3,,0.0,145e83a3-2fb7-443a-93d3-6f7e84aec434,4891.639999999999,0.0,4.0,0.0,4891.639999999999,,2600.0,20.0,,,,,0.0,0,,,1,7639dc96-fd01-4576-8cdc-79c9d30dcd81,https://london-trader-6b45bffdcd02.herokuapp.com,wss://london-trader-6b45bffdcd02.herokuapp.com,,1,6,ghp,gamified,human_only,0.0,0,15,"[8.0, 4.0, 20.0, 8.0, 8.0, 20.0, 20.0, 4.0, 20.0, 4.0, 20.0, 0.0, 8.0, 8.0, 8.0, 8.0, 8.0, 4.0, 4.0, 20.0, 0.0, 0.0, 8.0, 4.0, 4.0, 4.0, 20.0, 8.0, 8.0, 0.0, 8.0, 4.0, 4.0]",13.5,13.5,32,qxgij9sh,,,,,0
4,90ay03zv,,0,308,307,post_exp,FinalForProlific,2026-05-21 00:20:13.140123,1,,,4543.0,4,,0.0,9cf3eabc-27f7-4754-a78b-8b9b1aca36d4,4347.26,11.0,4.0,44.0,4391.26,,3800.0,10.0,,,,,0.0,0,,,1,7639dc96-fd01-4576-8cdc-79c9d30dcd81,https://london-trader-6b45bffdcd02.herokuapp.com,wss://london-trader-6b45bffdcd02.herokuapp.com,,1,6,ghp,gamified,human_only,0.0,0,15,"[8.0, 4.0, 20.0, 8.0, 8.0, 20.0, 20.0, 4.0, 20.0, 4.0, 20.0, 0.0, 8.0, 8.0, 8.0, 8.0, 8.0, 4.0, 4.0, 20.0, 0.0, 0.0, 8.0, 4.0, 4.0, 4.0, 20.0, 8.0, 8.0, 0.0, 8.0, 4.0, 4.0]",13.5,13.5,32,qxgij9sh,,,,,0
5,ukmvlwcs,,0,308,307,post_exp,FinalForProlific,2026-05-21 00:20:13.146394,1,,,5655.0,5,,0.0,4ffcf78f-4023-4892-9eef-146a5c209835,4998.119999999999,64.0,4.0,256.0,5254.119999999999,,2600.0,20.0,,,,,0.0,0,,,1,7639dc96-fd01-4576-8cdc-79c9d30dcd81,https://london-trader-6b45bffdcd02.herokuapp.com,wss://london-trader-6b45bffdcd02.herokuapp.com,,1,6,ghp,gamified,human_only,0.0,0,15,"[8.0, 4.0, 20.0, 8.0, 8.0, 20.0, 20.0, 4.0, 20.0, 4.0, 20.0, 0.0, 8.0, 8.0, 8.0, 8.0, 8.0, 4.0, 4.0, 20.0, 0.0, 0.0, 8.0, 4.0, 4.0, 4.0, 20.0, 8.0, 8.0, 0.0, 8.0, 4.0, 4.0]",13.5,13.5,32,qxgij9sh,,,,,0
6,ehyb34jx,,0,308,307,post_exp,FinalForProlific,2026-05-21 00:20:13.152849,1,,,4044.0,6,,0.0,88efbdd9-40ef-4c34-921a-f39cc16113ce,3957.0700000000015,0.0,4.0,0.0,3957.0700000000015,,3800.0,10.0,,,,,0.0,0,,,1,7639dc96-fd01-4576-8cdc-79c9d30dcd81,https://london-trader-6b45bffdcd02.herokuapp.com,wss://london-trader-6b45bffdcd02.herokuapp.com,,1,6,ghp,gamified,human_only,0.0,0,15,"[8.0, 4.0, 20.0, 8.0, 8.0, 20.0, 20.0, 4.0, 20.0, 4.0, 20.0, 0.0, 8.0, 8.0, 8.0, 8.0, 8.0, 4.0, 4.0, 20.0, 0.0, 0.0, 8.0, 4.0, 4.0, 4.0, 20.0, 8.0, 8.0, 0.0, 8.0, 4.0, 4.0]",13.5,13.5,32,qxgij9sh,,,,,0
7,6xvvhy1g,,0,308,307,post_exp,FinalForProlific,2026-05-21 00:20:13.159196,1,,,4941.0,1,,0.0,266b409b-ab01-469b-9133-7915001aa253,1037.7800000000113,49.0,4.0,196.0,1233.7800000000113,,2600.0,20.0,,,,,0.0,0,,,2,aa648e2e-d329-4dd5-8902-af2bb6347519,https://london-trader-6b45bffdcd02.herokuapp.com,wss://london-trader-6b45bffdcd02.herokuapp.com,,1,6,ng,non_gamified,human_only,0.0,0,15,"[8.0, 4.0, 20.0, 8.0, 8.0, 20.0, 20.0, 4.0, 20.0, 4.0, 20.0, 0.0, 8.0, 8.0, 8.0, 8.0, 8.0, 4.0, 4.0, 20.0, 0.0, 0.0, 8.0, 4.0, 4.0, 4.0, 20.0, 8.0, 8.0, 0.0, 8.0, 4.0, 4.0]",130.99,130.99,32,qxgij9sh,,,,,0
8,o6ptk42l,,0,308,307,post_exp,FinalForProlific,2026-05-21 00:20:13.166131,1,,,5638.0,2,,0.0,a1224b50-e54d-4401-acb4-4fb3bfac8e8d,5265.74,2.0,4.0,8.0,5273.74,,3800.0,10.0,,,,,0.0,0,,,2,aa648e2e-d329-4dd5-8902-af2bb6347519,https://london-trader-6b45bffdcd02.herokuapp.com,wss://london-trader-6b45bffdcd02.herokuapp.com,,1,6,ng,non_gamified,human_only,0.0,0,15,"[8.0, 4.0, 20.0, 8.0, 8.0, 20.0, 20.0, 4.0, 20.0, 4.0, 20.0, 0.0, 8.0, 8.0, 8.0, 8.0, 8.0, 4.0, 4.0, 20.0, 0.0, 0.0, 8.0, 4.0, 4.0, 4.0, 20.0, 8.0, 8.0, 0.0, 8.0, 4.0, 4.0]",130.99,130.99,32,qxgij9sh,,,,,0
9,vitm387c,,0,308,307,post_exp,FinalForProlific,2026-05-21 00:20:13.172514,1,,,4427.0,3,,0.0,4f2980e2-d10c-4c68-937f-78d5142dc0ef,2278.6499999999996,45.0,4.0,180.0,2458.6499999999996,,2600.0,20.0,,,,,0.0,0,,,2,aa648e2e-d329-4dd5-8902-af2bb6347519,https://london-trader-6b45bffdcd02.herokuapp.com,wss://london-trader-6b45bffdcd02.herokuapp.com,,1,6,ng,non_gamified,human_only,0.0,0,15,"[8.0, 4.0, 20.0, 8.0, 8.0, 20.0, 20.0, 4.0, 20.0, 4.0, 20.0, 0.0, 8.0, 8.0, 8.0, 8.0, 8.0, 4.0, 4.0, 20.0, 0.0, 0.0, 8.0, 4.0, 4.0, 4.0, 20.0, 8.0, 8.0, 0.0, 8.0, 4.0, 4.0]",130.99,130.99,32,qxgij9sh,,,,,0
10,nngm5qgp,,0,308,307,post_exp,FinalForProlific,2026-05-21 00:20:13.181710,1,,,521.0,4,,0.0,198ae65a-873c-4c68-a85e-66eac976c7ab,4123.700000000003,14.0,4.0,56.0,4179.700000000003,,3800.0,10.0,,,,,0.0,0,,,2,aa648e2e-d329-4dd5-8902-af2bb6347519,https://london-trader-6b45bffdcd02.herokuapp.com,wss://london-trader-6b45bffdcd02.herokuapp.com,,1,6,ng,non_gamified,human_only,0.0,0,15,"[8.0, 4.0, 20.0, 8.0, 8.0, 20.0, 20.0, 4.0, 20.0, 4.0, 20.0, 0.0, 8.0, 8.0, 8.0, 8.0, 8.0, 4.0, 4.0, 20.0, 0.0, 0.0, 8.0, 4.0, 4.0, 4.0, 20.0, 8.0, 8.0, 0.0, 8.0, 4.0, 4.0]",130.99,130.99,32,qxgij9sh,,,,,0
11,9x5fpgk2,,0,308,307,post_exp,FinalForProlific,2026-05-21 00:20:13.188564,1,,,6999.0,5,,0.0,8ca21702-83a8-4430-9ead-0119fc913da6,7624.6999999999925,24.0,4.0,96.0,7720.6999999999925,,2600.0,20.0,,,,,0.0,0,,,2,aa648e2e-d329-4dd5-8902-af2bb6347519,https://london-trader-6b45bffdcd02.herokuapp.com,wss://london-trader-6b45bffdcd02.herokuapp.com,,1,6,ng,non_gamified,human_only,0.0,0,15,"[8.0, 4.0, 20.0, 8.0, 8.0, 20.0, 20.0, 4.0, 20.0, 4.0, 20.0, 0.0, 8.0, 8.0, 8.0, 8.0, 8.0, 4.0, 4.0, 20.0, 0.0, 0.0, 8.0, 4.0, 4.0, 4.0, 20.0, 8.0, 8.0, 0.0, 8.0, 4.0, 4.0]",130.99,130.99,32,qxgij9sh,,,,,0
12,7d70uqk8,,0,308,307,post_exp,FinalForProlific,2026-05-21 00:20:13.195431,1,,,9064.0,6,,0.0,218b254a-e7c1-4487-8aff-ff693b11673d,9485.429999999993,0.0,4.0,0.0,9485.429999999993,,3800.0,10.0,,,,,0.0,0,,,2,aa648e2e-d329-4dd5-8902-af2bb6347519,https://london-trader-6b45bffdcd02.herokuapp.com,wss://london-trader-6b45bffdcd02.herokuapp.com,,1,6,ng,non_gamified,human_only,0.0,0,15,"[8.0, 4.0, 20.0, 8.0, 8.0, 20.0, 20.0, 4.0, 20.0, 4.0, 20.0, 0.0, 8.0, 8.0, 8.0, 8.0, 8.0, 4.0, 4.0, 20.0, 0.0, 0.0, 8.0, 4.0, 4.0, 4.0, 20.0, 8.0, 8.0, 0.0, 8.0, 4.0, 4.0]",130.99,130.99,32,qxgij9sh,,,,,0
13,dadcupjc,,0,308,307,post_exp,FinalForProlific,2026-05-21 00:20:13.202022,1,,,5593.0,1,,0.0,571f8b54-ffdc-4466-8066-90fb81d9dfc1,4460.5,9.0,4.0,36.0,4496.5,,2600.0,20.0,,,,,0.0,0,,,3,c06d584f-16fe-42a0-a5b0-281026bd6ca3,https://london-trader-6b45bffdcd02.herokuapp.com,wss://london-trader-6b45bffdcd02.herokuapp.com,,1,6,ghp,gamified,human_only,0.0,0,15,"[8.0, 4.0, 20.0, 8.0, 8.0, 20.0, 20.0, 4.0, 20.0, 4.0, 20.0, 0.0, 8.0, 8.0, 8.0, 8.0, 8.0, 4.0, 4.0, 20.0, 0.0, 0.0, 8.0, 4.0, 4.0, 4.0, 20.0, 8.0, 8.0, 0.0, 8.0, 4.0, 4.0]",64.76,64.76,32,qxgij9sh,,,,,0
14,stzawa55,,0,308,307,post_exp,FinalForProlific,2026-05-21 00:20:13.207535,1,,,6667.0,2,,0.0,29127936-c621-49bd-a572-059f4be7598b,4404.999999999999,20.0,4.0,80.0,4484.999999999999,,3800.0,10.0,,,,,0.0,0,,,3,c06d584f-16fe-42a0-a5b0-281026bd6ca3,https://london-trader-6b45bffdcd02.herokuapp.com,wss://london-trader-6b45bffdcd02.herokuapp.com,,1,6,ghp,gamified,human_only,0.0,0,15,"[8.0, 4.0, 20.0, 8.0, 8.0, 20.0, 20.0, 4.0, 20.0, 4.0, 20.0, 0.0, 8.0, 8.0, 8.0, 8.0, 8.0, 4.0, 4.0, 20.0, 0.0, 0.0, 8.0, 4.0, 4.0, 4.0, 20.0, 8.0, 8.0, 0.0, 8.0, 4.0, 4.0]",64.76,64.76,32,qxgij9sh,,,,,0
15,ja9vp1ab,,0,308,307,post_exp,FinalForProlific,2026-05-21 00:20:13.214591,1,,,7291.0,3,,0.0,697c6d90-c662-4d2a-b95d-90564ff71af6,4748.620000000003,0.0,4.0,0.0,4748.620000000003,,2600.0,20.0,,,,,0.0,0,,,3,c06d584f-16fe-42a0-a5b0-281026bd6ca3,https://london-trader-6b45bffdcd02.herokuapp.com,wss://london-trader-6b45bffdcd02.herokuapp.com,,1,6,ghp,gamified,human_only,0.0,0,15,"[8.0, 4.0, 20.0, 8.0, 8.0, 20.0, 20.0, 4.0, 20.0, 4.0, 20.0, 0.0, 8.0, 8.0, 8.0, 8.0, 8.0, 4.0, 4.0, 20.0, 0.0, 0.0, 8.0, 4.0, 4.0, 4.0, 20.0, 8.0, 8.0, 0.0, 8.0, 4.0, 4.0]",64.76,64.76,32,qxgij9sh,,,,,0
16,tzbpp88u,,0,308,307,post_exp,FinalForProlific,2026-05-21 00:20:13.221123,1,,,5765.0,4,,0.0,dfd6c39d-ffc1-4115-942a-8b07c09007e9,4993.659999999997,19.0,4.0,76.0,5069.659999999997,,3800.0,10.0,,,,,0.0,0,,,3,c06d584f-16fe-42a0-a5b0-281026bd6ca3,https://london-trader-6b45bffdcd02.herokuapp.com,wss://london-trader-6b45bffdcd02.herokuapp.com,,1,6,ghp,gamified,human_only,0.0,0,15,"[8.0, 4.0, 20.0, 8.0, 8.0, 20.0, 20.0, 4.0, 20.0, 4.0, 20.0, 0.0, 8.0, 8.0, 8.0, 8.0, 8.0, 4.0, 4.0, 20.0, 0.0, 0.0, 8.0, 4.0, 4.0, 4.0, 20.0, 8.0, 8.0, 0.0, 8.0, 4.0, 4.0]",64.76,64.76,32,qxgij9sh,,,,,0
17,gr27p5tr,,0,308,307,post_exp,FinalForProlific,2026-05-21 00:20:13.227342,1,,,5642.0,5,,0.0,b1b707e4-d832-44a3-9c9f-a683db402492,4862.13,29.0,4.0,116.0,4978.13,,2600.0,20.0,,,,,0.0,0,,,3,c06d584f-16fe-42a0-a5b0-281026bd6ca3,https://london-trader-6b45bffdcd02.herokuapp.com,wss://london-trader-6b45bffdcd02.herokuapp.com,,1,6,ghp,gamified,human_only,0.0,0,15,"[8.0, 4.0, 20.0, 8.0, 8.0, 20.0, 20.0, 4.0, 20.0, 4.0, 20.0, 0.0, 8.0, 8.0, 8.0, 8.0, 8.0, 4.0, 4.0, 20.0, 0.0, 0.0, 8.0, 4.0, 4.0, 4.0, 20.0, 8.0, 8.0, 0.0, 8.0, 4.0, 4.0]",64.76,64.76,32,qxgij9sh,,,,,0
18,e60078af,,0,308,307,post_exp,FinalForProlific,2026-05-21 00:20:13.233350,1,,,4972.0,6,,0.0,316252be-ca5a-49d1-8696-39b139312e4e,4226.09,32.0,4.0,128.0,4354.09,,3800.0,10.0,,,,,0.0,0,,,3,c06d584f-16fe-42a0-a5b0-281026bd6ca3,https://london-trader-6b45bffdcd02.herokuapp.com,wss://london-trader-6b45bffdcd02.herokuapp.com,,1,6,ghp,gamified,human_only,0.0,0,15,"[8.0, 4.0, 20.0, 8.0, 8.0, 20.0, 20.0, 4.0, 20.0, 4.0, 20.0, 0.0, 8.0, 8.0, 8.0, 8.0, 8.0, 4.0, 4.0, 20.0, 0.0, 0.0, 8.0, 4.0, 4.0, 4.0, 20.0, 8.0, 8.0, 0.0, 8.0, 4.0, 4.0]",64.76,64.76,32,qxgij9sh,,,,,0
19,9mtusmd8,,0,308,307,post_exp,FinalForProlific,2026-05-21 00:20:13.239722,1,,,5453.0,1,,0.0,0d66d303-80a4-48cf-b86a-b7b3ec8e3d8f,5077.0,14.0,4.0,56.0,5133.0,,2600.0,20.0,,,,,0.0,0,,,4,eb0b7ae0-43db-4f00-81cb-43eaf9bf7432,https://london-trader-6b45bffdcd02.herokuapp.com,wss://london-trader-6b45bffdcd02.herokuapp.com,,1,1,ng,non_gamified,human_only,0.0,1,15,"[8.0, 4.0, 20.0, 8.0, 8.0, 20.0, 20.0, 4.0, 20.0, 4.0, 20.0, 0.0, 8.0, 8.0, 8.0, 8.0, 8.0, 4.0, 4.0, 20.0, 0.0, 0.0, 8.0, 4.0, 4.0, 4.0, 20.0, 8.0, 8.0, 0.0, 8.0, 4.0, 4.0]",127.0,127.0,32,qxgij9sh,,,,,0
1,g9jo03o9,,0,308,307,post_exp,FinalForProlific,2026-05-21 00:20:12.875424,1,,,5611.0,1,,0.0,66251611-12a2-4944-8723-b591a69a9824,4450.0,20.0,4.0,80.0,4530.0,,2600.0,20.0,,,,,0.0,0,,,1,7639dc96-fd01-4576-8cdc-79c9d30dcd81,https://london-trader-6b45bffdcd02.herokuapp.com,wss://london-trader-6b45bffdcd02.herokuapp.com,,1,6,ghp,gamified,human_only,0.0,0,15,"[8.0, 4.0, 20.0, 8.0, 8.0, 20.0, 20.0, 4.0, 20.0, 4.0, 20.0, 0.0, 8.0, 8.0, 8.0, 8.0, 8.0, 4.0, 4.0, 20.0, 0.0, 0.0, 8.0, 4.0, 4.0, 4.0, 20.0, 8.0, 8.0, 0.0, 8.0, 4.0, 4.0]",7.0,7.0,33,qxgij9sh,,,,,0
2,h0ebvwds,,0,308,307,post_exp,FinalForProlific,2026-05-21 00:20:13.125533,1,,,5268.0,2,,0.0,0d138ea8-8160-4263-bab0-ef399294f8a7,5123.91,1.0,4.0,4.0,5127.91,,3800.0,10.0,,,,,0.0,0,,,1,7639dc96-fd01-4576-8cdc-79c9d30dcd81,https://london-trader-6b45bffdcd02.herokuapp.com,wss://london-trader-6b45bffdcd02.herokuapp.com,,1,6,ghp,gamified,human_only,0.0,0,15,"[8.0, 4.0, 20.0, 8.0, 8.0, 20.0, 20.0, 4.0, 20.0, 4.0, 20.0, 0.0, 8.0, 8.0, 8.0, 8.0, 8.0, 4.0, 4.0, 20.0, 0.0, 0.0, 8.0, 4.0, 4.0, 4.0, 20.0, 8.0, 8.0, 0.0, 8.0, 4.0, 4.0]",7.0,7.0,33,qxgij9sh,,,,,0
3,u2aoz11d,,0,308,307,post_exp,FinalForProlific,2026-05-21 00:20:13.130849,1,,,4992.0,3,,0.0,145e83a3-2fb7-443a-93d3-6f7e84aec434,4891.639999999999,0.0,4.0,0.0,4891.639999999999,,2600.0,20.0,,,,,0.0,0,,,1,7639dc96-fd01-4576-8cdc-79c9d30dcd81,https://london-trader-6b45bffdcd02.herokuapp.com,wss://london-trader-6b45bffdcd02.herokuapp.com,,1,6,ghp,gamified,human_only,0.0,0,15,"[8.0, 4.0, 20.0, 8.0, 8.0, 20.0, 20.0, 4.0, 20.0, 4.0, 20.0, 0.0, 8.0, 8.0, 8.0, 8.0, 8.0, 4.0, 4.0, 20.0, 0.0, 0.0, 8.0, 4.0, 4.0, 4.0, 20.0, 8.0, 8.0, 0.0, 8.0, 4.0, 4.0]",7.0,7.0,33,qxgij9sh,,,,,0
4,90ay03zv,,0,308,307,post_exp,FinalForProlific,2026-05-21 00:20:13.140123,1,,,4543.0,4,,0.0,9cf3eabc-27f7-4754-a78b-8b9b1aca36d4,4433.26,5.0,4.0,20.0,4453.26,,3800.0,10.0,,,,,0.0,0,,,1,7639dc96-fd01-4576-8cdc-79c9d30dcd81,https://london-trader-6b45bffdcd02.herokuapp.com,wss://london-trader-6b45bffdcd02.herokuapp.com,,1,6,ghp,gamified,human_only,0.0,0,15,"[8.0, 4.0, 20.0, 8.0, 8.0, 20.0, 20.0, 4.0, 20.0, 4.0, 20.0, 0.0, 8.0, 8.0, 8.0, 8.0, 8.0, 4.0, 4.0, 20.0, 0.0, 0.0, 8.0, 4.0, 4.0, 4.0, 20.0, 8.0, 8.0, 0.0, 8.0, 4.0, 4.0]",7.0,7.0,33,qxgij9sh,,,,,0
5,ukmvlwcs,,0,308,307,post_exp,FinalForProlific,2026-05-21 00:20:13.146394,1,,,5655.0,5,,0.0,4ffcf78f-4023-4892-9eef-146a5c209835,5263.119999999999,63.0,4.0,252.0,5515.119999999999,,2600.0,20.0,,,,,0.0,0,,,1,7639dc96-fd01-4576-8cdc-79c9d30dcd81,https://london-trader-6b45bffdcd02.herokuapp.com,wss://london-trader-6b45bffdcd02.herokuapp.com,,1,6,ghp,gamified,human_only,0.0,0,15,"[8.0, 4.0, 20.0, 8.0, 8.0, 20.0, 20.0, 4.0, 20.0, 4.0, 20.0, 0.0, 8.0, 8.0, 8.0, 8.0, 8.0, 4.0, 4.0, 20.0, 0.0, 0.0, 8.0, 4.0, 4.0, 4.0, 20.0, 8.0, 8.0, 0.0, 8.0, 4.0, 4.0]",7.0,7.0,33,qxgij9sh,,,,,0
6,ehyb34jx,,0,308,307,post_exp,FinalForProlific,2026-05-21 00:20:13.152849,1,,,4044.0,6,,0.0,88efbdd9-40ef-4c34-921a-f39cc16113ce,3906.0700000000015,7.0,4.0,28.0,3934.0700000000015,,3800.0,10.0,,,,,0.0,0,,,1,7639dc96-fd01-4576-8cdc-79c9d30dcd81,https://london-trader-6b45bffdcd02.herokuapp.com,wss://london-trader-6b45bffdcd02.herokuapp.com,,1,6,ghp,gamified,human_only,0.0,0,15,"[8.0, 4.0, 20.0, 8.0, 8.0, 20.0, 20.0, 4.0, 20.0, 4.0, 20.0, 0.0, 8.0, 8.0, 8.0, 8.0, 8.0, 4.0, 4.0, 20.0, 0.0, 0.0, 8.0, 4.0, 4.0, 4.0, 20.0, 8.0, 8.0, 0.0, 8.0, 4.0, 4.0]",7.0,7.0,33,qxgij9sh,,,,,0
7,6xvvhy1g,,0,308,307,post_exp,FinalForProlific,2026-05-21 00:20:13.159196,1,,,4941.0,1,,0.0,266b409b-ab01-469b-9133-7915001aa253,2017.6900000000114,40.0,4.0,160.0,2177.6900000000114,,2600.0,20.0,,,,,0.0,0,,,2,aa648e2e-d329-4dd5-8902-af2bb6347519,https://london-trader-6b45bffdcd02.herokuapp.com,wss://london-trader-6b45bffdcd02.herokuapp.com,,1,6,ng,non_gamified,human_only,0.0,0,15,"[8.0, 4.0, 20.0, 8.0, 8.0, 20.0, 20.0, 4.0, 20.0, 4.0, 20.0, 0.0, 8.0, 8.0, 8.0, 8.0, 8.0, 4.0, 4.0, 20.0, 0.0, 0.0, 8.0, 4.0, 4.0, 4.0, 20.0, 8.0, 8.0, 0.0, 8.0, 4.0, 4.0]",120.64,120.64,33,qxgij9sh,,,,,0
8,o6ptk42l,,0,308,307,post_exp,FinalForProlific,2026-05-21 00:20:13.166131,1,,,5638.0,2,,0.0,a1224b50-e54d-4401-acb4-4fb3bfac8e8d,5393.74,1.0,4.0,4.0,5397.74,,3800.0,10.0,,,,,0.0,0,,,2,aa648e2e-d329-4dd5-8902-af2bb6347519,https://london-trader-6b45bffdcd02.herokuapp.com,wss://london-trader-6b45bffdcd02.herokuapp.com,,1,6,ng,non_gamified,human_only,0.0,0,15,"[8.0, 4.0, 20.0, 8.0, 8.0, 20.0, 20.0, 4.0, 20.0, 4.0, 20.0, 0.0, 8.0, 8.0, 8.0, 8.0, 8.0, 4.0, 4.0, 20.0, 0.0, 0.0, 8.0, 4.0, 4.0, 4.0, 20.0, 8.0, 8.0, 0.0, 8.0, 4.0, 4.0]",120.64,120.64,33,qxgij9sh,,,,,0
9,vitm387c,,0,308,307,post_exp,FinalForProlific,2026-05-21 00:20:13.172514,1,,,4427.0,3,,0.0,4f2980e2-d10c-4c68-937f-78d5142dc0ef,8181.220000000001,2.0,4.0,8.0,8189.220000000001,,2600.0,20.0,,,,,0.0,0,,,2,aa648e2e-d329-4dd5-8902-af2bb6347519,https://london-trader-6b45bffdcd02.herokuapp.com,wss://london-trader-6b45bffdcd02.herokuapp.com,,1,6,ng,non_gamified,human_only,0.0,0,15,"[8.0, 4.0, 20.0, 8.0, 8.0, 20.0, 20.0, 4.0, 20.0, 4.0, 20.0, 0.0, 8.0, 8.0, 8.0, 8.0, 8.0, 4.0, 4.0, 20.0, 0.0, 0.0, 8.0, 4.0, 4.0, 4.0, 20.0, 8.0, 8.0, 0.0, 8.0, 4.0, 4.0]",120.64,120.64,33,qxgij9sh,,,,,0
10,nngm5qgp,,0,308,307,post_exp,FinalForProlific,2026-05-21 00:20:13.181710,1,,,521.0,4,,0.0,198ae65a-873c-4c68-a85e-66eac976c7ab,5.259999999999593,64.0,4.0,256.0,261.2599999999996,,3800.0,10.0,,,,,0.0,0,,,2,aa648e2e-d329-4dd5-8902-af2bb6347519,https://london-trader-6b45bffdcd02.herokuapp.com,wss://london-trader-6b45bffdcd02.herokuapp.com,,1,6,ng,non_gamified,human_only,0.0,0,15,"[8.0, 4.0, 20.0, 8.0, 8.0, 20.0, 20.0, 4.0, 20.0, 4.0, 20.0, 0.0, 8.0, 8.0, 8.0, 8.0, 8.0, 4.0, 4.0, 20.0, 0.0, 0.0, 8.0, 4.0, 4.0, 4.0, 20.0, 8.0, 8.0, 0.0, 8.0, 4.0, 4.0]",120.64,120.64,33,qxgij9sh,,,,,0
11,9x5fpgk2,,0,308,307,post_exp,FinalForProlific,2026-05-21 00:20:13.188564,1,,,6999.0,5,,0.0,8ca21702-83a8-4430-9ead-0119fc913da6,5919.699999999993,49.0,4.0,196.0,6115.699999999993,,2600.0,20.0,,,,,0.0,0,,,2,aa648e2e-d329-4dd5-8902-af2bb6347519,https://london-trader-6b45bffdcd02.herokuapp.com,wss://london-trader-6b45bffdcd02.herokuapp.com,,1,6,ng,non_gamified,human_only,0.0,0,15,"[8.0, 4.0, 20.0, 8.0, 8.0, 20.0, 20.0, 4.0, 20.0, 4.0, 20.0, 0.0, 8.0, 8.0, 8.0, 8.0, 8.0, 4.0, 4.0, 20.0, 0.0, 0.0, 8.0, 4.0, 4.0, 4.0, 20.0, 8.0, 8.0, 0.0, 8.0, 4.0, 4.0]",120.64,120.64,33,qxgij9sh,,,,,0
12,7d70uqk8,,0,308,307,post_exp,FinalForProlific,2026-05-21 00:20:13.195431,1,,,9064.0,6,,0.0,218b254a-e7c1-4487-8aff-ff693b11673d,8834.389999999992,5.0,4.0,20.0,8854.389999999992,,3800.0,10.0,,,,,0.0,0,,,2,aa648e2e-d329-4dd5-8902-af2bb6347519,https://london-trader-6b45bffdcd02.herokuapp.com,wss://london-trader-6b45bffdcd02.herokuapp.com,,1,6,ng,non_gamified,human_only,0.0,0,15,"[8.0, 4.0, 20.0, 8.0, 8.0, 20.0, 20.0, 4.0, 20.0, 4.0, 20.0, 0.0, 8.0, 8.0, 8.0, 8.0, 8.0, 4.0, 4.0, 20.0, 0.0, 0.0, 8.0, 4.0, 4.0, 4.0, 20.0, 8.0, 8.0, 0.0, 8.0, 4.0, 4.0]",120.64,120.64,33,qxgij9sh,,,,,0
13,dadcupjc,,0,308,307,post_exp,FinalForProlific,2026-05-21 00:20:13.202022,1,,,5593.0,1,,0.0,571f8b54-ffdc-4466-8066-90fb81d9dfc1,4883.21,3.0,4.0,12.0,4895.21,,2600.0,20.0,,,,,0.0,0,,,3,c06d584f-16fe-42a0-a5b0-281026bd6ca3,https://london-trader-6b45bffdcd02.herokuapp.com,wss://london-trader-6b45bffdcd02.herokuapp.com,,1,6,ghp,gamified,human_only,0.0,0,15,"[8.0, 4.0, 20.0, 8.0, 8.0, 20.0, 20.0, 4.0, 20.0, 4.0, 20.0, 0.0, 8.0, 8.0, 8.0, 8.0, 8.0, 4.0, 4.0, 20.0, 0.0, 0.0, 8.0, 4.0, 4.0, 4.0, 20.0, 8.0, 8.0, 0.0, 8.0, 4.0, 4.0]",64.19,64.19,33,qxgij9sh,,,,,0
14,stzawa55,,0,308,307,post_exp,FinalForProlific,2026-05-21 00:20:13.207535,1,,,6667.0,2,,0.0,29127936-c621-49bd-a572-059f4be7598b,4101.489999999999,20.0,4.0,80.0,4181.489999999999,,3800.0,10.0,,,,,0.0,0,,,3,c06d584f-16fe-42a0-a5b0-281026bd6ca3,https://london-trader-6b45bffdcd02.herokuapp.com,wss://london-trader-6b45bffdcd02.herokuapp.com,,1,6,ghp,gamified,human_only,0.0,0,15,"[8.0, 4.0, 20.0, 8.0, 8.0, 20.0, 20.0, 4.0, 20.0, 4.0, 20.0, 0.0, 8.0, 8.0, 8.0, 8.0, 8.0, 4.0, 4.0, 20.0, 0.0, 0.0, 8.0, 4.0, 4.0, 4.0, 20.0, 8.0, 8.0, 0.0, 8.0, 4.0, 4.0]",64.19,64.19,33,qxgij9sh,,,,,0
15,ja9vp1ab,,0,308,307,post_exp,FinalForProlific,2026-05-21 00:20:13.214591,1,,,7291.0,3,,0.0,697c6d90-c662-4d2a-b95d-90564ff71af6,4748.620000000003,0.0,4.0,0.0,4748.620000000003,,2600.0,20.0,,,,,0.0,0,,,3,c06d584f-16fe-42a0-a5b0-281026bd6ca3,https://london-trader-6b45bffdcd02.herokuapp.com,wss://london-trader-6b45bffdcd02.herokuapp.com,,1,6,ghp,gamified,human_only,0.0,0,15,"[8.0, 4.0, 20.0, 8.0, 8.0, 20.0, 20.0, 4.0, 20.0, 4.0, 20.0, 0.0, 8.0, 8.0, 8.0, 8.0, 8.0, 4.0, 4.0, 20.0, 0.0, 0.0, 8.0, 4.0, 4.0, 4.0, 20.0, 8.0, 8.0, 0.0, 8.0, 4.0, 4.0]",64.19,64.19,33,qxgij9sh,,,,,0
16,tzbpp88u,,0,308,307,post_exp,FinalForProlific,2026-05-21 00:20:13.221123,1,,,5765.0,4,,0.0,dfd6c39d-ffc1-4115-942a-8b07c09007e9,4745.329999999995,25.0,4.0,100.0,4845.329999999995,,3800.0,10.0,,,,,0.0,0,,,3,c06d584f-16fe-42a0-a5b0-281026bd6ca3,https://london-trader-6b45bffdcd02.herokuapp.com,wss://london-trader-6b45bffdcd02.herokuapp.com,,1,6,ghp,gamified,human_only,0.0,0,15,"[8.0, 4.0, 20.0, 8.0, 8.0, 20.0, 20.0, 4.0, 20.0, 4.0, 20.0, 0.0, 8.0, 8.0, 8.0, 8.0, 8.0, 4.0, 4.0, 20.0, 0.0, 0.0, 8.0, 4.0, 4.0, 4.0, 20.0, 8.0, 8.0, 0.0, 8.0, 4.0, 4.0]",64.19,64.19,33,qxgij9sh,,,,,0
17,gr27p5tr,,0,308,307,post_exp,FinalForProlific,2026-05-21 00:20:13.227342,1,,,5642.0,5,,0.0,b1b707e4-d832-44a3-9c9f-a683db402492,5428.080000000002,18.0,4.0,72.0,5500.080000000002,,2600.0,20.0,,,,,0.0,0,,,3,c06d584f-16fe-42a0-a5b0-281026bd6ca3,https://london-trader-6b45bffdcd02.herokuapp.com,wss://london-trader-6b45bffdcd02.herokuapp.com,,1,6,ghp,gamified,human_only,0.0,0,15,"[8.0, 4.0, 20.0, 8.0, 8.0, 20.0, 20.0, 4.0, 20.0, 4.0, 20.0, 0.0, 8.0, 8.0, 8.0, 8.0, 8.0, 4.0, 4.0, 20.0, 0.0, 0.0, 8.0, 4.0, 4.0, 4.0, 20.0, 8.0, 8.0, 0.0, 8.0, 4.0, 4.0]",64.19,64.19,33,qxgij9sh,,,,,0
18,e60078af,,0,308,307,post_exp,FinalForProlific,2026-05-21 00:20:13.233350,1,,,4972.0,6,,0.0,316252be-ca5a-49d1-8696-39b139312e4e,4225.27,34.0,4.0,136.0,4361.27,,3800.0,10.0,,,,,0.0,0,,,3,c06d584f-16fe-42a0-a5b0-281026bd6ca3,https://london-trader-6b45bffdcd02.herokuapp.com,wss://london-trader-6b45bffdcd02.herokuapp.com,,1,6,ghp,gamified,human_only,0.0,0,15,"[8.0, 4.0, 20.0, 8.0, 8.0, 20.0, 20.0, 4.0, 20.0, 4.0, 20.0, 0.0, 8.0, 8.0, 8.0, 8.0, 8.0, 4.0, 4.0, 20.0, 0.0, 0.0, 8.0, 4.0, 4.0, 4.0, 20.0, 8.0, 8.0, 0.0, 8.0, 4.0, 4.0]",64.19,64.19,33,qxgij9sh,,,,,0
19,9mtusmd8,,0,308,307,post_exp,FinalForProlific,2026-05-21 00:20:13.239722,1,,,5453.0,1,,0.0,0d66d303-80a4-48cf-b86a-b7b3ec8e3d8f,5259.0,11.0,4.0,44.0,5303.0,,2600.0,20.0,,,,,0.0,0,,,4,eb0b7ae0-43db-4f00-81cb-43eaf9bf7432,https://london-trader-6b45bffdcd02.herokuapp.com,wss://london-trader-6b45bffdcd02.herokuapp.com,,1,1,ng,non_gamified,human_only,0.0,1,15,"[8.0, 4.0, 20.0, 8.0, 8.0, 20.0, 20.0, 4.0, 20.0, 4.0, 20.0, 0.0, 8.0, 8.0, 8.0, 8.0, 8.0, 4.0, 4.0, 20.0, 0.0, 0.0, 8.0, 4.0, 4.0, 4.0, 20.0, 8.0, 8.0, 0.0, 8.0, 4.0, 4.0]",126.0,126.0,33,qxgij9sh,,,,,0
