session_uuid,market_rep,payoff_gini,sd_payoff,treatment,market_design,group_composition,is_gamified,is_hybrid,gamified_x_hybrid,algo_present,n_surge_crash,n_bubble_runs,share_feedback,share_speculator,share_fundamental,share_other,avg_abs_mispricing,avg_norm_mispricing,avg_n_trades
4397451b-fa5f-4b8f-b86e-278d272e1d68,1,0.05226654771008582,486.7487873867503,gh,gamified,human_only,1,0,0,0,0,1,0.0,0.0,0.0,1.0,45.05357142857143,1.4602002660038376,2.2857142857142856
4b4a8da8-869c-4728-b134-73a625591381,2,0.05226654771008582,486.7487873867503,gh,gamified,human_only,1,0,0,0,1,1,0.0,0.0,0.16666666666666666,0.8333333333333334,39.98398148148148,1.384677835667419,4.266666666666667
