participant_code,self_assessed_literacy,fin_quiz_correct,fin_quiz_total,age,gender,trading_experience,fin_quiz_score,overconfidence
3qk5kred,5,8,12,44,Other,0,0.6666666666666666,-0.16666666666666663
7uj99w7k,8,12,12,22,Male,1,1.0,-0.19999999999999996
8pfnya23,3,4,12,33,Female,0,0.3333333333333333,-0.033333333333333326
ggq5fqn1,8,8,12,33,Female,1,0.6666666666666666,0.13333333333333341
pno5o92p,9,3,12,44,Female,0,0.25,0.65
rhxwy9vc,4,4,12,33,Male,0,0.3333333333333333,0.06666666666666671
