participant.id_in_session,participant.code,participant.label,participant._is_bot,participant._index_in_pages,participant._max_page_index,participant._current_app_name,participant._current_page_name,participant.time_started_utc,participant.visited,participant.mturk_worker_id,participant.mturk_assignment_id,participant.payoff,player.id_in_group,player.role,player.payoff,player.trader_uuid,player.current_cash,player.num_shares,player.dividend_per_share,player.dividend_cash,player.cash_after_dividend,player.daybreak_snapshot_error,player.assigned_initial_cash,player.assigned_initial_shares,player.forecast_price_next_day,player.forecast_confidence_next_day,player.forecast_survey_json,player.realized_next_day_closing_price,player.forecast_bonus_earned,player.forecast_bonus_scored,player.algo_belief_present,player.algo_belief_confidence,group.id_in_subsession,group.trading_session_uuid,group.trading_api_base,group.trading_ws_base,group.trading_init_error,group.trading_day_duration_minutes,group.realized_group_size,group.treatment,group.market_design,group.group_composition,group.noise_trader_draw,group.noise_trader_present,group.num_days,group.dividends_csv,group.observed_last_transaction_price,group.closing_price,subsession.round_number,session.code,session.label,session.mturk_HITId,session.mturk_HITGroupId,session.comment,session.is_demo
1,9bv3gi2y,,0,221,220,post_exp,FinalForProlific,2026-05-05 16:24:25.907795,1,,,6097.0,1,,0.0,8f572d20-95a7-46ba-ba2a-8e808117b347,2600.0,21.0,8.0,168.0,2768.0,,2600.0,20.0,,,,,0.0,0,,,1,6f73b226-f3d6-453b-bec2-d4fe1457f0e7,https://london-trader-6b45bffdcd02.herokuapp.com,wss://london-trader-6b45bffdcd02.herokuapp.com,,1,6,gh,gamified,human_only,0.0,0,15,"[8.0, 8.0, 20.0, 20.0, 4.0, 20.0, 4.0, 20.0, 0.0, 8.0, 8.0, 8.0, 8.0, 8.0, 4.0, 4.0, 20.0, 0.0, 0.0, 8.0, 4.0, 4.0, 4.0, 20.0, 8.0, 8.0, 0.0, 8.0, 4.0, 4.0]",,,1,skdclskt,,,,,0
2,1tnknpce,,0,221,220,post_exp,FinalForProlific,2026-05-05 16:24:26.237055,1,,,4685.0,2,,0.0,0d49a0af-7711-49c1-a980-1ce4cb747f19,3800.0,10.0,8.0,80.0,3880.0,,3800.0,10.0,,,,,0.0,0,,,1,6f73b226-f3d6-453b-bec2-d4fe1457f0e7,https://london-trader-6b45bffdcd02.herokuapp.com,wss://london-trader-6b45bffdcd02.herokuapp.com,,1,6,gh,gamified,human_only,0.0,0,15,"[8.0, 8.0, 20.0, 20.0, 4.0, 20.0, 4.0, 20.0, 0.0, 8.0, 8.0, 8.0, 8.0, 8.0, 4.0, 4.0, 20.0, 0.0, 0.0, 8.0, 4.0, 4.0, 4.0, 20.0, 8.0, 8.0, 0.0, 8.0, 4.0, 4.0]",,,1,skdclskt,,,,,0
3,zkl94ida,,0,221,220,post_exp,FinalForProlific,2026-05-05 16:24:26.243811,1,,,7353.0,3,,0.0,261c9bee-da67-4d1d-8144-87becb48c51d,2600.0,20.0,8.0,160.0,2760.0,,2600.0,20.0,,,,,0.0,0,,,1,6f73b226-f3d6-453b-bec2-d4fe1457f0e7,https://london-trader-6b45bffdcd02.herokuapp.com,wss://london-trader-6b45bffdcd02.herokuapp.com,,1,6,gh,gamified,human_only,0.0,0,15,"[8.0, 8.0, 20.0, 20.0, 4.0, 20.0, 4.0, 20.0, 0.0, 8.0, 8.0, 8.0, 8.0, 8.0, 4.0, 4.0, 20.0, 0.0, 0.0, 8.0, 4.0, 4.0, 4.0, 20.0, 8.0, 8.0, 0.0, 8.0, 4.0, 4.0]",,,1,skdclskt,,,,,0
4,h7nk13vs,,0,221,220,post_exp,FinalForProlific,2026-05-05 16:24:26.249481,1,,,5148.0,4,,0.0,f1ebfa30-9819-4739-bb3e-139f3ebb772b,3800.0,10.0,8.0,80.0,3880.0,,3800.0,10.0,,,,,0.0,0,,,1,6f73b226-f3d6-453b-bec2-d4fe1457f0e7,https://london-trader-6b45bffdcd02.herokuapp.com,wss://london-trader-6b45bffdcd02.herokuapp.com,,1,6,gh,gamified,human_only,0.0,0,15,"[8.0, 8.0, 20.0, 20.0, 4.0, 20.0, 4.0, 20.0, 0.0, 8.0, 8.0, 8.0, 8.0, 8.0, 4.0, 4.0, 20.0, 0.0, 0.0, 8.0, 4.0, 4.0, 4.0, 20.0, 8.0, 8.0, 0.0, 8.0, 4.0, 4.0]",,,1,skdclskt,,,,,0
5,8rrxo8mh,,0,221,220,post_exp,FinalForProlific,2026-05-05 16:24:26.255568,1,,,5698.0,5,,0.0,239c3d76-053a-40ec-a8c7-ed2420592ca4,2600.0,20.0,8.0,160.0,2760.0,,2600.0,20.0,,,,,0.0,0,,,1,6f73b226-f3d6-453b-bec2-d4fe1457f0e7,https://london-trader-6b45bffdcd02.herokuapp.com,wss://london-trader-6b45bffdcd02.herokuapp.com,,1,6,gh,gamified,human_only,0.0,0,15,"[8.0, 8.0, 20.0, 20.0, 4.0, 20.0, 4.0, 20.0, 0.0, 8.0, 8.0, 8.0, 8.0, 8.0, 4.0, 4.0, 20.0, 0.0, 0.0, 8.0, 4.0, 4.0, 4.0, 20.0, 8.0, 8.0, 0.0, 8.0, 4.0, 4.0]",,,1,skdclskt,,,,,0
6,53wkzdsp,,0,221,220,post_exp,FinalForProlific,2026-05-05 16:24:26.261968,1,,,5089.0,6,,0.0,54ceb134-b66d-4f4f-8ffb-b677a3be5d9d,3800.0,10.0,8.0,80.0,3880.0,,3800.0,10.0,,,,,0.0,0,,,1,6f73b226-f3d6-453b-bec2-d4fe1457f0e7,https://london-trader-6b45bffdcd02.herokuapp.com,wss://london-trader-6b45bffdcd02.herokuapp.com,,1,6,gh,gamified,human_only,0.0,0,15,"[8.0, 8.0, 20.0, 20.0, 4.0, 20.0, 4.0, 20.0, 0.0, 8.0, 8.0, 8.0, 8.0, 8.0, 4.0, 4.0, 20.0, 0.0, 0.0, 8.0, 4.0, 4.0, 4.0, 20.0, 8.0, 8.0, 0.0, 8.0, 4.0, 4.0]",,,1,skdclskt,,,,,0
7,2tmxyq59,,0,221,220,post_exp,FinalForProlific,2026-05-05 16:24:26.267852,1,,,5570.0,1,,0.0,d9d68e96-849c-41c0-8094-a55ca3b3a355,2600.0,20.0,8.0,160.0,2760.0,,2600.0,20.0,,,,,0.0,0,,,2,07790da6-16e1-4c15-9884-8a76c7e84392,https://london-trader-6b45bffdcd02.herokuapp.com,wss://london-trader-6b45bffdcd02.herokuapp.com,,1,6,gh,gamified,human_only,0.0,0,15,"[8.0, 8.0, 20.0, 20.0, 4.0, 20.0, 4.0, 20.0, 0.0, 8.0, 8.0, 8.0, 8.0, 8.0, 4.0, 4.0, 20.0, 0.0, 0.0, 8.0, 4.0, 4.0, 4.0, 20.0, 8.0, 8.0, 0.0, 8.0, 4.0, 4.0]",,,1,skdclskt,,,,,0
8,klvgct3w,,0,221,220,post_exp,FinalForProlific,2026-05-05 16:24:26.277407,1,,,5086.0,2,,0.0,c97d7d05-3010-4231-8b4c-ad5e9ce763a8,3800.0,10.0,8.0,80.0,3880.0,,3800.0,10.0,,,,,0.0,0,,,2,07790da6-16e1-4c15-9884-8a76c7e84392,https://london-trader-6b45bffdcd02.herokuapp.com,wss://london-trader-6b45bffdcd02.herokuapp.com,,1,6,gh,gamified,human_only,0.0,0,15,"[8.0, 8.0, 20.0, 20.0, 4.0, 20.0, 4.0, 20.0, 0.0, 8.0, 8.0, 8.0, 8.0, 8.0, 4.0, 4.0, 20.0, 0.0, 0.0, 8.0, 4.0, 4.0, 4.0, 20.0, 8.0, 8.0, 0.0, 8.0, 4.0, 4.0]",,,1,skdclskt,,,,,0
9,fa5fpl4w,,0,221,220,post_exp,FinalForProlific,2026-05-05 16:24:26.284184,1,,,5251.0,3,,0.0,804b1c25-e400-485b-a0e0-2371a4903700,2600.0,20.0,8.0,160.0,2760.0,,2600.0,20.0,,,,,0.0,0,,,2,07790da6-16e1-4c15-9884-8a76c7e84392,https://london-trader-6b45bffdcd02.herokuapp.com,wss://london-trader-6b45bffdcd02.herokuapp.com,,1,6,gh,gamified,human_only,0.0,0,15,"[8.0, 8.0, 20.0, 20.0, 4.0, 20.0, 4.0, 20.0, 0.0, 8.0, 8.0, 8.0, 8.0, 8.0, 4.0, 4.0, 20.0, 0.0, 0.0, 8.0, 4.0, 4.0, 4.0, 20.0, 8.0, 8.0, 0.0, 8.0, 4.0, 4.0]",,,1,skdclskt,,,,,0
10,0sa5xwid,,0,221,220,post_exp,FinalForProlific,2026-05-05 16:24:26.290374,1,,,5140.0,4,,0.0,7b242fc9-bd1b-4836-a718-b85e1c1a176b,3800.0,10.0,8.0,80.0,3880.0,,3800.0,10.0,,,,,0.0,0,,,2,07790da6-16e1-4c15-9884-8a76c7e84392,https://london-trader-6b45bffdcd02.herokuapp.com,wss://london-trader-6b45bffdcd02.herokuapp.com,,1,6,gh,gamified,human_only,0.0,0,15,"[8.0, 8.0, 20.0, 20.0, 4.0, 20.0, 4.0, 20.0, 0.0, 8.0, 8.0, 8.0, 8.0, 8.0, 4.0, 4.0, 20.0, 0.0, 0.0, 8.0, 4.0, 4.0, 4.0, 20.0, 8.0, 8.0, 0.0, 8.0, 4.0, 4.0]",,,1,skdclskt,,,,,0
11,w5nuyib0,,0,221,220,post_exp,FinalForProlific,2026-05-05 16:24:26.299295,1,,,4813.0,5,,0.0,29625c5b-f726-4de1-8b9e-9c49743b4cab,2600.0,20.0,8.0,160.0,2760.0,,2600.0,20.0,,,,,0.0,0,,,2,07790da6-16e1-4c15-9884-8a76c7e84392,https://london-trader-6b45bffdcd02.herokuapp.com,wss://london-trader-6b45bffdcd02.herokuapp.com,,1,6,gh,gamified,human_only,0.0,0,15,"[8.0, 8.0, 20.0, 20.0, 4.0, 20.0, 4.0, 20.0, 0.0, 8.0, 8.0, 8.0, 8.0, 8.0, 4.0, 4.0, 20.0, 0.0, 0.0, 8.0, 4.0, 4.0, 4.0, 20.0, 8.0, 8.0, 0.0, 8.0, 4.0, 4.0]",,,1,skdclskt,,,,,0
12,s1twfhpt,,0,221,220,post_exp,FinalForProlific,2026-05-05 16:24:26.305361,1,,,4871.0,6,,0.0,4b51a285-57d1-4d32-aa02-d36f8179ed63,3800.0,10.0,8.0,80.0,3880.0,,3800.0,10.0,,,,,0.0,0,,,2,07790da6-16e1-4c15-9884-8a76c7e84392,https://london-trader-6b45bffdcd02.herokuapp.com,wss://london-trader-6b45bffdcd02.herokuapp.com,,1,6,gh,gamified,human_only,0.0,0,15,"[8.0, 8.0, 20.0, 20.0, 4.0, 20.0, 4.0, 20.0, 0.0, 8.0, 8.0, 8.0, 8.0, 8.0, 4.0, 4.0, 20.0, 0.0, 0.0, 8.0, 4.0, 4.0, 4.0, 20.0, 8.0, 8.0, 0.0, 8.0, 4.0, 4.0]",,,1,skdclskt,,,,,0
13,tqeatlds,,0,221,220,post_exp,FinalForProlific,2026-05-05 16:24:26.312482,1,,,5561.0,1,,0.0,28c69508-f4f9-4c0e-a6a0-a4d5b22b7830,2600.0,20.0,8.0,160.0,2760.0,,2600.0,20.0,,,,,0.0,0,,,3,fd183cda-64d7-4787-9044-20debaf104a5,https://london-trader-6b45bffdcd02.herokuapp.com,wss://london-trader-6b45bffdcd02.herokuapp.com,,1,6,nh,non_gamified,human_only,0.0,0,15,"[8.0, 8.0, 20.0, 20.0, 4.0, 20.0, 4.0, 20.0, 0.0, 8.0, 8.0, 8.0, 8.0, 8.0, 4.0, 4.0, 20.0, 0.0, 0.0, 8.0, 4.0, 4.0, 4.0, 20.0, 8.0, 8.0, 0.0, 8.0, 4.0, 4.0]",,,1,skdclskt,,,,,0
14,nu7ykbgx,,0,221,220,post_exp,FinalForProlific,2026-05-05 16:24:26.328130,1,,,5985.0,2,,0.0,240f44aa-0d38-416e-a4df-3e0d3cc49536,3800.0,10.0,8.0,80.0,3880.0,,3800.0,10.0,,,,,0.0,0,,,3,fd183cda-64d7-4787-9044-20debaf104a5,https://london-trader-6b45bffdcd02.herokuapp.com,wss://london-trader-6b45bffdcd02.herokuapp.com,,1,6,nh,non_gamified,human_only,0.0,0,15,"[8.0, 8.0, 20.0, 20.0, 4.0, 20.0, 4.0, 20.0, 0.0, 8.0, 8.0, 8.0, 8.0, 8.0, 4.0, 4.0, 20.0, 0.0, 0.0, 8.0, 4.0, 4.0, 4.0, 20.0, 8.0, 8.0, 0.0, 8.0, 4.0, 4.0]",,,1,skdclskt,,,,,0
15,su76nhj9,,0,221,220,post_exp,FinalForProlific,2026-05-05 16:24:26.343041,1,,,5506.0,3,,0.0,9386577d-20fa-4927-a27d-261b95e06a71,2600.0,20.0,8.0,160.0,2760.0,,2600.0,20.0,,,,,0.0,0,,,3,fd183cda-64d7-4787-9044-20debaf104a5,https://london-trader-6b45bffdcd02.herokuapp.com,wss://london-trader-6b45bffdcd02.herokuapp.com,,1,6,nh,non_gamified,human_only,0.0,0,15,"[8.0, 8.0, 20.0, 20.0, 4.0, 20.0, 4.0, 20.0, 0.0, 8.0, 8.0, 8.0, 8.0, 8.0, 4.0, 4.0, 20.0, 0.0, 0.0, 8.0, 4.0, 4.0, 4.0, 20.0, 8.0, 8.0, 0.0, 8.0, 4.0, 4.0]",,,1,skdclskt,,,,,0
16,c2m857p1,,0,221,220,post_exp,FinalForProlific,2026-05-05 16:24:26.356865,1,,,5566.0,4,,0.0,ec5338be-31ec-409f-8fe0-d044c43f333a,3800.0,10.0,8.0,80.0,3880.0,,3800.0,10.0,,,,,0.0,0,,,3,fd183cda-64d7-4787-9044-20debaf104a5,https://london-trader-6b45bffdcd02.herokuapp.com,wss://london-trader-6b45bffdcd02.herokuapp.com,,1,6,nh,non_gamified,human_only,0.0,0,15,"[8.0, 8.0, 20.0, 20.0, 4.0, 20.0, 4.0, 20.0, 0.0, 8.0, 8.0, 8.0, 8.0, 8.0, 4.0, 4.0, 20.0, 0.0, 0.0, 8.0, 4.0, 4.0, 4.0, 20.0, 8.0, 8.0, 0.0, 8.0, 4.0, 4.0]",,,1,skdclskt,,,,,0
17,r6xuxcar,,0,221,220,post_exp,FinalForProlific,2026-05-05 16:24:26.366557,1,,,4396.0,5,,0.0,af4b90ba-123e-40d8-8867-b4991469cd39,2600.0,20.0,8.0,160.0,2760.0,,2600.0,20.0,,,,,0.0,0,,,3,fd183cda-64d7-4787-9044-20debaf104a5,https://london-trader-6b45bffdcd02.herokuapp.com,wss://london-trader-6b45bffdcd02.herokuapp.com,,1,6,nh,non_gamified,human_only,0.0,0,15,"[8.0, 8.0, 20.0, 20.0, 4.0, 20.0, 4.0, 20.0, 0.0, 8.0, 8.0, 8.0, 8.0, 8.0, 4.0, 4.0, 20.0, 0.0, 0.0, 8.0, 4.0, 4.0, 4.0, 20.0, 8.0, 8.0, 0.0, 8.0, 4.0, 4.0]",,,1,skdclskt,,,,,0
18,2y2lzizt,,0,221,220,post_exp,FinalForProlific,2026-05-05 16:24:26.378109,1,,,4734.0,6,,0.0,8d9117f6-c825-440d-86c0-64b78e6ca745,3800.0,10.0,8.0,80.0,3880.0,,3800.0,10.0,,,,,0.0,0,,,3,fd183cda-64d7-4787-9044-20debaf104a5,https://london-trader-6b45bffdcd02.herokuapp.com,wss://london-trader-6b45bffdcd02.herokuapp.com,,1,6,nh,non_gamified,human_only,0.0,0,15,"[8.0, 8.0, 20.0, 20.0, 4.0, 20.0, 4.0, 20.0, 0.0, 8.0, 8.0, 8.0, 8.0, 8.0, 4.0, 4.0, 20.0, 0.0, 0.0, 8.0, 4.0, 4.0, 4.0, 20.0, 8.0, 8.0, 0.0, 8.0, 4.0, 4.0]",,,1,skdclskt,,,,,0
19,0qc91a5a,,0,221,220,post_exp,FinalForProlific,2026-05-05 16:24:26.388408,1,,,6523.0,1,,0.0,55c5cbcc-f638-40ab-a1b6-dbe37fa8f72a,2600.0,20.0,8.0,160.0,2760.0,,2600.0,20.0,,,,,0.0,0,,,4,761eb99e-1c3d-45b4-81f7-8e5171ffd767,https://london-trader-6b45bffdcd02.herokuapp.com,wss://london-trader-6b45bffdcd02.herokuapp.com,,1,6,nh,non_gamified,human_only,0.0,0,15,"[8.0, 8.0, 20.0, 20.0, 4.0, 20.0, 4.0, 20.0, 0.0, 8.0, 8.0, 8.0, 8.0, 8.0, 4.0, 4.0, 20.0, 0.0, 0.0, 8.0, 4.0, 4.0, 4.0, 20.0, 8.0, 8.0, 0.0, 8.0, 4.0, 4.0]",,,1,skdclskt,,,,,0
20,2vy9s3px,,0,221,220,post_exp,FinalForProlific,2026-05-05 16:24:26.408267,1,,,5050.0,2,,0.0,d0d3f9d6-0176-4278-9bff-7f8b809b6060,3800.0,10.0,8.0,80.0,3880.0,,3800.0,10.0,,,,,0.0,0,,,4,761eb99e-1c3d-45b4-81f7-8e5171ffd767,https://london-trader-6b45bffdcd02.herokuapp.com,wss://london-trader-6b45bffdcd02.herokuapp.com,,1,6,nh,non_gamified,human_only,0.0,0,15,"[8.0, 8.0, 20.0, 20.0, 4.0, 20.0, 4.0, 20.0, 0.0, 8.0, 8.0, 8.0, 8.0, 8.0, 4.0, 4.0, 20.0, 0.0, 0.0, 8.0, 4.0, 4.0, 4.0, 20.0, 8.0, 8.0, 0.0, 8.0, 4.0, 4.0]",,,1,skdclskt,,,,,0
21,87uw2jck,,0,221,220,post_exp,FinalForProlific,2026-05-05 16:24:26.421889,1,,,5633.0,3,,0.0,83ea937e-d412-4809-a354-3f08485f32fe,2600.0,20.0,8.0,160.0,2760.0,,2600.0,20.0,,,,,0.0,0,,,4,761eb99e-1c3d-45b4-81f7-8e5171ffd767,https://london-trader-6b45bffdcd02.herokuapp.com,wss://london-trader-6b45bffdcd02.herokuapp.com,,1,6,nh,non_gamified,human_only,0.0,0,15,"[8.0, 8.0, 20.0, 20.0, 4.0, 20.0, 4.0, 20.0, 0.0, 8.0, 8.0, 8.0, 8.0, 8.0, 4.0, 4.0, 20.0, 0.0, 0.0, 8.0, 4.0, 4.0, 4.0, 20.0, 8.0, 8.0, 0.0, 8.0, 4.0, 4.0]",,,1,skdclskt,,,,,0
22,3ftocepp,,0,221,220,post_exp,FinalForProlific,2026-05-05 16:24:26.437680,1,,,5815.0,4,,0.0,93e6dd41-cfb5-4bb9-975b-e548014b48e6,3800.0,10.0,8.0,80.0,3880.0,,3800.0,10.0,,,,,0.0,0,,,4,761eb99e-1c3d-45b4-81f7-8e5171ffd767,https://london-trader-6b45bffdcd02.herokuapp.com,wss://london-trader-6b45bffdcd02.herokuapp.com,,1,6,nh,non_gamified,human_only,0.0,0,15,"[8.0, 8.0, 20.0, 20.0, 4.0, 20.0, 4.0, 20.0, 0.0, 8.0, 8.0, 8.0, 8.0, 8.0, 4.0, 4.0, 20.0, 0.0, 0.0, 8.0, 4.0, 4.0, 4.0, 20.0, 8.0, 8.0, 0.0, 8.0, 4.0, 4.0]",,,1,skdclskt,,,,,0
23,xz3dh0k4,,0,221,220,post_exp,FinalForProlific,2026-05-05 16:24:26.453575,1,,,5047.0,5,,0.0,b5055fcc-e732-4b8e-bd98-e6bfe626b3db,2600.0,20.0,8.0,160.0,2760.0,,2600.0,20.0,,,,,0.0,0,,,4,761eb99e-1c3d-45b4-81f7-8e5171ffd767,https://london-trader-6b45bffdcd02.herokuapp.com,wss://london-trader-6b45bffdcd02.herokuapp.com,,1,6,nh,non_gamified,human_only,0.0,0,15,"[8.0, 8.0, 20.0, 20.0, 4.0, 20.0, 4.0, 20.0, 0.0, 8.0, 8.0, 8.0, 8.0, 8.0, 4.0, 4.0, 20.0, 0.0, 0.0, 8.0, 4.0, 4.0, 4.0, 20.0, 8.0, 8.0, 0.0, 8.0, 4.0, 4.0]",,,1,skdclskt,,,,,0
24,x7l4wbwx,,0,221,220,post_exp,FinalForProlific,2026-05-05 16:24:26.462816,1,,,5091.0,6,,0.0,18f4a824-eb92-48ce-a99f-c0cb78a57cf2,3800.0,10.0,8.0,80.0,3880.0,,3800.0,10.0,,,,,0.0,0,,,4,761eb99e-1c3d-45b4-81f7-8e5171ffd767,https://london-trader-6b45bffdcd02.herokuapp.com,wss://london-trader-6b45bffdcd02.herokuapp.com,,1,6,nh,non_gamified,human_only,0.0,0,15,"[8.0, 8.0, 20.0, 20.0, 4.0, 20.0, 4.0, 20.0, 0.0, 8.0, 8.0, 8.0, 8.0, 8.0, 4.0, 4.0, 20.0, 0.0, 0.0, 8.0, 4.0, 4.0, 4.0, 20.0, 8.0, 8.0, 0.0, 8.0, 4.0, 4.0]",,,1,skdclskt,,,,,0
1,9bv3gi2y,,0,221,220,post_exp,FinalForProlific,2026-05-05 16:24:25.907795,1,,,6097.0,1,,0.0,8f572d20-95a7-46ba-ba2a-8e808117b347,2777.0,19.0,8.0,152.0,2929.0,,2600.0,20.0,,,,,0.0,0,,,1,6f73b226-f3d6-453b-bec2-d4fe1457f0e7,https://london-trader-6b45bffdcd02.herokuapp.com,wss://london-trader-6b45bffdcd02.herokuapp.com,,1,6,gh,gamified,human_only,0.0,0,15,"[8.0, 8.0, 20.0, 20.0, 4.0, 20.0, 4.0, 20.0, 0.0, 8.0, 8.0, 8.0, 8.0, 8.0, 4.0, 4.0, 20.0, 0.0, 0.0, 8.0, 4.0, 4.0, 4.0, 20.0, 8.0, 8.0, 0.0, 8.0, 4.0, 4.0]",9.0,9.0,2,skdclskt,,,,,0
2,1tnknpce,,0,221,220,post_exp,FinalForProlific,2026-05-05 16:24:26.237055,1,,,4685.0,2,,0.0,0d49a0af-7711-49c1-a980-1ce4cb747f19,3880.0,10.0,8.0,80.0,3960.0,,3800.0,10.0,,,,,0.0,0,,,1,6f73b226-f3d6-453b-bec2-d4fe1457f0e7,https://london-trader-6b45bffdcd02.herokuapp.com,wss://london-trader-6b45bffdcd02.herokuapp.com,,1,6,gh,gamified,human_only,0.0,0,15,"[8.0, 8.0, 20.0, 20.0, 4.0, 20.0, 4.0, 20.0, 0.0, 8.0, 8.0, 8.0, 8.0, 8.0, 4.0, 4.0, 20.0, 0.0, 0.0, 8.0, 4.0, 4.0, 4.0, 20.0, 8.0, 8.0, 0.0, 8.0, 4.0, 4.0]",9.0,9.0,2,skdclskt,,,,,0
3,zkl94ida,,0,221,220,post_exp,FinalForProlific,2026-05-05 16:24:26.243811,1,,,7353.0,3,,0.0,261c9bee-da67-4d1d-8144-87becb48c51d,2741.0,22.0,8.0,176.0,2917.0,,2600.0,20.0,,,,,0.0,0,,,1,6f73b226-f3d6-453b-bec2-d4fe1457f0e7,https://london-trader-6b45bffdcd02.herokuapp.com,wss://london-trader-6b45bffdcd02.herokuapp.com,,1,6,gh,gamified,human_only,0.0,0,15,"[8.0, 8.0, 20.0, 20.0, 4.0, 20.0, 4.0, 20.0, 0.0, 8.0, 8.0, 8.0, 8.0, 8.0, 4.0, 4.0, 20.0, 0.0, 0.0, 8.0, 4.0, 4.0, 4.0, 20.0, 8.0, 8.0, 0.0, 8.0, 4.0, 4.0]",9.0,9.0,2,skdclskt,,,,,0
4,h7nk13vs,,0,221,220,post_exp,FinalForProlific,2026-05-05 16:24:26.249481,1,,,5148.0,4,,0.0,f1ebfa30-9819-4739-bb3e-139f3ebb772b,3880.0,10.0,8.0,80.0,3960.0,,3800.0,10.0,,,,,0.0,0,,,1,6f73b226-f3d6-453b-bec2-d4fe1457f0e7,https://london-trader-6b45bffdcd02.herokuapp.com,wss://london-trader-6b45bffdcd02.herokuapp.com,,1,6,gh,gamified,human_only,0.0,0,15,"[8.0, 8.0, 20.0, 20.0, 4.0, 20.0, 4.0, 20.0, 0.0, 8.0, 8.0, 8.0, 8.0, 8.0, 4.0, 4.0, 20.0, 0.0, 0.0, 8.0, 4.0, 4.0, 4.0, 20.0, 8.0, 8.0, 0.0, 8.0, 4.0, 4.0]",9.0,9.0,2,skdclskt,,,,,0
5,8rrxo8mh,,0,221,220,post_exp,FinalForProlific,2026-05-05 16:24:26.255568,1,,,5698.0,5,,0.0,239c3d76-053a-40ec-a8c7-ed2420592ca4,2760.0,20.0,8.0,160.0,2920.0,,2600.0,20.0,,,,,0.0,0,,,1,6f73b226-f3d6-453b-bec2-d4fe1457f0e7,https://london-trader-6b45bffdcd02.herokuapp.com,wss://london-trader-6b45bffdcd02.herokuapp.com,,1,6,gh,gamified,human_only,0.0,0,15,"[8.0, 8.0, 20.0, 20.0, 4.0, 20.0, 4.0, 20.0, 0.0, 8.0, 8.0, 8.0, 8.0, 8.0, 4.0, 4.0, 20.0, 0.0, 0.0, 8.0, 4.0, 4.0, 4.0, 20.0, 8.0, 8.0, 0.0, 8.0, 4.0, 4.0]",9.0,9.0,2,skdclskt,,,,,0
6,53wkzdsp,,0,221,220,post_exp,FinalForProlific,2026-05-05 16:24:26.261968,1,,,5089.0,6,,0.0,54ceb134-b66d-4f4f-8ffb-b677a3be5d9d,3890.0,9.0,8.0,72.0,3962.0,,3800.0,10.0,,,,,0.0,0,,,1,6f73b226-f3d6-453b-bec2-d4fe1457f0e7,https://london-trader-6b45bffdcd02.herokuapp.com,wss://london-trader-6b45bffdcd02.herokuapp.com,,1,6,gh,gamified,human_only,0.0,0,15,"[8.0, 8.0, 20.0, 20.0, 4.0, 20.0, 4.0, 20.0, 0.0, 8.0, 8.0, 8.0, 8.0, 8.0, 4.0, 4.0, 20.0, 0.0, 0.0, 8.0, 4.0, 4.0, 4.0, 20.0, 8.0, 8.0, 0.0, 8.0, 4.0, 4.0]",9.0,9.0,2,skdclskt,,,,,0
7,2tmxyq59,,0,221,220,post_exp,FinalForProlific,2026-05-05 16:24:26.267852,1,,,5570.0,1,,0.0,d9d68e96-849c-41c0-8094-a55ca3b3a355,2760.0,20.0,8.0,160.0,2920.0,,2600.0,20.0,,,,,0.0,0,,,2,07790da6-16e1-4c15-9884-8a76c7e84392,https://london-trader-6b45bffdcd02.herokuapp.com,wss://london-trader-6b45bffdcd02.herokuapp.com,,1,6,gh,gamified,human_only,0.0,0,15,"[8.0, 8.0, 20.0, 20.0, 4.0, 20.0, 4.0, 20.0, 0.0, 8.0, 8.0, 8.0, 8.0, 8.0, 4.0, 4.0, 20.0, 0.0, 0.0, 8.0, 4.0, 4.0, 4.0, 20.0, 8.0, 8.0, 0.0, 8.0, 4.0, 4.0]",,,2,skdclskt,,,,,0
8,klvgct3w,,0,221,220,post_exp,FinalForProlific,2026-05-05 16:24:26.277407,1,,,5086.0,2,,0.0,c97d7d05-3010-4231-8b4c-ad5e9ce763a8,3880.0,11.0,8.0,88.0,3968.0,,3800.0,10.0,,,,,0.0,0,,,2,07790da6-16e1-4c15-9884-8a76c7e84392,https://london-trader-6b45bffdcd02.herokuapp.com,wss://london-trader-6b45bffdcd02.herokuapp.com,,1,6,gh,gamified,human_only,0.0,0,15,"[8.0, 8.0, 20.0, 20.0, 4.0, 20.0, 4.0, 20.0, 0.0, 8.0, 8.0, 8.0, 8.0, 8.0, 4.0, 4.0, 20.0, 0.0, 0.0, 8.0, 4.0, 4.0, 4.0, 20.0, 8.0, 8.0, 0.0, 8.0, 4.0, 4.0]",,,2,skdclskt,,,,,0
9,fa5fpl4w,,0,221,220,post_exp,FinalForProlific,2026-05-05 16:24:26.284184,1,,,5251.0,3,,0.0,804b1c25-e400-485b-a0e0-2371a4903700,2760.0,20.0,8.0,160.0,2920.0,,2600.0,20.0,,,,,0.0,0,,,2,07790da6-16e1-4c15-9884-8a76c7e84392,https://london-trader-6b45bffdcd02.herokuapp.com,wss://london-trader-6b45bffdcd02.herokuapp.com,,1,6,gh,gamified,human_only,0.0,0,15,"[8.0, 8.0, 20.0, 20.0, 4.0, 20.0, 4.0, 20.0, 0.0, 8.0, 8.0, 8.0, 8.0, 8.0, 4.0, 4.0, 20.0, 0.0, 0.0, 8.0, 4.0, 4.0, 4.0, 20.0, 8.0, 8.0, 0.0, 8.0, 4.0, 4.0]",,,2,skdclskt,,,,,0
10,0sa5xwid,,0,221,220,post_exp,FinalForProlific,2026-05-05 16:24:26.290374,1,,,5140.0,4,,0.0,7b242fc9-bd1b-4836-a718-b85e1c1a176b,3880.0,10.0,8.0,80.0,3960.0,,3800.0,10.0,,,,,0.0,0,,,2,07790da6-16e1-4c15-9884-8a76c7e84392,https://london-trader-6b45bffdcd02.herokuapp.com,wss://london-trader-6b45bffdcd02.herokuapp.com,,1,6,gh,gamified,human_only,0.0,0,15,"[8.0, 8.0, 20.0, 20.0, 4.0, 20.0, 4.0, 20.0, 0.0, 8.0, 8.0, 8.0, 8.0, 8.0, 4.0, 4.0, 20.0, 0.0, 0.0, 8.0, 4.0, 4.0, 4.0, 20.0, 8.0, 8.0, 0.0, 8.0, 4.0, 4.0]",,,2,skdclskt,,,,,0
11,w5nuyib0,,0,221,220,post_exp,FinalForProlific,2026-05-05 16:24:26.299295,1,,,4813.0,5,,0.0,29625c5b-f726-4de1-8b9e-9c49743b4cab,2760.0,20.0,8.0,160.0,2920.0,,2600.0,20.0,,,,,0.0,0,,,2,07790da6-16e1-4c15-9884-8a76c7e84392,https://london-trader-6b45bffdcd02.herokuapp.com,wss://london-trader-6b45bffdcd02.herokuapp.com,,1,6,gh,gamified,human_only,0.0,0,15,"[8.0, 8.0, 20.0, 20.0, 4.0, 20.0, 4.0, 20.0, 0.0, 8.0, 8.0, 8.0, 8.0, 8.0, 4.0, 4.0, 20.0, 0.0, 0.0, 8.0, 4.0, 4.0, 4.0, 20.0, 8.0, 8.0, 0.0, 8.0, 4.0, 4.0]",,,2,skdclskt,,,,,0
12,s1twfhpt,,0,221,220,post_exp,FinalForProlific,2026-05-05 16:24:26.305361,1,,,4871.0,6,,0.0,4b51a285-57d1-4d32-aa02-d36f8179ed63,3880.0,10.0,8.0,80.0,3960.0,,3800.0,10.0,,,,,0.0,0,,,2,07790da6-16e1-4c15-9884-8a76c7e84392,https://london-trader-6b45bffdcd02.herokuapp.com,wss://london-trader-6b45bffdcd02.herokuapp.com,,1,6,gh,gamified,human_only,0.0,0,15,"[8.0, 8.0, 20.0, 20.0, 4.0, 20.0, 4.0, 20.0, 0.0, 8.0, 8.0, 8.0, 8.0, 8.0, 4.0, 4.0, 20.0, 0.0, 0.0, 8.0, 4.0, 4.0, 4.0, 20.0, 8.0, 8.0, 0.0, 8.0, 4.0, 4.0]",,,2,skdclskt,,,,,0
13,tqeatlds,,0,221,220,post_exp,FinalForProlific,2026-05-05 16:24:26.312482,1,,,5561.0,1,,0.0,28c69508-f4f9-4c0e-a6a0-a4d5b22b7830,2760.0,20.0,8.0,160.0,2920.0,,2600.0,20.0,,,,,0.0,0,,,3,fd183cda-64d7-4787-9044-20debaf104a5,https://london-trader-6b45bffdcd02.herokuapp.com,wss://london-trader-6b45bffdcd02.herokuapp.com,,1,6,nh,non_gamified,human_only,0.0,0,15,"[8.0, 8.0, 20.0, 20.0, 4.0, 20.0, 4.0, 20.0, 0.0, 8.0, 8.0, 8.0, 8.0, 8.0, 4.0, 4.0, 20.0, 0.0, 0.0, 8.0, 4.0, 4.0, 4.0, 20.0, 8.0, 8.0, 0.0, 8.0, 4.0, 4.0]",,,2,skdclskt,,,,,0
14,nu7ykbgx,,0,221,220,post_exp,FinalForProlific,2026-05-05 16:24:26.328130,1,,,5985.0,2,,0.0,240f44aa-0d38-416e-a4df-3e0d3cc49536,3880.0,10.0,8.0,80.0,3960.0,,3800.0,10.0,,,,,0.0,0,,,3,fd183cda-64d7-4787-9044-20debaf104a5,https://london-trader-6b45bffdcd02.herokuapp.com,wss://london-trader-6b45bffdcd02.herokuapp.com,,1,6,nh,non_gamified,human_only,0.0,0,15,"[8.0, 8.0, 20.0, 20.0, 4.0, 20.0, 4.0, 20.0, 0.0, 8.0, 8.0, 8.0, 8.0, 8.0, 4.0, 4.0, 20.0, 0.0, 0.0, 8.0, 4.0, 4.0, 4.0, 20.0, 8.0, 8.0, 0.0, 8.0, 4.0, 4.0]",,,2,skdclskt,,,,,0
15,su76nhj9,,0,221,220,post_exp,FinalForProlific,2026-05-05 16:24:26.343041,1,,,5506.0,3,,0.0,9386577d-20fa-4927-a27d-261b95e06a71,2760.0,20.0,8.0,160.0,2920.0,,2600.0,20.0,,,,,0.0,0,,,3,fd183cda-64d7-4787-9044-20debaf104a5,https://london-trader-6b45bffdcd02.herokuapp.com,wss://london-trader-6b45bffdcd02.herokuapp.com,,1,6,nh,non_gamified,human_only,0.0,0,15,"[8.0, 8.0, 20.0, 20.0, 4.0, 20.0, 4.0, 20.0, 0.0, 8.0, 8.0, 8.0, 8.0, 8.0, 4.0, 4.0, 20.0, 0.0, 0.0, 8.0, 4.0, 4.0, 4.0, 20.0, 8.0, 8.0, 0.0, 8.0, 4.0, 4.0]",,,2,skdclskt,,,,,0
16,c2m857p1,,0,221,220,post_exp,FinalForProlific,2026-05-05 16:24:26.356865,1,,,5566.0,4,,0.0,ec5338be-31ec-409f-8fe0-d044c43f333a,3880.0,10.0,8.0,80.0,3960.0,,3800.0,10.0,,,,,0.0,0,,,3,fd183cda-64d7-4787-9044-20debaf104a5,https://london-trader-6b45bffdcd02.herokuapp.com,wss://london-trader-6b45bffdcd02.herokuapp.com,,1,6,nh,non_gamified,human_only,0.0,0,15,"[8.0, 8.0, 20.0, 20.0, 4.0, 20.0, 4.0, 20.0, 0.0, 8.0, 8.0, 8.0, 8.0, 8.0, 4.0, 4.0, 20.0, 0.0, 0.0, 8.0, 4.0, 4.0, 4.0, 20.0, 8.0, 8.0, 0.0, 8.0, 4.0, 4.0]",,,2,skdclskt,,,,,0
17,r6xuxcar,,0,221,220,post_exp,FinalForProlific,2026-05-05 16:24:26.366557,1,,,4396.0,5,,0.0,af4b90ba-123e-40d8-8867-b4991469cd39,2760.0,20.0,8.0,160.0,2920.0,,2600.0,20.0,,,,,0.0,0,,,3,fd183cda-64d7-4787-9044-20debaf104a5,https://london-trader-6b45bffdcd02.herokuapp.com,wss://london-trader-6b45bffdcd02.herokuapp.com,,1,6,nh,non_gamified,human_only,0.0,0,15,"[8.0, 8.0, 20.0, 20.0, 4.0, 20.0, 4.0, 20.0, 0.0, 8.0, 8.0, 8.0, 8.0, 8.0, 4.0, 4.0, 20.0, 0.0, 0.0, 8.0, 4.0, 4.0, 4.0, 20.0, 8.0, 8.0, 0.0, 8.0, 4.0, 4.0]",,,2,skdclskt,,,,,0
18,2y2lzizt,,0,221,220,post_exp,FinalForProlific,2026-05-05 16:24:26.378109,1,,,4734.0,6,,0.0,8d9117f6-c825-440d-86c0-64b78e6ca745,3880.0,10.0,8.0,80.0,3960.0,,3800.0,10.0,,,,,0.0,0,,,3,fd183cda-64d7-4787-9044-20debaf104a5,https://london-trader-6b45bffdcd02.herokuapp.com,wss://london-trader-6b45bffdcd02.herokuapp.com,,1,6,nh,non_gamified,human_only,0.0,0,15,"[8.0, 8.0, 20.0, 20.0, 4.0, 20.0, 4.0, 20.0, 0.0, 8.0, 8.0, 8.0, 8.0, 8.0, 4.0, 4.0, 20.0, 0.0, 0.0, 8.0, 4.0, 4.0, 4.0, 20.0, 8.0, 8.0, 0.0, 8.0, 4.0, 4.0]",,,2,skdclskt,,,,,0
19,0qc91a5a,,0,221,220,post_exp,FinalForProlific,2026-05-05 16:24:26.388408,1,,,6523.0,1,,0.0,55c5cbcc-f638-40ab-a1b6-dbe37fa8f72a,2760.0,20.0,8.0,160.0,2920.0,,2600.0,20.0,,,,,0.0,0,,,4,761eb99e-1c3d-45b4-81f7-8e5171ffd767,https://london-trader-6b45bffdcd02.herokuapp.com,wss://london-trader-6b45bffdcd02.herokuapp.com,,1,6,nh,non_gamified,human_only,0.0,0,15,"[8.0, 8.0, 20.0, 20.0, 4.0, 20.0, 4.0, 20.0, 0.0, 8.0, 8.0, 8.0, 8.0, 8.0, 4.0, 4.0, 20.0, 0.0, 0.0, 8.0, 4.0, 4.0, 4.0, 20.0, 8.0, 8.0, 0.0, 8.0, 4.0, 4.0]",,,2,skdclskt,,,,,0
20,2vy9s3px,,0,221,220,post_exp,FinalForProlific,2026-05-05 16:24:26.408267,1,,,5050.0,2,,0.0,d0d3f9d6-0176-4278-9bff-7f8b809b6060,3880.0,10.0,8.0,80.0,3960.0,,3800.0,10.0,,,,,0.0,0,,,4,761eb99e-1c3d-45b4-81f7-8e5171ffd767,https://london-trader-6b45bffdcd02.herokuapp.com,wss://london-trader-6b45bffdcd02.herokuapp.com,,1,6,nh,non_gamified,human_only,0.0,0,15,"[8.0, 8.0, 20.0, 20.0, 4.0, 20.0, 4.0, 20.0, 0.0, 8.0, 8.0, 8.0, 8.0, 8.0, 4.0, 4.0, 20.0, 0.0, 0.0, 8.0, 4.0, 4.0, 4.0, 20.0, 8.0, 8.0, 0.0, 8.0, 4.0, 4.0]",,,2,skdclskt,,,,,0
21,87uw2jck,,0,221,220,post_exp,FinalForProlific,2026-05-05 16:24:26.421889,1,,,5633.0,3,,0.0,83ea937e-d412-4809-a354-3f08485f32fe,2760.0,20.0,8.0,160.0,2920.0,,2600.0,20.0,,,,,0.0,0,,,4,761eb99e-1c3d-45b4-81f7-8e5171ffd767,https://london-trader-6b45bffdcd02.herokuapp.com,wss://london-trader-6b45bffdcd02.herokuapp.com,,1,6,nh,non_gamified,human_only,0.0,0,15,"[8.0, 8.0, 20.0, 20.0, 4.0, 20.0, 4.0, 20.0, 0.0, 8.0, 8.0, 8.0, 8.0, 8.0, 4.0, 4.0, 20.0, 0.0, 0.0, 8.0, 4.0, 4.0, 4.0, 20.0, 8.0, 8.0, 0.0, 8.0, 4.0, 4.0]",,,2,skdclskt,,,,,0
22,3ftocepp,,0,221,220,post_exp,FinalForProlific,2026-05-05 16:24:26.437680,1,,,5815.0,4,,0.0,93e6dd41-cfb5-4bb9-975b-e548014b48e6,3880.0,10.0,8.0,80.0,3960.0,,3800.0,10.0,,,,,0.0,0,,,4,761eb99e-1c3d-45b4-81f7-8e5171ffd767,https://london-trader-6b45bffdcd02.herokuapp.com,wss://london-trader-6b45bffdcd02.herokuapp.com,,1,6,nh,non_gamified,human_only,0.0,0,15,"[8.0, 8.0, 20.0, 20.0, 4.0, 20.0, 4.0, 20.0, 0.0, 8.0, 8.0, 8.0, 8.0, 8.0, 4.0, 4.0, 20.0, 0.0, 0.0, 8.0, 4.0, 4.0, 4.0, 20.0, 8.0, 8.0, 0.0, 8.0, 4.0, 4.0]",,,2,skdclskt,,,,,0
23,xz3dh0k4,,0,221,220,post_exp,FinalForProlific,2026-05-05 16:24:26.453575,1,,,5047.0,5,,0.0,b5055fcc-e732-4b8e-bd98-e6bfe626b3db,2760.0,20.0,8.0,160.0,2920.0,,2600.0,20.0,,,,,0.0,0,,,4,761eb99e-1c3d-45b4-81f7-8e5171ffd767,https://london-trader-6b45bffdcd02.herokuapp.com,wss://london-trader-6b45bffdcd02.herokuapp.com,,1,6,nh,non_gamified,human_only,0.0,0,15,"[8.0, 8.0, 20.0, 20.0, 4.0, 20.0, 4.0, 20.0, 0.0, 8.0, 8.0, 8.0, 8.0, 8.0, 4.0, 4.0, 20.0, 0.0, 0.0, 8.0, 4.0, 4.0, 4.0, 20.0, 8.0, 8.0, 0.0, 8.0, 4.0, 4.0]",,,2,skdclskt,,,,,0
24,x7l4wbwx,,0,221,220,post_exp,FinalForProlific,2026-05-05 16:24:26.462816,1,,,5091.0,6,,0.0,18f4a824-eb92-48ce-a99f-c0cb78a57cf2,3880.0,10.0,8.0,80.0,3960.0,,3800.0,10.0,,,,,0.0,0,,,4,761eb99e-1c3d-45b4-81f7-8e5171ffd767,https://london-trader-6b45bffdcd02.herokuapp.com,wss://london-trader-6b45bffdcd02.herokuapp.com,,1,6,nh,non_gamified,human_only,0.0,0,15,"[8.0, 8.0, 20.0, 20.0, 4.0, 20.0, 4.0, 20.0, 0.0, 8.0, 8.0, 8.0, 8.0, 8.0, 4.0, 4.0, 20.0, 0.0, 0.0, 8.0, 4.0, 4.0, 4.0, 20.0, 8.0, 8.0, 0.0, 8.0, 4.0, 4.0]",,,2,skdclskt,,,,,0
1,9bv3gi2y,,0,221,220,post_exp,FinalForProlific,2026-05-05 16:24:25.907795,1,,,6097.0,1,,0.0,8f572d20-95a7-46ba-ba2a-8e808117b347,2941.0,18.0,20.0,360.0,3301.0,,2600.0,20.0,0.0,0,,45.13,0.0,1,,,1,6f73b226-f3d6-453b-bec2-d4fe1457f0e7,https://london-trader-6b45bffdcd02.herokuapp.com,wss://london-trader-6b45bffdcd02.herokuapp.com,,1,6,gh,gamified,human_only,0.0,0,15,"[8.0, 8.0, 20.0, 20.0, 4.0, 20.0, 4.0, 20.0, 0.0, 8.0, 8.0, 8.0, 8.0, 8.0, 4.0, 4.0, 20.0, 0.0, 0.0, 8.0, 4.0, 4.0, 4.0, 20.0, 8.0, 8.0, 0.0, 8.0, 4.0, 4.0]",95.0,95.0,3,skdclskt,,,,,0
2,1tnknpce,,0,221,220,post_exp,FinalForProlific,2026-05-05 16:24:26.237055,1,,,4685.0,2,,0.0,0d49a0af-7711-49c1-a980-1ce4cb747f19,3993.0,7.0,20.0,140.0,4133.0,,3800.0,10.0,0.0,0,,45.13,0.0,1,,,1,6f73b226-f3d6-453b-bec2-d4fe1457f0e7,https://london-trader-6b45bffdcd02.herokuapp.com,wss://london-trader-6b45bffdcd02.herokuapp.com,,1,6,gh,gamified,human_only,0.0,0,15,"[8.0, 8.0, 20.0, 20.0, 4.0, 20.0, 4.0, 20.0, 0.0, 8.0, 8.0, 8.0, 8.0, 8.0, 4.0, 4.0, 20.0, 0.0, 0.0, 8.0, 4.0, 4.0, 4.0, 20.0, 8.0, 8.0, 0.0, 8.0, 4.0, 4.0]",95.0,95.0,3,skdclskt,,,,,0
3,zkl94ida,,0,221,220,post_exp,FinalForProlific,2026-05-05 16:24:26.243811,1,,,7353.0,3,,0.0,261c9bee-da67-4d1d-8144-87becb48c51d,2958.0,27.0,20.0,540.0,3498.0,,2600.0,20.0,40.0,1,"{""forecast_price_next_day"":40,""forecast_confidence_next_day"":1}",45.13,0.0,1,,,1,6f73b226-f3d6-453b-bec2-d4fe1457f0e7,https://london-trader-6b45bffdcd02.herokuapp.com,wss://london-trader-6b45bffdcd02.herokuapp.com,,1,6,gh,gamified,human_only,0.0,0,15,"[8.0, 8.0, 20.0, 20.0, 4.0, 20.0, 4.0, 20.0, 0.0, 8.0, 8.0, 8.0, 8.0, 8.0, 4.0, 4.0, 20.0, 0.0, 0.0, 8.0, 4.0, 4.0, 4.0, 20.0, 8.0, 8.0, 0.0, 8.0, 4.0, 4.0]",95.0,95.0,3,skdclskt,,,,,0
4,h7nk13vs,,0,221,220,post_exp,FinalForProlific,2026-05-05 16:24:26.249481,1,,,5148.0,4,,0.0,f1ebfa30-9819-4739-bb3e-139f3ebb772b,3888.5,9.0,20.0,180.0,4068.5,,3800.0,10.0,0.0,0,,45.13,0.0,1,,,1,6f73b226-f3d6-453b-bec2-d4fe1457f0e7,https://london-trader-6b45bffdcd02.herokuapp.com,wss://london-trader-6b45bffdcd02.herokuapp.com,,1,6,gh,gamified,human_only,0.0,0,15,"[8.0, 8.0, 20.0, 20.0, 4.0, 20.0, 4.0, 20.0, 0.0, 8.0, 8.0, 8.0, 8.0, 8.0, 4.0, 4.0, 20.0, 0.0, 0.0, 8.0, 4.0, 4.0, 4.0, 20.0, 8.0, 8.0, 0.0, 8.0, 4.0, 4.0]",95.0,95.0,3,skdclskt,,,,,0
5,8rrxo8mh,,0,221,220,post_exp,FinalForProlific,2026-05-05 16:24:26.255568,1,,,5698.0,5,,0.0,239c3d76-053a-40ec-a8c7-ed2420592ca4,2920.0,21.0,20.0,420.0,3340.0,,2600.0,20.0,0.0,0,,45.13,0.0,1,,,1,6f73b226-f3d6-453b-bec2-d4fe1457f0e7,https://london-trader-6b45bffdcd02.herokuapp.com,wss://london-trader-6b45bffdcd02.herokuapp.com,,1,6,gh,gamified,human_only,0.0,0,15,"[8.0, 8.0, 20.0, 20.0, 4.0, 20.0, 4.0, 20.0, 0.0, 8.0, 8.0, 8.0, 8.0, 8.0, 4.0, 4.0, 20.0, 0.0, 0.0, 8.0, 4.0, 4.0, 4.0, 20.0, 8.0, 8.0, 0.0, 8.0, 4.0, 4.0]",95.0,95.0,3,skdclskt,,,,,0
6,53wkzdsp,,0,221,220,post_exp,FinalForProlific,2026-05-05 16:24:26.261968,1,,,5089.0,6,,0.0,54ceb134-b66d-4f4f-8ffb-b677a3be5d9d,3947.5,10.0,20.0,200.0,4147.5,,3800.0,10.0,0.0,0,,45.13,0.0,1,,,1,6f73b226-f3d6-453b-bec2-d4fe1457f0e7,https://london-trader-6b45bffdcd02.herokuapp.com,wss://london-trader-6b45bffdcd02.herokuapp.com,,1,6,gh,gamified,human_only,0.0,0,15,"[8.0, 8.0, 20.0, 20.0, 4.0, 20.0, 4.0, 20.0, 0.0, 8.0, 8.0, 8.0, 8.0, 8.0, 4.0, 4.0, 20.0, 0.0, 0.0, 8.0, 4.0, 4.0, 4.0, 20.0, 8.0, 8.0, 0.0, 8.0, 4.0, 4.0]",95.0,95.0,3,skdclskt,,,,,0
7,2tmxyq59,,0,221,220,post_exp,FinalForProlific,2026-05-05 16:24:26.267852,1,,,5570.0,1,,0.0,d9d68e96-849c-41c0-8094-a55ca3b3a355,2920.0,20.0,20.0,400.0,3320.0,,2600.0,20.0,0.0,0,,100.0,0.0,1,,,2,07790da6-16e1-4c15-9884-8a76c7e84392,https://london-trader-6b45bffdcd02.herokuapp.com,wss://london-trader-6b45bffdcd02.herokuapp.com,,1,6,gh,gamified,human_only,0.0,0,15,"[8.0, 8.0, 20.0, 20.0, 4.0, 20.0, 4.0, 20.0, 0.0, 8.0, 8.0, 8.0, 8.0, 8.0, 4.0, 4.0, 20.0, 0.0, 0.0, 8.0, 4.0, 4.0, 4.0, 20.0, 8.0, 8.0, 0.0, 8.0, 4.0, 4.0]",100.0,100.0,3,skdclskt,,,,,0
8,klvgct3w,,0,221,220,post_exp,FinalForProlific,2026-05-05 16:24:26.277407,1,,,5086.0,2,,0.0,c97d7d05-3010-4231-8b4c-ad5e9ce763a8,3968.0,10.0,20.0,200.0,4168.0,,3800.0,10.0,0.0,0,,100.0,0.0,1,,,2,07790da6-16e1-4c15-9884-8a76c7e84392,https://london-trader-6b45bffdcd02.herokuapp.com,wss://london-trader-6b45bffdcd02.herokuapp.com,,1,6,gh,gamified,human_only,0.0,0,15,"[8.0, 8.0, 20.0, 20.0, 4.0, 20.0, 4.0, 20.0, 0.0, 8.0, 8.0, 8.0, 8.0, 8.0, 4.0, 4.0, 20.0, 0.0, 0.0, 8.0, 4.0, 4.0, 4.0, 20.0, 8.0, 8.0, 0.0, 8.0, 4.0, 4.0]",100.0,100.0,3,skdclskt,,,,,0
9,fa5fpl4w,,0,221,220,post_exp,FinalForProlific,2026-05-05 16:24:26.284184,1,,,5251.0,3,,0.0,804b1c25-e400-485b-a0e0-2371a4903700,3020.0,19.0,20.0,380.0,3400.0,,2600.0,20.0,0.0,0,,100.0,0.0,1,,,2,07790da6-16e1-4c15-9884-8a76c7e84392,https://london-trader-6b45bffdcd02.herokuapp.com,wss://london-trader-6b45bffdcd02.herokuapp.com,,1,6,gh,gamified,human_only,0.0,0,15,"[8.0, 8.0, 20.0, 20.0, 4.0, 20.0, 4.0, 20.0, 0.0, 8.0, 8.0, 8.0, 8.0, 8.0, 4.0, 4.0, 20.0, 0.0, 0.0, 8.0, 4.0, 4.0, 4.0, 20.0, 8.0, 8.0, 0.0, 8.0, 4.0, 4.0]",100.0,100.0,3,skdclskt,,,,,0
10,0sa5xwid,,0,221,220,post_exp,FinalForProlific,2026-05-05 16:24:26.290374,1,,,5140.0,4,,0.0,7b242fc9-bd1b-4836-a718-b85e1c1a176b,3860.0,11.0,20.0,220.0,4080.0,,3800.0,10.0,0.0,0,,100.0,0.0,1,,,2,07790da6-16e1-4c15-9884-8a76c7e84392,https://london-trader-6b45bffdcd02.herokuapp.com,wss://london-trader-6b45bffdcd02.herokuapp.com,,1,6,gh,gamified,human_only,0.0,0,15,"[8.0, 8.0, 20.0, 20.0, 4.0, 20.0, 4.0, 20.0, 0.0, 8.0, 8.0, 8.0, 8.0, 8.0, 4.0, 4.0, 20.0, 0.0, 0.0, 8.0, 4.0, 4.0, 4.0, 20.0, 8.0, 8.0, 0.0, 8.0, 4.0, 4.0]",100.0,100.0,3,skdclskt,,,,,0
11,w5nuyib0,,0,221,220,post_exp,FinalForProlific,2026-05-05 16:24:26.299295,1,,,4813.0,5,,0.0,29625c5b-f726-4de1-8b9e-9c49743b4cab,3020.0,19.0,20.0,380.0,3400.0,,2600.0,20.0,0.0,0,,100.0,0.0,1,,,2,07790da6-16e1-4c15-9884-8a76c7e84392,https://london-trader-6b45bffdcd02.herokuapp.com,wss://london-trader-6b45bffdcd02.herokuapp.com,,1,6,gh,gamified,human_only,0.0,0,15,"[8.0, 8.0, 20.0, 20.0, 4.0, 20.0, 4.0, 20.0, 0.0, 8.0, 8.0, 8.0, 8.0, 8.0, 4.0, 4.0, 20.0, 0.0, 0.0, 8.0, 4.0, 4.0, 4.0, 20.0, 8.0, 8.0, 0.0, 8.0, 4.0, 4.0]",100.0,100.0,3,skdclskt,,,,,0
12,s1twfhpt,,0,221,220,post_exp,FinalForProlific,2026-05-05 16:24:26.305361,1,,,4871.0,6,,0.0,4b51a285-57d1-4d32-aa02-d36f8179ed63,3860.0,11.0,20.0,220.0,4080.0,,3800.0,10.0,0.0,0,,100.0,0.0,1,,,2,07790da6-16e1-4c15-9884-8a76c7e84392,https://london-trader-6b45bffdcd02.herokuapp.com,wss://london-trader-6b45bffdcd02.herokuapp.com,,1,6,gh,gamified,human_only,0.0,0,15,"[8.0, 8.0, 20.0, 20.0, 4.0, 20.0, 4.0, 20.0, 0.0, 8.0, 8.0, 8.0, 8.0, 8.0, 4.0, 4.0, 20.0, 0.0, 0.0, 8.0, 4.0, 4.0, 4.0, 20.0, 8.0, 8.0, 0.0, 8.0, 4.0, 4.0]",100.0,100.0,3,skdclskt,,,,,0
13,tqeatlds,,0,221,220,post_exp,FinalForProlific,2026-05-05 16:24:26.312482,1,,,5561.0,1,,0.0,28c69508-f4f9-4c0e-a6a0-a4d5b22b7830,2920.0,20.0,20.0,400.0,3320.0,,2600.0,20.0,120.0,3,"{""forecast_confidence_next_day"":3,""forecast_price_next_day"":120}",6.0,0.0,1,,,3,fd183cda-64d7-4787-9044-20debaf104a5,https://london-trader-6b45bffdcd02.herokuapp.com,wss://london-trader-6b45bffdcd02.herokuapp.com,,1,6,nh,non_gamified,human_only,0.0,0,15,"[8.0, 8.0, 20.0, 20.0, 4.0, 20.0, 4.0, 20.0, 0.0, 8.0, 8.0, 8.0, 8.0, 8.0, 4.0, 4.0, 20.0, 0.0, 0.0, 8.0, 4.0, 4.0, 4.0, 20.0, 8.0, 8.0, 0.0, 8.0, 4.0, 4.0]",,,3,skdclskt,,,,,0
14,nu7ykbgx,,0,221,220,post_exp,FinalForProlific,2026-05-05 16:24:26.328130,1,,,5985.0,2,,0.0,240f44aa-0d38-416e-a4df-3e0d3cc49536,3960.0,10.0,20.0,200.0,4160.0,,3800.0,10.0,0.0,0,,6.0,0.0,1,,,3,fd183cda-64d7-4787-9044-20debaf104a5,https://london-trader-6b45bffdcd02.herokuapp.com,wss://london-trader-6b45bffdcd02.herokuapp.com,,1,6,nh,non_gamified,human_only,0.0,0,15,"[8.0, 8.0, 20.0, 20.0, 4.0, 20.0, 4.0, 20.0, 0.0, 8.0, 8.0, 8.0, 8.0, 8.0, 4.0, 4.0, 20.0, 0.0, 0.0, 8.0, 4.0, 4.0, 4.0, 20.0, 8.0, 8.0, 0.0, 8.0, 4.0, 4.0]",,,3,skdclskt,,,,,0
15,su76nhj9,,0,221,220,post_exp,FinalForProlific,2026-05-05 16:24:26.343041,1,,,5506.0,3,,0.0,9386577d-20fa-4927-a27d-261b95e06a71,2920.0,20.0,20.0,400.0,3320.0,,2600.0,20.0,0.0,0,,6.0,0.0,1,,,3,fd183cda-64d7-4787-9044-20debaf104a5,https://london-trader-6b45bffdcd02.herokuapp.com,wss://london-trader-6b45bffdcd02.herokuapp.com,,1,6,nh,non_gamified,human_only,0.0,0,15,"[8.0, 8.0, 20.0, 20.0, 4.0, 20.0, 4.0, 20.0, 0.0, 8.0, 8.0, 8.0, 8.0, 8.0, 4.0, 4.0, 20.0, 0.0, 0.0, 8.0, 4.0, 4.0, 4.0, 20.0, 8.0, 8.0, 0.0, 8.0, 4.0, 4.0]",,,3,skdclskt,,,,,0
16,c2m857p1,,0,221,220,post_exp,FinalForProlific,2026-05-05 16:24:26.356865,1,,,5566.0,4,,0.0,ec5338be-31ec-409f-8fe0-d044c43f333a,3960.0,10.0,20.0,200.0,4160.0,,3800.0,10.0,0.0,0,,6.0,0.0,1,,,3,fd183cda-64d7-4787-9044-20debaf104a5,https://london-trader-6b45bffdcd02.herokuapp.com,wss://london-trader-6b45bffdcd02.herokuapp.com,,1,6,nh,non_gamified,human_only,0.0,0,15,"[8.0, 8.0, 20.0, 20.0, 4.0, 20.0, 4.0, 20.0, 0.0, 8.0, 8.0, 8.0, 8.0, 8.0, 4.0, 4.0, 20.0, 0.0, 0.0, 8.0, 4.0, 4.0, 4.0, 20.0, 8.0, 8.0, 0.0, 8.0, 4.0, 4.0]",,,3,skdclskt,,,,,0
17,r6xuxcar,,0,221,220,post_exp,FinalForProlific,2026-05-05 16:24:26.366557,1,,,4396.0,5,,0.0,af4b90ba-123e-40d8-8867-b4991469cd39,2920.0,20.0,20.0,400.0,3320.0,,2600.0,20.0,0.0,0,,6.0,0.0,1,,,3,fd183cda-64d7-4787-9044-20debaf104a5,https://london-trader-6b45bffdcd02.herokuapp.com,wss://london-trader-6b45bffdcd02.herokuapp.com,,1,6,nh,non_gamified,human_only,0.0,0,15,"[8.0, 8.0, 20.0, 20.0, 4.0, 20.0, 4.0, 20.0, 0.0, 8.0, 8.0, 8.0, 8.0, 8.0, 4.0, 4.0, 20.0, 0.0, 0.0, 8.0, 4.0, 4.0, 4.0, 20.0, 8.0, 8.0, 0.0, 8.0, 4.0, 4.0]",,,3,skdclskt,,,,,0
18,2y2lzizt,,0,221,220,post_exp,FinalForProlific,2026-05-05 16:24:26.378109,1,,,4734.0,6,,0.0,8d9117f6-c825-440d-86c0-64b78e6ca745,3960.0,10.0,20.0,200.0,4160.0,,3800.0,10.0,0.0,0,,6.0,0.0,1,,,3,fd183cda-64d7-4787-9044-20debaf104a5,https://london-trader-6b45bffdcd02.herokuapp.com,wss://london-trader-6b45bffdcd02.herokuapp.com,,1,6,nh,non_gamified,human_only,0.0,0,15,"[8.0, 8.0, 20.0, 20.0, 4.0, 20.0, 4.0, 20.0, 0.0, 8.0, 8.0, 8.0, 8.0, 8.0, 4.0, 4.0, 20.0, 0.0, 0.0, 8.0, 4.0, 4.0, 4.0, 20.0, 8.0, 8.0, 0.0, 8.0, 4.0, 4.0]",,,3,skdclskt,,,,,0
19,0qc91a5a,,0,221,220,post_exp,FinalForProlific,2026-05-05 16:24:26.388408,1,,,6523.0,1,,0.0,55c5cbcc-f638-40ab-a1b6-dbe37fa8f72a,2920.0,20.0,20.0,400.0,3320.0,,2600.0,20.0,0.0,0,,140.0,0.0,1,,,4,761eb99e-1c3d-45b4-81f7-8e5171ffd767,https://london-trader-6b45bffdcd02.herokuapp.com,wss://london-trader-6b45bffdcd02.herokuapp.com,,1,6,nh,non_gamified,human_only,0.0,0,15,"[8.0, 8.0, 20.0, 20.0, 4.0, 20.0, 4.0, 20.0, 0.0, 8.0, 8.0, 8.0, 8.0, 8.0, 4.0, 4.0, 20.0, 0.0, 0.0, 8.0, 4.0, 4.0, 4.0, 20.0, 8.0, 8.0, 0.0, 8.0, 4.0, 4.0]",,,3,skdclskt,,,,,0
20,2vy9s3px,,0,221,220,post_exp,FinalForProlific,2026-05-05 16:24:26.408267,1,,,5050.0,2,,0.0,d0d3f9d6-0176-4278-9bff-7f8b809b6060,3960.0,10.0,20.0,200.0,4160.0,,3800.0,10.0,0.0,0,,140.0,0.0,1,,,4,761eb99e-1c3d-45b4-81f7-8e5171ffd767,https://london-trader-6b45bffdcd02.herokuapp.com,wss://london-trader-6b45bffdcd02.herokuapp.com,,1,6,nh,non_gamified,human_only,0.0,0,15,"[8.0, 8.0, 20.0, 20.0, 4.0, 20.0, 4.0, 20.0, 0.0, 8.0, 8.0, 8.0, 8.0, 8.0, 4.0, 4.0, 20.0, 0.0, 0.0, 8.0, 4.0, 4.0, 4.0, 20.0, 8.0, 8.0, 0.0, 8.0, 4.0, 4.0]",,,3,skdclskt,,,,,0
21,87uw2jck,,0,221,220,post_exp,FinalForProlific,2026-05-05 16:24:26.421889,1,,,5633.0,3,,0.0,83ea937e-d412-4809-a354-3f08485f32fe,2920.0,20.0,20.0,400.0,3320.0,,2600.0,20.0,0.0,0,,140.0,0.0,1,,,4,761eb99e-1c3d-45b4-81f7-8e5171ffd767,https://london-trader-6b45bffdcd02.herokuapp.com,wss://london-trader-6b45bffdcd02.herokuapp.com,,1,6,nh,non_gamified,human_only,0.0,0,15,"[8.0, 8.0, 20.0, 20.0, 4.0, 20.0, 4.0, 20.0, 0.0, 8.0, 8.0, 8.0, 8.0, 8.0, 4.0, 4.0, 20.0, 0.0, 0.0, 8.0, 4.0, 4.0, 4.0, 20.0, 8.0, 8.0, 0.0, 8.0, 4.0, 4.0]",,,3,skdclskt,,,,,0
22,3ftocepp,,0,221,220,post_exp,FinalForProlific,2026-05-05 16:24:26.437680,1,,,5815.0,4,,0.0,93e6dd41-cfb5-4bb9-975b-e548014b48e6,3960.0,10.0,20.0,200.0,4160.0,,3800.0,10.0,0.0,0,,140.0,0.0,1,,,4,761eb99e-1c3d-45b4-81f7-8e5171ffd767,https://london-trader-6b45bffdcd02.herokuapp.com,wss://london-trader-6b45bffdcd02.herokuapp.com,,1,6,nh,non_gamified,human_only,0.0,0,15,"[8.0, 8.0, 20.0, 20.0, 4.0, 20.0, 4.0, 20.0, 0.0, 8.0, 8.0, 8.0, 8.0, 8.0, 4.0, 4.0, 20.0, 0.0, 0.0, 8.0, 4.0, 4.0, 4.0, 20.0, 8.0, 8.0, 0.0, 8.0, 4.0, 4.0]",,,3,skdclskt,,,,,0
23,xz3dh0k4,,0,221,220,post_exp,FinalForProlific,2026-05-05 16:24:26.453575,1,,,5047.0,5,,0.0,b5055fcc-e732-4b8e-bd98-e6bfe626b3db,2920.0,20.0,20.0,400.0,3320.0,,2600.0,20.0,0.0,0,,140.0,0.0,1,,,4,761eb99e-1c3d-45b4-81f7-8e5171ffd767,https://london-trader-6b45bffdcd02.herokuapp.com,wss://london-trader-6b45bffdcd02.herokuapp.com,,1,6,nh,non_gamified,human_only,0.0,0,15,"[8.0, 8.0, 20.0, 20.0, 4.0, 20.0, 4.0, 20.0, 0.0, 8.0, 8.0, 8.0, 8.0, 8.0, 4.0, 4.0, 20.0, 0.0, 0.0, 8.0, 4.0, 4.0, 4.0, 20.0, 8.0, 8.0, 0.0, 8.0, 4.0, 4.0]",,,3,skdclskt,,,,,0
24,x7l4wbwx,,0,221,220,post_exp,FinalForProlific,2026-05-05 16:24:26.462816,1,,,5091.0,6,,0.0,18f4a824-eb92-48ce-a99f-c0cb78a57cf2,3960.0,10.0,20.0,200.0,4160.0,,3800.0,10.0,0.0,0,,140.0,0.0,1,,,4,761eb99e-1c3d-45b4-81f7-8e5171ffd767,https://london-trader-6b45bffdcd02.herokuapp.com,wss://london-trader-6b45bffdcd02.herokuapp.com,,1,6,nh,non_gamified,human_only,0.0,0,15,"[8.0, 8.0, 20.0, 20.0, 4.0, 20.0, 4.0, 20.0, 0.0, 8.0, 8.0, 8.0, 8.0, 8.0, 4.0, 4.0, 20.0, 0.0, 0.0, 8.0, 4.0, 4.0, 4.0, 20.0, 8.0, 8.0, 0.0, 8.0, 4.0, 4.0]",,,3,skdclskt,,,,,0
1,9bv3gi2y,,0,221,220,post_exp,FinalForProlific,2026-05-05 16:24:25.907795,1,,,6097.0,1,,0.0,8f572d20-95a7-46ba-ba2a-8e808117b347,3281.0,20.0,20.0,400.0,3681.0,,2600.0,20.0,,,,,0.0,0,,,1,6f73b226-f3d6-453b-bec2-d4fe1457f0e7,https://london-trader-6b45bffdcd02.herokuapp.com,wss://london-trader-6b45bffdcd02.herokuapp.com,,1,6,gh,gamified,human_only,0.0,0,15,"[8.0, 8.0, 20.0, 20.0, 4.0, 20.0, 4.0, 20.0, 0.0, 8.0, 8.0, 8.0, 8.0, 8.0, 4.0, 4.0, 20.0, 0.0, 0.0, 8.0, 4.0, 4.0, 4.0, 20.0, 8.0, 8.0, 0.0, 8.0, 4.0, 4.0]",45.13,45.13,4,skdclskt,,,,,0
2,1tnknpce,,0,221,220,post_exp,FinalForProlific,2026-05-05 16:24:26.237055,1,,,4685.0,2,,0.0,0d49a0af-7711-49c1-a980-1ce4cb747f19,4133.0,8.0,20.0,160.0,4293.0,,3800.0,10.0,,,,,0.0,0,,,1,6f73b226-f3d6-453b-bec2-d4fe1457f0e7,https://london-trader-6b45bffdcd02.herokuapp.com,wss://london-trader-6b45bffdcd02.herokuapp.com,,1,6,gh,gamified,human_only,0.0,0,15,"[8.0, 8.0, 20.0, 20.0, 4.0, 20.0, 4.0, 20.0, 0.0, 8.0, 8.0, 8.0, 8.0, 8.0, 4.0, 4.0, 20.0, 0.0, 0.0, 8.0, 4.0, 4.0, 4.0, 20.0, 8.0, 8.0, 0.0, 8.0, 4.0, 4.0]",45.13,45.13,4,skdclskt,,,,,0
3,zkl94ida,,0,221,220,post_exp,FinalForProlific,2026-05-05 16:24:26.243811,1,,,7353.0,3,,0.0,261c9bee-da67-4d1d-8144-87becb48c51d,3394.24,29.0,20.0,580.0,3974.24,,2600.0,20.0,,,,,0.0,0,,,1,6f73b226-f3d6-453b-bec2-d4fe1457f0e7,https://london-trader-6b45bffdcd02.herokuapp.com,wss://london-trader-6b45bffdcd02.herokuapp.com,,1,6,gh,gamified,human_only,0.0,0,15,"[8.0, 8.0, 20.0, 20.0, 4.0, 20.0, 4.0, 20.0, 0.0, 8.0, 8.0, 8.0, 8.0, 8.0, 4.0, 4.0, 20.0, 0.0, 0.0, 8.0, 4.0, 4.0, 4.0, 20.0, 8.0, 8.0, 0.0, 8.0, 4.0, 4.0]",45.13,45.13,4,skdclskt,,,,,0
4,h7nk13vs,,0,221,220,post_exp,FinalForProlific,2026-05-05 16:24:26.249481,1,,,5148.0,4,,0.0,f1ebfa30-9819-4739-bb3e-139f3ebb772b,4110.6900000000005,8.0,20.0,160.0,4270.6900000000005,,3800.0,10.0,,,,,0.0,0,,,1,6f73b226-f3d6-453b-bec2-d4fe1457f0e7,https://london-trader-6b45bffdcd02.herokuapp.com,wss://london-trader-6b45bffdcd02.herokuapp.com,,1,6,gh,gamified,human_only,0.0,0,15,"[8.0, 8.0, 20.0, 20.0, 4.0, 20.0, 4.0, 20.0, 0.0, 8.0, 8.0, 8.0, 8.0, 8.0, 4.0, 4.0, 20.0, 0.0, 0.0, 8.0, 4.0, 4.0, 4.0, 20.0, 8.0, 8.0, 0.0, 8.0, 4.0, 4.0]",45.13,45.13,4,skdclskt,,,,,0
5,8rrxo8mh,,0,221,220,post_exp,FinalForProlific,2026-05-05 16:24:26.255568,1,,,5698.0,5,,0.0,239c3d76-053a-40ec-a8c7-ed2420592ca4,3262.37,23.0,20.0,460.0,3722.37,,2600.0,20.0,,,,,0.0,0,,,1,6f73b226-f3d6-453b-bec2-d4fe1457f0e7,https://london-trader-6b45bffdcd02.herokuapp.com,wss://london-trader-6b45bffdcd02.herokuapp.com,,1,6,gh,gamified,human_only,0.0,0,15,"[8.0, 8.0, 20.0, 20.0, 4.0, 20.0, 4.0, 20.0, 0.0, 8.0, 8.0, 8.0, 8.0, 8.0, 4.0, 4.0, 20.0, 0.0, 0.0, 8.0, 4.0, 4.0, 4.0, 20.0, 8.0, 8.0, 0.0, 8.0, 4.0, 4.0]",45.13,45.13,4,skdclskt,,,,,0
6,53wkzdsp,,0,221,220,post_exp,FinalForProlific,2026-05-05 16:24:26.261968,1,,,5089.0,6,,0.0,54ceb134-b66d-4f4f-8ffb-b677a3be5d9d,4306.7,7.0,20.0,140.0,4446.7,,3800.0,10.0,,,,,0.0,0,,,1,6f73b226-f3d6-453b-bec2-d4fe1457f0e7,https://london-trader-6b45bffdcd02.herokuapp.com,wss://london-trader-6b45bffdcd02.herokuapp.com,,1,6,gh,gamified,human_only,0.0,0,15,"[8.0, 8.0, 20.0, 20.0, 4.0, 20.0, 4.0, 20.0, 0.0, 8.0, 8.0, 8.0, 8.0, 8.0, 4.0, 4.0, 20.0, 0.0, 0.0, 8.0, 4.0, 4.0, 4.0, 20.0, 8.0, 8.0, 0.0, 8.0, 4.0, 4.0]",45.13,45.13,4,skdclskt,,,,,0
7,2tmxyq59,,0,221,220,post_exp,FinalForProlific,2026-05-05 16:24:26.267852,1,,,5570.0,1,,0.0,d9d68e96-849c-41c0-8094-a55ca3b3a355,3320.0,20.0,20.0,400.0,3720.0,,2600.0,20.0,,,,,0.0,0,,,2,07790da6-16e1-4c15-9884-8a76c7e84392,https://london-trader-6b45bffdcd02.herokuapp.com,wss://london-trader-6b45bffdcd02.herokuapp.com,,1,6,gh,gamified,human_only,0.0,0,15,"[8.0, 8.0, 20.0, 20.0, 4.0, 20.0, 4.0, 20.0, 0.0, 8.0, 8.0, 8.0, 8.0, 8.0, 4.0, 4.0, 20.0, 0.0, 0.0, 8.0, 4.0, 4.0, 4.0, 20.0, 8.0, 8.0, 0.0, 8.0, 4.0, 4.0]",100.0,100.0,4,skdclskt,,,,,0
8,klvgct3w,,0,221,220,post_exp,FinalForProlific,2026-05-05 16:24:26.277407,1,,,5086.0,2,,0.0,c97d7d05-3010-4231-8b4c-ad5e9ce763a8,4178.0,10.0,20.0,200.0,4378.0,,3800.0,10.0,,,,,0.0,0,,,2,07790da6-16e1-4c15-9884-8a76c7e84392,https://london-trader-6b45bffdcd02.herokuapp.com,wss://london-trader-6b45bffdcd02.herokuapp.com,,1,6,gh,gamified,human_only,0.0,0,15,"[8.0, 8.0, 20.0, 20.0, 4.0, 20.0, 4.0, 20.0, 0.0, 8.0, 8.0, 8.0, 8.0, 8.0, 4.0, 4.0, 20.0, 0.0, 0.0, 8.0, 4.0, 4.0, 4.0, 20.0, 8.0, 8.0, 0.0, 8.0, 4.0, 4.0]",100.0,100.0,4,skdclskt,,,,,0
9,fa5fpl4w,,0,221,220,post_exp,FinalForProlific,2026-05-05 16:24:26.284184,1,,,5251.0,3,,0.0,804b1c25-e400-485b-a0e0-2371a4903700,3400.0,19.0,20.0,380.0,3780.0,,2600.0,20.0,,,,,0.0,0,,,2,07790da6-16e1-4c15-9884-8a76c7e84392,https://london-trader-6b45bffdcd02.herokuapp.com,wss://london-trader-6b45bffdcd02.herokuapp.com,,1,6,gh,gamified,human_only,0.0,0,15,"[8.0, 8.0, 20.0, 20.0, 4.0, 20.0, 4.0, 20.0, 0.0, 8.0, 8.0, 8.0, 8.0, 8.0, 4.0, 4.0, 20.0, 0.0, 0.0, 8.0, 4.0, 4.0, 4.0, 20.0, 8.0, 8.0, 0.0, 8.0, 4.0, 4.0]",100.0,100.0,4,skdclskt,,,,,0
10,0sa5xwid,,0,221,220,post_exp,FinalForProlific,2026-05-05 16:24:26.290374,1,,,5140.0,4,,0.0,7b242fc9-bd1b-4836-a718-b85e1c1a176b,3970.0,13.0,20.0,260.0,4230.0,,3800.0,10.0,,,,,0.0,0,,,2,07790da6-16e1-4c15-9884-8a76c7e84392,https://london-trader-6b45bffdcd02.herokuapp.com,wss://london-trader-6b45bffdcd02.herokuapp.com,,1,6,gh,gamified,human_only,0.0,0,15,"[8.0, 8.0, 20.0, 20.0, 4.0, 20.0, 4.0, 20.0, 0.0, 8.0, 8.0, 8.0, 8.0, 8.0, 4.0, 4.0, 20.0, 0.0, 0.0, 8.0, 4.0, 4.0, 4.0, 20.0, 8.0, 8.0, 0.0, 8.0, 4.0, 4.0]",100.0,100.0,4,skdclskt,,,,,0
11,w5nuyib0,,0,221,220,post_exp,FinalForProlific,2026-05-05 16:24:26.299295,1,,,4813.0,5,,0.0,29625c5b-f726-4de1-8b9e-9c49743b4cab,3500.0,18.0,20.0,360.0,3860.0,,2600.0,20.0,,,,,0.0,0,,,2,07790da6-16e1-4c15-9884-8a76c7e84392,https://london-trader-6b45bffdcd02.herokuapp.com,wss://london-trader-6b45bffdcd02.herokuapp.com,,1,6,gh,gamified,human_only,0.0,0,15,"[8.0, 8.0, 20.0, 20.0, 4.0, 20.0, 4.0, 20.0, 0.0, 8.0, 8.0, 8.0, 8.0, 8.0, 4.0, 4.0, 20.0, 0.0, 0.0, 8.0, 4.0, 4.0, 4.0, 20.0, 8.0, 8.0, 0.0, 8.0, 4.0, 4.0]",100.0,100.0,4,skdclskt,,,,,0
12,s1twfhpt,,0,221,220,post_exp,FinalForProlific,2026-05-05 16:24:26.305361,1,,,4871.0,6,,0.0,4b51a285-57d1-4d32-aa02-d36f8179ed63,4080.0,12.0,20.0,240.0,4320.0,,3800.0,10.0,,,,,0.0,0,,,2,07790da6-16e1-4c15-9884-8a76c7e84392,https://london-trader-6b45bffdcd02.herokuapp.com,wss://london-trader-6b45bffdcd02.herokuapp.com,,1,6,gh,gamified,human_only,0.0,0,15,"[8.0, 8.0, 20.0, 20.0, 4.0, 20.0, 4.0, 20.0, 0.0, 8.0, 8.0, 8.0, 8.0, 8.0, 4.0, 4.0, 20.0, 0.0, 0.0, 8.0, 4.0, 4.0, 4.0, 20.0, 8.0, 8.0, 0.0, 8.0, 4.0, 4.0]",100.0,100.0,4,skdclskt,,,,,0
13,tqeatlds,,0,221,220,post_exp,FinalForProlific,2026-05-05 16:24:26.312482,1,,,5561.0,1,,0.0,28c69508-f4f9-4c0e-a6a0-a4d5b22b7830,3340.0,19.0,20.0,380.0,3720.0,,2600.0,20.0,,,,,0.0,0,,,3,fd183cda-64d7-4787-9044-20debaf104a5,https://london-trader-6b45bffdcd02.herokuapp.com,wss://london-trader-6b45bffdcd02.herokuapp.com,,1,6,nh,non_gamified,human_only,0.0,0,15,"[8.0, 8.0, 20.0, 20.0, 4.0, 20.0, 4.0, 20.0, 0.0, 8.0, 8.0, 8.0, 8.0, 8.0, 4.0, 4.0, 20.0, 0.0, 0.0, 8.0, 4.0, 4.0, 4.0, 20.0, 8.0, 8.0, 0.0, 8.0, 4.0, 4.0]",6.0,6.0,4,skdclskt,,,,,0
14,nu7ykbgx,,0,221,220,post_exp,FinalForProlific,2026-05-05 16:24:26.328130,1,,,5985.0,2,,0.0,240f44aa-0d38-416e-a4df-3e0d3cc49536,4110.0,11.0,20.0,220.0,4330.0,,3800.0,10.0,,,,,0.0,0,,,3,fd183cda-64d7-4787-9044-20debaf104a5,https://london-trader-6b45bffdcd02.herokuapp.com,wss://london-trader-6b45bffdcd02.herokuapp.com,,1,6,nh,non_gamified,human_only,0.0,0,15,"[8.0, 8.0, 20.0, 20.0, 4.0, 20.0, 4.0, 20.0, 0.0, 8.0, 8.0, 8.0, 8.0, 8.0, 4.0, 4.0, 20.0, 0.0, 0.0, 8.0, 4.0, 4.0, 4.0, 20.0, 8.0, 8.0, 0.0, 8.0, 4.0, 4.0]",6.0,6.0,4,skdclskt,,,,,0
15,su76nhj9,,0,221,220,post_exp,FinalForProlific,2026-05-05 16:24:26.343041,1,,,5506.0,3,,0.0,9386577d-20fa-4927-a27d-261b95e06a71,3206.0,20.0,20.0,400.0,3606.0,,2600.0,20.0,,,,,0.0,0,,,3,fd183cda-64d7-4787-9044-20debaf104a5,https://london-trader-6b45bffdcd02.herokuapp.com,wss://london-trader-6b45bffdcd02.herokuapp.com,,1,6,nh,non_gamified,human_only,0.0,0,15,"[8.0, 8.0, 20.0, 20.0, 4.0, 20.0, 4.0, 20.0, 0.0, 8.0, 8.0, 8.0, 8.0, 8.0, 4.0, 4.0, 20.0, 0.0, 0.0, 8.0, 4.0, 4.0, 4.0, 20.0, 8.0, 8.0, 0.0, 8.0, 4.0, 4.0]",6.0,6.0,4,skdclskt,,,,,0
16,c2m857p1,,0,221,220,post_exp,FinalForProlific,2026-05-05 16:24:26.356865,1,,,5566.0,4,,0.0,ec5338be-31ec-409f-8fe0-d044c43f333a,4274.0,11.0,20.0,220.0,4494.0,,3800.0,10.0,,,,,0.0,0,,,3,fd183cda-64d7-4787-9044-20debaf104a5,https://london-trader-6b45bffdcd02.herokuapp.com,wss://london-trader-6b45bffdcd02.herokuapp.com,,1,6,nh,non_gamified,human_only,0.0,0,15,"[8.0, 8.0, 20.0, 20.0, 4.0, 20.0, 4.0, 20.0, 0.0, 8.0, 8.0, 8.0, 8.0, 8.0, 4.0, 4.0, 20.0, 0.0, 0.0, 8.0, 4.0, 4.0, 4.0, 20.0, 8.0, 8.0, 0.0, 8.0, 4.0, 4.0]",6.0,6.0,4,skdclskt,,,,,0
17,r6xuxcar,,0,221,220,post_exp,FinalForProlific,2026-05-05 16:24:26.366557,1,,,4396.0,5,,0.0,af4b90ba-123e-40d8-8867-b4991469cd39,3320.0,20.0,20.0,400.0,3720.0,,2600.0,20.0,,,,,0.0,0,,,3,fd183cda-64d7-4787-9044-20debaf104a5,https://london-trader-6b45bffdcd02.herokuapp.com,wss://london-trader-6b45bffdcd02.herokuapp.com,,1,6,nh,non_gamified,human_only,0.0,0,15,"[8.0, 8.0, 20.0, 20.0, 4.0, 20.0, 4.0, 20.0, 0.0, 8.0, 8.0, 8.0, 8.0, 8.0, 4.0, 4.0, 20.0, 0.0, 0.0, 8.0, 4.0, 4.0, 4.0, 20.0, 8.0, 8.0, 0.0, 8.0, 4.0, 4.0]",6.0,6.0,4,skdclskt,,,,,0
18,2y2lzizt,,0,221,220,post_exp,FinalForProlific,2026-05-05 16:24:26.378109,1,,,4734.0,6,,0.0,8d9117f6-c825-440d-86c0-64b78e6ca745,4190.0,10.0,20.0,200.0,4390.0,,3800.0,10.0,,,,,0.0,0,,,3,fd183cda-64d7-4787-9044-20debaf104a5,https://london-trader-6b45bffdcd02.herokuapp.com,wss://london-trader-6b45bffdcd02.herokuapp.com,,1,6,nh,non_gamified,human_only,0.0,0,15,"[8.0, 8.0, 20.0, 20.0, 4.0, 20.0, 4.0, 20.0, 0.0, 8.0, 8.0, 8.0, 8.0, 8.0, 4.0, 4.0, 20.0, 0.0, 0.0, 8.0, 4.0, 4.0, 4.0, 20.0, 8.0, 8.0, 0.0, 8.0, 4.0, 4.0]",6.0,6.0,4,skdclskt,,,,,0
19,0qc91a5a,,0,221,220,post_exp,FinalForProlific,2026-05-05 16:24:26.388408,1,,,6523.0,1,,0.0,55c5cbcc-f638-40ab-a1b6-dbe37fa8f72a,3320.0,20.0,20.0,400.0,3720.0,,2600.0,20.0,,,,,0.0,0,,,4,761eb99e-1c3d-45b4-81f7-8e5171ffd767,https://london-trader-6b45bffdcd02.herokuapp.com,wss://london-trader-6b45bffdcd02.herokuapp.com,,1,6,nh,non_gamified,human_only,0.0,0,15,"[8.0, 8.0, 20.0, 20.0, 4.0, 20.0, 4.0, 20.0, 0.0, 8.0, 8.0, 8.0, 8.0, 8.0, 4.0, 4.0, 20.0, 0.0, 0.0, 8.0, 4.0, 4.0, 4.0, 20.0, 8.0, 8.0, 0.0, 8.0, 4.0, 4.0]",140.0,140.0,4,skdclskt,,,,,0
20,2vy9s3px,,0,221,220,post_exp,FinalForProlific,2026-05-05 16:24:26.408267,1,,,5050.0,2,,0.0,d0d3f9d6-0176-4278-9bff-7f8b809b6060,4300.0,9.0,20.0,180.0,4480.0,,3800.0,10.0,,,,,0.0,0,,,4,761eb99e-1c3d-45b4-81f7-8e5171ffd767,https://london-trader-6b45bffdcd02.herokuapp.com,wss://london-trader-6b45bffdcd02.herokuapp.com,,1,6,nh,non_gamified,human_only,0.0,0,15,"[8.0, 8.0, 20.0, 20.0, 4.0, 20.0, 4.0, 20.0, 0.0, 8.0, 8.0, 8.0, 8.0, 8.0, 4.0, 4.0, 20.0, 0.0, 0.0, 8.0, 4.0, 4.0, 4.0, 20.0, 8.0, 8.0, 0.0, 8.0, 4.0, 4.0]",140.0,140.0,4,skdclskt,,,,,0
21,87uw2jck,,0,221,220,post_exp,FinalForProlific,2026-05-05 16:24:26.421889,1,,,5633.0,3,,0.0,83ea937e-d412-4809-a354-3f08485f32fe,2897.0,23.0,20.0,460.0,3357.0,,2600.0,20.0,,,,,0.0,0,,,4,761eb99e-1c3d-45b4-81f7-8e5171ffd767,https://london-trader-6b45bffdcd02.herokuapp.com,wss://london-trader-6b45bffdcd02.herokuapp.com,,1,6,nh,non_gamified,human_only,0.0,0,15,"[8.0, 8.0, 20.0, 20.0, 4.0, 20.0, 4.0, 20.0, 0.0, 8.0, 8.0, 8.0, 8.0, 8.0, 4.0, 4.0, 20.0, 0.0, 0.0, 8.0, 4.0, 4.0, 4.0, 20.0, 8.0, 8.0, 0.0, 8.0, 4.0, 4.0]",140.0,140.0,4,skdclskt,,,,,0
22,3ftocepp,,0,221,220,post_exp,FinalForProlific,2026-05-05 16:24:26.437680,1,,,5815.0,4,,0.0,93e6dd41-cfb5-4bb9-975b-e548014b48e6,4300.0,9.0,20.0,180.0,4480.0,,3800.0,10.0,,,,,0.0,0,,,4,761eb99e-1c3d-45b4-81f7-8e5171ffd767,https://london-trader-6b45bffdcd02.herokuapp.com,wss://london-trader-6b45bffdcd02.herokuapp.com,,1,6,nh,non_gamified,human_only,0.0,0,15,"[8.0, 8.0, 20.0, 20.0, 4.0, 20.0, 4.0, 20.0, 0.0, 8.0, 8.0, 8.0, 8.0, 8.0, 4.0, 4.0, 20.0, 0.0, 0.0, 8.0, 4.0, 4.0, 4.0, 20.0, 8.0, 8.0, 0.0, 8.0, 4.0, 4.0]",140.0,140.0,4,skdclskt,,,,,0
23,xz3dh0k4,,0,221,220,post_exp,FinalForProlific,2026-05-05 16:24:26.453575,1,,,5047.0,5,,0.0,b5055fcc-e732-4b8e-bd98-e6bfe626b3db,3320.0,20.0,20.0,400.0,3720.0,,2600.0,20.0,,,,,0.0,0,,,4,761eb99e-1c3d-45b4-81f7-8e5171ffd767,https://london-trader-6b45bffdcd02.herokuapp.com,wss://london-trader-6b45bffdcd02.herokuapp.com,,1,6,nh,non_gamified,human_only,0.0,0,15,"[8.0, 8.0, 20.0, 20.0, 4.0, 20.0, 4.0, 20.0, 0.0, 8.0, 8.0, 8.0, 8.0, 8.0, 4.0, 4.0, 20.0, 0.0, 0.0, 8.0, 4.0, 4.0, 4.0, 20.0, 8.0, 8.0, 0.0, 8.0, 4.0, 4.0]",140.0,140.0,4,skdclskt,,,,,0
24,x7l4wbwx,,0,221,220,post_exp,FinalForProlific,2026-05-05 16:24:26.462816,1,,,5091.0,6,,0.0,18f4a824-eb92-48ce-a99f-c0cb78a57cf2,4303.0,9.0,20.0,180.0,4483.0,,3800.0,10.0,,,,,0.0,0,,,4,761eb99e-1c3d-45b4-81f7-8e5171ffd767,https://london-trader-6b45bffdcd02.herokuapp.com,wss://london-trader-6b45bffdcd02.herokuapp.com,,1,6,nh,non_gamified,human_only,0.0,0,15,"[8.0, 8.0, 20.0, 20.0, 4.0, 20.0, 4.0, 20.0, 0.0, 8.0, 8.0, 8.0, 8.0, 8.0, 4.0, 4.0, 20.0, 0.0, 0.0, 8.0, 4.0, 4.0, 4.0, 20.0, 8.0, 8.0, 0.0, 8.0, 4.0, 4.0]",140.0,140.0,4,skdclskt,,,,,0
1,9bv3gi2y,,0,221,220,post_exp,FinalForProlific,2026-05-05 16:24:25.907795,1,,,6097.0,1,,0.0,8f572d20-95a7-46ba-ba2a-8e808117b347,3681.0,20.0,4.0,80.0,3761.0,,2600.0,20.0,,,,,0.0,0,,,1,6f73b226-f3d6-453b-bec2-d4fe1457f0e7,https://london-trader-6b45bffdcd02.herokuapp.com,wss://london-trader-6b45bffdcd02.herokuapp.com,,1,6,gh,gamified,human_only,0.0,0,15,"[8.0, 8.0, 20.0, 20.0, 4.0, 20.0, 4.0, 20.0, 0.0, 8.0, 8.0, 8.0, 8.0, 8.0, 4.0, 4.0, 20.0, 0.0, 0.0, 8.0, 4.0, 4.0, 4.0, 20.0, 8.0, 8.0, 0.0, 8.0, 4.0, 4.0]",55.0,55.0,5,skdclskt,,,,,0
2,1tnknpce,,0,221,220,post_exp,FinalForProlific,2026-05-05 16:24:26.237055,1,,,4685.0,2,,0.0,0d49a0af-7711-49c1-a980-1ce4cb747f19,4263.0,9.0,4.0,36.0,4299.0,,3800.0,10.0,,,,,0.0,0,,,1,6f73b226-f3d6-453b-bec2-d4fe1457f0e7,https://london-trader-6b45bffdcd02.herokuapp.com,wss://london-trader-6b45bffdcd02.herokuapp.com,,1,6,gh,gamified,human_only,0.0,0,15,"[8.0, 8.0, 20.0, 20.0, 4.0, 20.0, 4.0, 20.0, 0.0, 8.0, 8.0, 8.0, 8.0, 8.0, 4.0, 4.0, 20.0, 0.0, 0.0, 8.0, 4.0, 4.0, 4.0, 20.0, 8.0, 8.0, 0.0, 8.0, 4.0, 4.0]",55.0,55.0,5,skdclskt,,,,,0
3,zkl94ida,,0,221,220,post_exp,FinalForProlific,2026-05-05 16:24:26.243811,1,,,7353.0,3,,0.0,261c9bee-da67-4d1d-8144-87becb48c51d,3839.24,31.0,4.0,124.0,3963.24,,2600.0,20.0,,,,,0.0,0,,,1,6f73b226-f3d6-453b-bec2-d4fe1457f0e7,https://london-trader-6b45bffdcd02.herokuapp.com,wss://london-trader-6b45bffdcd02.herokuapp.com,,1,6,gh,gamified,human_only,0.0,0,15,"[8.0, 8.0, 20.0, 20.0, 4.0, 20.0, 4.0, 20.0, 0.0, 8.0, 8.0, 8.0, 8.0, 8.0, 4.0, 4.0, 20.0, 0.0, 0.0, 8.0, 4.0, 4.0, 4.0, 20.0, 8.0, 8.0, 0.0, 8.0, 4.0, 4.0]",55.0,55.0,5,skdclskt,,,,,0
4,h7nk13vs,,0,221,220,post_exp,FinalForProlific,2026-05-05 16:24:26.249481,1,,,5148.0,4,,0.0,f1ebfa30-9819-4739-bb3e-139f3ebb772b,4355.6900000000005,6.0,4.0,24.0,4379.6900000000005,,3800.0,10.0,,,,,0.0,0,,,1,6f73b226-f3d6-453b-bec2-d4fe1457f0e7,https://london-trader-6b45bffdcd02.herokuapp.com,wss://london-trader-6b45bffdcd02.herokuapp.com,,1,6,gh,gamified,human_only,0.0,0,15,"[8.0, 8.0, 20.0, 20.0, 4.0, 20.0, 4.0, 20.0, 0.0, 8.0, 8.0, 8.0, 8.0, 8.0, 4.0, 4.0, 20.0, 0.0, 0.0, 8.0, 4.0, 4.0, 4.0, 20.0, 8.0, 8.0, 0.0, 8.0, 4.0, 4.0]",55.0,55.0,5,skdclskt,,,,,0
5,8rrxo8mh,,0,221,220,post_exp,FinalForProlific,2026-05-05 16:24:26.255568,1,,,5698.0,5,,0.0,239c3d76-053a-40ec-a8c7-ed2420592ca4,3747.37,22.0,4.0,88.0,3835.37,,2600.0,20.0,,,,,0.0,0,,,1,6f73b226-f3d6-453b-bec2-d4fe1457f0e7,https://london-trader-6b45bffdcd02.herokuapp.com,wss://london-trader-6b45bffdcd02.herokuapp.com,,1,6,gh,gamified,human_only,0.0,0,15,"[8.0, 8.0, 20.0, 20.0, 4.0, 20.0, 4.0, 20.0, 0.0, 8.0, 8.0, 8.0, 8.0, 8.0, 4.0, 4.0, 20.0, 0.0, 0.0, 8.0, 4.0, 4.0, 4.0, 20.0, 8.0, 8.0, 0.0, 8.0, 4.0, 4.0]",55.0,55.0,5,skdclskt,,,,,0
6,53wkzdsp,,0,221,220,post_exp,FinalForProlific,2026-05-05 16:24:26.261968,1,,,5089.0,6,,0.0,54ceb134-b66d-4f4f-8ffb-b677a3be5d9d,4501.7,5.0,4.0,20.0,4521.7,,3800.0,10.0,,,,,0.0,0,,,1,6f73b226-f3d6-453b-bec2-d4fe1457f0e7,https://london-trader-6b45bffdcd02.herokuapp.com,wss://london-trader-6b45bffdcd02.herokuapp.com,,1,6,gh,gamified,human_only,0.0,0,15,"[8.0, 8.0, 20.0, 20.0, 4.0, 20.0, 4.0, 20.0, 0.0, 8.0, 8.0, 8.0, 8.0, 8.0, 4.0, 4.0, 20.0, 0.0, 0.0, 8.0, 4.0, 4.0, 4.0, 20.0, 8.0, 8.0, 0.0, 8.0, 4.0, 4.0]",55.0,55.0,5,skdclskt,,,,,0
7,2tmxyq59,,0,221,220,post_exp,FinalForProlific,2026-05-05 16:24:26.267852,1,,,5570.0,1,,0.0,d9d68e96-849c-41c0-8094-a55ca3b3a355,4024.0,17.0,4.0,68.0,4092.0,,2600.0,20.0,,,,,0.0,0,,,2,07790da6-16e1-4c15-9884-8a76c7e84392,https://london-trader-6b45bffdcd02.herokuapp.com,wss://london-trader-6b45bffdcd02.herokuapp.com,,1,6,gh,gamified,human_only,0.0,0,15,"[8.0, 8.0, 20.0, 20.0, 4.0, 20.0, 4.0, 20.0, 0.0, 8.0, 8.0, 8.0, 8.0, 8.0, 4.0, 4.0, 20.0, 0.0, 0.0, 8.0, 4.0, 4.0, 4.0, 20.0, 8.0, 8.0, 0.0, 8.0, 4.0, 4.0]",114.0,114.0,5,skdclskt,,,,,0
8,klvgct3w,,0,221,220,post_exp,FinalForProlific,2026-05-05 16:24:26.277407,1,,,5086.0,2,,0.0,c97d7d05-3010-4231-8b4c-ad5e9ce763a8,4378.0,11.0,4.0,44.0,4422.0,,3800.0,10.0,,,,,0.0,0,,,2,07790da6-16e1-4c15-9884-8a76c7e84392,https://london-trader-6b45bffdcd02.herokuapp.com,wss://london-trader-6b45bffdcd02.herokuapp.com,,1,6,gh,gamified,human_only,0.0,0,15,"[8.0, 8.0, 20.0, 20.0, 4.0, 20.0, 4.0, 20.0, 0.0, 8.0, 8.0, 8.0, 8.0, 8.0, 4.0, 4.0, 20.0, 0.0, 0.0, 8.0, 4.0, 4.0, 4.0, 20.0, 8.0, 8.0, 0.0, 8.0, 4.0, 4.0]",114.0,114.0,5,skdclskt,,,,,0
9,fa5fpl4w,,0,221,220,post_exp,FinalForProlific,2026-05-05 16:24:26.284184,1,,,5251.0,3,,0.0,804b1c25-e400-485b-a0e0-2371a4903700,3670.0,21.0,4.0,84.0,3754.0,,2600.0,20.0,,,,,0.0,0,,,2,07790da6-16e1-4c15-9884-8a76c7e84392,https://london-trader-6b45bffdcd02.herokuapp.com,wss://london-trader-6b45bffdcd02.herokuapp.com,,1,6,gh,gamified,human_only,0.0,0,15,"[8.0, 8.0, 20.0, 20.0, 4.0, 20.0, 4.0, 20.0, 0.0, 8.0, 8.0, 8.0, 8.0, 8.0, 4.0, 4.0, 20.0, 0.0, 0.0, 8.0, 4.0, 4.0, 4.0, 20.0, 8.0, 8.0, 0.0, 8.0, 4.0, 4.0]",114.0,114.0,5,skdclskt,,,,,0
10,0sa5xwid,,0,221,220,post_exp,FinalForProlific,2026-05-05 16:24:26.290374,1,,,5140.0,4,,0.0,7b242fc9-bd1b-4836-a718-b85e1c1a176b,4130.0,13.0,4.0,52.0,4182.0,,3800.0,10.0,,,,,0.0,0,,,2,07790da6-16e1-4c15-9884-8a76c7e84392,https://london-trader-6b45bffdcd02.herokuapp.com,wss://london-trader-6b45bffdcd02.herokuapp.com,,1,6,gh,gamified,human_only,0.0,0,15,"[8.0, 8.0, 20.0, 20.0, 4.0, 20.0, 4.0, 20.0, 0.0, 8.0, 8.0, 8.0, 8.0, 8.0, 4.0, 4.0, 20.0, 0.0, 0.0, 8.0, 4.0, 4.0, 4.0, 20.0, 8.0, 8.0, 0.0, 8.0, 4.0, 4.0]",114.0,114.0,5,skdclskt,,,,,0
11,w5nuyib0,,0,221,220,post_exp,FinalForProlific,2026-05-05 16:24:26.299295,1,,,4813.0,5,,0.0,29625c5b-f726-4de1-8b9e-9c49743b4cab,3768.0,19.0,4.0,76.0,3844.0,,2600.0,20.0,,,,,0.0,0,,,2,07790da6-16e1-4c15-9884-8a76c7e84392,https://london-trader-6b45bffdcd02.herokuapp.com,wss://london-trader-6b45bffdcd02.herokuapp.com,,1,6,gh,gamified,human_only,0.0,0,15,"[8.0, 8.0, 20.0, 20.0, 4.0, 20.0, 4.0, 20.0, 0.0, 8.0, 8.0, 8.0, 8.0, 8.0, 4.0, 4.0, 20.0, 0.0, 0.0, 8.0, 4.0, 4.0, 4.0, 20.0, 8.0, 8.0, 0.0, 8.0, 4.0, 4.0]",114.0,114.0,5,skdclskt,,,,,0
12,s1twfhpt,,0,221,220,post_exp,FinalForProlific,2026-05-05 16:24:26.305361,1,,,4871.0,6,,0.0,4b51a285-57d1-4d32-aa02-d36f8179ed63,4318.0,11.0,4.0,44.0,4362.0,,3800.0,10.0,,,,,0.0,0,,,2,07790da6-16e1-4c15-9884-8a76c7e84392,https://london-trader-6b45bffdcd02.herokuapp.com,wss://london-trader-6b45bffdcd02.herokuapp.com,,1,6,gh,gamified,human_only,0.0,0,15,"[8.0, 8.0, 20.0, 20.0, 4.0, 20.0, 4.0, 20.0, 0.0, 8.0, 8.0, 8.0, 8.0, 8.0, 4.0, 4.0, 20.0, 0.0, 0.0, 8.0, 4.0, 4.0, 4.0, 20.0, 8.0, 8.0, 0.0, 8.0, 4.0, 4.0]",114.0,114.0,5,skdclskt,,,,,0
13,tqeatlds,,0,221,220,post_exp,FinalForProlific,2026-05-05 16:24:26.312482,1,,,5561.0,1,,0.0,28c69508-f4f9-4c0e-a6a0-a4d5b22b7830,3782.5,18.0,4.0,72.0,3854.5,,2600.0,20.0,,,,,0.0,0,,,3,fd183cda-64d7-4787-9044-20debaf104a5,https://london-trader-6b45bffdcd02.herokuapp.com,wss://london-trader-6b45bffdcd02.herokuapp.com,,1,6,nh,non_gamified,human_only,0.0,0,15,"[8.0, 8.0, 20.0, 20.0, 4.0, 20.0, 4.0, 20.0, 0.0, 8.0, 8.0, 8.0, 8.0, 8.0, 4.0, 4.0, 20.0, 0.0, 0.0, 8.0, 4.0, 4.0, 4.0, 20.0, 8.0, 8.0, 0.0, 8.0, 4.0, 4.0]",52.0,52.0,5,skdclskt,,,,,0
14,nu7ykbgx,,0,221,220,post_exp,FinalForProlific,2026-05-05 16:24:26.328130,1,,,5985.0,2,,0.0,240f44aa-0d38-416e-a4df-3e0d3cc49536,4278.0,12.0,4.0,48.0,4326.0,,3800.0,10.0,,,,,0.0,0,,,3,fd183cda-64d7-4787-9044-20debaf104a5,https://london-trader-6b45bffdcd02.herokuapp.com,wss://london-trader-6b45bffdcd02.herokuapp.com,,1,6,nh,non_gamified,human_only,0.0,0,15,"[8.0, 8.0, 20.0, 20.0, 4.0, 20.0, 4.0, 20.0, 0.0, 8.0, 8.0, 8.0, 8.0, 8.0, 4.0, 4.0, 20.0, 0.0, 0.0, 8.0, 4.0, 4.0, 4.0, 20.0, 8.0, 8.0, 0.0, 8.0, 4.0, 4.0]",52.0,52.0,5,skdclskt,,,,,0
15,su76nhj9,,0,221,220,post_exp,FinalForProlific,2026-05-05 16:24:26.343041,1,,,5506.0,3,,0.0,9386577d-20fa-4927-a27d-261b95e06a71,3485.5,21.0,4.0,84.0,3569.5,,2600.0,20.0,,,,,0.0,0,,,3,fd183cda-64d7-4787-9044-20debaf104a5,https://london-trader-6b45bffdcd02.herokuapp.com,wss://london-trader-6b45bffdcd02.herokuapp.com,,1,6,nh,non_gamified,human_only,0.0,0,15,"[8.0, 8.0, 20.0, 20.0, 4.0, 20.0, 4.0, 20.0, 0.0, 8.0, 8.0, 8.0, 8.0, 8.0, 4.0, 4.0, 20.0, 0.0, 0.0, 8.0, 4.0, 4.0, 4.0, 20.0, 8.0, 8.0, 0.0, 8.0, 4.0, 4.0]",52.0,52.0,5,skdclskt,,,,,0
16,c2m857p1,,0,221,220,post_exp,FinalForProlific,2026-05-05 16:24:26.356865,1,,,5566.0,4,,0.0,ec5338be-31ec-409f-8fe0-d044c43f333a,4614.0,10.0,4.0,40.0,4654.0,,3800.0,10.0,,,,,0.0,0,,,3,fd183cda-64d7-4787-9044-20debaf104a5,https://london-trader-6b45bffdcd02.herokuapp.com,wss://london-trader-6b45bffdcd02.herokuapp.com,,1,6,nh,non_gamified,human_only,0.0,0,15,"[8.0, 8.0, 20.0, 20.0, 4.0, 20.0, 4.0, 20.0, 0.0, 8.0, 8.0, 8.0, 8.0, 8.0, 4.0, 4.0, 20.0, 0.0, 0.0, 8.0, 4.0, 4.0, 4.0, 20.0, 8.0, 8.0, 0.0, 8.0, 4.0, 4.0]",52.0,52.0,5,skdclskt,,,,,0
17,r6xuxcar,,0,221,220,post_exp,FinalForProlific,2026-05-05 16:24:26.366557,1,,,4396.0,5,,0.0,af4b90ba-123e-40d8-8867-b4991469cd39,3710.0,21.0,4.0,84.0,3794.0,,2600.0,20.0,,,,,0.0,0,,,3,fd183cda-64d7-4787-9044-20debaf104a5,https://london-trader-6b45bffdcd02.herokuapp.com,wss://london-trader-6b45bffdcd02.herokuapp.com,,1,6,nh,non_gamified,human_only,0.0,0,15,"[8.0, 8.0, 20.0, 20.0, 4.0, 20.0, 4.0, 20.0, 0.0, 8.0, 8.0, 8.0, 8.0, 8.0, 4.0, 4.0, 20.0, 0.0, 0.0, 8.0, 4.0, 4.0, 4.0, 20.0, 8.0, 8.0, 0.0, 8.0, 4.0, 4.0]",52.0,52.0,5,skdclskt,,,,,0
18,2y2lzizt,,0,221,220,post_exp,FinalForProlific,2026-05-05 16:24:26.378109,1,,,4734.0,6,,0.0,8d9117f6-c825-440d-86c0-64b78e6ca745,4390.0,10.0,4.0,40.0,4430.0,,3800.0,10.0,,,,,0.0,0,,,3,fd183cda-64d7-4787-9044-20debaf104a5,https://london-trader-6b45bffdcd02.herokuapp.com,wss://london-trader-6b45bffdcd02.herokuapp.com,,1,6,nh,non_gamified,human_only,0.0,0,15,"[8.0, 8.0, 20.0, 20.0, 4.0, 20.0, 4.0, 20.0, 0.0, 8.0, 8.0, 8.0, 8.0, 8.0, 4.0, 4.0, 20.0, 0.0, 0.0, 8.0, 4.0, 4.0, 4.0, 20.0, 8.0, 8.0, 0.0, 8.0, 4.0, 4.0]",52.0,52.0,5,skdclskt,,,,,0
19,0qc91a5a,,0,221,220,post_exp,FinalForProlific,2026-05-05 16:24:26.388408,1,,,6523.0,1,,0.0,55c5cbcc-f638-40ab-a1b6-dbe37fa8f72a,3840.0,19.0,4.0,76.0,3916.0,,2600.0,20.0,,,,,0.0,0,,,4,761eb99e-1c3d-45b4-81f7-8e5171ffd767,https://london-trader-6b45bffdcd02.herokuapp.com,wss://london-trader-6b45bffdcd02.herokuapp.com,,1,6,nh,non_gamified,human_only,0.0,0,15,"[8.0, 8.0, 20.0, 20.0, 4.0, 20.0, 4.0, 20.0, 0.0, 8.0, 8.0, 8.0, 8.0, 8.0, 4.0, 4.0, 20.0, 0.0, 0.0, 8.0, 4.0, 4.0, 4.0, 20.0, 8.0, 8.0, 0.0, 8.0, 4.0, 4.0]",123.0,123.0,5,skdclskt,,,,,0
20,2vy9s3px,,0,221,220,post_exp,FinalForProlific,2026-05-05 16:24:26.408267,1,,,5050.0,2,,0.0,d0d3f9d6-0176-4278-9bff-7f8b809b6060,4390.0,10.0,4.0,40.0,4430.0,,3800.0,10.0,,,,,0.0,0,,,4,761eb99e-1c3d-45b4-81f7-8e5171ffd767,https://london-trader-6b45bffdcd02.herokuapp.com,wss://london-trader-6b45bffdcd02.herokuapp.com,,1,6,nh,non_gamified,human_only,0.0,0,15,"[8.0, 8.0, 20.0, 20.0, 4.0, 20.0, 4.0, 20.0, 0.0, 8.0, 8.0, 8.0, 8.0, 8.0, 4.0, 4.0, 20.0, 0.0, 0.0, 8.0, 4.0, 4.0, 4.0, 20.0, 8.0, 8.0, 0.0, 8.0, 4.0, 4.0]",123.0,123.0,5,skdclskt,,,,,0
21,87uw2jck,,0,221,220,post_exp,FinalForProlific,2026-05-05 16:24:26.421889,1,,,5633.0,3,,0.0,83ea937e-d412-4809-a354-3f08485f32fe,2834.0,27.0,4.0,108.0,2942.0,,2600.0,20.0,,,,,0.0,0,,,4,761eb99e-1c3d-45b4-81f7-8e5171ffd767,https://london-trader-6b45bffdcd02.herokuapp.com,wss://london-trader-6b45bffdcd02.herokuapp.com,,1,6,nh,non_gamified,human_only,0.0,0,15,"[8.0, 8.0, 20.0, 20.0, 4.0, 20.0, 4.0, 20.0, 0.0, 8.0, 8.0, 8.0, 8.0, 8.0, 4.0, 4.0, 20.0, 0.0, 0.0, 8.0, 4.0, 4.0, 4.0, 20.0, 8.0, 8.0, 0.0, 8.0, 4.0, 4.0]",123.0,123.0,5,skdclskt,,,,,0
22,3ftocepp,,0,221,220,post_exp,FinalForProlific,2026-05-05 16:24:26.437680,1,,,5815.0,4,,0.0,93e6dd41-cfb5-4bb9-975b-e548014b48e6,4603.0,8.0,4.0,32.0,4635.0,,3800.0,10.0,,,,,0.0,0,,,4,761eb99e-1c3d-45b4-81f7-8e5171ffd767,https://london-trader-6b45bffdcd02.herokuapp.com,wss://london-trader-6b45bffdcd02.herokuapp.com,,1,6,nh,non_gamified,human_only,0.0,0,15,"[8.0, 8.0, 20.0, 20.0, 4.0, 20.0, 4.0, 20.0, 0.0, 8.0, 8.0, 8.0, 8.0, 8.0, 4.0, 4.0, 20.0, 0.0, 0.0, 8.0, 4.0, 4.0, 4.0, 20.0, 8.0, 8.0, 0.0, 8.0, 4.0, 4.0]",123.0,123.0,5,skdclskt,,,,,0
23,xz3dh0k4,,0,221,220,post_exp,FinalForProlific,2026-05-05 16:24:26.453575,1,,,5047.0,5,,0.0,b5055fcc-e732-4b8e-bd98-e6bfe626b3db,3960.0,18.0,4.0,72.0,4032.0,,2600.0,20.0,,,,,0.0,0,,,4,761eb99e-1c3d-45b4-81f7-8e5171ffd767,https://london-trader-6b45bffdcd02.herokuapp.com,wss://london-trader-6b45bffdcd02.herokuapp.com,,1,6,nh,non_gamified,human_only,0.0,0,15,"[8.0, 8.0, 20.0, 20.0, 4.0, 20.0, 4.0, 20.0, 0.0, 8.0, 8.0, 8.0, 8.0, 8.0, 4.0, 4.0, 20.0, 0.0, 0.0, 8.0, 4.0, 4.0, 4.0, 20.0, 8.0, 8.0, 0.0, 8.0, 4.0, 4.0]",123.0,123.0,5,skdclskt,,,,,0
24,x7l4wbwx,,0,221,220,post_exp,FinalForProlific,2026-05-05 16:24:26.462816,1,,,5091.0,6,,0.0,18f4a824-eb92-48ce-a99f-c0cb78a57cf2,4613.0,8.0,4.0,32.0,4645.0,,3800.0,10.0,,,,,0.0,0,,,4,761eb99e-1c3d-45b4-81f7-8e5171ffd767,https://london-trader-6b45bffdcd02.herokuapp.com,wss://london-trader-6b45bffdcd02.herokuapp.com,,1,6,nh,non_gamified,human_only,0.0,0,15,"[8.0, 8.0, 20.0, 20.0, 4.0, 20.0, 4.0, 20.0, 0.0, 8.0, 8.0, 8.0, 8.0, 8.0, 4.0, 4.0, 20.0, 0.0, 0.0, 8.0, 4.0, 4.0, 4.0, 20.0, 8.0, 8.0, 0.0, 8.0, 4.0, 4.0]",123.0,123.0,5,skdclskt,,,,,0
1,9bv3gi2y,,0,221,220,post_exp,FinalForProlific,2026-05-05 16:24:25.907795,1,,,6097.0,1,,0.0,8f572d20-95a7-46ba-ba2a-8e808117b347,3774.0,20.0,20.0,400.0,4174.0,,2600.0,20.0,60.0,2,"{""forecast_price_next_day"":60,""forecast_confidence_next_day"":2}",59.0,20.0,1,,,1,6f73b226-f3d6-453b-bec2-d4fe1457f0e7,https://london-trader-6b45bffdcd02.herokuapp.com,wss://london-trader-6b45bffdcd02.herokuapp.com,,1,6,gh,gamified,human_only,0.0,0,15,"[8.0, 8.0, 20.0, 20.0, 4.0, 20.0, 4.0, 20.0, 0.0, 8.0, 8.0, 8.0, 8.0, 8.0, 4.0, 4.0, 20.0, 0.0, 0.0, 8.0, 4.0, 4.0, 4.0, 20.0, 8.0, 8.0, 0.0, 8.0, 4.0, 4.0]",60.5,60.5,6,skdclskt,,,,,0
2,1tnknpce,,0,221,220,post_exp,FinalForProlific,2026-05-05 16:24:26.237055,1,,,4685.0,2,,0.0,0d49a0af-7711-49c1-a980-1ce4cb747f19,4599.0,3.0,20.0,60.0,4659.0,,3800.0,10.0,0.0,0,,59.0,0.0,1,,,1,6f73b226-f3d6-453b-bec2-d4fe1457f0e7,https://london-trader-6b45bffdcd02.herokuapp.com,wss://london-trader-6b45bffdcd02.herokuapp.com,,1,6,gh,gamified,human_only,0.0,0,15,"[8.0, 8.0, 20.0, 20.0, 4.0, 20.0, 4.0, 20.0, 0.0, 8.0, 8.0, 8.0, 8.0, 8.0, 4.0, 4.0, 20.0, 0.0, 0.0, 8.0, 4.0, 4.0, 4.0, 20.0, 8.0, 8.0, 0.0, 8.0, 4.0, 4.0]",60.5,60.5,6,skdclskt,,,,,0
3,zkl94ida,,0,221,220,post_exp,FinalForProlific,2026-05-05 16:24:26.243811,1,,,7353.0,3,,0.0,261c9bee-da67-4d1d-8144-87becb48c51d,3777.74,33.0,20.0,660.0,4437.74,,2600.0,20.0,65.0,1,"{""forecast_price_next_day"":65,""forecast_confidence_next_day"":1}",59.0,0.0,1,,,1,6f73b226-f3d6-453b-bec2-d4fe1457f0e7,https://london-trader-6b45bffdcd02.herokuapp.com,wss://london-trader-6b45bffdcd02.herokuapp.com,,1,6,gh,gamified,human_only,0.0,0,15,"[8.0, 8.0, 20.0, 20.0, 4.0, 20.0, 4.0, 20.0, 0.0, 8.0, 8.0, 8.0, 8.0, 8.0, 4.0, 4.0, 20.0, 0.0, 0.0, 8.0, 4.0, 4.0, 4.0, 20.0, 8.0, 8.0, 0.0, 8.0, 4.0, 4.0]",60.5,60.5,6,skdclskt,,,,,0
4,h7nk13vs,,0,221,220,post_exp,FinalForProlific,2026-05-05 16:24:26.249481,1,,,5148.0,4,,0.0,f1ebfa30-9819-4739-bb3e-139f3ebb772b,4374.6900000000005,6.0,20.0,120.0,4494.6900000000005,,3800.0,10.0,25.0,4,"{""forecast_price_next_day"":25,""forecast_confidence_next_day"":4}",59.0,0.0,1,,,1,6f73b226-f3d6-453b-bec2-d4fe1457f0e7,https://london-trader-6b45bffdcd02.herokuapp.com,wss://london-trader-6b45bffdcd02.herokuapp.com,,1,6,gh,gamified,human_only,0.0,0,15,"[8.0, 8.0, 20.0, 20.0, 4.0, 20.0, 4.0, 20.0, 0.0, 8.0, 8.0, 8.0, 8.0, 8.0, 4.0, 4.0, 20.0, 0.0, 0.0, 8.0, 4.0, 4.0, 4.0, 20.0, 8.0, 8.0, 0.0, 8.0, 4.0, 4.0]",60.5,60.5,6,skdclskt,,,,,0
5,8rrxo8mh,,0,221,220,post_exp,FinalForProlific,2026-05-05 16:24:26.255568,1,,,5698.0,5,,0.0,239c3d76-053a-40ec-a8c7-ed2420592ca4,3940.37,20.0,20.0,400.0,4340.37,,2600.0,20.0,55.0,3,"{""forecast_price_next_day"":55,""forecast_confidence_next_day"":3}",59.0,0.0,1,,,1,6f73b226-f3d6-453b-bec2-d4fe1457f0e7,https://london-trader-6b45bffdcd02.herokuapp.com,wss://london-trader-6b45bffdcd02.herokuapp.com,,1,6,gh,gamified,human_only,0.0,0,15,"[8.0, 8.0, 20.0, 20.0, 4.0, 20.0, 4.0, 20.0, 0.0, 8.0, 8.0, 8.0, 8.0, 8.0, 4.0, 4.0, 20.0, 0.0, 0.0, 8.0, 4.0, 4.0, 4.0, 20.0, 8.0, 8.0, 0.0, 8.0, 4.0, 4.0]",60.5,60.5,6,skdclskt,,,,,0
6,53wkzdsp,,0,221,220,post_exp,FinalForProlific,2026-05-05 16:24:26.261968,1,,,5089.0,6,,0.0,54ceb134-b66d-4f4f-8ffb-b677a3be5d9d,4294.2,9.0,20.0,180.0,4474.2,,3800.0,10.0,50.0,4,"{""forecast_price_next_day"":50,""forecast_confidence_next_day"":4}",59.0,0.0,1,,,1,6f73b226-f3d6-453b-bec2-d4fe1457f0e7,https://london-trader-6b45bffdcd02.herokuapp.com,wss://london-trader-6b45bffdcd02.herokuapp.com,,1,6,gh,gamified,human_only,0.0,0,15,"[8.0, 8.0, 20.0, 20.0, 4.0, 20.0, 4.0, 20.0, 0.0, 8.0, 8.0, 8.0, 8.0, 8.0, 4.0, 4.0, 20.0, 0.0, 0.0, 8.0, 4.0, 4.0, 4.0, 20.0, 8.0, 8.0, 0.0, 8.0, 4.0, 4.0]",60.5,60.5,6,skdclskt,,,,,0
7,2tmxyq59,,0,221,220,post_exp,FinalForProlific,2026-05-05 16:24:26.267852,1,,,5570.0,1,,0.0,d9d68e96-849c-41c0-8094-a55ca3b3a355,3973.0,18.0,20.0,360.0,4333.0,,2600.0,20.0,112.0,4,"{""forecast_price_next_day"":112,""forecast_confidence_next_day"":4}",100.0,0.0,1,,,2,07790da6-16e1-4c15-9884-8a76c7e84392,https://london-trader-6b45bffdcd02.herokuapp.com,wss://london-trader-6b45bffdcd02.herokuapp.com,,1,6,gh,gamified,human_only,0.0,0,15,"[8.0, 8.0, 20.0, 20.0, 4.0, 20.0, 4.0, 20.0, 0.0, 8.0, 8.0, 8.0, 8.0, 8.0, 4.0, 4.0, 20.0, 0.0, 0.0, 8.0, 4.0, 4.0, 4.0, 20.0, 8.0, 8.0, 0.0, 8.0, 4.0, 4.0]",115.0,115.0,6,skdclskt,,,,,0
8,klvgct3w,,0,221,220,post_exp,FinalForProlific,2026-05-05 16:24:26.277407,1,,,5086.0,2,,0.0,c97d7d05-3010-4231-8b4c-ad5e9ce763a8,4652.0,8.0,20.0,160.0,4812.0,,3800.0,10.0,0.0,0,,100.0,0.0,1,,,2,07790da6-16e1-4c15-9884-8a76c7e84392,https://london-trader-6b45bffdcd02.herokuapp.com,wss://london-trader-6b45bffdcd02.herokuapp.com,,1,6,gh,gamified,human_only,0.0,0,15,"[8.0, 8.0, 20.0, 20.0, 4.0, 20.0, 4.0, 20.0, 0.0, 8.0, 8.0, 8.0, 8.0, 8.0, 4.0, 4.0, 20.0, 0.0, 0.0, 8.0, 4.0, 4.0, 4.0, 20.0, 8.0, 8.0, 0.0, 8.0, 4.0, 4.0]",115.0,115.0,6,skdclskt,,,,,0
9,fa5fpl4w,,0,221,220,post_exp,FinalForProlific,2026-05-05 16:24:26.284184,1,,,5251.0,3,,0.0,804b1c25-e400-485b-a0e0-2371a4903700,3854.0,19.0,20.0,380.0,4234.0,,2600.0,20.0,0.0,0,,100.0,0.0,1,,,2,07790da6-16e1-4c15-9884-8a76c7e84392,https://london-trader-6b45bffdcd02.herokuapp.com,wss://london-trader-6b45bffdcd02.herokuapp.com,,1,6,gh,gamified,human_only,0.0,0,15,"[8.0, 8.0, 20.0, 20.0, 4.0, 20.0, 4.0, 20.0, 0.0, 8.0, 8.0, 8.0, 8.0, 8.0, 4.0, 4.0, 20.0, 0.0, 0.0, 8.0, 4.0, 4.0, 4.0, 20.0, 8.0, 8.0, 0.0, 8.0, 4.0, 4.0]",115.0,115.0,6,skdclskt,,,,,0
10,0sa5xwid,,0,221,220,post_exp,FinalForProlific,2026-05-05 16:24:26.290374,1,,,5140.0,4,,0.0,7b242fc9-bd1b-4836-a718-b85e1c1a176b,4298.0,12.0,20.0,240.0,4538.0,,3800.0,10.0,115.0,2,"{""forecast_price_next_day"":115,""forecast_confidence_next_day"":2}",100.0,0.0,1,,,2,07790da6-16e1-4c15-9884-8a76c7e84392,https://london-trader-6b45bffdcd02.herokuapp.com,wss://london-trader-6b45bffdcd02.herokuapp.com,,1,6,gh,gamified,human_only,0.0,0,15,"[8.0, 8.0, 20.0, 20.0, 4.0, 20.0, 4.0, 20.0, 0.0, 8.0, 8.0, 8.0, 8.0, 8.0, 4.0, 4.0, 20.0, 0.0, 0.0, 8.0, 4.0, 4.0, 4.0, 20.0, 8.0, 8.0, 0.0, 8.0, 4.0, 4.0]",115.0,115.0,6,skdclskt,,,,,0
11,w5nuyib0,,0,221,220,post_exp,FinalForProlific,2026-05-05 16:24:26.299295,1,,,4813.0,5,,0.0,29625c5b-f726-4de1-8b9e-9c49743b4cab,3729.0,20.0,20.0,400.0,4129.0,,2600.0,20.0,120.0,2,"{""forecast_price_next_day"":120,""forecast_confidence_next_day"":2}",100.0,0.0,1,,,2,07790da6-16e1-4c15-9884-8a76c7e84392,https://london-trader-6b45bffdcd02.herokuapp.com,wss://london-trader-6b45bffdcd02.herokuapp.com,,1,6,gh,gamified,human_only,0.0,0,15,"[8.0, 8.0, 20.0, 20.0, 4.0, 20.0, 4.0, 20.0, 0.0, 8.0, 8.0, 8.0, 8.0, 8.0, 4.0, 4.0, 20.0, 0.0, 0.0, 8.0, 4.0, 4.0, 4.0, 20.0, 8.0, 8.0, 0.0, 8.0, 4.0, 4.0]",115.0,115.0,6,skdclskt,,,,,0
12,s1twfhpt,,0,221,220,post_exp,FinalForProlific,2026-05-05 16:24:26.305361,1,,,4871.0,6,,0.0,4b51a285-57d1-4d32-aa02-d36f8179ed63,4150.0,13.0,20.0,260.0,4410.0,,3800.0,10.0,115.0,4,"{""forecast_price_next_day"":115,""forecast_confidence_next_day"":4}",100.0,0.0,1,,,2,07790da6-16e1-4c15-9884-8a76c7e84392,https://london-trader-6b45bffdcd02.herokuapp.com,wss://london-trader-6b45bffdcd02.herokuapp.com,,1,6,gh,gamified,human_only,0.0,0,15,"[8.0, 8.0, 20.0, 20.0, 4.0, 20.0, 4.0, 20.0, 0.0, 8.0, 8.0, 8.0, 8.0, 8.0, 4.0, 4.0, 20.0, 0.0, 0.0, 8.0, 4.0, 4.0, 4.0, 20.0, 8.0, 8.0, 0.0, 8.0, 4.0, 4.0]",115.0,115.0,6,skdclskt,,,,,0
13,tqeatlds,,0,221,220,post_exp,FinalForProlific,2026-05-05 16:24:26.312482,1,,,5561.0,1,,0.0,28c69508-f4f9-4c0e-a6a0-a4d5b22b7830,4034.5,15.0,20.0,300.0,4334.5,,2600.0,20.0,60.0,3,"{""forecast_price_next_day"":60,""forecast_confidence_next_day"":3}",65.0,0.0,1,,,3,fd183cda-64d7-4787-9044-20debaf104a5,https://london-trader-6b45bffdcd02.herokuapp.com,wss://london-trader-6b45bffdcd02.herokuapp.com,,1,6,nh,non_gamified,human_only,0.0,0,15,"[8.0, 8.0, 20.0, 20.0, 4.0, 20.0, 4.0, 20.0, 0.0, 8.0, 8.0, 8.0, 8.0, 8.0, 4.0, 4.0, 20.0, 0.0, 0.0, 8.0, 4.0, 4.0, 4.0, 20.0, 8.0, 8.0, 0.0, 8.0, 4.0, 4.0]",60.0,60.0,6,skdclskt,,,,,0
14,nu7ykbgx,,0,221,220,post_exp,FinalForProlific,2026-05-05 16:24:26.328130,1,,,5985.0,2,,0.0,240f44aa-0d38-416e-a4df-3e0d3cc49536,4203.25,14.0,20.0,280.0,4483.25,,3800.0,10.0,0.0,0,,65.0,0.0,1,,,3,fd183cda-64d7-4787-9044-20debaf104a5,https://london-trader-6b45bffdcd02.herokuapp.com,wss://london-trader-6b45bffdcd02.herokuapp.com,,1,6,nh,non_gamified,human_only,0.0,0,15,"[8.0, 8.0, 20.0, 20.0, 4.0, 20.0, 4.0, 20.0, 0.0, 8.0, 8.0, 8.0, 8.0, 8.0, 4.0, 4.0, 20.0, 0.0, 0.0, 8.0, 4.0, 4.0, 4.0, 20.0, 8.0, 8.0, 0.0, 8.0, 4.0, 4.0]",60.0,60.0,6,skdclskt,,,,,0
15,su76nhj9,,0,221,220,post_exp,FinalForProlific,2026-05-05 16:24:26.343041,1,,,5506.0,3,,0.0,9386577d-20fa-4927-a27d-261b95e06a71,3569.5,21.0,20.0,420.0,3989.5,,2600.0,20.0,0.0,0,,65.0,0.0,1,,,3,fd183cda-64d7-4787-9044-20debaf104a5,https://london-trader-6b45bffdcd02.herokuapp.com,wss://london-trader-6b45bffdcd02.herokuapp.com,,1,6,nh,non_gamified,human_only,0.0,0,15,"[8.0, 8.0, 20.0, 20.0, 4.0, 20.0, 4.0, 20.0, 0.0, 8.0, 8.0, 8.0, 8.0, 8.0, 4.0, 4.0, 20.0, 0.0, 0.0, 8.0, 4.0, 4.0, 4.0, 20.0, 8.0, 8.0, 0.0, 8.0, 4.0, 4.0]",60.0,60.0,6,skdclskt,,,,,0
16,c2m857p1,,0,221,220,post_exp,FinalForProlific,2026-05-05 16:24:26.356865,1,,,5566.0,4,,0.0,ec5338be-31ec-409f-8fe0-d044c43f333a,4594.0,11.0,20.0,220.0,4814.0,,3800.0,10.0,70.0,3,"{""forecast_price_next_day"":70,""forecast_confidence_next_day"":3}",65.0,0.0,1,,,3,fd183cda-64d7-4787-9044-20debaf104a5,https://london-trader-6b45bffdcd02.herokuapp.com,wss://london-trader-6b45bffdcd02.herokuapp.com,,1,6,nh,non_gamified,human_only,0.0,0,15,"[8.0, 8.0, 20.0, 20.0, 4.0, 20.0, 4.0, 20.0, 0.0, 8.0, 8.0, 8.0, 8.0, 8.0, 4.0, 4.0, 20.0, 0.0, 0.0, 8.0, 4.0, 4.0, 4.0, 20.0, 8.0, 8.0, 0.0, 8.0, 4.0, 4.0]",60.0,60.0,6,skdclskt,,,,,0
17,r6xuxcar,,0,221,220,post_exp,FinalForProlific,2026-05-05 16:24:26.366557,1,,,4396.0,5,,0.0,af4b90ba-123e-40d8-8867-b4991469cd39,3856.75,20.0,20.0,400.0,4256.75,,2600.0,20.0,60.0,4,"{""forecast_price_next_day"":60,""forecast_confidence_next_day"":4}",65.0,0.0,1,,,3,fd183cda-64d7-4787-9044-20debaf104a5,https://london-trader-6b45bffdcd02.herokuapp.com,wss://london-trader-6b45bffdcd02.herokuapp.com,,1,6,nh,non_gamified,human_only,0.0,0,15,"[8.0, 8.0, 20.0, 20.0, 4.0, 20.0, 4.0, 20.0, 0.0, 8.0, 8.0, 8.0, 8.0, 8.0, 4.0, 4.0, 20.0, 0.0, 0.0, 8.0, 4.0, 4.0, 4.0, 20.0, 8.0, 8.0, 0.0, 8.0, 4.0, 4.0]",60.0,60.0,6,skdclskt,,,,,0
18,2y2lzizt,,0,221,220,post_exp,FinalForProlific,2026-05-05 16:24:26.378109,1,,,4734.0,6,,0.0,8d9117f6-c825-440d-86c0-64b78e6ca745,4370.0,12.0,20.0,240.0,4610.0,,3800.0,10.0,50.0,1,"{""forecast_price_next_day"":50,""forecast_confidence_next_day"":1}",65.0,0.0,1,,,3,fd183cda-64d7-4787-9044-20debaf104a5,https://london-trader-6b45bffdcd02.herokuapp.com,wss://london-trader-6b45bffdcd02.herokuapp.com,,1,6,nh,non_gamified,human_only,0.0,0,15,"[8.0, 8.0, 20.0, 20.0, 4.0, 20.0, 4.0, 20.0, 0.0, 8.0, 8.0, 8.0, 8.0, 8.0, 4.0, 4.0, 20.0, 0.0, 0.0, 8.0, 4.0, 4.0, 4.0, 20.0, 8.0, 8.0, 0.0, 8.0, 4.0, 4.0]",60.0,60.0,6,skdclskt,,,,,0
19,0qc91a5a,,0,221,220,post_exp,FinalForProlific,2026-05-05 16:24:26.388408,1,,,6523.0,1,,0.0,55c5cbcc-f638-40ab-a1b6-dbe37fa8f72a,4036.0,19.0,20.0,380.0,4416.0,,2600.0,20.0,0.0,0,,70.01,0.0,1,,,4,761eb99e-1c3d-45b4-81f7-8e5171ffd767,https://london-trader-6b45bffdcd02.herokuapp.com,wss://london-trader-6b45bffdcd02.herokuapp.com,,1,6,nh,non_gamified,human_only,0.0,0,15,"[8.0, 8.0, 20.0, 20.0, 4.0, 20.0, 4.0, 20.0, 0.0, 8.0, 8.0, 8.0, 8.0, 8.0, 4.0, 4.0, 20.0, 0.0, 0.0, 8.0, 4.0, 4.0, 4.0, 20.0, 8.0, 8.0, 0.0, 8.0, 4.0, 4.0]",130.0,130.0,6,skdclskt,,,,,0
20,2vy9s3px,,0,221,220,post_exp,FinalForProlific,2026-05-05 16:24:26.408267,1,,,5050.0,2,,0.0,d0d3f9d6-0176-4278-9bff-7f8b809b6060,4310.0,11.0,20.0,220.0,4530.0,,3800.0,10.0,0.0,0,,70.01,0.0,1,,,4,761eb99e-1c3d-45b4-81f7-8e5171ffd767,https://london-trader-6b45bffdcd02.herokuapp.com,wss://london-trader-6b45bffdcd02.herokuapp.com,,1,6,nh,non_gamified,human_only,0.0,0,15,"[8.0, 8.0, 20.0, 20.0, 4.0, 20.0, 4.0, 20.0, 0.0, 8.0, 8.0, 8.0, 8.0, 8.0, 4.0, 4.0, 20.0, 0.0, 0.0, 8.0, 4.0, 4.0, 4.0, 20.0, 8.0, 8.0, 0.0, 8.0, 4.0, 4.0]",130.0,130.0,6,skdclskt,,,,,0
21,87uw2jck,,0,221,220,post_exp,FinalForProlific,2026-05-05 16:24:26.421889,1,,,5633.0,3,,0.0,83ea937e-d412-4809-a354-3f08485f32fe,3417.0,23.0,20.0,460.0,3877.0,,2600.0,20.0,8.0,4,"{""forecast_price_next_day"":8,""forecast_confidence_next_day"":4}",70.01,0.0,1,,,4,761eb99e-1c3d-45b4-81f7-8e5171ffd767,https://london-trader-6b45bffdcd02.herokuapp.com,wss://london-trader-6b45bffdcd02.herokuapp.com,,1,6,nh,non_gamified,human_only,0.0,0,15,"[8.0, 8.0, 20.0, 20.0, 4.0, 20.0, 4.0, 20.0, 0.0, 8.0, 8.0, 8.0, 8.0, 8.0, 4.0, 4.0, 20.0, 0.0, 0.0, 8.0, 4.0, 4.0, 4.0, 20.0, 8.0, 8.0, 0.0, 8.0, 4.0, 4.0]",130.0,130.0,6,skdclskt,,,,,0
22,3ftocepp,,0,221,220,post_exp,FinalForProlific,2026-05-05 16:24:26.437680,1,,,5815.0,4,,0.0,93e6dd41-cfb5-4bb9-975b-e548014b48e6,4635.0,9.0,20.0,180.0,4815.0,,3800.0,10.0,4900.0,4,"{""forecast_price_next_day"":4900,""forecast_confidence_next_day"":4}",70.01,0.0,1,,,4,761eb99e-1c3d-45b4-81f7-8e5171ffd767,https://london-trader-6b45bffdcd02.herokuapp.com,wss://london-trader-6b45bffdcd02.herokuapp.com,,1,6,nh,non_gamified,human_only,0.0,0,15,"[8.0, 8.0, 20.0, 20.0, 4.0, 20.0, 4.0, 20.0, 0.0, 8.0, 8.0, 8.0, 8.0, 8.0, 4.0, 4.0, 20.0, 0.0, 0.0, 8.0, 4.0, 4.0, 4.0, 20.0, 8.0, 8.0, 0.0, 8.0, 4.0, 4.0]",130.0,130.0,6,skdclskt,,,,,0
23,xz3dh0k4,,0,221,220,post_exp,FinalForProlific,2026-05-05 16:24:26.453575,1,,,5047.0,5,,0.0,b5055fcc-e732-4b8e-bd98-e6bfe626b3db,3672.0,21.0,20.0,420.0,4092.0,,2600.0,20.0,0.0,0,,70.01,0.0,1,,,4,761eb99e-1c3d-45b4-81f7-8e5171ffd767,https://london-trader-6b45bffdcd02.herokuapp.com,wss://london-trader-6b45bffdcd02.herokuapp.com,,1,6,nh,non_gamified,human_only,0.0,0,15,"[8.0, 8.0, 20.0, 20.0, 4.0, 20.0, 4.0, 20.0, 0.0, 8.0, 8.0, 8.0, 8.0, 8.0, 4.0, 4.0, 20.0, 0.0, 0.0, 8.0, 4.0, 4.0, 4.0, 20.0, 8.0, 8.0, 0.0, 8.0, 4.0, 4.0]",130.0,130.0,6,skdclskt,,,,,0
24,x7l4wbwx,,0,221,220,post_exp,FinalForProlific,2026-05-05 16:24:26.462816,1,,,5091.0,6,,0.0,18f4a824-eb92-48ce-a99f-c0cb78a57cf2,4530.0,9.0,20.0,180.0,4710.0,,3800.0,10.0,0.0,0,,70.01,0.0,1,,,4,761eb99e-1c3d-45b4-81f7-8e5171ffd767,https://london-trader-6b45bffdcd02.herokuapp.com,wss://london-trader-6b45bffdcd02.herokuapp.com,,1,6,nh,non_gamified,human_only,0.0,0,15,"[8.0, 8.0, 20.0, 20.0, 4.0, 20.0, 4.0, 20.0, 0.0, 8.0, 8.0, 8.0, 8.0, 8.0, 4.0, 4.0, 20.0, 0.0, 0.0, 8.0, 4.0, 4.0, 4.0, 20.0, 8.0, 8.0, 0.0, 8.0, 4.0, 4.0]",130.0,130.0,6,skdclskt,,,,,0
1,9bv3gi2y,,0,221,220,post_exp,FinalForProlific,2026-05-05 16:24:25.907795,1,,,6097.0,1,,0.0,8f572d20-95a7-46ba-ba2a-8e808117b347,4379.0,17.0,4.0,68.0,4447.0,,2600.0,20.0,,,,,0.0,0,,,1,6f73b226-f3d6-453b-bec2-d4fe1457f0e7,https://london-trader-6b45bffdcd02.herokuapp.com,wss://london-trader-6b45bffdcd02.herokuapp.com,,1,6,gh,gamified,human_only,0.0,0,15,"[8.0, 8.0, 20.0, 20.0, 4.0, 20.0, 4.0, 20.0, 0.0, 8.0, 8.0, 8.0, 8.0, 8.0, 4.0, 4.0, 20.0, 0.0, 0.0, 8.0, 4.0, 4.0, 4.0, 20.0, 8.0, 8.0, 0.0, 8.0, 4.0, 4.0]",59.0,59.0,7,skdclskt,,,,,0
2,1tnknpce,,0,221,220,post_exp,FinalForProlific,2026-05-05 16:24:26.237055,1,,,4685.0,2,,0.0,0d49a0af-7711-49c1-a980-1ce4cb747f19,4510.0,6.0,4.0,24.0,4534.0,,3800.0,10.0,,,,,0.0,0,,,1,6f73b226-f3d6-453b-bec2-d4fe1457f0e7,https://london-trader-6b45bffdcd02.herokuapp.com,wss://london-trader-6b45bffdcd02.herokuapp.com,,1,6,gh,gamified,human_only,0.0,0,15,"[8.0, 8.0, 20.0, 20.0, 4.0, 20.0, 4.0, 20.0, 0.0, 8.0, 8.0, 8.0, 8.0, 8.0, 4.0, 4.0, 20.0, 0.0, 0.0, 8.0, 4.0, 4.0, 4.0, 20.0, 8.0, 8.0, 0.0, 8.0, 4.0, 4.0]",59.0,59.0,7,skdclskt,,,,,0
3,zkl94ida,,0,221,220,post_exp,FinalForProlific,2026-05-05 16:24:26.243811,1,,,7353.0,3,,0.0,261c9bee-da67-4d1d-8144-87becb48c51d,4273.24,36.0,4.0,144.0,4417.24,,2600.0,20.0,,,,,0.0,0,,,1,6f73b226-f3d6-453b-bec2-d4fe1457f0e7,https://london-trader-6b45bffdcd02.herokuapp.com,wss://london-trader-6b45bffdcd02.herokuapp.com,,1,6,gh,gamified,human_only,0.0,0,15,"[8.0, 8.0, 20.0, 20.0, 4.0, 20.0, 4.0, 20.0, 0.0, 8.0, 8.0, 8.0, 8.0, 8.0, 4.0, 4.0, 20.0, 0.0, 0.0, 8.0, 4.0, 4.0, 4.0, 20.0, 8.0, 8.0, 0.0, 8.0, 4.0, 4.0]",59.0,59.0,7,skdclskt,,,,,0
4,h7nk13vs,,0,221,220,post_exp,FinalForProlific,2026-05-05 16:24:26.249481,1,,,5148.0,4,,0.0,f1ebfa30-9819-4739-bb3e-139f3ebb772b,4412.1900000000005,8.0,4.0,32.0,4444.1900000000005,,3800.0,10.0,,,,,0.0,0,,,1,6f73b226-f3d6-453b-bec2-d4fe1457f0e7,https://london-trader-6b45bffdcd02.herokuapp.com,wss://london-trader-6b45bffdcd02.herokuapp.com,,1,6,gh,gamified,human_only,0.0,0,15,"[8.0, 8.0, 20.0, 20.0, 4.0, 20.0, 4.0, 20.0, 0.0, 8.0, 8.0, 8.0, 8.0, 8.0, 4.0, 4.0, 20.0, 0.0, 0.0, 8.0, 4.0, 4.0, 4.0, 20.0, 8.0, 8.0, 0.0, 8.0, 4.0, 4.0]",59.0,59.0,7,skdclskt,,,,,0
5,8rrxo8mh,,0,221,220,post_exp,FinalForProlific,2026-05-05 16:24:26.255568,1,,,5698.0,5,,0.0,239c3d76-053a-40ec-a8c7-ed2420592ca4,4428.37,18.0,4.0,72.0,4500.37,,2600.0,20.0,,,,,0.0,0,,,1,6f73b226-f3d6-453b-bec2-d4fe1457f0e7,https://london-trader-6b45bffdcd02.herokuapp.com,wss://london-trader-6b45bffdcd02.herokuapp.com,,1,6,gh,gamified,human_only,0.0,0,15,"[8.0, 8.0, 20.0, 20.0, 4.0, 20.0, 4.0, 20.0, 0.0, 8.0, 8.0, 8.0, 8.0, 8.0, 4.0, 4.0, 20.0, 0.0, 0.0, 8.0, 4.0, 4.0, 4.0, 20.0, 8.0, 8.0, 0.0, 8.0, 4.0, 4.0]",59.0,59.0,7,skdclskt,,,,,0
6,53wkzdsp,,0,221,220,post_exp,FinalForProlific,2026-05-05 16:24:26.261968,1,,,5089.0,6,,0.0,54ceb134-b66d-4f4f-8ffb-b677a3be5d9d,4577.2,7.0,4.0,28.0,4605.2,,3800.0,10.0,,,,,0.0,0,,,1,6f73b226-f3d6-453b-bec2-d4fe1457f0e7,https://london-trader-6b45bffdcd02.herokuapp.com,wss://london-trader-6b45bffdcd02.herokuapp.com,,1,6,gh,gamified,human_only,0.0,0,15,"[8.0, 8.0, 20.0, 20.0, 4.0, 20.0, 4.0, 20.0, 0.0, 8.0, 8.0, 8.0, 8.0, 8.0, 4.0, 4.0, 20.0, 0.0, 0.0, 8.0, 4.0, 4.0, 4.0, 20.0, 8.0, 8.0, 0.0, 8.0, 4.0, 4.0]",59.0,59.0,7,skdclskt,,,,,0
7,2tmxyq59,,0,221,220,post_exp,FinalForProlific,2026-05-05 16:24:26.267852,1,,,5570.0,1,,0.0,d9d68e96-849c-41c0-8094-a55ca3b3a355,4333.0,18.0,4.0,72.0,4405.0,,2600.0,20.0,,,,,0.0,0,,,2,07790da6-16e1-4c15-9884-8a76c7e84392,https://london-trader-6b45bffdcd02.herokuapp.com,wss://london-trader-6b45bffdcd02.herokuapp.com,,1,6,gh,gamified,human_only,0.0,0,15,"[8.0, 8.0, 20.0, 20.0, 4.0, 20.0, 4.0, 20.0, 0.0, 8.0, 8.0, 8.0, 8.0, 8.0, 4.0, 4.0, 20.0, 0.0, 0.0, 8.0, 4.0, 4.0, 4.0, 20.0, 8.0, 8.0, 0.0, 8.0, 4.0, 4.0]",100.0,100.0,7,skdclskt,,,,,0
8,klvgct3w,,0,221,220,post_exp,FinalForProlific,2026-05-05 16:24:26.277407,1,,,5086.0,2,,0.0,c97d7d05-3010-4231-8b4c-ad5e9ce763a8,4812.0,9.0,4.0,36.0,4848.0,,3800.0,10.0,,,,,0.0,0,,,2,07790da6-16e1-4c15-9884-8a76c7e84392,https://london-trader-6b45bffdcd02.herokuapp.com,wss://london-trader-6b45bffdcd02.herokuapp.com,,1,6,gh,gamified,human_only,0.0,0,15,"[8.0, 8.0, 20.0, 20.0, 4.0, 20.0, 4.0, 20.0, 0.0, 8.0, 8.0, 8.0, 8.0, 8.0, 4.0, 4.0, 20.0, 0.0, 0.0, 8.0, 4.0, 4.0, 4.0, 20.0, 8.0, 8.0, 0.0, 8.0, 4.0, 4.0]",100.0,100.0,7,skdclskt,,,,,0
9,fa5fpl4w,,0,221,220,post_exp,FinalForProlific,2026-05-05 16:24:26.284184,1,,,5251.0,3,,0.0,804b1c25-e400-485b-a0e0-2371a4903700,4134.0,21.0,4.0,84.0,4218.0,,2600.0,20.0,,,,,0.0,0,,,2,07790da6-16e1-4c15-9884-8a76c7e84392,https://london-trader-6b45bffdcd02.herokuapp.com,wss://london-trader-6b45bffdcd02.herokuapp.com,,1,6,gh,gamified,human_only,0.0,0,15,"[8.0, 8.0, 20.0, 20.0, 4.0, 20.0, 4.0, 20.0, 0.0, 8.0, 8.0, 8.0, 8.0, 8.0, 4.0, 4.0, 20.0, 0.0, 0.0, 8.0, 4.0, 4.0, 4.0, 20.0, 8.0, 8.0, 0.0, 8.0, 4.0, 4.0]",100.0,100.0,7,skdclskt,,,,,0
10,0sa5xwid,,0,221,220,post_exp,FinalForProlific,2026-05-05 16:24:26.290374,1,,,5140.0,4,,0.0,7b242fc9-bd1b-4836-a718-b85e1c1a176b,4538.0,13.0,4.0,52.0,4590.0,,3800.0,10.0,,,,,0.0,0,,,2,07790da6-16e1-4c15-9884-8a76c7e84392,https://london-trader-6b45bffdcd02.herokuapp.com,wss://london-trader-6b45bffdcd02.herokuapp.com,,1,6,gh,gamified,human_only,0.0,0,15,"[8.0, 8.0, 20.0, 20.0, 4.0, 20.0, 4.0, 20.0, 0.0, 8.0, 8.0, 8.0, 8.0, 8.0, 4.0, 4.0, 20.0, 0.0, 0.0, 8.0, 4.0, 4.0, 4.0, 20.0, 8.0, 8.0, 0.0, 8.0, 4.0, 4.0]",100.0,100.0,7,skdclskt,,,,,0
11,w5nuyib0,,0,221,220,post_exp,FinalForProlific,2026-05-05 16:24:26.299295,1,,,4813.0,5,,0.0,29625c5b-f726-4de1-8b9e-9c49743b4cab,4245.0,19.0,4.0,76.0,4321.0,,2600.0,20.0,,,,,0.0,0,,,2,07790da6-16e1-4c15-9884-8a76c7e84392,https://london-trader-6b45bffdcd02.herokuapp.com,wss://london-trader-6b45bffdcd02.herokuapp.com,,1,6,gh,gamified,human_only,0.0,0,15,"[8.0, 8.0, 20.0, 20.0, 4.0, 20.0, 4.0, 20.0, 0.0, 8.0, 8.0, 8.0, 8.0, 8.0, 4.0, 4.0, 20.0, 0.0, 0.0, 8.0, 4.0, 4.0, 4.0, 20.0, 8.0, 8.0, 0.0, 8.0, 4.0, 4.0]",100.0,100.0,7,skdclskt,,,,,0
12,s1twfhpt,,0,221,220,post_exp,FinalForProlific,2026-05-05 16:24:26.305361,1,,,4871.0,6,,0.0,4b51a285-57d1-4d32-aa02-d36f8179ed63,4394.0,13.0,4.0,52.0,4446.0,,3800.0,10.0,,,,,0.0,0,,,2,07790da6-16e1-4c15-9884-8a76c7e84392,https://london-trader-6b45bffdcd02.herokuapp.com,wss://london-trader-6b45bffdcd02.herokuapp.com,,1,6,gh,gamified,human_only,0.0,0,15,"[8.0, 8.0, 20.0, 20.0, 4.0, 20.0, 4.0, 20.0, 0.0, 8.0, 8.0, 8.0, 8.0, 8.0, 4.0, 4.0, 20.0, 0.0, 0.0, 8.0, 4.0, 4.0, 4.0, 20.0, 8.0, 8.0, 0.0, 8.0, 4.0, 4.0]",100.0,100.0,7,skdclskt,,,,,0
13,tqeatlds,,0,221,220,post_exp,FinalForProlific,2026-05-05 16:24:26.312482,1,,,5561.0,1,,0.0,28c69508-f4f9-4c0e-a6a0-a4d5b22b7830,4389.37,14.0,4.0,56.0,4445.37,,2600.0,20.0,,,,,0.0,0,,,3,fd183cda-64d7-4787-9044-20debaf104a5,https://london-trader-6b45bffdcd02.herokuapp.com,wss://london-trader-6b45bffdcd02.herokuapp.com,,1,6,nh,non_gamified,human_only,0.0,0,15,"[8.0, 8.0, 20.0, 20.0, 4.0, 20.0, 4.0, 20.0, 0.0, 8.0, 8.0, 8.0, 8.0, 8.0, 4.0, 4.0, 20.0, 0.0, 0.0, 8.0, 4.0, 4.0, 4.0, 20.0, 8.0, 8.0, 0.0, 8.0, 4.0, 4.0]",65.0,65.0,7,skdclskt,,,,,0
14,nu7ykbgx,,0,221,220,post_exp,FinalForProlific,2026-05-05 16:24:26.328130,1,,,5985.0,2,,0.0,240f44aa-0d38-416e-a4df-3e0d3cc49536,4361.75,16.0,4.0,64.0,4425.75,,3800.0,10.0,,,,,0.0,0,,,3,fd183cda-64d7-4787-9044-20debaf104a5,https://london-trader-6b45bffdcd02.herokuapp.com,wss://london-trader-6b45bffdcd02.herokuapp.com,,1,6,nh,non_gamified,human_only,0.0,0,15,"[8.0, 8.0, 20.0, 20.0, 4.0, 20.0, 4.0, 20.0, 0.0, 8.0, 8.0, 8.0, 8.0, 8.0, 4.0, 4.0, 20.0, 0.0, 0.0, 8.0, 4.0, 4.0, 4.0, 20.0, 8.0, 8.0, 0.0, 8.0, 4.0, 4.0]",65.0,65.0,7,skdclskt,,,,,0
15,su76nhj9,,0,221,220,post_exp,FinalForProlific,2026-05-05 16:24:26.343041,1,,,5506.0,3,,0.0,9386577d-20fa-4927-a27d-261b95e06a71,4121.13,20.0,4.0,80.0,4201.13,,2600.0,20.0,,,,,0.0,0,,,3,fd183cda-64d7-4787-9044-20debaf104a5,https://london-trader-6b45bffdcd02.herokuapp.com,wss://london-trader-6b45bffdcd02.herokuapp.com,,1,6,nh,non_gamified,human_only,0.0,0,15,"[8.0, 8.0, 20.0, 20.0, 4.0, 20.0, 4.0, 20.0, 0.0, 8.0, 8.0, 8.0, 8.0, 8.0, 4.0, 4.0, 20.0, 0.0, 0.0, 8.0, 4.0, 4.0, 4.0, 20.0, 8.0, 8.0, 0.0, 8.0, 4.0, 4.0]",65.0,65.0,7,skdclskt,,,,,0
16,c2m857p1,,0,221,220,post_exp,FinalForProlific,2026-05-05 16:24:26.356865,1,,,5566.0,4,,0.0,ec5338be-31ec-409f-8fe0-d044c43f333a,4814.0,10.0,4.0,40.0,4854.0,,3800.0,10.0,,,,,0.0,0,,,3,fd183cda-64d7-4787-9044-20debaf104a5,https://london-trader-6b45bffdcd02.herokuapp.com,wss://london-trader-6b45bffdcd02.herokuapp.com,,1,6,nh,non_gamified,human_only,0.0,0,15,"[8.0, 8.0, 20.0, 20.0, 4.0, 20.0, 4.0, 20.0, 0.0, 8.0, 8.0, 8.0, 8.0, 8.0, 4.0, 4.0, 20.0, 0.0, 0.0, 8.0, 4.0, 4.0, 4.0, 20.0, 8.0, 8.0, 0.0, 8.0, 4.0, 4.0]",65.0,65.0,7,skdclskt,,,,,0
17,r6xuxcar,,0,221,220,post_exp,FinalForProlific,2026-05-05 16:24:26.366557,1,,,4396.0,5,,0.0,af4b90ba-123e-40d8-8867-b4991469cd39,4191.75,22.0,4.0,88.0,4279.75,,2600.0,20.0,,,,,0.0,0,,,3,fd183cda-64d7-4787-9044-20debaf104a5,https://london-trader-6b45bffdcd02.herokuapp.com,wss://london-trader-6b45bffdcd02.herokuapp.com,,1,6,nh,non_gamified,human_only,0.0,0,15,"[8.0, 8.0, 20.0, 20.0, 4.0, 20.0, 4.0, 20.0, 0.0, 8.0, 8.0, 8.0, 8.0, 8.0, 4.0, 4.0, 20.0, 0.0, 0.0, 8.0, 4.0, 4.0, 4.0, 20.0, 8.0, 8.0, 0.0, 8.0, 4.0, 4.0]",65.0,65.0,7,skdclskt,,,,,0
18,2y2lzizt,,0,221,220,post_exp,FinalForProlific,2026-05-05 16:24:26.378109,1,,,4734.0,6,,0.0,8d9117f6-c825-440d-86c0-64b78e6ca745,4610.0,11.0,4.0,44.0,4654.0,,3800.0,10.0,,,,,0.0,0,,,3,fd183cda-64d7-4787-9044-20debaf104a5,https://london-trader-6b45bffdcd02.herokuapp.com,wss://london-trader-6b45bffdcd02.herokuapp.com,,1,6,nh,non_gamified,human_only,0.0,0,15,"[8.0, 8.0, 20.0, 20.0, 4.0, 20.0, 4.0, 20.0, 0.0, 8.0, 8.0, 8.0, 8.0, 8.0, 4.0, 4.0, 20.0, 0.0, 0.0, 8.0, 4.0, 4.0, 4.0, 20.0, 8.0, 8.0, 0.0, 8.0, 4.0, 4.0]",65.0,65.0,7,skdclskt,,,,,0
19,0qc91a5a,,0,221,220,post_exp,FinalForProlific,2026-05-05 16:24:26.388408,1,,,6523.0,1,,0.0,55c5cbcc-f638-40ab-a1b6-dbe37fa8f72a,4446.0,19.0,4.0,76.0,4522.0,,2600.0,20.0,,,,,0.0,0,,,4,761eb99e-1c3d-45b4-81f7-8e5171ffd767,https://london-trader-6b45bffdcd02.herokuapp.com,wss://london-trader-6b45bffdcd02.herokuapp.com,,1,6,nh,non_gamified,human_only,0.0,0,15,"[8.0, 8.0, 20.0, 20.0, 4.0, 20.0, 4.0, 20.0, 0.0, 8.0, 8.0, 8.0, 8.0, 8.0, 4.0, 4.0, 20.0, 0.0, 0.0, 8.0, 4.0, 4.0, 4.0, 20.0, 8.0, 8.0, 0.0, 8.0, 4.0, 4.0]",70.01,70.01,7,skdclskt,,,,,0
20,2vy9s3px,,0,221,220,post_exp,FinalForProlific,2026-05-05 16:24:26.408267,1,,,5050.0,2,,0.0,d0d3f9d6-0176-4278-9bff-7f8b809b6060,4150.0,16.0,4.0,64.0,4214.0,,3800.0,10.0,,,,,0.0,0,,,4,761eb99e-1c3d-45b4-81f7-8e5171ffd767,https://london-trader-6b45bffdcd02.herokuapp.com,wss://london-trader-6b45bffdcd02.herokuapp.com,,1,6,nh,non_gamified,human_only,0.0,0,15,"[8.0, 8.0, 20.0, 20.0, 4.0, 20.0, 4.0, 20.0, 0.0, 8.0, 8.0, 8.0, 8.0, 8.0, 4.0, 4.0, 20.0, 0.0, 0.0, 8.0, 4.0, 4.0, 4.0, 20.0, 8.0, 8.0, 0.0, 8.0, 4.0, 4.0]",70.01,70.01,7,skdclskt,,,,,0
21,87uw2jck,,0,221,220,post_exp,FinalForProlific,2026-05-05 16:24:26.421889,1,,,5633.0,3,,0.0,83ea937e-d412-4809-a354-3f08485f32fe,4627.01,16.0,4.0,64.0,4691.01,,2600.0,20.0,,,,,0.0,0,,,4,761eb99e-1c3d-45b4-81f7-8e5171ffd767,https://london-trader-6b45bffdcd02.herokuapp.com,wss://london-trader-6b45bffdcd02.herokuapp.com,,1,6,nh,non_gamified,human_only,0.0,0,15,"[8.0, 8.0, 20.0, 20.0, 4.0, 20.0, 4.0, 20.0, 0.0, 8.0, 8.0, 8.0, 8.0, 8.0, 4.0, 4.0, 20.0, 0.0, 0.0, 8.0, 4.0, 4.0, 4.0, 20.0, 8.0, 8.0, 0.0, 8.0, 4.0, 4.0]",70.01,70.01,7,skdclskt,,,,,0
22,3ftocepp,,0,221,220,post_exp,FinalForProlific,2026-05-05 16:24:26.437680,1,,,5815.0,4,,0.0,93e6dd41-cfb5-4bb9-975b-e548014b48e6,4955.0,8.0,4.0,32.0,4987.0,,3800.0,10.0,,,,,0.0,0,,,4,761eb99e-1c3d-45b4-81f7-8e5171ffd767,https://london-trader-6b45bffdcd02.herokuapp.com,wss://london-trader-6b45bffdcd02.herokuapp.com,,1,6,nh,non_gamified,human_only,0.0,0,15,"[8.0, 8.0, 20.0, 20.0, 4.0, 20.0, 4.0, 20.0, 0.0, 8.0, 8.0, 8.0, 8.0, 8.0, 4.0, 4.0, 20.0, 0.0, 0.0, 8.0, 4.0, 4.0, 4.0, 20.0, 8.0, 8.0, 0.0, 8.0, 4.0, 4.0]",70.01,70.01,7,skdclskt,,,,,0
23,xz3dh0k4,,0,221,220,post_exp,FinalForProlific,2026-05-05 16:24:26.453575,1,,,5047.0,5,,0.0,b5055fcc-e732-4b8e-bd98-e6bfe626b3db,3751.99,24.0,4.0,96.0,3847.99,,2600.0,20.0,,,,,0.0,0,,,4,761eb99e-1c3d-45b4-81f7-8e5171ffd767,https://london-trader-6b45bffdcd02.herokuapp.com,wss://london-trader-6b45bffdcd02.herokuapp.com,,1,6,nh,non_gamified,human_only,0.0,0,15,"[8.0, 8.0, 20.0, 20.0, 4.0, 20.0, 4.0, 20.0, 0.0, 8.0, 8.0, 8.0, 8.0, 8.0, 4.0, 4.0, 20.0, 0.0, 0.0, 8.0, 4.0, 4.0, 4.0, 20.0, 8.0, 8.0, 0.0, 8.0, 4.0, 4.0]",70.01,70.01,7,skdclskt,,,,,0
24,x7l4wbwx,,0,221,220,post_exp,FinalForProlific,2026-05-05 16:24:26.462816,1,,,5091.0,6,,0.0,18f4a824-eb92-48ce-a99f-c0cb78a57cf2,4510.0,11.0,4.0,44.0,4554.0,,3800.0,10.0,,,,,0.0,0,,,4,761eb99e-1c3d-45b4-81f7-8e5171ffd767,https://london-trader-6b45bffdcd02.herokuapp.com,wss://london-trader-6b45bffdcd02.herokuapp.com,,1,6,nh,non_gamified,human_only,0.0,0,15,"[8.0, 8.0, 20.0, 20.0, 4.0, 20.0, 4.0, 20.0, 0.0, 8.0, 8.0, 8.0, 8.0, 8.0, 4.0, 4.0, 20.0, 0.0, 0.0, 8.0, 4.0, 4.0, 4.0, 20.0, 8.0, 8.0, 0.0, 8.0, 4.0, 4.0]",70.01,70.01,7,skdclskt,,,,,0
1,9bv3gi2y,,0,221,220,post_exp,FinalForProlific,2026-05-05 16:24:25.907795,1,,,6097.0,1,,0.0,8f572d20-95a7-46ba-ba2a-8e808117b347,4506.0,16.0,20.0,320.0,4826.0,,2600.0,20.0,,,,,0.0,0,,,1,6f73b226-f3d6-453b-bec2-d4fe1457f0e7,https://london-trader-6b45bffdcd02.herokuapp.com,wss://london-trader-6b45bffdcd02.herokuapp.com,,1,6,gh,gamified,human_only,0.0,0,15,"[8.0, 8.0, 20.0, 20.0, 4.0, 20.0, 4.0, 20.0, 0.0, 8.0, 8.0, 8.0, 8.0, 8.0, 4.0, 4.0, 20.0, 0.0, 0.0, 8.0, 4.0, 4.0, 4.0, 20.0, 8.0, 8.0, 0.0, 8.0, 4.0, 4.0]",51.75,51.75,8,skdclskt,,,,,0
2,1tnknpce,,0,221,220,post_exp,FinalForProlific,2026-05-05 16:24:26.237055,1,,,4685.0,2,,0.0,0d49a0af-7711-49c1-a980-1ce4cb747f19,4362.5,9.0,20.0,180.0,4542.5,,3800.0,10.0,,,,,0.0,0,,,1,6f73b226-f3d6-453b-bec2-d4fe1457f0e7,https://london-trader-6b45bffdcd02.herokuapp.com,wss://london-trader-6b45bffdcd02.herokuapp.com,,1,6,gh,gamified,human_only,0.0,0,15,"[8.0, 8.0, 20.0, 20.0, 4.0, 20.0, 4.0, 20.0, 0.0, 8.0, 8.0, 8.0, 8.0, 8.0, 4.0, 4.0, 20.0, 0.0, 0.0, 8.0, 4.0, 4.0, 4.0, 20.0, 8.0, 8.0, 0.0, 8.0, 4.0, 4.0]",51.75,51.75,8,skdclskt,,,,,0
3,zkl94ida,,0,221,220,post_exp,FinalForProlific,2026-05-05 16:24:26.243811,1,,,7353.0,3,,0.0,261c9bee-da67-4d1d-8144-87becb48c51d,4420.99,37.0,20.0,740.0,5160.99,,2600.0,20.0,,,,,0.0,0,,,1,6f73b226-f3d6-453b-bec2-d4fe1457f0e7,https://london-trader-6b45bffdcd02.herokuapp.com,wss://london-trader-6b45bffdcd02.herokuapp.com,,1,6,gh,gamified,human_only,0.0,0,15,"[8.0, 8.0, 20.0, 20.0, 4.0, 20.0, 4.0, 20.0, 0.0, 8.0, 8.0, 8.0, 8.0, 8.0, 4.0, 4.0, 20.0, 0.0, 0.0, 8.0, 4.0, 4.0, 4.0, 20.0, 8.0, 8.0, 0.0, 8.0, 4.0, 4.0]",51.75,51.75,8,skdclskt,,,,,0
4,h7nk13vs,,0,221,220,post_exp,FinalForProlific,2026-05-05 16:24:26.249481,1,,,5148.0,4,,0.0,f1ebfa30-9819-4739-bb3e-139f3ebb772b,4461.6900000000005,7.0,20.0,140.0,4601.6900000000005,,3800.0,10.0,,,,,0.0,0,,,1,6f73b226-f3d6-453b-bec2-d4fe1457f0e7,https://london-trader-6b45bffdcd02.herokuapp.com,wss://london-trader-6b45bffdcd02.herokuapp.com,,1,6,gh,gamified,human_only,0.0,0,15,"[8.0, 8.0, 20.0, 20.0, 4.0, 20.0, 4.0, 20.0, 0.0, 8.0, 8.0, 8.0, 8.0, 8.0, 4.0, 4.0, 20.0, 0.0, 0.0, 8.0, 4.0, 4.0, 4.0, 20.0, 8.0, 8.0, 0.0, 8.0, 4.0, 4.0]",51.75,51.75,8,skdclskt,,,,,0
5,8rrxo8mh,,0,221,220,post_exp,FinalForProlific,2026-05-05 16:24:26.255568,1,,,5698.0,5,,0.0,239c3d76-053a-40ec-a8c7-ed2420592ca4,4441.62,19.0,20.0,380.0,4821.62,,2600.0,20.0,,,,,0.0,0,,,1,6f73b226-f3d6-453b-bec2-d4fe1457f0e7,https://london-trader-6b45bffdcd02.herokuapp.com,wss://london-trader-6b45bffdcd02.herokuapp.com,,1,6,gh,gamified,human_only,0.0,0,15,"[8.0, 8.0, 20.0, 20.0, 4.0, 20.0, 4.0, 20.0, 0.0, 8.0, 8.0, 8.0, 8.0, 8.0, 4.0, 4.0, 20.0, 0.0, 0.0, 8.0, 4.0, 4.0, 4.0, 20.0, 8.0, 8.0, 0.0, 8.0, 4.0, 4.0]",51.75,51.75,8,skdclskt,,,,,0
6,53wkzdsp,,0,221,220,post_exp,FinalForProlific,2026-05-05 16:24:26.261968,1,,,5089.0,6,,0.0,54ceb134-b66d-4f4f-8ffb-b677a3be5d9d,4755.2,4.0,20.0,80.0,4835.2,,3800.0,10.0,,,,,0.0,0,,,1,6f73b226-f3d6-453b-bec2-d4fe1457f0e7,https://london-trader-6b45bffdcd02.herokuapp.com,wss://london-trader-6b45bffdcd02.herokuapp.com,,1,6,gh,gamified,human_only,0.0,0,15,"[8.0, 8.0, 20.0, 20.0, 4.0, 20.0, 4.0, 20.0, 0.0, 8.0, 8.0, 8.0, 8.0, 8.0, 4.0, 4.0, 20.0, 0.0, 0.0, 8.0, 4.0, 4.0, 4.0, 20.0, 8.0, 8.0, 0.0, 8.0, 4.0, 4.0]",51.75,51.75,8,skdclskt,,,,,0
7,2tmxyq59,,0,221,220,post_exp,FinalForProlific,2026-05-05 16:24:26.267852,1,,,5570.0,1,,0.0,d9d68e96-849c-41c0-8094-a55ca3b3a355,4605.0,16.0,20.0,320.0,4925.0,,2600.0,20.0,,,,,0.0,0,,,2,07790da6-16e1-4c15-9884-8a76c7e84392,https://london-trader-6b45bffdcd02.herokuapp.com,wss://london-trader-6b45bffdcd02.herokuapp.com,,1,6,gh,gamified,human_only,0.0,0,15,"[8.0, 8.0, 20.0, 20.0, 4.0, 20.0, 4.0, 20.0, 0.0, 8.0, 8.0, 8.0, 8.0, 8.0, 4.0, 4.0, 20.0, 0.0, 0.0, 8.0, 4.0, 4.0, 4.0, 20.0, 8.0, 8.0, 0.0, 8.0, 4.0, 4.0]",105.0,105.0,8,skdclskt,,,,,0
8,klvgct3w,,0,221,220,post_exp,FinalForProlific,2026-05-05 16:24:26.277407,1,,,5086.0,2,,0.0,c97d7d05-3010-4231-8b4c-ad5e9ce763a8,4968.0,7.0,20.0,140.0,5108.0,,3800.0,10.0,,,,,0.0,0,,,2,07790da6-16e1-4c15-9884-8a76c7e84392,https://london-trader-6b45bffdcd02.herokuapp.com,wss://london-trader-6b45bffdcd02.herokuapp.com,,1,6,gh,gamified,human_only,0.0,0,15,"[8.0, 8.0, 20.0, 20.0, 4.0, 20.0, 4.0, 20.0, 0.0, 8.0, 8.0, 8.0, 8.0, 8.0, 4.0, 4.0, 20.0, 0.0, 0.0, 8.0, 4.0, 4.0, 4.0, 20.0, 8.0, 8.0, 0.0, 8.0, 4.0, 4.0]",105.0,105.0,8,skdclskt,,,,,0
9,fa5fpl4w,,0,221,220,post_exp,FinalForProlific,2026-05-05 16:24:26.284184,1,,,5251.0,3,,0.0,804b1c25-e400-485b-a0e0-2371a4903700,4123.0,22.0,20.0,440.0,4563.0,,2600.0,20.0,,,,,0.0,0,,,2,07790da6-16e1-4c15-9884-8a76c7e84392,https://london-trader-6b45bffdcd02.herokuapp.com,wss://london-trader-6b45bffdcd02.herokuapp.com,,1,6,gh,gamified,human_only,0.0,0,15,"[8.0, 8.0, 20.0, 20.0, 4.0, 20.0, 4.0, 20.0, 0.0, 8.0, 8.0, 8.0, 8.0, 8.0, 4.0, 4.0, 20.0, 0.0, 0.0, 8.0, 4.0, 4.0, 4.0, 20.0, 8.0, 8.0, 0.0, 8.0, 4.0, 4.0]",105.0,105.0,8,skdclskt,,,,,0
10,0sa5xwid,,0,221,220,post_exp,FinalForProlific,2026-05-05 16:24:26.290374,1,,,5140.0,4,,0.0,7b242fc9-bd1b-4836-a718-b85e1c1a176b,4570.0,13.0,20.0,260.0,4830.0,,3800.0,10.0,,,,,0.0,0,,,2,07790da6-16e1-4c15-9884-8a76c7e84392,https://london-trader-6b45bffdcd02.herokuapp.com,wss://london-trader-6b45bffdcd02.herokuapp.com,,1,6,gh,gamified,human_only,0.0,0,15,"[8.0, 8.0, 20.0, 20.0, 4.0, 20.0, 4.0, 20.0, 0.0, 8.0, 8.0, 8.0, 8.0, 8.0, 4.0, 4.0, 20.0, 0.0, 0.0, 8.0, 4.0, 4.0, 4.0, 20.0, 8.0, 8.0, 0.0, 8.0, 4.0, 4.0]",105.0,105.0,8,skdclskt,,,,,0
11,w5nuyib0,,0,221,220,post_exp,FinalForProlific,2026-05-05 16:24:26.299295,1,,,4813.0,5,,0.0,29625c5b-f726-4de1-8b9e-9c49743b4cab,4119.0,21.0,20.0,420.0,4539.0,,2600.0,20.0,,,,,0.0,0,,,2,07790da6-16e1-4c15-9884-8a76c7e84392,https://london-trader-6b45bffdcd02.herokuapp.com,wss://london-trader-6b45bffdcd02.herokuapp.com,,1,6,gh,gamified,human_only,0.0,0,15,"[8.0, 8.0, 20.0, 20.0, 4.0, 20.0, 4.0, 20.0, 0.0, 8.0, 8.0, 8.0, 8.0, 8.0, 4.0, 4.0, 20.0, 0.0, 0.0, 8.0, 4.0, 4.0, 4.0, 20.0, 8.0, 8.0, 0.0, 8.0, 4.0, 4.0]",105.0,105.0,8,skdclskt,,,,,0
12,s1twfhpt,,0,221,220,post_exp,FinalForProlific,2026-05-05 16:24:26.305361,1,,,4871.0,6,,0.0,4b51a285-57d1-4d32-aa02-d36f8179ed63,4443.0,13.0,20.0,260.0,4703.0,,3800.0,10.0,,,,,0.0,0,,,2,07790da6-16e1-4c15-9884-8a76c7e84392,https://london-trader-6b45bffdcd02.herokuapp.com,wss://london-trader-6b45bffdcd02.herokuapp.com,,1,6,gh,gamified,human_only,0.0,0,15,"[8.0, 8.0, 20.0, 20.0, 4.0, 20.0, 4.0, 20.0, 0.0, 8.0, 8.0, 8.0, 8.0, 8.0, 4.0, 4.0, 20.0, 0.0, 0.0, 8.0, 4.0, 4.0, 4.0, 20.0, 8.0, 8.0, 0.0, 8.0, 4.0, 4.0]",105.0,105.0,8,skdclskt,,,,,0
13,tqeatlds,,0,221,220,post_exp,FinalForProlific,2026-05-05 16:24:26.312482,1,,,5561.0,1,,0.0,28c69508-f4f9-4c0e-a6a0-a4d5b22b7830,4377.12,15.0,20.0,300.0,4677.12,,2600.0,20.0,,,,,0.0,0,,,3,fd183cda-64d7-4787-9044-20debaf104a5,https://london-trader-6b45bffdcd02.herokuapp.com,wss://london-trader-6b45bffdcd02.herokuapp.com,,1,6,nh,non_gamified,human_only,0.0,0,15,"[8.0, 8.0, 20.0, 20.0, 4.0, 20.0, 4.0, 20.0, 0.0, 8.0, 8.0, 8.0, 8.0, 8.0, 4.0, 4.0, 20.0, 0.0, 0.0, 8.0, 4.0, 4.0, 4.0, 20.0, 8.0, 8.0, 0.0, 8.0, 4.0, 4.0]",66.0,66.0,8,skdclskt,,,,,0
14,nu7ykbgx,,0,221,220,post_exp,FinalForProlific,2026-05-05 16:24:26.328130,1,,,5985.0,2,,0.0,240f44aa-0d38-416e-a4df-3e0d3cc49536,4491.75,15.0,20.0,300.0,4791.75,,3800.0,10.0,,,,,0.0,0,,,3,fd183cda-64d7-4787-9044-20debaf104a5,https://london-trader-6b45bffdcd02.herokuapp.com,wss://london-trader-6b45bffdcd02.herokuapp.com,,1,6,nh,non_gamified,human_only,0.0,0,15,"[8.0, 8.0, 20.0, 20.0, 4.0, 20.0, 4.0, 20.0, 0.0, 8.0, 8.0, 8.0, 8.0, 8.0, 4.0, 4.0, 20.0, 0.0, 0.0, 8.0, 4.0, 4.0, 4.0, 20.0, 8.0, 8.0, 0.0, 8.0, 4.0, 4.0]",66.0,66.0,8,skdclskt,,,,,0
15,su76nhj9,,0,221,220,post_exp,FinalForProlific,2026-05-05 16:24:26.343041,1,,,5506.0,3,,0.0,9386577d-20fa-4927-a27d-261b95e06a71,4332.88,18.0,20.0,360.0,4692.88,,2600.0,20.0,,,,,0.0,0,,,3,fd183cda-64d7-4787-9044-20debaf104a5,https://london-trader-6b45bffdcd02.herokuapp.com,wss://london-trader-6b45bffdcd02.herokuapp.com,,1,6,nh,non_gamified,human_only,0.0,0,15,"[8.0, 8.0, 20.0, 20.0, 4.0, 20.0, 4.0, 20.0, 0.0, 8.0, 8.0, 8.0, 8.0, 8.0, 4.0, 4.0, 20.0, 0.0, 0.0, 8.0, 4.0, 4.0, 4.0, 20.0, 8.0, 8.0, 0.0, 8.0, 4.0, 4.0]",66.0,66.0,8,skdclskt,,,,,0
16,c2m857p1,,0,221,220,post_exp,FinalForProlific,2026-05-05 16:24:26.356865,1,,,5566.0,4,,0.0,ec5338be-31ec-409f-8fe0-d044c43f333a,4854.5,11.0,20.0,220.0,5074.5,,3800.0,10.0,,,,,0.0,0,,,3,fd183cda-64d7-4787-9044-20debaf104a5,https://london-trader-6b45bffdcd02.herokuapp.com,wss://london-trader-6b45bffdcd02.herokuapp.com,,1,6,nh,non_gamified,human_only,0.0,0,15,"[8.0, 8.0, 20.0, 20.0, 4.0, 20.0, 4.0, 20.0, 0.0, 8.0, 8.0, 8.0, 8.0, 8.0, 4.0, 4.0, 20.0, 0.0, 0.0, 8.0, 4.0, 4.0, 4.0, 20.0, 8.0, 8.0, 0.0, 8.0, 4.0, 4.0]",66.0,66.0,8,skdclskt,,,,,0
17,r6xuxcar,,0,221,220,post_exp,FinalForProlific,2026-05-05 16:24:26.366557,1,,,4396.0,5,,0.0,af4b90ba-123e-40d8-8867-b4991469cd39,4214.75,22.0,20.0,440.0,4654.75,,2600.0,20.0,,,,,0.0,0,,,3,fd183cda-64d7-4787-9044-20debaf104a5,https://london-trader-6b45bffdcd02.herokuapp.com,wss://london-trader-6b45bffdcd02.herokuapp.com,,1,6,nh,non_gamified,human_only,0.0,0,15,"[8.0, 8.0, 20.0, 20.0, 4.0, 20.0, 4.0, 20.0, 0.0, 8.0, 8.0, 8.0, 8.0, 8.0, 4.0, 4.0, 20.0, 0.0, 0.0, 8.0, 4.0, 4.0, 4.0, 20.0, 8.0, 8.0, 0.0, 8.0, 4.0, 4.0]",66.0,66.0,8,skdclskt,,,,,0
18,2y2lzizt,,0,221,220,post_exp,FinalForProlific,2026-05-05 16:24:26.378109,1,,,4734.0,6,,0.0,8d9117f6-c825-440d-86c0-64b78e6ca745,4589.0,12.0,20.0,240.0,4829.0,,3800.0,10.0,,,,,0.0,0,,,3,fd183cda-64d7-4787-9044-20debaf104a5,https://london-trader-6b45bffdcd02.herokuapp.com,wss://london-trader-6b45bffdcd02.herokuapp.com,,1,6,nh,non_gamified,human_only,0.0,0,15,"[8.0, 8.0, 20.0, 20.0, 4.0, 20.0, 4.0, 20.0, 0.0, 8.0, 8.0, 8.0, 8.0, 8.0, 4.0, 4.0, 20.0, 0.0, 0.0, 8.0, 4.0, 4.0, 4.0, 20.0, 8.0, 8.0, 0.0, 8.0, 4.0, 4.0]",66.0,66.0,8,skdclskt,,,,,0
19,0qc91a5a,,0,221,220,post_exp,FinalForProlific,2026-05-05 16:24:26.388408,1,,,6523.0,1,,0.0,55c5cbcc-f638-40ab-a1b6-dbe37fa8f72a,4462.0,19.0,20.0,380.0,4842.0,,2600.0,20.0,,,,,0.0,0,,,4,761eb99e-1c3d-45b4-81f7-8e5171ffd767,https://london-trader-6b45bffdcd02.herokuapp.com,wss://london-trader-6b45bffdcd02.herokuapp.com,,1,6,nh,non_gamified,human_only,0.0,0,15,"[8.0, 8.0, 20.0, 20.0, 4.0, 20.0, 4.0, 20.0, 0.0, 8.0, 8.0, 8.0, 8.0, 8.0, 4.0, 4.0, 20.0, 0.0, 0.0, 8.0, 4.0, 4.0, 4.0, 20.0, 8.0, 8.0, 0.0, 8.0, 4.0, 4.0]",53.0,53.0,8,skdclskt,,,,,0
20,2vy9s3px,,0,221,220,post_exp,FinalForProlific,2026-05-05 16:24:26.408267,1,,,5050.0,2,,0.0,d0d3f9d6-0176-4278-9bff-7f8b809b6060,3975.0,20.0,20.0,400.0,4375.0,,3800.0,10.0,,,,,0.0,0,,,4,761eb99e-1c3d-45b4-81f7-8e5171ffd767,https://london-trader-6b45bffdcd02.herokuapp.com,wss://london-trader-6b45bffdcd02.herokuapp.com,,1,6,nh,non_gamified,human_only,0.0,0,15,"[8.0, 8.0, 20.0, 20.0, 4.0, 20.0, 4.0, 20.0, 0.0, 8.0, 8.0, 8.0, 8.0, 8.0, 4.0, 4.0, 20.0, 0.0, 0.0, 8.0, 4.0, 4.0, 4.0, 20.0, 8.0, 8.0, 0.0, 8.0, 4.0, 4.0]",53.0,53.0,8,skdclskt,,,,,0
21,87uw2jck,,0,221,220,post_exp,FinalForProlific,2026-05-05 16:24:26.421889,1,,,5633.0,3,,0.0,83ea937e-d412-4809-a354-3f08485f32fe,4522.01,19.0,20.0,380.0,4902.01,,2600.0,20.0,,,,,0.0,0,,,4,761eb99e-1c3d-45b4-81f7-8e5171ffd767,https://london-trader-6b45bffdcd02.herokuapp.com,wss://london-trader-6b45bffdcd02.herokuapp.com,,1,6,nh,non_gamified,human_only,0.0,0,15,"[8.0, 8.0, 20.0, 20.0, 4.0, 20.0, 4.0, 20.0, 0.0, 8.0, 8.0, 8.0, 8.0, 8.0, 4.0, 4.0, 20.0, 0.0, 0.0, 8.0, 4.0, 4.0, 4.0, 20.0, 8.0, 8.0, 0.0, 8.0, 4.0, 4.0]",53.0,53.0,8,skdclskt,,,,,0
22,3ftocepp,,0,221,220,post_exp,FinalForProlific,2026-05-05 16:24:26.437680,1,,,5815.0,4,,0.0,93e6dd41-cfb5-4bb9-975b-e548014b48e6,5265.0,6.0,20.0,120.0,5385.0,,3800.0,10.0,,,,,0.0,0,,,4,761eb99e-1c3d-45b4-81f7-8e5171ffd767,https://london-trader-6b45bffdcd02.herokuapp.com,wss://london-trader-6b45bffdcd02.herokuapp.com,,1,6,nh,non_gamified,human_only,0.0,0,15,"[8.0, 8.0, 20.0, 20.0, 4.0, 20.0, 4.0, 20.0, 0.0, 8.0, 8.0, 8.0, 8.0, 8.0, 4.0, 4.0, 20.0, 0.0, 0.0, 8.0, 4.0, 4.0, 4.0, 20.0, 8.0, 8.0, 0.0, 8.0, 4.0, 4.0]",53.0,53.0,8,skdclskt,,,,,0
23,xz3dh0k4,,0,221,220,post_exp,FinalForProlific,2026-05-05 16:24:26.453575,1,,,5047.0,5,,0.0,b5055fcc-e732-4b8e-bd98-e6bfe626b3db,3937.99,21.0,20.0,420.0,4357.99,,2600.0,20.0,,,,,0.0,0,,,4,761eb99e-1c3d-45b4-81f7-8e5171ffd767,https://london-trader-6b45bffdcd02.herokuapp.com,wss://london-trader-6b45bffdcd02.herokuapp.com,,1,6,nh,non_gamified,human_only,0.0,0,15,"[8.0, 8.0, 20.0, 20.0, 4.0, 20.0, 4.0, 20.0, 0.0, 8.0, 8.0, 8.0, 8.0, 8.0, 4.0, 4.0, 20.0, 0.0, 0.0, 8.0, 4.0, 4.0, 4.0, 20.0, 8.0, 8.0, 0.0, 8.0, 4.0, 4.0]",53.0,53.0,8,skdclskt,,,,,0
24,x7l4wbwx,,0,221,220,post_exp,FinalForProlific,2026-05-05 16:24:26.462816,1,,,5091.0,6,,0.0,18f4a824-eb92-48ce-a99f-c0cb78a57cf2,4654.0,10.0,20.0,200.0,4854.0,,3800.0,10.0,,,,,0.0,0,,,4,761eb99e-1c3d-45b4-81f7-8e5171ffd767,https://london-trader-6b45bffdcd02.herokuapp.com,wss://london-trader-6b45bffdcd02.herokuapp.com,,1,6,nh,non_gamified,human_only,0.0,0,15,"[8.0, 8.0, 20.0, 20.0, 4.0, 20.0, 4.0, 20.0, 0.0, 8.0, 8.0, 8.0, 8.0, 8.0, 4.0, 4.0, 20.0, 0.0, 0.0, 8.0, 4.0, 4.0, 4.0, 20.0, 8.0, 8.0, 0.0, 8.0, 4.0, 4.0]",53.0,53.0,8,skdclskt,,,,,0
1,9bv3gi2y,,0,221,220,post_exp,FinalForProlific,2026-05-05 16:24:25.907795,1,,,6097.0,1,,0.0,8f572d20-95a7-46ba-ba2a-8e808117b347,4836.0,17.0,0.0,0.0,4836.0,,2600.0,20.0,49.0,3,"{""forecast_price_next_day"":49,""forecast_confidence_next_day"":3}",45.25,0.0,1,,,1,6f73b226-f3d6-453b-bec2-d4fe1457f0e7,https://london-trader-6b45bffdcd02.herokuapp.com,wss://london-trader-6b45bffdcd02.herokuapp.com,,1,6,gh,gamified,human_only,0.0,0,15,"[8.0, 8.0, 20.0, 20.0, 4.0, 20.0, 4.0, 20.0, 0.0, 8.0, 8.0, 8.0, 8.0, 8.0, 4.0, 4.0, 20.0, 0.0, 0.0, 8.0, 4.0, 4.0, 4.0, 20.0, 8.0, 8.0, 0.0, 8.0, 4.0, 4.0]",51.5,51.5,9,skdclskt,,,,,0
2,1tnknpce,,0,221,220,post_exp,FinalForProlific,2026-05-05 16:24:26.237055,1,,,4685.0,2,,0.0,0d49a0af-7711-49c1-a980-1ce4cb747f19,4584.5,8.0,0.0,0.0,4584.5,,3800.0,10.0,0.0,0,,45.25,0.0,1,,,1,6f73b226-f3d6-453b-bec2-d4fe1457f0e7,https://london-trader-6b45bffdcd02.herokuapp.com,wss://london-trader-6b45bffdcd02.herokuapp.com,,1,6,gh,gamified,human_only,0.0,0,15,"[8.0, 8.0, 20.0, 20.0, 4.0, 20.0, 4.0, 20.0, 0.0, 8.0, 8.0, 8.0, 8.0, 8.0, 4.0, 4.0, 20.0, 0.0, 0.0, 8.0, 4.0, 4.0, 4.0, 20.0, 8.0, 8.0, 0.0, 8.0, 4.0, 4.0]",51.5,51.5,9,skdclskt,,,,,0
3,zkl94ida,,0,221,220,post_exp,FinalForProlific,2026-05-05 16:24:26.243811,1,,,7353.0,3,,0.0,261c9bee-da67-4d1d-8144-87becb48c51d,5317.49,37.0,0.0,0.0,5317.49,,2600.0,20.0,60.0,1,"{""forecast_price_next_day"":60,""forecast_confidence_next_day"":1}",45.25,0.0,1,,,1,6f73b226-f3d6-453b-bec2-d4fe1457f0e7,https://london-trader-6b45bffdcd02.herokuapp.com,wss://london-trader-6b45bffdcd02.herokuapp.com,,1,6,gh,gamified,human_only,0.0,0,15,"[8.0, 8.0, 20.0, 20.0, 4.0, 20.0, 4.0, 20.0, 0.0, 8.0, 8.0, 8.0, 8.0, 8.0, 4.0, 4.0, 20.0, 0.0, 0.0, 8.0, 4.0, 4.0, 4.0, 20.0, 8.0, 8.0, 0.0, 8.0, 4.0, 4.0]",51.5,51.5,9,skdclskt,,,,,0
4,h7nk13vs,,0,221,220,post_exp,FinalForProlific,2026-05-05 16:24:26.249481,1,,,5148.0,4,,0.0,f1ebfa30-9819-4739-bb3e-139f3ebb772b,4357.4400000000005,13.0,0.0,0.0,4357.4400000000005,,3800.0,10.0,15.0,3,"{""forecast_price_next_day"":15,""forecast_confidence_next_day"":3}",45.25,0.0,1,,,1,6f73b226-f3d6-453b-bec2-d4fe1457f0e7,https://london-trader-6b45bffdcd02.herokuapp.com,wss://london-trader-6b45bffdcd02.herokuapp.com,,1,6,gh,gamified,human_only,0.0,0,15,"[8.0, 8.0, 20.0, 20.0, 4.0, 20.0, 4.0, 20.0, 0.0, 8.0, 8.0, 8.0, 8.0, 8.0, 4.0, 4.0, 20.0, 0.0, 0.0, 8.0, 4.0, 4.0, 4.0, 20.0, 8.0, 8.0, 0.0, 8.0, 4.0, 4.0]",51.5,51.5,9,skdclskt,,,,,0
5,8rrxo8mh,,0,221,220,post_exp,FinalForProlific,2026-05-05 16:24:26.255568,1,,,5698.0,5,,0.0,239c3d76-053a-40ec-a8c7-ed2420592ca4,4751.37,21.0,0.0,0.0,4751.37,,2600.0,20.0,49.0,4,"{""forecast_price_next_day"":49,""forecast_confidence_next_day"":4}",45.25,0.0,1,,,1,6f73b226-f3d6-453b-bec2-d4fe1457f0e7,https://london-trader-6b45bffdcd02.herokuapp.com,wss://london-trader-6b45bffdcd02.herokuapp.com,,1,6,gh,gamified,human_only,0.0,0,15,"[8.0, 8.0, 20.0, 20.0, 4.0, 20.0, 4.0, 20.0, 0.0, 8.0, 8.0, 8.0, 8.0, 8.0, 4.0, 4.0, 20.0, 0.0, 0.0, 8.0, 4.0, 4.0, 4.0, 20.0, 8.0, 8.0, 0.0, 8.0, 4.0, 4.0]",51.5,51.5,9,skdclskt,,,,,0
6,53wkzdsp,,0,221,220,post_exp,FinalForProlific,2026-05-05 16:24:26.261968,1,,,5089.0,6,,0.0,54ceb134-b66d-4f4f-8ffb-b677a3be5d9d,4941.2,4.0,0.0,0.0,4941.2,,3800.0,10.0,40.0,3,"{""forecast_price_next_day"":40,""forecast_confidence_next_day"":3}",45.25,0.0,1,,,1,6f73b226-f3d6-453b-bec2-d4fe1457f0e7,https://london-trader-6b45bffdcd02.herokuapp.com,wss://london-trader-6b45bffdcd02.herokuapp.com,,1,6,gh,gamified,human_only,0.0,0,15,"[8.0, 8.0, 20.0, 20.0, 4.0, 20.0, 4.0, 20.0, 0.0, 8.0, 8.0, 8.0, 8.0, 8.0, 4.0, 4.0, 20.0, 0.0, 0.0, 8.0, 4.0, 4.0, 4.0, 20.0, 8.0, 8.0, 0.0, 8.0, 4.0, 4.0]",51.5,51.5,9,skdclskt,,,,,0
7,2tmxyq59,,0,221,220,post_exp,FinalForProlific,2026-05-05 16:24:26.267852,1,,,5570.0,1,,0.0,d9d68e96-849c-41c0-8094-a55ca3b3a355,5115.0,14.0,0.0,0.0,5115.0,,2600.0,20.0,93.0,4,"{""forecast_price_next_day"":93,""forecast_confidence_next_day"":4}",110.0,0.0,1,,,2,07790da6-16e1-4c15-9884-8a76c7e84392,https://london-trader-6b45bffdcd02.herokuapp.com,wss://london-trader-6b45bffdcd02.herokuapp.com,,1,6,gh,gamified,human_only,0.0,0,15,"[8.0, 8.0, 20.0, 20.0, 4.0, 20.0, 4.0, 20.0, 0.0, 8.0, 8.0, 8.0, 8.0, 8.0, 4.0, 4.0, 20.0, 0.0, 0.0, 8.0, 4.0, 4.0, 4.0, 20.0, 8.0, 8.0, 0.0, 8.0, 4.0, 4.0]",95.0,95.0,9,skdclskt,,,,,0
8,klvgct3w,,0,221,220,post_exp,FinalForProlific,2026-05-05 16:24:26.277407,1,,,5086.0,2,,0.0,c97d7d05-3010-4231-8b4c-ad5e9ce763a8,5108.0,7.0,0.0,0.0,5108.0,,3800.0,10.0,125.0,4,"{""forecast_confidence_next_day"":4,""forecast_price_next_day"":125}",110.0,0.0,1,,,2,07790da6-16e1-4c15-9884-8a76c7e84392,https://london-trader-6b45bffdcd02.herokuapp.com,wss://london-trader-6b45bffdcd02.herokuapp.com,,1,6,gh,gamified,human_only,0.0,0,15,"[8.0, 8.0, 20.0, 20.0, 4.0, 20.0, 4.0, 20.0, 0.0, 8.0, 8.0, 8.0, 8.0, 8.0, 4.0, 4.0, 20.0, 0.0, 0.0, 8.0, 4.0, 4.0, 4.0, 20.0, 8.0, 8.0, 0.0, 8.0, 4.0, 4.0]",95.0,95.0,9,skdclskt,,,,,0
9,fa5fpl4w,,0,221,220,post_exp,FinalForProlific,2026-05-05 16:24:26.284184,1,,,5251.0,3,,0.0,804b1c25-e400-485b-a0e0-2371a4903700,4563.0,22.0,0.0,0.0,4563.0,,2600.0,20.0,0.0,0,,110.0,0.0,1,,,2,07790da6-16e1-4c15-9884-8a76c7e84392,https://london-trader-6b45bffdcd02.herokuapp.com,wss://london-trader-6b45bffdcd02.herokuapp.com,,1,6,gh,gamified,human_only,0.0,0,15,"[8.0, 8.0, 20.0, 20.0, 4.0, 20.0, 4.0, 20.0, 0.0, 8.0, 8.0, 8.0, 8.0, 8.0, 4.0, 4.0, 20.0, 0.0, 0.0, 8.0, 4.0, 4.0, 4.0, 20.0, 8.0, 8.0, 0.0, 8.0, 4.0, 4.0]",95.0,95.0,9,skdclskt,,,,,0
10,0sa5xwid,,0,221,220,post_exp,FinalForProlific,2026-05-05 16:24:26.290374,1,,,5140.0,4,,0.0,7b242fc9-bd1b-4836-a718-b85e1c1a176b,4745.0,14.0,0.0,0.0,4745.0,,3800.0,10.0,116.0,2,"{""forecast_price_next_day"":116,""forecast_confidence_next_day"":2}",110.0,0.0,1,,,2,07790da6-16e1-4c15-9884-8a76c7e84392,https://london-trader-6b45bffdcd02.herokuapp.com,wss://london-trader-6b45bffdcd02.herokuapp.com,,1,6,gh,gamified,human_only,0.0,0,15,"[8.0, 8.0, 20.0, 20.0, 4.0, 20.0, 4.0, 20.0, 0.0, 8.0, 8.0, 8.0, 8.0, 8.0, 4.0, 4.0, 20.0, 0.0, 0.0, 8.0, 4.0, 4.0, 4.0, 20.0, 8.0, 8.0, 0.0, 8.0, 4.0, 4.0]",95.0,95.0,9,skdclskt,,,,,0
11,w5nuyib0,,0,221,220,post_exp,FinalForProlific,2026-05-05 16:24:26.299295,1,,,4813.0,5,,0.0,29625c5b-f726-4de1-8b9e-9c49743b4cab,4546.0,23.0,0.0,0.0,4546.0,,2600.0,20.0,167.0,3,"{""forecast_price_next_day"":167,""forecast_confidence_next_day"":3}",110.0,0.0,1,,,2,07790da6-16e1-4c15-9884-8a76c7e84392,https://london-trader-6b45bffdcd02.herokuapp.com,wss://london-trader-6b45bffdcd02.herokuapp.com,,1,6,gh,gamified,human_only,0.0,0,15,"[8.0, 8.0, 20.0, 20.0, 4.0, 20.0, 4.0, 20.0, 0.0, 8.0, 8.0, 8.0, 8.0, 8.0, 4.0, 4.0, 20.0, 0.0, 0.0, 8.0, 4.0, 4.0, 4.0, 20.0, 8.0, 8.0, 0.0, 8.0, 4.0, 4.0]",95.0,95.0,9,skdclskt,,,,,0
12,s1twfhpt,,0,221,220,post_exp,FinalForProlific,2026-05-05 16:24:26.305361,1,,,4871.0,6,,0.0,4b51a285-57d1-4d32-aa02-d36f8179ed63,4591.0,14.0,0.0,0.0,4591.0,,3800.0,10.0,110.0,4,"{""forecast_price_next_day"":110,""forecast_confidence_next_day"":4}",110.0,20.0,1,,,2,07790da6-16e1-4c15-9884-8a76c7e84392,https://london-trader-6b45bffdcd02.herokuapp.com,wss://london-trader-6b45bffdcd02.herokuapp.com,,1,6,gh,gamified,human_only,0.0,0,15,"[8.0, 8.0, 20.0, 20.0, 4.0, 20.0, 4.0, 20.0, 0.0, 8.0, 8.0, 8.0, 8.0, 8.0, 4.0, 4.0, 20.0, 0.0, 0.0, 8.0, 4.0, 4.0, 4.0, 20.0, 8.0, 8.0, 0.0, 8.0, 4.0, 4.0]",95.0,95.0,9,skdclskt,,,,,0
13,tqeatlds,,0,221,220,post_exp,FinalForProlific,2026-05-05 16:24:26.312482,1,,,5561.0,1,,0.0,28c69508-f4f9-4c0e-a6a0-a4d5b22b7830,4738.12,14.0,0.0,0.0,4738.12,,2600.0,20.0,65.0,3,"{""forecast_price_next_day"":65.25,""forecast_confidence_next_day"":3}",64.0,20.0,1,,,3,fd183cda-64d7-4787-9044-20debaf104a5,https://london-trader-6b45bffdcd02.herokuapp.com,wss://london-trader-6b45bffdcd02.herokuapp.com,,1,6,nh,non_gamified,human_only,0.0,0,15,"[8.0, 8.0, 20.0, 20.0, 4.0, 20.0, 4.0, 20.0, 0.0, 8.0, 8.0, 8.0, 8.0, 8.0, 4.0, 4.0, 20.0, 0.0, 0.0, 8.0, 4.0, 4.0, 4.0, 20.0, 8.0, 8.0, 0.0, 8.0, 4.0, 4.0]",61.5,61.5,9,skdclskt,,,,,0
14,nu7ykbgx,,0,221,220,post_exp,FinalForProlific,2026-05-05 16:24:26.328130,1,,,5985.0,2,,0.0,240f44aa-0d38-416e-a4df-3e0d3cc49536,4858.25,15.0,0.0,0.0,4858.25,,3800.0,10.0,55.0,4,"{""forecast_price_next_day"":55,""forecast_confidence_next_day"":4}",64.0,0.0,1,,,3,fd183cda-64d7-4787-9044-20debaf104a5,https://london-trader-6b45bffdcd02.herokuapp.com,wss://london-trader-6b45bffdcd02.herokuapp.com,,1,6,nh,non_gamified,human_only,0.0,0,15,"[8.0, 8.0, 20.0, 20.0, 4.0, 20.0, 4.0, 20.0, 0.0, 8.0, 8.0, 8.0, 8.0, 8.0, 4.0, 4.0, 20.0, 0.0, 0.0, 8.0, 4.0, 4.0, 4.0, 20.0, 8.0, 8.0, 0.0, 8.0, 4.0, 4.0]",61.5,61.5,9,skdclskt,,,,,0
15,su76nhj9,,0,221,220,post_exp,FinalForProlific,2026-05-05 16:24:26.343041,1,,,5506.0,3,,0.0,9386577d-20fa-4927-a27d-261b95e06a71,4631.88,17.0,0.0,0.0,4631.88,,2600.0,20.0,75.0,3,"{""forecast_confidence_next_day"":3,""forecast_price_next_day"":74.5}",64.0,0.0,1,,,3,fd183cda-64d7-4787-9044-20debaf104a5,https://london-trader-6b45bffdcd02.herokuapp.com,wss://london-trader-6b45bffdcd02.herokuapp.com,,1,6,nh,non_gamified,human_only,0.0,0,15,"[8.0, 8.0, 20.0, 20.0, 4.0, 20.0, 4.0, 20.0, 0.0, 8.0, 8.0, 8.0, 8.0, 8.0, 4.0, 4.0, 20.0, 0.0, 0.0, 8.0, 4.0, 4.0, 4.0, 20.0, 8.0, 8.0, 0.0, 8.0, 4.0, 4.0]",61.5,61.5,9,skdclskt,,,,,0
16,c2m857p1,,0,221,220,post_exp,FinalForProlific,2026-05-05 16:24:26.356865,1,,,5566.0,4,,0.0,ec5338be-31ec-409f-8fe0-d044c43f333a,5008.0,12.0,0.0,0.0,5008.0,,3800.0,10.0,65.0,2,"{""forecast_price_next_day"":65,""forecast_confidence_next_day"":2}",64.0,20.0,1,,,3,fd183cda-64d7-4787-9044-20debaf104a5,https://london-trader-6b45bffdcd02.herokuapp.com,wss://london-trader-6b45bffdcd02.herokuapp.com,,1,6,nh,non_gamified,human_only,0.0,0,15,"[8.0, 8.0, 20.0, 20.0, 4.0, 20.0, 4.0, 20.0, 0.0, 8.0, 8.0, 8.0, 8.0, 8.0, 4.0, 4.0, 20.0, 0.0, 0.0, 8.0, 4.0, 4.0, 4.0, 20.0, 8.0, 8.0, 0.0, 8.0, 4.0, 4.0]",61.5,61.5,9,skdclskt,,,,,0
17,r6xuxcar,,0,221,220,post_exp,FinalForProlific,2026-05-05 16:24:26.366557,1,,,4396.0,5,,0.0,af4b90ba-123e-40d8-8867-b4991469cd39,4716.25,21.0,0.0,0.0,4716.25,,2600.0,20.0,65.0,4,"{""forecast_price_next_day"":65,""forecast_confidence_next_day"":4}",64.0,20.0,1,,,3,fd183cda-64d7-4787-9044-20debaf104a5,https://london-trader-6b45bffdcd02.herokuapp.com,wss://london-trader-6b45bffdcd02.herokuapp.com,,1,6,nh,non_gamified,human_only,0.0,0,15,"[8.0, 8.0, 20.0, 20.0, 4.0, 20.0, 4.0, 20.0, 0.0, 8.0, 8.0, 8.0, 8.0, 8.0, 4.0, 4.0, 20.0, 0.0, 0.0, 8.0, 4.0, 4.0, 4.0, 20.0, 8.0, 8.0, 0.0, 8.0, 4.0, 4.0]",61.5,61.5,9,skdclskt,,,,,0
18,2y2lzizt,,0,221,220,post_exp,FinalForProlific,2026-05-05 16:24:26.378109,1,,,4734.0,6,,0.0,8d9117f6-c825-440d-86c0-64b78e6ca745,4767.5,13.0,0.0,0.0,4767.5,,3800.0,10.0,66.0,2,"{""forecast_price_next_day"":66,""forecast_confidence_next_day"":2}",64.0,20.0,1,,,3,fd183cda-64d7-4787-9044-20debaf104a5,https://london-trader-6b45bffdcd02.herokuapp.com,wss://london-trader-6b45bffdcd02.herokuapp.com,,1,6,nh,non_gamified,human_only,0.0,0,15,"[8.0, 8.0, 20.0, 20.0, 4.0, 20.0, 4.0, 20.0, 0.0, 8.0, 8.0, 8.0, 8.0, 8.0, 4.0, 4.0, 20.0, 0.0, 0.0, 8.0, 4.0, 4.0, 4.0, 20.0, 8.0, 8.0, 0.0, 8.0, 4.0, 4.0]",61.5,61.5,9,skdclskt,,,,,0
19,0qc91a5a,,0,221,220,post_exp,FinalForProlific,2026-05-05 16:24:26.388408,1,,,6523.0,1,,0.0,55c5cbcc-f638-40ab-a1b6-dbe37fa8f72a,4951.0,18.0,0.0,0.0,4951.0,,2600.0,20.0,48.0,4,"{""forecast_price_next_day"":48,""forecast_confidence_next_day"":4}",55.0,0.0,1,,,4,761eb99e-1c3d-45b4-81f7-8e5171ffd767,https://london-trader-6b45bffdcd02.herokuapp.com,wss://london-trader-6b45bffdcd02.herokuapp.com,,1,6,nh,non_gamified,human_only,0.0,0,15,"[8.0, 8.0, 20.0, 20.0, 4.0, 20.0, 4.0, 20.0, 0.0, 8.0, 8.0, 8.0, 8.0, 8.0, 4.0, 4.0, 20.0, 0.0, 0.0, 8.0, 4.0, 4.0, 4.0, 20.0, 8.0, 8.0, 0.0, 8.0, 4.0, 4.0]",60.0,60.0,9,skdclskt,,,,,0
20,2vy9s3px,,0,221,220,post_exp,FinalForProlific,2026-05-05 16:24:26.408267,1,,,5050.0,2,,0.0,d0d3f9d6-0176-4278-9bff-7f8b809b6060,4253.0,18.0,0.0,0.0,4253.0,,3800.0,10.0,80.0,3,"{""forecast_confidence_next_day"":3,""forecast_price_next_day"":80}",55.0,0.0,1,,,4,761eb99e-1c3d-45b4-81f7-8e5171ffd767,https://london-trader-6b45bffdcd02.herokuapp.com,wss://london-trader-6b45bffdcd02.herokuapp.com,,1,6,nh,non_gamified,human_only,0.0,0,15,"[8.0, 8.0, 20.0, 20.0, 4.0, 20.0, 4.0, 20.0, 0.0, 8.0, 8.0, 8.0, 8.0, 8.0, 4.0, 4.0, 20.0, 0.0, 0.0, 8.0, 4.0, 4.0, 4.0, 20.0, 8.0, 8.0, 0.0, 8.0, 4.0, 4.0]",60.0,60.0,9,skdclskt,,,,,0
21,87uw2jck,,0,221,220,post_exp,FinalForProlific,2026-05-05 16:24:26.421889,1,,,5633.0,3,,0.0,83ea937e-d412-4809-a354-3f08485f32fe,4850.01,20.0,0.0,0.0,4850.01,,2600.0,20.0,8.0,4,"{""forecast_price_next_day"":8,""forecast_confidence_next_day"":4}",55.0,0.0,1,,,4,761eb99e-1c3d-45b4-81f7-8e5171ffd767,https://london-trader-6b45bffdcd02.herokuapp.com,wss://london-trader-6b45bffdcd02.herokuapp.com,,1,6,nh,non_gamified,human_only,0.0,0,15,"[8.0, 8.0, 20.0, 20.0, 4.0, 20.0, 4.0, 20.0, 0.0, 8.0, 8.0, 8.0, 8.0, 8.0, 4.0, 4.0, 20.0, 0.0, 0.0, 8.0, 4.0, 4.0, 4.0, 20.0, 8.0, 8.0, 0.0, 8.0, 4.0, 4.0]",60.0,60.0,9,skdclskt,,,,,0
22,3ftocepp,,0,221,220,post_exp,FinalForProlific,2026-05-05 16:24:26.437680,1,,,5815.0,4,,0.0,93e6dd41-cfb5-4bb9-975b-e548014b48e6,5330.0,6.0,0.0,0.0,5330.0,,3800.0,10.0,5500.0,4,"{""forecast_price_next_day"":5500,""forecast_confidence_next_day"":4}",55.0,0.0,1,,,4,761eb99e-1c3d-45b4-81f7-8e5171ffd767,https://london-trader-6b45bffdcd02.herokuapp.com,wss://london-trader-6b45bffdcd02.herokuapp.com,,1,6,nh,non_gamified,human_only,0.0,0,15,"[8.0, 8.0, 20.0, 20.0, 4.0, 20.0, 4.0, 20.0, 0.0, 8.0, 8.0, 8.0, 8.0, 8.0, 4.0, 4.0, 20.0, 0.0, 0.0, 8.0, 4.0, 4.0, 4.0, 20.0, 8.0, 8.0, 0.0, 8.0, 4.0, 4.0]",60.0,60.0,9,skdclskt,,,,,0
23,xz3dh0k4,,0,221,220,post_exp,FinalForProlific,2026-05-05 16:24:26.453575,1,,,5047.0,5,,0.0,b5055fcc-e732-4b8e-bd98-e6bfe626b3db,4417.99,19.0,0.0,0.0,4417.99,,2600.0,20.0,80.0,3,"{""forecast_confidence_next_day"":3,""forecast_price_next_day"":80}",55.0,0.0,1,,,4,761eb99e-1c3d-45b4-81f7-8e5171ffd767,https://london-trader-6b45bffdcd02.herokuapp.com,wss://london-trader-6b45bffdcd02.herokuapp.com,,1,6,nh,non_gamified,human_only,0.0,0,15,"[8.0, 8.0, 20.0, 20.0, 4.0, 20.0, 4.0, 20.0, 0.0, 8.0, 8.0, 8.0, 8.0, 8.0, 4.0, 4.0, 20.0, 0.0, 0.0, 8.0, 4.0, 4.0, 4.0, 20.0, 8.0, 8.0, 0.0, 8.0, 4.0, 4.0]",60.0,60.0,9,skdclskt,,,,,0
24,x7l4wbwx,,0,221,220,post_exp,FinalForProlific,2026-05-05 16:24:26.462816,1,,,5091.0,6,,0.0,18f4a824-eb92-48ce-a99f-c0cb78a57cf2,4914.0,9.0,0.0,0.0,4914.0,,3800.0,10.0,0.0,0,,55.0,0.0,1,,,4,761eb99e-1c3d-45b4-81f7-8e5171ffd767,https://london-trader-6b45bffdcd02.herokuapp.com,wss://london-trader-6b45bffdcd02.herokuapp.com,,1,6,nh,non_gamified,human_only,0.0,0,15,"[8.0, 8.0, 20.0, 20.0, 4.0, 20.0, 4.0, 20.0, 0.0, 8.0, 8.0, 8.0, 8.0, 8.0, 4.0, 4.0, 20.0, 0.0, 0.0, 8.0, 4.0, 4.0, 4.0, 20.0, 8.0, 8.0, 0.0, 8.0, 4.0, 4.0]",60.0,60.0,9,skdclskt,,,,,0
1,9bv3gi2y,,0,221,220,post_exp,FinalForProlific,2026-05-05 16:24:25.907795,1,,,6097.0,1,,0.0,8f572d20-95a7-46ba-ba2a-8e808117b347,4937.0,14.0,8.0,112.0,5049.0,,2600.0,20.0,,,,,0.0,0,,,1,6f73b226-f3d6-453b-bec2-d4fe1457f0e7,https://london-trader-6b45bffdcd02.herokuapp.com,wss://london-trader-6b45bffdcd02.herokuapp.com,,1,6,gh,gamified,human_only,0.0,0,15,"[8.0, 8.0, 20.0, 20.0, 4.0, 20.0, 4.0, 20.0, 0.0, 8.0, 8.0, 8.0, 8.0, 8.0, 4.0, 4.0, 20.0, 0.0, 0.0, 8.0, 4.0, 4.0, 4.0, 20.0, 8.0, 8.0, 0.0, 8.0, 4.0, 4.0]",45.25,45.25,10,skdclskt,,,,,0
2,1tnknpce,,0,221,220,post_exp,FinalForProlific,2026-05-05 16:24:26.237055,1,,,4685.0,2,,0.0,0d49a0af-7711-49c1-a980-1ce4cb747f19,4250.12,15.0,8.0,120.0,4370.12,,3800.0,10.0,,,,,0.0,0,,,1,6f73b226-f3d6-453b-bec2-d4fe1457f0e7,https://london-trader-6b45bffdcd02.herokuapp.com,wss://london-trader-6b45bffdcd02.herokuapp.com,,1,6,gh,gamified,human_only,0.0,0,15,"[8.0, 8.0, 20.0, 20.0, 4.0, 20.0, 4.0, 20.0, 0.0, 8.0, 8.0, 8.0, 8.0, 8.0, 4.0, 4.0, 20.0, 0.0, 0.0, 8.0, 4.0, 4.0, 4.0, 20.0, 8.0, 8.0, 0.0, 8.0, 4.0, 4.0]",45.25,45.25,10,skdclskt,,,,,0
3,zkl94ida,,0,221,220,post_exp,FinalForProlific,2026-05-05 16:24:26.243811,1,,,7353.0,3,,0.0,261c9bee-da67-4d1d-8144-87becb48c51d,5846.37,29.0,8.0,232.0,6078.37,,2600.0,20.0,,,,,0.0,0,,,1,6f73b226-f3d6-453b-bec2-d4fe1457f0e7,https://london-trader-6b45bffdcd02.herokuapp.com,wss://london-trader-6b45bffdcd02.herokuapp.com,,1,6,gh,gamified,human_only,0.0,0,15,"[8.0, 8.0, 20.0, 20.0, 4.0, 20.0, 4.0, 20.0, 0.0, 8.0, 8.0, 8.0, 8.0, 8.0, 4.0, 4.0, 20.0, 0.0, 0.0, 8.0, 4.0, 4.0, 4.0, 20.0, 8.0, 8.0, 0.0, 8.0, 4.0, 4.0]",45.25,45.25,10,skdclskt,,,,,0
4,h7nk13vs,,0,221,220,post_exp,FinalForProlific,2026-05-05 16:24:26.249481,1,,,5148.0,4,,0.0,f1ebfa30-9819-4739-bb3e-139f3ebb772b,4251.9400000000005,15.0,8.0,120.0,4371.9400000000005,,3800.0,10.0,,,,,0.0,0,,,1,6f73b226-f3d6-453b-bec2-d4fe1457f0e7,https://london-trader-6b45bffdcd02.herokuapp.com,wss://london-trader-6b45bffdcd02.herokuapp.com,,1,6,gh,gamified,human_only,0.0,0,15,"[8.0, 8.0, 20.0, 20.0, 4.0, 20.0, 4.0, 20.0, 0.0, 8.0, 8.0, 8.0, 8.0, 8.0, 4.0, 4.0, 20.0, 0.0, 0.0, 8.0, 4.0, 4.0, 4.0, 20.0, 8.0, 8.0, 0.0, 8.0, 4.0, 4.0]",45.25,45.25,10,skdclskt,,,,,0
5,8rrxo8mh,,0,221,220,post_exp,FinalForProlific,2026-05-05 16:24:26.255568,1,,,5698.0,5,,0.0,239c3d76-053a-40ec-a8c7-ed2420592ca4,4792.3099999999995,20.0,8.0,160.0,4952.3099999999995,,2600.0,20.0,,,,,0.0,0,,,1,6f73b226-f3d6-453b-bec2-d4fe1457f0e7,https://london-trader-6b45bffdcd02.herokuapp.com,wss://london-trader-6b45bffdcd02.herokuapp.com,,1,6,gh,gamified,human_only,0.0,0,15,"[8.0, 8.0, 20.0, 20.0, 4.0, 20.0, 4.0, 20.0, 0.0, 8.0, 8.0, 8.0, 8.0, 8.0, 4.0, 4.0, 20.0, 0.0, 0.0, 8.0, 4.0, 4.0, 4.0, 20.0, 8.0, 8.0, 0.0, 8.0, 4.0, 4.0]",45.25,45.25,10,skdclskt,,,,,0
6,53wkzdsp,,0,221,220,post_exp,FinalForProlific,2026-05-05 16:24:26.261968,1,,,5089.0,6,,0.0,54ceb134-b66d-4f4f-8ffb-b677a3be5d9d,4710.26,7.0,8.0,56.0,4766.26,,3800.0,10.0,,,,,0.0,0,,,1,6f73b226-f3d6-453b-bec2-d4fe1457f0e7,https://london-trader-6b45bffdcd02.herokuapp.com,wss://london-trader-6b45bffdcd02.herokuapp.com,,1,6,gh,gamified,human_only,0.0,0,15,"[8.0, 8.0, 20.0, 20.0, 4.0, 20.0, 4.0, 20.0, 0.0, 8.0, 8.0, 8.0, 8.0, 8.0, 4.0, 4.0, 20.0, 0.0, 0.0, 8.0, 4.0, 4.0, 4.0, 20.0, 8.0, 8.0, 0.0, 8.0, 4.0, 4.0]",45.25,45.25,10,skdclskt,,,,,0
7,2tmxyq59,,0,221,220,post_exp,FinalForProlific,2026-05-05 16:24:26.267852,1,,,5570.0,1,,0.0,d9d68e96-849c-41c0-8094-a55ca3b3a355,5405.0,11.0,8.0,88.0,5493.0,,2600.0,20.0,,,,,0.0,0,,,2,07790da6-16e1-4c15-9884-8a76c7e84392,https://london-trader-6b45bffdcd02.herokuapp.com,wss://london-trader-6b45bffdcd02.herokuapp.com,,1,6,gh,gamified,human_only,0.0,0,15,"[8.0, 8.0, 20.0, 20.0, 4.0, 20.0, 4.0, 20.0, 0.0, 8.0, 8.0, 8.0, 8.0, 8.0, 4.0, 4.0, 20.0, 0.0, 0.0, 8.0, 4.0, 4.0, 4.0, 20.0, 8.0, 8.0, 0.0, 8.0, 4.0, 4.0]",110.0,110.0,10,skdclskt,,,,,0
8,klvgct3w,,0,221,220,post_exp,FinalForProlific,2026-05-05 16:24:26.277407,1,,,5086.0,2,,0.0,c97d7d05-3010-4231-8b4c-ad5e9ce763a8,4918.0,9.0,8.0,72.0,4990.0,,3800.0,10.0,,,,,0.0,0,,,2,07790da6-16e1-4c15-9884-8a76c7e84392,https://london-trader-6b45bffdcd02.herokuapp.com,wss://london-trader-6b45bffdcd02.herokuapp.com,,1,6,gh,gamified,human_only,0.0,0,15,"[8.0, 8.0, 20.0, 20.0, 4.0, 20.0, 4.0, 20.0, 0.0, 8.0, 8.0, 8.0, 8.0, 8.0, 4.0, 4.0, 20.0, 0.0, 0.0, 8.0, 4.0, 4.0, 4.0, 20.0, 8.0, 8.0, 0.0, 8.0, 4.0, 4.0]",110.0,110.0,10,skdclskt,,,,,0
9,fa5fpl4w,,0,221,220,post_exp,FinalForProlific,2026-05-05 16:24:26.284184,1,,,5251.0,3,,0.0,804b1c25-e400-485b-a0e0-2371a4903700,4463.0,22.0,8.0,176.0,4639.0,,2600.0,20.0,,,,,0.0,0,,,2,07790da6-16e1-4c15-9884-8a76c7e84392,https://london-trader-6b45bffdcd02.herokuapp.com,wss://london-trader-6b45bffdcd02.herokuapp.com,,1,6,gh,gamified,human_only,0.0,0,15,"[8.0, 8.0, 20.0, 20.0, 4.0, 20.0, 4.0, 20.0, 0.0, 8.0, 8.0, 8.0, 8.0, 8.0, 4.0, 4.0, 20.0, 0.0, 0.0, 8.0, 4.0, 4.0, 4.0, 20.0, 8.0, 8.0, 0.0, 8.0, 4.0, 4.0]",110.0,110.0,10,skdclskt,,,,,0
10,0sa5xwid,,0,221,220,post_exp,FinalForProlific,2026-05-05 16:24:26.290374,1,,,5140.0,4,,0.0,7b242fc9-bd1b-4836-a718-b85e1c1a176b,4955.0,11.0,8.0,88.0,5043.0,,3800.0,10.0,,,,,0.0,0,,,2,07790da6-16e1-4c15-9884-8a76c7e84392,https://london-trader-6b45bffdcd02.herokuapp.com,wss://london-trader-6b45bffdcd02.herokuapp.com,,1,6,gh,gamified,human_only,0.0,0,15,"[8.0, 8.0, 20.0, 20.0, 4.0, 20.0, 4.0, 20.0, 0.0, 8.0, 8.0, 8.0, 8.0, 8.0, 4.0, 4.0, 20.0, 0.0, 0.0, 8.0, 4.0, 4.0, 4.0, 20.0, 8.0, 8.0, 0.0, 8.0, 4.0, 4.0]",110.0,110.0,10,skdclskt,,,,,0
11,w5nuyib0,,0,221,220,post_exp,FinalForProlific,2026-05-05 16:24:26.299295,1,,,4813.0,5,,0.0,29625c5b-f726-4de1-8b9e-9c49743b4cab,4436.0,22.0,8.0,176.0,4612.0,,2600.0,20.0,,,,,0.0,0,,,2,07790da6-16e1-4c15-9884-8a76c7e84392,https://london-trader-6b45bffdcd02.herokuapp.com,wss://london-trader-6b45bffdcd02.herokuapp.com,,1,6,gh,gamified,human_only,0.0,0,15,"[8.0, 8.0, 20.0, 20.0, 4.0, 20.0, 4.0, 20.0, 0.0, 8.0, 8.0, 8.0, 8.0, 8.0, 4.0, 4.0, 20.0, 0.0, 0.0, 8.0, 4.0, 4.0, 4.0, 20.0, 8.0, 8.0, 0.0, 8.0, 4.0, 4.0]",110.0,110.0,10,skdclskt,,,,,0
12,s1twfhpt,,0,221,220,post_exp,FinalForProlific,2026-05-05 16:24:26.305361,1,,,4871.0,6,,0.0,4b51a285-57d1-4d32-aa02-d36f8179ed63,4491.0,15.0,8.0,120.0,4611.0,,3800.0,10.0,,,,,0.0,0,,,2,07790da6-16e1-4c15-9884-8a76c7e84392,https://london-trader-6b45bffdcd02.herokuapp.com,wss://london-trader-6b45bffdcd02.herokuapp.com,,1,6,gh,gamified,human_only,0.0,0,15,"[8.0, 8.0, 20.0, 20.0, 4.0, 20.0, 4.0, 20.0, 0.0, 8.0, 8.0, 8.0, 8.0, 8.0, 4.0, 4.0, 20.0, 0.0, 0.0, 8.0, 4.0, 4.0, 4.0, 20.0, 8.0, 8.0, 0.0, 8.0, 4.0, 4.0]",110.0,110.0,10,skdclskt,,,,,0
13,tqeatlds,,0,221,220,post_exp,FinalForProlific,2026-05-05 16:24:26.312482,1,,,5561.0,1,,0.0,28c69508-f4f9-4c0e-a6a0-a4d5b22b7830,4419.12,19.0,8.0,152.0,4571.12,,2600.0,20.0,,,,,0.0,0,,,3,fd183cda-64d7-4787-9044-20debaf104a5,https://london-trader-6b45bffdcd02.herokuapp.com,wss://london-trader-6b45bffdcd02.herokuapp.com,,1,6,nh,non_gamified,human_only,0.0,0,15,"[8.0, 8.0, 20.0, 20.0, 4.0, 20.0, 4.0, 20.0, 0.0, 8.0, 8.0, 8.0, 8.0, 8.0, 4.0, 4.0, 20.0, 0.0, 0.0, 8.0, 4.0, 4.0, 4.0, 20.0, 8.0, 8.0, 0.0, 8.0, 4.0, 4.0]",64.0,64.0,10,skdclskt,,,,,0
14,nu7ykbgx,,0,221,220,post_exp,FinalForProlific,2026-05-05 16:24:26.328130,1,,,5985.0,2,,0.0,240f44aa-0d38-416e-a4df-3e0d3cc49536,4923.25,14.0,8.0,112.0,5035.25,,3800.0,10.0,,,,,0.0,0,,,3,fd183cda-64d7-4787-9044-20debaf104a5,https://london-trader-6b45bffdcd02.herokuapp.com,wss://london-trader-6b45bffdcd02.herokuapp.com,,1,6,nh,non_gamified,human_only,0.0,0,15,"[8.0, 8.0, 20.0, 20.0, 4.0, 20.0, 4.0, 20.0, 0.0, 8.0, 8.0, 8.0, 8.0, 8.0, 4.0, 4.0, 20.0, 0.0, 0.0, 8.0, 4.0, 4.0, 4.0, 20.0, 8.0, 8.0, 0.0, 8.0, 4.0, 4.0]",64.0,64.0,10,skdclskt,,,,,0
15,su76nhj9,,0,221,220,post_exp,FinalForProlific,2026-05-05 16:24:26.343041,1,,,5506.0,3,,0.0,9386577d-20fa-4927-a27d-261b95e06a71,4695.88,19.0,8.0,152.0,4847.88,,2600.0,20.0,,,,,0.0,0,,,3,fd183cda-64d7-4787-9044-20debaf104a5,https://london-trader-6b45bffdcd02.herokuapp.com,wss://london-trader-6b45bffdcd02.herokuapp.com,,1,6,nh,non_gamified,human_only,0.0,0,15,"[8.0, 8.0, 20.0, 20.0, 4.0, 20.0, 4.0, 20.0, 0.0, 8.0, 8.0, 8.0, 8.0, 8.0, 4.0, 4.0, 20.0, 0.0, 0.0, 8.0, 4.0, 4.0, 4.0, 20.0, 8.0, 8.0, 0.0, 8.0, 4.0, 4.0]",64.0,64.0,10,skdclskt,,,,,0
16,c2m857p1,,0,221,220,post_exp,FinalForProlific,2026-05-05 16:24:26.356865,1,,,5566.0,4,,0.0,ec5338be-31ec-409f-8fe0-d044c43f333a,5137.0,10.0,8.0,80.0,5217.0,,3800.0,10.0,,,,,0.0,0,,,3,fd183cda-64d7-4787-9044-20debaf104a5,https://london-trader-6b45bffdcd02.herokuapp.com,wss://london-trader-6b45bffdcd02.herokuapp.com,,1,6,nh,non_gamified,human_only,0.0,0,15,"[8.0, 8.0, 20.0, 20.0, 4.0, 20.0, 4.0, 20.0, 0.0, 8.0, 8.0, 8.0, 8.0, 8.0, 4.0, 4.0, 20.0, 0.0, 0.0, 8.0, 4.0, 4.0, 4.0, 20.0, 8.0, 8.0, 0.0, 8.0, 4.0, 4.0]",64.0,64.0,10,skdclskt,,,,,0
17,r6xuxcar,,0,221,220,post_exp,FinalForProlific,2026-05-05 16:24:26.366557,1,,,4396.0,5,,0.0,af4b90ba-123e-40d8-8867-b4991469cd39,4841.25,19.0,8.0,152.0,4993.25,,2600.0,20.0,,,,,0.0,0,,,3,fd183cda-64d7-4787-9044-20debaf104a5,https://london-trader-6b45bffdcd02.herokuapp.com,wss://london-trader-6b45bffdcd02.herokuapp.com,,1,6,nh,non_gamified,human_only,0.0,0,15,"[8.0, 8.0, 20.0, 20.0, 4.0, 20.0, 4.0, 20.0, 0.0, 8.0, 8.0, 8.0, 8.0, 8.0, 4.0, 4.0, 20.0, 0.0, 0.0, 8.0, 4.0, 4.0, 4.0, 20.0, 8.0, 8.0, 0.0, 8.0, 4.0, 4.0]",64.0,64.0,10,skdclskt,,,,,0
18,2y2lzizt,,0,221,220,post_exp,FinalForProlific,2026-05-05 16:24:26.378109,1,,,4734.0,6,,0.0,8d9117f6-c825-440d-86c0-64b78e6ca745,4703.5,14.0,8.0,112.0,4815.5,,3800.0,10.0,,,,,0.0,0,,,3,fd183cda-64d7-4787-9044-20debaf104a5,https://london-trader-6b45bffdcd02.herokuapp.com,wss://london-trader-6b45bffdcd02.herokuapp.com,,1,6,nh,non_gamified,human_only,0.0,0,15,"[8.0, 8.0, 20.0, 20.0, 4.0, 20.0, 4.0, 20.0, 0.0, 8.0, 8.0, 8.0, 8.0, 8.0, 4.0, 4.0, 20.0, 0.0, 0.0, 8.0, 4.0, 4.0, 4.0, 20.0, 8.0, 8.0, 0.0, 8.0, 4.0, 4.0]",64.0,64.0,10,skdclskt,,,,,0
19,0qc91a5a,,0,221,220,post_exp,FinalForProlific,2026-05-05 16:24:26.388408,1,,,6523.0,1,,0.0,55c5cbcc-f638-40ab-a1b6-dbe37fa8f72a,5081.0,17.0,8.0,136.0,5217.0,,2600.0,20.0,,,,,0.0,0,,,4,761eb99e-1c3d-45b4-81f7-8e5171ffd767,https://london-trader-6b45bffdcd02.herokuapp.com,wss://london-trader-6b45bffdcd02.herokuapp.com,,1,6,nh,non_gamified,human_only,0.0,0,15,"[8.0, 8.0, 20.0, 20.0, 4.0, 20.0, 4.0, 20.0, 0.0, 8.0, 8.0, 8.0, 8.0, 8.0, 4.0, 4.0, 20.0, 0.0, 0.0, 8.0, 4.0, 4.0, 4.0, 20.0, 8.0, 8.0, 0.0, 8.0, 4.0, 4.0]",55.0,55.0,10,skdclskt,,,,,0
20,2vy9s3px,,0,221,220,post_exp,FinalForProlific,2026-05-05 16:24:26.408267,1,,,5050.0,2,,0.0,d0d3f9d6-0176-4278-9bff-7f8b809b6060,4253.0,21.0,8.0,168.0,4421.0,,3800.0,10.0,,,,,0.0,0,,,4,761eb99e-1c3d-45b4-81f7-8e5171ffd767,https://london-trader-6b45bffdcd02.herokuapp.com,wss://london-trader-6b45bffdcd02.herokuapp.com,,1,6,nh,non_gamified,human_only,0.0,0,15,"[8.0, 8.0, 20.0, 20.0, 4.0, 20.0, 4.0, 20.0, 0.0, 8.0, 8.0, 8.0, 8.0, 8.0, 4.0, 4.0, 20.0, 0.0, 0.0, 8.0, 4.0, 4.0, 4.0, 20.0, 8.0, 8.0, 0.0, 8.0, 4.0, 4.0]",55.0,55.0,10,skdclskt,,,,,0
21,87uw2jck,,0,221,220,post_exp,FinalForProlific,2026-05-05 16:24:26.421889,1,,,5633.0,3,,0.0,83ea937e-d412-4809-a354-3f08485f32fe,4790.01,21.0,8.0,168.0,4958.01,,2600.0,20.0,,,,,0.0,0,,,4,761eb99e-1c3d-45b4-81f7-8e5171ffd767,https://london-trader-6b45bffdcd02.herokuapp.com,wss://london-trader-6b45bffdcd02.herokuapp.com,,1,6,nh,non_gamified,human_only,0.0,0,15,"[8.0, 8.0, 20.0, 20.0, 4.0, 20.0, 4.0, 20.0, 0.0, 8.0, 8.0, 8.0, 8.0, 8.0, 4.0, 4.0, 20.0, 0.0, 0.0, 8.0, 4.0, 4.0, 4.0, 20.0, 8.0, 8.0, 0.0, 8.0, 4.0, 4.0]",55.0,55.0,10,skdclskt,,,,,0
22,3ftocepp,,0,221,220,post_exp,FinalForProlific,2026-05-05 16:24:26.437680,1,,,5815.0,4,,0.0,93e6dd41-cfb5-4bb9-975b-e548014b48e6,5215.0,9.0,8.0,72.0,5287.0,,3800.0,10.0,,,,,0.0,0,,,4,761eb99e-1c3d-45b4-81f7-8e5171ffd767,https://london-trader-6b45bffdcd02.herokuapp.com,wss://london-trader-6b45bffdcd02.herokuapp.com,,1,6,nh,non_gamified,human_only,0.0,0,15,"[8.0, 8.0, 20.0, 20.0, 4.0, 20.0, 4.0, 20.0, 0.0, 8.0, 8.0, 8.0, 8.0, 8.0, 4.0, 4.0, 20.0, 0.0, 0.0, 8.0, 4.0, 4.0, 4.0, 20.0, 8.0, 8.0, 0.0, 8.0, 4.0, 4.0]",55.0,55.0,10,skdclskt,,,,,0
23,xz3dh0k4,,0,221,220,post_exp,FinalForProlific,2026-05-05 16:24:26.453575,1,,,5047.0,5,,0.0,b5055fcc-e732-4b8e-bd98-e6bfe626b3db,4432.99,18.0,8.0,144.0,4576.99,,2600.0,20.0,,,,,0.0,0,,,4,761eb99e-1c3d-45b4-81f7-8e5171ffd767,https://london-trader-6b45bffdcd02.herokuapp.com,wss://london-trader-6b45bffdcd02.herokuapp.com,,1,6,nh,non_gamified,human_only,0.0,0,15,"[8.0, 8.0, 20.0, 20.0, 4.0, 20.0, 4.0, 20.0, 0.0, 8.0, 8.0, 8.0, 8.0, 8.0, 4.0, 4.0, 20.0, 0.0, 0.0, 8.0, 4.0, 4.0, 4.0, 20.0, 8.0, 8.0, 0.0, 8.0, 4.0, 4.0]",55.0,55.0,10,skdclskt,,,,,0
24,x7l4wbwx,,0,221,220,post_exp,FinalForProlific,2026-05-05 16:24:26.462816,1,,,5091.0,6,,0.0,18f4a824-eb92-48ce-a99f-c0cb78a57cf2,4944.0,10.0,8.0,80.0,5024.0,,3800.0,10.0,,,,,0.0,0,,,4,761eb99e-1c3d-45b4-81f7-8e5171ffd767,https://london-trader-6b45bffdcd02.herokuapp.com,wss://london-trader-6b45bffdcd02.herokuapp.com,,1,6,nh,non_gamified,human_only,0.0,0,15,"[8.0, 8.0, 20.0, 20.0, 4.0, 20.0, 4.0, 20.0, 0.0, 8.0, 8.0, 8.0, 8.0, 8.0, 4.0, 4.0, 20.0, 0.0, 0.0, 8.0, 4.0, 4.0, 4.0, 20.0, 8.0, 8.0, 0.0, 8.0, 4.0, 4.0]",55.0,55.0,10,skdclskt,,,,,0
1,9bv3gi2y,,0,221,220,post_exp,FinalForProlific,2026-05-05 16:24:25.907795,1,,,6097.0,1,,0.0,8f572d20-95a7-46ba-ba2a-8e808117b347,5178.0,12.0,8.0,96.0,5274.0,,2600.0,20.0,,,,,0.0,0,,,1,6f73b226-f3d6-453b-bec2-d4fe1457f0e7,https://london-trader-6b45bffdcd02.herokuapp.com,wss://london-trader-6b45bffdcd02.herokuapp.com,,1,6,gh,gamified,human_only,0.0,0,15,"[8.0, 8.0, 20.0, 20.0, 4.0, 20.0, 4.0, 20.0, 0.0, 8.0, 8.0, 8.0, 8.0, 8.0, 4.0, 4.0, 20.0, 0.0, 0.0, 8.0, 4.0, 4.0, 4.0, 20.0, 8.0, 8.0, 0.0, 8.0, 4.0, 4.0]",41.0,41.0,11,skdclskt,,,,,0
2,1tnknpce,,0,221,220,post_exp,FinalForProlific,2026-05-05 16:24:26.237055,1,,,4685.0,2,,0.0,0d49a0af-7711-49c1-a980-1ce4cb747f19,4113.12,21.0,8.0,168.0,4281.12,,3800.0,10.0,,,,,0.0,0,,,1,6f73b226-f3d6-453b-bec2-d4fe1457f0e7,https://london-trader-6b45bffdcd02.herokuapp.com,wss://london-trader-6b45bffdcd02.herokuapp.com,,1,6,gh,gamified,human_only,0.0,0,15,"[8.0, 8.0, 20.0, 20.0, 4.0, 20.0, 4.0, 20.0, 0.0, 8.0, 8.0, 8.0, 8.0, 8.0, 4.0, 4.0, 20.0, 0.0, 0.0, 8.0, 4.0, 4.0, 4.0, 20.0, 8.0, 8.0, 0.0, 8.0, 4.0, 4.0]",41.0,41.0,11,skdclskt,,,,,0
3,zkl94ida,,0,221,220,post_exp,FinalForProlific,2026-05-05 16:24:26.243811,1,,,7353.0,3,,0.0,261c9bee-da67-4d1d-8144-87becb48c51d,6375.37,26.0,8.0,208.0,6583.37,,2600.0,20.0,,,,,0.0,0,,,1,6f73b226-f3d6-453b-bec2-d4fe1457f0e7,https://london-trader-6b45bffdcd02.herokuapp.com,wss://london-trader-6b45bffdcd02.herokuapp.com,,1,6,gh,gamified,human_only,0.0,0,15,"[8.0, 8.0, 20.0, 20.0, 4.0, 20.0, 4.0, 20.0, 0.0, 8.0, 8.0, 8.0, 8.0, 8.0, 4.0, 4.0, 20.0, 0.0, 0.0, 8.0, 4.0, 4.0, 4.0, 20.0, 8.0, 8.0, 0.0, 8.0, 4.0, 4.0]",41.0,41.0,11,skdclskt,,,,,0
4,h7nk13vs,,0,221,220,post_exp,FinalForProlific,2026-05-05 16:24:26.249481,1,,,5148.0,4,,0.0,f1ebfa30-9819-4739-bb3e-139f3ebb772b,4584.9400000000005,10.0,8.0,80.0,4664.9400000000005,,3800.0,10.0,,,,,0.0,0,,,1,6f73b226-f3d6-453b-bec2-d4fe1457f0e7,https://london-trader-6b45bffdcd02.herokuapp.com,wss://london-trader-6b45bffdcd02.herokuapp.com,,1,6,gh,gamified,human_only,0.0,0,15,"[8.0, 8.0, 20.0, 20.0, 4.0, 20.0, 4.0, 20.0, 0.0, 8.0, 8.0, 8.0, 8.0, 8.0, 4.0, 4.0, 20.0, 0.0, 0.0, 8.0, 4.0, 4.0, 4.0, 20.0, 8.0, 8.0, 0.0, 8.0, 4.0, 4.0]",41.0,41.0,11,skdclskt,,,,,0
5,8rrxo8mh,,0,221,220,post_exp,FinalForProlific,2026-05-05 16:24:26.255568,1,,,5698.0,5,,0.0,239c3d76-053a-40ec-a8c7-ed2420592ca4,4823.999999999999,23.0,8.0,184.0,5007.999999999999,,2600.0,20.0,,,,,0.0,0,,,1,6f73b226-f3d6-453b-bec2-d4fe1457f0e7,https://london-trader-6b45bffdcd02.herokuapp.com,wss://london-trader-6b45bffdcd02.herokuapp.com,,1,6,gh,gamified,human_only,0.0,0,15,"[8.0, 8.0, 20.0, 20.0, 4.0, 20.0, 4.0, 20.0, 0.0, 8.0, 8.0, 8.0, 8.0, 8.0, 4.0, 4.0, 20.0, 0.0, 0.0, 8.0, 4.0, 4.0, 4.0, 20.0, 8.0, 8.0, 0.0, 8.0, 4.0, 4.0]",41.0,41.0,11,skdclskt,,,,,0
6,53wkzdsp,,0,221,220,post_exp,FinalForProlific,2026-05-05 16:24:26.261968,1,,,5089.0,6,,0.0,54ceb134-b66d-4f4f-8ffb-b677a3be5d9d,4512.570000000001,13.0,8.0,104.0,4616.570000000001,,3800.0,10.0,,,,,0.0,0,,,1,6f73b226-f3d6-453b-bec2-d4fe1457f0e7,https://london-trader-6b45bffdcd02.herokuapp.com,wss://london-trader-6b45bffdcd02.herokuapp.com,,1,6,gh,gamified,human_only,0.0,0,15,"[8.0, 8.0, 20.0, 20.0, 4.0, 20.0, 4.0, 20.0, 0.0, 8.0, 8.0, 8.0, 8.0, 8.0, 4.0, 4.0, 20.0, 0.0, 0.0, 8.0, 4.0, 4.0, 4.0, 20.0, 8.0, 8.0, 0.0, 8.0, 4.0, 4.0]",41.0,41.0,11,skdclskt,,,,,0
7,2tmxyq59,,0,221,220,post_exp,FinalForProlific,2026-05-05 16:24:26.267852,1,,,5570.0,1,,0.0,d9d68e96-849c-41c0-8094-a55ca3b3a355,5703.0,11.0,8.0,88.0,5791.0,,2600.0,20.0,,,,,0.0,0,,,2,07790da6-16e1-4c15-9884-8a76c7e84392,https://london-trader-6b45bffdcd02.herokuapp.com,wss://london-trader-6b45bffdcd02.herokuapp.com,,1,6,gh,gamified,human_only,0.0,0,15,"[8.0, 8.0, 20.0, 20.0, 4.0, 20.0, 4.0, 20.0, 0.0, 8.0, 8.0, 8.0, 8.0, 8.0, 4.0, 4.0, 20.0, 0.0, 0.0, 8.0, 4.0, 4.0, 4.0, 20.0, 8.0, 8.0, 0.0, 8.0, 4.0, 4.0]",100.0,100.0,11,skdclskt,,,,,0
8,klvgct3w,,0,221,220,post_exp,FinalForProlific,2026-05-05 16:24:26.277407,1,,,5086.0,2,,0.0,c97d7d05-3010-4231-8b4c-ad5e9ce763a8,4780.0,11.0,8.0,88.0,4868.0,,3800.0,10.0,,,,,0.0,0,,,2,07790da6-16e1-4c15-9884-8a76c7e84392,https://london-trader-6b45bffdcd02.herokuapp.com,wss://london-trader-6b45bffdcd02.herokuapp.com,,1,6,gh,gamified,human_only,0.0,0,15,"[8.0, 8.0, 20.0, 20.0, 4.0, 20.0, 4.0, 20.0, 0.0, 8.0, 8.0, 8.0, 8.0, 8.0, 4.0, 4.0, 20.0, 0.0, 0.0, 8.0, 4.0, 4.0, 4.0, 20.0, 8.0, 8.0, 0.0, 8.0, 4.0, 4.0]",100.0,100.0,11,skdclskt,,,,,0
9,fa5fpl4w,,0,221,220,post_exp,FinalForProlific,2026-05-05 16:24:26.284184,1,,,5251.0,3,,0.0,804b1c25-e400-485b-a0e0-2371a4903700,4639.0,23.0,8.0,184.0,4823.0,,2600.0,20.0,,,,,0.0,0,,,2,07790da6-16e1-4c15-9884-8a76c7e84392,https://london-trader-6b45bffdcd02.herokuapp.com,wss://london-trader-6b45bffdcd02.herokuapp.com,,1,6,gh,gamified,human_only,0.0,0,15,"[8.0, 8.0, 20.0, 20.0, 4.0, 20.0, 4.0, 20.0, 0.0, 8.0, 8.0, 8.0, 8.0, 8.0, 4.0, 4.0, 20.0, 0.0, 0.0, 8.0, 4.0, 4.0, 4.0, 20.0, 8.0, 8.0, 0.0, 8.0, 4.0, 4.0]",100.0,100.0,11,skdclskt,,,,,0
10,0sa5xwid,,0,221,220,post_exp,FinalForProlific,2026-05-05 16:24:26.290374,1,,,5140.0,4,,0.0,7b242fc9-bd1b-4836-a718-b85e1c1a176b,5030.0,11.0,8.0,88.0,5118.0,,3800.0,10.0,,,,,0.0,0,,,2,07790da6-16e1-4c15-9884-8a76c7e84392,https://london-trader-6b45bffdcd02.herokuapp.com,wss://london-trader-6b45bffdcd02.herokuapp.com,,1,6,gh,gamified,human_only,0.0,0,15,"[8.0, 8.0, 20.0, 20.0, 4.0, 20.0, 4.0, 20.0, 0.0, 8.0, 8.0, 8.0, 8.0, 8.0, 4.0, 4.0, 20.0, 0.0, 0.0, 8.0, 4.0, 4.0, 4.0, 20.0, 8.0, 8.0, 0.0, 8.0, 4.0, 4.0]",100.0,100.0,11,skdclskt,,,,,0
11,w5nuyib0,,0,221,220,post_exp,FinalForProlific,2026-05-05 16:24:26.299295,1,,,4813.0,5,,0.0,29625c5b-f726-4de1-8b9e-9c49743b4cab,4738.0,22.0,8.0,176.0,4914.0,,2600.0,20.0,,,,,0.0,0,,,2,07790da6-16e1-4c15-9884-8a76c7e84392,https://london-trader-6b45bffdcd02.herokuapp.com,wss://london-trader-6b45bffdcd02.herokuapp.com,,1,6,gh,gamified,human_only,0.0,0,15,"[8.0, 8.0, 20.0, 20.0, 4.0, 20.0, 4.0, 20.0, 0.0, 8.0, 8.0, 8.0, 8.0, 8.0, 4.0, 4.0, 20.0, 0.0, 0.0, 8.0, 4.0, 4.0, 4.0, 20.0, 8.0, 8.0, 0.0, 8.0, 4.0, 4.0]",100.0,100.0,11,skdclskt,,,,,0
12,s1twfhpt,,0,221,220,post_exp,FinalForProlific,2026-05-05 16:24:26.305361,1,,,4871.0,6,,0.0,4b51a285-57d1-4d32-aa02-d36f8179ed63,4498.0,16.0,8.0,128.0,4626.0,,3800.0,10.0,,,,,0.0,0,,,2,07790da6-16e1-4c15-9884-8a76c7e84392,https://london-trader-6b45bffdcd02.herokuapp.com,wss://london-trader-6b45bffdcd02.herokuapp.com,,1,6,gh,gamified,human_only,0.0,0,15,"[8.0, 8.0, 20.0, 20.0, 4.0, 20.0, 4.0, 20.0, 0.0, 8.0, 8.0, 8.0, 8.0, 8.0, 4.0, 4.0, 20.0, 0.0, 0.0, 8.0, 4.0, 4.0, 4.0, 20.0, 8.0, 8.0, 0.0, 8.0, 4.0, 4.0]",100.0,100.0,11,skdclskt,,,,,0
13,tqeatlds,,0,221,220,post_exp,FinalForProlific,2026-05-05 16:24:26.312482,1,,,5561.0,1,,0.0,28c69508-f4f9-4c0e-a6a0-a4d5b22b7830,4695.12,18.0,8.0,144.0,4839.12,,2600.0,20.0,,,,,0.0,0,,,3,fd183cda-64d7-4787-9044-20debaf104a5,https://london-trader-6b45bffdcd02.herokuapp.com,wss://london-trader-6b45bffdcd02.herokuapp.com,,1,6,nh,non_gamified,human_only,0.0,0,15,"[8.0, 8.0, 20.0, 20.0, 4.0, 20.0, 4.0, 20.0, 0.0, 8.0, 8.0, 8.0, 8.0, 8.0, 4.0, 4.0, 20.0, 0.0, 0.0, 8.0, 4.0, 4.0, 4.0, 20.0, 8.0, 8.0, 0.0, 8.0, 4.0, 4.0]",61.0,61.0,11,skdclskt,,,,,0
14,nu7ykbgx,,0,221,220,post_exp,FinalForProlific,2026-05-05 16:24:26.328130,1,,,5985.0,2,,0.0,240f44aa-0d38-416e-a4df-3e0d3cc49536,5163.25,12.0,8.0,96.0,5259.25,,3800.0,10.0,,,,,0.0,0,,,3,fd183cda-64d7-4787-9044-20debaf104a5,https://london-trader-6b45bffdcd02.herokuapp.com,wss://london-trader-6b45bffdcd02.herokuapp.com,,1,6,nh,non_gamified,human_only,0.0,0,15,"[8.0, 8.0, 20.0, 20.0, 4.0, 20.0, 4.0, 20.0, 0.0, 8.0, 8.0, 8.0, 8.0, 8.0, 4.0, 4.0, 20.0, 0.0, 0.0, 8.0, 4.0, 4.0, 4.0, 20.0, 8.0, 8.0, 0.0, 8.0, 4.0, 4.0]",61.0,61.0,11,skdclskt,,,,,0
15,su76nhj9,,0,221,220,post_exp,FinalForProlific,2026-05-05 16:24:26.343041,1,,,5506.0,3,,0.0,9386577d-20fa-4927-a27d-261b95e06a71,4724.88,18.0,8.0,144.0,4868.88,,2600.0,20.0,,,,,0.0,0,,,3,fd183cda-64d7-4787-9044-20debaf104a5,https://london-trader-6b45bffdcd02.herokuapp.com,wss://london-trader-6b45bffdcd02.herokuapp.com,,1,6,nh,non_gamified,human_only,0.0,0,15,"[8.0, 8.0, 20.0, 20.0, 4.0, 20.0, 4.0, 20.0, 0.0, 8.0, 8.0, 8.0, 8.0, 8.0, 4.0, 4.0, 20.0, 0.0, 0.0, 8.0, 4.0, 4.0, 4.0, 20.0, 8.0, 8.0, 0.0, 8.0, 4.0, 4.0]",61.0,61.0,11,skdclskt,,,,,0
16,c2m857p1,,0,221,220,post_exp,FinalForProlific,2026-05-05 16:24:26.356865,1,,,5566.0,4,,0.0,ec5338be-31ec-409f-8fe0-d044c43f333a,5090.0,13.0,8.0,104.0,5194.0,,3800.0,10.0,,,,,0.0,0,,,3,fd183cda-64d7-4787-9044-20debaf104a5,https://london-trader-6b45bffdcd02.herokuapp.com,wss://london-trader-6b45bffdcd02.herokuapp.com,,1,6,nh,non_gamified,human_only,0.0,0,15,"[8.0, 8.0, 20.0, 20.0, 4.0, 20.0, 4.0, 20.0, 0.0, 8.0, 8.0, 8.0, 8.0, 8.0, 4.0, 4.0, 20.0, 0.0, 0.0, 8.0, 4.0, 4.0, 4.0, 20.0, 8.0, 8.0, 0.0, 8.0, 4.0, 4.0]",61.0,61.0,11,skdclskt,,,,,0
17,r6xuxcar,,0,221,220,post_exp,FinalForProlific,2026-05-05 16:24:26.366557,1,,,4396.0,5,,0.0,af4b90ba-123e-40d8-8867-b4991469cd39,5056.25,18.0,8.0,144.0,5200.25,,2600.0,20.0,,,,,0.0,0,,,3,fd183cda-64d7-4787-9044-20debaf104a5,https://london-trader-6b45bffdcd02.herokuapp.com,wss://london-trader-6b45bffdcd02.herokuapp.com,,1,6,nh,non_gamified,human_only,0.0,0,15,"[8.0, 8.0, 20.0, 20.0, 4.0, 20.0, 4.0, 20.0, 0.0, 8.0, 8.0, 8.0, 8.0, 8.0, 4.0, 4.0, 20.0, 0.0, 0.0, 8.0, 4.0, 4.0, 4.0, 20.0, 8.0, 8.0, 0.0, 8.0, 4.0, 4.0]",61.0,61.0,11,skdclskt,,,,,0
18,2y2lzizt,,0,221,220,post_exp,FinalForProlific,2026-05-05 16:24:26.378109,1,,,4734.0,6,,0.0,8d9117f6-c825-440d-86c0-64b78e6ca745,4750.5,15.0,8.0,120.0,4870.5,,3800.0,10.0,,,,,0.0,0,,,3,fd183cda-64d7-4787-9044-20debaf104a5,https://london-trader-6b45bffdcd02.herokuapp.com,wss://london-trader-6b45bffdcd02.herokuapp.com,,1,6,nh,non_gamified,human_only,0.0,0,15,"[8.0, 8.0, 20.0, 20.0, 4.0, 20.0, 4.0, 20.0, 0.0, 8.0, 8.0, 8.0, 8.0, 8.0, 4.0, 4.0, 20.0, 0.0, 0.0, 8.0, 4.0, 4.0, 4.0, 20.0, 8.0, 8.0, 0.0, 8.0, 4.0, 4.0]",61.0,61.0,11,skdclskt,,,,,0
19,0qc91a5a,,0,221,220,post_exp,FinalForProlific,2026-05-05 16:24:26.388408,1,,,6523.0,1,,0.0,55c5cbcc-f638-40ab-a1b6-dbe37fa8f72a,5306.0,16.0,8.0,128.0,5434.0,,2600.0,20.0,,,,,0.0,0,,,4,761eb99e-1c3d-45b4-81f7-8e5171ffd767,https://london-trader-6b45bffdcd02.herokuapp.com,wss://london-trader-6b45bffdcd02.herokuapp.com,,1,6,nh,non_gamified,human_only,0.0,0,15,"[8.0, 8.0, 20.0, 20.0, 4.0, 20.0, 4.0, 20.0, 0.0, 8.0, 8.0, 8.0, 8.0, 8.0, 4.0, 4.0, 20.0, 0.0, 0.0, 8.0, 4.0, 4.0, 4.0, 20.0, 8.0, 8.0, 0.0, 8.0, 4.0, 4.0]",85.0,85.0,11,skdclskt,,,,,0
20,2vy9s3px,,0,221,220,post_exp,FinalForProlific,2026-05-05 16:24:26.408267,1,,,5050.0,2,,0.0,d0d3f9d6-0176-4278-9bff-7f8b809b6060,4426.0,19.0,8.0,152.0,4578.0,,3800.0,10.0,,,,,0.0,0,,,4,761eb99e-1c3d-45b4-81f7-8e5171ffd767,https://london-trader-6b45bffdcd02.herokuapp.com,wss://london-trader-6b45bffdcd02.herokuapp.com,,1,6,nh,non_gamified,human_only,0.0,0,15,"[8.0, 8.0, 20.0, 20.0, 4.0, 20.0, 4.0, 20.0, 0.0, 8.0, 8.0, 8.0, 8.0, 8.0, 4.0, 4.0, 20.0, 0.0, 0.0, 8.0, 4.0, 4.0, 4.0, 20.0, 8.0, 8.0, 0.0, 8.0, 4.0, 4.0]",85.0,85.0,11,skdclskt,,,,,0
21,87uw2jck,,0,221,220,post_exp,FinalForProlific,2026-05-05 16:24:26.421889,1,,,5633.0,3,,0.0,83ea937e-d412-4809-a354-3f08485f32fe,4818.01,23.0,8.0,184.0,5002.01,,2600.0,20.0,,,,,0.0,0,,,4,761eb99e-1c3d-45b4-81f7-8e5171ffd767,https://london-trader-6b45bffdcd02.herokuapp.com,wss://london-trader-6b45bffdcd02.herokuapp.com,,1,6,nh,non_gamified,human_only,0.0,0,15,"[8.0, 8.0, 20.0, 20.0, 4.0, 20.0, 4.0, 20.0, 0.0, 8.0, 8.0, 8.0, 8.0, 8.0, 4.0, 4.0, 20.0, 0.0, 0.0, 8.0, 4.0, 4.0, 4.0, 20.0, 8.0, 8.0, 0.0, 8.0, 4.0, 4.0]",85.0,85.0,11,skdclskt,,,,,0
22,3ftocepp,,0,221,220,post_exp,FinalForProlific,2026-05-05 16:24:26.437680,1,,,5815.0,4,,0.0,93e6dd41-cfb5-4bb9-975b-e548014b48e6,5287.0,10.0,8.0,80.0,5367.0,,3800.0,10.0,,,,,0.0,0,,,4,761eb99e-1c3d-45b4-81f7-8e5171ffd767,https://london-trader-6b45bffdcd02.herokuapp.com,wss://london-trader-6b45bffdcd02.herokuapp.com,,1,6,nh,non_gamified,human_only,0.0,0,15,"[8.0, 8.0, 20.0, 20.0, 4.0, 20.0, 4.0, 20.0, 0.0, 8.0, 8.0, 8.0, 8.0, 8.0, 4.0, 4.0, 20.0, 0.0, 0.0, 8.0, 4.0, 4.0, 4.0, 20.0, 8.0, 8.0, 0.0, 8.0, 4.0, 4.0]",85.0,85.0,11,skdclskt,,,,,0
23,xz3dh0k4,,0,221,220,post_exp,FinalForProlific,2026-05-05 16:24:26.453575,1,,,5047.0,5,,0.0,b5055fcc-e732-4b8e-bd98-e6bfe626b3db,4552.99,18.0,8.0,144.0,4696.99,,2600.0,20.0,,,,,0.0,0,,,4,761eb99e-1c3d-45b4-81f7-8e5171ffd767,https://london-trader-6b45bffdcd02.herokuapp.com,wss://london-trader-6b45bffdcd02.herokuapp.com,,1,6,nh,non_gamified,human_only,0.0,0,15,"[8.0, 8.0, 20.0, 20.0, 4.0, 20.0, 4.0, 20.0, 0.0, 8.0, 8.0, 8.0, 8.0, 8.0, 4.0, 4.0, 20.0, 0.0, 0.0, 8.0, 4.0, 4.0, 4.0, 20.0, 8.0, 8.0, 0.0, 8.0, 4.0, 4.0]",85.0,85.0,11,skdclskt,,,,,0
24,x7l4wbwx,,0,221,220,post_exp,FinalForProlific,2026-05-05 16:24:26.462816,1,,,5091.0,6,,0.0,18f4a824-eb92-48ce-a99f-c0cb78a57cf2,5094.0,8.0,8.0,64.0,5158.0,,3800.0,10.0,,,,,0.0,0,,,4,761eb99e-1c3d-45b4-81f7-8e5171ffd767,https://london-trader-6b45bffdcd02.herokuapp.com,wss://london-trader-6b45bffdcd02.herokuapp.com,,1,6,nh,non_gamified,human_only,0.0,0,15,"[8.0, 8.0, 20.0, 20.0, 4.0, 20.0, 4.0, 20.0, 0.0, 8.0, 8.0, 8.0, 8.0, 8.0, 4.0, 4.0, 20.0, 0.0, 0.0, 8.0, 4.0, 4.0, 4.0, 20.0, 8.0, 8.0, 0.0, 8.0, 4.0, 4.0]",85.0,85.0,11,skdclskt,,,,,0
1,9bv3gi2y,,0,221,220,post_exp,FinalForProlific,2026-05-05 16:24:25.907795,1,,,6097.0,1,,0.0,8f572d20-95a7-46ba-ba2a-8e808117b347,5357.0,9.0,8.0,72.0,5429.0,,2600.0,20.0,34.0,3,"{""forecast_price_next_day"":34,""forecast_confidence_next_day"":3}",30.0,0.0,1,,,1,6f73b226-f3d6-453b-bec2-d4fe1457f0e7,https://london-trader-6b45bffdcd02.herokuapp.com,wss://london-trader-6b45bffdcd02.herokuapp.com,,1,6,gh,gamified,human_only,0.0,0,15,"[8.0, 8.0, 20.0, 20.0, 4.0, 20.0, 4.0, 20.0, 0.0, 8.0, 8.0, 8.0, 8.0, 8.0, 4.0, 4.0, 20.0, 0.0, 0.0, 8.0, 4.0, 4.0, 4.0, 20.0, 8.0, 8.0, 0.0, 8.0, 4.0, 4.0]",43.5,43.5,12,skdclskt,,,,,0
2,1tnknpce,,0,221,220,post_exp,FinalForProlific,2026-05-05 16:24:26.237055,1,,,4685.0,2,,0.0,0d49a0af-7711-49c1-a980-1ce4cb747f19,4169.12,24.0,8.0,192.0,4361.12,,3800.0,10.0,44.0,5,"{""forecast_price_next_day"":44,""forecast_confidence_next_day"":5}",30.0,0.0,1,,,1,6f73b226-f3d6-453b-bec2-d4fe1457f0e7,https://london-trader-6b45bffdcd02.herokuapp.com,wss://london-trader-6b45bffdcd02.herokuapp.com,,1,6,gh,gamified,human_only,0.0,0,15,"[8.0, 8.0, 20.0, 20.0, 4.0, 20.0, 4.0, 20.0, 0.0, 8.0, 8.0, 8.0, 8.0, 8.0, 4.0, 4.0, 20.0, 0.0, 0.0, 8.0, 4.0, 4.0, 4.0, 20.0, 8.0, 8.0, 0.0, 8.0, 4.0, 4.0]",43.5,43.5,12,skdclskt,,,,,0
3,zkl94ida,,0,221,220,post_exp,FinalForProlific,2026-05-05 16:24:26.243811,1,,,7353.0,3,,0.0,261c9bee-da67-4d1d-8144-87becb48c51d,7153.38,0.0,8.0,0.0,7153.38,,2600.0,20.0,30.0,1,"{""forecast_price_next_day"":30,""forecast_confidence_next_day"":1}",30.0,20.0,1,,,1,6f73b226-f3d6-453b-bec2-d4fe1457f0e7,https://london-trader-6b45bffdcd02.herokuapp.com,wss://london-trader-6b45bffdcd02.herokuapp.com,,1,6,gh,gamified,human_only,0.0,0,15,"[8.0, 8.0, 20.0, 20.0, 4.0, 20.0, 4.0, 20.0, 0.0, 8.0, 8.0, 8.0, 8.0, 8.0, 4.0, 4.0, 20.0, 0.0, 0.0, 8.0, 4.0, 4.0, 4.0, 20.0, 8.0, 8.0, 0.0, 8.0, 4.0, 4.0]",43.5,43.5,12,skdclskt,,,,,0
4,h7nk13vs,,0,221,220,post_exp,FinalForProlific,2026-05-05 16:24:26.249481,1,,,5148.0,4,,0.0,f1ebfa30-9819-4739-bb3e-139f3ebb772b,4520.18,15.0,8.0,120.0,4640.18,,3800.0,10.0,10.0,4,"{""forecast_price_next_day"":10,""forecast_confidence_next_day"":4}",30.0,0.0,1,,,1,6f73b226-f3d6-453b-bec2-d4fe1457f0e7,https://london-trader-6b45bffdcd02.herokuapp.com,wss://london-trader-6b45bffdcd02.herokuapp.com,,1,6,gh,gamified,human_only,0.0,0,15,"[8.0, 8.0, 20.0, 20.0, 4.0, 20.0, 4.0, 20.0, 0.0, 8.0, 8.0, 8.0, 8.0, 8.0, 4.0, 4.0, 20.0, 0.0, 0.0, 8.0, 4.0, 4.0, 4.0, 20.0, 8.0, 8.0, 0.0, 8.0, 4.0, 4.0]",43.5,43.5,12,skdclskt,,,,,0
5,8rrxo8mh,,0,221,220,post_exp,FinalForProlific,2026-05-05 16:24:26.255568,1,,,5698.0,5,,0.0,239c3d76-053a-40ec-a8c7-ed2420592ca4,4932.749999999999,24.0,8.0,192.0,5124.749999999999,,2600.0,20.0,39.0,3,"{""forecast_price_next_day"":39,""forecast_confidence_next_day"":3}",30.0,0.0,1,,,1,6f73b226-f3d6-453b-bec2-d4fe1457f0e7,https://london-trader-6b45bffdcd02.herokuapp.com,wss://london-trader-6b45bffdcd02.herokuapp.com,,1,6,gh,gamified,human_only,0.0,0,15,"[8.0, 8.0, 20.0, 20.0, 4.0, 20.0, 4.0, 20.0, 0.0, 8.0, 8.0, 8.0, 8.0, 8.0, 4.0, 4.0, 20.0, 0.0, 0.0, 8.0, 4.0, 4.0, 4.0, 20.0, 8.0, 8.0, 0.0, 8.0, 4.0, 4.0]",43.5,43.5,12,skdclskt,,,,,0
6,53wkzdsp,,0,221,220,post_exp,FinalForProlific,2026-05-05 16:24:26.261968,1,,,5089.0,6,,0.0,54ceb134-b66d-4f4f-8ffb-b677a3be5d9d,4295.570000000001,21.0,8.0,168.0,4463.570000000001,,3800.0,10.0,30.0,4,"{""forecast_price_next_day"":30,""forecast_confidence_next_day"":4}",30.0,20.0,1,,,1,6f73b226-f3d6-453b-bec2-d4fe1457f0e7,https://london-trader-6b45bffdcd02.herokuapp.com,wss://london-trader-6b45bffdcd02.herokuapp.com,,1,6,gh,gamified,human_only,0.0,0,15,"[8.0, 8.0, 20.0, 20.0, 4.0, 20.0, 4.0, 20.0, 0.0, 8.0, 8.0, 8.0, 8.0, 8.0, 4.0, 4.0, 20.0, 0.0, 0.0, 8.0, 4.0, 4.0, 4.0, 20.0, 8.0, 8.0, 0.0, 8.0, 4.0, 4.0]",43.5,43.5,12,skdclskt,,,,,0
7,2tmxyq59,,0,221,220,post_exp,FinalForProlific,2026-05-05 16:24:26.267852,1,,,5570.0,1,,0.0,d9d68e96-849c-41c0-8094-a55ca3b3a355,6001.0,9.0,8.0,72.0,6073.0,,2600.0,20.0,100.0,3,"{""forecast_price_next_day"":100,""forecast_confidence_next_day"":3}",109.0,0.0,1,,,2,07790da6-16e1-4c15-9884-8a76c7e84392,https://london-trader-6b45bffdcd02.herokuapp.com,wss://london-trader-6b45bffdcd02.herokuapp.com,,1,6,gh,gamified,human_only,0.0,0,15,"[8.0, 8.0, 20.0, 20.0, 4.0, 20.0, 4.0, 20.0, 0.0, 8.0, 8.0, 8.0, 8.0, 8.0, 4.0, 4.0, 20.0, 0.0, 0.0, 8.0, 4.0, 4.0, 4.0, 20.0, 8.0, 8.0, 0.0, 8.0, 4.0, 4.0]",110.0,110.0,12,skdclskt,,,,,0
8,klvgct3w,,0,221,220,post_exp,FinalForProlific,2026-05-05 16:24:26.277407,1,,,5086.0,2,,0.0,c97d7d05-3010-4231-8b4c-ad5e9ce763a8,4868.0,11.0,8.0,88.0,4956.0,,3800.0,10.0,110.0,5,"{""forecast_confidence_next_day"":5,""forecast_price_next_day"":110}",109.0,20.0,1,,,2,07790da6-16e1-4c15-9884-8a76c7e84392,https://london-trader-6b45bffdcd02.herokuapp.com,wss://london-trader-6b45bffdcd02.herokuapp.com,,1,6,gh,gamified,human_only,0.0,0,15,"[8.0, 8.0, 20.0, 20.0, 4.0, 20.0, 4.0, 20.0, 0.0, 8.0, 8.0, 8.0, 8.0, 8.0, 4.0, 4.0, 20.0, 0.0, 0.0, 8.0, 4.0, 4.0, 4.0, 20.0, 8.0, 8.0, 0.0, 8.0, 4.0, 4.0]",110.0,110.0,12,skdclskt,,,,,0
9,fa5fpl4w,,0,221,220,post_exp,FinalForProlific,2026-05-05 16:24:26.284184,1,,,5251.0,3,,0.0,804b1c25-e400-485b-a0e0-2371a4903700,4743.0,24.0,8.0,192.0,4935.0,,2600.0,20.0,0.0,0,,109.0,0.0,1,,,2,07790da6-16e1-4c15-9884-8a76c7e84392,https://london-trader-6b45bffdcd02.herokuapp.com,wss://london-trader-6b45bffdcd02.herokuapp.com,,1,6,gh,gamified,human_only,0.0,0,15,"[8.0, 8.0, 20.0, 20.0, 4.0, 20.0, 4.0, 20.0, 0.0, 8.0, 8.0, 8.0, 8.0, 8.0, 4.0, 4.0, 20.0, 0.0, 0.0, 8.0, 4.0, 4.0, 4.0, 20.0, 8.0, 8.0, 0.0, 8.0, 4.0, 4.0]",110.0,110.0,12,skdclskt,,,,,0
10,0sa5xwid,,0,221,220,post_exp,FinalForProlific,2026-05-05 16:24:26.290374,1,,,5140.0,4,,0.0,7b242fc9-bd1b-4836-a718-b85e1c1a176b,4998.0,12.0,8.0,96.0,5094.0,,3800.0,10.0,120.0,2,"{""forecast_price_next_day"":120,""forecast_confidence_next_day"":2}",109.0,0.0,1,,,2,07790da6-16e1-4c15-9884-8a76c7e84392,https://london-trader-6b45bffdcd02.herokuapp.com,wss://london-trader-6b45bffdcd02.herokuapp.com,,1,6,gh,gamified,human_only,0.0,0,15,"[8.0, 8.0, 20.0, 20.0, 4.0, 20.0, 4.0, 20.0, 0.0, 8.0, 8.0, 8.0, 8.0, 8.0, 4.0, 4.0, 20.0, 0.0, 0.0, 8.0, 4.0, 4.0, 4.0, 20.0, 8.0, 8.0, 0.0, 8.0, 4.0, 4.0]",110.0,110.0,12,skdclskt,,,,,0
11,w5nuyib0,,0,221,220,post_exp,FinalForProlific,2026-05-05 16:24:26.299295,1,,,4813.0,5,,0.0,29625c5b-f726-4de1-8b9e-9c49743b4cab,4899.0,22.0,8.0,176.0,5075.0,,2600.0,20.0,200.0,2,"{""forecast_price_next_day"":200,""forecast_confidence_next_day"":2}",109.0,0.0,1,,,2,07790da6-16e1-4c15-9884-8a76c7e84392,https://london-trader-6b45bffdcd02.herokuapp.com,wss://london-trader-6b45bffdcd02.herokuapp.com,,1,6,gh,gamified,human_only,0.0,0,15,"[8.0, 8.0, 20.0, 20.0, 4.0, 20.0, 4.0, 20.0, 0.0, 8.0, 8.0, 8.0, 8.0, 8.0, 4.0, 4.0, 20.0, 0.0, 0.0, 8.0, 4.0, 4.0, 4.0, 20.0, 8.0, 8.0, 0.0, 8.0, 4.0, 4.0]",110.0,110.0,12,skdclskt,,,,,0
12,s1twfhpt,,0,221,220,post_exp,FinalForProlific,2026-05-05 16:24:26.305361,1,,,4871.0,6,,0.0,4b51a285-57d1-4d32-aa02-d36f8179ed63,4631.0,17.0,8.0,136.0,4767.0,,3800.0,10.0,110.0,4,"{""forecast_price_next_day"":110,""forecast_confidence_next_day"":4}",109.0,20.0,1,,,2,07790da6-16e1-4c15-9884-8a76c7e84392,https://london-trader-6b45bffdcd02.herokuapp.com,wss://london-trader-6b45bffdcd02.herokuapp.com,,1,6,gh,gamified,human_only,0.0,0,15,"[8.0, 8.0, 20.0, 20.0, 4.0, 20.0, 4.0, 20.0, 0.0, 8.0, 8.0, 8.0, 8.0, 8.0, 4.0, 4.0, 20.0, 0.0, 0.0, 8.0, 4.0, 4.0, 4.0, 20.0, 8.0, 8.0, 0.0, 8.0, 4.0, 4.0]",110.0,110.0,12,skdclskt,,,,,0
13,tqeatlds,,0,221,220,post_exp,FinalForProlific,2026-05-05 16:24:26.312482,1,,,5561.0,1,,0.0,28c69508-f4f9-4c0e-a6a0-a4d5b22b7830,4955.12,15.0,8.0,120.0,5075.12,,2600.0,20.0,60.0,3,"{""forecast_price_next_day"":60.25,""forecast_confidence_next_day"":3}",60.0,20.0,1,,,3,fd183cda-64d7-4787-9044-20debaf104a5,https://london-trader-6b45bffdcd02.herokuapp.com,wss://london-trader-6b45bffdcd02.herokuapp.com,,1,6,nh,non_gamified,human_only,0.0,0,15,"[8.0, 8.0, 20.0, 20.0, 4.0, 20.0, 4.0, 20.0, 0.0, 8.0, 8.0, 8.0, 8.0, 8.0, 4.0, 4.0, 20.0, 0.0, 0.0, 8.0, 4.0, 4.0, 4.0, 20.0, 8.0, 8.0, 0.0, 8.0, 4.0, 4.0]",58.0,58.0,12,skdclskt,,,,,0
14,nu7ykbgx,,0,221,220,post_exp,FinalForProlific,2026-05-05 16:24:26.328130,1,,,5985.0,2,,0.0,240f44aa-0d38-416e-a4df-3e0d3cc49536,5261.25,12.0,8.0,96.0,5357.25,,3800.0,10.0,54.0,3,"{""forecast_price_next_day"":54,""forecast_confidence_next_day"":3}",60.0,0.0,1,,,3,fd183cda-64d7-4787-9044-20debaf104a5,https://london-trader-6b45bffdcd02.herokuapp.com,wss://london-trader-6b45bffdcd02.herokuapp.com,,1,6,nh,non_gamified,human_only,0.0,0,15,"[8.0, 8.0, 20.0, 20.0, 4.0, 20.0, 4.0, 20.0, 0.0, 8.0, 8.0, 8.0, 8.0, 8.0, 4.0, 4.0, 20.0, 0.0, 0.0, 8.0, 4.0, 4.0, 4.0, 20.0, 8.0, 8.0, 0.0, 8.0, 4.0, 4.0]",58.0,58.0,12,skdclskt,,,,,0
15,su76nhj9,,0,221,220,post_exp,FinalForProlific,2026-05-05 16:24:26.343041,1,,,5506.0,3,,0.0,9386577d-20fa-4927-a27d-261b95e06a71,4572.63,25.0,8.0,200.0,4772.63,,2600.0,20.0,60.0,3,"{""forecast_price_next_day"":60,""forecast_confidence_next_day"":3}",60.0,20.0,1,,,3,fd183cda-64d7-4787-9044-20debaf104a5,https://london-trader-6b45bffdcd02.herokuapp.com,wss://london-trader-6b45bffdcd02.herokuapp.com,,1,6,nh,non_gamified,human_only,0.0,0,15,"[8.0, 8.0, 20.0, 20.0, 4.0, 20.0, 4.0, 20.0, 0.0, 8.0, 8.0, 8.0, 8.0, 8.0, 4.0, 4.0, 20.0, 0.0, 0.0, 8.0, 4.0, 4.0, 4.0, 20.0, 8.0, 8.0, 0.0, 8.0, 4.0, 4.0]",58.0,58.0,12,skdclskt,,,,,0
16,c2m857p1,,0,221,220,post_exp,FinalForProlific,2026-05-05 16:24:26.356865,1,,,5566.0,4,,0.0,ec5338be-31ec-409f-8fe0-d044c43f333a,5136.0,12.0,8.0,96.0,5232.0,,3800.0,10.0,64.0,2,"{""forecast_price_next_day"":63.5,""forecast_confidence_next_day"":2}",60.0,0.0,1,,,3,fd183cda-64d7-4787-9044-20debaf104a5,https://london-trader-6b45bffdcd02.herokuapp.com,wss://london-trader-6b45bffdcd02.herokuapp.com,,1,6,nh,non_gamified,human_only,0.0,0,15,"[8.0, 8.0, 20.0, 20.0, 4.0, 20.0, 4.0, 20.0, 0.0, 8.0, 8.0, 8.0, 8.0, 8.0, 4.0, 4.0, 20.0, 0.0, 0.0, 8.0, 4.0, 4.0, 4.0, 20.0, 8.0, 8.0, 0.0, 8.0, 4.0, 4.0]",58.0,58.0,12,skdclskt,,,,,0
17,r6xuxcar,,0,221,220,post_exp,FinalForProlific,2026-05-05 16:24:26.366557,1,,,4396.0,5,,0.0,af4b90ba-123e-40d8-8867-b4991469cd39,5200.25,18.0,8.0,144.0,5344.25,,2600.0,20.0,55.0,4,"{""forecast_price_next_day"":55,""forecast_confidence_next_day"":4}",60.0,0.0,1,,,3,fd183cda-64d7-4787-9044-20debaf104a5,https://london-trader-6b45bffdcd02.herokuapp.com,wss://london-trader-6b45bffdcd02.herokuapp.com,,1,6,nh,non_gamified,human_only,0.0,0,15,"[8.0, 8.0, 20.0, 20.0, 4.0, 20.0, 4.0, 20.0, 0.0, 8.0, 8.0, 8.0, 8.0, 8.0, 4.0, 4.0, 20.0, 0.0, 0.0, 8.0, 4.0, 4.0, 4.0, 20.0, 8.0, 8.0, 0.0, 8.0, 4.0, 4.0]",58.0,58.0,12,skdclskt,,,,,0
18,2y2lzizt,,0,221,220,post_exp,FinalForProlific,2026-05-05 16:24:26.378109,1,,,4734.0,6,,0.0,8d9117f6-c825-440d-86c0-64b78e6ca745,5106.75,11.0,8.0,88.0,5194.75,,3800.0,10.0,63.0,3,"{""forecast_price_next_day"":63,""forecast_confidence_next_day"":3}",60.0,20.0,1,,,3,fd183cda-64d7-4787-9044-20debaf104a5,https://london-trader-6b45bffdcd02.herokuapp.com,wss://london-trader-6b45bffdcd02.herokuapp.com,,1,6,nh,non_gamified,human_only,0.0,0,15,"[8.0, 8.0, 20.0, 20.0, 4.0, 20.0, 4.0, 20.0, 0.0, 8.0, 8.0, 8.0, 8.0, 8.0, 4.0, 4.0, 20.0, 0.0, 0.0, 8.0, 4.0, 4.0, 4.0, 20.0, 8.0, 8.0, 0.0, 8.0, 4.0, 4.0]",58.0,58.0,12,skdclskt,,,,,0
19,0qc91a5a,,0,221,220,post_exp,FinalForProlific,2026-05-05 16:24:26.388408,1,,,6523.0,1,,0.0,55c5cbcc-f638-40ab-a1b6-dbe37fa8f72a,5669.0,13.0,8.0,104.0,5773.0,,2600.0,20.0,24.0,5,"{""forecast_price_next_day"":24,""forecast_confidence_next_day"":5}",40.0,0.0,1,,,4,761eb99e-1c3d-45b4-81f7-8e5171ffd767,https://london-trader-6b45bffdcd02.herokuapp.com,wss://london-trader-6b45bffdcd02.herokuapp.com,,1,6,nh,non_gamified,human_only,0.0,0,15,"[8.0, 8.0, 20.0, 20.0, 4.0, 20.0, 4.0, 20.0, 0.0, 8.0, 8.0, 8.0, 8.0, 8.0, 4.0, 4.0, 20.0, 0.0, 0.0, 8.0, 4.0, 4.0, 4.0, 20.0, 8.0, 8.0, 0.0, 8.0, 4.0, 4.0]",60.0,60.0,12,skdclskt,,,,,0
20,2vy9s3px,,0,221,220,post_exp,FinalForProlific,2026-05-05 16:24:26.408267,1,,,5050.0,2,,0.0,d0d3f9d6-0176-4278-9bff-7f8b809b6060,4458.0,23.0,8.0,184.0,4642.0,,3800.0,10.0,70.0,4,"{""forecast_price_next_day"":70,""forecast_confidence_next_day"":4}",40.0,0.0,1,,,4,761eb99e-1c3d-45b4-81f7-8e5171ffd767,https://london-trader-6b45bffdcd02.herokuapp.com,wss://london-trader-6b45bffdcd02.herokuapp.com,,1,6,nh,non_gamified,human_only,0.0,0,15,"[8.0, 8.0, 20.0, 20.0, 4.0, 20.0, 4.0, 20.0, 0.0, 8.0, 8.0, 8.0, 8.0, 8.0, 4.0, 4.0, 20.0, 0.0, 0.0, 8.0, 4.0, 4.0, 4.0, 20.0, 8.0, 8.0, 0.0, 8.0, 4.0, 4.0]",60.0,60.0,12,skdclskt,,,,,0
21,87uw2jck,,0,221,220,post_exp,FinalForProlific,2026-05-05 16:24:26.421889,1,,,5633.0,3,,0.0,83ea937e-d412-4809-a354-3f08485f32fe,4942.01,24.0,8.0,192.0,5134.01,,2600.0,20.0,4.0,4,"{""forecast_price_next_day"":4,""forecast_confidence_next_day"":4}",40.0,0.0,1,,,4,761eb99e-1c3d-45b4-81f7-8e5171ffd767,https://london-trader-6b45bffdcd02.herokuapp.com,wss://london-trader-6b45bffdcd02.herokuapp.com,,1,6,nh,non_gamified,human_only,0.0,0,15,"[8.0, 8.0, 20.0, 20.0, 4.0, 20.0, 4.0, 20.0, 0.0, 8.0, 8.0, 8.0, 8.0, 8.0, 4.0, 4.0, 20.0, 0.0, 0.0, 8.0, 4.0, 4.0, 4.0, 20.0, 8.0, 8.0, 0.0, 8.0, 4.0, 4.0]",60.0,60.0,12,skdclskt,,,,,0
22,3ftocepp,,0,221,220,post_exp,FinalForProlific,2026-05-05 16:24:26.437680,1,,,5815.0,4,,0.0,93e6dd41-cfb5-4bb9-975b-e548014b48e6,5530.0,7.0,8.0,56.0,5586.0,,3800.0,10.0,5600.0,4,"{""forecast_price_next_day"":5600,""forecast_confidence_next_day"":4}",40.0,0.0,1,,,4,761eb99e-1c3d-45b4-81f7-8e5171ffd767,https://london-trader-6b45bffdcd02.herokuapp.com,wss://london-trader-6b45bffdcd02.herokuapp.com,,1,6,nh,non_gamified,human_only,0.0,0,15,"[8.0, 8.0, 20.0, 20.0, 4.0, 20.0, 4.0, 20.0, 0.0, 8.0, 8.0, 8.0, 8.0, 8.0, 4.0, 4.0, 20.0, 0.0, 0.0, 8.0, 4.0, 4.0, 4.0, 20.0, 8.0, 8.0, 0.0, 8.0, 4.0, 4.0]",60.0,60.0,12,skdclskt,,,,,0
23,xz3dh0k4,,0,221,220,post_exp,FinalForProlific,2026-05-05 16:24:26.453575,1,,,5047.0,5,,0.0,b5055fcc-e732-4b8e-bd98-e6bfe626b3db,4538.99,20.0,8.0,160.0,4698.99,,2600.0,20.0,85.0,3,"{""forecast_price_next_day"":85,""forecast_confidence_next_day"":3}",40.0,0.0,1,,,4,761eb99e-1c3d-45b4-81f7-8e5171ffd767,https://london-trader-6b45bffdcd02.herokuapp.com,wss://london-trader-6b45bffdcd02.herokuapp.com,,1,6,nh,non_gamified,human_only,0.0,0,15,"[8.0, 8.0, 20.0, 20.0, 4.0, 20.0, 4.0, 20.0, 0.0, 8.0, 8.0, 8.0, 8.0, 8.0, 4.0, 4.0, 20.0, 0.0, 0.0, 8.0, 4.0, 4.0, 4.0, 20.0, 8.0, 8.0, 0.0, 8.0, 4.0, 4.0]",60.0,60.0,12,skdclskt,,,,,0
24,x7l4wbwx,,0,221,220,post_exp,FinalForProlific,2026-05-05 16:24:26.462816,1,,,5091.0,6,,0.0,18f4a824-eb92-48ce-a99f-c0cb78a57cf2,5098.0,9.0,8.0,72.0,5170.0,,3800.0,10.0,20.0,1,"{""forecast_price_next_day"":20,""forecast_confidence_next_day"":1}",40.0,0.0,1,,,4,761eb99e-1c3d-45b4-81f7-8e5171ffd767,https://london-trader-6b45bffdcd02.herokuapp.com,wss://london-trader-6b45bffdcd02.herokuapp.com,,1,6,nh,non_gamified,human_only,0.0,0,15,"[8.0, 8.0, 20.0, 20.0, 4.0, 20.0, 4.0, 20.0, 0.0, 8.0, 8.0, 8.0, 8.0, 8.0, 4.0, 4.0, 20.0, 0.0, 0.0, 8.0, 4.0, 4.0, 4.0, 20.0, 8.0, 8.0, 0.0, 8.0, 4.0, 4.0]",60.0,60.0,12,skdclskt,,,,,0
1,9bv3gi2y,,0,221,220,post_exp,FinalForProlific,2026-05-05 16:24:25.907795,1,,,6097.0,1,,0.0,8f572d20-95a7-46ba-ba2a-8e808117b347,5429.0,9.0,8.0,72.0,5501.0,,2600.0,20.0,,,,,0.0,0,,,1,6f73b226-f3d6-453b-bec2-d4fe1457f0e7,https://london-trader-6b45bffdcd02.herokuapp.com,wss://london-trader-6b45bffdcd02.herokuapp.com,,1,6,gh,gamified,human_only,0.0,0,15,"[8.0, 8.0, 20.0, 20.0, 4.0, 20.0, 4.0, 20.0, 0.0, 8.0, 8.0, 8.0, 8.0, 8.0, 4.0, 4.0, 20.0, 0.0, 0.0, 8.0, 4.0, 4.0, 4.0, 20.0, 8.0, 8.0, 0.0, 8.0, 4.0, 4.0]",30.0,30.0,13,skdclskt,,,,,0
2,1tnknpce,,0,221,220,post_exp,FinalForProlific,2026-05-05 16:24:26.237055,1,,,4685.0,2,,0.0,0d49a0af-7711-49c1-a980-1ce4cb747f19,4301.12,26.0,8.0,208.0,4509.12,,3800.0,10.0,,,,,0.0,0,,,1,6f73b226-f3d6-453b-bec2-d4fe1457f0e7,https://london-trader-6b45bffdcd02.herokuapp.com,wss://london-trader-6b45bffdcd02.herokuapp.com,,1,6,gh,gamified,human_only,0.0,0,15,"[8.0, 8.0, 20.0, 20.0, 4.0, 20.0, 4.0, 20.0, 0.0, 8.0, 8.0, 8.0, 8.0, 8.0, 4.0, 4.0, 20.0, 0.0, 0.0, 8.0, 4.0, 4.0, 4.0, 20.0, 8.0, 8.0, 0.0, 8.0, 4.0, 4.0]",30.0,30.0,13,skdclskt,,,,,0
3,zkl94ida,,0,221,220,post_exp,FinalForProlific,2026-05-05 16:24:26.243811,1,,,7353.0,3,,0.0,261c9bee-da67-4d1d-8144-87becb48c51d,7153.38,0.0,8.0,0.0,7153.38,,2600.0,20.0,,,,,0.0,0,,,1,6f73b226-f3d6-453b-bec2-d4fe1457f0e7,https://london-trader-6b45bffdcd02.herokuapp.com,wss://london-trader-6b45bffdcd02.herokuapp.com,,1,6,gh,gamified,human_only,0.0,0,15,"[8.0, 8.0, 20.0, 20.0, 4.0, 20.0, 4.0, 20.0, 0.0, 8.0, 8.0, 8.0, 8.0, 8.0, 4.0, 4.0, 20.0, 0.0, 0.0, 8.0, 4.0, 4.0, 4.0, 20.0, 8.0, 8.0, 0.0, 8.0, 4.0, 4.0]",30.0,30.0,13,skdclskt,,,,,0
4,h7nk13vs,,0,221,220,post_exp,FinalForProlific,2026-05-05 16:24:26.249481,1,,,5148.0,4,,0.0,f1ebfa30-9819-4739-bb3e-139f3ebb772b,4707.93,12.0,8.0,96.0,4803.93,,3800.0,10.0,,,,,0.0,0,,,1,6f73b226-f3d6-453b-bec2-d4fe1457f0e7,https://london-trader-6b45bffdcd02.herokuapp.com,wss://london-trader-6b45bffdcd02.herokuapp.com,,1,6,gh,gamified,human_only,0.0,0,15,"[8.0, 8.0, 20.0, 20.0, 4.0, 20.0, 4.0, 20.0, 0.0, 8.0, 8.0, 8.0, 8.0, 8.0, 4.0, 4.0, 20.0, 0.0, 0.0, 8.0, 4.0, 4.0, 4.0, 20.0, 8.0, 8.0, 0.0, 8.0, 4.0, 4.0]",30.0,30.0,13,skdclskt,,,,,0
5,8rrxo8mh,,0,221,220,post_exp,FinalForProlific,2026-05-05 16:24:26.255568,1,,,5698.0,5,,0.0,239c3d76-053a-40ec-a8c7-ed2420592ca4,5116.999999999999,24.0,8.0,192.0,5308.999999999999,,2600.0,20.0,,,,,0.0,0,,,1,6f73b226-f3d6-453b-bec2-d4fe1457f0e7,https://london-trader-6b45bffdcd02.herokuapp.com,wss://london-trader-6b45bffdcd02.herokuapp.com,,1,6,gh,gamified,human_only,0.0,0,15,"[8.0, 8.0, 20.0, 20.0, 4.0, 20.0, 4.0, 20.0, 0.0, 8.0, 8.0, 8.0, 8.0, 8.0, 4.0, 4.0, 20.0, 0.0, 0.0, 8.0, 4.0, 4.0, 4.0, 20.0, 8.0, 8.0, 0.0, 8.0, 4.0, 4.0]",30.0,30.0,13,skdclskt,,,,,0
6,53wkzdsp,,0,221,220,post_exp,FinalForProlific,2026-05-05 16:24:26.261968,1,,,5089.0,6,,0.0,54ceb134-b66d-4f4f-8ffb-b677a3be5d9d,4463.570000000001,21.0,8.0,168.0,4631.570000000001,,3800.0,10.0,,,,,0.0,0,,,1,6f73b226-f3d6-453b-bec2-d4fe1457f0e7,https://london-trader-6b45bffdcd02.herokuapp.com,wss://london-trader-6b45bffdcd02.herokuapp.com,,1,6,gh,gamified,human_only,0.0,0,15,"[8.0, 8.0, 20.0, 20.0, 4.0, 20.0, 4.0, 20.0, 0.0, 8.0, 8.0, 8.0, 8.0, 8.0, 4.0, 4.0, 20.0, 0.0, 0.0, 8.0, 4.0, 4.0, 4.0, 20.0, 8.0, 8.0, 0.0, 8.0, 4.0, 4.0]",30.0,30.0,13,skdclskt,,,,,0
7,2tmxyq59,,0,221,220,post_exp,FinalForProlific,2026-05-05 16:24:26.267852,1,,,5570.0,1,,0.0,d9d68e96-849c-41c0-8094-a55ca3b3a355,6371.0,6.0,8.0,48.0,6419.0,,2600.0,20.0,,,,,0.0,0,,,2,07790da6-16e1-4c15-9884-8a76c7e84392,https://london-trader-6b45bffdcd02.herokuapp.com,wss://london-trader-6b45bffdcd02.herokuapp.com,,1,6,gh,gamified,human_only,0.0,0,15,"[8.0, 8.0, 20.0, 20.0, 4.0, 20.0, 4.0, 20.0, 0.0, 8.0, 8.0, 8.0, 8.0, 8.0, 4.0, 4.0, 20.0, 0.0, 0.0, 8.0, 4.0, 4.0, 4.0, 20.0, 8.0, 8.0, 0.0, 8.0, 4.0, 4.0]",109.0,109.0,13,skdclskt,,,,,0
8,klvgct3w,,0,221,220,post_exp,FinalForProlific,2026-05-05 16:24:26.277407,1,,,5086.0,2,,0.0,c97d7d05-3010-4231-8b4c-ad5e9ce763a8,4646.0,14.0,8.0,112.0,4758.0,,3800.0,10.0,,,,,0.0,0,,,2,07790da6-16e1-4c15-9884-8a76c7e84392,https://london-trader-6b45bffdcd02.herokuapp.com,wss://london-trader-6b45bffdcd02.herokuapp.com,,1,6,gh,gamified,human_only,0.0,0,15,"[8.0, 8.0, 20.0, 20.0, 4.0, 20.0, 4.0, 20.0, 0.0, 8.0, 8.0, 8.0, 8.0, 8.0, 4.0, 4.0, 20.0, 0.0, 0.0, 8.0, 4.0, 4.0, 4.0, 20.0, 8.0, 8.0, 0.0, 8.0, 4.0, 4.0]",109.0,109.0,13,skdclskt,,,,,0
9,fa5fpl4w,,0,221,220,post_exp,FinalForProlific,2026-05-05 16:24:26.284184,1,,,5251.0,3,,0.0,804b1c25-e400-485b-a0e0-2371a4903700,4935.0,23.0,8.0,184.0,5119.0,,2600.0,20.0,,,,,0.0,0,,,2,07790da6-16e1-4c15-9884-8a76c7e84392,https://london-trader-6b45bffdcd02.herokuapp.com,wss://london-trader-6b45bffdcd02.herokuapp.com,,1,6,gh,gamified,human_only,0.0,0,15,"[8.0, 8.0, 20.0, 20.0, 4.0, 20.0, 4.0, 20.0, 0.0, 8.0, 8.0, 8.0, 8.0, 8.0, 4.0, 4.0, 20.0, 0.0, 0.0, 8.0, 4.0, 4.0, 4.0, 20.0, 8.0, 8.0, 0.0, 8.0, 4.0, 4.0]",109.0,109.0,13,skdclskt,,,,,0
10,0sa5xwid,,0,221,220,post_exp,FinalForProlific,2026-05-05 16:24:26.290374,1,,,5140.0,4,,0.0,7b242fc9-bd1b-4836-a718-b85e1c1a176b,5100.0,12.0,8.0,96.0,5196.0,,3800.0,10.0,,,,,0.0,0,,,2,07790da6-16e1-4c15-9884-8a76c7e84392,https://london-trader-6b45bffdcd02.herokuapp.com,wss://london-trader-6b45bffdcd02.herokuapp.com,,1,6,gh,gamified,human_only,0.0,0,15,"[8.0, 8.0, 20.0, 20.0, 4.0, 20.0, 4.0, 20.0, 0.0, 8.0, 8.0, 8.0, 8.0, 8.0, 4.0, 4.0, 20.0, 0.0, 0.0, 8.0, 4.0, 4.0, 4.0, 20.0, 8.0, 8.0, 0.0, 8.0, 4.0, 4.0]",109.0,109.0,13,skdclskt,,,,,0
11,w5nuyib0,,0,221,220,post_exp,FinalForProlific,2026-05-05 16:24:26.299295,1,,,4813.0,5,,0.0,29625c5b-f726-4de1-8b9e-9c49743b4cab,4980.0,22.0,8.0,176.0,5156.0,,2600.0,20.0,,,,,0.0,0,,,2,07790da6-16e1-4c15-9884-8a76c7e84392,https://london-trader-6b45bffdcd02.herokuapp.com,wss://london-trader-6b45bffdcd02.herokuapp.com,,1,6,gh,gamified,human_only,0.0,0,15,"[8.0, 8.0, 20.0, 20.0, 4.0, 20.0, 4.0, 20.0, 0.0, 8.0, 8.0, 8.0, 8.0, 8.0, 4.0, 4.0, 20.0, 0.0, 0.0, 8.0, 4.0, 4.0, 4.0, 20.0, 8.0, 8.0, 0.0, 8.0, 4.0, 4.0]",109.0,109.0,13,skdclskt,,,,,0
12,s1twfhpt,,0,221,220,post_exp,FinalForProlific,2026-05-05 16:24:26.305361,1,,,4871.0,6,,0.0,4b51a285-57d1-4d32-aa02-d36f8179ed63,4868.0,15.0,8.0,120.0,4988.0,,3800.0,10.0,,,,,0.0,0,,,2,07790da6-16e1-4c15-9884-8a76c7e84392,https://london-trader-6b45bffdcd02.herokuapp.com,wss://london-trader-6b45bffdcd02.herokuapp.com,,1,6,gh,gamified,human_only,0.0,0,15,"[8.0, 8.0, 20.0, 20.0, 4.0, 20.0, 4.0, 20.0, 0.0, 8.0, 8.0, 8.0, 8.0, 8.0, 4.0, 4.0, 20.0, 0.0, 0.0, 8.0, 4.0, 4.0, 4.0, 20.0, 8.0, 8.0, 0.0, 8.0, 4.0, 4.0]",109.0,109.0,13,skdclskt,,,,,0
13,tqeatlds,,0,221,220,post_exp,FinalForProlific,2026-05-05 16:24:26.312482,1,,,5561.0,1,,0.0,28c69508-f4f9-4c0e-a6a0-a4d5b22b7830,4591.99,23.0,8.0,184.0,4775.99,,2600.0,20.0,,,,,0.0,0,,,3,fd183cda-64d7-4787-9044-20debaf104a5,https://london-trader-6b45bffdcd02.herokuapp.com,wss://london-trader-6b45bffdcd02.herokuapp.com,,1,6,nh,non_gamified,human_only,0.0,0,15,"[8.0, 8.0, 20.0, 20.0, 4.0, 20.0, 4.0, 20.0, 0.0, 8.0, 8.0, 8.0, 8.0, 8.0, 4.0, 4.0, 20.0, 0.0, 0.0, 8.0, 4.0, 4.0, 4.0, 20.0, 8.0, 8.0, 0.0, 8.0, 4.0, 4.0]",60.0,60.0,13,skdclskt,,,,,0
14,nu7ykbgx,,0,221,220,post_exp,FinalForProlific,2026-05-05 16:24:26.328130,1,,,5985.0,2,,0.0,240f44aa-0d38-416e-a4df-3e0d3cc49536,5603.75,8.0,8.0,64.0,5667.75,,3800.0,10.0,,,,,0.0,0,,,3,fd183cda-64d7-4787-9044-20debaf104a5,https://london-trader-6b45bffdcd02.herokuapp.com,wss://london-trader-6b45bffdcd02.herokuapp.com,,1,6,nh,non_gamified,human_only,0.0,0,15,"[8.0, 8.0, 20.0, 20.0, 4.0, 20.0, 4.0, 20.0, 0.0, 8.0, 8.0, 8.0, 8.0, 8.0, 4.0, 4.0, 20.0, 0.0, 0.0, 8.0, 4.0, 4.0, 4.0, 20.0, 8.0, 8.0, 0.0, 8.0, 4.0, 4.0]",60.0,60.0,13,skdclskt,,,,,0
15,su76nhj9,,0,221,220,post_exp,FinalForProlific,2026-05-05 16:24:26.343041,1,,,5506.0,3,,0.0,9386577d-20fa-4927-a27d-261b95e06a71,5011.76,20.0,8.0,160.0,5171.76,,2600.0,20.0,,,,,0.0,0,,,3,fd183cda-64d7-4787-9044-20debaf104a5,https://london-trader-6b45bffdcd02.herokuapp.com,wss://london-trader-6b45bffdcd02.herokuapp.com,,1,6,nh,non_gamified,human_only,0.0,0,15,"[8.0, 8.0, 20.0, 20.0, 4.0, 20.0, 4.0, 20.0, 0.0, 8.0, 8.0, 8.0, 8.0, 8.0, 4.0, 4.0, 20.0, 0.0, 0.0, 8.0, 4.0, 4.0, 4.0, 20.0, 8.0, 8.0, 0.0, 8.0, 4.0, 4.0]",60.0,60.0,13,skdclskt,,,,,0
16,c2m857p1,,0,221,220,post_exp,FinalForProlific,2026-05-05 16:24:26.356865,1,,,5566.0,4,,0.0,ec5338be-31ec-409f-8fe0-d044c43f333a,5232.0,13.0,8.0,104.0,5336.0,,3800.0,10.0,,,,,0.0,0,,,3,fd183cda-64d7-4787-9044-20debaf104a5,https://london-trader-6b45bffdcd02.herokuapp.com,wss://london-trader-6b45bffdcd02.herokuapp.com,,1,6,nh,non_gamified,human_only,0.0,0,15,"[8.0, 8.0, 20.0, 20.0, 4.0, 20.0, 4.0, 20.0, 0.0, 8.0, 8.0, 8.0, 8.0, 8.0, 4.0, 4.0, 20.0, 0.0, 0.0, 8.0, 4.0, 4.0, 4.0, 20.0, 8.0, 8.0, 0.0, 8.0, 4.0, 4.0]",60.0,60.0,13,skdclskt,,,,,0
17,r6xuxcar,,0,221,220,post_exp,FinalForProlific,2026-05-05 16:24:26.366557,1,,,4396.0,5,,0.0,af4b90ba-123e-40d8-8867-b4991469cd39,5401.75,17.0,8.0,136.0,5537.75,,2600.0,20.0,,,,,0.0,0,,,3,fd183cda-64d7-4787-9044-20debaf104a5,https://london-trader-6b45bffdcd02.herokuapp.com,wss://london-trader-6b45bffdcd02.herokuapp.com,,1,6,nh,non_gamified,human_only,0.0,0,15,"[8.0, 8.0, 20.0, 20.0, 4.0, 20.0, 4.0, 20.0, 0.0, 8.0, 8.0, 8.0, 8.0, 8.0, 4.0, 4.0, 20.0, 0.0, 0.0, 8.0, 4.0, 4.0, 4.0, 20.0, 8.0, 8.0, 0.0, 8.0, 4.0, 4.0]",60.0,60.0,13,skdclskt,,,,,0
18,2y2lzizt,,0,221,220,post_exp,FinalForProlific,2026-05-05 16:24:26.378109,1,,,4734.0,6,,0.0,8d9117f6-c825-440d-86c0-64b78e6ca745,5134.75,12.0,8.0,96.0,5230.75,,3800.0,10.0,,,,,0.0,0,,,3,fd183cda-64d7-4787-9044-20debaf104a5,https://london-trader-6b45bffdcd02.herokuapp.com,wss://london-trader-6b45bffdcd02.herokuapp.com,,1,6,nh,non_gamified,human_only,0.0,0,15,"[8.0, 8.0, 20.0, 20.0, 4.0, 20.0, 4.0, 20.0, 0.0, 8.0, 8.0, 8.0, 8.0, 8.0, 4.0, 4.0, 20.0, 0.0, 0.0, 8.0, 4.0, 4.0, 4.0, 20.0, 8.0, 8.0, 0.0, 8.0, 4.0, 4.0]",60.0,60.0,13,skdclskt,,,,,0
19,0qc91a5a,,0,221,220,post_exp,FinalForProlific,2026-05-05 16:24:26.388408,1,,,6523.0,1,,0.0,55c5cbcc-f638-40ab-a1b6-dbe37fa8f72a,6144.0,8.0,8.0,64.0,6208.0,,2600.0,20.0,,,,,0.0,0,,,4,761eb99e-1c3d-45b4-81f7-8e5171ffd767,https://london-trader-6b45bffdcd02.herokuapp.com,wss://london-trader-6b45bffdcd02.herokuapp.com,,1,6,nh,non_gamified,human_only,0.0,0,15,"[8.0, 8.0, 20.0, 20.0, 4.0, 20.0, 4.0, 20.0, 0.0, 8.0, 8.0, 8.0, 8.0, 8.0, 4.0, 4.0, 20.0, 0.0, 0.0, 8.0, 4.0, 4.0, 4.0, 20.0, 8.0, 8.0, 0.0, 8.0, 4.0, 4.0]",40.0,40.0,13,skdclskt,,,,,0
20,2vy9s3px,,0,221,220,post_exp,FinalForProlific,2026-05-05 16:24:26.408267,1,,,5050.0,2,,0.0,d0d3f9d6-0176-4278-9bff-7f8b809b6060,4642.0,25.0,8.0,200.0,4842.0,,3800.0,10.0,,,,,0.0,0,,,4,761eb99e-1c3d-45b4-81f7-8e5171ffd767,https://london-trader-6b45bffdcd02.herokuapp.com,wss://london-trader-6b45bffdcd02.herokuapp.com,,1,6,nh,non_gamified,human_only,0.0,0,15,"[8.0, 8.0, 20.0, 20.0, 4.0, 20.0, 4.0, 20.0, 0.0, 8.0, 8.0, 8.0, 8.0, 8.0, 4.0, 4.0, 20.0, 0.0, 0.0, 8.0, 4.0, 4.0, 4.0, 20.0, 8.0, 8.0, 0.0, 8.0, 4.0, 4.0]",40.0,40.0,13,skdclskt,,,,,0
21,87uw2jck,,0,221,220,post_exp,FinalForProlific,2026-05-05 16:24:26.421889,1,,,5633.0,3,,0.0,83ea937e-d412-4809-a354-3f08485f32fe,4879.01,29.0,8.0,232.0,5111.01,,2600.0,20.0,,,,,0.0,0,,,4,761eb99e-1c3d-45b4-81f7-8e5171ffd767,https://london-trader-6b45bffdcd02.herokuapp.com,wss://london-trader-6b45bffdcd02.herokuapp.com,,1,6,nh,non_gamified,human_only,0.0,0,15,"[8.0, 8.0, 20.0, 20.0, 4.0, 20.0, 4.0, 20.0, 0.0, 8.0, 8.0, 8.0, 8.0, 8.0, 4.0, 4.0, 20.0, 0.0, 0.0, 8.0, 4.0, 4.0, 4.0, 20.0, 8.0, 8.0, 0.0, 8.0, 4.0, 4.0]",40.0,40.0,13,skdclskt,,,,,0
22,3ftocepp,,0,221,220,post_exp,FinalForProlific,2026-05-05 16:24:26.437680,1,,,5815.0,4,,0.0,93e6dd41-cfb5-4bb9-975b-e548014b48e6,5643.0,6.0,8.0,48.0,5691.0,,3800.0,10.0,,,,,0.0,0,,,4,761eb99e-1c3d-45b4-81f7-8e5171ffd767,https://london-trader-6b45bffdcd02.herokuapp.com,wss://london-trader-6b45bffdcd02.herokuapp.com,,1,6,nh,non_gamified,human_only,0.0,0,15,"[8.0, 8.0, 20.0, 20.0, 4.0, 20.0, 4.0, 20.0, 0.0, 8.0, 8.0, 8.0, 8.0, 8.0, 4.0, 4.0, 20.0, 0.0, 0.0, 8.0, 4.0, 4.0, 4.0, 20.0, 8.0, 8.0, 0.0, 8.0, 4.0, 4.0]",40.0,40.0,13,skdclskt,,,,,0
23,xz3dh0k4,,0,221,220,post_exp,FinalForProlific,2026-05-05 16:24:26.453575,1,,,5047.0,5,,0.0,b5055fcc-e732-4b8e-bd98-e6bfe626b3db,4525.99,21.0,8.0,168.0,4693.99,,2600.0,20.0,,,,,0.0,0,,,4,761eb99e-1c3d-45b4-81f7-8e5171ffd767,https://london-trader-6b45bffdcd02.herokuapp.com,wss://london-trader-6b45bffdcd02.herokuapp.com,,1,6,nh,non_gamified,human_only,0.0,0,15,"[8.0, 8.0, 20.0, 20.0, 4.0, 20.0, 4.0, 20.0, 0.0, 8.0, 8.0, 8.0, 8.0, 8.0, 4.0, 4.0, 20.0, 0.0, 0.0, 8.0, 4.0, 4.0, 4.0, 20.0, 8.0, 8.0, 0.0, 8.0, 4.0, 4.0]",40.0,40.0,13,skdclskt,,,,,0
24,x7l4wbwx,,0,221,220,post_exp,FinalForProlific,2026-05-05 16:24:26.462816,1,,,5091.0,6,,0.0,18f4a824-eb92-48ce-a99f-c0cb78a57cf2,5170.0,9.0,8.0,72.0,5242.0,,3800.0,10.0,,,,,0.0,0,,,4,761eb99e-1c3d-45b4-81f7-8e5171ffd767,https://london-trader-6b45bffdcd02.herokuapp.com,wss://london-trader-6b45bffdcd02.herokuapp.com,,1,6,nh,non_gamified,human_only,0.0,0,15,"[8.0, 8.0, 20.0, 20.0, 4.0, 20.0, 4.0, 20.0, 0.0, 8.0, 8.0, 8.0, 8.0, 8.0, 4.0, 4.0, 20.0, 0.0, 0.0, 8.0, 4.0, 4.0, 4.0, 20.0, 8.0, 8.0, 0.0, 8.0, 4.0, 4.0]",40.0,40.0,13,skdclskt,,,,,0
1,9bv3gi2y,,0,221,220,post_exp,FinalForProlific,2026-05-05 16:24:25.907795,1,,,6097.0,1,,0.0,8f572d20-95a7-46ba-ba2a-8e808117b347,5693.5,3.0,8.0,24.0,5717.5,,2600.0,20.0,,,,,0.0,0,,,1,6f73b226-f3d6-453b-bec2-d4fe1457f0e7,https://london-trader-6b45bffdcd02.herokuapp.com,wss://london-trader-6b45bffdcd02.herokuapp.com,,1,6,gh,gamified,human_only,0.0,0,15,"[8.0, 8.0, 20.0, 20.0, 4.0, 20.0, 4.0, 20.0, 0.0, 8.0, 8.0, 8.0, 8.0, 8.0, 4.0, 4.0, 20.0, 0.0, 0.0, 8.0, 4.0, 4.0, 4.0, 20.0, 8.0, 8.0, 0.0, 8.0, 4.0, 4.0]",39.5,39.5,14,skdclskt,,,,,0
2,1tnknpce,,0,221,220,post_exp,FinalForProlific,2026-05-05 16:24:26.237055,1,,,4685.0,2,,0.0,0d49a0af-7711-49c1-a980-1ce4cb747f19,4209.62,34.0,8.0,272.0,4481.62,,3800.0,10.0,,,,,0.0,0,,,1,6f73b226-f3d6-453b-bec2-d4fe1457f0e7,https://london-trader-6b45bffdcd02.herokuapp.com,wss://london-trader-6b45bffdcd02.herokuapp.com,,1,6,gh,gamified,human_only,0.0,0,15,"[8.0, 8.0, 20.0, 20.0, 4.0, 20.0, 4.0, 20.0, 0.0, 8.0, 8.0, 8.0, 8.0, 8.0, 4.0, 4.0, 20.0, 0.0, 0.0, 8.0, 4.0, 4.0, 4.0, 20.0, 8.0, 8.0, 0.0, 8.0, 4.0, 4.0]",39.5,39.5,14,skdclskt,,,,,0
3,zkl94ida,,0,221,220,post_exp,FinalForProlific,2026-05-05 16:24:26.243811,1,,,7353.0,3,,0.0,261c9bee-da67-4d1d-8144-87becb48c51d,7118.38,2.0,8.0,16.0,7134.38,,2600.0,20.0,,,,,0.0,0,,,1,6f73b226-f3d6-453b-bec2-d4fe1457f0e7,https://london-trader-6b45bffdcd02.herokuapp.com,wss://london-trader-6b45bffdcd02.herokuapp.com,,1,6,gh,gamified,human_only,0.0,0,15,"[8.0, 8.0, 20.0, 20.0, 4.0, 20.0, 4.0, 20.0, 0.0, 8.0, 8.0, 8.0, 8.0, 8.0, 4.0, 4.0, 20.0, 0.0, 0.0, 8.0, 4.0, 4.0, 4.0, 20.0, 8.0, 8.0, 0.0, 8.0, 4.0, 4.0]",39.5,39.5,14,skdclskt,,,,,0
4,h7nk13vs,,0,221,220,post_exp,FinalForProlific,2026-05-05 16:24:26.249481,1,,,5148.0,4,,0.0,f1ebfa30-9819-4739-bb3e-139f3ebb772b,4838.93,10.0,8.0,80.0,4918.93,,3800.0,10.0,,,,,0.0,0,,,1,6f73b226-f3d6-453b-bec2-d4fe1457f0e7,https://london-trader-6b45bffdcd02.herokuapp.com,wss://london-trader-6b45bffdcd02.herokuapp.com,,1,6,gh,gamified,human_only,0.0,0,15,"[8.0, 8.0, 20.0, 20.0, 4.0, 20.0, 4.0, 20.0, 0.0, 8.0, 8.0, 8.0, 8.0, 8.0, 4.0, 4.0, 20.0, 0.0, 0.0, 8.0, 4.0, 4.0, 4.0, 20.0, 8.0, 8.0, 0.0, 8.0, 4.0, 4.0]",39.5,39.5,14,skdclskt,,,,,0
5,8rrxo8mh,,0,221,220,post_exp,FinalForProlific,2026-05-05 16:24:26.255568,1,,,5698.0,5,,0.0,239c3d76-053a-40ec-a8c7-ed2420592ca4,5303.999999999999,24.0,8.0,192.0,5495.999999999999,,2600.0,20.0,,,,,0.0,0,,,1,6f73b226-f3d6-453b-bec2-d4fe1457f0e7,https://london-trader-6b45bffdcd02.herokuapp.com,wss://london-trader-6b45bffdcd02.herokuapp.com,,1,6,gh,gamified,human_only,0.0,0,15,"[8.0, 8.0, 20.0, 20.0, 4.0, 20.0, 4.0, 20.0, 0.0, 8.0, 8.0, 8.0, 8.0, 8.0, 4.0, 4.0, 20.0, 0.0, 0.0, 8.0, 4.0, 4.0, 4.0, 20.0, 8.0, 8.0, 0.0, 8.0, 4.0, 4.0]",39.5,39.5,14,skdclskt,,,,,0
6,53wkzdsp,,0,221,220,post_exp,FinalForProlific,2026-05-05 16:24:26.261968,1,,,5089.0,6,,0.0,54ceb134-b66d-4f4f-8ffb-b677a3be5d9d,4743.570000000001,18.0,8.0,144.0,4887.570000000001,,3800.0,10.0,,,,,0.0,0,,,1,6f73b226-f3d6-453b-bec2-d4fe1457f0e7,https://london-trader-6b45bffdcd02.herokuapp.com,wss://london-trader-6b45bffdcd02.herokuapp.com,,1,6,gh,gamified,human_only,0.0,0,15,"[8.0, 8.0, 20.0, 20.0, 4.0, 20.0, 4.0, 20.0, 0.0, 8.0, 8.0, 8.0, 8.0, 8.0, 4.0, 4.0, 20.0, 0.0, 0.0, 8.0, 4.0, 4.0, 4.0, 20.0, 8.0, 8.0, 0.0, 8.0, 4.0, 4.0]",39.5,39.5,14,skdclskt,,,,,0
7,2tmxyq59,,0,221,220,post_exp,FinalForProlific,2026-05-05 16:24:26.267852,1,,,5570.0,1,,0.0,d9d68e96-849c-41c0-8094-a55ca3b3a355,6803.0,0.0,8.0,0.0,6803.0,,2600.0,20.0,,,,,0.0,0,,,2,07790da6-16e1-4c15-9884-8a76c7e84392,https://london-trader-6b45bffdcd02.herokuapp.com,wss://london-trader-6b45bffdcd02.herokuapp.com,,1,6,gh,gamified,human_only,0.0,0,15,"[8.0, 8.0, 20.0, 20.0, 4.0, 20.0, 4.0, 20.0, 0.0, 8.0, 8.0, 8.0, 8.0, 8.0, 4.0, 4.0, 20.0, 0.0, 0.0, 8.0, 4.0, 4.0, 4.0, 20.0, 8.0, 8.0, 0.0, 8.0, 4.0, 4.0]",95.0,95.0,14,skdclskt,,,,,0
8,klvgct3w,,0,221,220,post_exp,FinalForProlific,2026-05-05 16:24:26.277407,1,,,5086.0,2,,0.0,c97d7d05-3010-4231-8b4c-ad5e9ce763a8,4758.0,14.0,8.0,112.0,4870.0,,3800.0,10.0,,,,,0.0,0,,,2,07790da6-16e1-4c15-9884-8a76c7e84392,https://london-trader-6b45bffdcd02.herokuapp.com,wss://london-trader-6b45bffdcd02.herokuapp.com,,1,6,gh,gamified,human_only,0.0,0,15,"[8.0, 8.0, 20.0, 20.0, 4.0, 20.0, 4.0, 20.0, 0.0, 8.0, 8.0, 8.0, 8.0, 8.0, 4.0, 4.0, 20.0, 0.0, 0.0, 8.0, 4.0, 4.0, 4.0, 20.0, 8.0, 8.0, 0.0, 8.0, 4.0, 4.0]",95.0,95.0,14,skdclskt,,,,,0
9,fa5fpl4w,,0,221,220,post_exp,FinalForProlific,2026-05-05 16:24:26.284184,1,,,5251.0,3,,0.0,804b1c25-e400-485b-a0e0-2371a4903700,4944.0,26.0,8.0,208.0,5152.0,,2600.0,20.0,,,,,0.0,0,,,2,07790da6-16e1-4c15-9884-8a76c7e84392,https://london-trader-6b45bffdcd02.herokuapp.com,wss://london-trader-6b45bffdcd02.herokuapp.com,,1,6,gh,gamified,human_only,0.0,0,15,"[8.0, 8.0, 20.0, 20.0, 4.0, 20.0, 4.0, 20.0, 0.0, 8.0, 8.0, 8.0, 8.0, 8.0, 4.0, 4.0, 20.0, 0.0, 0.0, 8.0, 4.0, 4.0, 4.0, 20.0, 8.0, 8.0, 0.0, 8.0, 4.0, 4.0]",95.0,95.0,14,skdclskt,,,,,0
10,0sa5xwid,,0,221,220,post_exp,FinalForProlific,2026-05-05 16:24:26.290374,1,,,5140.0,4,,0.0,7b242fc9-bd1b-4836-a718-b85e1c1a176b,5081.0,13.0,8.0,104.0,5185.0,,3800.0,10.0,,,,,0.0,0,,,2,07790da6-16e1-4c15-9884-8a76c7e84392,https://london-trader-6b45bffdcd02.herokuapp.com,wss://london-trader-6b45bffdcd02.herokuapp.com,,1,6,gh,gamified,human_only,0.0,0,15,"[8.0, 8.0, 20.0, 20.0, 4.0, 20.0, 4.0, 20.0, 0.0, 8.0, 8.0, 8.0, 8.0, 8.0, 4.0, 4.0, 20.0, 0.0, 0.0, 8.0, 4.0, 4.0, 4.0, 20.0, 8.0, 8.0, 0.0, 8.0, 4.0, 4.0]",95.0,95.0,14,skdclskt,,,,,0
11,w5nuyib0,,0,221,220,post_exp,FinalForProlific,2026-05-05 16:24:26.299295,1,,,4813.0,5,,0.0,29625c5b-f726-4de1-8b9e-9c49743b4cab,4967.0,26.0,8.0,208.0,5175.0,,2600.0,20.0,,,,,0.0,0,,,2,07790da6-16e1-4c15-9884-8a76c7e84392,https://london-trader-6b45bffdcd02.herokuapp.com,wss://london-trader-6b45bffdcd02.herokuapp.com,,1,6,gh,gamified,human_only,0.0,0,15,"[8.0, 8.0, 20.0, 20.0, 4.0, 20.0, 4.0, 20.0, 0.0, 8.0, 8.0, 8.0, 8.0, 8.0, 4.0, 4.0, 20.0, 0.0, 0.0, 8.0, 4.0, 4.0, 4.0, 20.0, 8.0, 8.0, 0.0, 8.0, 4.0, 4.0]",95.0,95.0,14,skdclskt,,,,,0
12,s1twfhpt,,0,221,220,post_exp,FinalForProlific,2026-05-05 16:24:26.305361,1,,,4871.0,6,,0.0,4b51a285-57d1-4d32-aa02-d36f8179ed63,5083.0,15.0,8.0,120.0,5203.0,,3800.0,10.0,,,,,0.0,0,,,2,07790da6-16e1-4c15-9884-8a76c7e84392,https://london-trader-6b45bffdcd02.herokuapp.com,wss://london-trader-6b45bffdcd02.herokuapp.com,,1,6,gh,gamified,human_only,0.0,0,15,"[8.0, 8.0, 20.0, 20.0, 4.0, 20.0, 4.0, 20.0, 0.0, 8.0, 8.0, 8.0, 8.0, 8.0, 4.0, 4.0, 20.0, 0.0, 0.0, 8.0, 4.0, 4.0, 4.0, 20.0, 8.0, 8.0, 0.0, 8.0, 4.0, 4.0]",95.0,95.0,14,skdclskt,,,,,0
13,tqeatlds,,0,221,220,post_exp,FinalForProlific,2026-05-05 16:24:26.312482,1,,,5561.0,1,,0.0,28c69508-f4f9-4c0e-a6a0-a4d5b22b7830,5093.62,17.0,8.0,136.0,5229.62,,2600.0,20.0,,,,,0.0,0,,,3,fd183cda-64d7-4787-9044-20debaf104a5,https://london-trader-6b45bffdcd02.herokuapp.com,wss://london-trader-6b45bffdcd02.herokuapp.com,,1,6,nh,non_gamified,human_only,0.0,0,15,"[8.0, 8.0, 20.0, 20.0, 4.0, 20.0, 4.0, 20.0, 0.0, 8.0, 8.0, 8.0, 8.0, 8.0, 4.0, 4.0, 20.0, 0.0, 0.0, 8.0, 4.0, 4.0, 4.0, 20.0, 8.0, 8.0, 0.0, 8.0, 4.0, 4.0]",50.25,50.25,14,skdclskt,,,,,0
14,nu7ykbgx,,0,221,220,post_exp,FinalForProlific,2026-05-05 16:24:26.328130,1,,,5985.0,2,,0.0,240f44aa-0d38-416e-a4df-3e0d3cc49536,5736.75,10.0,8.0,80.0,5816.75,,3800.0,10.0,,,,,0.0,0,,,3,fd183cda-64d7-4787-9044-20debaf104a5,https://london-trader-6b45bffdcd02.herokuapp.com,wss://london-trader-6b45bffdcd02.herokuapp.com,,1,6,nh,non_gamified,human_only,0.0,0,15,"[8.0, 8.0, 20.0, 20.0, 4.0, 20.0, 4.0, 20.0, 0.0, 8.0, 8.0, 8.0, 8.0, 8.0, 4.0, 4.0, 20.0, 0.0, 0.0, 8.0, 4.0, 4.0, 4.0, 20.0, 8.0, 8.0, 0.0, 8.0, 4.0, 4.0]",50.25,50.25,14,skdclskt,,,,,0
15,su76nhj9,,0,221,220,post_exp,FinalForProlific,2026-05-05 16:24:26.343041,1,,,5506.0,3,,0.0,9386577d-20fa-4927-a27d-261b95e06a71,4963.13,23.0,8.0,184.0,5147.13,,2600.0,20.0,,,,,0.0,0,,,3,fd183cda-64d7-4787-9044-20debaf104a5,https://london-trader-6b45bffdcd02.herokuapp.com,wss://london-trader-6b45bffdcd02.herokuapp.com,,1,6,nh,non_gamified,human_only,0.0,0,15,"[8.0, 8.0, 20.0, 20.0, 4.0, 20.0, 4.0, 20.0, 0.0, 8.0, 8.0, 8.0, 8.0, 8.0, 4.0, 4.0, 20.0, 0.0, 0.0, 8.0, 4.0, 4.0, 4.0, 20.0, 8.0, 8.0, 0.0, 8.0, 4.0, 4.0]",50.25,50.25,14,skdclskt,,,,,0
16,c2m857p1,,0,221,220,post_exp,FinalForProlific,2026-05-05 16:24:26.356865,1,,,5566.0,4,,0.0,ec5338be-31ec-409f-8fe0-d044c43f333a,5277.0,14.0,8.0,112.0,5389.0,,3800.0,10.0,,,,,0.0,0,,,3,fd183cda-64d7-4787-9044-20debaf104a5,https://london-trader-6b45bffdcd02.herokuapp.com,wss://london-trader-6b45bffdcd02.herokuapp.com,,1,6,nh,non_gamified,human_only,0.0,0,15,"[8.0, 8.0, 20.0, 20.0, 4.0, 20.0, 4.0, 20.0, 0.0, 8.0, 8.0, 8.0, 8.0, 8.0, 4.0, 4.0, 20.0, 0.0, 0.0, 8.0, 4.0, 4.0, 4.0, 20.0, 8.0, 8.0, 0.0, 8.0, 4.0, 4.0]",50.25,50.25,14,skdclskt,,,,,0
17,r6xuxcar,,0,221,220,post_exp,FinalForProlific,2026-05-05 16:24:26.366557,1,,,4396.0,5,,0.0,af4b90ba-123e-40d8-8867-b4991469cd39,5537.75,18.0,8.0,144.0,5681.75,,2600.0,20.0,,,,,0.0,0,,,3,fd183cda-64d7-4787-9044-20debaf104a5,https://london-trader-6b45bffdcd02.herokuapp.com,wss://london-trader-6b45bffdcd02.herokuapp.com,,1,6,nh,non_gamified,human_only,0.0,0,15,"[8.0, 8.0, 20.0, 20.0, 4.0, 20.0, 4.0, 20.0, 0.0, 8.0, 8.0, 8.0, 8.0, 8.0, 4.0, 4.0, 20.0, 0.0, 0.0, 8.0, 4.0, 4.0, 4.0, 20.0, 8.0, 8.0, 0.0, 8.0, 4.0, 4.0]",50.25,50.25,14,skdclskt,,,,,0
18,2y2lzizt,,0,221,220,post_exp,FinalForProlific,2026-05-05 16:24:26.378109,1,,,4734.0,6,,0.0,8d9117f6-c825-440d-86c0-64b78e6ca745,5111.75,14.0,8.0,112.0,5223.75,,3800.0,10.0,,,,,0.0,0,,,3,fd183cda-64d7-4787-9044-20debaf104a5,https://london-trader-6b45bffdcd02.herokuapp.com,wss://london-trader-6b45bffdcd02.herokuapp.com,,1,6,nh,non_gamified,human_only,0.0,0,15,"[8.0, 8.0, 20.0, 20.0, 4.0, 20.0, 4.0, 20.0, 0.0, 8.0, 8.0, 8.0, 8.0, 8.0, 4.0, 4.0, 20.0, 0.0, 0.0, 8.0, 4.0, 4.0, 4.0, 20.0, 8.0, 8.0, 0.0, 8.0, 4.0, 4.0]",50.25,50.25,14,skdclskt,,,,,0
19,0qc91a5a,,0,221,220,post_exp,FinalForProlific,2026-05-05 16:24:26.388408,1,,,6523.0,1,,0.0,55c5cbcc-f638-40ab-a1b6-dbe37fa8f72a,6423.0,0.0,8.0,0.0,6423.0,,2600.0,20.0,,,,,0.0,0,,,4,761eb99e-1c3d-45b4-81f7-8e5171ffd767,https://london-trader-6b45bffdcd02.herokuapp.com,wss://london-trader-6b45bffdcd02.herokuapp.com,,1,6,nh,non_gamified,human_only,0.0,0,15,"[8.0, 8.0, 20.0, 20.0, 4.0, 20.0, 4.0, 20.0, 0.0, 8.0, 8.0, 8.0, 8.0, 8.0, 4.0, 4.0, 20.0, 0.0, 0.0, 8.0, 4.0, 4.0, 4.0, 20.0, 8.0, 8.0, 0.0, 8.0, 4.0, 4.0]",25.0,25.0,14,skdclskt,,,,,0
20,2vy9s3px,,0,221,220,post_exp,FinalForProlific,2026-05-05 16:24:26.408267,1,,,5050.0,2,,0.0,d0d3f9d6-0176-4278-9bff-7f8b809b6060,4767.0,24.0,8.0,192.0,4959.0,,3800.0,10.0,,,,,0.0,0,,,4,761eb99e-1c3d-45b4-81f7-8e5171ffd767,https://london-trader-6b45bffdcd02.herokuapp.com,wss://london-trader-6b45bffdcd02.herokuapp.com,,1,6,nh,non_gamified,human_only,0.0,0,15,"[8.0, 8.0, 20.0, 20.0, 4.0, 20.0, 4.0, 20.0, 0.0, 8.0, 8.0, 8.0, 8.0, 8.0, 4.0, 4.0, 20.0, 0.0, 0.0, 8.0, 4.0, 4.0, 4.0, 20.0, 8.0, 8.0, 0.0, 8.0, 4.0, 4.0]",25.0,25.0,14,skdclskt,,,,,0
21,87uw2jck,,0,221,220,post_exp,FinalForProlific,2026-05-05 16:24:26.421889,1,,,5633.0,3,,0.0,83ea937e-d412-4809-a354-3f08485f32fe,5076.01,30.0,8.0,240.0,5316.01,,2600.0,20.0,,,,,0.0,0,,,4,761eb99e-1c3d-45b4-81f7-8e5171ffd767,https://london-trader-6b45bffdcd02.herokuapp.com,wss://london-trader-6b45bffdcd02.herokuapp.com,,1,6,nh,non_gamified,human_only,0.0,0,15,"[8.0, 8.0, 20.0, 20.0, 4.0, 20.0, 4.0, 20.0, 0.0, 8.0, 8.0, 8.0, 8.0, 8.0, 4.0, 4.0, 20.0, 0.0, 0.0, 8.0, 4.0, 4.0, 4.0, 20.0, 8.0, 8.0, 0.0, 8.0, 4.0, 4.0]",25.0,25.0,14,skdclskt,,,,,0
22,3ftocepp,,0,221,220,post_exp,FinalForProlific,2026-05-05 16:24:26.437680,1,,,5815.0,4,,0.0,93e6dd41-cfb5-4bb9-975b-e548014b48e6,5669.0,7.0,8.0,56.0,5725.0,,3800.0,10.0,,,,,0.0,0,,,4,761eb99e-1c3d-45b4-81f7-8e5171ffd767,https://london-trader-6b45bffdcd02.herokuapp.com,wss://london-trader-6b45bffdcd02.herokuapp.com,,1,6,nh,non_gamified,human_only,0.0,0,15,"[8.0, 8.0, 20.0, 20.0, 4.0, 20.0, 4.0, 20.0, 0.0, 8.0, 8.0, 8.0, 8.0, 8.0, 4.0, 4.0, 20.0, 0.0, 0.0, 8.0, 4.0, 4.0, 4.0, 20.0, 8.0, 8.0, 0.0, 8.0, 4.0, 4.0]",25.0,25.0,14,skdclskt,,,,,0
23,xz3dh0k4,,0,221,220,post_exp,FinalForProlific,2026-05-05 16:24:26.453575,1,,,5047.0,5,,0.0,b5055fcc-e732-4b8e-bd98-e6bfe626b3db,4620.99,21.0,8.0,168.0,4788.99,,2600.0,20.0,,,,,0.0,0,,,4,761eb99e-1c3d-45b4-81f7-8e5171ffd767,https://london-trader-6b45bffdcd02.herokuapp.com,wss://london-trader-6b45bffdcd02.herokuapp.com,,1,6,nh,non_gamified,human_only,0.0,0,15,"[8.0, 8.0, 20.0, 20.0, 4.0, 20.0, 4.0, 20.0, 0.0, 8.0, 8.0, 8.0, 8.0, 8.0, 4.0, 4.0, 20.0, 0.0, 0.0, 8.0, 4.0, 4.0, 4.0, 20.0, 8.0, 8.0, 0.0, 8.0, 4.0, 4.0]",25.0,25.0,14,skdclskt,,,,,0
24,x7l4wbwx,,0,221,220,post_exp,FinalForProlific,2026-05-05 16:24:26.462816,1,,,5091.0,6,,0.0,18f4a824-eb92-48ce-a99f-c0cb78a57cf2,5232.0,10.0,8.0,80.0,5312.0,,3800.0,10.0,,,,,0.0,0,,,4,761eb99e-1c3d-45b4-81f7-8e5171ffd767,https://london-trader-6b45bffdcd02.herokuapp.com,wss://london-trader-6b45bffdcd02.herokuapp.com,,1,6,nh,non_gamified,human_only,0.0,0,15,"[8.0, 8.0, 20.0, 20.0, 4.0, 20.0, 4.0, 20.0, 0.0, 8.0, 8.0, 8.0, 8.0, 8.0, 4.0, 4.0, 20.0, 0.0, 0.0, 8.0, 4.0, 4.0, 4.0, 20.0, 8.0, 8.0, 0.0, 8.0, 4.0, 4.0]",25.0,25.0,14,skdclskt,,,,,0
1,9bv3gi2y,,0,221,220,post_exp,FinalForProlific,2026-05-05 16:24:25.907795,1,,,6097.0,1,,0.0,8f572d20-95a7-46ba-ba2a-8e808117b347,5785.0,0.0,4.0,0.0,5785.0,,2600.0,20.0,,,,,0.0,0,,,1,6f73b226-f3d6-453b-bec2-d4fe1457f0e7,https://london-trader-6b45bffdcd02.herokuapp.com,wss://london-trader-6b45bffdcd02.herokuapp.com,,1,6,gh,gamified,human_only,0.0,0,15,"[8.0, 8.0, 20.0, 20.0, 4.0, 20.0, 4.0, 20.0, 0.0, 8.0, 8.0, 8.0, 8.0, 8.0, 4.0, 4.0, 20.0, 0.0, 0.0, 8.0, 4.0, 4.0, 4.0, 20.0, 8.0, 8.0, 0.0, 8.0, 4.0, 4.0]",23.0,23.0,15,skdclskt,,,,,0
2,1tnknpce,,0,221,220,post_exp,FinalForProlific,2026-05-05 16:24:26.237055,1,,,4685.0,2,,0.0,0d49a0af-7711-49c1-a980-1ce4cb747f19,4431.12,36.0,4.0,144.0,4575.12,,3800.0,10.0,,,,,0.0,0,,,1,6f73b226-f3d6-453b-bec2-d4fe1457f0e7,https://london-trader-6b45bffdcd02.herokuapp.com,wss://london-trader-6b45bffdcd02.herokuapp.com,,1,6,gh,gamified,human_only,0.0,0,15,"[8.0, 8.0, 20.0, 20.0, 4.0, 20.0, 4.0, 20.0, 0.0, 8.0, 8.0, 8.0, 8.0, 8.0, 4.0, 4.0, 20.0, 0.0, 0.0, 8.0, 4.0, 4.0, 4.0, 20.0, 8.0, 8.0, 0.0, 8.0, 4.0, 4.0]",23.0,23.0,15,skdclskt,,,,,0
3,zkl94ida,,0,221,220,post_exp,FinalForProlific,2026-05-05 16:24:26.243811,1,,,7353.0,3,,0.0,261c9bee-da67-4d1d-8144-87becb48c51d,7163.38,0.0,4.0,0.0,7163.38,,2600.0,20.0,,,,,0.0,0,,,1,6f73b226-f3d6-453b-bec2-d4fe1457f0e7,https://london-trader-6b45bffdcd02.herokuapp.com,wss://london-trader-6b45bffdcd02.herokuapp.com,,1,6,gh,gamified,human_only,0.0,0,15,"[8.0, 8.0, 20.0, 20.0, 4.0, 20.0, 4.0, 20.0, 0.0, 8.0, 8.0, 8.0, 8.0, 8.0, 4.0, 4.0, 20.0, 0.0, 0.0, 8.0, 4.0, 4.0, 4.0, 20.0, 8.0, 8.0, 0.0, 8.0, 4.0, 4.0]",23.0,23.0,15,skdclskt,,,,,0
4,h7nk13vs,,0,221,220,post_exp,FinalForProlific,2026-05-05 16:24:26.249481,1,,,5148.0,4,,0.0,f1ebfa30-9819-4739-bb3e-139f3ebb772b,4995.93,8.0,4.0,32.0,5027.93,,3800.0,10.0,,,,,0.0,0,,,1,6f73b226-f3d6-453b-bec2-d4fe1457f0e7,https://london-trader-6b45bffdcd02.herokuapp.com,wss://london-trader-6b45bffdcd02.herokuapp.com,,1,6,gh,gamified,human_only,0.0,0,15,"[8.0, 8.0, 20.0, 20.0, 4.0, 20.0, 4.0, 20.0, 0.0, 8.0, 8.0, 8.0, 8.0, 8.0, 4.0, 4.0, 20.0, 0.0, 0.0, 8.0, 4.0, 4.0, 4.0, 20.0, 8.0, 8.0, 0.0, 8.0, 4.0, 4.0]",23.0,23.0,15,skdclskt,,,,,0
5,8rrxo8mh,,0,221,220,post_exp,FinalForProlific,2026-05-05 16:24:26.255568,1,,,5698.0,5,,0.0,239c3d76-053a-40ec-a8c7-ed2420592ca4,5411.869999999999,29.0,4.0,116.0,5527.869999999999,,2600.0,20.0,,,,,0.0,0,,,1,6f73b226-f3d6-453b-bec2-d4fe1457f0e7,https://london-trader-6b45bffdcd02.herokuapp.com,wss://london-trader-6b45bffdcd02.herokuapp.com,,1,6,gh,gamified,human_only,0.0,0,15,"[8.0, 8.0, 20.0, 20.0, 4.0, 20.0, 4.0, 20.0, 0.0, 8.0, 8.0, 8.0, 8.0, 8.0, 4.0, 4.0, 20.0, 0.0, 0.0, 8.0, 4.0, 4.0, 4.0, 20.0, 8.0, 8.0, 0.0, 8.0, 4.0, 4.0]",23.0,23.0,15,skdclskt,,,,,0
6,53wkzdsp,,0,221,220,post_exp,FinalForProlific,2026-05-05 16:24:26.261968,1,,,5089.0,6,,0.0,54ceb134-b66d-4f4f-8ffb-b677a3be5d9d,4848.700000000001,20.0,4.0,80.0,4928.700000000001,,3800.0,10.0,,,,,0.0,0,,,1,6f73b226-f3d6-453b-bec2-d4fe1457f0e7,https://london-trader-6b45bffdcd02.herokuapp.com,wss://london-trader-6b45bffdcd02.herokuapp.com,,1,6,gh,gamified,human_only,0.0,0,15,"[8.0, 8.0, 20.0, 20.0, 4.0, 20.0, 4.0, 20.0, 0.0, 8.0, 8.0, 8.0, 8.0, 8.0, 4.0, 4.0, 20.0, 0.0, 0.0, 8.0, 4.0, 4.0, 4.0, 20.0, 8.0, 8.0, 0.0, 8.0, 4.0, 4.0]",23.0,23.0,15,skdclskt,,,,,0
7,2tmxyq59,,0,221,220,post_exp,FinalForProlific,2026-05-05 16:24:26.267852,1,,,5570.0,1,,0.0,d9d68e96-849c-41c0-8094-a55ca3b3a355,6803.0,0.0,4.0,0.0,6803.0,,2600.0,20.0,,,,,0.0,0,,,2,07790da6-16e1-4c15-9884-8a76c7e84392,https://london-trader-6b45bffdcd02.herokuapp.com,wss://london-trader-6b45bffdcd02.herokuapp.com,,1,6,gh,gamified,human_only,0.0,0,15,"[8.0, 8.0, 20.0, 20.0, 4.0, 20.0, 4.0, 20.0, 0.0, 8.0, 8.0, 8.0, 8.0, 8.0, 4.0, 4.0, 20.0, 0.0, 0.0, 8.0, 4.0, 4.0, 4.0, 20.0, 8.0, 8.0, 0.0, 8.0, 4.0, 4.0]",100.0,100.0,15,skdclskt,,,,,0
8,klvgct3w,,0,221,220,post_exp,FinalForProlific,2026-05-05 16:24:26.277407,1,,,5086.0,2,,0.0,c97d7d05-3010-4231-8b4c-ad5e9ce763a8,4870.0,14.0,4.0,56.0,4926.0,,3800.0,10.0,,,,,0.0,0,,,2,07790da6-16e1-4c15-9884-8a76c7e84392,https://london-trader-6b45bffdcd02.herokuapp.com,wss://london-trader-6b45bffdcd02.herokuapp.com,,1,6,gh,gamified,human_only,0.0,0,15,"[8.0, 8.0, 20.0, 20.0, 4.0, 20.0, 4.0, 20.0, 0.0, 8.0, 8.0, 8.0, 8.0, 8.0, 4.0, 4.0, 20.0, 0.0, 0.0, 8.0, 4.0, 4.0, 4.0, 20.0, 8.0, 8.0, 0.0, 8.0, 4.0, 4.0]",100.0,100.0,15,skdclskt,,,,,0
9,fa5fpl4w,,0,221,220,post_exp,FinalForProlific,2026-05-05 16:24:26.284184,1,,,5251.0,3,,0.0,804b1c25-e400-485b-a0e0-2371a4903700,5053.0,27.0,4.0,108.0,5161.0,,2600.0,20.0,,,,,0.0,0,,,2,07790da6-16e1-4c15-9884-8a76c7e84392,https://london-trader-6b45bffdcd02.herokuapp.com,wss://london-trader-6b45bffdcd02.herokuapp.com,,1,6,gh,gamified,human_only,0.0,0,15,"[8.0, 8.0, 20.0, 20.0, 4.0, 20.0, 4.0, 20.0, 0.0, 8.0, 8.0, 8.0, 8.0, 8.0, 4.0, 4.0, 20.0, 0.0, 0.0, 8.0, 4.0, 4.0, 4.0, 20.0, 8.0, 8.0, 0.0, 8.0, 4.0, 4.0]",100.0,100.0,15,skdclskt,,,,,0
10,0sa5xwid,,0,221,220,post_exp,FinalForProlific,2026-05-05 16:24:26.290374,1,,,5140.0,4,,0.0,7b242fc9-bd1b-4836-a718-b85e1c1a176b,4986.0,16.0,4.0,64.0,5050.0,,3800.0,10.0,,,,,0.0,0,,,2,07790da6-16e1-4c15-9884-8a76c7e84392,https://london-trader-6b45bffdcd02.herokuapp.com,wss://london-trader-6b45bffdcd02.herokuapp.com,,1,6,gh,gamified,human_only,0.0,0,15,"[8.0, 8.0, 20.0, 20.0, 4.0, 20.0, 4.0, 20.0, 0.0, 8.0, 8.0, 8.0, 8.0, 8.0, 4.0, 4.0, 20.0, 0.0, 0.0, 8.0, 4.0, 4.0, 4.0, 20.0, 8.0, 8.0, 0.0, 8.0, 4.0, 4.0]",100.0,100.0,15,skdclskt,,,,,0
11,w5nuyib0,,0,221,220,post_exp,FinalForProlific,2026-05-05 16:24:26.299295,1,,,4813.0,5,,0.0,29625c5b-f726-4de1-8b9e-9c49743b4cab,5275.0,23.0,4.0,92.0,5367.0,,2600.0,20.0,,,,,0.0,0,,,2,07790da6-16e1-4c15-9884-8a76c7e84392,https://london-trader-6b45bffdcd02.herokuapp.com,wss://london-trader-6b45bffdcd02.herokuapp.com,,1,6,gh,gamified,human_only,0.0,0,15,"[8.0, 8.0, 20.0, 20.0, 4.0, 20.0, 4.0, 20.0, 0.0, 8.0, 8.0, 8.0, 8.0, 8.0, 4.0, 4.0, 20.0, 0.0, 0.0, 8.0, 4.0, 4.0, 4.0, 20.0, 8.0, 8.0, 0.0, 8.0, 4.0, 4.0]",100.0,100.0,15,skdclskt,,,,,0
12,s1twfhpt,,0,221,220,post_exp,FinalForProlific,2026-05-05 16:24:26.305361,1,,,4871.0,6,,0.0,4b51a285-57d1-4d32-aa02-d36f8179ed63,5401.0,12.0,4.0,48.0,5449.0,,3800.0,10.0,,,,,0.0,0,,,2,07790da6-16e1-4c15-9884-8a76c7e84392,https://london-trader-6b45bffdcd02.herokuapp.com,wss://london-trader-6b45bffdcd02.herokuapp.com,,1,6,gh,gamified,human_only,0.0,0,15,"[8.0, 8.0, 20.0, 20.0, 4.0, 20.0, 4.0, 20.0, 0.0, 8.0, 8.0, 8.0, 8.0, 8.0, 4.0, 4.0, 20.0, 0.0, 0.0, 8.0, 4.0, 4.0, 4.0, 20.0, 8.0, 8.0, 0.0, 8.0, 4.0, 4.0]",100.0,100.0,15,skdclskt,,,,,0
13,tqeatlds,,0,221,220,post_exp,FinalForProlific,2026-05-05 16:24:26.312482,1,,,5561.0,1,,0.0,28c69508-f4f9-4c0e-a6a0-a4d5b22b7830,5294.62,14.0,4.0,56.0,5350.62,,2600.0,20.0,,,,,0.0,0,,,3,fd183cda-64d7-4787-9044-20debaf104a5,https://london-trader-6b45bffdcd02.herokuapp.com,wss://london-trader-6b45bffdcd02.herokuapp.com,,1,6,nh,non_gamified,human_only,0.0,0,15,"[8.0, 8.0, 20.0, 20.0, 4.0, 20.0, 4.0, 20.0, 0.0, 8.0, 8.0, 8.0, 8.0, 8.0, 4.0, 4.0, 20.0, 0.0, 0.0, 8.0, 4.0, 4.0, 4.0, 20.0, 8.0, 8.0, 0.0, 8.0, 4.0, 4.0]",15.0,15.0,15,skdclskt,,,,,0
14,nu7ykbgx,,0,221,220,post_exp,FinalForProlific,2026-05-05 16:24:26.328130,1,,,5985.0,2,,0.0,240f44aa-0d38-416e-a4df-3e0d3cc49536,5786.75,7.0,4.0,28.0,5814.75,,3800.0,10.0,,,,,0.0,0,,,3,fd183cda-64d7-4787-9044-20debaf104a5,https://london-trader-6b45bffdcd02.herokuapp.com,wss://london-trader-6b45bffdcd02.herokuapp.com,,1,6,nh,non_gamified,human_only,0.0,0,15,"[8.0, 8.0, 20.0, 20.0, 4.0, 20.0, 4.0, 20.0, 0.0, 8.0, 8.0, 8.0, 8.0, 8.0, 4.0, 4.0, 20.0, 0.0, 0.0, 8.0, 4.0, 4.0, 4.0, 20.0, 8.0, 8.0, 0.0, 8.0, 4.0, 4.0]",15.0,15.0,15,skdclskt,,,,,0
15,su76nhj9,,0,221,220,post_exp,FinalForProlific,2026-05-05 16:24:26.343041,1,,,5506.0,3,,0.0,9386577d-20fa-4927-a27d-261b95e06a71,5297.67,22.0,4.0,88.0,5385.67,,2600.0,20.0,,,,,0.0,0,,,3,fd183cda-64d7-4787-9044-20debaf104a5,https://london-trader-6b45bffdcd02.herokuapp.com,wss://london-trader-6b45bffdcd02.herokuapp.com,,1,6,nh,non_gamified,human_only,0.0,0,15,"[8.0, 8.0, 20.0, 20.0, 4.0, 20.0, 4.0, 20.0, 0.0, 8.0, 8.0, 8.0, 8.0, 8.0, 4.0, 4.0, 20.0, 0.0, 0.0, 8.0, 4.0, 4.0, 4.0, 20.0, 8.0, 8.0, 0.0, 8.0, 4.0, 4.0]",15.0,15.0,15,skdclskt,,,,,0
16,c2m857p1,,0,221,220,post_exp,FinalForProlific,2026-05-05 16:24:26.356865,1,,,5566.0,4,,0.0,ec5338be-31ec-409f-8fe0-d044c43f333a,5288.46,17.0,4.0,68.0,5356.46,,3800.0,10.0,,,,,0.0,0,,,3,fd183cda-64d7-4787-9044-20debaf104a5,https://london-trader-6b45bffdcd02.herokuapp.com,wss://london-trader-6b45bffdcd02.herokuapp.com,,1,6,nh,non_gamified,human_only,0.0,0,15,"[8.0, 8.0, 20.0, 20.0, 4.0, 20.0, 4.0, 20.0, 0.0, 8.0, 8.0, 8.0, 8.0, 8.0, 4.0, 4.0, 20.0, 0.0, 0.0, 8.0, 4.0, 4.0, 4.0, 20.0, 8.0, 8.0, 0.0, 8.0, 4.0, 4.0]",15.0,15.0,15,skdclskt,,,,,0
17,r6xuxcar,,0,221,220,post_exp,FinalForProlific,2026-05-05 16:24:26.366557,1,,,4396.0,5,,0.0,af4b90ba-123e-40d8-8867-b4991469cd39,5596.75,21.0,4.0,84.0,5680.75,,2600.0,20.0,,,,,0.0,0,,,3,fd183cda-64d7-4787-9044-20debaf104a5,https://london-trader-6b45bffdcd02.herokuapp.com,wss://london-trader-6b45bffdcd02.herokuapp.com,,1,6,nh,non_gamified,human_only,0.0,0,15,"[8.0, 8.0, 20.0, 20.0, 4.0, 20.0, 4.0, 20.0, 0.0, 8.0, 8.0, 8.0, 8.0, 8.0, 4.0, 4.0, 20.0, 0.0, 0.0, 8.0, 4.0, 4.0, 4.0, 20.0, 8.0, 8.0, 0.0, 8.0, 4.0, 4.0]",15.0,15.0,15,skdclskt,,,,,0
18,2y2lzizt,,0,221,220,post_exp,FinalForProlific,2026-05-05 16:24:26.378109,1,,,4734.0,6,,0.0,8d9117f6-c825-440d-86c0-64b78e6ca745,5223.75,14.0,4.0,56.0,5279.75,,3800.0,10.0,,,,,0.0,0,,,3,fd183cda-64d7-4787-9044-20debaf104a5,https://london-trader-6b45bffdcd02.herokuapp.com,wss://london-trader-6b45bffdcd02.herokuapp.com,,1,6,nh,non_gamified,human_only,0.0,0,15,"[8.0, 8.0, 20.0, 20.0, 4.0, 20.0, 4.0, 20.0, 0.0, 8.0, 8.0, 8.0, 8.0, 8.0, 4.0, 4.0, 20.0, 0.0, 0.0, 8.0, 4.0, 4.0, 4.0, 20.0, 8.0, 8.0, 0.0, 8.0, 4.0, 4.0]",15.0,15.0,15,skdclskt,,,,,0
19,0qc91a5a,,0,221,220,post_exp,FinalForProlific,2026-05-05 16:24:26.388408,1,,,6523.0,1,,0.0,55c5cbcc-f638-40ab-a1b6-dbe37fa8f72a,6423.0,0.0,4.0,0.0,6423.0,,2600.0,20.0,,,,,0.0,0,,,4,761eb99e-1c3d-45b4-81f7-8e5171ffd767,https://london-trader-6b45bffdcd02.herokuapp.com,wss://london-trader-6b45bffdcd02.herokuapp.com,,1,6,nh,non_gamified,human_only,0.0,0,15,"[8.0, 8.0, 20.0, 20.0, 4.0, 20.0, 4.0, 20.0, 0.0, 8.0, 8.0, 8.0, 8.0, 8.0, 4.0, 4.0, 20.0, 0.0, 0.0, 8.0, 4.0, 4.0, 4.0, 20.0, 8.0, 8.0, 0.0, 8.0, 4.0, 4.0]",31.0,31.0,15,skdclskt,,,,,0
20,2vy9s3px,,0,221,220,post_exp,FinalForProlific,2026-05-05 16:24:26.408267,1,,,5050.0,2,,0.0,d0d3f9d6-0176-4278-9bff-7f8b809b6060,4808.0,28.0,4.0,112.0,4920.0,,3800.0,10.0,,,,,0.0,0,,,4,761eb99e-1c3d-45b4-81f7-8e5171ffd767,https://london-trader-6b45bffdcd02.herokuapp.com,wss://london-trader-6b45bffdcd02.herokuapp.com,,1,6,nh,non_gamified,human_only,0.0,0,15,"[8.0, 8.0, 20.0, 20.0, 4.0, 20.0, 4.0, 20.0, 0.0, 8.0, 8.0, 8.0, 8.0, 8.0, 4.0, 4.0, 20.0, 0.0, 0.0, 8.0, 4.0, 4.0, 4.0, 20.0, 8.0, 8.0, 0.0, 8.0, 4.0, 4.0]",31.0,31.0,15,skdclskt,,,,,0
21,87uw2jck,,0,221,220,post_exp,FinalForProlific,2026-05-05 16:24:26.421889,1,,,5633.0,3,,0.0,83ea937e-d412-4809-a354-3f08485f32fe,5407.01,29.0,4.0,116.0,5523.01,,2600.0,20.0,,,,,0.0,0,,,4,761eb99e-1c3d-45b4-81f7-8e5171ffd767,https://london-trader-6b45bffdcd02.herokuapp.com,wss://london-trader-6b45bffdcd02.herokuapp.com,,1,6,nh,non_gamified,human_only,0.0,0,15,"[8.0, 8.0, 20.0, 20.0, 4.0, 20.0, 4.0, 20.0, 0.0, 8.0, 8.0, 8.0, 8.0, 8.0, 4.0, 4.0, 20.0, 0.0, 0.0, 8.0, 4.0, 4.0, 4.0, 20.0, 8.0, 8.0, 0.0, 8.0, 4.0, 4.0]",31.0,31.0,15,skdclskt,,,,,0
22,3ftocepp,,0,221,220,post_exp,FinalForProlific,2026-05-05 16:24:26.437680,1,,,5815.0,4,,0.0,93e6dd41-cfb5-4bb9-975b-e548014b48e6,5681.0,11.0,4.0,44.0,5725.0,,3800.0,10.0,,,,,0.0,0,,,4,761eb99e-1c3d-45b4-81f7-8e5171ffd767,https://london-trader-6b45bffdcd02.herokuapp.com,wss://london-trader-6b45bffdcd02.herokuapp.com,,1,6,nh,non_gamified,human_only,0.0,0,15,"[8.0, 8.0, 20.0, 20.0, 4.0, 20.0, 4.0, 20.0, 0.0, 8.0, 8.0, 8.0, 8.0, 8.0, 4.0, 4.0, 20.0, 0.0, 0.0, 8.0, 4.0, 4.0, 4.0, 20.0, 8.0, 8.0, 0.0, 8.0, 4.0, 4.0]",31.0,31.0,15,skdclskt,,,,,0
23,xz3dh0k4,,0,221,220,post_exp,FinalForProlific,2026-05-05 16:24:26.453575,1,,,5047.0,5,,0.0,b5055fcc-e732-4b8e-bd98-e6bfe626b3db,4846.99,20.0,4.0,80.0,4926.99,,2600.0,20.0,,,,,0.0,0,,,4,761eb99e-1c3d-45b4-81f7-8e5171ffd767,https://london-trader-6b45bffdcd02.herokuapp.com,wss://london-trader-6b45bffdcd02.herokuapp.com,,1,6,nh,non_gamified,human_only,0.0,0,15,"[8.0, 8.0, 20.0, 20.0, 4.0, 20.0, 4.0, 20.0, 0.0, 8.0, 8.0, 8.0, 8.0, 8.0, 4.0, 4.0, 20.0, 0.0, 0.0, 8.0, 4.0, 4.0, 4.0, 20.0, 8.0, 8.0, 0.0, 8.0, 4.0, 4.0]",31.0,31.0,15,skdclskt,,,,,0
24,x7l4wbwx,,0,221,220,post_exp,FinalForProlific,2026-05-05 16:24:26.462816,1,,,5091.0,6,,0.0,18f4a824-eb92-48ce-a99f-c0cb78a57cf2,5358.0,9.0,4.0,36.0,5394.0,,3800.0,10.0,,,,,0.0,0,,,4,761eb99e-1c3d-45b4-81f7-8e5171ffd767,https://london-trader-6b45bffdcd02.herokuapp.com,wss://london-trader-6b45bffdcd02.herokuapp.com,,1,6,nh,non_gamified,human_only,0.0,0,15,"[8.0, 8.0, 20.0, 20.0, 4.0, 20.0, 4.0, 20.0, 0.0, 8.0, 8.0, 8.0, 8.0, 8.0, 4.0, 4.0, 20.0, 0.0, 0.0, 8.0, 4.0, 4.0, 4.0, 20.0, 8.0, 8.0, 0.0, 8.0, 4.0, 4.0]",31.0,31.0,15,skdclskt,,,,,0
1,9bv3gi2y,,0,221,220,post_exp,FinalForProlific,2026-05-05 16:24:25.907795,1,,,6097.0,1,,0.0,2622e9f6-8f19-49dd-b301-25fc2a630f03,2650.0,20.0,4.0,80.0,2730.0,,2600.0,20.0,,,,,0.0,0,,,1,bbac1738-2cb5-4b77-92c4-c512548db93b,https://london-trader-6b45bffdcd02.herokuapp.com,wss://london-trader-6b45bffdcd02.herokuapp.com,,1,6,gh,gamified,human_only,0.0,0,15,"[8.0, 8.0, 20.0, 20.0, 4.0, 20.0, 4.0, 20.0, 0.0, 8.0, 8.0, 8.0, 8.0, 8.0, 4.0, 4.0, 20.0, 0.0, 0.0, 8.0, 4.0, 4.0, 4.0, 20.0, 8.0, 8.0, 0.0, 8.0, 4.0, 4.0]",95.5,95.5,16,skdclskt,,,,,0
2,1tnknpce,,0,221,220,post_exp,FinalForProlific,2026-05-05 16:24:26.237055,1,,,4685.0,2,,0.0,24e830e8-905d-4e22-ab61-b990c984ff16,3636.0,13.0,4.0,52.0,3688.0,,3800.0,10.0,,,,,0.0,0,,,1,bbac1738-2cb5-4b77-92c4-c512548db93b,https://london-trader-6b45bffdcd02.herokuapp.com,wss://london-trader-6b45bffdcd02.herokuapp.com,,1,6,gh,gamified,human_only,0.0,0,15,"[8.0, 8.0, 20.0, 20.0, 4.0, 20.0, 4.0, 20.0, 0.0, 8.0, 8.0, 8.0, 8.0, 8.0, 4.0, 4.0, 20.0, 0.0, 0.0, 8.0, 4.0, 4.0, 4.0, 20.0, 8.0, 8.0, 0.0, 8.0, 4.0, 4.0]",95.5,95.5,16,skdclskt,,,,,0
3,zkl94ida,,0,221,220,post_exp,FinalForProlific,2026-05-05 16:24:26.243811,1,,,7353.0,3,,0.0,6820cd25-c18c-49e6-84f5-25aa69820367,2449.5,23.0,4.0,92.0,2541.5,,2600.0,20.0,,,,,0.0,0,,,1,bbac1738-2cb5-4b77-92c4-c512548db93b,https://london-trader-6b45bffdcd02.herokuapp.com,wss://london-trader-6b45bffdcd02.herokuapp.com,,1,6,gh,gamified,human_only,0.0,0,15,"[8.0, 8.0, 20.0, 20.0, 4.0, 20.0, 4.0, 20.0, 0.0, 8.0, 8.0, 8.0, 8.0, 8.0, 4.0, 4.0, 20.0, 0.0, 0.0, 8.0, 4.0, 4.0, 4.0, 20.0, 8.0, 8.0, 0.0, 8.0, 4.0, 4.0]",95.5,95.5,16,skdclskt,,,,,0
4,h7nk13vs,,0,221,220,post_exp,FinalForProlific,2026-05-05 16:24:26.249481,1,,,5148.0,4,,0.0,ae2e944d-6861-4940-b26c-a08caaca1a16,4106.0,6.0,4.0,24.0,4130.0,,3800.0,10.0,,,,,0.0,0,,,1,bbac1738-2cb5-4b77-92c4-c512548db93b,https://london-trader-6b45bffdcd02.herokuapp.com,wss://london-trader-6b45bffdcd02.herokuapp.com,,1,6,gh,gamified,human_only,0.0,0,15,"[8.0, 8.0, 20.0, 20.0, 4.0, 20.0, 4.0, 20.0, 0.0, 8.0, 8.0, 8.0, 8.0, 8.0, 4.0, 4.0, 20.0, 0.0, 0.0, 8.0, 4.0, 4.0, 4.0, 20.0, 8.0, 8.0, 0.0, 8.0, 4.0, 4.0]",95.5,95.5,16,skdclskt,,,,,0
5,8rrxo8mh,,0,221,220,post_exp,FinalForProlific,2026-05-05 16:24:26.255568,1,,,5698.0,5,,0.0,a1542dc5-078d-4b85-8ee8-6acdc2839880,2643.0,18.0,4.0,72.0,2715.0,,2600.0,20.0,,,,,0.0,0,,,1,bbac1738-2cb5-4b77-92c4-c512548db93b,https://london-trader-6b45bffdcd02.herokuapp.com,wss://london-trader-6b45bffdcd02.herokuapp.com,,1,6,gh,gamified,human_only,0.0,0,15,"[8.0, 8.0, 20.0, 20.0, 4.0, 20.0, 4.0, 20.0, 0.0, 8.0, 8.0, 8.0, 8.0, 8.0, 4.0, 4.0, 20.0, 0.0, 0.0, 8.0, 4.0, 4.0, 4.0, 20.0, 8.0, 8.0, 0.0, 8.0, 4.0, 4.0]",95.5,95.5,16,skdclskt,,,,,0
6,53wkzdsp,,0,221,220,post_exp,FinalForProlific,2026-05-05 16:24:26.261968,1,,,5089.0,6,,0.0,3e36c9fa-1786-43b0-87ea-f17db8332def,3715.5,11.0,4.0,44.0,3759.5,,3800.0,10.0,,,,,0.0,0,,,1,bbac1738-2cb5-4b77-92c4-c512548db93b,https://london-trader-6b45bffdcd02.herokuapp.com,wss://london-trader-6b45bffdcd02.herokuapp.com,,1,6,gh,gamified,human_only,0.0,0,15,"[8.0, 8.0, 20.0, 20.0, 4.0, 20.0, 4.0, 20.0, 0.0, 8.0, 8.0, 8.0, 8.0, 8.0, 4.0, 4.0, 20.0, 0.0, 0.0, 8.0, 4.0, 4.0, 4.0, 20.0, 8.0, 8.0, 0.0, 8.0, 4.0, 4.0]",95.5,95.5,16,skdclskt,,,,,0
7,2tmxyq59,,0,221,220,post_exp,FinalForProlific,2026-05-05 16:24:26.267852,1,,,5570.0,1,,0.0,c34666fc-2042-436c-b5b2-8be4eb77fa45,2600.0,23.0,4.0,92.0,2692.0,,2600.0,20.0,,,,,0.0,0,,,2,41800c26-6898-4b86-b356-94ff8bfa3a3a,https://london-trader-6b45bffdcd02.herokuapp.com,wss://london-trader-6b45bffdcd02.herokuapp.com,,1,6,gh,gamified,human_only,0.0,0,15,"[8.0, 8.0, 20.0, 20.0, 4.0, 20.0, 4.0, 20.0, 0.0, 8.0, 8.0, 8.0, 8.0, 8.0, 4.0, 4.0, 20.0, 0.0, 0.0, 8.0, 4.0, 4.0, 4.0, 20.0, 8.0, 8.0, 0.0, 8.0, 4.0, 4.0]",101.0,101.0,16,skdclskt,,,,,0
8,klvgct3w,,0,221,220,post_exp,FinalForProlific,2026-05-05 16:24:26.277407,1,,,5086.0,2,,0.0,5d8a97d2-0acd-4bec-9355-f1ef8ca0b665,3800.0,11.0,4.0,44.0,3844.0,,3800.0,10.0,,,,,0.0,0,,,2,41800c26-6898-4b86-b356-94ff8bfa3a3a,https://london-trader-6b45bffdcd02.herokuapp.com,wss://london-trader-6b45bffdcd02.herokuapp.com,,1,6,gh,gamified,human_only,0.0,0,15,"[8.0, 8.0, 20.0, 20.0, 4.0, 20.0, 4.0, 20.0, 0.0, 8.0, 8.0, 8.0, 8.0, 8.0, 4.0, 4.0, 20.0, 0.0, 0.0, 8.0, 4.0, 4.0, 4.0, 20.0, 8.0, 8.0, 0.0, 8.0, 4.0, 4.0]",101.0,101.0,16,skdclskt,,,,,0
9,fa5fpl4w,,0,221,220,post_exp,FinalForProlific,2026-05-05 16:24:26.284184,1,,,5251.0,3,,0.0,9ae3a47d-ad9b-4325-b996-258a31aa9b65,2490.0,22.0,4.0,88.0,2578.0,,2600.0,20.0,,,,,0.0,0,,,2,41800c26-6898-4b86-b356-94ff8bfa3a3a,https://london-trader-6b45bffdcd02.herokuapp.com,wss://london-trader-6b45bffdcd02.herokuapp.com,,1,6,gh,gamified,human_only,0.0,0,15,"[8.0, 8.0, 20.0, 20.0, 4.0, 20.0, 4.0, 20.0, 0.0, 8.0, 8.0, 8.0, 8.0, 8.0, 4.0, 4.0, 20.0, 0.0, 0.0, 8.0, 4.0, 4.0, 4.0, 20.0, 8.0, 8.0, 0.0, 8.0, 4.0, 4.0]",101.0,101.0,16,skdclskt,,,,,0
10,0sa5xwid,,0,221,220,post_exp,FinalForProlific,2026-05-05 16:24:26.290374,1,,,5140.0,4,,0.0,3f16f05a-e96e-45ac-9ef0-9c2d6dce3317,3901.0,9.0,4.0,36.0,3937.0,,3800.0,10.0,,,,,0.0,0,,,2,41800c26-6898-4b86-b356-94ff8bfa3a3a,https://london-trader-6b45bffdcd02.herokuapp.com,wss://london-trader-6b45bffdcd02.herokuapp.com,,1,6,gh,gamified,human_only,0.0,0,15,"[8.0, 8.0, 20.0, 20.0, 4.0, 20.0, 4.0, 20.0, 0.0, 8.0, 8.0, 8.0, 8.0, 8.0, 4.0, 4.0, 20.0, 0.0, 0.0, 8.0, 4.0, 4.0, 4.0, 20.0, 8.0, 8.0, 0.0, 8.0, 4.0, 4.0]",101.0,101.0,16,skdclskt,,,,,0
11,w5nuyib0,,0,221,220,post_exp,FinalForProlific,2026-05-05 16:24:26.299295,1,,,4813.0,5,,0.0,16e26514-b278-4448-959a-f58ad6e11852,2710.0,20.0,4.0,80.0,2790.0,,2600.0,20.0,,,,,0.0,0,,,2,41800c26-6898-4b86-b356-94ff8bfa3a3a,https://london-trader-6b45bffdcd02.herokuapp.com,wss://london-trader-6b45bffdcd02.herokuapp.com,,1,6,gh,gamified,human_only,0.0,0,15,"[8.0, 8.0, 20.0, 20.0, 4.0, 20.0, 4.0, 20.0, 0.0, 8.0, 8.0, 8.0, 8.0, 8.0, 4.0, 4.0, 20.0, 0.0, 0.0, 8.0, 4.0, 4.0, 4.0, 20.0, 8.0, 8.0, 0.0, 8.0, 4.0, 4.0]",101.0,101.0,16,skdclskt,,,,,0
12,s1twfhpt,,0,221,220,post_exp,FinalForProlific,2026-05-05 16:24:26.305361,1,,,4871.0,6,,0.0,0414deaa-50dd-4291-abcb-c312c59361b0,3699.0,11.0,4.0,44.0,3743.0,,3800.0,10.0,,,,,0.0,0,,,2,41800c26-6898-4b86-b356-94ff8bfa3a3a,https://london-trader-6b45bffdcd02.herokuapp.com,wss://london-trader-6b45bffdcd02.herokuapp.com,,1,6,gh,gamified,human_only,0.0,0,15,"[8.0, 8.0, 20.0, 20.0, 4.0, 20.0, 4.0, 20.0, 0.0, 8.0, 8.0, 8.0, 8.0, 8.0, 4.0, 4.0, 20.0, 0.0, 0.0, 8.0, 4.0, 4.0, 4.0, 20.0, 8.0, 8.0, 0.0, 8.0, 4.0, 4.0]",101.0,101.0,16,skdclskt,,,,,0
13,tqeatlds,,0,221,220,post_exp,FinalForProlific,2026-05-05 16:24:26.312482,1,,,5561.0,1,,0.0,18595b83-a573-483a-922c-64417e548e97,2765.0,18.0,4.0,72.0,2837.0,,2600.0,20.0,,,,,0.0,0,,,3,490e4560-4219-4069-a6b1-c8a826129b68,https://london-trader-6b45bffdcd02.herokuapp.com,wss://london-trader-6b45bffdcd02.herokuapp.com,,1,6,nh,non_gamified,human_only,0.0,0,15,"[8.0, 8.0, 20.0, 20.0, 4.0, 20.0, 4.0, 20.0, 0.0, 8.0, 8.0, 8.0, 8.0, 8.0, 4.0, 4.0, 20.0, 0.0, 0.0, 8.0, 4.0, 4.0, 4.0, 20.0, 8.0, 8.0, 0.0, 8.0, 4.0, 4.0]",75.0,75.0,16,skdclskt,,,,,0
14,nu7ykbgx,,0,221,220,post_exp,FinalForProlific,2026-05-05 16:24:26.328130,1,,,5985.0,2,,0.0,590f10b9-c637-4d22-97d1-7bcc1d1f1e01,3800.0,10.0,4.0,40.0,3840.0,,3800.0,10.0,,,,,0.0,0,,,3,490e4560-4219-4069-a6b1-c8a826129b68,https://london-trader-6b45bffdcd02.herokuapp.com,wss://london-trader-6b45bffdcd02.herokuapp.com,,1,6,nh,non_gamified,human_only,0.0,0,15,"[8.0, 8.0, 20.0, 20.0, 4.0, 20.0, 4.0, 20.0, 0.0, 8.0, 8.0, 8.0, 8.0, 8.0, 4.0, 4.0, 20.0, 0.0, 0.0, 8.0, 4.0, 4.0, 4.0, 20.0, 8.0, 8.0, 0.0, 8.0, 4.0, 4.0]",75.0,75.0,16,skdclskt,,,,,0
15,su76nhj9,,0,221,220,post_exp,FinalForProlific,2026-05-05 16:24:26.343041,1,,,5506.0,3,,0.0,e420f624-78fe-42c9-aa20-242b54f6c4e8,2525.0,22.0,4.0,88.0,2613.0,,2600.0,20.0,,,,,0.0,0,,,3,490e4560-4219-4069-a6b1-c8a826129b68,https://london-trader-6b45bffdcd02.herokuapp.com,wss://london-trader-6b45bffdcd02.herokuapp.com,,1,6,nh,non_gamified,human_only,0.0,0,15,"[8.0, 8.0, 20.0, 20.0, 4.0, 20.0, 4.0, 20.0, 0.0, 8.0, 8.0, 8.0, 8.0, 8.0, 4.0, 4.0, 20.0, 0.0, 0.0, 8.0, 4.0, 4.0, 4.0, 20.0, 8.0, 8.0, 0.0, 8.0, 4.0, 4.0]",75.0,75.0,16,skdclskt,,,,,0
16,c2m857p1,,0,221,220,post_exp,FinalForProlific,2026-05-05 16:24:26.356865,1,,,5566.0,4,,0.0,a7bed23b-2e8e-451f-8b7c-42f684002277,3710.0,12.0,4.0,48.0,3758.0,,3800.0,10.0,,,,,0.0,0,,,3,490e4560-4219-4069-a6b1-c8a826129b68,https://london-trader-6b45bffdcd02.herokuapp.com,wss://london-trader-6b45bffdcd02.herokuapp.com,,1,6,nh,non_gamified,human_only,0.0,0,15,"[8.0, 8.0, 20.0, 20.0, 4.0, 20.0, 4.0, 20.0, 0.0, 8.0, 8.0, 8.0, 8.0, 8.0, 4.0, 4.0, 20.0, 0.0, 0.0, 8.0, 4.0, 4.0, 4.0, 20.0, 8.0, 8.0, 0.0, 8.0, 4.0, 4.0]",75.0,75.0,16,skdclskt,,,,,0
17,r6xuxcar,,0,221,220,post_exp,FinalForProlific,2026-05-05 16:24:26.366557,1,,,4396.0,5,,0.0,10f05dce-1c31-4c65-80e0-0450ca2c00bb,2600.0,20.0,4.0,80.0,2680.0,,2600.0,20.0,,,,,0.0,0,,,3,490e4560-4219-4069-a6b1-c8a826129b68,https://london-trader-6b45bffdcd02.herokuapp.com,wss://london-trader-6b45bffdcd02.herokuapp.com,,1,6,nh,non_gamified,human_only,0.0,0,15,"[8.0, 8.0, 20.0, 20.0, 4.0, 20.0, 4.0, 20.0, 0.0, 8.0, 8.0, 8.0, 8.0, 8.0, 4.0, 4.0, 20.0, 0.0, 0.0, 8.0, 4.0, 4.0, 4.0, 20.0, 8.0, 8.0, 0.0, 8.0, 4.0, 4.0]",75.0,75.0,16,skdclskt,,,,,0
18,2y2lzizt,,0,221,220,post_exp,FinalForProlific,2026-05-05 16:24:26.378109,1,,,4734.0,6,,0.0,bdad41ef-e8fb-4016-ab64-9cee4008db0e,3800.0,10.0,4.0,40.0,3840.0,,3800.0,10.0,,,,,0.0,0,,,3,490e4560-4219-4069-a6b1-c8a826129b68,https://london-trader-6b45bffdcd02.herokuapp.com,wss://london-trader-6b45bffdcd02.herokuapp.com,,1,6,nh,non_gamified,human_only,0.0,0,15,"[8.0, 8.0, 20.0, 20.0, 4.0, 20.0, 4.0, 20.0, 0.0, 8.0, 8.0, 8.0, 8.0, 8.0, 4.0, 4.0, 20.0, 0.0, 0.0, 8.0, 4.0, 4.0, 4.0, 20.0, 8.0, 8.0, 0.0, 8.0, 4.0, 4.0]",75.0,75.0,16,skdclskt,,,,,0
19,0qc91a5a,,0,221,220,post_exp,FinalForProlific,2026-05-05 16:24:26.388408,1,,,6523.0,1,,0.0,fef5ca2d-6f21-47c4-90cc-74807444686a,2600.0,21.0,4.0,84.0,2684.0,,2600.0,20.0,,,,,0.0,0,,,4,00548e28-65ed-47e8-a667-34639429359c,https://london-trader-6b45bffdcd02.herokuapp.com,wss://london-trader-6b45bffdcd02.herokuapp.com,,1,6,nh,non_gamified,human_only,0.0,0,15,"[8.0, 8.0, 20.0, 20.0, 4.0, 20.0, 4.0, 20.0, 0.0, 8.0, 8.0, 8.0, 8.0, 8.0, 4.0, 4.0, 20.0, 0.0, 0.0, 8.0, 4.0, 4.0, 4.0, 20.0, 8.0, 8.0, 0.0, 8.0, 4.0, 4.0]",,,16,skdclskt,,,,,0
20,2vy9s3px,,0,221,220,post_exp,FinalForProlific,2026-05-05 16:24:26.408267,1,,,5050.0,2,,0.0,2b85f691-c920-4f32-ae54-e21833cf5475,3800.0,13.0,4.0,52.0,3852.0,,3800.0,10.0,,,,,0.0,0,,,4,00548e28-65ed-47e8-a667-34639429359c,https://london-trader-6b45bffdcd02.herokuapp.com,wss://london-trader-6b45bffdcd02.herokuapp.com,,1,6,nh,non_gamified,human_only,0.0,0,15,"[8.0, 8.0, 20.0, 20.0, 4.0, 20.0, 4.0, 20.0, 0.0, 8.0, 8.0, 8.0, 8.0, 8.0, 4.0, 4.0, 20.0, 0.0, 0.0, 8.0, 4.0, 4.0, 4.0, 20.0, 8.0, 8.0, 0.0, 8.0, 4.0, 4.0]",,,16,skdclskt,,,,,0
21,87uw2jck,,0,221,220,post_exp,FinalForProlific,2026-05-05 16:24:26.421889,1,,,5633.0,3,,0.0,c953d4fd-7bea-449b-9aa0-5e400d9cb204,2600.0,20.0,4.0,80.0,2680.0,,2600.0,20.0,,,,,0.0,0,,,4,00548e28-65ed-47e8-a667-34639429359c,https://london-trader-6b45bffdcd02.herokuapp.com,wss://london-trader-6b45bffdcd02.herokuapp.com,,1,6,nh,non_gamified,human_only,0.0,0,15,"[8.0, 8.0, 20.0, 20.0, 4.0, 20.0, 4.0, 20.0, 0.0, 8.0, 8.0, 8.0, 8.0, 8.0, 4.0, 4.0, 20.0, 0.0, 0.0, 8.0, 4.0, 4.0, 4.0, 20.0, 8.0, 8.0, 0.0, 8.0, 4.0, 4.0]",,,16,skdclskt,,,,,0
22,3ftocepp,,0,221,220,post_exp,FinalForProlific,2026-05-05 16:24:26.437680,1,,,5815.0,4,,0.0,53915058-5167-43d2-afa0-8f6290f2017f,3800.0,11.0,4.0,44.0,3844.0,,3800.0,10.0,,,,,0.0,0,,,4,00548e28-65ed-47e8-a667-34639429359c,https://london-trader-6b45bffdcd02.herokuapp.com,wss://london-trader-6b45bffdcd02.herokuapp.com,,1,6,nh,non_gamified,human_only,0.0,0,15,"[8.0, 8.0, 20.0, 20.0, 4.0, 20.0, 4.0, 20.0, 0.0, 8.0, 8.0, 8.0, 8.0, 8.0, 4.0, 4.0, 20.0, 0.0, 0.0, 8.0, 4.0, 4.0, 4.0, 20.0, 8.0, 8.0, 0.0, 8.0, 4.0, 4.0]",,,16,skdclskt,,,,,0
23,xz3dh0k4,,0,221,220,post_exp,FinalForProlific,2026-05-05 16:24:26.453575,1,,,5047.0,5,,0.0,a2e9d95e-90cb-4b2f-b5ca-2486e9ab692d,2600.0,21.0,4.0,84.0,2684.0,,2600.0,20.0,,,,,0.0,0,,,4,00548e28-65ed-47e8-a667-34639429359c,https://london-trader-6b45bffdcd02.herokuapp.com,wss://london-trader-6b45bffdcd02.herokuapp.com,,1,6,nh,non_gamified,human_only,0.0,0,15,"[8.0, 8.0, 20.0, 20.0, 4.0, 20.0, 4.0, 20.0, 0.0, 8.0, 8.0, 8.0, 8.0, 8.0, 4.0, 4.0, 20.0, 0.0, 0.0, 8.0, 4.0, 4.0, 4.0, 20.0, 8.0, 8.0, 0.0, 8.0, 4.0, 4.0]",,,16,skdclskt,,,,,0
24,x7l4wbwx,,0,221,220,post_exp,FinalForProlific,2026-05-05 16:24:26.462816,1,,,5091.0,6,,0.0,89df792d-8b1a-4545-be89-9e94133865f7,3800.0,12.0,4.0,48.0,3848.0,,3800.0,10.0,,,,,0.0,0,,,4,00548e28-65ed-47e8-a667-34639429359c,https://london-trader-6b45bffdcd02.herokuapp.com,wss://london-trader-6b45bffdcd02.herokuapp.com,,1,6,nh,non_gamified,human_only,0.0,0,15,"[8.0, 8.0, 20.0, 20.0, 4.0, 20.0, 4.0, 20.0, 0.0, 8.0, 8.0, 8.0, 8.0, 8.0, 4.0, 4.0, 20.0, 0.0, 0.0, 8.0, 4.0, 4.0, 4.0, 20.0, 8.0, 8.0, 0.0, 8.0, 4.0, 4.0]",,,16,skdclskt,,,,,0
1,9bv3gi2y,,0,221,220,post_exp,FinalForProlific,2026-05-05 16:24:25.907795,1,,,6097.0,1,,0.0,2622e9f6-8f19-49dd-b301-25fc2a630f03,2730.0,21.0,20.0,420.0,3150.0,,2600.0,20.0,,,,,0.0,0,,,1,bbac1738-2cb5-4b77-92c4-c512548db93b,https://london-trader-6b45bffdcd02.herokuapp.com,wss://london-trader-6b45bffdcd02.herokuapp.com,,1,6,gh,gamified,human_only,0.0,0,15,"[8.0, 8.0, 20.0, 20.0, 4.0, 20.0, 4.0, 20.0, 0.0, 8.0, 8.0, 8.0, 8.0, 8.0, 4.0, 4.0, 20.0, 0.0, 0.0, 8.0, 4.0, 4.0, 4.0, 20.0, 8.0, 8.0, 0.0, 8.0, 4.0, 4.0]",95.0,95.0,17,skdclskt,,,,,0
2,1tnknpce,,0,221,220,post_exp,FinalForProlific,2026-05-05 16:24:26.237055,1,,,4685.0,2,,0.0,24e830e8-905d-4e22-ab61-b990c984ff16,3428.5,20.0,20.0,400.0,3828.5,,3800.0,10.0,,,,,0.0,0,,,1,bbac1738-2cb5-4b77-92c4-c512548db93b,https://london-trader-6b45bffdcd02.herokuapp.com,wss://london-trader-6b45bffdcd02.herokuapp.com,,1,6,gh,gamified,human_only,0.0,0,15,"[8.0, 8.0, 20.0, 20.0, 4.0, 20.0, 4.0, 20.0, 0.0, 8.0, 8.0, 8.0, 8.0, 8.0, 4.0, 4.0, 20.0, 0.0, 0.0, 8.0, 4.0, 4.0, 4.0, 20.0, 8.0, 8.0, 0.0, 8.0, 4.0, 4.0]",95.0,95.0,17,skdclskt,,,,,0
3,zkl94ida,,0,221,220,post_exp,FinalForProlific,2026-05-05 16:24:26.243811,1,,,7353.0,3,,0.0,6820cd25-c18c-49e6-84f5-25aa69820367,2150.0,29.0,20.0,580.0,2730.0,,2600.0,20.0,,,,,0.0,0,,,1,bbac1738-2cb5-4b77-92c4-c512548db93b,https://london-trader-6b45bffdcd02.herokuapp.com,wss://london-trader-6b45bffdcd02.herokuapp.com,,1,6,gh,gamified,human_only,0.0,0,15,"[8.0, 8.0, 20.0, 20.0, 4.0, 20.0, 4.0, 20.0, 0.0, 8.0, 8.0, 8.0, 8.0, 8.0, 4.0, 4.0, 20.0, 0.0, 0.0, 8.0, 4.0, 4.0, 4.0, 20.0, 8.0, 8.0, 0.0, 8.0, 4.0, 4.0]",95.0,95.0,17,skdclskt,,,,,0
4,h7nk13vs,,0,221,220,post_exp,FinalForProlific,2026-05-05 16:24:26.249481,1,,,5148.0,4,,0.0,ae2e944d-6861-4940-b26c-a08caaca1a16,4411.0,3.0,20.0,60.0,4471.0,,3800.0,10.0,,,,,0.0,0,,,1,bbac1738-2cb5-4b77-92c4-c512548db93b,https://london-trader-6b45bffdcd02.herokuapp.com,wss://london-trader-6b45bffdcd02.herokuapp.com,,1,6,gh,gamified,human_only,0.0,0,15,"[8.0, 8.0, 20.0, 20.0, 4.0, 20.0, 4.0, 20.0, 0.0, 8.0, 8.0, 8.0, 8.0, 8.0, 4.0, 4.0, 20.0, 0.0, 0.0, 8.0, 4.0, 4.0, 4.0, 20.0, 8.0, 8.0, 0.0, 8.0, 4.0, 4.0]",95.0,95.0,17,skdclskt,,,,,0
5,8rrxo8mh,,0,221,220,post_exp,FinalForProlific,2026-05-05 16:24:26.255568,1,,,5698.0,5,,0.0,a1542dc5-078d-4b85-8ee8-6acdc2839880,3256.5,12.0,20.0,240.0,3496.5,,2600.0,20.0,,,,,0.0,0,,,1,bbac1738-2cb5-4b77-92c4-c512548db93b,https://london-trader-6b45bffdcd02.herokuapp.com,wss://london-trader-6b45bffdcd02.herokuapp.com,,1,6,gh,gamified,human_only,0.0,0,15,"[8.0, 8.0, 20.0, 20.0, 4.0, 20.0, 4.0, 20.0, 0.0, 8.0, 8.0, 8.0, 8.0, 8.0, 4.0, 4.0, 20.0, 0.0, 0.0, 8.0, 4.0, 4.0, 4.0, 20.0, 8.0, 8.0, 0.0, 8.0, 4.0, 4.0]",95.0,95.0,17,skdclskt,,,,,0
6,53wkzdsp,,0,221,220,post_exp,FinalForProlific,2026-05-05 16:24:26.261968,1,,,5089.0,6,,0.0,3e36c9fa-1786-43b0-87ea-f17db8332def,3588.0,13.0,20.0,260.0,3848.0,,3800.0,10.0,,,,,0.0,0,,,1,bbac1738-2cb5-4b77-92c4-c512548db93b,https://london-trader-6b45bffdcd02.herokuapp.com,wss://london-trader-6b45bffdcd02.herokuapp.com,,1,6,gh,gamified,human_only,0.0,0,15,"[8.0, 8.0, 20.0, 20.0, 4.0, 20.0, 4.0, 20.0, 0.0, 8.0, 8.0, 8.0, 8.0, 8.0, 4.0, 4.0, 20.0, 0.0, 0.0, 8.0, 4.0, 4.0, 4.0, 20.0, 8.0, 8.0, 0.0, 8.0, 4.0, 4.0]",95.0,95.0,17,skdclskt,,,,,0
7,2tmxyq59,,0,221,220,post_exp,FinalForProlific,2026-05-05 16:24:26.267852,1,,,5570.0,1,,0.0,c34666fc-2042-436c-b5b2-8be4eb77fa45,2692.0,23.0,20.0,460.0,3152.0,,2600.0,20.0,,,,,0.0,0,,,2,41800c26-6898-4b86-b356-94ff8bfa3a3a,https://london-trader-6b45bffdcd02.herokuapp.com,wss://london-trader-6b45bffdcd02.herokuapp.com,,1,6,gh,gamified,human_only,0.0,0,15,"[8.0, 8.0, 20.0, 20.0, 4.0, 20.0, 4.0, 20.0, 0.0, 8.0, 8.0, 8.0, 8.0, 8.0, 4.0, 4.0, 20.0, 0.0, 0.0, 8.0, 4.0, 4.0, 4.0, 20.0, 8.0, 8.0, 0.0, 8.0, 4.0, 4.0]",109.0,109.0,17,skdclskt,,,,,0
8,klvgct3w,,0,221,220,post_exp,FinalForProlific,2026-05-05 16:24:26.277407,1,,,5086.0,2,,0.0,5d8a97d2-0acd-4bec-9355-f1ef8ca0b665,3953.0,9.0,20.0,180.0,4133.0,,3800.0,10.0,,,,,0.0,0,,,2,41800c26-6898-4b86-b356-94ff8bfa3a3a,https://london-trader-6b45bffdcd02.herokuapp.com,wss://london-trader-6b45bffdcd02.herokuapp.com,,1,6,gh,gamified,human_only,0.0,0,15,"[8.0, 8.0, 20.0, 20.0, 4.0, 20.0, 4.0, 20.0, 0.0, 8.0, 8.0, 8.0, 8.0, 8.0, 4.0, 4.0, 20.0, 0.0, 0.0, 8.0, 4.0, 4.0, 4.0, 20.0, 8.0, 8.0, 0.0, 8.0, 4.0, 4.0]",109.0,109.0,17,skdclskt,,,,,0
9,fa5fpl4w,,0,221,220,post_exp,FinalForProlific,2026-05-05 16:24:26.284184,1,,,5251.0,3,,0.0,9ae3a47d-ad9b-4325-b996-258a31aa9b65,2688.0,20.0,20.0,400.0,3088.0,,2600.0,20.0,,,,,0.0,0,,,2,41800c26-6898-4b86-b356-94ff8bfa3a3a,https://london-trader-6b45bffdcd02.herokuapp.com,wss://london-trader-6b45bffdcd02.herokuapp.com,,1,6,gh,gamified,human_only,0.0,0,15,"[8.0, 8.0, 20.0, 20.0, 4.0, 20.0, 4.0, 20.0, 0.0, 8.0, 8.0, 8.0, 8.0, 8.0, 4.0, 4.0, 20.0, 0.0, 0.0, 8.0, 4.0, 4.0, 4.0, 20.0, 8.0, 8.0, 0.0, 8.0, 4.0, 4.0]",109.0,109.0,17,skdclskt,,,,,0
10,0sa5xwid,,0,221,220,post_exp,FinalForProlific,2026-05-05 16:24:26.290374,1,,,5140.0,4,,0.0,3f16f05a-e96e-45ac-9ef0-9c2d6dce3317,3827.0,11.0,20.0,220.0,4047.0,,3800.0,10.0,,,,,0.0,0,,,2,41800c26-6898-4b86-b356-94ff8bfa3a3a,https://london-trader-6b45bffdcd02.herokuapp.com,wss://london-trader-6b45bffdcd02.herokuapp.com,,1,6,gh,gamified,human_only,0.0,0,15,"[8.0, 8.0, 20.0, 20.0, 4.0, 20.0, 4.0, 20.0, 0.0, 8.0, 8.0, 8.0, 8.0, 8.0, 4.0, 4.0, 20.0, 0.0, 0.0, 8.0, 4.0, 4.0, 4.0, 20.0, 8.0, 8.0, 0.0, 8.0, 4.0, 4.0]",109.0,109.0,17,skdclskt,,,,,0
11,w5nuyib0,,0,221,220,post_exp,FinalForProlific,2026-05-05 16:24:26.299295,1,,,4813.0,5,,0.0,16e26514-b278-4448-959a-f58ad6e11852,2908.0,19.0,20.0,380.0,3288.0,,2600.0,20.0,,,,,0.0,0,,,2,41800c26-6898-4b86-b356-94ff8bfa3a3a,https://london-trader-6b45bffdcd02.herokuapp.com,wss://london-trader-6b45bffdcd02.herokuapp.com,,1,6,gh,gamified,human_only,0.0,0,15,"[8.0, 8.0, 20.0, 20.0, 4.0, 20.0, 4.0, 20.0, 0.0, 8.0, 8.0, 8.0, 8.0, 8.0, 4.0, 4.0, 20.0, 0.0, 0.0, 8.0, 4.0, 4.0, 4.0, 20.0, 8.0, 8.0, 0.0, 8.0, 4.0, 4.0]",109.0,109.0,17,skdclskt,,,,,0
12,s1twfhpt,,0,221,220,post_exp,FinalForProlific,2026-05-05 16:24:26.305361,1,,,4871.0,6,,0.0,0414deaa-50dd-4291-abcb-c312c59361b0,3516.0,13.0,20.0,260.0,3776.0,,3800.0,10.0,,,,,0.0,0,,,2,41800c26-6898-4b86-b356-94ff8bfa3a3a,https://london-trader-6b45bffdcd02.herokuapp.com,wss://london-trader-6b45bffdcd02.herokuapp.com,,1,6,gh,gamified,human_only,0.0,0,15,"[8.0, 8.0, 20.0, 20.0, 4.0, 20.0, 4.0, 20.0, 0.0, 8.0, 8.0, 8.0, 8.0, 8.0, 4.0, 4.0, 20.0, 0.0, 0.0, 8.0, 4.0, 4.0, 4.0, 20.0, 8.0, 8.0, 0.0, 8.0, 4.0, 4.0]",109.0,109.0,17,skdclskt,,,,,0
13,tqeatlds,,0,221,220,post_exp,FinalForProlific,2026-05-05 16:24:26.312482,1,,,5561.0,1,,0.0,18595b83-a573-483a-922c-64417e548e97,2652.0,21.0,20.0,420.0,3072.0,,2600.0,20.0,,,,,0.0,0,,,3,490e4560-4219-4069-a6b1-c8a826129b68,https://london-trader-6b45bffdcd02.herokuapp.com,wss://london-trader-6b45bffdcd02.herokuapp.com,,1,6,nh,non_gamified,human_only,0.0,0,15,"[8.0, 8.0, 20.0, 20.0, 4.0, 20.0, 4.0, 20.0, 0.0, 8.0, 8.0, 8.0, 8.0, 8.0, 4.0, 4.0, 20.0, 0.0, 0.0, 8.0, 4.0, 4.0, 4.0, 20.0, 8.0, 8.0, 0.0, 8.0, 4.0, 4.0]",62.0,62.0,17,skdclskt,,,,,0
14,nu7ykbgx,,0,221,220,post_exp,FinalForProlific,2026-05-05 16:24:26.328130,1,,,5985.0,2,,0.0,590f10b9-c637-4d22-97d1-7bcc1d1f1e01,3779.0,11.0,20.0,220.0,3999.0,,3800.0,10.0,,,,,0.0,0,,,3,490e4560-4219-4069-a6b1-c8a826129b68,https://london-trader-6b45bffdcd02.herokuapp.com,wss://london-trader-6b45bffdcd02.herokuapp.com,,1,6,nh,non_gamified,human_only,0.0,0,15,"[8.0, 8.0, 20.0, 20.0, 4.0, 20.0, 4.0, 20.0, 0.0, 8.0, 8.0, 8.0, 8.0, 8.0, 4.0, 4.0, 20.0, 0.0, 0.0, 8.0, 4.0, 4.0, 4.0, 20.0, 8.0, 8.0, 0.0, 8.0, 4.0, 4.0]",62.0,62.0,17,skdclskt,,,,,0
15,su76nhj9,,0,221,220,post_exp,FinalForProlific,2026-05-05 16:24:26.343041,1,,,5506.0,3,,0.0,e420f624-78fe-42c9-aa20-242b54f6c4e8,2675.0,22.0,20.0,440.0,3115.0,,2600.0,20.0,,,,,0.0,0,,,3,490e4560-4219-4069-a6b1-c8a826129b68,https://london-trader-6b45bffdcd02.herokuapp.com,wss://london-trader-6b45bffdcd02.herokuapp.com,,1,6,nh,non_gamified,human_only,0.0,0,15,"[8.0, 8.0, 20.0, 20.0, 4.0, 20.0, 4.0, 20.0, 0.0, 8.0, 8.0, 8.0, 8.0, 8.0, 4.0, 4.0, 20.0, 0.0, 0.0, 8.0, 4.0, 4.0, 4.0, 20.0, 8.0, 8.0, 0.0, 8.0, 4.0, 4.0]",62.0,62.0,17,skdclskt,,,,,0
16,c2m857p1,,0,221,220,post_exp,FinalForProlific,2026-05-05 16:24:26.356865,1,,,5566.0,4,,0.0,a7bed23b-2e8e-451f-8b7c-42f684002277,3758.0,13.0,20.0,260.0,4018.0,,3800.0,10.0,,,,,0.0,0,,,3,490e4560-4219-4069-a6b1-c8a826129b68,https://london-trader-6b45bffdcd02.herokuapp.com,wss://london-trader-6b45bffdcd02.herokuapp.com,,1,6,nh,non_gamified,human_only,0.0,0,15,"[8.0, 8.0, 20.0, 20.0, 4.0, 20.0, 4.0, 20.0, 0.0, 8.0, 8.0, 8.0, 8.0, 8.0, 4.0, 4.0, 20.0, 0.0, 0.0, 8.0, 4.0, 4.0, 4.0, 20.0, 8.0, 8.0, 0.0, 8.0, 4.0, 4.0]",62.0,62.0,17,skdclskt,,,,,0
17,r6xuxcar,,0,221,220,post_exp,FinalForProlific,2026-05-05 16:24:26.366557,1,,,4396.0,5,,0.0,10f05dce-1c31-4c65-80e0-0450ca2c00bb,2803.0,18.0,20.0,360.0,3163.0,,2600.0,20.0,,,,,0.0,0,,,3,490e4560-4219-4069-a6b1-c8a826129b68,https://london-trader-6b45bffdcd02.herokuapp.com,wss://london-trader-6b45bffdcd02.herokuapp.com,,1,6,nh,non_gamified,human_only,0.0,0,15,"[8.0, 8.0, 20.0, 20.0, 4.0, 20.0, 4.0, 20.0, 0.0, 8.0, 8.0, 8.0, 8.0, 8.0, 4.0, 4.0, 20.0, 0.0, 0.0, 8.0, 4.0, 4.0, 4.0, 20.0, 8.0, 8.0, 0.0, 8.0, 4.0, 4.0]",62.0,62.0,17,skdclskt,,,,,0
18,2y2lzizt,,0,221,220,post_exp,FinalForProlific,2026-05-05 16:24:26.378109,1,,,4734.0,6,,0.0,bdad41ef-e8fb-4016-ab64-9cee4008db0e,3901.0,9.0,20.0,180.0,4081.0,,3800.0,10.0,,,,,0.0,0,,,3,490e4560-4219-4069-a6b1-c8a826129b68,https://london-trader-6b45bffdcd02.herokuapp.com,wss://london-trader-6b45bffdcd02.herokuapp.com,,1,6,nh,non_gamified,human_only,0.0,0,15,"[8.0, 8.0, 20.0, 20.0, 4.0, 20.0, 4.0, 20.0, 0.0, 8.0, 8.0, 8.0, 8.0, 8.0, 4.0, 4.0, 20.0, 0.0, 0.0, 8.0, 4.0, 4.0, 4.0, 20.0, 8.0, 8.0, 0.0, 8.0, 4.0, 4.0]",62.0,62.0,17,skdclskt,,,,,0
19,0qc91a5a,,0,221,220,post_exp,FinalForProlific,2026-05-05 16:24:26.388408,1,,,6523.0,1,,0.0,fef5ca2d-6f21-47c4-90cc-74807444686a,2949.0,18.0,20.0,360.0,3309.0,,2600.0,20.0,,,,,0.0,0,,,4,00548e28-65ed-47e8-a667-34639429359c,https://london-trader-6b45bffdcd02.herokuapp.com,wss://london-trader-6b45bffdcd02.herokuapp.com,,1,6,nh,non_gamified,human_only,0.0,0,15,"[8.0, 8.0, 20.0, 20.0, 4.0, 20.0, 4.0, 20.0, 0.0, 8.0, 8.0, 8.0, 8.0, 8.0, 4.0, 4.0, 20.0, 0.0, 0.0, 8.0, 4.0, 4.0, 4.0, 20.0, 8.0, 8.0, 0.0, 8.0, 4.0, 4.0]",126.0,126.0,17,skdclskt,,,,,0
20,2vy9s3px,,0,221,220,post_exp,FinalForProlific,2026-05-05 16:24:26.408267,1,,,5050.0,2,,0.0,2b85f691-c920-4f32-ae54-e21833cf5475,3321.0,15.0,20.0,300.0,3621.0,,3800.0,10.0,,,,,0.0,0,,,4,00548e28-65ed-47e8-a667-34639429359c,https://london-trader-6b45bffdcd02.herokuapp.com,wss://london-trader-6b45bffdcd02.herokuapp.com,,1,6,nh,non_gamified,human_only,0.0,0,15,"[8.0, 8.0, 20.0, 20.0, 4.0, 20.0, 4.0, 20.0, 0.0, 8.0, 8.0, 8.0, 8.0, 8.0, 4.0, 4.0, 20.0, 0.0, 0.0, 8.0, 4.0, 4.0, 4.0, 20.0, 8.0, 8.0, 0.0, 8.0, 4.0, 4.0]",126.0,126.0,17,skdclskt,,,,,0
21,87uw2jck,,0,221,220,post_exp,FinalForProlific,2026-05-05 16:24:26.421889,1,,,5633.0,3,,0.0,c953d4fd-7bea-449b-9aa0-5e400d9cb204,2543.0,21.0,20.0,420.0,2963.0,,2600.0,20.0,,,,,0.0,0,,,4,00548e28-65ed-47e8-a667-34639429359c,https://london-trader-6b45bffdcd02.herokuapp.com,wss://london-trader-6b45bffdcd02.herokuapp.com,,1,6,nh,non_gamified,human_only,0.0,0,15,"[8.0, 8.0, 20.0, 20.0, 4.0, 20.0, 4.0, 20.0, 0.0, 8.0, 8.0, 8.0, 8.0, 8.0, 4.0, 4.0, 20.0, 0.0, 0.0, 8.0, 4.0, 4.0, 4.0, 20.0, 8.0, 8.0, 0.0, 8.0, 4.0, 4.0]",126.0,126.0,17,skdclskt,,,,,0
22,3ftocepp,,0,221,220,post_exp,FinalForProlific,2026-05-05 16:24:26.437680,1,,,5815.0,4,,0.0,53915058-5167-43d2-afa0-8f6290f2017f,3984.0,10.0,20.0,200.0,4184.0,,3800.0,10.0,,,,,0.0,0,,,4,00548e28-65ed-47e8-a667-34639429359c,https://london-trader-6b45bffdcd02.herokuapp.com,wss://london-trader-6b45bffdcd02.herokuapp.com,,1,6,nh,non_gamified,human_only,0.0,0,15,"[8.0, 8.0, 20.0, 20.0, 4.0, 20.0, 4.0, 20.0, 0.0, 8.0, 8.0, 8.0, 8.0, 8.0, 4.0, 4.0, 20.0, 0.0, 0.0, 8.0, 4.0, 4.0, 4.0, 20.0, 8.0, 8.0, 0.0, 8.0, 4.0, 4.0]",126.0,126.0,17,skdclskt,,,,,0
23,xz3dh0k4,,0,221,220,post_exp,FinalForProlific,2026-05-05 16:24:26.453575,1,,,5047.0,5,,0.0,a2e9d95e-90cb-4b2f-b5ca-2486e9ab692d,3212.0,17.0,20.0,340.0,3552.0,,2600.0,20.0,,,,,0.0,0,,,4,00548e28-65ed-47e8-a667-34639429359c,https://london-trader-6b45bffdcd02.herokuapp.com,wss://london-trader-6b45bffdcd02.herokuapp.com,,1,6,nh,non_gamified,human_only,0.0,0,15,"[8.0, 8.0, 20.0, 20.0, 4.0, 20.0, 4.0, 20.0, 0.0, 8.0, 8.0, 8.0, 8.0, 8.0, 4.0, 4.0, 20.0, 0.0, 0.0, 8.0, 4.0, 4.0, 4.0, 20.0, 8.0, 8.0, 0.0, 8.0, 4.0, 4.0]",126.0,126.0,17,skdclskt,,,,,0
24,x7l4wbwx,,0,221,220,post_exp,FinalForProlific,2026-05-05 16:24:26.462816,1,,,5091.0,6,,0.0,89df792d-8b1a-4545-be89-9e94133865f7,3583.0,12.0,20.0,240.0,3823.0,,3800.0,10.0,,,,,0.0,0,,,4,00548e28-65ed-47e8-a667-34639429359c,https://london-trader-6b45bffdcd02.herokuapp.com,wss://london-trader-6b45bffdcd02.herokuapp.com,,1,6,nh,non_gamified,human_only,0.0,0,15,"[8.0, 8.0, 20.0, 20.0, 4.0, 20.0, 4.0, 20.0, 0.0, 8.0, 8.0, 8.0, 8.0, 8.0, 4.0, 4.0, 20.0, 0.0, 0.0, 8.0, 4.0, 4.0, 4.0, 20.0, 8.0, 8.0, 0.0, 8.0, 4.0, 4.0]",126.0,126.0,17,skdclskt,,,,,0
1,9bv3gi2y,,0,221,220,post_exp,FinalForProlific,2026-05-05 16:24:25.907795,1,,,6097.0,1,,0.0,2622e9f6-8f19-49dd-b301-25fc2a630f03,3051.0,23.0,0.0,0.0,3051.0,,2600.0,20.0,100.0,1,"{""forecast_price_next_day"":100,""forecast_confidence_next_day"":1}",97.75,20.0,1,,,1,bbac1738-2cb5-4b77-92c4-c512548db93b,https://london-trader-6b45bffdcd02.herokuapp.com,wss://london-trader-6b45bffdcd02.herokuapp.com,,1,6,gh,gamified,human_only,0.0,0,15,"[8.0, 8.0, 20.0, 20.0, 4.0, 20.0, 4.0, 20.0, 0.0, 8.0, 8.0, 8.0, 8.0, 8.0, 4.0, 4.0, 20.0, 0.0, 0.0, 8.0, 4.0, 4.0, 4.0, 20.0, 8.0, 8.0, 0.0, 8.0, 4.0, 4.0]",96.0,96.0,18,skdclskt,,,,,0
2,1tnknpce,,0,221,220,post_exp,FinalForProlific,2026-05-05 16:24:26.237055,1,,,4685.0,2,,0.0,24e830e8-905d-4e22-ab61-b990c984ff16,3733.5,17.0,0.0,0.0,3733.5,,3800.0,10.0,0.0,0,,97.75,0.0,1,,,1,bbac1738-2cb5-4b77-92c4-c512548db93b,https://london-trader-6b45bffdcd02.herokuapp.com,wss://london-trader-6b45bffdcd02.herokuapp.com,,1,6,gh,gamified,human_only,0.0,0,15,"[8.0, 8.0, 20.0, 20.0, 4.0, 20.0, 4.0, 20.0, 0.0, 8.0, 8.0, 8.0, 8.0, 8.0, 4.0, 4.0, 20.0, 0.0, 0.0, 8.0, 4.0, 4.0, 4.0, 20.0, 8.0, 8.0, 0.0, 8.0, 4.0, 4.0]",96.0,96.0,18,skdclskt,,,,,0
3,zkl94ida,,0,221,220,post_exp,FinalForProlific,2026-05-05 16:24:26.243811,1,,,7353.0,3,,0.0,6820cd25-c18c-49e6-84f5-25aa69820367,2545.0,30.0,0.0,0.0,2545.0,,2600.0,20.0,95.0,1,"{""forecast_price_next_day"":95,""forecast_confidence_next_day"":1}",97.75,20.0,1,,,1,bbac1738-2cb5-4b77-92c4-c512548db93b,https://london-trader-6b45bffdcd02.herokuapp.com,wss://london-trader-6b45bffdcd02.herokuapp.com,,1,6,gh,gamified,human_only,0.0,0,15,"[8.0, 8.0, 20.0, 20.0, 4.0, 20.0, 4.0, 20.0, 0.0, 8.0, 8.0, 8.0, 8.0, 8.0, 4.0, 4.0, 20.0, 0.0, 0.0, 8.0, 4.0, 4.0, 4.0, 20.0, 8.0, 8.0, 0.0, 8.0, 4.0, 4.0]",96.0,96.0,18,skdclskt,,,,,0
4,h7nk13vs,,0,221,220,post_exp,FinalForProlific,2026-05-05 16:24:26.249481,1,,,5148.0,4,,0.0,ae2e944d-6861-4940-b26c-a08caaca1a16,4475.5,3.0,0.0,0.0,4475.5,,3800.0,10.0,90.0,4,"{""forecast_price_next_day"":90,""forecast_confidence_next_day"":4}",97.75,0.0,1,,,1,bbac1738-2cb5-4b77-92c4-c512548db93b,https://london-trader-6b45bffdcd02.herokuapp.com,wss://london-trader-6b45bffdcd02.herokuapp.com,,1,6,gh,gamified,human_only,0.0,0,15,"[8.0, 8.0, 20.0, 20.0, 4.0, 20.0, 4.0, 20.0, 0.0, 8.0, 8.0, 8.0, 8.0, 8.0, 4.0, 4.0, 20.0, 0.0, 0.0, 8.0, 4.0, 4.0, 4.0, 20.0, 8.0, 8.0, 0.0, 8.0, 4.0, 4.0]",96.0,96.0,18,skdclskt,,,,,0
5,8rrxo8mh,,0,221,220,post_exp,FinalForProlific,2026-05-05 16:24:26.255568,1,,,5698.0,5,,0.0,a1542dc5-078d-4b85-8ee8-6acdc2839880,3878.5,9.0,0.0,0.0,3878.5,,2600.0,20.0,100.0,4,"{""forecast_price_next_day"":100,""forecast_confidence_next_day"":4}",97.75,20.0,1,,,1,bbac1738-2cb5-4b77-92c4-c512548db93b,https://london-trader-6b45bffdcd02.herokuapp.com,wss://london-trader-6b45bffdcd02.herokuapp.com,,1,6,gh,gamified,human_only,0.0,0,15,"[8.0, 8.0, 20.0, 20.0, 4.0, 20.0, 4.0, 20.0, 0.0, 8.0, 8.0, 8.0, 8.0, 8.0, 4.0, 4.0, 20.0, 0.0, 0.0, 8.0, 4.0, 4.0, 4.0, 20.0, 8.0, 8.0, 0.0, 8.0, 4.0, 4.0]",96.0,96.0,18,skdclskt,,,,,0
6,53wkzdsp,,0,221,220,post_exp,FinalForProlific,2026-05-05 16:24:26.261968,1,,,5089.0,6,,0.0,3e36c9fa-1786-43b0-87ea-f17db8332def,3840.5,14.0,0.0,0.0,3840.5,,3800.0,10.0,60.0,4,"{""forecast_price_next_day"":60,""forecast_confidence_next_day"":4}",97.75,0.0,1,,,1,bbac1738-2cb5-4b77-92c4-c512548db93b,https://london-trader-6b45bffdcd02.herokuapp.com,wss://london-trader-6b45bffdcd02.herokuapp.com,,1,6,gh,gamified,human_only,0.0,0,15,"[8.0, 8.0, 20.0, 20.0, 4.0, 20.0, 4.0, 20.0, 0.0, 8.0, 8.0, 8.0, 8.0, 8.0, 4.0, 4.0, 20.0, 0.0, 0.0, 8.0, 4.0, 4.0, 4.0, 20.0, 8.0, 8.0, 0.0, 8.0, 4.0, 4.0]",96.0,96.0,18,skdclskt,,,,,0
7,2tmxyq59,,0,221,220,post_exp,FinalForProlific,2026-05-05 16:24:26.267852,1,,,5570.0,1,,0.0,c34666fc-2042-436c-b5b2-8be4eb77fa45,3242.0,20.0,0.0,0.0,3242.0,,2600.0,20.0,100.0,5,"{""forecast_price_next_day"":100,""forecast_confidence_next_day"":5}",107.0,0.0,1,,,2,41800c26-6898-4b86-b356-94ff8bfa3a3a,https://london-trader-6b45bffdcd02.herokuapp.com,wss://london-trader-6b45bffdcd02.herokuapp.com,,1,6,gh,gamified,human_only,0.0,0,15,"[8.0, 8.0, 20.0, 20.0, 4.0, 20.0, 4.0, 20.0, 0.0, 8.0, 8.0, 8.0, 8.0, 8.0, 4.0, 4.0, 20.0, 0.0, 0.0, 8.0, 4.0, 4.0, 4.0, 20.0, 8.0, 8.0, 0.0, 8.0, 4.0, 4.0]",113.99,113.99,18,skdclskt,,,,,0
8,klvgct3w,,0,221,220,post_exp,FinalForProlific,2026-05-05 16:24:26.277407,1,,,5086.0,2,,0.0,5d8a97d2-0acd-4bec-9355-f1ef8ca0b665,4147.0,9.0,0.0,0.0,4147.0,,3800.0,10.0,110.0,3,"{""forecast_confidence_next_day"":3,""forecast_price_next_day"":110}",107.0,20.0,1,,,2,41800c26-6898-4b86-b356-94ff8bfa3a3a,https://london-trader-6b45bffdcd02.herokuapp.com,wss://london-trader-6b45bffdcd02.herokuapp.com,,1,6,gh,gamified,human_only,0.0,0,15,"[8.0, 8.0, 20.0, 20.0, 4.0, 20.0, 4.0, 20.0, 0.0, 8.0, 8.0, 8.0, 8.0, 8.0, 4.0, 4.0, 20.0, 0.0, 0.0, 8.0, 4.0, 4.0, 4.0, 20.0, 8.0, 8.0, 0.0, 8.0, 4.0, 4.0]",113.99,113.99,18,skdclskt,,,,,0
9,fa5fpl4w,,0,221,220,post_exp,FinalForProlific,2026-05-05 16:24:26.284184,1,,,5251.0,3,,0.0,9ae3a47d-ad9b-4325-b996-258a31aa9b65,2883.5,23.0,0.0,0.0,2883.5,,2600.0,20.0,0.0,0,,107.0,0.0,1,,,2,41800c26-6898-4b86-b356-94ff8bfa3a3a,https://london-trader-6b45bffdcd02.herokuapp.com,wss://london-trader-6b45bffdcd02.herokuapp.com,,1,6,gh,gamified,human_only,0.0,0,15,"[8.0, 8.0, 20.0, 20.0, 4.0, 20.0, 4.0, 20.0, 0.0, 8.0, 8.0, 8.0, 8.0, 8.0, 4.0, 4.0, 20.0, 0.0, 0.0, 8.0, 4.0, 4.0, 4.0, 20.0, 8.0, 8.0, 0.0, 8.0, 4.0, 4.0]",113.99,113.99,18,skdclskt,,,,,0
10,0sa5xwid,,0,221,220,post_exp,FinalForProlific,2026-05-05 16:24:26.290374,1,,,5140.0,4,,0.0,3f16f05a-e96e-45ac-9ef0-9c2d6dce3317,3931.01,11.0,0.0,0.0,3931.01,,3800.0,10.0,120.0,2,"{""forecast_price_next_day"":120,""forecast_confidence_next_day"":2}",107.0,0.0,1,,,2,41800c26-6898-4b86-b356-94ff8bfa3a3a,https://london-trader-6b45bffdcd02.herokuapp.com,wss://london-trader-6b45bffdcd02.herokuapp.com,,1,6,gh,gamified,human_only,0.0,0,15,"[8.0, 8.0, 20.0, 20.0, 4.0, 20.0, 4.0, 20.0, 0.0, 8.0, 8.0, 8.0, 8.0, 8.0, 4.0, 4.0, 20.0, 0.0, 0.0, 8.0, 4.0, 4.0, 4.0, 20.0, 8.0, 8.0, 0.0, 8.0, 4.0, 4.0]",113.99,113.99,18,skdclskt,,,,,0
11,w5nuyib0,,0,221,220,post_exp,FinalForProlific,2026-05-05 16:24:26.299295,1,,,4813.0,5,,0.0,16e26514-b278-4448-959a-f58ad6e11852,3515.99,17.0,0.0,0.0,3515.99,,2600.0,20.0,119.0,2,"{""forecast_price_next_day"":119,""forecast_confidence_next_day"":2}",107.0,0.0,1,,,2,41800c26-6898-4b86-b356-94ff8bfa3a3a,https://london-trader-6b45bffdcd02.herokuapp.com,wss://london-trader-6b45bffdcd02.herokuapp.com,,1,6,gh,gamified,human_only,0.0,0,15,"[8.0, 8.0, 20.0, 20.0, 4.0, 20.0, 4.0, 20.0, 0.0, 8.0, 8.0, 8.0, 8.0, 8.0, 4.0, 4.0, 20.0, 0.0, 0.0, 8.0, 4.0, 4.0, 4.0, 20.0, 8.0, 8.0, 0.0, 8.0, 4.0, 4.0]",113.99,113.99,18,skdclskt,,,,,0
12,s1twfhpt,,0,221,220,post_exp,FinalForProlific,2026-05-05 16:24:26.305361,1,,,4871.0,6,,0.0,0414deaa-50dd-4291-abcb-c312c59361b0,3764.5,13.0,0.0,0.0,3764.5,,3800.0,10.0,113.0,4,"{""forecast_price_next_day"":113,""forecast_confidence_next_day"":4}",107.0,0.0,1,,,2,41800c26-6898-4b86-b356-94ff8bfa3a3a,https://london-trader-6b45bffdcd02.herokuapp.com,wss://london-trader-6b45bffdcd02.herokuapp.com,,1,6,gh,gamified,human_only,0.0,0,15,"[8.0, 8.0, 20.0, 20.0, 4.0, 20.0, 4.0, 20.0, 0.0, 8.0, 8.0, 8.0, 8.0, 8.0, 4.0, 4.0, 20.0, 0.0, 0.0, 8.0, 4.0, 4.0, 4.0, 20.0, 8.0, 8.0, 0.0, 8.0, 4.0, 4.0]",113.99,113.99,18,skdclskt,,,,,0
13,tqeatlds,,0,221,220,post_exp,FinalForProlific,2026-05-05 16:24:26.312482,1,,,5561.0,1,,0.0,18595b83-a573-483a-922c-64417e548e97,3431.38,16.0,0.0,0.0,3431.38,,2600.0,20.0,60.0,3,"{""forecast_price_next_day"":60,""forecast_confidence_next_day"":3}",59.5,20.0,1,,,3,490e4560-4219-4069-a6b1-c8a826129b68,https://london-trader-6b45bffdcd02.herokuapp.com,wss://london-trader-6b45bffdcd02.herokuapp.com,,1,6,nh,non_gamified,human_only,0.0,0,15,"[8.0, 8.0, 20.0, 20.0, 4.0, 20.0, 4.0, 20.0, 0.0, 8.0, 8.0, 8.0, 8.0, 8.0, 4.0, 4.0, 20.0, 0.0, 0.0, 8.0, 4.0, 4.0, 4.0, 20.0, 8.0, 8.0, 0.0, 8.0, 4.0, 4.0]",61.0,61.0,18,skdclskt,,,,,0
14,nu7ykbgx,,0,221,220,post_exp,FinalForProlific,2026-05-05 16:24:26.328130,1,,,5985.0,2,,0.0,590f10b9-c637-4d22-97d1-7bcc1d1f1e01,3879.0,13.0,0.0,0.0,3879.0,,3800.0,10.0,63.0,4,"{""forecast_price_next_day"":63,""forecast_confidence_next_day"":4}",59.5,0.0,1,,,3,490e4560-4219-4069-a6b1-c8a826129b68,https://london-trader-6b45bffdcd02.herokuapp.com,wss://london-trader-6b45bffdcd02.herokuapp.com,,1,6,nh,non_gamified,human_only,0.0,0,15,"[8.0, 8.0, 20.0, 20.0, 4.0, 20.0, 4.0, 20.0, 0.0, 8.0, 8.0, 8.0, 8.0, 8.0, 4.0, 4.0, 20.0, 0.0, 0.0, 8.0, 4.0, 4.0, 4.0, 20.0, 8.0, 8.0, 0.0, 8.0, 4.0, 4.0]",61.0,61.0,18,skdclskt,,,,,0
15,su76nhj9,,0,221,220,post_exp,FinalForProlific,2026-05-05 16:24:26.343041,1,,,5506.0,3,,0.0,e420f624-78fe-42c9-aa20-242b54f6c4e8,2997.25,25.0,0.0,0.0,2997.25,,2600.0,20.0,66.0,4,"{""forecast_price_next_day"":66,""forecast_confidence_next_day"":4}",59.5,0.0,1,,,3,490e4560-4219-4069-a6b1-c8a826129b68,https://london-trader-6b45bffdcd02.herokuapp.com,wss://london-trader-6b45bffdcd02.herokuapp.com,,1,6,nh,non_gamified,human_only,0.0,0,15,"[8.0, 8.0, 20.0, 20.0, 4.0, 20.0, 4.0, 20.0, 0.0, 8.0, 8.0, 8.0, 8.0, 8.0, 4.0, 4.0, 20.0, 0.0, 0.0, 8.0, 4.0, 4.0, 4.0, 20.0, 8.0, 8.0, 0.0, 8.0, 4.0, 4.0]",61.0,61.0,18,skdclskt,,,,,0
16,c2m857p1,,0,221,220,post_exp,FinalForProlific,2026-05-05 16:24:26.356865,1,,,5566.0,4,,0.0,a7bed23b-2e8e-451f-8b7c-42f684002277,4080.0,10.0,0.0,0.0,4080.0,,3800.0,10.0,62.0,3,"{""forecast_price_next_day"":62,""forecast_confidence_next_day"":3}",59.5,20.0,1,,,3,490e4560-4219-4069-a6b1-c8a826129b68,https://london-trader-6b45bffdcd02.herokuapp.com,wss://london-trader-6b45bffdcd02.herokuapp.com,,1,6,nh,non_gamified,human_only,0.0,0,15,"[8.0, 8.0, 20.0, 20.0, 4.0, 20.0, 4.0, 20.0, 0.0, 8.0, 8.0, 8.0, 8.0, 8.0, 4.0, 4.0, 20.0, 0.0, 0.0, 8.0, 4.0, 4.0, 4.0, 20.0, 8.0, 8.0, 0.0, 8.0, 4.0, 4.0]",61.0,61.0,18,skdclskt,,,,,0
17,r6xuxcar,,0,221,220,post_exp,FinalForProlific,2026-05-05 16:24:26.366557,1,,,4396.0,5,,0.0,10f05dce-1c31-4c65-80e0-0450ca2c00bb,3040.0,21.0,0.0,0.0,3040.0,,2600.0,20.0,60.0,3,"{""forecast_price_next_day"":60,""forecast_confidence_next_day"":3}",59.5,20.0,1,,,3,490e4560-4219-4069-a6b1-c8a826129b68,https://london-trader-6b45bffdcd02.herokuapp.com,wss://london-trader-6b45bffdcd02.herokuapp.com,,1,6,nh,non_gamified,human_only,0.0,0,15,"[8.0, 8.0, 20.0, 20.0, 4.0, 20.0, 4.0, 20.0, 0.0, 8.0, 8.0, 8.0, 8.0, 8.0, 4.0, 4.0, 20.0, 0.0, 0.0, 8.0, 4.0, 4.0, 4.0, 20.0, 8.0, 8.0, 0.0, 8.0, 4.0, 4.0]",61.0,61.0,18,skdclskt,,,,,0
18,2y2lzizt,,0,221,220,post_exp,FinalForProlific,2026-05-05 16:24:26.378109,1,,,4734.0,6,,0.0,bdad41ef-e8fb-4016-ab64-9cee4008db0e,4020.37,10.0,0.0,0.0,4020.37,,3800.0,10.0,60.0,3,"{""forecast_price_next_day"":60,""forecast_confidence_next_day"":3}",59.5,20.0,1,,,3,490e4560-4219-4069-a6b1-c8a826129b68,https://london-trader-6b45bffdcd02.herokuapp.com,wss://london-trader-6b45bffdcd02.herokuapp.com,,1,6,nh,non_gamified,human_only,0.0,0,15,"[8.0, 8.0, 20.0, 20.0, 4.0, 20.0, 4.0, 20.0, 0.0, 8.0, 8.0, 8.0, 8.0, 8.0, 4.0, 4.0, 20.0, 0.0, 0.0, 8.0, 4.0, 4.0, 4.0, 20.0, 8.0, 8.0, 0.0, 8.0, 4.0, 4.0]",61.0,61.0,18,skdclskt,,,,,0
19,0qc91a5a,,0,221,220,post_exp,FinalForProlific,2026-05-05 16:24:26.388408,1,,,6523.0,1,,0.0,fef5ca2d-6f21-47c4-90cc-74807444686a,3314.0,18.0,0.0,0.0,3314.0,,2600.0,20.0,96.0,4,"{""forecast_price_next_day"":96,""forecast_confidence_next_day"":4}",129.0,0.0,1,,,4,00548e28-65ed-47e8-a667-34639429359c,https://london-trader-6b45bffdcd02.herokuapp.com,wss://london-trader-6b45bffdcd02.herokuapp.com,,1,6,nh,non_gamified,human_only,0.0,0,15,"[8.0, 8.0, 20.0, 20.0, 4.0, 20.0, 4.0, 20.0, 0.0, 8.0, 8.0, 8.0, 8.0, 8.0, 4.0, 4.0, 20.0, 0.0, 0.0, 8.0, 4.0, 4.0, 4.0, 20.0, 8.0, 8.0, 0.0, 8.0, 4.0, 4.0]",135.0,135.0,18,skdclskt,,,,,0
20,2vy9s3px,,0,221,220,post_exp,FinalForProlific,2026-05-05 16:24:26.408267,1,,,5050.0,2,,0.0,2b85f691-c920-4f32-ae54-e21833cf5475,3490.0,18.0,0.0,0.0,3490.0,,3800.0,10.0,125.0,4,"{""forecast_price_next_day"":125,""forecast_confidence_next_day"":4}",129.0,20.0,1,,,4,00548e28-65ed-47e8-a667-34639429359c,https://london-trader-6b45bffdcd02.herokuapp.com,wss://london-trader-6b45bffdcd02.herokuapp.com,,1,6,nh,non_gamified,human_only,0.0,0,15,"[8.0, 8.0, 20.0, 20.0, 4.0, 20.0, 4.0, 20.0, 0.0, 8.0, 8.0, 8.0, 8.0, 8.0, 4.0, 4.0, 20.0, 0.0, 0.0, 8.0, 4.0, 4.0, 4.0, 20.0, 8.0, 8.0, 0.0, 8.0, 4.0, 4.0]",135.0,135.0,18,skdclskt,,,,,0
21,87uw2jck,,0,221,220,post_exp,FinalForProlific,2026-05-05 16:24:26.421889,1,,,5633.0,3,,0.0,c953d4fd-7bea-449b-9aa0-5e400d9cb204,2968.0,21.0,0.0,0.0,2968.0,,2600.0,20.0,8.0,5,"{""forecast_price_next_day"":8,""forecast_confidence_next_day"":5}",129.0,0.0,1,,,4,00548e28-65ed-47e8-a667-34639429359c,https://london-trader-6b45bffdcd02.herokuapp.com,wss://london-trader-6b45bffdcd02.herokuapp.com,,1,6,nh,non_gamified,human_only,0.0,0,15,"[8.0, 8.0, 20.0, 20.0, 4.0, 20.0, 4.0, 20.0, 0.0, 8.0, 8.0, 8.0, 8.0, 8.0, 4.0, 4.0, 20.0, 0.0, 0.0, 8.0, 4.0, 4.0, 4.0, 20.0, 8.0, 8.0, 0.0, 8.0, 4.0, 4.0]",135.0,135.0,18,skdclskt,,,,,0
22,3ftocepp,,0,221,220,post_exp,FinalForProlific,2026-05-05 16:24:26.437680,1,,,5815.0,4,,0.0,53915058-5167-43d2-afa0-8f6290f2017f,4057.0,12.0,0.0,0.0,4057.0,,3800.0,10.0,4200.0,5,"{""forecast_price_next_day"":4200,""forecast_confidence_next_day"":5}",129.0,0.0,1,,,4,00548e28-65ed-47e8-a667-34639429359c,https://london-trader-6b45bffdcd02.herokuapp.com,wss://london-trader-6b45bffdcd02.herokuapp.com,,1,6,nh,non_gamified,human_only,0.0,0,15,"[8.0, 8.0, 20.0, 20.0, 4.0, 20.0, 4.0, 20.0, 0.0, 8.0, 8.0, 8.0, 8.0, 8.0, 4.0, 4.0, 20.0, 0.0, 0.0, 8.0, 4.0, 4.0, 4.0, 20.0, 8.0, 8.0, 0.0, 8.0, 4.0, 4.0]",135.0,135.0,18,skdclskt,,,,,0
23,xz3dh0k4,,0,221,220,post_exp,FinalForProlific,2026-05-05 16:24:26.453575,1,,,5047.0,5,,0.0,a2e9d95e-90cb-4b2f-b5ca-2486e9ab692d,3795.0,14.0,0.0,0.0,3795.0,,2600.0,20.0,135.0,2,"{""forecast_price_next_day"":135,""forecast_confidence_next_day"":2}",129.0,20.0,1,,,4,00548e28-65ed-47e8-a667-34639429359c,https://london-trader-6b45bffdcd02.herokuapp.com,wss://london-trader-6b45bffdcd02.herokuapp.com,,1,6,nh,non_gamified,human_only,0.0,0,15,"[8.0, 8.0, 20.0, 20.0, 4.0, 20.0, 4.0, 20.0, 0.0, 8.0, 8.0, 8.0, 8.0, 8.0, 4.0, 4.0, 20.0, 0.0, 0.0, 8.0, 4.0, 4.0, 4.0, 20.0, 8.0, 8.0, 0.0, 8.0, 4.0, 4.0]",135.0,135.0,18,skdclskt,,,,,0
24,x7l4wbwx,,0,221,220,post_exp,FinalForProlific,2026-05-05 16:24:26.462816,1,,,5091.0,6,,0.0,89df792d-8b1a-4545-be89-9e94133865f7,3828.0,12.0,0.0,0.0,3828.0,,3800.0,10.0,130.0,2,"{""forecast_price_next_day"":130,""forecast_confidence_next_day"":2}",129.0,20.0,1,,,4,00548e28-65ed-47e8-a667-34639429359c,https://london-trader-6b45bffdcd02.herokuapp.com,wss://london-trader-6b45bffdcd02.herokuapp.com,,1,6,nh,non_gamified,human_only,0.0,0,15,"[8.0, 8.0, 20.0, 20.0, 4.0, 20.0, 4.0, 20.0, 0.0, 8.0, 8.0, 8.0, 8.0, 8.0, 4.0, 4.0, 20.0, 0.0, 0.0, 8.0, 4.0, 4.0, 4.0, 20.0, 8.0, 8.0, 0.0, 8.0, 4.0, 4.0]",135.0,135.0,18,skdclskt,,,,,0
1,9bv3gi2y,,0,221,220,post_exp,FinalForProlific,2026-05-05 16:24:25.907795,1,,,6097.0,1,,0.0,2622e9f6-8f19-49dd-b301-25fc2a630f03,2862.0,25.0,0.0,0.0,2862.0,,2600.0,20.0,,,,,0.0,0,,,1,bbac1738-2cb5-4b77-92c4-c512548db93b,https://london-trader-6b45bffdcd02.herokuapp.com,wss://london-trader-6b45bffdcd02.herokuapp.com,,1,6,gh,gamified,human_only,0.0,0,15,"[8.0, 8.0, 20.0, 20.0, 4.0, 20.0, 4.0, 20.0, 0.0, 8.0, 8.0, 8.0, 8.0, 8.0, 4.0, 4.0, 20.0, 0.0, 0.0, 8.0, 4.0, 4.0, 4.0, 20.0, 8.0, 8.0, 0.0, 8.0, 4.0, 4.0]",97.75,97.75,19,skdclskt,,,,,0
2,1tnknpce,,0,221,220,post_exp,FinalForProlific,2026-05-05 16:24:26.237055,1,,,4685.0,2,,0.0,24e830e8-905d-4e22-ab61-b990c984ff16,3067.25,24.0,0.0,0.0,3067.25,,3800.0,10.0,,,,,0.0,0,,,1,bbac1738-2cb5-4b77-92c4-c512548db93b,https://london-trader-6b45bffdcd02.herokuapp.com,wss://london-trader-6b45bffdcd02.herokuapp.com,,1,6,gh,gamified,human_only,0.0,0,15,"[8.0, 8.0, 20.0, 20.0, 4.0, 20.0, 4.0, 20.0, 0.0, 8.0, 8.0, 8.0, 8.0, 8.0, 4.0, 4.0, 20.0, 0.0, 0.0, 8.0, 4.0, 4.0, 4.0, 20.0, 8.0, 8.0, 0.0, 8.0, 4.0, 4.0]",97.75,97.75,19,skdclskt,,,,,0
3,zkl94ida,,0,221,220,post_exp,FinalForProlific,2026-05-05 16:24:26.243811,1,,,7353.0,3,,0.0,6820cd25-c18c-49e6-84f5-25aa69820367,3032.75,24.0,0.0,0.0,3032.75,,2600.0,20.0,,,,,0.0,0,,,1,bbac1738-2cb5-4b77-92c4-c512548db93b,https://london-trader-6b45bffdcd02.herokuapp.com,wss://london-trader-6b45bffdcd02.herokuapp.com,,1,6,gh,gamified,human_only,0.0,0,15,"[8.0, 8.0, 20.0, 20.0, 4.0, 20.0, 4.0, 20.0, 0.0, 8.0, 8.0, 8.0, 8.0, 8.0, 4.0, 4.0, 20.0, 0.0, 0.0, 8.0, 4.0, 4.0, 4.0, 20.0, 8.0, 8.0, 0.0, 8.0, 4.0, 4.0]",97.75,97.75,19,skdclskt,,,,,0
4,h7nk13vs,,0,221,220,post_exp,FinalForProlific,2026-05-05 16:24:26.249481,1,,,5148.0,4,,0.0,ae2e944d-6861-4940-b26c-a08caaca1a16,4465.0,3.0,0.0,0.0,4465.0,,3800.0,10.0,,,,,0.0,0,,,1,bbac1738-2cb5-4b77-92c4-c512548db93b,https://london-trader-6b45bffdcd02.herokuapp.com,wss://london-trader-6b45bffdcd02.herokuapp.com,,1,6,gh,gamified,human_only,0.0,0,15,"[8.0, 8.0, 20.0, 20.0, 4.0, 20.0, 4.0, 20.0, 0.0, 8.0, 8.0, 8.0, 8.0, 8.0, 4.0, 4.0, 20.0, 0.0, 0.0, 8.0, 4.0, 4.0, 4.0, 20.0, 8.0, 8.0, 0.0, 8.0, 4.0, 4.0]",97.75,97.75,19,skdclskt,,,,,0
5,8rrxo8mh,,0,221,220,post_exp,FinalForProlific,2026-05-05 16:24:26.255568,1,,,5698.0,5,,0.0,a1542dc5-078d-4b85-8ee8-6acdc2839880,3971.25,7.0,0.0,0.0,3971.25,,2600.0,20.0,,,,,0.0,0,,,1,bbac1738-2cb5-4b77-92c4-c512548db93b,https://london-trader-6b45bffdcd02.herokuapp.com,wss://london-trader-6b45bffdcd02.herokuapp.com,,1,6,gh,gamified,human_only,0.0,0,15,"[8.0, 8.0, 20.0, 20.0, 4.0, 20.0, 4.0, 20.0, 0.0, 8.0, 8.0, 8.0, 8.0, 8.0, 4.0, 4.0, 20.0, 0.0, 0.0, 8.0, 4.0, 4.0, 4.0, 20.0, 8.0, 8.0, 0.0, 8.0, 4.0, 4.0]",97.75,97.75,19,skdclskt,,,,,0
6,53wkzdsp,,0,221,220,post_exp,FinalForProlific,2026-05-05 16:24:26.261968,1,,,5089.0,6,,0.0,3e36c9fa-1786-43b0-87ea-f17db8332def,4125.75,10.0,0.0,0.0,4125.75,,3800.0,10.0,,,,,0.0,0,,,1,bbac1738-2cb5-4b77-92c4-c512548db93b,https://london-trader-6b45bffdcd02.herokuapp.com,wss://london-trader-6b45bffdcd02.herokuapp.com,,1,6,gh,gamified,human_only,0.0,0,15,"[8.0, 8.0, 20.0, 20.0, 4.0, 20.0, 4.0, 20.0, 0.0, 8.0, 8.0, 8.0, 8.0, 8.0, 4.0, 4.0, 20.0, 0.0, 0.0, 8.0, 4.0, 4.0, 4.0, 20.0, 8.0, 8.0, 0.0, 8.0, 4.0, 4.0]",97.75,97.75,19,skdclskt,,,,,0
7,2tmxyq59,,0,221,220,post_exp,FinalForProlific,2026-05-05 16:24:26.267852,1,,,5570.0,1,,0.0,c34666fc-2042-436c-b5b2-8be4eb77fa45,3659.99,19.0,0.0,0.0,3659.99,,2600.0,20.0,,,,,0.0,0,,,2,41800c26-6898-4b86-b356-94ff8bfa3a3a,https://london-trader-6b45bffdcd02.herokuapp.com,wss://london-trader-6b45bffdcd02.herokuapp.com,,1,6,gh,gamified,human_only,0.0,0,15,"[8.0, 8.0, 20.0, 20.0, 4.0, 20.0, 4.0, 20.0, 0.0, 8.0, 8.0, 8.0, 8.0, 8.0, 4.0, 4.0, 20.0, 0.0, 0.0, 8.0, 4.0, 4.0, 4.0, 20.0, 8.0, 8.0, 0.0, 8.0, 4.0, 4.0]",107.0,107.0,19,skdclskt,,,,,0
8,klvgct3w,,0,221,220,post_exp,FinalForProlific,2026-05-05 16:24:26.277407,1,,,5086.0,2,,0.0,5d8a97d2-0acd-4bec-9355-f1ef8ca0b665,3837.0,12.0,0.0,0.0,3837.0,,3800.0,10.0,,,,,0.0,0,,,2,41800c26-6898-4b86-b356-94ff8bfa3a3a,https://london-trader-6b45bffdcd02.herokuapp.com,wss://london-trader-6b45bffdcd02.herokuapp.com,,1,6,gh,gamified,human_only,0.0,0,15,"[8.0, 8.0, 20.0, 20.0, 4.0, 20.0, 4.0, 20.0, 0.0, 8.0, 8.0, 8.0, 8.0, 8.0, 4.0, 4.0, 20.0, 0.0, 0.0, 8.0, 4.0, 4.0, 4.0, 20.0, 8.0, 8.0, 0.0, 8.0, 4.0, 4.0]",107.0,107.0,19,skdclskt,,,,,0
9,fa5fpl4w,,0,221,220,post_exp,FinalForProlific,2026-05-05 16:24:26.284184,1,,,5251.0,3,,0.0,9ae3a47d-ad9b-4325-b996-258a31aa9b65,2897.51,22.0,0.0,0.0,2897.51,,2600.0,20.0,,,,,0.0,0,,,2,41800c26-6898-4b86-b356-94ff8bfa3a3a,https://london-trader-6b45bffdcd02.herokuapp.com,wss://london-trader-6b45bffdcd02.herokuapp.com,,1,6,gh,gamified,human_only,0.0,0,15,"[8.0, 8.0, 20.0, 20.0, 4.0, 20.0, 4.0, 20.0, 0.0, 8.0, 8.0, 8.0, 8.0, 8.0, 4.0, 4.0, 20.0, 0.0, 0.0, 8.0, 4.0, 4.0, 4.0, 20.0, 8.0, 8.0, 0.0, 8.0, 4.0, 4.0]",107.0,107.0,19,skdclskt,,,,,0
10,0sa5xwid,,0,221,220,post_exp,FinalForProlific,2026-05-05 16:24:26.290374,1,,,5140.0,4,,0.0,3f16f05a-e96e-45ac-9ef0-9c2d6dce3317,4027.01,11.0,0.0,0.0,4027.01,,3800.0,10.0,,,,,0.0,0,,,2,41800c26-6898-4b86-b356-94ff8bfa3a3a,https://london-trader-6b45bffdcd02.herokuapp.com,wss://london-trader-6b45bffdcd02.herokuapp.com,,1,6,gh,gamified,human_only,0.0,0,15,"[8.0, 8.0, 20.0, 20.0, 4.0, 20.0, 4.0, 20.0, 0.0, 8.0, 8.0, 8.0, 8.0, 8.0, 4.0, 4.0, 20.0, 0.0, 0.0, 8.0, 4.0, 4.0, 4.0, 20.0, 8.0, 8.0, 0.0, 8.0, 4.0, 4.0]",107.0,107.0,19,skdclskt,,,,,0
11,w5nuyib0,,0,221,220,post_exp,FinalForProlific,2026-05-05 16:24:26.299295,1,,,4813.0,5,,0.0,16e26514-b278-4448-959a-f58ad6e11852,3515.99,17.0,0.0,0.0,3515.99,,2600.0,20.0,,,,,0.0,0,,,2,41800c26-6898-4b86-b356-94ff8bfa3a3a,https://london-trader-6b45bffdcd02.herokuapp.com,wss://london-trader-6b45bffdcd02.herokuapp.com,,1,6,gh,gamified,human_only,0.0,0,15,"[8.0, 8.0, 20.0, 20.0, 4.0, 20.0, 4.0, 20.0, 0.0, 8.0, 8.0, 8.0, 8.0, 8.0, 4.0, 4.0, 20.0, 0.0, 0.0, 8.0, 4.0, 4.0, 4.0, 20.0, 8.0, 8.0, 0.0, 8.0, 4.0, 4.0]",107.0,107.0,19,skdclskt,,,,,0
12,s1twfhpt,,0,221,220,post_exp,FinalForProlific,2026-05-05 16:24:26.305361,1,,,4871.0,6,,0.0,0414deaa-50dd-4291-abcb-c312c59361b0,3546.5,16.0,0.0,0.0,3546.5,,3800.0,10.0,,,,,0.0,0,,,2,41800c26-6898-4b86-b356-94ff8bfa3a3a,https://london-trader-6b45bffdcd02.herokuapp.com,wss://london-trader-6b45bffdcd02.herokuapp.com,,1,6,gh,gamified,human_only,0.0,0,15,"[8.0, 8.0, 20.0, 20.0, 4.0, 20.0, 4.0, 20.0, 0.0, 8.0, 8.0, 8.0, 8.0, 8.0, 4.0, 4.0, 20.0, 0.0, 0.0, 8.0, 4.0, 4.0, 4.0, 20.0, 8.0, 8.0, 0.0, 8.0, 4.0, 4.0]",107.0,107.0,19,skdclskt,,,,,0
13,tqeatlds,,0,221,220,post_exp,FinalForProlific,2026-05-05 16:24:26.312482,1,,,5561.0,1,,0.0,18595b83-a573-483a-922c-64417e548e97,3185.56,19.0,0.0,0.0,3185.56,,2600.0,20.0,,,,,0.0,0,,,3,490e4560-4219-4069-a6b1-c8a826129b68,https://london-trader-6b45bffdcd02.herokuapp.com,wss://london-trader-6b45bffdcd02.herokuapp.com,,1,6,nh,non_gamified,human_only,0.0,0,15,"[8.0, 8.0, 20.0, 20.0, 4.0, 20.0, 4.0, 20.0, 0.0, 8.0, 8.0, 8.0, 8.0, 8.0, 4.0, 4.0, 20.0, 0.0, 0.0, 8.0, 4.0, 4.0, 4.0, 20.0, 8.0, 8.0, 0.0, 8.0, 4.0, 4.0]",59.5,59.5,19,skdclskt,,,,,0
14,nu7ykbgx,,0,221,220,post_exp,FinalForProlific,2026-05-05 16:24:26.328130,1,,,5985.0,2,,0.0,590f10b9-c637-4d22-97d1-7bcc1d1f1e01,3819.5,14.0,0.0,0.0,3819.5,,3800.0,10.0,,,,,0.0,0,,,3,490e4560-4219-4069-a6b1-c8a826129b68,https://london-trader-6b45bffdcd02.herokuapp.com,wss://london-trader-6b45bffdcd02.herokuapp.com,,1,6,nh,non_gamified,human_only,0.0,0,15,"[8.0, 8.0, 20.0, 20.0, 4.0, 20.0, 4.0, 20.0, 0.0, 8.0, 8.0, 8.0, 8.0, 8.0, 4.0, 4.0, 20.0, 0.0, 0.0, 8.0, 4.0, 4.0, 4.0, 20.0, 8.0, 8.0, 0.0, 8.0, 4.0, 4.0]",59.5,59.5,19,skdclskt,,,,,0
15,su76nhj9,,0,221,220,post_exp,FinalForProlific,2026-05-05 16:24:26.343041,1,,,5506.0,3,,0.0,e420f624-78fe-42c9-aa20-242b54f6c4e8,2999.63,25.0,0.0,0.0,2999.63,,2600.0,20.0,,,,,0.0,0,,,3,490e4560-4219-4069-a6b1-c8a826129b68,https://london-trader-6b45bffdcd02.herokuapp.com,wss://london-trader-6b45bffdcd02.herokuapp.com,,1,6,nh,non_gamified,human_only,0.0,0,15,"[8.0, 8.0, 20.0, 20.0, 4.0, 20.0, 4.0, 20.0, 0.0, 8.0, 8.0, 8.0, 8.0, 8.0, 4.0, 4.0, 20.0, 0.0, 0.0, 8.0, 4.0, 4.0, 4.0, 20.0, 8.0, 8.0, 0.0, 8.0, 4.0, 4.0]",59.5,59.5,19,skdclskt,,,,,0
16,c2m857p1,,0,221,220,post_exp,FinalForProlific,2026-05-05 16:24:26.356865,1,,,5566.0,4,,0.0,a7bed23b-2e8e-451f-8b7c-42f684002277,4325.5,6.0,0.0,0.0,4325.5,,3800.0,10.0,,,,,0.0,0,,,3,490e4560-4219-4069-a6b1-c8a826129b68,https://london-trader-6b45bffdcd02.herokuapp.com,wss://london-trader-6b45bffdcd02.herokuapp.com,,1,6,nh,non_gamified,human_only,0.0,0,15,"[8.0, 8.0, 20.0, 20.0, 4.0, 20.0, 4.0, 20.0, 0.0, 8.0, 8.0, 8.0, 8.0, 8.0, 4.0, 4.0, 20.0, 0.0, 0.0, 8.0, 4.0, 4.0, 4.0, 20.0, 8.0, 8.0, 0.0, 8.0, 4.0, 4.0]",59.5,59.5,19,skdclskt,,,,,0
17,r6xuxcar,,0,221,220,post_exp,FinalForProlific,2026-05-05 16:24:26.366557,1,,,4396.0,5,,0.0,10f05dce-1c31-4c65-80e0-0450ca2c00bb,2855.92,24.0,0.0,0.0,2855.92,,2600.0,20.0,,,,,0.0,0,,,3,490e4560-4219-4069-a6b1-c8a826129b68,https://london-trader-6b45bffdcd02.herokuapp.com,wss://london-trader-6b45bffdcd02.herokuapp.com,,1,6,nh,non_gamified,human_only,0.0,0,15,"[8.0, 8.0, 20.0, 20.0, 4.0, 20.0, 4.0, 20.0, 0.0, 8.0, 8.0, 8.0, 8.0, 8.0, 4.0, 4.0, 20.0, 0.0, 0.0, 8.0, 4.0, 4.0, 4.0, 20.0, 8.0, 8.0, 0.0, 8.0, 4.0, 4.0]",59.5,59.5,19,skdclskt,,,,,0
18,2y2lzizt,,0,221,220,post_exp,FinalForProlific,2026-05-05 16:24:26.378109,1,,,4734.0,6,,0.0,bdad41ef-e8fb-4016-ab64-9cee4008db0e,4261.889999999999,6.0,0.0,0.0,4261.889999999999,,3800.0,10.0,,,,,0.0,0,,,3,490e4560-4219-4069-a6b1-c8a826129b68,https://london-trader-6b45bffdcd02.herokuapp.com,wss://london-trader-6b45bffdcd02.herokuapp.com,,1,6,nh,non_gamified,human_only,0.0,0,15,"[8.0, 8.0, 20.0, 20.0, 4.0, 20.0, 4.0, 20.0, 0.0, 8.0, 8.0, 8.0, 8.0, 8.0, 4.0, 4.0, 20.0, 0.0, 0.0, 8.0, 4.0, 4.0, 4.0, 20.0, 8.0, 8.0, 0.0, 8.0, 4.0, 4.0]",59.5,59.5,19,skdclskt,,,,,0
19,0qc91a5a,,0,221,220,post_exp,FinalForProlific,2026-05-05 16:24:26.388408,1,,,6523.0,1,,0.0,fef5ca2d-6f21-47c4-90cc-74807444686a,3701.5,15.0,0.0,0.0,3701.5,,2600.0,20.0,,,,,0.0,0,,,4,00548e28-65ed-47e8-a667-34639429359c,https://london-trader-6b45bffdcd02.herokuapp.com,wss://london-trader-6b45bffdcd02.herokuapp.com,,1,6,nh,non_gamified,human_only,0.0,0,15,"[8.0, 8.0, 20.0, 20.0, 4.0, 20.0, 4.0, 20.0, 0.0, 8.0, 8.0, 8.0, 8.0, 8.0, 4.0, 4.0, 20.0, 0.0, 0.0, 8.0, 4.0, 4.0, 4.0, 20.0, 8.0, 8.0, 0.0, 8.0, 4.0, 4.0]",129.0,129.0,19,skdclskt,,,,,0
20,2vy9s3px,,0,221,220,post_exp,FinalForProlific,2026-05-05 16:24:26.408267,1,,,5050.0,2,,0.0,2b85f691-c920-4f32-ae54-e21833cf5475,3619.0,15.0,0.0,0.0,3619.0,,3800.0,10.0,,,,,0.0,0,,,4,00548e28-65ed-47e8-a667-34639429359c,https://london-trader-6b45bffdcd02.herokuapp.com,wss://london-trader-6b45bffdcd02.herokuapp.com,,1,6,nh,non_gamified,human_only,0.0,0,15,"[8.0, 8.0, 20.0, 20.0, 4.0, 20.0, 4.0, 20.0, 0.0, 8.0, 8.0, 8.0, 8.0, 8.0, 4.0, 4.0, 20.0, 0.0, 0.0, 8.0, 4.0, 4.0, 4.0, 20.0, 8.0, 8.0, 0.0, 8.0, 4.0, 4.0]",129.0,129.0,19,skdclskt,,,,,0
21,87uw2jck,,0,221,220,post_exp,FinalForProlific,2026-05-05 16:24:26.421889,1,,,5633.0,3,,0.0,c953d4fd-7bea-449b-9aa0-5e400d9cb204,2321.5,26.0,0.0,0.0,2321.5,,2600.0,20.0,,,,,0.0,0,,,4,00548e28-65ed-47e8-a667-34639429359c,https://london-trader-6b45bffdcd02.herokuapp.com,wss://london-trader-6b45bffdcd02.herokuapp.com,,1,6,nh,non_gamified,human_only,0.0,0,15,"[8.0, 8.0, 20.0, 20.0, 4.0, 20.0, 4.0, 20.0, 0.0, 8.0, 8.0, 8.0, 8.0, 8.0, 4.0, 4.0, 20.0, 0.0, 0.0, 8.0, 4.0, 4.0, 4.0, 20.0, 8.0, 8.0, 0.0, 8.0, 4.0, 4.0]",129.0,129.0,19,skdclskt,,,,,0
22,3ftocepp,,0,221,220,post_exp,FinalForProlific,2026-05-05 16:24:26.437680,1,,,5815.0,4,,0.0,53915058-5167-43d2-afa0-8f6290f2017f,3805.0,14.0,0.0,0.0,3805.0,,3800.0,10.0,,,,,0.0,0,,,4,00548e28-65ed-47e8-a667-34639429359c,https://london-trader-6b45bffdcd02.herokuapp.com,wss://london-trader-6b45bffdcd02.herokuapp.com,,1,6,nh,non_gamified,human_only,0.0,0,15,"[8.0, 8.0, 20.0, 20.0, 4.0, 20.0, 4.0, 20.0, 0.0, 8.0, 8.0, 8.0, 8.0, 8.0, 4.0, 4.0, 20.0, 0.0, 0.0, 8.0, 4.0, 4.0, 4.0, 20.0, 8.0, 8.0, 0.0, 8.0, 4.0, 4.0]",129.0,129.0,19,skdclskt,,,,,0
23,xz3dh0k4,,0,221,220,post_exp,FinalForProlific,2026-05-05 16:24:26.453575,1,,,5047.0,5,,0.0,a2e9d95e-90cb-4b2f-b5ca-2486e9ab692d,3921.0,13.0,0.0,0.0,3921.0,,2600.0,20.0,,,,,0.0,0,,,4,00548e28-65ed-47e8-a667-34639429359c,https://london-trader-6b45bffdcd02.herokuapp.com,wss://london-trader-6b45bffdcd02.herokuapp.com,,1,6,nh,non_gamified,human_only,0.0,0,15,"[8.0, 8.0, 20.0, 20.0, 4.0, 20.0, 4.0, 20.0, 0.0, 8.0, 8.0, 8.0, 8.0, 8.0, 4.0, 4.0, 20.0, 0.0, 0.0, 8.0, 4.0, 4.0, 4.0, 20.0, 8.0, 8.0, 0.0, 8.0, 4.0, 4.0]",129.0,129.0,19,skdclskt,,,,,0
24,x7l4wbwx,,0,221,220,post_exp,FinalForProlific,2026-05-05 16:24:26.462816,1,,,5091.0,6,,0.0,89df792d-8b1a-4545-be89-9e94133865f7,4084.0,10.0,0.0,0.0,4084.0,,3800.0,10.0,,,,,0.0,0,,,4,00548e28-65ed-47e8-a667-34639429359c,https://london-trader-6b45bffdcd02.herokuapp.com,wss://london-trader-6b45bffdcd02.herokuapp.com,,1,6,nh,non_gamified,human_only,0.0,0,15,"[8.0, 8.0, 20.0, 20.0, 4.0, 20.0, 4.0, 20.0, 0.0, 8.0, 8.0, 8.0, 8.0, 8.0, 4.0, 4.0, 20.0, 0.0, 0.0, 8.0, 4.0, 4.0, 4.0, 20.0, 8.0, 8.0, 0.0, 8.0, 4.0, 4.0]",129.0,129.0,19,skdclskt,,,,,0
1,9bv3gi2y,,0,221,220,post_exp,FinalForProlific,2026-05-05 16:24:25.907795,1,,,6097.0,1,,0.0,2622e9f6-8f19-49dd-b301-25fc2a630f03,2862.0,23.0,8.0,184.0,3046.0,,2600.0,20.0,,,,,0.0,0,,,1,bbac1738-2cb5-4b77-92c4-c512548db93b,https://london-trader-6b45bffdcd02.herokuapp.com,wss://london-trader-6b45bffdcd02.herokuapp.com,,1,6,gh,gamified,human_only,0.0,0,15,"[8.0, 8.0, 20.0, 20.0, 4.0, 20.0, 4.0, 20.0, 0.0, 8.0, 8.0, 8.0, 8.0, 8.0, 4.0, 4.0, 20.0, 0.0, 0.0, 8.0, 4.0, 4.0, 4.0, 20.0, 8.0, 8.0, 0.0, 8.0, 4.0, 4.0]",92.0,92.0,20,skdclskt,,,,,0
2,1tnknpce,,0,221,220,post_exp,FinalForProlific,2026-05-05 16:24:26.237055,1,,,4685.0,2,,0.0,24e830e8-905d-4e22-ab61-b990c984ff16,2144.79,39.0,8.0,312.0,2456.79,,3800.0,10.0,,,,,0.0,0,,,1,bbac1738-2cb5-4b77-92c4-c512548db93b,https://london-trader-6b45bffdcd02.herokuapp.com,wss://london-trader-6b45bffdcd02.herokuapp.com,,1,6,gh,gamified,human_only,0.0,0,15,"[8.0, 8.0, 20.0, 20.0, 4.0, 20.0, 4.0, 20.0, 0.0, 8.0, 8.0, 8.0, 8.0, 8.0, 4.0, 4.0, 20.0, 0.0, 0.0, 8.0, 4.0, 4.0, 4.0, 20.0, 8.0, 8.0, 0.0, 8.0, 4.0, 4.0]",92.0,92.0,20,skdclskt,,,,,0
3,zkl94ida,,0,221,220,post_exp,FinalForProlific,2026-05-05 16:24:26.243811,1,,,7353.0,3,,0.0,6820cd25-c18c-49e6-84f5-25aa69820367,4777.969999999998,4.0,8.0,32.0,4809.969999999998,,2600.0,20.0,,,,,0.0,0,,,1,bbac1738-2cb5-4b77-92c4-c512548db93b,https://london-trader-6b45bffdcd02.herokuapp.com,wss://london-trader-6b45bffdcd02.herokuapp.com,,1,6,gh,gamified,human_only,0.0,0,15,"[8.0, 8.0, 20.0, 20.0, 4.0, 20.0, 4.0, 20.0, 0.0, 8.0, 8.0, 8.0, 8.0, 8.0, 4.0, 4.0, 20.0, 0.0, 0.0, 8.0, 4.0, 4.0, 4.0, 20.0, 8.0, 8.0, 0.0, 8.0, 4.0, 4.0]",92.0,92.0,20,skdclskt,,,,,0
4,h7nk13vs,,0,221,220,post_exp,FinalForProlific,2026-05-05 16:24:26.249481,1,,,5148.0,4,,0.0,ae2e944d-6861-4940-b26c-a08caaca1a16,3724.67,12.0,8.0,96.0,3820.67,,3800.0,10.0,,,,,0.0,0,,,1,bbac1738-2cb5-4b77-92c4-c512548db93b,https://london-trader-6b45bffdcd02.herokuapp.com,wss://london-trader-6b45bffdcd02.herokuapp.com,,1,6,gh,gamified,human_only,0.0,0,15,"[8.0, 8.0, 20.0, 20.0, 4.0, 20.0, 4.0, 20.0, 0.0, 8.0, 8.0, 8.0, 8.0, 8.0, 4.0, 4.0, 20.0, 0.0, 0.0, 8.0, 4.0, 4.0, 4.0, 20.0, 8.0, 8.0, 0.0, 8.0, 4.0, 4.0]",92.0,92.0,20,skdclskt,,,,,0
5,8rrxo8mh,,0,221,220,post_exp,FinalForProlific,2026-05-05 16:24:26.255568,1,,,5698.0,5,,0.0,a1542dc5-078d-4b85-8ee8-6acdc2839880,3426.1999999999994,13.0,8.0,104.0,3530.1999999999994,,2600.0,20.0,,,,,0.0,0,,,1,bbac1738-2cb5-4b77-92c4-c512548db93b,https://london-trader-6b45bffdcd02.herokuapp.com,wss://london-trader-6b45bffdcd02.herokuapp.com,,1,6,gh,gamified,human_only,0.0,0,15,"[8.0, 8.0, 20.0, 20.0, 4.0, 20.0, 4.0, 20.0, 0.0, 8.0, 8.0, 8.0, 8.0, 8.0, 4.0, 4.0, 20.0, 0.0, 0.0, 8.0, 4.0, 4.0, 4.0, 20.0, 8.0, 8.0, 0.0, 8.0, 4.0, 4.0]",92.0,92.0,20,skdclskt,,,,,0
6,53wkzdsp,,0,221,220,post_exp,FinalForProlific,2026-05-05 16:24:26.261968,1,,,5089.0,6,,0.0,3e36c9fa-1786-43b0-87ea-f17db8332def,4769.23,6.0,8.0,48.0,4817.23,,3800.0,10.0,,,,,0.0,0,,,1,bbac1738-2cb5-4b77-92c4-c512548db93b,https://london-trader-6b45bffdcd02.herokuapp.com,wss://london-trader-6b45bffdcd02.herokuapp.com,,1,6,gh,gamified,human_only,0.0,0,15,"[8.0, 8.0, 20.0, 20.0, 4.0, 20.0, 4.0, 20.0, 0.0, 8.0, 8.0, 8.0, 8.0, 8.0, 4.0, 4.0, 20.0, 0.0, 0.0, 8.0, 4.0, 4.0, 4.0, 20.0, 8.0, 8.0, 0.0, 8.0, 4.0, 4.0]",92.0,92.0,20,skdclskt,,,,,0
7,2tmxyq59,,0,221,220,post_exp,FinalForProlific,2026-05-05 16:24:26.267852,1,,,5570.0,1,,0.0,c34666fc-2042-436c-b5b2-8be4eb77fa45,3885.99,13.0,8.0,104.0,3989.99,,2600.0,20.0,,,,,0.0,0,,,2,41800c26-6898-4b86-b356-94ff8bfa3a3a,https://london-trader-6b45bffdcd02.herokuapp.com,wss://london-trader-6b45bffdcd02.herokuapp.com,,1,6,gh,gamified,human_only,0.0,0,15,"[8.0, 8.0, 20.0, 20.0, 4.0, 20.0, 4.0, 20.0, 0.0, 8.0, 8.0, 8.0, 8.0, 8.0, 4.0, 4.0, 20.0, 0.0, 0.0, 8.0, 4.0, 4.0, 4.0, 20.0, 8.0, 8.0, 0.0, 8.0, 4.0, 4.0]",113.0,113.0,20,skdclskt,,,,,0
8,klvgct3w,,0,221,220,post_exp,FinalForProlific,2026-05-05 16:24:26.277407,1,,,5086.0,2,,0.0,5d8a97d2-0acd-4bec-9355-f1ef8ca0b665,3728.0,13.0,8.0,104.0,3832.0,,3800.0,10.0,,,,,0.0,0,,,2,41800c26-6898-4b86-b356-94ff8bfa3a3a,https://london-trader-6b45bffdcd02.herokuapp.com,wss://london-trader-6b45bffdcd02.herokuapp.com,,1,6,gh,gamified,human_only,0.0,0,15,"[8.0, 8.0, 20.0, 20.0, 4.0, 20.0, 4.0, 20.0, 0.0, 8.0, 8.0, 8.0, 8.0, 8.0, 4.0, 4.0, 20.0, 0.0, 0.0, 8.0, 4.0, 4.0, 4.0, 20.0, 8.0, 8.0, 0.0, 8.0, 4.0, 4.0]",113.0,113.0,20,skdclskt,,,,,0
9,fa5fpl4w,,0,221,220,post_exp,FinalForProlific,2026-05-05 16:24:26.284184,1,,,5251.0,3,,0.0,9ae3a47d-ad9b-4325-b996-258a31aa9b65,2907.51,23.0,8.0,184.0,3091.51,,2600.0,20.0,,,,,0.0,0,,,2,41800c26-6898-4b86-b356-94ff8bfa3a3a,https://london-trader-6b45bffdcd02.herokuapp.com,wss://london-trader-6b45bffdcd02.herokuapp.com,,1,6,gh,gamified,human_only,0.0,0,15,"[8.0, 8.0, 20.0, 20.0, 4.0, 20.0, 4.0, 20.0, 0.0, 8.0, 8.0, 8.0, 8.0, 8.0, 4.0, 4.0, 20.0, 0.0, 0.0, 8.0, 4.0, 4.0, 4.0, 20.0, 8.0, 8.0, 0.0, 8.0, 4.0, 4.0]",113.0,113.0,20,skdclskt,,,,,0
10,0sa5xwid,,0,221,220,post_exp,FinalForProlific,2026-05-05 16:24:26.290374,1,,,5140.0,4,,0.0,3f16f05a-e96e-45ac-9ef0-9c2d6dce3317,4116.01,9.0,8.0,72.0,4188.01,,3800.0,10.0,,,,,0.0,0,,,2,41800c26-6898-4b86-b356-94ff8bfa3a3a,https://london-trader-6b45bffdcd02.herokuapp.com,wss://london-trader-6b45bffdcd02.herokuapp.com,,1,6,gh,gamified,human_only,0.0,0,15,"[8.0, 8.0, 20.0, 20.0, 4.0, 20.0, 4.0, 20.0, 0.0, 8.0, 8.0, 8.0, 8.0, 8.0, 4.0, 4.0, 20.0, 0.0, 0.0, 8.0, 4.0, 4.0, 4.0, 20.0, 8.0, 8.0, 0.0, 8.0, 4.0, 4.0]",113.0,113.0,20,skdclskt,,,,,0
11,w5nuyib0,,0,221,220,post_exp,FinalForProlific,2026-05-05 16:24:26.299295,1,,,4813.0,5,,0.0,16e26514-b278-4448-959a-f58ad6e11852,3615.99,15.0,8.0,120.0,3735.99,,2600.0,20.0,,,,,0.0,0,,,2,41800c26-6898-4b86-b356-94ff8bfa3a3a,https://london-trader-6b45bffdcd02.herokuapp.com,wss://london-trader-6b45bffdcd02.herokuapp.com,,1,6,gh,gamified,human_only,0.0,0,15,"[8.0, 8.0, 20.0, 20.0, 4.0, 20.0, 4.0, 20.0, 0.0, 8.0, 8.0, 8.0, 8.0, 8.0, 4.0, 4.0, 20.0, 0.0, 0.0, 8.0, 4.0, 4.0, 4.0, 20.0, 8.0, 8.0, 0.0, 8.0, 4.0, 4.0]",113.0,113.0,20,skdclskt,,,,,0
12,s1twfhpt,,0,221,220,post_exp,FinalForProlific,2026-05-05 16:24:26.305361,1,,,4871.0,6,,0.0,0414deaa-50dd-4291-abcb-c312c59361b0,3230.5,18.0,8.0,144.0,3374.5,,3800.0,10.0,,,,,0.0,0,,,2,41800c26-6898-4b86-b356-94ff8bfa3a3a,https://london-trader-6b45bffdcd02.herokuapp.com,wss://london-trader-6b45bffdcd02.herokuapp.com,,1,6,gh,gamified,human_only,0.0,0,15,"[8.0, 8.0, 20.0, 20.0, 4.0, 20.0, 4.0, 20.0, 0.0, 8.0, 8.0, 8.0, 8.0, 8.0, 4.0, 4.0, 20.0, 0.0, 0.0, 8.0, 4.0, 4.0, 4.0, 20.0, 8.0, 8.0, 0.0, 8.0, 4.0, 4.0]",113.0,113.0,20,skdclskt,,,,,0
13,tqeatlds,,0,221,220,post_exp,FinalForProlific,2026-05-05 16:24:26.312482,1,,,5561.0,1,,0.0,18595b83-a573-483a-922c-64417e548e97,3184.7599999999998,19.0,8.0,152.0,3336.7599999999998,,2600.0,20.0,,,,,0.0,0,,,3,490e4560-4219-4069-a6b1-c8a826129b68,https://london-trader-6b45bffdcd02.herokuapp.com,wss://london-trader-6b45bffdcd02.herokuapp.com,,1,6,nh,non_gamified,human_only,0.0,0,15,"[8.0, 8.0, 20.0, 20.0, 4.0, 20.0, 4.0, 20.0, 0.0, 8.0, 8.0, 8.0, 8.0, 8.0, 4.0, 4.0, 20.0, 0.0, 0.0, 8.0, 4.0, 4.0, 4.0, 20.0, 8.0, 8.0, 0.0, 8.0, 4.0, 4.0]",59.0,59.0,20,skdclskt,,,,,0
14,nu7ykbgx,,0,221,220,post_exp,FinalForProlific,2026-05-05 16:24:26.328130,1,,,5985.0,2,,0.0,590f10b9-c637-4d22-97d1-7bcc1d1f1e01,3700.25,16.0,8.0,128.0,3828.25,,3800.0,10.0,,,,,0.0,0,,,3,490e4560-4219-4069-a6b1-c8a826129b68,https://london-trader-6b45bffdcd02.herokuapp.com,wss://london-trader-6b45bffdcd02.herokuapp.com,,1,6,nh,non_gamified,human_only,0.0,0,15,"[8.0, 8.0, 20.0, 20.0, 4.0, 20.0, 4.0, 20.0, 0.0, 8.0, 8.0, 8.0, 8.0, 8.0, 4.0, 4.0, 20.0, 0.0, 0.0, 8.0, 4.0, 4.0, 4.0, 20.0, 8.0, 8.0, 0.0, 8.0, 4.0, 4.0]",59.0,59.0,20,skdclskt,,,,,0
15,su76nhj9,,0,221,220,post_exp,FinalForProlific,2026-05-05 16:24:26.343041,1,,,5506.0,3,,0.0,e420f624-78fe-42c9-aa20-242b54f6c4e8,3062.4300000000003,24.0,8.0,192.0,3254.4300000000003,,2600.0,20.0,,,,,0.0,0,,,3,490e4560-4219-4069-a6b1-c8a826129b68,https://london-trader-6b45bffdcd02.herokuapp.com,wss://london-trader-6b45bffdcd02.herokuapp.com,,1,6,nh,non_gamified,human_only,0.0,0,15,"[8.0, 8.0, 20.0, 20.0, 4.0, 20.0, 4.0, 20.0, 0.0, 8.0, 8.0, 8.0, 8.0, 8.0, 4.0, 4.0, 20.0, 0.0, 0.0, 8.0, 4.0, 4.0, 4.0, 20.0, 8.0, 8.0, 0.0, 8.0, 4.0, 4.0]",59.0,59.0,20,skdclskt,,,,,0
16,c2m857p1,,0,221,220,post_exp,FinalForProlific,2026-05-05 16:24:26.356865,1,,,5566.0,4,,0.0,a7bed23b-2e8e-451f-8b7c-42f684002277,4506.75,4.0,8.0,32.0,4538.75,,3800.0,10.0,,,,,0.0,0,,,3,490e4560-4219-4069-a6b1-c8a826129b68,https://london-trader-6b45bffdcd02.herokuapp.com,wss://london-trader-6b45bffdcd02.herokuapp.com,,1,6,nh,non_gamified,human_only,0.0,0,15,"[8.0, 8.0, 20.0, 20.0, 4.0, 20.0, 4.0, 20.0, 0.0, 8.0, 8.0, 8.0, 8.0, 8.0, 4.0, 4.0, 20.0, 0.0, 0.0, 8.0, 4.0, 4.0, 4.0, 20.0, 8.0, 8.0, 0.0, 8.0, 4.0, 4.0]",59.0,59.0,20,skdclskt,,,,,0
17,r6xuxcar,,0,221,220,post_exp,FinalForProlific,2026-05-05 16:24:26.366557,1,,,4396.0,5,,0.0,10f05dce-1c31-4c65-80e0-0450ca2c00bb,2611.92,28.0,8.0,224.0,2835.92,,2600.0,20.0,,,,,0.0,0,,,3,490e4560-4219-4069-a6b1-c8a826129b68,https://london-trader-6b45bffdcd02.herokuapp.com,wss://london-trader-6b45bffdcd02.herokuapp.com,,1,6,nh,non_gamified,human_only,0.0,0,15,"[8.0, 8.0, 20.0, 20.0, 4.0, 20.0, 4.0, 20.0, 0.0, 8.0, 8.0, 8.0, 8.0, 8.0, 4.0, 4.0, 20.0, 0.0, 0.0, 8.0, 4.0, 4.0, 4.0, 20.0, 8.0, 8.0, 0.0, 8.0, 4.0, 4.0]",59.0,59.0,20,skdclskt,,,,,0
18,2y2lzizt,,0,221,220,post_exp,FinalForProlific,2026-05-05 16:24:26.378109,1,,,4734.0,6,,0.0,bdad41ef-e8fb-4016-ab64-9cee4008db0e,4381.889999999999,4.0,8.0,32.0,4413.889999999999,,3800.0,10.0,,,,,0.0,0,,,3,490e4560-4219-4069-a6b1-c8a826129b68,https://london-trader-6b45bffdcd02.herokuapp.com,wss://london-trader-6b45bffdcd02.herokuapp.com,,1,6,nh,non_gamified,human_only,0.0,0,15,"[8.0, 8.0, 20.0, 20.0, 4.0, 20.0, 4.0, 20.0, 0.0, 8.0, 8.0, 8.0, 8.0, 8.0, 4.0, 4.0, 20.0, 0.0, 0.0, 8.0, 4.0, 4.0, 4.0, 20.0, 8.0, 8.0, 0.0, 8.0, 4.0, 4.0]",59.0,59.0,20,skdclskt,,,,,0
19,0qc91a5a,,0,221,220,post_exp,FinalForProlific,2026-05-05 16:24:26.388408,1,,,6523.0,1,,0.0,fef5ca2d-6f21-47c4-90cc-74807444686a,4076.75,12.0,8.0,96.0,4172.75,,2600.0,20.0,,,,,0.0,0,,,4,00548e28-65ed-47e8-a667-34639429359c,https://london-trader-6b45bffdcd02.herokuapp.com,wss://london-trader-6b45bffdcd02.herokuapp.com,,1,6,nh,non_gamified,human_only,0.0,0,15,"[8.0, 8.0, 20.0, 20.0, 4.0, 20.0, 4.0, 20.0, 0.0, 8.0, 8.0, 8.0, 8.0, 8.0, 4.0, 4.0, 20.0, 0.0, 0.0, 8.0, 4.0, 4.0, 4.0, 20.0, 8.0, 8.0, 0.0, 8.0, 4.0, 4.0]",111.0,111.0,20,skdclskt,,,,,0
20,2vy9s3px,,0,221,220,post_exp,FinalForProlific,2026-05-05 16:24:26.408267,1,,,5050.0,2,,0.0,2b85f691-c920-4f32-ae54-e21833cf5475,3619.0,19.0,8.0,152.0,3771.0,,3800.0,10.0,,,,,0.0,0,,,4,00548e28-65ed-47e8-a667-34639429359c,https://london-trader-6b45bffdcd02.herokuapp.com,wss://london-trader-6b45bffdcd02.herokuapp.com,,1,6,nh,non_gamified,human_only,0.0,0,15,"[8.0, 8.0, 20.0, 20.0, 4.0, 20.0, 4.0, 20.0, 0.0, 8.0, 8.0, 8.0, 8.0, 8.0, 4.0, 4.0, 20.0, 0.0, 0.0, 8.0, 4.0, 4.0, 4.0, 20.0, 8.0, 8.0, 0.0, 8.0, 4.0, 4.0]",111.0,111.0,20,skdclskt,,,,,0
21,87uw2jck,,0,221,220,post_exp,FinalForProlific,2026-05-05 16:24:26.421889,1,,,5633.0,3,,0.0,c953d4fd-7bea-449b-9aa0-5e400d9cb204,1817.25,30.0,8.0,240.0,2057.25,,2600.0,20.0,,,,,0.0,0,,,4,00548e28-65ed-47e8-a667-34639429359c,https://london-trader-6b45bffdcd02.herokuapp.com,wss://london-trader-6b45bffdcd02.herokuapp.com,,1,6,nh,non_gamified,human_only,0.0,0,15,"[8.0, 8.0, 20.0, 20.0, 4.0, 20.0, 4.0, 20.0, 0.0, 8.0, 8.0, 8.0, 8.0, 8.0, 4.0, 4.0, 20.0, 0.0, 0.0, 8.0, 4.0, 4.0, 4.0, 20.0, 8.0, 8.0, 0.0, 8.0, 4.0, 4.0]",111.0,111.0,20,skdclskt,,,,,0
22,3ftocepp,,0,221,220,post_exp,FinalForProlific,2026-05-05 16:24:26.437680,1,,,5815.0,4,,0.0,53915058-5167-43d2-afa0-8f6290f2017f,3701.0,15.0,8.0,120.0,3821.0,,3800.0,10.0,,,,,0.0,0,,,4,00548e28-65ed-47e8-a667-34639429359c,https://london-trader-6b45bffdcd02.herokuapp.com,wss://london-trader-6b45bffdcd02.herokuapp.com,,1,6,nh,non_gamified,human_only,0.0,0,15,"[8.0, 8.0, 20.0, 20.0, 4.0, 20.0, 4.0, 20.0, 0.0, 8.0, 8.0, 8.0, 8.0, 8.0, 4.0, 4.0, 20.0, 0.0, 0.0, 8.0, 4.0, 4.0, 4.0, 20.0, 8.0, 8.0, 0.0, 8.0, 4.0, 4.0]",111.0,111.0,20,skdclskt,,,,,0
23,xz3dh0k4,,0,221,220,post_exp,FinalForProlific,2026-05-05 16:24:26.453575,1,,,5047.0,5,,0.0,a2e9d95e-90cb-4b2f-b5ca-2486e9ab692d,4274.5,10.0,8.0,80.0,4354.5,,2600.0,20.0,,,,,0.0,0,,,4,00548e28-65ed-47e8-a667-34639429359c,https://london-trader-6b45bffdcd02.herokuapp.com,wss://london-trader-6b45bffdcd02.herokuapp.com,,1,6,nh,non_gamified,human_only,0.0,0,15,"[8.0, 8.0, 20.0, 20.0, 4.0, 20.0, 4.0, 20.0, 0.0, 8.0, 8.0, 8.0, 8.0, 8.0, 4.0, 4.0, 20.0, 0.0, 0.0, 8.0, 4.0, 4.0, 4.0, 20.0, 8.0, 8.0, 0.0, 8.0, 4.0, 4.0]",111.0,111.0,20,skdclskt,,,,,0
24,x7l4wbwx,,0,221,220,post_exp,FinalForProlific,2026-05-05 16:24:26.462816,1,,,5091.0,6,,0.0,89df792d-8b1a-4545-be89-9e94133865f7,3963.5,12.0,8.0,96.0,4059.5,,3800.0,10.0,,,,,0.0,0,,,4,00548e28-65ed-47e8-a667-34639429359c,https://london-trader-6b45bffdcd02.herokuapp.com,wss://london-trader-6b45bffdcd02.herokuapp.com,,1,6,nh,non_gamified,human_only,0.0,0,15,"[8.0, 8.0, 20.0, 20.0, 4.0, 20.0, 4.0, 20.0, 0.0, 8.0, 8.0, 8.0, 8.0, 8.0, 4.0, 4.0, 20.0, 0.0, 0.0, 8.0, 4.0, 4.0, 4.0, 20.0, 8.0, 8.0, 0.0, 8.0, 4.0, 4.0]",111.0,111.0,20,skdclskt,,,,,0
1,9bv3gi2y,,0,221,220,post_exp,FinalForProlific,2026-05-05 16:24:25.907795,1,,,6097.0,1,,0.0,2622e9f6-8f19-49dd-b301-25fc2a630f03,3046.0,25.0,4.0,100.0,3146.0,,2600.0,20.0,91.0,4,"{""forecast_price_next_day"":91,""forecast_confidence_next_day"":4}",94.76,20.0,1,,,1,bbac1738-2cb5-4b77-92c4-c512548db93b,https://london-trader-6b45bffdcd02.herokuapp.com,wss://london-trader-6b45bffdcd02.herokuapp.com,,1,6,gh,gamified,human_only,0.0,0,15,"[8.0, 8.0, 20.0, 20.0, 4.0, 20.0, 4.0, 20.0, 0.0, 8.0, 8.0, 8.0, 8.0, 8.0, 4.0, 4.0, 20.0, 0.0, 0.0, 8.0, 4.0, 4.0, 4.0, 20.0, 8.0, 8.0, 0.0, 8.0, 4.0, 4.0]",93.24,93.24,21,skdclskt,,,,,0
2,1tnknpce,,0,221,220,post_exp,FinalForProlific,2026-05-05 16:24:26.237055,1,,,4685.0,2,,0.0,24e830e8-905d-4e22-ab61-b990c984ff16,1811.09,41.0,4.0,164.0,1975.09,,3800.0,10.0,0.0,0,,94.76,0.0,1,,,1,bbac1738-2cb5-4b77-92c4-c512548db93b,https://london-trader-6b45bffdcd02.herokuapp.com,wss://london-trader-6b45bffdcd02.herokuapp.com,,1,6,gh,gamified,human_only,0.0,0,15,"[8.0, 8.0, 20.0, 20.0, 4.0, 20.0, 4.0, 20.0, 0.0, 8.0, 8.0, 8.0, 8.0, 8.0, 4.0, 4.0, 20.0, 0.0, 0.0, 8.0, 4.0, 4.0, 4.0, 20.0, 8.0, 8.0, 0.0, 8.0, 4.0, 4.0]",93.24,93.24,21,skdclskt,,,,,0
3,zkl94ida,,0,221,220,post_exp,FinalForProlific,2026-05-05 16:24:26.243811,1,,,7353.0,3,,0.0,6820cd25-c18c-49e6-84f5-25aa69820367,5177.869999999998,0.0,4.0,0.0,5177.869999999998,,2600.0,20.0,94.0,1,"{""forecast_price_next_day"":94,""forecast_confidence_next_day"":1}",94.76,20.0,1,,,1,bbac1738-2cb5-4b77-92c4-c512548db93b,https://london-trader-6b45bffdcd02.herokuapp.com,wss://london-trader-6b45bffdcd02.herokuapp.com,,1,6,gh,gamified,human_only,0.0,0,15,"[8.0, 8.0, 20.0, 20.0, 4.0, 20.0, 4.0, 20.0, 0.0, 8.0, 8.0, 8.0, 8.0, 8.0, 4.0, 4.0, 20.0, 0.0, 0.0, 8.0, 4.0, 4.0, 4.0, 20.0, 8.0, 8.0, 0.0, 8.0, 4.0, 4.0]",93.24,93.24,21,skdclskt,,,,,0
4,h7nk13vs,,0,221,220,post_exp,FinalForProlific,2026-05-05 16:24:26.249481,1,,,5148.0,4,,0.0,ae2e944d-6861-4940-b26c-a08caaca1a16,4194.58,8.0,4.0,32.0,4226.58,,3800.0,10.0,90.0,4,"{""forecast_price_next_day"":90,""forecast_confidence_next_day"":4}",94.76,0.0,1,,,1,bbac1738-2cb5-4b77-92c4-c512548db93b,https://london-trader-6b45bffdcd02.herokuapp.com,wss://london-trader-6b45bffdcd02.herokuapp.com,,1,6,gh,gamified,human_only,0.0,0,15,"[8.0, 8.0, 20.0, 20.0, 4.0, 20.0, 4.0, 20.0, 0.0, 8.0, 8.0, 8.0, 8.0, 8.0, 4.0, 4.0, 20.0, 0.0, 0.0, 8.0, 4.0, 4.0, 4.0, 20.0, 8.0, 8.0, 0.0, 8.0, 4.0, 4.0]",93.24,93.24,21,skdclskt,,,,,0
5,8rrxo8mh,,0,221,220,post_exp,FinalForProlific,2026-05-05 16:24:26.255568,1,,,5698.0,5,,0.0,a1542dc5-078d-4b85-8ee8-6acdc2839880,3433.609999999999,16.0,4.0,64.0,3497.609999999999,,2600.0,20.0,94.0,5,"{""forecast_price_next_day"":94,""forecast_confidence_next_day"":5}",94.76,20.0,1,,,1,bbac1738-2cb5-4b77-92c4-c512548db93b,https://london-trader-6b45bffdcd02.herokuapp.com,wss://london-trader-6b45bffdcd02.herokuapp.com,,1,6,gh,gamified,human_only,0.0,0,15,"[8.0, 8.0, 20.0, 20.0, 4.0, 20.0, 4.0, 20.0, 0.0, 8.0, 8.0, 8.0, 8.0, 8.0, 4.0, 4.0, 20.0, 0.0, 0.0, 8.0, 4.0, 4.0, 4.0, 20.0, 8.0, 8.0, 0.0, 8.0, 4.0, 4.0]",93.24,93.24,21,skdclskt,,,,,0
6,53wkzdsp,,0,221,220,post_exp,FinalForProlific,2026-05-05 16:24:26.261968,1,,,5089.0,6,,0.0,3e36c9fa-1786-43b0-87ea-f17db8332def,4817.71,5.0,4.0,20.0,4837.71,,3800.0,10.0,90.0,3,"{""forecast_price_next_day"":90,""forecast_confidence_next_day"":3}",94.76,0.0,1,,,1,bbac1738-2cb5-4b77-92c4-c512548db93b,https://london-trader-6b45bffdcd02.herokuapp.com,wss://london-trader-6b45bffdcd02.herokuapp.com,,1,6,gh,gamified,human_only,0.0,0,15,"[8.0, 8.0, 20.0, 20.0, 4.0, 20.0, 4.0, 20.0, 0.0, 8.0, 8.0, 8.0, 8.0, 8.0, 4.0, 4.0, 20.0, 0.0, 0.0, 8.0, 4.0, 4.0, 4.0, 20.0, 8.0, 8.0, 0.0, 8.0, 4.0, 4.0]",93.24,93.24,21,skdclskt,,,,,0
7,2tmxyq59,,0,221,220,post_exp,FinalForProlific,2026-05-05 16:24:26.267852,1,,,5570.0,1,,0.0,c34666fc-2042-436c-b5b2-8be4eb77fa45,4091.99,13.0,4.0,52.0,4143.99,,2600.0,20.0,100.0,5,"{""forecast_price_next_day"":100,""forecast_confidence_next_day"":5}",113.0,0.0,1,,,2,41800c26-6898-4b86-b356-94ff8bfa3a3a,https://london-trader-6b45bffdcd02.herokuapp.com,wss://london-trader-6b45bffdcd02.herokuapp.com,,1,6,gh,gamified,human_only,0.0,0,15,"[8.0, 8.0, 20.0, 20.0, 4.0, 20.0, 4.0, 20.0, 0.0, 8.0, 8.0, 8.0, 8.0, 8.0, 4.0, 4.0, 20.0, 0.0, 0.0, 8.0, 4.0, 4.0, 4.0, 20.0, 8.0, 8.0, 0.0, 8.0, 4.0, 4.0]",100.0,100.0,21,skdclskt,,,,,0
8,klvgct3w,,0,221,220,post_exp,FinalForProlific,2026-05-05 16:24:26.277407,1,,,5086.0,2,,0.0,5d8a97d2-0acd-4bec-9355-f1ef8ca0b665,3723.01,14.0,4.0,56.0,3779.01,,3800.0,10.0,110.0,4,"{""forecast_confidence_next_day"":4,""forecast_price_next_day"":110}",113.0,20.0,1,,,2,41800c26-6898-4b86-b356-94ff8bfa3a3a,https://london-trader-6b45bffdcd02.herokuapp.com,wss://london-trader-6b45bffdcd02.herokuapp.com,,1,6,gh,gamified,human_only,0.0,0,15,"[8.0, 8.0, 20.0, 20.0, 4.0, 20.0, 4.0, 20.0, 0.0, 8.0, 8.0, 8.0, 8.0, 8.0, 4.0, 4.0, 20.0, 0.0, 0.0, 8.0, 4.0, 4.0, 4.0, 20.0, 8.0, 8.0, 0.0, 8.0, 4.0, 4.0]",100.0,100.0,21,skdclskt,,,,,0
9,fa5fpl4w,,0,221,220,post_exp,FinalForProlific,2026-05-05 16:24:26.284184,1,,,5251.0,3,,0.0,9ae3a47d-ad9b-4325-b996-258a31aa9b65,2995.51,25.0,4.0,100.0,3095.51,,2600.0,20.0,105.0,1,"{""forecast_confidence_next_day"":1,""forecast_price_next_day"":105}",113.0,0.0,1,,,2,41800c26-6898-4b86-b356-94ff8bfa3a3a,https://london-trader-6b45bffdcd02.herokuapp.com,wss://london-trader-6b45bffdcd02.herokuapp.com,,1,6,gh,gamified,human_only,0.0,0,15,"[8.0, 8.0, 20.0, 20.0, 4.0, 20.0, 4.0, 20.0, 0.0, 8.0, 8.0, 8.0, 8.0, 8.0, 4.0, 4.0, 20.0, 0.0, 0.0, 8.0, 4.0, 4.0, 4.0, 20.0, 8.0, 8.0, 0.0, 8.0, 4.0, 4.0]",100.0,100.0,21,skdclskt,,,,,0
10,0sa5xwid,,0,221,220,post_exp,FinalForProlific,2026-05-05 16:24:26.290374,1,,,5140.0,4,,0.0,3f16f05a-e96e-45ac-9ef0-9c2d6dce3317,4377.51,7.0,4.0,28.0,4405.51,,3800.0,10.0,95.0,2,"{""forecast_price_next_day"":95,""forecast_confidence_next_day"":2}",113.0,0.0,1,,,2,41800c26-6898-4b86-b356-94ff8bfa3a3a,https://london-trader-6b45bffdcd02.herokuapp.com,wss://london-trader-6b45bffdcd02.herokuapp.com,,1,6,gh,gamified,human_only,0.0,0,15,"[8.0, 8.0, 20.0, 20.0, 4.0, 20.0, 4.0, 20.0, 0.0, 8.0, 8.0, 8.0, 8.0, 8.0, 4.0, 4.0, 20.0, 0.0, 0.0, 8.0, 4.0, 4.0, 4.0, 20.0, 8.0, 8.0, 0.0, 8.0, 4.0, 4.0]",100.0,100.0,21,skdclskt,,,,,0
11,w5nuyib0,,0,221,220,post_exp,FinalForProlific,2026-05-05 16:24:26.299295,1,,,4813.0,5,,0.0,16e26514-b278-4448-959a-f58ad6e11852,3748.4799999999996,15.0,4.0,60.0,3808.4799999999996,,2600.0,20.0,184.0,2,"{""forecast_price_next_day"":184,""forecast_confidence_next_day"":2}",113.0,0.0,1,,,2,41800c26-6898-4b86-b356-94ff8bfa3a3a,https://london-trader-6b45bffdcd02.herokuapp.com,wss://london-trader-6b45bffdcd02.herokuapp.com,,1,6,gh,gamified,human_only,0.0,0,15,"[8.0, 8.0, 20.0, 20.0, 4.0, 20.0, 4.0, 20.0, 0.0, 8.0, 8.0, 8.0, 8.0, 8.0, 4.0, 4.0, 20.0, 0.0, 0.0, 8.0, 4.0, 4.0, 4.0, 20.0, 8.0, 8.0, 0.0, 8.0, 4.0, 4.0]",100.0,100.0,21,skdclskt,,,,,0
12,s1twfhpt,,0,221,220,post_exp,FinalForProlific,2026-05-05 16:24:26.305361,1,,,4871.0,6,,0.0,0414deaa-50dd-4291-abcb-c312c59361b0,3275.5,19.0,4.0,76.0,3351.5,,3800.0,10.0,110.0,3,"{""forecast_price_next_day"":110,""forecast_confidence_next_day"":3}",113.0,20.0,1,,,2,41800c26-6898-4b86-b356-94ff8bfa3a3a,https://london-trader-6b45bffdcd02.herokuapp.com,wss://london-trader-6b45bffdcd02.herokuapp.com,,1,6,gh,gamified,human_only,0.0,0,15,"[8.0, 8.0, 20.0, 20.0, 4.0, 20.0, 4.0, 20.0, 0.0, 8.0, 8.0, 8.0, 8.0, 8.0, 4.0, 4.0, 20.0, 0.0, 0.0, 8.0, 4.0, 4.0, 4.0, 20.0, 8.0, 8.0, 0.0, 8.0, 4.0, 4.0]",100.0,100.0,21,skdclskt,,,,,0
13,tqeatlds,,0,221,220,post_exp,FinalForProlific,2026-05-05 16:24:26.312482,1,,,5561.0,1,,0.0,18595b83-a573-483a-922c-64417e548e97,3275.2599999999998,20.0,4.0,80.0,3355.2599999999998,,2600.0,20.0,60.0,3,"{""forecast_price_next_day"":59.85,""forecast_confidence_next_day"":3}",59.0,20.0,1,,,3,490e4560-4219-4069-a6b1-c8a826129b68,https://london-trader-6b45bffdcd02.herokuapp.com,wss://london-trader-6b45bffdcd02.herokuapp.com,,1,6,nh,non_gamified,human_only,0.0,0,15,"[8.0, 8.0, 20.0, 20.0, 4.0, 20.0, 4.0, 20.0, 0.0, 8.0, 8.0, 8.0, 8.0, 8.0, 4.0, 4.0, 20.0, 0.0, 0.0, 8.0, 4.0, 4.0, 4.0, 20.0, 8.0, 8.0, 0.0, 8.0, 4.0, 4.0]",59.5,59.5,21,skdclskt,,,,,0
14,nu7ykbgx,,0,221,220,post_exp,FinalForProlific,2026-05-05 16:24:26.328130,1,,,5985.0,2,,0.0,590f10b9-c637-4d22-97d1-7bcc1d1f1e01,3889.75,19.0,4.0,76.0,3965.75,,3800.0,10.0,61.0,3,"{""forecast_price_next_day"":61,""forecast_confidence_next_day"":3}",59.0,20.0,1,,,3,490e4560-4219-4069-a6b1-c8a826129b68,https://london-trader-6b45bffdcd02.herokuapp.com,wss://london-trader-6b45bffdcd02.herokuapp.com,,1,6,nh,non_gamified,human_only,0.0,0,15,"[8.0, 8.0, 20.0, 20.0, 4.0, 20.0, 4.0, 20.0, 0.0, 8.0, 8.0, 8.0, 8.0, 8.0, 4.0, 4.0, 20.0, 0.0, 0.0, 8.0, 4.0, 4.0, 4.0, 20.0, 8.0, 8.0, 0.0, 8.0, 4.0, 4.0]",59.5,59.5,21,skdclskt,,,,,0
15,su76nhj9,,0,221,220,post_exp,FinalForProlific,2026-05-05 16:24:26.343041,1,,,5506.0,3,,0.0,e420f624-78fe-42c9-aa20-242b54f6c4e8,3314.9300000000003,20.0,4.0,80.0,3394.9300000000003,,2600.0,20.0,62.0,2,"{""forecast_price_next_day"":62,""forecast_confidence_next_day"":2}",59.0,0.0,1,,,3,490e4560-4219-4069-a6b1-c8a826129b68,https://london-trader-6b45bffdcd02.herokuapp.com,wss://london-trader-6b45bffdcd02.herokuapp.com,,1,6,nh,non_gamified,human_only,0.0,0,15,"[8.0, 8.0, 20.0, 20.0, 4.0, 20.0, 4.0, 20.0, 0.0, 8.0, 8.0, 8.0, 8.0, 8.0, 4.0, 4.0, 20.0, 0.0, 0.0, 8.0, 4.0, 4.0, 4.0, 20.0, 8.0, 8.0, 0.0, 8.0, 4.0, 4.0]",59.5,59.5,21,skdclskt,,,,,0
16,c2m857p1,,0,221,220,post_exp,FinalForProlific,2026-05-05 16:24:26.356865,1,,,5566.0,4,,0.0,a7bed23b-2e8e-451f-8b7c-42f684002277,4602.0,4.0,4.0,16.0,4618.0,,3800.0,10.0,61.0,2,"{""forecast_price_next_day"":61,""forecast_confidence_next_day"":2}",59.0,20.0,1,,,3,490e4560-4219-4069-a6b1-c8a826129b68,https://london-trader-6b45bffdcd02.herokuapp.com,wss://london-trader-6b45bffdcd02.herokuapp.com,,1,6,nh,non_gamified,human_only,0.0,0,15,"[8.0, 8.0, 20.0, 20.0, 4.0, 20.0, 4.0, 20.0, 0.0, 8.0, 8.0, 8.0, 8.0, 8.0, 4.0, 4.0, 20.0, 0.0, 0.0, 8.0, 4.0, 4.0, 4.0, 20.0, 8.0, 8.0, 0.0, 8.0, 4.0, 4.0]",59.5,59.5,21,skdclskt,,,,,0
17,r6xuxcar,,0,221,220,post_exp,FinalForProlific,2026-05-05 16:24:26.366557,1,,,4396.0,5,,0.0,10f05dce-1c31-4c65-80e0-0450ca2c00bb,2956.92,25.0,4.0,100.0,3056.92,,2600.0,20.0,62.0,3,"{""forecast_price_next_day"":62,""forecast_confidence_next_day"":3}",59.0,0.0,1,,,3,490e4560-4219-4069-a6b1-c8a826129b68,https://london-trader-6b45bffdcd02.herokuapp.com,wss://london-trader-6b45bffdcd02.herokuapp.com,,1,6,nh,non_gamified,human_only,0.0,0,15,"[8.0, 8.0, 20.0, 20.0, 4.0, 20.0, 4.0, 20.0, 0.0, 8.0, 8.0, 8.0, 8.0, 8.0, 4.0, 4.0, 20.0, 0.0, 0.0, 8.0, 4.0, 4.0, 4.0, 20.0, 8.0, 8.0, 0.0, 8.0, 4.0, 4.0]",59.5,59.5,21,skdclskt,,,,,0
18,2y2lzizt,,0,221,220,post_exp,FinalForProlific,2026-05-05 16:24:26.378109,1,,,4734.0,6,,0.0,bdad41ef-e8fb-4016-ab64-9cee4008db0e,4169.139999999999,8.0,4.0,32.0,4201.139999999999,,3800.0,10.0,60.0,3,"{""forecast_price_next_day"":60,""forecast_confidence_next_day"":3}",59.0,20.0,1,,,3,490e4560-4219-4069-a6b1-c8a826129b68,https://london-trader-6b45bffdcd02.herokuapp.com,wss://london-trader-6b45bffdcd02.herokuapp.com,,1,6,nh,non_gamified,human_only,0.0,0,15,"[8.0, 8.0, 20.0, 20.0, 4.0, 20.0, 4.0, 20.0, 0.0, 8.0, 8.0, 8.0, 8.0, 8.0, 4.0, 4.0, 20.0, 0.0, 0.0, 8.0, 4.0, 4.0, 4.0, 20.0, 8.0, 8.0, 0.0, 8.0, 4.0, 4.0]",59.5,59.5,21,skdclskt,,,,,0
19,0qc91a5a,,0,221,220,post_exp,FinalForProlific,2026-05-05 16:24:26.388408,1,,,6523.0,1,,0.0,fef5ca2d-6f21-47c4-90cc-74807444686a,4730.25,9.0,4.0,36.0,4766.25,,2600.0,20.0,72.0,5,"{""forecast_price_next_day"":72,""forecast_confidence_next_day"":5}",115.0,0.0,1,,,4,00548e28-65ed-47e8-a667-34639429359c,https://london-trader-6b45bffdcd02.herokuapp.com,wss://london-trader-6b45bffdcd02.herokuapp.com,,1,6,nh,non_gamified,human_only,0.0,0,15,"[8.0, 8.0, 20.0, 20.0, 4.0, 20.0, 4.0, 20.0, 0.0, 8.0, 8.0, 8.0, 8.0, 8.0, 4.0, 4.0, 20.0, 0.0, 0.0, 8.0, 4.0, 4.0, 4.0, 20.0, 8.0, 8.0, 0.0, 8.0, 4.0, 4.0]",111.0,111.0,21,skdclskt,,,,,0
20,2vy9s3px,,0,221,220,post_exp,FinalForProlific,2026-05-05 16:24:26.408267,1,,,5050.0,2,,0.0,2b85f691-c920-4f32-ae54-e21833cf5475,3006.49,22.0,4.0,88.0,3094.49,,3800.0,10.0,109.0,4,"{""forecast_price_next_day"":109,""forecast_confidence_next_day"":4}",115.0,0.0,1,,,4,00548e28-65ed-47e8-a667-34639429359c,https://london-trader-6b45bffdcd02.herokuapp.com,wss://london-trader-6b45bffdcd02.herokuapp.com,,1,6,nh,non_gamified,human_only,0.0,0,15,"[8.0, 8.0, 20.0, 20.0, 4.0, 20.0, 4.0, 20.0, 0.0, 8.0, 8.0, 8.0, 8.0, 8.0, 4.0, 4.0, 20.0, 0.0, 0.0, 8.0, 4.0, 4.0, 4.0, 20.0, 8.0, 8.0, 0.0, 8.0, 4.0, 4.0]",111.0,111.0,21,skdclskt,,,,,0
21,87uw2jck,,0,221,220,post_exp,FinalForProlific,2026-05-05 16:24:26.421889,1,,,5633.0,3,,0.0,c953d4fd-7bea-449b-9aa0-5e400d9cb204,2057.25,30.0,4.0,120.0,2177.25,,2600.0,20.0,8.0,4,"{""forecast_price_next_day"":8,""forecast_confidence_next_day"":4}",115.0,0.0,1,,,4,00548e28-65ed-47e8-a667-34639429359c,https://london-trader-6b45bffdcd02.herokuapp.com,wss://london-trader-6b45bffdcd02.herokuapp.com,,1,6,nh,non_gamified,human_only,0.0,0,15,"[8.0, 8.0, 20.0, 20.0, 4.0, 20.0, 4.0, 20.0, 0.0, 8.0, 8.0, 8.0, 8.0, 8.0, 4.0, 4.0, 20.0, 0.0, 0.0, 8.0, 4.0, 4.0, 4.0, 20.0, 8.0, 8.0, 0.0, 8.0, 4.0, 4.0]",111.0,111.0,21,skdclskt,,,,,0
22,3ftocepp,,0,221,220,post_exp,FinalForProlific,2026-05-05 16:24:26.437680,1,,,5815.0,4,,0.0,53915058-5167-43d2-afa0-8f6290f2017f,4061.0,11.0,4.0,44.0,4105.0,,3800.0,10.0,4200.0,4,"{""forecast_price_next_day"":4200,""forecast_confidence_next_day"":4}",115.0,0.0,1,,,4,00548e28-65ed-47e8-a667-34639429359c,https://london-trader-6b45bffdcd02.herokuapp.com,wss://london-trader-6b45bffdcd02.herokuapp.com,,1,6,nh,non_gamified,human_only,0.0,0,15,"[8.0, 8.0, 20.0, 20.0, 4.0, 20.0, 4.0, 20.0, 0.0, 8.0, 8.0, 8.0, 8.0, 8.0, 4.0, 4.0, 20.0, 0.0, 0.0, 8.0, 4.0, 4.0, 4.0, 20.0, 8.0, 8.0, 0.0, 8.0, 4.0, 4.0]",111.0,111.0,21,skdclskt,,,,,0
23,xz3dh0k4,,0,221,220,post_exp,FinalForProlific,2026-05-05 16:24:26.453575,1,,,5047.0,5,,0.0,a2e9d95e-90cb-4b2f-b5ca-2486e9ab692d,4205.51,11.0,4.0,44.0,4249.51,,2600.0,20.0,120.0,1,"{""forecast_price_next_day"":120,""forecast_confidence_next_day"":1}",115.0,20.0,1,,,4,00548e28-65ed-47e8-a667-34639429359c,https://london-trader-6b45bffdcd02.herokuapp.com,wss://london-trader-6b45bffdcd02.herokuapp.com,,1,6,nh,non_gamified,human_only,0.0,0,15,"[8.0, 8.0, 20.0, 20.0, 4.0, 20.0, 4.0, 20.0, 0.0, 8.0, 8.0, 8.0, 8.0, 8.0, 4.0, 4.0, 20.0, 0.0, 0.0, 8.0, 4.0, 4.0, 4.0, 20.0, 8.0, 8.0, 0.0, 8.0, 4.0, 4.0]",111.0,111.0,21,skdclskt,,,,,0
24,x7l4wbwx,,0,221,220,post_exp,FinalForProlific,2026-05-05 16:24:26.462816,1,,,5091.0,6,,0.0,89df792d-8b1a-4545-be89-9e94133865f7,4175.5,10.0,4.0,40.0,4215.5,,3800.0,10.0,120.0,1,"{""forecast_price_next_day"":120,""forecast_confidence_next_day"":1}",115.0,20.0,1,,,4,00548e28-65ed-47e8-a667-34639429359c,https://london-trader-6b45bffdcd02.herokuapp.com,wss://london-trader-6b45bffdcd02.herokuapp.com,,1,6,nh,non_gamified,human_only,0.0,0,15,"[8.0, 8.0, 20.0, 20.0, 4.0, 20.0, 4.0, 20.0, 0.0, 8.0, 8.0, 8.0, 8.0, 8.0, 4.0, 4.0, 20.0, 0.0, 0.0, 8.0, 4.0, 4.0, 4.0, 20.0, 8.0, 8.0, 0.0, 8.0, 4.0, 4.0]",111.0,111.0,21,skdclskt,,,,,0
1,9bv3gi2y,,0,221,220,post_exp,FinalForProlific,2026-05-05 16:24:25.907795,1,,,6097.0,1,,0.0,2622e9f6-8f19-49dd-b301-25fc2a630f03,3146.0,23.0,4.0,92.0,3238.0,,2600.0,20.0,,,,,0.0,0,,,1,bbac1738-2cb5-4b77-92c4-c512548db93b,https://london-trader-6b45bffdcd02.herokuapp.com,wss://london-trader-6b45bffdcd02.herokuapp.com,,1,6,gh,gamified,human_only,0.0,0,15,"[8.0, 8.0, 20.0, 20.0, 4.0, 20.0, 4.0, 20.0, 0.0, 8.0, 8.0, 8.0, 8.0, 8.0, 4.0, 4.0, 20.0, 0.0, 0.0, 8.0, 4.0, 4.0, 4.0, 20.0, 8.0, 8.0, 0.0, 8.0, 4.0, 4.0]",94.76,94.76,22,skdclskt,,,,,0
2,1tnknpce,,0,221,220,post_exp,FinalForProlific,2026-05-05 16:24:26.237055,1,,,4685.0,2,,0.0,24e830e8-905d-4e22-ab61-b990c984ff16,1600.4199999999998,45.0,4.0,180.0,1780.4199999999998,,3800.0,10.0,,,,,0.0,0,,,1,bbac1738-2cb5-4b77-92c4-c512548db93b,https://london-trader-6b45bffdcd02.herokuapp.com,wss://london-trader-6b45bffdcd02.herokuapp.com,,1,6,gh,gamified,human_only,0.0,0,15,"[8.0, 8.0, 20.0, 20.0, 4.0, 20.0, 4.0, 20.0, 0.0, 8.0, 8.0, 8.0, 8.0, 8.0, 4.0, 4.0, 20.0, 0.0, 0.0, 8.0, 4.0, 4.0, 4.0, 20.0, 8.0, 8.0, 0.0, 8.0, 4.0, 4.0]",94.76,94.76,22,skdclskt,,,,,0
3,zkl94ida,,0,221,220,post_exp,FinalForProlific,2026-05-05 16:24:26.243811,1,,,7353.0,3,,0.0,6820cd25-c18c-49e6-84f5-25aa69820367,5177.869999999998,0.0,4.0,0.0,5177.869999999998,,2600.0,20.0,,,,,0.0,0,,,1,bbac1738-2cb5-4b77-92c4-c512548db93b,https://london-trader-6b45bffdcd02.herokuapp.com,wss://london-trader-6b45bffdcd02.herokuapp.com,,1,6,gh,gamified,human_only,0.0,0,15,"[8.0, 8.0, 20.0, 20.0, 4.0, 20.0, 4.0, 20.0, 0.0, 8.0, 8.0, 8.0, 8.0, 8.0, 4.0, 4.0, 20.0, 0.0, 0.0, 8.0, 4.0, 4.0, 4.0, 20.0, 8.0, 8.0, 0.0, 8.0, 4.0, 4.0]",94.76,94.76,22,skdclskt,,,,,0
4,h7nk13vs,,0,221,220,post_exp,FinalForProlific,2026-05-05 16:24:26.249481,1,,,5148.0,4,,0.0,ae2e944d-6861-4940-b26c-a08caaca1a16,4695.33,2.0,4.0,8.0,4703.33,,3800.0,10.0,,,,,0.0,0,,,1,bbac1738-2cb5-4b77-92c4-c512548db93b,https://london-trader-6b45bffdcd02.herokuapp.com,wss://london-trader-6b45bffdcd02.herokuapp.com,,1,6,gh,gamified,human_only,0.0,0,15,"[8.0, 8.0, 20.0, 20.0, 4.0, 20.0, 4.0, 20.0, 0.0, 8.0, 8.0, 8.0, 8.0, 8.0, 4.0, 4.0, 20.0, 0.0, 0.0, 8.0, 4.0, 4.0, 4.0, 20.0, 8.0, 8.0, 0.0, 8.0, 4.0, 4.0]",94.76,94.76,22,skdclskt,,,,,0
5,8rrxo8mh,,0,221,220,post_exp,FinalForProlific,2026-05-05 16:24:26.255568,1,,,5698.0,5,,0.0,a1542dc5-078d-4b85-8ee8-6acdc2839880,3876.5099999999998,12.0,4.0,48.0,3924.5099999999998,,2600.0,20.0,,,,,0.0,0,,,1,bbac1738-2cb5-4b77-92c4-c512548db93b,https://london-trader-6b45bffdcd02.herokuapp.com,wss://london-trader-6b45bffdcd02.herokuapp.com,,1,6,gh,gamified,human_only,0.0,0,15,"[8.0, 8.0, 20.0, 20.0, 4.0, 20.0, 4.0, 20.0, 0.0, 8.0, 8.0, 8.0, 8.0, 8.0, 4.0, 4.0, 20.0, 0.0, 0.0, 8.0, 4.0, 4.0, 4.0, 20.0, 8.0, 8.0, 0.0, 8.0, 4.0, 4.0]",94.76,94.76,22,skdclskt,,,,,0
6,53wkzdsp,,0,221,220,post_exp,FinalForProlific,2026-05-05 16:24:26.261968,1,,,5089.0,6,,0.0,3e36c9fa-1786-43b0-87ea-f17db8332def,4364.73,8.0,4.0,32.0,4396.73,,3800.0,10.0,,,,,0.0,0,,,1,bbac1738-2cb5-4b77-92c4-c512548db93b,https://london-trader-6b45bffdcd02.herokuapp.com,wss://london-trader-6b45bffdcd02.herokuapp.com,,1,6,gh,gamified,human_only,0.0,0,15,"[8.0, 8.0, 20.0, 20.0, 4.0, 20.0, 4.0, 20.0, 0.0, 8.0, 8.0, 8.0, 8.0, 8.0, 4.0, 4.0, 20.0, 0.0, 0.0, 8.0, 4.0, 4.0, 4.0, 20.0, 8.0, 8.0, 0.0, 8.0, 4.0, 4.0]",94.76,94.76,22,skdclskt,,,,,0
7,2tmxyq59,,0,221,220,post_exp,FinalForProlific,2026-05-05 16:24:26.267852,1,,,5570.0,1,,0.0,c34666fc-2042-436c-b5b2-8be4eb77fa45,4552.0,8.0,4.0,32.0,4584.0,,2600.0,20.0,,,,,0.0,0,,,2,41800c26-6898-4b86-b356-94ff8bfa3a3a,https://london-trader-6b45bffdcd02.herokuapp.com,wss://london-trader-6b45bffdcd02.herokuapp.com,,1,6,gh,gamified,human_only,0.0,0,15,"[8.0, 8.0, 20.0, 20.0, 4.0, 20.0, 4.0, 20.0, 0.0, 8.0, 8.0, 8.0, 8.0, 8.0, 4.0, 4.0, 20.0, 0.0, 0.0, 8.0, 4.0, 4.0, 4.0, 20.0, 8.0, 8.0, 0.0, 8.0, 4.0, 4.0]",113.0,113.0,22,skdclskt,,,,,0
8,klvgct3w,,0,221,220,post_exp,FinalForProlific,2026-05-05 16:24:26.277407,1,,,5086.0,2,,0.0,5d8a97d2-0acd-4bec-9355-f1ef8ca0b665,3779.01,14.0,4.0,56.0,3835.01,,3800.0,10.0,,,,,0.0,0,,,2,41800c26-6898-4b86-b356-94ff8bfa3a3a,https://london-trader-6b45bffdcd02.herokuapp.com,wss://london-trader-6b45bffdcd02.herokuapp.com,,1,6,gh,gamified,human_only,0.0,0,15,"[8.0, 8.0, 20.0, 20.0, 4.0, 20.0, 4.0, 20.0, 0.0, 8.0, 8.0, 8.0, 8.0, 8.0, 4.0, 4.0, 20.0, 0.0, 0.0, 8.0, 4.0, 4.0, 4.0, 20.0, 8.0, 8.0, 0.0, 8.0, 4.0, 4.0]",113.0,113.0,22,skdclskt,,,,,0
9,fa5fpl4w,,0,221,220,post_exp,FinalForProlific,2026-05-05 16:24:26.284184,1,,,5251.0,3,,0.0,9ae3a47d-ad9b-4325-b996-258a31aa9b65,3009.5,26.0,4.0,104.0,3113.5,,2600.0,20.0,,,,,0.0,0,,,2,41800c26-6898-4b86-b356-94ff8bfa3a3a,https://london-trader-6b45bffdcd02.herokuapp.com,wss://london-trader-6b45bffdcd02.herokuapp.com,,1,6,gh,gamified,human_only,0.0,0,15,"[8.0, 8.0, 20.0, 20.0, 4.0, 20.0, 4.0, 20.0, 0.0, 8.0, 8.0, 8.0, 8.0, 8.0, 4.0, 4.0, 20.0, 0.0, 0.0, 8.0, 4.0, 4.0, 4.0, 20.0, 8.0, 8.0, 0.0, 8.0, 4.0, 4.0]",113.0,113.0,22,skdclskt,,,,,0
10,0sa5xwid,,0,221,220,post_exp,FinalForProlific,2026-05-05 16:24:26.290374,1,,,5140.0,4,,0.0,3f16f05a-e96e-45ac-9ef0-9c2d6dce3317,4508.01,6.0,4.0,24.0,4532.01,,3800.0,10.0,,,,,0.0,0,,,2,41800c26-6898-4b86-b356-94ff8bfa3a3a,https://london-trader-6b45bffdcd02.herokuapp.com,wss://london-trader-6b45bffdcd02.herokuapp.com,,1,6,gh,gamified,human_only,0.0,0,15,"[8.0, 8.0, 20.0, 20.0, 4.0, 20.0, 4.0, 20.0, 0.0, 8.0, 8.0, 8.0, 8.0, 8.0, 4.0, 4.0, 20.0, 0.0, 0.0, 8.0, 4.0, 4.0, 4.0, 20.0, 8.0, 8.0, 0.0, 8.0, 4.0, 4.0]",113.0,113.0,22,skdclskt,,,,,0
11,w5nuyib0,,0,221,220,post_exp,FinalForProlific,2026-05-05 16:24:26.299295,1,,,4813.0,5,,0.0,16e26514-b278-4448-959a-f58ad6e11852,3604.4799999999996,17.0,4.0,68.0,3672.4799999999996,,2600.0,20.0,,,,,0.0,0,,,2,41800c26-6898-4b86-b356-94ff8bfa3a3a,https://london-trader-6b45bffdcd02.herokuapp.com,wss://london-trader-6b45bffdcd02.herokuapp.com,,1,6,gh,gamified,human_only,0.0,0,15,"[8.0, 8.0, 20.0, 20.0, 4.0, 20.0, 4.0, 20.0, 0.0, 8.0, 8.0, 8.0, 8.0, 8.0, 4.0, 4.0, 20.0, 0.0, 0.0, 8.0, 4.0, 4.0, 4.0, 20.0, 8.0, 8.0, 0.0, 8.0, 4.0, 4.0]",113.0,113.0,22,skdclskt,,,,,0
12,s1twfhpt,,0,221,220,post_exp,FinalForProlific,2026-05-05 16:24:26.305361,1,,,4871.0,6,,0.0,0414deaa-50dd-4291-abcb-c312c59361b0,3131.0,21.0,4.0,84.0,3215.0,,3800.0,10.0,,,,,0.0,0,,,2,41800c26-6898-4b86-b356-94ff8bfa3a3a,https://london-trader-6b45bffdcd02.herokuapp.com,wss://london-trader-6b45bffdcd02.herokuapp.com,,1,6,gh,gamified,human_only,0.0,0,15,"[8.0, 8.0, 20.0, 20.0, 4.0, 20.0, 4.0, 20.0, 0.0, 8.0, 8.0, 8.0, 8.0, 8.0, 4.0, 4.0, 20.0, 0.0, 0.0, 8.0, 4.0, 4.0, 4.0, 20.0, 8.0, 8.0, 0.0, 8.0, 4.0, 4.0]",113.0,113.0,22,skdclskt,,,,,0
13,tqeatlds,,0,221,220,post_exp,FinalForProlific,2026-05-05 16:24:26.312482,1,,,5561.0,1,,0.0,18595b83-a573-483a-922c-64417e548e97,3710.3399999999997,14.0,4.0,56.0,3766.3399999999997,,2600.0,20.0,,,,,0.0,0,,,3,490e4560-4219-4069-a6b1-c8a826129b68,https://london-trader-6b45bffdcd02.herokuapp.com,wss://london-trader-6b45bffdcd02.herokuapp.com,,1,6,nh,non_gamified,human_only,0.0,0,15,"[8.0, 8.0, 20.0, 20.0, 4.0, 20.0, 4.0, 20.0, 0.0, 8.0, 8.0, 8.0, 8.0, 8.0, 4.0, 4.0, 20.0, 0.0, 0.0, 8.0, 4.0, 4.0, 4.0, 20.0, 8.0, 8.0, 0.0, 8.0, 4.0, 4.0]",59.0,59.0,22,skdclskt,,,,,0
14,nu7ykbgx,,0,221,220,post_exp,FinalForProlific,2026-05-05 16:24:26.328130,1,,,5985.0,2,,0.0,590f10b9-c637-4d22-97d1-7bcc1d1f1e01,4026.74,15.0,4.0,60.0,4086.74,,3800.0,10.0,,,,,0.0,0,,,3,490e4560-4219-4069-a6b1-c8a826129b68,https://london-trader-6b45bffdcd02.herokuapp.com,wss://london-trader-6b45bffdcd02.herokuapp.com,,1,6,nh,non_gamified,human_only,0.0,0,15,"[8.0, 8.0, 20.0, 20.0, 4.0, 20.0, 4.0, 20.0, 0.0, 8.0, 8.0, 8.0, 8.0, 8.0, 4.0, 4.0, 20.0, 0.0, 0.0, 8.0, 4.0, 4.0, 4.0, 20.0, 8.0, 8.0, 0.0, 8.0, 4.0, 4.0]",59.0,59.0,22,skdclskt,,,,,0
15,su76nhj9,,0,221,220,post_exp,FinalForProlific,2026-05-05 16:24:26.343041,1,,,5506.0,3,,0.0,e420f624-78fe-42c9-aa20-242b54f6c4e8,3218.1700000000005,25.0,4.0,100.0,3318.1700000000005,,2600.0,20.0,,,,,0.0,0,,,3,490e4560-4219-4069-a6b1-c8a826129b68,https://london-trader-6b45bffdcd02.herokuapp.com,wss://london-trader-6b45bffdcd02.herokuapp.com,,1,6,nh,non_gamified,human_only,0.0,0,15,"[8.0, 8.0, 20.0, 20.0, 4.0, 20.0, 4.0, 20.0, 0.0, 8.0, 8.0, 8.0, 8.0, 8.0, 4.0, 4.0, 20.0, 0.0, 0.0, 8.0, 4.0, 4.0, 4.0, 20.0, 8.0, 8.0, 0.0, 8.0, 4.0, 4.0]",59.0,59.0,22,skdclskt,,,,,0
16,c2m857p1,,0,221,220,post_exp,FinalForProlific,2026-05-05 16:24:26.356865,1,,,5566.0,4,,0.0,a7bed23b-2e8e-451f-8b7c-42f684002277,4559.68,5.0,4.0,20.0,4579.68,,3800.0,10.0,,,,,0.0,0,,,3,490e4560-4219-4069-a6b1-c8a826129b68,https://london-trader-6b45bffdcd02.herokuapp.com,wss://london-trader-6b45bffdcd02.herokuapp.com,,1,6,nh,non_gamified,human_only,0.0,0,15,"[8.0, 8.0, 20.0, 20.0, 4.0, 20.0, 4.0, 20.0, 0.0, 8.0, 8.0, 8.0, 8.0, 8.0, 4.0, 4.0, 20.0, 0.0, 0.0, 8.0, 4.0, 4.0, 4.0, 20.0, 8.0, 8.0, 0.0, 8.0, 4.0, 4.0]",59.0,59.0,22,skdclskt,,,,,0
17,r6xuxcar,,0,221,220,post_exp,FinalForProlific,2026-05-05 16:24:26.366557,1,,,4396.0,5,,0.0,10f05dce-1c31-4c65-80e0-0450ca2c00bb,2876.68,30.0,4.0,120.0,2996.68,,2600.0,20.0,,,,,0.0,0,,,3,490e4560-4219-4069-a6b1-c8a826129b68,https://london-trader-6b45bffdcd02.herokuapp.com,wss://london-trader-6b45bffdcd02.herokuapp.com,,1,6,nh,non_gamified,human_only,0.0,0,15,"[8.0, 8.0, 20.0, 20.0, 4.0, 20.0, 4.0, 20.0, 0.0, 8.0, 8.0, 8.0, 8.0, 8.0, 4.0, 4.0, 20.0, 0.0, 0.0, 8.0, 4.0, 4.0, 4.0, 20.0, 8.0, 8.0, 0.0, 8.0, 4.0, 4.0]",59.0,59.0,22,skdclskt,,,,,0
18,2y2lzizt,,0,221,220,post_exp,FinalForProlific,2026-05-05 16:24:26.378109,1,,,4734.0,6,,0.0,bdad41ef-e8fb-4016-ab64-9cee4008db0e,4200.389999999999,8.0,4.0,32.0,4232.389999999999,,3800.0,10.0,,,,,0.0,0,,,3,490e4560-4219-4069-a6b1-c8a826129b68,https://london-trader-6b45bffdcd02.herokuapp.com,wss://london-trader-6b45bffdcd02.herokuapp.com,,1,6,nh,non_gamified,human_only,0.0,0,15,"[8.0, 8.0, 20.0, 20.0, 4.0, 20.0, 4.0, 20.0, 0.0, 8.0, 8.0, 8.0, 8.0, 8.0, 4.0, 4.0, 20.0, 0.0, 0.0, 8.0, 4.0, 4.0, 4.0, 20.0, 8.0, 8.0, 0.0, 8.0, 4.0, 4.0]",59.0,59.0,22,skdclskt,,,,,0
19,0qc91a5a,,0,221,220,post_exp,FinalForProlific,2026-05-05 16:24:26.388408,1,,,6523.0,1,,0.0,fef5ca2d-6f21-47c4-90cc-74807444686a,4995.0,6.0,4.0,24.0,5019.0,,2600.0,20.0,,,,,0.0,0,,,4,00548e28-65ed-47e8-a667-34639429359c,https://london-trader-6b45bffdcd02.herokuapp.com,wss://london-trader-6b45bffdcd02.herokuapp.com,,1,6,nh,non_gamified,human_only,0.0,0,15,"[8.0, 8.0, 20.0, 20.0, 4.0, 20.0, 4.0, 20.0, 0.0, 8.0, 8.0, 8.0, 8.0, 8.0, 4.0, 4.0, 20.0, 0.0, 0.0, 8.0, 4.0, 4.0, 4.0, 20.0, 8.0, 8.0, 0.0, 8.0, 4.0, 4.0]",115.0,115.0,22,skdclskt,,,,,0
20,2vy9s3px,,0,221,220,post_exp,FinalForProlific,2026-05-05 16:24:26.408267,1,,,5050.0,2,,0.0,2b85f691-c920-4f32-ae54-e21833cf5475,3094.49,21.0,4.0,84.0,3178.49,,3800.0,10.0,,,,,0.0,0,,,4,00548e28-65ed-47e8-a667-34639429359c,https://london-trader-6b45bffdcd02.herokuapp.com,wss://london-trader-6b45bffdcd02.herokuapp.com,,1,6,nh,non_gamified,human_only,0.0,0,15,"[8.0, 8.0, 20.0, 20.0, 4.0, 20.0, 4.0, 20.0, 0.0, 8.0, 8.0, 8.0, 8.0, 8.0, 4.0, 4.0, 20.0, 0.0, 0.0, 8.0, 4.0, 4.0, 4.0, 20.0, 8.0, 8.0, 0.0, 8.0, 4.0, 4.0]",115.0,115.0,22,skdclskt,,,,,0
21,87uw2jck,,0,221,220,post_exp,FinalForProlific,2026-05-05 16:24:26.421889,1,,,5633.0,3,,0.0,c953d4fd-7bea-449b-9aa0-5e400d9cb204,2177.25,30.0,4.0,120.0,2297.25,,2600.0,20.0,,,,,0.0,0,,,4,00548e28-65ed-47e8-a667-34639429359c,https://london-trader-6b45bffdcd02.herokuapp.com,wss://london-trader-6b45bffdcd02.herokuapp.com,,1,6,nh,non_gamified,human_only,0.0,0,15,"[8.0, 8.0, 20.0, 20.0, 4.0, 20.0, 4.0, 20.0, 0.0, 8.0, 8.0, 8.0, 8.0, 8.0, 4.0, 4.0, 20.0, 0.0, 0.0, 8.0, 4.0, 4.0, 4.0, 20.0, 8.0, 8.0, 0.0, 8.0, 4.0, 4.0]",115.0,115.0,22,skdclskt,,,,,0
22,3ftocepp,,0,221,220,post_exp,FinalForProlific,2026-05-05 16:24:26.437680,1,,,5815.0,4,,0.0,53915058-5167-43d2-afa0-8f6290f2017f,4005.0,12.0,4.0,48.0,4053.0,,3800.0,10.0,,,,,0.0,0,,,4,00548e28-65ed-47e8-a667-34639429359c,https://london-trader-6b45bffdcd02.herokuapp.com,wss://london-trader-6b45bffdcd02.herokuapp.com,,1,6,nh,non_gamified,human_only,0.0,0,15,"[8.0, 8.0, 20.0, 20.0, 4.0, 20.0, 4.0, 20.0, 0.0, 8.0, 8.0, 8.0, 8.0, 8.0, 4.0, 4.0, 20.0, 0.0, 0.0, 8.0, 4.0, 4.0, 4.0, 20.0, 8.0, 8.0, 0.0, 8.0, 4.0, 4.0]",115.0,115.0,22,skdclskt,,,,,0
23,xz3dh0k4,,0,221,220,post_exp,FinalForProlific,2026-05-05 16:24:26.453575,1,,,5047.0,5,,0.0,a2e9d95e-90cb-4b2f-b5ca-2486e9ab692d,4220.76,11.0,4.0,44.0,4264.76,,2600.0,20.0,,,,,0.0,0,,,4,00548e28-65ed-47e8-a667-34639429359c,https://london-trader-6b45bffdcd02.herokuapp.com,wss://london-trader-6b45bffdcd02.herokuapp.com,,1,6,nh,non_gamified,human_only,0.0,0,15,"[8.0, 8.0, 20.0, 20.0, 4.0, 20.0, 4.0, 20.0, 0.0, 8.0, 8.0, 8.0, 8.0, 8.0, 4.0, 4.0, 20.0, 0.0, 0.0, 8.0, 4.0, 4.0, 4.0, 20.0, 8.0, 8.0, 0.0, 8.0, 4.0, 4.0]",115.0,115.0,22,skdclskt,,,,,0
24,x7l4wbwx,,0,221,220,post_exp,FinalForProlific,2026-05-05 16:24:26.462816,1,,,5091.0,6,,0.0,89df792d-8b1a-4545-be89-9e94133865f7,4115.5,11.0,4.0,44.0,4159.5,,3800.0,10.0,,,,,0.0,0,,,4,00548e28-65ed-47e8-a667-34639429359c,https://london-trader-6b45bffdcd02.herokuapp.com,wss://london-trader-6b45bffdcd02.herokuapp.com,,1,6,nh,non_gamified,human_only,0.0,0,15,"[8.0, 8.0, 20.0, 20.0, 4.0, 20.0, 4.0, 20.0, 0.0, 8.0, 8.0, 8.0, 8.0, 8.0, 4.0, 4.0, 20.0, 0.0, 0.0, 8.0, 4.0, 4.0, 4.0, 20.0, 8.0, 8.0, 0.0, 8.0, 4.0, 4.0]",115.0,115.0,22,skdclskt,,,,,0
1,9bv3gi2y,,0,221,220,post_exp,FinalForProlific,2026-05-05 16:24:25.907795,1,,,6097.0,1,,0.0,2622e9f6-8f19-49dd-b301-25fc2a630f03,3807.0299999999997,20.0,4.0,80.0,3887.0299999999997,,2600.0,20.0,,,,,0.0,0,,,1,bbac1738-2cb5-4b77-92c4-c512548db93b,https://london-trader-6b45bffdcd02.herokuapp.com,wss://london-trader-6b45bffdcd02.herokuapp.com,,1,6,gh,gamified,human_only,0.0,0,15,"[8.0, 8.0, 20.0, 20.0, 4.0, 20.0, 4.0, 20.0, 0.0, 8.0, 8.0, 8.0, 8.0, 8.0, 4.0, 4.0, 20.0, 0.0, 0.0, 8.0, 4.0, 4.0, 4.0, 20.0, 8.0, 8.0, 0.0, 8.0, 4.0, 4.0]",94.91,94.91,23,skdclskt,,,,,0
2,1tnknpce,,0,221,220,post_exp,FinalForProlific,2026-05-05 16:24:26.237055,1,,,4685.0,2,,0.0,24e830e8-905d-4e22-ab61-b990c984ff16,1021.44,53.0,4.0,212.0,1233.44,,3800.0,10.0,,,,,0.0,0,,,1,bbac1738-2cb5-4b77-92c4-c512548db93b,https://london-trader-6b45bffdcd02.herokuapp.com,wss://london-trader-6b45bffdcd02.herokuapp.com,,1,6,gh,gamified,human_only,0.0,0,15,"[8.0, 8.0, 20.0, 20.0, 4.0, 20.0, 4.0, 20.0, 0.0, 8.0, 8.0, 8.0, 8.0, 8.0, 4.0, 4.0, 20.0, 0.0, 0.0, 8.0, 4.0, 4.0, 4.0, 20.0, 8.0, 8.0, 0.0, 8.0, 4.0, 4.0]",94.91,94.91,23,skdclskt,,,,,0
3,zkl94ida,,0,221,220,post_exp,FinalForProlific,2026-05-05 16:24:26.243811,1,,,7353.0,3,,0.0,6820cd25-c18c-49e6-84f5-25aa69820367,5177.869999999998,0.0,4.0,0.0,5177.869999999998,,2600.0,20.0,,,,,0.0,0,,,1,bbac1738-2cb5-4b77-92c4-c512548db93b,https://london-trader-6b45bffdcd02.herokuapp.com,wss://london-trader-6b45bffdcd02.herokuapp.com,,1,6,gh,gamified,human_only,0.0,0,15,"[8.0, 8.0, 20.0, 20.0, 4.0, 20.0, 4.0, 20.0, 0.0, 8.0, 8.0, 8.0, 8.0, 8.0, 4.0, 4.0, 20.0, 0.0, 0.0, 8.0, 4.0, 4.0, 4.0, 20.0, 8.0, 8.0, 0.0, 8.0, 4.0, 4.0]",94.91,94.91,23,skdclskt,,,,,0
4,h7nk13vs,,0,221,220,post_exp,FinalForProlific,2026-05-05 16:24:26.249481,1,,,5148.0,4,,0.0,ae2e944d-6861-4940-b26c-a08caaca1a16,4608.429999999999,3.0,4.0,12.0,4620.429999999999,,3800.0,10.0,,,,,0.0,0,,,1,bbac1738-2cb5-4b77-92c4-c512548db93b,https://london-trader-6b45bffdcd02.herokuapp.com,wss://london-trader-6b45bffdcd02.herokuapp.com,,1,6,gh,gamified,human_only,0.0,0,15,"[8.0, 8.0, 20.0, 20.0, 4.0, 20.0, 4.0, 20.0, 0.0, 8.0, 8.0, 8.0, 8.0, 8.0, 4.0, 4.0, 20.0, 0.0, 0.0, 8.0, 4.0, 4.0, 4.0, 20.0, 8.0, 8.0, 0.0, 8.0, 4.0, 4.0]",94.91,94.91,23,skdclskt,,,,,0
5,8rrxo8mh,,0,221,220,post_exp,FinalForProlific,2026-05-05 16:24:26.255568,1,,,5698.0,5,,0.0,a1542dc5-078d-4b85-8ee8-6acdc2839880,4208.860000000001,7.0,4.0,28.0,4236.860000000001,,2600.0,20.0,,,,,0.0,0,,,1,bbac1738-2cb5-4b77-92c4-c512548db93b,https://london-trader-6b45bffdcd02.herokuapp.com,wss://london-trader-6b45bffdcd02.herokuapp.com,,1,6,gh,gamified,human_only,0.0,0,15,"[8.0, 8.0, 20.0, 20.0, 4.0, 20.0, 4.0, 20.0, 0.0, 8.0, 8.0, 8.0, 8.0, 8.0, 4.0, 4.0, 20.0, 0.0, 0.0, 8.0, 4.0, 4.0, 4.0, 20.0, 8.0, 8.0, 0.0, 8.0, 4.0, 4.0]",94.91,94.91,23,skdclskt,,,,,0
6,53wkzdsp,,0,221,220,post_exp,FinalForProlific,2026-05-05 16:24:26.261968,1,,,5089.0,6,,0.0,3e36c9fa-1786-43b0-87ea-f17db8332def,4397.23,9.0,4.0,36.0,4433.23,,3800.0,10.0,,,,,0.0,0,,,1,bbac1738-2cb5-4b77-92c4-c512548db93b,https://london-trader-6b45bffdcd02.herokuapp.com,wss://london-trader-6b45bffdcd02.herokuapp.com,,1,6,gh,gamified,human_only,0.0,0,15,"[8.0, 8.0, 20.0, 20.0, 4.0, 20.0, 4.0, 20.0, 0.0, 8.0, 8.0, 8.0, 8.0, 8.0, 4.0, 4.0, 20.0, 0.0, 0.0, 8.0, 4.0, 4.0, 4.0, 20.0, 8.0, 8.0, 0.0, 8.0, 4.0, 4.0]",94.91,94.91,23,skdclskt,,,,,0
7,2tmxyq59,,0,221,220,post_exp,FinalForProlific,2026-05-05 16:24:26.267852,1,,,5570.0,1,,0.0,c34666fc-2042-436c-b5b2-8be4eb77fa45,4903.0,5.0,4.0,20.0,4923.0,,2600.0,20.0,,,,,0.0,0,,,2,41800c26-6898-4b86-b356-94ff8bfa3a3a,https://london-trader-6b45bffdcd02.herokuapp.com,wss://london-trader-6b45bffdcd02.herokuapp.com,,1,6,gh,gamified,human_only,0.0,0,15,"[8.0, 8.0, 20.0, 20.0, 4.0, 20.0, 4.0, 20.0, 0.0, 8.0, 8.0, 8.0, 8.0, 8.0, 4.0, 4.0, 20.0, 0.0, 0.0, 8.0, 4.0, 4.0, 4.0, 20.0, 8.0, 8.0, 0.0, 8.0, 4.0, 4.0]",105.0,105.0,23,skdclskt,,,,,0
8,klvgct3w,,0,221,220,post_exp,FinalForProlific,2026-05-05 16:24:26.277407,1,,,5086.0,2,,0.0,5d8a97d2-0acd-4bec-9355-f1ef8ca0b665,3730.01,15.0,4.0,60.0,3790.01,,3800.0,10.0,,,,,0.0,0,,,2,41800c26-6898-4b86-b356-94ff8bfa3a3a,https://london-trader-6b45bffdcd02.herokuapp.com,wss://london-trader-6b45bffdcd02.herokuapp.com,,1,6,gh,gamified,human_only,0.0,0,15,"[8.0, 8.0, 20.0, 20.0, 4.0, 20.0, 4.0, 20.0, 0.0, 8.0, 8.0, 8.0, 8.0, 8.0, 4.0, 4.0, 20.0, 0.0, 0.0, 8.0, 4.0, 4.0, 4.0, 20.0, 8.0, 8.0, 0.0, 8.0, 4.0, 4.0]",105.0,105.0,23,skdclskt,,,,,0
9,fa5fpl4w,,0,221,220,post_exp,FinalForProlific,2026-05-05 16:24:26.284184,1,,,5251.0,3,,0.0,9ae3a47d-ad9b-4325-b996-258a31aa9b65,3126.5,25.0,4.0,100.0,3226.5,,2600.0,20.0,,,,,0.0,0,,,2,41800c26-6898-4b86-b356-94ff8bfa3a3a,https://london-trader-6b45bffdcd02.herokuapp.com,wss://london-trader-6b45bffdcd02.herokuapp.com,,1,6,gh,gamified,human_only,0.0,0,15,"[8.0, 8.0, 20.0, 20.0, 4.0, 20.0, 4.0, 20.0, 0.0, 8.0, 8.0, 8.0, 8.0, 8.0, 4.0, 4.0, 20.0, 0.0, 0.0, 8.0, 4.0, 4.0, 4.0, 20.0, 8.0, 8.0, 0.0, 8.0, 4.0, 4.0]",105.0,105.0,23,skdclskt,,,,,0
10,0sa5xwid,,0,221,220,post_exp,FinalForProlific,2026-05-05 16:24:26.290374,1,,,5140.0,4,,0.0,3f16f05a-e96e-45ac-9ef0-9c2d6dce3317,4194.01,9.0,4.0,36.0,4230.01,,3800.0,10.0,,,,,0.0,0,,,2,41800c26-6898-4b86-b356-94ff8bfa3a3a,https://london-trader-6b45bffdcd02.herokuapp.com,wss://london-trader-6b45bffdcd02.herokuapp.com,,1,6,gh,gamified,human_only,0.0,0,15,"[8.0, 8.0, 20.0, 20.0, 4.0, 20.0, 4.0, 20.0, 0.0, 8.0, 8.0, 8.0, 8.0, 8.0, 4.0, 4.0, 20.0, 0.0, 0.0, 8.0, 4.0, 4.0, 4.0, 20.0, 8.0, 8.0, 0.0, 8.0, 4.0, 4.0]",105.0,105.0,23,skdclskt,,,,,0
11,w5nuyib0,,0,221,220,post_exp,FinalForProlific,2026-05-05 16:24:26.299295,1,,,4813.0,5,,0.0,16e26514-b278-4448-959a-f58ad6e11852,3585.4799999999996,19.0,4.0,76.0,3661.4799999999996,,2600.0,20.0,,,,,0.0,0,,,2,41800c26-6898-4b86-b356-94ff8bfa3a3a,https://london-trader-6b45bffdcd02.herokuapp.com,wss://london-trader-6b45bffdcd02.herokuapp.com,,1,6,gh,gamified,human_only,0.0,0,15,"[8.0, 8.0, 20.0, 20.0, 4.0, 20.0, 4.0, 20.0, 0.0, 8.0, 8.0, 8.0, 8.0, 8.0, 4.0, 4.0, 20.0, 0.0, 0.0, 8.0, 4.0, 4.0, 4.0, 20.0, 8.0, 8.0, 0.0, 8.0, 4.0, 4.0]",105.0,105.0,23,skdclskt,,,,,0
12,s1twfhpt,,0,221,220,post_exp,FinalForProlific,2026-05-05 16:24:26.305361,1,,,4871.0,6,,0.0,0414deaa-50dd-4291-abcb-c312c59361b0,3413.0,19.0,4.0,76.0,3489.0,,3800.0,10.0,,,,,0.0,0,,,2,41800c26-6898-4b86-b356-94ff8bfa3a3a,https://london-trader-6b45bffdcd02.herokuapp.com,wss://london-trader-6b45bffdcd02.herokuapp.com,,1,6,gh,gamified,human_only,0.0,0,15,"[8.0, 8.0, 20.0, 20.0, 4.0, 20.0, 4.0, 20.0, 0.0, 8.0, 8.0, 8.0, 8.0, 8.0, 4.0, 4.0, 20.0, 0.0, 0.0, 8.0, 4.0, 4.0, 4.0, 20.0, 8.0, 8.0, 0.0, 8.0, 4.0, 4.0]",105.0,105.0,23,skdclskt,,,,,0
13,tqeatlds,,0,221,220,post_exp,FinalForProlific,2026-05-05 16:24:26.312482,1,,,5561.0,1,,0.0,18595b83-a573-483a-922c-64417e548e97,3278.15,22.0,4.0,88.0,3366.15,,2600.0,20.0,,,,,0.0,0,,,3,490e4560-4219-4069-a6b1-c8a826129b68,https://london-trader-6b45bffdcd02.herokuapp.com,wss://london-trader-6b45bffdcd02.herokuapp.com,,1,6,nh,non_gamified,human_only,0.0,0,15,"[8.0, 8.0, 20.0, 20.0, 4.0, 20.0, 4.0, 20.0, 0.0, 8.0, 8.0, 8.0, 8.0, 8.0, 4.0, 4.0, 20.0, 0.0, 0.0, 8.0, 4.0, 4.0, 4.0, 20.0, 8.0, 8.0, 0.0, 8.0, 4.0, 4.0]",61.05,61.05,23,skdclskt,,,,,0
14,nu7ykbgx,,0,221,220,post_exp,FinalForProlific,2026-05-05 16:24:26.328130,1,,,5985.0,2,,0.0,590f10b9-c637-4d22-97d1-7bcc1d1f1e01,4208.73,12.0,4.0,48.0,4256.73,,3800.0,10.0,,,,,0.0,0,,,3,490e4560-4219-4069-a6b1-c8a826129b68,https://london-trader-6b45bffdcd02.herokuapp.com,wss://london-trader-6b45bffdcd02.herokuapp.com,,1,6,nh,non_gamified,human_only,0.0,0,15,"[8.0, 8.0, 20.0, 20.0, 4.0, 20.0, 4.0, 20.0, 0.0, 8.0, 8.0, 8.0, 8.0, 8.0, 4.0, 4.0, 20.0, 0.0, 0.0, 8.0, 4.0, 4.0, 4.0, 20.0, 8.0, 8.0, 0.0, 8.0, 4.0, 4.0]",61.05,61.05,23,skdclskt,,,,,0
15,su76nhj9,,0,221,220,post_exp,FinalForProlific,2026-05-05 16:24:26.343041,1,,,5506.0,3,,0.0,e420f624-78fe-42c9-aa20-242b54f6c4e8,3318.1700000000005,25.0,4.0,100.0,3418.1700000000005,,2600.0,20.0,,,,,0.0,0,,,3,490e4560-4219-4069-a6b1-c8a826129b68,https://london-trader-6b45bffdcd02.herokuapp.com,wss://london-trader-6b45bffdcd02.herokuapp.com,,1,6,nh,non_gamified,human_only,0.0,0,15,"[8.0, 8.0, 20.0, 20.0, 4.0, 20.0, 4.0, 20.0, 0.0, 8.0, 8.0, 8.0, 8.0, 8.0, 4.0, 4.0, 20.0, 0.0, 0.0, 8.0, 4.0, 4.0, 4.0, 20.0, 8.0, 8.0, 0.0, 8.0, 4.0, 4.0]",61.05,61.05,23,skdclskt,,,,,0
16,c2m857p1,,0,221,220,post_exp,FinalForProlific,2026-05-05 16:24:26.356865,1,,,5566.0,4,,0.0,a7bed23b-2e8e-451f-8b7c-42f684002277,4763.18,0.0,4.0,0.0,4763.18,,3800.0,10.0,,,,,0.0,0,,,3,490e4560-4219-4069-a6b1-c8a826129b68,https://london-trader-6b45bffdcd02.herokuapp.com,wss://london-trader-6b45bffdcd02.herokuapp.com,,1,6,nh,non_gamified,human_only,0.0,0,15,"[8.0, 8.0, 20.0, 20.0, 4.0, 20.0, 4.0, 20.0, 0.0, 8.0, 8.0, 8.0, 8.0, 8.0, 4.0, 4.0, 20.0, 0.0, 0.0, 8.0, 4.0, 4.0, 4.0, 20.0, 8.0, 8.0, 0.0, 8.0, 4.0, 4.0]",61.05,61.05,23,skdclskt,,,,,0
17,r6xuxcar,,0,221,220,post_exp,FinalForProlific,2026-05-05 16:24:26.366557,1,,,4396.0,5,,0.0,10f05dce-1c31-4c65-80e0-0450ca2c00bb,3118.3799999999997,26.0,4.0,104.0,3222.3799999999997,,2600.0,20.0,,,,,0.0,0,,,3,490e4560-4219-4069-a6b1-c8a826129b68,https://london-trader-6b45bffdcd02.herokuapp.com,wss://london-trader-6b45bffdcd02.herokuapp.com,,1,6,nh,non_gamified,human_only,0.0,0,15,"[8.0, 8.0, 20.0, 20.0, 4.0, 20.0, 4.0, 20.0, 0.0, 8.0, 8.0, 8.0, 8.0, 8.0, 4.0, 4.0, 20.0, 0.0, 0.0, 8.0, 4.0, 4.0, 4.0, 20.0, 8.0, 8.0, 0.0, 8.0, 4.0, 4.0]",61.05,61.05,23,skdclskt,,,,,0
18,2y2lzizt,,0,221,220,post_exp,FinalForProlific,2026-05-05 16:24:26.378109,1,,,4734.0,6,,0.0,bdad41ef-e8fb-4016-ab64-9cee4008db0e,4293.389999999999,7.0,4.0,28.0,4321.389999999999,,3800.0,10.0,,,,,0.0,0,,,3,490e4560-4219-4069-a6b1-c8a826129b68,https://london-trader-6b45bffdcd02.herokuapp.com,wss://london-trader-6b45bffdcd02.herokuapp.com,,1,6,nh,non_gamified,human_only,0.0,0,15,"[8.0, 8.0, 20.0, 20.0, 4.0, 20.0, 4.0, 20.0, 0.0, 8.0, 8.0, 8.0, 8.0, 8.0, 4.0, 4.0, 20.0, 0.0, 0.0, 8.0, 4.0, 4.0, 4.0, 20.0, 8.0, 8.0, 0.0, 8.0, 4.0, 4.0]",61.05,61.05,23,skdclskt,,,,,0
19,0qc91a5a,,0,221,220,post_exp,FinalForProlific,2026-05-05 16:24:26.388408,1,,,6523.0,1,,0.0,fef5ca2d-6f21-47c4-90cc-74807444686a,4823.33,9.0,4.0,36.0,4859.33,,2600.0,20.0,,,,,0.0,0,,,4,00548e28-65ed-47e8-a667-34639429359c,https://london-trader-6b45bffdcd02.herokuapp.com,wss://london-trader-6b45bffdcd02.herokuapp.com,,1,6,nh,non_gamified,human_only,0.0,0,15,"[8.0, 8.0, 20.0, 20.0, 4.0, 20.0, 4.0, 20.0, 0.0, 8.0, 8.0, 8.0, 8.0, 8.0, 4.0, 4.0, 20.0, 0.0, 0.0, 8.0, 4.0, 4.0, 4.0, 20.0, 8.0, 8.0, 0.0, 8.0, 4.0, 4.0]",101.5,101.5,23,skdclskt,,,,,0
20,2vy9s3px,,0,221,220,post_exp,FinalForProlific,2026-05-05 16:24:26.408267,1,,,5050.0,2,,0.0,2b85f691-c920-4f32-ae54-e21833cf5475,3386.16,22.0,4.0,88.0,3474.16,,3800.0,10.0,,,,,0.0,0,,,4,00548e28-65ed-47e8-a667-34639429359c,https://london-trader-6b45bffdcd02.herokuapp.com,wss://london-trader-6b45bffdcd02.herokuapp.com,,1,6,nh,non_gamified,human_only,0.0,0,15,"[8.0, 8.0, 20.0, 20.0, 4.0, 20.0, 4.0, 20.0, 0.0, 8.0, 8.0, 8.0, 8.0, 8.0, 4.0, 4.0, 20.0, 0.0, 0.0, 8.0, 4.0, 4.0, 4.0, 20.0, 8.0, 8.0, 0.0, 8.0, 4.0, 4.0]",101.5,101.5,23,skdclskt,,,,,0
21,87uw2jck,,0,221,220,post_exp,FinalForProlific,2026-05-05 16:24:26.421889,1,,,5633.0,3,,0.0,c953d4fd-7bea-449b-9aa0-5e400d9cb204,2397.25,29.0,4.0,116.0,2513.25,,2600.0,20.0,,,,,0.0,0,,,4,00548e28-65ed-47e8-a667-34639429359c,https://london-trader-6b45bffdcd02.herokuapp.com,wss://london-trader-6b45bffdcd02.herokuapp.com,,1,6,nh,non_gamified,human_only,0.0,0,15,"[8.0, 8.0, 20.0, 20.0, 4.0, 20.0, 4.0, 20.0, 0.0, 8.0, 8.0, 8.0, 8.0, 8.0, 4.0, 4.0, 20.0, 0.0, 0.0, 8.0, 4.0, 4.0, 4.0, 20.0, 8.0, 8.0, 0.0, 8.0, 4.0, 4.0]",101.5,101.5,23,skdclskt,,,,,0
22,3ftocepp,,0,221,220,post_exp,FinalForProlific,2026-05-05 16:24:26.437680,1,,,5815.0,4,,0.0,53915058-5167-43d2-afa0-8f6290f2017f,3853.0,16.0,4.0,64.0,3917.0,,3800.0,10.0,,,,,0.0,0,,,4,00548e28-65ed-47e8-a667-34639429359c,https://london-trader-6b45bffdcd02.herokuapp.com,wss://london-trader-6b45bffdcd02.herokuapp.com,,1,6,nh,non_gamified,human_only,0.0,0,15,"[8.0, 8.0, 20.0, 20.0, 4.0, 20.0, 4.0, 20.0, 0.0, 8.0, 8.0, 8.0, 8.0, 8.0, 4.0, 4.0, 20.0, 0.0, 0.0, 8.0, 4.0, 4.0, 4.0, 20.0, 8.0, 8.0, 0.0, 8.0, 4.0, 4.0]",101.5,101.5,23,skdclskt,,,,,0
23,xz3dh0k4,,0,221,220,post_exp,FinalForProlific,2026-05-05 16:24:26.453575,1,,,5047.0,5,,0.0,a2e9d95e-90cb-4b2f-b5ca-2486e9ab692d,4252.09,11.0,4.0,44.0,4296.09,,2600.0,20.0,,,,,0.0,0,,,4,00548e28-65ed-47e8-a667-34639429359c,https://london-trader-6b45bffdcd02.herokuapp.com,wss://london-trader-6b45bffdcd02.herokuapp.com,,1,6,nh,non_gamified,human_only,0.0,0,15,"[8.0, 8.0, 20.0, 20.0, 4.0, 20.0, 4.0, 20.0, 0.0, 8.0, 8.0, 8.0, 8.0, 8.0, 4.0, 4.0, 20.0, 0.0, 0.0, 8.0, 4.0, 4.0, 4.0, 20.0, 8.0, 8.0, 0.0, 8.0, 4.0, 4.0]",101.5,101.5,23,skdclskt,,,,,0
24,x7l4wbwx,,0,221,220,post_exp,FinalForProlific,2026-05-05 16:24:26.462816,1,,,5091.0,6,,0.0,89df792d-8b1a-4545-be89-9e94133865f7,4260.17,11.0,4.0,44.0,4304.17,,3800.0,10.0,,,,,0.0,0,,,4,00548e28-65ed-47e8-a667-34639429359c,https://london-trader-6b45bffdcd02.herokuapp.com,wss://london-trader-6b45bffdcd02.herokuapp.com,,1,6,nh,non_gamified,human_only,0.0,0,15,"[8.0, 8.0, 20.0, 20.0, 4.0, 20.0, 4.0, 20.0, 0.0, 8.0, 8.0, 8.0, 8.0, 8.0, 4.0, 4.0, 20.0, 0.0, 0.0, 8.0, 4.0, 4.0, 4.0, 20.0, 8.0, 8.0, 0.0, 8.0, 4.0, 4.0]",101.5,101.5,23,skdclskt,,,,,0
1,9bv3gi2y,,0,221,220,post_exp,FinalForProlific,2026-05-05 16:24:25.907795,1,,,6097.0,1,,0.0,2622e9f6-8f19-49dd-b301-25fc2a630f03,4171.67,16.0,20.0,320.0,4491.67,,2600.0,20.0,94.0,5,"{""forecast_price_next_day"":94,""forecast_confidence_next_day"":5}",97.65,20.0,1,,,1,bbac1738-2cb5-4b77-92c4-c512548db93b,https://london-trader-6b45bffdcd02.herokuapp.com,wss://london-trader-6b45bffdcd02.herokuapp.com,,1,6,gh,gamified,human_only,0.0,0,15,"[8.0, 8.0, 20.0, 20.0, 4.0, 20.0, 4.0, 20.0, 0.0, 8.0, 8.0, 8.0, 8.0, 8.0, 4.0, 4.0, 20.0, 0.0, 0.0, 8.0, 4.0, 4.0, 4.0, 20.0, 8.0, 8.0, 0.0, 8.0, 4.0, 4.0]",94.92,94.92,24,skdclskt,,,,,0
2,1tnknpce,,0,221,220,post_exp,FinalForProlific,2026-05-05 16:24:26.237055,1,,,4685.0,2,,0.0,24e830e8-905d-4e22-ab61-b990c984ff16,1233.44,53.0,20.0,1060.0,2293.44,,3800.0,10.0,94.0,5,"{""forecast_price_next_day"":94,""forecast_confidence_next_day"":5}",97.65,20.0,1,,,1,bbac1738-2cb5-4b77-92c4-c512548db93b,https://london-trader-6b45bffdcd02.herokuapp.com,wss://london-trader-6b45bffdcd02.herokuapp.com,,1,6,gh,gamified,human_only,0.0,0,15,"[8.0, 8.0, 20.0, 20.0, 4.0, 20.0, 4.0, 20.0, 0.0, 8.0, 8.0, 8.0, 8.0, 8.0, 4.0, 4.0, 20.0, 0.0, 0.0, 8.0, 4.0, 4.0, 4.0, 20.0, 8.0, 8.0, 0.0, 8.0, 4.0, 4.0]",94.92,94.92,24,skdclskt,,,,,0
3,zkl94ida,,0,221,220,post_exp,FinalForProlific,2026-05-05 16:24:26.243811,1,,,7353.0,3,,0.0,6820cd25-c18c-49e6-84f5-25aa69820367,5177.869999999998,0.0,20.0,0.0,5177.869999999998,,2600.0,20.0,95.0,4,"{""forecast_price_next_day"":95,""forecast_confidence_next_day"":4}",97.65,20.0,1,,,1,bbac1738-2cb5-4b77-92c4-c512548db93b,https://london-trader-6b45bffdcd02.herokuapp.com,wss://london-trader-6b45bffdcd02.herokuapp.com,,1,6,gh,gamified,human_only,0.0,0,15,"[8.0, 8.0, 20.0, 20.0, 4.0, 20.0, 4.0, 20.0, 0.0, 8.0, 8.0, 8.0, 8.0, 8.0, 4.0, 4.0, 20.0, 0.0, 0.0, 8.0, 4.0, 4.0, 4.0, 20.0, 8.0, 8.0, 0.0, 8.0, 4.0, 4.0]",94.92,94.92,24,skdclskt,,,,,0
4,h7nk13vs,,0,221,220,post_exp,FinalForProlific,2026-05-05 16:24:26.249481,1,,,5148.0,4,,0.0,ae2e944d-6861-4940-b26c-a08caaca1a16,4715.179999999999,2.0,20.0,40.0,4755.179999999999,,3800.0,10.0,94.0,5,"{""forecast_price_next_day"":94,""forecast_confidence_next_day"":5}",97.65,20.0,1,,,1,bbac1738-2cb5-4b77-92c4-c512548db93b,https://london-trader-6b45bffdcd02.herokuapp.com,wss://london-trader-6b45bffdcd02.herokuapp.com,,1,6,gh,gamified,human_only,0.0,0,15,"[8.0, 8.0, 20.0, 20.0, 4.0, 20.0, 4.0, 20.0, 0.0, 8.0, 8.0, 8.0, 8.0, 8.0, 4.0, 4.0, 20.0, 0.0, 0.0, 8.0, 4.0, 4.0, 4.0, 20.0, 8.0, 8.0, 0.0, 8.0, 4.0, 4.0]",94.92,94.92,24,skdclskt,,,,,0
5,8rrxo8mh,,0,221,220,post_exp,FinalForProlific,2026-05-05 16:24:26.255568,1,,,5698.0,5,,0.0,a1542dc5-078d-4b85-8ee8-6acdc2839880,4236.780000000001,7.0,20.0,140.0,4376.780000000001,,2600.0,20.0,94.0,2,"{""forecast_price_next_day"":94,""forecast_confidence_next_day"":2}",97.65,20.0,1,,,1,bbac1738-2cb5-4b77-92c4-c512548db93b,https://london-trader-6b45bffdcd02.herokuapp.com,wss://london-trader-6b45bffdcd02.herokuapp.com,,1,6,gh,gamified,human_only,0.0,0,15,"[8.0, 8.0, 20.0, 20.0, 4.0, 20.0, 4.0, 20.0, 0.0, 8.0, 8.0, 8.0, 8.0, 8.0, 4.0, 4.0, 20.0, 0.0, 0.0, 8.0, 4.0, 4.0, 4.0, 20.0, 8.0, 8.0, 0.0, 8.0, 4.0, 4.0]",94.92,94.92,24,skdclskt,,,,,0
6,53wkzdsp,,0,221,220,post_exp,FinalForProlific,2026-05-05 16:24:26.261968,1,,,5089.0,6,,0.0,3e36c9fa-1786-43b0-87ea-f17db8332def,4053.92,12.0,20.0,240.0,4293.92,,3800.0,10.0,95.0,5,"{""forecast_price_next_day"":95,""forecast_confidence_next_day"":5}",97.65,20.0,1,,,1,bbac1738-2cb5-4b77-92c4-c512548db93b,https://london-trader-6b45bffdcd02.herokuapp.com,wss://london-trader-6b45bffdcd02.herokuapp.com,,1,6,gh,gamified,human_only,0.0,0,15,"[8.0, 8.0, 20.0, 20.0, 4.0, 20.0, 4.0, 20.0, 0.0, 8.0, 8.0, 8.0, 8.0, 8.0, 4.0, 4.0, 20.0, 0.0, 0.0, 8.0, 4.0, 4.0, 4.0, 20.0, 8.0, 8.0, 0.0, 8.0, 4.0, 4.0]",94.92,94.92,24,skdclskt,,,,,0
7,2tmxyq59,,0,221,220,post_exp,FinalForProlific,2026-05-05 16:24:26.267852,1,,,5570.0,1,,0.0,c34666fc-2042-436c-b5b2-8be4eb77fa45,5340.25,2.0,20.0,40.0,5380.25,,2600.0,20.0,110.0,4,"{""forecast_price_next_day"":110,""forecast_confidence_next_day"":4}",101.0,0.0,1,,,2,41800c26-6898-4b86-b356-94ff8bfa3a3a,https://london-trader-6b45bffdcd02.herokuapp.com,wss://london-trader-6b45bffdcd02.herokuapp.com,,1,6,gh,gamified,human_only,0.0,0,15,"[8.0, 8.0, 20.0, 20.0, 4.0, 20.0, 4.0, 20.0, 0.0, 8.0, 8.0, 8.0, 8.0, 8.0, 4.0, 4.0, 20.0, 0.0, 0.0, 8.0, 4.0, 4.0, 4.0, 20.0, 8.0, 8.0, 0.0, 8.0, 4.0, 4.0]",102.0,102.0,24,skdclskt,,,,,0
8,klvgct3w,,0,221,220,post_exp,FinalForProlific,2026-05-05 16:24:26.277407,1,,,5086.0,2,,0.0,5d8a97d2-0acd-4bec-9355-f1ef8ca0b665,3579.01,17.0,20.0,340.0,3919.01,,3800.0,10.0,108.0,4,"{""forecast_confidence_next_day"":4,""forecast_price_next_day"":108}",101.0,0.0,1,,,2,41800c26-6898-4b86-b356-94ff8bfa3a3a,https://london-trader-6b45bffdcd02.herokuapp.com,wss://london-trader-6b45bffdcd02.herokuapp.com,,1,6,gh,gamified,human_only,0.0,0,15,"[8.0, 8.0, 20.0, 20.0, 4.0, 20.0, 4.0, 20.0, 0.0, 8.0, 8.0, 8.0, 8.0, 8.0, 4.0, 4.0, 20.0, 0.0, 0.0, 8.0, 4.0, 4.0, 4.0, 20.0, 8.0, 8.0, 0.0, 8.0, 4.0, 4.0]",102.0,102.0,24,skdclskt,,,,,0
9,fa5fpl4w,,0,221,220,post_exp,FinalForProlific,2026-05-05 16:24:26.284184,1,,,5251.0,3,,0.0,9ae3a47d-ad9b-4325-b996-258a31aa9b65,3024.5,27.0,20.0,540.0,3564.5,,2600.0,20.0,107.0,1,"{""forecast_price_next_day"":107,""forecast_confidence_next_day"":1}",101.0,0.0,1,,,2,41800c26-6898-4b86-b356-94ff8bfa3a3a,https://london-trader-6b45bffdcd02.herokuapp.com,wss://london-trader-6b45bffdcd02.herokuapp.com,,1,6,gh,gamified,human_only,0.0,0,15,"[8.0, 8.0, 20.0, 20.0, 4.0, 20.0, 4.0, 20.0, 0.0, 8.0, 8.0, 8.0, 8.0, 8.0, 4.0, 4.0, 20.0, 0.0, 0.0, 8.0, 4.0, 4.0, 4.0, 20.0, 8.0, 8.0, 0.0, 8.0, 4.0, 4.0]",102.0,102.0,24,skdclskt,,,,,0
10,0sa5xwid,,0,221,220,post_exp,FinalForProlific,2026-05-05 16:24:26.290374,1,,,5140.0,4,,0.0,3f16f05a-e96e-45ac-9ef0-9c2d6dce3317,4436.01,7.0,20.0,140.0,4576.01,,3800.0,10.0,105.0,3,"{""forecast_price_next_day"":105,""forecast_confidence_next_day"":3}",101.0,20.0,1,,,2,41800c26-6898-4b86-b356-94ff8bfa3a3a,https://london-trader-6b45bffdcd02.herokuapp.com,wss://london-trader-6b45bffdcd02.herokuapp.com,,1,6,gh,gamified,human_only,0.0,0,15,"[8.0, 8.0, 20.0, 20.0, 4.0, 20.0, 4.0, 20.0, 0.0, 8.0, 8.0, 8.0, 8.0, 8.0, 4.0, 4.0, 20.0, 0.0, 0.0, 8.0, 4.0, 4.0, 4.0, 20.0, 8.0, 8.0, 0.0, 8.0, 4.0, 4.0]",102.0,102.0,24,skdclskt,,,,,0
11,w5nuyib0,,0,221,220,post_exp,FinalForProlific,2026-05-05 16:24:26.299295,1,,,4813.0,5,,0.0,16e26514-b278-4448-959a-f58ad6e11852,3563.2299999999996,20.0,20.0,400.0,3963.2299999999996,,2600.0,20.0,4125.0,3,"{""forecast_price_next_day"":4125,""forecast_confidence_next_day"":3}",101.0,0.0,1,,,2,41800c26-6898-4b86-b356-94ff8bfa3a3a,https://london-trader-6b45bffdcd02.herokuapp.com,wss://london-trader-6b45bffdcd02.herokuapp.com,,1,6,gh,gamified,human_only,0.0,0,15,"[8.0, 8.0, 20.0, 20.0, 4.0, 20.0, 4.0, 20.0, 0.0, 8.0, 8.0, 8.0, 8.0, 8.0, 4.0, 4.0, 20.0, 0.0, 0.0, 8.0, 4.0, 4.0, 4.0, 20.0, 8.0, 8.0, 0.0, 8.0, 4.0, 4.0]",102.0,102.0,24,skdclskt,,,,,0
12,s1twfhpt,,0,221,220,post_exp,FinalForProlific,2026-05-05 16:24:26.305361,1,,,4871.0,6,,0.0,0414deaa-50dd-4291-abcb-c312c59361b0,3377.0,20.0,20.0,400.0,3777.0,,3800.0,10.0,105.0,3,"{""forecast_price_next_day"":105,""forecast_confidence_next_day"":3}",101.0,20.0,1,,,2,41800c26-6898-4b86-b356-94ff8bfa3a3a,https://london-trader-6b45bffdcd02.herokuapp.com,wss://london-trader-6b45bffdcd02.herokuapp.com,,1,6,gh,gamified,human_only,0.0,0,15,"[8.0, 8.0, 20.0, 20.0, 4.0, 20.0, 4.0, 20.0, 0.0, 8.0, 8.0, 8.0, 8.0, 8.0, 4.0, 4.0, 20.0, 0.0, 0.0, 8.0, 4.0, 4.0, 4.0, 20.0, 8.0, 8.0, 0.0, 8.0, 4.0, 4.0]",102.0,102.0,24,skdclskt,,,,,0
13,tqeatlds,,0,221,220,post_exp,FinalForProlific,2026-05-05 16:24:26.312482,1,,,5561.0,1,,0.0,18595b83-a573-483a-922c-64417e548e97,3181.55,26.0,20.0,520.0,3701.55,,2600.0,20.0,61.0,3,"{""forecast_price_next_day"":61,""forecast_confidence_next_day"":3}",60.5,20.0,1,,,3,490e4560-4219-4069-a6b1-c8a826129b68,https://london-trader-6b45bffdcd02.herokuapp.com,wss://london-trader-6b45bffdcd02.herokuapp.com,,1,6,nh,non_gamified,human_only,0.0,0,15,"[8.0, 8.0, 20.0, 20.0, 4.0, 20.0, 4.0, 20.0, 0.0, 8.0, 8.0, 8.0, 8.0, 8.0, 4.0, 4.0, 20.0, 0.0, 0.0, 8.0, 4.0, 4.0, 4.0, 20.0, 8.0, 8.0, 0.0, 8.0, 4.0, 4.0]",60.25,60.25,24,skdclskt,,,,,0
14,nu7ykbgx,,0,221,220,post_exp,FinalForProlific,2026-05-05 16:24:26.328130,1,,,5985.0,2,,0.0,590f10b9-c637-4d22-97d1-7bcc1d1f1e01,4318.33,13.0,20.0,260.0,4578.33,,3800.0,10.0,60.0,4,"{""forecast_price_next_day"":60,""forecast_confidence_next_day"":4}",60.5,20.0,1,,,3,490e4560-4219-4069-a6b1-c8a826129b68,https://london-trader-6b45bffdcd02.herokuapp.com,wss://london-trader-6b45bffdcd02.herokuapp.com,,1,6,nh,non_gamified,human_only,0.0,0,15,"[8.0, 8.0, 20.0, 20.0, 4.0, 20.0, 4.0, 20.0, 0.0, 8.0, 8.0, 8.0, 8.0, 8.0, 4.0, 4.0, 20.0, 0.0, 0.0, 8.0, 4.0, 4.0, 4.0, 20.0, 8.0, 8.0, 0.0, 8.0, 4.0, 4.0]",60.25,60.25,24,skdclskt,,,,,0
15,su76nhj9,,0,221,220,post_exp,FinalForProlific,2026-05-05 16:24:26.343041,1,,,5506.0,3,,0.0,e420f624-78fe-42c9-aa20-242b54f6c4e8,3480.8000000000006,23.0,20.0,460.0,3940.8000000000006,,2600.0,20.0,60.0,3,"{""forecast_price_next_day"":60,""forecast_confidence_next_day"":3}",60.5,20.0,1,,,3,490e4560-4219-4069-a6b1-c8a826129b68,https://london-trader-6b45bffdcd02.herokuapp.com,wss://london-trader-6b45bffdcd02.herokuapp.com,,1,6,nh,non_gamified,human_only,0.0,0,15,"[8.0, 8.0, 20.0, 20.0, 4.0, 20.0, 4.0, 20.0, 0.0, 8.0, 8.0, 8.0, 8.0, 8.0, 4.0, 4.0, 20.0, 0.0, 0.0, 8.0, 4.0, 4.0, 4.0, 20.0, 8.0, 8.0, 0.0, 8.0, 4.0, 4.0]",60.25,60.25,24,skdclskt,,,,,0
16,c2m857p1,,0,221,220,post_exp,FinalForProlific,2026-05-05 16:24:26.356865,1,,,5566.0,4,,0.0,a7bed23b-2e8e-451f-8b7c-42f684002277,4704.18,2.0,20.0,40.0,4744.18,,3800.0,10.0,60.0,2,"{""forecast_price_next_day"":60,""forecast_confidence_next_day"":2}",60.5,20.0,1,,,3,490e4560-4219-4069-a6b1-c8a826129b68,https://london-trader-6b45bffdcd02.herokuapp.com,wss://london-trader-6b45bffdcd02.herokuapp.com,,1,6,nh,non_gamified,human_only,0.0,0,15,"[8.0, 8.0, 20.0, 20.0, 4.0, 20.0, 4.0, 20.0, 0.0, 8.0, 8.0, 8.0, 8.0, 8.0, 4.0, 4.0, 20.0, 0.0, 0.0, 8.0, 4.0, 4.0, 4.0, 20.0, 8.0, 8.0, 0.0, 8.0, 4.0, 4.0]",60.25,60.25,24,skdclskt,,,,,0
17,r6xuxcar,,0,221,220,post_exp,FinalForProlific,2026-05-05 16:24:26.366557,1,,,4396.0,5,,0.0,10f05dce-1c31-4c65-80e0-0450ca2c00bb,3161.4999999999995,28.0,20.0,560.0,3721.4999999999995,,2600.0,20.0,62.0,3,"{""forecast_price_next_day"":62,""forecast_confidence_next_day"":3}",60.5,20.0,1,,,3,490e4560-4219-4069-a6b1-c8a826129b68,https://london-trader-6b45bffdcd02.herokuapp.com,wss://london-trader-6b45bffdcd02.herokuapp.com,,1,6,nh,non_gamified,human_only,0.0,0,15,"[8.0, 8.0, 20.0, 20.0, 4.0, 20.0, 4.0, 20.0, 0.0, 8.0, 8.0, 8.0, 8.0, 8.0, 4.0, 4.0, 20.0, 0.0, 0.0, 8.0, 4.0, 4.0, 4.0, 20.0, 8.0, 8.0, 0.0, 8.0, 4.0, 4.0]",60.25,60.25,24,skdclskt,,,,,0
18,2y2lzizt,,0,221,220,post_exp,FinalForProlific,2026-05-05 16:24:26.378109,1,,,4734.0,6,,0.0,bdad41ef-e8fb-4016-ab64-9cee4008db0e,4501.639999999999,5.0,20.0,100.0,4601.639999999999,,3800.0,10.0,61.0,3,"{""forecast_price_next_day"":61,""forecast_confidence_next_day"":3}",60.5,20.0,1,,,3,490e4560-4219-4069-a6b1-c8a826129b68,https://london-trader-6b45bffdcd02.herokuapp.com,wss://london-trader-6b45bffdcd02.herokuapp.com,,1,6,nh,non_gamified,human_only,0.0,0,15,"[8.0, 8.0, 20.0, 20.0, 4.0, 20.0, 4.0, 20.0, 0.0, 8.0, 8.0, 8.0, 8.0, 8.0, 4.0, 4.0, 20.0, 0.0, 0.0, 8.0, 4.0, 4.0, 4.0, 20.0, 8.0, 8.0, 0.0, 8.0, 4.0, 4.0]",60.25,60.25,24,skdclskt,,,,,0
19,0qc91a5a,,0,221,220,post_exp,FinalForProlific,2026-05-05 16:24:26.388408,1,,,6523.0,1,,0.0,fef5ca2d-6f21-47c4-90cc-74807444686a,4790.33,13.0,20.0,260.0,5050.33,,2600.0,20.0,48.0,5,"{""forecast_price_next_day"":48,""forecast_confidence_next_day"":5}",40.0,0.0,1,,,4,00548e28-65ed-47e8-a667-34639429359c,https://london-trader-6b45bffdcd02.herokuapp.com,wss://london-trader-6b45bffdcd02.herokuapp.com,,1,6,nh,non_gamified,human_only,0.0,0,15,"[8.0, 8.0, 20.0, 20.0, 4.0, 20.0, 4.0, 20.0, 0.0, 8.0, 8.0, 8.0, 8.0, 8.0, 4.0, 4.0, 20.0, 0.0, 0.0, 8.0, 4.0, 4.0, 4.0, 20.0, 8.0, 8.0, 0.0, 8.0, 4.0, 4.0]",100.0,100.0,24,skdclskt,,,,,0
20,2vy9s3px,,0,221,220,post_exp,FinalForProlific,2026-05-05 16:24:26.408267,1,,,5050.0,2,,0.0,2b85f691-c920-4f32-ae54-e21833cf5475,3454.1499999999996,25.0,20.0,500.0,3954.1499999999996,,3800.0,10.0,75.0,4,"{""forecast_price_next_day"":75,""forecast_confidence_next_day"":4}",40.0,0.0,1,,,4,00548e28-65ed-47e8-a667-34639429359c,https://london-trader-6b45bffdcd02.herokuapp.com,wss://london-trader-6b45bffdcd02.herokuapp.com,,1,6,nh,non_gamified,human_only,0.0,0,15,"[8.0, 8.0, 20.0, 20.0, 4.0, 20.0, 4.0, 20.0, 0.0, 8.0, 8.0, 8.0, 8.0, 8.0, 4.0, 4.0, 20.0, 0.0, 0.0, 8.0, 4.0, 4.0, 4.0, 20.0, 8.0, 8.0, 0.0, 8.0, 4.0, 4.0]",100.0,100.0,24,skdclskt,,,,,0
21,87uw2jck,,0,221,220,post_exp,FinalForProlific,2026-05-05 16:24:26.421889,1,,,5633.0,3,,0.0,c953d4fd-7bea-449b-9aa0-5e400d9cb204,2889.25,16.0,20.0,320.0,3209.25,,2600.0,20.0,4.0,5,"{""forecast_price_next_day"":4,""forecast_confidence_next_day"":5}",40.0,0.0,1,,,4,00548e28-65ed-47e8-a667-34639429359c,https://london-trader-6b45bffdcd02.herokuapp.com,wss://london-trader-6b45bffdcd02.herokuapp.com,,1,6,nh,non_gamified,human_only,0.0,0,15,"[8.0, 8.0, 20.0, 20.0, 4.0, 20.0, 4.0, 20.0, 0.0, 8.0, 8.0, 8.0, 8.0, 8.0, 4.0, 4.0, 20.0, 0.0, 0.0, 8.0, 4.0, 4.0, 4.0, 20.0, 8.0, 8.0, 0.0, 8.0, 4.0, 4.0]",100.0,100.0,24,skdclskt,,,,,0
22,3ftocepp,,0,221,220,post_exp,FinalForProlific,2026-05-05 16:24:26.437680,1,,,5815.0,4,,0.0,53915058-5167-43d2-afa0-8f6290f2017f,3912.0,17.0,20.0,340.0,4252.0,,3800.0,10.0,4300.0,4,"{""forecast_price_next_day"":4300,""forecast_confidence_next_day"":4}",40.0,0.0,1,,,4,00548e28-65ed-47e8-a667-34639429359c,https://london-trader-6b45bffdcd02.herokuapp.com,wss://london-trader-6b45bffdcd02.herokuapp.com,,1,6,nh,non_gamified,human_only,0.0,0,15,"[8.0, 8.0, 20.0, 20.0, 4.0, 20.0, 4.0, 20.0, 0.0, 8.0, 8.0, 8.0, 8.0, 8.0, 4.0, 4.0, 20.0, 0.0, 0.0, 8.0, 4.0, 4.0, 4.0, 20.0, 8.0, 8.0, 0.0, 8.0, 4.0, 4.0]",100.0,100.0,24,skdclskt,,,,,0
23,xz3dh0k4,,0,221,220,post_exp,FinalForProlific,2026-05-05 16:24:26.453575,1,,,5047.0,5,,0.0,a2e9d95e-90cb-4b2f-b5ca-2486e9ab692d,4019.1000000000004,13.0,20.0,260.0,4279.1,,2600.0,20.0,45.0,3,"{""forecast_price_next_day"":45,""forecast_confidence_next_day"":3}",40.0,0.0,1,,,4,00548e28-65ed-47e8-a667-34639429359c,https://london-trader-6b45bffdcd02.herokuapp.com,wss://london-trader-6b45bffdcd02.herokuapp.com,,1,6,nh,non_gamified,human_only,0.0,0,15,"[8.0, 8.0, 20.0, 20.0, 4.0, 20.0, 4.0, 20.0, 0.0, 8.0, 8.0, 8.0, 8.0, 8.0, 4.0, 4.0, 20.0, 0.0, 0.0, 8.0, 4.0, 4.0, 4.0, 20.0, 8.0, 8.0, 0.0, 8.0, 4.0, 4.0]",100.0,100.0,24,skdclskt,,,,,0
24,x7l4wbwx,,0,221,220,post_exp,FinalForProlific,2026-05-05 16:24:26.462816,1,,,5091.0,6,,0.0,89df792d-8b1a-4545-be89-9e94133865f7,4299.17,12.0,20.0,240.0,4539.17,,3800.0,10.0,75.0,2,"{""forecast_price_next_day"":75,""forecast_confidence_next_day"":2}",40.0,0.0,1,,,4,00548e28-65ed-47e8-a667-34639429359c,https://london-trader-6b45bffdcd02.herokuapp.com,wss://london-trader-6b45bffdcd02.herokuapp.com,,1,6,nh,non_gamified,human_only,0.0,0,15,"[8.0, 8.0, 20.0, 20.0, 4.0, 20.0, 4.0, 20.0, 0.0, 8.0, 8.0, 8.0, 8.0, 8.0, 4.0, 4.0, 20.0, 0.0, 0.0, 8.0, 4.0, 4.0, 4.0, 20.0, 8.0, 8.0, 0.0, 8.0, 4.0, 4.0]",100.0,100.0,24,skdclskt,,,,,0
1,9bv3gi2y,,0,221,220,post_exp,FinalForProlific,2026-05-05 16:24:25.907795,1,,,6097.0,1,,0.0,2622e9f6-8f19-49dd-b301-25fc2a630f03,4778.57,11.0,8.0,88.0,4866.57,,2600.0,20.0,,,,,0.0,0,,,1,bbac1738-2cb5-4b77-92c4-c512548db93b,https://london-trader-6b45bffdcd02.herokuapp.com,wss://london-trader-6b45bffdcd02.herokuapp.com,,1,6,gh,gamified,human_only,0.0,0,15,"[8.0, 8.0, 20.0, 20.0, 4.0, 20.0, 4.0, 20.0, 0.0, 8.0, 8.0, 8.0, 8.0, 8.0, 4.0, 4.0, 20.0, 0.0, 0.0, 8.0, 4.0, 4.0, 4.0, 20.0, 8.0, 8.0, 0.0, 8.0, 4.0, 4.0]",97.65,97.65,25,skdclskt,,,,,0
2,1tnknpce,,0,221,220,post_exp,FinalForProlific,2026-05-05 16:24:26.237055,1,,,4685.0,2,,0.0,24e830e8-905d-4e22-ab61-b990c984ff16,1816.63,58.0,8.0,464.0,2280.63,,3800.0,10.0,,,,,0.0,0,,,1,bbac1738-2cb5-4b77-92c4-c512548db93b,https://london-trader-6b45bffdcd02.herokuapp.com,wss://london-trader-6b45bffdcd02.herokuapp.com,,1,6,gh,gamified,human_only,0.0,0,15,"[8.0, 8.0, 20.0, 20.0, 4.0, 20.0, 4.0, 20.0, 0.0, 8.0, 8.0, 8.0, 8.0, 8.0, 4.0, 4.0, 20.0, 0.0, 0.0, 8.0, 4.0, 4.0, 4.0, 20.0, 8.0, 8.0, 0.0, 8.0, 4.0, 4.0]",97.65,97.65,25,skdclskt,,,,,0
3,zkl94ida,,0,221,220,post_exp,FinalForProlific,2026-05-05 16:24:26.243811,1,,,7353.0,3,,0.0,6820cd25-c18c-49e6-84f5-25aa69820367,5177.869999999998,0.0,8.0,0.0,5177.869999999998,,2600.0,20.0,,,,,0.0,0,,,1,bbac1738-2cb5-4b77-92c4-c512548db93b,https://london-trader-6b45bffdcd02.herokuapp.com,wss://london-trader-6b45bffdcd02.herokuapp.com,,1,6,gh,gamified,human_only,0.0,0,15,"[8.0, 8.0, 20.0, 20.0, 4.0, 20.0, 4.0, 20.0, 0.0, 8.0, 8.0, 8.0, 8.0, 8.0, 4.0, 4.0, 20.0, 0.0, 0.0, 8.0, 4.0, 4.0, 4.0, 20.0, 8.0, 8.0, 0.0, 8.0, 4.0, 4.0]",97.65,97.65,25,skdclskt,,,,,0
4,h7nk13vs,,0,221,220,post_exp,FinalForProlific,2026-05-05 16:24:26.249481,1,,,5148.0,4,,0.0,ae2e944d-6861-4940-b26c-a08caaca1a16,4852.07,1.0,8.0,8.0,4860.07,,3800.0,10.0,,,,,0.0,0,,,1,bbac1738-2cb5-4b77-92c4-c512548db93b,https://london-trader-6b45bffdcd02.herokuapp.com,wss://london-trader-6b45bffdcd02.herokuapp.com,,1,6,gh,gamified,human_only,0.0,0,15,"[8.0, 8.0, 20.0, 20.0, 4.0, 20.0, 4.0, 20.0, 0.0, 8.0, 8.0, 8.0, 8.0, 8.0, 4.0, 4.0, 20.0, 0.0, 0.0, 8.0, 4.0, 4.0, 4.0, 20.0, 8.0, 8.0, 0.0, 8.0, 4.0, 4.0]",97.65,97.65,25,skdclskt,,,,,0
5,8rrxo8mh,,0,221,220,post_exp,FinalForProlific,2026-05-05 16:24:26.255568,1,,,5698.0,5,,0.0,a1542dc5-078d-4b85-8ee8-6acdc2839880,4655.8600000000015,4.0,8.0,32.0,4687.8600000000015,,2600.0,20.0,,,,,0.0,0,,,1,bbac1738-2cb5-4b77-92c4-c512548db93b,https://london-trader-6b45bffdcd02.herokuapp.com,wss://london-trader-6b45bffdcd02.herokuapp.com,,1,6,gh,gamified,human_only,0.0,0,15,"[8.0, 8.0, 20.0, 20.0, 4.0, 20.0, 4.0, 20.0, 0.0, 8.0, 8.0, 8.0, 8.0, 8.0, 4.0, 4.0, 20.0, 0.0, 0.0, 8.0, 4.0, 4.0, 4.0, 20.0, 8.0, 8.0, 0.0, 8.0, 4.0, 4.0]",97.65,97.65,25,skdclskt,,,,,0
6,53wkzdsp,,0,221,220,post_exp,FinalForProlific,2026-05-05 16:24:26.261968,1,,,5089.0,6,,0.0,3e36c9fa-1786-43b0-87ea-f17db8332def,4107.86,14.0,8.0,112.0,4219.86,,3800.0,10.0,,,,,0.0,0,,,1,bbac1738-2cb5-4b77-92c4-c512548db93b,https://london-trader-6b45bffdcd02.herokuapp.com,wss://london-trader-6b45bffdcd02.herokuapp.com,,1,6,gh,gamified,human_only,0.0,0,15,"[8.0, 8.0, 20.0, 20.0, 4.0, 20.0, 4.0, 20.0, 0.0, 8.0, 8.0, 8.0, 8.0, 8.0, 4.0, 4.0, 20.0, 0.0, 0.0, 8.0, 4.0, 4.0, 4.0, 20.0, 8.0, 8.0, 0.0, 8.0, 4.0, 4.0]",97.65,97.65,25,skdclskt,,,,,0
7,2tmxyq59,,0,221,220,post_exp,FinalForProlific,2026-05-05 16:24:26.267852,1,,,5570.0,1,,0.0,c34666fc-2042-436c-b5b2-8be4eb77fa45,5480.25,0.0,8.0,0.0,5480.25,,2600.0,20.0,,,,,0.0,0,,,2,41800c26-6898-4b86-b356-94ff8bfa3a3a,https://london-trader-6b45bffdcd02.herokuapp.com,wss://london-trader-6b45bffdcd02.herokuapp.com,,1,6,gh,gamified,human_only,0.0,0,15,"[8.0, 8.0, 20.0, 20.0, 4.0, 20.0, 4.0, 20.0, 0.0, 8.0, 8.0, 8.0, 8.0, 8.0, 4.0, 4.0, 20.0, 0.0, 0.0, 8.0, 4.0, 4.0, 4.0, 20.0, 8.0, 8.0, 0.0, 8.0, 4.0, 4.0]",101.0,101.0,25,skdclskt,,,,,0
8,klvgct3w,,0,221,220,post_exp,FinalForProlific,2026-05-05 16:24:26.277407,1,,,5086.0,2,,0.0,5d8a97d2-0acd-4bec-9355-f1ef8ca0b665,3810.01,18.0,8.0,144.0,3954.01,,3800.0,10.0,,,,,0.0,0,,,2,41800c26-6898-4b86-b356-94ff8bfa3a3a,https://london-trader-6b45bffdcd02.herokuapp.com,wss://london-trader-6b45bffdcd02.herokuapp.com,,1,6,gh,gamified,human_only,0.0,0,15,"[8.0, 8.0, 20.0, 20.0, 4.0, 20.0, 4.0, 20.0, 0.0, 8.0, 8.0, 8.0, 8.0, 8.0, 4.0, 4.0, 20.0, 0.0, 0.0, 8.0, 4.0, 4.0, 4.0, 20.0, 8.0, 8.0, 0.0, 8.0, 4.0, 4.0]",101.0,101.0,25,skdclskt,,,,,0
9,fa5fpl4w,,0,221,220,post_exp,FinalForProlific,2026-05-05 16:24:26.284184,1,,,5251.0,3,,0.0,9ae3a47d-ad9b-4325-b996-258a31aa9b65,3567.5,27.0,8.0,216.0,3783.5,,2600.0,20.0,,,,,0.0,0,,,2,41800c26-6898-4b86-b356-94ff8bfa3a3a,https://london-trader-6b45bffdcd02.herokuapp.com,wss://london-trader-6b45bffdcd02.herokuapp.com,,1,6,gh,gamified,human_only,0.0,0,15,"[8.0, 8.0, 20.0, 20.0, 4.0, 20.0, 4.0, 20.0, 0.0, 8.0, 8.0, 8.0, 8.0, 8.0, 4.0, 4.0, 20.0, 0.0, 0.0, 8.0, 4.0, 4.0, 4.0, 20.0, 8.0, 8.0, 0.0, 8.0, 4.0, 4.0]",101.0,101.0,25,skdclskt,,,,,0
10,0sa5xwid,,0,221,220,post_exp,FinalForProlific,2026-05-05 16:24:26.290374,1,,,5140.0,4,,0.0,3f16f05a-e96e-45ac-9ef0-9c2d6dce3317,4575.51,7.0,8.0,56.0,4631.51,,3800.0,10.0,,,,,0.0,0,,,2,41800c26-6898-4b86-b356-94ff8bfa3a3a,https://london-trader-6b45bffdcd02.herokuapp.com,wss://london-trader-6b45bffdcd02.herokuapp.com,,1,6,gh,gamified,human_only,0.0,0,15,"[8.0, 8.0, 20.0, 20.0, 4.0, 20.0, 4.0, 20.0, 0.0, 8.0, 8.0, 8.0, 8.0, 8.0, 4.0, 4.0, 20.0, 0.0, 0.0, 8.0, 4.0, 4.0, 4.0, 20.0, 8.0, 8.0, 0.0, 8.0, 4.0, 4.0]",101.0,101.0,25,skdclskt,,,,,0
11,w5nuyib0,,0,221,220,post_exp,FinalForProlific,2026-05-05 16:24:26.299295,1,,,4813.0,5,,0.0,16e26514-b278-4448-959a-f58ad6e11852,3770.7299999999996,22.0,8.0,176.0,3946.7299999999996,,2600.0,20.0,,,,,0.0,0,,,2,41800c26-6898-4b86-b356-94ff8bfa3a3a,https://london-trader-6b45bffdcd02.herokuapp.com,wss://london-trader-6b45bffdcd02.herokuapp.com,,1,6,gh,gamified,human_only,0.0,0,15,"[8.0, 8.0, 20.0, 20.0, 4.0, 20.0, 4.0, 20.0, 0.0, 8.0, 8.0, 8.0, 8.0, 8.0, 4.0, 4.0, 20.0, 0.0, 0.0, 8.0, 4.0, 4.0, 4.0, 20.0, 8.0, 8.0, 0.0, 8.0, 4.0, 4.0]",101.0,101.0,25,skdclskt,,,,,0
12,s1twfhpt,,0,221,220,post_exp,FinalForProlific,2026-05-05 16:24:26.305361,1,,,4871.0,6,,0.0,0414deaa-50dd-4291-abcb-c312c59361b0,3976.0,18.0,8.0,144.0,4120.0,,3800.0,10.0,,,,,0.0,0,,,2,41800c26-6898-4b86-b356-94ff8bfa3a3a,https://london-trader-6b45bffdcd02.herokuapp.com,wss://london-trader-6b45bffdcd02.herokuapp.com,,1,6,gh,gamified,human_only,0.0,0,15,"[8.0, 8.0, 20.0, 20.0, 4.0, 20.0, 4.0, 20.0, 0.0, 8.0, 8.0, 8.0, 8.0, 8.0, 4.0, 4.0, 20.0, 0.0, 0.0, 8.0, 4.0, 4.0, 4.0, 20.0, 8.0, 8.0, 0.0, 8.0, 4.0, 4.0]",101.0,101.0,25,skdclskt,,,,,0
13,tqeatlds,,0,221,220,post_exp,FinalForProlific,2026-05-05 16:24:26.312482,1,,,5561.0,1,,0.0,18595b83-a573-483a-922c-64417e548e97,3938.9400000000005,21.0,8.0,168.0,4106.9400000000005,,2600.0,20.0,,,,,0.0,0,,,3,490e4560-4219-4069-a6b1-c8a826129b68,https://london-trader-6b45bffdcd02.herokuapp.com,wss://london-trader-6b45bffdcd02.herokuapp.com,,1,6,nh,non_gamified,human_only,0.0,0,15,"[8.0, 8.0, 20.0, 20.0, 4.0, 20.0, 4.0, 20.0, 0.0, 8.0, 8.0, 8.0, 8.0, 8.0, 4.0, 4.0, 20.0, 0.0, 0.0, 8.0, 4.0, 4.0, 4.0, 20.0, 8.0, 8.0, 0.0, 8.0, 4.0, 4.0]",60.5,60.5,25,skdclskt,,,,,0
14,nu7ykbgx,,0,221,220,post_exp,FinalForProlific,2026-05-05 16:24:26.328130,1,,,5985.0,2,,0.0,590f10b9-c637-4d22-97d1-7bcc1d1f1e01,4761.07,8.0,8.0,64.0,4825.07,,3800.0,10.0,,,,,0.0,0,,,3,490e4560-4219-4069-a6b1-c8a826129b68,https://london-trader-6b45bffdcd02.herokuapp.com,wss://london-trader-6b45bffdcd02.herokuapp.com,,1,6,nh,non_gamified,human_only,0.0,0,15,"[8.0, 8.0, 20.0, 20.0, 4.0, 20.0, 4.0, 20.0, 0.0, 8.0, 8.0, 8.0, 8.0, 8.0, 4.0, 4.0, 20.0, 0.0, 0.0, 8.0, 4.0, 4.0, 4.0, 20.0, 8.0, 8.0, 0.0, 8.0, 4.0, 4.0]",60.5,60.5,25,skdclskt,,,,,0
15,su76nhj9,,0,221,220,post_exp,FinalForProlific,2026-05-05 16:24:26.343041,1,,,5506.0,3,,0.0,e420f624-78fe-42c9-aa20-242b54f6c4e8,4002.0300000000007,22.0,8.0,176.0,4178.030000000001,,2600.0,20.0,,,,,0.0,0,,,3,490e4560-4219-4069-a6b1-c8a826129b68,https://london-trader-6b45bffdcd02.herokuapp.com,wss://london-trader-6b45bffdcd02.herokuapp.com,,1,6,nh,non_gamified,human_only,0.0,0,15,"[8.0, 8.0, 20.0, 20.0, 4.0, 20.0, 4.0, 20.0, 0.0, 8.0, 8.0, 8.0, 8.0, 8.0, 4.0, 4.0, 20.0, 0.0, 0.0, 8.0, 4.0, 4.0, 4.0, 20.0, 8.0, 8.0, 0.0, 8.0, 4.0, 4.0]",60.5,60.5,25,skdclskt,,,,,0
16,c2m857p1,,0,221,220,post_exp,FinalForProlific,2026-05-05 16:24:26.356865,1,,,5566.0,4,,0.0,a7bed23b-2e8e-451f-8b7c-42f684002277,4627.93,4.0,8.0,32.0,4659.93,,3800.0,10.0,,,,,0.0,0,,,3,490e4560-4219-4069-a6b1-c8a826129b68,https://london-trader-6b45bffdcd02.herokuapp.com,wss://london-trader-6b45bffdcd02.herokuapp.com,,1,6,nh,non_gamified,human_only,0.0,0,15,"[8.0, 8.0, 20.0, 20.0, 4.0, 20.0, 4.0, 20.0, 0.0, 8.0, 8.0, 8.0, 8.0, 8.0, 4.0, 4.0, 20.0, 0.0, 0.0, 8.0, 4.0, 4.0, 4.0, 20.0, 8.0, 8.0, 0.0, 8.0, 4.0, 4.0]",60.5,60.5,25,skdclskt,,,,,0
17,r6xuxcar,,0,221,220,post_exp,FinalForProlific,2026-05-05 16:24:26.366557,1,,,4396.0,5,,0.0,10f05dce-1c31-4c65-80e0-0450ca2c00bb,3417.3199999999997,34.0,8.0,272.0,3689.3199999999997,,2600.0,20.0,,,,,0.0,0,,,3,490e4560-4219-4069-a6b1-c8a826129b68,https://london-trader-6b45bffdcd02.herokuapp.com,wss://london-trader-6b45bffdcd02.herokuapp.com,,1,6,nh,non_gamified,human_only,0.0,0,15,"[8.0, 8.0, 20.0, 20.0, 4.0, 20.0, 4.0, 20.0, 0.0, 8.0, 8.0, 8.0, 8.0, 8.0, 4.0, 4.0, 20.0, 0.0, 0.0, 8.0, 4.0, 4.0, 4.0, 20.0, 8.0, 8.0, 0.0, 8.0, 4.0, 4.0]",60.5,60.5,25,skdclskt,,,,,0
18,2y2lzizt,,0,221,220,post_exp,FinalForProlific,2026-05-05 16:24:26.378109,1,,,4734.0,6,,0.0,bdad41ef-e8fb-4016-ab64-9cee4008db0e,4540.709999999999,5.0,8.0,40.0,4580.709999999999,,3800.0,10.0,,,,,0.0,0,,,3,490e4560-4219-4069-a6b1-c8a826129b68,https://london-trader-6b45bffdcd02.herokuapp.com,wss://london-trader-6b45bffdcd02.herokuapp.com,,1,6,nh,non_gamified,human_only,0.0,0,15,"[8.0, 8.0, 20.0, 20.0, 4.0, 20.0, 4.0, 20.0, 0.0, 8.0, 8.0, 8.0, 8.0, 8.0, 4.0, 4.0, 20.0, 0.0, 0.0, 8.0, 4.0, 4.0, 4.0, 20.0, 8.0, 8.0, 0.0, 8.0, 4.0, 4.0]",60.5,60.5,25,skdclskt,,,,,0
19,0qc91a5a,,0,221,220,post_exp,FinalForProlific,2026-05-05 16:24:26.388408,1,,,6523.0,1,,0.0,fef5ca2d-6f21-47c4-90cc-74807444686a,4957.33,12.0,8.0,96.0,5053.33,,2600.0,20.0,,,,,0.0,0,,,4,00548e28-65ed-47e8-a667-34639429359c,https://london-trader-6b45bffdcd02.herokuapp.com,wss://london-trader-6b45bffdcd02.herokuapp.com,,1,6,nh,non_gamified,human_only,0.0,0,15,"[8.0, 8.0, 20.0, 20.0, 4.0, 20.0, 4.0, 20.0, 0.0, 8.0, 8.0, 8.0, 8.0, 8.0, 4.0, 4.0, 20.0, 0.0, 0.0, 8.0, 4.0, 4.0, 4.0, 20.0, 8.0, 8.0, 0.0, 8.0, 4.0, 4.0]",40.0,40.0,25,skdclskt,,,,,0
20,2vy9s3px,,0,221,220,post_exp,FinalForProlific,2026-05-05 16:24:26.408267,1,,,5050.0,2,,0.0,2b85f691-c920-4f32-ae54-e21833cf5475,3868.1499999999996,37.0,8.0,296.0,4164.15,,3800.0,10.0,,,,,0.0,0,,,4,00548e28-65ed-47e8-a667-34639429359c,https://london-trader-6b45bffdcd02.herokuapp.com,wss://london-trader-6b45bffdcd02.herokuapp.com,,1,6,nh,non_gamified,human_only,0.0,0,15,"[8.0, 8.0, 20.0, 20.0, 4.0, 20.0, 4.0, 20.0, 0.0, 8.0, 8.0, 8.0, 8.0, 8.0, 4.0, 4.0, 20.0, 0.0, 0.0, 8.0, 4.0, 4.0, 4.0, 20.0, 8.0, 8.0, 0.0, 8.0, 4.0, 4.0]",40.0,40.0,25,skdclskt,,,,,0
21,87uw2jck,,0,221,220,post_exp,FinalForProlific,2026-05-05 16:24:26.421889,1,,,5633.0,3,,0.0,c953d4fd-7bea-449b-9aa0-5e400d9cb204,3430.25,11.0,8.0,88.0,3518.25,,2600.0,20.0,,,,,0.0,0,,,4,00548e28-65ed-47e8-a667-34639429359c,https://london-trader-6b45bffdcd02.herokuapp.com,wss://london-trader-6b45bffdcd02.herokuapp.com,,1,6,nh,non_gamified,human_only,0.0,0,15,"[8.0, 8.0, 20.0, 20.0, 4.0, 20.0, 4.0, 20.0, 0.0, 8.0, 8.0, 8.0, 8.0, 8.0, 4.0, 4.0, 20.0, 0.0, 0.0, 8.0, 4.0, 4.0, 4.0, 20.0, 8.0, 8.0, 0.0, 8.0, 4.0, 4.0]",40.0,40.0,25,skdclskt,,,,,0
22,3ftocepp,,0,221,220,post_exp,FinalForProlific,2026-05-05 16:24:26.437680,1,,,5815.0,4,,0.0,53915058-5167-43d2-afa0-8f6290f2017f,4227.0,17.0,8.0,136.0,4363.0,,3800.0,10.0,,,,,0.0,0,,,4,00548e28-65ed-47e8-a667-34639429359c,https://london-trader-6b45bffdcd02.herokuapp.com,wss://london-trader-6b45bffdcd02.herokuapp.com,,1,6,nh,non_gamified,human_only,0.0,0,15,"[8.0, 8.0, 20.0, 20.0, 4.0, 20.0, 4.0, 20.0, 0.0, 8.0, 8.0, 8.0, 8.0, 8.0, 4.0, 4.0, 20.0, 0.0, 0.0, 8.0, 4.0, 4.0, 4.0, 20.0, 8.0, 8.0, 0.0, 8.0, 4.0, 4.0]",40.0,40.0,25,skdclskt,,,,,0
23,xz3dh0k4,,0,221,220,post_exp,FinalForProlific,2026-05-05 16:24:26.453575,1,,,5047.0,5,,0.0,a2e9d95e-90cb-4b2f-b5ca-2486e9ab692d,4297.1,12.0,8.0,96.0,4393.1,,2600.0,20.0,,,,,0.0,0,,,4,00548e28-65ed-47e8-a667-34639429359c,https://london-trader-6b45bffdcd02.herokuapp.com,wss://london-trader-6b45bffdcd02.herokuapp.com,,1,6,nh,non_gamified,human_only,0.0,0,15,"[8.0, 8.0, 20.0, 20.0, 4.0, 20.0, 4.0, 20.0, 0.0, 8.0, 8.0, 8.0, 8.0, 8.0, 4.0, 4.0, 20.0, 0.0, 0.0, 8.0, 4.0, 4.0, 4.0, 20.0, 8.0, 8.0, 0.0, 8.0, 4.0, 4.0]",40.0,40.0,25,skdclskt,,,,,0
24,x7l4wbwx,,0,221,220,post_exp,FinalForProlific,2026-05-05 16:24:26.462816,1,,,5091.0,6,,0.0,89df792d-8b1a-4545-be89-9e94133865f7,4504.17,13.0,8.0,104.0,4608.17,,3800.0,10.0,,,,,0.0,0,,,4,00548e28-65ed-47e8-a667-34639429359c,https://london-trader-6b45bffdcd02.herokuapp.com,wss://london-trader-6b45bffdcd02.herokuapp.com,,1,6,nh,non_gamified,human_only,0.0,0,15,"[8.0, 8.0, 20.0, 20.0, 4.0, 20.0, 4.0, 20.0, 0.0, 8.0, 8.0, 8.0, 8.0, 8.0, 4.0, 4.0, 20.0, 0.0, 0.0, 8.0, 4.0, 4.0, 4.0, 20.0, 8.0, 8.0, 0.0, 8.0, 4.0, 4.0]",40.0,40.0,25,skdclskt,,,,,0
1,9bv3gi2y,,0,221,220,post_exp,FinalForProlific,2026-05-05 16:24:25.907795,1,,,6097.0,1,,0.0,2622e9f6-8f19-49dd-b301-25fc2a630f03,5162.59,9.0,8.0,72.0,5234.59,,2600.0,20.0,,,,,0.0,0,,,1,bbac1738-2cb5-4b77-92c4-c512548db93b,https://london-trader-6b45bffdcd02.herokuapp.com,wss://london-trader-6b45bffdcd02.herokuapp.com,,1,6,gh,gamified,human_only,0.0,0,15,"[8.0, 8.0, 20.0, 20.0, 4.0, 20.0, 4.0, 20.0, 0.0, 8.0, 8.0, 8.0, 8.0, 8.0, 4.0, 4.0, 20.0, 0.0, 0.0, 8.0, 4.0, 4.0, 4.0, 20.0, 8.0, 8.0, 0.0, 8.0, 4.0, 4.0]",97.97,97.97,26,skdclskt,,,,,0
2,1tnknpce,,0,221,220,post_exp,FinalForProlific,2026-05-05 16:24:26.237055,1,,,4685.0,2,,0.0,24e830e8-905d-4e22-ab61-b990c984ff16,1784.6400000000003,66.0,8.0,528.0,2312.6400000000003,,3800.0,10.0,,,,,0.0,0,,,1,bbac1738-2cb5-4b77-92c4-c512548db93b,https://london-trader-6b45bffdcd02.herokuapp.com,wss://london-trader-6b45bffdcd02.herokuapp.com,,1,6,gh,gamified,human_only,0.0,0,15,"[8.0, 8.0, 20.0, 20.0, 4.0, 20.0, 4.0, 20.0, 0.0, 8.0, 8.0, 8.0, 8.0, 8.0, 4.0, 4.0, 20.0, 0.0, 0.0, 8.0, 4.0, 4.0, 4.0, 20.0, 8.0, 8.0, 0.0, 8.0, 4.0, 4.0]",97.97,97.97,26,skdclskt,,,,,0
3,zkl94ida,,0,221,220,post_exp,FinalForProlific,2026-05-05 16:24:26.243811,1,,,7353.0,3,,0.0,6820cd25-c18c-49e6-84f5-25aa69820367,5177.869999999998,0.0,8.0,0.0,5177.869999999998,,2600.0,20.0,,,,,0.0,0,,,1,bbac1738-2cb5-4b77-92c4-c512548db93b,https://london-trader-6b45bffdcd02.herokuapp.com,wss://london-trader-6b45bffdcd02.herokuapp.com,,1,6,gh,gamified,human_only,0.0,0,15,"[8.0, 8.0, 20.0, 20.0, 4.0, 20.0, 4.0, 20.0, 0.0, 8.0, 8.0, 8.0, 8.0, 8.0, 4.0, 4.0, 20.0, 0.0, 0.0, 8.0, 4.0, 4.0, 4.0, 20.0, 8.0, 8.0, 0.0, 8.0, 4.0, 4.0]",97.97,97.97,26,skdclskt,,,,,0
4,h7nk13vs,,0,221,220,post_exp,FinalForProlific,2026-05-05 16:24:26.249481,1,,,5148.0,4,,0.0,ae2e944d-6861-4940-b26c-a08caaca1a16,4568.119999999999,4.0,8.0,32.0,4600.119999999999,,3800.0,10.0,,,,,0.0,0,,,1,bbac1738-2cb5-4b77-92c4-c512548db93b,https://london-trader-6b45bffdcd02.herokuapp.com,wss://london-trader-6b45bffdcd02.herokuapp.com,,1,6,gh,gamified,human_only,0.0,0,15,"[8.0, 8.0, 20.0, 20.0, 4.0, 20.0, 4.0, 20.0, 0.0, 8.0, 8.0, 8.0, 8.0, 8.0, 4.0, 4.0, 20.0, 0.0, 0.0, 8.0, 4.0, 4.0, 4.0, 20.0, 8.0, 8.0, 0.0, 8.0, 4.0, 4.0]",97.97,97.97,26,skdclskt,,,,,0
5,8rrxo8mh,,0,221,220,post_exp,FinalForProlific,2026-05-05 16:24:26.255568,1,,,5698.0,5,,0.0,a1542dc5-078d-4b85-8ee8-6acdc2839880,4785.0700000000015,3.0,8.0,24.0,4809.0700000000015,,2600.0,20.0,,,,,0.0,0,,,1,bbac1738-2cb5-4b77-92c4-c512548db93b,https://london-trader-6b45bffdcd02.herokuapp.com,wss://london-trader-6b45bffdcd02.herokuapp.com,,1,6,gh,gamified,human_only,0.0,0,15,"[8.0, 8.0, 20.0, 20.0, 4.0, 20.0, 4.0, 20.0, 0.0, 8.0, 8.0, 8.0, 8.0, 8.0, 4.0, 4.0, 20.0, 0.0, 0.0, 8.0, 4.0, 4.0, 4.0, 20.0, 8.0, 8.0, 0.0, 8.0, 4.0, 4.0]",97.97,97.97,26,skdclskt,,,,,0
6,53wkzdsp,,0,221,220,post_exp,FinalForProlific,2026-05-05 16:24:26.261968,1,,,5089.0,6,,0.0,3e36c9fa-1786-43b0-87ea-f17db8332def,4614.570000000001,10.0,8.0,80.0,4694.570000000001,,3800.0,10.0,,,,,0.0,0,,,1,bbac1738-2cb5-4b77-92c4-c512548db93b,https://london-trader-6b45bffdcd02.herokuapp.com,wss://london-trader-6b45bffdcd02.herokuapp.com,,1,6,gh,gamified,human_only,0.0,0,15,"[8.0, 8.0, 20.0, 20.0, 4.0, 20.0, 4.0, 20.0, 0.0, 8.0, 8.0, 8.0, 8.0, 8.0, 4.0, 4.0, 20.0, 0.0, 0.0, 8.0, 4.0, 4.0, 4.0, 20.0, 8.0, 8.0, 0.0, 8.0, 4.0, 4.0]",97.97,97.97,26,skdclskt,,,,,0
7,2tmxyq59,,0,221,220,post_exp,FinalForProlific,2026-05-05 16:24:26.267852,1,,,5570.0,1,,0.0,c34666fc-2042-436c-b5b2-8be4eb77fa45,5480.25,0.0,8.0,0.0,5480.25,,2600.0,20.0,,,,,0.0,0,,,2,41800c26-6898-4b86-b356-94ff8bfa3a3a,https://london-trader-6b45bffdcd02.herokuapp.com,wss://london-trader-6b45bffdcd02.herokuapp.com,,1,6,gh,gamified,human_only,0.0,0,15,"[8.0, 8.0, 20.0, 20.0, 4.0, 20.0, 4.0, 20.0, 0.0, 8.0, 8.0, 8.0, 8.0, 8.0, 4.0, 4.0, 20.0, 0.0, 0.0, 8.0, 4.0, 4.0, 4.0, 20.0, 8.0, 8.0, 0.0, 8.0, 4.0, 4.0]",105.0,105.0,26,skdclskt,,,,,0
8,klvgct3w,,0,221,220,post_exp,FinalForProlific,2026-05-05 16:24:26.277407,1,,,5086.0,2,,0.0,5d8a97d2-0acd-4bec-9355-f1ef8ca0b665,3954.01,18.0,8.0,144.0,4098.01,,3800.0,10.0,,,,,0.0,0,,,2,41800c26-6898-4b86-b356-94ff8bfa3a3a,https://london-trader-6b45bffdcd02.herokuapp.com,wss://london-trader-6b45bffdcd02.herokuapp.com,,1,6,gh,gamified,human_only,0.0,0,15,"[8.0, 8.0, 20.0, 20.0, 4.0, 20.0, 4.0, 20.0, 0.0, 8.0, 8.0, 8.0, 8.0, 8.0, 4.0, 4.0, 20.0, 0.0, 0.0, 8.0, 4.0, 4.0, 4.0, 20.0, 8.0, 8.0, 0.0, 8.0, 4.0, 4.0]",105.0,105.0,26,skdclskt,,,,,0
9,fa5fpl4w,,0,221,220,post_exp,FinalForProlific,2026-05-05 16:24:26.284184,1,,,5251.0,3,,0.0,9ae3a47d-ad9b-4325-b996-258a31aa9b65,3783.5,26.0,8.0,208.0,3991.5,,2600.0,20.0,,,,,0.0,0,,,2,41800c26-6898-4b86-b356-94ff8bfa3a3a,https://london-trader-6b45bffdcd02.herokuapp.com,wss://london-trader-6b45bffdcd02.herokuapp.com,,1,6,gh,gamified,human_only,0.0,0,15,"[8.0, 8.0, 20.0, 20.0, 4.0, 20.0, 4.0, 20.0, 0.0, 8.0, 8.0, 8.0, 8.0, 8.0, 4.0, 4.0, 20.0, 0.0, 0.0, 8.0, 4.0, 4.0, 4.0, 20.0, 8.0, 8.0, 0.0, 8.0, 4.0, 4.0]",105.0,105.0,26,skdclskt,,,,,0
10,0sa5xwid,,0,221,220,post_exp,FinalForProlific,2026-05-05 16:24:26.290374,1,,,5140.0,4,,0.0,3f16f05a-e96e-45ac-9ef0-9c2d6dce3317,4836.51,5.0,8.0,40.0,4876.51,,3800.0,10.0,,,,,0.0,0,,,2,41800c26-6898-4b86-b356-94ff8bfa3a3a,https://london-trader-6b45bffdcd02.herokuapp.com,wss://london-trader-6b45bffdcd02.herokuapp.com,,1,6,gh,gamified,human_only,0.0,0,15,"[8.0, 8.0, 20.0, 20.0, 4.0, 20.0, 4.0, 20.0, 0.0, 8.0, 8.0, 8.0, 8.0, 8.0, 4.0, 4.0, 20.0, 0.0, 0.0, 8.0, 4.0, 4.0, 4.0, 20.0, 8.0, 8.0, 0.0, 8.0, 4.0, 4.0]",105.0,105.0,26,skdclskt,,,,,0
11,w5nuyib0,,0,221,220,post_exp,FinalForProlific,2026-05-05 16:24:26.299295,1,,,4813.0,5,,0.0,16e26514-b278-4448-959a-f58ad6e11852,3846.7299999999996,24.0,8.0,192.0,4038.7299999999996,,2600.0,20.0,,,,,0.0,0,,,2,41800c26-6898-4b86-b356-94ff8bfa3a3a,https://london-trader-6b45bffdcd02.herokuapp.com,wss://london-trader-6b45bffdcd02.herokuapp.com,,1,6,gh,gamified,human_only,0.0,0,15,"[8.0, 8.0, 20.0, 20.0, 4.0, 20.0, 4.0, 20.0, 0.0, 8.0, 8.0, 8.0, 8.0, 8.0, 4.0, 4.0, 20.0, 0.0, 0.0, 8.0, 4.0, 4.0, 4.0, 20.0, 8.0, 8.0, 0.0, 8.0, 4.0, 4.0]",105.0,105.0,26,skdclskt,,,,,0
12,s1twfhpt,,0,221,220,post_exp,FinalForProlific,2026-05-05 16:24:26.305361,1,,,4871.0,6,,0.0,0414deaa-50dd-4291-abcb-c312c59361b0,4015.0,19.0,8.0,152.0,4167.0,,3800.0,10.0,,,,,0.0,0,,,2,41800c26-6898-4b86-b356-94ff8bfa3a3a,https://london-trader-6b45bffdcd02.herokuapp.com,wss://london-trader-6b45bffdcd02.herokuapp.com,,1,6,gh,gamified,human_only,0.0,0,15,"[8.0, 8.0, 20.0, 20.0, 4.0, 20.0, 4.0, 20.0, 0.0, 8.0, 8.0, 8.0, 8.0, 8.0, 4.0, 4.0, 20.0, 0.0, 0.0, 8.0, 4.0, 4.0, 4.0, 20.0, 8.0, 8.0, 0.0, 8.0, 4.0, 4.0]",105.0,105.0,26,skdclskt,,,,,0
13,tqeatlds,,0,221,220,post_exp,FinalForProlific,2026-05-05 16:24:26.312482,1,,,5561.0,1,,0.0,18595b83-a573-483a-922c-64417e548e97,4344.870000000001,17.0,8.0,136.0,4480.870000000001,,2600.0,20.0,,,,,0.0,0,,,3,490e4560-4219-4069-a6b1-c8a826129b68,https://london-trader-6b45bffdcd02.herokuapp.com,wss://london-trader-6b45bffdcd02.herokuapp.com,,1,6,nh,non_gamified,human_only,0.0,0,15,"[8.0, 8.0, 20.0, 20.0, 4.0, 20.0, 4.0, 20.0, 0.0, 8.0, 8.0, 8.0, 8.0, 8.0, 4.0, 4.0, 20.0, 0.0, 0.0, 8.0, 4.0, 4.0, 4.0, 20.0, 8.0, 8.0, 0.0, 8.0, 4.0, 4.0]",59.0,59.0,26,skdclskt,,,,,0
14,nu7ykbgx,,0,221,220,post_exp,FinalForProlific,2026-05-05 16:24:26.328130,1,,,5985.0,2,,0.0,590f10b9-c637-4d22-97d1-7bcc1d1f1e01,4884.07,7.0,8.0,56.0,4940.07,,3800.0,10.0,,,,,0.0,0,,,3,490e4560-4219-4069-a6b1-c8a826129b68,https://london-trader-6b45bffdcd02.herokuapp.com,wss://london-trader-6b45bffdcd02.herokuapp.com,,1,6,nh,non_gamified,human_only,0.0,0,15,"[8.0, 8.0, 20.0, 20.0, 4.0, 20.0, 4.0, 20.0, 0.0, 8.0, 8.0, 8.0, 8.0, 8.0, 4.0, 4.0, 20.0, 0.0, 0.0, 8.0, 4.0, 4.0, 4.0, 20.0, 8.0, 8.0, 0.0, 8.0, 4.0, 4.0]",59.0,59.0,26,skdclskt,,,,,0
15,su76nhj9,,0,221,220,post_exp,FinalForProlific,2026-05-05 16:24:26.343041,1,,,5506.0,3,,0.0,e420f624-78fe-42c9-aa20-242b54f6c4e8,4178.820000000001,24.0,8.0,192.0,4370.820000000001,,2600.0,20.0,,,,,0.0,0,,,3,490e4560-4219-4069-a6b1-c8a826129b68,https://london-trader-6b45bffdcd02.herokuapp.com,wss://london-trader-6b45bffdcd02.herokuapp.com,,1,6,nh,non_gamified,human_only,0.0,0,15,"[8.0, 8.0, 20.0, 20.0, 4.0, 20.0, 4.0, 20.0, 0.0, 8.0, 8.0, 8.0, 8.0, 8.0, 4.0, 4.0, 20.0, 0.0, 0.0, 8.0, 4.0, 4.0, 4.0, 20.0, 8.0, 8.0, 0.0, 8.0, 4.0, 4.0]",59.0,59.0,26,skdclskt,,,,,0
16,c2m857p1,,0,221,220,post_exp,FinalForProlific,2026-05-05 16:24:26.356865,1,,,5566.0,4,,0.0,a7bed23b-2e8e-451f-8b7c-42f684002277,4600.93,6.0,8.0,48.0,4648.93,,3800.0,10.0,,,,,0.0,0,,,3,490e4560-4219-4069-a6b1-c8a826129b68,https://london-trader-6b45bffdcd02.herokuapp.com,wss://london-trader-6b45bffdcd02.herokuapp.com,,1,6,nh,non_gamified,human_only,0.0,0,15,"[8.0, 8.0, 20.0, 20.0, 4.0, 20.0, 4.0, 20.0, 0.0, 8.0, 8.0, 8.0, 8.0, 8.0, 4.0, 4.0, 20.0, 0.0, 0.0, 8.0, 4.0, 4.0, 4.0, 20.0, 8.0, 8.0, 0.0, 8.0, 4.0, 4.0]",59.0,59.0,26,skdclskt,,,,,0
17,r6xuxcar,,0,221,220,post_exp,FinalForProlific,2026-05-05 16:24:26.366557,1,,,4396.0,5,,0.0,10f05dce-1c31-4c65-80e0-0450ca2c00bb,3570.4199999999996,34.0,8.0,272.0,3842.4199999999996,,2600.0,20.0,,,,,0.0,0,,,3,490e4560-4219-4069-a6b1-c8a826129b68,https://london-trader-6b45bffdcd02.herokuapp.com,wss://london-trader-6b45bffdcd02.herokuapp.com,,1,6,nh,non_gamified,human_only,0.0,0,15,"[8.0, 8.0, 20.0, 20.0, 4.0, 20.0, 4.0, 20.0, 0.0, 8.0, 8.0, 8.0, 8.0, 8.0, 4.0, 4.0, 20.0, 0.0, 0.0, 8.0, 4.0, 4.0, 4.0, 20.0, 8.0, 8.0, 0.0, 8.0, 4.0, 4.0]",59.0,59.0,26,skdclskt,,,,,0
18,2y2lzizt,,0,221,220,post_exp,FinalForProlific,2026-05-05 16:24:26.378109,1,,,4734.0,6,,0.0,bdad41ef-e8fb-4016-ab64-9cee4008db0e,4460.8899999999985,7.0,8.0,56.0,4516.8899999999985,,3800.0,10.0,,,,,0.0,0,,,3,490e4560-4219-4069-a6b1-c8a826129b68,https://london-trader-6b45bffdcd02.herokuapp.com,wss://london-trader-6b45bffdcd02.herokuapp.com,,1,6,nh,non_gamified,human_only,0.0,0,15,"[8.0, 8.0, 20.0, 20.0, 4.0, 20.0, 4.0, 20.0, 0.0, 8.0, 8.0, 8.0, 8.0, 8.0, 4.0, 4.0, 20.0, 0.0, 0.0, 8.0, 4.0, 4.0, 4.0, 20.0, 8.0, 8.0, 0.0, 8.0, 4.0, 4.0]",59.0,59.0,26,skdclskt,,,,,0
19,0qc91a5a,,0,221,220,post_exp,FinalForProlific,2026-05-05 16:24:26.388408,1,,,6523.0,1,,0.0,fef5ca2d-6f21-47c4-90cc-74807444686a,5145.83,14.0,8.0,112.0,5257.83,,2600.0,20.0,,,,,0.0,0,,,4,00548e28-65ed-47e8-a667-34639429359c,https://london-trader-6b45bffdcd02.herokuapp.com,wss://london-trader-6b45bffdcd02.herokuapp.com,,1,6,nh,non_gamified,human_only,0.0,0,15,"[8.0, 8.0, 20.0, 20.0, 4.0, 20.0, 4.0, 20.0, 0.0, 8.0, 8.0, 8.0, 8.0, 8.0, 4.0, 4.0, 20.0, 0.0, 0.0, 8.0, 4.0, 4.0, 4.0, 20.0, 8.0, 8.0, 0.0, 8.0, 4.0, 4.0]",26.0,26.0,26,skdclskt,,,,,0
20,2vy9s3px,,0,221,220,post_exp,FinalForProlific,2026-05-05 16:24:26.408267,1,,,5050.0,2,,0.0,2b85f691-c920-4f32-ae54-e21833cf5475,4164.15,30.0,8.0,240.0,4404.15,,3800.0,10.0,,,,,0.0,0,,,4,00548e28-65ed-47e8-a667-34639429359c,https://london-trader-6b45bffdcd02.herokuapp.com,wss://london-trader-6b45bffdcd02.herokuapp.com,,1,6,nh,non_gamified,human_only,0.0,0,15,"[8.0, 8.0, 20.0, 20.0, 4.0, 20.0, 4.0, 20.0, 0.0, 8.0, 8.0, 8.0, 8.0, 8.0, 4.0, 4.0, 20.0, 0.0, 0.0, 8.0, 4.0, 4.0, 4.0, 20.0, 8.0, 8.0, 0.0, 8.0, 4.0, 4.0]",26.0,26.0,26,skdclskt,,,,,0
21,87uw2jck,,0,221,220,post_exp,FinalForProlific,2026-05-05 16:24:26.421889,1,,,5633.0,3,,0.0,c953d4fd-7bea-449b-9aa0-5e400d9cb204,3518.25,11.0,8.0,88.0,3606.25,,2600.0,20.0,,,,,0.0,0,,,4,00548e28-65ed-47e8-a667-34639429359c,https://london-trader-6b45bffdcd02.herokuapp.com,wss://london-trader-6b45bffdcd02.herokuapp.com,,1,6,nh,non_gamified,human_only,0.0,0,15,"[8.0, 8.0, 20.0, 20.0, 4.0, 20.0, 4.0, 20.0, 0.0, 8.0, 8.0, 8.0, 8.0, 8.0, 4.0, 4.0, 20.0, 0.0, 0.0, 8.0, 4.0, 4.0, 4.0, 20.0, 8.0, 8.0, 0.0, 8.0, 4.0, 4.0]",26.0,26.0,26,skdclskt,,,,,0
22,3ftocepp,,0,221,220,post_exp,FinalForProlific,2026-05-05 16:24:26.437680,1,,,5815.0,4,,0.0,53915058-5167-43d2-afa0-8f6290f2017f,4337.0,18.0,8.0,144.0,4481.0,,3800.0,10.0,,,,,0.0,0,,,4,00548e28-65ed-47e8-a667-34639429359c,https://london-trader-6b45bffdcd02.herokuapp.com,wss://london-trader-6b45bffdcd02.herokuapp.com,,1,6,nh,non_gamified,human_only,0.0,0,15,"[8.0, 8.0, 20.0, 20.0, 4.0, 20.0, 4.0, 20.0, 0.0, 8.0, 8.0, 8.0, 8.0, 8.0, 4.0, 4.0, 20.0, 0.0, 0.0, 8.0, 4.0, 4.0, 4.0, 20.0, 8.0, 8.0, 0.0, 8.0, 4.0, 4.0]",26.0,26.0,26,skdclskt,,,,,0
23,xz3dh0k4,,0,221,220,post_exp,FinalForProlific,2026-05-05 16:24:26.453575,1,,,5047.0,5,,0.0,a2e9d95e-90cb-4b2f-b5ca-2486e9ab692d,4331.6,12.0,8.0,96.0,4427.6,,2600.0,20.0,,,,,0.0,0,,,4,00548e28-65ed-47e8-a667-34639429359c,https://london-trader-6b45bffdcd02.herokuapp.com,wss://london-trader-6b45bffdcd02.herokuapp.com,,1,6,nh,non_gamified,human_only,0.0,0,15,"[8.0, 8.0, 20.0, 20.0, 4.0, 20.0, 4.0, 20.0, 0.0, 8.0, 8.0, 8.0, 8.0, 8.0, 4.0, 4.0, 20.0, 0.0, 0.0, 8.0, 4.0, 4.0, 4.0, 20.0, 8.0, 8.0, 0.0, 8.0, 4.0, 4.0]",26.0,26.0,26,skdclskt,,,,,0
24,x7l4wbwx,,0,221,220,post_exp,FinalForProlific,2026-05-05 16:24:26.462816,1,,,5091.0,6,,0.0,89df792d-8b1a-4545-be89-9e94133865f7,4603.17,15.0,8.0,120.0,4723.17,,3800.0,10.0,,,,,0.0,0,,,4,00548e28-65ed-47e8-a667-34639429359c,https://london-trader-6b45bffdcd02.herokuapp.com,wss://london-trader-6b45bffdcd02.herokuapp.com,,1,6,nh,non_gamified,human_only,0.0,0,15,"[8.0, 8.0, 20.0, 20.0, 4.0, 20.0, 4.0, 20.0, 0.0, 8.0, 8.0, 8.0, 8.0, 8.0, 4.0, 4.0, 20.0, 0.0, 0.0, 8.0, 4.0, 4.0, 4.0, 20.0, 8.0, 8.0, 0.0, 8.0, 4.0, 4.0]",26.0,26.0,26,skdclskt,,,,,0
1,9bv3gi2y,,0,221,220,post_exp,FinalForProlific,2026-05-05 16:24:25.907795,1,,,6097.0,1,,0.0,2622e9f6-8f19-49dd-b301-25fc2a630f03,5234.59,8.0,0.0,0.0,5234.59,,2600.0,20.0,100.0,5,"{""forecast_price_next_day"":100,""forecast_confidence_next_day"":5}",95.86,20.0,1,,,1,bbac1738-2cb5-4b77-92c4-c512548db93b,https://london-trader-6b45bffdcd02.herokuapp.com,wss://london-trader-6b45bffdcd02.herokuapp.com,,1,6,gh,gamified,human_only,0.0,0,15,"[8.0, 8.0, 20.0, 20.0, 4.0, 20.0, 4.0, 20.0, 0.0, 8.0, 8.0, 8.0, 8.0, 8.0, 4.0, 4.0, 20.0, 0.0, 0.0, 8.0, 4.0, 4.0, 4.0, 20.0, 8.0, 8.0, 0.0, 8.0, 4.0, 4.0]",99.98,99.98,27,skdclskt,,,,,0
2,1tnknpce,,0,221,220,post_exp,FinalForProlific,2026-05-05 16:24:26.237055,1,,,4685.0,2,,0.0,24e830e8-905d-4e22-ab61-b990c984ff16,2015.0000000000005,72.0,0.0,0.0,2015.0000000000005,,3800.0,10.0,110.0,5,"{""forecast_price_next_day"":110,""forecast_confidence_next_day"":5}",95.86,0.0,1,,,1,bbac1738-2cb5-4b77-92c4-c512548db93b,https://london-trader-6b45bffdcd02.herokuapp.com,wss://london-trader-6b45bffdcd02.herokuapp.com,,1,6,gh,gamified,human_only,0.0,0,15,"[8.0, 8.0, 20.0, 20.0, 4.0, 20.0, 4.0, 20.0, 0.0, 8.0, 8.0, 8.0, 8.0, 8.0, 4.0, 4.0, 20.0, 0.0, 0.0, 8.0, 4.0, 4.0, 4.0, 20.0, 8.0, 8.0, 0.0, 8.0, 4.0, 4.0]",99.98,99.98,27,skdclskt,,,,,0
3,zkl94ida,,0,221,220,post_exp,FinalForProlific,2026-05-05 16:24:26.243811,1,,,7353.0,3,,0.0,6820cd25-c18c-49e6-84f5-25aa69820367,5177.869999999998,0.0,0.0,0.0,5177.869999999998,,2600.0,20.0,100.0,3,"{""forecast_price_next_day"":100,""forecast_confidence_next_day"":3}",95.86,20.0,1,,,1,bbac1738-2cb5-4b77-92c4-c512548db93b,https://london-trader-6b45bffdcd02.herokuapp.com,wss://london-trader-6b45bffdcd02.herokuapp.com,,1,6,gh,gamified,human_only,0.0,0,15,"[8.0, 8.0, 20.0, 20.0, 4.0, 20.0, 4.0, 20.0, 0.0, 8.0, 8.0, 8.0, 8.0, 8.0, 4.0, 4.0, 20.0, 0.0, 0.0, 8.0, 4.0, 4.0, 4.0, 20.0, 8.0, 8.0, 0.0, 8.0, 4.0, 4.0]",99.98,99.98,27,skdclskt,,,,,0
4,h7nk13vs,,0,221,220,post_exp,FinalForProlific,2026-05-05 16:24:26.249481,1,,,5148.0,4,,0.0,ae2e944d-6861-4940-b26c-a08caaca1a16,4600.229999999999,4.0,0.0,0.0,4600.229999999999,,3800.0,10.0,97.0,4,"{""forecast_price_next_day"":97,""forecast_confidence_next_day"":4}",95.86,20.0,1,,,1,bbac1738-2cb5-4b77-92c4-c512548db93b,https://london-trader-6b45bffdcd02.herokuapp.com,wss://london-trader-6b45bffdcd02.herokuapp.com,,1,6,gh,gamified,human_only,0.0,0,15,"[8.0, 8.0, 20.0, 20.0, 4.0, 20.0, 4.0, 20.0, 0.0, 8.0, 8.0, 8.0, 8.0, 8.0, 4.0, 4.0, 20.0, 0.0, 0.0, 8.0, 4.0, 4.0, 4.0, 20.0, 8.0, 8.0, 0.0, 8.0, 4.0, 4.0]",99.98,99.98,27,skdclskt,,,,,0
5,8rrxo8mh,,0,221,220,post_exp,FinalForProlific,2026-05-05 16:24:26.255568,1,,,5698.0,5,,0.0,a1542dc5-078d-4b85-8ee8-6acdc2839880,4210.340000000003,9.0,0.0,0.0,4210.340000000003,,2600.0,20.0,99.0,4,"{""forecast_price_next_day"":99,""forecast_confidence_next_day"":4}",95.86,20.0,1,,,1,bbac1738-2cb5-4b77-92c4-c512548db93b,https://london-trader-6b45bffdcd02.herokuapp.com,wss://london-trader-6b45bffdcd02.herokuapp.com,,1,6,gh,gamified,human_only,0.0,0,15,"[8.0, 8.0, 20.0, 20.0, 4.0, 20.0, 4.0, 20.0, 0.0, 8.0, 8.0, 8.0, 8.0, 8.0, 4.0, 4.0, 20.0, 0.0, 0.0, 8.0, 4.0, 4.0, 4.0, 20.0, 8.0, 8.0, 0.0, 8.0, 4.0, 4.0]",99.98,99.98,27,skdclskt,,,,,0
6,53wkzdsp,,0,221,220,post_exp,FinalForProlific,2026-05-05 16:24:26.261968,1,,,5089.0,6,,0.0,3e36c9fa-1786-43b0-87ea-f17db8332def,5590.830000000001,2.0,0.0,0.0,5590.830000000001,,3800.0,10.0,95.0,4,"{""forecast_price_next_day"":95,""forecast_confidence_next_day"":4}",95.86,20.0,1,,,1,bbac1738-2cb5-4b77-92c4-c512548db93b,https://london-trader-6b45bffdcd02.herokuapp.com,wss://london-trader-6b45bffdcd02.herokuapp.com,,1,6,gh,gamified,human_only,0.0,0,15,"[8.0, 8.0, 20.0, 20.0, 4.0, 20.0, 4.0, 20.0, 0.0, 8.0, 8.0, 8.0, 8.0, 8.0, 4.0, 4.0, 20.0, 0.0, 0.0, 8.0, 4.0, 4.0, 4.0, 20.0, 8.0, 8.0, 0.0, 8.0, 4.0, 4.0]",99.98,99.98,27,skdclskt,,,,,0
7,2tmxyq59,,0,221,220,post_exp,FinalForProlific,2026-05-05 16:24:26.267852,1,,,5570.0,1,,0.0,c34666fc-2042-436c-b5b2-8be4eb77fa45,5480.25,0.0,0.0,0.0,5480.25,,2600.0,20.0,102.0,4,"{""forecast_price_next_day"":102,""forecast_confidence_next_day"":4}",102.0,20.0,1,,,2,41800c26-6898-4b86-b356-94ff8bfa3a3a,https://london-trader-6b45bffdcd02.herokuapp.com,wss://london-trader-6b45bffdcd02.herokuapp.com,,1,6,gh,gamified,human_only,0.0,0,15,"[8.0, 8.0, 20.0, 20.0, 4.0, 20.0, 4.0, 20.0, 0.0, 8.0, 8.0, 8.0, 8.0, 8.0, 4.0, 4.0, 20.0, 0.0, 0.0, 8.0, 4.0, 4.0, 4.0, 20.0, 8.0, 8.0, 0.0, 8.0, 4.0, 4.0]",104.0,104.0,27,skdclskt,,,,,0
8,klvgct3w,,0,221,220,post_exp,FinalForProlific,2026-05-05 16:24:26.277407,1,,,5086.0,2,,0.0,5d8a97d2-0acd-4bec-9355-f1ef8ca0b665,4098.01,18.0,0.0,0.0,4098.01,,3800.0,10.0,104.0,4,"{""forecast_confidence_next_day"":4,""forecast_price_next_day"":104}",102.0,20.0,1,,,2,41800c26-6898-4b86-b356-94ff8bfa3a3a,https://london-trader-6b45bffdcd02.herokuapp.com,wss://london-trader-6b45bffdcd02.herokuapp.com,,1,6,gh,gamified,human_only,0.0,0,15,"[8.0, 8.0, 20.0, 20.0, 4.0, 20.0, 4.0, 20.0, 0.0, 8.0, 8.0, 8.0, 8.0, 8.0, 4.0, 4.0, 20.0, 0.0, 0.0, 8.0, 4.0, 4.0, 4.0, 20.0, 8.0, 8.0, 0.0, 8.0, 4.0, 4.0]",104.0,104.0,27,skdclskt,,,,,0
9,fa5fpl4w,,0,221,220,post_exp,FinalForProlific,2026-05-05 16:24:26.284184,1,,,5251.0,3,,0.0,9ae3a47d-ad9b-4325-b996-258a31aa9b65,3792.5,29.0,0.0,0.0,3792.5,,2600.0,20.0,107.0,1,"{""forecast_price_next_day"":107,""forecast_confidence_next_day"":1}",102.0,20.0,1,,,2,41800c26-6898-4b86-b356-94ff8bfa3a3a,https://london-trader-6b45bffdcd02.herokuapp.com,wss://london-trader-6b45bffdcd02.herokuapp.com,,1,6,gh,gamified,human_only,0.0,0,15,"[8.0, 8.0, 20.0, 20.0, 4.0, 20.0, 4.0, 20.0, 0.0, 8.0, 8.0, 8.0, 8.0, 8.0, 4.0, 4.0, 20.0, 0.0, 0.0, 8.0, 4.0, 4.0, 4.0, 20.0, 8.0, 8.0, 0.0, 8.0, 4.0, 4.0]",104.0,104.0,27,skdclskt,,,,,0
10,0sa5xwid,,0,221,220,post_exp,FinalForProlific,2026-05-05 16:24:26.290374,1,,,5140.0,4,,0.0,3f16f05a-e96e-45ac-9ef0-9c2d6dce3317,4665.51,8.0,0.0,0.0,4665.51,,3800.0,10.0,95.0,2,"{""forecast_price_next_day"":95,""forecast_confidence_next_day"":2}",102.0,0.0,1,,,2,41800c26-6898-4b86-b356-94ff8bfa3a3a,https://london-trader-6b45bffdcd02.herokuapp.com,wss://london-trader-6b45bffdcd02.herokuapp.com,,1,6,gh,gamified,human_only,0.0,0,15,"[8.0, 8.0, 20.0, 20.0, 4.0, 20.0, 4.0, 20.0, 0.0, 8.0, 8.0, 8.0, 8.0, 8.0, 4.0, 4.0, 20.0, 0.0, 0.0, 8.0, 4.0, 4.0, 4.0, 20.0, 8.0, 8.0, 0.0, 8.0, 4.0, 4.0]",104.0,104.0,27,skdclskt,,,,,0
11,w5nuyib0,,0,221,220,post_exp,FinalForProlific,2026-05-05 16:24:26.299295,1,,,4813.0,5,,0.0,16e26514-b278-4448-959a-f58ad6e11852,4248.73,21.0,0.0,0.0,4248.73,,2600.0,20.0,4300.0,3,"{""forecast_price_next_day"":4300,""forecast_confidence_next_day"":3}",102.0,0.0,1,,,2,41800c26-6898-4b86-b356-94ff8bfa3a3a,https://london-trader-6b45bffdcd02.herokuapp.com,wss://london-trader-6b45bffdcd02.herokuapp.com,,1,6,gh,gamified,human_only,0.0,0,15,"[8.0, 8.0, 20.0, 20.0, 4.0, 20.0, 4.0, 20.0, 0.0, 8.0, 8.0, 8.0, 8.0, 8.0, 4.0, 4.0, 20.0, 0.0, 0.0, 8.0, 4.0, 4.0, 4.0, 20.0, 8.0, 8.0, 0.0, 8.0, 4.0, 4.0]",104.0,104.0,27,skdclskt,,,,,0
12,s1twfhpt,,0,221,220,post_exp,FinalForProlific,2026-05-05 16:24:26.305361,1,,,4871.0,6,,0.0,0414deaa-50dd-4291-abcb-c312c59361b0,4367.0,17.0,0.0,0.0,4367.0,,3800.0,10.0,103.0,3,"{""forecast_price_next_day"":103,""forecast_confidence_next_day"":3}",102.0,20.0,1,,,2,41800c26-6898-4b86-b356-94ff8bfa3a3a,https://london-trader-6b45bffdcd02.herokuapp.com,wss://london-trader-6b45bffdcd02.herokuapp.com,,1,6,gh,gamified,human_only,0.0,0,15,"[8.0, 8.0, 20.0, 20.0, 4.0, 20.0, 4.0, 20.0, 0.0, 8.0, 8.0, 8.0, 8.0, 8.0, 4.0, 4.0, 20.0, 0.0, 0.0, 8.0, 4.0, 4.0, 4.0, 20.0, 8.0, 8.0, 0.0, 8.0, 4.0, 4.0]",104.0,104.0,27,skdclskt,,,,,0
13,tqeatlds,,0,221,220,post_exp,FinalForProlific,2026-05-05 16:24:26.312482,1,,,5561.0,1,,0.0,18595b83-a573-483a-922c-64417e548e97,4598.090000000001,15.0,0.0,0.0,4598.090000000001,,2600.0,20.0,58.0,3,"{""forecast_price_next_day"":58,""forecast_confidence_next_day"":3}",58.3,20.0,1,,,3,490e4560-4219-4069-a6b1-c8a826129b68,https://london-trader-6b45bffdcd02.herokuapp.com,wss://london-trader-6b45bffdcd02.herokuapp.com,,1,6,nh,non_gamified,human_only,0.0,0,15,"[8.0, 8.0, 20.0, 20.0, 4.0, 20.0, 4.0, 20.0, 0.0, 8.0, 8.0, 8.0, 8.0, 8.0, 4.0, 4.0, 20.0, 0.0, 0.0, 8.0, 4.0, 4.0, 4.0, 20.0, 8.0, 8.0, 0.0, 8.0, 4.0, 4.0]",58.51,58.51,27,skdclskt,,,,,0
14,nu7ykbgx,,0,221,220,post_exp,FinalForProlific,2026-05-05 16:24:26.328130,1,,,5985.0,2,,0.0,590f10b9-c637-4d22-97d1-7bcc1d1f1e01,5057.969999999999,6.0,0.0,0.0,5057.969999999999,,3800.0,10.0,58.0,3,"{""forecast_price_next_day"":58,""forecast_confidence_next_day"":3}",58.3,20.0,1,,,3,490e4560-4219-4069-a6b1-c8a826129b68,https://london-trader-6b45bffdcd02.herokuapp.com,wss://london-trader-6b45bffdcd02.herokuapp.com,,1,6,nh,non_gamified,human_only,0.0,0,15,"[8.0, 8.0, 20.0, 20.0, 4.0, 20.0, 4.0, 20.0, 0.0, 8.0, 8.0, 8.0, 8.0, 8.0, 4.0, 4.0, 20.0, 0.0, 0.0, 8.0, 4.0, 4.0, 4.0, 20.0, 8.0, 8.0, 0.0, 8.0, 4.0, 4.0]",58.51,58.51,27,skdclskt,,,,,0
15,su76nhj9,,0,221,220,post_exp,FinalForProlific,2026-05-05 16:24:26.343041,1,,,5506.0,3,,0.0,e420f624-78fe-42c9-aa20-242b54f6c4e8,4370.820000000001,21.0,0.0,0.0,4370.820000000001,,2600.0,20.0,0.0,0,,58.3,0.0,1,,,3,490e4560-4219-4069-a6b1-c8a826129b68,https://london-trader-6b45bffdcd02.herokuapp.com,wss://london-trader-6b45bffdcd02.herokuapp.com,,1,6,nh,non_gamified,human_only,0.0,0,15,"[8.0, 8.0, 20.0, 20.0, 4.0, 20.0, 4.0, 20.0, 0.0, 8.0, 8.0, 8.0, 8.0, 8.0, 4.0, 4.0, 20.0, 0.0, 0.0, 8.0, 4.0, 4.0, 4.0, 20.0, 8.0, 8.0, 0.0, 8.0, 4.0, 4.0]",58.51,58.51,27,skdclskt,,,,,0
16,c2m857p1,,0,221,220,post_exp,FinalForProlific,2026-05-05 16:24:26.356865,1,,,5566.0,4,,0.0,a7bed23b-2e8e-451f-8b7c-42f684002277,4590.42,7.0,0.0,0.0,4590.42,,3800.0,10.0,59.0,1,"{""forecast_price_next_day"":59,""forecast_confidence_next_day"":1}",58.3,20.0,1,,,3,490e4560-4219-4069-a6b1-c8a826129b68,https://london-trader-6b45bffdcd02.herokuapp.com,wss://london-trader-6b45bffdcd02.herokuapp.com,,1,6,nh,non_gamified,human_only,0.0,0,15,"[8.0, 8.0, 20.0, 20.0, 4.0, 20.0, 4.0, 20.0, 0.0, 8.0, 8.0, 8.0, 8.0, 8.0, 4.0, 4.0, 20.0, 0.0, 0.0, 8.0, 4.0, 4.0, 4.0, 20.0, 8.0, 8.0, 0.0, 8.0, 4.0, 4.0]",58.51,58.51,27,skdclskt,,,,,0
17,r6xuxcar,,0,221,220,post_exp,FinalForProlific,2026-05-05 16:24:26.366557,1,,,4396.0,5,,0.0,10f05dce-1c31-4c65-80e0-0450ca2c00bb,3724.8099999999995,36.0,0.0,0.0,3724.8099999999995,,2600.0,20.0,58.0,3,"{""forecast_price_next_day"":58,""forecast_confidence_next_day"":3}",58.3,20.0,1,,,3,490e4560-4219-4069-a6b1-c8a826129b68,https://london-trader-6b45bffdcd02.herokuapp.com,wss://london-trader-6b45bffdcd02.herokuapp.com,,1,6,nh,non_gamified,human_only,0.0,0,15,"[8.0, 8.0, 20.0, 20.0, 4.0, 20.0, 4.0, 20.0, 0.0, 8.0, 8.0, 8.0, 8.0, 8.0, 4.0, 4.0, 20.0, 0.0, 0.0, 8.0, 4.0, 4.0, 4.0, 20.0, 8.0, 8.0, 0.0, 8.0, 4.0, 4.0]",58.51,58.51,27,skdclskt,,,,,0
18,2y2lzizt,,0,221,220,post_exp,FinalForProlific,2026-05-05 16:24:26.378109,1,,,4734.0,6,,0.0,bdad41ef-e8fb-4016-ab64-9cee4008db0e,4457.8899999999985,8.0,0.0,0.0,4457.8899999999985,,3800.0,10.0,59.0,2,"{""forecast_price_next_day"":59,""forecast_confidence_next_day"":2}",58.3,20.0,1,,,3,490e4560-4219-4069-a6b1-c8a826129b68,https://london-trader-6b45bffdcd02.herokuapp.com,wss://london-trader-6b45bffdcd02.herokuapp.com,,1,6,nh,non_gamified,human_only,0.0,0,15,"[8.0, 8.0, 20.0, 20.0, 4.0, 20.0, 4.0, 20.0, 0.0, 8.0, 8.0, 8.0, 8.0, 8.0, 4.0, 4.0, 20.0, 0.0, 0.0, 8.0, 4.0, 4.0, 4.0, 20.0, 8.0, 8.0, 0.0, 8.0, 4.0, 4.0]",58.51,58.51,27,skdclskt,,,,,0
19,0qc91a5a,,0,221,220,post_exp,FinalForProlific,2026-05-05 16:24:26.388408,1,,,6523.0,1,,0.0,fef5ca2d-6f21-47c4-90cc-74807444686a,5227.72,19.0,0.0,0.0,5227.72,,2600.0,20.0,24.0,5,"{""forecast_price_next_day"":24,""forecast_confidence_next_day"":5}",11.0,0.0,1,,,4,00548e28-65ed-47e8-a667-34639429359c,https://london-trader-6b45bffdcd02.herokuapp.com,wss://london-trader-6b45bffdcd02.herokuapp.com,,1,6,nh,non_gamified,human_only,0.0,0,15,"[8.0, 8.0, 20.0, 20.0, 4.0, 20.0, 4.0, 20.0, 0.0, 8.0, 8.0, 8.0, 8.0, 8.0, 4.0, 4.0, 20.0, 0.0, 0.0, 8.0, 4.0, 4.0, 4.0, 20.0, 8.0, 8.0, 0.0, 8.0, 4.0, 4.0]",6.11,6.11,27,skdclskt,,,,,0
20,2vy9s3px,,0,221,220,post_exp,FinalForProlific,2026-05-05 16:24:26.408267,1,,,5050.0,2,,0.0,2b85f691-c920-4f32-ae54-e21833cf5475,4553.169999999999,25.0,0.0,0.0,4553.169999999999,,3800.0,10.0,10.0,4,"{""forecast_price_next_day"":10,""forecast_confidence_next_day"":4}",11.0,0.0,1,,,4,00548e28-65ed-47e8-a667-34639429359c,https://london-trader-6b45bffdcd02.herokuapp.com,wss://london-trader-6b45bffdcd02.herokuapp.com,,1,6,nh,non_gamified,human_only,0.0,0,15,"[8.0, 8.0, 20.0, 20.0, 4.0, 20.0, 4.0, 20.0, 0.0, 8.0, 8.0, 8.0, 8.0, 8.0, 4.0, 4.0, 20.0, 0.0, 0.0, 8.0, 4.0, 4.0, 4.0, 20.0, 8.0, 8.0, 0.0, 8.0, 4.0, 4.0]",6.11,6.11,27,skdclskt,,,,,0
21,87uw2jck,,0,221,220,post_exp,FinalForProlific,2026-05-05 16:24:26.421889,1,,,5633.0,3,,0.0,c953d4fd-7bea-449b-9aa0-5e400d9cb204,3606.25,11.0,0.0,0.0,3606.25,,2600.0,20.0,0.0,0,,11.0,0.0,1,,,4,00548e28-65ed-47e8-a667-34639429359c,https://london-trader-6b45bffdcd02.herokuapp.com,wss://london-trader-6b45bffdcd02.herokuapp.com,,1,6,nh,non_gamified,human_only,0.0,0,15,"[8.0, 8.0, 20.0, 20.0, 4.0, 20.0, 4.0, 20.0, 0.0, 8.0, 8.0, 8.0, 8.0, 8.0, 4.0, 4.0, 20.0, 0.0, 0.0, 8.0, 4.0, 4.0, 4.0, 20.0, 8.0, 8.0, 0.0, 8.0, 4.0, 4.0]",6.11,6.11,27,skdclskt,,,,,0
22,3ftocepp,,0,221,220,post_exp,FinalForProlific,2026-05-05 16:24:26.437680,1,,,5815.0,4,,0.0,53915058-5167-43d2-afa0-8f6290f2017f,4450.0,19.0,0.0,0.0,4450.0,,3800.0,10.0,4500.0,4,"{""forecast_price_next_day"":4500,""forecast_confidence_next_day"":4}",11.0,0.0,1,,,4,00548e28-65ed-47e8-a667-34639429359c,https://london-trader-6b45bffdcd02.herokuapp.com,wss://london-trader-6b45bffdcd02.herokuapp.com,,1,6,nh,non_gamified,human_only,0.0,0,15,"[8.0, 8.0, 20.0, 20.0, 4.0, 20.0, 4.0, 20.0, 0.0, 8.0, 8.0, 8.0, 8.0, 8.0, 4.0, 4.0, 20.0, 0.0, 0.0, 8.0, 4.0, 4.0, 4.0, 20.0, 8.0, 8.0, 0.0, 8.0, 4.0, 4.0]",6.11,6.11,27,skdclskt,,,,,0
23,xz3dh0k4,,0,221,220,post_exp,FinalForProlific,2026-05-05 16:24:26.453575,1,,,5047.0,5,,0.0,a2e9d95e-90cb-4b2f-b5ca-2486e9ab692d,4391.1900000000005,14.0,0.0,0.0,4391.1900000000005,,2600.0,20.0,25.0,3,"{""forecast_price_next_day"":25,""forecast_confidence_next_day"":3}",11.0,0.0,1,,,4,00548e28-65ed-47e8-a667-34639429359c,https://london-trader-6b45bffdcd02.herokuapp.com,wss://london-trader-6b45bffdcd02.herokuapp.com,,1,6,nh,non_gamified,human_only,0.0,0,15,"[8.0, 8.0, 20.0, 20.0, 4.0, 20.0, 4.0, 20.0, 0.0, 8.0, 8.0, 8.0, 8.0, 8.0, 4.0, 4.0, 20.0, 0.0, 0.0, 8.0, 4.0, 4.0, 4.0, 20.0, 8.0, 8.0, 0.0, 8.0, 4.0, 4.0]",6.11,6.11,27,skdclskt,,,,,0
24,x7l4wbwx,,0,221,220,post_exp,FinalForProlific,2026-05-05 16:24:26.462816,1,,,5091.0,6,,0.0,89df792d-8b1a-4545-be89-9e94133865f7,4671.67,15.0,0.0,0.0,4671.67,,3800.0,10.0,10.0,3,"{""forecast_price_next_day"":10,""forecast_confidence_next_day"":3}",11.0,0.0,1,,,4,00548e28-65ed-47e8-a667-34639429359c,https://london-trader-6b45bffdcd02.herokuapp.com,wss://london-trader-6b45bffdcd02.herokuapp.com,,1,6,nh,non_gamified,human_only,0.0,0,15,"[8.0, 8.0, 20.0, 20.0, 4.0, 20.0, 4.0, 20.0, 0.0, 8.0, 8.0, 8.0, 8.0, 8.0, 4.0, 4.0, 20.0, 0.0, 0.0, 8.0, 4.0, 4.0, 4.0, 20.0, 8.0, 8.0, 0.0, 8.0, 4.0, 4.0]",6.11,6.11,27,skdclskt,,,,,0
1,9bv3gi2y,,0,221,220,post_exp,FinalForProlific,2026-05-05 16:24:25.907795,1,,,6097.0,1,,0.0,2622e9f6-8f19-49dd-b301-25fc2a630f03,5333.45,10.0,8.0,80.0,5413.45,,2600.0,20.0,,,,,0.0,0,,,1,bbac1738-2cb5-4b77-92c4-c512548db93b,https://london-trader-6b45bffdcd02.herokuapp.com,wss://london-trader-6b45bffdcd02.herokuapp.com,,1,6,gh,gamified,human_only,0.0,0,15,"[8.0, 8.0, 20.0, 20.0, 4.0, 20.0, 4.0, 20.0, 0.0, 8.0, 8.0, 8.0, 8.0, 8.0, 4.0, 4.0, 20.0, 0.0, 0.0, 8.0, 4.0, 4.0, 4.0, 20.0, 8.0, 8.0, 0.0, 8.0, 4.0, 4.0]",95.86,95.86,28,skdclskt,,,,,0
2,1tnknpce,,0,221,220,post_exp,FinalForProlific,2026-05-05 16:24:26.237055,1,,,4685.0,2,,0.0,24e830e8-905d-4e22-ab61-b990c984ff16,3821.7700000000004,47.0,8.0,376.0,4197.77,,3800.0,10.0,,,,,0.0,0,,,1,bbac1738-2cb5-4b77-92c4-c512548db93b,https://london-trader-6b45bffdcd02.herokuapp.com,wss://london-trader-6b45bffdcd02.herokuapp.com,,1,6,gh,gamified,human_only,0.0,0,15,"[8.0, 8.0, 20.0, 20.0, 4.0, 20.0, 4.0, 20.0, 0.0, 8.0, 8.0, 8.0, 8.0, 8.0, 4.0, 4.0, 20.0, 0.0, 0.0, 8.0, 4.0, 4.0, 4.0, 20.0, 8.0, 8.0, 0.0, 8.0, 4.0, 4.0]",95.86,95.86,28,skdclskt,,,,,0
3,zkl94ida,,0,221,220,post_exp,FinalForProlific,2026-05-05 16:24:26.243811,1,,,7353.0,3,,0.0,6820cd25-c18c-49e6-84f5-25aa69820367,4981.949999999998,2.0,8.0,16.0,4997.949999999998,,2600.0,20.0,,,,,0.0,0,,,1,bbac1738-2cb5-4b77-92c4-c512548db93b,https://london-trader-6b45bffdcd02.herokuapp.com,wss://london-trader-6b45bffdcd02.herokuapp.com,,1,6,gh,gamified,human_only,0.0,0,15,"[8.0, 8.0, 20.0, 20.0, 4.0, 20.0, 4.0, 20.0, 0.0, 8.0, 8.0, 8.0, 8.0, 8.0, 4.0, 4.0, 20.0, 0.0, 0.0, 8.0, 4.0, 4.0, 4.0, 20.0, 8.0, 8.0, 0.0, 8.0, 4.0, 4.0]",95.86,95.86,28,skdclskt,,,,,0
4,h7nk13vs,,0,221,220,post_exp,FinalForProlific,2026-05-05 16:24:26.249481,1,,,5148.0,4,,0.0,ae2e944d-6861-4940-b26c-a08caaca1a16,4503.2699999999995,6.0,8.0,48.0,4551.2699999999995,,3800.0,10.0,,,,,0.0,0,,,1,bbac1738-2cb5-4b77-92c4-c512548db93b,https://london-trader-6b45bffdcd02.herokuapp.com,wss://london-trader-6b45bffdcd02.herokuapp.com,,1,6,gh,gamified,human_only,0.0,0,15,"[8.0, 8.0, 20.0, 20.0, 4.0, 20.0, 4.0, 20.0, 0.0, 8.0, 8.0, 8.0, 8.0, 8.0, 4.0, 4.0, 20.0, 0.0, 0.0, 8.0, 4.0, 4.0, 4.0, 20.0, 8.0, 8.0, 0.0, 8.0, 4.0, 4.0]",95.86,95.86,28,skdclskt,,,,,0
5,8rrxo8mh,,0,221,220,post_exp,FinalForProlific,2026-05-05 16:24:26.255568,1,,,5698.0,5,,0.0,a1542dc5-078d-4b85-8ee8-6acdc2839880,3347.4100000000026,19.0,8.0,152.0,3499.4100000000026,,2600.0,20.0,,,,,0.0,0,,,1,bbac1738-2cb5-4b77-92c4-c512548db93b,https://london-trader-6b45bffdcd02.herokuapp.com,wss://london-trader-6b45bffdcd02.herokuapp.com,,1,6,gh,gamified,human_only,0.0,0,15,"[8.0, 8.0, 20.0, 20.0, 4.0, 20.0, 4.0, 20.0, 0.0, 8.0, 8.0, 8.0, 8.0, 8.0, 4.0, 4.0, 20.0, 0.0, 0.0, 8.0, 4.0, 4.0, 4.0, 20.0, 8.0, 8.0, 0.0, 8.0, 4.0, 4.0]",95.86,95.86,28,skdclskt,,,,,0
6,53wkzdsp,,0,221,220,post_exp,FinalForProlific,2026-05-05 16:24:26.261968,1,,,5089.0,6,,0.0,3e36c9fa-1786-43b0-87ea-f17db8332def,4841.009999999999,11.0,8.0,88.0,4929.009999999999,,3800.0,10.0,,,,,0.0,0,,,1,bbac1738-2cb5-4b77-92c4-c512548db93b,https://london-trader-6b45bffdcd02.herokuapp.com,wss://london-trader-6b45bffdcd02.herokuapp.com,,1,6,gh,gamified,human_only,0.0,0,15,"[8.0, 8.0, 20.0, 20.0, 4.0, 20.0, 4.0, 20.0, 0.0, 8.0, 8.0, 8.0, 8.0, 8.0, 4.0, 4.0, 20.0, 0.0, 0.0, 8.0, 4.0, 4.0, 4.0, 20.0, 8.0, 8.0, 0.0, 8.0, 4.0, 4.0]",95.86,95.86,28,skdclskt,,,,,0
7,2tmxyq59,,0,221,220,post_exp,FinalForProlific,2026-05-05 16:24:26.267852,1,,,5570.0,1,,0.0,c34666fc-2042-436c-b5b2-8be4eb77fa45,5480.25,0.0,8.0,0.0,5480.25,,2600.0,20.0,,,,,0.0,0,,,2,41800c26-6898-4b86-b356-94ff8bfa3a3a,https://london-trader-6b45bffdcd02.herokuapp.com,wss://london-trader-6b45bffdcd02.herokuapp.com,,1,6,gh,gamified,human_only,0.0,0,15,"[8.0, 8.0, 20.0, 20.0, 4.0, 20.0, 4.0, 20.0, 0.0, 8.0, 8.0, 8.0, 8.0, 8.0, 4.0, 4.0, 20.0, 0.0, 0.0, 8.0, 4.0, 4.0, 4.0, 20.0, 8.0, 8.0, 0.0, 8.0, 4.0, 4.0]",102.0,102.0,28,skdclskt,,,,,0
8,klvgct3w,,0,221,220,post_exp,FinalForProlific,2026-05-05 16:24:26.277407,1,,,5086.0,2,,0.0,5d8a97d2-0acd-4bec-9355-f1ef8ca0b665,3998.01,19.0,8.0,152.0,4150.01,,3800.0,10.0,,,,,0.0,0,,,2,41800c26-6898-4b86-b356-94ff8bfa3a3a,https://london-trader-6b45bffdcd02.herokuapp.com,wss://london-trader-6b45bffdcd02.herokuapp.com,,1,6,gh,gamified,human_only,0.0,0,15,"[8.0, 8.0, 20.0, 20.0, 4.0, 20.0, 4.0, 20.0, 0.0, 8.0, 8.0, 8.0, 8.0, 8.0, 4.0, 4.0, 20.0, 0.0, 0.0, 8.0, 4.0, 4.0, 4.0, 20.0, 8.0, 8.0, 0.0, 8.0, 4.0, 4.0]",102.0,102.0,28,skdclskt,,,,,0
9,fa5fpl4w,,0,221,220,post_exp,FinalForProlific,2026-05-05 16:24:26.284184,1,,,5251.0,3,,0.0,9ae3a47d-ad9b-4325-b996-258a31aa9b65,3994.5,26.0,8.0,208.0,4202.5,,2600.0,20.0,,,,,0.0,0,,,2,41800c26-6898-4b86-b356-94ff8bfa3a3a,https://london-trader-6b45bffdcd02.herokuapp.com,wss://london-trader-6b45bffdcd02.herokuapp.com,,1,6,gh,gamified,human_only,0.0,0,15,"[8.0, 8.0, 20.0, 20.0, 4.0, 20.0, 4.0, 20.0, 0.0, 8.0, 8.0, 8.0, 8.0, 8.0, 4.0, 4.0, 20.0, 0.0, 0.0, 8.0, 4.0, 4.0, 4.0, 20.0, 8.0, 8.0, 0.0, 8.0, 4.0, 4.0]",102.0,102.0,28,skdclskt,,,,,0
10,0sa5xwid,,0,221,220,post_exp,FinalForProlific,2026-05-05 16:24:26.290374,1,,,5140.0,4,,0.0,3f16f05a-e96e-45ac-9ef0-9c2d6dce3317,4870.5,5.0,8.0,40.0,4910.5,,3800.0,10.0,,,,,0.0,0,,,2,41800c26-6898-4b86-b356-94ff8bfa3a3a,https://london-trader-6b45bffdcd02.herokuapp.com,wss://london-trader-6b45bffdcd02.herokuapp.com,,1,6,gh,gamified,human_only,0.0,0,15,"[8.0, 8.0, 20.0, 20.0, 4.0, 20.0, 4.0, 20.0, 0.0, 8.0, 8.0, 8.0, 8.0, 8.0, 4.0, 4.0, 20.0, 0.0, 0.0, 8.0, 4.0, 4.0, 4.0, 20.0, 8.0, 8.0, 0.0, 8.0, 4.0, 4.0]",102.0,102.0,28,skdclskt,,,,,0
11,w5nuyib0,,0,221,220,post_exp,FinalForProlific,2026-05-05 16:24:26.299295,1,,,4813.0,5,,0.0,16e26514-b278-4448-959a-f58ad6e11852,4148.73,21.0,8.0,168.0,4316.73,,2600.0,20.0,,,,,0.0,0,,,2,41800c26-6898-4b86-b356-94ff8bfa3a3a,https://london-trader-6b45bffdcd02.herokuapp.com,wss://london-trader-6b45bffdcd02.herokuapp.com,,1,6,gh,gamified,human_only,0.0,0,15,"[8.0, 8.0, 20.0, 20.0, 4.0, 20.0, 4.0, 20.0, 0.0, 8.0, 8.0, 8.0, 8.0, 8.0, 4.0, 4.0, 20.0, 0.0, 0.0, 8.0, 4.0, 4.0, 4.0, 20.0, 8.0, 8.0, 0.0, 8.0, 4.0, 4.0]",102.0,102.0,28,skdclskt,,,,,0
12,s1twfhpt,,0,221,220,post_exp,FinalForProlific,2026-05-05 16:24:26.305361,1,,,4871.0,6,,0.0,0414deaa-50dd-4291-abcb-c312c59361b0,4160.01,20.0,8.0,160.0,4320.01,,3800.0,10.0,,,,,0.0,0,,,2,41800c26-6898-4b86-b356-94ff8bfa3a3a,https://london-trader-6b45bffdcd02.herokuapp.com,wss://london-trader-6b45bffdcd02.herokuapp.com,,1,6,gh,gamified,human_only,0.0,0,15,"[8.0, 8.0, 20.0, 20.0, 4.0, 20.0, 4.0, 20.0, 0.0, 8.0, 8.0, 8.0, 8.0, 8.0, 4.0, 4.0, 20.0, 0.0, 0.0, 8.0, 4.0, 4.0, 4.0, 20.0, 8.0, 8.0, 0.0, 8.0, 4.0, 4.0]",102.0,102.0,28,skdclskt,,,,,0
13,tqeatlds,,0,221,220,post_exp,FinalForProlific,2026-05-05 16:24:26.312482,1,,,5561.0,1,,0.0,18595b83-a573-483a-922c-64417e548e97,4539.490000000001,16.0,8.0,128.0,4667.490000000001,,2600.0,20.0,,,,,0.0,0,,,3,490e4560-4219-4069-a6b1-c8a826129b68,https://london-trader-6b45bffdcd02.herokuapp.com,wss://london-trader-6b45bffdcd02.herokuapp.com,,1,6,nh,non_gamified,human_only,0.0,0,15,"[8.0, 8.0, 20.0, 20.0, 4.0, 20.0, 4.0, 20.0, 0.0, 8.0, 8.0, 8.0, 8.0, 8.0, 4.0, 4.0, 20.0, 0.0, 0.0, 8.0, 4.0, 4.0, 4.0, 20.0, 8.0, 8.0, 0.0, 8.0, 4.0, 4.0]",58.3,58.3,28,skdclskt,,,,,0
14,nu7ykbgx,,0,221,220,post_exp,FinalForProlific,2026-05-05 16:24:26.328130,1,,,5985.0,2,,0.0,590f10b9-c637-4d22-97d1-7bcc1d1f1e01,5174.2699999999995,5.0,8.0,40.0,5214.2699999999995,,3800.0,10.0,,,,,0.0,0,,,3,490e4560-4219-4069-a6b1-c8a826129b68,https://london-trader-6b45bffdcd02.herokuapp.com,wss://london-trader-6b45bffdcd02.herokuapp.com,,1,6,nh,non_gamified,human_only,0.0,0,15,"[8.0, 8.0, 20.0, 20.0, 4.0, 20.0, 4.0, 20.0, 0.0, 8.0, 8.0, 8.0, 8.0, 8.0, 4.0, 4.0, 20.0, 0.0, 0.0, 8.0, 4.0, 4.0, 4.0, 20.0, 8.0, 8.0, 0.0, 8.0, 4.0, 4.0]",58.3,58.3,28,skdclskt,,,,,0
15,su76nhj9,,0,221,220,post_exp,FinalForProlific,2026-05-05 16:24:26.343041,1,,,5506.0,3,,0.0,e420f624-78fe-42c9-aa20-242b54f6c4e8,4313.420000000001,24.0,8.0,192.0,4505.420000000001,,2600.0,20.0,,,,,0.0,0,,,3,490e4560-4219-4069-a6b1-c8a826129b68,https://london-trader-6b45bffdcd02.herokuapp.com,wss://london-trader-6b45bffdcd02.herokuapp.com,,1,6,nh,non_gamified,human_only,0.0,0,15,"[8.0, 8.0, 20.0, 20.0, 4.0, 20.0, 4.0, 20.0, 0.0, 8.0, 8.0, 8.0, 8.0, 8.0, 4.0, 4.0, 20.0, 0.0, 0.0, 8.0, 4.0, 4.0, 4.0, 20.0, 8.0, 8.0, 0.0, 8.0, 4.0, 4.0]",58.3,58.3,28,skdclskt,,,,,0
16,c2m857p1,,0,221,220,post_exp,FinalForProlific,2026-05-05 16:24:26.356865,1,,,5566.0,4,,0.0,a7bed23b-2e8e-451f-8b7c-42f684002277,4590.42,7.0,8.0,56.0,4646.42,,3800.0,10.0,,,,,0.0,0,,,3,490e4560-4219-4069-a6b1-c8a826129b68,https://london-trader-6b45bffdcd02.herokuapp.com,wss://london-trader-6b45bffdcd02.herokuapp.com,,1,6,nh,non_gamified,human_only,0.0,0,15,"[8.0, 8.0, 20.0, 20.0, 4.0, 20.0, 4.0, 20.0, 0.0, 8.0, 8.0, 8.0, 8.0, 8.0, 4.0, 4.0, 20.0, 0.0, 0.0, 8.0, 4.0, 4.0, 4.0, 20.0, 8.0, 8.0, 0.0, 8.0, 4.0, 4.0]",58.3,58.3,28,skdclskt,,,,,0
17,r6xuxcar,,0,221,220,post_exp,FinalForProlific,2026-05-05 16:24:26.366557,1,,,4396.0,5,,0.0,10f05dce-1c31-4c65-80e0-0450ca2c00bb,3725.3099999999995,37.0,8.0,296.0,4021.3099999999995,,2600.0,20.0,,,,,0.0,0,,,3,490e4560-4219-4069-a6b1-c8a826129b68,https://london-trader-6b45bffdcd02.herokuapp.com,wss://london-trader-6b45bffdcd02.herokuapp.com,,1,6,nh,non_gamified,human_only,0.0,0,15,"[8.0, 8.0, 20.0, 20.0, 4.0, 20.0, 4.0, 20.0, 0.0, 8.0, 8.0, 8.0, 8.0, 8.0, 4.0, 4.0, 20.0, 0.0, 0.0, 8.0, 4.0, 4.0, 4.0, 20.0, 8.0, 8.0, 0.0, 8.0, 4.0, 4.0]",58.3,58.3,28,skdclskt,,,,,0
18,2y2lzizt,,0,221,220,post_exp,FinalForProlific,2026-05-05 16:24:26.378109,1,,,4734.0,6,,0.0,bdad41ef-e8fb-4016-ab64-9cee4008db0e,4457.089999999998,8.0,8.0,64.0,4521.089999999998,,3800.0,10.0,,,,,0.0,0,,,3,490e4560-4219-4069-a6b1-c8a826129b68,https://london-trader-6b45bffdcd02.herokuapp.com,wss://london-trader-6b45bffdcd02.herokuapp.com,,1,6,nh,non_gamified,human_only,0.0,0,15,"[8.0, 8.0, 20.0, 20.0, 4.0, 20.0, 4.0, 20.0, 0.0, 8.0, 8.0, 8.0, 8.0, 8.0, 4.0, 4.0, 20.0, 0.0, 0.0, 8.0, 4.0, 4.0, 4.0, 20.0, 8.0, 8.0, 0.0, 8.0, 4.0, 4.0]",58.3,58.3,28,skdclskt,,,,,0
19,0qc91a5a,,0,221,220,post_exp,FinalForProlific,2026-05-05 16:24:26.388408,1,,,6523.0,1,,0.0,fef5ca2d-6f21-47c4-90cc-74807444686a,5175.049999999999,19.0,8.0,152.0,5327.049999999999,,2600.0,20.0,,,,,0.0,0,,,4,00548e28-65ed-47e8-a667-34639429359c,https://london-trader-6b45bffdcd02.herokuapp.com,wss://london-trader-6b45bffdcd02.herokuapp.com,,1,6,nh,non_gamified,human_only,0.0,0,15,"[8.0, 8.0, 20.0, 20.0, 4.0, 20.0, 4.0, 20.0, 0.0, 8.0, 8.0, 8.0, 8.0, 8.0, 4.0, 4.0, 20.0, 0.0, 0.0, 8.0, 4.0, 4.0, 4.0, 20.0, 8.0, 8.0, 0.0, 8.0, 4.0, 4.0]",11.0,11.0,28,skdclskt,,,,,0
20,2vy9s3px,,0,221,220,post_exp,FinalForProlific,2026-05-05 16:24:26.408267,1,,,5050.0,2,,0.0,2b85f691-c920-4f32-ae54-e21833cf5475,4703.07,6.0,8.0,48.0,4751.07,,3800.0,10.0,,,,,0.0,0,,,4,00548e28-65ed-47e8-a667-34639429359c,https://london-trader-6b45bffdcd02.herokuapp.com,wss://london-trader-6b45bffdcd02.herokuapp.com,,1,6,nh,non_gamified,human_only,0.0,0,15,"[8.0, 8.0, 20.0, 20.0, 4.0, 20.0, 4.0, 20.0, 0.0, 8.0, 8.0, 8.0, 8.0, 8.0, 4.0, 4.0, 20.0, 0.0, 0.0, 8.0, 4.0, 4.0, 4.0, 20.0, 8.0, 8.0, 0.0, 8.0, 4.0, 4.0]",11.0,11.0,28,skdclskt,,,,,0
21,87uw2jck,,0,221,220,post_exp,FinalForProlific,2026-05-05 16:24:26.421889,1,,,5633.0,3,,0.0,c953d4fd-7bea-449b-9aa0-5e400d9cb204,3444.51,26.0,8.0,208.0,3652.51,,2600.0,20.0,,,,,0.0,0,,,4,00548e28-65ed-47e8-a667-34639429359c,https://london-trader-6b45bffdcd02.herokuapp.com,wss://london-trader-6b45bffdcd02.herokuapp.com,,1,6,nh,non_gamified,human_only,0.0,0,15,"[8.0, 8.0, 20.0, 20.0, 4.0, 20.0, 4.0, 20.0, 0.0, 8.0, 8.0, 8.0, 8.0, 8.0, 4.0, 4.0, 20.0, 0.0, 0.0, 8.0, 4.0, 4.0, 4.0, 20.0, 8.0, 8.0, 0.0, 8.0, 4.0, 4.0]",11.0,11.0,28,skdclskt,,,,,0
22,3ftocepp,,0,221,220,post_exp,FinalForProlific,2026-05-05 16:24:26.437680,1,,,5815.0,4,,0.0,53915058-5167-43d2-afa0-8f6290f2017f,4503.6900000000005,17.0,8.0,136.0,4639.6900000000005,,3800.0,10.0,,,,,0.0,0,,,4,00548e28-65ed-47e8-a667-34639429359c,https://london-trader-6b45bffdcd02.herokuapp.com,wss://london-trader-6b45bffdcd02.herokuapp.com,,1,6,nh,non_gamified,human_only,0.0,0,15,"[8.0, 8.0, 20.0, 20.0, 4.0, 20.0, 4.0, 20.0, 0.0, 8.0, 8.0, 8.0, 8.0, 8.0, 4.0, 4.0, 20.0, 0.0, 0.0, 8.0, 4.0, 4.0, 4.0, 20.0, 8.0, 8.0, 0.0, 8.0, 4.0, 4.0]",11.0,11.0,28,skdclskt,,,,,0
23,xz3dh0k4,,0,221,220,post_exp,FinalForProlific,2026-05-05 16:24:26.453575,1,,,5047.0,5,,0.0,a2e9d95e-90cb-4b2f-b5ca-2486e9ab692d,4401.370000000002,12.0,8.0,96.0,4497.370000000002,,2600.0,20.0,,,,,0.0,0,,,4,00548e28-65ed-47e8-a667-34639429359c,https://london-trader-6b45bffdcd02.herokuapp.com,wss://london-trader-6b45bffdcd02.herokuapp.com,,1,6,nh,non_gamified,human_only,0.0,0,15,"[8.0, 8.0, 20.0, 20.0, 4.0, 20.0, 4.0, 20.0, 0.0, 8.0, 8.0, 8.0, 8.0, 8.0, 4.0, 4.0, 20.0, 0.0, 0.0, 8.0, 4.0, 4.0, 4.0, 20.0, 8.0, 8.0, 0.0, 8.0, 4.0, 4.0]",11.0,11.0,28,skdclskt,,,,,0
24,x7l4wbwx,,0,221,220,post_exp,FinalForProlific,2026-05-05 16:24:26.462816,1,,,5091.0,6,,0.0,89df792d-8b1a-4545-be89-9e94133865f7,4672.31,17.0,8.0,136.0,4808.31,,3800.0,10.0,,,,,0.0,0,,,4,00548e28-65ed-47e8-a667-34639429359c,https://london-trader-6b45bffdcd02.herokuapp.com,wss://london-trader-6b45bffdcd02.herokuapp.com,,1,6,nh,non_gamified,human_only,0.0,0,15,"[8.0, 8.0, 20.0, 20.0, 4.0, 20.0, 4.0, 20.0, 0.0, 8.0, 8.0, 8.0, 8.0, 8.0, 4.0, 4.0, 20.0, 0.0, 0.0, 8.0, 4.0, 4.0, 4.0, 20.0, 8.0, 8.0, 0.0, 8.0, 4.0, 4.0]",11.0,11.0,28,skdclskt,,,,,0
1,9bv3gi2y,,0,221,220,post_exp,FinalForProlific,2026-05-05 16:24:25.907795,1,,,6097.0,1,,0.0,2622e9f6-8f19-49dd-b301-25fc2a630f03,5257.45,9.0,4.0,36.0,5293.45,,2600.0,20.0,,,,,0.0,0,,,1,bbac1738-2cb5-4b77-92c4-c512548db93b,https://london-trader-6b45bffdcd02.herokuapp.com,wss://london-trader-6b45bffdcd02.herokuapp.com,,1,6,gh,gamified,human_only,0.0,0,15,"[8.0, 8.0, 20.0, 20.0, 4.0, 20.0, 4.0, 20.0, 0.0, 8.0, 8.0, 8.0, 8.0, 8.0, 4.0, 4.0, 20.0, 0.0, 0.0, 8.0, 4.0, 4.0, 4.0, 20.0, 8.0, 8.0, 0.0, 8.0, 4.0, 4.0]",90.0,90.0,29,skdclskt,,,,,0
2,1tnknpce,,0,221,220,post_exp,FinalForProlific,2026-05-05 16:24:26.237055,1,,,4685.0,2,,0.0,24e830e8-905d-4e22-ab61-b990c984ff16,4749.900000000001,41.0,4.0,164.0,4913.900000000001,,3800.0,10.0,,,,,0.0,0,,,1,bbac1738-2cb5-4b77-92c4-c512548db93b,https://london-trader-6b45bffdcd02.herokuapp.com,wss://london-trader-6b45bffdcd02.herokuapp.com,,1,6,gh,gamified,human_only,0.0,0,15,"[8.0, 8.0, 20.0, 20.0, 4.0, 20.0, 4.0, 20.0, 0.0, 8.0, 8.0, 8.0, 8.0, 8.0, 4.0, 4.0, 20.0, 0.0, 0.0, 8.0, 4.0, 4.0, 4.0, 20.0, 8.0, 8.0, 0.0, 8.0, 4.0, 4.0]",90.0,90.0,29,skdclskt,,,,,0
3,zkl94ida,,0,221,220,post_exp,FinalForProlific,2026-05-05 16:24:26.243811,1,,,7353.0,3,,0.0,6820cd25-c18c-49e6-84f5-25aa69820367,5182.949999999998,0.0,4.0,0.0,5182.949999999998,,2600.0,20.0,,,,,0.0,0,,,1,bbac1738-2cb5-4b77-92c4-c512548db93b,https://london-trader-6b45bffdcd02.herokuapp.com,wss://london-trader-6b45bffdcd02.herokuapp.com,,1,6,gh,gamified,human_only,0.0,0,15,"[8.0, 8.0, 20.0, 20.0, 4.0, 20.0, 4.0, 20.0, 0.0, 8.0, 8.0, 8.0, 8.0, 8.0, 4.0, 4.0, 20.0, 0.0, 0.0, 8.0, 4.0, 4.0, 4.0, 20.0, 8.0, 8.0, 0.0, 8.0, 4.0, 4.0]",90.0,90.0,29,skdclskt,,,,,0
4,h7nk13vs,,0,221,220,post_exp,FinalForProlific,2026-05-05 16:24:26.249481,1,,,5148.0,4,,0.0,ae2e944d-6861-4940-b26c-a08caaca1a16,4554.2699999999995,6.0,4.0,24.0,4578.2699999999995,,3800.0,10.0,,,,,0.0,0,,,1,bbac1738-2cb5-4b77-92c4-c512548db93b,https://london-trader-6b45bffdcd02.herokuapp.com,wss://london-trader-6b45bffdcd02.herokuapp.com,,1,6,gh,gamified,human_only,0.0,0,15,"[8.0, 8.0, 20.0, 20.0, 4.0, 20.0, 4.0, 20.0, 0.0, 8.0, 8.0, 8.0, 8.0, 8.0, 4.0, 4.0, 20.0, 0.0, 0.0, 8.0, 4.0, 4.0, 4.0, 20.0, 8.0, 8.0, 0.0, 8.0, 4.0, 4.0]",90.0,90.0,29,skdclskt,,,,,0
5,8rrxo8mh,,0,221,220,post_exp,FinalForProlific,2026-05-05 16:24:26.255568,1,,,5698.0,5,,0.0,a1542dc5-078d-4b85-8ee8-6acdc2839880,3480.4100000000026,22.0,4.0,88.0,3568.4100000000026,,2600.0,20.0,,,,,0.0,0,,,1,bbac1738-2cb5-4b77-92c4-c512548db93b,https://london-trader-6b45bffdcd02.herokuapp.com,wss://london-trader-6b45bffdcd02.herokuapp.com,,1,6,gh,gamified,human_only,0.0,0,15,"[8.0, 8.0, 20.0, 20.0, 4.0, 20.0, 4.0, 20.0, 0.0, 8.0, 8.0, 8.0, 8.0, 8.0, 4.0, 4.0, 20.0, 0.0, 0.0, 8.0, 4.0, 4.0, 4.0, 20.0, 8.0, 8.0, 0.0, 8.0, 4.0, 4.0]",90.0,90.0,29,skdclskt,,,,,0
6,53wkzdsp,,0,221,220,post_exp,FinalForProlific,2026-05-05 16:24:26.261968,1,,,5089.0,6,,0.0,3e36c9fa-1786-43b0-87ea-f17db8332def,4363.879999999998,17.0,4.0,68.0,4431.879999999998,,3800.0,10.0,,,,,0.0,0,,,1,bbac1738-2cb5-4b77-92c4-c512548db93b,https://london-trader-6b45bffdcd02.herokuapp.com,wss://london-trader-6b45bffdcd02.herokuapp.com,,1,6,gh,gamified,human_only,0.0,0,15,"[8.0, 8.0, 20.0, 20.0, 4.0, 20.0, 4.0, 20.0, 0.0, 8.0, 8.0, 8.0, 8.0, 8.0, 4.0, 4.0, 20.0, 0.0, 0.0, 8.0, 4.0, 4.0, 4.0, 20.0, 8.0, 8.0, 0.0, 8.0, 4.0, 4.0]",90.0,90.0,29,skdclskt,,,,,0
7,2tmxyq59,,0,221,220,post_exp,FinalForProlific,2026-05-05 16:24:26.267852,1,,,5570.0,1,,0.0,c34666fc-2042-436c-b5b2-8be4eb77fa45,5480.25,0.0,4.0,0.0,5480.25,,2600.0,20.0,,,,,0.0,0,,,2,41800c26-6898-4b86-b356-94ff8bfa3a3a,https://london-trader-6b45bffdcd02.herokuapp.com,wss://london-trader-6b45bffdcd02.herokuapp.com,,1,6,gh,gamified,human_only,0.0,0,15,"[8.0, 8.0, 20.0, 20.0, 4.0, 20.0, 4.0, 20.0, 0.0, 8.0, 8.0, 8.0, 8.0, 8.0, 4.0, 4.0, 20.0, 0.0, 0.0, 8.0, 4.0, 4.0, 4.0, 20.0, 8.0, 8.0, 0.0, 8.0, 4.0, 4.0]",103.99,103.99,29,skdclskt,,,,,0
8,klvgct3w,,0,221,220,post_exp,FinalForProlific,2026-05-05 16:24:26.277407,1,,,5086.0,2,,0.0,5d8a97d2-0acd-4bec-9355-f1ef8ca0b665,4150.01,19.0,4.0,76.0,4226.01,,3800.0,10.0,,,,,0.0,0,,,2,41800c26-6898-4b86-b356-94ff8bfa3a3a,https://london-trader-6b45bffdcd02.herokuapp.com,wss://london-trader-6b45bffdcd02.herokuapp.com,,1,6,gh,gamified,human_only,0.0,0,15,"[8.0, 8.0, 20.0, 20.0, 4.0, 20.0, 4.0, 20.0, 0.0, 8.0, 8.0, 8.0, 8.0, 8.0, 4.0, 4.0, 20.0, 0.0, 0.0, 8.0, 4.0, 4.0, 4.0, 20.0, 8.0, 8.0, 0.0, 8.0, 4.0, 4.0]",103.99,103.99,29,skdclskt,,,,,0
9,fa5fpl4w,,0,221,220,post_exp,FinalForProlific,2026-05-05 16:24:26.284184,1,,,5251.0,3,,0.0,9ae3a47d-ad9b-4325-b996-258a31aa9b65,4101.0,29.0,4.0,116.0,4217.0,,2600.0,20.0,,,,,0.0,0,,,2,41800c26-6898-4b86-b356-94ff8bfa3a3a,https://london-trader-6b45bffdcd02.herokuapp.com,wss://london-trader-6b45bffdcd02.herokuapp.com,,1,6,gh,gamified,human_only,0.0,0,15,"[8.0, 8.0, 20.0, 20.0, 4.0, 20.0, 4.0, 20.0, 0.0, 8.0, 8.0, 8.0, 8.0, 8.0, 4.0, 4.0, 20.0, 0.0, 0.0, 8.0, 4.0, 4.0, 4.0, 20.0, 8.0, 8.0, 0.0, 8.0, 4.0, 4.0]",103.99,103.99,29,skdclskt,,,,,0
10,0sa5xwid,,0,221,220,post_exp,FinalForProlific,2026-05-05 16:24:26.290374,1,,,5140.0,4,,0.0,3f16f05a-e96e-45ac-9ef0-9c2d6dce3317,4908.51,6.0,4.0,24.0,4932.51,,3800.0,10.0,,,,,0.0,0,,,2,41800c26-6898-4b86-b356-94ff8bfa3a3a,https://london-trader-6b45bffdcd02.herokuapp.com,wss://london-trader-6b45bffdcd02.herokuapp.com,,1,6,gh,gamified,human_only,0.0,0,15,"[8.0, 8.0, 20.0, 20.0, 4.0, 20.0, 4.0, 20.0, 0.0, 8.0, 8.0, 8.0, 8.0, 8.0, 4.0, 4.0, 20.0, 0.0, 0.0, 8.0, 4.0, 4.0, 4.0, 20.0, 8.0, 8.0, 0.0, 8.0, 4.0, 4.0]",103.99,103.99,29,skdclskt,,,,,0
11,w5nuyib0,,0,221,220,post_exp,FinalForProlific,2026-05-05 16:24:26.299295,1,,,4813.0,5,,0.0,16e26514-b278-4448-959a-f58ad6e11852,4317.719999999999,21.0,4.0,84.0,4401.719999999999,,2600.0,20.0,,,,,0.0,0,,,2,41800c26-6898-4b86-b356-94ff8bfa3a3a,https://london-trader-6b45bffdcd02.herokuapp.com,wss://london-trader-6b45bffdcd02.herokuapp.com,,1,6,gh,gamified,human_only,0.0,0,15,"[8.0, 8.0, 20.0, 20.0, 4.0, 20.0, 4.0, 20.0, 0.0, 8.0, 8.0, 8.0, 8.0, 8.0, 4.0, 4.0, 20.0, 0.0, 0.0, 8.0, 4.0, 4.0, 4.0, 20.0, 8.0, 8.0, 0.0, 8.0, 4.0, 4.0]",103.99,103.99,29,skdclskt,,,,,0
12,s1twfhpt,,0,221,220,post_exp,FinalForProlific,2026-05-05 16:24:26.305361,1,,,4871.0,6,,0.0,0414deaa-50dd-4291-abcb-c312c59361b0,4422.51,18.0,4.0,72.0,4494.51,,3800.0,10.0,,,,,0.0,0,,,2,41800c26-6898-4b86-b356-94ff8bfa3a3a,https://london-trader-6b45bffdcd02.herokuapp.com,wss://london-trader-6b45bffdcd02.herokuapp.com,,1,6,gh,gamified,human_only,0.0,0,15,"[8.0, 8.0, 20.0, 20.0, 4.0, 20.0, 4.0, 20.0, 0.0, 8.0, 8.0, 8.0, 8.0, 8.0, 4.0, 4.0, 20.0, 0.0, 0.0, 8.0, 4.0, 4.0, 4.0, 20.0, 8.0, 8.0, 0.0, 8.0, 4.0, 4.0]",103.99,103.99,29,skdclskt,,,,,0
13,tqeatlds,,0,221,220,post_exp,FinalForProlific,2026-05-05 16:24:26.312482,1,,,5561.0,1,,0.0,18595b83-a573-483a-922c-64417e548e97,4782.39,14.0,4.0,56.0,4838.39,,2600.0,20.0,,,,,0.0,0,,,3,490e4560-4219-4069-a6b1-c8a826129b68,https://london-trader-6b45bffdcd02.herokuapp.com,wss://london-trader-6b45bffdcd02.herokuapp.com,,1,6,nh,non_gamified,human_only,0.0,0,15,"[8.0, 8.0, 20.0, 20.0, 4.0, 20.0, 4.0, 20.0, 0.0, 8.0, 8.0, 8.0, 8.0, 8.0, 4.0, 4.0, 20.0, 0.0, 0.0, 8.0, 4.0, 4.0, 4.0, 20.0, 8.0, 8.0, 0.0, 8.0, 4.0, 4.0]",58.5,58.5,29,skdclskt,,,,,0
14,nu7ykbgx,,0,221,220,post_exp,FinalForProlific,2026-05-05 16:24:26.328130,1,,,5985.0,2,,0.0,590f10b9-c637-4d22-97d1-7bcc1d1f1e01,5389.569999999999,0.0,4.0,0.0,5389.569999999999,,3800.0,10.0,,,,,0.0,0,,,3,490e4560-4219-4069-a6b1-c8a826129b68,https://london-trader-6b45bffdcd02.herokuapp.com,wss://london-trader-6b45bffdcd02.herokuapp.com,,1,6,nh,non_gamified,human_only,0.0,0,15,"[8.0, 8.0, 20.0, 20.0, 4.0, 20.0, 4.0, 20.0, 0.0, 8.0, 8.0, 8.0, 8.0, 8.0, 4.0, 4.0, 20.0, 0.0, 0.0, 8.0, 4.0, 4.0, 4.0, 20.0, 8.0, 8.0, 0.0, 8.0, 4.0, 4.0]",58.5,58.5,29,skdclskt,,,,,0
15,su76nhj9,,0,221,220,post_exp,FinalForProlific,2026-05-05 16:24:26.343041,1,,,5506.0,3,,0.0,e420f624-78fe-42c9-aa20-242b54f6c4e8,4273.210000000002,26.0,4.0,104.0,4377.210000000002,,2600.0,20.0,,,,,0.0,0,,,3,490e4560-4219-4069-a6b1-c8a826129b68,https://london-trader-6b45bffdcd02.herokuapp.com,wss://london-trader-6b45bffdcd02.herokuapp.com,,1,6,nh,non_gamified,human_only,0.0,0,15,"[8.0, 8.0, 20.0, 20.0, 4.0, 20.0, 4.0, 20.0, 0.0, 8.0, 8.0, 8.0, 8.0, 8.0, 4.0, 4.0, 20.0, 0.0, 0.0, 8.0, 4.0, 4.0, 4.0, 20.0, 8.0, 8.0, 0.0, 8.0, 4.0, 4.0]",58.5,58.5,29,skdclskt,,,,,0
16,c2m857p1,,0,221,220,post_exp,FinalForProlific,2026-05-05 16:24:26.356865,1,,,5566.0,4,,0.0,a7bed23b-2e8e-451f-8b7c-42f684002277,4704.92,4.0,4.0,16.0,4720.92,,3800.0,10.0,,,,,0.0,0,,,3,490e4560-4219-4069-a6b1-c8a826129b68,https://london-trader-6b45bffdcd02.herokuapp.com,wss://london-trader-6b45bffdcd02.herokuapp.com,,1,6,nh,non_gamified,human_only,0.0,0,15,"[8.0, 8.0, 20.0, 20.0, 4.0, 20.0, 4.0, 20.0, 0.0, 8.0, 8.0, 8.0, 8.0, 8.0, 4.0, 4.0, 20.0, 0.0, 0.0, 8.0, 4.0, 4.0, 4.0, 20.0, 8.0, 8.0, 0.0, 8.0, 4.0, 4.0]",58.5,58.5,29,skdclskt,,,,,0
17,r6xuxcar,,0,221,220,post_exp,FinalForProlific,2026-05-05 16:24:26.366557,1,,,4396.0,5,,0.0,10f05dce-1c31-4c65-80e0-0450ca2c00bb,3964.34,40.0,4.0,160.0,4124.34,,2600.0,20.0,,,,,0.0,0,,,3,490e4560-4219-4069-a6b1-c8a826129b68,https://london-trader-6b45bffdcd02.herokuapp.com,wss://london-trader-6b45bffdcd02.herokuapp.com,,1,6,nh,non_gamified,human_only,0.0,0,15,"[8.0, 8.0, 20.0, 20.0, 4.0, 20.0, 4.0, 20.0, 0.0, 8.0, 8.0, 8.0, 8.0, 8.0, 4.0, 4.0, 20.0, 0.0, 0.0, 8.0, 4.0, 4.0, 4.0, 20.0, 8.0, 8.0, 0.0, 8.0, 4.0, 4.0]",58.5,58.5,29,skdclskt,,,,,0
18,2y2lzizt,,0,221,220,post_exp,FinalForProlific,2026-05-05 16:24:26.378109,1,,,4734.0,6,,0.0,bdad41ef-e8fb-4016-ab64-9cee4008db0e,4461.569999999999,9.0,4.0,36.0,4497.569999999999,,3800.0,10.0,,,,,0.0,0,,,3,490e4560-4219-4069-a6b1-c8a826129b68,https://london-trader-6b45bffdcd02.herokuapp.com,wss://london-trader-6b45bffdcd02.herokuapp.com,,1,6,nh,non_gamified,human_only,0.0,0,15,"[8.0, 8.0, 20.0, 20.0, 4.0, 20.0, 4.0, 20.0, 0.0, 8.0, 8.0, 8.0, 8.0, 8.0, 4.0, 4.0, 20.0, 0.0, 0.0, 8.0, 4.0, 4.0, 4.0, 20.0, 8.0, 8.0, 0.0, 8.0, 4.0, 4.0]",58.5,58.5,29,skdclskt,,,,,0
19,0qc91a5a,,0,221,220,post_exp,FinalForProlific,2026-05-05 16:24:26.388408,1,,,6523.0,1,,0.0,fef5ca2d-6f21-47c4-90cc-74807444686a,5406.579999999999,8.0,4.0,32.0,5438.579999999999,,2600.0,20.0,,,,,0.0,0,,,4,00548e28-65ed-47e8-a667-34639429359c,https://london-trader-6b45bffdcd02.herokuapp.com,wss://london-trader-6b45bffdcd02.herokuapp.com,,1,6,nh,non_gamified,human_only,0.0,0,15,"[8.0, 8.0, 20.0, 20.0, 4.0, 20.0, 4.0, 20.0, 0.0, 8.0, 8.0, 8.0, 8.0, 8.0, 4.0, 4.0, 20.0, 0.0, 0.0, 8.0, 4.0, 4.0, 4.0, 20.0, 8.0, 8.0, 0.0, 8.0, 4.0, 4.0]",6.38,6.38,29,skdclskt,,,,,0
20,2vy9s3px,,0,221,220,post_exp,FinalForProlific,2026-05-05 16:24:26.408267,1,,,5050.0,2,,0.0,2b85f691-c920-4f32-ae54-e21833cf5475,4744.67,7.0,4.0,28.0,4772.67,,3800.0,10.0,,,,,0.0,0,,,4,00548e28-65ed-47e8-a667-34639429359c,https://london-trader-6b45bffdcd02.herokuapp.com,wss://london-trader-6b45bffdcd02.herokuapp.com,,1,6,nh,non_gamified,human_only,0.0,0,15,"[8.0, 8.0, 20.0, 20.0, 4.0, 20.0, 4.0, 20.0, 0.0, 8.0, 8.0, 8.0, 8.0, 8.0, 4.0, 4.0, 20.0, 0.0, 0.0, 8.0, 4.0, 4.0, 4.0, 20.0, 8.0, 8.0, 0.0, 8.0, 4.0, 4.0]",6.38,6.38,29,skdclskt,,,,,0
21,87uw2jck,,0,221,220,post_exp,FinalForProlific,2026-05-05 16:24:26.421889,1,,,5633.0,3,,0.0,c953d4fd-7bea-449b-9aa0-5e400d9cb204,3565.1699999999996,39.0,4.0,156.0,3721.1699999999996,,2600.0,20.0,,,,,0.0,0,,,4,00548e28-65ed-47e8-a667-34639429359c,https://london-trader-6b45bffdcd02.herokuapp.com,wss://london-trader-6b45bffdcd02.herokuapp.com,,1,6,nh,non_gamified,human_only,0.0,0,15,"[8.0, 8.0, 20.0, 20.0, 4.0, 20.0, 4.0, 20.0, 0.0, 8.0, 8.0, 8.0, 8.0, 8.0, 4.0, 4.0, 20.0, 0.0, 0.0, 8.0, 4.0, 4.0, 4.0, 20.0, 8.0, 8.0, 0.0, 8.0, 4.0, 4.0]",6.38,6.38,29,skdclskt,,,,,0
22,3ftocepp,,0,221,220,post_exp,FinalForProlific,2026-05-05 16:24:26.437680,1,,,5815.0,4,,0.0,53915058-5167-43d2-afa0-8f6290f2017f,4658.92,17.0,4.0,68.0,4726.92,,3800.0,10.0,,,,,0.0,0,,,4,00548e28-65ed-47e8-a667-34639429359c,https://london-trader-6b45bffdcd02.herokuapp.com,wss://london-trader-6b45bffdcd02.herokuapp.com,,1,6,nh,non_gamified,human_only,0.0,0,15,"[8.0, 8.0, 20.0, 20.0, 4.0, 20.0, 4.0, 20.0, 0.0, 8.0, 8.0, 8.0, 8.0, 8.0, 4.0, 4.0, 20.0, 0.0, 0.0, 8.0, 4.0, 4.0, 4.0, 20.0, 8.0, 8.0, 0.0, 8.0, 4.0, 4.0]",6.38,6.38,29,skdclskt,,,,,0
23,xz3dh0k4,,0,221,220,post_exp,FinalForProlific,2026-05-05 16:24:26.453575,1,,,5047.0,5,,0.0,a2e9d95e-90cb-4b2f-b5ca-2486e9ab692d,4487.500000000001,11.0,4.0,44.0,4531.500000000001,,2600.0,20.0,,,,,0.0,0,,,4,00548e28-65ed-47e8-a667-34639429359c,https://london-trader-6b45bffdcd02.herokuapp.com,wss://london-trader-6b45bffdcd02.herokuapp.com,,1,6,nh,non_gamified,human_only,0.0,0,15,"[8.0, 8.0, 20.0, 20.0, 4.0, 20.0, 4.0, 20.0, 0.0, 8.0, 8.0, 8.0, 8.0, 8.0, 4.0, 4.0, 20.0, 0.0, 0.0, 8.0, 4.0, 4.0, 4.0, 20.0, 8.0, 8.0, 0.0, 8.0, 4.0, 4.0]",6.38,6.38,29,skdclskt,,,,,0
24,x7l4wbwx,,0,221,220,post_exp,FinalForProlific,2026-05-05 16:24:26.462816,1,,,5091.0,6,,0.0,89df792d-8b1a-4545-be89-9e94133865f7,4813.160000000001,16.0,4.0,64.0,4877.160000000001,,3800.0,10.0,,,,,0.0,0,,,4,00548e28-65ed-47e8-a667-34639429359c,https://london-trader-6b45bffdcd02.herokuapp.com,wss://london-trader-6b45bffdcd02.herokuapp.com,,1,6,nh,non_gamified,human_only,0.0,0,15,"[8.0, 8.0, 20.0, 20.0, 4.0, 20.0, 4.0, 20.0, 0.0, 8.0, 8.0, 8.0, 8.0, 8.0, 4.0, 4.0, 20.0, 0.0, 0.0, 8.0, 4.0, 4.0, 4.0, 20.0, 8.0, 8.0, 0.0, 8.0, 4.0, 4.0]",6.38,6.38,29,skdclskt,,,,,0
1,9bv3gi2y,,0,221,220,post_exp,FinalForProlific,2026-05-05 16:24:25.907795,1,,,6097.0,1,,0.0,2622e9f6-8f19-49dd-b301-25fc2a630f03,5887.18,0.0,4.0,0.0,5887.18,,2600.0,20.0,,,,,0.0,0,,,1,bbac1738-2cb5-4b77-92c4-c512548db93b,https://london-trader-6b45bffdcd02.herokuapp.com,wss://london-trader-6b45bffdcd02.herokuapp.com,,1,6,gh,gamified,human_only,0.0,0,15,"[8.0, 8.0, 20.0, 20.0, 4.0, 20.0, 4.0, 20.0, 0.0, 8.0, 8.0, 8.0, 8.0, 8.0, 4.0, 4.0, 20.0, 0.0, 0.0, 8.0, 4.0, 4.0, 4.0, 20.0, 8.0, 8.0, 0.0, 8.0, 4.0, 4.0]",70.0,70.0,30,skdclskt,,,,,0
2,1tnknpce,,0,221,220,post_exp,FinalForProlific,2026-05-05 16:24:26.237055,1,,,4685.0,2,,0.0,24e830e8-905d-4e22-ab61-b990c984ff16,5180.140000000001,38.0,4.0,152.0,5332.140000000001,,3800.0,10.0,,,,,0.0,0,,,1,bbac1738-2cb5-4b77-92c4-c512548db93b,https://london-trader-6b45bffdcd02.herokuapp.com,wss://london-trader-6b45bffdcd02.herokuapp.com,,1,6,gh,gamified,human_only,0.0,0,15,"[8.0, 8.0, 20.0, 20.0, 4.0, 20.0, 4.0, 20.0, 0.0, 8.0, 8.0, 8.0, 8.0, 8.0, 4.0, 4.0, 20.0, 0.0, 0.0, 8.0, 4.0, 4.0, 4.0, 20.0, 8.0, 8.0, 0.0, 8.0, 4.0, 4.0]",70.0,70.0,30,skdclskt,,,,,0
3,zkl94ida,,0,221,220,post_exp,FinalForProlific,2026-05-05 16:24:26.243811,1,,,7353.0,3,,0.0,6820cd25-c18c-49e6-84f5-25aa69820367,5182.949999999998,0.0,4.0,0.0,5182.949999999998,,2600.0,20.0,,,,,0.0,0,,,1,bbac1738-2cb5-4b77-92c4-c512548db93b,https://london-trader-6b45bffdcd02.herokuapp.com,wss://london-trader-6b45bffdcd02.herokuapp.com,,1,6,gh,gamified,human_only,0.0,0,15,"[8.0, 8.0, 20.0, 20.0, 4.0, 20.0, 4.0, 20.0, 0.0, 8.0, 8.0, 8.0, 8.0, 8.0, 4.0, 4.0, 20.0, 0.0, 0.0, 8.0, 4.0, 4.0, 4.0, 20.0, 8.0, 8.0, 0.0, 8.0, 4.0, 4.0]",70.0,70.0,30,skdclskt,,,,,0
4,h7nk13vs,,0,221,220,post_exp,FinalForProlific,2026-05-05 16:24:26.249481,1,,,5148.0,4,,0.0,ae2e944d-6861-4940-b26c-a08caaca1a16,4116.699999999999,12.0,4.0,48.0,4164.699999999999,,3800.0,10.0,,,,,0.0,0,,,1,bbac1738-2cb5-4b77-92c4-c512548db93b,https://london-trader-6b45bffdcd02.herokuapp.com,wss://london-trader-6b45bffdcd02.herokuapp.com,,1,6,gh,gamified,human_only,0.0,0,15,"[8.0, 8.0, 20.0, 20.0, 4.0, 20.0, 4.0, 20.0, 0.0, 8.0, 8.0, 8.0, 8.0, 8.0, 4.0, 4.0, 20.0, 0.0, 0.0, 8.0, 4.0, 4.0, 4.0, 20.0, 8.0, 8.0, 0.0, 8.0, 4.0, 4.0]",70.0,70.0,30,skdclskt,,,,,0
5,8rrxo8mh,,0,221,220,post_exp,FinalForProlific,2026-05-05 16:24:26.255568,1,,,5698.0,5,,0.0,a1542dc5-078d-4b85-8ee8-6acdc2839880,3795.900000000003,19.0,4.0,76.0,3871.900000000003,,2600.0,20.0,,,,,0.0,0,,,1,bbac1738-2cb5-4b77-92c4-c512548db93b,https://london-trader-6b45bffdcd02.herokuapp.com,wss://london-trader-6b45bffdcd02.herokuapp.com,,1,6,gh,gamified,human_only,0.0,0,15,"[8.0, 8.0, 20.0, 20.0, 4.0, 20.0, 4.0, 20.0, 0.0, 8.0, 8.0, 8.0, 8.0, 8.0, 4.0, 4.0, 20.0, 0.0, 0.0, 8.0, 4.0, 4.0, 4.0, 20.0, 8.0, 8.0, 0.0, 8.0, 4.0, 4.0]",70.0,70.0,30,skdclskt,,,,,0
6,53wkzdsp,,0,221,220,post_exp,FinalForProlific,2026-05-05 16:24:26.261968,1,,,5089.0,6,,0.0,3e36c9fa-1786-43b0-87ea-f17db8332def,3805.989999999999,24.0,4.0,96.0,3901.989999999999,,3800.0,10.0,,,,,0.0,0,,,1,bbac1738-2cb5-4b77-92c4-c512548db93b,https://london-trader-6b45bffdcd02.herokuapp.com,wss://london-trader-6b45bffdcd02.herokuapp.com,,1,6,gh,gamified,human_only,0.0,0,15,"[8.0, 8.0, 20.0, 20.0, 4.0, 20.0, 4.0, 20.0, 0.0, 8.0, 8.0, 8.0, 8.0, 8.0, 4.0, 4.0, 20.0, 0.0, 0.0, 8.0, 4.0, 4.0, 4.0, 20.0, 8.0, 8.0, 0.0, 8.0, 4.0, 4.0]",70.0,70.0,30,skdclskt,,,,,0
7,2tmxyq59,,0,221,220,post_exp,FinalForProlific,2026-05-05 16:24:26.267852,1,,,5570.0,1,,0.0,c34666fc-2042-436c-b5b2-8be4eb77fa45,5480.25,0.0,4.0,0.0,5480.25,,2600.0,20.0,,,,,0.0,0,,,2,41800c26-6898-4b86-b356-94ff8bfa3a3a,https://london-trader-6b45bffdcd02.herokuapp.com,wss://london-trader-6b45bffdcd02.herokuapp.com,,1,6,gh,gamified,human_only,0.0,0,15,"[8.0, 8.0, 20.0, 20.0, 4.0, 20.0, 4.0, 20.0, 0.0, 8.0, 8.0, 8.0, 8.0, 8.0, 4.0, 4.0, 20.0, 0.0, 0.0, 8.0, 4.0, 4.0, 4.0, 20.0, 8.0, 8.0, 0.0, 8.0, 4.0, 4.0]",98.0,98.0,30,skdclskt,,,,,0
8,klvgct3w,,0,221,220,post_exp,FinalForProlific,2026-05-05 16:24:26.277407,1,,,5086.0,2,,0.0,5d8a97d2-0acd-4bec-9355-f1ef8ca0b665,4227.01,23.0,4.0,92.0,4319.01,,3800.0,10.0,,,,,0.0,0,,,2,41800c26-6898-4b86-b356-94ff8bfa3a3a,https://london-trader-6b45bffdcd02.herokuapp.com,wss://london-trader-6b45bffdcd02.herokuapp.com,,1,6,gh,gamified,human_only,0.0,0,15,"[8.0, 8.0, 20.0, 20.0, 4.0, 20.0, 4.0, 20.0, 0.0, 8.0, 8.0, 8.0, 8.0, 8.0, 4.0, 4.0, 20.0, 0.0, 0.0, 8.0, 4.0, 4.0, 4.0, 20.0, 8.0, 8.0, 0.0, 8.0, 4.0, 4.0]",98.0,98.0,30,skdclskt,,,,,0
9,fa5fpl4w,,0,221,220,post_exp,FinalForProlific,2026-05-05 16:24:26.284184,1,,,5251.0,3,,0.0,9ae3a47d-ad9b-4325-b996-258a31aa9b65,4018.5,34.0,4.0,136.0,4154.5,,2600.0,20.0,,,,,0.0,0,,,2,41800c26-6898-4b86-b356-94ff8bfa3a3a,https://london-trader-6b45bffdcd02.herokuapp.com,wss://london-trader-6b45bffdcd02.herokuapp.com,,1,6,gh,gamified,human_only,0.0,0,15,"[8.0, 8.0, 20.0, 20.0, 4.0, 20.0, 4.0, 20.0, 0.0, 8.0, 8.0, 8.0, 8.0, 8.0, 4.0, 4.0, 20.0, 0.0, 0.0, 8.0, 4.0, 4.0, 4.0, 20.0, 8.0, 8.0, 0.0, 8.0, 4.0, 4.0]",98.0,98.0,30,skdclskt,,,,,0
10,0sa5xwid,,0,221,220,post_exp,FinalForProlific,2026-05-05 16:24:26.290374,1,,,5140.0,4,,0.0,3f16f05a-e96e-45ac-9ef0-9c2d6dce3317,4732.01,7.0,4.0,28.0,4760.01,,3800.0,10.0,,,,,0.0,0,,,2,41800c26-6898-4b86-b356-94ff8bfa3a3a,https://london-trader-6b45bffdcd02.herokuapp.com,wss://london-trader-6b45bffdcd02.herokuapp.com,,1,6,gh,gamified,human_only,0.0,0,15,"[8.0, 8.0, 20.0, 20.0, 4.0, 20.0, 4.0, 20.0, 0.0, 8.0, 8.0, 8.0, 8.0, 8.0, 4.0, 4.0, 20.0, 0.0, 0.0, 8.0, 4.0, 4.0, 4.0, 20.0, 8.0, 8.0, 0.0, 8.0, 4.0, 4.0]",98.0,98.0,30,skdclskt,,,,,0
11,w5nuyib0,,0,221,220,post_exp,FinalForProlific,2026-05-05 16:24:26.299295,1,,,4813.0,5,,0.0,16e26514-b278-4448-959a-f58ad6e11852,4701.219999999999,18.0,4.0,72.0,4773.219999999999,,2600.0,20.0,,,,,0.0,0,,,2,41800c26-6898-4b86-b356-94ff8bfa3a3a,https://london-trader-6b45bffdcd02.herokuapp.com,wss://london-trader-6b45bffdcd02.herokuapp.com,,1,6,gh,gamified,human_only,0.0,0,15,"[8.0, 8.0, 20.0, 20.0, 4.0, 20.0, 4.0, 20.0, 0.0, 8.0, 8.0, 8.0, 8.0, 8.0, 4.0, 4.0, 20.0, 0.0, 0.0, 8.0, 4.0, 4.0, 4.0, 20.0, 8.0, 8.0, 0.0, 8.0, 4.0, 4.0]",98.0,98.0,30,skdclskt,,,,,0
12,s1twfhpt,,0,221,220,post_exp,FinalForProlific,2026-05-05 16:24:26.305361,1,,,4871.0,6,,0.0,0414deaa-50dd-4291-abcb-c312c59361b0,4593.01,17.0,4.0,68.0,4661.01,,3800.0,10.0,,,,,0.0,0,,,2,41800c26-6898-4b86-b356-94ff8bfa3a3a,https://london-trader-6b45bffdcd02.herokuapp.com,wss://london-trader-6b45bffdcd02.herokuapp.com,,1,6,gh,gamified,human_only,0.0,0,15,"[8.0, 8.0, 20.0, 20.0, 4.0, 20.0, 4.0, 20.0, 0.0, 8.0, 8.0, 8.0, 8.0, 8.0, 4.0, 4.0, 20.0, 0.0, 0.0, 8.0, 4.0, 4.0, 4.0, 20.0, 8.0, 8.0, 0.0, 8.0, 4.0, 4.0]",98.0,98.0,30,skdclskt,,,,,0
13,tqeatlds,,0,221,220,post_exp,FinalForProlific,2026-05-05 16:24:26.312482,1,,,5561.0,1,,0.0,18595b83-a573-483a-922c-64417e548e97,4896.39,13.0,4.0,52.0,4948.39,,2600.0,20.0,,,,,0.0,0,,,3,490e4560-4219-4069-a6b1-c8a826129b68,https://london-trader-6b45bffdcd02.herokuapp.com,wss://london-trader-6b45bffdcd02.herokuapp.com,,1,6,nh,non_gamified,human_only,0.0,0,15,"[8.0, 8.0, 20.0, 20.0, 4.0, 20.0, 4.0, 20.0, 0.0, 8.0, 8.0, 8.0, 8.0, 8.0, 4.0, 4.0, 20.0, 0.0, 0.0, 8.0, 4.0, 4.0, 4.0, 20.0, 8.0, 8.0, 0.0, 8.0, 4.0, 4.0]",54.0,54.0,30,skdclskt,,,,,0
14,nu7ykbgx,,0,221,220,post_exp,FinalForProlific,2026-05-05 16:24:26.328130,1,,,5985.0,2,,0.0,590f10b9-c637-4d22-97d1-7bcc1d1f1e01,5389.569999999999,0.0,4.0,0.0,5389.569999999999,,3800.0,10.0,,,,,0.0,0,,,3,490e4560-4219-4069-a6b1-c8a826129b68,https://london-trader-6b45bffdcd02.herokuapp.com,wss://london-trader-6b45bffdcd02.herokuapp.com,,1,6,nh,non_gamified,human_only,0.0,0,15,"[8.0, 8.0, 20.0, 20.0, 4.0, 20.0, 4.0, 20.0, 0.0, 8.0, 8.0, 8.0, 8.0, 8.0, 4.0, 4.0, 20.0, 0.0, 0.0, 8.0, 4.0, 4.0, 4.0, 20.0, 8.0, 8.0, 0.0, 8.0, 4.0, 4.0]",54.0,54.0,30,skdclskt,,,,,0
15,su76nhj9,,0,221,220,post_exp,FinalForProlific,2026-05-05 16:24:26.343041,1,,,5506.0,3,,0.0,e420f624-78fe-42c9-aa20-242b54f6c4e8,4431.210000000002,25.0,4.0,100.0,4531.210000000002,,2600.0,20.0,,,,,0.0,0,,,3,490e4560-4219-4069-a6b1-c8a826129b68,https://london-trader-6b45bffdcd02.herokuapp.com,wss://london-trader-6b45bffdcd02.herokuapp.com,,1,6,nh,non_gamified,human_only,0.0,0,15,"[8.0, 8.0, 20.0, 20.0, 4.0, 20.0, 4.0, 20.0, 0.0, 8.0, 8.0, 8.0, 8.0, 8.0, 4.0, 4.0, 20.0, 0.0, 0.0, 8.0, 4.0, 4.0, 4.0, 20.0, 8.0, 8.0, 0.0, 8.0, 4.0, 4.0]",54.0,54.0,30,skdclskt,,,,,0
16,c2m857p1,,0,221,220,post_exp,FinalForProlific,2026-05-05 16:24:26.356865,1,,,5566.0,4,,0.0,a7bed23b-2e8e-451f-8b7c-42f684002277,4666.92,7.0,4.0,28.0,4694.92,,3800.0,10.0,,,,,0.0,0,,,3,490e4560-4219-4069-a6b1-c8a826129b68,https://london-trader-6b45bffdcd02.herokuapp.com,wss://london-trader-6b45bffdcd02.herokuapp.com,,1,6,nh,non_gamified,human_only,0.0,0,15,"[8.0, 8.0, 20.0, 20.0, 4.0, 20.0, 4.0, 20.0, 0.0, 8.0, 8.0, 8.0, 8.0, 8.0, 4.0, 4.0, 20.0, 0.0, 0.0, 8.0, 4.0, 4.0, 4.0, 20.0, 8.0, 8.0, 0.0, 8.0, 4.0, 4.0]",54.0,54.0,30,skdclskt,,,,,0
17,r6xuxcar,,0,221,220,post_exp,FinalForProlific,2026-05-05 16:24:26.366557,1,,,4396.0,5,,0.0,10f05dce-1c31-4c65-80e0-0450ca2c00bb,4066.34,40.0,4.0,160.0,4226.34,,2600.0,20.0,,,,,0.0,0,,,3,490e4560-4219-4069-a6b1-c8a826129b68,https://london-trader-6b45bffdcd02.herokuapp.com,wss://london-trader-6b45bffdcd02.herokuapp.com,,1,6,nh,non_gamified,human_only,0.0,0,15,"[8.0, 8.0, 20.0, 20.0, 4.0, 20.0, 4.0, 20.0, 0.0, 8.0, 8.0, 8.0, 8.0, 8.0, 4.0, 4.0, 20.0, 0.0, 0.0, 8.0, 4.0, 4.0, 4.0, 20.0, 8.0, 8.0, 0.0, 8.0, 4.0, 4.0]",54.0,54.0,30,skdclskt,,,,,0
18,2y2lzizt,,0,221,220,post_exp,FinalForProlific,2026-05-05 16:24:26.378109,1,,,4734.0,6,,0.0,bdad41ef-e8fb-4016-ab64-9cee4008db0e,4497.569999999999,9.0,4.0,36.0,4533.569999999999,,3800.0,10.0,,,,,0.0,0,,,3,490e4560-4219-4069-a6b1-c8a826129b68,https://london-trader-6b45bffdcd02.herokuapp.com,wss://london-trader-6b45bffdcd02.herokuapp.com,,1,6,nh,non_gamified,human_only,0.0,0,15,"[8.0, 8.0, 20.0, 20.0, 4.0, 20.0, 4.0, 20.0, 0.0, 8.0, 8.0, 8.0, 8.0, 8.0, 4.0, 4.0, 20.0, 0.0, 0.0, 8.0, 4.0, 4.0, 4.0, 20.0, 8.0, 8.0, 0.0, 8.0, 4.0, 4.0]",54.0,54.0,30,skdclskt,,,,,0
19,0qc91a5a,,0,221,220,post_exp,FinalForProlific,2026-05-05 16:24:26.388408,1,,,6523.0,1,,0.0,fef5ca2d-6f21-47c4-90cc-74807444686a,5448.159999999999,5.0,4.0,20.0,5468.159999999999,,2600.0,20.0,,,,,0.0,0,,,4,00548e28-65ed-47e8-a667-34639429359c,https://london-trader-6b45bffdcd02.herokuapp.com,wss://london-trader-6b45bffdcd02.herokuapp.com,,1,6,nh,non_gamified,human_only,0.0,0,15,"[8.0, 8.0, 20.0, 20.0, 4.0, 20.0, 4.0, 20.0, 0.0, 8.0, 8.0, 8.0, 8.0, 8.0, 4.0, 4.0, 20.0, 0.0, 0.0, 8.0, 4.0, 4.0, 4.0, 20.0, 8.0, 8.0, 0.0, 8.0, 4.0, 4.0]",7.9,7.9,30,skdclskt,,,,,0
20,2vy9s3px,,0,221,220,post_exp,FinalForProlific,2026-05-05 16:24:26.408267,1,,,5050.0,2,,0.0,2b85f691-c920-4f32-ae54-e21833cf5475,4703.04,16.0,4.0,64.0,4767.04,,3800.0,10.0,,,,,0.0,0,,,4,00548e28-65ed-47e8-a667-34639429359c,https://london-trader-6b45bffdcd02.herokuapp.com,wss://london-trader-6b45bffdcd02.herokuapp.com,,1,6,nh,non_gamified,human_only,0.0,0,15,"[8.0, 8.0, 20.0, 20.0, 4.0, 20.0, 4.0, 20.0, 0.0, 8.0, 8.0, 8.0, 8.0, 8.0, 4.0, 4.0, 20.0, 0.0, 0.0, 8.0, 4.0, 4.0, 4.0, 20.0, 8.0, 8.0, 0.0, 8.0, 4.0, 4.0]",7.9,7.9,30,skdclskt,,,,,0
21,87uw2jck,,0,221,220,post_exp,FinalForProlific,2026-05-05 16:24:26.421889,1,,,5633.0,3,,0.0,c953d4fd-7bea-449b-9aa0-5e400d9cb204,3714.2699999999995,40.0,4.0,160.0,3874.2699999999995,,2600.0,20.0,,,,,0.0,0,,,4,00548e28-65ed-47e8-a667-34639429359c,https://london-trader-6b45bffdcd02.herokuapp.com,wss://london-trader-6b45bffdcd02.herokuapp.com,,1,6,nh,non_gamified,human_only,0.0,0,15,"[8.0, 8.0, 20.0, 20.0, 4.0, 20.0, 4.0, 20.0, 0.0, 8.0, 8.0, 8.0, 8.0, 8.0, 4.0, 4.0, 20.0, 0.0, 0.0, 8.0, 4.0, 4.0, 4.0, 20.0, 8.0, 8.0, 0.0, 8.0, 4.0, 4.0]",7.9,7.9,30,skdclskt,,,,,0
22,3ftocepp,,0,221,220,post_exp,FinalForProlific,2026-05-05 16:24:26.437680,1,,,5815.0,4,,0.0,53915058-5167-43d2-afa0-8f6290f2017f,4759.219999999999,15.0,4.0,60.0,4819.219999999999,,3800.0,10.0,,,,,0.0,0,,,4,00548e28-65ed-47e8-a667-34639429359c,https://london-trader-6b45bffdcd02.herokuapp.com,wss://london-trader-6b45bffdcd02.herokuapp.com,,1,6,nh,non_gamified,human_only,0.0,0,15,"[8.0, 8.0, 20.0, 20.0, 4.0, 20.0, 4.0, 20.0, 0.0, 8.0, 8.0, 8.0, 8.0, 8.0, 4.0, 4.0, 20.0, 0.0, 0.0, 8.0, 4.0, 4.0, 4.0, 20.0, 8.0, 8.0, 0.0, 8.0, 4.0, 4.0]",7.9,7.9,30,skdclskt,,,,,0
23,xz3dh0k4,,0,221,220,post_exp,FinalForProlific,2026-05-05 16:24:26.453575,1,,,5047.0,5,,0.0,a2e9d95e-90cb-4b2f-b5ca-2486e9ab692d,4514.450000000002,14.0,4.0,56.0,4570.450000000002,,2600.0,20.0,,,,,0.0,0,,,4,00548e28-65ed-47e8-a667-34639429359c,https://london-trader-6b45bffdcd02.herokuapp.com,wss://london-trader-6b45bffdcd02.herokuapp.com,,1,6,nh,non_gamified,human_only,0.0,0,15,"[8.0, 8.0, 20.0, 20.0, 4.0, 20.0, 4.0, 20.0, 0.0, 8.0, 8.0, 8.0, 8.0, 8.0, 4.0, 4.0, 20.0, 0.0, 0.0, 8.0, 4.0, 4.0, 4.0, 20.0, 8.0, 8.0, 0.0, 8.0, 4.0, 4.0]",7.9,7.9,30,skdclskt,,,,,0
24,x7l4wbwx,,0,221,220,post_exp,FinalForProlific,2026-05-05 16:24:26.462816,1,,,5091.0,6,,0.0,89df792d-8b1a-4545-be89-9e94133865f7,4928.860000000001,8.0,4.0,32.0,4960.860000000001,,3800.0,10.0,,,,,0.0,0,,,4,00548e28-65ed-47e8-a667-34639429359c,https://london-trader-6b45bffdcd02.herokuapp.com,wss://london-trader-6b45bffdcd02.herokuapp.com,,1,6,nh,non_gamified,human_only,0.0,0,15,"[8.0, 8.0, 20.0, 20.0, 4.0, 20.0, 4.0, 20.0, 0.0, 8.0, 8.0, 8.0, 8.0, 8.0, 4.0, 4.0, 20.0, 0.0, 0.0, 8.0, 4.0, 4.0, 4.0, 20.0, 8.0, 8.0, 0.0, 8.0, 4.0, 4.0]",7.9,7.9,30,skdclskt,,,,,0
